RD_NO,PERSON_TYPE,POSTED_SPEED_LIMIT,TRAFFIC_CONTROL_DEVICE,DEVICE_CONDITION,WEATHER_CONDITION,LIGHTING_CONDITION,FIRST_CRASH_TYPE,TRAFFICWAY_TYPE,ALIGNMENT,ROADWAY_SURFACE_COND,ROAD_DEFECT,PRIM_CONTRIBUTORY_CAUSE,SEC_CONTRIBUTORY_CAUSE,SEX,AGE,SAFETY_EQUIPMENT,DRIVER_ACTION,DRIVER_VISION,PHYSICAL_CONDITION,BAC_RESULT VALUE,CELL_PHONE_USE
317941,0,30,0,0,2,3,12,5,0,1,200,22,200,0,6,200,0,0,0,200,200
317949,0,30,1,1,0,1,12,6,0,1,0,21,200,1,200,200,4,200,200,200,200
317949,0,30,1,1,0,1,12,6,0,1,0,21,200,0,7,0,0,0,0,200,200
317951,0,30,0,0,0,1,10,7,0,200,200,0,0,1,6,200,200,200,200,200,200
317951,0,30,0,0,0,1,10,7,0,200,200,0,0,0,8,200,200,200,200,200,200
317954,0,15,0,0,2,1,0,0,0,0,0,20,0,0,200,0,6,0,0,200,200
317954,0,15,0,0,2,1,0,0,0,0,0,20,0,0,6,0,0,0,0,200,200
317954,1,15,0,0,2,1,0,0,0,0,0,20,0,0,200,200,200,200,200,200,200
317957,0,30,1,2,1,1,0,5,0,1,200,17,17,1,6,200,200,200,0,200,200
317957,0,30,1,2,1,1,0,5,0,1,200,17,17,0,3,200,200,200,0,200,200
317957,0,30,1,2,1,1,0,5,0,1,200,17,17,1,5,200,0,200,0,200,200
317960,0,20,0,0,0,1,7,2,0,0,200,200,200,1,6,200,12,12,0,200,200
317961,0,30,0,0,0,1,10,2,0,1,0,18,200,0,8,0,3,0,0,200,200
317961,0,30,0,0,0,1,10,2,0,1,0,18,200,1,200,200,0,200,200,200,200
317962,0,30,1,2,1,4,10,2,0,0,0,18,200,0,6,0,3,0,0,200,200
317962,0,30,1,2,1,4,10,2,0,0,0,18,200,1,6,0,0,0,0,200,200
317962,1,30,1,2,1,4,10,2,0,0,0,18,200,200,200,0,200,200,200,200,200
317969,0,30,0,0,0,1,12,5,0,0,200,0,200,0,7,0,12,0,0,200,200
317969,0,30,0,0,0,1,12,5,0,0,200,0,200,0,8,0,12,0,0,200,200
317973,0,30,1,2,2,1,10,5,0,1,0,0,0,0,200,200,3,200,200,200,200
317973,0,30,1,2,2,1,10,5,0,1,0,0,0,0,200,0,0,0,0,200,200
317976,0,30,1,2,1,1,0,5,0,0,0,6,16,0,5,0,5,0,0,200,200
317976,0,30,1,2,1,1,0,5,0,0,0,6,16,1,7,0,0,0,0,200,200
317983,0,35,1,2,0,1,14,1,0,0,0,6,0,0,200,200,1,200,200,200,200
317983,0,35,1,2,0,1,14,1,0,0,0,6,0,0,7,200,0,0,0,200,200
317983,0,35,1,2,0,1,14,1,0,0,0,6,0,1,6,200,0,0,0,200,200
317983,1,35,1,2,0,1,14,1,0,0,0,6,0,0,200,200,200,200,200,200,200
317983,1,35,1,2,0,1,14,1,0,0,0,6,0,1,7,200,200,200,200,200,200
317984,0,30,0,0,0,1,10,5,0,0,0,22,0,1,6,0,2,0,0,200,200
317984,0,30,0,0,0,1,10,5,0,0,0,22,0,1,7,0,0,0,0,200,200
317990,0,25,2,2,0,1,8,6,0,1,0,17,0,0,5,200,1,200,0,200,200
317990,4,25,2,2,0,1,8,6,0,1,0,17,0,0,4,2,200,200,0,200,200
317990,1,25,2,2,0,1,8,6,0,1,0,17,0,1,5,200,200,200,200,200,200
317996,0,30,2,2,1,1,14,3,0,0,0,11,200,0,5,200,7,200,0,200,200
317996,0,30,2,2,1,1,14,3,0,0,0,11,200,0,6,200,0,200,0,200,200
317997,0,30,0,0,0,1,0,5,0,1,0,23,0,1,9,0,1,0,0,200,200
317997,0,30,0,0,0,1,0,5,0,1,0,23,0,0,5,0,0,0,0,200,200
318002,0,30,1,2,1,1,2,12,0,0,0,200,200,2,200,200,200,200,200,200,200
318005,0,30,0,0,1,1,12,2,0,200,200,200,200,2,200,200,200,200,200,200,200
318005,0,30,0,0,1,1,12,2,0,200,200,200,200,0,6,200,12,0,0,200,200
318007,0,30,0,0,2,1,12,3,0,1,0,21,25,0,6,200,4,200,0,200,1
318007,0,30,0,0,2,1,12,3,0,1,0,21,25,0,6,0,0,0,0,200,200
318009,0,30,200,200,2,1,14,6,0,1,200,0,200,0,200,200,200,200,200,200,200
318009,0,30,200,200,2,1,14,6,0,1,200,0,200,0,7,200,200,200,0,200,200
318010,0,30,2,2,1,1,14,2,0,0,0,23,200,1,5,0,7,0,0,200,200
318010,0,30,2,2,1,1,14,2,0,0,0,23,200,0,5,0,0,0,0,200,200
318010,1,30,2,2,1,1,14,2,0,0,0,23,200,0,5,0,200,200,200,200,200
318014,0,30,1,2,200,1,14,5,0,200,200,17,200,1,200,200,200,200,200,200,200
318014,0,30,1,2,200,1,14,5,0,200,200,17,200,0,5,200,0,200,0,200,200
318015,0,30,1,2,0,1,12,5,0,0,0,0,0,0,4,0,1,0,0,200,200
318015,0,30,1,2,0,1,12,5,0,0,0,0,0,1,6,0,0,0,0,200,200
318032,0,30,0,0,0,1,5,5,0,0,0,0,0,0,4,0,12,0,0,200,200
318035,0,30,2,2,2,1,0,2,0,1,0,17,200,1,9,0,12,0,0,200,200
318035,0,30,2,2,2,1,0,2,0,1,0,17,200,1,5,0,12,0,0,200,200
318040,0,30,1,2,0,1,10,5,0,0,0,0,0,1,200,200,12,200,200,200,200
318040,0,30,1,2,0,1,10,5,0,0,0,0,0,0,200,200,0,0,0,200,200
318047,0,10,0,0,0,1,0,7,0,0,0,17,20,0,6,0,200,0,0,200,200
318047,0,10,0,0,0,1,0,7,0,0,0,17,20,0,7,0,200,0,0,200,200
318047,1,10,0,0,0,1,0,7,0,0,0,17,20,1,6,0,200,200,200,200,200
318053,0,30,0,0,0,1,7,7,0,0,0,0,200,2,200,200,200,200,200,200,200
318053,1,30,0,0,0,1,7,7,0,0,0,0,200,1,200,7,200,200,200,200,200
318062,0,30,1,2,0,1,14,5,0,1,0,0,0,0,7,200,200,200,200,200,200
318062,0,30,1,2,0,1,14,5,0,1,0,0,0,1,8,0,0,0,0,200,200
318064,0,30,1,2,0,1,14,5,0,0,0,17,200,0,6,200,1,0,0,200,200
318064,0,30,1,2,0,1,14,5,0,0,0,17,200,1,5,0,0,0,0,200,200
318065,0,15,0,0,0,1,7,7,0,0,0,0,200,1,6,200,10,0,200,200,200
318069,0,30,0,0,0,1,7,12,0,1,0,11,200,1,200,200,6,200,200,200,200
318070,0,40,0,2,0,1,10,2,0,0,0,18,200,2,200,200,200,200,200,200,200
318070,0,40,0,2,0,1,10,2,0,0,0,18,200,1,6,200,0,0,0,200,200
318072,0,30,0,0,0,1,7,12,0,0,0,12,200,1,6,200,12,0,0,200,200
318073,0,30,0,0,0,1,14,5,0,1,0,0,0,0,200,200,7,200,200,200,200
318073,0,30,0,0,0,1,14,5,0,1,0,0,0,1,5,0,0,0,0,200,200
318074,0,30,1,2,0,1,14,5,0,0,0,0,0,0,7,0,200,200,200,200,200
318074,0,30,1,2,0,1,14,5,0,0,0,0,0,0,6,0,200,200,200,200,200
318075,0,30,2,2,2,1,14,2,0,1,200,22,0,0,200,200,2,200,200,200,200
318075,0,30,2,2,2,1,14,2,0,1,200,22,0,0,6,0,0,0,0,200,200
318076,0,30,1,2,2,4,10,5,0,1,200,18,34,0,200,200,3,200,200,200,200
318076,0,30,1,2,2,4,10,5,0,1,200,18,34,0,7,200,0,0,0,200,200
318079,0,30,1,2,0,1,10,2,0,0,0,0,200,0,9,200,200,200,200,200,200
318079,0,30,1,2,0,1,10,2,0,0,0,0,200,1,6,0,0,200,200,200,200
318080,0,30,0,0,2,1,12,5,0,1,0,0,0,2,200,200,8,200,200,200,200
318080,0,30,0,0,2,1,12,5,0,1,0,0,0,1,7,0,0,0,0,200,200
318081,0,30,1,2,0,1,12,6,0,0,0,0,0,0,200,0,4,0,0,200,200
318081,0,30,1,2,0,1,12,6,0,0,0,0,0,0,200,0,0,0,0,200,200
318081,1,30,1,2,0,1,12,6,0,0,0,0,0,1,200,0,200,200,200,200,200
318084,0,30,0,0,0,1,9,2,0,1,0,20,200,0,200,200,6,200,200,200,200
318084,5,30,0,0,0,1,9,2,0,1,0,20,200,1,6,7,0,0,0,200,200
318087,0,30,0,12,2,1,10,5,0,1,0,11,18,1,5,200,3,0,0,200,200
318087,0,30,0,12,2,1,10,5,0,1,0,11,18,0,7,200,0,0,0,200,200
318089,0,30,0,0,1,1,9,3,0,1,0,0,0,1,6,200,12,200,0,200,200
318089,5,30,0,0,1,1,9,3,0,1,0,0,0,0,6,200,200,200,5,200,200
318091,0,30,0,0,1,1,10,5,0,1,0,18,15,0,200,200,3,200,200,200,200
318091,0,30,0,0,1,1,10,5,0,1,0,18,15,0,6,0,0,0,0,200,200
318097,0,30,0,0,0,1,7,5,0,0,0,18,0,1,200,200,200,200,200,200,200
318097,1,30,0,0,0,1,7,5,0,0,0,18,0,1,200,200,200,200,200,200,200
318097,1,30,0,0,0,1,7,5,0,0,0,18,0,1,200,200,200,200,200,200,200
318097,1,30,0,0,0,1,7,5,0,0,0,18,0,1,200,200,200,200,200,200,200
318097,1,30,0,0,0,1,7,5,0,0,0,18,0,0,200,200,200,200,200,200,200
318097,1,30,0,0,0,1,7,5,0,0,0,18,0,0,200,200,200,200,200,200,200
318099,0,30,0,0,2,1,0,7,0,1,200,0,0,0,7,0,200,200,0,200,200
318099,0,30,0,0,2,1,0,7,0,1,200,0,0,0,6,200,200,200,200,200,200
318102,0,30,0,0,0,1,10,7,0,0,0,25,200,1,200,200,12,200,200,200,200
318102,0,30,0,0,0,1,10,7,0,0,0,25,200,1,5,0,12,0,0,200,200
318102,1,30,0,0,0,1,10,7,0,0,0,25,200,1,200,5,200,200,200,200,200
318104,0,25,2,2,2,1,0,5,0,1,0,17,5,1,200,200,200,200,200,200,200
318104,0,25,2,2,2,1,0,5,0,1,0,17,5,1,6,0,0,0,0,200,200
318114,0,30,1,2,1,1,12,5,0,0,0,0,200,0,200,200,200,200,200,200,200
318114,0,30,1,2,1,1,12,5,0,0,0,0,200,0,5,0,0,0,0,200,200
318123,0,30,0,0,2,1,0,5,0,1,0,0,200,1,9,0,200,0,0,200,200
318123,0,30,0,0,2,1,0,5,0,1,0,0,200,1,6,0,200,0,0,200,200
318126,0,30,0,0,0,1,12,5,0,0,0,22,200,1,4,200,4,200,200,200,200
318126,0,30,0,0,0,1,12,5,0,0,0,22,200,1,6,0,0,0,0,200,200
318126,1,30,0,0,0,1,12,5,0,0,0,22,200,0,200,0,200,200,200,200,200
318128,0,30,0,0,1,1,12,5,0,1,0,22,0,0,6,0,2,0,0,200,200
318128,0,30,0,0,1,1,12,5,0,1,0,22,0,0,6,0,12,0,0,200,200
318129,0,30,0,0,2,1,12,2,0,1,0,21,200,0,7,0,4,0,0,200,200
318129,0,30,0,0,2,1,12,2,0,1,0,21,200,0,7,0,0,0,0,200,200
318132,0,30,0,0,1,1,7,6,0,0,0,22,0,1,4,0,4,0,0,200,200
318135,0,30,0,0,0,1,9,2,0,0,0,21,4,0,4,200,12,0,0,200,200
318135,5,30,0,0,0,1,9,2,0,0,0,21,4,0,6,7,0,200,0,200,200
318136,0,20,0,0,1,1,7,7,0,1,0,0,200,2,200,200,200,200,200,200,200
318140,0,30,2,2,1,1,0,3,0,0,0,17,11,1,6,200,1,200,0,200,200
318140,0,30,2,2,1,1,0,3,0,0,0,17,11,1,9,0,0,200,0,200,200
318140,1,30,2,2,1,1,0,3,0,0,0,17,11,200,200,0,200,200,200,200,200
318140,1,30,2,2,1,1,0,3,0,0,0,17,11,200,200,200,200,200,200,200,200
318140,1,30,2,2,1,1,0,3,0,0,0,17,11,200,0,5,200,200,200,200,200
318141,0,30,1,2,200,1,12,5,0,1,200,0,0,0,4,200,1,0,0,200,200
318141,0,30,1,2,200,1,12,5,0,1,200,0,0,0,7,200,200,200,0,200,200
318145,4,30,0,0,1,1,8,5,0,1,0,17,0,0,5,200,0,0,0,200,200
318151,0,30,0,0,0,1,14,6,0,0,0,22,22,1,5,200,2,0,0,200,200
318151,0,30,0,0,0,1,14,6,0,0,0,22,22,0,5,0,0,0,0,200,200
318152,0,30,1,2,2,1,10,5,0,1,200,18,18,1,9,0,3,200,200,200,200
318152,0,30,1,2,2,1,10,5,0,1,200,18,18,0,200,200,200,200,200,200,200
318155,0,30,0,2,0,1,14,2,0,0,0,33,0,0,8,0,12,0,0,200,200
318155,0,30,0,2,0,1,14,2,0,0,0,33,0,1,6,0,12,0,0,200,200
318158,0,30,0,0,200,1,7,12,0,200,0,21,0,2,200,200,7,200,200,200,200
318160,0,30,1,2,1,1,10,5,0,1,0,16,0,0,5,0,3,0,0,200,200
318160,0,30,1,2,1,1,10,5,0,1,0,16,0,0,6,0,0,0,0,200,200
318160,1,30,1,2,1,1,10,5,0,1,0,16,0,0,1,5,200,200,200,200,200
318160,1,30,1,2,1,1,10,5,0,1,0,16,0,1,0,5,200,200,200,200,200
318160,1,30,1,2,1,1,10,5,0,1,0,16,0,0,200,0,200,200,200,200,200
318176,0,30,0,0,2,1,12,5,0,1,200,11,200,0,7,200,12,200,0,200,200
318176,0,30,0,0,2,1,12,5,0,1,200,11,200,0,6,200,0,0,0,200,200
318184,0,30,1,2,0,1,12,5,0,0,0,22,200,0,6,0,4,0,0,200,200
318184,0,30,1,2,0,1,12,5,0,0,0,22,200,0,6,0,0,0,0,200,200
318186,0,30,0,0,1,1,7,7,0,200,200,23,0,0,6,200,7,200,200,200,200
318186,1,30,0,0,1,1,7,7,0,200,200,23,0,1,200,0,200,200,200,200,200
318186,1,30,0,0,1,1,7,7,0,200,200,23,0,1,200,0,200,200,200,200,200
318188,0,20,2,2,2,1,3,5,0,1,0,20,25,0,6,200,6,0,0,200,200
318188,0,20,2,2,2,1,3,5,0,1,0,20,25,1,6,0,0,0,0,200,200
318195,0,30,1,2,0,1,10,5,0,0,0,18,0,0,6,0,3,0,0,200,200
318195,0,30,1,2,0,1,10,5,0,0,0,18,0,1,5,0,0,0,0,200,200
318197,0,30,0,0,0,1,14,5,0,0,0,11,11,1,9,0,1,200,0,200,200
318197,0,30,0,0,0,1,14,5,0,0,0,11,11,0,8,0,0,0,0,200,200
318199,0,30,1,2,0,1,12,5,0,0,0,21,23,0,6,0,7,0,0,200,200
318199,0,30,1,2,0,1,12,5,0,0,0,21,23,0,200,200,5,200,200,200,200
318201,0,30,0,0,1,1,7,2,0,1,0,0,0,2,200,200,200,200,200,200,200
318206,0,0,0,0,1,1,10,3,0,200,200,0,200,2,200,200,200,200,200,200,200
318206,0,0,0,0,1,1,10,3,0,200,200,0,200,0,7,0,0,200,0,200,200
318207,0,30,1,2,0,1,0,5,0,1,0,200,200,1,6,0,1,0,0,200,200
318207,0,30,1,2,0,1,0,5,0,1,0,200,200,1,6,0,0,0,0,200,200
318207,0,30,1,2,0,1,0,5,0,1,0,200,200,0,7,0,0,0,0,200,200
318210,0,30,2,2,0,1,12,6,0,0,0,22,0,0,200,200,2,200,200,200,200
318210,0,30,2,2,0,1,12,6,0,0,0,22,0,0,7,0,0,0,0,200,200
318211,0,15,0,0,2,4,0,0,0,1,200,0,200,0,7,200,200,200,0,200,200
318211,0,15,0,0,2,4,0,0,0,1,200,0,200,0,6,200,200,200,200,200,200
318212,0,30,2,2,0,1,0,2,0,0,0,0,0,0,8,200,200,200,200,200,200
318212,0,30,2,2,0,1,0,2,0,0,0,0,0,1,1,200,0,200,0,200,200
318212,1,30,2,2,0,1,0,2,0,0,0,0,0,1,200,200,200,200,200,200,200
318218,0,30,0,0,0,1,12,5,0,0,0,21,200,0,6,0,0,0,0,200,200
318218,0,30,0,0,0,1,12,5,0,0,0,21,200,0,7,0,0,0,0,200,200
318225,0,30,0,0,1,1,7,3,0,0,0,0,0,0,8,200,12,200,200,200,200
318228,0,30,0,0,1,1,14,5,0,0,0,23,11,1,6,0,7,0,0,200,200
318228,0,30,0,0,1,1,14,5,0,0,0,23,11,1,6,0,0,0,0,200,200
318232,0,30,0,0,2,1,10,5,0,1,0,0,0,0,200,0,200,200,200,200,200
318232,0,30,0,0,2,1,10,5,0,1,0,0,0,0,6,0,0,0,0,200,200
318236,0,30,1,2,0,1,0,2,0,0,0,25,11,0,6,200,200,200,0,200,200
318236,0,30,1,2,0,1,0,2,0,0,0,25,11,0,5,200,0,0,0,200,200
318236,0,30,1,2,0,1,0,2,0,0,0,25,11,0,7,200,0,0,0,200,200
318236,1,30,1,2,0,1,0,2,0,0,0,25,11,0,7,200,200,200,200,200,200
318236,1,30,1,2,0,1,0,2,0,0,0,25,11,0,6,200,200,200,200,200,200
318236,1,30,1,2,0,1,0,2,0,0,0,25,11,1,6,200,200,200,200,200,200
318244,0,30,1,2,0,1,12,6,3,0,0,200,200,0,6,0,4,0,0,200,200
318244,0,30,1,2,0,1,12,6,3,0,0,200,200,0,6,0,0,0,0,200,200
318244,1,30,1,2,0,1,12,6,3,0,0,200,200,0,200,200,200,200,200,200,200
318244,1,30,1,2,0,1,12,6,3,0,0,200,200,1,200,200,200,200,200,200,200
318245,0,30,1,2,2,1,10,5,0,1,200,18,200,0,5,200,200,200,200,200,200
318245,0,30,1,2,2,1,10,5,0,1,200,18,200,0,6,0,0,0,0,200,200
318247,0,30,200,200,0,1,12,5,0,200,200,17,21,0,7,200,12,200,200,200,200
318247,0,30,200,200,0,1,12,5,0,200,200,17,21,1,200,200,200,200,200,200,200
318247,1,30,200,200,0,1,12,5,0,200,200,17,21,1,200,200,200,200,200,200,200
318249,0,30,0,0,0,1,14,6,0,0,0,22,17,0,6,200,2,0,0,200,200
318249,0,30,0,0,0,1,14,6,0,0,0,22,17,0,7,200,0,0,0,200,200
318249,1,30,0,0,0,1,14,6,0,0,0,22,17,1,200,200,200,200,200,200,200
318255,0,30,0,0,0,1,2,12,2,1,4,200,200,0,5,0,12,0,0,200,200
318257,0,30,1,2,0,1,12,5,0,0,0,0,0,0,200,200,12,200,200,200,200
318257,0,30,1,2,0,1,12,5,0,0,0,0,0,1,200,200,0,0,0,200,200
318257,1,30,1,2,0,1,12,5,0,0,0,0,0,1,200,200,200,200,200,200,200
318259,0,30,2,2,0,1,0,2,0,0,0,22,17,0,200,0,2,0,0,200,200
318259,0,30,2,2,0,1,0,2,0,0,0,22,17,1,5,0,1,0,0,200,200
318259,1,30,2,2,0,1,0,2,0,0,0,22,17,0,200,0,200,200,200,200,200
318259,1,30,2,2,0,1,0,2,0,0,0,22,17,0,200,0,200,200,200,200,200
318261,0,30,0,0,0,1,10,5,0,0,0,17,11,0,7,200,1,0,200,200,200
318261,0,30,0,0,0,1,10,5,0,0,0,17,11,1,5,0,0,0,0,200,200
318262,0,30,0,0,2,4,10,2,0,1,0,17,35,1,6,200,0,200,0,200,200
318262,0,30,0,0,2,4,10,2,0,1,0,17,35,1,6,200,1,200,0,200,200
318265,0,30,0,0,1,1,7,5,0,1,0,15,200,0,200,0,12,0,0,200,200
318268,0,30,0,0,0,1,7,7,0,0,200,0,0,0,7,0,200,200,0,200,200
318269,0,30,1,2,0,1,10,5,0,0,200,18,200,0,5,200,3,0,0,200,200
318269,0,30,1,2,0,1,10,5,0,0,200,18,200,1,6,200,0,0,0,200,200
318270,0,30,0,0,0,1,0,2,0,0,0,17,200,1,5,7,1,0,200,200,200
318270,0,30,0,0,0,1,0,2,0,0,0,17,200,0,5,0,0,0,200,200,200
318273,0,30,2,2,2,1,12,2,0,1,0,11,200,1,5,0,12,0,0,200,200
318273,0,30,2,2,2,1,12,2,0,1,0,11,200,0,6,0,0,12,0,200,200
318274,0,30,0,0,0,1,12,5,0,0,0,0,0,0,6,0,0,0,0,200,200
318274,0,30,0,0,0,1,12,5,0,0,0,0,0,1,6,200,200,200,200,200,200
318275,0,30,0,0,2,1,10,5,0,1,0,200,200,0,7,0,0,0,0,200,200
318275,0,30,0,0,2,1,10,5,0,1,0,200,200,0,6,0,0,0,0,200,200
318275,1,30,0,0,2,1,10,5,0,1,0,200,200,0,200,0,200,200,200,200,200
318278,0,30,0,0,0,1,7,5,0,0,0,7,21,1,6,200,4,0,0,200,200
318287,0,30,0,0,0,1,12,5,0,0,0,21,200,0,6,0,4,0,0,200,200
318287,0,30,0,0,0,1,12,5,0,0,0,21,200,1,5,0,0,0,0,200,200
318288,0,30,0,0,0,1,10,5,0,0,0,0,0,0,5,200,1,0,0,200,200
318288,0,30,0,0,0,1,10,5,0,0,0,0,0,0,6,0,0,0,0,200,200
318292,0,30,0,0,1,1,14,5,0,0,200,25,0,0,200,200,7,200,200,200,200
318292,0,30,0,0,1,1,14,5,0,0,200,25,0,1,7,0,0,0,0,200,200
318297,0,35,0,0,2,1,7,6,0,1,0,0,200,0,200,200,200,200,200,200,200
318301,0,30,0,0,2,4,2,0,0,1,200,200,200,0,200,0,200,0,0,200,200
318301,1,30,0,0,2,4,2,0,0,1,200,200,200,0,200,0,200,200,200,200,200
318301,1,30,0,0,2,4,2,0,0,1,200,200,200,0,200,7,200,200,200,200,200
318305,0,30,1,2,1,1,14,2,0,0,0,17,16,0,6,0,1,1,0,200,200
318305,0,30,1,2,1,1,14,2,0,0,0,17,16,0,5,200,0,0,0,200,200
318305,1,30,1,2,1,1,14,2,0,0,0,17,16,1,5,200,200,200,200,200,200
318314,0,35,0,0,2,1,12,2,0,1,0,22,200,0,8,0,2,0,0,200,200
318314,0,35,0,0,2,1,12,2,0,1,0,22,200,1,7,0,0,0,0,200,200
318314,0,35,0,0,2,1,12,2,0,1,0,22,200,1,7,0,0,0,0,200,0
318314,1,35,0,0,2,1,12,2,0,1,0,22,200,0,6,0,200,200,200,200,200
318315,0,30,0,0,0,1,10,5,0,0,0,200,200,0,200,200,0,200,200,200,200
318315,0,30,0,0,0,1,10,5,0,0,0,200,200,1,5,0,0,0,0,200,200
318315,1,30,0,0,0,1,10,5,0,0,0,200,200,1,200,0,200,200,200,200,200
318317,0,30,0,2,2,1,10,5,0,1,200,0,15,0,6,0,8,0,0,200,200
318317,0,30,0,2,2,1,10,5,0,1,200,0,15,1,5,0,0,0,0,200,200
318317,0,30,0,2,2,1,10,5,0,1,200,0,15,0,5,0,0,0,0,200,200
318317,1,30,0,2,2,1,10,5,0,1,200,0,15,200,200,0,200,200,200,200,200
318317,1,30,0,2,2,1,10,5,0,1,200,0,15,200,200,0,200,200,200,200,200
318317,1,30,0,2,2,1,10,5,0,1,200,0,15,200,200,0,200,200,200,200,200
318317,1,30,0,2,2,1,10,5,0,1,200,0,15,200,200,0,200,200,200,200,200
318322,0,30,0,0,1,1,7,6,0,0,0,200,11,0,7,200,12,0,0,200,200
318322,1,30,0,0,1,1,7,6,0,0,0,200,11,0,6,200,200,200,200,200,200
318325,0,30,1,2,2,1,14,5,0,1,0,0,0,1,200,200,200,200,200,200,200
318325,0,30,1,2,2,1,14,5,0,1,0,0,0,1,7,0,200,200,200,200,200
318329,0,30,0,0,0,1,7,5,0,0,0,22,200,1,5,200,2,0,0,200,200
318331,0,30,1,2,0,1,10,5,0,0,0,18,11,0,5,0,3,0,0,200,200
318331,0,30,1,2,0,1,10,5,0,0,0,18,11,0,6,0,0,0,0,200,200
318338,0,30,2,2,0,1,14,5,0,0,1,17,5,1,6,0,7,0,0,200,200
318338,0,30,2,2,0,1,14,5,0,0,1,17,5,1,5,0,0,0,0,200,200
318338,1,30,2,2,0,1,14,5,0,0,1,17,5,1,6,0,200,200,200,200,200
318338,1,30,2,2,0,1,14,5,0,0,1,17,5,1,6,0,200,200,200,200,200
318343,0,30,1,2,1,1,12,3,0,0,0,22,0,2,200,200,2,200,200,200,200
318343,0,30,1,2,1,1,12,3,0,0,0,22,0,1,6,0,0,0,0,200,200
318345,0,30,0,0,0,1,7,7,0,0,0,0,200,2,200,200,200,200,200,200,200
318346,0,30,0,0,2,1,10,5,0,1,200,18,200,2,200,200,200,200,200,200,200
318346,0,30,0,0,2,1,10,5,0,1,200,18,200,0,5,0,0,0,0,200,200
318346,0,30,0,0,2,1,10,5,0,1,200,18,200,2,200,200,200,200,200,200,200
318349,0,30,1,2,1,1,14,5,0,0,0,17,16,1,6,200,1,0,0,200,200
318349,0,30,1,2,1,1,14,5,0,0,0,17,16,0,6,200,0,0,0,200,200
318354,0,30,0,0,0,1,14,2,0,1,0,18,200,0,200,200,1,200,200,200,200
318354,0,30,0,0,0,1,14,2,0,1,0,18,200,0,6,7,7,0,12,200,200
318354,0,30,0,0,0,1,14,2,0,1,0,18,200,0,200,7,0,0,0,200,200
318354,1,30,0,0,0,1,14,2,0,1,0,18,200,1,4,7,200,200,200,200,200
318359,0,15,0,0,0,1,7,7,0,0,0,16,0,0,6,0,3,0,0,200,200
318360,0,30,0,12,0,1,12,2,0,0,0,200,0,1,8,0,200,200,0,200,200
318360,0,30,0,12,0,1,12,2,0,0,0,200,0,0,7,0,0,200,0,200,200
318362,0,30,0,0,0,1,10,5,0,1,0,0,0,0,200,200,8,200,200,200,200
318362,0,30,0,0,0,1,10,5,0,1,0,0,0,0,7,0,0,0,0,200,200
318364,0,25,0,0,2,2,12,2,0,1,0,34,11,0,200,0,1,200,0,200,200
318364,0,25,0,0,2,2,12,2,0,1,0,34,11,0,5,200,0,0,0,200,200
318364,1,25,0,0,2,2,12,2,0,1,0,34,11,0,200,0,200,200,200,200,200
318367,0,30,0,0,1,1,10,5,0,0,200,18,0,0,5,200,8,200,0,200,200
318367,0,30,0,0,1,1,10,5,0,0,200,18,0,0,6,0,0,200,0,200,200
318368,0,30,0,0,2,1,12,2,0,1,0,18,200,0,7,0,3,0,0,200,200
318368,0,30,0,0,2,1,12,2,0,1,0,18,200,1,7,0,3,0,0,200,200
318375,0,30,1,2,0,1,10,6,0,0,0,18,200,0,5,200,3,0,0,200,200
318375,0,30,1,2,0,1,10,6,0,0,0,18,200,0,6,0,0,0,0,200,200
318377,0,30,0,0,1,1,7,12,0,200,200,0,0,0,6,0,200,200,0,200,200
318384,0,25,0,0,0,1,7,5,0,0,0,23,200,0,7,200,7,200,0,200,200
318391,0,30,1,2,1,2,10,2,0,1,0,0,18,1,200,200,200,200,200,200,200
318391,0,30,1,2,1,2,10,2,0,1,0,0,18,1,6,0,0,0,0,200,200
318394,0,30,0,0,2,4,7,7,0,1,0,0,0,2,200,200,200,200,200,200,200
318398,0,30,0,0,1,1,10,5,0,0,0,18,16,0,6,0,3,0,0,200,200
318398,0,30,0,0,1,1,10,5,0,0,0,18,16,1,6,0,0,0,0,200,200
318405,0,30,200,200,0,1,12,5,0,0,200,0,200,0,200,200,200,200,200,200,200
318405,0,30,200,200,0,1,12,5,0,0,200,0,200,1,6,200,200,200,0,200,200
318406,0,20,0,0,0,1,2,0,0,0,0,200,200,0,7,0,12,0,0,200,200
318406,1,20,0,0,0,1,2,0,0,0,0,200,200,0,200,0,200,200,200,200,200
318410,0,30,0,0,0,1,10,5,0,0,0,0,0,0,6,0,0,0,0,200,200
318410,0,30,0,0,0,1,10,5,0,0,0,0,0,0,6,0,0,0,0,200,200
318410,1,30,0,0,0,1,10,5,0,0,0,0,0,1,200,0,200,200,200,200,200
318411,0,30,0,0,0,1,12,6,0,0,0,18,0,0,200,200,2,200,200,200,200
318411,0,30,0,0,0,1,12,6,0,0,0,18,0,0,6,0,0,0,0,200,200
318416,0,30,2,2,2,0,12,5,0,1,0,0,0,0,200,200,200,200,200,200,200
318416,0,30,2,2,2,0,12,5,0,1,0,0,0,0,6,0,0,0,0,200,200
318419,0,25,0,0,2,1,7,6,0,1,0,15,0,0,200,200,8,200,200,200,200