RD_NO,PERSON_TYPE,POSTED_SPEED_LIMIT,TRAFFIC_CONTROL_DEVICE,DEVICE_CONDITION,WEATHER_CONDITION,LIGHTING_CONDITION,FIRST_CRASH_TYPE,TRAFFICWAY_TYPE,ALIGNMENT,ROADWAY_SURFACE_COND,ROAD_DEFECT,PRIM_CONTRIBUTORY_CAUSE,SEC_CONTRIBUTORY_CAUSE,SEX,AGE,SAFETY_EQUIPMENT,DRIVER_ACTION,DRIVER_VISION,PHYSICAL_CONDITION,BAC_RESULT VALUE,CELL_PHONE_USE
318441,0,30,0,0,0,3,14,2,0,0,0,17,14,1,5,0,8,0,0,200,200
318441,0,30,0,0,0,3,14,2,0,0,0,17,14,0,5,200,1,0,0,200,200
318441,1,30,0,0,0,3,14,2,0,0,0,17,14,0,6,0,200,200,200,200,200
318456,0,35,1,2,0,4,10,2,0,0,0,16,200,2,200,200,3,200,200,200,200
318456,0,35,1,2,0,4,10,2,0,0,0,16,200,0,7,0,0,0,0,200,200
318456,1,35,1,2,0,4,10,2,0,0,0,16,200,0,2,0,200,200,200,200,200
318464,0,30,0,0,0,4,10,7,0,0,0,200,200,1,7,7,0,0,0,200,200
318464,0,30,0,0,0,4,10,7,0,0,0,200,200,1,5,0,0,0,0,200,200
318464,1,30,0,0,0,4,10,7,0,0,0,200,200,0,200,0,200,200,200,200,200
318471,0,35,2,2,2,0,12,6,0,1,200,0,200,0,7,0,200,0,0,200,200
318471,0,35,2,2,2,0,12,6,0,1,200,0,200,0,8,0,200,0,0,200,200
318473,0,30,1,2,2,3,14,5,0,1,0,17,200,1,5,0,1,0,0,200,200
318473,0,30,1,2,2,3,14,5,0,1,0,17,200,0,4,0,0,0,0,200,200
318473,1,30,1,2,2,3,14,5,0,1,0,17,200,0,3,0,200,200,200,200,200
318474,0,30,0,0,2,0,10,5,0,1,200,18,200,0,8,200,3,0,0,200,200
318474,0,30,0,0,2,0,10,5,0,1,200,18,200,0,7,200,0,0,0,200,200
318493,0,20,0,0,200,200,10,7,0,200,200,20,200,0,7,7,6,200,0,200,200
318493,0,20,0,0,200,200,10,7,0,200,200,20,200,1,200,200,12,200,200,200,200
318495,0,30,0,0,0,1,7,5,0,1,0,200,200,2,200,200,200,200,200,200,200
318496,0,30,0,0,0,3,7,5,0,0,0,0,0,0,5,200,0,0,0,200,200
318496,1,30,0,0,0,3,7,5,0,0,0,0,0,1,200,200,200,200,200,200,200
318496,1,30,0,0,0,3,7,5,0,0,0,0,0,1,5,200,200,200,200,200,200
318503,0,25,0,0,2,3,12,5,0,1,0,0,0,1,5,0,200,0,0,200,200
318503,0,25,0,0,2,3,12,5,0,1,0,0,0,0,6,0,200,0,0,200,200
318517,0,30,0,0,2,3,3,5,0,1,0,200,200,2,200,200,200,200,200,200,200
318517,0,30,0,0,2,3,3,5,0,1,0,200,200,0,4,200,200,200,0,200,200
318517,1,30,0,0,2,3,3,5,0,1,0,200,200,0,200,200,200,200,200,200,200
318531,0,30,2,2,0,0,14,6,0,0,0,23,200,0,200,200,7,200,200,200,200
318531,0,30,2,2,0,0,14,6,0,0,0,23,200,0,5,200,0,0,0,200,200
318536,0,15,2,2,1,3,0,5,0,0,0,17,200,0,6,0,1,0,0,200,200
318536,0,15,2,2,1,3,0,5,0,0,0,17,200,1,6,0,0,0,0,200,200
318536,1,15,2,2,1,3,0,5,0,0,0,17,200,0,6,0,200,200,200,200,200
318541,0,30,1,2,0,2,10,5,0,0,0,18,18,0,200,200,1,0,0,200,200
318541,0,30,1,2,0,2,10,5,0,0,0,18,18,1,7,0,0,0,0,200,200
318542,0,30,1,2,0,3,10,2,0,0,200,16,18,1,5,200,3,200,0,200,200
318542,0,30,1,2,0,3,10,2,0,0,200,16,18,1,5,200,12,200,0,200,200
318546,0,30,1,2,0,0,0,5,0,0,0,6,17,1,5,200,5,0,0,200,200
318546,0,30,1,2,0,0,0,5,0,0,0,6,17,0,6,200,0,0,0,200,200
318546,1,30,1,2,0,0,0,5,0,0,0,6,17,1,6,200,200,200,200,200,200
318552,0,30,0,0,2,3,14,5,0,1,0,0,0,0,6,200,200,0,0,200,200
318552,0,30,0,0,2,3,14,5,0,1,0,0,0,1,6,200,12,0,0,200,200
318552,1,30,0,0,2,3,14,5,0,1,0,0,0,0,1,200,200,200,200,200,200
318552,1,30,0,0,2,3,14,5,0,1,0,0,0,1,2,200,200,200,200,200,200
318557,0,35,0,0,0,3,12,3,0,1,0,21,23,0,6,200,4,0,0,200,200
318557,0,35,0,0,0,3,12,3,0,1,0,21,23,0,6,200,0,0,0,200,200
318559,0,30,1,2,0,3,14,3,0,0,0,23,200,1,0,0,5,0,7,200,200
318559,0,30,1,2,0,3,14,3,0,0,0,23,200,1,7,0,12,200,0,200,200
318580,0,30,2,2,2,3,0,6,0,1,0,33,200,0,6,0,200,200,0,200,200
318580,0,30,2,2,2,3,0,6,0,1,0,33,200,1,5,0,0,0,0,200,200
318581,0,30,1,2,2,3,10,5,0,1,0,34,0,0,5,0,1,0,0,200,200
318581,0,30,1,2,2,3,10,5,0,1,0,34,0,0,7,0,0,0,0,200,200
318581,1,30,1,2,2,3,10,5,0,1,0,34,0,1,200,0,200,200,200,200,200
318583,0,35,2,2,2,0,12,6,0,1,0,0,0,0,7,0,200,0,0,200,200
318583,0,35,2,2,2,0,12,6,0,1,0,0,0,1,6,0,0,0,0,200,200
318585,0,30,1,2,0,3,12,5,0,0,200,0,200,0,5,0,12,200,200,200,200
318585,0,30,1,2,0,3,12,5,0,0,200,0,200,1,5,0,0,200,200,200,200
318585,1,30,1,2,0,3,12,5,0,0,200,0,200,1,5,0,200,200,200,200,200
318589,0,30,0,0,0,3,2,5,0,1,0,32,16,0,4,200,0,0,5,200,200
318589,1,30,0,0,0,3,2,5,0,1,0,32,16,0,4,200,200,200,200,200,200
318594,0,30,0,0,0,3,7,6,0,0,200,0,200,2,200,200,200,200,200,200,200
318597,0,30,0,0,0,3,14,7,0,0,0,23,23,0,200,200,1,200,200,200,200
318597,0,30,0,0,0,3,14,7,0,0,0,23,23,1,6,0,0,0,0,200,200
318601,0,30,200,200,200,3,14,5,0,200,200,23,200,0,6,200,7,200,0,200,200
318601,0,30,200,200,200,3,14,5,0,200,200,23,200,0,5,200,0,200,0,200,200
318603,0,30,200,200,0,3,2,12,0,0,200,200,200,0,7,0,200,200,0,200,200
318604,0,10,0,0,2,3,7,7,0,1,0,34,0,0,6,200,6,12,0,200,200
318606,0,30,1,2,0,3,12,2,0,0,0,22,11,1,7,200,4,200,0,200,200
318606,0,30,1,2,0,3,12,2,0,0,0,22,11,1,4,200,0,0,0,200,200
318606,1,30,1,2,0,3,12,2,0,0,0,22,11,200,200,200,200,200,200,200,200
318620,0,30,0,0,2,3,12,2,0,1,0,17,0,0,4,200,1,0,0,200,200
318620,0,30,0,0,2,3,12,2,0,1,0,17,0,1,8,200,0,0,0,200,200
318620,1,30,0,0,2,3,12,2,0,1,0,17,0,0,200,200,200,200,200,200,200
318620,1,30,0,0,2,3,12,2,0,1,0,17,0,0,200,200,200,200,200,200,200
318620,1,30,0,0,2,3,12,2,0,1,0,17,0,0,200,200,200,200,200,200,200
318620,1,30,0,0,2,3,12,2,0,1,0,17,0,1,200,200,200,200,200,200,200
318620,1,30,0,0,2,3,12,2,0,1,0,17,0,0,200,200,200,200,200,200,200
318621,0,30,0,0,0,3,7,5,0,0,0,0,200,0,4,200,12,200,2,200,200
318625,0,30,1,2,2,1,10,2,3,1,200,15,200,0,200,200,12,200,200,200,200
318625,0,30,1,2,2,1,10,2,3,1,200,15,200,1,5,0,200,0,0,200,200
318638,0,30,1,2,2,3,14,3,0,1,0,23,6,1,5,200,7,200,200,200,200
318638,0,30,1,2,2,3,14,3,0,1,0,23,6,1,7,0,200,200,0,200,200
318638,1,30,1,2,2,3,14,3,0,1,0,23,6,1,3,0,200,200,200,200,200
318640,0,30,0,0,0,3,7,3,0,0,0,1,12,1,4,200,8,0,0,200,200
318640,1,30,0,0,0,3,7,3,0,0,0,1,12,0,3,200,200,200,200,200,200
318643,0,30,200,200,2,0,14,5,0,200,200,23,17,0,200,200,7,200,200,200,200
318643,0,30,200,200,2,0,14,5,0,200,200,23,17,0,6,0,0,200,200,200,200
318650,0,30,0,0,0,0,14,5,0,0,0,23,22,0,5,200,4,200,0,200,200
318650,0,30,0,0,0,0,14,5,0,0,0,23,22,0,5,200,12,200,0,200,200
318661,0,30,0,0,0,3,10,5,0,1,3,2,11,1,200,200,15,200,200,200,1
318661,0,30,0,0,0,3,10,5,0,1,3,2,11,0,5,200,0,200,0,200,200
318661,1,30,0,0,0,3,10,5,0,1,3,2,11,0,5,200,200,200,200,200,200
318675,0,35,1,2,0,3,10,6,0,200,200,32,18,0,5,200,3,200,5,200,200
318675,0,35,1,2,0,3,10,6,0,200,200,32,18,0,7,200,0,200,0,200,200
318675,0,35,1,2,0,3,10,6,0,200,200,32,18,1,5,200,0,200,0,200,200
318675,1,35,1,2,0,3,10,6,0,200,200,32,18,0,6,200,200,200,200,200,200
318675,1,35,1,2,0,3,10,6,0,200,200,32,18,0,6,200,200,200,200,200,200
318680,0,35,1,2,2,3,14,12,0,0,0,23,200,0,6,200,3,0,0,200,200
318680,0,35,1,2,2,3,14,12,0,0,0,23,200,1,5,200,0,0,0,200,200
318688,0,30,0,0,2,1,7,5,0,1,0,0,200,2,200,200,200,200,200,200,200
318702,0,30,1,2,2,0,3,2,0,1,0,22,16,0,6,200,4,0,0,200,200
318702,0,30,1,2,2,0,3,2,0,1,0,22,16,1,6,200,0,0,0,200,200
318703,0,35,0,0,2,3,14,5,0,1,0,17,16,0,5,200,7,0,0,200,200
318703,0,35,0,0,2,3,14,5,0,1,0,17,16,1,6,200,0,0,0,200,200
318703,1,35,0,0,2,3,14,5,0,1,0,17,16,0,200,200,200,200,200,200,200
318708,0,30,1,200,0,3,9,5,0,1,1,6,200,1,6,7,1,200,0,200,200
318708,5,30,1,200,0,3,9,5,0,1,1,6,200,1,4,7,0,200,7,200,200
318717,0,35,1,2,0,3,10,2,0,0,0,0,0,1,200,200,1,200,200,200,200
318717,0,35,1,2,0,3,10,2,0,0,0,0,0,0,7,0,0,0,0,200,200
318722,0,30,2,2,0,3,0,5,0,0,0,32,200,1,200,200,1,200,0,200,200
318722,0,30,2,2,0,3,0,5,0,0,0,32,200,0,200,200,0,0,0,200,200
318738,0,30,0,0,0,3,12,5,0,1,0,21,0,1,200,0,1,200,200,200,200
318738,0,30,0,0,0,3,12,5,0,1,0,21,0,1,5,0,0,0,0,200,200
318738,1,30,0,0,0,3,12,5,0,1,0,21,0,0,200,0,200,200,200,200,200
318759,0,35,0,0,2,0,2,3,0,1,0,0,0,0,5,0,200,0,0,200,200
318759,1,35,0,0,2,0,2,3,0,1,0,0,0,0,5,0,200,200,200,200,200
318779,0,30,2,2,2,0,0,2,0,1,0,17,15,0,4,0,8,0,0,200,200
318779,0,30,2,2,2,0,0,2,0,1,0,17,15,0,7,0,0,0,0,200,200
318785,0,30,0,0,0,3,2,5,0,0,200,0,0,2,200,7,200,200,200,200,200
318794,0,15,0,0,0,3,7,6,0,1,0,14,34,1,200,200,200,200,200,200,200
318795,0,30,0,0,0,3,2,1,0,0,0,0,0,1,6,0,200,0,200,200,200
318796,0,30,0,0,2,3,7,5,0,1,0,15,16,1,4,0,8,0,0,200,200
318801,0,30,0,200,0,3,2,3,0,1,0,25,0,2,200,200,200,200,200,200,200
318805,0,35,0,0,2,3,12,2,0,1,0,22,0,1,200,200,2,200,200,200,200
318805,0,35,0,0,2,3,12,2,0,1,0,22,0,0,7,0,0,0,0,200,200
318817,0,30,0,0,0,3,7,6,0,0,0,22,0,0,5,0,12,0,0,200,200
318820,0,30,2,2,0,3,10,6,0,0,0,16,18,0,200,200,3,200,200,200,200
318820,0,30,2,2,0,3,10,6,0,0,0,16,18,0,6,200,0,0,0,200,200
318820,1,30,2,2,0,3,10,6,0,0,0,16,18,1,6,200,200,200,200,200,200
318820,1,30,2,2,0,3,10,6,0,0,0,16,18,0,6,200,200,200,200,200,200
318820,1,30,2,2,0,3,10,6,0,0,0,16,18,1,6,200,200,200,200,200,200
318823,0,30,0,0,0,3,7,5,0,1,200,16,0,0,5,200,200,200,2,200,200
318831,0,30,0,0,2,2,7,5,0,1,0,0,200,2,200,200,200,200,200,200,200
318844,0,30,0,0,0,1,7,5,0,0,0,16,25,0,6,200,12,0,0,200,200
318845,0,30,0,0,0,2,7,2,0,0,0,0,0,1,5,0,0,0,0,200,200
318859,0,30,3,5,0,1,11,2,0,0,3,21,20,1,6,0,1,0,0,200,200
318859,0,30,3,5,0,1,11,2,0,0,3,21,20,1,5,0,0,0,0,200,200
318875,0,30,1,2,0,0,8,12,0,200,0,17,16,1,6,200,7,200,200,200,200
318875,4,30,1,2,0,0,8,12,0,200,0,17,16,1,5,3,0,0,0,200,200
318893,0,30,1,2,0,1,12,5,0,0,0,0,0,0,7,200,1,5,0,200,200
318893,0,30,1,2,0,1,12,5,0,0,0,0,0,0,7,200,0,5,0,200,200
318902,0,30,1,2,2,200,10,3,0,1,200,0,0,1,200,200,0,200,200,200,200
318902,0,30,1,2,2,200,10,3,0,1,200,0,0,0,8,0,0,200,0,200,200
318904,0,30,12,2,1,3,10,3,0,0,0,18,16,1,200,200,3,0,200,200,200
318904,0,30,12,2,1,3,10,3,0,0,0,18,16,0,7,0,0,0,0,200,200
318904,1,30,12,2,1,3,10,3,0,0,0,18,16,1,7,0,200,200,200,200,200
318905,0,15,0,0,1,1,2,4,0,0,0,18,11,0,6,200,3,0,0,200,200
318914,0,25,0,0,2,3,7,6,0,1,0,0,0,2,200,200,200,200,200,200,200
318919,0,30,0,0,0,1,7,5,0,0,0,0,0,2,200,200,200,200,200,200,200
318921,0,15,0,0,200,200,7,5,0,200,0,0,200,2,200,200,200,200,200,200,200
318923,0,30,0,0,2,1,10,5,0,1,0,34,34,0,5,0,12,0,200,200,200
318923,0,30,0,0,2,1,10,5,0,1,0,34,34,1,7,0,200,200,200,200,200
318926,0,30,2,2,0,1,10,5,0,0,0,18,200,0,4,0,3,0,0,200,200
318926,0,30,2,2,0,1,10,5,0,0,0,18,200,1,7,0,0,0,0,200,200
318926,1,30,2,2,0,1,10,5,0,0,0,18,200,1,200,0,200,200,200,200,200
318927,0,30,0,0,0,1,12,3,0,0,0,0,200,1,6,200,200,200,0,200,200
318927,0,30,0,0,0,1,12,3,0,0,0,0,200,0,7,200,200,200,0,200,200
318927,1,30,0,0,0,1,12,3,0,0,0,0,200,0,5,200,200,200,200,200,200
318928,0,30,0,0,0,1,7,5,0,0,0,0,0,2,200,200,200,200,200,200,200
318928,1,30,0,0,0,1,7,5,0,0,0,0,0,0,6,0,200,200,200,200,200
318941,0,25,0,0,0,1,7,6,0,0,0,200,200,0,8,0,12,0,0,200,200
318960,0,15,0,0,0,1,0,7,0,0,0,20,200,1,6,0,0,0,0,200,200
318960,0,15,0,0,0,1,0,7,0,0,0,20,200,1,6,0,200,0,0,200,200
318962,0,30,2,1,0,1,10,6,0,0,0,0,200,1,6,200,200,200,200,200,200
318962,0,30,2,1,0,1,10,6,0,0,0,0,200,1,7,0,0,0,0,200,200
318965,0,30,1,2,2,1,8,3,0,1,0,6,0,0,200,200,1,200,200,200,200
318965,4,30,1,2,2,1,8,3,0,1,0,6,0,1,5,7,12,0,0,200,200
318967,0,30,2,0,0,1,10,5,0,0,0,18,18,0,7,0,3,0,0,200,200
318967,0,30,2,0,0,1,10,5,0,0,0,18,18,1,6,0,0,0,0,200,200
318967,1,30,2,0,0,1,10,5,0,0,0,18,18,1,2,0,200,200,200,200,200
318983,0,30,1,2,0,1,9,5,0,0,0,17,17,0,7,0,1,0,0,200,200
318983,5,30,1,2,0,1,9,5,0,0,0,17,17,1,8,7,0,12,0,200,200
318988,0,30,0,0,0,1,14,5,0,0,0,0,0,0,5,0,1,0,0,200,200
318988,0,30,0,0,0,1,14,5,0,0,0,0,0,0,5,0,0,0,0,200,200
318996,0,30,2,2,2,1,0,6,0,1,0,17,200,1,6,200,1,200,200,200,200
318996,0,30,2,2,2,1,0,6,0,1,0,17,200,0,7,0,0,200,0,200,200
318997,0,30,0,0,0,1,10,2,0,0,0,0,200,0,200,200,200,200,200,200,200
318997,0,30,0,0,0,1,10,2,0,0,0,0,200,0,6,200,0,0,0,200,200
318997,1,30,0,0,0,1,10,2,0,0,0,0,200,200,200,200,200,200,200,200,200
318998,0,20,2,2,0,1,10,5,0,0,0,0,0,1,6,0,200,0,0,200,200
318998,0,20,2,2,0,1,10,5,0,0,0,0,0,0,200,200,0,200,200,200,200
319000,0,30,0,0,200,200,7,6,0,200,0,0,16,2,200,200,200,200,200,200,200
319003,0,15,0,0,0,1,7,7,0,0,0,0,0,2,200,200,200,200,200,200,200
319007,0,0,0,0,200,200,12,5,0,200,0,0,0,2,200,200,200,200,200,200,200
319035,0,25,0,0,0,3,7,5,0,1,200,0,0,2,200,200,200,200,200,200,200
319043,0,30,1,2,2,1,10,5,0,1,0,18,0,1,4,7,5,0,0,200,200
319043,0,30,1,2,2,1,10,5,0,1,0,18,0,0,7,0,0,0,0,200,200
319046,0,30,0,0,0,1,7,6,0,0,0,7,16,1,7,0,12,0,0,200,200
319046,1,30,0,0,0,1,7,6,0,0,0,7,16,0,6,0,200,200,200,200,200
319049,0,30,2,2,0,1,0,5,0,0,0,17,0,0,6,200,1,200,0,200,200
319049,0,30,2,2,0,1,0,5,0,0,0,17,0,0,7,200,200,0,0,200,200
319049,1,30,2,2,0,1,0,5,0,0,0,17,0,0,7,200,200,200,200,200,200
319051,0,30,1,2,0,1,10,5,0,0,0,0,0,1,200,200,0,200,200,200,200
319051,0,30,1,2,0,1,10,5,0,0,0,0,0,0,6,7,200,0,0,200,200
319051,1,30,1,2,0,1,10,5,0,0,0,0,0,1,200,200,200,200,200,200,200
319051,1,30,1,2,0,1,10,5,0,0,0,0,0,2,200,5,200,200,200,200,200
319060,0,30,2,2,0,1,14,5,0,0,0,14,200,1,5,200,12,200,0,200,200
319060,0,30,2,2,0,1,14,5,0,0,0,14,200,0,4,200,200,0,0,200,200
319060,1,30,2,2,0,1,14,5,0,0,0,14,200,1,5,200,200,200,200,200,200
319062,0,30,0,0,0,1,14,5,0,0,0,0,0,0,200,200,200,200,200,200,200
319062,0,30,0,0,0,1,14,5,0,0,0,0,0,1,0,0,200,200,0,200,200
319066,0,30,2,2,0,1,12,5,0,0,0,0,200,0,200,200,12,200,200,200,200
319066,0,30,2,2,0,1,12,5,0,0,0,0,200,1,5,0,0,0,0,200,200
319070,0,30,2,2,1,1,7,6,0,0,0,0,200,2,200,200,200,200,200,200,200
319080,0,30,1,2,12,0,10,5,0,0,0,18,200,0,200,200,3,200,200,200,200
319080,0,30,1,2,12,0,10,5,0,0,0,18,200,1,5,0,0,0,0,200,200
319080,1,30,1,2,12,0,10,5,0,0,0,18,200,0,5,0,200,200,200,200,200
319082,0,30,0,0,0,1,14,2,0,0,0,22,200,0,9,0,7,0,0,200,200
319082,0,30,0,0,0,1,14,2,0,0,0,22,200,0,4,0,200,0,0,200,200
319083,0,20,0,0,0,1,12,5,0,0,0,17,200,1,7,0,1,0,0,200,200
319083,0,20,0,0,0,1,12,5,0,0,0,17,200,1,8,0,0,0,0,200,200
319087,0,20,1,0,0,1,7,2,0,0,0,200,200,2,200,200,200,200,200,200,200
319088,0,30,2,2,2,1,0,5,0,1,0,5,17,0,8,0,5,4,0,200,200
319088,0,30,2,2,2,1,0,5,0,1,0,5,17,1,7,0,0,0,0,200,200
319089,0,30,2,200,0,1,10,5,0,0,0,18,11,1,200,200,3,200,200,200,200
319089,0,30,2,200,0,1,10,5,0,0,0,18,11,0,6,200,0,0,0,200,200
319090,0,35,0,0,0,0,7,5,0,1,0,0,0,2,200,200,200,200,200,200,200
319097,0,30,0,0,0,1,14,3,0,0,200,23,200,0,6,0,7,0,0,200,200
319097,0,30,0,0,0,1,14,3,0,0,200,23,200,0,4,0,0,200,0,200,200
319099,0,15,0,200,0,1,7,7,0,0,0,200,200,0,6,0,200,200,0,200,200
319101,0,15,0,0,0,1,7,5,0,0,0,0,200,0,7,200,200,200,200,200,200
319103,0,30,0,0,0,1,10,5,0,0,0,18,18,0,5,0,3,0,0,200,200
319103,0,30,0,0,0,1,10,5,0,0,0,18,18,1,5,0,0,0,0,200,200
319103,1,30,0,0,0,1,10,5,0,0,0,18,18,0,200,0,200,200,200,200,200
319110,0,20,1,2,0,3,0,2,0,0,0,0,200,2,200,200,200,200,200,200,200
319110,0,20,1,2,0,3,0,2,0,0,0,0,200,0,6,0,0,0,0,200,200
319111,0,30,0,0,0,1,3,12,0,0,0,20,20,0,200,200,6,200,200,200,200
319111,0,30,0,0,0,1,3,12,0,0,0,20,20,1,7,200,0,0,0,200,200
319111,1,30,0,0,0,1,3,12,0,0,0,20,20,0,7,200,200,200,200,200,200
319112,0,30,0,0,0,1,12,5,0,0,0,21,0,0,7,200,4,0,0,200,200
319112,0,30,0,0,0,1,12,5,0,0,0,21,0,1,6,200,0,0,0,200,200
319113,0,15,0,0,200,200,7,7,0,200,200,0,200,2,200,200,200,200,200,200,200
319114,0,30,2,2,0,1,3,2,2,0,200,17,0,0,6,200,1,200,200,200,200
319114,0,30,2,2,0,1,3,2,2,0,200,17,0,0,7,200,0,200,200,200,200
319114,1,30,2,2,0,1,3,2,2,0,200,17,0,0,3,200,200,200,200,200,200
319114,1,30,2,2,0,1,3,2,2,0,200,17,0,1,6,200,200,200,200,200,200
319117,0,30,0,0,0,1,12,5,0,0,0,0,0,1,9,200,200,200,200,200,200
319117,0,30,0,0,0,1,12,5,0,0,0,0,0,0,7,200,200,200,200,200,200
319117,1,30,0,0,0,1,12,5,0,0,0,0,0,0,200,200,200,200,200,200,200
319119,0,30,1,2,2,1,12,5,0,1,0,21,200,0,200,0,1,0,0,200,200
319119,0,30,1,2,2,1,12,5,0,1,0,21,200,1,5,0,0,0,0,200,200
319123,0,30,0,0,1,1,12,2,0,0,0,18,22,0,200,200,3,200,200,200,200
319123,0,30,0,0,1,1,12,2,0,0,0,18,22,0,5,200,0,0,0,200,200
319125,0,30,0,0,0,4,10,5,0,0,0,18,18,1,5,200,3,0,0,200,200
319125,0,30,0,0,0,4,10,5,0,0,0,18,18,0,6,200,0,0,0,200,200
319134,0,30,0,0,0,1,10,6,0,0,0,0,200,0,6,200,0,0,0,200,200
319134,0,30,0,0,0,1,10,6,0,0,0,0,200,1,6,7,0,0,0,200,200
319136,0,30,0,0,0,1,14,5,0,0,0,16,0,1,5,0,12,0,0,200,200
319136,0,30,0,0,0,1,14,5,0,0,0,16,0,1,5,200,4,0,200,200,200
319137,0,30,1,2,0,1,12,2,0,0,0,4,200,0,6,0,4,0,0,200,200
319137,0,30,1,2,0,1,12,2,0,0,0,4,200,0,5,0,0,0,0,200,200
319148,0,30,2,2,0,1,0,5,0,0,0,0,200,1,200,200,5,200,200,200,200
319148,0,30,2,2,0,1,0,5,0,0,0,0,200,1,7,200,0,200,0,200,200
319149,0,30,0,0,0,1,14,5,0,0,0,17,200,0,200,200,1,200,200,200,200
319149,0,30,0,0,0,1,14,5,0,0,0,17,200,0,5,0,0,0,0,200,200
319154,0,30,0,0,0,1,14,2,0,0,0,21,17,0,7,0,7,0,0,200,200
319154,0,30,0,0,0,1,14,2,0,0,0,21,17,0,0,0,0,0,0,200,200
319154,1,30,0,0,0,1,14,2,0,0,0,21,17,1,6,0,200,200,200,200,200
319156,0,15,0,0,0,1,10,5,0,0,0,18,200,1,4,0,3,0,0,200,200
319156,0,15,0,0,0,1,10,5,0,0,0,18,200,1,5,0,0,0,0,200,200
319156,1,15,0,0,0,1,10,5,0,0,0,18,200,2,200,0,200,200,200,200,200
319156,1,15,0,0,0,1,10,5,0,0,0,18,200,2,200,0,200,200,200,200,200
319160,0,30,2,0,0,1,0,2,0,0,0,17,200,1,200,200,1,200,200,200,200
319160,0,30,2,0,0,1,0,2,0,0,0,17,200,1,4,0,0,0,0,200,200
319161,0,30,1,2,0,1,14,5,0,0,0,0,0,0,5,0,200,0,0,200,200
319161,0,30,1,2,0,1,14,5,0,0,0,0,0,0,9,0,200,0,0,200,200
319165,0,30,1,2,0,1,12,5,0,0,0,21,200,0,6,0,4,0,0,200,200
319165,0,30,1,2,0,1,12,5,0,0,0,21,200,0,6,0,0,0,0,200,200
319165,0,30,1,2,0,1,12,5,0,0,0,21,200,0,8,0,0,0,0,200,200
319167,0,30,0,0,200,3,7,6,0,200,200,0,0,2,200,200,200,200,200,200,200
319169,0,15,0,0,0,1,0,7,0,0,0,33,200,1,3,0,6,12,0,200,200
319169,0,15,0,0,0,1,0,7,0,0,0,33,200,1,4,0,0,0,0,200,200
319170,0,30,0,0,2,1,5,5,0,1,1,0,200,0,6,0,0,4,200,200,200
319172,0,25,0,0,0,1,12,5,0,0,0,22,17,1,5,0,2,0,0,200,200
319172,0,25,0,0,0,1,12,5,0,0,0,22,17,0,6,0,0,0,0,200,200
319174,0,30,0,0,0,1,11,5,3,0,0,4,4,0,6,0,12,0,0,200,200
319174,0,30,0,0,0,1,11,5,3,0,0,4,4,0,6,0,0,0,0,200,200
319177,0,25,2,2,0,1,2,5,0,0,0,8,0,2,200,200,5,200,200,200,200
319177,0,25,2,2,0,1,2,5,0,0,0,8,0,0,6,0,0,0,0,200,200
319179,0,30,1,2,0,1,14,12,0,0,0,0,0,2,200,200,200,200,200,200,200
319179,0,30,1,2,0,1,14,12,0,0,0,0,0,0,7,2,200,200,0,200,200
319180,0,20,0,0,2,1,7,6,0,0,0,0,0,2,200,200,200,200,200,200,200
319182,0,30,1,2,0,1,10,5,0,0,0,22,18,1,6,0,3,0,0,200,200
319182,0,30,1,2,0,1,10,5,0,0,0,22,18,0,0,0,2,0,0,200,200
319182,0,30,1,2,0,1,10,5,0,0,0,22,18,1,6,0,0,0,0,200,200
319182,1,30,1,2,0,1,10,5,0,0,0,22,18,1,200,0,200,200,200,200,200
319183,0,30,2,2,0,0,0,6,0,0,0,0,200,1,200,200,1,200,200,200,200
319183,0,30,2,2,0,0,0,6,0,0,0,0,200,1,5,0,0,0,0,200,200
319183,1,30,2,2,0,0,0,6,0,0,0,0,200,1,0,5,200,200,200,200,200
319183,1,30,2,2,0,0,0,6,0,0,0,0,200,0,0,5,200,200,200,200,200
319186,0,25,0,0,0,3,7,5,0,0,0,0,0,2,200,200,200,200,200,200,200
319190,0,30,0,0,2,1,7,5,0,200,200,22,22,1,200,200,2,200,200,200,200
319192,0,30,0,0,1,1,7,2,0,0,0,0,200,0,9,0,0,0,0,200,200
319193,0,30,2,2,0,1,0,5,0,0,0,17,33,0,5,0,1,1,0,200,200
319193,0,30,2,2,0,1,0,5,0,0,0,17,33,0,5,200,0,200,200,200,200
319195,0,30,1,2,0,1,14,2,0,0,0,0,33,0,200,200,200,200,200,200,200
319195,0,30,1,2,0,1,14,2,0,0,0,0,33,1,7,0,0,200,0,200,200
319197,0,30,1,2,0,1,10,5,0,0,0,18,16,0,7,0,3,0,0,200,200
319197,0,30,1,2,0,1,10,5,0,0,0,18,16,1,5,0,0,0,0,200,200
319198,0,30,1,2,0,1,10,5,0,0,0,18,11,1,6,0,3,0,0,200,1
319198,0,30,1,2,0,1,10,5,0,0,0,18,11,0,200,200,12,200,200,200,200
319198,0,30,1,2,0,1,10,5,0,0,0,18,11,0,6,0,3,0,0,200,200
319199,0,20,0,0,0,1,0,6,0,0,0,17,200,1,6,200,1,200,0,200,200
319199,0,20,0,0,0,1,0,6,0,0,0,17,200,0,6,2,0,200,0,200,200