RD_NO,PERSON_TYPE,POSTED_SPEED_LIMIT,TRAFFIC_CONTROL_DEVICE,DEVICE_CONDITION,WEATHER_CONDITION,LIGHTING_CONDITION,FIRST_CRASH_TYPE,TRAFFICWAY_TYPE,ALIGNMENT,ROADWAY_SURFACE_COND,ROAD_DEFECT,PRIM_CONTRIBUTORY_CAUSE,SEC_CONTRIBUTORY_CAUSE,SEX,AGE,SAFETY_EQUIPMENT,DRIVER_ACTION,DRIVER_VISION,PHYSICAL_CONDITION,BAC_RESULT VALUE,CELL_PHONE_USE
319614,0,10,0,0,0,1,8,7,0,0,0,0,200,0,4,0,12,0,0,200,200
319616,0,30,1,2,0,1,14,5,0,0,0,17,200,1,5,0,1,0,0,200,200
319616,0,30,1,2,0,1,14,5,0,0,0,17,200,1,7,0,0,0,0,200,200
319616,1,30,1,2,0,1,14,5,0,0,0,17,200,1,5,0,200,200,200,200,200
319616,1,30,1,2,0,1,14,5,0,0,0,17,200,1,6,0,200,200,200,200,200
319621,0,30,1,2,0,1,12,5,0,0,200,22,10,0,200,200,2,200,200,200,200
319621,0,30,1,2,0,1,12,5,0,0,200,22,10,1,6,200,0,0,0,200,200
319636,0,30,0,0,0,1,12,5,0,0,0,17,0,0,6,0,1,0,0,200,200
319636,0,30,0,0,0,1,12,5,0,0,0,17,0,1,4,0,0,0,0,200,200
319639,0,30,0,0,0,1,10,5,0,0,0,0,0,0,6,200,200,200,200,200,200
319639,0,30,0,0,0,1,10,5,0,0,0,0,0,0,7,0,0,0,0,200,200
319641,0,30,0,0,0,1,12,5,0,0,0,22,10,0,200,200,2,200,200,200,200
319641,0,30,0,0,0,1,12,5,0,0,0,22,10,0,6,200,0,0,0,200,200
319642,0,30,0,0,0,1,11,5,0,0,0,0,0,0,6,200,200,0,0,200,200
319642,0,30,0,0,0,1,11,5,0,0,0,0,0,1,6,200,200,0,0,200,200
319644,0,30,2,2,0,1,14,5,0,0,0,0,0,0,6,200,7,0,0,200,200
319644,0,30,2,2,0,1,14,5,0,0,0,0,0,0,6,0,200,0,0,200,200
319644,1,30,2,2,0,1,14,5,0,0,0,0,0,0,200,200,200,200,200,200,200
319644,1,30,2,2,0,1,14,5,0,0,0,0,0,0,200,200,200,200,200,200,200
319644,1,30,2,2,0,1,14,5,0,0,0,0,0,1,7,7,200,200,200,200,200
319644,1,30,2,2,0,1,14,5,0,0,0,0,0,0,8,7,200,200,200,200,200
319644,1,30,2,2,0,1,14,5,0,0,0,0,0,0,8,7,200,200,200,200,200
319645,0,30,1,2,0,1,10,2,0,0,0,0,200,0,200,200,200,200,200,200,200
319645,0,30,1,2,0,1,10,2,0,0,0,0,200,0,6,0,0,0,0,200,200
319646,0,30,0,0,0,1,10,7,0,0,0,20,0,0,200,200,6,200,200,200,200
319646,0,30,0,0,0,1,10,7,0,0,0,20,0,1,5,0,0,0,0,200,200
319648,0,30,0,12,0,1,7,2,0,0,200,200,200,1,4,0,200,0,0,200,200
319652,0,30,0,0,0,1,7,5,0,0,0,0,0,2,200,200,200,200,200,200,200
319654,0,20,0,0,0,1,7,6,0,0,0,32,11,0,9,200,12,0,5,200,200
319657,0,30,0,0,0,1,14,5,0,0,0,17,0,1,6,0,1,0,0,200,200
319657,0,30,0,0,0,1,14,5,0,0,0,17,0,1,5,0,0,0,0,200,200
319657,1,30,0,0,0,1,14,5,0,0,0,17,0,1,7,0,200,200,200,200,200
319657,1,30,0,0,0,1,14,5,0,0,0,17,0,1,9,1,200,200,200,200,200
319657,1,30,0,0,0,1,14,5,0,0,0,17,0,1,3,0,200,200,200,200,200
319657,1,30,0,0,0,1,14,5,0,0,0,17,0,0,2,0,200,200,200,200,200
319657,1,30,0,0,0,1,14,5,0,0,0,17,0,1,2,0,200,200,200,200,200
319662,0,30,1,2,0,1,14,2,0,0,0,23,6,0,7,0,7,0,0,200,200
319662,0,30,1,2,0,1,14,2,0,0,0,23,6,0,4,0,0,0,0,200,200
319664,0,30,1,2,0,1,10,5,0,0,0,0,0,1,6,0,0,0,0,200,200
319664,0,30,1,2,0,1,10,5,0,0,0,0,0,0,5,200,200,200,200,200,200
319679,0,30,0,0,0,1,0,5,0,0,0,0,0,0,6,0,1,0,0,200,200
319679,0,30,0,0,0,1,0,5,0,0,0,0,0,0,6,0,0,0,0,200,200
319679,1,30,0,0,0,1,0,5,0,0,0,0,0,1,6,0,200,200,200,200,200
319680,0,30,0,0,0,1,14,5,0,0,0,17,23,0,5,1,4,0,0,200,200
319680,0,30,0,0,0,1,14,5,0,0,0,17,23,1,5,200,7,0,0,200,200
319681,0,25,0,0,0,1,7,5,0,0,0,0,200,0,9,0,12,0,0,200,200
319683,0,20,0,0,0,1,11,5,0,0,0,0,200,0,6,0,0,0,0,200,200
319683,0,20,0,0,0,1,11,5,0,0,0,0,200,1,6,0,0,0,0,200,200
319686,0,30,0,0,0,1,7,2,0,0,0,20,200,0,6,0,6,0,0,200,200
319688,0,30,0,0,0,1,8,6,0,0,0,17,0,0,7,0,1,0,0,200,200
319688,4,30,0,0,0,1,8,6,0,0,0,17,0,0,5,7,0,0,0,200,200
319688,1,30,0,0,0,1,8,6,0,0,0,17,0,0,200,0,200,200,200,200,200
319699,0,30,0,0,0,1,12,6,0,0,0,17,33,0,7,200,1,0,200,200,200
319699,0,30,0,0,0,1,12,6,0,0,0,17,33,1,6,200,0,0,200,200,200
319699,1,30,0,0,0,1,12,6,0,0,0,17,33,1,2,200,200,200,200,200,200
319699,1,30,0,0,0,1,12,6,0,0,0,17,33,0,2,200,200,200,200,200,200
319707,0,35,1,2,0,1,0,5,0,0,0,6,16,0,7,200,5,200,0,200,200
319707,0,35,1,2,0,1,0,5,0,0,0,6,16,0,7,200,0,200,0,200,200
319715,0,30,1,2,0,1,10,2,0,0,0,18,200,0,5,0,3,0,0,200,200
319715,0,30,1,2,0,1,10,2,0,0,0,18,200,1,6,0,0,0,0,200,200
319717,0,10,0,0,200,200,7,7,0,200,200,0,0,2,200,200,200,200,200,200,200
319721,0,30,0,0,0,1,2,3,0,0,0,200,200,0,5,0,12,12,0,200,200
319721,1,30,0,0,0,1,2,3,0,0,0,200,200,0,5,0,200,200,200,200,200
319723,0,30,1,2,0,1,14,5,0,0,0,0,0,1,6,0,0,0,0,200,200
319723,0,30,1,2,0,1,14,5,0,0,0,0,0,1,6,0,0,0,0,200,200
319723,1,30,1,2,0,1,14,5,0,0,0,0,0,1,200,0,200,200,200,200,200
319723,1,30,1,2,0,1,14,5,0,0,0,0,0,1,200,0,200,200,200,200,200
319729,0,30,0,0,0,1,5,5,0,1,1,28,28,1,6,0,0,12,0,200,200
319744,0,30,0,200,0,4,10,2,0,0,200,18,200,1,4,200,3,200,0,200,200
319744,0,30,0,200,0,4,10,2,0,0,200,18,200,1,0,200,0,200,0,200,200
319747,0,30,0,0,0,4,7,6,0,0,0,11,200,1,5,0,0,0,0,200,200
319750,0,30,0,0,0,2,7,6,0,0,0,0,0,0,200,200,200,200,200,200,200
319751,0,25,0,0,0,1,12,5,0,0,0,16,11,0,3,1,13,0,0,200,200
319751,0,25,0,0,0,1,12,5,0,0,0,16,11,1,5,0,0,0,0,200,200
319763,0,10,0,0,0,1,7,7,0,0,0,20,0,0,200,200,6,200,200,200,200
319765,0,30,0,0,0,3,10,4,0,0,0,18,200,1,200,0,3,0,0,200,200
319765,0,30,0,0,0,3,10,4,0,0,0,18,200,0,200,0,0,0,0,200,200
319766,0,30,0,0,0,1,10,5,0,0,0,18,0,0,5,0,3,0,0,200,200
319766,0,30,0,0,0,1,10,5,0,0,0,18,0,0,6,7,0,0,0,200,200
319766,1,30,0,0,0,1,10,5,0,0,0,18,0,1,6,0,200,200,200,200,200
319776,0,30,1,2,0,1,10,5,0,0,0,18,0,0,200,200,3,200,200,200,200
319776,0,30,1,2,0,1,10,5,0,0,0,18,0,1,7,0,0,0,0,200,200
319777,0,45,0,0,0,3,12,3,0,0,0,0,0,0,6,0,2,0,0,200,200
319777,0,45,0,0,0,3,12,3,0,0,0,0,0,0,6,0,0,0,0,200,200
319777,0,45,0,0,0,3,12,3,0,0,0,0,0,1,6,0,0,0,0,200,200
319777,1,45,0,0,0,3,12,3,0,0,0,0,0,1,6,0,200,200,200,200,200
319777,1,45,0,0,0,3,12,3,0,0,0,0,0,1,5,0,200,200,200,200,200
319781,0,20,0,0,0,1,7,6,0,0,200,0,200,2,200,200,200,200,200,200,200
319782,0,35,0,0,2,3,10,5,0,1,0,200,200,0,5,200,200,200,200,200,200
319782,0,35,0,0,2,3,10,5,0,1,0,200,200,1,6,0,200,200,200,200,200
319786,0,30,0,0,0,2,12,5,0,0,200,18,200,1,200,200,3,200,200,200,200
319786,0,30,0,0,0,2,12,5,0,0,200,18,200,0,6,200,0,0,0,200,200
319788,0,30,2,2,0,2,10,6,0,0,200,12,20,1,200,0,6,0,0,200,200
319788,0,30,2,2,0,2,10,6,0,0,200,12,20,0,7,0,0,0,0,200,200
319797,0,30,0,0,0,3,7,7,0,0,0,20,200,2,200,200,6,200,200,200,200
319803,0,30,1,2,0,3,10,3,0,0,0,11,0,2,200,200,200,200,200,200,200
319803,0,30,1,2,0,3,10,3,0,0,0,11,0,0,6,0,12,0,0,200,200
319803,0,30,1,2,0,3,10,3,0,0,0,11,0,0,8,0,12,0,0,200,200
319805,0,30,1,2,0,3,0,5,0,0,0,16,0,1,7,0,12,200,0,200,200
319805,0,30,1,2,0,3,0,5,0,0,0,16,0,1,6,200,12,200,0,200,200
319805,1,30,1,2,0,3,0,5,0,0,0,16,0,0,6,200,200,200,200,200,200
319805,1,30,1,2,0,3,0,5,0,0,0,16,0,0,6,200,200,200,200,200,200
319809,0,30,3,2,0,3,10,2,0,0,0,18,4,1,200,200,1,200,200,200,200
319809,0,30,3,2,0,3,10,2,0,0,0,18,4,0,5,0,0,0,0,200,200
319827,0,30,1,2,0,3,14,2,0,0,0,6,6,0,200,200,5,200,200,200,200
319827,0,30,1,2,0,3,14,2,0,0,0,6,6,0,6,0,0,0,0,200,200
319827,1,30,1,2,0,3,14,2,0,0,0,6,6,0,200,200,200,200,200,200,200
319836,0,30,0,0,200,3,7,5,0,200,200,0,0,2,200,200,200,200,200,200,200
319837,0,30,0,0,0,3,10,2,0,0,0,16,18,0,7,0,3,0,0,200,200
319837,0,30,0,0,0,3,10,2,0,0,0,16,18,0,8,0,0,0,0,200,200
319837,0,30,0,0,0,3,10,2,0,0,0,16,18,0,8,0,0,0,0,200,200
319837,1,30,0,0,0,3,10,2,0,0,0,16,18,1,7,0,200,200,200,200,200
319838,0,15,200,200,0,3,7,0,2,0,0,25,200,2,200,200,200,200,200,200,200
319841,0,25,0,0,0,0,7,5,0,0,0,20,0,1,8,0,10,0,0,200,200
319847,0,30,1,2,0,3,9,5,0,0,0,17,0,0,6,0,1,0,0,200,200
319847,5,30,1,2,0,3,9,5,0,0,0,17,0,0,5,200,0,0,0,200,200
319854,0,30,1,2,0,3,10,1,0,0,0,32,16,0,7,200,8,0,6,200,200
319854,0,30,1,2,0,3,10,1,0,0,0,32,16,0,6,200,200,0,0,200,200
319854,0,30,1,2,0,3,10,1,0,0,0,32,16,0,5,200,200,0,0,200,200
319854,1,30,1,2,0,3,10,1,0,0,0,32,16,200,200,200,200,200,200,200,200
319854,1,30,1,2,0,3,10,1,0,0,0,32,16,200,200,200,200,200,200,200,200
319854,1,30,1,2,0,3,10,1,0,0,0,32,16,200,200,200,200,200,200,200,200
319854,1,30,1,2,0,3,10,1,0,0,0,32,16,200,200,200,200,200,200,200,200
319856,0,30,1,2,0,3,14,2,0,0,0,17,23,1,5,0,1,200,0,200,200
319856,0,30,1,2,0,3,14,2,0,0,0,17,23,0,6,0,0,200,0,200,200
319856,1,30,1,2,0,3,14,2,0,0,0,17,23,0,5,0,200,200,200,200,200
319856,1,30,1,2,0,3,14,2,0,0,0,17,23,0,5,0,200,200,200,200,200
319860,0,30,1,2,0,3,0,6,0,0,0,6,14,2,200,200,5,200,200,200,200
319860,0,30,1,2,0,3,0,6,0,0,0,6,14,1,6,0,0,0,0,200,200
319860,1,30,1,2,0,3,0,6,0,0,0,6,14,1,7,0,200,200,200,200,200
319863,0,30,1,200,0,3,14,6,0,0,0,23,200,0,200,200,3,200,200,200,200
319863,0,30,1,200,0,3,14,6,0,0,0,23,200,0,7,200,0,200,0,200,200
319863,1,30,1,200,0,3,14,6,0,0,0,23,200,0,200,200,200,200,200,200,200
319863,1,30,1,200,0,3,14,6,0,0,0,23,200,1,6,200,200,200,200,200,200
319866,0,35,1,2,0,3,14,2,0,0,0,18,22,2,200,200,3,200,200,200,200
319866,0,35,1,2,0,3,14,2,0,0,0,18,22,1,6,0,200,0,0,200,200
319866,1,35,1,2,0,3,14,2,0,0,0,18,22,0,6,0,200,200,200,200,200
319868,0,35,0,0,0,3,10,5,0,0,0,18,19,0,200,200,3,200,200,200,200
319868,0,35,0,0,0,3,10,5,0,0,0,18,19,1,6,0,0,0,0,200,200
319868,1,35,0,0,0,3,10,5,0,0,0,18,19,1,5,0,200,200,200,200,200
319869,0,30,0,0,0,0,10,5,0,0,0,16,200,0,200,200,200,200,200,200,200
319869,0,30,0,0,0,0,10,5,0,0,0,16,200,1,5,0,0,0,0,200,200
319869,1,30,0,0,0,0,10,5,0,0,0,16,200,200,200,0,200,200,200,200,200
319871,0,30,1,2,0,3,14,1,0,0,0,17,31,0,7,0,1,0,0,200,200
319871,0,30,1,2,0,3,14,1,0,0,0,17,31,0,6,0,200,0,0,200,200
319873,0,10,0,0,0,1,7,7,0,0,200,200,200,2,200,200,200,200,200,200,200
319877,0,20,0,0,0,3,7,6,0,0,0,200,200,0,7,200,200,200,0,200,200
319879,0,30,0,0,0,3,12,5,0,0,0,0,0,0,6,0,12,0,0,200,200
319879,0,30,0,0,0,3,12,5,0,0,0,0,0,1,7,0,12,0,0,200,200
319883,0,15,0,0,0,200,0,7,0,0,0,20,200,1,6,200,6,0,0,200,200
319883,0,15,0,0,0,200,0,7,0,0,0,20,200,1,7,200,0,0,0,200,200
319889,0,30,0,0,0,3,10,5,0,0,200,18,200,0,200,200,3,200,200,200,200
319889,0,30,0,0,0,3,10,5,0,0,200,18,200,0,6,200,0,200,0,200,200
319891,0,35,1,2,0,3,10,5,0,0,0,18,200,0,200,200,3,200,200,200,200
319891,0,35,1,2,0,3,10,5,0,0,0,18,200,0,6,0,0,0,0,200,200
319896,0,30,1,200,200,200,10,5,0,200,200,18,200,0,3,200,3,200,0,200,200
319896,0,30,1,200,200,200,10,5,0,200,200,18,200,0,6,200,0,200,0,200,200
319896,1,30,1,200,200,200,10,5,0,200,200,18,200,1,200,200,200,200,200,200,200
319900,0,5,0,0,0,1,7,7,0,0,0,0,0,1,200,200,12,200,200,200,200
319903,0,30,1,2,0,3,0,5,0,0,0,17,6,2,200,200,5,200,200,200,200
319903,0,30,1,2,0,3,0,5,0,0,0,17,6,1,7,0,0,0,0,200,200
319903,1,30,1,2,0,3,0,5,0,0,0,17,6,0,200,0,200,200,200,200,200
319906,0,30,1,2,0,3,10,2,0,0,0,18,200,0,200,200,3,200,200,200,200
319906,0,30,1,2,0,3,10,2,0,0,0,18,200,1,6,0,0,0,0,200,200
319907,0,40,1,2,0,4,10,5,0,0,0,16,200,1,200,200,200,200,200,200,200
319907,1,40,1,2,0,4,10,5,0,0,0,16,200,0,6,200,200,200,200,200,200
319909,0,40,0,0,0,0,12,3,0,0,0,17,4,1,200,200,1,200,200,200,200
319909,0,40,0,0,0,0,12,3,0,0,0,17,4,1,3,200,0,0,0,200,200
319912,0,30,0,0,0,3,7,7,0,0,0,0,0,0,7,0,6,200,0,200,200
319918,0,30,0,0,0,0,7,5,0,0,200,0,0,2,200,200,200,200,200,200,200
319920,0,30,1,2,0,3,10,3,0,200,200,16,11,0,200,200,8,200,200,200,200
319920,0,30,1,2,0,3,10,3,0,200,200,16,11,0,6,0,0,0,0,200,200
319923,0,30,0,0,0,3,12,5,0,0,200,22,200,2,200,200,4,200,200,200,200
319923,0,30,0,0,0,3,12,5,0,0,200,22,200,0,5,200,0,200,0,200,200
319931,0,15,0,0,0,3,2,0,0,0,0,27,0,0,200,200,12,200,5,200,200
319938,0,30,1,200,0,2,14,5,0,0,0,17,23,0,7,200,1,200,200,200,200
319938,0,30,1,200,0,2,14,5,0,0,0,17,23,0,6,200,1,200,200,200,200
319938,1,30,1,200,0,2,14,5,0,0,0,17,23,1,6,200,200,200,200,200,200
319938,1,30,1,200,0,2,14,5,0,0,0,17,23,0,5,200,200,200,200,200,200
319938,1,30,1,200,0,2,14,5,0,0,0,17,23,1,2,200,200,200,200,200,200
319938,1,30,1,200,0,2,14,5,0,0,0,17,23,0,0,200,200,200,200,200,200
319941,0,30,0,0,0,3,7,5,0,0,0,14,16,0,7,200,200,200,200,200,200
319941,1,30,0,0,0,3,7,5,0,0,0,14,16,0,6,0,200,200,200,200,200
319941,1,30,0,0,0,3,7,5,0,0,0,14,16,1,6,1,200,200,200,200,200
319945,0,30,1,2,0,3,14,5,0,0,0,23,200,0,5,0,7,0,0,200,200
319945,0,30,1,2,0,3,14,5,0,0,0,23,200,1,5,0,0,0,0,200,200
319945,1,30,1,2,0,3,14,5,0,0,0,23,200,0,4,0,200,200,200,200,200
319945,1,30,1,2,0,3,14,5,0,0,0,23,200,0,5,0,200,200,200,200,200
319951,0,25,0,0,0,3,2,5,0,0,0,0,19,1,200,200,200,200,200,200,200
319957,0,40,0,0,0,3,10,3,0,0,0,18,18,0,5,0,3,0,0,200,200
319957,0,40,0,0,0,3,10,3,0,0,0,18,18,0,4,0,0,0,0,200,200
319959,0,35,2,2,0,0,12,6,0,0,0,0,0,0,200,200,0,200,200,200,200
319959,0,35,2,2,0,0,12,6,0,0,0,0,0,0,5,0,0,0,0,200,200
319961,0,30,0,0,0,3,7,5,0,0,0,0,200,2,200,200,200,200,200,200,200
319963,0,20,2,2,0,3,7,5,0,0,0,20,0,0,200,200,6,200,200,200,200
319965,0,30,1,200,0,3,10,5,0,0,0,12,18,0,7,200,3,200,0,200,200
319965,0,30,1,200,0,3,10,5,0,0,0,12,18,1,5,200,200,200,0,200,200
319966,0,30,0,0,0,3,10,5,0,0,0,18,200,0,5,200,3,0,0,200,200
319966,0,30,0,0,0,3,10,5,0,0,0,18,200,2,200,200,12,200,200,200,200
319967,0,30,1,2,0,3,14,6,0,0,0,23,200,0,6,0,7,0,0,200,200
319967,0,30,1,2,0,3,14,6,0,0,0,23,200,1,5,0,0,0,0,200,200
319967,1,30,1,2,0,3,14,6,0,0,0,23,200,0,6,0,200,200,200,200,200
319967,1,30,1,2,0,3,14,6,0,0,0,23,200,1,6,0,200,200,200,200,200
319972,0,30,1,2,0,1,7,6,0,0,0,0,0,2,200,200,200,200,200,200,200
319977,0,30,0,0,0,3,9,5,0,0,200,17,0,0,4,0,1,0,0,200,200
319977,5,30,0,0,0,3,9,5,0,0,200,17,0,1,200,7,0,200,200,200,200
319980,4,35,1,2,0,0,8,2,0,0,0,6,23,0,4,7,5,0,0,200,200
319980,0,35,1,2,0,0,8,2,0,0,0,6,23,0,7,200,0,0,0,200,200
319983,0,30,0,0,0,3,10,2,0,0,0,18,200,2,200,200,3,200,200,200,200
319983,0,30,0,0,0,3,10,2,0,0,0,18,200,1,6,200,0,0,0,200,200
319983,1,30,0,0,0,3,10,2,0,0,0,18,200,0,6,200,200,200,200,200,200
319983,1,30,0,0,0,3,10,2,0,0,0,18,200,0,6,200,200,200,200,200,200
319988,0,30,1,2,0,3,14,5,0,0,0,0,200,0,5,200,200,0,0,200,200
319988,0,30,1,2,0,3,14,5,0,0,0,0,200,1,5,200,200,0,0,200,200
319988,1,30,1,2,0,3,14,5,0,0,0,0,200,0,200,200,200,200,200,200,200
319988,1,30,1,2,0,3,14,5,0,0,0,0,200,0,200,200,200,200,200,200,200
319994,0,30,0,0,0,3,10,5,0,0,200,18,200,1,6,0,3,200,0,200,200
319994,0,30,0,0,0,3,10,5,0,0,200,18,200,1,6,200,0,200,0,200,200
319994,0,30,0,0,0,3,10,5,0,0,200,18,200,0,6,200,0,200,0,200,200
319994,1,30,0,0,0,3,10,5,0,0,200,18,200,2,200,200,200,200,200,200,200
319994,1,30,0,0,0,3,10,5,0,0,200,18,200,200,200,200,200,200,200,200,200
319994,1,30,0,0,0,3,10,5,0,0,200,18,200,200,200,200,200,200,200,200,200
320001,0,30,0,0,0,3,7,6,0,0,0,19,200,1,5,0,0,0,3,200,200
320002,0,30,0,0,0,3,7,6,0,0,200,0,0,2,200,200,200,200,200,200,200
320006,0,30,1,2,0,3,4,5,0,0,0,17,0,0,6,0,1,200,0,200,200
320006,0,30,1,2,0,3,4,5,0,0,0,17,0,0,6,200,0,200,0,200,200
320006,1,30,1,2,0,3,4,5,0,0,0,17,0,0,5,0,200,200,200,200,200
320009,0,30,200,200,0,3,12,5,0,0,0,0,200,2,200,200,2,200,200,200,200
320009,0,30,200,200,0,3,12,5,0,0,0,0,200,0,6,200,0,0,0,200,200
320011,0,35,1,2,0,3,11,5,0,0,0,0,0,0,200,200,1,200,200,200,200
320011,0,35,1,2,0,3,11,5,0,0,0,0,0,0,7,0,0,0,0,200,200
320014,0,30,1,200,0,3,10,3,0,0,200,18,22,2,200,200,3,200,200,200,200
320014,0,30,1,200,0,3,10,3,0,0,200,18,22,1,5,200,200,0,0,200,200
320014,1,30,1,200,0,3,10,3,0,0,200,18,22,1,7,200,200,200,200,200,200
320020,0,30,0,0,0,3,12,5,0,0,0,22,0,1,4,200,2,0,200,200,200
320020,0,30,0,0,0,3,12,5,0,0,0,22,0,0,5,200,0,0,200,200,200
320020,1,30,0,0,0,3,12,5,0,0,0,22,0,0,4,200,200,200,200,200,200
320020,1,30,0,0,0,3,12,5,0,0,0,22,0,1,4,200,200,200,200,200,200
320020,1,30,0,0,0,3,12,5,0,0,0,22,0,1,4,200,200,200,200,200,200
320020,1,30,0,0,0,3,12,5,0,0,0,22,0,1,4,200,200,200,200,200,200
320025,0,5,200,200,0,0,7,7,0,0,200,0,0,1,5,200,6,200,0,200,200
320027,0,35,0,0,0,3,14,3,0,0,200,17,200,0,7,200,1,0,200,200,200
320027,0,35,0,0,0,3,14,3,0,0,200,17,200,0,6,200,200,0,7,200,200
320030,0,30,0,0,0,0,11,7,0,0,0,0,0,0,6,0,6,0,0,200,200
320030,0,30,0,0,0,0,11,7,0,0,0,0,0,0,5,0,0,0,0,200,200
320035,0,30,0,0,0,3,12,5,0,0,0,16,200,1,6,200,8,0,0,200,200
320035,0,30,0,0,0,3,12,5,0,0,0,16,200,1,5,200,12,0,0,200,200
320035,1,30,0,0,0,3,12,5,0,0,0,16,200,0,6,200,200,200,200,200,200
320035,1,30,0,0,0,3,12,5,0,0,0,16,200,0,6,200,200,200,200,200,200
320035,1,30,0,0,0,3,12,5,0,0,0,16,200,0,200,200,200,200,200,200,200
320043,0,30,0,0,0,3,7,5,0,0,0,18,200,1,7,0,3,0,0,200,200
320044,0,30,0,0,0,3,7,5,0,0,200,16,11,1,5,200,200,0,200,200,200
320059,0,30,0,0,0,3,7,5,0,0,0,0,0,2,200,200,200,200,200,200,200
320062,0,30,0,2,0,3,12,1,0,0,0,0,200,0,5,200,200,200,200,200,200
320062,0,30,0,2,0,3,12,1,0,0,0,0,200,0,5,7,200,0,0,200,200
320066,0,25,0,0,0,3,10,5,0,0,0,18,11,2,200,200,200,200,200,200,200
320066,0,25,0,0,0,3,10,5,0,0,0,18,11,0,5,0,0,0,0,200,200
320068,0,30,0,0,0,3,7,5,0,0,0,11,0,0,6,200,200,200,2,200,200
320076,0,30,0,0,0,3,10,5,0,0,0,14,16,0,6,0,1,0,0,200,200
320076,0,30,0,0,0,3,10,5,0,0,0,14,16,0,200,0,14,0,0,200,200
320076,1,30,0,0,0,3,10,5,0,0,0,14,16,1,200,0,200,200,200,200,200
320086,0,30,1,2,0,3,14,1,0,0,0,12,200,0,6,200,12,0,0,200,200
320086,0,30,1,2,0,3,14,1,0,0,0,12,200,1,5,200,7,0,0,200,200
320091,0,20,0,0,0,3,2,6,0,0,0,0,0,1,6,0,200,0,0,200,200
320091,1,20,0,0,0,3,2,6,0,0,0,0,0,0,200,0,200,200,200,200,200
320097,0,30,0,0,0,3,7,5,0,0,0,0,0,2,200,200,200,200,200,200,200
320116,0,30,0,0,0,3,7,5,0,0,0,2,0,0,6,200,15,200,0,200,1
320118,0,20,0,0,0,3,7,6,0,0,0,12,200,1,6,0,12,0,200,200,200
320119,0,20,0,0,0,0,7,5,0,0,0,25,0,2,200,200,12,200,200,200,200
320125,0,30,2,2,0,3,14,6,0,0,0,10,200,0,5,200,7,0,0,200,200
320125,0,30,2,2,0,3,14,6,0,0,0,10,200,0,5,0,0,0,0,200,200
320125,1,30,2,2,0,3,14,6,0,0,0,10,200,1,5,200,200,200,200,200,200
320125,1,30,2,2,0,3,14,6,0,0,0,10,200,1,5,200,200,200,200,200,200
320127,0,30,1,2,0,3,2,3,3,0,0,15,11,0,4,0,8,0,0,200,200
320128,0,30,1,2,0,3,12,12,0,0,200,0,0,0,6,200,200,200,0,200,200
320128,0,30,1,2,0,3,12,12,0,0,200,0,0,0,7,200,200,200,0,200,200
320129,0,30,0,0,0,3,2,5,0,0,0,22,21,2,200,200,4,200,200,200,200
320129,0,30,0,0,0,3,2,5,0,0,0,22,21,0,6,200,0,0,0,200,200
320133,0,30,0,0,0,3,2,6,0,0,0,16,200,0,6,0,10,0,0,200,200
320140,0,25,0,0,0,3,7,6,0,0,0,0,200,2,200,200,200,200,200,200,200
320140,1,25,0,0,0,3,7,6,0,0,0,0,200,2,200,200,200,200,200,200,200
320142,0,35,0,0,0,3,10,3,0,0,0,17,200,0,5,200,200,200,200,200,200
320142,0,35,0,0,0,3,10,3,0,0,0,17,200,1,6,3,12,0,0,200,200
320148,0,25,0,0,0,3,7,6,0,0,0,0,200,2,200,200,200,200,200,200,200
320149,0,10,0,0,0,0,7,7,0,0,0,0,0,2,200,200,200,200,200,200,200
320150,0,30,0,0,1,3,7,5,0,0,200,0,14,2,200,200,12,200,200,200,200
320151,0,30,1,2,0,3,2,5,0,0,0,32,200,0,6,200,8,200,3,0.03,200
320153,0,30,0,0,0,4,7,2,0,0,0,14,200,2,200,200,200,200,200,200,200
320159,0,35,2,200,0,3,7,6,0,0,0,12,200,1,5,200,12,0,0,200,200
320159,1,35,2,200,0,3,7,6,0,0,0,12,200,1,6,200,200,200,200,200,200
320165,0,25,1,2,0,3,12,5,0,0,200,22,200,0,5,200,2,200,200,200,200
320165,0,25,1,2,0,3,12,5,0,0,200,22,200,0,5,200,0,200,200,200,200
320165,1,25,1,2,0,3,12,5,0,0,200,22,200,0,5,0,200,200,200,200,200
320165,1,25,1,2,0,3,12,5,0,0,200,22,200,1,5,200,200,200,200,200,200
320170,0,30,0,0,0,3,2,6,0,0,0,0,0,0,6,0,6,200,200,200,200
320171,0,25,0,0,0,3,2,5,0,0,0,27,10,1,5,0,9,0,2,200,200
320181,0,25,0,0,0,2,7,6,0,0,0,0,0,2,200,200,200,200,200,200,200
320182,0,30,0,0,0,2,7,3,0,0,0,200,200,2,200,200,200,200,200,200,200
320183,0,30,0,0,0,2,7,2,0,0,0,12,16,1,5,200,8,0,0,200,200
320184,0,20,0,0,0,200,7,6,0,0,0,0,200,2,200,200,200,200,200,200,200