RD_NO,PERSON_TYPE,POSTED_SPEED_LIMIT,TRAFFIC_CONTROL_DEVICE,DEVICE_CONDITION,WEATHER_CONDITION,LIGHTING_CONDITION,FIRST_CRASH_TYPE,TRAFFICWAY_TYPE,ALIGNMENT,ROADWAY_SURFACE_COND,ROAD_DEFECT,PRIM_CONTRIBUTORY_CAUSE,SEC_CONTRIBUTORY_CAUSE,SEX,AGE,SAFETY_EQUIPMENT,DRIVER_ACTION,DRIVER_VISION,PHYSICAL_CONDITION,BAC_RESULT VALUE,CELL_PHONE_USE
320187,0,30,1,2,0,0,10,3,0,0,0,0,200,0,5,200,200,0,0,200,200
320187,0,30,1,2,0,0,10,3,0,0,0,0,200,0,5,200,200,0,0,200,200
320187,0,30,1,2,0,0,10,3,0,0,0,0,200,0,5,200,200,0,0,200,200
320192,0,30,1,2,0,1,14,2,0,0,0,6,200,0,200,200,5,200,200,200,200
320192,0,30,1,2,0,1,14,2,0,0,0,6,200,0,6,0,200,200,0,200,200
320192,1,30,1,2,0,1,14,2,0,0,0,6,200,1,6,0,200,200,200,200,200
320192,1,30,1,2,0,1,14,2,0,0,0,6,200,1,5,0,200,200,200,200,200
320192,1,30,1,2,0,1,14,2,0,0,0,6,200,0,200,0,200,200,200,200,200
320192,1,30,1,2,0,1,14,2,0,0,0,6,200,1,5,0,200,200,200,200,200
320192,1,30,1,2,0,1,14,2,0,0,0,6,200,1,5,0,200,200,200,200,200
320197,0,30,1,2,0,2,12,5,0,0,0,0,200,1,5,200,12,200,200,200,200
320197,0,30,1,2,0,2,12,5,0,0,0,0,200,0,5,200,0,0,0,200,200
320197,1,30,1,2,0,2,12,5,0,0,0,0,200,0,0,200,200,200,200,200,200
320197,1,30,1,2,0,2,12,5,0,0,0,0,200,0,5,200,200,200,200,200,200
320197,1,30,1,2,0,2,12,5,0,0,0,0,200,0,200,200,200,200,200,200,200
320197,1,30,1,2,0,2,12,5,0,0,0,0,200,1,4,200,200,200,200,200,200
320198,0,30,0,0,0,1,7,2,0,0,0,0,0,2,200,200,200,200,200,200,200
320204,0,30,0,0,0,3,10,3,0,0,0,0,0,0,200,200,200,200,200,200,200
320204,0,30,0,0,0,3,10,3,0,0,0,0,0,1,7,0,0,200,200,200,200
320204,1,30,0,0,0,3,10,3,0,0,0,0,0,1,7,0,200,200,200,200,200
320204,1,30,0,0,0,3,10,3,0,0,0,0,0,0,200,0,200,200,200,200,200
320208,0,30,2,12,0,1,0,12,0,0,0,5,16,0,5,0,5,0,0,200,200
320208,0,30,2,12,0,1,0,12,0,0,0,5,16,0,5,0,0,0,0,200,200
320209,0,30,0,0,0,1,14,5,0,0,0,21,200,0,200,200,12,200,200,200,200
320209,0,30,0,0,0,1,14,5,0,0,0,21,200,0,6,0,0,0,0,200,200
320214,0,30,0,1,0,1,12,2,0,0,0,22,0,0,200,200,2,200,200,200,200
320214,0,30,0,1,0,1,12,2,0,0,0,22,0,0,5,0,0,200,0,200,200
320217,0,40,1,2,0,2,0,12,0,0,0,200,200,1,200,200,5,200,200,200,200
320217,0,40,1,2,0,2,0,12,0,0,0,200,200,0,6,0,0,0,1,200,200
320219,0,30,0,0,0,1,7,5,0,0,0,20,11,0,7,0,6,12,0,200,200
320227,0,30,6,2,0,1,2,3,0,0,0,32,32,0,6,0,12,0,5,200,200
320228,0,30,0,0,0,1,10,5,0,0,0,0,200,0,200,200,200,200,200,200,200
320228,0,30,0,0,0,1,10,5,0,0,0,0,200,0,200,200,200,200,200,200,200
320228,0,30,0,0,0,1,10,5,0,0,0,0,200,1,7,0,0,12,0,200,200
320229,0,30,1,2,0,1,14,5,0,0,0,17,17,0,200,200,1,200,200,200,200
320229,0,30,1,2,0,1,14,5,0,0,0,17,17,0,200,200,0,200,0,200,200
320232,0,25,0,0,0,1,7,5,1,0,0,21,0,2,200,200,12,200,200,200,200
320241,0,30,2,2,0,1,0,5,0,0,0,0,0,0,6,0,0,200,0,200,200
320241,0,30,2,2,0,1,0,5,0,0,0,0,0,0,6,200,200,200,0,200,200
320241,1,30,2,2,0,1,0,5,0,0,0,0,0,0,6,200,200,200,200,200,200
320241,1,30,2,2,0,1,0,5,0,0,0,0,0,0,6,200,200,200,200,200,200
320242,0,30,1,2,0,1,10,5,0,200,200,18,0,2,200,200,3,200,200,200,200
320242,0,30,1,2,0,1,10,5,0,200,200,18,0,0,7,0,0,0,0,200,200
320242,1,30,1,2,0,1,10,5,0,200,200,18,0,1,5,0,200,200,200,200,200
320255,0,15,0,0,200,200,7,200,0,200,200,0,0,2,200,200,200,200,200,200,200
320258,0,30,1,2,0,3,14,3,0,0,0,17,16,1,5,0,1,0,0,200,200
320258,0,30,1,2,0,3,14,3,0,0,0,17,16,1,5,0,0,0,0,200,200
320258,1,30,1,2,0,3,14,3,0,0,0,17,16,1,5,0,200,200,200,200,200
320258,1,30,1,2,0,3,14,3,0,0,0,17,16,0,5,0,200,200,200,200,200
320264,0,30,1,200,0,1,10,5,0,0,0,18,200,1,5,200,3,0,0,200,200
320264,0,30,1,200,0,1,10,5,0,0,0,18,200,0,7,200,0,0,0,200,200
320275,0,30,2,2,0,1,10,5,0,0,0,17,21,0,6,200,3,200,6,200,200
320275,0,30,2,2,0,1,10,5,0,0,0,17,21,0,6,0,0,0,0,200,200
320280,0,30,0,0,0,1,10,2,0,0,200,16,0,1,5,200,8,200,200,200,200
320280,0,30,0,0,0,1,10,2,0,0,200,16,0,1,7,200,12,200,0,200,200
320280,0,30,0,0,0,1,10,2,0,0,200,16,0,0,5,200,12,200,0,200,200
320280,0,30,0,0,0,1,10,2,0,0,200,16,0,0,5,200,12,200,0,200,200
320280,1,30,0,0,0,1,10,2,0,0,200,16,0,1,0,200,200,200,200,200,200
320280,1,30,0,0,0,1,10,2,0,0,200,16,0,1,2,200,200,200,200,200,200
320280,1,30,0,0,0,1,10,2,0,0,200,16,0,1,5,200,200,200,200,200,200
320283,0,30,0,0,200,200,7,6,0,200,0,200,200,2,200,200,200,200,200,200,200
320288,0,35,0,0,0,0,7,5,0,0,0,0,0,1,200,0,0,0,0,200,200
320292,0,30,1,2,0,1,14,5,0,0,0,17,17,0,200,200,1,200,200,200,200
320292,0,30,1,2,0,1,14,5,0,0,0,17,17,0,200,200,0,200,0,200,200
320299,0,25,0,0,0,1,12,3,0,0,0,22,11,1,7,0,2,0,0,200,200
320299,0,25,0,0,0,1,12,3,0,0,0,22,11,0,8,0,0,0,0,200,200
320301,0,30,0,0,0,1,2,2,2,0,1,0,0,0,4,200,200,200,200,200,200
320301,1,30,0,0,0,1,2,2,2,0,1,0,0,0,200,200,200,200,200,200,200
320305,0,30,0,0,200,200,7,5,0,200,0,0,0,2,200,200,200,200,200,200,200
320306,0,30,0,0,0,1,2,2,0,0,0,7,7,1,200,200,200,200,200,200,200
320306,1,30,0,0,0,1,2,2,0,0,0,7,7,0,200,200,200,200,200,200,200
320315,0,30,0,0,0,3,7,5,0,0,0,0,0,2,200,200,200,200,200,200,200
320321,0,30,1,2,0,1,12,3,0,0,0,22,22,0,200,200,4,200,200,200,200
320321,0,30,1,2,0,1,12,3,0,0,0,22,22,1,7,0,0,0,0,200,200
320326,0,39,0,0,0,1,2,12,0,0,0,0,0,1,200,200,200,200,200,200,200
320336,0,30,0,0,0,3,14,5,0,0,0,23,200,1,6,7,0,0,200,200,200
320336,0,30,0,0,0,3,14,5,0,0,0,23,200,0,6,200,7,200,200,200,200
320337,0,30,0,0,0,1,0,5,0,0,0,17,200,1,9,0,1,5,0,200,200
320337,0,30,0,0,0,1,0,5,0,0,0,17,200,0,5,0,0,0,0,200,200
320344,0,30,1,2,0,1,7,2,0,0,0,11,200,0,5,0,12,0,0,200,200
320344,1,30,1,2,0,1,7,2,0,0,0,11,200,1,5,0,200,200,200,200,200
320344,1,30,1,2,0,1,7,2,0,0,0,11,200,0,5,0,200,200,200,200,200
320347,0,30,2,2,0,1,10,12,0,0,200,16,11,0,6,0,0,200,0,200,200
320347,0,30,2,2,0,1,10,12,0,0,200,16,11,1,5,0,1,200,0,200,200
320355,0,20,0,0,0,1,7,6,0,0,0,0,200,1,200,0,0,0,0,200,200
320355,1,20,0,0,0,1,7,6,0,0,0,0,200,1,6,200,200,200,200,200,200
320357,0,40,3,2,0,1,10,2,0,0,0,16,11,1,4,0,3,0,0,200,200
320357,0,40,3,2,0,1,10,2,0,0,0,16,11,1,5,0,0,0,0,200,200
320357,0,40,3,2,0,1,10,2,0,0,0,16,11,1,6,0,0,0,0,200,200
320358,0,30,0,0,0,3,7,6,0,0,0,200,200,2,200,200,200,200,200,200,200
320361,0,30,0,0,0,4,7,5,0,0,200,0,200,2,200,200,200,200,200,200,200
320368,0,25,0,0,0,1,10,5,0,0,0,18,0,1,5,0,3,0,0,200,200
320368,0,25,0,0,0,1,10,5,0,0,0,18,0,0,5,0,0,0,0,200,200
320378,0,35,0,0,0,1,10,5,0,0,0,0,0,0,6,0,0,0,0,200,200
320378,0,35,0,0,0,1,10,5,0,0,0,0,0,0,5,0,0,0,0,200,200
320378,1,35,0,0,0,1,10,5,0,0,0,0,0,1,6,0,200,200,200,200,200
320390,0,30,0,0,0,1,9,5,5,0,0,200,200,0,6,0,0,0,0,200,200
320390,5,30,0,0,0,1,9,5,5,0,0,200,200,1,5,7,0,1,200,200,200
320392,0,30,1,2,0,1,10,6,0,0,0,18,18,0,5,0,3,0,0,200,200
320392,0,30,1,2,0,1,10,6,0,0,0,18,18,0,7,0,0,0,0,200,200
320395,0,30,2,2,0,1,14,5,0,0,0,0,0,1,200,200,1,0,0,200,200
320395,0,30,2,2,0,1,14,5,0,0,0,0,0,0,200,200,0,3,0,200,200
320400,0,30,1,2,0,1,14,5,0,0,0,17,200,0,5,0,1,0,0,200,200
320400,0,30,1,2,0,1,14,5,0,0,0,17,200,0,5,0,0,0,0,200,200
320400,1,30,1,2,0,1,14,5,0,0,0,17,200,1,200,0,200,200,200,200,200
320403,0,30,1,2,0,1,10,5,0,0,200,0,0,0,200,200,8,200,0,200,200
320403,0,30,1,2,0,1,10,5,0,0,200,0,0,0,8,200,0,200,0,200,200
320408,0,30,1,2,0,2,14,6,0,0,0,18,200,0,200,200,3,200,200,200,200
320408,0,30,1,2,0,2,14,6,0,0,0,18,200,0,6,0,0,0,0,200,200
320418,0,30,2,2,0,1,9,2,0,0,0,17,11,1,6,200,1,0,0,200,200
320418,5,30,2,2,0,1,9,2,0,0,0,17,11,0,6,200,0,0,3,200,200
320428,0,25,0,0,0,3,7,6,0,0,200,0,0,2,200,200,200,200,200,200,200
320430,0,10,0,0,0,1,11,0,0,200,200,0,200,2,200,200,200,200,200,200,200
320430,0,10,0,0,0,1,11,0,0,200,200,0,200,1,6,0,200,200,200,200,200
320433,0,15,0,0,0,1,0,0,0,0,0,0,0,1,5,200,6,200,200,200,200
320433,0,15,0,0,0,1,0,0,0,0,0,0,0,1,6,0,0,0,0,200,200
320438,0,30,1,2,0,1,12,2,0,0,0,200,200,1,6,0,12,0,0,200,200
320438,0,30,1,2,0,1,12,2,0,0,0,200,200,0,8,0,0,0,0,200,200
320438,1,30,1,2,0,1,12,2,0,0,0,200,200,0,7,0,200,200,200,200,200
320440,0,25,0,0,0,1,14,5,0,0,0,17,200,0,7,0,1,5,0,200,200
320440,0,25,0,0,0,1,14,5,0,0,0,17,200,1,5,0,0,0,0,200,200
320441,0,30,1,2,0,1,10,5,0,0,0,18,17,1,6,0,3,0,0,200,200
320441,0,30,1,2,0,1,10,5,0,0,0,18,17,1,5,0,0,0,6,200,200
320449,0,30,1,2,0,1,10,2,0,0,0,0,0,1,6,0,3,0,0,200,200
320449,0,30,1,2,0,1,10,2,0,0,0,0,0,1,200,200,0,200,200,200,200
320449,1,30,1,2,0,1,10,2,0,0,0,0,0,0,1,0,200,200,200,200,200
320454,0,30,0,0,0,1,7,2,0,0,0,0,200,2,200,200,200,200,200,200,200
320459,0,30,2,2,0,1,14,5,0,0,0,0,0,1,5,200,200,200,200,200,200
320459,0,30,2,2,0,1,14,5,0,0,0,0,0,0,6,2,200,200,0,200,200
320464,0,30,1,2,0,1,12,6,0,0,0,22,16,0,5,200,4,0,200,200,200
320464,0,30,1,2,0,1,12,6,0,0,0,22,16,1,5,200,200,0,0,200,200
320466,0,25,200,200,0,1,10,2,0,0,200,18,0,1,200,200,3,200,200,200,200
320466,0,25,200,200,0,1,10,2,0,0,200,18,0,1,7,200,0,200,0,200,200
320471,0,30,0,0,0,1,0,12,0,0,0,16,16,1,200,200,12,200,200,200,200
320471,0,30,0,0,0,1,0,12,0,0,0,16,16,0,7,0,12,200,0,200,200
320478,0,25,2,2,0,1,12,5,0,0,0,0,0,1,7,200,200,200,0,200,200
320478,0,25,2,2,0,1,12,5,0,0,0,0,0,0,8,200,200,200,0,200,200
320481,0,30,2,2,0,1,7,5,3,0,0,0,0,0,7,0,200,0,0,200,200
320481,1,30,2,2,0,1,7,5,3,0,0,0,0,0,6,7,200,200,200,200,200
320490,0,20,0,0,0,3,7,6,0,0,0,0,0,2,200,200,200,200,200,200,200
320502,4,30,2,2,0,1,8,2,0,0,0,27,18,0,6,2,3,0,0,200,200
320502,0,30,2,2,0,1,8,2,0,0,0,27,18,1,7,0,0,0,0,200,200
320504,0,30,1,2,0,1,10,5,0,0,0,18,16,0,200,200,3,200,200,200,200
320504,0,30,1,2,0,1,10,5,0,0,0,18,16,1,9,0,0,0,0,200,200
320504,1,30,1,2,0,1,10,5,0,0,0,18,16,1,200,0,200,200,200,200,200
320509,0,30,0,0,0,1,10,5,0,0,0,16,200,0,5,0,1,0,0,200,200
320509,0,30,0,0,0,1,10,5,0,0,0,16,200,0,6,0,0,0,0,200,200
320509,0,30,0,0,0,1,10,5,0,0,0,16,200,0,6,0,0,0,0,200,200
320509,1,30,0,0,0,1,10,5,0,0,0,16,200,1,5,0,200,200,200,200,200
320509,1,30,0,0,0,1,10,5,0,0,0,16,200,0,3,0,200,200,200,200,200
320509,1,30,0,0,0,1,10,5,0,0,0,16,200,0,1,5,200,200,200,200,200
320510,0,30,2,2,0,3,0,5,0,1,200,5,17,1,4,200,1,200,200,200,200
320512,0,30,1,2,0,1,10,5,0,0,0,0,200,1,200,200,200,200,200,200,200
320512,0,30,1,2,0,1,10,5,0,0,0,0,200,1,6,0,0,0,0,200,200
320512,1,30,1,2,0,1,10,5,0,0,0,0,200,1,1,5,200,200,200,200,200
320512,1,30,1,2,0,1,10,5,0,0,0,0,200,1,1,5,200,200,200,200,200
320513,0,30,0,0,0,1,10,3,0,0,0,0,200,0,5,0,200,200,200,200,200
320513,0,30,0,0,0,1,10,3,0,0,0,0,200,0,4,0,0,0,0,200,200
320513,1,30,0,0,0,1,10,3,0,0,0,0,200,200,200,0,200,200,200,200,200
320513,1,30,0,0,0,1,10,3,0,0,0,0,200,1,5,0,200,200,200,200,200
320513,1,30,0,0,0,1,10,3,0,0,0,0,200,0,5,0,200,200,200,200,200
320515,0,10,0,200,0,1,2,7,0,0,200,0,0,1,4,200,200,200,200,200,200
320522,0,30,0,0,0,1,12,6,0,0,0,17,0,1,200,0,1,0,0,200,200
320522,0,30,0,0,0,1,12,6,0,0,0,17,0,0,200,200,0,0,0,200,200
320532,0,30,0,0,0,1,7,5,0,0,0,200,200,0,7,0,0,0,0,200,200
320532,1,30,0,0,0,1,7,5,0,0,0,200,200,0,200,200,200,200,200,200,200
320534,0,30,0,0,0,200,7,6,0,0,0,200,200,2,200,200,200,200,200,200,200
320544,0,30,2,2,0,1,0,5,0,0,0,200,200,1,5,0,12,200,0,200,200
320544,0,30,2,2,0,1,0,5,0,0,0,200,200,0,200,200,12,200,200,200,200
320544,1,30,2,2,0,1,0,5,0,0,0,200,200,0,5,0,200,200,200,200,200
320545,0,35,0,0,0,1,14,5,0,0,0,0,0,1,5,200,4,200,0,200,200
320545,0,35,0,0,0,1,14,5,0,0,0,0,0,1,5,200,0,200,0,200,200
320548,0,30,0,0,0,1,7,5,0,0,0,24,0,2,200,200,200,200,200,200,200
320549,0,30,2,2,0,1,12,1,0,0,0,0,200,0,6,0,200,0,0,200,200
320549,0,30,2,2,0,1,12,1,0,0,0,0,200,0,5,2,200,0,0,200,200
320551,0,0,200,200,0,1,2,200,0,0,0,21,200,0,6,200,2,200,0,200,200
320551,0,0,200,200,0,1,2,200,0,0,0,21,200,1,6,200,200,200,0,200,200
320558,0,30,2,2,0,1,12,6,0,0,0,17,0,0,200,0,1,0,0,200,200
320558,0,30,2,2,0,1,12,6,0,0,0,17,0,0,200,200,0,200,200,200,200
320559,0,30,0,0,0,1,7,5,0,0,0,0,0,2,200,200,200,200,200,200,200
320566,0,30,0,0,0,1,12,5,0,0,0,21,0,0,200,200,4,200,200,200,200
320566,0,30,0,0,0,1,12,5,0,0,0,21,0,0,6,0,0,0,0,200,200
320566,1,30,0,0,0,1,12,5,0,0,0,21,0,1,6,0,200,200,200,200,200
320566,1,30,0,0,0,1,12,5,0,0,0,21,0,0,3,0,200,200,200,200,200
320567,0,30,2,0,0,1,0,2,0,0,0,17,200,0,6,0,1,0,0,200,200
320567,0,30,2,0,0,1,0,2,0,0,0,17,200,1,5,0,0,0,0,200,200
320572,0,30,2,2,0,3,0,5,0,0,0,5,5,1,200,200,1,200,200,200,200
320572,0,30,2,2,0,3,0,5,0,0,0,5,5,1,8,0,0,0,0,200,200
320574,0,30,1,2,0,1,14,1,0,0,0,0,0,1,7,0,3,0,0,200,200
320574,0,30,1,2,0,1,14,1,0,0,0,0,0,1,7,0,0,0,0,200,200
320575,0,30,0,0,0,1,7,5,0,0,0,21,0,0,200,200,4,200,200,200,200
320578,0,30,0,0,0,1,7,6,0,200,200,23,22,0,5,0,7,200,0,200,200
320578,1,30,0,0,0,1,7,6,0,200,200,23,22,0,200,0,200,200,200,200,200
320583,0,30,0,0,0,1,2,5,0,0,1,200,200,1,6,0,0,0,0,200,200
320586,0,30,0,0,0,1,10,5,0,0,0,7,11,1,6,0,12,0,0,200,200
320586,0,30,0,0,0,1,10,5,0,0,0,7,11,1,6,0,0,0,0,200,200
320586,0,30,0,0,0,1,10,5,0,0,0,7,11,1,5,0,0,0,0,200,200
320586,1,30,0,0,0,1,10,5,0,0,0,7,11,1,5,0,200,200,200,200,200
320587,0,30,2,2,0,1,14,8,0,0,0,21,0,1,5,0,1,0,0,200,200
320587,0,30,2,2,0,1,14,8,0,0,0,21,0,0,7,0,1,0,0,200,200
320589,0,30,0,0,0,1,7,5,0,0,200,0,0,2,200,200,200,200,200,200,200
320591,0,5,0,0,0,1,10,6,0,0,0,12,16,0,7,0,0,0,0,200,200
320591,0,5,0,0,0,1,10,6,0,0,0,12,16,0,7,0,0,0,0,200,200
320596,0,30,0,0,0,200,7,5,0,0,0,200,200,2,200,200,200,200,200,200,200
320599,0,20,0,0,0,1,2,7,0,0,0,0,0,1,9,0,200,0,200,200,200
320606,0,30,0,0,0,1,12,5,3,0,0,200,200,1,6,200,0,0,0,200,200
320606,0,30,0,0,0,1,12,5,3,0,0,200,200,0,7,0,0,0,0,200,200
320614,0,30,1,2,200,1,10,2,0,200,200,0,0,0,200,200,200,200,200,200,200
320614,0,30,1,2,200,1,10,2,0,200,200,0,0,0,7,0,0,0,200,200,200
320618,0,30,0,0,0,3,7,5,0,0,0,200,200,2,200,200,200,200,200,200,200
320624,0,30,0,0,0,1,0,5,0,0,0,200,200,0,200,200,0,0,0,200,200
320624,0,30,0,0,0,1,0,5,0,0,0,200,200,0,7,1,0,0,0,200,200
320625,0,30,0,0,0,1,7,7,0,0,0,0,0,0,7,0,0,0,0,200,200
320627,0,30,1,2,0,1,10,5,0,0,0,18,200,0,200,0,3,0,0,200,200
320627,0,30,1,2,0,1,10,5,0,0,0,18,200,1,200,0,0,0,0,200,200
320627,1,30,1,2,0,1,10,5,0,0,0,18,200,0,200,0,200,200,200,200,200
320627,1,30,1,2,0,1,10,5,0,0,0,18,200,0,200,0,200,200,200,200,200
320636,0,45,1,2,0,1,10,6,0,0,0,11,200,0,200,200,1,200,200,200,200
320636,0,45,1,2,0,1,10,6,0,0,0,11,200,1,200,1,0,0,0,200,200
320643,0,30,1,2,0,1,14,6,0,0,0,22,200,1,5,200,2,200,200,200,200
320643,0,30,1,2,0,1,14,6,0,0,0,22,200,1,6,0,0,0,0,200,200
320648,0,30,1,2,0,1,14,2,0,0,0,200,200,0,6,0,0,0,5,200,200
320648,0,30,1,2,0,1,14,2,0,0,0,200,200,1,7,0,12,0,0,200,200
320648,1,30,1,2,0,1,14,2,0,0,0,200,200,1,6,0,200,200,200,200,200
320648,1,30,1,2,0,1,14,2,0,0,0,200,200,1,7,0,200,200,200,200,200
320649,0,45,0,0,0,1,14,3,3,0,0,3,18,0,6,0,7,0,200,200,200
320649,0,45,0,0,0,1,14,3,3,0,0,3,18,0,6,0,0,0,0,200,200
320651,0,30,1,2,0,1,14,5,0,0,0,31,0,1,6,0,7,200,0,200,200
320651,0,30,1,2,0,1,14,5,0,0,0,31,0,0,6,0,0,0,0,200,200
320653,0,30,0,0,0,1,12,3,0,0,0,0,0,0,200,200,1,200,200,200,200
320653,0,30,0,0,0,1,12,3,0,0,0,0,0,1,200,0,0,0,0,200,200
320654,0,30,0,0,0,1,12,6,0,0,0,11,200,0,6,200,3,0,0,200,200
320654,0,30,0,0,0,1,12,6,0,0,0,11,200,1,8,200,3,0,0,200,200
320654,1,30,0,0,0,1,12,6,0,0,0,11,200,0,200,200,200,200,200,200,200
320656,0,30,1,2,0,1,10,5,0,0,0,18,200,0,6,0,3,0,0,200,200
320656,0,30,1,2,0,1,10,5,0,0,0,18,200,0,7,0,0,0,0,200,200
320656,1,30,1,2,0,1,10,5,0,0,0,18,200,1,200,0,200,200,200,200,200
320656,1,30,1,2,0,1,10,5,0,0,0,18,200,0,200,0,200,200,200,200,200
320656,1,30,1,2,0,1,10,5,0,0,0,18,200,1,200,0,200,200,200,200,200
320661,0,10,0,0,0,1,12,7,0,0,0,0,200,0,6,0,12,0,0,200,200
320661,0,10,0,0,0,1,12,7,0,0,0,0,200,0,6,0,12,0,5,200,200
320662,0,35,0,0,0,1,12,5,0,0,0,0,0,0,8,200,0,0,0,200,200
320662,0,35,0,0,0,1,12,5,0,0,0,0,0,0,9,0,0,0,0,200,200
320664,0,30,1,2,0,1,0,5,0,0,0,6,25,1,5,0,5,200,0,200,200
320664,0,30,1,2,0,1,0,5,0,0,0,6,25,0,6,0,0,0,0,200,200
320664,1,30,1,2,0,1,0,5,0,0,0,6,25,0,200,0,200,200,200,200,200
320664,1,30,1,2,0,1,0,5,0,0,0,6,25,0,200,0,200,200,200,200,200
320668,0,30,0,0,0,1,12,5,0,0,0,22,25,0,200,200,2,200,200,200,200
320668,0,30,0,0,0,1,12,5,0,0,0,22,25,1,7,0,0,0,0,200,200
320668,1,30,0,0,0,1,12,5,0,0,0,22,25,1,9,0,200,200,200,200,200
320669,0,30,1,2,0,1,12,6,0,0,0,21,21,0,200,0,4,200,0,200,200
320669,0,30,1,2,0,1,12,6,0,0,0,21,21,0,7,0,200,200,0,200,200
320672,0,30,1,2,0,1,12,5,0,0,0,0,0,0,200,0,200,0,0,200,200
320672,0,30,1,2,0,1,12,5,0,0,0,0,0,1,200,0,200,0,0,200,200
320676,0,30,0,0,0,1,7,4,0,0,0,20,16,0,200,200,6,200,200,200,200
320680,0,30,0,0,0,1,10,5,0,0,0,0,0,1,200,200,200,200,200,200,200
320680,0,30,0,0,0,1,10,5,0,0,0,0,0,0,7,0,0,0,0,200,200
320681,0,25,0,0,0,1,10,6,0,0,0,10,200,0,6,200,9,200,0,200,200
320681,0,25,0,0,0,1,10,6,0,0,0,10,200,0,7,200,200,200,0,200,200
320684,0,30,0,0,0,1,7,2,0,0,0,0,0,1,200,200,12,200,200,200,200
320689,0,20,0,0,0,1,0,7,0,0,0,0,0,1,5,200,6,200,200,200,200
320689,0,20,0,0,0,1,0,7,0,0,0,0,0,0,6,200,12,200,200,200,200
320689,1,20,0,0,0,1,0,7,0,0,0,0,0,1,200,200,200,200,200,200,200
320693,0,30,200,200,0,1,14,5,0,0,0,17,0,0,8,200,12,200,0,200,200
320693,0,30,200,200,0,1,14,5,0,0,0,17,0,1,200,0,0,0,0,200,200
320693,1,30,200,200,0,1,14,5,0,0,0,17,0,1,200,0,200,200,200,200,200
320701,0,30,0,0,0,1,10,5,0,0,0,18,0,0,6,0,3,200,0,200,200
320701,0,30,0,0,0,1,10,5,0,0,0,18,0,1,6,0,0,0,0,200,200
320701,1,30,0,0,0,1,10,5,0,0,0,18,0,1,6,0,200,200,200,200,200
320701,1,30,0,0,0,1,10,5,0,0,0,18,0,0,200,5,200,200,200,200,200
320701,1,30,0,0,0,1,10,5,0,0,0,18,0,0,200,5,200,200,200,200,200
320704,1,30,0,3,0,1,12,2,0,0,0,21,200,1,200,0,200,200,200,200,200
320704,0,30,0,3,0,1,12,2,0,0,0,21,200,1,5,0,4,0,0,200,200
320704,0,30,0,3,0,1,12,2,0,0,0,21,200,0,8,0,0,0,0,200,200
320706,0,30,0,0,0,1,10,5,0,0,0,18,18,0,3,0,3,0,0,200,200
320706,0,30,0,0,0,1,10,5,0,0,0,18,18,0,8,0,0,0,0,200,200
320706,1,30,0,0,0,1,10,5,0,0,0,18,18,1,5,0,200,200,200,200,200
320706,1,30,0,0,0,1,10,5,0,0,0,18,18,1,200,0,200,200,200,200,200
320713,0,30,0,0,0,1,0,2,0,0,0,33,0,0,8,0,1,1,0,200,200
320713,0,30,0,0,0,1,0,2,0,0,0,33,0,1,5,0,0,0,0,200,200
320714,0,30,1,2,0,1,10,5,0,0,200,18,0,0,200,200,3,0,0,200,200
320714,0,30,1,2,0,1,10,5,0,0,200,18,0,0,7,0,0,0,0,200,200
320719,0,30,0,0,0,1,7,6,0,0,0,0,0,0,200,0,200,0,0,200,200
320720,0,30,0,0,0,1,7,5,0,0,0,16,200,1,200,200,12,200,200,200,200
320725,0,30,0,0,0,1,10,5,0,0,0,0,0,1,6,0,1,0,0,200,200
320725,0,30,0,0,0,1,10,5,0,0,0,0,0,0,5,0,0,0,0,200,200
320726,0,15,0,0,0,1,7,6,0,0,0,0,0,2,200,200,200,200,200,200,200
320730,0,30,1,2,0,1,10,5,0,0,0,18,200,0,7,0,3,0,0,200,200
320730,0,30,1,2,0,1,10,5,0,0,0,18,200,0,6,0,0,0,0,200,200
320730,1,30,1,2,0,1,10,5,0,0,0,18,200,1,6,0,200,200,200,200,200
320733,0,30,1,2,0,1,10,5,0,0,0,0,0,1,5,0,200,0,0,200,200
320733,0,30,1,2,0,1,10,5,0,0,0,0,0,1,200,0,0,0,0,200,200
320740,0,45,0,0,0,1,12,5,0,0,0,21,23,1,7,7,0,0,0,200,200
320740,0,45,0,0,0,1,12,5,0,0,0,21,23,1,5,200,1,0,0,200,200
320743,0,30,2,2,0,1,10,2,0,0,0,7,9,0,6,0,12,0,0,200,200
320743,0,30,2,2,0,1,10,2,0,0,0,7,9,0,6,0,0,0,0,200,200
320743,1,30,2,2,0,1,10,2,0,0,0,7,9,1,200,0,200,200,200,200,200
320743,1,30,2,2,0,1,10,2,0,0,0,7,9,1,7,0,200,200,200,200,200
320744,0,30,1,2,0,1,12,3,0,0,0,0,200,1,200,200,200,200,200,200,200
320744,0,30,1,2,0,1,12,3,0,0,0,0,200,0,7,0,0,0,0,200,200
320747,0,30,0,0,0,1,14,1,0,0,0,21,11,1,5,0,7,200,0,200,200
320747,0,30,0,0,0,1,14,1,0,0,0,21,11,1,7,0,12,200,0,200,200
320748,0,45,0,0,0,1,10,3,0,0,0,18,16,0,6,0,3,0,0,200,200