RD_NO,PERSON_TYPE,POSTED_SPEED_LIMIT,TRAFFIC_CONTROL_DEVICE,DEVICE_CONDITION,WEATHER_CONDITION,LIGHTING_CONDITION,FIRST_CRASH_TYPE,TRAFFICWAY_TYPE,ALIGNMENT,ROADWAY_SURFACE_COND,ROAD_DEFECT,PRIM_CONTRIBUTORY_CAUSE,SEC_CONTRIBUTORY_CAUSE,SEX,AGE,SAFETY_EQUIPMENT,DRIVER_ACTION,DRIVER_VISION,PHYSICAL_CONDITION,BAC_RESULT VALUE,CELL_PHONE_USE
322037,0,10,0,0,0,0,7,7,0,200,200,33,22,1,6,0,10,12,0,200,200
322040,0,30,2,2,0,1,10,5,0,0,0,0,0,0,5,0,1,0,0,200,200
322040,0,30,2,2,0,1,10,5,0,0,0,0,0,1,7,1,0,0,0,200,200
322053,0,30,0,0,0,1,10,5,0,0,0,18,16,0,200,200,3,200,200,200,200
322053,0,30,0,0,0,1,10,5,0,0,0,18,16,0,200,0,0,0,0,200,200
322059,0,25,1,1,0,1,12,1,0,0,200,17,0,0,200,200,1,200,200,200,200
322059,0,25,1,1,0,1,12,1,0,0,200,17,0,0,0,0,0,200,0,200,200
322059,1,25,1,1,0,1,12,1,0,0,200,17,0,1,5,0,200,200,200,200,200
322065,0,30,1,2,0,1,9,5,0,0,0,0,14,0,200,200,1,200,200,200,200
322065,5,30,1,2,0,1,9,5,0,0,0,0,14,0,8,200,200,200,200,200,200
322071,0,25,0,0,0,4,7,6,0,0,0,0,200,0,200,0,200,0,0,200,200
322084,0,30,0,0,0,1,7,5,0,0,0,0,0,1,6,0,0,0,0,200,200
322094,0,30,0,0,0,1,10,5,0,0,200,18,200,1,200,200,3,200,200,200,200
322094,0,30,0,0,0,1,10,5,0,0,200,18,200,0,6,200,0,200,200,200,200
322094,1,30,0,0,0,1,10,5,0,0,200,18,200,1,6,200,200,200,200,200,200
322099,0,5,0,0,0,1,0,7,3,200,200,0,200,0,8,200,6,200,0,200,200
322099,0,5,0,0,0,1,0,7,3,200,200,0,200,0,5,0,0,0,0,200,200
322103,0,35,1,2,0,1,14,2,0,0,0,17,200,1,5,200,1,0,0,200,200
322103,0,35,1,2,0,1,14,2,0,0,0,17,200,0,5,200,0,0,0,200,200
322108,0,15,0,0,0,1,7,7,0,0,0,22,0,0,200,200,10,0,0,200,200
322108,1,15,0,0,0,1,7,7,0,0,0,22,0,0,3,0,200,200,200,200,200
322108,1,15,0,0,0,1,7,7,0,0,0,22,0,1,6,0,200,200,200,200,200
322127,0,30,2,2,0,1,14,2,0,0,0,0,200,0,5,0,12,0,0,200,200
322127,0,30,2,2,0,1,14,2,0,0,0,0,200,0,9,0,1,200,0,200,200
322128,0,5,0,0,0,1,0,7,0,0,0,20,0,0,8,0,6,0,0,200,200
322128,0,5,0,0,0,1,0,7,0,0,0,20,0,1,8,0,0,0,0,200,200
322132,0,30,0,0,0,1,14,5,0,0,0,17,0,0,7,0,1,0,0,200,200
322132,0,30,0,0,0,1,14,5,0,0,0,17,0,0,5,0,12,0,0,200,200
322133,0,30,0,0,0,1,8,5,0,0,0,0,0,0,6,0,1,0,0,200,200
322133,4,30,0,0,0,1,8,5,0,0,0,0,0,0,5,2,0,0,0,200,200
322134,0,20,0,0,0,1,10,2,0,0,200,18,18,0,7,200,3,200,0,200,200
322134,0,20,0,0,0,1,10,2,0,0,200,18,18,0,7,200,0,200,200,200,200
322143,0,0,0,0,0,0,10,3,0,0,0,18,200,0,5,200,3,200,200,200,200
322143,0,0,0,0,0,0,10,3,0,0,0,18,200,0,4,0,0,0,0,200,200
322145,0,20,0,0,0,1,2,5,0,0,0,27,200,0,200,200,12,12,12,200,200
322155,0,30,1,2,0,1,14,3,0,0,0,23,200,0,5,0,7,0,0,200,200
322155,0,30,1,2,0,1,14,3,0,0,0,23,200,0,7,0,0,0,0,200,200
322161,0,30,2,0,0,1,14,5,0,0,200,0,0,0,200,200,1,200,200,200,200
322161,0,30,2,0,0,1,14,5,0,0,200,0,0,0,7,0,200,0,0,200,200
322161,1,30,2,0,0,1,14,5,0,0,200,0,0,200,200,0,200,200,200,200,200
322162,5,35,0,0,0,1,9,5,0,0,0,6,200,0,6,7,12,0,0,200,200
322162,0,35,0,0,0,1,9,5,0,0,0,6,200,0,7,0,0,0,0,200,200
322163,0,30,0,0,0,1,10,5,0,0,12,11,0,0,4,200,3,200,0,200,200
322163,0,30,0,0,0,1,10,5,0,0,12,11,0,0,7,200,0,200,0,200,200
322163,1,30,0,0,0,1,10,5,0,0,12,11,0,0,4,200,200,200,200,200,200
322163,1,30,0,0,0,1,10,5,0,0,12,11,0,1,7,200,200,200,200,200,200
322163,1,30,0,0,0,1,10,5,0,0,12,11,0,1,6,200,200,200,200,200,200
322163,1,30,0,0,0,1,10,5,0,0,12,11,0,1,0,200,200,200,200,200,200
322163,1,30,0,0,0,1,10,5,0,0,12,11,0,0,1,200,200,200,200,200,200
322165,0,30,0,0,0,1,7,6,0,0,0,0,200,2,200,200,200,200,200,200,200
322170,0,30,1,2,0,1,12,5,0,0,0,0,0,0,6,0,0,0,0,200,200
322170,0,30,1,2,0,1,12,5,0,0,0,0,0,1,6,0,0,0,0,200,200
322175,0,30,1,2,0,1,10,5,0,0,0,18,16,0,7,0,3,0,0,200,200
322175,0,30,1,2,0,1,10,5,0,0,0,18,16,0,5,0,0,0,0,200,200
322181,0,30,0,0,0,1,7,5,0,0,0,0,200,0,7,0,7,0,0,200,200
322181,1,30,0,0,0,1,7,5,0,0,0,0,200,0,6,0,200,200,200,200,200
322184,0,30,0,0,0,1,7,6,0,0,0,0,200,0,200,200,200,200,200,200,200
322185,0,30,0,0,0,1,7,5,0,0,0,0,0,0,9,0,0,0,0,200,200
322188,0,30,1,2,0,1,14,5,0,0,0,23,200,1,6,0,7,200,200,200,200
322188,0,30,1,2,0,1,14,5,0,0,0,23,200,0,6,0,0,0,0,200,200
322188,1,30,1,2,0,1,14,5,0,0,0,23,200,0,200,7,200,200,200,200,200
322190,0,30,1,2,0,1,12,12,0,0,0,0,200,0,200,200,200,200,0,200,200
322190,0,30,1,2,0,1,12,12,0,0,0,0,200,0,200,200,0,200,0,200,200
322193,0,30,0,0,0,1,12,5,0,0,0,0,200,1,7,0,200,200,0,200,200
322193,0,30,0,0,0,1,12,5,0,0,0,0,200,0,6,0,200,200,0,200,200
322193,1,30,0,0,0,1,12,5,0,0,0,0,200,1,6,0,200,200,200,200,200
322195,0,30,2,2,0,1,14,5,0,0,0,5,200,0,8,0,5,0,0,200,200
322195,0,30,2,2,0,1,14,5,0,0,0,5,200,0,5,0,0,0,0,200,200
322195,1,30,2,2,0,1,14,5,0,0,0,5,200,1,200,0,200,200,200,200,200
322195,1,30,2,2,0,1,14,5,0,0,0,5,200,1,200,0,200,200,200,200,200
322204,0,30,0,0,0,1,2,4,0,0,0,0,0,0,200,0,12,0,0,200,200
322205,0,30,1,2,0,1,10,5,0,0,0,18,16,0,6,200,3,0,0,200,200
322205,0,30,1,2,0,1,10,5,0,0,0,18,16,1,5,0,0,0,0,200,200
322206,0,35,2,2,0,1,10,5,0,0,0,7,0,0,5,0,12,12,0,200,200
322206,0,35,2,2,0,1,10,5,0,0,0,7,0,0,8,0,0,0,0,200,200
322212,0,30,1,2,0,1,12,5,0,0,0,200,200,0,6,0,0,0,0,200,200
322212,0,30,1,2,0,1,12,5,0,0,0,200,200,1,8,0,0,0,0,200,200
322217,0,35,2,2,0,1,7,5,0,0,0,20,200,2,200,200,200,200,200,200,200
322218,0,30,0,0,0,1,14,5,0,0,0,17,200,0,6,0,0,0,0,200,200
322218,0,30,0,0,0,1,14,5,0,0,0,17,200,1,5,0,1,0,0,200,200
322223,0,30,1,2,0,1,0,5,0,0,0,6,15,1,5,0,8,0,0,200,200
322223,0,30,1,2,0,1,0,5,0,0,0,6,15,0,7,0,0,0,0,200,200
322225,0,30,0,0,0,1,10,3,0,0,0,0,0,1,5,200,200,0,200,200,200
322225,0,30,0,0,0,1,10,3,0,0,0,0,0,0,7,0,0,0,0,200,200
322225,1,30,0,0,0,1,10,3,0,0,0,0,0,0,3,0,200,200,200,200,200
322231,0,30,1,2,0,1,14,5,0,0,0,17,0,1,200,0,1,0,0,200,200
322231,0,30,1,2,0,1,14,5,0,0,0,17,0,0,6,0,12,0,0,200,200
322233,0,30,2,0,0,1,2,5,0,0,12,200,0,0,0,0,12,0,0,200,200
322236,0,30,2,2,0,1,0,5,0,0,200,17,200,1,7,0,1,0,0,200,200
322236,0,30,2,2,0,1,0,5,0,0,200,17,200,1,8,0,0,0,0,200,200
322236,1,30,2,2,0,1,0,5,0,0,200,17,200,1,2,0,200,200,200,200,200
322239,0,30,2,2,0,1,10,5,0,0,200,16,0,0,7,200,200,200,200,200,200
322239,0,30,2,2,0,1,10,5,0,0,200,16,0,1,7,0,0,0,0,200,200
322252,0,30,0,0,0,1,10,5,0,0,0,0,0,1,200,200,200,200,200,200,200
322252,0,30,0,0,0,1,10,5,0,0,0,0,0,0,6,0,0,0,0,200,200
322253,0,15,0,0,0,1,7,7,0,0,0,0,0,2,200,200,200,200,200,200,200
322255,0,30,0,0,0,1,12,5,0,0,0,16,200,1,8,200,1,0,0,200,200
322255,0,30,0,0,0,1,12,5,0,0,0,16,200,0,6,200,0,0,0,200,200
322258,0,30,0,0,0,1,12,5,0,0,0,21,11,0,200,200,4,200,200,200,200
322258,0,30,0,0,0,1,12,5,0,0,0,21,11,1,5,0,0,0,0,200,200
322266,0,30,0,0,0,1,12,6,0,0,0,17,200,0,7,200,1,200,0,200,200
322266,0,30,0,0,0,1,12,6,0,0,0,17,200,1,6,200,0,0,0,200,200
322269,0,20,0,0,0,1,0,7,0,0,0,20,0,1,200,200,6,200,0,200,200
322269,0,20,0,0,0,1,0,7,0,0,0,20,0,1,5,0,0,0,0,200,200
322269,1,20,0,0,0,1,0,7,0,0,0,20,0,0,200,0,200,200,200,200,200
322270,0,30,0,0,0,1,10,2,0,0,0,18,16,0,200,200,3,200,200,200,200
322270,0,30,0,0,0,1,10,2,0,0,0,18,16,0,5,200,0,0,0,200,200
322270,1,30,0,0,0,1,10,2,0,0,0,18,16,1,3,200,200,200,200,200,200
322277,0,20,0,0,0,1,7,6,0,0,0,20,200,0,6,200,12,0,0,200,200
322283,0,30,0,0,0,1,7,5,0,0,0,12,200,0,200,200,12,200,200,200,200
322284,0,30,0,0,0,1,7,5,0,0,0,0,0,1,200,200,200,200,200,200,200
322285,0,30,0,0,0,1,10,5,0,0,0,18,200,1,6,0,3,0,0,200,200
322285,0,30,0,0,0,1,10,5,0,0,0,18,200,0,6,0,0,0,0,200,200
322297,0,30,1,2,0,1,14,5,0,0,0,17,16,0,6,0,1,0,0,200,200
322297,0,30,1,2,0,1,14,5,0,0,0,17,16,1,8,0,0,0,0,200,200
322297,1,30,1,2,0,1,14,5,0,0,0,17,16,1,6,0,200,200,200,200,200
322301,0,30,0,0,0,1,7,6,0,200,200,200,200,1,6,0,12,12,0,200,200
322301,1,30,0,0,0,1,7,6,0,200,200,200,200,0,6,0,200,200,200,200,200
322302,0,30,0,0,0,1,12,5,0,0,0,21,0,0,200,200,4,200,200,200,200
322302,0,30,0,0,0,1,12,5,0,0,0,21,0,0,4,0,12,0,0,200,200
322309,0,30,2,2,0,1,0,2,0,0,0,0,200,0,5,200,200,0,0,200,200
322309,0,30,2,2,0,1,0,2,0,0,0,0,200,0,5,200,200,0,0,200,200
322309,1,30,2,2,0,1,0,2,0,0,0,0,200,1,7,200,200,200,200,200,200
322309,1,30,2,2,0,1,0,2,0,0,0,0,200,1,5,200,200,200,200,200,200
322309,1,30,2,2,0,1,0,2,0,0,0,0,200,0,0,5,200,200,200,200,200
322313,0,30,0,0,0,1,14,2,0,0,200,0,0,0,6,200,200,200,200,200,200
322313,0,30,0,0,0,1,14,2,0,0,200,0,0,0,5,200,200,200,0,200,200
322314,0,10,0,0,0,1,7,7,0,200,200,0,200,2,200,200,200,200,200,200,200
322316,0,30,0,0,0,1,14,5,0,0,0,0,200,1,6,0,200,0,0,200,200
322316,0,30,0,0,0,1,14,5,0,0,0,0,200,1,6,0,0,0,0,200,200
322316,1,30,0,0,0,1,14,5,0,0,0,0,200,1,5,0,200,200,200,200,200
322316,1,30,0,0,0,1,14,5,0,0,0,0,200,0,2,0,200,200,200,200,200
322320,0,30,0,0,0,1,12,5,0,0,0,0,0,1,6,200,200,200,200,200,200
322320,0,30,0,0,0,1,12,5,0,0,0,0,0,0,6,0,0,0,0,200,200
322325,0,30,2,2,0,1,14,5,0,0,0,0,0,1,6,200,1,200,200,200,200
322325,0,30,2,2,0,1,14,5,0,0,0,0,0,0,6,0,0,0,0,200,200
322329,0,30,1,2,0,1,14,5,0,0,0,18,18,1,5,0,3,0,0,200,200
322329,0,30,1,2,0,1,14,5,0,0,0,18,18,0,7,0,0,0,0,200,200
322329,1,30,1,2,0,1,14,5,0,0,0,18,18,0,8,0,200,200,200,200,200
322336,0,15,0,0,0,1,10,4,0,0,0,18,16,0,4,0,3,0,0,200,200
322336,0,15,0,0,0,1,10,4,0,0,0,18,16,1,5,0,0,0,0,200,200
322343,4,30,1,2,0,1,8,2,0,0,0,16,0,0,5,200,1,0,0,200,200
322343,0,30,1,2,0,1,8,2,0,0,0,16,0,1,6,0,0,0,0,200,200
322343,1,30,1,2,0,1,8,2,0,0,0,16,0,0,2,0,200,200,200,200,200
322344,0,30,5,2,0,1,7,5,0,0,0,0,0,1,4,200,200,200,0,200,200
322350,0,30,1,2,0,1,14,6,0,0,0,0,0,1,200,0,7,0,0,200,200
322350,0,30,1,2,0,1,14,6,0,0,0,0,0,1,200,0,0,0,0,200,200
322355,0,30,0,0,0,1,14,2,0,0,0,0,0,0,6,200,200,200,200,200,200
322355,0,30,0,0,0,1,14,2,0,0,0,0,0,1,5,0,0,0,0,200,200
322355,1,30,0,0,0,1,14,2,0,0,0,0,0,0,1,0,200,200,200,200,200
322355,1,30,0,0,0,1,14,2,0,0,0,0,0,1,200,200,200,200,200,200,200
322355,1,30,0,0,0,1,14,2,0,0,0,0,0,0,200,200,200,200,200,200,200
322356,0,30,0,0,0,1,12,6,0,0,200,17,17,0,6,200,1,0,0,200,200
322356,0,30,0,0,0,1,12,6,0,0,200,17,17,1,6,0,0,0,0,200,200
322356,1,30,0,0,0,1,12,6,0,0,200,17,17,1,200,0,200,200,200,200,200
322356,1,30,0,0,0,1,12,6,0,0,200,17,17,1,200,0,200,200,200,200,200
322357,0,35,200,200,0,1,12,5,0,0,200,200,0,0,6,200,200,200,200,200,200
322357,0,35,200,200,0,1,12,5,0,0,200,200,0,0,6,200,200,200,200,200,200
322360,0,30,1,2,0,1,12,6,0,0,0,12,200,1,4,0,12,0,0,200,200
322360,0,30,1,2,0,1,12,6,0,0,0,12,200,1,7,0,0,0,0,200,200
322360,1,30,1,2,0,1,12,6,0,0,0,12,200,0,0,5,200,200,200,200,200
322362,0,30,1,2,0,1,7,5,0,0,0,0,22,0,200,200,200,200,200,200,200
322362,0,30,1,2,0,1,7,5,0,0,0,0,22,1,200,200,12,0,0,200,200
322376,0,30,0,0,0,1,10,2,0,0,0,16,200,0,7,0,3,0,0,200,200
322376,0,30,0,0,0,1,10,2,0,0,0,16,200,0,6,0,0,0,0,200,200
322377,0,5,0,0,0,1,7,7,0,0,0,200,200,1,6,200,200,200,0,200,200
322377,1,5,0,0,0,1,7,7,0,0,0,200,200,1,200,200,200,200,200,200,200
322377,1,5,0,0,0,1,7,7,0,0,0,200,200,0,6,200,200,200,200,200,200
322380,0,30,1,2,0,1,14,2,0,0,0,17,33,1,6,0,1,12,0,200,200
322380,0,30,1,2,0,1,14,2,0,0,0,17,33,1,4,0,0,12,0,200,200
322381,0,45,0,0,0,1,12,5,0,0,0,23,21,0,200,200,2,0,0,200,200
322381,0,45,0,0,0,1,12,5,0,0,0,23,21,1,6,200,0,0,0,200,200
322387,0,30,0,0,0,1,12,5,0,0,0,22,16,0,8,0,4,0,0,200,200
322387,0,30,0,0,0,1,12,5,0,0,0,22,16,0,6,0,0,0,0,200,200
322393,0,30,0,0,0,1,10,5,0,0,200,18,200,1,2,0,3,0,0,200,200
322393,0,30,0,0,0,1,10,5,0,0,200,18,200,0,6,0,0,0,0,200,200
322393,1,30,0,0,0,1,10,5,0,0,200,18,200,0,8,0,200,200,200,200,200
322393,1,30,0,0,0,1,10,5,0,0,200,18,200,200,200,0,200,200,200,200,200
322393,1,30,0,0,0,1,10,5,0,0,200,18,200,0,2,0,200,200,200,200,200
322397,0,30,200,200,0,1,2,5,0,0,0,0,0,0,7,0,200,0,0,200,200
322399,0,30,0,0,0,1,7,5,0,200,200,0,200,2,200,200,200,200,200,200,200
322401,0,30,1,2,0,1,10,5,0,200,200,7,7,0,7,200,12,200,200,200,200
322401,0,30,1,2,0,1,10,5,0,200,200,7,7,1,6,0,200,200,0,200,200
322404,0,30,0,0,0,1,10,5,0,0,0,0,200,0,200,0,200,200,0,200,200
322404,0,30,0,0,0,1,10,5,0,0,0,0,200,0,6,0,0,0,0,200,200
322408,0,30,1,2,0,3,10,2,0,0,0,0,200,0,200,200,200,0,200,200,200
322408,0,30,1,2,0,3,10,2,0,0,0,0,200,1,4,0,200,0,200,200,200
322410,0,30,0,0,0,1,14,5,0,0,0,23,200,1,5,0,7,0,0,200,200
322410,0,30,0,0,0,1,14,5,0,0,0,23,200,0,5,0,0,0,0,200,200
322410,1,30,0,0,0,1,14,5,0,0,0,23,200,0,4,0,200,200,200,200,200
322412,0,30,0,0,0,1,12,5,0,0,0,0,0,0,200,200,200,200,200,200,200
322412,0,30,0,0,0,1,12,5,0,0,0,0,0,0,7,0,0,0,0,200,200
322416,0,35,0,0,0,1,10,2,0,0,0,16,200,0,6,0,1,0,0,200,200
322416,0,35,0,0,0,1,10,2,0,0,0,16,200,0,7,0,0,0,0,200,200
322417,0,25,0,0,0,1,12,3,0,200,200,0,200,0,5,0,200,200,0,200,200
322417,0,25,0,0,0,1,12,3,0,200,200,0,200,0,6,0,0,200,0,200,200
322417,1,25,0,0,0,1,12,3,0,200,200,0,200,1,200,200,200,200,200,200,200
322417,1,25,0,0,0,1,12,3,0,200,200,0,200,1,200,200,200,200,200,200,200
322417,1,25,0,0,0,1,12,3,0,200,200,0,200,0,200,200,200,200,200,200,200
322417,1,25,0,0,0,1,12,3,0,200,200,0,200,0,200,200,200,200,200,200,200
322418,0,25,0,0,0,1,7,6,0,0,0,11,0,0,4,0,12,0,0,200,200
322419,0,5,0,0,0,1,12,7,0,0,0,25,200,1,200,200,12,0,1,200,200
322419,0,5,0,0,0,1,12,7,0,0,0,25,200,0,6,0,0,4,0,200,200
322422,0,30,0,0,0,1,7,5,0,0,200,0,200,2,200,200,200,200,200,200,200
322424,0,30,1,2,0,1,10,5,0,0,0,18,0,1,200,200,3,200,200,200,200
322424,0,30,1,2,0,1,10,5,0,0,0,18,0,1,6,200,0,0,0,200,200
322433,0,30,2,2,0,1,10,5,0,0,0,18,200,0,5,200,3,0,0,200,200
322433,0,30,2,2,0,1,10,5,0,0,0,18,200,1,6,200,0,0,0,200,200
322433,1,30,2,2,0,1,10,5,0,0,0,18,200,1,200,200,200,200,200,200,200
322434,0,30,0,0,0,1,14,2,0,0,0,0,200,0,6,0,200,200,200,200,200
322434,0,30,0,0,0,1,14,2,0,0,0,0,200,1,5,0,200,200,0,200,200
322434,1,30,0,0,0,1,14,2,0,0,0,0,200,1,5,0,200,200,200,200,200
322434,1,30,0,0,0,1,14,2,0,0,0,0,200,1,200,0,200,200,200,200,200
322434,1,30,0,0,0,1,14,2,0,0,0,0,200,2,200,0,200,200,200,200,200
322435,0,20,0,0,0,1,7,6,0,0,0,0,0,2,200,200,1,200,200,200,200
322438,0,30,0,0,0,1,7,6,0,0,0,0,0,2,200,200,200,200,200,200,200
322441,0,35,8,2,0,1,12,2,0,0,0,21,21,1,7,0,12,200,0,200,200
322441,0,35,8,2,0,1,12,2,0,0,0,21,21,1,6,0,0,0,0,200,200
322444,0,30,0,0,0,1,8,5,0,0,0,0,200,2,200,200,1,200,200,200,200
322444,4,30,0,0,0,1,8,5,0,0,0,0,200,1,5,3,0,0,7,200,200
322445,0,30,1,2,0,1,10,5,0,0,0,0,0,0,9,200,3,0,200,200,200
322445,0,30,1,2,0,1,10,5,0,0,0,0,0,1,200,0,0,0,0,200,200
322445,1,30,1,2,0,1,10,5,0,0,0,0,0,1,200,200,200,200,200,200,200
322459,0,15,0,0,0,1,7,6,0,0,0,0,0,2,200,200,200,200,200,200,200
322462,0,30,1,200,0,1,14,5,0,0,200,0,0,1,6,0,200,200,200,200,200
322462,0,30,1,200,0,1,14,5,0,0,200,0,0,1,6,0,0,200,200,200,200
322467,0,35,1,2,0,3,10,5,0,0,0,18,200,0,7,200,3,0,0,200,200
322467,0,35,1,2,0,3,10,5,0,0,0,18,200,0,7,0,0,0,0,200,200
322471,0,0,0,0,0,0,11,5,0,0,0,0,0,1,200,200,200,200,200,200,200
322471,0,0,0,0,0,0,11,5,0,0,0,0,0,0,5,200,0,0,0,200,200
322471,1,0,0,0,0,0,11,5,0,0,0,0,0,1,200,200,200,200,200,200,200
322476,0,30,0,0,0,1,7,2,0,0,0,11,200,1,200,200,12,200,0,200,200
322476,1,30,0,0,0,1,7,2,0,0,0,11,200,0,200,200,200,200,200,200,200
322480,0,25,0,0,0,1,7,2,0,0,0,0,0,2,200,200,1,200,200,200,200
322486,0,30,0,0,0,1,14,5,0,0,0,0,200,1,7,0,200,0,0,200,200
322486,0,30,0,0,0,1,14,5,0,0,0,0,200,0,6,2,0,0,0,200,200
322488,0,30,0,0,0,1,2,5,0,0,0,0,0,0,5,0,0,0,0,200,200
322506,0,30,0,0,0,1,14,5,0,0,0,20,200,1,200,200,6,200,200,200,200
322506,0,30,0,0,0,1,14,5,0,0,0,20,200,0,5,0,0,0,0,200,200
322508,0,30,0,0,0,1,14,5,0,0,0,0,0,1,6,200,200,0,200,200,200
322508,0,30,0,0,0,1,14,5,0,0,0,0,0,1,6,0,0,0,0,200,200
322516,0,30,1,2,0,1,10,2,0,0,0,18,16,0,200,200,3,200,200,200,200
322516,0,30,1,2,0,1,10,2,0,0,0,18,16,1,5,0,0,0,0,200,200
322523,0,35,0,0,0,1,3,2,0,0,0,0,0,0,200,200,200,200,200,200,200
322523,0,35,0,0,0,1,3,2,0,0,0,0,0,0,8,200,0,0,0,200,200
322526,0,25,0,0,0,1,7,2,0,0,0,0,0,2,200,200,1,200,200,200,200
322532,0,30,0,0,0,1,12,5,0,0,0,22,0,0,200,200,4,200,200,200,200
322532,0,30,0,0,0,1,12,5,0,0,0,22,0,0,8,0,0,0,0,200,200
322532,1,30,0,0,0,1,12,5,0,0,0,22,0,0,6,0,200,200,200,200,200
322533,0,10,0,0,0,1,7,7,0,0,0,11,0,1,200,200,200,200,200,200,200
322538,0,30,0,0,0,1,8,2,0,0,0,16,33,0,7,0,12,1,0,200,200
322538,4,30,0,0,0,1,8,2,0,0,0,16,33,0,2,7,12,0,0,200,200
322539,0,30,0,0,0,1,7,2,0,0,0,32,200,0,6,200,12,0,5,0.18,200
322543,0,30,1,2,0,1,10,5,0,0,0,8,11,0,6,0,0,0,0,200,200
322543,0,30,1,2,0,1,10,5,0,0,0,8,11,0,5,0,12,0,0,200,200
322544,0,30,0,0,0,1,12,5,0,0,0,17,0,1,4,0,1,0,0,200,200
322544,0,30,0,0,0,1,12,5,0,0,0,17,0,0,6,0,0,0,0,200,200
322544,1,30,0,0,0,1,12,5,0,0,0,17,0,1,4,0,200,200,200,200,200
322544,1,30,0,0,0,1,12,5,0,0,0,17,0,1,4,0,200,200,200,200,200
322559,0,30,0,0,0,1,12,5,0,0,0,22,200,1,200,200,2,200,200,200,200
322559,0,30,0,0,0,1,12,5,0,0,0,22,200,0,6,0,0,0,0,200,200
322566,0,30,0,0,0,1,7,7,0,0,0,0,0,0,8,0,6,0,0,200,200
322568,0,25,1,2,0,1,12,5,0,0,0,11,0,1,7,0,4,0,0,200,200
322568,0,25,1,2,0,1,12,5,0,0,0,11,0,1,6,0,12,0,0,200,200
322575,0,30,0,0,0,1,12,5,0,0,0,11,17,1,6,0,12,0,0,200,200
322575,0,30,0,0,0,1,12,5,0,0,0,11,17,1,200,200,12,200,200,200,200
322578,0,30,0,0,0,1,8,5,0,0,0,11,0,0,200,200,12,200,200,200,200
322578,4,30,0,0,0,1,8,5,0,0,0,11,0,1,5,3,0,200,1,200,200
322595,0,30,0,0,0,1,10,5,0,0,0,18,16,0,6,200,3,0,0,200,200
322595,0,30,0,0,0,1,10,5,0,0,0,18,16,1,6,0,0,0,0,200,200
322599,0,30,0,0,0,1,5,5,0,0,0,0,0,0,6,0,12,0,0,200,200
322600,0,30,0,0,200,200,7,2,0,200,200,0,200,2,200,200,200,200,200,200,200
322601,0,20,0,0,0,1,0,2,0,0,200,18,18,1,5,200,1,200,200,200,200
322601,0,20,0,0,0,1,0,2,0,0,200,18,18,1,5,200,0,200,0,200,200
322603,0,30,0,0,0,1,10,5,0,0,0,25,16,1,3,2,12,0,0,200,200
322603,0,30,0,0,0,1,10,5,0,0,0,25,16,1,5,2,12,0,0,200,200
322613,0,30,0,0,2,1,5,5,0,1,12,0,0,0,7,0,0,200,200,200,200
322616,0,0,0,0,0,1,0,7,0,0,0,0,200,0,200,0,200,0,200,200,200
322616,0,0,0,0,0,1,0,7,0,0,0,0,200,1,6,0,0,0,0,200,200
322625,0,30,1,2,0,1,10,5,0,0,0,18,200,1,5,0,3,0,0,200,200
322625,0,30,1,2,0,1,10,5,0,0,0,18,200,0,7,0,0,0,0,200,200
322634,0,25,0,0,0,3,7,2,0,0,0,0,0,0,200,200,1,200,200,200,200
322635,0,30,0,200,0,4,7,5,0,0,0,0,200,1,6,200,200,200,0,200,200
322638,0,30,0,0,0,1,12,6,0,0,0,0,0,0,200,0,4,0,0,200,200
322638,0,30,0,0,0,1,12,6,0,0,0,0,0,0,200,0,0,0,0,200,200
322638,1,30,0,0,0,1,12,6,0,0,0,0,0,1,200,0,200,200,200,200,200
322638,1,30,0,0,0,1,12,6,0,0,0,0,0,0,200,0,200,200,200,200,200
322638,1,30,0,0,0,1,12,6,0,0,0,0,0,1,200,0,200,200,200,200,200
322639,0,30,1,2,0,1,3,5,0,0,0,25,11,0,3,7,12,200,0,200,200
322639,0,30,1,2,0,1,3,5,0,0,0,25,11,0,6,0,0,0,0,200,200
322662,0,35,1,2,0,1,14,5,0,0,200,17,17,0,6,0,1,200,0,200,200
322662,0,35,1,2,0,1,14,5,0,0,200,17,17,1,5,0,1,0,0,200,200
322662,1,35,1,2,0,1,14,5,0,0,200,17,17,0,7,0,200,200,200,200,200
322662,1,35,1,2,0,1,14,5,0,0,200,17,17,0,6,0,200,200,200,200,200
322695,0,30,1,2,0,1,10,5,0,0,0,18,200,0,6,0,3,0,0,200,200
322695,0,30,1,2,0,1,10,5,0,0,0,18,200,1,8,0,0,0,0,200,200
322696,0,30,1,2,0,1,10,5,0,0,0,0,200,1,6,200,3,200,200,200,200
322696,0,30,1,2,0,1,10,5,0,0,0,0,200,1,8,0,0,0,0,200,200
322698,0,30,2,200,0,3,11,5,0,200,200,0,200,0,200,200,200,200,200,200,200
322698,0,30,2,200,0,3,11,5,0,200,200,0,200,1,5,200,200,200,0,200,200
322700,0,30,0,0,0,1,2,7,0,0,0,0,200,1,9,0,3,0,0,200,200
322705,0,30,1,200,0,1,10,5,0,0,200,200,200,1,5,200,3,200,0,200,200
322705,0,30,1,200,0,1,10,5,0,0,200,200,200,1,200,200,0,200,200,200,200
322705,1,30,1,200,0,1,10,5,0,0,200,200,200,0,200,200,200,200,200,200,200
322707,0,30,0,0,0,3,10,5,0,0,200,18,11,0,6,200,1,200,200,200,200