RD_NO,PERSON_TYPE,POSTED_SPEED_LIMIT,TRAFFIC_CONTROL_DEVICE,DEVICE_CONDITION,WEATHER_CONDITION,LIGHTING_CONDITION,FIRST_CRASH_TYPE,TRAFFICWAY_TYPE,ALIGNMENT,ROADWAY_SURFACE_COND,ROAD_DEFECT,PRIM_CONTRIBUTORY_CAUSE,SEC_CONTRIBUTORY_CAUSE,SEX,AGE,SAFETY_EQUIPMENT,DRIVER_ACTION,DRIVER_VISION,PHYSICAL_CONDITION,BAC_RESULT VALUE,CELL_PHONE_USE
322707,0,30,0,0,0,3,10,5,0,0,200,18,11,1,7,200,0,0,0,200,200
322717,0,30,0,0,0,3,10,5,0,0,0,18,16,0,5,200,3,0,0,200,200
322717,0,30,0,0,0,3,10,5,0,0,0,18,16,0,6,200,0,0,0,200,200
322717,0,30,0,0,0,3,10,5,0,0,0,18,16,1,6,200,0,0,0,200,200
322735,0,30,0,0,0,0,12,6,0,0,0,21,200,0,6,0,10,0,0,200,200
322735,0,30,0,0,0,0,12,6,0,0,0,21,200,0,7,0,0,0,0,200,200
322741,0,30,0,0,0,3,7,12,0,0,0,0,200,2,200,200,200,200,200,200,200
322750,0,30,0,0,0,3,7,5,0,0,0,23,200,1,5,0,7,0,0,200,200
322750,1,30,0,0,0,3,7,5,0,0,0,23,200,0,5,0,200,200,200,200,200
322750,1,30,0,0,0,3,7,5,0,0,0,23,200,1,5,0,200,200,200,200,200
322750,1,30,0,0,0,3,7,5,0,0,0,23,200,0,5,0,200,200,200,200,200
322751,0,30,0,0,0,1,7,6,0,0,0,0,0,2,200,200,200,200,200,200,200
322764,0,30,11,0,0,0,0,12,0,0,0,17,18,2,200,200,1,200,200,200,200
322764,0,30,11,0,0,0,0,12,0,0,0,17,18,0,6,0,0,0,0,200,200
322795,0,30,0,200,0,3,0,5,0,0,0,21,0,0,5,0,12,0,0,200,200
322795,0,30,0,200,0,3,0,5,0,0,0,21,0,1,5,0,0,0,0,200,200
322795,1,30,0,200,0,3,0,5,0,0,0,21,0,200,200,0,200,200,200,200,200
322819,0,25,0,0,0,3,7,2,0,0,0,200,200,2,200,200,200,200,200,200,200
322829,0,30,0,0,0,3,10,5,0,0,0,18,200,0,6,0,3,0,200,200,200
322829,0,30,0,0,0,3,10,5,0,0,0,18,200,1,6,0,0,0,0,200,200
322829,1,30,0,0,0,3,10,5,0,0,0,18,200,0,200,0,200,200,200,200,200
322839,0,30,1,2,0,3,10,5,0,0,0,18,0,0,200,200,5,200,200,200,200
322839,0,30,1,2,0,3,10,5,0,0,0,18,0,0,5,0,0,0,0,200,200
322839,1,30,1,2,0,3,10,5,0,0,0,18,0,1,6,0,200,200,200,200,200
322839,1,30,1,2,0,3,10,5,0,0,0,18,0,1,6,0,200,200,200,200,200
322844,0,30,1,2,0,3,0,5,0,0,0,17,200,2,200,200,5,200,200,200,200
322844,0,30,1,2,0,3,0,5,0,0,0,17,200,0,8,0,0,0,0,200,200
322874,0,25,0,0,0,3,7,2,0,0,0,20,200,1,7,200,6,200,0,200,200
322895,0,30,200,200,0,3,14,6,0,0,200,23,21,2,200,200,7,200,200,200,200
322895,0,30,200,200,0,3,14,6,0,0,200,23,21,0,5,200,0,200,0,200,200
322900,0,30,0,0,0,3,7,7,0,0,0,25,0,0,6,0,6,0,0,200,200
322914,0,30,1,2,0,3,2,5,0,0,0,14,25,1,2,1,8,0,200,200,200
322914,1,30,1,2,0,3,2,5,0,0,0,14,25,1,4,1,200,200,200,200,200
322914,1,30,1,2,0,3,2,5,0,0,0,14,25,1,4,1,200,200,200,200,200
322914,1,30,1,2,0,3,2,5,0,0,0,14,25,1,4,1,200,200,200,200,200
322914,1,30,1,2,0,3,2,5,0,0,0,14,25,1,3,1,200,200,200,200,200
322914,1,30,1,2,0,3,2,5,0,0,0,14,25,1,4,1,200,200,200,200,200
322916,0,30,0,0,0,3,14,1,0,0,0,0,0,0,4,200,200,0,0,200,200
322916,0,30,0,0,0,3,14,1,0,0,0,0,0,0,5,200,200,0,0,200,200
322916,1,30,0,0,0,3,14,1,0,0,0,0,0,1,4,200,200,200,200,200,200
322936,0,35,0,0,0,0,7,5,0,0,0,27,200,1,4,0,12,200,200,200,200
322965,0,35,0,0,0,0,7,2,0,0,0,0,0,1,6,200,200,200,200,200,200
322975,0,30,1,2,0,2,2,1,0,0,0,200,200,2,200,200,200,200,200,200,200
322994,0,5,0,0,0,1,2,12,0,0,0,20,20,2,200,200,6,200,200,200,200
322997,0,30,0,0,0,3,7,5,0,0,0,0,200,2,200,200,200,200,200,200,200
322998,0,30,0,0,0,1,14,5,0,0,0,0,200,0,6,200,7,200,200,200,200
322998,0,30,0,0,0,1,14,5,0,0,0,0,200,0,6,0,0,0,0,200,200
323005,0,30,1,2,0,1,14,5,0,0,0,0,0,1,200,200,3,200,200,200,200
323005,0,30,1,2,0,1,14,5,0,0,0,0,0,1,5,0,0,0,0,200,200
323006,0,30,0,0,0,1,10,3,0,0,0,18,200,1,5,0,3,0,0,200,200
323006,0,30,0,0,0,1,10,3,0,0,0,18,200,1,6,200,0,0,0,200,200
323006,1,30,0,0,0,1,10,3,0,0,0,18,200,1,200,6,200,200,200,200,200
323006,1,30,0,0,0,1,10,3,0,0,0,18,200,1,200,4,200,200,200,200,200
323006,1,30,0,0,0,1,10,3,0,0,0,18,200,1,200,4,200,200,200,200,200
323006,1,30,0,0,0,1,10,3,0,0,0,18,200,1,200,4,200,200,200,200,200
323006,1,30,0,0,0,1,10,3,0,0,0,18,200,0,200,4,200,200,200,200,200
323006,1,30,0,0,0,1,10,3,0,0,0,18,200,1,200,200,200,200,200,200,200
323010,0,30,0,0,2,1,14,5,0,1,200,0,200,2,200,200,0,200,200,200,200
323010,0,30,0,0,2,1,14,5,0,1,200,0,200,1,7,0,7,0,200,200,200
323016,0,30,0,0,1,1,12,5,0,0,0,16,0,2,200,200,2,200,200,200,200
323016,0,30,0,0,1,1,12,5,0,0,0,16,0,1,7,0,0,0,0,200,200
323019,0,15,2,2,0,1,7,6,0,0,0,27,200,0,5,0,12,0,2,200,200
323026,0,30,0,0,0,1,12,5,0,0,0,17,0,1,5,0,1,0,0,200,200
323026,0,30,0,0,0,1,12,5,0,0,0,17,0,0,6,0,0,0,0,200,200
323033,0,25,0,0,0,1,7,6,0,0,0,0,0,0,7,0,0,0,0,200,200
323037,0,30,0,0,0,1,7,6,0,0,0,0,200,2,200,200,200,200,200,200,200
323040,0,30,2,0,0,1,10,2,0,0,2,0,0,1,200,200,2,200,200,200,200
323040,0,30,2,0,0,1,10,2,0,0,2,0,0,0,6,0,0,200,0,200,200
323041,0,30,0,0,2,1,14,2,0,1,0,21,200,0,5,0,1,0,0,200,200
323041,0,30,0,0,2,1,14,2,0,1,0,21,200,0,5,0,0,0,0,200,200
323054,0,30,1,2,2,1,10,5,0,1,0,22,11,1,5,0,2,0,0,200,200
323054,0,30,1,2,2,1,10,5,0,1,0,22,11,0,4,0,0,0,0,200,200
323056,0,30,2,2,1,1,0,5,0,0,0,17,0,1,5,0,1,200,0,200,200
323056,0,30,2,2,1,1,0,5,0,0,0,17,0,1,6,0,0,200,0,200,200
323059,0,30,1,2,2,1,14,5,0,1,0,17,11,1,5,0,1,0,0,200,200
323059,0,30,1,2,2,1,14,5,0,1,0,17,11,1,6,0,0,0,0,200,200
323059,1,30,1,2,2,1,14,5,0,1,0,17,11,1,1,5,200,200,200,200,200
323061,0,30,0,0,2,1,0,5,0,1,0,20,200,1,5,200,6,5,0,200,200
323061,0,30,0,0,2,1,0,5,0,1,0,20,200,0,6,200,200,200,0,200,200
323061,1,30,0,0,2,1,0,5,0,1,0,20,200,0,4,200,200,200,200,200,200
323067,0,30,1,2,200,1,10,5,0,200,200,16,200,0,7,200,12,200,0,200,200
323067,0,30,1,2,200,1,10,5,0,200,200,16,200,0,6,200,0,200,0,200,200
323067,1,30,1,2,200,1,10,5,0,200,200,16,200,0,9,200,200,200,200,200,200
323071,0,30,0,0,1,1,14,5,0,0,0,23,200,0,5,0,7,200,200,200,200
323071,0,30,0,0,1,1,14,5,0,0,0,23,200,0,6,0,0,0,0,200,200
323077,0,30,0,0,2,1,5,6,0,1,0,20,200,0,7,0,6,0,0,200,200
323079,0,30,1,2,2,1,0,5,0,1,0,6,200,1,5,0,0,200,0,200,200
323079,0,30,1,2,2,1,0,5,0,1,0,6,200,1,6,0,0,0,0,200,200
323080,0,30,0,0,0,1,12,6,0,0,0,17,0,0,6,0,1,0,0,200,200
323080,0,30,0,0,0,1,12,6,0,0,0,17,0,0,6,0,0,0,0,200,200
323087,0,30,2,0,0,1,0,5,0,0,0,0,200,0,5,0,12,0,0,200,200
323087,0,30,2,0,0,1,0,5,0,0,0,0,200,1,3,0,0,0,0,200,200
323087,1,30,2,0,0,1,0,5,0,0,0,0,200,1,200,0,200,200,200,200,200
323091,0,30,0,1,2,1,14,5,0,1,0,18,0,0,5,0,3,0,0,200,200
323091,0,30,0,1,2,1,14,5,0,1,0,18,0,0,200,0,0,0,0,200,200
323095,0,30,3,2,2,1,0,7,0,1,0,8,10,1,5,0,9,4,0,200,200
323095,0,30,3,2,2,1,0,7,0,1,0,8,10,0,6,0,0,0,0,200,200
323100,0,30,0,0,0,1,7,6,0,0,0,0,200,2,200,200,200,200,200,200,200
323101,0,30,0,0,2,1,0,6,0,1,0,17,200,0,5,200,1,0,0,200,200
323101,0,30,0,0,2,1,0,6,0,1,0,17,200,0,7,0,0,0,0,200,200
323101,1,30,0,0,2,1,0,6,0,1,0,17,200,0,200,200,200,200,200,200,200
323101,1,30,0,0,2,1,0,6,0,1,0,17,200,0,200,1,200,200,200,200,200
323103,0,30,0,0,0,3,7,6,0,0,0,21,200,2,200,200,1,200,200,200,200
323104,0,30,0,0,1,1,14,5,0,0,3,22,200,1,5,200,2,0,0,200,200
323104,0,30,0,0,1,1,14,5,0,0,3,22,200,1,6,200,0,0,0,200,200
323112,0,30,1,2,2,1,10,5,0,1,0,18,18,0,5,0,3,0,0,200,200
323112,0,30,1,2,2,1,10,5,0,1,0,18,18,1,5,0,0,0,0,200,200
323113,0,0,0,0,1,1,7,7,0,0,0,11,0,1,200,200,3,200,200,200,200
323114,0,30,1,2,2,1,10,5,0,1,0,18,0,0,8,0,8,200,200,200,200
323114,0,30,1,2,2,1,10,5,0,1,0,18,0,0,7,0,0,0,0,200,200
323116,0,30,1,2,2,1,10,5,0,1,0,0,0,0,5,0,200,4,0,200,200
323116,0,30,1,2,2,1,10,5,0,1,0,0,0,1,6,0,0,4,0,200,200
323118,0,35,0,0,2,1,8,5,0,1,0,17,23,0,6,0,1,0,0,200,200
323118,4,35,0,0,2,1,8,5,0,1,0,17,23,0,5,7,0,0,0,200,200
323125,0,30,0,0,2,1,10,1,0,1,0,7,16,1,8,200,12,0,0,200,200
323125,0,30,0,0,2,1,10,1,0,1,0,7,16,0,6,200,0,0,0,200,200
323125,1,30,0,0,2,1,10,1,0,1,0,7,16,1,200,200,200,200,200,200,200
323125,1,30,0,0,2,1,10,1,0,1,0,7,16,1,6,0,200,200,200,200,200
323127,0,30,1,2,0,1,10,5,0,0,0,18,16,0,6,0,8,0,0,200,200
323127,0,30,1,2,0,1,10,5,0,0,0,18,16,0,5,0,0,0,0,200,200
323130,3,10,0,0,2,1,2,0,0,1,0,0,0,1,200,7,12,12,0,200,200
323130,0,10,0,0,2,1,2,0,0,1,0,0,0,0,7,0,200,0,0,200,200
323133,0,30,0,0,2,1,10,5,0,1,0,16,0,1,9,0,3,0,0,200,200
323133,0,30,0,0,2,1,10,5,0,1,0,16,0,0,6,0,0,0,0,200,200
323140,0,30,1,2,0,1,10,2,0,0,0,17,18,1,200,200,1,200,200,200,200
323140,0,30,1,2,0,1,10,2,0,0,0,17,18,0,7,0,0,0,0,200,200
323140,1,30,1,2,0,1,10,2,0,0,0,17,18,0,7,0,200,200,200,200,200
323140,1,30,1,2,0,1,10,2,0,0,0,17,18,1,6,0,200,200,200,200,200
323140,1,30,1,2,0,1,10,2,0,0,0,17,18,1,4,7,200,200,200,200,200
323141,0,30,0,0,0,1,7,6,0,0,1,0,0,2,200,200,200,200,200,200,200
323143,0,30,1,2,0,1,10,5,0,1,0,18,18,1,7,0,3,0,0,200,200
323143,0,30,1,2,0,1,10,5,0,1,0,18,18,1,7,0,0,0,0,200,200
323143,1,30,1,2,0,1,10,5,0,1,0,18,18,0,5,0,200,200,200,200,200
323143,1,30,1,2,0,1,10,5,0,1,0,18,18,0,4,0,200,200,200,200,200
323147,0,30,0,200,2,1,0,2,0,1,200,17,200,1,5,0,200,200,0,200,200
323147,0,30,0,200,2,1,0,2,0,1,200,17,200,1,6,0,200,200,0,200,200
323148,0,30,1,2,0,1,0,5,0,0,0,20,200,0,5,0,6,0,0,200,200
323148,0,30,1,2,0,1,0,5,0,0,0,20,200,1,6,200,0,0,0,200,200
323153,0,30,1,2,2,1,12,2,0,1,0,22,0,1,6,0,1,0,0,200,200
323153,0,30,1,2,2,1,12,2,0,1,0,22,0,1,6,0,0,0,0,200,200
323155,0,30,0,0,2,1,7,5,0,1,200,0,0,1,200,0,200,0,200,200,200
323158,0,45,3,2,2,1,10,3,0,1,0,11,11,0,5,0,3,0,0,200,200
323158,0,45,3,2,2,1,10,3,0,1,0,11,11,1,6,0,0,0,0,200,200
323160,0,30,1,2,0,1,0,2,0,1,0,6,200,1,5,200,200,200,0,200,200
323160,0,30,1,2,0,1,0,2,0,1,0,6,200,1,6,200,200,200,0,200,200
323163,0,30,0,0,2,1,12,5,0,1,200,13,200,0,7,0,12,200,0,200,200
323163,0,30,0,0,2,1,12,5,0,1,200,13,200,1,7,0,0,0,0,200,200
323163,1,30,0,0,2,1,12,5,0,1,200,13,200,0,200,0,200,200,200,200,200
323163,1,30,0,0,2,1,12,5,0,1,200,13,200,1,200,0,200,200,200,200,200
323163,1,30,0,0,2,1,12,5,0,1,200,13,200,0,200,0,200,200,200,200,200
323163,1,30,0,0,2,1,12,5,0,1,200,13,200,0,200,0,200,200,200,200,200
323163,1,30,0,0,2,1,12,5,0,1,200,13,200,1,200,0,200,200,200,200,200
323163,1,30,0,0,2,1,12,5,0,1,200,13,200,1,200,0,200,200,200,200,200
323163,1,30,0,0,2,1,12,5,0,1,200,13,200,0,200,0,200,200,200,200,200
323163,1,30,0,0,2,1,12,5,0,1,200,13,200,1,200,0,200,200,200,200,200
323163,1,30,0,0,2,1,12,5,0,1,200,13,200,0,200,0,200,200,200,200,200
323163,1,30,0,0,2,1,12,5,0,1,200,13,200,1,200,0,200,200,200,200,200
323163,1,30,0,0,2,1,12,5,0,1,200,13,200,0,200,0,200,200,200,200,200
323163,1,30,0,0,2,1,12,5,0,1,200,13,200,0,200,0,200,200,200,200,200
323163,1,30,0,0,2,1,12,5,0,1,200,13,200,1,200,0,200,200,200,200,200
323163,1,30,0,0,2,1,12,5,0,1,200,13,200,1,200,0,200,200,200,200,200
323163,1,30,0,0,2,1,12,5,0,1,200,13,200,1,200,7,200,200,200,200,200
323163,1,30,0,0,2,1,12,5,0,1,200,13,200,1,200,0,200,200,200,200,200
323163,1,30,0,0,2,1,12,5,0,1,200,13,200,0,200,0,200,200,200,200,200
323163,1,30,0,0,2,1,12,5,0,1,200,13,200,0,200,0,200,200,200,200,200
323163,1,30,0,0,2,1,12,5,0,1,200,13,200,0,200,0,200,200,200,200,200
323163,1,30,0,0,2,1,12,5,0,1,200,13,200,1,200,0,200,200,200,200,200
323164,0,5,0,0,0,1,10,7,0,1,0,200,200,1,8,0,0,0,0,200,200
323164,0,5,0,0,0,1,10,7,0,1,0,200,200,0,6,0,0,0,0,200,200
323165,0,30,1,2,2,1,10,2,0,1,0,22,22,0,4,0,3,0,0,200,200
323165,0,30,1,2,2,1,10,2,0,1,0,22,22,0,7,0,0,0,0,200,200
323167,0,15,0,0,0,1,0,12,0,0,0,17,200,1,5,0,1,0,0,200,200
323167,0,15,0,0,0,1,0,12,0,0,0,17,200,0,7,0,0,0,0,200,200
323167,1,15,0,0,0,1,0,12,0,0,0,17,200,1,6,0,200,200,200,200,200
323168,0,30,0,0,2,1,10,5,0,0,0,0,200,0,200,200,200,200,200,200,200
323168,0,30,0,0,2,1,10,5,0,0,0,0,200,0,5,0,0,0,0,200,200
323169,0,25,2,2,2,1,14,5,0,1,0,17,11,1,6,0,1,0,0,200,200
323169,0,25,2,2,2,1,14,5,0,1,0,17,11,0,7,0,0,0,0,200,200
323169,1,25,2,2,2,1,14,5,0,1,0,17,11,1,1,5,200,200,200,200,200
323174,0,30,1,2,2,1,10,5,0,1,0,0,0,0,200,200,200,200,200,200,200
323174,0,30,1,2,2,1,10,5,0,1,0,0,0,0,7,200,0,0,0,200,200
323176,0,25,2,2,2,1,9,5,0,1,0,34,33,1,7,0,1,0,0,200,200
323176,5,25,2,2,2,1,9,5,0,1,0,34,33,0,6,7,0,0,0,200,200
323181,0,40,9,2,2,1,2,3,3,1,0,16,34,0,7,0,8,0,0,200,200
323182,0,30,2,2,1,1,0,12,0,200,0,17,33,1,6,0,1,5,0,200,200
323182,0,30,2,2,1,1,0,12,0,200,0,17,33,1,6,0,0,0,0,200,200
323182,1,30,2,2,1,1,0,12,0,200,0,17,33,0,0,5,200,200,200,200,200
323183,0,30,1,2,0,1,10,5,0,1,0,18,200,0,200,0,8,0,0,200,200
323183,0,30,1,2,0,1,10,5,0,1,0,18,200,0,7,0,0,0,0,200,200
323190,0,20,2,1,1,1,0,6,0,0,0,5,11,1,6,0,12,0,0,200,200
323190,0,20,2,1,1,1,0,6,0,0,0,5,11,1,3,0,1,0,0,200,200
323190,1,20,2,1,1,1,0,6,0,0,0,5,11,0,7,0,200,200,200,200,200
323195,0,30,0,0,0,1,7,5,0,0,0,0,200,2,200,200,200,200,200,200,200
323203,0,30,1,2,0,3,0,5,0,0,0,6,17,2,200,200,5,200,200,200,200
323203,0,30,1,2,0,3,0,5,0,0,0,6,17,0,5,0,0,0,0,200,200
323206,0,15,0,0,0,1,0,0,0,0,0,20,11,0,7,200,6,0,0,200,200
323206,0,15,0,0,0,1,0,0,0,0,0,20,11,0,9,200,0,0,0,200,200
323207,0,30,0,0,1,200,7,6,0,200,0,0,200,2,200,200,200,200,200,200,200
323211,0,30,0,2,0,1,0,5,0,1,0,17,200,0,6,0,1,0,0,200,200
323211,0,30,0,2,0,1,0,5,0,1,0,17,200,1,6,7,0,0,0,200,200
323211,1,30,0,2,0,1,0,5,0,1,0,17,200,0,6,6,200,200,200,200,200
323215,0,25,1,2,2,1,14,3,0,1,0,23,23,1,6,200,7,200,0,200,200
323215,0,25,1,2,2,1,14,3,0,1,0,23,23,0,5,200,200,200,0,200,200
323216,0,35,0,0,0,1,12,3,0,3,0,0,0,2,200,200,200,200,200,200,200
323216,0,35,0,0,0,1,12,3,0,3,0,0,0,0,6,200,0,200,0,200,200
323216,1,35,0,0,0,1,12,3,0,3,0,0,0,1,200,200,200,200,200,200,200
323224,1,30,2,2,0,1,0,2,0,0,0,17,14,1,2,200,200,200,200,200,200
323224,0,30,2,2,0,1,0,2,0,0,0,17,14,0,7,200,1,200,0,200,200
323224,0,30,2,2,0,1,0,2,0,0,0,17,14,1,5,200,12,200,0,200,200
323224,1,30,2,2,0,1,0,2,0,0,0,17,14,0,5,200,200,200,200,200,200
323232,0,30,0,0,2,1,10,5,0,1,0,18,18,1,5,200,3,0,0,200,200
323232,0,30,0,0,2,1,10,5,0,1,0,18,18,1,6,0,0,0,0,200,200
323236,0,20,0,0,1,1,10,5,0,1,0,0,0,1,7,0,0,0,0,200,200
323236,0,20,0,0,1,1,10,5,0,1,0,0,0,1,6,0,0,0,0,200,200
323237,0,30,2,2,0,1,0,5,0,0,0,0,0,0,7,0,12,1,0,200,200
323237,0,30,2,2,0,1,0,5,0,0,0,0,0,0,7,7,0,0,0,200,200
323237,1,30,2,2,0,1,0,5,0,0,0,0,0,1,2,0,200,200,200,200,200
323251,0,30,1,2,0,1,12,2,0,0,0,0,0,0,6,0,0,0,0,200,200
323251,0,30,1,2,0,1,12,2,0,0,0,0,0,0,4,0,0,0,0,200,200
323254,0,30,0,0,0,1,7,5,0,0,0,0,200,0,7,200,200,200,0,200,200
323255,0,35,2,2,0,1,0,5,0,0,0,17,0,0,5,0,1,0,0,200,200
323255,0,35,2,2,0,1,0,5,0,0,0,17,0,0,6,0,0,0,0,200,200
323259,0,0,0,0,0,1,7,7,0,1,0,0,0,1,200,200,200,200,200,200,200
323259,1,0,0,0,0,1,7,7,0,1,0,0,0,0,1,0,200,200,200,200,200
323259,1,0,0,0,0,1,7,7,0,1,0,0,0,1,0,7,200,200,200,200,200
323262,0,30,0,0,2,1,10,5,0,1,0,16,200,1,6,0,12,0,0,200,200
323262,0,30,0,0,2,1,10,5,0,1,0,16,200,0,6,0,0,0,0,200,200
323262,1,30,0,0,2,1,10,5,0,1,0,16,200,1,6,0,200,200,200,200,200
323268,0,10,0,0,2,1,7,7,0,0,200,0,0,0,200,200,200,200,200,200,200
323273,0,35,1,2,0,1,12,5,0,0,0,0,0,1,200,200,0,200,200,200,200
323273,0,35,1,2,0,1,12,5,0,0,0,0,0,0,6,0,0,0,0,200,200
323274,0,30,0,0,2,1,0,5,0,1,0,16,21,0,200,7,1,5,0,200,200
323274,0,30,0,0,2,1,0,5,0,1,0,16,21,0,200,7,0,0,0,200,200
323288,0,30,1,2,2,1,14,6,0,1,0,0,0,0,9,200,200,200,200,200,200
323288,0,30,1,2,2,1,14,6,0,1,0,0,0,0,5,200,200,200,200,200,200
323288,1,30,1,2,2,1,14,6,0,1,0,0,0,0,200,200,200,200,200,200,200
323288,1,30,1,2,2,1,14,6,0,1,0,0,0,0,200,200,200,200,200,200,200
323290,0,30,10,2,2,1,2,3,0,1,0,3,200,0,7,200,12,200,0,200,200
323294,0,30,0,0,0,1,10,5,0,0,0,32,11,0,5,200,3,0,5,200,200
323294,0,30,0,0,0,1,10,5,0,0,0,32,11,0,5,0,0,0,0,200,200
323294,1,30,0,0,0,1,10,5,0,0,0,32,11,0,6,200,200,200,200,200,200
323294,1,30,0,0,0,1,10,5,0,0,0,32,11,1,5,0,200,200,200,200,200
323294,1,30,0,0,0,1,10,5,0,0,0,32,11,0,200,5,200,200,200,200,200
323294,1,30,0,0,0,1,10,5,0,0,0,32,11,1,200,5,200,200,200,200,200
323309,0,25,0,0,200,200,7,200,0,200,0,11,0,2,200,200,200,200,200,200,200
323329,0,30,0,0,1,1,12,5,0,0,0,200,200,1,7,200,12,200,200,200,200
323329,0,30,0,0,1,1,12,5,0,0,0,200,200,0,7,0,0,0,0,200,200
323341,0,30,0,0,0,1,7,6,0,200,0,0,200,2,200,200,200,200,200,200,200
323345,0,30,1,2,0,1,0,5,0,1,0,17,17,1,6,0,1,0,0,200,200
323345,0,30,1,2,0,1,0,5,0,1,0,17,17,0,6,0,0,0,0,200,200
323345,0,30,1,2,0,1,0,5,0,1,0,17,17,0,7,0,0,0,0,200,200
323346,0,20,0,0,2,1,10,6,0,1,0,18,200,0,200,200,3,200,200,200,200
323346,0,20,0,0,2,1,10,6,0,1,0,18,200,0,5,0,0,0,0,200,200
323346,1,20,0,0,2,1,10,6,0,1,0,18,200,0,200,0,200,200,200,200,200
323351,0,30,1,2,0,1,10,5,0,0,200,0,200,0,6,200,1,12,200,200,200
323351,0,30,1,2,0,1,10,5,0,0,200,0,200,0,5,0,0,0,0,200,200
323351,0,30,1,2,0,1,10,5,0,0,200,0,200,1,6,200,0,200,200,200,200
323355,0,15,0,0,0,1,7,7,0,0,0,0,200,2,200,200,200,200,200,200,200
323362,0,35,1,2,0,1,10,2,0,0,0,16,200,0,5,7,3,0,0,200,200
323362,0,35,1,2,0,1,10,2,0,0,0,16,200,1,8,0,0,0,0,200,200
323370,0,30,0,0,0,1,7,6,0,0,0,0,0,0,7,200,0,5,0,200,200
323370,1,30,0,0,0,1,7,6,0,0,0,0,0,0,6,200,200,200,200,200,200
323373,0,45,3,2,0,1,10,3,0,0,0,11,11,1,8,0,12,0,0,200,200
323373,0,45,3,2,0,1,10,3,0,0,0,11,11,0,6,0,0,0,0,200,200
323373,0,45,3,2,0,1,10,3,0,0,0,11,11,0,5,0,0,0,0,200,200
323373,1,45,3,2,0,1,10,3,0,0,0,11,11,0,2,5,200,200,200,200,200
323373,1,45,3,2,0,1,10,3,0,0,0,11,11,1,7,0,200,200,200,200,200
323374,0,30,0,0,0,1,0,6,0,1,0,0,200,1,200,200,200,200,200,200,200
323374,0,30,0,0,0,1,0,6,0,1,0,0,200,0,6,0,0,0,0,200,200
323374,1,30,0,0,0,1,0,6,0,1,0,0,200,1,6,0,200,200,200,200,200
323374,1,30,0,0,0,1,0,6,0,1,0,0,200,0,3,0,200,200,200,200,200
323386,0,25,0,0,0,3,7,6,0,0,0,0,0,2,200,200,200,200,200,200,200
323400,0,10,0,0,2,1,5,7,0,1,12,0,200,0,200,200,200,200,200,200,200
323407,0,30,2,2,0,1,0,5,0,0,0,17,16,0,7,200,1,200,0,200,200
323407,0,30,2,2,0,1,0,5,0,0,0,17,16,1,5,200,0,200,0,200,200
323407,1,30,2,2,0,1,0,5,0,0,0,17,16,1,0,5,200,200,200,200,200
323407,1,30,2,2,0,1,0,5,0,0,0,17,16,0,2,5,200,200,200,200,200
323415,0,30,0,0,0,1,10,5,0,0,0,18,200,0,200,200,3,200,200,200,200
323415,0,30,0,0,0,1,10,5,0,0,0,18,200,0,200,200,0,0,0,200,200
323445,0,30,1,2,0,1,10,2,0,0,0,18,200,0,5,200,3,200,200,200,200
323445,0,30,1,2,0,1,10,2,0,0,0,18,200,1,6,0,0,0,0,200,200
323445,1,30,1,2,0,1,10,2,0,0,0,18,200,0,0,5,200,200,200,200,200
323445,1,30,1,2,0,1,10,2,0,0,0,18,200,0,200,5,200,200,200,200,200
323446,0,30,1,2,0,1,14,6,0,0,0,0,200,0,5,200,0,200,200,200,200
323446,0,30,1,2,0,1,14,6,0,0,0,0,200,0,9,0,1,0,0,200,200
323446,1,30,1,2,0,1,14,6,0,0,0,0,200,2,200,200,200,200,200,200,200
323446,1,30,1,2,0,1,14,6,0,0,0,0,200,2,200,7,200,200,200,200,200
323448,0,30,0,0,0,1,7,6,0,0,0,0,0,0,200,0,6,0,0,200,200
323449,0,40,0,0,0,1,14,200,0,0,0,200,5,0,6,200,0,200,0,200,200
323449,0,40,0,0,0,1,14,200,0,0,0,200,5,0,8,200,200,200,0,200,200
323451,0,30,1,2,0,1,12,6,0,0,0,0,200,0,200,200,200,200,200,200,200
323451,0,30,1,2,0,1,12,6,0,0,0,0,200,1,8,0,200,0,200,200,200
323452,0,30,0,0,0,1,7,5,0,0,0,17,200,0,6,0,0,0,0,200,200
323452,1,30,0,0,0,1,7,5,0,0,0,17,200,1,7,200,200,200,200,200,200
323453,0,30,0,0,0,1,7,6,0,0,200,0,200,1,200,200,6,200,200,200,200
323454,0,30,0,0,0,1,14,2,0,0,200,11,11,1,4,0,200,200,0,200,200
323454,0,30,0,0,0,1,14,2,0,0,200,11,11,0,7,0,200,200,0,200,200
323455,0,30,0,0,0,1,12,5,0,0,0,0,0,1,5,0,12,0,0,200,200
323455,0,30,0,0,0,1,12,5,0,0,0,0,0,1,6,0,0,0,0,200,200
323460,0,30,0,0,1,1,14,5,0,0,0,17,17,1,8,0,0,0,0,200,200
323460,0,30,0,0,1,1,14,5,0,0,0,17,17,1,6,0,1,0,0,200,200
323460,0,30,0,0,1,1,14,5,0,0,0,17,17,1,4,0,0,0,0,200,200
323460,1,30,0,0,1,1,14,5,0,0,0,17,17,2,200,0,200,200,200,200,200