RD_NO,PERSON_TYPE,POSTED_SPEED_LIMIT,TRAFFIC_CONTROL_DEVICE,DEVICE_CONDITION,WEATHER_CONDITION,LIGHTING_CONDITION,FIRST_CRASH_TYPE,TRAFFICWAY_TYPE,ALIGNMENT,ROADWAY_SURFACE_COND,ROAD_DEFECT,PRIM_CONTRIBUTORY_CAUSE,SEC_CONTRIBUTORY_CAUSE,SEX,AGE,SAFETY_EQUIPMENT,DRIVER_ACTION,DRIVER_VISION,PHYSICAL_CONDITION,BAC_RESULT VALUE,CELL_PHONE_USE
324689,0,35,1,2,0,1,14,5,0,0,0,23,23,0,6,0,0,0,0,200,200
324689,0,35,1,2,0,1,14,5,0,0,0,23,23,0,200,200,7,0,0,200,200
324704,0,30,0,0,0,1,10,5,0,0,0,0,200,0,8,0,0,0,0,200,200
324704,0,30,0,0,0,1,10,5,0,0,0,0,200,0,5,0,0,0,0,200,200
324704,0,30,0,0,0,1,10,5,0,0,0,0,200,0,7,0,0,0,0,200,200
324705,0,30,0,0,0,1,10,12,0,0,0,8,18,0,9,0,3,0,0,200,200
324705,0,30,0,0,0,1,10,12,0,0,0,8,18,1,5,0,12,0,0,200,200
324705,0,30,0,0,0,1,10,12,0,0,0,8,18,0,6,0,0,0,0,200,200
324710,0,25,1,0,1,1,12,6,0,0,0,0,0,1,6,0,0,0,0,200,200
324710,0,25,1,0,1,1,12,6,0,0,0,0,0,0,6,0,0,0,0,200,200
324717,0,30,0,0,0,1,12,5,0,0,0,22,0,1,200,200,1,200,200,200,200
324717,0,30,0,0,0,1,12,5,0,0,0,22,0,1,8,0,0,0,0,200,200
324742,4,30,2,0,0,1,8,2,0,0,0,17,17,0,6,7,0,0,0,200,200
324742,0,30,2,0,0,1,8,2,0,0,0,17,17,0,7,7,2,0,0,200,200
324743,0,20,0,0,1,1,7,5,0,0,0,200,200,2,200,200,200,200,200,200,200
324745,0,15,0,0,0,1,9,0,0,0,0,20,200,0,6,200,6,200,200,200,200
324745,5,15,0,0,0,1,9,0,0,0,0,20,200,0,7,7,0,0,0,200,200
324747,0,30,0,0,0,1,7,5,0,0,0,0,0,2,200,200,200,200,200,200,200
324753,0,30,1,2,0,1,12,2,0,0,0,21,200,0,6,0,0,0,0,200,200
324753,0,30,1,2,0,1,12,2,0,0,0,21,200,1,9,0,2,0,0,200,200
324757,0,30,2,2,0,1,14,3,0,0,200,17,200,1,200,200,1,200,200,200,200
324757,0,30,2,2,0,1,14,3,0,0,200,17,200,0,7,0,0,0,0,200,200
324760,0,30,1,2,0,1,12,5,0,0,0,12,200,0,6,0,12,0,0,200,200
324760,0,30,1,2,0,1,12,5,0,0,0,12,200,1,6,0,0,0,0,200,200
324769,0,30,0,0,0,1,7,5,0,0,0,200,200,0,6,0,12,0,0,200,200
324772,0,30,1,2,0,1,10,2,0,12,12,18,200,1,5,200,3,200,0,200,200
324772,0,30,1,2,0,1,10,2,0,12,12,18,200,0,7,200,0,200,0,200,200
324772,1,30,1,2,0,1,10,2,0,12,12,18,200,1,5,200,200,200,200,200,200
324778,0,30,0,0,0,1,12,5,0,0,0,20,200,0,7,0,12,3,0,200,200
324778,0,30,0,0,0,1,12,5,0,0,0,20,200,0,7,0,200,0,0,200,200
324780,0,30,1,2,0,1,12,5,0,0,200,22,28,2,200,200,4,200,200,200,200
324780,0,30,1,2,0,1,12,5,0,0,200,22,28,0,7,0,0,200,0,200,200
324780,1,30,1,2,0,1,12,5,0,0,200,22,28,0,6,0,200,200,200,200,200
324780,1,30,1,2,0,1,12,5,0,0,200,22,28,1,200,0,200,200,200,200,200
324780,1,30,1,2,0,1,12,5,0,0,200,22,28,0,200,0,200,200,200,200,200
324783,0,30,0,0,0,1,14,5,0,0,0,17,17,0,7,0,200,200,200,200,200
324783,0,30,0,0,0,1,14,5,0,0,0,17,17,0,7,0,200,200,200,200,200
324783,1,30,0,0,0,1,14,5,0,0,0,17,17,1,200,0,200,200,200,200,200
324784,0,30,0,0,200,200,12,5,0,200,200,17,200,1,200,200,200,200,200,200,200
324784,0,30,0,0,200,200,12,5,0,200,200,17,200,1,8,0,0,200,0,200,200
324785,0,30,1,2,0,1,10,3,0,1,0,0,0,0,200,200,200,200,200,200,200
324785,0,30,1,2,0,1,10,3,0,1,0,0,0,0,6,0,0,0,0,200,200
324785,0,30,1,2,0,1,10,3,0,1,0,0,0,2,200,200,200,200,200,200,200
324785,1,30,1,2,0,1,10,3,0,1,0,0,0,200,200,200,200,200,200,200,200
324785,1,30,1,2,0,1,10,3,0,1,0,0,0,0,7,0,200,200,200,200,200
324790,0,35,0,0,0,1,12,5,0,0,0,11,200,0,200,200,2,200,200,200,200
324790,0,35,0,0,0,1,12,5,0,0,0,11,200,1,7,0,0,0,0,200,200
324791,0,30,2,0,0,1,3,5,0,0,0,17,200,0,5,200,200,0,0,200,200
324791,0,30,2,0,0,1,3,5,0,0,0,17,200,1,5,200,0,0,0,200,200
324791,0,30,2,0,0,1,3,5,0,0,0,17,200,0,6,200,0,200,0,200,200
324791,1,30,2,0,0,1,3,5,0,0,0,17,200,1,200,200,200,200,200,200,200
324794,0,15,2,2,0,1,0,8,0,0,0,0,0,1,5,0,200,0,0,200,200
324794,0,15,2,2,0,1,0,8,0,0,0,0,0,1,8,0,0,0,0,200,200
324802,0,30,1,200,0,1,10,5,0,0,200,18,200,0,8,200,3,200,0,200,200
324802,0,30,1,200,0,1,10,5,0,0,200,18,200,1,5,200,0,200,0,200,200
324804,0,30,1,2,0,1,7,5,0,0,0,12,12,0,200,200,12,200,200,200,200
324805,0,30,1,2,2,1,10,5,0,1,200,18,18,1,4,200,3,200,200,200,200
324805,0,30,1,2,2,1,10,5,0,1,200,18,18,0,7,0,0,0,0,200,200
324805,1,30,1,2,2,1,10,5,0,1,200,18,18,0,5,0,200,200,200,200,200
324808,0,30,0,0,0,1,7,7,0,0,0,25,200,2,200,200,12,200,200,200,200
324813,0,30,0,0,0,1,12,5,0,0,0,21,200,1,200,200,4,200,200,200,200
324813,0,30,0,0,0,1,12,5,0,0,0,21,200,0,6,0,0,0,0,200,200
324814,0,30,0,0,0,1,9,2,0,0,0,0,0,0,6,0,12,0,0,200,200
324814,5,30,0,0,0,1,9,2,0,0,0,0,0,0,7,7,0,0,0,200,200
324819,0,30,0,0,0,1,14,5,0,0,0,23,200,0,200,200,7,200,200,200,200
324819,0,30,0,0,0,1,14,5,0,0,0,23,200,0,200,0,0,0,0,200,200
324826,0,30,1,2,0,1,12,3,0,0,0,0,0,0,5,200,12,200,0,200,200
324826,0,30,1,2,0,1,12,3,0,0,0,0,0,1,7,200,200,200,0,200,200
324827,0,30,1,2,0,1,0,3,0,0,0,17,200,0,5,0,1,1,200,200,200
324827,0,30,1,2,0,1,0,3,0,0,0,17,200,0,6,1,0,1,0,200,200
324828,0,25,0,0,0,1,7,5,0,0,0,11,16,0,6,200,12,0,0,200,200
324835,0,25,0,0,0,1,7,5,0,0,0,0,200,0,6,0,12,0,0,200,200
324841,0,30,1,2,0,1,14,5,0,0,0,23,200,0,200,200,7,200,200,200,200
324841,0,30,1,2,0,1,14,5,0,0,0,23,200,1,6,200,0,0,0,200,200
324857,0,30,0,0,0,1,9,12,0,2,12,0,0,0,7,0,12,0,0,200,200
324857,5,30,0,0,0,1,9,12,0,2,12,0,0,0,6,0,0,0,0,200,200
324860,1,30,0,0,0,1,0,2,0,0,0,21,17,0,5,200,200,200,200,200,200
324860,0,30,0,0,0,1,0,2,0,0,0,21,17,1,7,200,12,200,0,200,200
324860,0,30,0,0,0,1,0,2,0,0,0,21,17,0,6,200,200,200,0,200,200
324860,1,30,0,0,0,1,0,2,0,0,0,21,17,1,9,200,200,200,200,200,200
324872,0,30,0,0,0,1,7,5,0,200,200,0,0,0,200,200,200,200,200,200,200
324874,0,25,0,0,0,1,7,5,0,0,0,21,200,0,5,200,7,0,0,200,200
324879,0,30,1,2,2,1,14,2,0,1,0,17,16,0,4,0,200,0,0,200,200
324879,0,30,1,2,2,1,14,2,0,1,0,17,16,1,6,0,12,0,0,200,200
324879,1,30,1,2,2,1,14,2,0,1,0,17,16,0,3,0,200,200,200,200,200
324879,1,30,1,2,2,1,14,2,0,1,0,17,16,1,0,5,200,200,200,200,200
324882,0,30,0,0,0,1,0,6,0,0,0,0,200,0,4,0,1,0,0,200,200
324882,0,30,0,0,0,1,0,6,0,0,0,0,200,0,5,0,8,0,0,200,200
324893,0,0,0,0,0,1,7,2,0,0,0,25,200,0,5,200,12,0,1,200,200
324897,0,25,0,0,0,1,14,2,0,0,0,0,0,0,200,200,1,200,200,200,200
324897,0,25,0,0,0,1,14,2,0,0,0,0,0,1,6,0,0,0,0,200,200
324898,0,30,1,2,0,1,10,5,0,0,0,16,16,2,200,200,3,200,200,200,200
324898,0,30,1,2,0,1,10,5,0,0,0,16,16,0,6,200,0,200,0,200,200
324899,0,30,1,2,0,1,10,2,0,0,0,18,200,0,7,0,3,0,0,200,200
324899,0,30,1,2,0,1,10,2,0,0,0,18,200,0,6,0,0,0,0,200,200
324903,0,30,1,2,0,1,10,5,0,0,0,18,11,1,200,200,3,200,200,200,200
324903,0,30,1,2,0,1,10,5,0,0,0,18,11,1,6,0,0,0,0,200,200
324906,0,30,0,0,0,1,7,6,0,0,200,20,0,0,200,200,6,200,200,200,200
324909,0,0,0,0,0,1,2,7,0,0,0,11,16,0,4,0,8,5,0,200,200
324909,5,0,0,0,0,1,2,7,0,0,0,11,16,1,8,7,12,200,0,200,200
324909,5,0,0,0,0,1,2,7,0,0,0,11,16,1,6,7,0,0,0,200,200
324910,0,30,0,0,0,1,11,5,0,0,0,22,16,0,7,0,2,0,0,200,200
324910,0,30,0,0,0,1,11,5,0,0,0,22,16,1,6,0,0,0,0,200,200
324918,0,25,0,0,0,1,10,2,0,0,0,0,0,0,5,0,1,0,0,200,200
324918,0,25,0,0,0,1,10,2,0,0,0,0,0,0,6,0,0,0,0,200,200
324924,0,30,1,2,0,1,12,2,0,0,0,200,200,0,6,0,200,0,0,200,200
324924,0,30,1,2,0,1,12,2,0,0,0,200,200,0,7,0,0,0,0,200,200
324924,1,30,1,2,0,1,12,2,0,0,0,200,200,0,6,7,200,200,200,200,200
324924,1,30,1,2,0,1,12,2,0,0,0,200,200,0,7,7,200,200,200,200,200
324925,0,30,0,0,0,1,7,5,0,0,0,200,200,0,200,200,200,200,200,200,200
324929,0,30,0,0,0,1,2,5,1,0,1,29,200,0,6,3,0,0,0,200,200
324938,0,20,2,12,0,1,12,6,0,0,0,0,0,0,4,0,200,0,0,200,200
324938,0,20,2,12,0,1,12,6,0,0,0,0,0,0,4,0,200,0,0,200,200
324938,1,20,2,12,0,1,12,6,0,0,0,0,0,1,4,0,200,200,200,200,200
324939,0,30,0,0,0,1,12,5,0,0,0,0,200,1,7,200,0,0,0,200,200
324939,0,30,0,0,0,1,12,5,0,0,0,0,200,1,6,200,0,0,0,200,200
324945,0,15,0,0,0,1,11,0,0,0,0,22,0,0,200,200,2,0,0,200,200
324945,0,15,0,0,0,1,11,0,0,0,0,22,0,0,5,0,12,0,0,200,200
324947,0,30,1,2,0,1,12,6,0,0,0,22,200,0,4,0,4,1,0,200,200
324947,0,30,1,2,0,1,12,6,0,0,0,22,200,1,6,1,0,0,0,200,200
324959,0,30,0,0,0,1,12,5,0,0,0,0,0,0,5,0,200,0,0,200,200
324959,0,30,0,0,0,1,12,5,0,0,0,0,0,0,7,0,200,0,0,200,200
324959,0,30,0,0,0,1,12,5,0,0,0,0,0,0,6,0,200,0,0,200,200
324967,0,35,0,0,0,1,14,7,0,0,200,17,0,0,4,2,7,200,0,200,200
324967,0,35,0,0,0,1,14,7,0,0,200,17,0,1,5,200,0,200,0,200,200
324971,0,30,0,0,0,1,14,5,0,0,0,16,17,0,4,0,1,0,0,200,200
324971,0,30,0,0,0,1,14,5,0,0,0,16,17,1,5,0,0,0,0,200,200
324971,1,30,0,0,0,1,14,5,0,0,0,16,17,1,7,0,200,200,200,200,200
324977,0,25,0,0,0,1,0,5,0,0,0,17,23,0,7,200,1,0,0,200,200
324977,0,25,0,0,0,1,0,5,0,0,0,17,23,1,6,200,0,0,0,200,200
324980,0,30,0,0,0,1,11,7,0,0,0,33,0,0,7,200,12,200,0,200,200
324980,0,30,0,0,0,1,11,7,0,0,0,33,0,0,7,200,12,12,0,200,200
324983,0,30,0,0,0,1,14,2,0,0,0,17,200,0,8,0,1,12,0,200,200
324983,0,30,0,0,0,1,14,2,0,0,0,17,200,0,6,0,0,12,0,200,200
324983,0,30,0,0,0,1,14,2,0,0,0,17,200,2,200,200,200,200,200,200,200
325000,0,30,0,0,0,1,7,5,0,0,0,20,200,2,200,200,200,200,200,200,200
325005,0,30,1,2,0,1,10,5,0,0,0,18,200,0,5,200,3,200,0,200,200
325005,0,30,1,2,0,1,10,5,0,0,0,18,200,1,5,200,0,200,7,200,200
325005,1,30,1,2,0,1,10,5,0,0,0,18,200,0,5,200,200,200,200,200,200
325006,0,30,0,0,0,1,10,5,0,0,0,18,18,0,5,0,1,0,0,200,200
325006,0,30,0,0,0,1,10,5,0,0,0,18,18,0,7,0,0,0,0,200,200
325006,0,30,0,0,0,1,10,5,0,0,0,18,18,0,6,0,0,0,0,200,200
325006,0,30,0,0,0,1,10,5,0,0,0,18,18,0,200,0,0,0,0,200,200
325009,0,10,0,0,0,1,7,7,0,0,200,0,200,1,6,200,6,200,200,200,200
325010,0,30,2,2,0,1,10,5,0,0,0,18,200,0,7,200,3,200,0,200,200
325010,0,30,2,2,0,1,10,5,0,0,0,18,200,0,5,7,12,200,0,200,200
325011,0,25,0,0,0,1,14,2,0,0,0,0,0,0,4,0,1,0,0,200,200
325011,0,25,0,0,0,1,14,2,0,0,0,0,0,0,4,0,0,0,0,200,200
325012,0,30,0,0,1,1,14,5,0,0,0,10,25,1,6,200,9,0,0,200,200
325012,0,30,0,0,1,1,14,5,0,0,0,10,25,1,5,0,12,0,0,200,200
325016,0,20,0,0,0,1,10,5,0,200,200,18,18,0,5,0,3,0,0,200,200
325016,0,20,0,0,0,1,10,5,0,200,200,18,18,0,7,0,0,0,0,200,200
325023,0,30,1,2,0,1,10,5,0,0,0,18,11,1,200,200,3,200,200,200,200
325023,0,30,1,2,0,1,10,5,0,0,0,18,11,0,7,0,0,0,0,200,200
325024,0,30,2,2,0,1,0,5,0,0,0,17,0,0,5,0,1,0,0,200,200
325024,0,30,2,2,0,1,0,5,0,0,0,17,0,0,6,0,0,0,0,200,200
325024,1,30,2,2,0,1,0,5,0,0,0,17,0,1,6,0,200,200,200,200,200
325025,0,45,0,0,0,1,12,6,0,0,0,17,22,1,5,200,4,200,0,200,200
325025,0,45,0,0,0,1,12,6,0,0,0,17,22,1,5,0,0,0,0,200,200
325034,0,30,0,0,200,200,7,6,0,200,200,0,0,2,200,200,200,200,200,200,200
325050,0,30,1,1,0,1,0,2,0,0,200,6,0,0,200,200,5,200,200,200,200
325050,0,30,1,1,0,1,0,2,0,0,200,6,0,0,6,0,0,0,0,200,200
325050,1,30,1,1,0,1,0,2,0,0,200,6,0,0,3,0,200,200,200,200,200
325051,0,15,0,0,0,1,0,7,0,0,0,14,17,0,5,200,1,200,0,200,200
325051,0,15,0,0,0,1,0,7,0,0,0,14,17,0,7,200,0,200,0,200,200
325052,0,0,200,200,0,1,8,2,0,0,200,22,17,2,200,200,2,200,200,200,200
325052,4,0,200,200,0,1,8,2,0,0,200,22,17,0,8,7,12,0,0,200,200
325053,0,5,12,12,0,1,12,12,0,0,0,0,0,0,6,200,200,0,0,200,200
325053,0,5,12,12,0,1,12,12,0,0,0,0,0,0,6,200,200,0,0,200,200
325057,0,30,0,0,0,1,7,6,0,0,0,200,200,2,200,200,200,200,200,200,200
325061,0,30,1,2,0,1,10,5,0,0,0,0,200,0,5,0,1,200,0,200,200
325061,0,30,1,2,0,1,10,5,0,0,0,0,200,0,5,0,0,0,0,200,200
325067,0,30,1,2,0,1,10,2,0,0,0,17,0,0,200,200,1,200,200,200,200
325067,0,30,1,2,0,1,10,2,0,0,0,17,0,1,7,0,12,0,0,200,200
325070,0,30,200,200,0,1,10,5,0,0,200,18,18,0,7,200,3,200,0,200,200
325070,0,30,200,200,0,1,10,5,0,0,200,18,18,0,6,200,200,200,200,200,200
325086,0,30,1,2,0,1,9,5,0,0,0,0,200,1,7,0,200,0,0,200,200
325086,5,30,1,2,0,1,9,5,0,0,0,0,200,0,200,200,200,200,200,200,200
325091,0,30,0,0,0,1,2,6,0,0,0,0,0,1,8,0,0,0,0,200,200
325091,3,30,0,0,0,1,2,6,0,0,0,0,0,200,200,200,200,200,200,200,200
325093,0,35,1,2,0,1,10,5,0,0,0,0,200,1,200,200,200,200,200,200,200
325093,0,35,1,2,0,1,10,5,0,0,0,0,200,1,6,0,0,0,0,200,200
325096,0,30,0,0,0,1,14,5,0,0,200,0,0,1,6,0,1,1,0,200,200
325096,0,30,0,0,0,1,14,5,0,0,200,0,0,0,6,0,12,0,0,200,200
325096,1,30,0,0,0,1,14,5,0,0,200,0,0,0,200,0,200,200,200,200,200
325098,0,45,0,0,0,0,12,5,0,1,0,23,200,1,8,200,1,0,0,200,200
325098,0,45,0,0,0,0,12,5,0,1,0,23,200,0,6,200,0,0,0,200,200
325099,0,30,2,2,0,1,0,5,0,0,0,17,0,0,8,0,1,0,0,200,200
325099,0,30,2,2,0,1,0,5,0,0,0,17,0,1,5,0,0,0,0,200,200
325100,0,30,0,0,0,1,14,5,0,200,200,22,200,0,8,200,2,200,0,200,200
325100,0,30,0,0,0,1,14,5,0,200,200,22,200,1,6,200,0,0,0,200,200
325101,0,30,0,0,0,1,7,5,0,0,0,20,20,1,200,200,6,200,200,200,200
325101,1,30,0,0,0,1,7,5,0,0,0,20,20,0,7,200,200,200,200,200,200
325104,0,30,0,0,0,1,0,5,0,0,0,11,200,0,200,200,1,200,200,200,200
325104,0,30,0,0,0,1,0,5,0,0,0,11,200,1,200,0,0,0,0,200,200
325107,0,30,0,0,0,1,7,5,0,0,0,18,200,2,200,200,3,200,200,200,200
325113,0,10,0,0,0,1,0,7,0,0,0,17,20,1,5,0,1,0,0,200,200
325113,0,10,0,0,0,1,0,7,0,0,0,17,20,1,6,0,0,0,0,200,200
325114,0,30,0,0,0,1,0,12,0,200,200,0,0,0,7,200,200,200,200,200,200
325114,0,30,0,0,0,1,0,12,0,200,200,0,0,0,6,200,200,200,200,200,200
325121,0,30,200,200,0,1,14,6,0,0,200,0,0,0,5,200,2,200,0,200,200
325121,0,30,200,200,0,1,14,6,0,0,200,0,0,0,7,200,0,200,0,200,200
325125,0,35,200,0,0,1,12,5,0,0,0,0,0,0,8,200,200,0,0,200,200
325125,0,35,200,0,0,1,12,5,0,0,0,0,0,0,6,200,0,0,0,200,200
325138,0,15,0,0,0,1,12,0,0,0,0,17,16,0,5,200,1,200,0,200,200
325138,0,15,0,0,0,1,12,0,0,0,0,17,16,1,5,0,0,0,0,200,200
325138,1,15,0,0,0,1,12,0,0,0,0,17,16,1,200,0,200,200,200,200,200
325140,0,30,200,200,0,1,7,7,0,0,200,0,0,2,200,200,200,200,200,200,200
325146,0,25,2,2,0,1,12,6,0,0,0,20,0,0,6,200,6,200,200,200,200
325146,0,25,2,2,0,1,12,6,0,0,0,20,0,0,7,7,0,0,0,200,200
325155,0,30,0,0,0,3,7,5,0,0,0,0,0,0,200,200,12,200,0,200,200
325155,1,30,0,0,0,3,7,5,0,0,0,0,0,0,200,200,200,200,200,200,200
325155,1,30,0,0,0,3,7,5,0,0,0,0,0,0,200,200,200,200,200,200,200
325156,0,30,0,0,0,1,10,5,0,0,0,200,200,0,4,0,0,0,0,200,200
325156,0,30,0,0,0,1,10,5,0,0,0,200,200,1,6,0,0,4,0,200,200
325156,1,30,0,0,0,1,10,5,0,0,0,200,200,1,200,5,200,200,200,200,200
325160,0,30,1,2,0,1,12,200,0,0,0,0,200,0,200,200,0,200,0,200,200
325160,0,30,1,2,0,1,12,200,0,0,0,0,200,0,200,200,0,200,0,200,200
325160,1,30,1,2,0,1,12,200,0,0,0,0,200,1,200,200,200,200,200,200,200
325164,0,30,1,2,0,1,12,2,0,0,0,0,0,0,200,200,4,200,200,200,200
325164,0,30,1,2,0,1,12,2,0,0,0,0,0,0,6,0,0,0,0,200,200
325165,0,30,0,0,0,1,7,7,0,0,0,0,0,1,8,200,200,200,200,200,200
325166,0,30,0,0,0,1,10,3,0,0,0,16,18,1,6,0,3,0,0,200,200
325166,0,30,0,0,0,1,10,3,0,0,0,16,18,0,5,0,0,0,0,200,200
325166,1,30,0,0,0,1,10,3,0,0,0,16,18,0,7,0,200,200,200,200,200
325166,1,30,0,0,0,1,10,3,0,0,0,16,18,0,4,0,200,200,200,200,200
325166,1,30,0,0,0,1,10,3,0,0,0,16,18,1,7,0,200,200,200,200,200
325166,1,30,0,0,0,1,10,3,0,0,0,16,18,0,5,0,200,200,200,200,200
325169,0,25,0,0,0,1,9,6,0,0,0,0,200,1,6,0,200,0,0,200,200
325169,5,25,0,0,0,1,9,6,0,0,0,0,200,1,6,200,1,0,0,200,200
325169,1,25,0,0,0,1,9,6,0,0,0,0,200,0,6,0,200,200,200,200,200
325178,0,30,1,2,0,1,14,2,0,0,200,0,200,1,6,200,1,200,200,200,200
325178,0,30,1,2,0,1,14,2,0,0,200,0,200,0,7,200,200,200,200,200,200
325178,1,30,1,2,0,1,14,2,0,0,200,0,200,1,5,200,200,200,200,200,200
325179,0,20,2,2,0,1,10,5,0,0,0,11,0,0,200,200,200,200,200,200,200
325179,0,20,2,2,0,1,10,5,0,0,0,11,0,1,5,0,0,0,0,200,200
325180,0,30,0,0,0,1,7,5,0,0,0,21,0,1,7,0,12,0,0,200,200
325183,0,25,2,0,0,1,10,5,0,0,0,18,21,0,200,200,1,200,200,200,200
325183,0,25,2,0,0,1,10,5,0,0,0,18,21,0,7,200,1,0,0,200,200
325184,0,30,1,2,0,1,10,5,0,0,0,0,0,0,6,0,1,0,0,200,200
325184,0,30,1,2,0,1,10,5,0,0,0,0,0,1,5,0,0,0,0,200,200
325185,0,0,0,0,12,200,7,7,0,0,0,0,21,2,200,200,200,200,200,200,200
325186,0,30,1,2,0,1,10,3,0,0,0,16,200,0,6,0,12,0,0,200,200
325186,0,30,1,2,0,1,10,3,0,0,0,16,200,0,7,7,0,0,0,200,200
325186,1,30,1,2,0,1,10,3,0,0,0,16,200,0,200,0,200,200,200,200,200
325186,1,30,1,2,0,1,10,3,0,0,0,16,200,1,200,0,200,200,200,200,200
325187,0,30,0,0,0,1,7,5,0,0,0,0,200,1,8,200,200,200,200,200,200
325187,1,30,0,0,0,1,7,5,0,0,0,0,200,0,6,200,200,200,200,200,200
325188,0,30,1,2,0,1,12,5,0,0,0,0,200,2,200,200,200,200,200,200,200
325188,0,30,1,2,0,1,12,5,0,0,0,0,200,1,7,0,0,0,0,200,200
325193,0,30,0,0,0,1,10,6,0,0,0,16,0,1,7,200,1,0,0,200,200
325193,0,30,0,0,0,1,10,6,0,0,0,16,0,0,7,200,0,0,0,200,200
325197,0,30,1,2,0,1,12,5,0,0,0,200,200,0,7,0,200,0,0,200,200
325197,0,30,1,2,0,1,12,5,0,0,0,200,200,0,6,1,0,0,0,200,200
325197,1,30,1,2,0,1,12,5,0,0,0,200,200,0,200,0,200,200,200,200,200
325203,0,30,200,200,0,1,7,6,0,200,200,0,200,2,200,200,200,200,200,200,200
325206,0,30,0,0,0,1,7,7,0,0,0,0,0,1,200,200,12,200,200,200,200
325206,1,30,0,0,0,1,7,7,0,0,0,0,0,1,200,200,200,200,200,200,200
325209,0,30,0,0,0,1,10,5,0,0,0,18,0,0,5,0,3,0,0,200,200
325209,0,30,0,0,0,1,10,5,0,0,0,18,0,1,6,0,0,0,0,200,200
325209,1,30,0,0,0,1,10,5,0,0,0,18,0,1,0,5,200,200,200,200,200
325214,0,30,1,2,0,1,0,2,0,0,0,17,11,1,7,0,1,0,0,200,200
325214,0,30,1,2,0,1,0,2,0,0,0,17,11,0,5,0,0,0,0,200,200
325214,0,30,1,2,0,1,0,2,0,0,0,17,11,0,7,0,0,0,0,200,200
325214,1,30,1,2,0,1,0,2,0,0,0,17,11,0,6,0,200,200,200,200,200
325217,0,30,1,200,0,1,14,12,0,0,0,6,200,1,6,200,7,200,0,200,200
325217,0,30,1,200,0,1,14,12,0,0,0,6,200,0,7,200,0,200,0,200,200
325217,0,30,1,200,0,1,14,12,0,0,0,6,200,0,6,200,0,200,0,200,200
325219,0,30,1,2,0,1,4,5,0,0,1,0,0,0,6,200,200,200,0,200,200
325224,0,30,0,0,0,1,10,5,0,0,0,18,16,0,200,200,3,200,200,200,200
325224,0,30,0,0,0,1,10,5,0,0,0,18,16,0,6,0,0,0,0,200,200
325226,0,30,0,0,0,1,10,5,0,200,200,0,0,0,200,200,200,200,200,200,200
325226,0,30,0,0,0,1,10,5,0,200,200,0,0,1,200,200,200,200,200,200,200
325226,0,30,0,0,0,1,10,5,0,200,200,0,0,1,6,0,0,0,0,200,200
325226,1,30,0,0,0,1,10,5,0,200,200,0,0,0,2,0,200,200,200,200,200
325226,1,30,0,0,0,1,10,5,0,200,200,0,0,0,1,0,200,200,200,200,200
325236,0,30,0,200,0,1,10,2,0,0,0,0,0,1,200,200,200,200,200,200,200
325236,0,30,0,200,0,1,10,2,0,0,0,0,0,1,6,200,200,200,0,200,200
325236,0,30,0,200,0,1,10,2,0,0,0,0,0,0,6,200,200,200,200,200,200
325237,0,30,0,0,0,1,12,6,0,0,0,200,200,0,5,0,0,0,0,200,200
325237,0,30,0,0,0,1,12,6,0,0,0,200,200,1,6,0,0,0,0,200,200
325240,0,30,1,2,0,1,9,5,0,0,0,17,200,1,5,0,1,0,0,200,200
325240,5,30,1,2,0,1,9,5,0,0,0,17,200,1,7,200,0,12,0,200,200
325241,0,35,2,0,0,1,0,5,0,0,0,17,0,1,4,200,1,0,0,200,200
325241,0,35,2,0,0,1,0,5,0,0,0,17,0,1,5,200,0,0,0,200,200
325246,0,30,1,2,0,1,10,5,0,0,0,0,200,1,6,0,1,0,0,200,200
325246,0,30,1,2,0,1,10,5,0,0,0,0,200,1,5,0,0,0,0,200,200
325246,1,30,1,2,0,1,10,5,0,0,0,0,200,1,6,0,200,200,200,200,200
325252,0,30,1,2,0,1,0,2,0,0,0,0,0,1,4,0,12,0,0,200,200
325252,0,30,1,2,0,1,0,2,0,0,0,0,0,1,9,0,200,0,0,200,200
325252,1,30,1,2,0,1,0,2,0,0,0,0,0,0,4,200,200,200,200,200,200
325252,1,30,1,2,0,1,0,2,0,0,0,0,0,1,1,200,200,200,200,200,200
325252,1,30,1,2,0,1,0,2,0,0,0,0,0,1,2,200,200,200,200,200,200
325252,1,30,1,2,0,1,0,2,0,0,0,0,0,0,0,200,200,200,200,200,200
325253,0,30,0,0,0,1,14,2,0,200,200,16,14,0,4,7,12,200,200,200,0
325253,0,30,0,0,0,1,14,2,0,200,200,16,14,1,3,200,0,200,0,200,200
325253,1,30,0,0,0,1,14,2,0,200,200,16,14,0,5,200,200,200,200,200,200
325257,0,30,0,0,0,1,5,0,0,0,12,28,0,0,7,0,12,0,0,200,200
325259,0,30,0,0,0,1,12,5,0,0,0,22,16,0,200,200,2,200,200,200,200
325259,0,30,0,0,0,1,12,5,0,0,0,22,16,0,6,0,0,0,0,200,200
325259,1,30,0,0,0,1,12,5,0,0,0,22,16,1,200,0,200,200,200,200,200
325259,1,30,0,0,0,1,12,5,0,0,0,22,16,0,200,0,200,200,200,200,200
325261,0,30,1,2,0,1,0,2,0,0,0,0,0,0,4,200,200,200,0,200,200
325261,0,30,1,2,0,1,0,2,0,0,0,0,0,0,5,7,200,200,200,200,200