RD_NO,PERSON_TYPE,POSTED_SPEED_LIMIT,TRAFFIC_CONTROL_DEVICE,DEVICE_CONDITION,WEATHER_CONDITION,LIGHTING_CONDITION,FIRST_CRASH_TYPE,TRAFFICWAY_TYPE,ALIGNMENT,ROADWAY_SURFACE_COND,ROAD_DEFECT,PRIM_CONTRIBUTORY_CAUSE,SEC_CONTRIBUTORY_CAUSE,SEX,AGE,SAFETY_EQUIPMENT,DRIVER_ACTION,DRIVER_VISION,PHYSICAL_CONDITION,BAC_RESULT VALUE,CELL_PHONE_USE
325262,0,30,0,0,0,1,7,6,0,0,0,0,0,2,200,200,200,200,200,200,200
325265,0,30,0,0,0,1,0,2,0,0,0,0,200,0,7,0,1,0,0,200,200
325265,0,30,0,0,0,1,0,2,0,0,0,0,200,1,5,0,0,0,0,200,200
325269,0,30,1,2,0,1,14,5,0,0,200,8,25,0,5,0,12,200,0,200,200
325269,0,30,1,2,0,1,14,5,0,0,200,8,25,1,4,0,0,200,0,200,200
325269,1,30,1,2,0,1,14,5,0,0,200,8,25,200,200,200,200,200,200,200,200
325271,0,30,0,0,0,1,12,6,0,200,200,0,200,1,6,200,12,200,0,200,200
325271,0,30,0,0,0,1,12,6,0,200,200,0,200,0,6,200,200,200,0,200,200
325275,0,30,1,2,0,1,12,2,0,0,0,0,0,0,200,200,200,200,200,200,200
325275,0,30,1,2,0,1,12,2,0,0,0,0,0,1,5,7,0,0,0,200,200
325278,0,30,1,2,0,1,14,2,0,0,0,16,0,2,200,200,200,200,200,200,200
325278,0,30,1,2,0,1,14,2,0,0,0,16,0,0,6,0,200,0,0,200,200
325278,0,30,1,2,0,1,14,2,0,0,0,16,0,1,8,0,200,0,0,200,200
325283,0,30,0,0,0,1,10,5,0,0,0,18,200,0,5,200,200,0,0,200,200
325283,0,30,0,0,0,1,10,5,0,0,0,18,200,1,5,200,0,0,0,200,200
325284,0,30,1,2,0,1,7,5,0,0,0,20,200,1,5,0,6,0,0,200,200
325290,0,35,0,0,0,1,10,5,0,0,0,16,200,0,6,0,3,0,0,200,200
325290,0,35,0,0,0,1,10,5,0,0,0,16,200,1,6,0,0,0,0,200,200
325290,0,35,0,0,0,1,10,5,0,0,0,16,200,0,5,0,0,0,0,200,200
325290,0,35,0,0,0,1,10,5,0,0,0,16,200,1,5,0,0,0,0,200,200
325292,0,30,0,0,0,1,14,6,0,0,0,18,200,0,6,0,12,0,0,200,200
325292,0,30,0,0,0,1,14,6,0,0,0,18,200,1,200,200,200,200,200,200,200
325292,1,30,0,0,0,1,14,6,0,0,0,18,200,0,200,0,200,200,200,200,200
325296,0,30,2,0,0,1,0,5,0,0,0,17,200,0,4,0,1,200,0,200,200
325296,0,30,2,0,0,1,0,5,0,0,0,17,200,0,5,0,0,0,0,200,200
325296,0,30,2,0,0,1,0,5,0,0,0,17,200,1,6,0,0,0,0,200,200
325296,1,30,2,0,0,1,0,5,0,0,0,17,200,0,200,0,200,200,200,200,200
325296,1,30,2,0,0,1,0,5,0,0,0,17,200,0,5,0,200,200,200,200,200
325296,1,30,2,0,0,1,0,5,0,0,0,17,200,200,200,0,200,200,200,200,200
325296,1,30,2,0,0,1,0,5,0,0,0,17,200,1,0,5,200,200,200,200,200
325298,0,30,1,2,0,1,8,5,0,0,0,17,0,0,8,200,1,0,0,200,200
325298,4,30,1,2,0,1,8,5,0,0,0,17,0,0,5,7,0,0,0,200,200
325310,0,30,1,2,0,1,10,5,0,0,0,0,0,1,200,200,200,200,200,200,200
325310,0,30,1,2,0,1,10,5,0,0,0,0,0,1,6,0,200,200,200,200,200
325310,1,30,1,2,0,1,10,5,0,0,0,0,0,0,2,0,200,200,200,200,200
325316,0,30,0,0,0,1,7,7,0,0,0,0,0,2,200,200,200,200,200,200,200
325319,0,30,0,0,0,1,12,5,0,0,0,17,200,1,6,0,1,0,0,200,200
325319,0,30,0,0,0,1,12,5,0,0,0,17,200,1,6,0,0,0,0,200,200
325320,0,15,0,0,0,1,7,7,0,0,0,0,0,0,200,200,6,200,200,200,200
325322,0,30,0,0,0,1,14,2,0,0,0,17,16,0,6,0,1,0,0,200,200
325322,0,30,0,0,0,1,14,2,0,0,0,17,16,0,5,200,12,0,7,200,200
325324,0,30,2,2,0,1,8,5,0,0,0,33,0,1,6,0,1,6,0,200,200
325324,4,30,2,2,0,1,8,5,0,0,0,33,0,1,9,200,0,0,0,200,200
325324,1,30,2,2,0,1,8,5,0,0,0,33,0,1,6,0,200,200,200,200,200
325325,0,30,1,2,0,1,10,6,0,0,0,18,200,0,200,200,12,200,0,200,200
325325,0,30,1,2,0,1,10,6,0,0,0,18,200,0,200,200,0,200,0,200,200
325325,1,30,1,2,0,1,10,6,0,0,0,18,200,1,200,200,200,200,200,200,200
325329,0,30,0,0,0,1,14,5,0,0,0,6,200,1,7,0,5,0,0,200,200
325329,0,30,0,0,0,1,14,5,0,0,0,6,200,0,4,0,0,0,0,200,200
325329,1,30,0,0,0,1,14,5,0,0,0,6,200,1,7,0,200,200,200,200,200
325337,0,30,1,2,0,1,14,5,0,0,0,17,0,0,7,7,1,0,0,200,200
325337,0,30,1,2,0,1,14,5,0,0,0,17,0,0,6,0,7,0,0,200,200
325337,1,30,1,2,0,1,14,5,0,0,0,17,0,1,6,0,200,200,200,200,200
325337,1,30,1,2,0,1,14,5,0,0,0,17,0,0,2,0,200,200,200,200,200
325340,0,30,1,2,0,1,10,2,0,0,0,0,200,1,5,0,200,0,0,200,200
325340,0,30,1,2,0,1,10,2,0,0,0,0,200,1,5,0,0,0,0,200,200
325342,0,25,0,0,0,1,7,2,0,0,0,0,0,2,200,200,1,200,200,200,200
325345,0,25,0,0,0,1,14,2,0,0,0,17,200,1,5,0,1,0,0,200,200
325345,0,25,0,0,0,1,14,2,0,0,0,17,200,1,5,0,0,0,0,200,200
325356,0,30,200,200,0,1,10,5,0,0,200,14,14,0,6,200,200,200,0,200,200
325356,0,30,200,200,0,1,10,5,0,0,200,14,14,0,6,200,200,200,200,200,200
325357,0,30,2,2,0,1,10,2,0,0,200,0,34,1,6,200,3,200,200,200,200
325357,0,30,2,2,0,1,10,2,0,0,200,0,34,0,6,200,0,200,0,200,200
325358,0,30,0,0,0,1,7,3,0,0,0,0,200,1,6,0,12,0,0,200,200
325361,0,30,1,2,0,1,14,5,0,0,0,23,200,0,6,200,7,0,0,200,200
325361,0,30,1,2,0,1,14,5,0,0,0,23,200,1,6,200,0,0,0,200,200
325363,0,25,0,0,0,1,12,5,0,0,0,17,16,1,5,200,1,0,0,200,200
325363,0,25,0,0,0,1,12,5,0,0,0,17,16,1,6,200,0,0,0,200,200
325372,0,30,0,0,0,1,10,7,0,0,0,0,0,0,5,0,6,0,0,200,200
325372,0,30,0,0,0,1,10,7,0,0,0,0,0,1,8,0,0,0,0,200,200
325373,0,30,0,0,0,1,12,5,0,0,0,21,27,1,6,200,4,200,5,200,200
325373,0,30,0,0,0,1,12,5,0,0,0,21,27,1,6,0,0,0,0,200,200
325375,0,30,0,0,0,1,10,2,0,0,0,0,200,0,200,200,200,200,200,200,200
325375,0,30,0,0,0,1,10,2,0,0,0,0,200,0,8,0,0,0,0,200,200
325376,0,30,0,0,0,1,14,2,0,0,0,17,16,0,6,200,1,0,0,200,200
325376,0,30,0,0,0,1,14,2,0,0,0,17,16,1,6,200,12,0,0,200,200
325393,0,30,1,2,0,1,12,3,0,0,0,17,21,1,6,0,4,0,0,200,200
325393,0,30,1,2,0,1,12,3,0,0,0,17,21,0,7,0,0,0,0,200,200
325396,0,30,0,0,0,1,8,2,0,0,0,0,200,0,5,0,0,0,0,200,200
325396,4,30,0,0,0,1,8,2,0,0,0,0,200,200,200,7,200,200,200,200,200
325399,0,30,0,0,0,1,7,5,0,0,0,20,20,0,6,0,6,0,0,200,200
325402,0,35,0,0,0,1,7,5,0,0,0,0,200,2,200,200,200,200,200,200,200
325405,0,30,0,0,0,1,14,5,0,0,0,17,200,1,5,200,1,5,0,200,200
325405,0,30,0,0,0,1,14,5,0,0,0,17,200,0,6,200,0,200,0,200,200
325410,0,30,1,200,0,1,14,5,0,200,200,0,200,0,200,200,200,200,200,200,200
325410,0,30,1,200,0,1,14,5,0,200,200,0,200,0,7,200,200,200,200,200,200
325422,0,30,0,0,0,1,14,2,0,0,0,22,200,0,5,200,1,12,0,200,200
325422,0,30,0,0,0,1,14,2,0,0,0,22,200,0,5,200,0,0,0,200,200
325422,1,30,0,0,0,1,14,2,0,0,0,22,200,0,3,200,200,200,200,200,200
325422,1,30,0,0,0,1,14,2,0,0,0,22,200,0,0,5,200,200,200,200,200
325422,1,30,0,0,0,1,14,2,0,0,0,22,200,1,3,200,200,200,200,200,200
325426,0,30,1,2,0,1,0,5,0,0,0,6,200,1,200,200,5,200,200,200,200
325426,0,30,1,2,0,1,0,5,0,0,0,6,200,0,6,0,0,0,0,200,200
325458,0,30,1,2,0,1,14,5,0,0,0,17,200,1,6,200,1,200,0,200,200
325458,0,30,1,2,0,1,14,5,0,0,0,17,200,0,6,200,1,200,0,200,200
325474,0,30,0,0,0,4,14,2,0,0,0,22,10,1,7,200,4,0,0,200,200
325474,0,30,0,0,0,4,14,2,0,0,0,22,10,0,6,200,200,0,0,200,200
325474,1,30,0,0,0,4,14,2,0,0,0,22,10,0,6,200,200,200,200,200,200
325474,1,30,0,0,0,4,14,2,0,0,0,22,10,0,2,200,200,200,200,200,200
325474,1,30,0,0,0,4,14,2,0,0,0,22,10,1,1,200,200,200,200,200,200
325474,1,30,0,0,0,4,14,2,0,0,0,22,10,1,1,200,200,200,200,200,200
325475,0,30,1,2,0,1,10,2,0,200,200,18,15,1,200,200,8,200,200,200,200
325475,0,30,1,2,0,1,10,2,0,200,200,18,15,0,6,0,0,200,200,200,200
325479,0,30,200,200,0,1,8,5,0,0,0,6,6,2,200,200,200,200,200,200,200
325479,4,30,200,200,0,1,8,5,0,0,0,6,6,1,6,200,0,200,200,200,200
325482,0,30,0,0,0,1,0,0,0,0,0,20,20,0,7,0,6,0,0,200,200
325482,0,30,0,0,0,1,0,0,0,0,0,20,20,0,200,200,0,200,200,200,200
325485,0,30,0,0,0,1,7,6,0,0,0,200,200,2,200,200,200,200,200,200,200
325491,0,30,1,2,0,1,9,5,0,0,0,200,200,0,6,200,0,0,0,200,200
325491,5,30,1,2,0,1,9,5,0,0,0,200,200,1,5,7,0,0,0,200,200
325508,0,30,0,0,0,1,10,5,0,0,0,16,200,0,200,0,3,0,200,200,200
325508,0,30,0,0,0,1,10,5,0,0,0,16,200,0,5,0,0,0,0,200,200
325508,1,30,0,0,0,1,10,5,0,0,0,16,200,0,5,0,200,200,200,200,200
325508,1,30,0,0,0,1,10,5,0,0,0,16,200,1,200,0,200,200,200,200,200
325511,0,30,1,2,0,3,2,6,0,0,0,2,2,0,5,0,15,12,0,200,1
325516,0,30,0,0,0,1,10,2,0,0,0,0,0,0,200,200,200,200,0,200,200
325516,0,30,0,0,0,1,10,2,0,0,0,0,0,2,8,0,0,0,0,200,200
325516,1,30,0,0,0,1,10,2,0,0,0,0,0,0,8,0,200,200,200,200,200
325527,0,35,1,2,0,1,10,2,0,0,0,18,0,0,5,0,3,200,0,200,200
325527,0,35,1,2,0,1,10,2,0,0,0,18,0,0,6,0,0,0,0,200,200
325533,0,30,0,0,0,1,0,5,0,0,0,200,200,0,200,200,0,200,200,200,200
325533,0,30,0,0,0,1,0,5,0,0,0,200,200,0,7,0,0,0,0,200,200
325533,1,30,0,0,0,1,0,5,0,0,0,200,200,0,200,0,200,200,200,200,200
325535,0,30,0,0,0,1,7,2,0,0,0,0,0,2,200,200,200,200,200,200,200
325536,0,10,0,0,2,3,7,12,0,1,0,0,0,1,5,200,200,12,200,200,200
325540,0,30,4,2,0,0,12,2,0,0,0,16,0,0,5,0,200,0,0,200,200
325540,0,30,4,2,0,0,12,2,0,0,0,16,0,0,5,0,200,0,0,200,200
325543,0,30,0,0,0,3,12,7,0,0,0,17,0,0,200,200,1,200,200,200,200
325543,0,30,0,0,0,3,12,7,0,0,0,17,0,0,6,0,0,0,0,200,200
325547,0,30,1,2,0,1,7,2,0,0,0,0,0,2,200,200,200,200,200,200,200
325549,0,25,1,2,0,1,7,5,0,0,0,23,200,1,200,200,7,200,200,200,200
325549,1,25,1,2,0,1,7,5,0,0,0,23,200,2,200,200,200,200,200,200,200
325550,0,30,0,0,0,1,7,5,0,0,0,0,0,0,200,200,12,200,200,200,200
325559,0,30,0,0,0,4,14,5,0,0,0,0,0,2,200,200,7,200,200,200,200
325559,0,30,0,0,0,4,14,5,0,0,0,0,0,1,7,0,0,0,0,200,200
325561,0,30,0,0,0,200,7,6,0,0,1,11,8,0,200,200,0,200,200,200,200
325566,0,15,0,0,0,3,7,200,0,0,0,7,11,0,4,0,0,0,4,200,200
325575,0,30,0,0,0,3,7,6,0,0,0,0,16,0,6,200,12,0,4,200,200
325584,0,30,1,2,0,0,11,5,0,0,0,21,200,1,6,200,12,200,200,200,200
325584,0,30,1,2,0,0,11,5,0,0,0,21,200,1,6,0,0,0,0,200,200
325584,1,30,1,2,0,0,11,5,0,0,0,21,200,1,8,0,200,200,200,200,200
325584,1,30,1,2,0,0,11,5,0,0,0,21,200,0,2,0,200,200,200,200,200
325584,1,30,1,2,0,0,11,5,0,0,0,21,200,0,2,5,200,200,200,200,200
325585,0,30,1,2,0,3,10,5,0,0,0,18,200,2,200,200,3,200,200,200,200
325585,0,30,1,2,0,3,10,5,0,0,0,18,200,0,6,0,0,0,0,200,200
325588,0,30,1,2,2,0,11,5,0,1,0,17,0,0,7,0,1,0,0,200,200
325588,0,30,1,2,2,0,11,5,0,1,0,17,0,0,6,0,0,0,0,200,200
325589,0,25,2,2,0,1,10,6,0,0,0,8,8,1,6,200,6,0,0,200,200
325589,0,25,2,2,0,1,10,6,0,0,0,8,8,0,7,0,0,0,0,200,200
325597,0,30,1,2,0,3,14,3,0,0,0,6,0,0,4,0,1,0,0,200,200
325597,0,30,1,2,0,3,14,3,0,0,0,6,0,0,7,0,200,0,0,200,200
325598,0,30,200,200,200,200,7,5,0,200,200,0,0,1,6,200,200,200,200,200,200
325609,0,35,1,2,0,1,14,3,0,0,0,23,21,1,6,200,4,200,200,200,200
325609,0,35,1,2,0,1,14,3,0,0,0,23,21,0,6,0,0,0,0,200,200
325616,0,10,0,0,0,1,2,7,0,0,0,0,200,1,7,0,1,0,0,200,200
325616,1,10,0,0,0,1,2,7,0,0,0,0,200,1,200,0,200,200,200,200,200
325622,0,10,0,0,0,0,3,7,0,0,0,0,0,2,200,200,200,200,200,200,200
325622,0,10,0,0,0,0,3,7,0,0,0,0,0,0,6,200,200,200,0,200,200
325622,1,10,0,0,0,0,3,7,0,0,0,0,0,0,5,4,200,200,200,200,200
325625,0,20,0,0,0,3,7,6,0,0,0,0,0,0,200,200,200,200,200,200,200
325625,1,20,0,0,0,3,7,6,0,0,0,0,0,200,200,200,200,200,200,200,200
325625,1,20,0,0,0,3,7,6,0,0,0,0,0,200,200,200,200,200,200,200,200
325625,1,20,0,0,0,3,7,6,0,0,0,0,0,200,200,200,200,200,200,200,200
325634,0,30,0,0,0,3,7,5,0,0,0,0,0,0,200,200,200,200,200,200,200
325634,1,30,0,0,0,3,7,5,0,0,0,0,0,0,6,200,200,200,200,200,200
325643,0,30,1,2,0,3,0,6,0,0,0,6,16,0,5,200,5,0,0,200,200
325643,0,30,1,2,0,3,0,6,0,0,0,6,16,0,6,200,0,0,0,200,200
325643,1,30,1,2,0,3,0,6,0,0,0,6,16,0,200,200,200,200,200,200,200
325643,1,30,1,2,0,3,0,6,0,0,0,6,16,0,6,200,200,200,200,200,200
325661,0,30,0,0,0,3,10,5,0,0,0,18,200,0,200,200,3,200,200,200,200
325661,0,30,0,0,0,3,10,5,0,0,0,18,200,1,7,0,0,0,0,200,200
325661,1,30,0,0,0,3,10,5,0,0,0,18,200,1,7,0,200,200,200,200,200
325661,1,30,0,0,0,3,10,5,0,0,0,18,200,1,7,0,200,200,200,200,200
325667,0,5,0,0,0,0,2,7,0,0,0,14,0,2,200,200,200,200,200,200,200
325669,0,30,2,2,0,3,0,5,0,200,200,5,17,2,200,200,1,200,200,200,200
325669,0,30,2,2,0,3,0,5,0,200,200,5,17,0,5,200,0,200,0,200,200
325671,0,30,0,0,0,3,7,6,0,0,200,32,200,0,5,200,12,200,5,0.18,200
325671,1,30,0,0,0,3,7,6,0,0,200,32,200,1,6,200,200,200,200,200,200
325677,0,15,0,0,0,3,7,7,0,0,0,20,16,0,200,200,6,200,200,200,200
325677,1,15,0,0,0,3,7,7,0,0,0,20,16,1,6,0,200,200,200,200,200
325677,1,15,0,0,0,3,7,7,0,0,0,20,16,1,4,0,200,200,200,200,200
325677,1,15,0,0,0,3,7,7,0,0,0,20,16,1,3,0,200,200,200,200,200
325677,1,15,0,0,0,3,7,7,0,0,0,20,16,1,2,0,200,200,200,200,200
325677,1,15,0,0,0,3,7,7,0,0,0,20,16,1,3,0,200,200,200,200,200
325681,0,30,2,2,0,3,3,5,0,0,0,17,16,0,6,200,1,200,7,200,200
325681,0,30,2,2,0,3,3,5,0,0,0,17,16,1,5,200,0,200,0,200,200
325684,0,35,1,2,0,3,0,6,0,0,0,0,0,0,6,0,12,0,0,200,200
325684,0,35,1,2,0,3,0,6,0,0,0,0,0,0,6,0,0,0,0,200,200
325686,0,30,200,200,0,3,12,6,0,200,200,16,0,0,200,200,200,200,200,200,200
325686,0,30,200,200,0,3,12,6,0,200,200,16,0,1,5,0,12,200,200,200,200
325686,1,30,200,200,0,3,12,6,0,200,200,16,0,0,200,200,200,200,200,200,200
325686,1,30,200,200,0,3,12,6,0,200,200,16,0,0,200,0,200,200,200,200,200
325690,0,30,0,0,0,3,7,6,0,0,0,2,200,0,6,200,15,0,0,200,200
325701,0,30,0,0,0,1,12,6,0,0,0,0,200,1,200,200,200,200,200,200,200
325701,0,30,0,0,0,1,12,6,0,0,0,0,200,0,6,0,0,200,0,200,200
325702,0,30,0,0,0,3,7,5,0,0,0,12,200,0,5,0,200,0,0,200,200
325702,1,30,0,0,0,3,7,5,0,0,0,12,200,1,5,0,200,200,200,200,200
325709,0,30,0,0,0,4,10,6,0,0,0,0,200,0,200,200,12,200,200,200,200
325709,0,30,0,0,0,4,10,6,0,0,0,0,200,1,5,0,12,0,0,200,200
325723,0,30,1,2,0,3,0,5,0,0,0,6,14,0,200,200,5,200,200,200,200
325723,0,30,1,2,0,3,0,5,0,0,0,6,14,0,7,0,0,0,0,200,200
325729,0,25,0,0,0,0,10,6,0,0,0,200,200,0,6,200,12,0,200,200,200
325732,0,35,0,0,0,1,10,5,0,0,0,18,18,0,200,200,3,200,200,200,200
325732,0,35,0,0,0,1,10,5,0,0,0,18,18,1,7,0,0,0,0,200,200
325757,0,20,2,2,0,3,7,5,0,0,0,0,0,2,200,200,200,200,200,200,200
325772,0,30,0,0,0,3,7,6,0,0,0,200,200,0,5,200,12,200,12,200,200
325782,0,30,1,2,0,3,0,5,0,0,0,6,6,2,200,200,5,200,200,200,200
325782,0,30,1,2,0,3,0,5,0,0,0,6,6,0,6,0,0,0,0,200,200
325785,0,30,0,0,0,3,5,2,0,0,200,32,25,0,5,200,12,200,5,200,200
325785,1,30,0,0,0,3,5,2,0,0,200,32,25,0,6,200,200,200,200,200,200
325796,0,30,0,0,0,0,7,6,0,0,0,0,0,0,200,200,200,200,200,200,200
325806,0,30,1,2,0,4,7,5,0,0,0,0,200,1,200,200,200,200,200,200,200
325810,0,30,0,0,0,3,7,6,0,0,0,0,0,2,200,200,200,200,200,200,200
325824,0,30,0,0,0,4,7,6,0,0,0,11,200,1,3,200,200,0,0,200,200
325824,1,30,0,0,0,4,7,6,0,0,0,11,200,1,4,200,200,200,200,200,200
325825,0,30,0,0,0,1,11,5,2,0,3,0,0,1,200,200,4,200,200,200,0
325825,0,30,0,0,0,1,11,5,2,0,3,0,0,1,4,0,0,200,0,200,200
325835,0,30,3,2,0,1,7,2,0,0,0,21,200,0,7,0,12,0,0,200,200
325838,0,55,0,0,0,1,12,3,0,0,200,21,200,0,6,200,4,200,200,200,200
325838,0,55,0,0,0,1,12,3,0,0,200,21,200,0,6,200,200,0,0,200,200
325858,0,30,1,2,0,1,2,1,0,0,0,23,11,0,6,0,7,0,0,200,200
325858,3,30,1,2,0,1,2,1,0,0,0,23,11,2,200,7,0,200,0,200,200
325859,0,30,0,0,0,1,12,5,0,0,0,25,200,0,6,0,4,0,0,200,200
325859,0,30,0,0,0,1,12,5,0,0,0,25,200,0,6,0,12,0,0,200,200
325859,1,30,0,0,0,1,12,5,0,0,0,25,200,1,6,0,200,200,200,200,200
325864,0,30,0,0,0,1,7,5,0,0,0,0,0,2,200,200,200,200,200,200,200
325868,0,30,0,0,0,0,14,5,0,0,0,23,17,1,200,200,7,200,200,200,200
325868,0,30,0,0,0,0,14,5,0,0,0,23,17,1,6,0,0,0,0,200,200
325869,0,15,0,0,0,1,6,0,0,0,0,27,27,1,6,200,200,0,4,200,200
325871,0,30,11,2,2,1,10,5,0,1,0,0,0,0,200,200,6,200,200,200,200
325871,0,30,11,2,2,1,10,5,0,1,0,0,0,0,7,0,0,0,0,200,200
325875,0,30,1,2,0,1,10,5,0,0,0,18,18,1,8,0,3,0,0,200,200
325875,0,30,1,2,0,1,10,5,0,0,0,18,18,1,6,0,0,0,0,200,200
325878,0,30,0,0,0,1,14,5,0,0,0,23,200,1,6,0,7,0,0,200,200
325878,0,30,0,0,0,1,14,5,0,0,0,23,200,1,6,0,0,0,0,200,200
325878,1,30,0,0,0,1,14,5,0,0,0,23,200,1,6,0,200,200,200,200,200
325892,0,0,0,0,0,1,7,7,0,0,0,0,200,0,7,200,12,200,0,200,200
325902,0,30,1,3,0,1,0,5,0,0,0,0,0,0,7,0,12,0,0,200,200
325902,0,30,1,3,0,1,0,5,0,0,0,0,0,0,6,0,12,0,0,200,200
325903,0,30,2,200,0,1,10,6,0,0,200,18,0,0,200,200,3,200,200,200,200
325903,0,30,2,200,0,1,10,6,0,0,200,18,0,1,5,200,12,200,0,200,200
325903,1,30,2,200,0,1,10,6,0,0,200,18,0,200,200,200,200,200,200,200,200
325909,0,30,0,0,0,1,9,3,0,0,0,0,200,0,6,200,200,200,0,200,200
325909,5,30,0,0,0,1,9,3,0,0,0,0,200,0,7,7,200,200,0,200,200
325917,0,30,0,0,0,2,10,2,0,0,0,17,18,0,6,7,1,0,0,200,200
325917,0,30,0,0,0,2,10,2,0,0,0,17,18,0,6,0,1,0,0,200,200
325918,0,30,3,2,0,1,8,2,0,0,0,17,7,1,6,0,1,0,0,200,200
325918,4,30,3,2,0,1,8,2,0,0,0,17,7,0,5,3,0,0,0,200,200
325918,1,30,3,2,0,1,8,2,0,0,0,17,7,0,6,0,200,200,200,200,200
325925,0,30,2,2,0,1,8,6,0,0,0,0,200,0,200,200,200,200,200,200,200
325925,4,30,2,2,0,1,8,6,0,0,0,0,200,0,2,2,200,0,0,200,200
325927,0,30,0,0,0,1,0,7,0,200,200,0,0,1,7,200,0,200,0,200,200
325927,0,30,0,0,0,1,0,7,0,200,200,0,0,1,9,200,0,200,0,200,200
325931,0,30,0,0,0,1,14,5,0,200,200,23,200,1,5,200,4,200,200,200,200
325931,0,30,0,0,0,1,14,5,0,200,200,23,200,1,7,200,0,200,0,200,200
325963,0,30,1,1,0,1,10,5,0,0,0,0,200,1,5,0,200,0,0,200,200
325963,0,30,1,1,0,1,10,5,0,0,0,0,200,0,7,0,0,0,0,200,200
325978,0,30,1,2,0,1,14,2,0,0,0,23,0,2,200,200,7,200,200,200,200
325978,0,30,1,2,0,1,14,2,0,0,0,23,0,1,6,200,0,0,0,200,200
325982,0,30,0,0,0,1,12,5,0,0,0,21,200,0,6,0,4,0,0,200,200
325982,0,30,0,0,0,1,12,5,0,0,0,21,200,0,4,0,0,0,0,200,200
325982,1,30,0,0,0,1,12,5,0,0,0,21,200,1,4,0,200,200,200,200,200
325983,0,30,0,0,0,1,9,5,0,0,200,25,17,1,200,200,1,200,200,200,200
325983,5,30,0,0,0,1,9,5,0,0,200,25,17,0,6,7,0,0,0,200,200
325984,0,15,0,0,0,1,7,12,0,0,0,20,20,0,7,0,6,200,0,200,200
325987,0,30,0,0,0,1,11,4,2,0,0,21,200,1,6,0,12,0,0,200,200
325987,0,30,0,0,0,1,11,4,2,0,0,21,200,0,7,0,12,0,0,200,200
325988,0,30,0,0,0,1,14,0,0,0,0,17,33,0,8,0,1,5,0,200,200
325988,0,30,0,0,0,1,14,0,0,0,0,17,33,1,8,0,0,5,0,200,200
325988,1,30,0,0,0,1,14,0,0,0,0,17,33,0,7,0,200,200,200,200,200
325992,0,30,1,2,0,1,10,2,0,0,0,18,0,0,6,0,3,0,0,200,200
325992,0,30,1,2,0,1,10,2,0,0,0,18,0,0,7,0,0,0,0,200,200
326000,0,30,2,2,0,1,10,2,0,0,0,18,200,0,8,200,3,0,0,200,200
326000,0,30,2,2,0,1,10,2,0,0,0,18,200,0,6,200,0,0,0,200,200
326004,0,25,0,2,0,1,7,5,0,0,0,23,200,0,6,7,7,0,0,200,200
326008,0,30,0,0,0,1,12,3,0,0,0,17,200,2,200,200,1,200,200,200,200
326008,0,30,0,0,0,1,12,3,0,0,0,17,200,1,7,200,0,200,0,200,200
326021,0,30,0,0,0,1,10,7,0,0,0,20,20,1,5,200,6,200,0,200,200
326021,0,30,0,0,0,1,10,7,0,0,0,20,20,0,6,0,0,0,0,200,200
326024,0,25,1,2,0,1,10,5,0,0,0,18,0,0,8,0,0,0,0,200,200
326024,0,25,1,2,0,1,10,5,0,0,0,18,0,0,8,0,3,0,0,200,200
326028,0,30,0,0,0,1,7,6,0,0,0,0,0,2,200,200,200,200,200,200,200
326034,0,30,0,0,0,1,3,2,0,0,0,0,200,2,200,200,200,200,200,200,200
326034,0,30,0,0,0,1,3,2,0,0,0,0,200,0,8,200,200,200,12,200,200
326034,1,30,0,0,0,1,3,2,0,0,0,0,200,1,8,200,200,200,200,200,200
326037,0,30,0,0,0,1,7,5,0,0,0,200,200,2,200,200,200,200,200,200,200
326038,0,30,2,2,0,1,0,5,0,0,0,17,0,1,7,0,0,0,0,200,200
326038,0,30,2,2,0,1,0,5,0,0,0,17,0,1,6,0,1,0,0,200,200
326042,0,30,1,2,0,1,8,3,0,0,0,17,22,0,8,0,1,0,0,200,200
326042,4,30,1,2,0,1,8,3,0,0,0,17,22,0,6,200,0,0,0,200,200
326043,0,30,1,2,0,1,12,5,0,0,0,0,25,0,5,200,12,200,0,200,200
326043,0,30,1,2,0,1,12,5,0,0,0,0,25,0,7,200,0,200,0,200,200
326051,0,15,0,0,0,1,7,7,0,0,0,0,200,0,7,200,200,200,200,200,200
326053,0,30,2,2,0,1,10,6,0,0,0,18,200,1,6,0,3,0,0,200,200
326053,0,30,2,2,0,1,10,6,0,0,0,18,200,0,200,200,0,200,200,200,200
326053,1,30,2,2,0,1,10,6,0,0,0,18,200,1,3,0,200,200,200,200,200
326054,0,30,0,0,0,0,7,6,0,0,0,22,0,2,200,200,2,200,200,200,200
326058,0,20,0,0,0,1,12,5,0,0,0,0,0,0,6,0,0,0,0,200,200
326058,0,20,0,0,0,1,12,5,0,0,0,0,0,0,5,0,0,0,0,200,200
326061,0,25,0,0,0,1,7,5,0,0,0,22,0,0,7,0,2,0,0,200,200
326063,0,30,1,2,0,1,14,6,0,0,0,21,200,0,6,7,4,0,0,200,200
326063,0,30,1,2,0,1,14,6,0,0,0,21,200,1,7,0,0,0,0,200,200
326063,1,30,1,2,0,1,14,6,0,0,0,21,200,1,9,0,200,200,200,200,200