RD_NO,PERSON_TYPE,POSTED_SPEED_LIMIT,TRAFFIC_CONTROL_DEVICE,DEVICE_CONDITION,WEATHER_CONDITION,LIGHTING_CONDITION,FIRST_CRASH_TYPE,TRAFFICWAY_TYPE,ALIGNMENT,ROADWAY_SURFACE_COND,ROAD_DEFECT,PRIM_CONTRIBUTORY_CAUSE,SEC_CONTRIBUTORY_CAUSE,SEX,AGE,SAFETY_EQUIPMENT,DRIVER_ACTION,DRIVER_VISION,PHYSICAL_CONDITION,BAC_RESULT VALUE,CELL_PHONE_USE
326069,0,25,0,0,0,1,7,5,0,0,0,0,200,0,8,0,0,0,0,200,200
326070,0,30,0,0,0,1,7,5,0,0,0,14,14,1,200,200,200,200,200,200,200
326075,0,20,0,0,0,3,7,6,0,0,0,0,200,2,200,200,200,200,200,200,200
326083,0,10,0,0,0,1,0,7,0,0,0,0,0,0,6,0,12,0,0,200,200
326083,0,10,0,0,0,1,0,7,0,0,0,0,0,1,6,0,0,0,0,200,200
326090,0,30,0,3,0,1,0,2,0,0,0,17,17,1,5,0,1,0,0,200,200
326090,0,30,0,3,0,1,0,2,0,0,0,17,17,0,200,0,0,0,0,200,200
326093,0,30,0,0,0,1,14,5,0,0,0,17,23,0,7,200,200,200,200,200,200
326093,0,30,0,0,0,1,14,5,0,0,0,17,23,1,6,200,7,200,0,200,200
326093,1,30,0,0,0,1,14,5,0,0,0,17,23,1,200,200,200,200,200,200,200
326093,1,30,0,0,0,1,14,5,0,0,0,17,23,1,200,200,200,200,200,200,200
326093,1,30,0,0,0,1,14,5,0,0,0,17,23,0,200,200,200,200,200,200,200
326104,0,30,1,2,0,1,14,6,0,0,0,22,200,1,5,0,4,0,0,200,200
326104,0,30,1,2,0,1,14,6,0,0,0,22,200,0,6,0,0,0,0,200,200
326106,0,30,0,0,0,1,14,2,0,0,0,23,200,0,4,0,1,0,0,200,200
326106,0,30,0,0,0,1,14,2,0,0,0,23,200,0,5,0,0,0,0,200,200
326112,0,30,0,0,0,1,12,2,0,0,0,0,0,0,8,200,4,200,200,200,200
326112,0,30,0,0,0,1,12,2,0,0,0,0,0,0,7,0,0,0,0,200,200
326122,0,40,0,0,0,1,12,3,0,0,0,11,200,1,6,0,12,0,0,200,200
326122,0,40,0,0,0,1,12,3,0,0,0,11,200,1,7,0,0,0,0,200,200
326127,0,20,0,0,0,1,7,5,0,0,3,12,0,0,6,0,12,0,0,200,200
326152,0,20,0,0,0,1,12,7,0,0,0,0,0,1,6,200,1,200,200,200,200
326152,0,20,0,0,0,1,12,7,0,0,0,0,0,1,5,0,0,0,0,200,200
326152,1,20,0,0,0,1,12,7,0,0,0,0,0,0,200,0,200,200,200,200,200
326154,0,30,1,2,0,1,12,3,0,0,0,17,17,1,6,0,4,0,0,200,200
326154,0,30,1,2,0,1,12,3,0,0,0,17,17,0,7,1,0,0,0,200,200
326154,1,30,1,2,0,1,12,3,0,0,0,17,17,0,7,0,200,200,200,200,200
326160,0,30,3,2,0,1,12,3,3,0,0,17,200,0,6,0,1,0,0,200,200
326160,0,30,3,2,0,1,12,3,3,0,0,17,200,0,200,0,0,0,0,200,200
326165,0,30,1,2,0,1,10,2,0,0,0,18,200,1,5,0,3,0,0,200,200
326165,0,30,1,2,0,1,10,2,0,0,0,18,200,0,5,0,0,0,0,200,200
326166,0,15,0,0,0,1,12,12,0,0,3,0,200,0,6,200,12,0,0,200,200
326166,0,15,0,0,0,1,12,12,0,0,3,0,200,0,7,200,0,0,0,200,200
326170,0,30,1,2,0,1,12,5,3,0,0,21,22,0,200,200,2,200,200,200,200
326170,0,30,1,2,0,1,12,5,3,0,0,21,22,1,5,0,0,0,0,200,200
326170,1,30,1,2,0,1,12,5,3,0,0,21,22,0,200,0,200,200,200,200,200
326170,1,30,1,2,0,1,12,5,3,0,0,21,22,200,200,200,200,200,200,200,200
326172,0,30,0,0,0,1,7,3,0,0,0,0,0,2,200,200,200,200,200,200,200
326180,0,30,0,0,0,1,2,0,0,0,0,0,0,0,5,200,200,200,0,200,200
326180,1,30,0,0,0,1,2,0,0,0,0,0,0,0,200,7,200,200,200,200,200
326180,1,30,0,0,0,1,2,0,0,0,0,0,0,0,200,7,200,200,200,200,200
326184,0,30,1,2,0,1,14,6,0,0,200,33,200,0,7,0,7,0,0,200,200
326184,0,30,1,2,0,1,14,6,0,0,200,33,200,0,7,0,0,0,0,200,200
326186,0,30,0,0,0,1,12,2,0,0,0,16,23,0,6,0,1,0,0,200,200
326186,0,30,0,0,0,1,12,2,0,0,0,16,23,1,7,0,0,0,0,200,200
326189,0,30,0,0,0,1,9,2,0,0,0,20,16,1,200,0,6,0,0,200,200
326189,5,30,0,0,0,1,9,2,0,0,0,20,16,0,6,7,0,0,0,200,200
326189,1,30,0,0,0,1,9,2,0,0,0,20,16,1,200,0,200,200,200,200,200
326199,0,30,2,2,0,1,14,2,2,0,0,17,33,0,9,0,1,12,0,200,200
326199,0,30,2,2,0,1,14,2,2,0,0,17,33,0,6,0,0,12,0,200,200
326202,0,30,1,2,0,1,10,2,0,0,0,7,18,1,7,200,3,200,200,200,200
326202,0,30,1,2,0,1,10,2,0,0,0,7,18,1,4,0,0,0,0,200,200
326202,1,30,1,2,0,1,10,2,0,0,0,7,18,1,200,200,200,200,200,200,200
326204,0,30,0,0,0,1,10,3,0,0,0,20,200,0,7,0,6,0,0,200,200
326204,0,30,0,0,0,1,10,3,0,0,0,20,200,1,5,0,12,0,0,200,200
326204,1,30,0,0,0,1,10,3,0,0,0,20,200,0,5,0,200,200,200,200,200
326204,1,30,0,0,0,1,10,3,0,0,0,20,200,0,2,0,200,200,200,200,200
326206,0,30,0,0,0,1,10,5,0,0,0,0,200,0,6,0,0,0,0,200,200
326206,0,30,0,0,0,1,10,5,0,0,0,0,200,1,3,0,0,0,0,200,200
326210,0,15,0,0,0,1,0,7,0,0,0,20,200,1,5,0,6,0,0,200,200
326210,0,15,0,0,0,1,0,7,0,0,0,20,200,0,6,0,0,0,0,200,200
326210,1,15,0,0,0,1,0,7,0,0,0,20,200,200,200,0,200,200,200,200,200
326210,1,15,0,0,0,1,0,7,0,0,0,20,200,200,200,0,200,200,200,200,200
326210,1,15,0,0,0,1,0,7,0,0,0,20,200,200,200,0,200,200,200,200,200
326219,0,30,0,0,0,1,14,5,0,0,0,17,23,1,200,0,1,1,0,200,200
326219,0,30,0,0,0,1,14,5,0,0,0,17,23,0,200,0,0,0,0,200,200
326223,0,5,0,0,0,1,10,7,0,0,0,20,200,1,6,0,6,0,0,200,200
326223,0,5,0,0,0,1,10,7,0,0,0,20,200,1,5,0,0,0,0,200,200
326223,1,5,0,0,0,1,10,7,0,0,0,20,200,0,0,5,200,200,200,200,200
326225,0,30,0,0,0,1,10,5,0,0,0,18,0,0,200,200,3,200,200,200,200
326225,0,30,0,0,0,1,10,5,0,0,0,18,0,0,6,0,0,0,0,200,200
326225,1,30,0,0,0,1,10,5,0,0,0,18,0,1,200,200,200,200,200,200,200
326231,0,30,1,2,0,1,14,5,0,0,0,23,200,1,6,200,7,200,0,200,200
326231,0,30,1,2,0,1,14,5,0,0,0,23,200,1,7,200,0,200,0,200,200
326232,0,30,2,2,0,1,10,5,0,0,0,20,200,0,5,200,6,0,0,200,200
326232,0,30,2,2,0,1,10,5,0,0,0,20,200,0,8,200,0,0,0,200,200
326232,1,30,2,2,0,1,10,5,0,0,0,20,200,0,4,200,200,200,200,200,200
326233,0,30,1,2,0,1,10,5,0,0,0,22,16,0,6,0,3,0,0,200,200
326233,0,30,1,2,0,1,10,5,0,0,0,22,16,0,8,0,0,0,0,200,200
326240,0,30,0,0,0,1,14,2,0,0,0,17,0,0,8,0,1,4,0,200,200
326240,0,30,0,0,0,1,14,2,0,0,0,17,0,1,8,0,0,0,0,200,200
326241,0,30,1,2,0,1,10,200,0,0,0,16,16,0,9,0,8,0,200,200,200
326241,0,30,1,2,0,1,10,200,0,0,0,16,16,0,6,0,0,0,0,200,200
326244,0,30,0,0,0,1,7,2,0,0,0,18,0,0,5,0,3,0,0,200,200
326250,0,30,0,0,0,1,12,5,0,0,0,17,0,0,200,0,1,0,0,200,200
326250,0,30,0,0,0,1,12,5,0,0,0,17,0,1,200,0,0,0,0,200,200
326251,0,30,0,0,0,1,10,5,0,0,0,0,0,0,6,200,200,200,0,200,200
326251,0,30,0,0,0,1,10,5,0,0,0,0,0,0,7,0,0,0,0,200,200
326251,1,30,0,0,0,1,10,5,0,0,0,0,0,0,200,200,200,200,200,200,200
326253,0,30,0,0,200,200,7,2,0,200,200,0,200,2,200,200,200,200,200,200,200
326260,0,20,2,2,0,1,2,5,0,0,0,25,16,0,7,200,13,200,0,200,200
326265,0,25,0,0,0,1,7,6,0,0,0,0,0,0,200,200,200,200,200,200,200
326272,0,30,1,2,0,1,14,5,0,0,0,21,22,0,5,0,4,0,0,200,200
326272,0,30,1,2,0,1,14,5,0,0,0,21,22,1,7,0,0,0,0,200,200
326272,1,30,1,2,0,1,14,5,0,0,0,21,22,2,200,200,200,200,200,200,200
326275,0,35,200,200,0,1,14,5,0,0,200,16,0,0,5,200,200,200,0,200,200
326275,0,35,200,200,0,1,14,5,0,0,200,16,0,1,5,200,200,200,0,200,200
326275,1,35,200,200,0,1,14,5,0,0,200,16,0,0,6,200,200,200,200,200,200
326278,0,30,2,0,0,1,10,5,0,0,0,0,200,0,200,200,200,200,200,200,200
326278,0,30,2,0,0,1,10,5,0,0,0,0,200,0,7,200,0,0,0,200,200
326286,0,30,0,0,0,1,7,7,0,0,0,20,200,0,7,200,6,200,0,200,200
326287,0,30,2,2,0,1,10,6,0,0,0,18,200,0,200,0,3,0,0,200,200
326287,0,30,2,2,0,1,10,6,0,0,0,18,200,0,200,0,0,0,0,200,200
326287,1,30,2,2,0,1,10,6,0,0,0,18,200,1,200,0,200,200,200,200,200
326287,1,30,2,2,0,1,10,6,0,0,0,18,200,1,200,0,200,200,200,200,200
326287,1,30,2,2,0,1,10,6,0,0,0,18,200,0,200,0,200,200,200,200,200
326288,0,35,0,0,0,1,14,5,2,0,0,17,5,1,5,0,1,0,0,200,200
326288,0,35,0,0,0,1,14,5,2,0,0,17,5,0,8,0,0,0,0,200,200
326288,1,35,0,0,0,1,14,5,2,0,0,17,5,0,6,0,200,200,200,200,200
326304,0,30,0,0,0,1,7,5,0,0,0,0,0,2,200,200,12,200,200,200,200
326305,0,30,0,0,0,1,10,5,0,0,0,18,200,1,6,0,3,0,0,200,200
326305,0,30,0,0,0,1,10,5,0,0,0,18,200,1,4,0,0,0,0,200,200
326310,0,20,0,12,0,1,7,12,0,0,0,0,200,2,200,200,200,200,200,200,200
326317,0,30,0,0,0,1,7,6,0,0,0,0,200,2,200,200,200,200,200,200,200
326329,0,35,0,0,0,1,7,6,0,0,0,18,200,2,200,200,200,200,200,200,200
326334,0,30,2,2,0,1,14,5,0,0,200,0,11,1,6,0,200,0,0,200,200
326334,0,30,2,2,0,1,14,5,0,0,200,0,11,1,7,0,200,0,0,200,200
326343,0,30,0,0,0,1,12,5,0,0,200,0,0,2,200,200,200,200,200,200,200
326343,0,30,0,0,0,1,12,5,0,0,200,0,0,1,6,0,0,200,200,200,200
326349,0,25,0,0,0,1,10,2,0,0,0,0,0,0,5,0,1,0,0,200,200
326349,0,25,0,0,0,1,10,2,0,0,0,0,0,0,5,0,0,0,0,200,200
326355,0,15,0,0,0,1,7,6,0,0,0,11,0,0,200,200,12,200,200,200,200
326359,0,0,0,0,0,1,10,7,0,0,0,12,200,1,7,200,12,0,0,200,200
326359,0,0,0,0,0,1,10,7,0,0,0,12,200,0,7,200,0,0,0,200,200
326369,0,30,0,0,2,3,7,6,0,1,200,200,200,1,4,200,12,200,200,200,200
326374,0,30,0,0,0,1,14,5,0,0,0,17,16,0,6,200,7,200,200,200,200
326374,0,30,0,0,0,1,14,5,0,0,0,17,16,1,8,0,0,200,0,200,200
326377,0,25,0,0,0,1,0,2,0,0,0,0,0,2,200,200,1,200,200,200,200
326377,0,25,0,0,0,1,0,2,0,0,0,0,0,1,6,0,0,0,0,200,200
326379,0,20,1,2,0,1,10,6,0,0,0,0,0,0,7,0,6,0,0,200,200
326379,0,20,1,2,0,1,10,6,0,0,0,0,0,1,5,0,0,0,0,200,200
326380,0,30,200,200,0,1,10,5,0,0,200,0,200,1,7,200,200,200,0,200,200
326380,0,30,200,200,0,1,10,5,0,0,200,0,200,1,6,200,200,200,0,200,200
326380,0,30,200,200,0,1,10,5,0,0,200,0,200,1,6,200,200,200,0,200,200
326381,0,30,0,0,0,3,7,5,0,0,0,0,200,2,200,200,200,200,200,200,200
326386,0,30,1,2,0,1,7,5,0,0,0,18,18,2,200,200,14,200,200,200,200
326391,0,30,0,0,0,1,7,6,0,0,0,22,16,0,4,0,2,0,0,200,200
326397,0,30,1,2,0,1,0,5,0,0,0,200,200,2,200,200,200,200,200,200,200
326397,0,30,1,2,0,1,0,5,0,0,0,200,200,1,6,0,0,0,0,200,200
326401,0,30,0,0,0,1,7,5,0,0,0,0,0,1,7,200,12,200,200,200,200
326410,0,30,0,0,200,200,7,5,0,200,200,0,200,2,200,200,200,200,200,200,200
326411,0,30,0,0,0,1,7,7,0,0,0,0,0,0,7,0,12,0,0,200,200
326414,0,30,0,0,0,1,5,5,0,0,200,0,0,1,9,0,0,200,200,200,200
326427,0,30,0,0,0,1,12,5,0,0,0,17,200,1,7,0,3,0,0,200,200
326427,0,30,0,0,0,1,12,5,0,0,0,17,200,0,7,0,0,0,0,200,200
326428,0,30,1,2,0,1,12,5,0,0,200,21,200,0,6,200,4,200,200,200,200
326428,0,30,1,2,0,1,12,5,0,0,200,21,200,1,5,200,0,200,200,200,200
326428,1,30,1,2,0,1,12,5,0,0,200,21,200,1,1,200,200,200,200,200,200
326430,0,35,1,2,0,1,9,5,0,0,0,16,0,1,6,200,1,0,0,200,200
326430,5,35,1,2,0,1,9,5,0,0,0,16,0,1,8,7,0,200,7,200,200
326430,1,35,1,2,0,1,9,5,0,0,0,16,0,1,1,5,200,200,200,200,200
326434,0,30,2,2,0,1,10,5,0,0,200,0,11,0,200,200,200,200,200,200,200
326434,0,30,2,2,0,1,10,5,0,0,200,0,11,1,5,0,200,0,0,200,200
326437,0,10,0,0,0,1,0,7,0,0,0,20,200,0,200,200,6,200,200,200,200
326437,0,10,0,0,0,1,0,7,0,0,0,20,200,0,6,200,6,200,0,200,200
326439,0,30,1,2,0,1,10,5,0,12,200,0,0,0,200,200,200,200,200,200,200
326439,0,30,1,2,0,1,10,5,0,12,200,0,0,1,6,0,0,0,0,200,200
326441,0,20,0,0,0,1,7,4,0,0,200,20,20,2,200,200,6,200,200,200,200
326442,0,30,1,2,0,1,12,6,0,0,0,21,22,1,8,200,0,0,0,200,200
326442,0,30,1,2,0,1,12,6,0,0,0,21,22,1,6,200,4,0,0,200,200
326444,0,30,0,0,0,1,7,5,0,0,0,17,11,0,200,200,1,200,200,200,200
326445,0,30,2,2,0,1,14,2,0,0,0,5,200,0,4,0,1,0,0,200,200
326445,0,30,2,2,0,1,14,2,0,0,0,5,200,0,6,0,0,0,0,200,200
326451,0,30,0,0,0,1,10,5,0,0,0,18,200,0,4,0,3,0,0,200,200
326451,0,30,0,0,0,1,10,5,0,0,0,18,200,0,7,0,0,0,0,200,200
326454,0,45,0,0,0,1,10,3,3,0,0,0,0,0,200,200,1,200,200,200,200
326454,0,45,0,0,0,1,10,3,3,0,0,0,0,0,7,0,0,0,0,200,200
326458,0,35,1,2,0,1,3,5,0,0,0,0,0,1,7,0,12,0,0,200,200
326458,0,35,1,2,0,1,3,5,0,0,0,0,0,1,6,0,0,0,0,200,200
326458,0,35,1,2,0,1,3,5,0,0,0,0,0,0,7,0,0,0,0,200,200
326459,0,35,1,2,0,1,14,2,0,0,0,23,200,0,7,0,0,0,0,200,200
326459,0,35,1,2,0,1,14,2,0,0,0,23,200,1,5,0,0,0,0,200,200
326464,0,30,1,2,0,1,10,5,0,0,0,0,200,0,5,0,0,0,0,200,200
326464,0,30,1,2,0,1,10,5,0,0,0,0,200,0,7,0,0,0,0,200,200
326470,0,30,200,200,0,200,9,200,0,0,200,0,0,0,6,200,200,200,200,200,200
326470,5,30,200,200,0,200,9,200,0,0,200,0,0,0,200,200,200,200,200,200,200
326476,0,30,1,2,0,1,12,5,0,0,0,200,200,0,7,200,12,200,200,200,200
326476,0,30,1,2,0,1,12,5,0,0,0,200,200,0,6,0,0,0,0,200,200
326479,0,30,0,0,0,1,10,5,0,0,0,20,20,1,6,0,6,0,0,200,200
326479,0,30,0,0,0,1,10,5,0,0,0,20,20,1,6,0,6,0,0,200,200
326480,0,25,0,0,0,1,0,2,0,0,0,0,0,0,5,0,1,0,0,200,200
326480,0,25,0,0,0,1,0,2,0,0,0,0,0,1,7,0,0,0,0,200,200
326488,0,30,1,200,0,1,0,5,0,0,0,0,0,1,4,200,6,200,200,200,200
326488,0,30,1,200,0,1,0,5,0,0,0,0,0,1,6,0,0,0,0,200,200
326489,0,30,0,0,0,1,10,5,0,0,0,18,200,0,200,200,3,200,200,200,200
326489,0,30,0,0,0,1,10,5,0,0,0,18,200,0,6,0,0,0,0,200,200
326498,0,30,0,0,0,1,0,5,0,0,200,17,0,1,0,0,1,0,0,200,200
326498,0,30,0,0,0,1,0,5,0,0,200,17,0,1,6,200,0,0,0,200,200
326498,0,30,0,0,0,1,0,5,0,0,200,17,0,1,6,0,0,0,0,200,200
326498,1,30,0,0,0,1,0,5,0,0,200,17,0,1,3,0,200,200,200,200,200
326498,1,30,0,0,0,1,0,5,0,0,200,17,0,1,2,0,200,200,200,200,200
326498,1,30,0,0,0,1,0,5,0,0,200,17,0,1,5,0,200,200,200,200,200
326498,1,30,0,0,0,1,0,5,0,0,200,17,0,1,8,0,200,200,200,200,200
326501,0,30,2,2,0,1,0,12,0,0,0,0,200,0,7,0,200,0,0,200,200
326501,0,30,2,2,0,1,0,12,0,0,0,0,200,1,6,0,200,0,0,200,200
326514,0,30,0,0,0,1,7,5,0,0,0,18,18,0,200,200,6,200,200,200,200
326519,0,20,0,0,0,1,7,6,0,200,200,0,0,1,6,200,200,200,0,200,200
326521,0,30,0,0,0,1,12,2,0,0,0,17,200,1,7,0,1,0,0,200,200
326521,0,30,0,0,0,1,12,2,0,0,0,17,200,1,6,0,0,0,0,200,200
326521,1,30,0,0,0,1,12,2,0,0,0,17,200,1,200,0,200,200,200,200,200
326521,1,30,0,0,0,1,12,2,0,0,0,17,200,1,200,0,200,200,200,200,200
326523,0,30,0,0,0,1,12,5,0,0,0,17,200,0,6,0,1,0,0,200,200
326523,0,30,0,0,0,1,12,5,0,0,0,17,200,1,6,0,0,0,0,200,200
326524,0,30,0,0,0,1,7,6,0,0,0,0,0,0,8,200,200,0,0,200,200
326532,0,30,0,0,0,1,10,5,0,0,0,200,200,1,5,0,0,0,0,200,200
326532,0,30,0,0,0,1,10,5,0,0,0,200,200,1,7,0,0,0,0,200,200
326532,1,30,0,0,0,1,10,5,0,0,0,200,200,1,200,0,200,200,200,200,200
326533,0,30,0,0,0,1,9,5,0,0,0,0,200,0,6,200,200,0,0,200,200
326533,5,30,0,0,0,1,9,5,0,0,0,0,200,1,5,7,0,200,0,200,200
326536,0,30,0,0,0,1,10,5,0,0,0,18,200,0,5,0,3,0,0,200,200
326536,0,30,0,0,0,1,10,5,0,0,0,18,200,0,6,0,0,0,0,200,200
326539,0,30,1,2,0,1,2,5,0,0,0,27,0,0,9,200,12,0,0,200,200
326542,0,30,2,2,0,1,0,5,0,0,0,17,0,0,6,200,1,0,0,200,200
326542,0,30,2,2,0,1,0,5,0,0,0,17,0,0,7,200,0,0,0,200,200
326542,1,30,2,2,0,1,0,5,0,0,0,17,0,1,4,200,200,200,200,200,200
326546,0,30,0,0,0,1,14,2,0,0,200,17,0,1,5,200,0,200,0,200,200
326546,0,30,0,0,0,1,14,2,0,0,200,17,0,0,6,0,1,200,0,200,200
326548,0,30,2,12,0,1,0,5,0,0,0,0,200,0,5,0,200,0,0,200,200
326548,0,30,2,12,0,1,0,5,0,0,0,0,200,1,6,0,200,0,0,200,200
326554,0,25,0,0,0,1,7,7,0,0,0,0,0,0,7,0,1,0,0,200,200
326555,0,30,0,0,0,1,10,5,0,0,0,0,200,1,8,200,200,0,0,200,200
326555,0,30,0,0,0,1,10,5,0,0,0,0,200,1,6,200,0,0,0,200,200
326555,0,30,0,0,0,1,10,5,0,0,0,0,200,1,7,200,0,0,0,200,200
326556,0,30,2,2,0,1,14,5,0,0,0,200,200,0,200,200,200,200,200,200,200
326556,0,30,2,2,0,1,14,5,0,0,0,200,200,1,6,0,0,0,0,200,200
326557,0,35,1,2,0,1,10,2,0,0,0,16,200,0,6,0,200,0,0,200,200
326557,0,35,1,2,0,1,10,2,0,0,0,16,200,0,5,0,0,0,0,200,200
326558,0,30,0,0,0,1,7,6,0,0,0,8,25,0,5,0,12,0,0,200,200
326558,1,30,0,0,0,1,7,6,0,0,0,8,25,0,5,200,200,200,200,200,200
326558,1,30,0,0,0,1,7,6,0,0,0,8,25,0,6,200,200,200,200,200,200
326567,0,30,0,0,0,1,7,5,0,0,0,0,200,2,200,200,200,200,200,200,200
326570,0,30,1,2,0,1,10,6,0,0,0,200,200,0,6,0,0,0,0,200,200
326570,0,30,1,2,0,1,10,6,0,0,0,200,200,0,7,0,0,0,0,200,200
326570,0,30,1,2,0,1,10,6,0,0,0,200,200,0,7,0,0,0,0,200,200
326570,1,30,1,2,0,1,10,6,0,0,0,200,200,0,4,0,200,200,200,200,200
326570,1,30,1,2,0,1,10,6,0,0,0,200,200,0,3,7,200,200,200,200,200
326573,0,30,1,2,0,1,14,5,0,0,0,17,21,0,200,200,7,200,200,200,200
326573,0,30,1,2,0,1,14,5,0,0,0,17,21,0,6,0,0,0,0,200,200
326577,0,15,0,0,0,200,5,7,0,200,200,0,0,2,200,200,200,200,200,200,200
326580,0,35,0,0,0,1,0,2,0,0,0,21,16,0,7,0,9,200,0,200,200
326580,0,35,0,0,0,1,0,2,0,0,0,21,16,0,4,0,0,0,0,200,200
326580,0,35,0,0,0,1,0,2,0,0,0,21,16,0,7,0,0,0,0,200,200
326583,0,30,2,2,0,1,0,12,0,0,0,17,0,0,6,0,1,0,0,200,200
326583,0,30,2,2,0,1,0,12,0,0,0,17,0,1,7,0,0,0,0,200,200
326584,0,30,0,0,200,200,7,5,0,200,0,0,0,2,200,200,200,200,200,200,200
326589,0,30,0,0,0,1,10,6,0,0,200,0,0,0,200,200,200,200,200,200,200
326589,0,30,0,0,0,1,10,6,0,0,200,0,0,1,6,7,0,200,0,200,200
326591,0,30,0,0,0,1,7,6,0,0,0,200,200,2,200,200,0,200,200,200,200
326594,0,35,0,0,0,1,14,3,0,0,0,23,200,1,5,0,1,0,0,200,200
326594,0,35,0,0,0,1,14,3,0,0,0,23,200,0,5,0,0,0,0,200,200
326594,1,35,0,0,0,1,14,3,0,0,0,23,200,1,5,0,200,200,200,200,200
326600,0,30,1,2,0,1,10,5,0,0,0,18,0,0,5,0,3,0,0,200,200
326600,0,30,1,2,0,1,10,5,0,0,0,18,0,0,6,0,0,0,0,200,200
326603,0,30,2,2,0,1,0,2,0,0,0,17,200,1,3,0,1,0,0,200,200
326603,0,30,2,2,0,1,0,2,0,0,0,17,200,1,5,0,1,0,0,200,200
326604,0,30,2,2,0,1,11,5,0,0,200,16,15,0,5,200,3,200,200,200,200
326604,0,30,2,2,0,1,11,5,0,0,200,16,15,0,7,0,0,200,200,200,200
326604,1,30,2,2,0,1,11,5,0,0,200,16,15,0,3,200,200,200,200,200,200
326604,1,30,2,2,0,1,11,5,0,0,200,16,15,0,3,200,200,200,200,200,200
326604,1,30,2,2,0,1,11,5,0,0,200,16,15,0,5,200,200,200,200,200,200
326606,0,30,0,0,0,1,14,5,0,0,0,33,11,0,4,0,200,5,0,200,200
326606,0,30,0,0,0,1,14,5,0,0,0,33,11,1,6,0,0,5,0,200,200
326614,0,30,1,2,0,1,2,3,0,0,0,0,0,0,200,200,200,200,200,200,200
326614,1,30,1,2,0,1,2,3,0,0,0,0,0,0,200,200,200,200,200,200,200
326615,0,30,0,0,0,1,0,5,0,0,0,0,0,0,200,200,1,200,200,200,200
326615,0,30,0,0,0,1,0,5,0,0,0,0,0,1,6,0,200,0,0,200,200
326619,0,30,1,2,0,1,10,5,0,0,0,18,200,1,200,200,3,0,0,200,200
326619,0,30,1,2,0,1,10,5,0,0,0,18,200,1,7,0,0,0,0,200,200
326626,0,15,0,0,0,1,7,0,0,0,0,0,0,1,6,200,200,200,1,200,200
326626,1,15,0,0,0,1,7,0,0,0,0,0,0,1,3,200,200,200,200,200,200
326626,1,15,0,0,0,1,7,0,0,0,0,0,0,200,2,200,200,200,200,200,200
326626,1,15,0,0,0,1,7,0,0,0,0,0,0,1,200,200,200,200,200,200,200
326627,0,30,1,2,0,1,10,5,0,0,0,18,18,1,200,200,3,200,200,200,200
326627,0,30,1,2,0,1,10,5,0,0,0,18,18,0,6,7,0,0,0,200,200
326627,1,30,1,2,0,1,10,5,0,0,0,18,18,0,200,200,200,200,200,200,200
326627,1,30,1,2,0,1,10,5,0,0,0,18,18,1,200,0,200,200,200,200,200
326627,1,30,1,2,0,1,10,5,0,0,0,18,18,1,200,0,200,200,200,200,200
326630,0,30,1,2,0,1,12,5,0,0,0,17,200,0,200,0,1,0,0,200,200
326630,0,30,1,2,0,1,12,5,0,0,0,17,200,1,200,0,0,0,0,200,200
326632,0,30,1,2,0,1,12,5,0,0,0,21,21,1,6,0,4,0,0,200,200
326632,0,30,1,2,0,1,12,5,0,0,0,21,21,1,6,0,0,0,0,200,200
326636,0,30,0,0,0,1,12,5,0,0,0,200,200,1,6,7,0,0,0,200,200
326636,0,30,0,0,0,1,12,5,0,0,0,200,200,0,200,200,15,200,200,200,200
326636,1,30,0,0,0,1,12,5,0,0,0,200,200,0,200,7,200,200,200,200,200
326636,1,30,0,0,0,1,12,5,0,0,0,200,200,0,200,0,200,200,200,200,200
326636,1,30,0,0,0,1,12,5,0,0,0,200,200,1,200,5,200,200,200,200,200
326637,0,30,0,0,0,1,10,5,0,0,0,25,18,1,5,0,3,0,0,200,200
326637,0,30,0,0,0,1,10,5,0,0,0,25,18,0,6,0,1,0,0,200,200
326637,0,30,0,0,0,1,10,5,0,0,0,25,18,0,8,0,0,0,0,200,200
326637,1,30,0,0,0,1,10,5,0,0,0,25,18,0,200,0,200,200,200,200,200
326646,0,30,0,0,0,1,3,5,0,200,200,20,200,0,8,200,6,200,0,200,200
326646,0,30,0,0,0,1,3,5,0,200,200,20,200,0,6,200,0,0,0,200,200
326646,1,30,0,0,0,1,3,5,0,200,200,20,200,0,3,200,200,200,200,200,200
326646,1,30,0,0,0,1,3,5,0,200,200,20,200,1,0,200,200,200,200,200,200
326646,1,30,0,0,0,1,3,5,0,200,200,20,200,1,2,200,200,200,200,200,200
326649,0,30,1,2,0,1,14,5,0,0,0,0,0,1,6,200,200,0,0,200,200
326649,0,30,1,2,0,1,14,5,0,0,0,0,0,1,6,200,0,0,0,200,200
326649,1,30,1,2,0,1,14,5,0,0,0,0,0,0,5,200,200,200,200,200,200
326651,0,30,1,2,0,1,10,5,0,0,0,18,200,0,4,200,3,0,0,200,200
326651,0,30,1,2,0,1,10,5,0,0,0,18,200,0,8,0,0,0,0,200,200
326651,0,30,1,2,0,1,10,5,0,0,0,18,200,1,5,0,0,0,0,200,200
326657,0,30,0,0,0,1,7,7,0,0,0,0,200,2,200,200,200,200,200,200,200
326658,0,30,0,0,0,1,0,6,0,0,0,17,200,0,4,0,1,0,0,200,200
326658,0,30,0,0,0,1,0,6,0,0,0,17,200,1,5,0,0,0,0,200,200
326661,0,30,0,0,0,1,7,6,0,0,200,0,0,2,200,200,200,200,200,200,200