RD_NO,PERSON_TYPE,POSTED_SPEED_LIMIT,TRAFFIC_CONTROL_DEVICE,DEVICE_CONDITION,WEATHER_CONDITION,LIGHTING_CONDITION,FIRST_CRASH_TYPE,TRAFFICWAY_TYPE,ALIGNMENT,ROADWAY_SURFACE_COND,ROAD_DEFECT,PRIM_CONTRIBUTORY_CAUSE,SEC_CONTRIBUTORY_CAUSE,SEX,AGE,SAFETY_EQUIPMENT,DRIVER_ACTION,DRIVER_VISION,PHYSICAL_CONDITION,BAC_RESULT VALUE,CELL_PHONE_USE
326663,0,25,0,0,0,1,0,2,0,0,0,0,0,0,4,0,1,0,0,200,200
326663,0,25,0,0,0,1,0,2,0,0,0,0,0,0,7,0,0,0,0,200,200
326664,0,30,0,0,0,1,12,5,0,0,0,0,200,0,5,0,0,0,0,200,200
326664,0,30,0,0,0,1,12,5,0,0,0,0,200,0,7,0,0,0,0,200,200
326664,1,30,0,0,0,1,12,5,0,0,0,0,200,0,200,0,200,200,200,200,200
326666,0,30,2,0,0,1,14,12,0,0,0,17,200,0,6,200,1,0,0,200,200
326666,0,30,2,0,0,1,14,12,0,0,0,17,200,0,200,200,0,200,200,200,200
326666,1,30,2,0,0,1,14,12,0,0,0,17,200,1,6,200,200,200,200,200,200
326666,1,30,2,0,0,1,14,12,0,0,0,17,200,0,2,200,200,200,200,200,200
326666,1,30,2,0,0,1,14,12,0,0,0,17,200,0,2,200,200,200,200,200,200
326668,0,30,0,0,0,1,7,5,0,0,0,0,200,2,200,200,10,200,200,200,200
326671,0,30,0,0,0,1,7,6,0,0,0,25,25,1,200,200,12,200,200,200,200
326672,0,30,1,2,0,1,14,5,0,0,0,0,200,0,7,200,200,200,200,200,200
326672,0,30,1,2,0,1,14,5,0,0,0,0,200,0,6,0,200,200,0,200,200
326673,0,10,0,0,0,1,10,7,0,0,0,20,200,1,6,0,6,0,0,200,200
326673,0,10,0,0,0,1,10,7,0,0,0,20,200,0,200,200,0,200,200,200,200
326676,0,30,0,0,0,1,0,5,0,0,0,20,18,1,6,0,6,0,0,200,200
326676,0,30,0,0,0,1,0,5,0,0,0,20,18,0,5,0,3,0,0,200,200
326679,0,25,0,0,0,1,7,5,0,0,0,20,200,2,200,200,6,200,200,200,200
326680,0,10,0,0,0,1,7,7,0,0,0,0,0,1,4,0,0,0,0,200,200
326680,1,10,0,0,0,1,7,7,0,0,0,0,0,0,4,0,200,200,200,200,200
326681,4,30,1,2,0,1,8,5,0,0,200,0,16,0,4,7,200,200,0,200,200
326681,0,30,1,2,0,1,8,5,0,0,200,0,16,1,200,200,1,200,200,200,200
326682,0,30,1,2,0,1,14,2,0,0,0,6,0,0,200,200,5,0,0,200,200
326682,0,30,1,2,0,1,14,2,0,0,0,6,0,0,7,200,0,0,0,200,200
326683,0,30,0,0,0,1,7,6,0,0,12,0,200,2,200,200,200,200,200,200,200
326686,0,30,1,2,0,1,14,5,0,0,0,6,200,2,200,200,5,200,200,200,200
326686,0,30,1,2,0,1,14,5,0,0,0,6,200,1,6,0,0,0,0,200,200
326687,0,30,0,0,0,1,12,5,0,0,0,22,0,0,200,200,2,0,0,200,200
326687,0,30,0,0,0,1,12,5,0,0,0,22,0,1,6,0,0,0,0,200,200
326688,0,30,0,0,0,1,11,0,0,0,0,12,200,0,6,200,0,0,0,200,200
326688,0,30,0,0,0,1,11,0,0,0,0,12,200,0,200,0,0,0,0,200,200
326692,0,30,1,2,0,1,14,5,0,0,200,17,0,0,200,200,1,200,200,200,200
326692,0,30,1,2,0,1,14,5,0,0,200,17,0,1,5,0,0,200,0,200,200
326692,1,30,1,2,0,1,14,5,0,0,200,17,0,2,200,200,200,200,200,200,200
326692,1,30,1,2,0,1,14,5,0,0,200,17,0,2,200,200,200,200,200,200,200
326692,1,30,1,2,0,1,14,5,0,0,200,17,0,2,200,200,200,200,200,200,200
326692,1,30,1,2,0,1,14,5,0,0,200,17,0,2,200,200,200,200,200,200,200
326696,0,30,1,2,0,1,12,5,0,0,0,22,200,1,200,200,2,200,200,200,200
326696,0,30,1,2,0,1,12,5,0,0,0,22,200,0,200,0,0,0,0,200,200
326699,0,30,2,2,0,1,0,5,0,0,0,18,18,0,200,200,6,200,200,200,200
326699,0,30,2,2,0,1,0,5,0,0,0,18,18,1,4,200,0,0,0,200,200
326699,1,30,2,2,0,1,0,5,0,0,0,18,18,2,200,200,200,200,200,200,200
326699,1,30,2,2,0,1,0,5,0,0,0,18,18,1,200,7,200,200,200,200,200
326699,1,30,2,2,0,1,0,5,0,0,0,18,18,0,200,7,200,200,200,200,200
326699,1,30,2,2,0,1,0,5,0,0,0,18,18,0,200,7,200,200,200,200,200
326699,1,30,2,2,0,1,0,5,0,0,0,18,18,1,200,7,200,200,200,200,200
326705,0,30,0,0,0,1,10,6,0,0,0,18,200,0,7,0,0,0,0,200,200
326705,0,30,0,0,0,1,10,6,0,0,0,18,200,0,7,0,0,0,0,200,200
326709,0,30,1,2,0,1,14,5,0,0,0,200,200,0,7,200,0,0,0,200,200
326709,0,30,1,2,0,1,14,5,0,0,0,200,200,0,5,0,0,0,0,200,200
326710,0,30,3,2,0,1,10,5,0,0,0,0,0,0,6,0,6,0,0,200,200
326710,0,30,3,2,0,1,10,5,0,0,0,0,0,0,4,0,0,0,0,200,200
326710,1,30,3,2,0,1,10,5,0,0,0,0,0,1,6,200,200,200,200,200,200
326710,1,30,3,2,0,1,10,5,0,0,0,0,0,0,8,200,200,200,200,200,200
326714,0,30,0,0,0,1,7,6,0,0,0,7,7,0,5,200,12,12,0,200,200
326714,1,30,0,0,0,1,7,6,0,0,0,7,7,0,200,200,200,200,200,200,200
326716,0,30,0,0,0,1,0,5,0,0,0,17,4,0,5,200,7,200,200,200,200
326716,0,30,0,0,0,1,0,5,0,0,0,17,4,1,6,200,0,200,200,200,200
326716,1,30,0,0,0,1,0,5,0,0,0,17,4,1,5,200,200,200,200,200,200
326716,1,30,0,0,0,1,0,5,0,0,0,17,4,1,1,7,200,200,200,200,200
326716,1,30,0,0,0,1,0,5,0,0,0,17,4,0,1,200,200,200,200,200,200
326728,0,30,0,0,0,1,7,6,0,0,0,200,200,2,200,200,0,200,200,200,200
326732,0,15,0,0,0,1,5,0,0,0,0,0,0,0,200,200,6,200,200,200,200
326734,0,30,0,0,0,1,12,5,0,0,0,17,200,0,7,0,3,0,0,200,200
326734,0,30,0,0,0,1,12,5,0,0,0,17,200,0,200,0,0,0,0,200,200
326738,0,20,0,0,0,1,7,6,0,0,200,200,200,2,200,200,200,200,200,200,200
326739,0,30,0,0,0,1,0,7,0,0,200,0,0,1,6,200,6,200,0,200,200
326739,0,30,0,0,0,1,0,7,0,0,200,0,0,1,6,7,0,200,0,200,200
326742,0,30,1,2,0,1,10,2,0,0,0,18,200,0,200,200,3,200,200,200,200
326742,0,30,1,2,0,1,10,2,0,0,0,18,200,0,4,0,0,0,0,200,200
326746,0,10,0,0,0,1,5,0,0,0,0,15,200,0,6,0,12,0,0,200,200
326747,0,30,1,2,0,1,14,5,0,0,0,23,200,0,7,200,7,200,200,200,200
326747,0,30,1,2,0,1,14,5,0,0,0,23,200,0,6,0,0,0,0,200,200
326753,0,10,2,2,0,1,0,7,0,0,0,5,200,0,200,200,1,200,200,200,200
326753,0,10,2,2,0,1,0,7,0,0,0,5,200,0,5,200,0,0,0,200,200
326753,1,10,2,2,0,1,0,7,0,0,0,5,200,2,200,200,200,200,200,200,200
326753,1,10,2,2,0,1,0,7,0,0,0,5,200,0,5,200,200,200,200,200,200
326753,1,10,2,2,0,1,0,7,0,0,0,5,200,1,7,200,200,200,200,200,200
326759,0,30,0,0,0,1,2,3,0,0,0,0,0,0,200,0,12,0,0,200,200
326760,0,30,0,0,0,1,7,6,0,0,0,22,0,0,200,0,2,0,0,200,200
326760,1,30,0,0,0,1,7,6,0,0,0,22,0,0,5,0,200,200,200,200,200
326764,0,30,0,0,0,1,10,5,0,0,0,0,0,0,4,200,200,200,200,200,200
326764,0,30,0,0,0,1,10,5,0,0,0,0,0,0,6,200,200,200,0,200,200
326768,0,35,0,0,0,1,10,2,0,0,0,16,18,0,6,200,3,0,0,200,0
326768,0,35,0,0,0,1,10,2,0,0,0,16,18,1,5,200,0,0,0,200,200
326768,0,35,0,0,0,1,10,2,0,0,0,16,18,0,6,200,0,0,0,200,200
326770,0,35,1,2,0,1,14,2,0,0,0,16,200,0,200,200,5,200,200,200,200
326770,0,35,1,2,0,1,14,2,0,0,0,16,200,1,6,0,0,0,0,200,200
326773,0,30,2,2,0,1,7,5,0,0,0,21,0,0,7,200,12,0,0,200,200
326776,0,30,200,200,0,1,12,6,0,200,200,0,200,1,5,200,200,200,0,200,200
326776,0,30,200,200,0,1,12,6,0,200,200,0,200,0,7,200,200,200,0,200,200
326778,0,25,0,0,0,1,7,6,0,0,0,0,0,0,6,0,12,0,0,200,200
326778,1,25,0,0,0,1,7,6,0,0,0,0,0,1,6,0,200,200,200,200,200
326779,0,30,1,2,0,1,14,12,0,0,0,6,200,0,8,0,5,200,0,200,200
326779,0,30,1,2,0,1,14,12,0,0,0,6,200,0,0,0,0,0,0,200,200
326782,0,40,1,2,0,1,10,3,0,0,3,0,0,1,6,200,200,0,0,200,200
326782,0,40,1,2,0,1,10,3,0,0,3,0,0,1,5,200,0,0,0,200,200
326784,0,30,0,0,0,1,12,2,0,0,0,0,0,0,200,200,4,200,200,200,200
326784,0,30,0,0,0,1,12,2,0,0,0,0,0,1,200,0,0,0,0,200,200
326794,0,30,1,2,0,1,10,5,0,0,0,18,0,0,200,200,1,200,200,200,200
326794,0,30,1,2,0,1,10,5,0,0,0,18,0,0,6,0,0,0,0,200,200
326796,0,30,0,0,0,1,5,7,0,0,12,0,200,0,5,200,0,200,0,200,200
326812,0,30,0,0,0,1,7,3,0,0,0,0,0,0,200,200,200,200,200,200,200
326812,1,30,0,0,0,1,7,3,0,0,0,0,0,0,5,0,200,200,200,200,200
326814,0,30,2,2,0,1,5,5,0,0,1,200,200,0,7,7,12,0,0,200,200
326817,0,25,0,0,0,3,14,2,0,0,0,0,0,0,6,0,1,0,0,200,200
326817,0,25,0,0,0,3,14,2,0,0,0,0,0,0,6,0,0,0,0,200,200
326819,0,30,0,0,0,2,7,3,0,0,0,20,200,1,7,200,6,0,0,200,200
326820,0,30,0,0,0,1,10,200,0,0,0,11,0,1,5,200,3,0,200,200,200
326820,0,30,0,0,0,1,10,200,0,0,0,11,0,0,6,7,0,0,0,200,200
326822,0,30,0,0,0,1,7,5,0,0,0,0,0,2,200,200,200,200,200,200,200
326824,0,30,1,2,0,1,0,5,0,0,0,0,200,0,5,0,200,0,0,200,200
326824,0,30,1,2,0,1,0,5,0,0,0,0,200,0,5,0,200,0,0,200,200
326824,1,30,1,2,0,1,0,5,0,0,0,0,200,1,3,0,200,200,200,200,200
326827,0,30,1,0,0,1,10,3,0,0,0,0,0,1,4,0,0,0,0,200,200
326827,0,30,1,0,0,1,10,3,0,0,0,0,0,0,7,0,0,0,0,200,200
326829,0,30,0,0,0,1,7,6,0,0,0,0,200,2,200,200,200,200,200,200,200
326837,0,30,0,0,0,1,10,5,0,0,0,18,200,0,7,0,3,0,0,200,200
326837,0,30,0,0,0,1,10,5,0,0,0,18,200,1,4,0,0,0,0,200,200
326837,0,30,0,0,0,1,10,5,0,0,0,18,200,0,6,0,0,0,0,200,200
326837,1,30,0,0,0,1,10,5,0,0,0,18,200,1,5,0,200,200,200,200,200
326844,0,30,0,0,0,1,12,3,0,0,0,21,21,1,7,200,4,0,0,200,200
326844,0,30,0,0,0,1,12,3,0,0,0,21,21,1,7,0,0,0,0,200,200
326846,0,30,1,2,200,1,14,12,0,200,200,17,0,1,6,200,1,200,200,200,200
326846,0,30,1,2,200,1,14,12,0,200,200,17,0,0,5,0,0,200,0,200,200
326847,0,30,200,200,0,1,10,6,0,0,200,0,200,0,6,200,200,200,0,200,200
326847,0,30,200,200,0,1,10,6,0,0,200,0,200,0,6,200,200,200,0,200,200
326854,0,30,0,0,0,1,9,5,0,0,0,20,0,1,200,200,6,200,200,200,200
326854,5,30,0,0,0,1,9,5,0,0,0,20,0,0,7,7,0,0,0,200,200
326857,0,30,1,2,0,1,14,5,0,0,0,21,4,1,200,200,5,200,200,200,200
326857,0,30,1,2,0,1,14,5,0,0,0,21,4,1,7,0,0,0,0,200,200
326858,0,30,1,200,0,3,14,3,0,0,0,0,0,0,200,0,200,200,0,200,200
326858,0,30,1,200,0,3,14,3,0,0,0,0,0,1,6,0,200,200,0,200,200
326865,0,30,0,0,0,1,7,200,0,0,200,20,0,0,200,200,6,200,200,200,200
326865,1,30,0,0,0,1,7,200,0,0,200,20,0,1,5,0,200,200,200,200,200
326874,0,20,0,0,0,1,7,5,0,0,0,200,200,1,5,0,10,0,0,200,200
326878,0,30,1,2,0,1,12,5,0,0,0,0,200,1,200,200,200,200,200,200,200
326878,0,30,1,2,0,1,12,5,0,0,0,0,200,0,8,0,0,0,0,200,200
326878,1,30,1,2,0,1,12,5,0,0,0,0,200,1,200,0,200,200,200,200,200
326885,0,35,0,0,0,1,10,7,0,0,0,0,0,0,8,0,200,0,0,200,200
326885,0,35,0,0,0,1,10,7,0,0,0,0,0,0,7,0,0,0,0,200,200
326886,0,30,1,2,0,1,12,2,0,0,0,22,0,0,4,0,12,0,0,200,200
326886,0,30,1,2,0,1,12,2,0,0,0,22,0,0,8,0,2,0,0,200,200
326893,4,30,2,2,0,1,8,2,0,0,0,16,200,0,6,200,1,200,0,200,200
326906,0,30,0,0,0,1,7,5,0,0,0,11,0,0,6,200,12,0,0,200,200
326918,0,30,0,0,0,1,5,5,0,0,1,28,28,0,7,0,0,0,0,200,200
326921,0,30,0,0,0,4,10,5,0,0,0,200,200,0,200,200,0,200,200,200,200
326921,0,30,0,0,0,4,10,5,0,0,0,200,200,0,6,0,0,0,0,200,200
326922,0,30,2,2,0,1,0,2,0,0,0,17,200,1,5,0,1,200,0,200,200
326922,0,30,2,2,0,1,0,2,0,0,0,17,200,0,5,0,0,200,0,200,200
326922,1,30,2,2,0,1,0,2,0,0,0,17,200,0,5,0,200,200,200,200,200
326926,0,30,0,0,0,1,10,5,0,0,200,0,0,0,7,0,200,200,200,200,200
326926,0,30,0,0,0,1,10,5,0,0,200,0,0,1,7,0,200,200,200,200,200
326926,1,30,0,0,0,1,10,5,0,0,200,0,0,0,5,0,200,200,200,200,200
326926,1,30,0,0,0,1,10,5,0,0,200,0,0,1,4,0,200,200,200,200,200
326928,0,30,0,0,0,4,7,5,0,0,1,20,200,0,5,0,14,0,0,200,200
326928,1,30,0,0,0,4,7,5,0,0,1,20,200,0,200,0,200,200,200,200,200
326954,0,30,1,200,200,1,12,5,0,200,200,0,0,1,5,200,200,200,200,200,200
326954,0,30,1,200,200,1,12,5,0,200,200,0,0,1,9,200,200,200,0,200,200
326959,0,30,1,200,0,3,0,6,0,0,0,6,200,1,5,200,5,0,0,200,200
326959,0,30,1,200,0,3,0,6,0,0,0,6,200,0,6,200,0,0,0,200,200
326961,0,30,0,0,0,3,12,5,0,0,0,22,0,0,6,0,2,0,0,200,200
326961,0,30,0,0,0,3,12,5,0,0,0,22,0,1,5,0,0,0,0,200,200
326961,1,30,0,0,0,3,12,5,0,0,0,22,0,0,200,0,200,200,200,200,200
326964,0,30,1,2,0,1,7,6,0,0,0,200,200,0,8,200,200,200,0,200,200
326973,0,30,1,2,0,1,10,5,0,0,0,0,200,0,6,200,7,200,200,200,200
326973,0,30,1,2,0,1,10,5,0,0,0,0,200,0,7,200,0,200,200,200,200
326978,0,30,12,12,0,3,12,5,0,0,4,28,21,1,6,0,4,12,0,200,200
326978,0,30,12,12,0,3,12,5,0,0,4,28,21,1,6,0,0,0,0,200,200
326979,0,35,0,0,0,3,12,5,0,0,0,17,17,1,200,200,1,200,0,200,200
326979,0,35,0,0,0,3,12,5,0,0,0,17,17,1,6,0,0,0,0,200,200
326984,0,30,0,0,0,0,7,5,0,0,0,0,200,2,200,200,200,200,200,200,200
326986,0,30,1,2,0,3,0,5,0,0,0,3,200,1,5,0,5,0,0,200,200
326986,0,30,1,2,0,3,0,5,0,0,0,3,200,0,6,0,200,0,0,200,200
326990,0,30,0,0,0,3,7,5,0,0,0,0,0,2,200,200,1,200,200,200,200
326998,0,35,0,0,200,200,7,5,0,200,0,11,200,2,200,200,200,200,200,200,200
327006,0,40,0,12,0,3,10,3,3,0,0,16,0,0,5,3,1,0,0,200,200
327006,0,40,0,12,0,3,10,3,3,0,0,16,0,0,6,0,0,0,0,200,200
327006,1,40,0,12,0,3,10,3,3,0,0,16,0,1,5,0,200,200,200,200,200
327016,0,30,0,0,0,1,10,5,0,0,0,0,0,2,200,200,0,200,200,200,200
327016,0,30,0,0,0,1,10,5,0,0,0,0,0,1,5,0,0,0,0,200,200
327020,0,30,1,2,0,3,10,2,0,0,0,7,200,1,6,0,0,0,0,200,200
327020,0,30,1,2,0,3,10,2,0,0,0,7,200,0,6,0,12,0,0,200,200
327020,1,30,1,2,0,3,10,2,0,0,0,7,200,0,200,0,200,200,200,200,200
327021,0,25,0,0,0,1,7,2,0,0,3,0,0,0,7,0,200,0,0,200,200
327028,0,30,0,0,0,2,7,5,0,0,0,200,200,2,200,200,200,200,200,200,200
327036,0,30,0,2,0,0,12,6,0,0,0,22,22,0,7,200,2,200,0,200,0
327036,0,30,0,2,0,0,12,6,0,0,0,22,22,0,6,200,0,200,0,200,200
327037,0,30,0,0,0,3,7,12,0,0,0,0,200,0,7,200,0,0,0,200,200
327037,1,30,0,0,0,3,7,12,0,0,0,0,200,0,6,200,200,200,200,200,200
327039,0,30,0,0,0,3,8,2,0,0,0,17,0,1,200,200,1,200,200,200,200
327039,4,30,0,0,0,3,8,2,0,0,0,17,0,0,3,3,0,0,0,200,200
327039,1,30,0,0,0,3,8,2,0,0,0,17,0,0,200,200,200,200,200,200,200
327042,0,30,0,0,0,3,12,5,0,0,0,22,11,2,200,200,200,200,200,200,200
327042,0,30,0,0,0,3,12,5,0,0,0,22,11,0,7,7,0,0,0,200,200
327047,0,30,1,2,0,0,0,5,0,0,0,6,0,0,8,0,5,200,0,200,200
327047,0,30,1,2,0,0,0,5,0,0,0,6,0,0,6,0,0,200,0,200,200
327048,0,30,3,0,0,3,7,5,0,0,0,16,11,2,200,200,4,200,200,200,200
327052,0,30,0,0,0,1,7,5,0,0,0,0,200,2,200,200,200,200,200,200,200
327053,0,35,1,2,0,3,14,5,0,0,0,17,17,0,9,0,1,0,0,200,200
327053,0,35,1,2,0,3,14,5,0,0,0,17,17,0,7,0,0,0,0,200,200
327059,0,5,0,0,12,3,7,7,0,0,0,0,200,1,7,200,200,200,200,200,200
327061,0,30,2,2,0,3,2,2,0,0,0,12,200,0,7,0,12,0,0,200,200
327064,0,30,0,0,0,0,0,6,0,0,0,15,17,2,200,200,200,200,200,200,200
327064,0,30,0,0,0,0,0,6,0,0,0,15,17,1,5,0,0,0,0,200,200
327064,1,30,0,0,0,0,0,6,0,0,0,15,17,1,4,0,200,200,200,200,200
327064,1,30,0,0,0,0,0,6,0,0,0,15,17,1,5,0,200,200,200,200,200
327073,0,30,0,0,0,3,7,12,0,0,0,20,20,0,200,200,6,200,200,200,200
327077,0,15,0,0,0,3,12,12,0,0,0,0,200,0,200,200,4,200,200,200,200
327077,0,15,0,0,0,3,12,12,0,0,0,0,200,1,7,200,0,0,0,200,200
327085,0,10,0,0,0,3,2,7,0,0,0,16,200,0,6,200,12,0,0,200,200
327086,0,30,0,0,0,3,14,2,0,0,0,17,200,0,6,200,1,200,200,200,200
327086,0,30,0,0,0,3,14,2,0,0,0,17,200,1,6,200,0,0,0,200,200
327089,0,5,0,0,0,3,0,12,0,0,0,0,0,0,6,0,200,0,0,200,200
327089,0,5,0,0,0,3,0,12,0,0,0,0,0,1,200,200,0,200,200,200,200
327101,0,30,0,0,0,1,7,5,0,0,0,22,200,0,200,200,2,200,200,200,200
327102,0,35,1,2,0,3,10,2,0,0,0,0,0,0,6,0,1,200,7,200,200
327102,0,35,1,2,0,3,10,2,0,0,0,0,0,0,6,0,0,0,0,200,200
327105,0,30,0,0,0,3,0,5,0,0,0,17,200,0,7,0,200,200,0,200,200
327105,0,30,0,0,0,3,0,5,0,0,0,17,200,1,6,0,0,0,0,200,200
327108,0,35,200,200,0,3,7,2,0,0,0,7,200,0,5,200,12,0,0,200,200
327108,1,35,200,200,0,3,7,2,0,0,0,7,200,1,6,200,200,200,200,200,200
327136,0,35,0,0,0,3,7,5,0,0,0,0,0,0,200,200,200,200,200,200,200
327140,0,30,0,0,0,3,12,5,0,0,0,21,200,2,200,200,4,200,200,200,200
327140,0,30,0,0,0,3,12,5,0,0,0,21,200,0,6,200,0,0,0,200,200
327147,0,15,0,0,0,3,12,7,0,0,0,200,200,1,5,200,6,0,0,200,200
327147,0,15,0,0,0,3,12,7,0,0,0,200,200,0,5,200,200,0,0,200,200
327157,0,15,0,0,0,1,9,6,0,0,0,20,200,0,200,200,6,200,200,200,200
327157,5,15,0,0,0,1,9,6,0,0,0,20,200,0,6,200,6,200,200,200,200
327159,0,30,1,2,0,0,12,2,0,0,0,22,0,1,5,0,2,0,200,200,200
327159,0,30,1,2,0,0,12,2,0,0,0,22,0,0,5,0,0,0,0,200,200
327168,0,30,0,200,0,1,12,6,0,0,0,23,22,1,6,200,0,200,0,200,200
327168,0,30,0,200,0,1,12,6,0,0,0,23,22,0,6,200,0,200,0,200,200
327170,0,30,0,0,0,3,12,3,0,0,0,27,27,0,6,0,12,0,2,200,200
327170,0,30,0,0,0,3,12,3,0,0,0,27,27,0,6,0,0,0,0,200,200
327178,0,30,1,2,0,3,10,5,0,0,0,14,18,0,200,200,200,200,200,200,200
327178,0,30,1,2,0,3,10,5,0,0,0,14,18,0,6,0,0,0,0,200,200
327178,0,30,1,2,0,3,10,5,0,0,0,14,18,0,200,200,0,200,200,200,200
327183,0,30,0,0,0,3,12,5,0,0,0,21,200,0,200,200,4,200,0,200,200
327183,0,30,0,0,0,3,12,5,0,0,0,21,200,0,200,200,0,0,0,200,200
327208,0,35,0,0,0,3,0,1,0,0,0,0,200,0,6,200,0,200,200,200,200
327208,0,35,0,0,0,3,0,1,0,0,0,0,200,2,200,200,200,200,200,200,200
327232,0,30,0,0,0,2,7,5,0,0,0,200,200,2,200,200,200,200,200,200,200
327233,0,30,0,0,0,3,12,5,0,0,0,0,0,0,8,0,0,0,0,200,200
327233,0,30,0,0,0,3,12,5,0,0,0,0,0,0,6,0,12,0,0,200,200
327234,0,25,0,0,0,2,2,5,0,0,200,0,0,0,200,200,200,200,200,200,200
327234,1,25,0,0,0,2,2,5,0,0,200,0,0,1,3,200,200,200,200,200,200
327250,0,30,1,2,0,1,10,3,0,0,0,18,0,0,6,0,3,0,0,200,200
327250,0,30,1,2,0,1,10,3,0,0,0,18,0,0,6,200,0,200,200,200,200
327254,0,30,0,0,0,2,10,5,0,0,0,33,33,1,6,0,12,12,0,200,200
327254,0,30,0,0,0,2,10,5,0,0,0,33,33,1,7,0,0,0,0,200,200
327260,0,30,0,0,0,1,10,5,0,0,0,0,0,0,200,0,200,0,0,200,200
327260,0,30,0,0,0,1,10,5,0,0,0,0,0,0,200,7,0,0,0,200,200
327267,0,30,1,2,0,1,14,2,0,0,0,17,200,0,5,0,1,0,0,200,200
327267,0,30,1,2,0,1,14,2,0,0,0,17,200,0,6,200,0,0,0,200,200
327271,0,30,0,0,0,1,0,5,0,0,0,17,33,1,6,0,1,5,0,200,200
327271,0,30,0,0,0,1,0,5,0,0,0,17,33,1,6,0,0,0,0,200,200
327276,0,30,1,2,0,1,12,2,0,0,0,11,200,1,5,0,1,0,0,200,200
327276,0,30,1,2,0,1,12,2,0,0,0,11,200,0,7,0,12,0,0,200,200
327279,0,20,2,0,0,1,10,5,0,0,0,0,0,1,200,0,200,0,0,200,200
327279,0,20,2,0,0,1,10,5,0,0,0,0,0,1,200,0,200,0,0,200,200
327281,0,30,2,2,0,1,10,3,0,0,0,0,200,1,200,200,3,0,200,200,200
327281,0,30,2,2,0,1,10,3,0,0,0,0,200,1,6,0,0,0,0,200,200
327282,0,30,2,2,0,1,0,6,0,0,0,0,200,1,6,0,200,200,0,200,200
327282,0,30,2,2,0,1,0,6,0,0,0,0,200,0,7,0,0,200,0,200,200
327282,1,30,2,2,0,1,0,6,0,0,0,0,200,1,2,0,200,200,200,200,200
327282,1,30,2,2,0,1,0,6,0,0,0,0,200,1,2,0,200,200,200,200,200
327285,0,30,2,2,0,1,14,6,0,0,0,23,17,1,6,0,7,0,0,200,200
327285,0,30,2,2,0,1,14,6,0,0,0,23,17,1,6,0,0,0,0,200,200
327288,0,35,0,0,0,1,8,2,0,0,0,0,0,1,7,200,200,200,0,200,200
327288,4,35,0,0,0,1,8,2,0,0,0,0,0,0,7,7,200,200,0,200,200
327289,0,25,0,0,0,1,0,5,0,0,0,11,200,0,7,0,12,0,0,200,200
327289,0,25,0,0,0,1,0,5,0,0,0,11,200,0,6,0,12,0,0,200,200
327296,0,20,0,0,0,1,7,5,0,0,0,0,0,2,200,200,200,200,200,200,200
327297,0,25,0,0,0,1,10,5,0,0,0,16,18,0,6,0,3,0,0,200,200
327297,0,25,0,0,0,1,10,5,0,0,0,16,18,1,5,0,0,0,0,200,200
327298,0,30,0,0,0,1,10,2,2,0,0,18,0,0,5,200,3,200,0,200,200
327298,0,30,0,0,0,1,10,2,2,0,0,18,0,1,6,200,200,200,0,200,200
327302,0,30,1,2,0,1,0,3,0,0,0,0,200,0,5,0,1,0,0,200,200
327302,0,30,1,2,0,1,0,3,0,0,0,0,200,1,5,0,0,0,0,200,200
327302,1,30,1,2,0,1,0,3,0,0,0,0,200,0,3,5,200,200,200,200,200
327302,1,30,1,2,0,1,0,3,0,0,0,0,200,0,0,5,200,200,200,200,200
327302,1,30,1,2,0,1,0,3,0,0,0,0,200,1,1,0,200,200,200,200,200
327302,1,30,1,2,0,1,0,3,0,0,0,0,200,1,2,5,200,200,200,200,200
327303,0,25,0,0,0,1,10,8,5,0,0,18,11,0,8,0,3,0,0,200,200
327303,0,25,0,0,0,1,10,8,5,0,0,18,11,1,6,0,0,0,0,200,200
327303,1,25,0,0,0,1,10,8,5,0,0,18,11,1,7,0,200,200,200,200,200
327303,1,25,0,0,0,1,10,8,5,0,0,18,11,0,5,0,200,200,200,200,200
327322,0,30,0,0,0,1,10,2,0,0,0,18,200,0,6,0,3,0,0,200,200
327322,0,30,0,0,0,1,10,2,0,0,0,18,200,1,6,0,0,0,0,200,200
327328,0,30,0,0,0,1,7,6,0,0,0,200,200,0,200,200,200,200,200,200,200
327328,1,30,0,0,0,1,7,6,0,0,0,200,200,2,200,200,200,200,200,200,200
327329,0,0,0,0,0,1,0,7,0,0,0,20,17,0,8,200,6,200,0,200,200
327329,0,0,0,0,0,1,0,7,0,0,0,20,17,1,6,200,6,200,0,200,200
327334,0,30,0,0,0,1,7,2,0,0,0,17,200,0,6,200,0,0,0,200,200
327335,0,25,0,0,0,1,0,5,0,0,200,0,0,0,7,200,200,200,0,200,200
327335,0,25,0,0,0,1,0,5,0,0,200,0,0,1,4,200,200,200,0,200,200
327339,0,30,0,0,0,1,12,3,0,0,0,0,0,1,6,200,1,200,0,200,200
327339,0,30,0,0,0,1,12,3,0,0,0,0,0,1,6,200,200,0,0,200,200
327347,0,30,1,2,0,1,14,2,0,0,0,23,11,1,0,200,7,0,0,200,200
327347,0,30,1,2,0,1,14,2,0,0,0,23,11,0,8,200,0,0,0,200,200
327347,1,30,1,2,0,1,14,2,0,0,0,23,11,1,7,200,200,200,200,200,200
327347,1,30,1,2,0,1,14,2,0,0,0,23,11,1,5,200,200,200,200,200,200
327349,0,30,1,2,0,1,14,2,0,0,0,0,0,0,6,0,200,0,0,200,200