RD_NO,PERSON_TYPE,POSTED_SPEED_LIMIT,TRAFFIC_CONTROL_DEVICE,DEVICE_CONDITION,WEATHER_CONDITION,LIGHTING_CONDITION,FIRST_CRASH_TYPE,TRAFFICWAY_TYPE,ALIGNMENT,ROADWAY_SURFACE_COND,ROAD_DEFECT,PRIM_CONTRIBUTORY_CAUSE,SEC_CONTRIBUTORY_CAUSE,SEX,AGE,SAFETY_EQUIPMENT,DRIVER_ACTION,DRIVER_VISION,PHYSICAL_CONDITION,BAC_RESULT VALUE,CELL_PHONE_USE
327349,0,30,1,2,0,1,14,2,0,0,0,0,0,1,6,0,200,0,0,200,200
327350,0,30,0,0,0,1,12,6,0,0,0,21,17,1,5,0,1,0,0,200,200
327350,0,30,0,0,0,1,12,6,0,0,0,21,17,0,7,0,0,0,0,200,200
327353,0,35,0,0,0,1,12,6,0,0,0,22,200,1,7,200,2,0,0,200,200
327353,0,35,0,0,0,1,12,6,0,0,0,22,200,1,6,200,0,0,0,200,200
327353,1,35,0,0,0,1,12,6,0,0,0,22,200,1,200,200,200,200,200,200,200
327353,1,35,0,0,0,1,12,6,0,0,0,22,200,1,5,200,200,200,200,200,200
327369,0,30,1,2,0,1,12,2,0,0,0,21,21,0,0,200,4,0,0,200,200
327369,0,30,1,2,0,1,12,2,0,0,0,21,21,0,6,200,0,0,0,200,200
327375,0,30,0,0,0,1,11,5,0,0,0,20,200,0,5,200,6,200,0,200,200
327375,0,30,0,0,0,1,11,5,0,0,0,20,200,1,6,200,200,200,0,200,200
327378,0,30,0,0,0,1,12,5,0,0,0,11,17,0,6,200,1,0,0,200,200
327378,0,30,0,0,0,1,12,5,0,0,0,11,17,0,6,200,0,0,0,200,200
327379,0,30,0,0,0,1,10,2,0,0,0,16,200,1,6,0,3,0,0,200,200
327379,0,30,0,0,0,1,10,2,0,0,0,16,200,0,6,0,0,0,0,200,200
327381,0,30,1,2,0,1,9,2,0,0,12,0,200,0,9,0,200,12,0,200,200
327381,5,30,1,2,0,1,9,2,0,0,12,0,200,1,7,200,200,12,12,200,200
327384,0,35,0,0,0,1,12,5,0,0,0,16,22,1,6,0,4,0,0,200,200
327384,0,35,0,0,0,1,12,5,0,0,0,16,22,1,7,0,0,0,0,200,200
327384,1,35,0,0,0,1,12,5,0,0,0,16,22,1,9,0,200,200,200,200,200
327387,0,30,1,2,0,1,10,5,0,0,0,22,18,0,4,0,2,0,0,200,200
327387,0,30,1,2,0,1,10,5,0,0,0,22,18,1,6,0,0,0,0,200,200
327388,0,30,1,2,0,1,7,5,0,0,0,11,0,1,5,0,12,0,0,200,200
327388,1,30,1,2,0,1,7,5,0,0,0,11,0,1,3,1,200,200,200,200,200
327388,1,30,1,2,0,1,7,5,0,0,0,11,0,1,3,1,200,200,200,200,200
327394,0,20,0,0,0,1,0,0,0,0,0,17,11,0,7,200,1,5,0,200,200
327394,0,20,0,0,0,1,0,0,0,0,0,17,11,1,6,200,0,0,0,200,200
327395,0,30,0,0,0,1,12,3,0,0,0,22,0,1,0,200,2,0,0,200,200
327395,0,30,0,0,0,1,12,3,0,0,0,22,0,0,6,200,0,0,0,200,200
327397,0,30,1,200,200,0,0,5,0,200,200,0,0,2,200,200,200,200,200,200,200
327397,0,30,1,200,200,0,0,5,0,200,200,0,0,1,6,200,200,200,200,200,200
327402,0,30,0,0,0,1,12,6,0,0,0,21,200,0,200,200,4,200,200,200,200
327402,0,30,0,0,0,1,12,6,0,0,0,21,200,0,7,200,200,200,0,200,200
327402,1,30,0,0,0,1,12,6,0,0,0,21,200,0,200,200,200,200,200,200,200
327405,0,30,0,0,0,3,7,6,0,0,0,0,0,2,200,200,200,200,200,200,200
327409,0,30,1,2,0,1,10,2,0,0,0,0,200,1,5,0,0,0,0,200,200
327409,0,30,1,2,0,1,10,2,0,0,0,0,200,0,200,0,0,0,0,200,200
327414,0,30,1,2,0,1,12,6,0,0,0,22,21,0,200,0,2,0,0,200,200
327414,0,30,1,2,0,1,12,6,0,0,0,22,21,0,6,0,0,0,0,200,200
327419,0,30,3,5,0,1,0,2,0,0,3,17,0,0,6,0,1,0,0,200,200
327419,0,30,3,5,0,1,0,2,0,0,3,17,0,0,7,0,0,0,0,200,200
327421,0,15,0,0,0,1,11,0,0,0,0,22,16,0,200,200,2,200,200,200,200
327421,0,15,0,0,0,1,11,0,0,0,0,22,16,0,4,0,0,0,0,200,200
327422,0,30,1,2,0,1,0,5,0,0,0,6,11,0,3,0,5,0,0,200,200
327422,0,30,1,2,0,1,0,5,0,0,0,6,11,1,7,0,0,0,0,200,200
327422,1,30,1,2,0,1,0,5,0,0,0,6,11,1,9,0,200,200,200,200,200
327424,0,30,2,2,0,1,12,5,0,0,0,11,200,0,5,0,12,0,0,200,200
327424,0,30,2,2,0,1,12,5,0,0,0,11,200,0,6,0,12,0,0,200,200
327425,0,30,1,0,0,1,12,2,0,0,0,18,18,0,5,0,1,0,0,200,200
327425,0,30,1,0,0,1,12,2,0,0,0,18,18,0,6,0,0,0,0,200,200
327430,0,30,0,0,0,1,5,6,0,0,0,7,200,0,3,0,12,0,0,200,200
327433,0,30,0,0,0,1,10,5,0,0,0,18,200,0,200,200,3,200,200,200,200
327433,0,30,0,0,0,1,10,5,0,0,0,18,200,0,7,0,0,0,0,200,200
327440,0,30,2,2,0,1,14,5,0,0,0,17,200,0,7,0,1,0,0,200,200
327440,0,30,2,2,0,1,14,5,0,0,0,17,200,1,5,0,0,0,0,200,200
327443,0,30,0,2,0,1,10,5,0,0,0,18,200,0,200,200,3,200,200,200,200
327443,0,30,0,2,0,1,10,5,0,0,0,18,200,1,7,7,0,0,0,200,200
327443,1,30,0,2,0,1,10,5,0,0,0,18,200,1,200,0,200,200,200,200,200
327443,1,30,0,2,0,1,10,5,0,0,0,18,200,1,200,0,200,200,200,200,200
327443,1,30,0,2,0,1,10,5,0,0,0,18,200,1,200,0,200,200,200,200,200
327444,0,30,0,0,0,1,12,6,0,0,0,0,200,0,7,0,200,200,0,200,200
327444,0,30,0,0,0,1,12,6,0,0,0,0,200,1,6,0,200,200,0,200,200
327448,0,30,1,2,0,1,10,3,0,0,0,0,0,0,7,0,12,0,0,200,200
327448,0,30,1,2,0,1,10,3,0,0,0,0,0,1,6,0,0,0,0,200,200
327449,0,30,0,0,0,1,10,5,0,0,0,18,0,1,6,0,3,0,0,200,200
327449,0,30,0,0,0,1,10,5,0,0,0,18,0,0,6,0,0,0,0,200,200
327449,1,30,0,0,0,1,10,5,0,0,0,18,0,1,6,0,200,200,200,200,200
327449,1,30,0,0,0,1,10,5,0,0,0,18,0,0,6,0,200,200,200,200,200
327450,0,30,0,0,0,1,0,12,0,0,0,0,200,1,8,0,12,0,0,200,200
327450,0,30,0,0,0,1,0,12,0,0,0,0,200,0,6,0,0,0,0,200,200
327453,0,30,2,2,0,1,14,5,0,0,0,0,200,0,200,200,200,200,200,200,200
327453,0,30,2,2,0,1,14,5,0,0,0,0,200,0,6,7,0,0,0,200,200
327454,0,30,0,0,0,1,11,5,0,0,0,200,200,0,200,200,200,200,200,200,200
327454,0,30,0,0,0,1,11,5,0,0,0,200,200,0,7,200,15,200,0,200,200
327460,0,15,0,0,200,200,7,0,0,200,200,0,200,2,200,200,7,200,200,200,200
327461,0,25,1,2,0,1,12,5,0,0,0,21,17,0,6,0,4,0,0,200,200
327461,0,25,1,2,0,1,12,5,0,0,0,21,17,1,6,0,0,0,0,200,200
327462,0,30,1,2,0,1,10,2,0,0,0,30,18,0,5,0,11,0,0,200,200
327462,0,30,1,2,0,1,10,2,0,0,0,30,18,1,7,0,0,0,0,200,200
327462,1,30,1,2,0,1,10,2,0,0,0,30,18,1,0,5,200,200,200,200,200
327464,0,30,1,2,0,1,12,2,5,0,0,18,18,0,5,0,3,0,0,200,200
327464,0,30,1,2,0,1,12,2,5,0,0,18,18,1,6,0,0,0,0,200,200
327465,0,30,0,0,0,1,10,2,0,0,0,18,200,0,6,200,3,0,0,200,200
327465,0,30,0,0,0,1,10,2,0,0,0,18,200,0,6,200,0,0,0,200,200
327470,0,30,0,0,0,1,7,7,0,0,0,11,20,0,5,200,6,200,200,200,200
327471,0,30,2,2,0,1,14,5,0,0,0,17,23,1,9,200,7,0,0,200,200
327471,0,30,2,2,0,1,14,5,0,0,0,17,23,1,7,200,0,0,0,200,200
327478,0,30,0,0,0,1,10,5,0,0,0,0,200,0,7,200,12,200,0,200,200
327478,0,30,0,0,0,1,10,5,0,0,0,0,200,1,6,200,200,200,0,200,200
327480,0,25,0,0,0,1,12,5,0,0,0,17,0,0,6,0,1,0,0,200,200
327480,0,25,0,0,0,1,12,5,0,0,0,17,0,0,7,0,0,0,0,200,200
327481,0,30,1,2,0,1,10,2,0,0,0,200,18,0,6,0,3,0,0,200,200
327481,0,30,1,2,0,1,10,2,0,0,0,200,18,0,7,0,0,0,0,200,200
327481,1,30,1,2,0,1,10,2,0,0,0,200,18,0,6,0,200,200,200,200,200
327483,0,20,0,0,0,1,7,7,0,0,0,0,0,0,6,0,12,5,0,200,200
327486,0,30,1,2,0,1,14,6,0,0,0,0,0,1,200,200,1,200,200,200,200
327486,5,30,1,2,0,1,14,6,0,0,0,0,0,0,6,200,0,0,200,200,200
327491,0,30,0,0,0,3,7,6,0,200,0,7,7,0,6,0,200,0,0,200,200
327496,0,30,2,2,0,1,10,2,0,0,0,18,0,0,7,200,3,200,12,200,200
327496,0,30,2,2,0,1,10,2,0,0,0,18,0,1,6,200,3,200,12,200,200
327498,0,30,0,0,0,1,0,0,0,0,0,17,17,1,5,0,1,0,0,200,200
327498,0,30,0,0,0,1,0,0,0,0,0,17,17,0,8,0,200,0,0,200,200
327509,0,35,1,12,0,1,12,5,0,0,0,22,22,0,6,0,4,0,2,200,200
327509,0,35,1,12,0,1,12,5,0,0,0,22,22,0,6,0,0,0,0,200,200
327510,0,20,0,0,0,1,7,5,0,0,0,22,200,0,7,0,2,0,0,200,200
327510,1,20,0,0,0,1,7,5,0,0,0,22,200,0,6,200,200,200,200,200,200
327512,0,35,1,1,2,1,12,6,0,1,12,0,200,1,200,200,4,200,200,200,200
327512,0,35,1,1,2,1,12,6,0,1,12,0,200,0,7,200,0,200,200,200,200
327517,0,25,1,2,0,1,10,5,0,0,0,18,0,2,200,200,200,200,200,200,200
327517,0,25,1,2,0,1,10,5,0,0,0,18,0,0,200,0,0,0,0,200,200
327522,0,30,0,0,0,1,7,6,0,0,0,200,200,0,9,0,0,0,0,200,200
327523,0,30,0,0,0,1,12,1,0,0,0,16,21,0,6,0,4,0,0,200,200
327523,0,30,0,0,0,1,12,1,0,0,0,16,21,1,7,0,0,0,0,200,200
327523,1,30,0,0,0,1,12,1,0,0,0,16,21,1,1,5,200,200,200,200,200
327524,0,30,1,3,0,1,0,12,0,0,0,5,16,1,6,0,12,200,0,200,200
327524,0,30,1,3,0,1,0,12,0,0,0,5,16,1,6,0,0,0,0,200,200
327524,1,30,1,3,0,1,0,12,0,0,0,5,16,1,200,0,200,200,200,200,200
327525,0,35,0,0,0,1,14,5,0,0,0,0,0,1,6,0,0,0,0,200,200
327525,0,35,0,0,0,1,14,5,0,0,0,0,0,1,6,0,0,0,0,200,200
327528,0,30,0,0,0,1,10,3,0,0,0,18,18,1,6,0,3,0,0,200,200
327528,0,30,0,0,0,1,10,3,0,0,0,18,18,0,6,0,0,0,0,200,200
327537,0,30,0,0,0,1,2,2,0,0,0,0,0,0,4,0,200,0,0,200,200
327537,1,30,0,0,0,1,2,2,0,0,0,0,0,2,5,0,200,200,200,200,200
327540,0,30,0,0,0,1,12,2,0,0,200,20,200,0,7,200,6,200,200,200,200
327540,0,30,0,0,0,1,12,2,0,0,200,20,200,0,6,0,0,200,0,200,200
327545,0,15,0,0,0,1,0,7,0,0,0,20,16,0,200,200,6,200,200,200,200
327545,0,15,0,0,0,1,0,7,0,0,0,20,16,0,7,0,0,0,0,200,200
327547,0,30,0,0,0,1,0,5,0,0,0,17,200,1,6,200,1,200,200,200,200
327547,0,30,0,0,0,1,0,5,0,0,0,17,200,0,4,0,0,0,0,200,200
327547,1,30,0,0,0,1,0,5,0,0,0,17,200,0,200,0,200,200,200,200,200
327552,0,10,0,0,0,1,7,7,0,0,0,0,200,1,200,200,200,200,200,200,200
327556,0,30,0,0,0,1,9,6,0,0,200,0,200,1,6,200,0,200,0,200,200
327556,5,30,0,0,0,1,9,6,0,0,200,0,200,0,2,7,12,200,0,200,200
327565,0,0,200,200,200,200,7,7,0,200,200,0,200,2,200,200,200,200,200,200,200
327567,0,30,0,0,0,1,10,5,0,0,0,18,200,0,9,0,3,0,0,200,200
327567,0,30,0,0,0,1,10,5,0,0,0,18,200,0,200,200,0,0,0,200,200
327567,1,30,0,0,0,1,10,5,0,0,0,18,200,1,7,0,200,200,200,200,200
327568,0,30,1,2,0,1,10,5,0,0,0,0,200,0,5,200,200,200,0,200,200
327568,0,30,1,2,0,1,10,5,0,0,0,0,200,0,7,200,200,200,0,200,200
327568,1,30,1,2,0,1,10,5,0,0,0,0,200,1,8,0,200,200,200,200,200
327568,1,30,1,2,0,1,10,5,0,0,0,0,200,0,7,0,200,200,200,200,200
327576,0,25,0,0,0,1,14,5,0,0,0,17,200,0,8,0,1,0,0,200,200
327576,0,25,0,0,0,1,14,5,0,0,0,17,200,0,200,0,0,0,0,200,200
327576,1,25,0,0,0,1,14,5,0,0,0,17,200,0,3,0,200,200,200,200,200
327584,0,30,0,0,0,1,10,2,0,0,0,16,200,0,6,0,3,0,0,200,200
327584,0,30,0,0,0,1,10,2,0,0,0,16,200,1,6,0,0,0,0,200,200
327584,1,30,0,0,0,1,10,2,0,0,0,16,200,0,1,5,200,200,200,200,200
327595,0,20,0,0,0,1,0,7,0,0,0,20,20,1,8,0,6,0,0,200,200
327595,0,20,0,0,0,1,0,7,0,0,0,20,20,1,6,0,0,0,0,200,200
327600,0,30,0,0,0,1,7,5,0,0,0,0,0,2,200,200,200,200,200,200,200
327601,0,35,1,2,0,1,14,2,0,0,0,18,200,0,200,0,3,200,0,200,200
327601,0,35,1,2,0,1,14,2,0,0,0,18,200,0,8,0,0,200,0,200,200
327602,0,15,0,0,0,1,7,6,0,0,0,11,29,0,6,0,2,0,0,200,200
327605,0,20,0,0,0,1,8,2,0,0,0,17,200,2,200,200,1,200,200,200,200
327605,4,20,0,0,0,1,8,2,0,0,0,17,200,0,5,200,0,0,0,200,200
327609,0,15,0,0,0,1,7,6,0,0,0,11,16,0,6,200,200,200,200,200,200
327628,0,30,1,2,0,1,0,2,0,0,0,20,200,1,5,0,6,200,0,200,200
327628,0,30,1,2,0,1,0,2,0,0,0,20,200,1,6,1,0,0,0,200,200
327637,0,30,1,2,0,1,0,5,0,0,0,0,0,0,200,200,200,200,200,200,200
327637,0,30,1,2,0,1,0,5,0,0,0,0,0,0,8,0,200,0,0,200,200
327647,0,30,0,0,0,1,12,5,0,0,0,11,11,0,200,200,1,200,200,200,200
327647,0,30,0,0,0,1,12,5,0,0,0,11,11,0,6,0,0,0,0,200,200
327648,0,15,0,0,0,1,10,7,0,0,0,18,18,0,5,7,3,0,0,200,200
327648,0,15,0,0,0,1,10,7,0,0,0,18,18,0,7,0,1,0,0,200,200
327649,0,15,0,0,0,1,2,7,0,0,0,0,200,0,6,200,200,0,0,200,200
327650,0,30,2,2,0,1,10,5,0,0,0,18,18,1,6,200,3,200,0,200,200
327650,0,30,2,2,0,1,10,5,0,0,0,18,18,1,6,0,0,0,0,200,200
327651,0,30,0,0,0,1,7,5,0,0,0,0,0,0,200,200,200,200,200,200,200
327653,0,0,0,0,0,1,7,12,0,0,200,11,0,0,5,200,12,200,0,200,200
327660,0,10,0,0,0,1,7,7,0,0,200,0,200,2,200,200,200,200,200,200,200
327667,0,30,0,0,0,1,3,2,0,0,0,33,0,1,7,0,1,12,0,200,200
327667,0,30,0,0,0,1,3,2,0,0,0,33,0,1,6,0,0,0,0,200,200
327667,1,30,0,0,0,1,3,2,0,0,0,33,0,1,3,0,200,200,200,200,200
327669,1,0,0,0,0,1,2,0,0,0,0,0,200,0,200,200,200,200,200,200,200
327669,0,0,0,0,0,1,2,0,0,0,0,0,200,0,200,200,12,200,200,200,200
327676,0,10,0,0,0,1,7,7,0,0,0,0,200,2,200,200,200,200,200,200,200
327683,0,30,1,2,0,1,12,5,0,0,0,18,0,1,200,200,3,200,200,200,200
327683,0,30,1,2,0,1,12,5,0,0,0,18,0,0,6,0,0,0,0,200,200
327684,0,30,1,2,0,1,10,2,0,0,0,18,16,0,9,0,3,0,12,200,200
327684,0,30,1,2,0,1,10,2,0,0,0,18,16,1,5,0,0,0,0,200,200
327686,0,15,0,0,0,1,7,12,0,0,0,23,11,0,8,0,7,0,0,200,200
327688,0,35,0,0,0,1,8,2,0,0,0,0,0,1,7,200,200,200,0,200,200
327688,4,35,0,0,0,1,8,2,0,0,0,0,0,0,7,7,200,200,0,200,200
327690,0,30,2,0,0,1,10,2,0,0,0,18,16,0,200,200,3,200,200,200,200
327690,0,30,2,0,0,1,10,2,0,0,0,18,16,0,8,0,0,0,0,200,200
327700,0,30,0,0,0,1,14,2,0,0,0,17,200,1,7,0,1,0,0,200,200
327700,0,30,0,0,0,1,14,2,0,0,0,17,200,1,6,7,0,0,0,200,200
327700,1,30,0,0,0,1,14,2,0,0,0,17,200,0,3,0,200,200,200,200,200
327700,1,30,0,0,0,1,14,2,0,0,0,17,200,0,2,0,200,200,200,200,200
327700,1,30,0,0,0,1,14,2,0,0,0,17,200,1,3,0,200,200,200,200,200
327700,1,30,0,0,0,1,14,2,0,0,0,17,200,1,2,0,200,200,200,200,200
327700,1,30,0,0,0,1,14,2,0,0,0,17,200,0,3,7,200,200,200,200,200
327700,1,30,0,0,0,1,14,2,0,0,0,17,200,0,0,0,200,200,200,200,200
327707,0,30,1,2,0,1,10,5,0,0,0,22,0,0,200,200,200,200,200,200,200
327707,0,30,1,2,0,1,10,5,0,0,0,22,0,0,7,0,0,0,0,200,200
327710,0,30,200,200,0,1,7,7,0,0,200,0,200,1,6,200,200,200,0,200,200
327718,0,30,1,2,0,1,12,5,0,0,200,0,0,0,200,200,0,200,200,200,200
327718,0,30,1,2,0,1,12,5,0,0,200,0,0,1,5,0,0,0,0,200,200
327718,1,30,1,2,0,1,12,5,0,0,200,0,0,1,200,5,200,200,200,200,200
327720,0,30,0,0,0,1,14,5,0,0,0,0,0,1,6,0,0,0,0,200,200
327720,0,30,0,0,0,1,14,5,0,0,0,0,0,0,7,0,0,0,0,200,200
327729,0,30,1,2,0,1,12,5,0,0,0,11,0,0,200,200,12,0,0,200,200
327729,0,30,1,2,0,1,12,5,0,0,0,11,0,0,6,0,0,0,0,200,200
327731,0,15,0,0,0,1,11,7,0,0,0,17,0,0,200,200,2,200,200,200,200
327731,0,15,0,0,0,1,11,7,0,0,0,17,0,0,8,0,0,0,0,200,200
327732,0,30,0,0,0,1,12,6,0,0,0,21,0,0,7,0,4,200,0,200,200
327732,0,30,0,0,0,1,12,6,0,0,0,21,0,0,5,0,0,200,0,200,200
327732,1,30,0,0,0,1,12,6,0,0,0,21,0,1,5,0,200,200,200,200,200
327733,0,30,0,0,0,1,14,1,0,0,0,23,30,0,5,0,7,0,0,200,200
327733,0,30,0,0,0,1,14,1,0,0,0,23,30,1,8,0,0,0,0,200,200
327733,1,30,0,0,0,1,14,1,0,0,0,23,30,0,5,0,200,200,200,200,200
327739,4,30,0,0,0,1,8,2,0,0,0,17,11,0,6,2,0,200,0,200,200
327739,1,30,0,0,0,1,8,2,0,0,0,17,11,1,6,200,200,200,200,200,200
327741,0,30,1,2,0,1,12,2,0,0,0,0,200,0,7,200,200,0,0,200,200
327741,0,30,1,2,0,1,12,2,0,0,0,0,200,0,7,200,200,0,0,200,200
327742,0,25,0,0,0,1,7,6,0,0,0,20,200,2,200,200,6,200,200,200,200
327745,0,30,0,0,0,1,12,5,0,0,0,17,200,0,6,0,3,0,0,200,200
327745,0,30,0,0,0,1,12,5,0,0,0,17,200,0,5,0,0,0,0,200,200
327751,0,30,0,0,0,1,10,5,0,0,0,18,16,0,5,0,3,0,0,200,200
327751,0,30,0,0,0,1,10,5,0,0,0,18,16,1,7,0,0,0,0,200,200
327758,0,30,2,2,0,1,14,5,0,0,0,0,200,1,5,0,200,200,200,200,200
327758,0,30,2,2,0,1,14,5,0,0,0,0,200,1,6,0,200,200,0,200,200
327758,1,30,2,2,0,1,14,5,0,0,0,0,200,1,2,0,200,200,200,200,200
327760,0,30,0,0,0,1,7,7,0,0,0,20,20,1,6,7,6,0,0,200,200
327760,1,30,0,0,0,1,7,7,0,0,0,20,20,0,6,7,200,200,200,200,200
327761,0,30,1,2,0,1,12,5,0,200,200,17,0,0,6,200,1,0,0,200,200
327761,0,30,1,2,0,1,12,5,0,200,200,17,0,1,7,200,0,0,0,200,200
327762,0,20,0,0,0,1,7,6,0,0,0,0,0,1,200,200,3,200,200,200,200
327767,0,30,2,2,0,4,7,6,0,0,0,200,200,0,200,200,200,200,200,200,200
327769,0,30,1,2,0,1,0,5,0,0,0,6,0,1,5,200,5,200,0,200,200
327769,0,30,1,2,0,1,0,5,0,0,0,6,0,0,6,200,0,200,0,200,200
327769,0,30,1,2,0,1,0,5,0,0,0,6,0,1,6,200,0,200,0,200,200
327776,0,10,0,0,0,1,12,4,0,0,0,200,200,1,6,0,12,0,0,200,200
327776,0,10,0,0,0,1,12,4,0,0,0,200,200,0,5,0,12,0,0,200,200
327779,0,30,1,2,0,1,0,1,0,0,0,17,200,0,7,0,1,0,0,200,200
327779,0,30,1,2,0,1,0,1,0,0,0,17,200,1,8,0,0,0,0,200,200
327785,0,35,1,2,0,1,10,5,0,0,0,18,200,0,4,200,3,0,0,200,200
327785,0,35,1,2,0,1,10,5,0,0,0,18,200,1,6,200,0,0,0,200,200
327786,0,30,0,0,0,1,7,5,0,0,0,11,200,1,5,0,12,0,0,200,200
327786,1,30,0,0,0,1,7,5,0,0,0,11,200,1,7,200,200,200,200,200,200
327789,0,25,0,0,0,1,7,6,0,0,0,0,200,2,200,200,200,200,200,200,200
327792,0,35,1,2,0,1,0,5,0,0,0,16,0,0,8,200,5,0,0,200,200
327792,0,35,1,2,0,1,0,5,0,0,0,16,0,1,6,200,1,0,0,200,200
327793,0,30,0,0,0,1,10,3,0,0,0,18,18,1,6,0,1,200,0,200,200
327793,0,30,0,0,0,1,10,3,0,0,0,18,18,1,6,0,0,0,0,200,200
327798,0,10,0,0,0,3,7,7,0,0,0,20,0,0,8,0,6,0,0,200,200
327805,0,15,0,0,0,1,11,7,0,0,0,0,200,0,200,200,200,200,200,200,200
327805,0,15,0,0,0,1,11,7,0,0,0,0,200,1,7,0,0,0,0,200,200
327809,0,30,2,2,0,1,9,5,0,0,0,5,200,0,8,0,5,0,0,200,200
327809,5,30,2,2,0,1,9,5,0,0,0,5,200,0,2,7,0,200,0,200,200
327811,0,35,0,0,0,1,2,0,0,0,0,0,200,0,0,200,6,0,0,200,200
327815,0,30,2,2,0,1,14,5,0,0,0,17,17,1,7,7,1,0,0,200,200
327815,0,30,2,2,0,1,14,5,0,0,0,17,17,1,6,7,0,0,0,200,200
327816,0,30,0,0,0,1,10,5,0,0,0,0,0,0,6,0,12,0,0,200,200
327816,0,30,0,0,0,1,10,5,0,0,0,0,0,0,7,0,0,0,0,200,200
327817,0,30,7,0,0,1,7,6,0,1,1,200,200,0,6,200,12,200,0,200,200
327819,0,25,0,0,0,1,7,0,0,0,0,0,0,2,200,200,200,200,200,200,200
327821,0,30,1,2,0,1,14,5,0,0,0,17,200,0,5,0,1,1,0,200,200
327821,0,30,1,2,0,1,14,5,0,0,0,17,200,1,6,0,0,1,0,200,200
327821,1,30,1,2,0,1,14,5,0,0,0,17,200,1,5,0,200,200,200,200,200
327822,0,30,0,0,0,1,7,5,0,0,0,0,200,1,200,7,200,200,0,200,200
327824,0,30,200,200,0,1,10,7,0,0,200,0,200,0,7,200,200,200,0,200,200
327824,0,30,200,200,0,1,10,7,0,0,200,0,200,0,6,200,200,200,0,200,200
327827,0,30,0,0,0,1,10,5,0,0,0,18,2,1,200,200,3,0,200,200,1
327827,0,30,0,0,0,1,10,5,0,0,0,18,2,1,7,0,0,0,0,200,200
327846,0,15,0,0,0,1,2,12,0,0,0,11,0,0,7,0,12,0,0,200,200
327847,0,30,0,0,0,1,7,6,0,0,0,17,200,0,6,0,0,0,0,200,200
327847,1,30,0,0,0,1,7,6,0,0,0,17,200,0,200,200,200,200,200,200,200
327847,1,30,0,0,0,1,7,6,0,0,0,17,200,0,5,200,200,200,200,200,200
327854,0,35,0,0,0,1,12,2,0,0,0,22,200,0,6,0,200,0,0,200,200
327854,0,35,0,0,0,1,12,2,0,0,0,22,200,1,200,0,0,0,0,200,200
327854,0,35,0,0,0,1,12,2,0,0,0,22,200,1,6,0,2,0,0,200,200
327856,0,35,200,200,200,1,9,5,0,0,200,0,0,2,200,200,200,200,200,200,200
327856,5,35,200,200,200,1,9,5,0,0,200,0,0,0,4,200,200,200,200,200,200
327857,0,30,2,2,0,1,0,5,0,0,0,20,33,0,200,200,6,12,0,200,200
327857,0,30,2,2,0,1,0,5,0,0,0,20,33,0,200,0,0,12,0,200,200
327858,0,30,0,0,0,1,12,6,0,0,0,200,200,0,5,0,1,200,0,200,200
327858,0,30,0,0,0,1,12,6,0,0,0,200,200,0,6,0,0,200,0,200,200
327858,1,30,0,0,0,1,12,6,0,0,0,200,200,0,5,0,200,200,200,200,200
327858,1,30,0,0,0,1,12,6,0,0,0,200,200,0,3,0,200,200,200,200,200
327858,1,30,0,0,0,1,12,6,0,0,0,200,200,0,3,0,200,200,200,200,200
327858,1,30,0,0,0,1,12,6,0,0,0,200,200,0,4,0,200,200,200,200,200
327859,0,15,0,0,0,1,2,0,0,0,0,25,200,0,3,200,13,200,0,200,200
327859,1,15,0,0,0,1,2,0,0,0,0,25,200,0,3,1,200,200,200,200,200
327865,0,30,0,0,0,1,10,5,0,0,0,0,200,0,200,0,3,0,0,200,200
327865,0,30,0,0,0,1,10,5,0,0,0,0,200,0,200,0,0,0,0,200,200
327868,0,30,0,0,0,1,8,5,0,0,0,7,0,0,200,200,1,200,200,200,200
327868,4,30,0,0,0,1,8,5,0,0,0,7,0,1,6,3,200,0,0,200,200
327868,1,30,0,0,0,1,8,5,0,0,0,7,0,1,7,200,200,200,200,200,200
327877,0,35,2,2,0,1,0,5,0,0,0,17,0,1,6,200,1,0,0,200,200
327877,0,35,2,2,0,1,0,5,0,0,0,17,0,0,8,200,200,0,0,200,200
327878,0,30,200,200,0,1,10,5,0,0,200,0,200,0,7,200,200,200,0,200,200
327878,0,30,200,200,0,1,10,5,0,0,200,0,200,1,8,200,200,200,0,200,200
327880,0,25,0,0,0,1,12,2,0,0,0,0,0,0,4,0,1,0,0,200,200
327880,0,25,0,0,0,1,12,2,0,0,0,0,0,0,6,0,0,0,0,200,200
327882,0,30,0,0,0,200,7,5,0,0,200,0,0,2,200,200,200,200,200,200,200
327884,0,35,0,0,0,1,10,5,0,0,0,21,200,1,8,200,7,200,200,200,200
327884,0,35,0,0,0,1,10,5,0,0,0,21,200,1,6,200,0,200,200,200,200
327886,0,30,0,0,0,1,14,5,0,0,0,17,200,0,200,200,1,200,200,200,200
327886,0,30,0,0,0,1,14,5,0,0,0,17,200,0,6,0,0,0,0,200,200
327888,0,30,1,2,0,1,10,5,0,0,0,0,0,1,200,200,12,12,0,200,200
327888,0,30,1,2,0,1,10,5,0,0,0,0,0,1,200,200,0,0,0,200,200
327898,0,15,0,0,0,1,7,6,0,0,200,11,200,1,4,200,12,200,200,200,200
327900,0,30,1,2,0,1,12,2,0,0,0,18,0,1,7,0,1,0,0,200,200
327900,0,30,1,2,0,1,12,2,0,0,0,18,0,1,6,200,0,0,0,200,200
327902,0,30,2,2,0,1,0,5,0,0,0,17,17,0,7,7,1,0,0,200,200
327902,0,30,2,2,0,1,0,5,0,0,0,17,17,1,5,7,0,0,0,200,200