RD_NO,PERSON_TYPE,POSTED_SPEED_LIMIT,TRAFFIC_CONTROL_DEVICE,DEVICE_CONDITION,WEATHER_CONDITION,LIGHTING_CONDITION,FIRST_CRASH_TYPE,TRAFFICWAY_TYPE,ALIGNMENT,ROADWAY_SURFACE_COND,ROAD_DEFECT,PRIM_CONTRIBUTORY_CAUSE,SEC_CONTRIBUTORY_CAUSE,SEX,AGE,SAFETY_EQUIPMENT,DRIVER_ACTION,DRIVER_VISION,PHYSICAL_CONDITION,BAC_RESULT VALUE,CELL_PHONE_USE
327906,0,45,0,0,0,1,10,12,0,0,0,18,200,1,5,0,3,0,0,200,200
327906,0,45,0,0,0,1,10,12,0,0,0,18,200,1,7,0,0,0,0,200,200
327907,0,30,0,0,0,1,12,5,0,0,0,21,0,0,7,200,4,200,0,200,200
327907,0,30,0,0,0,1,12,5,0,0,0,21,0,0,7,200,0,200,0,200,200
327913,0,30,0,2,0,1,10,5,2,0,0,18,200,0,5,0,3,0,0,200,200
327913,0,30,0,2,0,1,10,5,2,0,0,18,200,0,5,0,0,0,0,200,200
327915,0,30,0,0,0,1,0,2,0,0,0,17,0,0,3,200,1,200,200,200,200
327915,0,30,0,0,0,1,0,2,0,0,0,17,0,0,6,200,0,200,0,200,200
327915,1,30,0,0,0,1,0,2,0,0,0,17,0,1,200,200,200,200,200,200,200
327915,1,30,0,0,0,1,0,2,0,0,0,17,0,0,200,200,200,200,200,200,200
327917,0,30,2,2,0,1,0,5,0,0,0,5,16,1,200,200,5,200,200,200,200
327917,0,30,2,2,0,1,0,5,0,0,0,5,16,1,6,0,0,0,0,200,200
327917,1,30,2,2,0,1,0,5,0,0,0,5,16,0,200,200,200,200,200,200,200
327924,0,15,0,0,0,1,7,7,0,0,200,0,0,1,200,200,12,200,200,200,200
327927,0,30,200,200,0,1,7,5,0,0,0,0,200,0,200,200,200,200,200,200,200
327928,0,30,1,2,0,1,12,2,0,0,0,21,200,0,6,0,12,0,0,200,200
327928,0,30,1,2,0,1,12,2,0,0,0,21,200,0,6,0,0,0,1,200,200
327928,1,30,1,2,0,1,12,2,0,0,0,21,200,1,7,0,200,200,200,200,200
327929,0,30,0,0,0,1,7,7,0,0,0,0,0,2,200,200,200,200,200,200,200
327933,0,30,1,2,0,1,14,2,0,0,200,23,16,0,4,200,7,200,200,200,200
327933,0,30,1,2,0,1,14,2,0,0,200,23,16,0,6,0,0,0,0,200,200
327933,1,30,1,2,0,1,14,2,0,0,200,23,16,1,200,200,200,200,200,200,200
327934,0,30,2,2,0,1,0,5,0,0,0,17,16,1,6,0,1,0,0,200,200
327934,0,30,2,2,0,1,0,5,0,0,0,17,16,1,7,0,0,0,0,200,200
327934,1,30,2,2,0,1,0,5,0,0,0,17,16,0,3,0,200,200,200,200,200
327934,1,30,2,2,0,1,0,5,0,0,0,17,16,0,3,0,200,200,200,200,200
327939,0,30,0,0,0,1,14,0,0,0,0,0,0,1,6,0,0,0,0,200,200
327939,0,30,0,0,0,1,14,0,0,0,0,0,0,0,6,200,0,0,0,200,200
327940,0,30,0,0,200,0,12,6,0,200,0,11,200,0,200,0,12,200,200,200,200
327940,0,30,0,0,200,0,12,6,0,200,0,11,200,0,6,0,0,0,0,200,200
327942,0,15,0,0,0,1,7,12,0,0,0,11,20,0,0,0,6,0,0,200,200
327955,0,30,0,0,0,1,10,5,0,0,0,200,200,0,4,0,0,0,0,200,200
327955,0,30,0,0,0,1,10,5,0,0,0,200,200,1,8,0,0,0,0,200,200
327955,0,30,0,0,0,1,10,5,0,0,0,200,200,1,6,0,0,0,0,200,200
327955,1,30,0,0,0,1,10,5,0,0,0,200,200,0,200,7,200,200,200,200,200
327955,1,30,0,0,0,1,10,5,0,0,0,200,200,0,200,0,200,200,200,200,200
327955,1,30,0,0,0,1,10,5,0,0,0,200,200,1,200,0,200,200,200,200,200
327956,0,30,0,2,0,1,12,2,0,0,0,17,0,0,6,0,1,0,200,200,200
327956,0,30,0,2,0,1,12,2,0,0,0,17,0,0,6,0,0,0,0,200,200
327956,1,30,0,2,0,1,12,2,0,0,0,17,0,200,200,0,200,200,200,200,200
327957,0,20,0,0,0,1,14,6,0,0,0,23,22,0,7,0,2,0,0,200,200
327957,0,20,0,0,0,1,14,6,0,0,0,23,22,0,4,0,7,0,0,200,200
327958,0,30,1,2,0,1,14,2,3,0,0,0,200,1,6,200,200,200,200,200,200
327958,0,30,1,2,0,1,14,2,3,0,0,0,200,0,5,0,12,0,0,200,200
327962,0,20,0,0,0,1,7,6,0,0,0,200,200,1,200,200,200,200,200,200,200
327963,0,35,0,0,0,1,10,5,0,0,0,0,0,0,200,200,0,200,200,200,200
327963,0,35,0,0,0,1,10,5,0,0,0,0,0,0,6,0,0,0,0,200,200
327967,0,30,1,2,0,1,2,6,0,0,0,200,200,2,200,200,200,200,200,200,200
327975,0,30,2,2,0,1,7,6,0,0,12,0,200,0,200,0,0,0,0,200,200
327975,1,30,2,2,0,1,7,6,0,0,12,0,200,1,200,0,200,200,200,200,200
327975,1,30,2,2,0,1,7,6,0,0,12,0,200,0,200,0,200,200,200,200,200
327976,0,30,0,0,0,1,12,6,0,0,0,17,21,0,6,0,4,0,0,200,200
327976,0,30,0,0,0,1,12,6,0,0,0,17,21,0,7,0,0,0,0,200,200
327982,0,30,1,2,0,1,10,5,0,0,0,18,200,0,200,200,3,200,200,200,200
327982,0,30,1,2,0,1,10,5,0,0,0,18,200,1,5,0,0,0,0,200,200
327983,0,30,1,2,0,1,14,5,0,0,0,0,0,2,200,200,200,200,200,200,200
327983,0,30,1,2,0,1,14,5,0,0,0,0,0,0,6,0,0,0,0,200,200
327990,0,30,0,0,0,1,3,5,0,0,0,0,0,0,200,200,8,200,200,200,200
327990,0,30,0,0,0,1,3,5,0,0,0,0,0,0,6,0,0,0,0,200,200
327994,0,0,0,0,0,1,12,5,2,0,0,17,200,1,7,7,1,0,0,200,200
327994,0,0,0,0,0,1,12,5,2,0,0,17,200,1,6,0,0,0,0,200,200
327996,0,30,1,2,0,1,10,5,0,0,0,20,11,0,4,0,6,0,0,200,200
327996,0,30,1,2,0,1,10,5,0,0,0,20,11,1,8,0,0,0,0,200,200
327996,1,30,1,2,0,1,10,5,0,0,0,20,11,1,200,0,200,200,200,200,200
327998,0,30,1,2,0,1,14,2,0,0,200,17,0,0,5,0,1,0,0,200,200
327998,0,30,1,2,0,1,14,2,0,0,200,17,0,0,5,0,0,0,0,200,200
328003,0,35,0,0,0,1,12,3,0,0,0,21,200,1,200,200,4,200,200,200,200
328003,0,35,0,0,0,1,12,3,0,0,0,21,200,0,6,0,0,0,0,200,200
328009,0,30,1,2,0,1,14,5,0,0,0,23,0,0,6,0,0,0,0,200,200
328009,0,30,1,2,0,1,14,5,0,0,0,23,0,0,5,0,12,0,0,200,200
328011,0,30,0,0,0,1,0,6,0,0,0,17,200,0,7,0,1,200,200,200,200
328011,0,30,0,0,0,1,0,6,0,0,0,17,200,1,5,0,0,0,0,200,200
328012,0,30,1,2,0,1,4,6,0,0,0,29,200,0,5,0,0,0,0,200,200
328018,0,25,0,0,0,1,12,2,0,0,0,0,0,1,200,200,1,200,200,200,200
328018,0,25,0,0,0,1,12,2,0,0,0,0,0,0,6,0,0,0,0,200,200
328022,5,30,2,2,0,1,9,5,0,0,0,0,0,1,5,200,0,200,200,200,200
328022,0,30,2,2,0,1,9,5,0,0,0,0,0,0,9,200,1,200,200,200,200
328025,0,30,0,0,0,1,10,2,0,0,0,18,200,0,5,0,3,0,200,200,200
328025,0,30,0,0,0,1,10,2,0,0,0,18,200,1,5,200,0,200,200,200,200
328026,0,30,0,0,0,1,7,5,0,0,0,0,0,2,200,0,1,0,0,200,200
328027,0,10,0,0,0,1,7,7,0,0,0,0,200,2,200,200,12,200,200,200,200
328030,0,30,1,2,0,1,14,5,0,0,0,10,25,0,6,0,12,0,0,200,200
328030,0,30,1,2,0,1,14,5,0,0,0,10,25,0,6,0,0,0,0,200,200
328032,0,10,0,0,0,1,7,5,0,0,0,0,19,2,200,200,0,200,200,200,200
328034,0,30,0,0,0,1,14,5,0,0,0,0,0,1,6,0,200,0,0,200,200
328034,0,30,0,0,0,1,14,5,0,0,0,0,0,0,7,0,7,0,0,200,200
328036,0,25,0,0,0,1,10,2,0,0,0,0,0,1,7,0,1,0,0,200,200
328036,0,25,0,0,0,1,10,2,0,0,0,0,0,1,6,0,0,0,0,200,200
328038,0,30,1,2,0,1,10,2,0,0,0,16,0,0,6,0,3,0,0,200,200
328038,0,30,1,2,0,1,10,2,0,0,0,16,0,1,5,0,0,0,0,200,200
328040,0,30,0,0,0,1,10,5,0,0,0,18,200,0,7,0,3,0,0,200,200
328040,0,30,0,0,0,1,10,5,0,0,0,18,200,0,6,0,0,0,0,200,200
328041,0,30,0,0,0,1,11,2,0,0,0,22,200,0,200,200,2,200,200,200,200
328041,0,30,0,0,0,1,11,2,0,0,0,22,200,1,5,0,200,0,0,200,200
328041,1,30,0,0,0,1,11,2,0,0,0,22,200,0,6,0,200,200,200,200,200
328041,1,30,0,0,0,1,11,2,0,0,0,22,200,0,1,0,200,200,200,200,200
328041,1,30,0,0,0,1,11,2,0,0,0,22,200,1,2,0,200,200,200,200,200
328042,0,30,0,0,0,1,12,5,0,0,0,18,18,0,200,7,2,0,0,200,200
328042,0,30,0,0,0,1,12,5,0,0,0,18,18,0,6,7,0,0,0,200,200
328044,0,30,0,0,0,1,7,6,0,200,200,22,22,0,6,0,2,200,0,200,200
328045,0,30,1,2,0,1,10,2,0,0,0,18,16,0,7,0,3,0,0,200,200
328045,0,30,1,2,0,1,10,2,0,0,0,18,16,0,8,0,0,0,0,200,200
328046,0,30,0,0,0,1,9,5,0,0,0,0,0,1,6,0,12,1,0,200,200
328046,5,30,0,0,0,1,9,5,0,0,0,0,0,1,6,7,12,12,200,200,200
328049,0,30,1,2,0,1,10,5,0,0,0,18,0,1,6,200,3,200,200,200,200
328049,0,30,1,2,0,1,10,5,0,0,0,18,0,0,200,0,0,0,0,200,200
328049,0,30,1,2,0,1,10,5,0,0,0,18,0,0,6,200,0,200,200,200,200
328050,0,30,0,0,0,1,7,5,0,0,0,0,0,0,200,200,0,200,200,200,200
328050,1,30,0,0,0,1,7,5,0,0,0,0,0,0,7,0,200,200,200,200,200
328056,0,30,0,0,0,1,10,5,0,0,0,0,0,0,5,200,1,0,0,200,200
328056,0,30,0,0,0,1,10,5,0,0,0,0,0,1,5,0,0,0,0,200,200
328060,0,40,0,0,0,1,10,3,3,0,0,18,200,1,5,0,3,0,0,200,200
328060,0,40,0,0,0,1,10,3,3,0,0,18,200,1,5,0,0,0,0,200,200
328064,0,30,0,0,0,1,10,5,0,0,0,18,200,1,5,0,3,0,0,200,200
328064,0,30,0,0,0,1,10,5,0,0,0,18,200,0,6,0,0,0,0,200,200
328066,0,30,200,200,0,1,10,5,0,0,200,0,200,0,5,200,200,200,200,200,200
328066,0,30,200,200,0,1,10,5,0,0,200,0,200,0,6,200,200,200,0,200,200
328068,0,30,1,2,0,1,12,3,0,0,0,17,200,0,6,200,1,0,0,200,200
328068,0,30,1,2,0,1,12,3,0,0,0,17,200,0,7,200,0,0,0,200,200
328068,1,30,1,2,0,1,12,3,0,0,0,17,200,0,200,200,200,200,200,200,200
328073,0,30,0,0,0,1,14,2,0,0,0,17,200,0,5,200,1,200,0,200,200
328073,0,30,0,0,0,1,14,2,0,0,0,17,200,1,6,200,0,200,0,200,200
328074,0,30,1,2,0,1,14,2,0,0,0,23,0,0,5,0,7,0,0,200,200
328074,0,30,1,2,0,1,14,2,0,0,0,23,0,1,7,0,1,0,0,200,200
328075,0,35,1,2,0,1,10,5,0,0,0,32,19,0,6,200,1,0,5,200,200
328075,0,35,1,2,0,1,10,5,0,0,0,32,19,1,6,200,200,0,0,200,200
328075,0,35,1,2,0,1,10,5,0,0,0,32,19,1,200,200,0,200,200,200,200
328077,0,30,0,0,0,1,14,5,0,0,0,23,200,0,6,0,7,0,0,200,200
328077,0,30,0,0,0,1,14,5,0,0,0,23,200,0,9,0,0,0,0,200,200
328085,0,30,2,0,0,1,14,5,0,0,0,23,200,1,7,200,7,12,0,200,200
328085,0,30,2,0,0,1,14,5,0,0,0,23,200,0,5,200,0,0,0,200,200
328086,0,20,0,0,0,1,7,6,0,0,0,11,200,0,6,200,12,200,200,200,200
328087,0,30,0,0,0,1,0,5,0,0,0,0,0,0,6,200,1,0,0,200,200
328087,0,30,0,0,0,1,0,5,0,0,0,0,0,1,5,0,0,0,0,200,200
328094,0,30,0,0,0,1,12,2,0,0,0,0,0,0,200,200,12,200,200,200,200
328094,0,30,0,0,0,1,12,2,0,0,0,0,0,0,3,200,0,200,0,200,200
328095,0,25,0,0,0,1,10,2,0,0,0,0,0,0,4,0,1,0,0,200,200
328095,0,25,0,0,0,1,10,2,0,0,0,0,0,1,6,0,0,0,0,200,200
328095,0,25,0,0,0,1,10,2,0,0,0,0,0,1,200,0,0,0,0,200,200
328095,0,25,0,0,0,1,10,2,0,0,0,0,0,1,5,0,0,0,0,200,200
328099,0,30,1,2,0,1,14,2,0,0,0,33,17,1,200,200,1,1,0,200,200
328099,0,30,1,2,0,1,14,2,0,0,0,33,17,0,5,0,0,1,0,200,200
328104,0,35,1,200,0,1,9,5,0,0,0,17,0,2,200,200,200,200,200,200,200
328104,5,35,1,200,0,1,9,5,0,0,0,17,0,200,6,200,200,200,0,200,200
328110,0,20,0,0,0,1,12,6,0,0,0,0,0,0,7,0,2,0,0,200,200
328110,0,20,0,0,0,1,12,6,0,0,0,0,0,0,5,0,0,0,0,200,200
328112,0,30,0,0,0,1,10,12,0,0,0,200,200,0,200,200,0,200,200,200,200
328112,0,30,0,0,0,1,10,12,0,0,0,200,200,0,6,200,0,0,0,200,200
328117,0,30,0,0,0,1,7,0,0,0,0,0,0,1,6,0,200,0,0,200,200
328118,0,30,1,2,0,1,14,5,0,0,0,8,200,0,9,0,12,0,0,200,200
328118,0,30,1,2,0,1,14,5,0,0,0,8,200,0,6,0,0,0,0,200,200
328118,0,30,1,2,0,1,14,5,0,0,0,8,200,0,6,0,0,0,0,200,200
328119,0,30,0,0,0,1,10,5,0,0,0,18,18,0,6,200,3,0,0,200,200
328119,0,30,0,0,0,1,10,5,0,0,0,18,18,0,6,0,0,0,0,200,200
328120,0,10,0,0,0,1,7,5,0,0,0,0,0,0,200,200,200,200,200,200,200
328121,0,30,1,12,0,1,0,5,0,0,0,0,0,1,200,200,12,200,200,200,200
328121,0,30,1,12,0,1,0,5,0,0,0,0,0,1,200,200,0,0,0,200,200
328122,0,30,1,2,0,1,0,5,0,0,0,6,200,1,6,200,5,200,200,200,200
328122,0,30,1,2,0,1,0,5,0,0,0,6,200,0,6,7,200,200,0,200,200
328126,0,30,0,0,0,1,10,6,0,0,0,11,200,0,5,0,6,12,200,200,200
328126,0,30,0,0,0,1,10,6,0,0,0,11,200,0,6,0,0,0,200,200,200
328131,0,30,2,2,0,1,0,6,0,0,0,17,0,0,8,0,12,0,0,200,200
328131,0,30,2,2,0,1,0,6,0,0,0,17,0,1,5,0,1,5,0,200,200
328133,0,30,200,200,200,200,7,5,0,200,200,0,200,2,200,200,200,200,200,200,200
328137,0,30,0,0,0,1,7,5,0,0,3,15,29,0,5,0,8,0,0,200,200
328137,1,30,0,0,0,1,7,5,0,0,3,15,29,0,4,0,200,200,200,200,200
328137,1,30,0,0,0,1,7,5,0,0,3,15,29,0,4,0,200,200,200,200,200
328141,0,30,0,0,0,1,7,7,0,0,0,0,0,0,8,0,0,0,0,200,200
328142,0,30,0,0,0,1,7,6,0,0,0,25,200,0,200,200,12,200,200,200,200
328144,0,30,0,0,0,1,12,5,0,0,0,0,0,0,200,200,13,200,200,200,200
328144,0,30,0,0,0,1,12,5,0,0,0,0,0,1,5,0,12,0,0,200,200
328144,1,30,0,0,0,1,12,5,0,0,0,0,0,1,4,0,200,200,200,200,200
328145,0,30,2,2,0,1,7,3,0,0,0,11,11,1,5,0,2,0,0,200,200
328145,1,30,2,2,0,1,7,3,0,0,0,11,11,0,5,200,200,200,200,200,200
328146,0,10,200,200,200,200,12,200,0,200,200,0,0,0,7,200,200,200,200,200,200
328146,0,10,200,200,200,200,12,200,0,200,200,0,0,1,7,200,200,200,200,200,200
328147,0,30,0,0,0,1,10,5,0,0,0,0,0,0,200,200,12,200,0,200,200
328147,0,30,0,0,0,1,10,5,0,0,0,0,0,0,200,200,0,0,0,200,200
328147,1,30,0,0,0,1,10,5,0,0,0,0,0,1,200,200,200,200,200,200,200
328147,1,30,0,0,0,1,10,5,0,0,0,0,0,0,200,200,200,200,200,200,200
328147,1,30,0,0,0,1,10,5,0,0,0,0,0,1,200,200,200,200,200,200,200
328155,0,30,1,2,0,1,14,5,0,0,200,17,23,0,6,200,1,200,200,200,200
328155,0,30,1,2,0,1,14,5,0,0,200,17,23,1,6,0,0,0,0,200,200
328155,1,30,1,2,0,1,14,5,0,0,200,17,23,1,3,0,200,200,200,200,200
328155,1,30,1,2,0,1,14,5,0,0,200,17,23,1,0,5,200,200,200,200,200
328156,0,30,0,0,0,1,10,5,0,0,0,16,0,1,200,200,8,200,200,200,200
328156,0,30,0,0,0,1,10,5,0,0,0,16,0,0,7,0,0,0,0,200,200
328157,0,30,200,200,0,4,12,5,0,200,200,21,22,1,5,200,4,200,200,200,200
328157,0,30,200,200,0,4,12,5,0,200,200,21,22,1,6,0,200,200,200,200,200
328157,1,30,200,200,0,4,12,5,0,200,200,21,22,1,200,200,200,200,200,200,200
328161,0,30,0,0,0,1,8,2,0,0,0,16,17,0,5,200,1,0,0,200,200
328161,4,30,0,0,0,1,8,2,0,0,0,16,17,0,6,200,0,0,0,200,200
328162,0,30,2,2,0,1,14,6,0,1,0,8,6,1,200,200,5,200,200,200,200
328162,0,30,2,2,0,1,14,6,0,1,0,8,6,1,6,0,0,0,0,200,200
328162,0,30,2,2,0,1,14,6,0,1,0,8,6,1,6,0,0,0,0,200,200
328162,1,30,2,2,0,1,14,6,0,1,0,8,6,1,200,0,200,200,200,200,200
328162,1,30,2,2,0,1,14,6,0,1,0,8,6,0,200,0,200,200,200,200,200
328163,0,30,0,0,0,1,10,2,0,0,0,16,18,0,200,200,3,200,200,200,200
328163,0,30,0,0,0,1,10,2,0,0,0,16,18,1,4,0,0,0,0,200,200
328163,1,30,0,0,0,1,10,2,0,0,0,16,18,1,3,0,200,200,200,200,200
328163,1,30,0,0,0,1,10,2,0,0,0,16,18,1,3,0,200,200,200,200,200
328166,0,30,0,0,0,1,7,6,0,0,0,0,0,2,200,200,200,200,200,200,200
328171,0,30,0,0,0,1,14,6,0,0,0,17,17,1,7,200,1,200,0,200,200
328171,0,30,0,0,0,1,14,6,0,0,0,17,17,1,5,0,0,200,0,200,200
328176,0,30,2,1,0,1,0,5,0,0,0,11,200,1,5,0,0,0,0,200,200
328176,0,30,2,1,0,1,0,5,0,0,0,11,200,0,8,0,0,1,0,200,200
328177,0,30,1,2,0,1,10,2,0,0,0,18,0,1,6,0,3,0,0,200,200
328177,0,30,1,2,0,1,10,2,0,0,0,18,0,0,8,200,0,0,0,200,200
328177,0,30,1,2,0,1,10,2,0,0,0,18,0,0,6,0,0,0,0,200,200
328178,0,30,0,0,0,1,10,5,0,0,0,18,18,0,5,0,1,0,0,200,200
328178,0,30,0,0,0,1,10,5,0,0,0,18,18,0,5,0,0,0,0,200,200
328180,0,10,0,0,0,1,4,7,0,0,0,200,200,1,6,0,0,0,0,200,200
328181,0,30,1,2,0,1,14,5,1,0,0,23,0,0,7,0,7,0,0,200,200
328181,0,30,1,2,0,1,14,5,1,0,0,23,0,1,5,0,0,0,0,200,200
328181,1,30,1,2,0,1,14,5,1,0,0,23,0,0,200,0,200,200,200,200,200
328183,0,30,2,2,0,1,0,5,0,0,0,17,16,0,5,0,1,0,0,200,200
328183,0,30,2,2,0,1,0,5,0,0,0,17,16,0,4,0,8,0,0,200,200
328183,1,30,2,2,0,1,0,5,0,0,0,17,16,1,3,0,200,200,200,200,200
328185,0,30,0,0,0,1,7,2,0,0,0,0,0,2,200,200,200,200,200,200,200
328185,1,30,0,0,0,1,7,2,0,0,0,0,0,1,5,200,200,200,200,200,200
328188,0,30,0,0,0,1,7,5,0,0,0,18,200,2,200,200,200,200,200,200,200
328189,0,30,2,2,0,1,0,2,0,0,0,17,17,1,6,0,1,1,0,200,200
328189,0,30,2,2,0,1,0,2,0,0,0,17,17,1,8,0,0,0,0,200,200
328189,1,30,2,2,0,1,0,2,0,0,0,17,17,0,2,5,200,200,200,200,200
328194,0,30,0,0,0,1,12,5,0,0,0,21,200,2,200,200,4,200,200,200,200
328194,0,30,0,0,0,1,12,5,0,0,0,21,200,1,6,0,0,0,0,200,200
328196,0,40,0,0,0,1,10,3,0,0,0,0,0,1,200,200,200,200,200,200,200
328196,0,40,0,0,0,1,10,3,0,0,0,0,0,1,200,0,200,0,0,200,200
328197,0,30,200,200,0,1,8,5,0,200,200,22,21,1,200,200,7,200,200,200,200
328197,4,30,200,200,0,1,8,5,0,200,200,22,21,0,6,200,12,12,200,200,200
328201,0,30,0,0,0,1,12,6,0,0,0,21,16,0,6,200,4,200,200,200,200
328201,0,30,0,0,0,1,12,6,0,0,0,21,16,1,6,0,0,0,0,200,200
328201,1,30,0,0,0,1,12,6,0,0,0,21,16,1,6,200,200,200,200,200,200
328201,1,30,0,0,0,1,12,6,0,0,0,21,16,1,2,0,200,200,200,200,200
328201,1,30,0,0,0,1,12,6,0,0,0,21,16,0,1,0,200,200,200,200,200
328203,0,30,0,0,0,1,3,5,0,0,0,0,21,0,9,0,200,200,0,200,200
328203,0,30,0,0,0,1,3,5,0,0,0,0,21,1,7,0,1,200,0,200,200
328206,0,30,2,2,0,1,10,5,0,0,0,0,0,2,200,200,200,200,200,200,200
328206,0,30,2,2,0,1,10,5,0,0,0,0,0,0,6,0,12,1,0,200,200
328206,0,30,2,2,0,1,10,5,0,0,0,0,0,0,8,0,200,1,0,200,200
328209,0,30,0,0,0,1,0,7,0,0,0,20,0,1,200,200,6,200,200,200,200
328209,0,30,0,0,0,1,0,7,0,0,0,20,0,1,6,0,0,0,0,200,200
328213,0,30,0,0,0,1,14,2,0,0,0,17,200,1,5,0,1,0,0,200,200
328213,0,30,0,0,0,1,14,2,0,0,0,17,200,0,6,0,0,0,0,200,200
328213,1,30,0,0,0,1,14,2,0,0,0,17,200,0,6,0,200,200,200,200,200
328216,0,30,0,0,0,1,7,5,0,0,0,19,25,0,5,200,12,200,3,200,200
328221,0,15,0,0,0,1,0,0,0,0,0,17,0,1,3,0,1,0,0,200,200
328221,0,15,0,0,0,1,0,0,0,0,0,17,0,1,6,0,0,0,0,200,200
328221,1,15,0,0,0,1,0,0,0,0,0,17,0,1,3,0,200,200,200,200,200
328223,0,30,1,2,0,1,10,5,0,0,0,0,0,0,6,0,6,1,0,200,200
328223,0,30,1,2,0,1,10,5,0,0,0,0,0,0,5,0,0,0,0,200,200
328225,0,30,0,0,0,1,12,5,0,0,0,0,0,0,7,0,1,0,0,200,200
328225,0,30,0,0,0,1,12,5,0,0,0,0,0,0,6,0,0,0,0,200,200
328227,0,15,0,0,0,1,7,6,0,0,0,0,0,0,200,200,200,200,200,200,200
328228,0,30,2,2,0,1,11,12,0,0,0,0,0,1,6,200,9,200,200,200,200
328229,0,30,1,2,0,1,12,5,0,0,200,22,0,1,6,200,2,200,200,200,200
328229,0,30,1,2,0,1,12,5,0,0,200,22,0,1,6,0,0,200,0,200,200
328235,0,30,0,0,0,1,7,3,0,0,0,27,16,0,6,0,12,200,200,200,200
328235,1,30,0,0,0,1,7,3,0,0,0,27,16,0,4,200,200,200,200,200,200
328235,1,30,0,0,0,1,7,3,0,0,0,27,16,0,3,7,200,200,200,200,200
328239,0,30,0,0,0,1,12,200,0,0,0,0,0,0,5,0,200,0,0,200,200
328239,0,30,0,0,0,1,12,200,0,0,0,0,0,0,5,0,0,0,0,200,200
328241,0,30,1,2,0,1,10,5,0,200,200,11,18,1,200,200,12,200,200,200,200
328241,0,30,1,2,0,1,10,5,0,200,200,11,18,0,6,0,200,200,200,200,200
328243,0,30,0,0,0,1,0,7,0,0,0,20,20,1,7,0,6,0,0,200,200
328243,0,30,0,0,0,1,0,7,0,0,0,20,20,0,200,0,0,200,0,200,200
328245,0,30,1,2,0,1,14,5,0,0,0,21,23,0,7,0,7,0,0,200,200
328245,0,30,1,2,0,1,14,5,0,0,0,21,23,0,7,0,0,0,0,200,200
328246,0,30,0,0,0,1,10,5,0,0,0,18,200,0,5,0,3,0,0,200,200
328246,0,30,0,0,0,1,10,5,0,0,0,18,200,1,5,0,0,0,0,200,200
328246,0,30,0,0,0,1,10,5,0,0,0,18,200,0,7,0,0,0,0,200,200
328248,0,30,0,0,0,1,14,5,0,0,0,17,200,0,7,200,1,200,200,200,200
328248,0,30,0,0,0,1,14,5,0,0,0,17,200,0,5,0,0,0,0,200,200
328251,0,30,0,0,0,1,0,0,0,0,0,17,200,0,6,0,1,3,0,200,200
328251,0,30,0,0,0,1,0,0,0,0,0,17,200,1,6,0,0,0,0,200,200
328251,1,30,0,0,0,1,0,0,0,0,0,17,200,0,6,0,200,200,200,200,200
328251,1,30,0,0,0,1,0,0,0,0,0,17,200,0,3,0,200,200,200,200,200
328251,1,30,0,0,0,1,0,0,0,0,0,17,200,0,2,0,200,200,200,200,200
328251,1,30,0,0,0,1,0,0,0,0,0,17,200,1,2,0,200,200,200,200,200
328252,4,30,0,0,0,1,8,2,0,0,0,17,200,0,6,2,0,0,200,200,200
328252,1,30,0,0,0,1,8,2,0,0,0,17,200,0,200,200,200,200,200,200,200
328252,1,30,0,0,0,1,8,2,0,0,0,17,200,0,200,1,200,200,200,200,200
328260,0,30,0,0,0,1,7,5,0,0,0,0,0,2,200,200,200,200,200,200,200
328276,0,30,0,0,0,1,12,5,0,0,0,0,0,0,200,200,200,200,200,200,200
328276,0,30,0,0,0,1,12,5,0,0,0,0,0,0,6,0,0,0,0,200,200
328277,0,30,2,2,0,1,14,2,0,0,0,17,200,0,5,0,1,0,0,200,200
328277,0,30,2,2,0,1,14,2,0,0,0,17,200,1,6,200,0,0,0,200,200
328279,0,30,1,2,0,1,10,2,0,200,12,18,16,1,6,0,3,200,0,200,200
328279,0,30,1,2,0,1,10,2,0,200,12,18,16,0,6,0,0,200,0,200,200
328279,1,30,1,2,0,1,10,2,0,200,12,18,16,1,5,0,200,200,200,200,200
328279,1,30,1,2,0,1,10,2,0,200,12,18,16,0,2,0,200,200,200,200,200
328279,1,30,1,2,0,1,10,2,0,200,12,18,16,0,2,0,200,200,200,200,200
328286,0,30,1,2,0,1,12,2,0,0,0,22,0,0,200,0,2,0,0,200,200
328286,0,30,1,2,0,1,12,2,0,0,0,22,0,0,200,0,12,0,0,200,200
328288,0,30,1,2,0,1,10,5,0,0,0,20,11,1,5,200,6,200,0,200,200
328288,0,30,1,2,0,1,10,5,0,0,0,20,11,0,7,200,0,0,0,200,200
328288,0,30,1,2,0,1,10,5,0,0,0,20,11,1,6,0,0,0,0,200,200
328296,0,30,200,200,0,1,10,5,0,0,200,0,200,1,200,200,200,200,200,200,200
328296,0,30,200,200,0,1,10,5,0,0,200,0,200,1,5,200,200,200,0,200,200
328300,0,30,2,2,0,1,0,5,0,0,0,17,17,1,6,7,1,0,0,200,200
328300,0,30,2,2,0,1,0,5,0,0,0,17,17,0,6,7,0,0,0,200,200
328301,0,5,0,0,0,1,2,7,0,0,0,20,0,2,200,200,6,200,200,200,200
328312,0,30,0,0,0,1,10,5,0,0,0,16,200,2,200,200,3,200,200,200,200
328312,0,30,0,0,0,1,10,5,0,0,0,16,200,0,6,0,0,0,200,200,200
328320,0,30,200,200,0,1,14,5,0,0,200,0,200,0,5,200,200,200,0,200,200
328320,0,30,200,200,0,1,14,5,0,0,200,0,200,0,5,200,200,200,0,200,200