RD_NO,PERSON_TYPE,POSTED_SPEED_LIMIT,TRAFFIC_CONTROL_DEVICE,DEVICE_CONDITION,WEATHER_CONDITION,LIGHTING_CONDITION,FIRST_CRASH_TYPE,TRAFFICWAY_TYPE,ALIGNMENT,ROADWAY_SURFACE_COND,ROAD_DEFECT,PRIM_CONTRIBUTORY_CAUSE,SEC_CONTRIBUTORY_CAUSE,SEX,AGE,SAFETY_EQUIPMENT,DRIVER_ACTION,DRIVER_VISION,PHYSICAL_CONDITION,BAC_RESULT VALUE,CELL_PHONE_USE
328320,0,30,200,200,0,1,14,5,0,0,200,0,200,1,6,200,200,200,0,200,200
328321,0,10,0,0,0,1,12,12,0,0,0,20,11,1,4,200,6,0,0,200,200
328321,0,10,0,0,0,1,12,12,0,0,0,20,11,1,6,200,0,0,0,200,200
328322,0,30,0,0,0,1,0,5,0,200,200,22,22,1,6,200,2,200,200,200,200
328322,0,30,0,0,0,1,0,5,0,200,200,22,22,0,6,0,12,200,0,200,200
328322,1,30,0,0,0,1,0,5,0,200,200,22,22,0,200,0,200,200,200,200,200
328322,1,30,0,0,0,1,0,5,0,200,200,22,22,1,200,0,200,200,200,200,200
328326,0,35,0,0,0,1,7,7,0,0,0,200,200,0,200,200,200,200,200,200,200
328330,0,30,0,0,0,1,10,2,0,0,0,18,0,0,5,0,1,0,0,200,200
328330,0,30,0,0,0,1,10,2,0,0,0,18,0,0,6,0,0,0,0,200,200
328330,1,30,0,0,0,1,10,2,0,0,0,18,0,2,200,0,200,200,200,200,200
328332,0,30,2,2,0,1,0,5,0,0,0,11,16,1,6,200,1,0,0,200,200
328332,0,30,2,2,0,1,0,5,0,0,0,11,16,1,7,200,1,200,0,200,200
328333,0,30,0,0,0,1,7,6,0,0,0,22,200,0,200,200,2,200,200,200,200
328335,0,0,2,2,0,1,10,200,0,0,0,18,0,0,4,200,3,200,200,200,200
328335,0,0,2,2,0,1,10,200,0,0,0,18,0,1,6,0,0,0,0,200,200
328338,0,25,0,0,0,4,7,5,0,0,0,11,200,0,3,0,12,0,0,200,200
328339,4,30,1,2,0,2,8,5,0,0,0,3,200,0,5,2,5,0,0,200,200
328339,0,30,1,2,0,2,8,5,0,0,0,3,200,1,5,0,0,0,0,200,200
328341,0,25,0,0,0,3,10,2,0,0,0,0,0,1,200,0,1,0,0,200,200
328341,0,25,0,0,0,3,10,2,0,0,0,0,0,1,5,0,0,0,0,200,200
328344,0,30,0,0,0,1,7,12,0,0,0,20,200,1,200,200,6,200,200,200,200
328353,0,30,1,2,0,1,0,5,0,0,0,6,16,0,200,200,5,0,0,200,200
328353,0,30,1,2,0,1,0,5,0,0,0,6,16,1,200,0,0,0,0,200,200
328358,0,30,0,0,0,1,10,5,0,0,0,200,200,0,6,0,0,0,0,200,200
328358,0,30,0,0,0,1,10,5,0,0,0,200,200,0,6,0,0,0,0,200,200
328364,0,30,0,0,0,1,12,5,0,0,0,21,0,1,5,0,3,0,0,200,200
328364,0,30,0,0,0,1,12,5,0,0,0,21,0,0,7,0,0,0,0,200,200
328371,0,30,1,2,0,1,12,6,0,0,0,23,200,0,5,0,0,0,0,200,200
328371,1,30,1,2,0,1,12,6,0,0,0,23,200,1,5,0,200,200,200,200,200
328371,1,30,1,2,0,1,12,6,0,0,0,23,200,1,5,0,200,200,200,200,200
328371,1,30,1,2,0,1,12,6,0,0,0,23,200,1,200,0,200,200,200,200,200
328371,0,30,1,2,0,1,12,6,0,0,0,23,200,1,6,0,7,0,0,200,200
328374,0,30,1,2,0,1,14,5,0,0,0,0,0,1,200,200,12,200,200,200,200
328374,0,30,1,2,0,1,14,5,0,0,0,0,0,0,200,200,0,0,0,200,200
328375,0,30,1,2,0,1,10,5,0,0,0,30,200,0,200,200,11,200,200,200,200
328375,0,30,1,2,0,1,10,5,0,0,0,30,200,0,6,200,0,200,0,200,200
328381,0,20,0,0,0,1,0,7,0,0,0,20,0,0,6,0,6,0,0,200,200
328382,0,30,200,200,0,1,0,5,0,0,0,0,0,0,7,0,200,0,0,200,200
328382,0,30,200,200,0,1,0,5,0,0,0,0,0,0,6,0,200,0,0,200,200
328385,0,30,0,0,0,1,7,5,0,0,0,0,0,0,200,200,12,200,200,200,200
328385,1,30,0,0,0,1,7,5,0,0,0,0,0,0,200,200,200,200,200,200,200
328385,1,30,0,0,0,1,7,5,0,0,0,0,0,0,200,200,200,200,200,200,200
328388,0,25,0,0,0,1,0,2,0,0,0,0,0,0,7,0,1,0,0,200,200
328388,0,25,0,0,0,1,0,2,0,0,0,0,0,1,3,0,0,0,0,200,200
328392,0,30,1,0,0,1,0,3,0,0,0,17,0,0,5,200,1,200,0,200,200
328392,0,30,1,0,0,1,0,3,0,0,0,17,0,1,5,0,0,0,0,200,200
328392,1,30,1,0,0,1,0,3,0,0,0,17,0,1,5,0,200,200,200,200,200
328393,0,25,0,0,0,1,7,6,0,0,200,0,0,2,200,200,200,200,200,200,200
328397,0,30,0,0,0,1,14,5,0,0,0,18,200,0,7,0,0,0,0,200,200
328397,0,30,0,0,0,1,14,5,0,0,0,18,200,1,5,0,0,0,0,200,200
328397,1,30,0,0,0,1,14,5,0,0,0,18,200,2,200,200,200,200,200,200,200
328397,1,30,0,0,0,1,14,5,0,0,0,18,200,2,200,200,200,200,200,200,200
328397,1,30,0,0,0,1,14,5,0,0,0,18,200,2,200,200,200,200,200,200,200
328397,1,30,0,0,0,1,14,5,0,0,0,18,200,2,200,200,200,200,200,200,200
328399,0,30,0,0,0,2,14,5,0,0,0,23,23,0,8,7,7,0,0,200,200
328399,0,30,0,0,0,2,14,5,0,0,0,23,23,0,200,7,0,0,0,200,200
328400,0,30,0,0,0,4,10,2,0,0,200,21,0,1,200,200,4,200,0,200,200
328400,0,30,0,0,0,4,10,2,0,0,200,21,0,1,5,0,0,0,0,200,200
328402,0,30,0,0,0,2,10,5,0,0,0,200,200,0,200,200,0,0,0,200,200
328402,0,30,0,0,0,2,10,5,0,0,0,200,200,0,5,0,0,0,0,200,200
328402,0,30,0,0,0,2,10,5,0,0,0,200,200,1,200,200,0,200,200,200,200
328410,0,30,0,0,0,1,12,3,0,0,0,22,0,0,5,0,1,0,0,200,200
328410,0,30,0,0,0,1,12,3,0,0,0,22,0,0,6,0,0,0,0,200,200
328410,1,30,0,0,0,1,12,3,0,0,0,22,0,1,5,0,200,200,200,200,200
328411,0,20,0,0,0,1,10,5,0,0,0,18,11,0,7,0,3,0,0,200,200
328411,0,20,0,0,0,1,10,5,0,0,0,18,11,0,5,200,0,200,200,200,200
328415,0,15,0,0,0,1,10,7,0,0,200,0,0,1,3,200,12,200,0,200,200
328415,0,15,0,0,0,1,10,7,0,0,200,0,0,0,7,0,0,0,0,200,200
328415,1,15,0,0,0,1,10,7,0,0,200,0,0,1,200,200,200,200,200,200,200
328416,0,25,0,0,0,1,12,2,0,0,0,0,0,1,3,0,1,0,0,200,200
328416,0,25,0,0,0,1,12,2,0,0,0,0,0,0,6,0,0,0,0,200,200
328423,0,30,0,0,0,1,10,5,0,0,200,16,0,1,5,0,3,200,200,200,200
328423,0,30,0,0,0,1,10,5,0,0,200,16,0,0,6,0,0,0,0,200,200
328423,0,30,0,0,0,1,10,5,0,0,200,16,0,0,6,0,0,0,0,200,200
328427,0,30,0,0,0,1,7,5,0,0,0,11,27,1,7,7,12,0,0,200,200
328434,0,30,0,0,0,1,10,5,0,0,0,18,18,0,7,0,3,0,0,200,200
328434,0,30,0,0,0,1,10,5,0,0,0,18,18,1,6,0,0,0,0,200,200
328439,0,30,12,12,0,4,9,5,0,0,0,17,32,1,9,200,1,200,0,200,200
328439,5,30,12,12,0,4,9,5,0,0,0,17,32,0,8,7,0,0,7,200,200
328443,0,30,0,0,0,4,0,4,0,200,200,20,20,0,6,200,6,200,200,200,200
328443,0,30,0,0,0,4,0,4,0,200,200,20,20,1,7,0,12,200,0,200,200
328443,1,30,0,0,0,4,0,4,0,200,200,20,20,1,200,200,200,200,200,200,200
328443,1,30,0,0,0,4,0,4,0,200,200,20,20,1,5,0,200,200,200,200,200
328446,0,30,0,0,0,1,7,5,0,0,0,21,200,0,5,0,12,0,0,200,200
328448,0,0,0,0,0,2,14,5,0,0,0,17,200,2,200,200,1,200,200,200,200
328448,0,0,0,0,0,2,14,5,0,0,0,17,200,1,6,200,200,0,0,200,200
328458,0,30,2,2,0,3,0,5,0,0,0,17,0,0,5,200,0,200,0,200,200
328458,0,30,2,2,0,3,0,5,0,0,0,17,0,1,5,200,1,200,0,200,200
328459,0,30,1,2,0,4,12,2,0,0,0,11,200,0,6,0,4,200,0,200,200
328459,0,30,1,2,0,4,12,2,0,0,0,11,200,0,0,0,0,0,0,200,200
328462,4,30,0,0,0,0,8,6,0,0,0,25,200,0,5,200,12,200,200,200,200
328465,0,30,8,2,0,3,7,2,0,0,0,16,0,0,6,200,8,0,3,200,200
328467,0,15,0,0,0,3,2,7,0,0,0,14,0,0,6,2,8,0,0,200,200
328468,0,30,0,0,0,3,7,5,0,0,0,0,200,0,7,0,200,0,0,200,200
328468,5,30,0,0,0,3,7,5,0,0,0,0,200,1,6,200,0,0,0,200,200
328468,1,30,0,0,0,3,7,5,0,0,0,0,200,0,6,0,200,200,200,200,200
328469,0,35,0,0,0,3,7,7,0,0,0,0,200,2,200,200,200,200,200,200,200
328479,0,30,200,0,0,1,7,5,0,0,200,0,200,1,200,200,200,200,200,200,200
328480,0,30,0,0,0,1,14,2,0,0,0,200,200,0,5,200,1,200,200,200,200
328480,0,30,0,0,0,1,14,2,0,0,0,200,200,1,6,200,200,200,0,200,200
328480,1,30,0,0,0,1,14,2,0,0,0,200,200,200,0,200,200,200,200,200,200
328483,0,30,1,2,0,3,14,5,0,0,0,17,200,0,5,200,0,0,0,200,200
328483,0,30,1,2,0,3,14,5,0,0,0,17,200,0,8,200,1,0,0,200,200
328500,0,15,0,0,0,1,11,5,0,0,200,25,200,0,5,200,12,200,200,200,200
328500,0,15,0,0,0,1,11,5,0,0,200,25,200,1,5,0,0,0,0,200,200
328506,0,30,0,0,0,0,14,5,0,200,200,17,22,0,5,0,0,0,0,200,200
328506,0,30,0,0,0,0,14,5,0,200,200,17,22,0,200,200,7,200,200,200,200
328510,0,15,0,2,0,3,14,6,0,0,0,10,16,0,200,200,9,200,200,200,200
328510,0,15,0,2,0,3,14,6,0,0,0,10,16,1,6,0,0,0,0,200,200
328513,0,30,0,0,0,1,7,5,0,0,0,0,0,2,200,200,200,200,200,200,200
328516,0,35,0,0,0,3,10,7,0,0,0,20,0,0,200,200,6,200,200,200,200
328516,0,35,0,0,0,3,10,7,0,0,0,20,0,0,6,0,6,0,0,200,200
328519,0,30,0,0,0,4,7,6,0,0,0,200,200,2,200,200,0,200,200,200,200
328521,0,30,1,2,0,3,10,5,0,0,0,16,200,1,5,200,1,0,0,200,200
328521,0,30,1,2,0,3,10,5,0,0,0,16,200,1,7,200,0,0,0,200,200
328521,1,30,1,2,0,3,10,5,0,0,0,16,200,0,6,200,200,200,200,200,200
328525,0,30,0,0,0,0,14,5,0,0,0,17,18,0,200,7,1,0,0,200,200
328525,0,30,0,0,0,0,14,5,0,0,0,17,18,0,5,7,0,0,0,200,200
328533,0,30,0,0,0,3,7,6,0,0,0,20,0,0,7,200,6,200,200,200,200
328539,0,30,0,0,0,3,12,3,0,0,0,0,0,0,5,200,4,200,200,200,200
328539,0,30,0,0,0,3,12,3,0,0,0,0,0,0,5,0,0,0,0,200,200
328541,0,30,0,0,0,4,10,5,0,0,0,30,200,0,7,200,11,200,200,200,1
328541,0,30,0,0,0,4,10,5,0,0,0,30,200,1,5,200,0,200,0,200,200
328541,1,30,0,0,0,4,10,5,0,0,0,30,200,0,200,200,200,200,200,200,200
328543,0,30,1,2,0,0,14,2,0,0,0,17,16,0,5,0,1,0,0,200,200
328543,0,30,1,2,0,0,14,2,0,0,0,17,16,0,6,0,0,0,0,200,200
328543,1,30,1,2,0,0,14,2,0,0,0,17,16,0,5,0,200,200,200,200,200
328544,0,30,200,200,0,3,9,5,0,0,0,0,0,0,6,0,200,200,0,200,200
328544,5,30,200,200,0,3,9,5,0,0,0,0,0,1,5,7,200,200,200,200,200
328544,1,30,200,200,0,3,9,5,0,0,0,0,0,0,6,0,200,200,200,200,200
328545,0,30,1,2,0,3,10,8,2,0,0,18,200,0,5,200,3,0,0,200,200
328545,0,30,1,2,0,3,10,8,2,0,0,18,200,1,5,200,0,0,0,200,200
328546,0,35,0,0,0,3,12,5,0,0,0,17,11,0,5,0,4,0,0,200,200
328546,0,35,0,0,0,3,12,5,0,0,0,17,11,0,7,0,0,0,0,200,200
328548,0,30,0,0,0,3,12,6,0,0,0,21,200,0,7,0,12,0,0,200,200
328548,0,30,0,0,0,3,12,6,0,0,0,21,200,0,7,0,0,0,0,200,200
328550,0,30,1,2,0,3,8,5,0,0,0,0,200,0,6,0,12,0,0,200,200
328550,4,30,1,2,0,3,8,5,0,0,0,0,200,0,6,3,200,200,0,200,200
328550,1,30,1,2,0,3,8,5,0,0,0,0,200,200,200,0,200,200,200,200,200
328553,0,30,1,2,0,3,12,2,0,0,0,0,0,1,5,0,4,0,0,200,200
328553,0,30,1,2,0,3,12,2,0,0,0,0,0,0,6,0,200,0,0,200,200
328553,1,30,1,2,0,3,12,2,0,0,0,0,0,1,6,0,200,200,200,200,200
328553,1,30,1,2,0,3,12,2,0,0,0,0,0,0,3,0,200,200,200,200,200
328553,1,30,1,2,0,3,12,2,0,0,0,0,0,0,1,0,200,200,200,200,200
328553,1,30,1,2,0,3,12,2,0,0,0,0,0,0,2,0,200,200,200,200,200
328553,1,30,1,2,0,3,12,2,0,0,0,0,0,0,200,0,200,200,200,200,200
328555,0,30,1,2,0,3,12,2,0,0,0,21,200,2,200,200,200,200,200,200,200
328555,0,30,1,2,0,3,12,2,0,0,0,21,200,1,5,200,0,0,0,200,200
328557,0,30,1,2,0,3,0,3,0,0,0,6,200,0,7,200,5,200,200,200,200
328557,0,30,1,2,0,3,0,3,0,0,0,6,200,1,6,200,0,0,0,200,200
328567,0,0,0,0,0,3,7,7,0,0,0,200,200,2,200,200,200,200,200,200,200
328570,0,30,1,2,0,3,10,5,0,0,0,18,200,0,200,200,3,200,200,200,200
328570,0,30,1,2,0,3,10,5,0,0,0,18,200,1,5,0,0,0,0,200,200
328575,0,30,1,2,0,3,0,5,0,0,0,0,200,0,7,0,200,200,200,200,200
328575,0,30,1,2,0,3,0,5,0,0,0,0,200,0,7,0,200,200,200,200,200
328575,1,30,1,2,0,3,0,5,0,0,0,0,200,200,200,0,200,200,200,200,200
328575,1,30,1,2,0,3,0,5,0,0,0,0,200,1,200,0,200,200,200,200,200
328575,1,30,1,2,0,3,0,5,0,0,0,0,200,0,2,0,200,200,200,200,200
328580,0,30,200,200,0,4,14,5,0,0,200,0,200,1,200,200,1,200,200,200,200
328580,0,30,200,200,0,4,14,5,0,0,200,0,200,1,4,200,200,200,1,200,200
328583,0,30,2,2,200,200,10,5,0,200,200,200,200,0,6,200,200,200,200,200,200
328583,0,30,2,2,200,200,10,5,0,200,200,200,200,0,6,200,200,200,200,200,200
328583,0,30,2,2,200,200,10,5,0,200,200,200,200,1,5,200,200,200,200,200,200
328583,1,30,2,2,200,200,10,5,0,200,200,200,200,0,6,200,200,200,200,200,200
328585,0,25,0,0,0,3,9,6,0,0,0,25,200,1,200,200,200,200,200,200,200
328585,5,25,0,0,0,3,9,6,0,0,0,25,200,1,4,7,0,0,0,200,200
328585,1,25,0,0,0,3,9,6,0,0,0,25,200,1,200,200,200,200,200,200,200
328593,0,30,0,0,0,3,10,5,0,0,0,18,200,0,200,200,3,200,200,200,200
328593,0,30,0,0,0,3,10,5,0,0,0,18,200,0,5,200,0,0,0,200,200
328595,0,30,0,0,0,3,12,3,0,0,0,21,200,1,200,200,4,200,200,200,200
328595,0,30,0,0,0,3,12,3,0,0,0,21,200,1,6,0,0,0,0,200,200
328605,0,45,0,0,0,3,4,3,0,0,1,29,200,0,6,200,0,0,0,200,200
328609,0,30,0,0,0,3,7,7,0,0,0,0,0,1,5,200,10,0,0,200,200
328611,0,30,1,2,0,3,12,6,0,0,0,0,0,0,6,0,12,0,0,200,200
328611,0,30,1,2,0,3,12,6,0,0,0,0,0,1,5,0,0,0,0,200,200
328637,0,30,0,200,0,3,2,5,0,200,200,14,200,0,5,200,200,200,0,200,200
328638,0,30,0,0,0,3,7,12,0,0,0,20,20,2,200,200,200,200,200,200,200
328643,0,30,1,2,0,3,14,5,0,0,0,0,0,1,6,0,12,0,0,200,200
328643,0,30,1,2,0,3,14,5,0,0,0,0,0,0,4,0,12,0,0,200,200
328643,1,30,1,2,0,3,14,5,0,0,0,0,0,0,5,0,200,200,200,200,200
328643,1,30,1,2,0,3,14,5,0,0,0,0,0,1,4,0,200,200,200,200,200
328648,0,40,0,0,0,3,10,3,0,0,0,18,11,0,6,200,3,0,0,200,200
328648,0,40,0,0,0,3,10,3,0,0,0,18,11,0,5,200,0,0,0,200,200
328648,0,40,0,0,0,3,10,3,0,0,0,18,11,0,3,200,0,0,0,200,200
328653,0,30,2,0,0,3,0,12,0,0,0,17,16,0,5,0,1,200,0,200,200
328653,0,30,2,0,0,3,0,12,0,0,0,17,16,1,4,0,200,200,0,200,200
328654,0,35,0,0,0,3,12,6,0,0,0,17,200,2,200,200,1,200,200,200,200
328654,0,35,0,0,0,3,12,6,0,0,0,17,200,0,7,200,0,0,0,200,200
328660,0,30,200,200,0,3,14,2,0,0,200,23,23,0,200,200,1,200,200,200,200
328660,0,30,200,200,0,3,14,2,0,0,200,23,23,0,4,200,0,0,0,200,200
328671,0,30,1,2,0,0,7,5,0,0,0,0,0,2,200,200,200,200,200,200,200
328676,0,30,1,2,0,3,10,3,0,0,0,18,16,0,6,0,3,0,0,200,200
328676,0,30,1,2,0,3,10,3,0,0,0,18,16,0,6,0,0,0,0,200,200
328677,0,30,1,2,0,3,10,2,0,0,0,0,0,0,200,200,200,200,200,200,200
328677,0,30,1,2,0,3,10,2,0,0,0,0,0,0,6,0,0,0,0,200,200
328678,0,30,0,0,0,3,7,2,0,0,0,0,200,0,5,200,12,0,200,200,200
328699,0,25,0,0,0,3,7,5,2,0,0,0,200,2,200,200,200,200,200,200,200
328703,0,30,0,0,0,3,7,6,0,0,0,200,0,2,200,200,200,200,200,200,200
328707,0,30,2,2,0,3,0,2,0,0,200,32,17,0,7,0,1,200,5,0.2,200
328707,0,30,2,2,0,3,0,2,0,0,200,32,17,1,5,0,0,0,1,200,200
328707,1,30,2,2,0,3,0,2,0,0,200,32,17,0,2,0,200,200,200,200,200
328707,1,30,2,2,0,3,0,2,0,0,200,32,17,1,0,5,200,200,200,200,200
328711,0,30,0,0,0,2,7,2,0,0,200,0,0,1,5,200,200,200,200,200,200
328718,0,25,0,0,0,3,10,5,0,0,200,18,18,0,7,200,3,0,200,200,200
328718,0,25,0,0,0,3,10,5,0,0,200,18,18,0,5,200,200,0,200,200,200
328718,0,25,0,0,0,3,10,5,0,0,200,18,18,2,200,200,200,200,200,200,200
328718,1,25,0,0,0,3,10,5,0,0,200,18,18,0,7,200,200,200,200,200,200
328726,0,30,1,2,0,3,9,6,0,0,0,0,0,0,7,200,200,200,0,200,200
328726,5,30,1,2,0,3,9,6,0,0,0,0,0,1,5,7,200,200,0,200,200
328727,0,30,2,2,0,3,2,5,3,0,0,16,32,0,7,0,200,200,5,0.16,200
328727,1,30,2,2,0,3,2,5,3,0,0,16,32,1,7,0,200,200,200,200,200
328729,0,20,2,2,0,3,0,6,0,0,0,5,200,0,7,200,1,0,0,200,200
328729,0,20,2,2,0,3,0,6,0,0,0,5,200,0,3,7,0,0,0,200,200
328729,1,20,2,2,0,3,0,6,0,0,0,5,200,1,200,200,200,200,200,200,200
328729,1,20,2,2,0,3,0,6,0,0,0,5,200,0,200,7,200,200,200,200,200
328729,1,20,2,2,0,3,0,6,0,0,0,5,200,200,200,7,200,200,200,200,200
328739,0,30,0,0,0,3,10,5,0,0,0,18,16,0,6,3,3,0,200,200,200
328739,0,30,0,0,0,3,10,5,0,0,0,18,16,0,7,200,0,0,0,200,200
328742,0,30,0,0,0,3,14,2,0,0,0,22,16,0,4,0,0,0,0,200,200
328742,0,30,0,0,0,3,14,2,0,0,0,22,16,0,9,0,2,0,0,200,200
328742,1,30,0,0,0,3,14,2,0,0,0,22,16,1,5,0,200,200,200,200,200
328745,0,30,200,200,0,3,7,5,0,0,0,0,0,0,5,0,200,0,0,200,200
328745,1,30,200,200,0,3,7,5,0,0,0,0,0,0,5,0,200,200,200,200,200
328749,0,30,1,3,0,3,12,5,0,0,0,0,0,0,200,200,200,200,200,200,200
328749,0,30,1,3,0,3,12,5,0,0,0,0,0,0,5,0,200,0,0,200,200
328757,0,30,2,2,0,3,0,5,0,0,200,17,200,1,6,200,1,200,200,200,200
328757,0,30,2,2,0,3,0,5,0,0,200,17,200,0,6,200,0,0,0,200,200
328764,0,30,0,0,0,3,0,5,0,0,0,17,14,0,5,200,1,0,0,200,200
328764,0,30,0,0,0,3,0,5,0,0,0,17,14,1,5,200,0,0,0,200,200
328764,1,30,0,0,0,3,0,5,0,0,0,17,14,1,6,200,200,200,200,200,200
328764,1,30,0,0,0,3,0,5,0,0,0,17,14,1,3,200,200,200,200,200,200
328764,1,30,0,0,0,3,0,5,0,0,0,17,14,1,3,200,200,200,200,200,200
328765,0,30,0,0,200,200,7,5,0,200,200,0,0,2,200,200,200,200,200,200,200
328766,0,30,0,0,0,3,12,6,0,0,0,0,0,1,6,0,200,0,0,200,200
328766,0,30,0,0,0,3,12,6,0,0,0,0,0,0,5,0,0,0,0,200,200
328770,0,25,2,200,0,200,9,200,0,0,0,0,0,2,200,200,200,200,200,200,200
328770,5,25,2,200,0,200,9,200,0,0,0,0,0,1,6,7,200,200,200,200,200
328774,0,20,0,0,0,3,7,6,0,0,0,25,18,2,200,200,12,200,200,200,200
328774,1,20,0,0,0,3,7,6,0,0,0,25,18,1,6,200,200,200,200,200,200
328781,0,20,0,0,0,0,7,6,0,0,0,16,14,1,5,0,8,0,0,200,200
328781,1,20,0,0,0,0,7,6,0,0,0,16,14,1,5,0,200,200,200,200,200
328788,0,25,0,200,0,3,9,6,0,0,200,16,0,2,200,200,200,200,200,200,200
328788,0,25,0,200,0,3,9,6,0,0,200,16,0,2,200,200,200,200,200,200,200
328788,5,25,0,200,0,3,9,6,0,0,200,16,0,0,6,7,0,200,200,200,200
328796,0,30,0,0,0,3,0,6,0,0,0,17,33,0,0,0,1,5,0,200,200
328796,0,30,0,0,0,3,0,6,0,0,0,17,33,0,200,200,0,200,200,200,200
328801,0,40,0,0,0,3,5,3,0,0,0,0,0,2,200,200,200,200,200,200,200
328807,0,15,0,0,0,3,11,0,0,0,3,11,11,0,200,200,2,200,200,200,200
328807,0,15,0,0,0,3,11,0,0,0,3,11,11,0,5,0,12,0,0,200,200
328808,0,35,3,0,0,3,12,5,0,0,0,22,18,1,5,200,2,0,200,200,200
328808,0,35,3,0,0,3,12,5,0,0,0,22,18,0,6,200,0,0,0,200,200
328810,1,30,2,2,0,0,0,5,0,0,0,17,0,200,200,0,200,200,200,200,200
328810,0,30,2,2,0,0,0,5,0,0,0,17,0,0,5,0,1,0,0,200,200
328810,0,30,2,2,0,0,0,5,0,0,0,17,0,0,200,200,0,200,200,200,200
328819,0,30,1,2,0,2,10,1,0,200,200,22,200,1,7,200,200,200,0,200,200
328819,0,30,1,2,0,2,10,1,0,200,200,22,200,2,200,200,2,200,200,200,200
328837,0,30,200,200,0,0,12,5,0,0,200,0,0,0,7,200,200,200,0,200,200
328837,0,30,200,200,0,0,12,5,0,0,200,0,0,0,7,200,200,200,0,200,200
328838,0,30,0,0,0,1,7,2,0,0,0,0,0,2,200,200,200,200,200,200,200
328849,0,30,0,0,0,3,7,5,0,0,0,7,9,0,7,200,12,200,0,200,200
328855,0,30,0,0,0,1,14,5,0,0,0,17,16,0,6,200,1,0,0,200,200
328855,0,30,0,0,0,1,14,5,0,0,0,17,16,0,6,200,0,0,0,200,200
328855,1,30,0,0,0,1,14,5,0,0,0,17,16,1,6,200,200,200,200,200,200
328855,1,30,0,0,0,1,14,5,0,0,0,17,16,1,6,200,200,200,200,200,200
328855,1,30,0,0,0,1,14,5,0,0,0,17,16,0,6,200,200,200,200,200,200
328858,0,30,12,0,0,1,2,2,2,0,0,27,16,1,8,0,12,0,2,200,200
328858,0,30,12,0,0,1,2,2,2,0,0,27,16,0,200,200,4,200,200,200,200
328871,0,35,0,0,0,1,2,5,0,0,0,11,200,1,5,1,12,0,0,200,200
328873,0,30,1,2,0,1,0,5,2,0,0,0,200,0,7,0,0,0,0,200,200
328873,0,30,1,2,0,1,0,5,2,0,0,0,200,1,6,0,0,0,0,200,200
328875,0,30,1,2,0,1,10,2,0,0,0,14,22,0,200,0,0,0,0,200,0
328875,0,30,1,2,0,1,10,2,0,0,0,14,22,0,6,200,2,200,200,200,1
328878,0,30,0,0,200,200,7,5,0,200,1,16,0,2,200,200,200,200,200,200,200
328879,0,30,0,0,0,1,10,5,0,0,0,0,200,0,6,0,0,0,0,200,200
328879,0,30,0,0,0,1,10,5,0,0,0,0,200,1,5,0,0,0,0,200,200
328879,1,30,0,0,0,1,10,5,0,0,0,0,200,0,6,0,200,200,200,200,200
328879,1,30,0,0,0,1,10,5,0,0,0,0,200,1,5,0,200,200,200,200,200
328879,1,30,0,0,0,1,10,5,0,0,0,0,200,1,6,0,200,200,200,200,200
328879,1,30,0,0,0,1,10,5,0,0,0,0,200,0,3,0,200,200,200,200,200
328879,1,30,0,0,0,1,10,5,0,0,0,0,200,0,3,0,200,200,200,200,200
328879,1,30,0,0,0,1,10,5,0,0,0,0,200,0,3,0,200,200,200,200,200
328885,0,30,0,0,0,1,0,6,0,0,0,0,200,0,5,200,0,0,0,200,200
328885,0,30,0,0,0,1,0,6,0,0,0,0,200,0,5,0,0,0,0,200,200
328895,0,30,0,0,0,0,7,5,0,0,0,0,0,1,200,200,200,200,200,200,200
328898,0,0,0,0,0,1,7,2,0,0,0,0,200,2,200,200,200,200,200,200,200
328905,0,30,0,0,0,1,7,5,0,0,0,11,16,0,5,200,12,0,0,200,200
328907,0,30,1,2,0,1,10,2,0,200,200,0,0,0,200,200,200,200,200,200,200
328907,0,30,1,2,0,1,10,2,0,200,200,0,0,1,5,1,0,0,0,200,200
328908,0,30,0,0,0,1,7,5,0,0,0,0,0,2,200,200,200,200,200,200,200
328913,0,30,1,2,0,1,12,2,0,0,0,21,21,0,6,0,1,0,0,200,200
328913,0,30,1,2,0,1,12,2,0,0,0,21,21,0,6,0,0,0,0,200,200
328915,0,30,0,0,0,1,7,6,0,0,0,27,200,1,5,0,12,0,2,200,200
328917,0,20,1,2,0,1,10,5,0,0,0,0,200,1,7,0,5,0,0,200,200
328917,0,20,1,2,0,1,10,5,0,0,0,0,200,0,8,0,0,0,0,200,200
328917,0,20,1,2,0,1,10,5,0,0,0,0,200,1,200,200,0,200,200,200,200
328920,0,30,0,0,0,1,10,5,0,0,0,18,14,0,0,0,3,0,0,200,200
328920,0,30,0,0,0,1,10,5,0,0,0,18,14,1,6,0,0,0,0,200,200
328920,0,30,0,0,0,1,10,5,0,0,0,18,14,1,7,0,0,0,0,200,200
328920,1,30,0,0,0,1,10,5,0,0,0,18,14,0,5,0,200,200,200,200,200
328920,1,30,0,0,0,1,10,5,0,0,0,18,14,1,3,0,200,200,200,200,200
328923,0,30,0,0,0,1,10,6,0,0,0,0,0,0,8,200,200,200,200,200,200