RD_NO,PERSON_TYPE,POSTED_SPEED_LIMIT,TRAFFIC_CONTROL_DEVICE,DEVICE_CONDITION,WEATHER_CONDITION,LIGHTING_CONDITION,FIRST_CRASH_TYPE,TRAFFICWAY_TYPE,ALIGNMENT,ROADWAY_SURFACE_COND,ROAD_DEFECT,PRIM_CONTRIBUTORY_CAUSE,SEC_CONTRIBUTORY_CAUSE,SEX,AGE,SAFETY_EQUIPMENT,DRIVER_ACTION,DRIVER_VISION,PHYSICAL_CONDITION,BAC_RESULT VALUE,CELL_PHONE_USE
329427,0,30,1,2,0,1,14,6,0,0,0,23,0,0,6,200,0,0,0,200,200
329429,0,30,2,2,0,1,0,2,0,0,0,16,200,0,200,200,12,200,200,200,200
329429,0,30,2,2,0,1,0,2,0,0,0,16,200,0,5,200,0,200,0,200,200
329429,1,30,2,2,0,1,0,2,0,0,0,16,200,0,5,200,200,200,200,200,200
329436,0,30,0,0,0,1,12,5,0,0,0,21,11,1,6,0,4,0,0,200,200
329436,0,30,0,0,0,1,12,5,0,0,0,21,11,0,6,0,8,0,0,200,200
329439,0,30,0,0,0,1,10,5,0,0,0,7,0,0,4,0,5,0,0,200,200
329439,0,30,0,0,0,1,10,5,0,0,0,7,0,1,7,0,0,0,0,200,200
329445,0,5,12,2,0,1,10,3,0,0,0,16,17,0,6,200,4,200,0,200,200
329445,0,5,12,2,0,1,10,3,0,0,0,16,17,0,7,200,0,0,0,200,200
329447,0,30,0,0,0,1,12,5,0,0,0,22,200,0,0,0,4,0,0,200,200
329447,0,30,0,0,0,1,12,5,0,0,0,22,200,0,5,0,0,0,0,200,200
329447,1,30,0,0,0,1,12,5,0,0,0,22,200,1,200,0,200,200,200,200,200
329447,1,30,0,0,0,1,12,5,0,0,0,22,200,2,200,0,200,200,200,200,200
329447,1,30,0,0,0,1,12,5,0,0,0,22,200,2,200,0,200,200,200,200,200
329450,0,30,0,0,0,1,7,5,0,0,0,200,200,1,4,0,0,0,0,200,200
329450,1,30,0,0,0,1,7,5,0,0,0,200,200,0,6,200,200,200,200,200,200
329453,0,30,1,2,0,1,10,2,0,0,0,18,0,0,6,0,3,200,0,200,200
329453,0,30,1,2,0,1,10,2,0,0,0,18,0,0,7,0,0,200,200,200,200
329453,1,30,1,2,0,1,10,2,0,0,0,18,0,0,2,0,200,200,200,200,200
329458,0,25,1,2,0,1,14,5,0,0,0,0,200,2,200,200,200,200,200,200,200
329458,0,25,1,2,0,1,14,5,0,0,0,0,200,0,7,0,0,0,0,200,200
329459,0,30,1,2,0,1,7,5,0,0,0,23,18,0,6,200,7,0,0,200,200
329460,0,30,0,0,0,1,10,5,0,0,0,0,0,2,200,200,200,200,200,200,200
329460,0,30,0,0,0,1,10,5,0,0,0,0,0,1,5,0,0,0,0,200,200
329463,0,30,0,200,0,1,9,2,0,0,3,200,200,2,200,200,200,200,200,200,200
329463,5,30,0,200,0,1,9,2,0,0,3,200,200,1,6,7,0,0,0,200,200
329467,0,35,1,2,0,1,14,5,0,0,200,23,0,0,6,200,7,200,200,200,200
329467,0,35,1,2,0,1,14,5,0,0,200,23,0,0,6,200,200,200,200,200,200
329475,0,30,0,0,0,1,14,5,0,0,0,17,200,0,6,200,1,200,200,200,200
329475,0,30,0,0,0,1,14,5,0,0,0,17,200,1,6,200,0,200,200,200,200
329478,0,30,1,2,0,1,14,2,0,0,0,22,22,1,5,3,2,0,0,200,200
329478,0,30,1,2,0,1,14,2,0,0,0,22,22,0,0,200,200,0,0,200,200
329479,0,30,1,2,0,1,14,5,0,0,0,17,16,0,5,0,1,0,0,200,200
329479,0,30,1,2,0,1,14,5,0,0,0,17,16,0,6,0,0,0,0,200,200
329480,0,15,0,0,0,1,7,0,0,0,0,22,0,0,5,0,2,0,0,200,200
329480,1,15,0,0,0,1,7,0,0,0,0,22,0,0,5,0,200,200,200,200,200
329481,0,30,1,2,0,1,10,2,0,0,0,18,18,0,4,0,3,0,0,200,200
329481,0,30,1,2,0,1,10,2,0,0,0,18,18,1,6,0,12,0,0,200,200
329481,1,30,1,2,0,1,10,2,0,0,0,18,18,1,3,0,200,200,200,200,200
329482,0,30,0,0,0,1,12,3,0,0,0,21,200,0,7,0,4,0,0,200,200
329482,0,30,0,0,0,1,12,3,0,0,0,21,200,0,7,1,0,0,0,200,200
329482,1,30,0,0,0,1,12,3,0,0,0,21,200,0,200,1,200,200,200,200,200
329482,1,30,0,0,0,1,12,3,0,0,0,21,200,1,200,0,200,200,200,200,200
329485,0,30,0,0,0,1,7,7,0,0,0,200,200,1,200,200,0,0,0,200,200
329487,0,30,0,0,0,1,7,6,0,0,0,0,200,1,200,0,0,0,0,200,200
329487,1,30,0,0,0,1,7,6,0,0,0,0,200,0,200,0,200,200,200,200,200
329487,1,30,0,0,0,1,7,6,0,0,0,0,200,1,200,0,200,200,200,200,200
329487,1,30,0,0,0,1,7,6,0,0,0,0,200,0,200,0,200,200,200,200,200
329487,1,30,0,0,0,1,7,6,0,0,0,0,200,1,200,0,200,200,200,200,200
329487,1,30,0,0,0,1,7,6,0,0,0,0,200,1,200,0,200,200,200,200,200
329489,0,30,2,2,0,1,14,2,0,0,0,17,0,0,6,200,200,200,200,200,200
329489,0,30,2,2,0,1,14,2,0,0,0,17,0,0,7,0,0,0,0,200,200
329489,1,30,2,2,0,1,14,2,0,0,0,17,0,2,200,200,200,200,200,200,200
329492,0,30,0,0,0,1,12,5,0,0,0,0,0,0,7,0,0,0,0,200,200
329492,0,30,0,0,0,1,12,5,0,0,0,0,0,0,7,200,200,200,200,200,200
329493,0,25,0,0,0,1,7,6,0,0,0,200,200,2,200,200,200,200,200,200,200
329498,0,0,12,12,12,1,7,7,0,0,0,11,200,0,6,200,12,5,0,200,200
329499,0,10,0,0,0,1,7,7,0,0,0,0,200,2,200,200,200,200,200,200,200
329503,0,15,0,0,0,1,7,7,0,0,0,0,200,2,200,200,200,200,200,200,200
329506,0,20,0,0,200,0,7,6,0,200,200,0,0,2,200,200,200,200,200,200,200
329509,0,30,0,0,0,200,7,5,0,0,0,0,200,2,200,200,200,200,200,200,200
329510,0,30,2,2,0,1,14,5,0,0,0,0,17,0,6,200,1,0,0,200,200
329510,0,30,2,2,0,1,14,5,0,0,0,0,17,1,4,200,0,0,0,200,200
329510,1,30,2,2,0,1,14,5,0,0,0,0,17,1,3,200,200,200,200,200,200
329510,1,30,2,2,0,1,14,5,0,0,0,0,17,0,3,200,200,200,200,200,200
329511,0,30,1,2,0,1,14,5,0,0,0,0,0,1,5,0,2,0,0,200,200
329511,0,30,1,2,0,1,14,5,0,0,0,0,0,1,4,0,0,0,0,200,200
329513,0,40,1,2,0,1,10,3,0,0,0,0,0,0,200,0,200,0,0,200,200
329513,0,40,1,2,0,1,10,3,0,0,0,0,0,1,200,0,0,0,0,200,200
329513,1,40,1,2,0,1,10,3,0,0,0,0,0,1,200,0,200,200,200,200,200
329517,0,35,1,2,0,1,0,5,0,0,0,11,17,1,7,0,1,0,0,200,200
329517,0,35,1,2,0,1,0,5,0,0,0,11,17,0,7,0,0,0,0,200,200
329517,1,35,1,2,0,1,0,5,0,0,0,11,17,1,6,0,200,200,200,200,200
329517,1,35,1,2,0,1,0,5,0,0,0,11,17,0,2,0,200,200,200,200,200
329522,0,30,1,2,0,1,10,5,0,0,0,18,200,0,200,200,3,200,200,200,200
329522,0,30,1,2,0,1,10,5,0,0,0,18,200,0,6,0,0,0,0,200,200
329527,0,30,0,0,0,1,7,5,0,0,0,23,0,0,200,200,12,200,200,200,200
329528,0,30,1,2,0,1,10,2,0,0,0,7,0,0,7,200,12,200,0,200,200
329528,0,30,1,2,0,1,10,2,0,0,0,7,0,0,5,0,0,0,0,200,200
329531,0,35,0,12,0,0,8,2,0,0,0,200,200,0,5,0,200,0,0,200,200
329531,4,35,0,12,0,0,8,2,0,0,0,200,200,1,7,2,0,0,0,200,200
329536,0,30,0,0,0,1,0,7,0,0,0,200,200,1,200,200,0,200,200,200,200
329536,0,30,0,0,0,1,0,7,0,0,0,200,200,0,6,0,0,0,0,200,200
329536,1,30,0,0,0,1,0,7,0,0,0,200,200,1,200,0,200,200,200,200,200
329536,1,30,0,0,0,1,0,7,0,0,0,200,200,0,200,5,200,200,200,200,200
329542,0,30,0,0,0,1,2,5,0,0,0,0,0,0,200,200,200,200,200,200,200
329544,0,10,0,0,0,1,0,7,0,0,0,17,200,0,7,0,1,0,0,200,200
329544,0,10,0,0,0,1,0,7,0,0,0,17,200,1,5,0,0,0,0,200,200
329548,0,30,1,2,0,1,8,5,0,0,0,0,200,1,200,200,200,200,200,200,200
329548,4,30,1,2,0,1,8,5,0,0,0,0,200,0,7,200,200,200,0,200,200
329552,0,30,0,0,0,1,10,7,0,0,200,18,200,0,200,200,1,0,0,200,200
329552,0,30,0,0,0,1,10,7,0,0,200,18,200,0,5,200,0,0,0,200,200
329552,1,30,0,0,0,1,10,7,0,0,200,18,200,0,5,200,200,200,200,200,200
329558,0,30,0,0,0,1,7,2,0,0,200,0,0,0,5,200,200,200,200,200,200
329561,0,30,0,0,0,1,7,5,0,0,0,200,200,0,200,200,0,200,200,200,200
329561,1,30,0,0,0,1,7,5,0,0,0,200,200,0,200,0,200,200,200,200,200
329565,0,30,9,2,0,1,10,2,0,0,12,16,0,1,4,0,200,0,0,200,200
329565,0,30,9,2,0,1,10,2,0,0,12,16,0,0,6,0,0,0,0,200,200
329566,0,30,0,0,0,1,14,5,0,0,0,18,200,0,4,200,3,200,200,200,200
329566,0,30,0,0,0,1,14,5,0,0,0,18,200,1,5,0,0,0,0,200,200
329566,1,30,0,0,0,1,14,5,0,0,0,18,200,1,1,5,200,200,200,200,200
329567,0,30,1,2,0,1,14,3,0,0,0,25,3,2,200,200,13,200,200,200,200
329567,0,30,1,2,0,1,14,3,0,0,0,25,3,0,6,0,0,0,0,200,200
329567,1,30,1,2,0,1,14,3,0,0,0,25,3,200,200,200,200,200,200,200,200
329567,1,30,1,2,0,1,14,3,0,0,0,25,3,200,200,200,200,200,200,200,200
329567,1,30,1,2,0,1,14,3,0,0,0,25,3,200,200,200,200,200,200,200,200
329568,0,30,0,0,0,1,3,2,0,0,0,7,200,0,6,200,15,0,0,200,1
329568,0,30,0,0,0,1,3,2,0,0,0,7,200,0,6,200,0,0,0,200,200
329568,1,30,0,0,0,1,3,2,0,0,0,7,200,0,5,200,200,200,200,200,200
329569,0,30,0,0,0,1,10,2,0,0,0,200,200,2,200,200,0,200,200,200,200
329569,0,30,0,0,0,1,10,2,0,0,0,200,200,1,7,0,0,0,0,200,200
329574,0,30,1,2,0,0,10,2,0,0,0,16,200,1,4,200,200,200,200,200,200
329574,0,30,1,2,0,0,10,2,0,0,0,16,200,0,6,0,0,0,200,200,200
329576,0,30,2,2,0,1,0,2,0,0,0,17,200,0,5,0,1,0,0,200,200
329576,0,30,2,2,0,1,0,2,0,0,0,17,200,0,6,0,0,0,0,200,200
329579,0,30,1,2,0,1,10,5,0,0,0,0,200,1,6,0,0,0,0,200,200
329579,0,30,1,2,0,1,10,5,0,0,0,0,200,0,200,200,200,200,200,200,200
329579,1,30,1,2,0,1,10,5,0,0,0,0,200,1,6,0,200,200,200,200,200
329579,1,30,1,2,0,1,10,5,0,0,0,0,200,0,200,200,200,200,200,200,200
329582,0,30,0,2,0,1,12,5,0,0,0,0,0,2,200,200,200,200,200,200,200
329582,0,30,0,2,0,1,12,5,0,0,0,0,0,1,5,200,200,12,0,200,200
329585,0,30,0,0,0,1,7,5,0,0,0,0,0,2,200,200,200,200,200,200,200
329588,0,30,1,2,0,1,0,12,0,0,0,6,16,1,7,0,5,0,0,200,200
329588,0,30,1,2,0,1,0,12,0,0,0,6,16,1,5,0,0,0,0,200,200
329588,1,30,1,2,0,1,0,12,0,0,0,6,16,1,5,0,200,200,200,200,200
329592,0,20,0,0,200,0,7,5,0,200,0,0,0,2,200,200,12,200,200,200,200
329597,0,30,0,0,0,1,7,5,0,0,0,0,200,0,5,0,12,0,200,200,200
329597,1,30,0,0,0,1,7,5,0,0,0,0,200,0,5,200,200,200,200,200,200
329602,0,30,0,0,0,1,0,7,0,0,0,17,200,1,200,200,1,200,200,200,200
329602,0,30,0,0,0,1,0,7,0,0,0,17,200,0,3,0,0,0,0,200,200
329603,0,30,0,0,0,1,12,2,0,0,0,21,200,1,6,0,4,0,0,200,200
329603,0,30,0,0,0,1,12,2,0,0,0,21,200,0,8,0,0,0,0,200,200
329603,1,30,0,0,0,1,12,2,0,0,0,21,200,1,200,0,200,200,200,200,200
329604,0,30,0,0,0,1,7,7,0,0,0,0,200,1,7,0,0,0,0,200,200
329607,0,30,1,2,0,1,10,5,0,0,200,18,200,0,200,200,3,200,200,200,200
329607,0,30,1,2,0,1,10,5,0,0,200,18,200,0,5,200,0,0,0,200,200
329607,1,30,1,2,0,1,10,5,0,0,200,18,200,1,5,200,200,200,200,200,200
329610,0,30,2,2,0,1,10,6,0,0,0,200,200,0,4,0,0,0,0,200,200
329610,0,30,2,2,0,1,10,6,0,0,0,200,200,1,7,0,0,0,0,200,200
329610,1,30,2,2,0,1,10,6,0,0,0,200,200,0,200,0,200,200,200,200,200
329610,1,30,2,2,0,1,10,6,0,0,0,200,200,0,200,0,200,200,200,200,200
329610,1,30,2,2,0,1,10,6,0,0,0,200,200,0,200,0,200,200,200,200,200
329611,0,30,1,2,0,1,14,5,0,0,0,17,200,0,200,200,1,200,200,200,200
329611,0,30,1,2,0,1,14,5,0,0,0,17,200,1,7,0,0,0,0,200,200
329617,0,30,0,0,0,1,7,6,0,0,0,0,0,0,200,200,200,200,200,200,200
329618,0,30,0,0,0,1,10,2,0,0,200,0,0,0,6,0,200,200,200,200,200
329618,0,30,0,0,0,1,10,2,0,0,200,0,0,1,6,0,200,200,200,200,200
329620,0,30,1,2,0,1,14,5,0,0,0,0,0,1,5,200,200,200,200,200,200
329620,0,30,1,2,0,1,14,5,0,0,0,0,0,0,5,0,0,0,0,200,200
329622,0,30,0,0,0,1,7,6,0,0,0,0,200,2,200,200,12,200,200,200,200
329627,0,30,1,2,0,3,0,5,0,0,0,0,200,0,200,0,12,0,200,200,200
329627,0,30,1,2,0,3,0,5,0,0,0,0,200,2,200,200,200,200,200,200,200
329629,0,25,1,2,0,1,0,5,0,0,0,6,200,0,200,200,5,200,200,200,200
329629,0,25,1,2,0,1,0,5,0,0,0,6,200,1,5,0,0,200,200,200,200
329634,0,15,0,0,0,1,0,0,0,0,0,17,16,1,5,0,1,0,0,200,200
329634,0,15,0,0,0,1,0,0,0,0,0,17,16,0,4,0,12,0,0,200,200
329634,1,15,0,0,0,1,0,0,0,0,0,17,16,0,0,5,200,200,200,200,200
329634,1,15,0,0,0,1,0,0,0,0,0,17,16,0,1,5,200,200,200,200,200
329637,0,30,1,2,0,1,14,2,0,0,200,6,200,0,5,200,5,200,0,200,200
329637,0,30,1,2,0,1,14,2,0,0,200,6,200,0,6,200,0,200,0,200,200
329637,1,30,1,2,0,1,14,2,0,0,200,6,200,1,5,200,200,200,200,200,200
329640,0,30,1,2,0,1,14,2,0,0,0,6,200,0,200,200,5,200,200,200,200
329640,0,30,1,2,0,1,14,2,0,0,0,6,200,1,7,0,0,0,0,200,200
329640,1,30,1,2,0,1,14,2,0,0,0,6,200,1,4,200,200,200,200,200,200
329643,0,30,0,0,0,1,12,5,0,0,0,0,0,0,7,200,200,200,200,200,200
329643,0,30,0,0,0,1,12,5,0,0,0,0,0,1,5,0,0,0,0,200,200
329647,0,30,200,200,0,1,7,5,0,0,200,0,200,0,7,200,200,200,0,200,200
329647,1,30,200,200,0,1,7,5,0,0,200,0,200,0,200,200,200,200,200,200,200
329650,0,30,0,0,0,1,7,5,0,0,200,200,200,2,200,200,200,200,200,200,200
329651,0,30,1,2,0,1,12,2,0,0,0,22,21,0,200,200,2,200,200,200,200
329651,0,30,1,2,0,1,12,2,0,0,0,22,21,0,7,200,0,0,0,200,200
329651,0,30,1,2,0,1,12,2,0,0,0,22,21,1,6,200,0,0,0,200,200
329652,0,30,0,0,0,1,12,6,0,0,0,20,200,1,6,0,6,0,0,200,200
329652,0,30,0,0,0,1,12,6,0,0,0,20,200,0,6,200,0,0,0,200,200
329654,0,30,2,2,0,1,14,5,0,0,200,17,200,1,3,0,1,200,0,200,200
329654,0,30,2,2,0,1,14,5,0,0,200,17,200,1,5,0,0,200,0,200,200
329655,0,30,0,0,0,1,7,7,0,0,0,0,0,2,200,200,12,200,200,200,200
329656,0,30,0,0,0,1,7,2,0,0,0,0,200,0,200,200,10,200,200,200,200
329656,1,30,0,0,0,1,7,2,0,0,0,0,200,1,200,200,200,200,200,200,200
329657,0,35,0,0,0,1,7,6,0,0,0,0,0,0,200,200,200,200,200,200,200
329665,0,30,2,2,0,1,0,2,0,0,0,11,17,0,9,200,1,200,0,200,200
329665,0,30,2,2,0,1,0,2,0,0,0,11,17,0,7,200,0,0,0,200,200
329667,0,30,1,2,0,1,9,2,0,0,0,6,200,2,200,200,200,200,200,200,200
329667,5,30,1,2,0,1,9,2,0,0,0,6,200,0,5,7,12,200,0,200,200
329668,0,15,2,2,0,1,7,5,0,0,0,14,200,0,5,200,12,0,200,200,200
329668,1,15,2,2,0,1,7,5,0,0,0,14,200,0,4,200,200,200,200,200,200
329668,1,15,2,2,0,1,7,5,0,0,0,14,200,0,200,200,200,200,200,200,200
329675,0,30,200,200,200,200,7,6,0,200,200,0,200,2,200,200,200,200,200,200,200
329677,0,30,1,2,0,1,14,2,0,0,0,21,200,1,7,0,1,0,200,200,200
329677,0,30,1,2,0,1,14,2,0,0,0,21,200,0,7,0,0,0,200,200,200
329677,1,30,1,2,0,1,14,2,0,0,0,21,200,0,8,0,200,200,200,200,200
329678,0,30,0,0,0,1,14,6,0,0,0,17,200,0,6,200,1,0,0,200,200
329678,0,30,0,0,0,1,14,6,0,0,0,17,200,0,6,200,0,0,0,200,200
329678,1,30,0,0,0,1,14,6,0,0,0,17,200,0,5,200,200,200,200,200,200
329678,1,30,0,0,0,1,14,6,0,0,0,17,200,1,5,200,200,200,200,200,200
329684,0,30,1,2,0,1,0,2,0,0,0,6,17,1,200,200,5,200,200,200,200
329684,0,30,1,2,0,1,0,2,0,0,0,6,17,1,5,200,0,0,0,200,200
329684,1,30,1,2,0,1,0,2,0,0,0,6,17,0,200,200,200,200,200,200,200
329685,0,30,0,0,0,1,10,5,0,0,0,18,16,1,200,0,3,0,0,200,200
329685,0,30,0,0,0,1,10,5,0,0,0,18,16,1,200,0,0,0,0,200,200
329685,1,30,0,0,0,1,10,5,0,0,0,18,16,2,200,200,200,200,200,200,200
329685,1,30,0,0,0,1,10,5,0,0,0,18,16,0,200,0,200,200,200,200,200
329685,1,30,0,0,0,1,10,5,0,0,0,18,16,1,200,0,200,200,200,200,200
329685,1,30,0,0,0,1,10,5,0,0,0,18,16,1,200,0,200,200,200,200,200
329685,1,30,0,0,0,1,10,5,0,0,0,18,16,1,200,0,200,200,200,200,200
329690,0,30,1,2,200,200,10,5,0,200,200,0,0,0,5,200,200,200,200,200,200
329690,0,30,1,2,200,200,10,5,0,200,200,0,0,0,7,0,0,0,0,200,200
329695,0,30,0,0,0,1,0,5,0,0,0,17,0,0,6,0,1,0,0,200,200
329695,0,30,0,0,0,1,0,5,0,0,0,17,0,0,6,0,0,0,0,200,200
329698,0,30,0,0,0,1,11,12,0,0,0,20,200,0,7,0,6,200,0,200,200
329698,0,30,0,0,0,1,11,12,0,0,0,20,200,1,6,0,0,0,0,200,200
329702,0,30,1,2,0,1,10,5,0,0,0,18,200,1,200,200,3,0,0,200,200
329702,0,30,1,2,0,1,10,5,0,0,0,18,200,1,6,0,0,0,0,200,200
329703,0,0,0,0,0,1,7,7,0,0,0,0,0,2,200,200,200,200,200,200,200
329704,0,30,0,0,0,1,10,5,0,0,0,200,200,0,200,200,0,200,200,200,200
329704,0,30,0,0,0,1,10,5,0,0,0,200,200,0,6,0,200,0,0,200,200
329704,0,30,0,0,0,1,10,5,0,0,0,200,200,2,200,200,200,200,200,200,200
329705,0,30,1,2,0,1,12,2,0,0,0,17,0,0,5,200,1,0,0,200,200
329705,0,30,1,2,0,1,12,2,0,0,0,17,0,1,6,200,0,0,0,200,200
329706,0,30,0,0,0,1,10,6,0,0,0,17,200,0,200,0,1,0,0,200,200
329706,0,30,0,0,0,1,10,6,0,0,0,17,200,0,7,0,0,0,0,200,200
329709,0,30,2,2,0,1,0,6,0,0,0,33,17,0,6,200,1,12,0,200,200
329709,0,30,2,2,0,1,0,6,0,0,0,33,17,1,3,200,0,0,0,200,200
329709,1,30,2,2,0,1,0,6,0,0,0,33,17,1,0,200,200,200,200,200,200
329709,1,30,2,2,0,1,0,6,0,0,0,33,17,1,3,200,200,200,200,200,200
329721,0,30,0,0,0,1,0,7,0,0,0,20,200,1,7,200,6,0,0,200,200
329721,0,30,0,0,0,1,0,7,0,0,0,20,200,1,6,200,0,0,0,200,200
329721,1,30,0,0,0,1,0,7,0,0,0,20,200,1,200,200,200,200,200,200,200
329721,1,30,0,0,0,1,0,7,0,0,0,20,200,1,200,200,200,200,200,200,200
329721,1,30,0,0,0,1,0,7,0,0,0,20,200,1,200,200,200,200,200,200,200
329721,1,30,0,0,0,1,0,7,0,0,0,20,200,1,200,200,200,200,200,200,200
329745,0,30,0,0,0,3,7,5,0,0,0,0,0,2,200,200,200,200,200,200,200
329752,0,30,0,0,0,1,14,2,0,0,0,21,200,0,6,200,7,200,200,200,200
329752,0,30,0,0,0,1,14,2,0,0,0,21,200,1,5,0,0,0,0,200,200
329755,0,30,0,0,0,1,7,7,0,0,0,0,200,2,200,200,200,200,200,200,200
329768,0,30,0,0,0,1,12,6,0,0,0,11,0,1,4,200,7,200,0,200,200
329768,0,30,0,0,0,1,12,6,0,0,0,11,0,0,6,200,0,0,0,200,200
329768,1,30,0,0,0,1,12,6,0,0,0,11,0,0,1,5,200,200,200,200,200
329771,0,30,0,0,0,1,7,5,0,0,0,0,0,2,200,200,200,200,200,200,200
329773,0,30,0,0,0,4,2,0,0,0,0,200,200,1,200,200,200,200,200,200,200
329775,0,30,2,2,0,2,12,6,0,0,0,17,0,1,5,200,1,0,0,200,200
329775,0,30,2,2,0,2,12,6,0,0,0,17,0,0,6,200,0,0,0,200,200
329776,0,25,0,0,200,0,7,5,0,200,200,0,0,2,200,200,200,200,200,200,200
329777,0,30,0,0,0,3,7,5,0,0,0,0,0,2,200,200,200,200,200,200,200
329779,0,30,0,0,0,1,10,5,0,0,0,18,18,0,6,0,0,0,0,200,200
329779,0,30,0,0,0,1,10,5,0,0,0,18,18,0,6,0,0,0,0,200,200
329779,1,30,0,0,0,1,10,5,0,0,0,18,18,1,200,0,200,200,200,200,200
329784,4,30,0,0,0,1,8,5,0,0,0,0,0,0,200,7,200,200,0,200,200
329784,0,30,0,0,0,1,8,5,0,0,0,0,0,0,200,0,200,0,0,200,200
329785,0,30,1,2,0,1,12,5,0,0,0,23,23,1,6,0,7,12,0,200,200
329785,0,30,1,2,0,1,12,5,0,0,0,23,23,0,5,0,0,0,0,200,200
329791,0,30,1,2,0,1,12,5,0,0,0,21,200,1,6,200,4,200,200,200,200
329791,0,30,1,2,0,1,12,5,0,0,0,21,200,1,7,0,0,0,0,200,200
329792,0,30,0,0,0,1,12,6,2,0,0,0,200,1,200,200,4,200,0,200,200
329792,0,30,0,0,0,1,12,6,2,0,0,0,200,1,200,200,0,200,0,200,200
329793,0,30,1,2,0,1,14,5,0,0,0,0,0,0,7,0,0,0,0,200,200
329793,0,30,1,2,0,1,14,5,0,0,0,0,0,0,6,0,0,0,0,200,200
329798,0,20,2,2,0,4,8,6,0,0,0,16,5,0,7,0,0,0,0,200,200
329798,4,20,2,2,0,4,8,6,0,0,0,16,5,0,7,2,12,0,200,200,200
329799,0,35,0,0,0,1,7,5,0,0,0,0,200,2,200,200,200,200,200,200,200
329801,0,30,0,0,0,4,0,5,0,0,200,17,200,1,5,200,1,0,0,200,200
329801,0,30,0,0,0,4,0,5,0,0,200,17,200,0,5,200,0,0,0,200,200
329810,0,30,1,2,0,3,14,2,0,0,0,18,0,0,200,200,3,200,200,200,200
329810,0,30,1,2,0,3,14,2,0,0,0,18,0,0,8,200,0,0,0,200,200
329810,0,30,1,2,0,3,14,2,0,0,0,18,0,1,200,200,0,200,200,200,200
329816,0,30,0,0,0,3,7,7,0,0,0,0,0,2,200,200,200,200,200,200,200
329817,0,30,1,2,0,4,7,2,0,0,0,0,0,0,7,200,200,200,200,200,200
329817,1,30,1,2,0,4,7,2,0,0,0,0,0,0,200,200,200,200,200,200,200
329823,0,30,1,2,0,1,0,5,0,0,0,16,6,0,5,200,13,0,0,200,200
329823,0,30,1,2,0,1,0,5,0,0,0,16,6,0,6,0,0,0,0,200,200
329823,0,30,1,2,0,1,0,5,0,0,0,16,6,1,7,0,0,0,0,200,200
329823,1,30,1,2,0,1,0,5,0,0,0,16,6,0,5,200,200,200,200,200,200
329831,0,20,0,0,0,2,7,7,0,0,0,0,0,2,200,200,200,200,200,200,200
329844,0,20,0,0,0,1,0,12,2,0,0,17,16,1,200,200,1,200,200,200,200
329844,0,20,0,0,0,1,0,12,2,0,0,17,16,1,7,0,0,0,0,200,200
329853,0,30,1,2,0,1,10,5,0,0,200,18,200,1,200,200,3,200,200,200,200
329853,0,30,1,2,0,1,10,5,0,0,200,18,200,0,7,200,0,0,0,200,200
329853,1,30,1,2,0,1,10,5,0,0,200,18,200,1,6,200,200,200,200,200,200
329853,1,30,1,2,0,1,10,5,0,0,200,18,200,0,2,200,200,200,200,200,200
329858,0,30,0,0,0,1,5,2,0,0,0,17,17,1,5,200,1,0,0,200,200
329858,0,30,0,0,0,1,5,2,0,0,0,17,17,0,5,200,0,0,0,200,200
329867,0,35,1,2,0,4,0,5,0,0,0,0,200,0,6,0,200,0,0,200,200
329867,0,35,1,2,0,4,0,5,0,0,0,0,200,0,6,0,200,0,0,200,200
329873,0,0,0,0,0,3,12,7,0,0,0,11,0,0,200,200,12,200,200,200,200
329873,0,0,0,0,0,3,12,7,0,0,0,11,0,0,6,0,0,0,0,200,200
329878,0,30,1,2,0,3,10,12,0,0,0,18,16,0,6,200,3,0,0,200,200
329878,0,30,1,2,0,3,10,12,0,0,0,18,16,0,5,0,0,0,0,200,200
329878,1,30,1,2,0,3,10,12,0,0,0,18,16,1,2,0,200,200,200,200,200
329880,0,30,1,2,0,1,12,5,0,0,0,21,200,1,7,200,4,0,0,200,200
329880,0,30,1,2,0,1,12,5,0,0,0,21,200,1,5,0,0,0,0,200,200
329880,1,30,1,2,0,1,12,5,0,0,0,21,200,1,7,0,200,200,200,200,200
329885,0,30,0,0,0,3,10,5,0,0,0,18,200,0,7,0,3,0,0,200,200
329885,0,30,0,0,0,3,10,5,0,0,0,18,200,0,6,0,0,0,0,200,200
329887,0,10,0,0,0,200,12,7,0,0,200,200,200,1,200,200,200,200,200,200,200
329887,0,10,0,0,0,200,12,7,0,0,200,200,200,0,6,200,200,200,0,200,200
329887,1,10,0,0,0,200,12,7,0,0,200,200,200,1,200,200,200,200,200,200,200
329887,1,10,0,0,0,200,12,7,0,0,200,200,200,200,200,200,200,200,200,200,200
329889,0,30,1,2,0,1,12,5,0,0,0,22,200,0,200,200,2,0,0,200,200
329889,0,30,1,2,0,1,12,5,0,0,0,22,200,1,4,200,0,0,0,200,200