RD_NO,PERSON_TYPE,POSTED_SPEED_LIMIT,TRAFFIC_CONTROL_DEVICE,DEVICE_CONDITION,WEATHER_CONDITION,LIGHTING_CONDITION,FIRST_CRASH_TYPE,TRAFFICWAY_TYPE,ALIGNMENT,ROADWAY_SURFACE_COND,ROAD_DEFECT,PRIM_CONTRIBUTORY_CAUSE,SEC_CONTRIBUTORY_CAUSE,SEX,AGE,SAFETY_EQUIPMENT,DRIVER_ACTION,DRIVER_VISION,PHYSICAL_CONDITION,BAC_RESULT VALUE,CELL_PHONE_USE
329889,1,30,1,2,0,1,12,5,0,0,0,22,200,1,4,200,200,200,200,200,200
329891,0,20,0,0,0,3,7,6,0,0,0,0,16,0,6,200,12,0,200,200,200
329894,0,35,1,2,0,3,10,3,0,0,0,0,0,0,5,200,3,0,0,200,200
329894,0,35,1,2,0,3,10,3,0,0,0,0,0,0,6,0,0,0,0,200,200
329899,0,30,0,0,200,3,10,5,0,200,200,0,200,0,7,200,200,200,200,200,200
329899,0,30,0,0,200,3,10,5,0,200,200,0,200,0,7,200,200,200,0,200,200
329905,0,30,0,0,0,1,14,5,0,0,200,23,22,1,200,200,7,200,0,200,200
329905,0,30,0,0,0,1,14,5,0,0,200,23,22,0,4,0,0,0,0,200,200
329906,0,35,1,2,0,3,12,5,0,0,0,0,21,2,200,200,2,200,200,200,200
329906,0,35,1,2,0,3,12,5,0,0,0,0,21,1,5,0,0,0,0,200,200
329909,0,30,0,0,0,3,7,5,0,0,0,0,0,2,200,200,200,200,200,200,200
329911,0,15,0,0,0,3,7,7,0,0,0,0,200,2,200,200,200,200,200,200,200
329913,0,30,1,2,0,1,14,200,0,0,0,21,200,0,6,0,200,0,0,200,200
329913,0,30,1,2,0,1,14,200,0,0,0,21,200,1,7,0,0,0,0,200,200
329918,0,30,0,0,0,3,7,7,0,0,0,0,0,1,200,200,12,200,200,200,200
329918,1,30,0,0,0,3,7,7,0,0,0,0,0,0,6,200,200,200,200,200,200
329923,0,30,1,2,0,3,0,5,0,0,0,6,200,1,4,200,5,0,0,200,200
329923,0,30,1,2,0,3,0,5,0,0,0,6,200,0,5,200,0,0,0,200,200
329923,1,30,1,2,0,3,0,5,0,0,0,6,200,0,200,200,200,200,200,200,200
329925,0,30,0,0,0,3,10,5,0,0,0,0,200,1,5,200,12,0,200,200,200
329925,0,30,0,0,0,3,10,5,0,0,0,0,200,0,200,200,200,200,200,200,200
329931,0,30,1,2,0,3,10,2,0,0,0,0,0,0,5,0,200,0,0,200,200
329931,0,30,1,2,0,3,10,2,0,0,0,0,0,0,6,0,200,0,0,200,200
329937,0,25,0,0,0,3,10,5,0,0,0,22,200,0,200,200,2,200,200,200,200
329937,0,25,0,0,0,3,10,5,0,0,0,22,200,0,7,0,0,200,0,200,200
329955,0,30,2,2,0,3,2,5,0,0,0,12,0,0,6,0,12,0,0,200,200
329955,1,30,2,2,0,3,2,5,0,0,0,12,0,1,5,0,200,200,200,200,200
329960,0,30,2,0,0,3,0,6,0,0,0,17,200,1,6,200,1,0,0,200,200
329960,0,30,2,0,0,3,0,6,0,0,0,17,200,1,6,200,200,200,200,200,200
329960,5,30,2,0,0,3,0,6,0,0,0,17,200,0,1,7,0,200,7,200,200
329960,5,30,2,0,0,3,0,6,0,0,0,17,200,1,6,7,0,0,0,200,200
329960,1,30,2,0,0,3,0,6,0,0,0,17,200,1,200,200,200,200,200,200,200
329963,0,30,1,2,0,3,10,5,0,0,0,22,21,1,5,0,4,0,0,200,200
329963,0,30,1,2,0,3,10,5,0,0,0,22,21,0,5,0,2,0,0,200,200
329963,1,30,1,2,0,3,10,5,0,0,0,22,21,1,5,0,200,200,200,200,200
329963,1,30,1,2,0,3,10,5,0,0,0,22,21,1,7,0,200,200,200,200,200
329965,5,30,2,2,0,3,9,2,0,0,0,0,200,1,9,200,0,0,0,200,200
329965,0,30,2,2,0,3,9,2,0,0,0,0,200,0,6,0,1,200,0,200,200
329967,0,35,1,200,0,1,12,2,0,0,0,0,0,0,200,200,200,200,200,200,200
329967,0,35,1,200,0,1,12,2,0,0,0,0,0,1,6,0,0,0,0,200,200
329970,0,25,0,0,0,3,7,5,0,0,0,0,0,0,8,200,12,0,4,200,200
329971,0,30,2,2,0,0,0,5,0,0,0,17,17,1,5,7,1,0,0,200,200
329971,0,30,2,2,0,0,0,5,0,0,0,17,17,1,6,7,0,0,0,200,200
329974,0,30,1,2,0,3,10,2,0,0,0,18,200,0,6,200,3,0,200,200,200
329974,0,30,1,2,0,3,10,2,0,0,0,18,200,1,4,0,0,0,0,200,200
329977,0,30,0,0,0,0,7,2,0,0,0,23,0,2,200,200,7,200,200,200,200
329996,0,30,3,2,0,3,12,5,0,0,0,17,17,0,6,200,1,0,0,200,200
329996,0,30,3,2,0,3,12,5,0,0,0,17,17,0,7,0,12,0,0,200,200
329996,1,30,3,2,0,3,12,5,0,0,0,17,17,1,200,200,200,200,200,200,200
329999,4,30,1,2,0,3,8,5,0,0,200,6,17,0,0,7,5,200,0,200,200
329999,0,30,1,2,0,3,8,5,0,0,200,6,17,1,5,0,0,0,0,200,200
329999,1,30,1,2,0,3,8,5,0,0,200,6,17,0,5,0,200,200,200,200,200
329999,1,30,1,2,0,3,8,5,0,0,200,6,17,1,5,0,200,200,200,200,200
330003,0,30,12,12,0,3,12,5,0,0,0,0,200,2,200,200,12,200,200,200,200
330003,0,30,12,12,0,3,12,5,0,0,0,0,200,0,6,200,12,200,0,200,200
330005,0,30,0,0,0,3,10,12,3,0,0,16,200,0,6,200,12,200,3,200,200
330005,0,30,0,0,0,3,10,12,3,0,0,16,200,0,6,200,0,0,0,200,200
330005,1,30,0,0,0,3,10,12,3,0,0,16,200,1,6,200,200,200,200,200,200
330005,1,30,0,0,0,3,10,12,3,0,0,16,200,1,6,200,200,200,200,200,200
330005,1,30,0,0,0,3,10,12,3,0,0,16,200,0,6,200,200,200,200,200,200
330005,1,30,0,0,0,3,10,12,3,0,0,16,200,1,6,200,200,200,200,200,200
330015,0,35,0,2,0,3,7,2,0,0,0,21,21,1,6,0,15,0,0,200,1
330015,1,35,0,2,0,3,7,2,0,0,0,21,21,1,200,0,200,200,200,200,200
330015,1,35,0,2,0,3,7,2,0,0,0,21,21,1,200,0,200,200,200,200,200
330019,0,30,1,2,0,3,14,2,0,0,0,17,200,1,8,0,1,0,0,200,200
330019,0,30,1,2,0,3,14,2,0,0,0,17,200,0,6,0,14,0,0,200,200
330019,1,30,1,2,0,3,14,2,0,0,0,17,200,200,200,0,200,200,200,200,200
330026,0,30,1,2,0,3,14,12,0,0,200,23,23,0,5,200,7,200,200,200,200
330026,0,30,1,2,0,3,14,12,0,0,200,23,23,0,5,200,12,0,0,200,200
330028,0,30,1,200,0,3,0,5,0,0,0,6,14,1,200,200,5,200,200,200,200
330028,0,30,1,200,0,3,0,5,0,0,0,6,14,1,8,200,0,0,0,200,200
330028,1,30,1,200,0,3,0,5,0,0,0,6,14,1,5,200,200,200,200,200,200
330029,0,30,1,2,0,3,10,5,0,0,0,22,18,1,7,0,0,0,0,200,200
330029,0,30,1,2,0,3,10,5,0,0,0,22,18,0,200,200,200,200,200,200,200
330032,0,45,1,2,0,3,12,3,0,0,0,21,200,1,6,0,4,0,0,200,200
330032,0,45,1,2,0,3,12,3,0,0,0,21,200,0,6,0,0,0,0,200,200
330041,0,20,0,0,0,3,7,5,2,0,3,200,200,2,200,200,200,200,200,200,200
330042,0,30,0,0,0,3,12,2,0,0,0,0,200,0,5,0,200,200,0,200,200
330042,0,30,0,0,0,3,12,2,0,0,0,0,200,0,8,0,200,200,0,200,200
330045,0,30,2,2,0,3,14,5,0,0,0,17,11,2,200,200,1,200,200,200,200
330045,0,30,2,2,0,3,14,5,0,0,0,17,11,1,5,0,0,0,0,200,200
330045,1,30,2,2,0,3,14,5,0,0,0,17,11,1,5,0,200,200,200,200,200
330045,1,30,2,2,0,3,14,5,0,0,0,17,11,1,5,200,200,200,200,200,200
330048,0,10,0,0,0,3,7,7,0,0,0,11,11,2,200,200,200,200,200,200,200
330050,0,45,0,0,0,3,10,3,0,0,0,11,11,0,7,0,200,0,0,200,200
330050,0,45,0,0,0,3,10,3,0,0,0,11,11,1,200,200,200,200,200,200,200
330050,1,45,0,0,0,3,10,3,0,0,0,11,11,0,6,0,200,200,200,200,200
330050,1,45,0,0,0,3,10,3,0,0,0,11,11,1,5,0,200,200,200,200,200
330050,1,45,0,0,0,3,10,3,0,0,0,11,11,1,6,0,200,200,200,200,200
330052,0,35,0,0,0,3,7,6,0,0,0,0,0,0,6,200,200,200,5,200,200
330052,1,35,0,0,0,3,7,6,0,0,0,0,0,0,200,200,200,200,200,200,200
330052,1,35,0,0,0,3,7,6,0,0,0,0,0,1,200,200,200,200,200,200,200
330057,0,30,1,2,0,3,10,2,0,0,0,18,15,1,200,200,8,200,200,200,200
330057,0,30,1,2,0,3,10,2,0,0,0,18,15,0,4,0,0,0,0,200,200
330061,0,30,2,2,0,3,11,6,0,0,12,23,17,2,200,200,7,200,200,200,200
330061,0,30,2,2,0,3,11,6,0,0,12,23,17,0,6,200,0,200,0,200,200
330061,1,30,2,2,0,3,11,6,0,0,12,23,17,200,200,200,200,200,200,200,200
330061,1,30,2,2,0,3,11,6,0,0,12,23,17,1,200,200,200,200,200,200,200
330067,0,30,1,2,0,3,12,5,0,0,0,0,200,0,5,200,2,200,12,200,200
330067,0,30,1,2,0,3,12,5,0,0,0,0,200,0,5,200,0,0,0,200,200
330067,1,30,1,2,0,3,12,5,0,0,0,0,200,0,3,200,200,200,200,200,200
330067,1,30,1,2,0,3,12,5,0,0,0,0,200,1,6,200,200,200,200,200,200
330067,1,30,1,2,0,3,12,5,0,0,0,0,200,0,0,5,200,200,200,200,200
330071,0,30,1,2,0,1,12,5,0,0,0,17,200,0,6,0,1,0,0,200,200
330071,0,30,1,2,0,1,12,5,0,0,0,17,200,0,6,0,0,0,0,200,200
330071,1,30,1,2,0,1,12,5,0,0,0,17,200,200,200,0,200,200,200,200,200
330077,0,30,1,2,0,3,10,3,0,0,0,0,0,2,200,200,200,200,200,200,200
330077,0,30,1,2,0,3,10,3,0,0,0,0,0,0,7,0,12,0,0,200,200
330077,0,30,1,2,0,3,10,3,0,0,0,0,0,1,6,0,12,0,0,200,200
330077,1,30,1,2,0,3,10,3,0,0,0,0,0,1,6,0,200,200,200,200,200
330077,1,30,1,2,0,3,10,3,0,0,0,0,0,0,2,5,200,200,200,200,200
330079,0,30,0,0,0,3,0,5,0,0,0,17,200,0,5,200,1,0,12,200,200
330079,0,30,0,0,0,3,0,5,0,0,0,17,200,0,4,200,0,0,0,200,200
330079,1,30,0,0,0,3,0,5,0,0,0,17,200,0,5,200,200,200,200,200,200
330079,1,30,0,0,0,3,0,5,0,0,0,17,200,1,5,200,200,200,200,200,200
330079,1,30,0,0,0,3,0,5,0,0,0,17,200,1,3,200,200,200,200,200,200
330080,0,30,0,0,0,3,3,5,0,0,0,19,25,0,200,200,9,200,200,200,200
330080,0,30,0,0,0,3,3,5,0,0,0,19,25,1,6,0,0,0,0,200,200
330080,1,30,0,0,0,3,3,5,0,0,0,19,25,1,6,0,200,200,200,200,200
330090,4,25,0,0,0,3,8,5,0,0,0,200,200,0,5,2,1,0,0,200,200
330090,0,25,0,0,0,3,8,5,0,0,0,200,200,0,6,0,0,0,0,200,200
330090,1,25,0,0,0,3,8,5,0,0,0,200,200,0,5,200,200,200,200,200,200
330091,0,30,1,2,0,1,10,2,0,0,200,18,18,1,5,0,8,0,0,200,200
330091,0,30,1,2,0,1,10,2,0,0,200,18,18,0,5,0,0,0,0,200,200
330102,0,30,1,2,0,0,0,2,0,0,0,16,0,0,200,200,1,200,200,200,200
330102,0,30,1,2,0,0,0,2,0,0,0,16,0,0,7,0,0,0,0,200,200
330108,0,30,1,2,0,3,10,5,0,0,0,16,16,1,200,200,1,200,200,200,200
330108,0,30,1,2,0,3,10,5,0,0,0,16,16,1,5,200,0,0,0,200,200
330113,0,30,1,2,0,0,10,5,0,0,0,0,0,0,6,0,0,0,0,200,200
330113,0,30,1,2,0,0,10,5,0,0,0,0,0,1,5,0,0,0,0,200,200
330113,1,30,1,2,0,0,10,5,0,0,0,0,0,0,5,0,200,200,200,200,200
330113,1,30,1,2,0,0,10,5,0,0,0,0,0,1,6,0,200,200,200,200,200
330113,1,30,1,2,0,0,10,5,0,0,0,0,0,1,7,0,200,200,200,200,200
330116,0,30,0,0,0,3,7,6,0,0,0,7,0,0,6,0,15,12,0,200,200
330122,0,30,0,0,0,3,7,6,0,0,0,32,25,0,6,200,12,0,5,200,200
330126,0,30,0,0,0,3,11,5,0,0,0,0,0,0,200,200,200,200,200,200,200
330126,0,30,0,0,0,3,11,5,0,0,0,0,0,0,6,200,0,200,0,200,200
330130,0,30,0,0,0,3,7,5,0,0,0,0,200,2,200,200,200,200,200,200,200
330132,0,30,0,0,0,3,7,5,0,0,0,16,25,0,200,200,200,200,200,200,200
330133,0,30,1,2,0,3,14,6,0,0,0,17,200,0,5,0,1,0,0,200,200
330133,0,30,1,2,0,3,14,6,0,0,0,17,200,0,6,0,0,0,0,200,200
330142,0,35,1,200,0,3,10,3,0,0,200,24,200,2,200,200,200,200,200,200,200
330142,0,35,1,200,0,3,10,3,0,0,200,24,200,0,5,200,200,200,7,200,200
330148,0,30,1,2,0,3,14,5,0,0,0,23,21,0,6,200,7,0,0,200,200
330148,0,30,1,2,0,3,14,5,0,0,0,23,21,0,6,2,0,0,0,200,200
330148,1,30,1,2,0,3,14,5,0,0,0,23,21,0,5,0,200,200,200,200,200
330151,0,30,1,2,0,3,10,2,2,0,0,0,0,0,0,0,8,0,0,200,200
330151,0,30,1,2,0,3,10,2,2,0,0,0,0,1,200,200,5,200,200,200,200
330151,1,30,1,2,0,3,10,2,2,0,0,0,0,1,6,0,200,200,200,200,200
330151,1,30,1,2,0,3,10,2,2,0,0,0,0,1,2,0,200,200,200,200,200
330154,0,30,0,0,0,3,7,5,0,0,0,25,25,0,200,200,200,200,200,200,200
330155,0,30,0,0,0,3,7,5,0,0,200,11,0,0,5,200,200,200,0,200,200
330157,0,45,0,0,0,3,12,12,0,0,0,0,200,2,200,200,200,200,200,200,200
330157,0,45,0,0,0,3,12,12,0,0,0,0,200,1,5,0,200,200,0,200,200
330162,0,30,0,0,0,3,12,2,0,0,0,22,0,0,6,200,4,0,0,200,200
330162,0,30,0,0,0,3,12,2,0,0,0,22,0,0,6,200,0,0,0,200,200
330162,1,30,0,0,0,3,12,2,0,0,0,22,0,1,6,200,200,200,200,200,200
330162,1,30,0,0,0,3,12,2,0,0,0,22,0,0,3,200,200,200,200,200,200
330162,1,30,0,0,0,3,12,2,0,0,0,22,0,0,1,200,200,200,200,200,200
330162,1,30,0,0,0,3,12,2,0,0,0,22,0,0,2,200,200,200,200,200,200
330164,0,20,0,0,0,3,7,6,0,0,0,0,0,1,5,0,12,0,0,200,200
330165,0,30,0,0,0,3,7,3,0,0,0,21,200,0,200,200,2,200,200,200,200
330167,0,30,0,0,0,3,12,2,0,0,0,23,11,0,200,200,4,200,200,200,200
330167,0,30,0,0,0,3,12,2,0,0,0,23,11,0,5,0,0,0,0,200,200
330167,1,30,0,0,0,3,12,2,0,0,0,23,11,1,200,0,200,200,200,200,200
330167,1,30,0,0,0,3,12,2,0,0,0,23,11,2,200,200,200,200,200,200,200
330173,0,40,0,0,0,0,12,3,5,0,1,25,0,2,200,200,200,200,200,200,200
330173,0,40,0,0,0,0,12,3,5,0,1,25,0,0,6,0,0,0,0,200,200
330175,0,30,0,2,0,3,10,7,0,0,0,17,27,0,200,200,3,200,200,200,200
330175,0,30,0,2,0,3,10,7,0,0,0,17,27,0,6,0,0,0,0,200,200
330176,0,30,1,2,0,3,12,2,0,0,0,0,0,0,5,200,200,200,200,200,200
330176,0,30,1,2,0,3,12,2,0,0,0,0,0,0,5,0,0,0,0,200,200
330187,0,5,0,0,0,0,2,7,0,200,200,0,200,0,6,200,200,200,0,200,200
330188,0,30,0,0,200,3,7,2,0,200,200,10,200,1,5,200,9,200,200,200,200
330189,0,30,1,2,0,3,12,2,0,0,0,0,200,0,6,200,2,0,0,200,200
330189,0,30,1,2,0,3,12,2,0,0,0,0,200,0,6,200,0,0,0,200,200
330189,1,30,1,2,0,3,12,2,0,0,0,0,200,0,5,200,200,200,200,200,200
330189,1,30,1,2,0,3,12,2,0,0,0,0,200,0,5,200,200,200,200,200,200
330189,1,30,1,2,0,3,12,2,0,0,0,0,200,0,5,200,200,200,200,200,200
330193,0,30,0,0,0,0,7,2,0,0,200,16,21,1,5,200,12,200,0,200,200
330193,1,30,0,0,0,0,7,2,0,0,200,16,21,1,6,200,200,200,200,200,200
330196,0,30,1,2,0,3,14,2,0,0,0,0,0,2,200,200,1,200,200,200,200
330196,0,30,1,2,0,3,14,2,0,0,0,0,0,0,7,200,12,0,0,200,200
330197,0,30,200,200,0,3,10,2,0,0,0,0,200,0,4,200,0,0,0,200,200
330197,0,30,200,200,0,3,10,2,0,0,0,0,200,0,6,200,0,0,0,200,200
330205,0,30,1,2,0,3,12,5,0,0,0,18,11,0,6,200,3,0,0,200,200
330205,0,30,1,2,0,3,12,5,0,0,0,18,11,0,5,200,0,0,0,200,200
330208,0,30,1,2,0,3,10,5,0,0,0,16,27,0,200,200,1,200,200,200,200
330208,0,30,1,2,0,3,10,5,0,0,0,16,27,0,6,200,0,0,200,200,200
330210,0,25,200,200,0,0,7,2,0,0,200,0,0,2,200,200,200,200,200,200,200
330219,0,30,0,0,0,3,12,5,0,0,0,22,0,1,200,200,4,200,200,200,200
330219,0,30,0,0,0,3,12,5,0,0,0,22,0,0,5,200,0,0,0,200,200
330225,0,25,0,0,0,3,7,5,0,0,0,0,200,2,200,200,200,200,200,200,200
330225,1,25,0,0,0,3,7,5,0,0,0,0,200,200,200,200,200,200,200,200,200
330230,0,30,0,0,0,2,7,5,0,0,0,12,0,0,5,0,12,0,0,200,200
330232,0,30,1,2,0,3,10,5,0,0,0,6,16,0,200,200,5,200,200,200,200
330232,0,30,1,2,0,3,10,5,0,0,0,6,16,1,7,0,0,0,0,200,200
330236,1,30,0,0,0,2,7,5,0,12,12,0,0,0,200,200,200,200,200,200,200
330236,0,30,0,0,0,2,7,5,0,12,12,0,0,0,200,200,200,200,200,200,200
330236,1,30,0,0,0,2,7,5,0,12,12,0,0,0,200,200,200,200,200,200,200
330237,0,30,0,0,0,2,7,2,0,0,0,0,0,1,4,200,200,0,0,200,200
330246,0,35,0,0,0,3,12,5,0,0,0,17,0,0,200,200,1,200,200,200,200
330246,0,35,0,0,0,3,12,5,0,0,0,17,0,0,5,0,5,200,0,200,200
330247,0,35,1,2,0,2,2,5,0,0,0,27,200,0,6,200,200,0,12,200,200
330255,0,25,1,2,0,2,12,5,0,0,200,23,0,0,200,0,7,200,200,200,200
330255,0,25,1,2,0,2,12,5,0,0,200,23,0,0,5,0,0,0,0,200,200
330259,0,35,0,0,0,200,7,2,0,0,0,0,200,2,200,200,200,200,200,200,200
330262,0,25,0,0,0,200,7,5,0,0,0,200,200,2,200,200,200,200,200,200,200
330265,0,30,0,0,0,1,14,2,0,0,0,22,200,1,5,0,4,0,0,200,200
330265,0,30,0,0,0,1,14,2,0,0,0,22,200,0,9,0,0,0,0,200,200
330266,0,30,0,0,0,1,2,2,0,0,0,0,0,0,200,200,200,200,200,200,200
330266,1,30,0,0,0,1,2,2,0,0,0,0,0,1,200,200,200,200,200,200,200
330274,0,30,0,0,0,2,7,5,0,0,0,200,200,0,200,200,200,200,200,200,200
330274,1,30,0,0,0,2,7,5,0,0,0,200,200,1,200,200,200,200,200,200,200
330275,0,30,0,0,0,2,7,2,0,0,0,0,200,2,200,200,200,200,200,200,200
330280,0,30,0,0,0,2,7,5,0,0,0,11,20,0,4,0,200,200,0,200,200
330280,1,30,0,0,0,2,7,5,0,0,0,11,20,0,200,0,200,200,200,200,200
330281,0,30,2,12,0,1,0,2,0,0,200,5,200,2,200,200,12,200,200,200,200
330281,0,30,2,12,0,1,0,2,0,0,200,5,200,0,6,200,0,200,0,200,200
330284,0,30,0,0,0,1,12,2,0,0,0,21,21,1,8,200,4,0,0,200,200
330284,0,30,0,0,0,1,12,2,0,0,0,21,21,0,7,0,0,0,0,200,200
330285,0,35,0,0,0,1,7,6,0,0,0,0,0,0,5,200,8,0,2,200,200
330290,0,30,2,2,0,1,10,5,0,200,200,18,11,0,200,0,0,200,0,200,200
330290,0,30,2,2,0,1,10,5,0,200,200,18,11,0,200,200,200,200,200,200,200
330300,0,30,1,2,0,1,14,12,0,0,0,6,0,0,200,200,5,200,200,200,200
330300,0,30,1,2,0,1,14,12,0,0,0,6,0,1,5,0,200,0,0,200,200
330300,1,30,1,2,0,1,14,12,0,0,0,6,0,1,5,0,200,200,200,200,200
330300,1,30,1,2,0,1,14,12,0,0,0,6,0,1,200,0,200,200,200,200,200
330302,0,30,200,200,200,200,7,6,0,200,200,0,0,2,200,200,200,200,200,200,200
330308,0,30,0,0,0,1,2,0,0,0,0,0,0,2,200,200,200,200,200,200,200
330322,0,30,0,0,0,1,14,2,0,0,0,17,200,0,200,200,1,200,200,200,200
330322,0,30,0,0,0,1,14,2,0,0,0,17,200,0,6,0,0,0,0,200,200
330323,0,30,0,0,0,200,7,2,0,0,0,18,0,2,200,200,3,200,200,200,200
330327,0,30,0,0,0,1,7,5,0,0,0,11,200,1,7,0,200,200,0,200,200
330329,0,10,0,0,0,1,7,7,0,0,0,0,0,2,200,200,200,200,200,200,200
330332,0,30,2,2,0,1,14,5,0,0,0,0,0,1,6,0,1,0,0,200,200
330332,0,30,2,2,0,1,14,5,0,0,0,0,0,1,7,0,0,0,0,200,200
330339,0,30,2,2,0,1,0,2,0,0,0,17,5,0,8,200,1,0,0,200,200
330339,0,30,2,2,0,1,0,2,0,0,0,17,5,1,6,200,12,0,0,200,200
330352,0,30,0,0,0,1,11,2,0,0,0,0,200,0,5,200,200,200,200,200,200
330352,0,30,0,0,0,1,11,2,0,0,0,0,200,0,6,0,0,200,0,200,200
330352,0,30,0,0,0,1,11,2,0,0,0,0,200,0,7,0,0,0,0,200,200
330352,1,30,0,0,0,1,11,2,0,0,0,0,200,1,1,0,200,200,200,200,200
330352,1,30,0,0,0,1,11,2,0,0,0,0,200,1,1,0,200,200,200,200,200
330355,0,30,1,2,0,1,10,5,0,0,0,18,0,1,5,0,3,0,0,200,200
330355,0,30,1,2,0,1,10,5,0,0,0,18,0,0,6,0,0,0,0,200,200
330371,0,30,0,0,0,1,0,6,0,0,0,0,0,0,7,200,0,200,12,200,200
330371,0,30,0,0,0,1,0,6,0,0,0,0,0,0,6,200,200,200,200,200,200
330379,0,32,1,2,0,1,12,2,0,0,0,22,200,1,9,0,2,0,0,200,200
330379,0,32,1,2,0,1,12,2,0,0,0,22,200,0,5,0,0,0,0,200,200
330379,1,32,1,2,0,1,12,2,0,0,0,22,200,1,5,0,200,200,200,200,200
330386,0,35,0,0,0,1,9,5,0,0,0,200,200,0,7,200,200,200,200,200,200
330386,5,35,0,0,0,1,9,5,0,0,0,200,200,1,6,7,200,200,200,200,200
330391,0,30,0,200,0,1,10,2,0,0,0,16,0,0,6,0,12,200,0,200,200
330391,0,30,0,200,0,1,10,2,0,0,0,16,0,0,6,0,0,200,0,200,200
330391,0,30,0,200,0,1,10,2,0,0,0,16,0,1,7,0,0,200,0,200,200
330397,0,0,0,0,0,1,7,7,0,0,0,0,200,2,200,200,200,200,200,200,200
330400,0,30,0,0,0,3,7,7,0,0,0,0,200,2,200,200,200,200,200,200,200
330401,0,30,0,0,0,200,7,5,0,0,0,0,0,2,200,200,200,200,200,200,200
330403,0,30,0,0,0,1,7,6,0,0,0,0,0,0,200,200,7,200,200,200,200
330404,0,30,0,0,0,3,7,2,0,0,0,0,200,2,200,200,200,200,200,200,200
330406,0,30,0,0,200,200,11,5,0,200,200,0,200,0,5,200,2,200,200,200,200
330406,0,30,0,0,200,200,11,5,0,200,200,0,200,1,7,0,0,200,0,200,200
330406,1,30,0,0,200,200,11,5,0,200,200,0,200,2,200,200,200,200,200,200,200
330406,1,30,0,0,200,200,11,5,0,200,200,0,200,2,200,200,200,200,200,200,200
330419,0,30,200,200,200,200,7,6,0,200,200,0,0,2,200,200,200,200,200,200,200
330432,0,25,0,0,0,1,12,5,0,0,0,17,200,1,5,0,200,0,0,200,200
330432,0,25,0,0,0,1,12,5,0,0,0,17,200,0,6,0,0,0,0,200,200
330438,0,35,0,0,0,1,7,5,0,0,0,0,0,2,200,200,0,200,200,200,200
330459,0,30,2,2,0,1,10,3,2,1,12,28,29,0,6,0,12,0,0,200,200
330459,0,30,2,2,0,1,10,3,2,1,12,28,29,1,6,0,0,0,0,200,200
330459,1,30,2,2,0,1,10,3,2,1,12,28,29,1,2,0,200,200,200,200,200
330459,1,30,2,2,0,1,10,3,2,1,12,28,29,0,2,0,200,200,200,200,200
330459,1,30,2,2,0,1,10,3,2,1,12,28,29,0,1,0,200,200,200,200,200
330459,1,30,2,2,0,1,10,3,2,1,12,28,29,0,0,5,200,200,200,200,200
330468,0,25,0,0,0,1,7,5,0,0,0,11,200,0,6,3,7,0,0,200,200
330473,0,25,1,2,0,1,12,6,0,0,0,0,0,0,7,200,200,200,200,200,200
330473,0,25,1,2,0,1,12,6,0,0,0,0,0,0,6,0,0,0,0,200,200
330473,1,25,1,2,0,1,12,6,0,0,0,0,0,1,1,5,200,200,200,200,200
330477,0,30,1,2,0,1,10,5,0,0,0,18,0,0,7,0,1,200,200,200,200
330477,0,30,1,2,0,1,10,5,0,0,0,18,0,0,6,0,0,0,0,200,200
330480,0,20,0,0,0,1,7,6,0,0,0,12,0,0,7,0,12,0,0,200,200
330481,0,30,1,2,0,1,14,5,0,0,0,18,0,0,6,0,3,0,0,200,200
330481,0,30,1,2,0,1,14,5,0,0,0,18,0,1,6,0,0,0,0,200,200
330481,1,30,1,2,0,1,14,5,0,0,0,18,0,0,6,0,200,200,200,200,200
330481,1,30,1,2,0,1,14,5,0,0,0,18,0,0,2,0,200,200,200,200,200
330481,1,30,1,2,0,1,14,5,0,0,0,18,0,1,2,0,200,200,200,200,200
330483,0,30,2,2,0,1,0,12,0,0,0,0,0,1,6,0,1,200,0,200,200
330483,0,30,2,2,0,1,0,12,0,0,0,0,0,0,6,0,0,0,0,200,200
330483,1,30,2,2,0,1,0,12,0,0,0,0,0,1,6,0,200,200,200,200,200
330483,1,30,2,2,0,1,0,12,0,0,0,0,0,0,1,0,200,200,200,200,200
330490,0,30,1,2,0,1,14,8,0,0,0,0,0,1,6,0,200,0,0,200,200
330490,0,30,1,2,0,1,14,8,0,0,0,0,0,1,6,0,200,0,0,200,200
330493,0,15,10,2,0,1,7,6,0,0,0,0,0,2,200,200,200,200,200,200,200
330496,0,30,2,2,0,3,11,6,0,0,0,0,200,1,5,0,0,0,0,200,200
330496,0,30,2,2,0,3,11,6,0,0,0,0,200,1,5,0,0,0,0,200,200
330498,0,30,0,0,0,1,12,2,0,0,0,22,16,0,6,0,2,0,0,200,200
330498,0,30,0,0,0,1,12,2,0,0,0,22,16,0,6,3,0,0,0,200,200
330498,1,30,0,0,0,1,12,2,0,0,0,22,16,0,5,7,200,200,200,200,200
330498,1,30,0,0,0,1,12,2,0,0,0,22,16,1,5,0,200,200,200,200,200