RD_NO,PERSON_TYPE,POSTED_SPEED_LIMIT,TRAFFIC_CONTROL_DEVICE,DEVICE_CONDITION,WEATHER_CONDITION,LIGHTING_CONDITION,FIRST_CRASH_TYPE,TRAFFICWAY_TYPE,ALIGNMENT,ROADWAY_SURFACE_COND,ROAD_DEFECT,PRIM_CONTRIBUTORY_CAUSE,SEC_CONTRIBUTORY_CAUSE,SEX,AGE,SAFETY_EQUIPMENT,DRIVER_ACTION,DRIVER_VISION,PHYSICAL_CONDITION,BAC_RESULT VALUE,CELL_PHONE_USE
330499,0,30,0,0,0,1,12,5,0,0,200,0,0,1,6,200,200,200,0,200,200
330499,0,30,0,0,0,1,12,5,0,0,200,0,0,0,200,200,200,200,200,200,200
330509,0,30,0,0,0,1,10,3,0,0,0,11,200,1,5,0,10,0,0,200,200
330509,0,30,0,0,0,1,10,3,0,0,0,11,200,1,6,0,0,0,0,200,200
330510,0,25,0,0,0,1,7,5,0,0,0,17,200,2,200,200,1,200,200,200,200
330512,0,30,1,2,0,1,10,5,0,0,0,18,200,1,5,0,3,200,200,200,200
330512,0,30,1,2,0,1,10,5,0,0,0,18,200,1,6,0,0,0,0,200,200
330512,1,30,1,2,0,1,10,5,0,0,0,18,200,1,2,1,200,200,200,200,200
330519,0,30,2,2,0,1,0,5,0,0,0,17,200,0,5,0,1,0,0,200,200
330519,0,30,2,2,0,1,0,5,0,0,0,17,200,1,6,7,0,0,0,200,200
330522,0,15,0,0,0,1,9,7,0,0,0,33,200,1,5,0,6,6,0,200,200
330522,5,15,0,0,0,1,9,7,0,0,0,33,200,1,7,7,0,0,0,200,200
330523,0,30,0,0,0,4,5,2,0,0,1,0,200,1,7,0,0,200,200,200,200
330527,0,40,1,2,0,1,10,3,0,0,0,18,200,0,200,200,3,200,200,200,200
330527,0,40,1,2,0,1,10,3,0,0,0,18,200,0,7,0,0,0,0,200,200
330530,0,30,0,0,0,1,10,5,0,0,0,0,0,1,200,0,200,0,0,200,200
330530,0,30,0,0,0,1,10,5,0,0,0,0,0,0,7,0,0,0,0,200,200
330536,0,30,0,0,0,1,10,5,0,0,0,18,200,0,6,0,3,0,0,200,200
330536,0,30,0,0,0,1,10,5,0,0,0,18,200,0,5,0,0,0,0,200,200
330536,1,30,0,0,0,1,10,5,0,0,0,18,200,1,5,0,200,200,200,200,200
330536,1,30,0,0,0,1,10,5,0,0,0,18,200,1,1,0,200,200,200,200,200
330540,0,30,1,2,0,1,10,3,0,0,0,16,200,0,200,200,8,200,200,200,200
330540,0,30,1,2,0,1,10,3,0,0,0,16,200,1,6,0,0,0,0,200,200
330540,1,30,1,2,0,1,10,3,0,0,0,16,200,0,200,200,200,200,200,200,200
330543,0,30,1,2,0,1,11,2,0,0,0,17,17,2,200,200,1,200,200,200,200
330543,0,30,1,2,0,1,11,2,0,0,0,17,17,0,6,0,0,0,0,200,200
330557,0,30,1,2,0,1,14,6,0,0,0,6,16,0,200,200,5,200,200,200,200
330557,0,30,1,2,0,1,14,6,0,0,0,6,16,1,7,200,0,0,0,200,200
330561,0,15,0,0,0,1,7,7,0,0,0,200,200,0,7,0,10,0,0,200,200
330566,0,30,0,0,0,1,14,5,0,0,0,0,200,0,7,200,200,200,0,200,200
330566,0,30,0,0,0,1,14,5,0,0,0,0,200,0,6,200,0,200,0,200,200
330566,1,30,0,0,0,1,14,5,0,0,0,0,200,1,7,200,200,200,200,200,200
330567,0,30,200,200,0,1,8,5,0,0,0,17,200,1,7,200,200,200,200,200,200
330567,4,30,200,200,0,1,8,5,0,0,0,17,200,1,6,3,0,0,0,200,200
330572,0,30,0,0,0,1,12,6,0,0,0,0,200,0,200,200,0,200,200,200,200
330572,0,30,0,0,0,1,12,6,0,0,0,0,200,0,7,7,0,0,0,200,200
330572,1,30,0,0,0,1,12,6,0,0,0,0,200,200,200,7,200,200,200,200,200
330573,0,35,2,2,0,1,11,5,0,0,0,200,200,0,6,200,200,200,0,200,200
330573,0,35,2,2,0,1,11,5,0,0,0,200,200,1,6,200,0,0,0,200,200
330579,0,25,0,0,0,3,2,5,0,0,0,0,200,1,6,0,200,200,0,200,200
330579,3,25,0,0,0,3,2,5,0,0,0,0,200,0,200,200,200,200,200,200,200
330582,0,30,1,2,0,1,14,3,0,0,0,17,16,0,6,200,0,0,0,200,200
330582,0,30,1,2,0,1,14,3,0,0,0,17,16,0,7,0,1,0,0,200,200
330582,1,30,1,2,0,1,14,3,0,0,0,17,16,0,0,200,200,200,200,200,200
330582,1,30,1,2,0,1,14,3,0,0,0,17,16,1,6,0,200,200,200,200,200
330582,1,30,1,2,0,1,14,3,0,0,0,17,16,1,2,0,200,200,200,200,200
330582,1,30,1,2,0,1,14,3,0,0,0,17,16,1,7,0,200,200,200,200,200
330584,0,15,0,0,0,1,14,6,0,0,0,0,0,1,6,0,200,0,0,200,200
330584,0,15,0,0,0,1,14,6,0,0,0,0,0,1,5,0,200,0,0,200,200
330587,0,35,1,2,0,1,14,2,2,0,0,17,17,0,8,0,1,0,0,200,200
330587,0,35,1,2,0,1,14,2,2,0,0,17,17,0,5,0,0,0,0,200,200
330587,1,35,1,2,0,1,14,2,2,0,0,17,17,1,7,0,200,200,200,200,200
330591,0,35,1,2,0,1,10,2,0,200,200,18,18,2,200,200,3,200,200,200,200
330591,0,35,1,2,0,1,10,2,0,200,200,18,18,0,7,200,0,200,200,200,200
330593,0,30,0,0,0,1,10,3,0,0,200,17,200,0,5,0,1,200,0,200,200
330593,0,30,0,0,0,1,10,3,0,0,200,17,200,0,5,0,0,200,0,200,200
330595,0,30,0,0,0,1,7,5,0,0,0,0,0,2,200,200,200,200,200,200,200
330597,0,15,0,0,0,1,7,7,0,0,0,0,0,0,200,200,200,200,200,200,200
330605,0,30,0,0,0,1,12,2,0,0,0,0,0,0,5,200,2,200,200,200,200
330605,0,30,0,0,0,1,12,2,0,0,0,0,0,0,8,0,0,0,0,200,200
330605,1,30,0,0,0,1,12,2,0,0,0,0,0,1,8,0,200,200,200,200,200
330607,0,30,200,200,0,1,10,5,0,0,200,0,200,0,200,200,200,200,200,200,200
330607,0,30,200,200,0,1,10,5,0,0,200,0,200,1,6,200,200,200,0,200,200
330611,0,30,1,2,0,1,12,5,0,0,0,21,200,1,5,200,4,0,0,200,200
330611,0,30,1,2,0,1,12,5,0,0,0,21,200,0,6,200,0,0,0,200,200
330611,1,30,1,2,0,1,12,5,0,0,0,21,200,0,200,200,200,200,200,200,200
330612,0,30,2,2,0,1,14,5,0,0,0,17,16,1,7,200,1,0,0,200,200
330612,0,30,2,2,0,1,14,5,0,0,0,17,16,0,7,200,0,0,0,200,200
330615,0,30,0,0,0,1,7,5,0,0,0,0,200,0,200,0,200,200,0,200,200
330621,0,30,1,2,0,1,12,5,0,0,0,0,200,0,6,0,2,0,0,200,200
330621,0,30,1,2,0,1,12,5,0,0,0,0,200,1,5,0,0,0,0,200,200
330623,0,25,0,0,0,1,12,6,0,0,0,11,7,0,6,1,12,0,0,200,200
330623,0,25,0,0,0,1,12,6,0,0,0,11,7,1,8,0,0,0,0,200,200
330623,1,25,0,0,0,1,12,6,0,0,0,11,7,0,200,200,200,200,200,200,200
330625,0,30,0,0,0,3,7,6,0,0,0,20,16,2,200,200,6,200,200,200,200
330633,0,30,0,0,0,0,12,2,0,200,200,17,0,0,6,200,1,0,0,200,200
330633,0,30,0,0,0,0,12,2,0,200,200,17,0,0,6,200,0,0,0,200,200
330642,0,30,1,1,0,1,14,5,0,0,0,17,23,1,8,0,1,1,0,200,200
330642,0,30,1,1,0,1,14,5,0,0,0,17,23,1,7,0,0,1,0,200,200
330642,1,30,1,1,0,1,14,5,0,0,0,17,23,0,4,0,200,200,200,200,200
330646,0,30,0,0,0,1,7,5,0,0,0,25,200,0,200,200,12,200,200,200,200
330648,0,0,0,0,0,1,7,7,0,0,0,0,200,2,200,200,200,200,200,200,200
330650,0,30,0,0,0,1,10,3,0,0,0,0,33,0,5,200,12,200,200,200,200
330650,0,30,0,0,0,1,10,3,0,0,0,0,33,1,6,0,0,0,0,200,200
330652,0,20,0,0,0,1,12,2,0,0,0,17,0,1,5,200,1,200,0,200,200
330652,0,20,0,0,0,1,12,2,0,0,0,17,0,0,5,200,0,200,0,200,200
330654,0,15,0,0,0,1,0,7,0,0,0,20,0,0,200,200,6,200,200,200,200
330654,0,15,0,0,0,1,0,7,0,0,0,20,0,0,6,0,0,0,0,200,200
330654,1,15,0,0,0,1,0,7,0,0,0,20,0,1,6,0,200,200,200,200,200
330655,0,30,1,2,0,1,10,5,0,0,0,8,200,1,5,1,12,0,1,200,200
330655,0,30,1,2,0,1,10,5,0,0,0,8,200,1,200,200,0,200,200,200,200
330655,1,30,1,2,0,1,10,5,0,0,0,8,200,0,1,0,200,200,200,200,200
330657,0,10,0,0,0,1,7,7,0,0,200,0,0,2,200,200,200,200,200,200,200
330661,0,30,200,200,0,1,14,5,0,200,200,0,200,0,6,200,200,200,0,200,200
330661,0,30,200,200,0,1,14,5,0,200,200,0,200,1,6,200,200,200,0,200,200
330661,1,30,200,200,0,1,14,5,0,200,200,0,200,0,200,200,200,200,200,200,200
330661,1,30,200,200,0,1,14,5,0,200,200,0,200,0,200,200,200,200,200,200,200
330662,0,30,0,0,0,1,10,5,0,0,0,18,200,2,200,200,3,200,200,200,200
330662,0,30,0,0,0,1,10,5,0,0,0,18,200,0,6,200,200,0,0,200,200
330662,1,30,0,0,0,1,10,5,0,0,0,18,200,1,200,200,200,200,200,200,200
330662,1,30,0,0,0,1,10,5,0,0,0,18,200,1,200,200,200,200,200,200,200
330662,1,30,0,0,0,1,10,5,0,0,0,18,200,1,2,200,200,200,200,200,200
330667,0,30,2,2,0,1,10,6,0,200,200,0,200,0,7,200,1,200,200,200,200
330667,0,30,2,2,0,1,10,6,0,200,200,0,200,1,200,0,0,0,0,200,200
330668,0,0,1,2,0,1,10,5,0,0,0,0,0,0,200,200,200,200,200,200,200
330668,0,0,1,2,0,1,10,5,0,0,0,0,0,0,7,200,0,200,0,200,200
330668,0,0,1,2,0,1,10,5,0,0,0,0,0,1,8,200,0,0,0,200,200
330671,0,30,0,0,0,1,0,5,0,0,0,0,200,1,5,0,200,200,0,200,200
330671,0,30,0,0,0,1,0,5,0,0,0,0,200,1,5,0,200,0,0,200,200
330673,0,30,0,0,0,1,0,0,0,0,200,11,200,1,6,0,1,0,0,200,200
330673,0,30,0,0,0,1,0,0,0,0,200,11,200,1,4,0,0,0,0,200,200
330674,0,30,0,0,0,1,7,5,0,200,200,0,0,2,200,200,200,200,200,200,200
330678,0,30,1,2,0,1,10,5,0,0,200,18,200,0,5,200,3,200,200,200,200
330678,0,30,1,2,0,1,10,5,0,0,200,18,200,0,7,0,0,0,0,200,200
330679,0,30,0,0,0,4,10,5,0,0,0,0,0,0,6,200,200,200,200,200,200
330679,0,30,0,0,0,4,10,5,0,0,0,0,0,0,8,0,0,0,0,200,200
330681,0,0,0,0,0,1,7,7,0,0,0,0,0,2,200,200,200,200,200,200,200
330690,0,30,1,2,0,1,10,5,0,0,200,0,200,0,200,200,3,200,200,200,200
330690,0,30,1,2,0,1,10,5,0,0,200,0,200,1,7,0,0,0,0,200,200
330697,0,5,0,0,0,1,7,0,0,0,0,0,0,0,200,200,200,200,200,200,200
330710,0,30,0,0,0,1,7,2,0,0,0,12,0,0,6,200,200,0,0,200,200
330710,1,30,0,0,0,1,7,2,0,0,0,12,0,1,6,200,200,200,200,200,200
330713,0,30,0,0,0,1,12,2,0,0,0,0,200,0,6,0,4,0,0,200,200
330713,0,30,0,0,0,1,12,2,0,0,0,0,200,1,4,0,0,0,0,200,200
330713,1,30,0,0,0,1,12,2,0,0,0,0,200,0,200,0,200,200,200,200,200
330717,0,10,0,0,0,1,7,6,0,0,0,22,11,0,200,200,2,200,200,200,200
330717,1,10,0,0,0,1,7,6,0,0,0,22,11,0,5,0,200,200,200,200,200
330720,0,30,0,0,0,1,7,4,0,0,2,11,11,1,9,0,0,0,0,200,200
330725,0,30,1,2,0,1,14,2,0,0,0,17,14,1,4,200,1,200,200,200,200
330725,0,30,1,2,0,1,14,2,0,0,0,17,14,0,5,200,8,200,200,200,200
330725,1,30,1,2,0,1,14,2,0,0,0,17,14,1,200,5,200,200,200,200,200
330725,1,30,1,2,0,1,14,2,0,0,0,17,14,1,200,0,200,200,200,200,200
330727,0,30,1,2,200,200,12,5,0,200,200,0,200,0,5,200,200,200,200,200,200
330727,0,30,1,2,200,200,12,5,0,200,200,0,200,0,5,200,200,200,200,200,200
330728,0,30,1,2,0,1,12,2,0,0,0,0,200,1,200,200,4,200,200,200,200
330728,0,30,1,2,0,1,12,2,0,0,0,0,200,1,6,0,0,0,0,200,200
330729,0,25,0,0,0,1,0,5,0,0,0,11,0,0,200,0,1,0,0,200,200
330729,0,25,0,0,0,1,0,5,0,0,0,11,0,0,5,0,12,0,0,200,200
330729,1,25,0,0,0,1,0,5,0,0,0,11,0,0,200,0,200,200,200,200,200
330730,0,30,0,0,0,1,0,5,0,0,0,17,20,0,4,0,6,0,0,200,200
330730,0,30,0,0,0,1,0,5,0,0,0,17,20,0,5,0,0,0,0,200,200
330732,0,30,0,0,0,1,12,5,0,0,200,11,200,0,6,0,1,0,0,200,200
330732,0,30,0,0,0,1,12,5,0,0,200,11,200,1,200,200,0,200,200,200,200
330733,0,30,0,0,0,3,7,2,0,0,200,0,0,2,200,200,200,200,200,200,200
330744,0,30,0,0,0,1,7,6,0,0,0,20,20,0,200,200,6,200,200,200,200
330750,0,30,2,0,0,1,10,2,0,0,0,18,200,0,7,200,3,0,0,200,200
330750,0,30,2,0,0,1,10,2,0,0,0,18,200,1,5,200,200,0,0,200,200
330755,0,30,1,2,0,1,12,3,0,0,0,22,200,0,7,0,0,0,0,200,200
330755,0,30,1,2,0,1,12,3,0,0,0,22,200,1,6,0,4,0,0,200,200
330755,1,30,1,2,0,1,12,3,0,0,0,22,200,0,5,0,200,200,200,200,200
330757,0,30,1,2,0,1,14,5,0,0,0,0,0,1,5,0,0,0,0,200,200
330757,0,30,1,2,0,1,14,5,0,0,0,0,0,0,7,0,0,0,0,200,200
330757,1,30,1,2,0,1,14,5,0,0,0,0,0,1,200,0,200,200,200,200,200
330757,1,30,1,2,0,1,14,5,0,0,0,0,0,1,200,0,200,200,200,200,200
330757,1,30,1,2,0,1,14,5,0,0,0,0,0,1,200,0,200,200,200,200,200
330765,0,25,1,2,0,1,12,6,0,0,0,0,200,0,200,200,200,200,200,200,200
330765,0,25,1,2,0,1,12,6,0,0,0,0,200,0,6,0,0,0,0,200,200
330765,1,25,1,2,0,1,12,6,0,0,0,0,200,0,2,0,200,200,200,200,200
330765,1,25,1,2,0,1,12,6,0,0,0,0,200,1,2,0,200,200,200,200,200
330769,0,30,0,0,0,1,14,5,0,0,0,200,200,2,200,200,0,200,200,200,200
330769,0,30,0,0,0,1,14,5,0,0,0,200,200,0,5,0,0,0,0,200,200
330769,1,30,0,0,0,1,14,5,0,0,0,200,200,1,200,0,200,200,200,200,200
330769,1,30,0,0,0,1,14,5,0,0,0,200,200,1,200,0,200,200,200,200,200
330769,1,30,0,0,0,1,14,5,0,0,0,200,200,0,200,5,200,200,200,200,200
330770,0,30,1,2,0,1,14,5,0,0,0,0,11,0,9,200,200,200,0,200,200
330770,0,30,1,2,0,1,14,5,0,0,0,0,11,0,6,200,200,200,0,200,200
330771,0,30,0,0,0,1,12,6,0,0,0,0,200,0,5,0,12,12,0,200,200
330771,0,30,0,0,0,1,12,6,0,0,0,0,200,1,6,0,0,0,0,200,200
330771,1,30,0,0,0,1,12,6,0,0,0,0,200,1,6,0,200,200,200,200,200
330772,0,30,0,0,0,1,10,5,0,0,0,18,200,0,6,0,3,0,0,200,200
330772,0,30,0,0,0,1,10,5,0,0,0,18,200,0,7,0,0,0,0,200,200
330772,1,30,0,0,0,1,10,5,0,0,0,18,200,1,7,0,200,200,200,200,200
330776,0,30,1,2,0,1,0,6,0,0,0,6,6,0,6,0,1,0,0,200,200
330776,0,30,1,2,0,1,0,6,0,0,0,6,6,0,6,0,0,0,0,200,200
330776,1,30,1,2,0,1,0,6,0,0,0,6,6,1,6,0,200,200,200,200,200
330776,1,30,1,2,0,1,0,6,0,0,0,6,6,1,2,0,200,200,200,200,200
330776,1,30,1,2,0,1,0,6,0,0,0,6,6,1,2,0,200,200,200,200,200
330776,1,30,1,2,0,1,0,6,0,0,0,6,6,0,3,0,200,200,200,200,200
330781,0,1,1,0,0,1,10,6,0,0,200,18,0,1,200,200,3,200,200,200,200
330781,0,1,1,0,0,1,10,6,0,0,200,18,0,0,5,1,0,0,0,200,200
330782,0,40,1,2,0,1,10,2,0,0,0,8,0,1,200,200,1,200,200,200,200
330782,0,40,1,2,0,1,10,2,0,0,0,8,0,0,7,0,0,0,0,200,200
330783,0,15,0,0,0,1,0,7,0,0,200,17,200,0,6,0,1,200,0,200,200
330783,0,15,0,0,0,1,0,7,0,0,200,17,200,0,6,0,0,200,0,200,200
330785,0,30,1,2,0,1,0,5,0,0,0,6,6,0,200,200,5,200,200,200,200
330785,0,30,1,2,0,1,0,5,0,0,0,6,6,1,5,0,0,0,0,200,200
330800,0,30,0,0,0,1,11,5,0,0,0,200,200,1,7,7,0,0,0,200,200
330800,0,30,0,0,0,1,11,5,0,0,0,200,200,0,7,7,0,0,0,200,200
330802,0,30,0,0,0,1,7,5,0,0,200,20,11,0,9,0,6,0,0,200,200
330806,0,30,1,2,0,1,12,5,0,0,0,22,22,0,200,200,4,200,200,200,200
330806,0,30,1,2,0,1,12,5,0,0,0,22,22,0,6,200,0,200,0,200,200
330812,0,30,0,0,0,0,7,6,0,0,0,0,0,1,200,200,200,200,200,200,200
330814,0,25,0,2,0,1,7,6,0,0,0,21,200,0,6,200,2,0,0,200,200
330819,0,40,0,0,0,1,12,3,0,0,0,21,0,0,6,200,4,200,0,200,200
330819,0,40,0,0,0,1,12,3,0,0,0,21,0,1,5,0,0,0,0,200,200
330819,1,40,0,0,0,1,12,3,0,0,0,21,0,1,200,200,200,200,200,200,200
330819,1,40,0,0,0,1,12,3,0,0,0,21,0,2,200,200,200,200,200,200,200
330821,0,30,0,0,0,1,10,7,0,200,200,0,200,2,200,200,200,200,200,200,200
330821,0,30,0,0,0,1,10,7,0,200,200,0,200,0,5,0,0,0,0,200,200
330821,1,30,0,0,0,1,10,7,0,200,200,0,200,1,200,0,200,200,200,200,200
330823,0,30,0,0,0,1,12,3,0,0,0,16,200,0,7,0,1,200,0,200,200
330823,0,30,0,0,0,1,12,3,0,0,0,16,200,1,9,0,200,200,0,200,200
330827,0,10,0,0,0,1,9,7,0,0,0,20,11,0,7,0,6,0,0,200,200
330827,5,10,0,0,0,1,9,7,0,0,0,20,11,0,9,7,0,0,0,200,200
330832,0,30,0,200,1,1,12,6,0,0,0,0,11,0,200,200,12,200,200,200,200
330832,0,30,0,200,1,1,12,6,0,0,0,0,11,0,6,0,0,0,0,200,200
330832,1,30,0,200,1,1,12,6,0,0,0,0,11,1,6,0,200,200,200,200,200
330833,0,0,0,0,0,3,12,5,0,0,0,11,200,0,6,200,12,200,200,200,200
330833,0,0,0,0,0,3,12,5,0,0,0,11,200,1,0,0,0,0,0,200,200
330834,0,30,0,0,0,1,10,5,0,0,0,0,0,0,6,0,0,0,0,200,200
330834,0,30,0,0,0,1,10,5,0,0,0,0,0,0,5,0,0,0,0,200,200
330834,1,30,0,0,0,1,10,5,0,0,0,0,0,1,200,0,200,200,200,200,200
330837,0,30,1,2,0,1,12,5,0,0,0,21,200,1,200,0,12,0,0,200,200
330837,0,30,1,2,0,1,12,5,0,0,0,21,200,1,7,0,4,200,0,200,200
330837,1,30,1,2,0,1,12,5,0,0,0,21,200,0,200,0,200,200,200,200,200
330837,1,30,1,2,0,1,12,5,0,0,0,21,200,1,200,0,200,200,200,200,200
330839,0,30,1,2,0,1,14,5,0,0,200,0,200,0,200,200,12,200,200,200,200
330839,0,30,1,2,0,1,14,5,0,0,200,0,200,1,5,0,0,0,0,200,200
330839,1,30,1,2,0,1,14,5,0,0,200,0,200,1,5,0,200,200,200,200,200
330839,1,30,1,2,0,1,14,5,0,0,200,0,200,2,200,200,200,200,200,200,200
330843,0,30,200,200,0,1,14,5,0,0,200,0,200,1,5,200,200,200,200,200,200
330843,0,30,200,200,0,1,14,5,0,0,200,0,200,1,5,200,200,200,0,200,200
330845,0,30,0,0,0,1,10,2,0,0,200,18,0,1,5,0,3,12,0,200,200
330845,0,30,0,0,0,1,10,2,0,0,200,18,0,1,6,200,0,0,0,200,200
330845,0,30,0,0,0,1,10,2,0,0,200,18,0,0,8,0,0,0,0,200,200
330845,1,30,0,0,0,1,10,2,0,0,200,18,0,1,200,0,200,200,200,200,200
330848,0,30,0,0,0,1,10,2,0,0,0,0,0,0,200,200,200,200,200,200,200
330848,0,30,0,0,0,1,10,2,0,0,0,0,0,1,5,0,0,0,0,200,200
330849,0,30,1,1,0,1,12,6,0,0,0,21,17,0,7,200,4,0,0,200,200
330849,0,30,1,1,0,1,12,6,0,0,0,21,17,0,7,200,0,0,0,200,200
330849,1,30,1,1,0,1,12,6,0,0,0,21,17,1,7,200,200,200,200,200,200
330851,0,30,1,2,0,1,10,2,0,0,0,0,200,0,200,200,200,200,200,200,200
330851,0,30,1,2,0,1,10,2,0,0,0,0,200,0,7,0,0,0,0,200,200
330851,1,30,1,2,0,1,10,2,0,0,0,0,200,1,7,0,200,200,200,200,200
330859,0,30,2,2,0,1,14,5,0,0,0,10,16,0,5,0,7,0,0,200,200
330859,0,30,2,2,0,1,14,5,0,0,0,10,16,1,5,0,0,0,0,200,200
330879,0,30,0,0,0,1,7,6,0,0,0,0,0,2,200,200,12,200,200,200,200
330883,0,10,0,0,0,1,7,7,0,0,0,0,0,0,200,200,200,200,200,200,200
330887,0,30,0,0,0,1,10,5,1,0,0,18,200,0,7,0,3,0,0,200,200
330887,0,30,0,0,0,1,10,5,1,0,0,18,200,0,8,0,0,0,0,200,200
330887,0,30,0,0,0,1,10,5,1,0,0,18,200,1,8,0,0,0,0,200,200
330887,1,30,0,0,0,1,10,5,1,0,0,18,200,0,8,0,200,200,200,200,200
330887,1,30,0,0,0,1,10,5,1,0,0,18,200,0,2,0,200,200,200,200,200
330887,1,30,0,0,0,1,10,5,1,0,0,18,200,1,2,5,200,200,200,200,200
330888,0,35,0,0,0,1,14,3,0,0,0,17,200,0,5,0,1,0,0,200,200
330888,0,35,0,0,0,1,14,3,0,0,0,17,200,0,8,0,0,0,0,200,200
330891,0,35,1,200,2,1,9,2,0,1,200,6,200,0,6,200,0,200,0,200,200
330891,5,35,1,200,2,1,9,2,0,1,200,6,200,0,6,200,5,200,7,200,200
330893,0,30,0,0,0,1,2,12,0,0,0,0,0,2,200,200,200,200,200,200,200
330895,0,35,1,2,0,1,10,5,0,1,0,0,0,1,5,200,200,200,200,200,200
330895,0,35,1,2,0,1,10,5,0,1,0,0,0,0,5,200,0,0,0,200,200
330898,0,30,1,2,2,1,14,5,0,1,0,34,200,0,5,200,200,0,0,200,200
330898,0,30,1,2,2,1,14,5,0,1,0,34,200,0,5,200,200,0,0,200,200
330898,1,30,1,2,2,1,14,5,0,1,0,34,200,1,4,200,200,200,200,200,200
330898,1,30,1,2,2,1,14,5,0,1,0,34,200,1,5,200,200,200,200,200,200
330901,0,30,1,2,0,1,10,5,0,0,200,11,200,0,200,200,3,200,200,200,200
330901,0,30,1,2,0,1,10,5,0,0,200,11,200,1,5,0,0,0,0,200,200
330904,0,0,1,2,0,1,14,5,0,0,0,0,0,0,7,200,200,200,0,200,200
330904,0,0,1,2,0,1,14,5,0,0,0,0,0,1,5,200,0,0,0,200,200
330904,1,0,1,2,0,1,14,5,0,0,0,0,0,0,200,200,200,200,200,200,200
330904,1,0,1,2,0,1,14,5,0,0,0,0,0,0,6,200,200,200,200,200,200
330907,0,30,0,0,1,1,14,5,0,0,0,17,200,1,6,200,1,0,0,200,200
330907,0,30,0,0,1,1,14,5,0,0,0,17,200,1,5,200,0,0,0,200,200
330909,0,30,0,0,0,1,10,5,0,0,0,0,0,1,5,7,0,0,200,200,200
330909,0,30,0,0,0,1,10,5,0,0,0,0,0,0,5,0,0,0,0,200,200
330909,1,30,0,0,0,1,10,5,0,0,0,0,0,0,5,0,200,200,200,200,200
330916,0,30,0,0,1,1,12,2,0,200,0,17,200,0,7,0,1,200,0,200,200
330916,0,30,0,0,1,1,12,2,0,200,0,17,200,0,6,0,4,200,0,200,200
330917,0,30,2,2,0,1,10,5,0,0,0,200,200,0,200,200,0,200,200,200,200
330917,0,30,2,2,0,1,10,5,0,0,0,200,200,0,6,0,0,0,0,200,200
330920,0,0,0,0,0,1,12,2,0,0,0,11,200,0,7,0,12,0,0,200,200
330920,0,0,0,0,0,1,12,2,0,0,0,11,200,0,6,0,0,0,0,200,200
330923,0,30,0,0,0,1,7,6,0,0,0,200,0,1,7,200,12,200,0,200,200
330931,0,40,0,0,0,1,10,3,0,0,0,18,200,0,200,200,3,200,200,200,200
330931,0,40,0,0,0,1,10,3,0,0,0,18,200,0,6,0,0,0,0,200,200
330934,0,30,1,2,0,1,10,5,0,0,0,18,200,0,7,0,0,0,0,200,200
330934,0,30,1,2,0,1,10,5,0,0,0,18,200,1,200,200,3,200,200,200,200
330934,1,30,1,2,0,1,10,5,0,0,0,18,200,1,6,0,200,200,200,200,200
330939,0,30,0,0,0,1,14,5,3,0,0,0,0,0,200,200,200,200,200,200,200
330939,0,30,0,0,0,1,14,5,3,0,0,0,0,1,6,0,0,0,0,200,200
330939,1,30,0,0,0,1,14,5,3,0,0,0,0,0,200,200,200,200,200,200,200
330939,1,30,0,0,0,1,14,5,3,0,0,0,0,0,200,200,200,200,200,200,200
330940,0,20,1,2,0,1,10,5,0,0,0,18,16,0,6,200,1,0,0,200,200
330940,0,20,1,2,0,1,10,5,0,0,0,18,16,0,0,200,0,0,0,200,200
330940,1,20,1,2,0,1,10,5,0,0,0,18,16,1,200,200,200,200,200,200,200
330940,1,20,1,2,0,1,10,5,0,0,0,18,16,1,5,200,200,200,200,200,200
330943,0,30,0,0,1,4,2,5,0,1,1,200,200,0,5,0,200,0,0,200,200
330943,1,30,0,0,1,4,2,5,0,1,1,200,200,1,200,0,200,200,200,200,200
330946,0,30,0,0,2,1,10,3,0,1,0,0,0,0,200,200,200,200,200,200,200
330946,0,30,0,0,2,1,10,3,0,1,0,0,0,1,5,0,0,0,0,200,200
330948,0,30,0,0,2,1,7,5,0,1,0,23,23,0,4,0,7,200,0,200,200
330948,1,30,0,0,2,1,7,5,0,1,0,23,23,1,4,0,200,200,200,200,200
330948,1,30,0,0,2,1,7,5,0,1,0,23,23,0,200,200,200,200,200,200,200
330948,1,30,0,0,2,1,7,5,0,1,0,23,23,1,6,200,200,200,200,200,200
330949,0,30,0,0,2,1,10,5,0,1,0,34,0,0,5,0,0,0,0,200,200
330949,0,30,0,0,2,1,10,5,0,1,0,34,0,0,6,0,0,0,0,200,200
330952,0,30,0,0,0,1,12,6,0,1,3,200,0,0,6,0,200,200,0,200,200
330952,0,30,0,0,0,1,12,6,0,1,3,200,0,0,5,0,200,200,0,200,200
330955,0,25,0,0,200,1,7,5,0,200,0,0,200,0,200,200,2,200,200,200,200
330960,0,30,0,0,200,200,10,5,0,200,200,0,200,1,6,200,200,200,200,200,200
330960,0,30,0,0,200,200,10,5,0,200,200,0,200,1,5,200,200,200,200,200,200