RD_NO,PERSON_TYPE,POSTED_SPEED_LIMIT,TRAFFIC_CONTROL_DEVICE,DEVICE_CONDITION,WEATHER_CONDITION,LIGHTING_CONDITION,FIRST_CRASH_TYPE,TRAFFICWAY_TYPE,ALIGNMENT,ROADWAY_SURFACE_COND,ROAD_DEFECT,PRIM_CONTRIBUTORY_CAUSE,SEC_CONTRIBUTORY_CAUSE,SEX,AGE,SAFETY_EQUIPMENT,DRIVER_ACTION,DRIVER_VISION,PHYSICAL_CONDITION,BAC_RESULT VALUE,CELL_PHONE_USE
332356,0,30,1,2,0,1,10,6,0,0,0,18,18,0,7,200,0,0,0,200,200
332356,1,30,1,2,0,1,10,6,0,0,0,18,18,1,5,200,200,200,200,200,200
332356,1,30,1,2,0,1,10,6,0,0,0,18,18,1,200,200,200,200,200,200,200
332357,0,30,1,2,2,1,10,5,0,0,0,18,200,0,200,200,3,200,200,200,200
332357,0,30,1,2,2,1,10,5,0,0,0,18,200,1,6,0,0,0,0,200,200
332359,0,30,0,0,0,1,10,3,0,0,0,18,200,1,5,0,3,0,0,200,200
332359,0,30,0,0,0,1,10,3,0,0,0,18,200,1,6,0,0,0,0,200,200
332359,0,30,0,0,0,1,10,3,0,0,0,18,200,0,6,0,0,0,0,200,200
332361,0,25,0,0,0,1,7,6,0,0,0,0,0,2,200,200,200,200,200,200,200
332363,0,30,1,2,0,1,10,3,0,0,0,12,200,1,5,0,12,0,0,200,200
332363,0,30,1,2,0,1,10,3,0,0,0,12,200,1,5,0,0,0,0,200,200
332363,1,30,1,2,0,1,10,3,0,0,0,12,200,0,200,5,200,200,200,200,200
332363,1,30,1,2,0,1,10,3,0,0,0,12,200,1,200,0,200,200,200,200,200
332365,0,30,0,0,0,1,2,0,0,0,0,0,0,2,200,200,200,200,200,200,200
332366,4,30,1,2,0,1,8,5,0,0,200,0,0,0,200,7,200,200,200,200,200
332366,0,30,1,2,0,1,8,5,0,0,200,0,0,0,5,0,0,0,0,200,200
332366,1,30,1,2,0,1,8,5,0,0,200,0,0,1,5,0,200,200,200,200,200
332373,0,30,0,0,0,1,10,5,0,0,0,0,200,1,200,0,3,0,0,200,200
332373,0,30,0,0,0,1,10,5,0,0,0,0,200,0,6,7,0,0,0,200,200
332379,0,30,0,0,0,1,0,7,0,0,0,16,33,1,6,0,1,5,0,200,200
332379,0,30,0,0,0,1,0,7,0,0,0,16,33,1,5,0,1,5,0,200,200
332379,1,30,0,0,0,1,0,7,0,0,0,16,33,1,200,0,200,200,200,200,200
332381,0,30,0,0,0,1,10,6,0,0,200,14,14,2,200,200,2,200,200,200,200
332381,0,30,0,0,0,1,10,6,0,0,200,14,14,0,6,0,0,200,0,200,200
332389,0,30,0,200,0,0,2,2,0,0,200,0,0,1,8,0,200,200,200,200,200
332395,0,30,1,2,0,1,10,5,0,0,0,18,200,1,6,200,3,200,200,200,200
332395,0,30,1,2,0,1,10,5,0,0,0,18,200,1,6,0,0,0,0,200,200
332396,4,30,0,0,0,1,8,5,0,0,1,29,200,0,6,2,200,0,0,200,200
332396,0,30,0,0,0,1,8,5,0,0,1,29,200,1,7,0,0,0,0,200,200
332397,0,30,0,0,0,1,11,6,0,0,0,200,200,0,200,0,6,0,0,200,200
332397,0,30,0,0,0,1,11,6,0,0,0,200,200,1,6,0,0,0,0,200,200
332397,1,30,0,0,0,1,11,6,0,0,0,200,200,0,200,0,200,200,200,200,200
332398,0,30,0,0,0,1,7,5,0,0,0,0,200,2,200,200,200,200,200,200,200
332399,0,30,0,0,0,1,7,5,0,0,0,200,200,0,6,0,14,0,0,200,200
332400,0,30,0,0,0,1,7,5,0,0,0,11,0,2,200,200,200,200,200,200,200
332401,0,25,0,0,0,1,7,6,0,0,1,0,0,2,200,200,200,200,200,200,200
332403,0,10,0,0,0,1,11,7,0,0,0,0,0,1,7,0,0,0,0,200,200
332403,0,10,0,0,0,1,11,7,0,0,0,0,0,0,8,200,0,0,0,200,200
332405,0,25,1,2,0,1,10,6,0,0,200,16,0,1,5,200,3,200,200,200,200
332405,0,25,1,2,0,1,10,6,0,0,200,16,0,0,6,0,0,0,0,200,200
332405,1,25,1,2,0,1,10,6,0,0,200,16,0,2,200,200,200,200,200,200,200
332405,1,25,1,2,0,1,10,6,0,0,200,16,0,2,200,200,200,200,200,200,200
332405,1,25,1,2,0,1,10,6,0,0,200,16,0,2,200,200,200,200,200,200,200
332408,0,30,0,0,0,1,12,2,0,0,0,17,200,1,7,200,1,200,200,200,200
332408,0,30,0,0,0,1,12,2,0,0,0,17,200,1,8,0,0,0,0,200,200
332410,0,35,0,0,0,1,0,5,0,0,200,0,200,0,200,0,200,200,0,200,200
332410,0,35,0,0,0,1,0,5,0,0,200,0,200,0,200,0,0,0,0,200,200
332412,0,25,0,0,0,1,14,5,0,0,0,17,200,0,7,200,1,200,200,200,200
332412,0,25,0,0,0,1,14,5,0,0,0,17,200,1,6,200,0,200,0,200,200
332412,1,25,0,0,0,1,14,5,0,0,0,17,200,1,6,200,200,200,200,200,200
332412,1,25,0,0,0,1,14,5,0,0,0,17,200,1,6,200,200,200,200,200,200
332412,1,25,0,0,0,1,14,5,0,0,0,17,200,1,2,200,200,200,200,200,200
332412,1,25,0,0,0,1,14,5,0,0,0,17,200,0,2,200,200,200,200,200,200
332414,0,30,0,0,0,1,7,5,0,0,0,27,200,1,0,200,12,200,4,200,200
332416,0,30,0,0,0,1,0,12,0,0,0,17,17,0,7,200,1,200,0,200,200
332416,0,30,0,0,0,1,0,12,0,0,0,17,17,1,200,200,200,200,200,200,200
332419,0,30,0,0,0,1,7,7,0,0,0,0,200,1,3,200,10,200,200,200,200
332420,0,45,0,3,0,1,10,3,0,0,0,18,11,0,5,200,3,0,0,200,200
332420,0,45,0,3,0,1,10,3,0,0,0,18,11,0,6,200,0,0,0,200,200
332421,0,30,0,0,0,1,12,5,0,0,0,0,0,0,6,200,200,200,200,200,200
332421,0,30,0,0,0,1,12,5,0,0,0,0,0,0,6,0,0,0,0,200,200
332423,0,15,0,0,0,3,7,2,0,0,0,0,200,0,6,0,0,0,200,200,200
332423,1,15,0,0,0,3,7,2,0,0,0,0,200,1,200,200,200,200,200,200,200
332433,0,30,0,0,0,1,7,2,0,0,0,23,21,2,200,200,2,200,200,200,200
332434,0,15,0,0,0,1,0,7,0,0,0,0,200,0,8,200,200,200,200,200,200
332434,0,15,0,0,0,1,0,7,0,0,0,0,200,0,6,0,200,0,0,200,200
332439,0,30,1,2,0,1,0,2,0,0,0,6,0,0,6,200,0,200,0,200,200
332439,0,30,1,2,0,1,0,2,0,0,0,6,0,0,7,200,5,200,0,200,200
332451,0,30,2,2,0,1,12,5,0,0,0,23,22,2,200,200,7,200,200,200,200
332451,0,30,2,2,0,1,12,5,0,0,0,23,22,1,6,0,0,200,0,200,200
332456,0,10,0,0,0,1,0,7,0,0,0,0,11,0,200,200,6,200,200,200,200
332456,0,10,0,0,0,1,0,7,0,0,0,0,11,1,0,200,0,0,0,200,200
332463,0,30,0,0,0,3,7,5,0,0,0,0,200,0,200,200,200,200,200,200,200
332465,0,35,1,2,0,1,10,5,0,0,0,18,0,1,5,200,3,0,0,200,200
332465,0,35,1,2,0,1,10,5,0,0,0,18,0,0,6,0,0,0,0,200,200
332466,0,30,0,0,0,2,7,5,0,0,0,16,200,2,200,200,200,200,200,200,200
332473,0,30,1,200,0,1,10,2,0,0,0,7,200,0,7,200,12,0,0,200,200
332473,0,30,1,200,0,1,10,2,0,0,0,7,200,0,3,200,12,0,0,200,200
332474,0,30,1,2,0,1,9,2,0,0,0,6,17,0,9,200,200,200,0,200,200
332474,5,30,1,2,0,1,9,2,0,0,0,6,17,1,5,200,200,200,7,200,200
332478,0,30,2,2,0,1,0,2,0,0,0,17,200,1,7,0,1,0,0,200,200
332478,0,30,2,2,0,1,0,2,0,0,0,17,200,0,6,0,0,0,0,200,200
332478,1,30,2,2,0,1,0,2,0,0,0,17,200,1,2,0,200,200,200,200,200
332478,1,30,2,2,0,1,0,2,0,0,0,17,200,0,2,0,200,200,200,200,200
332483,0,15,2,2,0,1,10,6,0,0,0,18,0,0,5,0,3,0,0,200,200
332483,0,15,2,2,0,1,10,6,0,0,0,18,0,1,6,0,0,0,0,200,200
332486,0,30,0,0,0,1,12,5,0,0,0,0,0,0,6,0,0,0,0,200,200
332486,0,30,0,0,0,1,12,5,0,0,0,0,0,0,6,0,0,0,0,200,200
332487,0,30,0,0,0,1,12,5,0,0,0,17,25,1,200,200,200,200,0,200,200
332487,0,30,0,0,0,1,12,5,0,0,0,17,25,0,7,200,200,200,0,200,200
332488,0,30,0,0,0,1,7,5,0,0,0,16,0,2,200,200,200,200,200,200,200
332495,0,30,2,200,0,1,14,5,0,0,0,0,0,1,8,200,200,0,0,200,200
332495,0,30,2,200,0,1,14,5,0,0,0,0,0,0,5,200,200,0,0,200,200
332501,0,35,0,0,0,1,0,7,0,0,200,20,200,0,8,200,6,0,0,200,200
332501,0,35,0,0,0,1,0,7,0,0,200,20,200,0,6,200,8,200,200,200,200
332502,0,30,1,2,0,1,14,2,0,0,0,17,200,1,5,0,7,200,200,200,200
332502,0,30,1,2,0,1,14,2,0,0,0,17,200,1,7,0,0,200,0,200,200
332517,0,30,0,0,0,1,7,6,0,0,0,0,200,2,200,200,200,200,200,200,200
332522,0,35,0,0,0,1,11,7,0,0,0,20,200,1,200,0,0,0,0,200,200
332522,0,35,0,0,0,1,11,7,0,0,0,20,200,1,5,0,6,0,0,200,200
332525,0,30,0,0,0,1,14,2,0,0,200,17,0,0,8,200,1,200,0,200,200
332525,0,30,0,0,0,1,14,2,0,0,200,17,0,1,4,200,0,200,0,200,200
332526,0,30,1,2,0,1,12,5,0,0,0,21,200,1,200,0,4,0,0,200,200
332526,0,30,1,2,0,1,12,5,0,0,0,21,200,0,200,200,200,200,0,200,200
332529,0,30,0,0,0,1,12,5,0,0,0,22,200,0,6,0,2,0,0,200,200
332529,0,30,0,0,0,1,12,5,0,0,0,22,200,1,5,0,0,0,0,200,200
332533,0,30,0,0,0,1,7,6,0,0,0,0,200,2,200,200,200,200,200,200,200
332534,0,15,0,0,0,0,2,0,0,0,0,0,0,2,200,200,200,200,200,200,200
332535,0,30,0,0,0,1,10,5,0,0,12,0,0,1,8,0,12,0,0,200,200
332535,0,30,0,0,0,1,10,5,0,0,12,0,0,0,6,0,0,0,0,200,200
332535,1,30,0,0,0,1,10,5,0,0,12,0,0,0,4,0,200,200,200,200,200
332535,1,30,0,0,0,1,10,5,0,0,12,0,0,0,2,0,200,200,200,200,200
332535,1,30,0,0,0,1,10,5,0,0,12,0,0,0,2,0,200,200,200,200,200
332535,1,30,0,0,0,1,10,5,0,0,12,0,0,0,2,0,200,200,200,200,200
332539,0,35,2,0,0,1,7,2,0,0,0,16,200,0,200,200,1,200,200,200,200
332541,0,30,1,2,0,1,14,3,0,0,0,17,0,0,6,0,12,12,0,200,200
332541,0,30,1,2,0,1,14,3,0,0,0,17,0,0,4,0,0,0,0,200,200
332541,1,30,1,2,0,1,14,3,0,0,0,17,0,1,6,0,200,200,200,200,200
332541,1,30,1,2,0,1,14,3,0,0,0,17,0,1,2,0,200,200,200,200,200
332541,1,30,1,2,0,1,14,3,0,0,0,17,0,1,3,0,200,200,200,200,200
332543,0,55,0,0,0,1,12,6,0,0,200,23,14,0,5,200,8,200,200,200,200
332543,0,55,0,0,0,1,12,6,0,0,200,23,14,1,5,0,0,0,0,200,200
332544,0,30,0,0,0,1,10,2,0,0,0,32,32,0,5,0,12,0,5,200,200
332544,0,30,0,0,0,1,10,2,0,0,0,32,32,0,7,0,0,0,0,200,200
332547,0,15,0,200,0,1,7,7,0,0,200,11,0,0,4,200,200,200,200,200,200
332547,1,15,0,200,0,1,7,7,0,0,200,11,0,0,5,200,200,200,200,200,200
332548,0,30,2,0,0,1,0,5,0,0,200,0,0,2,200,200,200,200,200,200,200
332548,0,30,2,0,0,1,0,5,0,0,200,0,0,1,5,200,0,200,0,200,200
332548,1,30,2,0,0,1,0,5,0,0,200,0,0,0,5,200,200,200,200,200,200
332551,0,30,2,2,0,1,12,2,0,0,0,17,200,1,5,0,1,0,0,200,200
332551,0,30,2,2,0,1,12,2,0,0,0,17,200,0,8,0,0,0,0,200,200
332557,0,15,0,0,0,1,12,7,0,0,200,22,0,0,200,200,2,200,200,200,200
332557,0,15,0,0,0,1,12,7,0,0,200,22,0,1,7,0,0,200,0,200,200
332557,1,15,0,0,0,1,12,7,0,0,200,22,0,0,200,200,200,200,200,200,200
332557,1,15,0,0,0,1,12,7,0,0,200,22,0,0,200,200,200,200,200,200,200
332560,5,30,1,200,0,1,9,1,0,0,0,0,0,0,7,200,200,200,0,200,200
332560,0,30,1,200,0,1,9,1,0,0,0,0,0,0,200,200,200,200,200,200,200
332561,0,30,0,0,0,3,7,5,0,0,0,0,0,2,200,200,200,200,200,200,200
332565,0,35,12,0,0,1,0,5,0,0,0,0,200,1,200,0,200,200,0,200,200
332565,0,35,12,0,0,1,0,5,0,0,0,0,200,1,200,0,0,200,0,200,200
332570,0,30,0,0,0,1,10,5,0,0,0,0,0,0,5,200,1,0,0,200,200
332570,0,30,0,0,0,1,10,5,0,0,0,0,0,1,8,7,0,0,0,200,200
332573,0,0,1,2,0,1,12,6,0,0,0,0,0,0,7,200,200,200,0,200,200
332573,0,0,1,2,0,1,12,6,0,0,0,0,0,0,5,200,0,0,0,200,200
332575,0,35,0,2,0,1,7,6,0,0,0,10,14,0,200,200,9,200,200,200,200
332576,3,30,1,2,0,1,1,5,0,0,200,1,200,200,200,200,200,200,200,200,200
332576,0,30,1,2,0,1,1,5,0,0,200,1,200,0,7,0,12,200,0,200,200
332579,0,30,1,2,0,1,10,5,0,200,200,0,0,0,5,200,200,200,200,200,200
332579,0,30,1,2,0,1,10,5,0,200,200,0,0,0,6,0,0,0,200,200,200
332586,0,25,0,0,0,1,12,5,0,0,0,17,21,0,7,200,1,0,0,200,200
332586,0,25,0,0,0,1,12,5,0,0,0,17,21,1,7,200,0,0,0,200,200
332596,0,30,2,2,0,1,14,5,0,0,12,17,200,0,6,0,1,200,0,200,200
332596,0,30,2,2,0,1,14,5,0,0,12,17,200,1,6,0,0,0,0,200,200
332600,0,30,0,0,0,1,0,5,0,0,0,20,16,0,6,200,6,0,0,200,200
332600,0,30,0,0,0,1,0,5,0,0,0,20,16,0,5,200,1,0,0,200,200
332604,0,35,0,0,0,1,12,5,0,0,0,22,200,0,5,0,4,0,0,200,200
332604,0,35,0,0,0,1,12,5,0,0,0,22,200,1,8,0,0,0,0,200,200
332604,1,35,0,0,0,1,12,5,0,0,0,22,200,1,9,0,200,200,200,200,200
332610,0,30,0,0,0,1,7,5,0,0,0,0,0,0,200,200,200,200,200,200,200
332615,0,30,1,2,0,4,10,2,0,0,0,11,11,0,200,200,200,200,200,200,200
332615,0,30,1,2,0,4,10,2,0,0,0,11,11,1,6,0,0,0,0,200,200
332615,1,30,1,2,0,4,10,2,0,0,0,11,11,1,5,0,200,200,200,200,200
332623,0,10,0,0,0,1,2,0,0,0,200,0,0,0,6,200,200,200,5,200,200
332623,1,10,0,0,0,1,2,0,0,0,200,0,0,0,7,200,200,200,200,200,200
332631,0,30,1,200,0,1,14,2,0,0,200,0,0,1,200,200,200,200,200,200,200
332631,0,30,1,200,0,1,14,2,0,0,200,0,0,0,5,200,200,200,0,200,200
332632,0,20,0,0,0,3,0,7,0,0,0,17,0,0,200,200,1,200,200,200,200
332632,0,20,0,0,0,3,0,7,0,0,0,17,0,0,7,0,0,0,0,200,200
332642,0,30,1,2,0,1,14,5,0,0,0,23,200,1,6,200,7,0,0,200,200
332642,0,30,1,2,0,1,14,5,0,0,0,23,200,1,7,200,0,0,0,200,200
332648,0,30,1,2,0,1,10,6,0,0,0,16,18,1,200,200,8,200,200,200,200
332648,0,30,1,2,0,1,10,6,0,0,0,16,18,0,200,0,0,200,0,200,200
332648,0,30,1,2,0,1,10,6,0,0,0,16,18,0,200,0,0,200,0,200,200
332661,0,30,0,0,0,1,7,7,0,0,0,0,0,2,200,200,200,200,200,200,200
332666,0,30,1,2,0,1,0,2,0,0,0,6,11,0,200,200,5,200,200,200,200
332666,0,30,1,2,0,1,0,2,0,0,0,6,11,0,4,0,0,0,0,200,200
332671,0,25,0,0,0,0,5,5,0,0,1,200,200,1,7,200,0,0,0,200,200
332679,0,30,0,0,0,4,10,5,0,200,200,18,200,1,5,200,200,200,0,200,200
332679,0,30,0,0,0,4,10,5,0,200,200,18,200,1,5,200,200,0,0,200,200
332689,0,30,0,0,0,4,14,5,0,0,0,23,11,0,7,0,7,0,0,200,200
332689,0,30,0,0,0,4,14,5,0,0,0,23,11,0,6,0,0,0,0,200,200
332692,0,30,2,2,0,1,14,5,0,0,0,5,16,1,6,200,200,200,7,200,200
332692,0,30,2,2,0,1,14,5,0,0,0,5,16,1,5,200,0,0,0,200,200
332698,0,30,0,0,0,1,14,5,0,0,0,17,200,0,8,0,1,200,0,200,200
332698,0,30,0,0,0,1,14,5,0,0,0,17,200,0,6,0,0,200,0,200,200
332703,0,35,1,2,0,1,8,6,2,0,0,21,0,2,200,200,7,200,200,200,200
332703,4,35,1,2,0,1,8,6,2,0,0,21,0,0,3,7,0,0,0,200,200
332713,0,30,1,2,0,1,0,5,0,0,200,6,200,1,6,0,200,200,200,200,200
332713,0,30,1,2,0,1,0,5,0,0,200,6,200,0,5,0,0,0,0,200,200
332713,1,30,1,2,0,1,0,5,0,0,200,6,200,200,200,0,200,200,200,200,200
332713,1,30,1,2,0,1,0,5,0,0,200,6,200,200,200,0,200,200,200,200,200
332713,1,30,1,2,0,1,0,5,0,0,200,6,200,200,200,0,200,200,200,200,200
332723,0,25,1,2,0,1,14,5,0,0,0,11,17,0,6,0,12,0,0,200,200
332723,0,25,1,2,0,1,14,5,0,0,0,11,17,0,6,200,1,200,200,200,200
332724,0,30,1,2,0,3,0,2,0,0,0,3,17,0,0,0,5,0,0,200,200
332724,0,30,1,2,0,3,0,2,0,0,0,3,17,1,5,0,0,0,0,200,200
332728,0,30,0,0,0,1,10,5,0,0,0,18,7,0,5,200,3,0,0,200,200
332728,0,30,0,0,0,1,10,5,0,0,0,18,7,0,6,0,0,0,0,200,200
332748,0,25,2,12,0,4,10,5,0,0,0,18,200,1,5,0,3,200,0,200,200
332748,0,25,2,12,0,4,10,5,0,0,0,18,200,1,8,0,0,200,0,200,200
332753,0,30,0,0,0,1,7,6,0,0,0,21,0,2,200,200,2,200,200,200,200
332756,0,30,0,0,0,4,11,5,0,200,200,0,200,0,200,200,200,200,200,200,200
332756,0,30,0,0,0,4,11,5,0,200,200,0,200,0,6,200,200,200,200,200,200
332758,0,30,200,200,0,3,7,2,0,0,200,0,200,2,200,200,200,200,200,200,200
332760,0,15,0,0,0,1,7,0,0,0,0,12,16,0,5,200,12,0,0,200,200
332761,0,30,0,0,0,4,12,5,0,0,0,22,17,0,8,0,2,0,200,200,200
332761,0,30,0,0,0,4,12,5,0,0,0,22,17,0,7,0,0,0,0,200,200
332761,1,30,0,0,0,4,12,5,0,0,0,22,17,0,9,0,200,200,200,200,200
332768,0,30,1,2,0,3,8,3,0,0,0,6,200,0,6,200,5,0,0,200,200
332768,4,30,1,2,0,3,8,3,0,0,0,6,200,1,5,2,0,200,0,200,200
332770,0,30,0,0,0,3,14,2,0,0,0,33,33,1,6,200,200,0,0,200,200
332770,0,30,0,0,0,3,14,2,0,0,0,33,33,0,6,200,200,5,0,200,200
332776,0,30,1,200,0,3,14,5,0,0,0,0,0,1,200,200,5,200,200,200,200
332776,0,30,1,200,0,3,14,5,0,0,0,0,0,0,7,0,0,0,0,200,200
332776,1,30,1,200,0,3,14,5,0,0,0,0,0,1,6,0,200,200,200,200,200
332776,1,30,1,200,0,3,14,5,0,0,0,0,0,1,2,0,200,200,200,200,200
332785,0,35,0,0,0,200,7,2,0,0,0,200,200,2,200,200,200,200,200,200,200
332815,0,30,0,0,0,0,10,3,0,0,0,18,18,1,6,0,3,0,0,200,200
332815,0,30,0,0,0,0,10,3,0,0,0,18,18,0,5,200,12,0,0,200,200
332818,0,30,1,2,0,3,10,5,0,0,200,18,0,0,6,0,3,200,200,200,200
332818,0,30,1,2,0,3,10,5,0,0,200,18,0,1,5,200,0,200,200,200,200
332818,0,30,1,2,0,3,10,5,0,0,200,18,0,0,200,200,0,200,200,200,200
332818,1,30,1,2,0,3,10,5,0,0,200,18,0,1,200,200,200,200,200,200,200
332818,1,30,1,2,0,3,10,5,0,0,200,18,0,0,200,200,200,200,200,200,200
332823,0,30,0,0,0,1,14,5,0,0,0,0,0,1,6,0,200,200,200,200,200
332823,0,30,0,0,0,1,14,5,0,0,0,0,0,0,5,0,0,0,0,200,200
332831,0,30,0,0,0,1,14,5,0,0,200,11,0,0,200,200,200,200,200,200,200
332831,0,30,0,0,0,1,14,5,0,0,200,11,0,0,8,0,0,0,0,200,200
332836,0,30,0,200,0,200,7,6,0,200,200,0,200,2,200,200,200,200,200,200,200
332839,0,30,1,2,0,3,9,5,0,0,0,6,200,2,200,200,5,200,200,200,200
332839,5,30,1,2,0,3,9,5,0,0,0,6,200,0,7,200,0,200,0,200,200
332840,0,30,1,2,0,3,9,5,0,0,0,17,0,0,8,200,1,200,200,200,200
332840,5,30,1,2,0,3,9,5,0,0,0,17,0,1,8,7,0,0,0,200,200
332843,0,30,0,0,0,3,14,5,0,0,200,22,200,1,7,0,7,200,0,200,200
332843,0,30,0,0,0,3,14,5,0,0,200,22,200,0,7,0,12,200,0,200,200
332844,0,30,0,0,0,3,12,5,0,0,200,21,22,1,7,200,4,0,0,200,200
332844,0,30,0,0,0,3,12,5,0,0,200,21,22,1,5,200,12,0,0,200,200
332856,0,35,1,2,0,3,12,5,0,0,0,21,200,0,3,0,2,0,0,200,200
332856,0,35,1,2,0,3,12,5,0,0,0,21,200,1,5,0,0,0,0,200,200
332856,1,35,1,2,0,3,12,5,0,0,0,21,200,0,7,0,200,200,200,200,200
332859,0,25,0,0,200,3,7,6,0,200,200,0,0,2,200,200,200,200,200,200,200
332866,0,35,1,2,0,0,14,2,0,0,0,23,11,0,200,200,7,200,200,200,200
332866,0,35,1,2,0,0,14,2,0,0,0,23,11,1,6,0,0,0,0,200,200
332866,1,35,1,2,0,0,14,2,0,0,0,23,11,1,200,200,200,200,200,200,200
332866,1,35,1,2,0,0,14,2,0,0,0,23,11,1,200,200,200,200,200,200,200
332868,0,30,1,2,0,3,0,3,0,0,0,6,32,0,8,200,5,0,5,200,200
332868,0,30,1,2,0,3,0,3,0,0,0,6,32,0,6,0,0,0,0,200,200
332872,0,20,2,2,0,3,0,5,0,0,0,0,200,2,200,200,200,200,200,200,200
332872,0,20,2,2,0,3,0,5,0,0,0,0,200,1,6,7,0,0,0,200,200
332873,0,30,1,2,0,3,14,1,0,0,0,0,0,1,7,200,200,0,0,200,200
332873,0,30,1,2,0,3,14,1,0,0,0,0,0,0,9,200,0,0,0,200,200
332875,0,30,1,200,0,3,14,2,0,200,200,18,200,0,5,200,3,200,0,200,200
332875,0,30,1,200,0,3,14,2,0,200,200,18,200,0,4,200,12,200,0,200,200
332875,1,30,1,200,0,3,14,2,0,200,200,18,200,1,5,200,200,200,200,200,200
332875,1,30,1,200,0,3,14,2,0,200,200,18,200,0,6,200,200,200,200,200,200
332875,1,30,1,200,0,3,14,2,0,200,200,18,200,2,4,200,200,200,200,200,200
332875,1,30,1,200,0,3,14,2,0,200,200,18,200,1,1,200,200,200,200,200,200
332875,1,30,1,200,0,3,14,2,0,200,200,18,200,0,2,200,200,200,200,200,200
332875,1,30,1,200,0,3,14,2,0,200,200,18,200,0,2,200,200,200,200,200,200
332880,0,25,0,0,0,3,12,6,0,0,0,0,0,0,7,0,4,0,0,200,200
332880,0,25,0,0,0,3,12,6,0,0,0,0,0,0,8,0,0,0,0,200,200
332883,0,5,0,0,0,3,0,7,0,0,0,0,200,0,4,0,6,200,0,200,200
332883,0,5,0,0,0,3,0,7,0,0,0,0,200,0,5,0,6,200,0,200,200
332891,0,20,0,0,0,3,12,6,0,0,200,17,16,0,7,200,1,200,5,0.05,200
332891,0,20,0,0,0,3,12,6,0,0,200,17,16,0,5,200,200,200,200,200,200
332891,1,20,0,0,0,3,12,6,0,0,200,17,16,0,200,200,200,200,200,200,200
332904,0,30,0,0,0,1,14,5,0,0,0,23,200,1,200,200,7,200,200,200,200
332904,0,30,0,0,0,1,14,5,0,0,0,23,200,1,3,0,0,200,0,200,200
332905,0,30,0,0,0,3,7,7,0,0,0,20,0,2,200,200,6,200,200,200,200
332907,0,30,1,2,0,4,10,5,0,0,0,18,16,0,6,200,3,0,200,200,200
332907,0,30,1,2,0,4,10,5,0,0,0,18,16,0,4,200,0,0,0,200,200
332907,1,30,1,2,0,4,10,5,0,0,0,18,16,0,6,200,200,200,200,200,200
332907,1,30,1,2,0,4,10,5,0,0,0,18,16,1,4,200,200,200,200,200,200
332920,0,30,1,2,0,3,14,5,0,0,0,17,0,1,5,200,1,0,0,200,200
332920,0,30,1,2,0,3,14,5,0,0,0,17,0,0,5,0,0,0,0,200,200
332920,1,30,1,2,0,3,14,5,0,0,0,17,0,1,5,0,200,200,200,200,200
332921,0,30,0,0,0,3,2,6,0,0,0,0,0,0,5,200,200,200,200,200,200
332921,1,30,0,0,0,3,2,6,0,0,0,0,0,200,200,200,200,200,200,200,200
332921,1,30,0,0,0,3,2,6,0,0,0,0,0,200,200,200,200,200,200,200,200
332929,0,30,1,2,0,3,0,5,0,0,0,0,200,1,5,0,200,0,0,200,200
332929,0,30,1,2,0,3,0,5,0,0,0,0,200,0,6,0,200,0,0,200,200
332947,0,30,1,2,0,3,0,2,0,0,200,0,200,0,7,200,1,200,0,200,200
332947,0,30,1,2,0,3,0,2,0,0,200,0,200,0,5,200,200,200,0,200,200
332950,0,15,0,0,0,3,7,7,0,0,0,20,20,0,4,200,6,200,0,200,200
332959,0,30,0,0,0,4,10,6,0,0,0,11,0,1,5,7,6,0,0,200,200
332959,0,30,0,0,0,4,10,6,0,0,0,11,0,1,6,0,0,0,0,200,200
332961,0,30,0,0,0,0,7,5,0,0,0,27,25,1,200,200,200,200,200,200,200
332966,0,30,0,0,0,0,12,5,0,0,0,21,11,1,3,200,1,200,200,200,200
332966,0,30,0,0,0,0,12,5,0,0,0,21,11,1,6,200,0,200,0,200,200
332971,0,30,0,0,0,3,7,5,0,0,0,7,200,0,6,0,0,0,0,200,200
332979,0,30,1,2,0,3,0,2,0,0,200,17,200,0,4,0,1,200,200,200,200
332979,0,30,1,2,0,3,0,2,0,0,200,17,200,0,5,0,12,200,0,200,200
332979,1,30,1,2,0,3,0,2,0,0,200,17,200,0,0,0,200,200,200,200,200
332991,0,30,0,0,0,1,9,5,0,0,0,25,0,2,200,200,200,200,200,200,200
332991,5,30,0,0,0,1,9,5,0,0,0,25,0,1,5,200,0,0,0,200,200
332991,1,30,0,0,0,1,9,5,0,0,0,25,0,0,200,200,200,200,200,200,200
333019,0,30,1,2,0,3,10,1,0,0,0,200,18,0,200,0,12,0,0,200,200
333019,0,30,1,2,0,3,10,1,0,0,0,200,18,1,4,200,0,0,0,200,200
333019,1,30,1,2,0,3,10,1,0,0,0,200,18,1,200,0,200,200,200,200,200
333039,0,30,1,2,0,3,0,5,0,0,0,7,200,0,8,0,15,200,0,200,1