RD_NO,PERSON_TYPE,POSTED_SPEED_LIMIT,TRAFFIC_CONTROL_DEVICE,DEVICE_CONDITION,WEATHER_CONDITION,LIGHTING_CONDITION,FIRST_CRASH_TYPE,TRAFFICWAY_TYPE,ALIGNMENT,ROADWAY_SURFACE_COND,ROAD_DEFECT,PRIM_CONTRIBUTORY_CAUSE,SEC_CONTRIBUTORY_CAUSE,SEX,AGE,SAFETY_EQUIPMENT,DRIVER_ACTION,DRIVER_VISION,PHYSICAL_CONDITION,BAC_RESULT VALUE,CELL_PHONE_USE
333039,0,30,1,2,0,3,0,5,0,0,0,7,200,0,6,0,0,0,0,200,200
333039,1,30,1,2,0,3,0,5,0,0,0,7,200,1,5,0,200,200,200,200,200
333048,0,45,0,0,0,3,5,3,0,0,0,11,0,0,5,0,0,0,0,200,200
333048,1,45,0,0,0,3,5,3,0,0,0,11,0,1,6,0,200,200,200,200,200
333062,0,30,0,0,0,0,7,5,0,0,0,0,200,1,7,0,200,0,0,200,200
333080,0,25,0,0,0,2,7,6,0,0,200,0,21,1,6,200,9,200,0,200,200
333082,0,30,2,2,0,1,0,5,0,0,0,0,0,2,200,200,200,200,200,200,200
333082,0,30,2,2,0,1,0,5,0,0,0,0,0,0,7,0,0,0,0,200,200
333092,0,30,1,2,0,1,2,5,0,0,0,25,21,0,5,1,4,0,3,200,200
333099,0,25,0,0,0,1,0,6,0,0,0,17,200,1,6,200,1,0,0,200,200
333099,0,25,0,0,0,1,0,6,0,0,0,17,200,0,6,200,0,0,0,200,200
333113,0,20,0,0,0,0,12,5,0,0,0,0,0,0,6,200,200,200,200,200,200
333113,0,20,0,0,0,0,12,5,0,0,0,0,0,0,6,0,0,0,0,200,200
333115,0,35,0,0,0,1,12,5,0,0,0,18,18,0,6,200,1,200,200,200,200
333115,0,35,0,0,0,1,12,5,0,0,0,18,18,1,5,0,0,0,0,200,200
333120,0,30,1,2,0,1,10,2,0,0,0,18,0,0,7,0,3,0,0,200,200
333120,0,30,1,2,0,1,10,2,0,0,0,18,0,1,7,0,0,0,0,200,200
333120,1,30,1,2,0,1,10,2,0,0,0,18,0,0,200,0,200,200,200,200,200
333124,0,30,0,0,0,1,14,5,0,0,0,0,0,1,5,0,1,1,0,200,200
333124,0,30,0,0,0,1,14,5,0,0,0,0,0,0,0,0,0,0,0,200,200
333128,0,35,0,0,0,1,12,5,0,0,0,0,0,1,6,0,0,0,0,200,200
333128,0,35,0,0,0,1,12,5,0,0,0,0,0,0,200,200,200,200,200,200,200
333129,0,35,1,2,0,1,0,2,0,0,0,6,7,0,5,200,5,0,0,200,200
333129,0,35,1,2,0,1,0,2,0,0,0,6,7,0,7,0,0,0,0,200,200
333129,1,35,1,2,0,1,0,2,0,0,0,6,7,0,200,5,200,200,200,200,200
333129,1,35,1,2,0,1,0,2,0,0,0,6,7,0,200,5,200,200,200,200,200
333129,1,35,1,2,0,1,0,2,0,0,0,6,7,1,5,200,200,200,200,200,200
333129,1,35,1,2,0,1,0,2,0,0,0,6,7,1,7,0,200,200,200,200,200
333129,1,35,1,2,0,1,0,2,0,0,0,6,7,1,9,200,200,200,200,200,200
333131,0,35,1,2,0,1,12,6,0,0,0,23,21,0,6,0,7,0,0,200,200
333131,0,35,1,2,0,1,12,6,0,0,0,23,21,0,7,0,0,0,0,200,200
333137,0,30,0,12,0,1,12,3,0,0,12,28,200,0,7,0,12,200,0,200,200
333137,0,30,0,12,0,1,12,3,0,0,12,28,200,1,5,0,0,0,0,200,200
333137,1,30,0,12,0,1,12,3,0,0,12,28,200,0,6,0,200,200,200,200,200
333141,0,30,0,0,0,1,10,5,0,0,0,14,16,1,6,0,2,12,0,200,200
333141,0,30,0,0,0,1,10,5,0,0,0,14,16,0,6,0,0,0,0,200,200
333146,0,30,0,0,0,1,12,5,0,0,0,17,200,0,5,0,1,6,0,200,200
333146,0,30,0,0,0,1,12,5,0,0,0,17,200,0,8,0,0,0,0,200,200
333148,0,30,0,0,0,3,7,6,0,0,0,0,0,2,200,200,200,200,200,200,200
333150,0,30,0,0,0,1,0,5,0,0,0,16,14,2,200,200,1,200,200,200,200
333150,0,30,0,0,0,1,0,5,0,0,0,16,14,1,5,7,0,0,0,200,200
333151,0,30,0,0,0,1,10,5,0,0,0,33,200,1,6,0,12,6,0,200,200
333151,0,30,0,0,0,1,10,5,0,0,0,33,200,0,6,0,0,0,0,200,200
333158,0,30,3,5,0,1,7,5,0,0,3,22,0,1,7,0,2,0,0,200,200
333163,0,45,1,2,0,2,10,3,0,0,0,18,11,1,6,0,3,0,0,200,200
333163,0,45,1,2,0,2,10,3,0,0,0,18,11,1,6,0,0,0,0,200,200
333166,0,30,1,2,0,1,12,2,0,0,0,22,21,1,7,200,4,0,0,200,200
333166,0,30,1,2,0,1,12,2,0,0,0,22,21,0,7,200,0,0,0,200,200
333167,0,30,2,1,0,1,9,5,0,0,0,200,7,1,6,0,0,0,0,200,200
333167,5,30,2,1,0,1,9,5,0,0,0,200,7,1,6,7,200,200,0,200,200
333172,0,0,0,0,0,2,7,6,0,0,0,0,0,1,200,200,200,200,200,200,200
333178,0,30,0,0,0,1,12,3,0,0,0,0,200,0,6,7,12,200,0,200,200
333178,0,30,0,0,0,1,12,3,0,0,0,0,200,0,6,0,0,0,0,200,200
333180,0,30,2,2,0,1,0,5,0,0,0,17,0,0,200,200,1,200,200,200,200
333180,0,30,2,2,0,1,0,5,0,0,0,17,0,1,6,0,0,0,0,200,200
333188,0,30,0,0,0,1,10,2,0,0,0,0,200,0,200,200,1,200,200,200,200
333188,0,30,0,0,0,1,10,2,0,0,0,0,200,0,6,0,0,0,0,200,200
333188,1,30,0,0,0,1,10,2,0,0,0,0,200,0,200,200,200,200,200,200,200
333189,0,30,1,2,0,1,14,5,0,0,0,17,11,1,5,0,1,0,0,200,200
333189,0,30,1,2,0,1,14,5,0,0,0,17,11,1,6,0,0,0,0,200,200
333196,0,30,0,0,0,1,7,5,0,0,0,0,200,2,200,200,200,200,200,200,200
333198,0,30,0,0,0,1,7,6,0,0,0,0,21,0,200,200,4,200,200,200,200
333200,0,30,1,2,0,1,14,1,0,0,0,23,21,0,7,0,7,0,0,200,200
333200,0,30,1,2,0,1,14,1,0,0,0,23,21,1,6,0,0,0,0,200,200
333202,0,30,0,0,0,1,10,5,0,0,0,18,200,0,6,0,3,0,0,200,200
333202,0,30,0,0,0,1,10,5,0,0,0,18,200,0,6,0,0,0,0,200,200
333203,0,30,1,1,0,1,10,2,0,0,0,0,0,1,5,0,0,200,0,200,200
333203,0,30,1,1,0,1,10,2,0,0,0,0,0,1,7,0,0,200,0,200,200
333209,0,20,0,0,0,1,2,0,0,0,0,14,14,1,5,0,8,0,0,200,200
333212,0,30,0,0,0,1,12,2,0,0,0,17,200,1,6,0,1,0,0,200,200
333212,0,30,0,0,0,1,12,2,0,0,0,17,200,0,7,0,0,0,0,200,200
333212,1,30,0,0,0,1,12,2,0,0,0,17,200,200,200,0,200,200,200,200,200
333213,0,30,0,0,0,1,10,7,0,0,0,0,0,1,200,200,1,200,200,200,200
333213,0,30,0,0,0,1,10,7,0,0,0,0,0,1,5,0,0,0,0,200,200
333213,1,30,0,0,0,1,10,7,0,0,0,0,0,0,6,0,200,200,200,200,200
333217,0,0,1,2,0,1,11,5,0,0,0,21,11,0,200,200,2,200,200,200,200
333217,0,0,1,2,0,1,11,5,0,0,0,21,11,1,6,0,0,0,0,200,200
333225,0,35,0,0,0,1,10,3,0,0,0,18,200,1,6,0,3,0,0,200,200
333225,0,35,0,0,0,1,10,3,0,0,0,18,200,0,8,0,0,4,0,200,200
333229,0,20,2,2,0,1,14,5,0,0,0,22,200,0,5,200,2,200,0,200,200
333229,0,20,2,2,0,1,14,5,0,0,0,22,200,0,6,200,0,200,0,200,200
333236,0,30,0,0,0,1,7,5,0,0,0,0,0,0,4,0,12,0,0,200,200
333236,1,30,0,0,0,1,7,5,0,0,0,0,0,1,6,0,200,200,200,200,200
333240,0,35,1,2,0,1,10,2,0,0,0,18,0,0,7,200,3,200,0,200,200
333240,0,35,1,2,0,1,10,2,0,0,0,18,0,0,5,200,0,0,0,200,200
333240,0,35,1,2,0,1,10,2,0,0,0,18,0,2,200,200,200,200,200,200,200
333241,0,35,0,0,0,1,7,5,0,0,0,0,200,2,200,200,200,200,200,200,200
333243,0,30,0,0,0,1,0,6,0,0,0,17,200,0,200,200,1,200,0,200,200
333243,0,30,0,0,0,1,0,6,0,0,0,17,200,0,6,0,0,0,0,200,200
333244,0,0,0,0,0,1,0,7,0,0,0,20,20,1,9,0,6,200,0,200,200
333244,0,0,0,0,0,1,0,7,0,0,0,20,20,1,5,0,200,200,0,200,200
333247,0,30,3,2,0,1,14,2,5,0,0,23,16,0,6,0,1,0,0,200,200
333247,0,30,3,2,0,1,14,2,5,0,0,23,16,0,6,0,0,0,0,200,200
333252,0,0,0,0,0,1,14,2,0,0,0,0,0,1,5,200,200,200,0,200,200
333252,0,0,0,0,0,1,14,2,0,0,0,0,0,0,8,200,200,200,0,200,200
333254,0,30,0,0,0,1,14,5,0,0,0,17,18,0,6,0,1,0,0,200,200
333254,0,30,0,0,0,1,14,5,0,0,0,17,18,0,9,0,0,0,0,200,200
333255,0,30,1,2,0,1,10,2,0,0,0,11,0,0,6,0,12,0,0,200,200
333255,0,30,1,2,0,1,10,2,0,0,0,11,0,0,7,0,0,0,0,200,200
333255,0,30,1,2,0,1,10,2,0,0,0,11,0,0,200,200,200,200,200,200,200
333261,0,15,0,0,0,1,10,2,0,0,0,18,200,0,6,0,3,0,0,200,200
333261,0,15,0,0,0,1,10,2,0,0,0,18,200,1,7,0,0,0,0,200,200
333261,1,15,0,0,0,1,10,2,0,0,0,18,200,0,200,0,200,200,200,200,200
333261,1,15,0,0,0,1,10,2,0,0,0,18,200,0,200,0,200,200,200,200,200
333261,1,15,0,0,0,1,10,2,0,0,0,18,200,1,200,0,200,200,200,200,200
333261,1,15,0,0,0,1,10,2,0,0,0,18,200,0,200,0,200,200,200,200,200
333261,1,15,0,0,0,1,10,2,0,0,0,18,200,0,200,0,200,200,200,200,200
333265,0,30,1,2,0,1,14,6,0,0,0,17,0,0,6,0,1,0,0,200,200
333265,0,30,1,2,0,1,14,6,0,0,0,17,0,1,6,0,0,0,0,200,200
333265,1,30,1,2,0,1,14,6,0,0,0,17,0,1,200,0,200,200,200,200,200
333266,0,35,0,0,0,1,7,7,0,0,0,0,0,1,8,0,200,0,0,200,200
333277,0,30,0,0,0,1,12,5,0,0,0,21,0,1,8,0,1,0,0,200,200
333277,0,30,0,0,0,1,12,5,0,0,0,21,0,0,6,0,0,0,0,200,200
333278,0,35,0,0,0,1,10,6,0,0,0,0,0,1,7,0,6,0,0,200,200
333278,0,35,0,0,0,1,10,6,0,0,0,0,0,0,9,0,0,0,0,200,200
333283,0,30,0,0,0,1,14,5,0,0,0,0,200,0,5,200,200,200,200,200,200
333283,0,30,0,0,0,1,14,5,0,0,0,0,200,0,6,0,0,0,0,200,200
333294,4,35,0,0,0,1,8,5,0,0,0,0,200,0,200,200,200,200,200,200,200
333294,0,35,0,0,0,1,8,5,0,0,0,0,200,0,6,200,12,200,200,200,200
333296,0,30,0,0,0,1,7,2,0,0,0,25,16,2,200,200,8,200,200,200,200
333298,0,30,0,0,0,1,12,5,0,0,0,200,200,1,6,0,12,0,0,200,200
333298,0,30,0,0,0,1,12,5,0,0,0,200,200,0,6,0,0,0,0,200,200
333298,1,30,0,0,0,1,12,5,0,0,0,200,200,0,6,0,200,200,200,200,200
333298,1,30,0,0,0,1,12,5,0,0,0,200,200,0,7,0,200,200,200,200,200
333310,0,30,0,0,200,200,7,4,0,200,0,11,0,1,200,200,1,200,200,200,200
333312,0,0,0,0,0,1,0,7,0,0,0,20,11,2,200,200,6,200,200,200,200
333312,0,0,0,0,0,1,0,7,0,0,0,20,11,1,6,0,0,0,0,200,200
333314,5,30,0,0,0,1,9,5,0,0,0,18,18,0,200,7,0,0,0,200,200
333314,0,30,0,0,0,1,9,5,0,0,0,18,18,0,200,200,1,200,200,200,200
333315,0,30,1,2,0,3,10,5,0,0,0,18,18,0,5,200,3,0,0,200,200
333315,0,30,1,2,0,3,10,5,0,0,0,18,18,1,6,0,0,0,0,200,200
333315,1,30,1,2,0,3,10,5,0,0,0,18,18,1,6,0,200,200,200,200,200
333316,3,30,0,0,0,1,5,5,0,0,1,200,200,200,200,7,0,200,200,200,200
333316,0,30,0,0,0,1,5,5,0,0,1,200,200,0,6,0,0,0,0,200,200
333321,0,30,0,0,0,1,7,6,0,0,0,12,200,0,6,0,8,0,0,200,200
333332,0,0,2,2,0,1,0,2,0,0,0,0,200,0,200,200,1,200,200,200,200
333332,0,0,2,2,0,1,0,2,0,0,0,0,200,1,6,0,0,0,0,200,200
333332,1,0,2,2,0,1,0,2,0,0,0,0,200,1,3,0,200,200,200,200,200
333332,1,0,2,2,0,1,0,2,0,0,0,0,200,1,1,0,200,200,200,200,200
333332,1,0,2,2,0,1,0,2,0,0,0,0,200,1,1,0,200,200,200,200,200
333333,0,30,0,0,0,1,7,5,0,0,0,0,0,1,6,200,200,200,200,200,200
333333,1,30,0,0,0,1,7,5,0,0,0,0,0,1,6,200,200,200,200,200,200
333334,0,25,0,0,0,1,7,0,0,0,0,18,200,0,8,0,3,0,0,200,200
333335,0,0,0,0,0,1,7,7,0,0,200,0,200,0,6,0,12,0,0,200,200
333337,0,10,0,0,0,1,7,7,0,0,0,0,200,2,200,200,200,200,200,200,200
333340,0,30,1,0,0,1,14,2,0,0,0,17,0,1,5,0,0,0,0,200,200
333340,0,30,1,0,0,1,14,2,0,0,0,17,0,0,7,1,1,0,0,200,200
333342,0,30,0,0,0,1,7,5,0,0,0,7,200,1,7,0,0,0,0,200,200
333342,1,30,0,0,0,1,7,5,0,0,0,7,200,0,200,200,200,200,200,200,200
333344,0,30,2,2,0,1,10,5,0,0,0,16,0,1,3,200,3,200,0,200,200
333344,0,30,2,2,0,1,10,5,0,0,0,16,0,0,5,200,0,200,0,200,200
333344,1,30,2,2,0,1,10,5,0,0,0,16,0,1,7,200,200,200,200,200,200
333349,0,30,1,2,0,1,14,5,0,0,0,0,0,1,6,7,200,0,0,200,200
333349,0,30,1,2,0,1,14,5,0,0,0,0,0,0,4,0,200,0,0,200,200
333362,0,0,1,2,0,1,10,3,0,0,0,18,11,1,6,0,3,0,0,200,200
333362,0,0,1,2,0,1,10,3,0,0,0,18,11,0,7,0,0,0,0,200,200
333363,0,10,0,0,0,1,0,12,0,0,0,0,200,0,7,0,6,0,0,200,200
333363,0,10,0,0,0,1,0,12,0,0,0,0,200,1,9,0,0,0,0,200,200
333367,0,30,0,0,0,0,7,2,0,0,0,0,0,2,200,200,200,200,200,200,200
333374,0,30,0,0,0,1,3,2,0,0,0,20,200,0,7,200,6,0,0,200,200
333374,0,30,0,0,0,1,3,2,0,0,0,20,200,0,9,200,0,0,0,200,200
333375,0,30,2,2,0,1,0,2,0,0,0,0,200,0,200,200,5,200,200,200,200
333375,0,30,2,2,0,1,0,2,0,0,0,0,200,0,7,0,0,0,0,200,200
333382,0,25,0,0,0,1,11,12,0,0,0,22,21,0,5,0,2,0,0,200,200
333382,0,25,0,0,0,1,11,12,0,0,0,22,21,0,7,0,2,0,0,200,200
333383,0,5,0,0,200,200,7,7,0,200,0,0,0,2,200,200,200,200,200,200,200
333390,0,30,0,0,0,1,14,5,0,0,0,0,0,1,5,0,200,0,0,200,200
333390,0,30,0,0,0,1,14,5,0,0,0,0,0,1,6,0,0,0,0,200,200
333396,0,30,1,2,0,1,14,5,0,0,0,0,0,0,200,0,200,0,0,200,200
333396,0,30,1,2,0,1,14,5,0,0,0,0,0,0,5,0,0,0,0,200,200
333399,0,30,1,2,0,1,10,5,0,0,0,0,200,1,5,7,3,0,0,200,200
333399,0,30,1,2,0,1,10,5,0,0,0,0,200,1,7,0,0,0,0,200,200
333400,0,30,2,2,0,1,12,5,0,0,0,21,200,0,6,200,7,200,0,200,200
333400,0,30,2,2,0,1,12,5,0,0,0,21,200,1,7,0,0,0,0,200,200
333403,0,30,0,0,0,1,12,5,0,0,200,0,0,0,8,200,0,200,0,200,200
333403,0,30,0,0,0,1,12,5,0,0,200,0,0,0,8,200,0,200,0,200,200
333405,0,30,1,2,0,1,12,6,0,0,0,0,200,0,8,0,0,0,0,200,200
333405,0,30,1,2,0,1,12,6,0,0,0,0,200,0,7,0,0,0,0,200,200
333406,0,5,0,0,0,1,7,7,0,0,0,0,0,2,200,200,200,200,200,200,200
333410,0,30,2,0,0,1,10,5,0,0,0,18,0,0,7,0,1,0,0,200,200
333410,0,30,2,0,0,1,10,5,0,0,0,18,0,0,6,0,0,0,0,200,200
333416,0,30,1,2,0,1,10,2,0,0,0,7,16,1,6,0,0,0,0,200,200
333416,0,30,1,2,0,1,10,2,0,0,0,7,16,0,7,0,12,0,0,200,200
333419,0,0,0,0,0,1,0,7,0,200,200,0,0,0,6,0,200,200,0,200,200
333419,1,0,0,0,0,1,0,7,0,200,200,0,0,1,200,0,200,200,200,200,200
333419,0,0,0,0,0,1,0,7,0,200,200,0,0,1,8,0,200,200,0,200,200
333425,0,20,0,0,0,1,7,2,0,0,0,0,0,1,200,200,200,200,200,200,200
333429,0,30,0,0,0,1,7,2,0,0,0,20,0,0,6,0,6,0,0,200,200
333431,0,15,0,0,0,1,12,7,0,0,0,22,0,0,200,200,12,200,200,200,200
333431,0,15,0,0,0,1,12,7,0,0,0,22,0,1,9,0,0,0,0,200,200
333437,0,30,0,0,0,1,14,1,0,0,3,17,200,0,8,200,7,200,0,200,200
333437,0,30,0,0,0,1,14,1,0,0,3,17,200,1,5,200,0,200,0,200,200
333437,1,30,0,0,0,1,14,1,0,0,3,17,200,1,5,200,200,200,200,200,200
333437,1,30,0,0,0,1,14,1,0,0,3,17,200,200,200,200,200,200,200,200,200
333437,1,30,0,0,0,1,14,1,0,0,3,17,200,1,0,200,200,200,200,200,200
333439,0,30,0,0,0,1,0,2,0,0,2,0,0,0,200,200,200,200,200,200,200
333439,0,30,0,0,0,1,0,2,0,0,2,0,0,0,6,0,0,0,0,200,200
333439,1,30,0,0,0,1,0,2,0,0,2,0,0,1,200,0,200,200,200,200,200
333439,1,30,0,0,0,1,0,2,0,0,2,0,0,1,200,0,200,200,200,200,200
333440,0,20,0,0,200,1,5,0,0,0,200,200,200,0,5,0,0,200,0,200,200
333440,1,20,0,0,200,1,5,0,0,0,200,200,200,1,200,0,200,200,200,200,200
333440,1,20,0,0,200,1,5,0,0,0,200,200,200,0,200,0,200,200,200,200,200
333441,0,25,0,0,0,1,12,5,0,0,0,0,0,1,7,0,0,0,0,200,200
333441,0,25,0,0,0,1,12,5,0,0,0,0,0,0,6,200,200,200,200,200,200
333448,0,30,0,0,0,1,10,7,0,0,0,0,200,1,200,200,6,200,200,200,200
333448,0,30,0,0,0,1,10,7,0,0,0,0,200,0,6,0,0,0,0,200,200
333451,0,50,0,0,0,1,12,6,0,0,0,21,200,0,200,200,4,200,200,200,200
333451,0,50,0,0,0,1,12,6,0,0,0,21,200,0,7,0,0,0,0,200,200
333451,1,50,0,0,0,1,12,6,0,0,0,21,200,200,200,0,200,200,200,200,200
333455,1,30,1,2,0,1,12,3,2,0,0,21,200,0,7,0,200,200,200,200,200
333455,0,30,1,2,0,1,12,3,2,0,0,21,200,0,7,0,4,200,0,200,200
333455,0,30,1,2,0,1,12,3,2,0,0,21,200,1,6,0,0,0,0,200,200
333455,1,30,1,2,0,1,12,3,2,0,0,21,200,0,200,0,200,200,200,200,200
333456,0,35,0,0,0,2,7,5,0,0,0,0,200,0,200,200,200,200,200,200,200
333458,0,30,0,0,0,1,7,7,0,0,0,20,23,1,7,200,6,5,0,200,200
333462,0,5,0,0,0,1,7,7,0,0,0,0,0,2,200,200,2,200,200,200,200
333466,0,30,1,2,0,1,10,3,0,0,0,2,18,0,200,200,3,200,200,200,1
333466,0,30,1,2,0,1,10,3,0,0,0,2,18,1,7,0,0,0,0,200,200
333467,0,30,1,2,0,1,10,2,0,0,0,17,0,0,5,200,3,0,0,200,200
333467,0,30,1,2,0,1,10,2,0,0,0,17,0,0,7,0,0,0,0,200,200
333474,1,30,0,0,0,1,12,3,0,0,0,17,200,0,200,200,200,200,200,200,200
333474,1,30,0,0,0,1,12,3,0,0,0,17,200,0,200,200,200,200,200,200,200
333474,0,30,0,0,0,1,12,3,0,0,0,17,200,0,6,200,1,0,0,200,200
333474,0,30,0,0,0,1,12,3,0,0,0,17,200,0,6,0,0,0,0,200,200
333475,0,30,2,2,0,1,10,5,0,0,200,0,0,1,200,200,12,200,200,200,200
333475,0,30,2,2,0,1,10,5,0,0,200,0,0,0,8,0,0,0,0,200,200
333475,1,30,2,2,0,1,10,5,0,0,200,0,0,1,200,200,200,200,200,200,200
333478,0,30,0,0,0,1,7,5,0,0,0,200,200,2,200,200,0,200,200,200,200
333479,0,30,0,0,0,1,2,5,0,0,0,0,0,2,200,200,0,200,200,200,200
333481,0,30,0,0,0,1,7,6,0,0,200,0,0,2,200,200,200,200,200,200,200
333485,0,30,0,0,0,1,14,5,0,0,0,23,200,1,7,0,7,0,0,200,200
333485,0,30,0,0,0,1,14,5,0,0,0,23,200,0,6,3,0,0,0,200,200
333486,0,30,1,2,0,3,10,5,0,0,0,16,18,1,200,200,1,200,200,200,200
333486,0,30,1,2,0,3,10,5,0,0,0,16,18,1,4,0,0,0,0,200,200
333486,1,30,1,2,0,3,10,5,0,0,0,16,18,1,3,0,200,200,200,200,200
333491,0,30,2,2,0,1,0,5,0,0,0,17,200,0,6,0,1,200,0,200,200
333491,0,30,2,2,0,1,0,5,0,0,0,17,200,0,5,0,0,0,0,200,200
333491,1,30,2,2,0,1,0,5,0,0,0,17,200,1,8,0,200,200,200,200,200
333491,1,30,2,2,0,1,0,5,0,0,0,17,200,0,6,0,200,200,200,200,200
333492,0,30,0,0,0,1,12,5,0,0,0,17,0,1,5,1,1,0,0,200,200
333492,0,30,0,0,0,1,12,5,0,0,0,17,0,1,5,0,0,0,0,200,200
333494,0,30,2,2,0,1,0,2,0,0,0,0,0,0,5,0,5,200,200,200,200
333494,0,30,2,2,0,1,0,2,0,0,0,0,0,0,7,200,0,200,0,200,200
333495,0,35,0,0,0,1,0,5,0,200,4,0,0,0,6,0,1,0,0,200,200
333495,0,35,0,0,0,1,0,5,0,200,4,0,0,1,6,0,0,0,0,200,200
333495,1,35,0,0,0,1,0,5,0,200,4,0,0,1,6,0,200,200,200,200,200
333495,1,35,0,0,0,1,0,5,0,200,4,0,0,0,4,0,200,200,200,200,200
333497,0,35,1,2,0,1,14,2,0,0,0,17,11,1,7,0,1,0,0,200,200
333497,0,35,1,2,0,1,14,2,0,0,0,17,11,1,4,0,0,0,0,200,200
333509,0,30,1,2,0,1,10,6,0,0,0,0,0,0,5,0,3,0,0,200,200
333509,0,30,1,2,0,1,10,6,0,0,0,0,0,1,5,0,200,0,0,200,200
333509,1,30,1,2,0,1,10,6,0,0,0,0,0,1,2,0,200,200,200,200,200
333510,0,10,2,2,0,1,10,7,0,0,0,18,200,0,5,200,3,200,200,200,200
333510,0,10,2,2,0,1,10,7,0,0,0,18,200,0,6,200,0,0,200,200,200
333511,0,25,0,0,200,3,12,5,1,0,200,0,200,2,200,200,200,200,200,200,200
333511,0,25,0,0,200,3,12,5,1,0,200,0,200,1,7,0,0,0,0,200,200
333513,0,25,1,2,0,1,10,5,0,0,0,16,16,0,200,200,200,200,200,200,200
333513,0,25,1,2,0,1,10,5,0,0,0,16,16,0,7,0,0,0,0,200,200
333513,1,25,1,2,0,1,10,5,0,0,0,16,16,1,8,0,200,200,200,200,200
333517,0,30,2,2,0,1,0,2,0,0,0,5,200,0,200,200,1,0,200,200,200
333517,0,30,2,2,0,1,0,2,0,0,0,5,200,0,7,0,0,0,200,200,200
333521,0,35,0,0,0,1,12,2,0,0,0,17,200,0,200,200,1,200,200,200,200
333521,0,35,0,0,0,1,12,2,0,0,0,17,200,1,6,0,0,0,0,200,200
333521,1,35,0,0,0,1,12,2,0,0,0,17,200,0,7,0,200,200,200,200,200
333521,1,35,0,0,0,1,12,2,0,0,0,17,200,0,1,5,200,200,200,200,200
333521,1,35,0,0,0,1,12,2,0,0,0,17,200,1,2,0,200,200,200,200,200
333532,0,30,0,0,0,1,0,0,0,0,0,17,20,0,5,0,6,0,0,200,200
333532,0,30,0,0,0,1,0,0,0,0,0,17,20,0,6,0,0,0,0,200,200
333534,0,30,0,0,0,1,12,8,5,0,0,22,200,0,200,200,2,200,200,200,200
333534,0,30,0,0,0,1,12,8,5,0,0,22,200,1,6,0,0,0,0,200,200
333537,0,30,1,2,0,1,14,3,0,0,0,23,200,0,200,200,7,200,200,200,200
333537,0,30,1,2,0,1,14,3,0,0,0,23,200,1,6,0,0,0,0,200,200
333537,1,30,1,2,0,1,14,3,0,0,0,23,200,0,200,200,200,200,200,200,200
333540,0,10,0,0,0,1,7,7,0,0,0,20,12,0,9,0,6,0,0,200,200
333540,1,10,0,0,0,1,7,7,0,0,0,20,12,1,200,0,200,200,200,200,200
333542,0,30,0,0,0,1,14,5,0,0,0,0,0,0,6,0,200,0,0,200,200
333542,0,30,0,0,0,1,14,5,0,0,0,0,0,1,6,0,200,0,0,200,200
333544,0,10,0,0,0,1,7,6,0,0,0,0,0,2,200,200,200,200,200,200,200
333547,0,30,0,0,0,1,10,2,0,0,0,18,200,0,5,0,3,0,0,200,200
333547,0,30,0,0,0,1,10,2,0,0,0,18,200,0,6,0,0,0,0,200,200
333554,0,30,1,2,0,1,0,2,0,0,0,17,200,1,5,200,1,200,0,200,200
333554,0,30,1,2,0,1,0,2,0,0,0,17,200,0,9,200,12,200,0,200,200
333554,1,30,1,2,0,1,0,2,0,0,0,17,200,1,6,200,200,200,200,200,200
333554,1,30,1,2,0,1,0,2,0,0,0,17,200,1,9,200,200,200,200,200,200
333554,1,30,1,2,0,1,0,2,0,0,0,17,200,0,7,200,200,200,200,200,200
333554,1,30,1,2,0,1,0,2,0,0,0,17,200,0,9,200,200,200,200,200,200
333555,0,30,1,2,0,1,12,5,0,0,0,17,16,0,6,0,4,0,0,200,200
333555,0,30,1,2,0,1,12,5,0,0,0,17,16,1,200,200,0,200,200,200,200
333557,0,30,0,0,0,1,12,5,0,0,0,21,200,0,200,200,4,200,200,200,200
333557,0,30,0,0,0,1,12,5,0,0,0,21,200,1,6,200,0,0,0,200,200
333558,0,30,2,2,0,1,7,5,0,0,0,16,200,0,6,200,10,200,2,200,200
333561,0,30,0,0,0,1,12,5,0,0,0,0,0,0,5,0,0,0,0,200,200
333561,0,30,0,0,0,1,12,5,0,0,0,0,0,0,6,0,0,0,0,200,200
333563,0,30,1,2,0,1,11,2,0,0,0,25,16,2,200,200,12,200,200,200,200
333563,0,30,1,2,0,1,11,2,0,0,0,25,16,1,6,0,0,0,0,200,200
333569,0,30,1,2,0,1,14,5,0,0,0,23,22,0,5,0,2,0,0,200,200
333569,0,30,1,2,0,1,14,5,0,0,0,23,22,0,5,0,7,0,0,200,200
333572,0,5,0,0,0,1,7,5,0,0,0,0,0,0,5,0,0,0,0,200,200
333574,0,30,1,2,0,1,10,5,0,200,200,18,18,0,6,200,3,200,200,200,200
333574,0,30,1,2,0,1,10,5,0,200,200,18,18,0,5,0,200,200,0,200,200
333574,1,30,1,2,0,1,10,5,0,200,200,18,18,1,200,0,200,200,200,200,200
333574,1,30,1,2,0,1,10,5,0,200,200,18,18,1,200,0,200,200,200,200,200
333574,1,30,1,2,0,1,10,5,0,200,200,18,18,1,200,0,200,200,200,200,200
333584,0,25,1,2,0,1,10,5,2,0,0,18,200,1,5,0,3,0,0,200,200
333584,0,25,1,2,0,1,10,5,2,0,0,18,200,1,6,0,0,0,0,200,200
333585,0,35,1,2,0,1,14,2,0,0,0,23,23,1,5,0,7,0,0,200,200
333585,0,35,1,2,0,1,14,2,0,0,0,23,23,1,9,0,12,0,0,200,200
333587,0,30,0,0,0,1,7,5,0,0,0,11,0,1,4,0,200,0,0,200,200
333589,0,30,0,0,0,3,10,5,0,0,0,20,16,0,7,200,6,200,0,200,200