RD_NO,PERSON_TYPE,POSTED_SPEED_LIMIT,TRAFFIC_CONTROL_DEVICE,DEVICE_CONDITION,WEATHER_CONDITION,LIGHTING_CONDITION,FIRST_CRASH_TYPE,TRAFFICWAY_TYPE,ALIGNMENT,ROADWAY_SURFACE_COND,ROAD_DEFECT,PRIM_CONTRIBUTORY_CAUSE,SEC_CONTRIBUTORY_CAUSE,SEX,AGE,SAFETY_EQUIPMENT,DRIVER_ACTION,DRIVER_VISION,PHYSICAL_CONDITION,BAC_RESULT VALUE,CELL_PHONE_USE
333589,0,30,0,0,0,3,10,5,0,0,0,20,16,0,5,0,0,0,0,200,200
333589,1,30,0,0,0,3,10,5,0,0,0,20,16,1,200,0,200,200,200,200,200
333596,0,15,0,0,0,1,12,6,0,0,0,20,200,1,200,200,6,200,200,200,200
333596,0,15,0,0,0,1,12,6,0,0,0,20,200,1,6,0,0,0,0,200,200
333597,0,30,1,2,0,1,10,5,0,0,200,18,0,0,200,200,3,200,200,200,200
333597,0,30,1,2,0,1,10,5,0,0,200,18,0,1,7,0,0,0,0,200,200
333598,0,30,0,0,0,1,10,5,0,0,0,0,0,0,200,200,200,200,200,200,200
333598,0,30,0,0,0,1,10,5,0,0,0,0,0,1,6,0,0,200,0,200,200
333598,0,30,0,0,0,1,10,5,0,0,0,0,0,0,6,200,0,200,0,200,200
333598,0,30,0,0,0,1,10,5,0,0,0,0,0,1,6,200,0,200,0,200,200
333599,0,30,0,0,0,1,11,7,0,0,0,17,200,0,6,0,1,0,0,200,200
333599,0,30,0,0,0,1,11,7,0,0,0,17,200,1,6,0,0,0,0,200,200
333607,0,30,1,2,0,1,12,5,0,0,0,17,200,1,6,0,4,0,0,200,200
333607,0,30,1,2,0,1,12,5,0,0,0,17,200,0,6,0,0,0,0,200,200
333607,1,30,1,2,0,1,12,5,0,0,0,17,200,0,2,0,200,200,200,200,200
333607,1,30,1,2,0,1,12,5,0,0,0,17,200,0,2,0,200,200,200,200,200
333609,0,30,0,0,0,1,10,5,0,0,0,18,200,1,5,0,3,0,0,200,200
333609,0,30,0,0,0,1,10,5,0,0,0,18,200,0,7,0,0,0,0,200,200
333609,1,30,0,0,0,1,10,5,0,0,0,18,200,1,6,0,200,200,200,200,200
333612,0,30,1,2,0,1,12,6,0,0,0,17,200,0,200,200,1,200,200,200,200
333612,0,30,1,2,0,1,12,6,0,0,0,17,200,0,5,200,0,0,0,200,200
333615,0,30,0,0,0,1,7,5,0,0,0,20,200,0,7,200,6,0,0,200,200
333616,0,30,1,2,0,1,10,2,0,0,0,27,27,0,7,0,12,200,12,200,200
333616,0,30,1,2,0,1,10,2,0,0,0,27,27,1,7,0,0,0,0,200,200
333616,0,30,1,2,0,1,10,2,0,0,0,27,27,0,7,0,0,0,0,200,200
333616,1,30,1,2,0,1,10,2,0,0,0,27,27,1,5,7,200,200,200,200,200
333616,1,30,1,2,0,1,10,2,0,0,0,27,27,0,6,7,200,200,200,200,200
333616,1,30,1,2,0,1,10,2,0,0,0,27,27,1,4,7,200,200,200,200,200
333616,1,30,1,2,0,1,10,2,0,0,0,27,27,0,0,7,200,200,200,200,200
333616,1,30,1,2,0,1,10,2,0,0,0,27,27,0,6,7,200,200,200,200,200
333618,0,0,0,0,0,1,7,5,0,0,0,0,0,1,200,200,200,200,200,200,200
333619,0,30,1,2,0,1,10,5,0,0,0,18,0,0,5,0,3,200,0,200,200
333619,0,30,1,2,0,1,10,5,0,0,0,18,0,1,5,0,0,0,0,200,200
333621,0,30,2,2,0,1,10,6,0,0,0,18,200,1,6,0,3,0,0,200,200
333621,0,30,2,2,0,1,10,6,0,0,0,18,200,0,6,0,0,0,0,200,200
333622,0,25,0,0,0,1,7,0,0,0,0,20,200,0,7,200,0,0,0,200,200
333623,0,30,0,0,0,1,7,6,0,0,0,11,11,0,7,0,7,0,0,200,200
333623,1,30,0,0,0,1,7,6,0,0,0,11,11,1,200,0,200,200,200,200,200
333624,0,30,0,0,0,1,10,2,0,0,0,18,200,0,6,0,3,0,0,200,200
333624,0,30,0,0,0,1,10,2,0,0,0,18,200,1,5,0,0,0,0,200,200
333624,1,30,0,0,0,1,10,2,0,0,0,18,200,0,7,0,200,200,200,200,200
333638,0,30,0,0,0,1,7,3,0,0,0,0,0,2,200,200,200,200,200,200,200
333640,0,30,1,2,0,1,12,5,0,0,0,21,21,0,200,200,4,200,200,200,200
333640,0,30,1,2,0,1,12,5,0,0,0,21,21,0,6,200,0,200,0,200,200
333647,0,30,1,2,0,1,0,5,0,0,0,3,16,0,5,0,5,12,0,200,200
333647,0,30,1,2,0,1,0,5,0,0,0,3,16,0,8,0,0,0,0,200,200
333651,0,5,0,0,0,1,7,7,0,0,0,200,200,2,200,200,200,200,200,200,200
333665,0,30,0,0,0,1,0,5,0,0,0,17,200,2,200,200,200,200,200,200,200
333665,0,30,0,0,0,1,0,5,0,0,0,17,200,0,7,0,0,0,0,200,200
333673,0,30,0,0,0,1,12,5,0,0,0,17,200,0,6,0,1,0,0,200,200
333673,0,30,0,0,0,1,12,5,0,0,0,17,200,1,6,0,0,0,0,200,200
333675,0,30,1,2,0,1,12,5,0,0,200,11,200,0,7,200,1,0,0,200,200
333675,0,30,1,2,0,1,12,5,0,0,200,11,200,1,5,0,0,0,0,200,200
333687,0,35,0,0,0,1,7,2,0,0,0,200,200,1,5,0,12,0,0,200,200
333687,1,35,0,0,0,1,7,2,0,0,0,200,200,1,5,200,200,200,200,200,200
333688,3,20,0,0,0,1,2,6,0,0,0,33,21,200,200,200,200,200,200,200,200
333688,0,20,0,0,0,1,2,6,0,0,0,33,21,0,6,200,2,12,0,200,200
333690,0,30,0,0,0,1,10,3,0,0,0,0,16,1,7,200,200,0,0,200,200
333690,0,30,0,0,0,1,10,3,0,0,0,0,16,0,7,200,0,0,0,200,200
333691,0,30,2,2,0,1,8,5,0,0,0,0,200,0,6,200,1,1,0,200,200
333691,4,30,2,2,0,1,8,5,0,0,0,0,200,0,5,7,0,0,0,200,200
333692,0,30,1,2,0,1,14,2,0,0,0,23,200,2,200,200,7,200,200,200,200
333692,0,30,1,2,0,1,14,2,0,0,0,23,200,0,5,0,0,0,0,200,200
333692,1,30,1,2,0,1,14,2,0,0,0,23,200,0,6,0,200,200,200,200,200
333694,0,30,0,0,0,1,12,2,0,0,0,0,0,0,6,0,12,0,0,200,200
333694,0,30,0,0,0,1,12,2,0,0,0,0,0,1,7,0,0,0,0,200,200
333703,0,30,0,0,0,1,2,5,0,0,0,200,200,0,6,0,12,0,0,200,200
333710,0,30,2,2,0,1,0,5,0,0,0,5,0,1,200,200,5,200,200,200,200
333710,0,30,2,2,0,1,0,5,0,0,0,5,0,0,5,200,12,0,0,200,200
333710,1,30,2,2,0,1,0,5,0,0,0,5,0,0,5,200,200,200,200,200,200
333711,0,30,1,2,0,1,14,5,0,0,0,0,200,1,6,0,200,0,0,200,200
333711,0,30,1,2,0,1,14,5,0,0,0,0,200,1,6,0,200,0,0,200,200
333711,1,30,1,2,0,1,14,5,0,0,0,0,200,1,200,5,200,200,200,200,200
333711,1,30,1,2,0,1,14,5,0,0,0,0,200,1,200,5,200,200,200,200,200
333712,0,35,0,0,0,1,11,5,0,0,200,21,200,1,6,200,2,200,200,200,200
333712,0,35,0,0,0,1,11,5,0,0,200,21,200,0,7,200,200,200,200,200,200
333714,0,25,0,0,0,1,7,5,1,0,0,11,0,0,200,200,200,200,200,200,200
333723,0,30,0,0,0,1,12,6,0,0,0,22,200,0,6,200,2,200,200,200,200
333723,0,30,0,0,0,1,12,6,0,0,0,22,200,1,7,0,0,0,0,200,200
333725,0,30,0,0,0,1,10,2,0,0,0,32,200,0,5,0,12,0,0,200,200
333725,0,30,0,0,0,1,10,2,0,0,0,32,200,1,5,0,0,0,0,200,200
333725,0,30,0,0,0,1,10,2,0,0,0,32,200,2,200,200,0,200,200,200,200
333725,1,30,0,0,0,1,10,2,0,0,0,32,200,1,200,0,200,200,200,200,200
333729,0,25,0,0,0,1,10,12,0,0,0,0,0,1,200,200,1,200,200,200,200
333729,0,25,0,0,0,1,10,12,0,0,0,0,0,0,5,0,0,0,0,200,200
333730,0,30,1,2,0,1,7,5,0,0,0,23,0,1,6,200,7,0,0,200,200
333730,1,30,1,2,0,1,7,5,0,0,0,23,0,1,5,200,200,200,200,200,200
333730,1,30,1,2,0,1,7,5,0,0,0,23,0,0,200,200,200,200,200,200,200
333730,1,30,1,2,0,1,7,5,0,0,0,23,0,1,3,200,200,200,200,200,200
333730,1,30,1,2,0,1,7,5,0,0,0,23,0,1,2,200,200,200,200,200,200
333730,1,30,1,2,0,1,7,5,0,0,0,23,0,1,2,200,200,200,200,200,200
333730,1,30,1,2,0,1,7,5,0,0,0,23,0,0,2,200,200,200,200,200,200
333730,1,30,1,2,0,1,7,5,0,0,0,23,0,0,2,200,200,200,200,200,200
333730,1,30,1,2,0,1,7,5,0,0,0,23,0,0,3,200,200,200,200,200,200
333731,0,30,0,0,0,1,0,2,0,0,0,17,200,1,5,0,1,0,0,200,200
333731,0,30,0,0,0,1,0,2,0,0,0,17,200,1,5,0,0,0,0,200,200
333733,0,30,0,0,0,1,12,6,0,0,0,0,16,1,5,200,200,0,0,200,200
333736,0,35,1,2,0,1,0,5,0,0,0,33,0,1,8,0,12,6,0,200,200
333736,0,35,1,2,0,1,0,5,0,0,0,33,0,0,7,0,0,0,0,200,200
333738,0,30,1,2,0,1,2,2,0,0,0,0,0,1,7,0,200,0,0,200,200
333741,0,30,0,0,0,1,12,2,0,0,0,21,200,0,200,0,4,0,0,200,200
333741,0,30,0,0,0,1,12,2,0,0,0,21,200,1,200,0,0,0,0,200,200
333741,1,30,0,0,0,1,12,2,0,0,0,21,200,1,200,0,200,200,200,200,200
333741,1,30,0,0,0,1,12,2,0,0,0,21,200,1,200,0,200,200,200,200,200
333741,1,30,0,0,0,1,12,2,0,0,0,21,200,1,200,0,200,200,200,200,200
333741,1,30,0,0,0,1,12,2,0,0,0,21,200,1,200,0,200,200,200,200,200
333742,0,30,1,2,0,1,12,5,0,0,0,21,16,0,6,200,1,0,0,200,200
333742,0,30,1,2,0,1,12,5,0,0,0,21,16,0,7,200,0,0,0,200,200
333742,1,30,1,2,0,1,12,5,0,0,0,21,16,1,6,200,200,200,200,200,200
333751,0,30,1,2,0,1,12,5,0,0,0,17,200,0,7,0,1,0,0,200,200
333751,0,30,1,2,0,1,12,5,0,0,0,17,200,1,5,0,0,0,0,200,200
333753,0,35,0,0,0,1,7,5,0,0,0,16,0,0,6,200,200,200,200,200,200
333755,0,15,0,0,0,1,10,7,0,0,0,20,16,0,6,0,6,0,0,200,200
333755,0,15,0,0,0,1,10,7,0,0,0,20,16,1,9,0,0,0,0,200,200
333755,1,15,0,0,0,1,10,7,0,0,0,20,16,1,200,0,200,200,200,200,200
333756,0,20,0,0,0,1,7,6,0,0,200,0,200,0,7,200,12,0,0,200,200
333764,0,30,1,2,0,1,14,3,0,0,0,18,18,1,9,0,3,0,0,200,200
333764,0,30,1,2,0,1,14,3,0,0,0,18,18,0,8,0,0,0,0,200,200
333765,0,35,0,0,0,1,12,5,0,0,0,21,200,0,5,0,1,0,0,200,200
333765,0,35,0,0,0,1,12,5,0,0,0,21,200,0,6,0,0,0,0,200,200
333767,0,30,0,0,0,1,2,5,2,0,0,0,0,0,5,200,0,0,0,200,200
333769,0,30,1,2,0,1,14,2,0,0,0,0,200,0,6,200,200,200,200,200,200
333769,0,30,1,2,0,1,14,2,0,0,0,0,200,0,7,0,200,0,0,200,200
333769,1,30,1,2,0,1,14,2,0,0,0,0,200,1,6,0,200,200,200,200,200
333769,1,30,1,2,0,1,14,2,0,0,0,0,200,1,3,0,200,200,200,200,200
333771,0,30,0,0,0,1,14,2,0,0,0,17,200,0,7,0,1,200,0,200,200
333771,0,30,0,0,0,1,14,2,0,0,0,17,200,1,7,0,0,0,0,200,200
333771,1,30,0,0,0,1,14,2,0,0,0,17,200,1,3,0,200,200,200,200,200
333773,0,30,1,2,0,1,10,2,0,0,0,18,200,0,6,0,3,0,0,200,200
333773,0,30,1,2,0,1,10,2,0,0,0,18,200,1,6,0,0,0,0,200,200
333774,0,25,0,0,0,1,10,2,0,0,0,0,0,1,200,0,1,0,0,200,200
333774,0,25,0,0,0,1,10,2,0,0,0,0,0,0,7,0,0,0,0,200,200
333775,0,25,0,0,0,1,7,7,0,0,0,200,200,1,200,200,10,200,200,200,200
333778,0,30,0,0,0,1,14,2,0,0,0,16,0,0,6,3,1,0,0,200,200
333778,0,30,0,0,0,1,14,2,0,0,0,16,0,1,8,0,200,0,0,200,200
333778,1,30,0,0,0,1,14,2,0,0,0,16,0,1,6,0,200,200,200,200,200
333778,1,30,0,0,0,1,14,2,0,0,0,16,0,1,5,0,200,200,200,200,200
333782,0,30,1,200,0,1,14,5,0,200,200,0,200,0,5,0,200,1,0,200,200
333782,0,30,1,200,0,1,14,5,0,200,200,0,200,1,6,200,200,1,0,200,200
333783,0,30,1,2,0,1,12,2,0,0,200,200,200,0,9,0,200,200,0,200,200
333783,0,30,1,2,0,1,12,2,0,0,200,200,200,0,8,0,0,200,0,200,200
333786,0,30,1,2,0,1,14,5,0,0,0,17,6,1,5,0,200,0,0,200,200
333786,0,30,1,2,0,1,14,5,0,0,0,17,6,0,4,0,200,0,0,200,200
333787,0,30,0,0,0,1,10,2,0,0,0,16,200,0,9,0,12,0,0,200,200
333787,0,30,0,0,0,1,10,2,0,0,0,16,200,1,7,0,0,0,0,200,200
333787,1,30,0,0,0,1,10,2,0,0,0,16,200,1,200,0,200,200,200,200,200
333789,0,30,2,2,0,1,14,6,0,0,0,17,17,0,200,200,1,200,200,200,200
333789,0,30,2,2,0,1,14,6,0,0,0,17,17,1,7,0,0,0,0,200,200
333790,0,30,0,0,0,1,14,1,0,0,200,16,0,1,200,200,12,200,200,200,200
333790,0,30,0,0,0,1,14,1,0,0,200,16,0,0,7,200,12,200,200,200,200
333792,0,30,0,0,0,1,12,5,0,0,0,0,0,1,8,200,1,200,200,200,200
333792,0,30,0,0,0,1,12,5,0,0,0,0,0,0,9,0,0,0,0,200,200
333794,0,35,0,0,0,1,10,5,0,0,0,16,18,1,6,200,3,200,0,200,200
333794,0,35,0,0,0,1,10,5,0,0,0,16,18,1,8,0,0,0,0,200,200
333799,0,30,0,0,0,1,7,7,0,200,200,0,0,2,200,200,200,200,200,200,200
333800,0,30,1,2,0,1,10,2,0,0,0,18,200,1,200,200,3,200,200,200,200
333800,0,30,1,2,0,1,10,2,0,0,0,18,200,1,6,0,0,0,0,200,200
333800,1,30,1,2,0,1,10,2,0,0,0,18,200,1,5,0,200,200,200,200,200
333811,4,30,1,2,0,1,8,5,0,0,0,0,0,0,200,200,200,200,200,200,200
333811,0,30,1,2,0,1,8,5,0,0,0,0,0,0,7,0,0,0,0,200,200
333813,0,30,200,2,0,1,14,5,0,0,0,200,200,1,200,0,0,0,0,200,200
333813,0,30,200,2,0,1,14,5,0,0,0,200,200,0,200,0,0,0,0,200,200
333814,0,5,0,0,200,200,10,7,0,200,200,0,200,0,8,200,200,200,200,200,200
333814,0,5,0,0,200,200,10,7,0,200,200,0,200,0,6,200,200,200,200,200,200
333829,0,30,0,0,0,1,7,5,0,0,0,0,0,0,200,0,0,0,0,200,200
333829,1,30,0,0,0,1,7,5,0,0,0,0,0,0,200,200,200,200,200,200,200
333832,0,25,0,0,0,1,7,2,0,0,0,0,0,0,200,0,1,0,0,200,200
333833,0,30,0,0,0,1,10,5,0,0,0,18,16,0,9,200,3,200,0,200,200
333833,0,30,0,0,0,1,10,5,0,0,0,18,16,1,8,0,12,200,0,200,200
333834,0,30,2,2,0,1,14,2,0,0,0,5,5,0,9,0,1,0,12,200,200
333834,0,30,2,2,0,1,14,2,0,0,0,5,5,0,5,0,0,0,0,200,200
333838,0,30,0,0,0,1,12,5,0,0,0,22,22,2,200,200,2,200,200,200,200
333838,0,30,0,0,0,1,12,5,0,0,0,22,22,1,6,0,0,0,0,200,200
333840,0,25,0,0,0,1,14,12,0,0,0,17,0,1,5,0,1,0,0,200,200
333840,0,25,0,0,0,1,14,12,0,0,0,17,0,1,6,0,0,0,0,200,200
333843,0,40,0,0,0,1,10,3,1,0,0,32,16,1,4,0,12,0,5,200,200
333843,0,40,0,0,0,1,10,3,1,0,0,32,16,0,6,0,0,0,0,200,200
333843,0,40,0,0,0,1,10,3,1,0,0,32,16,1,6,0,0,0,0,200,200
333843,0,40,0,0,0,1,10,3,1,0,0,32,16,1,200,200,0,200,200,200,200
333843,1,40,0,0,0,1,10,3,1,0,0,32,16,0,8,0,200,200,200,200,200
333843,1,40,0,0,0,1,10,3,1,0,0,32,16,0,2,5,200,200,200,200,200
333850,0,30,0,0,0,1,2,3,0,0,0,200,200,0,5,200,200,200,0,200,200
333852,0,30,1,2,0,1,14,1,2,0,0,0,200,0,5,0,0,200,0,200,200
333852,0,30,1,2,0,1,14,1,2,0,0,0,200,0,8,0,0,0,0,200,200
333852,1,30,1,2,0,1,14,1,2,0,0,0,200,0,5,0,200,200,200,200,200
333852,1,30,1,2,0,1,14,1,2,0,0,0,200,1,7,0,200,200,200,200,200
333855,0,30,0,0,0,1,12,5,0,0,0,16,0,1,6,0,1,0,0,200,200
333855,0,30,0,0,0,1,12,5,0,0,0,16,0,0,7,0,0,0,0,200,200
333858,0,30,0,0,0,1,12,2,0,0,0,25,25,1,5,0,12,0,0,200,200
333858,0,30,0,0,0,1,12,2,0,0,0,25,25,0,200,200,0,200,200,200,200
333861,0,30,0,0,0,1,7,3,0,0,0,17,0,0,7,0,1,0,0,200,200
333861,1,30,0,0,0,1,7,3,0,0,0,17,0,1,200,200,200,200,200,200,200
333868,0,30,0,0,0,1,10,5,0,0,0,200,200,0,7,200,200,200,200,200,200
333868,0,30,0,0,0,1,10,5,0,0,0,200,200,0,6,200,200,200,200,200,200
333873,0,35,1,2,0,1,14,5,0,0,0,22,200,0,200,200,7,200,200,200,200
333873,0,35,1,2,0,1,14,5,0,0,0,22,200,1,5,0,0,200,0,200,200
333873,1,35,1,2,0,1,14,5,0,0,0,22,200,0,6,0,200,200,200,200,200
333875,0,35,1,2,0,1,10,5,0,0,0,18,0,0,8,0,3,0,0,200,200
333875,0,35,1,2,0,1,10,5,0,0,0,18,0,1,5,0,0,0,0,200,200
333875,1,35,1,2,0,1,10,5,0,0,0,18,0,0,7,0,200,200,200,200,200
333878,0,30,2,2,0,1,12,2,0,0,200,200,200,0,7,200,12,200,200,200,200
333878,0,30,2,2,0,1,12,2,0,0,200,200,200,1,5,0,0,200,0,200,200
333878,1,30,2,2,0,1,12,2,0,0,200,200,200,1,2,0,200,200,200,200,200
333880,0,20,2,2,0,1,9,6,0,0,200,17,0,0,5,0,1,0,0,200,200
333880,5,20,2,2,0,1,9,6,0,0,200,17,0,0,5,200,200,200,200,200,200
333881,0,30,1,2,0,1,8,200,0,0,200,0,0,0,6,200,1,0,200,200,200
333881,4,30,1,2,0,1,8,200,0,0,200,0,0,1,5,2,200,0,0,200,200
333883,0,30,1,2,0,1,10,3,0,0,0,18,11,0,200,200,3,200,200,200,200
333883,0,30,1,2,0,1,10,3,0,0,0,18,11,1,5,0,0,0,0,200,200
333883,1,30,1,2,0,1,10,3,0,0,0,18,11,1,6,7,200,200,200,200,200
333885,0,30,0,0,0,1,0,7,0,0,200,17,0,0,0,200,1,200,200,200,200
333885,0,30,0,0,0,1,0,7,0,0,200,17,0,0,6,0,200,200,0,200,200
333887,0,30,1,200,0,1,14,5,0,200,200,0,200,1,200,200,200,200,200,200,200
333887,0,30,1,200,0,1,14,5,0,200,200,0,200,1,5,0,7,0,0,200,200
333887,1,30,1,200,0,1,14,5,0,200,200,0,200,0,4,200,200,200,200,200,200
333887,1,30,1,200,0,1,14,5,0,200,200,0,200,1,0,200,200,200,200,200,200
333888,0,30,0,0,0,1,9,5,0,0,200,16,200,1,5,0,1,200,0,200,200
333888,5,30,0,0,0,1,9,5,0,0,200,16,200,1,2,7,12,0,7,200,200
333889,0,15,0,0,0,1,14,12,0,0,0,17,11,0,5,0,1,0,0,200,200
333889,0,15,0,0,0,1,14,12,0,0,0,17,11,0,7,0,0,0,0,200,200
333892,0,30,0,0,0,1,7,5,0,0,0,18,200,2,200,200,200,200,200,200,200
333894,0,30,0,0,0,1,12,5,0,0,0,0,0,1,200,200,200,200,200,200,200
333894,0,30,0,0,0,1,12,5,0,0,0,0,0,1,6,0,0,0,0,200,200
333896,0,30,0,0,0,1,0,5,0,0,0,17,200,0,6,0,1,0,0,200,200
333896,0,30,0,0,0,1,0,5,0,0,0,17,200,0,7,0,0,0,0,200,200
333896,1,30,0,0,0,1,0,5,0,0,0,17,200,1,6,0,200,200,200,200,200
333899,0,30,2,2,0,1,0,5,0,0,0,0,200,1,6,0,1,0,0,200,200
333899,0,30,2,2,0,1,0,5,0,0,0,0,200,1,6,0,0,0,0,200,200
333899,1,30,2,2,0,1,0,5,0,0,0,0,200,0,0,5,200,200,200,200,200
333901,0,30,1,2,0,1,14,5,0,0,200,11,200,0,8,0,2,0,0,200,200
333901,0,30,1,2,0,1,14,5,0,0,200,11,200,0,6,0,0,0,0,200,200
333908,0,30,0,0,0,1,10,5,0,0,0,16,18,1,7,200,3,0,0,200,200
333908,0,30,0,0,0,1,10,5,0,0,0,16,18,1,7,200,0,0,0,200,200
333910,0,30,0,0,0,1,14,5,0,0,0,0,0,1,5,0,7,0,0,200,200
333910,0,30,0,0,0,1,14,5,0,0,0,0,0,1,6,200,12,200,0,200,200
333911,0,30,1,2,0,1,14,5,2,0,0,11,0,0,6,200,7,200,0,200,200
333911,0,30,1,2,0,1,14,5,2,0,0,11,0,0,6,200,12,0,0,200,200
333911,1,30,1,2,0,1,14,5,2,0,0,11,0,1,6,200,200,200,200,200,200
333916,0,30,0,0,0,1,2,5,0,0,0,11,200,0,7,0,12,0,0,200,200
333918,0,30,0,0,0,1,2,12,0,0,0,200,200,0,7,0,12,0,0,200,200
333922,0,35,2,2,0,1,0,6,0,0,0,5,0,1,6,0,5,0,0,200,200
333922,0,35,2,2,0,1,0,6,0,0,0,5,0,0,9,0,12,0,0,200,200
333924,0,25,0,0,0,1,10,5,0,0,0,18,200,1,4,200,3,0,0,200,200
333924,0,25,0,0,0,1,10,5,0,0,0,18,200,1,4,200,12,0,0,200,200
333925,0,30,2,200,0,1,14,5,0,200,200,0,0,0,0,0,200,200,0,200,200
333925,0,30,2,200,0,1,14,5,0,200,200,0,0,0,7,0,200,200,200,200,200
333925,1,30,2,200,0,1,14,5,0,200,200,0,0,1,6,0,200,200,200,200,200
333925,1,30,2,200,0,1,14,5,0,200,200,0,0,0,2,0,200,200,200,200,200
333925,1,30,2,200,0,1,14,5,0,200,200,0,0,0,2,0,200,200,200,200,200
333925,1,30,2,200,0,1,14,5,0,200,200,0,0,1,4,0,200,200,200,200,200
333929,0,35,2,2,0,1,0,2,0,0,0,17,22,1,5,200,1,0,0,200,200
333929,0,35,2,2,0,1,0,2,0,0,0,17,22,0,7,200,12,0,0,200,200
333929,1,35,2,2,0,1,0,2,0,0,0,17,22,1,5,200,200,200,200,200,200
333930,0,30,0,0,200,200,7,2,0,200,0,0,200,2,200,200,200,200,200,200,200
333935,0,30,3,1,0,1,12,3,0,0,0,0,0,1,4,0,12,0,0,200,200
333935,0,30,3,1,0,1,12,3,0,0,0,0,0,0,7,200,12,200,0,200,200
333939,0,30,1,2,0,1,10,6,0,0,2,18,18,0,5,0,3,200,0,200,200
333939,0,30,1,2,0,1,10,6,0,0,2,18,18,1,6,0,0,0,0,200,200
333939,1,30,1,2,0,1,10,6,0,0,2,18,18,200,200,0,200,200,200,200,200
333939,1,30,1,2,0,1,10,6,0,0,2,18,18,200,200,0,200,200,200,200,200
333939,1,30,1,2,0,1,10,6,0,0,2,18,18,200,200,0,200,200,200,200,200
333939,1,30,1,2,0,1,10,6,0,0,2,18,18,200,200,0,200,200,200,200,200
333939,1,30,1,2,0,1,10,6,0,0,2,18,18,200,200,0,200,200,200,200,200
333944,0,30,1,2,0,1,14,5,0,0,0,17,33,1,5,0,1,0,0,200,200
333944,0,30,1,2,0,1,14,5,0,0,0,17,33,0,6,2,0,0,0,200,200
333945,0,25,0,0,0,1,10,2,0,0,0,0,0,1,7,0,1,0,0,200,200
333945,0,25,0,0,0,1,10,2,0,0,0,0,0,0,5,0,0,0,0,200,200
333947,0,30,0,200,0,1,9,2,0,0,200,0,0,2,200,200,12,200,200,200,200
333947,5,30,0,200,0,1,9,2,0,0,200,0,0,0,1,200,200,200,200,200,200
333952,0,30,1,2,0,1,12,5,0,0,0,0,0,2,200,200,200,200,200,200,200
333952,0,30,1,2,0,1,12,5,0,0,0,0,0,1,7,0,0,0,0,200,200
333954,0,30,1,2,0,1,0,5,0,0,200,11,200,0,5,200,2,200,0,200,200
333954,0,30,1,2,0,1,0,5,0,0,200,11,200,0,5,0,0,1,0,200,200
333955,0,30,0,0,0,1,7,7,0,0,0,0,200,0,8,0,0,0,0,200,200
333958,0,20,0,0,0,1,8,6,0,0,200,0,0,0,6,200,200,200,0,200,200
333958,4,20,0,0,0,1,8,6,0,0,200,0,0,0,6,7,200,200,0,200,200
333960,0,30,0,0,0,1,7,5,0,0,0,0,0,0,200,200,12,200,200,200,200
333961,0,25,0,0,0,1,7,2,0,0,0,0,0,2,200,200,1,200,200,200,200
333963,0,30,0,0,0,1,14,6,0,0,0,17,200,0,6,0,1,200,0,200,200
333963,0,30,0,0,0,1,14,6,0,0,0,17,200,1,5,0,0,0,0,200,200
333963,1,30,0,0,0,1,14,6,0,0,0,17,200,1,6,0,200,200,200,200,200
333963,1,30,0,0,0,1,14,6,0,0,0,17,200,1,7,0,200,200,200,200,200
333963,1,30,0,0,0,1,14,6,0,0,0,17,200,1,2,0,200,200,200,200,200
333964,0,20,0,0,0,1,7,6,0,0,0,0,200,1,6,200,12,0,0,200,200
333965,0,20,0,0,0,1,7,6,0,0,200,200,200,2,200,200,200,200,200,200,200
333967,0,30,2,2,0,1,14,5,0,0,0,0,0,0,7,200,0,0,0,200,200
333967,0,30,2,2,0,1,14,5,0,0,0,0,0,0,7,200,0,0,0,200,200
333967,1,30,2,2,0,1,14,5,0,0,0,0,0,0,5,200,200,200,200,200,200
333967,1,30,2,2,0,1,14,5,0,0,0,0,0,1,7,200,200,200,200,200,200
333969,0,10,0,0,0,1,7,7,0,200,200,17,200,1,8,200,200,0,0,200,200
333969,1,10,0,0,0,1,7,7,0,200,200,17,200,0,5,200,200,200,200,200,200
333971,0,0,12,0,0,1,7,7,0,0,0,200,200,0,6,200,12,200,200,200,200
333972,0,30,0,0,0,1,0,5,0,0,0,0,0,0,6,200,1,200,200,200,200
333972,0,30,0,0,0,1,0,5,0,0,0,0,0,0,6,0,0,0,0,200,200
333972,0,30,0,0,0,1,0,5,0,0,0,0,0,0,5,0,0,0,0,200,200
333976,0,30,0,0,0,1,0,7,0,0,0,0,0,0,6,200,200,200,200,200,200
333976,0,30,0,0,0,1,0,7,0,0,0,0,0,1,6,0,0,0,0,200,200
333977,0,30,0,0,0,1,8,5,0,0,0,17,11,0,5,200,12,0,0,200,200
333977,4,30,0,0,0,1,8,5,0,0,0,17,11,0,7,3,0,0,0,200,200
333978,0,30,1,0,0,3,10,5,0,0,0,18,200,1,6,200,3,200,200,200,200
333978,0,30,1,0,0,3,10,5,0,0,0,18,200,0,5,0,0,0,0,200,200
333978,1,30,1,0,0,3,10,5,0,0,0,18,200,0,6,200,200,200,200,200,200
333978,1,30,1,0,0,3,10,5,0,0,0,18,200,1,200,200,200,200,200,200,200
333980,0,30,0,0,0,1,12,6,0,0,0,0,0,1,200,200,4,200,200,200,200