RD_NO,PERSON_TYPE,POSTED_SPEED_LIMIT,TRAFFIC_CONTROL_DEVICE,DEVICE_CONDITION,WEATHER_CONDITION,LIGHTING_CONDITION,FIRST_CRASH_TYPE,TRAFFICWAY_TYPE,ALIGNMENT,ROADWAY_SURFACE_COND,ROAD_DEFECT,PRIM_CONTRIBUTORY_CAUSE,SEC_CONTRIBUTORY_CAUSE,SEX,AGE,SAFETY_EQUIPMENT,DRIVER_ACTION,DRIVER_VISION,PHYSICAL_CONDITION,BAC_RESULT VALUE,CELL_PHONE_USE
334495,0,30,0,0,0,3,10,5,0,0,0,18,200,0,0,200,0,0,0,200,200
334495,1,30,0,0,0,3,10,5,0,0,0,18,200,0,200,200,200,200,200,200,200
334495,1,30,0,0,0,3,10,5,0,0,0,18,200,0,200,200,200,200,200,200,200
334498,0,35,0,0,0,3,7,2,0,0,0,32,25,0,6,1,12,0,5,200,200
334501,0,30,2,2,0,3,0,5,0,0,200,17,200,1,5,0,1,200,200,200,200
334501,0,30,2,2,0,3,0,5,0,0,200,17,200,0,4,0,0,200,200,200,200
334501,1,30,2,2,0,3,0,5,0,0,200,17,200,1,5,0,200,200,200,200,200
334505,0,30,0,0,0,3,7,5,0,0,0,200,200,2,200,200,200,200,200,200,200
334531,0,30,0,0,0,3,14,5,0,0,0,23,23,0,6,200,7,200,200,200,200
334531,0,30,0,0,0,3,14,5,0,0,0,23,23,1,5,7,0,0,0,200,200
334554,0,15,0,12,0,3,10,7,0,0,0,18,22,1,200,200,3,200,200,200,200
334554,0,15,0,12,0,3,10,7,0,0,0,18,22,0,6,0,0,0,0,200,200
334554,1,15,0,12,0,3,10,7,0,0,0,18,22,0,7,0,200,200,200,200,200
334554,1,15,0,12,0,3,10,7,0,0,0,18,22,1,6,0,200,200,200,200,200
334561,0,25,0,0,0,0,7,6,0,0,0,200,200,1,200,200,200,200,200,200,200
334563,0,5,0,0,0,3,7,5,0,0,0,0,0,2,200,200,200,200,200,200,200
334576,0,30,1,2,0,3,10,2,0,0,0,6,25,0,5,200,5,0,200,200,200
334576,0,30,1,2,0,3,10,2,0,0,0,6,25,1,5,200,5,0,0,200,200
334579,0,25,0,0,0,3,7,6,0,0,0,15,200,0,4,0,8,0,0,200,200
334581,0,30,0,0,0,3,12,5,0,0,0,21,200,1,5,200,4,0,0,200,200
334581,0,30,0,0,0,3,12,5,0,0,0,21,200,0,6,200,0,0,0,200,200
334581,1,30,0,0,0,3,12,5,0,0,0,21,200,1,5,200,200,200,200,200,200
334581,1,30,0,0,0,3,12,5,0,0,0,21,200,0,6,200,200,200,200,200,200
334587,0,35,0,0,0,3,9,5,0,0,200,0,0,0,200,200,200,200,200,200,200
334587,5,35,0,0,0,3,9,5,0,0,200,0,0,0,6,7,0,200,5,200,200
334587,1,35,0,0,0,3,9,5,0,0,200,0,0,0,200,200,200,200,200,200,200
334594,0,30,2,2,0,3,7,5,0,0,0,8,11,0,3,200,12,0,0,200,200
334594,1,30,2,2,0,3,7,5,0,0,0,8,11,0,7,200,200,200,200,200,200
334604,0,30,0,0,0,3,14,12,0,0,0,22,23,0,200,200,2,200,200,200,200
334604,0,30,0,0,0,3,14,12,0,0,0,22,23,0,5,0,0,0,0,200,200
334604,1,30,0,0,0,3,14,12,0,0,0,22,23,1,200,0,200,200,200,200,200
334608,0,35,0,0,0,3,2,3,3,0,0,0,0,1,200,0,200,0,0,200,200
334638,0,30,0,0,0,2,7,5,0,0,0,12,12,1,4,0,12,4,0,200,200
334651,0,45,1,2,0,1,10,3,0,0,0,18,11,0,5,0,8,0,0,200,200
334651,0,45,1,2,0,1,10,3,0,0,0,18,11,1,6,0,0,0,0,200,200
334660,0,45,0,0,0,1,2,12,0,0,0,13,200,0,6,0,4,0,0,200,200
334660,1,45,0,0,0,1,2,12,0,0,0,13,200,1,6,200,200,200,200,200,200
334668,0,30,1,2,0,1,14,5,0,0,0,6,200,1,200,200,1,200,200,200,200
334668,0,30,1,2,0,1,14,5,0,0,0,6,200,1,5,0,0,0,0,200,200
334676,0,30,0,0,0,2,7,5,0,0,0,0,0,2,200,200,200,200,200,200,200
334680,0,30,1,2,0,1,0,2,0,0,0,6,16,1,6,0,5,0,0,200,200
334680,0,30,1,2,0,1,0,2,0,0,0,6,16,1,6,0,0,0,0,200,200
334680,1,30,1,2,0,1,0,2,0,0,0,6,16,0,6,7,200,200,200,200,200
334680,1,30,1,2,0,1,0,2,0,0,0,6,16,0,6,7,200,200,200,200,200
334680,1,30,1,2,0,1,0,2,0,0,0,6,16,0,6,7,200,200,200,200,200
334680,1,30,1,2,0,1,0,2,0,0,0,6,16,0,6,7,200,200,200,200,200
334680,1,30,1,2,0,1,0,2,0,0,0,6,16,1,8,7,200,200,200,200,200
334683,0,30,0,0,0,0,7,5,0,0,0,0,200,0,7,0,12,0,0,200,200
334692,0,30,0,0,0,1,7,2,0,0,0,18,200,0,5,0,3,0,0,200,200
334692,1,30,0,0,0,1,7,2,0,0,0,18,200,0,5,0,200,200,200,200,200
334698,0,30,0,0,0,1,7,2,0,0,0,0,0,1,9,0,12,0,0,200,200
334698,1,30,0,0,0,1,7,2,0,0,0,0,0,0,6,0,200,200,200,200,200
334707,0,30,2,2,200,200,7,6,0,200,200,0,200,2,200,200,200,200,200,200,200
334709,0,35,1,2,0,3,12,3,0,0,0,0,0,1,200,200,4,200,200,200,200
334709,0,35,1,2,0,3,12,3,0,0,0,0,0,1,6,0,0,0,0,200,200
334715,0,30,0,0,0,1,7,2,0,0,0,0,200,0,7,0,15,0,0,200,1
334718,0,30,0,0,0,1,2,5,0,0,0,0,0,2,200,200,200,200,200,200,200
334718,0,30,0,0,0,1,2,5,0,0,0,0,0,0,5,0,200,0,0,200,200
334720,0,30,2,2,0,1,0,5,0,0,0,5,17,1,6,0,0,0,0,200,200
334720,0,30,2,2,0,1,0,5,0,0,0,5,17,1,200,200,1,200,200,200,200
334720,1,30,2,2,0,1,0,5,0,0,0,5,17,200,200,200,200,200,200,200,200
334721,0,30,0,0,0,1,14,5,0,0,0,23,11,1,6,0,7,0,0,200,200
334721,0,30,0,0,0,1,14,5,0,0,0,23,11,1,6,0,0,0,0,200,200
334721,1,30,0,0,0,1,14,5,0,0,0,23,11,1,200,0,200,200,200,200,200
334736,0,15,0,0,0,1,7,7,0,0,0,0,0,2,200,200,200,200,200,200,200
334738,0,30,0,0,0,1,7,12,0,0,0,16,0,0,5,0,8,200,2,200,200
334742,0,25,0,0,0,3,7,5,0,0,0,0,200,2,200,200,200,200,200,200,200
334742,1,25,0,0,0,3,7,5,0,0,0,0,200,200,200,7,200,200,200,200,200
334749,0,30,0,0,0,3,10,2,0,0,0,18,14,2,200,200,3,200,200,200,200
334749,0,30,0,0,0,3,10,2,0,0,0,18,14,1,5,0,0,0,0,200,200
334749,0,30,0,0,0,3,10,2,0,0,0,18,14,2,200,200,0,200,200,200,200
334753,0,35,0,0,0,1,10,5,0,0,0,16,17,1,200,7,1,0,200,200,200
334753,0,35,0,0,0,1,10,5,0,0,0,16,17,0,5,0,0,0,0,200,200
334764,0,30,0,0,0,1,2,5,0,0,0,0,0,1,5,0,200,0,0,200,200
334765,0,30,0,0,0,1,7,6,0,0,0,18,200,1,5,0,12,0,0,200,200
334765,1,30,0,0,0,1,7,6,0,0,0,18,200,1,200,0,200,200,200,200,200
334765,1,30,0,0,0,1,7,6,0,0,0,18,200,1,5,0,200,200,200,200,200
334766,0,30,0,0,0,1,10,5,0,1,0,0,200,1,8,0,3,0,0,200,200
334766,0,30,0,0,0,1,10,5,0,1,0,0,200,0,200,200,200,200,0,200,200
334773,0,0,0,0,0,1,2,5,0,0,1,28,29,1,6,0,0,0,0,200,200
334775,0,30,0,0,0,1,10,5,0,0,0,20,200,0,6,200,2,0,0,200,200
334775,0,30,0,0,0,1,10,5,0,0,0,20,200,0,6,0,0,0,0,200,200
334779,0,30,0,0,0,1,14,5,0,0,0,20,20,1,5,200,2,0,0,200,200
334779,0,30,0,0,0,1,14,5,0,0,0,20,20,1,5,0,0,0,0,200,200
334779,1,30,0,0,0,1,14,5,0,0,0,20,20,1,4,200,200,200,200,200,200
334779,1,30,0,0,0,1,14,5,0,0,0,20,20,0,5,0,200,200,200,200,200
334779,1,30,0,0,0,1,14,5,0,0,0,20,20,0,5,0,200,200,200,200,200
334781,0,30,0,0,0,1,0,2,2,0,0,0,200,1,8,0,12,5,0,200,200
334781,0,30,0,0,0,1,0,2,2,0,0,0,200,0,0,200,0,12,200,200,200
334795,0,30,0,0,0,1,12,3,0,0,0,17,21,0,7,0,4,0,0,200,200
334795,0,30,0,0,0,1,12,3,0,0,0,17,21,0,6,0,0,0,0,200,200
334803,0,0,1,2,0,1,10,3,0,0,0,18,11,1,200,0,3,0,0,200,200
334803,0,0,1,2,0,1,10,3,0,0,0,18,11,0,6,0,3,0,0,200,200
334811,0,30,1,2,0,1,10,2,0,0,0,16,200,0,5,200,3,200,0,200,200
334811,0,30,1,2,0,1,10,2,0,0,0,16,200,1,6,200,12,200,0,200,200
334816,0,30,0,0,0,1,7,5,0,0,0,0,200,2,200,200,200,200,200,200,200
334817,0,30,1,2,0,1,14,5,0,0,0,6,16,0,5,200,5,200,0,200,200
334817,0,30,1,2,0,1,14,5,0,0,0,6,16,1,6,200,200,200,0,200,200
334817,1,30,1,2,0,1,14,5,0,0,0,6,16,0,2,0,200,200,200,200,200
334817,1,30,1,2,0,1,14,5,0,0,0,6,16,0,3,200,200,200,200,200,200
334820,0,30,0,0,0,1,7,7,0,0,0,0,0,2,200,200,200,200,200,200,200
334823,0,15,0,0,0,1,7,7,0,0,0,0,0,2,200,200,200,200,200,200,200
334826,0,0,0,0,0,1,7,7,0,0,0,20,0,1,6,0,6,0,0,200,200
334827,0,30,0,0,0,1,0,5,0,0,0,17,0,1,200,200,1,200,200,200,200
334827,0,30,0,0,0,1,0,5,0,0,0,17,0,0,6,0,0,0,0,200,200
334828,0,30,0,0,0,1,0,0,0,0,0,17,200,0,200,200,1,200,200,200,200
334828,0,30,0,0,0,1,0,0,0,0,0,17,200,1,5,0,0,0,0,200,200
334828,1,30,0,0,0,1,0,0,0,0,0,17,200,0,5,0,200,200,200,200,200
334829,0,30,1,2,0,1,14,3,3,0,0,0,200,1,200,200,200,200,200,200,200
334829,0,30,1,2,0,1,14,3,3,0,0,0,200,0,9,200,0,0,0,200,200
334830,0,15,0,0,0,3,2,0,0,0,0,0,0,0,6,0,0,0,0,200,200
334857,0,30,0,0,0,1,11,5,0,0,0,17,17,0,200,200,1,200,200,200,200
334857,0,30,0,0,0,1,11,5,0,0,0,17,17,0,7,0,0,0,0,200,200
334861,0,20,0,0,0,1,7,5,0,0,3,0,21,2,200,200,200,200,200,200,200
334866,0,30,0,0,0,1,14,2,0,0,0,17,200,0,6,0,1,0,0,200,200
334866,0,30,0,0,0,1,14,2,0,0,0,17,200,0,0,0,0,0,0,200,200
334876,0,10,0,0,0,1,7,7,0,0,0,0,200,0,200,200,6,200,200,200,200
334876,1,10,0,0,0,1,7,7,0,0,0,0,200,0,9,0,200,200,200,200,200
334878,0,30,0,0,0,0,7,2,0,0,0,0,0,2,200,200,200,200,200,200,200
334890,0,30,0,0,0,1,12,5,0,0,0,17,0,0,5,200,1,200,0,200,200
334890,0,30,0,0,0,1,12,5,0,0,0,17,0,1,5,200,200,200,0,200,200
334890,0,30,0,0,0,1,12,5,0,0,0,17,0,0,200,200,0,200,0,200,200
334890,1,30,0,0,0,1,12,5,0,0,0,17,0,1,200,200,200,200,200,200,200
334894,0,30,0,0,0,1,0,7,0,0,0,17,0,0,7,200,1,200,200,200,200
334894,0,30,0,0,0,1,0,7,0,0,0,17,0,0,5,0,0,0,0,200,200
334896,0,30,0,0,0,1,12,5,0,0,0,17,22,0,200,200,2,200,200,200,200
334896,0,30,0,0,0,1,12,5,0,0,0,17,22,1,5,0,0,0,0,200,200
334901,0,10,0,0,0,1,0,7,0,0,0,20,200,1,8,0,6,0,0,200,200
334901,0,10,0,0,0,1,0,7,0,0,0,20,200,1,7,0,0,0,0,200,200
334903,0,30,0,0,0,1,7,6,0,0,0,0,200,1,6,0,0,0,0,200,200
334903,1,30,0,0,0,1,7,6,0,0,0,0,200,1,200,0,200,200,200,200,200
334903,1,30,0,0,0,1,7,6,0,0,0,0,200,200,200,0,200,200,200,200,200
334906,0,30,1,2,0,1,10,5,0,0,0,0,0,1,7,0,200,0,12,200,200
334906,0,30,1,2,0,1,10,5,0,0,0,0,0,1,7,0,0,0,0,200,200
334906,1,30,1,2,0,1,10,5,0,0,0,0,0,1,6,0,200,200,200,200,200
334907,0,30,1,2,0,1,10,5,0,0,0,0,0,0,5,0,200,0,0,200,200
334907,0,30,1,2,0,1,10,5,0,0,0,0,0,0,6,0,0,0,0,200,200
334913,0,30,1,2,0,1,14,3,0,0,0,0,0,1,4,200,7,0,200,200,200
334913,0,30,1,2,0,1,14,3,0,0,0,0,0,1,5,200,0,0,200,200,200
334918,0,5,0,0,0,1,7,7,0,0,0,0,0,1,200,200,6,200,200,200,200
334926,0,30,0,0,0,1,7,5,0,0,0,17,18,1,6,0,1,0,0,200,200
334926,1,30,0,0,0,1,7,5,0,0,0,17,18,1,200,0,200,200,200,200,200
334926,1,30,0,0,0,1,7,5,0,0,0,17,18,1,200,0,200,200,200,200,200
334926,1,30,0,0,0,1,7,5,0,0,0,17,18,0,0,5,200,200,200,200,200
334927,0,25,0,0,0,1,2,0,0,0,0,20,0,0,200,200,6,200,200,200,200
334937,0,30,0,0,0,1,7,12,0,0,0,20,200,0,200,0,6,200,0,200,200
334940,0,30,1,2,0,0,14,5,0,0,200,0,0,1,6,0,7,0,0,200,200
334940,0,30,1,2,0,0,14,5,0,0,200,0,0,0,6,0,0,0,0,200,200
334940,1,30,1,2,0,0,14,5,0,0,200,0,0,1,200,0,200,200,200,200,200
334961,0,25,0,0,0,1,7,6,0,0,0,0,0,2,200,200,1,200,200,200,200
334970,0,30,0,0,0,1,14,5,0,0,0,17,0,1,8,0,1,200,0,200,200
334970,0,30,0,0,0,1,14,5,0,0,0,17,0,1,5,0,0,0,0,200,200
334974,0,30,0,0,200,200,7,6,0,200,0,0,0,2,200,200,200,200,200,200,200
334976,0,15,0,0,0,3,2,0,0,0,0,0,200,2,200,200,200,200,200,200,200
334982,0,30,0,0,0,1,7,6,0,0,0,0,0,2,200,200,200,200,200,200,200
334991,0,30,2,2,2,1,2,5,0,1,1,29,200,0,5,0,0,0,0,200,200
334993,0,30,0,0,0,1,7,6,0,0,0,0,0,2,200,200,200,200,200,200,200
334995,0,15,0,0,0,1,10,2,0,0,0,18,0,0,7,0,3,0,0,200,200
334995,0,15,0,0,0,1,10,2,0,0,0,18,0,1,7,0,0,0,0,200,200
334995,1,15,0,0,0,1,10,2,0,0,0,18,0,1,5,0,200,200,200,200,200
334995,1,15,0,0,0,1,10,2,0,0,0,18,0,0,1,0,200,200,200,200,200
334995,1,15,0,0,0,1,10,2,0,0,0,18,0,0,1,0,200,200,200,200,200
334996,0,30,1,2,0,1,10,2,0,0,0,0,200,0,7,0,3,0,200,200,200
334996,0,30,1,2,0,1,10,2,0,0,0,0,200,1,6,0,0,0,0,200,200
334998,0,20,0,0,0,1,7,7,0,0,200,0,0,1,6,200,200,200,0,200,200
334999,0,30,2,2,0,1,0,5,0,0,0,5,0,0,7,200,1,200,200,200,200
334999,0,30,2,2,0,1,0,5,0,0,0,5,0,0,6,200,0,200,200,200,200
335000,0,35,0,0,0,1,0,2,0,0,0,17,200,1,4,200,1,200,0,200,200
335000,0,35,0,0,0,1,0,2,0,0,0,17,200,0,6,200,200,200,0,200,200
335000,1,35,0,0,0,1,0,2,0,0,0,17,200,1,5,200,200,200,200,200,200
335000,1,35,0,0,0,1,0,2,0,0,0,17,200,0,2,200,200,200,200,200,200
335000,1,35,0,0,0,1,0,2,0,0,0,17,200,1,2,200,200,200,200,200,200
335001,0,30,0,0,0,1,7,7,0,0,0,4,16,1,8,200,10,0,0,200,200
335005,0,30,0,0,0,1,11,5,0,200,200,20,20,0,7,200,6,200,200,200,200
335005,0,30,0,0,0,1,11,5,0,200,200,20,20,0,6,0,12,200,0,200,200
335006,0,30,1,2,0,1,14,2,0,0,0,17,16,0,7,0,1,1,0,200,200
335006,0,30,1,2,0,1,14,2,0,0,0,17,16,0,6,0,0,1,0,200,200
335014,0,30,0,0,0,1,7,5,0,0,0,14,0,1,5,200,200,200,0,200,200
335015,0,30,1,2,0,1,10,3,0,0,0,18,200,0,5,0,3,0,0,200,200
335015,0,30,1,2,0,1,10,3,0,0,0,18,200,1,6,0,0,0,0,200,200
335015,1,30,1,2,0,1,10,3,0,0,0,18,200,0,2,0,200,200,200,200,200
335015,1,30,1,2,0,1,10,3,0,0,0,18,200,1,7,0,200,200,200,200,200
335016,0,35,1,2,0,1,0,5,0,0,0,6,200,1,4,200,5,200,0,200,200
335016,0,35,1,2,0,1,0,5,0,0,0,6,200,1,5,200,0,200,0,200,200
335023,0,30,1,2,0,1,0,5,0,0,0,17,17,1,5,0,1,0,0,200,200
335023,0,30,1,2,0,1,0,5,0,0,0,17,17,0,6,0,0,0,0,200,200
335029,0,30,0,0,0,1,7,0,0,0,0,0,21,2,200,200,200,200,200,200,200
335035,0,30,2,2,0,1,0,5,0,0,0,5,17,0,7,0,5,200,0,200,200
335035,0,30,2,2,0,1,0,5,0,0,0,5,17,1,5,0,0,0,0,200,200
335035,1,30,2,2,0,1,0,5,0,0,0,5,17,1,8,0,200,200,200,200,200
335035,1,30,2,2,0,1,0,5,0,0,0,5,17,1,5,0,200,200,200,200,200
335035,1,30,2,2,0,1,0,5,0,0,0,5,17,1,4,0,200,200,200,200,200
335035,1,30,2,2,0,1,0,5,0,0,0,5,17,0,0,5,200,200,200,200,200
335039,0,30,1,2,0,1,10,5,0,0,0,0,200,0,6,0,200,0,0,200,200
335039,0,30,1,2,0,1,10,5,0,0,0,0,200,0,6,0,0,0,0,200,200
335039,1,30,1,2,0,1,10,5,0,0,0,0,200,1,6,0,200,200,200,200,200
335040,0,20,1,2,0,1,10,5,0,0,0,18,0,1,7,0,0,0,0,200,200
335040,0,20,1,2,0,1,10,5,0,0,0,18,0,0,5,0,3,0,0,200,200
335045,0,30,200,200,0,1,10,5,0,0,0,18,18,1,200,200,0,200,200,200,200
335045,0,30,200,200,0,1,10,5,0,0,0,18,18,0,7,0,0,0,0,200,200
335047,0,40,0,0,0,1,10,3,0,0,0,18,16,0,5,0,3,0,0,200,200
335047,0,40,0,0,0,1,10,3,0,0,0,18,16,0,6,0,0,0,0,200,200
335047,0,40,0,0,0,1,10,3,0,0,0,18,16,0,6,0,0,0,0,200,200
335047,0,40,0,0,0,1,10,3,0,0,0,18,16,0,6,7,0,0,0,200,200
335049,0,30,1,2,0,1,14,12,2,0,0,16,200,1,200,200,200,200,200,200,200
335049,0,30,1,2,0,1,14,12,2,0,0,16,200,0,6,0,0,0,0,200,200
335049,1,30,1,2,0,1,14,12,2,0,0,16,200,0,3,0,200,200,200,200,200
335049,1,30,1,2,0,1,14,12,2,0,0,16,200,0,3,0,200,200,200,200,200
335049,1,30,1,2,0,1,14,12,2,0,0,16,200,1,2,0,200,200,200,200,200
335058,0,20,200,200,0,1,7,12,0,200,200,200,200,1,8,200,10,200,200,200,200
335060,0,30,0,0,0,0,7,5,0,0,0,200,200,2,200,200,200,200,200,200,200
335063,0,15,0,0,0,1,8,5,0,0,0,17,16,1,6,0,1,0,0,200,200
335063,4,15,0,0,0,1,8,5,0,0,0,17,16,0,200,7,200,0,200,200,200
335066,0,30,1,2,0,1,14,12,1,0,0,6,6,0,6,0,5,0,0,200,200
335066,0,30,1,2,0,1,14,12,1,0,0,6,6,0,7,3,0,0,0,200,200
335078,0,30,0,0,0,1,14,2,0,0,0,0,0,0,4,0,1,0,0,200,200
335078,0,30,0,0,0,1,14,2,0,0,0,0,0,0,5,0,1,0,0,200,200
335078,1,30,0,0,0,1,14,2,0,0,0,0,0,0,4,0,200,200,200,200,200
335080,0,30,2,2,0,1,8,2,0,0,0,17,0,0,9,0,1,0,0,200,200
335080,4,30,2,2,0,1,8,2,0,0,0,17,0,0,8,3,0,0,0,200,200
335091,0,30,0,0,0,1,14,6,0,0,0,17,33,0,6,0,1,5,0,200,200
335091,0,30,0,0,0,1,14,6,0,0,0,17,33,0,6,0,0,0,0,200,200
335091,1,30,0,0,0,1,14,6,0,0,0,17,33,200,6,0,200,200,200,200,200
335097,0,30,0,0,0,1,5,2,0,0,1,0,200,0,6,0,0,0,0,200,200
335097,1,30,0,0,0,1,5,2,0,0,1,0,200,0,5,0,200,200,200,200,200
335097,1,30,0,0,0,1,5,2,0,0,1,0,200,0,6,0,200,200,200,200,200
335104,0,10,0,0,0,1,0,7,0,0,0,20,0,0,7,200,6,1,0,200,200
335104,0,10,0,0,0,1,0,7,0,0,0,20,0,1,5,200,0,0,0,200,200
335110,0,30,2,2,0,1,0,6,0,0,0,6,6,2,200,200,5,200,200,200,200
335110,0,30,2,2,0,1,0,6,0,0,0,6,6,0,7,0,12,1,0,200,200
335127,0,30,2,2,0,1,10,5,0,0,0,7,18,1,5,200,9,200,200,200,200
335127,0,30,2,2,0,1,10,5,0,0,0,7,18,1,6,200,0,0,0,200,200
335127,1,30,2,2,0,1,10,5,0,0,0,7,18,200,200,200,200,200,200,200,200
335133,0,30,0,0,0,1,7,5,0,0,0,0,200,2,200,200,200,200,200,200,200
335136,0,20,0,0,0,1,10,2,0,0,0,22,18,0,6,200,12,200,0,200,200
335136,0,20,0,0,0,1,10,2,0,0,0,22,18,0,7,200,200,200,0,200,200
335137,0,30,0,0,0,1,0,5,0,0,0,17,16,1,4,0,1,0,0,200,200
335137,0,30,0,0,0,1,0,5,0,0,0,17,16,0,5,0,0,0,0,200,200
335137,1,30,0,0,0,1,0,5,0,0,0,17,16,1,200,0,200,200,200,200,200
335140,0,30,1,2,0,1,12,5,0,0,0,17,21,1,5,0,1,0,0,200,200
335140,0,30,1,2,0,1,12,5,0,0,0,17,21,0,5,0,0,0,0,200,200
335146,0,5,0,0,0,1,0,7,0,0,0,0,0,0,6,0,12,0,0,200,200
335146,0,5,0,0,0,1,0,7,0,0,0,0,0,0,4,0,0,0,0,200,200
335147,0,30,0,3,0,1,10,3,0,0,0,18,18,0,6,7,3,0,0,200,200
335147,0,30,0,3,0,1,10,3,0,0,0,18,18,0,200,200,0,0,0,200,200
335149,0,30,0,0,0,1,7,5,1,0,0,25,11,1,7,200,12,0,200,200,200
335150,0,30,1,2,0,1,14,3,0,0,0,21,21,0,200,200,7,200,200,200,200
335150,0,30,1,2,0,1,14,3,0,0,0,21,21,0,6,200,0,0,0,200,200
335151,0,30,1,0,0,1,10,5,0,0,0,16,200,0,200,200,12,200,200,200,200
335151,0,30,1,0,0,1,10,5,0,0,0,16,200,0,6,0,0,0,0,200,200
335151,1,30,1,0,0,1,10,5,0,0,0,16,200,1,200,0,200,200,200,200,200
335152,0,20,0,0,0,1,7,6,0,0,0,0,0,2,200,200,200,200,200,200,200
335153,0,30,1,2,0,1,14,5,0,0,0,17,0,0,5,200,1,0,0,200,200
335153,0,30,1,2,0,1,14,5,0,0,0,17,0,1,6,200,0,0,0,200,200
335155,0,30,1,2,0,1,10,2,0,0,200,18,200,0,8,200,3,200,0,200,200
335155,0,30,1,2,0,1,10,2,0,0,200,18,200,0,6,200,0,200,200,200,200
335156,5,30,1,2,0,1,9,2,0,0,0,17,16,0,6,7,5,0,7,200,200
335156,0,30,1,2,0,1,9,2,0,0,0,17,16,0,4,200,200,0,0,200,200
335158,0,30,1,2,0,1,0,2,0,0,0,0,200,1,7,0,200,0,0,200,200
335158,0,30,1,2,0,1,0,2,0,0,0,0,200,0,6,0,200,0,0,200,200
335158,1,30,1,2,0,1,0,2,0,0,0,0,200,0,5,0,200,200,200,200,200
335158,1,30,1,2,0,1,0,2,0,0,0,0,200,1,1,0,200,200,200,200,200
335167,0,30,1,2,0,1,14,3,0,0,0,23,21,0,6,0,7,0,0,200,200
335167,0,30,1,2,0,1,14,3,0,0,0,23,21,0,5,0,0,0,0,200,200
335171,0,30,1,2,0,1,10,5,0,200,200,18,7,0,6,0,3,200,0,200,200
335171,0,30,1,2,0,1,10,5,0,200,200,18,7,0,200,200,200,200,200,200,200
335171,1,30,1,2,0,1,10,5,0,200,200,18,7,2,200,200,200,200,200,200,200
335172,0,20,1,0,0,1,8,6,0,0,0,22,200,0,6,200,2,200,0,200,200
335172,4,20,1,0,0,1,8,6,0,0,0,22,200,0,7,200,200,200,0,200,200
335172,1,20,1,0,0,1,8,6,0,0,0,22,200,1,6,200,200,200,200,200,200
335183,0,30,1,2,0,1,14,5,0,0,0,22,22,0,6,0,2,0,0,200,200
335183,0,30,1,2,0,1,14,5,0,0,0,22,22,1,8,7,0,0,0,200,200
335183,1,30,1,2,0,1,14,5,0,0,0,22,22,1,8,0,200,200,200,200,200
335185,0,25,0,0,0,1,2,12,0,0,0,0,0,0,8,0,1,0,0,200,200
335186,0,30,1,2,0,1,10,2,0,0,0,18,16,0,7,200,3,200,0,200,200
335186,0,30,1,2,0,1,10,2,0,0,0,18,16,0,4,200,0,200,0,200,200
335189,0,15,1,2,0,1,11,7,0,0,0,20,0,0,200,200,6,200,200,200,200
335189,0,15,1,2,0,1,11,7,0,0,0,20,0,1,7,0,0,0,0,200,200
335196,0,30,1,2,0,1,11,5,0,0,0,0,0,2,200,200,12,200,200,200,200
335196,0,30,1,2,0,1,11,5,0,0,0,0,0,1,7,0,12,0,0,200,200
335199,0,30,0,0,0,1,10,7,0,0,0,20,200,0,6,200,6,0,0,200,200
335199,0,30,0,0,0,1,10,7,0,0,0,20,200,0,5,200,0,0,0,200,200
335199,1,30,0,0,0,1,10,7,0,0,0,20,200,1,5,200,200,200,200,200,200
335201,0,30,200,200,0,1,7,200,0,200,200,200,200,2,200,200,200,200,200,200,200
335203,0,30,0,0,0,1,9,5,0,0,0,200,200,1,6,0,0,0,0,200,200
335203,5,30,0,0,0,1,9,5,0,0,0,200,200,0,2,7,12,0,0,200,200
335203,1,30,0,0,0,1,9,5,0,0,0,200,200,0,2,0,200,200,200,200,200
335206,0,30,1,2,0,1,10,5,0,0,0,16,0,0,200,200,1,200,200,200,200
335206,0,30,1,2,0,1,10,5,0,0,0,16,0,1,7,0,0,0,0,200,200
335209,0,15,0,0,0,1,12,7,0,0,0,0,0,1,5,0,2,0,0,200,200
335209,0,15,0,0,0,1,12,7,0,0,0,0,0,0,5,0,12,0,0,200,200
335210,0,30,0,200,0,1,14,2,0,0,200,17,17,0,4,0,0,0,0,200,200
335210,0,30,0,200,0,1,14,2,0,0,200,17,17,0,6,0,0,0,0,200,200
335212,0,30,2,2,0,1,14,2,0,0,0,17,17,0,4,200,1,200,0,200,200
335212,0,30,2,2,0,1,14,2,0,0,0,17,17,0,5,200,0,200,0,200,200
335212,1,30,2,2,0,1,14,2,0,0,0,17,17,0,7,200,200,200,200,200,200
335212,1,30,2,2,0,1,14,2,0,0,0,17,17,1,5,200,200,200,200,200,200
335216,0,30,0,0,0,1,10,5,0,0,0,18,0,1,3,0,3,0,0,200,200
335216,0,30,0,0,0,1,10,5,0,0,0,18,0,0,6,0,0,0,0,200,200
335223,0,30,1,2,0,1,12,6,0,0,0,17,17,2,200,200,200,200,200,200,200
335223,0,30,1,2,0,1,12,6,0,0,0,17,17,0,200,0,0,0,0,200,200
335225,0,30,0,0,0,1,7,5,0,0,0,23,200,0,7,0,7,0,0,200,200
335228,0,25,2,0,0,1,0,5,0,0,0,200,200,0,200,200,13,200,200,200,200
335228,0,25,2,0,0,1,0,5,0,0,0,200,200,0,5,200,0,0,0,200,200
335228,1,25,2,0,0,1,0,5,0,0,0,200,200,1,5,200,200,200,200,200,200
335231,0,35,1,2,0,1,10,2,0,0,0,6,18,1,6,200,5,0,0,200,200