RD_NO,PERSON_TYPE,POSTED_SPEED_LIMIT,TRAFFIC_CONTROL_DEVICE,DEVICE_CONDITION,WEATHER_CONDITION,LIGHTING_CONDITION,FIRST_CRASH_TYPE,TRAFFICWAY_TYPE,ALIGNMENT,ROADWAY_SURFACE_COND,ROAD_DEFECT,PRIM_CONTRIBUTORY_CAUSE,SEC_CONTRIBUTORY_CAUSE,SEX,AGE,SAFETY_EQUIPMENT,DRIVER_ACTION,DRIVER_VISION,PHYSICAL_CONDITION,BAC_RESULT VALUE,CELL_PHONE_USE
335231,0,35,1,2,0,1,10,2,0,0,0,6,18,0,6,200,0,0,0,200,200
335231,1,35,1,2,0,1,10,2,0,0,0,6,18,0,5,200,200,200,200,200,200
335232,0,30,12,0,0,1,10,2,0,0,0,18,18,0,4,200,3,200,200,200,200
335232,0,30,12,0,0,1,10,2,0,0,0,18,18,0,6,0,0,1,0,200,200
335236,0,30,1,2,0,1,10,2,0,0,0,18,0,0,5,0,3,0,0,200,200
335236,0,30,1,2,0,1,10,2,0,0,0,18,0,1,7,0,0,0,0,200,200
335238,0,30,1,2,0,1,0,6,0,0,0,6,17,1,5,0,5,0,0,200,200
335238,0,30,1,2,0,1,0,6,0,0,0,6,17,0,7,0,0,0,0,200,200
335238,1,30,1,2,0,1,0,6,0,0,0,6,17,0,5,0,200,200,200,200,200
335238,1,30,1,2,0,1,0,6,0,0,0,6,17,1,4,0,200,200,200,200,200
335242,0,0,0,0,0,1,0,7,0,0,12,20,200,0,5,0,6,0,0,200,200
335242,0,0,0,0,0,1,0,7,0,0,12,20,200,0,7,0,0,0,0,200,200
335249,0,10,0,0,0,1,0,7,0,0,200,17,0,1,5,200,1,200,200,200,200
335249,0,10,0,0,0,1,0,7,0,0,200,17,0,0,5,0,1,0,0,200,200
335251,0,30,2,2,0,1,12,5,0,0,0,17,22,0,7,0,1,0,0,200,200
335251,0,30,2,2,0,1,12,5,0,0,0,17,22,1,5,0,12,0,0,200,200
335258,0,20,2,0,0,1,10,12,0,0,0,18,7,1,7,0,3,0,0,200,200
335258,0,20,2,0,0,1,10,12,0,0,0,18,7,1,6,0,0,0,0,200,200
335259,0,30,0,0,0,1,11,5,0,0,200,0,0,0,200,200,200,200,200,200,200
335259,0,30,0,0,0,1,11,5,0,0,200,0,0,0,6,0,0,0,0,200,200
335259,1,30,0,0,0,1,11,5,0,0,200,0,0,0,200,200,200,200,200,200,200
335259,1,30,0,0,0,1,11,5,0,0,200,0,0,0,200,0,200,200,200,200,200
335260,0,35,0,0,0,1,7,5,0,0,0,0,0,0,7,200,12,0,0,200,200
335262,0,30,0,0,0,1,9,2,0,0,0,200,200,0,200,200,200,200,200,200,200
335262,5,30,0,0,0,1,9,2,0,0,0,200,200,0,6,7,0,0,0,200,200
335266,0,25,0,200,200,3,7,6,0,200,0,200,200,2,200,200,200,200,200,200,200
335267,0,5,0,0,0,1,0,7,0,0,0,0,200,1,4,0,6,0,0,200,200
335267,0,5,0,0,0,1,0,7,0,0,0,0,200,0,6,0,0,0,0,200,200
335267,1,5,0,0,0,1,0,7,0,0,0,0,200,0,5,0,200,200,200,200,200
335286,0,30,0,0,0,1,0,5,0,0,0,25,16,2,200,200,1,200,200,200,200
335286,0,30,0,0,0,1,0,5,0,0,0,25,16,0,7,200,0,0,0,200,200
335286,1,30,0,0,0,1,0,5,0,0,0,25,16,1,5,200,200,200,200,200,200
335287,0,30,1,2,0,1,12,5,0,0,0,21,8,1,200,200,200,200,200,200,200
335287,0,30,1,2,0,1,12,5,0,0,0,21,8,0,5,0,0,0,0,200,200
335288,1,45,0,0,0,1,10,6,0,0,0,0,200,0,200,0,200,200,200,200,200
335288,0,45,0,0,0,1,10,6,0,0,0,0,200,0,200,0,3,0,0,200,200
335288,0,45,0,0,0,1,10,6,0,0,0,0,200,0,200,0,0,0,0,200,200
335288,1,45,0,0,0,1,10,6,0,0,0,0,200,0,200,0,200,200,200,200,200
335288,1,45,0,0,0,1,10,6,0,0,0,0,200,1,200,0,200,200,200,200,200
335288,1,45,0,0,0,1,10,6,0,0,0,0,200,0,200,0,200,200,200,200,200
335288,1,45,0,0,0,1,10,6,0,0,0,0,200,1,200,0,200,200,200,200,200
335288,1,45,0,0,0,1,10,6,0,0,0,0,200,1,200,0,200,200,200,200,200
335288,1,45,0,0,0,1,10,6,0,0,0,0,200,0,200,5,200,200,200,200,200
335292,0,15,0,0,0,1,7,7,0,0,0,21,200,2,200,200,12,200,200,200,200
335298,0,35,0,0,0,1,2,6,2,0,0,0,0,2,200,200,200,200,200,200,200
335299,0,30,0,0,0,1,12,5,0,0,0,17,200,0,9,0,1,0,0,200,200
335299,0,30,0,0,0,1,12,5,0,0,0,17,200,0,6,7,0,0,0,200,200
335299,1,30,0,0,0,1,12,5,0,0,0,17,200,1,6,0,200,200,200,200,200
335301,0,30,200,200,0,1,10,5,0,0,200,18,18,1,6,200,3,200,0,200,200
335301,0,30,200,200,0,1,10,5,0,0,200,18,18,1,6,0,0,0,0,200,200
335303,0,35,0,0,0,1,7,7,0,1,0,0,200,0,8,200,200,0,200,200,200
335309,0,30,0,0,0,1,12,5,0,0,0,200,200,1,200,200,200,200,200,200,200
335309,0,30,0,0,0,1,12,5,0,0,0,200,200,0,6,0,0,0,0,200,200
335310,0,30,1,2,0,1,5,3,0,0,0,200,200,0,6,0,0,0,0,200,200
335312,0,30,2,2,0,1,14,5,0,0,0,5,11,0,8,200,5,0,0,200,200
335312,0,30,2,2,0,1,14,5,0,0,0,5,11,0,5,0,0,0,0,200,200
335317,0,30,2,0,0,1,0,5,0,0,0,5,22,0,200,200,1,200,200,200,200
335317,0,30,2,0,0,1,0,5,0,0,0,5,22,1,5,0,12,0,0,200,200
335317,1,30,2,0,0,1,0,5,0,0,0,5,22,0,2,0,200,200,200,200,200
335318,0,30,0,0,0,1,7,6,0,0,0,0,0,2,200,200,200,200,200,200,200
335320,0,30,1,2,0,1,4,5,0,0,0,18,0,0,5,2,3,0,0,200,200
335320,1,30,1,2,0,1,4,5,0,0,0,18,0,0,5,3,200,200,200,200,200
335324,0,30,1,2,0,1,12,2,0,0,0,21,0,0,200,200,4,200,200,200,200
335324,0,30,1,2,0,1,12,2,0,0,0,21,0,0,4,200,0,0,0,200,200
335324,1,30,1,2,0,1,12,2,0,0,0,21,0,1,4,200,200,200,200,200,200
335327,0,30,0,0,0,1,12,5,0,0,0,21,200,0,5,0,0,0,0,200,200
335327,0,30,0,0,0,1,12,5,0,0,0,21,200,0,6,0,0,0,0,200,200
335329,0,35,0,0,0,1,7,5,0,0,0,0,200,2,200,200,200,200,200,200,200
335331,0,20,1,2,0,1,12,5,0,0,0,22,200,1,200,200,4,200,200,200,200
335331,0,20,1,2,0,1,12,5,0,0,0,22,200,0,6,0,0,0,0,200,200
335331,1,20,1,2,0,1,12,5,0,0,0,22,200,1,7,0,200,200,200,200,200
335336,0,30,0,3,0,1,7,5,2,0,0,0,0,2,200,200,200,200,200,200,200
335350,0,30,2,2,0,1,0,5,0,0,0,0,0,1,6,0,200,0,0,200,200
335350,0,30,2,2,0,1,0,5,0,0,0,0,0,0,5,0,200,0,0,200,200
335351,0,30,0,0,0,1,7,5,0,0,0,0,200,0,7,0,200,0,0,200,200
335354,0,35,0,200,0,2,0,0,0,0,200,0,0,2,200,200,1,200,200,200,200
335354,0,35,0,200,0,2,0,0,0,0,200,0,0,1,5,200,200,200,0,200,200
335356,0,30,0,0,0,1,2,3,0,1,0,0,0,1,5,200,200,0,0,200,200
335363,0,30,2,2,0,1,7,6,0,0,0,0,0,2,200,200,200,200,200,200,200
335365,0,30,1,2,0,1,10,5,0,0,0,27,18,0,6,0,3,0,0,200,200
335365,0,30,1,2,0,1,10,5,0,0,0,27,18,1,7,0,0,0,0,200,200
335365,1,30,1,2,0,1,10,5,0,0,0,27,18,0,4,0,200,200,200,200,200
335366,0,30,1,2,0,1,12,5,0,0,0,16,21,0,6,0,0,0,0,200,200
335366,0,30,1,2,0,1,12,5,0,0,0,16,21,1,200,200,8,200,200,200,200
335368,0,20,0,0,1,1,0,0,0,0,0,0,17,0,5,0,1,200,0,200,200
335368,0,20,0,0,1,1,0,0,0,0,0,0,17,1,6,0,200,200,0,200,200
335373,0,25,2,2,0,1,0,5,0,0,0,17,5,0,6,0,1,0,0,200,200
335373,0,25,2,2,0,1,0,5,0,0,0,17,5,1,5,0,1,0,0,200,200
335373,1,25,2,2,0,1,0,5,0,0,0,17,5,1,7,0,200,200,200,200,200
335373,1,25,2,2,0,1,0,5,0,0,0,17,5,1,1,5,200,200,200,200,200
335376,0,30,0,0,0,1,7,6,0,0,0,0,200,2,200,200,200,200,200,200,200
335380,0,10,0,0,0,1,7,7,0,200,200,0,0,2,200,200,200,200,200,200,200
335381,0,30,1,2,0,1,12,6,0,0,0,22,11,0,5,0,4,0,0,200,200
335381,0,30,1,2,0,1,12,6,0,0,0,22,11,0,6,0,0,0,0,200,200
335383,0,30,0,0,0,1,12,5,0,0,0,200,200,0,6,200,200,200,200,200,200
335383,0,30,0,0,0,1,12,5,0,0,0,200,200,0,7,0,0,0,0,200,200
335387,0,25,1,2,0,1,14,5,0,0,0,17,200,1,5,200,1,0,0,200,200
335387,0,25,1,2,0,1,14,5,0,0,0,17,200,0,6,200,12,0,0,200,200
335389,0,30,0,0,0,1,5,0,0,0,0,17,200,0,5,0,1,3,0,200,200
335389,1,30,0,0,0,1,5,0,0,0,0,17,200,0,5,0,200,200,200,200,200
335390,0,35,1,2,0,1,11,2,0,0,3,0,0,0,5,200,200,0,0,200,200
335390,0,35,1,2,0,1,11,2,0,0,3,0,0,1,6,200,0,0,0,200,200
335390,1,35,1,2,0,1,11,2,0,0,3,0,0,1,3,200,200,200,200,200,200
335391,0,30,1,200,2,3,10,5,0,1,200,15,16,1,6,200,8,200,5,200,200
335391,0,30,1,200,2,3,10,5,0,1,200,15,16,0,6,200,0,200,0,200,200
335392,0,25,0,0,0,1,12,5,0,0,0,200,200,1,5,200,200,200,0,200,200
335392,0,25,0,0,0,1,12,5,0,0,0,200,200,1,4,0,0,0,0,200,200
335392,1,25,0,0,0,1,12,5,0,0,0,200,200,0,5,0,200,200,200,200,200
335393,0,30,2,0,0,1,5,5,0,0,0,14,16,1,200,200,8,200,200,200,200
335394,0,30,0,0,2,4,7,5,0,1,200,0,0,1,200,200,200,200,200,200,200
335397,0,30,0,0,0,1,12,2,0,0,0,21,200,1,5,0,4,0,0,200,200
335397,0,30,0,0,0,1,12,2,0,0,0,21,200,0,7,0,0,0,0,200,200
335397,1,30,0,0,0,1,12,2,0,0,0,21,200,1,200,5,200,200,200,200,200
335397,1,30,0,0,0,1,12,2,0,0,0,21,200,1,200,5,200,200,200,200,200
335397,1,30,0,0,0,1,12,2,0,0,0,21,200,200,200,5,200,200,200,200,200
335402,0,30,1,1,0,1,10,6,0,0,0,17,16,0,6,200,1,0,0,200,200
335402,0,30,1,1,0,1,10,6,0,0,0,17,16,1,6,200,0,0,0,200,200
335404,0,30,0,0,0,1,7,7,0,0,0,0,0,1,7,200,7,0,0,200,200
335404,1,30,0,0,0,1,7,7,0,0,0,0,0,1,6,200,200,200,200,200,200
335407,0,30,2,2,0,1,0,5,0,0,0,25,200,2,200,200,1,200,200,200,200
335407,0,30,2,2,0,1,0,5,0,0,0,25,200,0,5,0,0,0,0,200,200
335408,0,30,0,0,0,1,2,0,0,0,0,11,0,2,200,200,200,200,200,200,200
335409,0,35,1,2,0,1,0,5,0,0,0,6,200,0,7,200,200,200,0,200,200
335409,0,35,1,2,0,1,0,5,0,0,0,6,200,0,5,200,0,200,0,200,200
335409,1,35,1,2,0,1,0,5,0,0,0,6,200,1,200,200,200,200,200,200,200
335409,1,35,1,2,0,1,0,5,0,0,0,6,200,1,200,200,200,200,200,200,200
335409,1,35,1,2,0,1,0,5,0,0,0,6,200,1,200,200,200,200,200,200,200
335409,1,35,1,2,0,1,0,5,0,0,0,6,200,1,200,200,200,200,200,200,200
335409,1,35,1,2,0,1,0,5,0,0,0,6,200,0,5,200,200,200,200,200,200
335409,1,35,1,2,0,1,0,5,0,0,0,6,200,0,4,200,200,200,200,200,200
335411,0,30,1,2,0,1,12,5,0,0,0,21,27,0,200,200,4,200,200,200,200
335411,0,30,1,2,0,1,12,5,0,0,0,21,27,0,7,0,0,0,0,200,200
335420,0,30,0,0,0,1,7,5,0,0,0,0,0,0,6,0,1,0,0,200,200
335421,0,35,0,0,0,4,2,5,0,0,200,11,0,0,7,200,9,200,200,200,200
335436,0,20,0,0,1,4,7,5,0,1,0,8,200,0,5,200,12,0,0,200,200
335436,1,20,0,0,1,4,7,5,0,1,0,8,200,0,200,200,200,200,200,200,200
335437,0,30,0,0,0,3,7,5,0,0,0,8,200,0,5,200,12,0,0,200,200
335440,0,30,0,0,0,4,9,6,0,0,0,0,0,0,5,200,0,200,200,200,200
335440,5,30,0,0,0,4,9,6,0,0,0,0,0,0,2,7,12,12,12,200,200
335443,0,15,0,0,0,1,7,6,0,0,0,14,0,0,200,200,1,200,200,200,200
335449,0,30,0,0,0,3,7,5,0,0,0,200,200,1,5,0,10,0,0,200,200
335449,1,30,0,0,0,3,7,5,0,0,0,200,200,0,200,1,200,200,200,200,200
335462,0,15,0,0,0,1,7,6,0,0,0,14,0,0,200,200,8,200,200,200,200
335466,0,20,2,2,0,3,14,5,0,0,0,22,23,1,4,200,7,0,200,200,200
335466,0,20,2,2,0,3,14,5,0,0,0,22,23,0,6,200,0,0,0,200,200
335467,0,30,0,0,0,4,10,6,0,0,0,0,200,0,8,200,200,200,0,200,200
335467,0,30,0,0,0,4,10,6,0,0,0,0,200,0,6,200,200,200,0,200,200
335467,1,30,0,0,0,4,10,6,0,0,0,0,200,0,200,200,200,200,200,200,200
335483,0,30,1,2,0,3,14,5,0,0,0,14,16,0,6,200,8,200,200,200,200
335483,0,30,1,2,0,3,14,5,0,0,0,14,16,1,6,0,0,0,0,200,200
335487,0,35,1,2,0,3,14,5,0,0,0,11,200,1,3,200,12,200,0,200,200
335487,0,35,1,2,0,3,14,5,0,0,0,11,200,1,5,200,0,200,0,200,200
335487,1,35,1,2,0,3,14,5,0,0,0,11,200,0,4,200,200,200,200,200,200
335487,1,35,1,2,0,3,14,5,0,0,0,11,200,1,4,200,200,200,200,200,200
335487,1,35,1,2,0,3,14,5,0,0,0,11,200,1,5,200,200,200,200,200,200
335487,1,35,1,2,0,3,14,5,0,0,0,11,200,1,6,200,200,200,200,200,200
335487,1,35,1,2,0,3,14,5,0,0,0,11,200,1,2,200,200,200,200,200,200
335487,1,35,1,2,0,3,14,5,0,0,0,11,200,1,6,200,200,200,200,200,200
335487,1,35,1,2,0,3,14,5,0,0,0,11,200,0,2,200,200,200,200,200,200
335487,1,35,1,2,0,3,14,5,0,0,0,11,200,0,2,200,200,200,200,200,200
335489,0,35,1,2,0,4,9,5,0,0,12,32,0,1,6,0,12,200,5,0.21,200
335489,5,35,1,2,0,4,9,5,0,0,12,32,0,0,6,200,200,200,200,200,200
335493,0,30,0,0,0,200,7,5,0,0,200,0,0,2,200,200,200,200,200,200,200
335497,0,10,0,0,0,0,7,7,0,1,0,20,200,1,5,200,6,200,0,200,200
335499,0,30,0,0,2,3,7,5,0,1,0,20,0,0,200,200,6,200,200,200,200
335504,0,30,0,0,2,3,8,5,0,1,0,23,200,0,5,200,7,0,0,200,200
335504,4,30,0,0,2,3,8,5,0,1,0,23,200,0,6,7,0,0,0,200,200
335509,0,30,0,0,0,3,12,5,0,0,0,0,0,2,200,200,200,200,200,200,200
335509,0,30,0,0,0,3,12,5,0,0,0,0,0,1,5,0,0,0,0,200,200
335509,1,30,0,0,0,3,12,5,0,0,0,0,0,1,5,0,200,200,200,200,200
335509,1,30,0,0,0,3,12,5,0,0,0,0,0,0,5,0,200,200,200,200,200
335510,0,30,3,2,2,3,12,5,0,1,0,0,0,0,6,0,200,200,0,200,200
335510,0,30,3,2,2,3,12,5,0,1,0,0,0,1,6,0,200,200,0,200,200
335512,0,30,1,2,0,3,10,2,0,0,0,18,0,0,5,200,3,200,200,200,200
335512,0,30,1,2,0,3,10,2,0,0,0,18,0,0,7,0,0,0,0,200,200
335514,0,30,0,0,2,3,9,6,0,1,0,17,0,0,7,200,200,0,0,200,200
335514,5,30,0,0,2,3,9,6,0,1,0,17,0,1,2,7,12,0,0,200,200
335515,0,30,0,0,2,3,12,2,0,1,0,23,11,1,4,200,4,200,0,200,200
335515,0,30,0,0,2,3,12,2,0,1,0,23,11,0,6,0,0,0,0,200,200
335515,1,30,0,0,2,3,12,2,0,1,0,23,11,0,200,0,200,200,200,200,200
335515,1,30,0,0,2,3,12,2,0,1,0,23,11,0,200,1,200,200,200,200,200
335515,1,30,0,0,2,3,12,2,0,1,0,23,11,0,200,1,200,200,200,200,200
335517,0,30,0,0,0,3,9,5,0,0,0,0,200,0,6,0,0,0,0,200,200
335517,5,30,0,0,0,3,9,5,0,0,0,0,200,0,200,200,200,200,5,200,200
335520,0,30,0,0,0,3,10,3,0,0,0,18,0,1,200,200,3,200,200,200,200
335520,0,30,0,0,0,3,10,3,0,0,0,18,0,0,5,200,0,0,0,200,200
335521,0,30,1,2,0,4,12,5,0,0,0,22,0,0,200,200,2,200,200,200,200
335521,0,30,1,2,0,4,12,5,0,0,0,22,0,1,5,0,0,0,0,200,200
335521,1,30,1,2,0,4,12,5,0,0,0,22,0,1,5,0,200,200,200,200,200
335523,0,30,1,2,0,3,10,5,0,0,0,18,200,0,200,200,3,200,200,200,200
335523,0,30,1,2,0,3,10,5,0,0,0,18,200,0,5,0,200,0,0,200,200
335524,0,30,1,2,2,3,0,2,0,1,0,0,19,1,6,200,200,200,200,200,200
335524,0,30,1,2,2,3,0,2,0,1,0,0,19,1,5,0,0,0,0,200,200
335524,1,30,1,2,2,3,0,2,0,1,0,0,19,0,5,0,200,200,200,200,200
335526,0,30,200,200,0,1,12,2,0,0,0,22,0,0,6,200,200,200,200,200,200
335526,0,30,200,200,0,1,12,2,0,0,0,22,0,0,7,200,200,200,200,200,200
335526,1,30,200,200,0,1,12,2,0,0,0,22,0,1,7,200,200,200,200,200,200
335527,0,20,0,0,2,3,7,6,0,1,0,200,200,2,200,200,200,200,200,200,200
335528,0,30,0,0,2,3,2,3,0,0,0,15,33,0,6,0,8,4,0,200,200
335529,0,30,2,2,2,3,9,5,0,1,0,200,200,2,200,200,200,200,200,200,200
335529,5,30,2,2,2,3,9,5,0,1,0,200,200,0,4,200,200,200,200,200,200
335530,0,30,0,0,2,3,0,7,0,1,0,0,0,1,5,200,6,200,0,200,200
335530,0,30,0,0,2,3,0,7,0,1,0,0,0,0,7,200,200,200,0,200,200
335533,0,35,1,2,2,3,14,3,0,1,0,0,0,1,4,0,200,0,0,200,200
335533,0,35,1,2,2,3,14,3,0,1,0,0,0,0,6,0,200,0,0,200,200
335533,1,35,1,2,2,3,14,3,0,1,0,0,0,200,200,0,200,200,200,200,200
335538,0,30,0,0,2,3,2,3,0,1,2,0,200,2,200,200,200,200,200,200,200
335541,0,30,0,0,2,0,7,5,0,1,0,0,0,0,200,200,200,200,200,200,200
335542,0,30,2,2,2,3,10,5,0,1,0,200,200,0,6,200,3,200,200,200,200
335542,0,30,2,2,2,3,10,5,0,1,0,200,200,1,6,200,0,0,0,200,200
335542,1,30,2,2,2,3,10,5,0,1,0,200,200,1,2,5,200,200,200,200,200
335543,0,30,0,0,0,3,8,5,0,0,0,23,23,0,5,0,7,0,0,200,200
335543,4,30,0,0,0,3,8,5,0,0,0,23,23,0,6,200,200,200,7,200,200
335546,0,30,0,0,2,3,14,2,0,1,0,23,17,0,6,1,7,0,200,200,200
335546,0,30,0,0,2,3,14,2,0,1,0,23,17,0,200,0,14,0,0,200,200
335547,0,35,1,2,2,3,10,3,0,1,200,34,200,2,200,200,8,200,200,200,200
335547,0,35,1,2,2,3,10,3,0,1,200,34,200,0,5,200,0,0,0,200,200
335547,0,35,1,2,2,3,10,3,0,1,200,34,200,1,6,200,0,0,0,200,200
335547,1,35,1,2,2,3,10,3,0,1,200,34,200,0,200,200,200,200,200,200,200
335549,0,30,0,0,0,1,14,5,0,0,0,18,200,0,200,200,3,200,0,200,200
335549,0,30,0,0,0,1,14,5,0,0,0,18,200,1,200,200,0,0,0,200,200
335550,0,30,0,0,2,0,7,6,0,1,200,0,0,0,200,200,6,200,200,200,200
335552,0,30,0,0,2,3,7,5,0,1,0,16,20,0,200,200,8,200,200,200,200
335555,0,30,1,2,2,3,3,5,0,1,0,0,200,0,6,0,200,1,0,200,200
335555,0,30,1,2,2,3,3,5,0,1,0,0,200,0,5,0,200,0,0,200,200
335556,0,30,1,2,2,3,12,2,0,1,200,11,22,1,200,200,2,200,200,200,200
335556,0,30,1,2,2,3,12,2,0,1,200,11,22,0,6,0,0,0,0,200,200
335557,0,30,2,2,2,3,10,5,0,1,0,16,200,0,3,200,3,200,200,200,200
335557,0,30,2,2,2,3,10,5,0,1,0,16,200,0,7,0,0,0,0,200,200
335557,1,30,2,2,2,3,10,5,0,1,0,16,200,200,200,200,200,200,200,200,200
335557,1,30,2,2,2,3,10,5,0,1,0,16,200,0,200,0,200,200,200,200,200
335557,1,30,2,2,2,3,10,5,0,1,0,16,200,1,200,200,200,200,200,200,200
335557,1,30,2,2,2,3,10,5,0,1,0,16,200,1,200,200,200,200,200,200,200
335557,1,30,2,2,2,3,10,5,0,1,0,16,200,1,200,200,200,200,200,200,200
335558,0,30,1,2,2,3,14,3,0,1,0,17,0,1,5,200,200,0,0,200,200
335558,0,30,1,2,2,3,14,3,0,1,0,17,0,0,6,200,1,0,0,200,200
335560,5,30,1,2,2,3,9,5,0,1,0,6,200,0,7,200,5,0,0,200,200
335560,0,30,1,2,2,3,9,5,0,1,0,6,200,0,5,200,200,12,0,200,200
335563,0,30,2,0,2,3,14,2,0,1,0,0,21,0,5,200,200,200,200,200,200
335563,0,30,2,0,2,3,14,2,0,1,0,0,21,1,6,200,200,200,200,200,200
335563,1,30,2,0,2,3,14,2,0,1,0,0,21,1,4,200,200,200,200,200,200
335567,0,30,1,2,2,3,10,5,0,1,200,18,16,1,200,200,200,200,200,200,200
335567,0,30,1,2,2,3,10,5,0,1,200,18,16,1,5,0,0,0,0,200,200
335567,0,30,1,2,2,3,10,5,0,1,200,18,16,1,6,0,0,0,0,200,200
335569,0,15,0,0,0,0,10,0,0,0,0,20,200,0,6,0,6,0,0,200,200
335569,0,15,0,0,0,0,10,0,0,0,0,20,200,0,5,0,0,0,0,200,200
335572,0,30,1,2,2,3,14,12,0,1,0,17,0,0,6,0,8,0,0,200,200
335572,0,30,1,2,2,3,14,12,0,1,0,17,0,1,4,0,0,0,0,200,1
335574,0,35,1,200,2,3,10,5,0,1,0,0,0,0,200,200,200,200,200,200,200
335574,0,35,1,200,2,3,10,5,0,1,0,0,0,0,7,0,0,200,0,200,200
335579,0,30,0,0,0,1,7,5,0,0,0,200,200,2,200,200,200,200,200,200,200
335581,0,30,2,2,2,3,14,4,0,1,0,17,34,0,6,0,0,0,0,200,200
335581,0,30,2,2,2,3,14,4,0,1,0,17,34,1,6,0,7,0,0,200,200
335585,0,20,0,0,2,3,7,6,0,1,0,14,0,1,200,200,8,200,200,200,200
335589,0,30,0,0,2,3,7,5,0,1,0,16,11,0,200,200,8,200,200,200,200
335594,0,30,1,2,2,0,10,3,0,1,0,16,18,0,6,0,8,0,0,200,200
335594,0,30,1,2,2,0,10,3,0,1,0,16,18,1,5,0,0,0,0,200,200
335594,1,30,1,2,2,0,10,3,0,1,0,16,18,1,7,200,200,200,200,200,200
335594,1,30,1,2,2,0,10,3,0,1,0,16,18,1,7,200,200,200,200,200,200
335595,5,30,0,0,2,3,9,5,0,1,0,6,200,0,200,7,12,0,12,200,200
335595,0,30,0,0,2,3,9,5,0,1,0,6,200,0,5,0,0,4,0,200,200
335595,1,30,0,0,2,3,9,5,0,1,0,6,200,1,4,0,200,200,200,200,200
335599,0,35,1,2,2,3,7,2,0,1,0,12,12,0,5,200,12,0,0,200,200
335599,1,35,1,2,2,3,7,2,0,1,0,12,12,1,5,0,200,200,200,200,200
335603,0,35,1,2,2,3,12,5,0,1,3,0,0,0,200,200,200,200,0,200,200
335603,0,35,1,2,2,3,12,5,0,1,3,0,0,0,6,200,200,200,0,200,200
335603,1,35,1,2,2,3,12,5,0,1,3,0,0,0,200,200,200,200,200,200,200
335603,1,35,1,2,2,3,12,5,0,1,3,0,0,0,200,200,200,200,200,200,200
335610,0,35,1,2,2,3,0,2,0,1,200,16,200,0,6,200,5,200,5,0.44,200
335610,0,35,1,2,2,3,0,2,0,1,200,16,200,1,8,200,0,200,0,200,200
335610,1,35,1,2,2,3,0,2,0,1,200,16,200,0,8,200,200,200,200,200,200
335620,0,35,0,200,0,1,7,6,0,0,200,0,0,0,200,200,200,200,200,200,200
335624,0,30,0,0,2,3,10,5,0,1,0,18,0,0,4,0,200,0,0,200,200
335624,0,30,0,0,2,3,10,5,0,1,0,18,0,0,6,200,12,0,0,200,200
335624,1,30,0,0,2,3,10,5,0,1,0,18,0,1,3,200,200,200,200,200,200
335624,1,30,0,0,2,3,10,5,0,1,0,18,0,0,3,200,200,200,200,200,200
335624,1,30,0,0,2,3,10,5,0,1,0,18,0,0,4,200,200,200,200,200,200
335625,0,25,0,0,0,3,10,5,0,0,0,18,0,0,5,0,3,0,200,200,200
335625,0,25,0,0,0,3,10,5,0,0,0,18,0,0,6,0,0,0,200,200,200
335627,0,30,1,2,2,0,10,3,0,1,0,18,34,0,6,0,3,200,0,200,200
335627,0,30,1,2,2,0,10,3,0,1,0,18,34,0,5,0,0,200,0,200,200
335630,0,30,0,0,2,3,10,2,0,1,0,18,34,0,200,200,3,200,200,200,200
335630,0,30,0,0,2,3,10,2,0,1,0,18,34,0,200,200,3,200,200,200,200
335630,0,30,0,0,2,3,10,2,0,1,0,18,34,1,5,0,0,0,0,200,200
335647,0,30,0,0,2,3,9,6,0,1,0,0,0,2,200,200,200,200,200,200,200
335647,5,30,0,0,2,3,9,6,0,1,0,0,0,0,1,7,0,0,0,200,200
335648,0,30,1,2,2,3,12,2,0,1,0,23,0,0,5,200,7,200,200,200,200
335648,0,30,1,2,2,3,12,2,0,1,0,23,0,1,6,0,0,0,0,200,0
335666,0,30,0,0,0,4,7,6,0,0,0,0,200,2,200,200,200,200,200,200,200
335670,0,30,1,2,2,3,14,5,0,1,0,17,34,0,4,200,1,0,0,200,200
335670,0,30,1,2,2,3,14,5,0,1,0,17,34,0,5,3,0,0,0,200,200
335670,1,30,1,2,2,3,14,5,0,1,0,17,34,0,4,200,200,200,200,200,200
335670,1,30,1,2,2,3,14,5,0,1,0,17,34,1,5,3,200,200,200,200,200
335672,5,30,2,2,2,3,9,5,0,1,0,16,34,0,7,7,0,200,5,200,200
335672,0,30,2,2,2,3,9,5,0,1,0,16,34,2,200,200,1,200,200,200,200
335678,0,30,0,0,2,3,12,5,0,1,0,7,21,0,5,0,10,0,0,200,200
335678,0,30,0,0,2,3,12,5,0,1,0,7,21,0,6,0,0,0,0,200,200
335678,1,30,0,0,2,3,12,5,0,1,0,7,21,200,200,0,200,200,200,200,200
335678,1,30,0,0,2,3,12,5,0,1,0,7,21,200,200,0,200,200,200,200,200
335678,1,30,0,0,2,3,12,5,0,1,0,7,21,200,200,200,200,200,200,200,200
335685,0,35,1,2,2,3,14,2,0,1,0,6,200,0,5,200,5,200,200,200,200