RD_NO,PERSON_TYPE,POSTED_SPEED_LIMIT,TRAFFIC_CONTROL_DEVICE,DEVICE_CONDITION,WEATHER_CONDITION,LIGHTING_CONDITION,FIRST_CRASH_TYPE,TRAFFICWAY_TYPE,ALIGNMENT,ROADWAY_SURFACE_COND,ROAD_DEFECT,PRIM_CONTRIBUTORY_CAUSE,SEC_CONTRIBUTORY_CAUSE,SEX,AGE,SAFETY_EQUIPMENT,DRIVER_ACTION,DRIVER_VISION,PHYSICAL_CONDITION,BAC_RESULT VALUE,CELL_PHONE_USE
336702,5,30,2,2,1,1,9,5,0,0,0,17,200,0,9,200,0,200,0,200,200
336708,0,10,0,0,0,1,0,7,0,0,0,0,0,1,9,0,1,0,0,200,200
336708,0,10,0,0,0,1,0,7,0,0,0,0,0,0,9,7,0,0,0,200,200
336710,0,30,1,2,2,3,10,5,0,0,0,34,16,0,200,200,12,200,200,200,200
336710,0,30,1,2,2,3,10,5,0,0,0,34,16,0,200,0,0,0,0,200,200
336710,1,30,1,2,2,3,10,5,0,0,0,34,16,0,200,0,200,200,200,200,200
336711,0,30,0,0,0,1,12,5,0,0,0,0,200,0,5,200,12,200,200,200,200
336711,0,30,0,0,0,1,12,5,0,0,0,0,200,0,6,0,0,0,0,200,200
336711,1,30,0,0,0,1,12,5,0,0,0,0,200,1,4,0,200,200,200,200,200
336711,1,30,0,0,0,1,12,5,0,0,0,0,200,1,5,0,200,200,200,200,200
336711,1,30,0,0,0,1,12,5,0,0,0,0,200,0,5,0,200,200,200,200,200
336712,0,35,0,0,0,1,7,2,0,1,0,27,200,0,9,7,7,0,0,200,200
336720,0,30,1,2,2,1,10,2,0,1,0,18,0,0,200,200,1,200,200,200,200
336720,0,30,1,2,2,1,10,2,0,1,0,18,0,0,6,0,1,0,0,200,200
336721,0,30,2,2,0,1,14,5,0,0,0,200,200,0,6,200,0,0,0,200,200
336721,0,30,2,2,0,1,14,5,0,0,0,200,200,0,6,0,0,0,0,200,200
336724,0,30,1,2,0,1,10,5,0,0,0,18,11,1,200,200,3,200,200,200,200
336724,0,30,1,2,0,1,10,5,0,0,0,18,11,0,7,200,0,200,0,200,200
336724,1,30,1,2,0,1,10,5,0,0,0,18,11,0,200,200,200,200,200,200,200
336725,0,30,0,0,2,1,10,12,0,0,0,18,18,0,200,200,3,200,200,200,200
336725,0,30,0,0,2,1,10,12,0,0,0,18,18,0,6,0,0,0,0,200,200
336730,0,30,0,0,2,3,7,6,0,1,0,11,0,1,6,0,12,0,200,200,200
336730,1,30,0,0,2,3,7,6,0,1,0,11,0,0,5,0,200,200,200,200,200
336730,1,30,0,0,2,3,7,6,0,1,0,11,0,1,7,0,200,200,200,200,200
336730,1,30,0,0,2,3,7,6,0,1,0,11,0,1,200,0,200,200,200,200,200
336730,1,30,0,0,2,3,7,6,0,1,0,11,0,0,1,5,200,200,200,200,200
336730,1,30,0,0,2,3,7,6,0,1,0,11,0,1,6,0,200,200,200,200,200
336733,0,30,1,2,2,1,10,3,0,1,0,7,200,0,4,0,1,0,0,200,200
336733,0,30,1,2,2,1,10,3,0,1,0,7,200,0,6,0,0,0,0,200,200
336735,0,30,0,0,2,1,10,5,0,1,0,18,200,1,6,200,3,0,0,200,200
336735,0,30,0,0,2,1,10,5,0,1,0,18,200,1,6,200,0,0,0,200,200
336735,1,30,0,0,2,1,10,5,0,1,0,18,200,0,200,5,200,200,200,200,200
336739,0,30,0,0,1,1,2,2,0,0,0,12,200,0,7,200,6,200,0,200,200
336739,1,30,0,0,1,1,2,2,0,0,0,12,200,1,7,200,200,200,200,200,200
336739,1,30,0,0,1,1,2,2,0,0,0,12,200,0,2,200,200,200,200,200,200
336744,0,30,1,2,0,1,10,2,0,1,0,34,34,0,6,0,3,200,0,200,200
336744,0,30,1,2,0,1,10,2,0,1,0,34,34,0,6,0,12,1,0,200,200
336746,0,30,0,0,0,1,14,2,0,200,200,0,0,1,6,200,200,200,200,200,200
336746,0,30,0,0,0,1,14,2,0,200,200,0,0,1,5,0,0,0,0,200,200
336746,1,30,0,0,0,1,14,2,0,200,200,0,0,0,2,0,200,200,200,200,200
336746,1,30,0,0,0,1,14,2,0,200,200,0,0,1,0,0,200,200,200,200,200
336749,0,30,0,0,0,1,3,5,0,0,0,11,22,0,5,0,4,0,0,200,200
336749,0,30,0,0,0,1,3,5,0,0,0,11,22,0,6,0,1,0,0,200,200
336752,0,35,1,2,2,1,0,5,0,1,0,3,16,1,7,0,8,0,0,200,200
336752,0,35,1,2,2,1,0,5,0,1,0,3,16,0,7,0,200,0,0,200,200
336752,1,35,1,2,2,1,0,5,0,1,0,3,16,1,7,0,200,200,200,200,200
336752,1,35,1,2,2,1,0,5,0,1,0,3,16,0,7,200,200,200,200,200,200
336752,1,35,1,2,2,1,0,5,0,1,0,3,16,0,200,200,200,200,200,200,200
336752,1,35,1,2,2,1,0,5,0,1,0,3,16,0,3,0,200,200,200,200,200
336754,0,30,1,2,2,1,10,5,2,1,0,34,18,0,6,200,3,0,0,200,200
336754,0,30,1,2,2,1,10,5,2,1,0,34,18,1,6,200,12,0,0,200,200
336754,0,30,1,2,2,1,10,5,2,1,0,34,18,0,5,200,3,0,0,200,200
336756,0,30,200,200,0,1,14,5,0,200,200,0,200,0,200,200,200,200,200,200,200
336756,0,30,200,200,0,1,14,5,0,200,200,0,200,1,7,200,200,200,0,200,200
336765,0,20,0,0,2,1,7,6,0,1,0,11,11,1,6,0,12,0,0,200,200
336773,0,30,0,0,1,1,14,2,0,200,200,23,17,1,200,200,7,200,200,200,200
336773,0,30,0,0,1,1,14,2,0,200,200,23,17,1,7,0,0,200,0,200,200
336774,0,45,0,0,0,1,12,3,0,0,0,17,0,0,200,200,4,200,200,200,200
336774,0,45,0,0,0,1,12,3,0,0,0,17,0,0,5,200,0,0,0,200,200
336775,0,0,1,2,0,1,10,6,0,0,0,18,200,0,6,0,0,0,0,200,200
336775,0,0,1,2,0,1,10,6,0,0,0,18,200,0,200,200,3,200,200,200,200
336779,0,25,0,0,0,1,7,2,0,0,0,20,200,0,8,0,6,0,0,200,200
336783,0,5,0,0,2,1,7,7,0,1,0,34,0,0,5,0,12,200,0,200,200
336785,0,30,1,2,0,1,14,2,0,0,0,17,200,0,6,0,1,0,0,200,200
336785,0,30,1,2,0,1,14,2,0,0,0,17,200,1,6,0,0,0,0,200,200
336785,1,30,1,2,0,1,14,2,0,0,0,17,200,0,1,0,200,200,200,200,200
336785,1,30,1,2,0,1,14,2,0,0,0,17,200,1,3,0,200,200,200,200,200
336785,1,30,1,2,0,1,14,2,0,0,0,17,200,0,2,0,200,200,200,200,200
336786,0,30,1,2,1,1,12,2,0,0,0,23,200,1,4,0,2,0,0,200,200
336786,0,30,1,2,1,1,12,2,0,0,0,23,200,0,6,0,0,0,0,200,200
336787,0,30,0,0,1,1,0,7,0,0,0,11,200,0,8,0,200,0,0,200,200
336787,0,30,0,0,1,1,0,7,0,0,0,11,200,1,6,0,200,0,0,200,200
336787,1,30,0,0,1,1,0,7,0,0,0,11,200,200,200,0,200,200,200,200,200
336792,0,30,0,0,0,1,12,5,0,0,0,17,200,1,6,0,1,0,0,200,200
336792,0,30,0,0,0,1,12,5,0,0,0,17,200,1,7,0,0,0,0,200,200
336794,0,30,0,0,0,1,12,6,0,0,0,20,200,0,200,200,6,200,200,200,200
336794,0,30,0,0,0,1,12,6,0,0,0,20,200,1,200,0,0,0,0,200,200
336799,0,30,1,2,0,1,2,5,0,0,1,0,0,0,200,0,12,0,0,200,200
336800,0,30,2,2,2,1,14,2,0,1,0,5,0,1,200,200,5,200,200,200,200
336800,0,30,2,2,2,1,14,2,0,1,0,5,0,1,6,200,0,0,0,200,200
336800,1,30,2,2,2,1,14,2,0,1,0,5,0,1,6,200,200,200,200,200,200
336808,0,30,0,0,0,1,9,5,0,1,12,34,0,1,6,0,1,200,0,200,200
336808,5,30,0,0,0,1,9,5,0,1,12,34,0,1,2,7,0,0,0,200,200
336810,0,30,2,2,2,1,0,12,0,1,200,17,0,2,200,200,200,200,200,200,200
336810,0,30,2,2,2,1,0,12,0,1,200,17,0,1,5,0,200,200,0,200,200
336810,1,30,2,2,2,1,0,12,0,1,200,17,0,1,6,0,200,200,200,200,200
336810,1,30,2,2,2,1,0,12,0,1,200,17,0,1,5,0,200,200,200,200,200
336813,0,30,0,0,2,1,10,3,0,1,200,34,0,1,0,0,200,0,0,200,200
336813,0,30,0,0,2,1,10,3,0,1,200,34,0,0,8,0,200,0,0,200,200
336814,0,25,0,0,0,200,7,6,0,200,200,0,0,0,200,200,200,200,200,200,200
336817,0,25,0,0,0,1,7,2,0,0,0,0,0,0,7,0,0,0,0,200,200
336818,0,30,1,2,2,1,10,5,0,1,0,18,200,1,5,0,200,0,0,200,200
336818,0,30,1,2,2,1,10,5,0,1,0,18,200,1,5,0,0,0,0,200,200
336818,0,30,1,2,2,1,10,5,0,1,0,18,200,1,7,0,0,0,0,200,200
336821,0,30,12,2,0,1,2,5,0,1,0,200,200,1,3,0,0,0,0,200,200
336824,0,30,0,0,0,1,3,7,0,0,0,0,0,1,200,0,6,0,0,200,200
336824,0,30,0,0,0,1,3,7,0,0,0,0,0,0,200,200,200,200,200,200,200
336825,0,30,1,2,1,1,2,3,2,1,200,0,200,0,5,200,200,200,0,200,200
336827,0,30,0,0,2,1,0,2,0,1,0,18,0,0,6,0,0,0,0,200,200
336827,0,30,0,0,2,1,0,2,0,1,0,18,0,1,200,200,0,200,200,200,200
336831,0,30,0,0,0,1,10,5,0,0,0,200,200,1,5,0,0,0,0,200,200
336831,0,30,0,0,0,1,10,5,0,0,0,200,200,1,200,200,0,200,200,200,200
336839,0,30,2,2,0,4,0,5,0,200,0,5,5,0,4,200,5,0,0,200,200
336839,0,30,2,2,0,4,0,5,0,200,0,5,5,0,7,200,0,0,0,200,200
336840,0,30,0,0,1,1,10,5,0,1,0,18,200,0,5,200,3,200,200,200,200
336840,0,30,0,0,1,1,10,5,0,1,0,18,200,1,6,200,200,0,0,200,200
336842,0,15,0,0,0,1,7,4,0,0,0,0,200,2,200,200,200,200,200,200,200
336843,0,30,0,0,0,1,11,12,0,0,0,22,200,2,200,200,2,200,200,200,200
336843,0,30,0,0,0,1,11,12,0,0,0,22,200,1,7,0,0,0,0,200,200
336844,0,30,1,2,2,1,14,2,0,1,200,23,23,0,200,200,7,200,200,200,200
336844,0,30,1,2,2,1,14,2,0,1,200,23,23,0,7,0,12,1,0,200,200
336844,1,30,1,2,2,1,14,2,0,1,200,23,23,1,7,0,200,200,200,200,200
336854,0,30,0,0,1,1,12,5,0,1,0,22,22,0,200,200,2,200,200,200,200
336854,0,30,0,0,1,1,12,5,0,1,0,22,22,1,5,0,0,0,0,200,200
336855,0,20,0,0,0,1,10,5,0,0,200,0,200,0,5,200,200,200,200,200,200
336855,0,20,0,0,0,1,10,5,0,0,200,0,200,1,6,0,0,0,0,200,200
336855,1,20,0,0,0,1,10,5,0,0,200,0,200,1,2,0,200,200,200,200,200
336859,0,30,1,2,0,3,14,5,0,0,0,0,0,0,200,200,12,200,200,200,200
336859,0,30,1,2,0,3,14,5,0,0,0,0,0,0,200,200,0,0,0,200,200
336859,1,30,1,2,0,3,14,5,0,0,0,0,0,1,200,200,200,200,200,200,200
336859,1,30,1,2,0,3,14,5,0,0,0,0,0,1,200,200,200,200,200,200,200
336860,0,30,0,0,12,1,5,5,0,0,0,0,0,2,200,200,200,200,200,200,200
336865,0,30,1,2,0,1,10,5,0,0,0,18,200,1,7,0,3,0,0,200,200
336865,0,30,1,2,0,1,10,5,0,0,0,18,200,0,6,0,0,0,0,200,200
336874,0,30,1,2,0,1,12,6,0,0,0,22,200,0,7,0,4,0,0,200,200
336874,0,30,1,2,0,1,12,6,0,0,0,22,200,0,5,0,0,0,0,200,200
336876,0,30,1,2,0,1,12,5,0,0,0,21,0,0,5,0,4,0,0,200,200
336876,0,30,1,2,0,1,12,5,0,0,0,21,0,0,5,0,200,0,0,200,200
336877,0,30,0,0,0,1,10,5,2,0,0,20,0,0,5,200,6,200,0,200,200
336877,0,30,0,0,0,1,10,5,2,0,0,20,0,0,6,200,0,0,0,200,200
336878,0,25,0,0,0,1,12,5,0,0,0,200,200,1,200,200,200,200,200,200,200
336878,0,25,0,0,0,1,12,5,0,0,0,200,200,1,5,0,0,0,0,200,200
336881,5,20,0,0,0,1,9,5,0,0,0,200,200,0,7,7,12,0,0,200,200
336881,0,20,0,0,0,1,9,5,0,0,0,200,200,0,6,0,0,0,0,200,200
336881,1,20,0,0,0,1,9,5,0,0,0,200,200,0,2,0,200,200,200,200,200
336885,0,30,0,0,0,1,10,6,0,0,0,17,0,2,200,200,1,200,200,200,200
336885,0,30,0,0,0,1,10,6,0,0,0,17,0,0,6,0,0,0,0,200,200
336885,1,30,0,0,0,1,10,6,0,0,0,17,0,1,6,0,200,200,200,200,200
336885,1,30,0,0,0,1,10,6,0,0,0,17,0,0,1,5,200,200,200,200,200
336886,0,30,1,2,0,1,10,5,0,0,0,18,200,1,6,0,3,0,0,200,200
336886,0,30,1,2,0,1,10,5,0,0,0,18,200,1,6,0,0,0,0,200,200
336891,0,30,1,2,1,1,7,2,0,0,0,0,200,1,8,0,0,0,0,200,200
336891,1,30,1,2,1,1,7,2,0,0,0,0,200,1,8,0,200,200,200,200,200
336891,1,30,1,2,1,1,7,2,0,0,0,0,200,1,200,1,200,200,200,200,200
336891,1,30,1,2,1,1,7,2,0,0,0,0,200,1,2,0,200,200,200,200,200
336899,0,30,1,2,0,3,14,5,0,0,0,17,200,0,200,0,1,0,0,200,200
336899,0,30,1,2,0,3,14,5,0,0,0,17,200,0,6,0,0,0,0,200,200
336901,0,30,1,2,0,1,12,2,0,0,0,22,17,1,200,200,2,200,200,200,200
336901,0,30,1,2,0,1,12,2,0,0,0,22,17,0,5,0,12,0,0,200,200
336901,1,30,1,2,0,1,12,2,0,0,0,22,17,0,6,0,200,200,200,200,200
336905,0,30,1,2,0,1,10,2,0,1,0,0,200,0,7,200,12,0,0,200,200
336905,0,30,1,2,0,1,10,2,0,1,0,0,200,0,6,200,12,0,0,200,200
336906,0,30,0,0,2,1,12,5,0,1,0,20,200,1,6,200,6,0,200,200,200
336906,0,30,0,0,2,1,12,5,0,1,0,20,200,0,6,0,0,0,0,200,200
336907,0,30,0,0,0,1,0,5,0,0,0,20,200,1,200,200,6,200,200,200,200
336907,0,30,0,0,0,1,0,5,0,0,0,20,200,1,6,0,0,0,0,200,200
336914,0,30,1,2,0,1,10,5,0,0,0,18,200,0,7,200,3,0,0,200,200
336914,0,30,1,2,0,1,10,5,0,0,0,18,200,0,5,0,0,0,0,200,200
336914,1,30,1,2,0,1,10,5,0,0,0,18,200,1,200,200,200,200,200,200,200
336919,0,0,200,200,0,1,7,200,0,0,0,0,0,1,6,200,2,200,0,200,200
336929,0,40,0,0,0,1,12,3,0,0,0,21,21,0,200,200,4,200,200,200,200
336929,0,40,0,0,0,1,12,3,0,0,0,21,21,1,6,0,0,0,0,200,200
336934,5,30,1,2,2,1,9,2,0,1,0,0,0,1,7,200,200,0,0,200,200
336934,0,30,1,2,2,1,9,2,0,1,0,0,0,0,9,0,200,0,0,200,200
336938,0,30,1,2,0,1,10,5,0,0,200,200,200,1,6,200,200,200,200,200,200
336938,0,30,1,2,0,1,10,5,0,0,200,200,200,1,6,0,200,200,0,200,200
336938,0,30,1,2,0,1,10,5,0,0,200,200,200,0,6,0,200,200,0,200,200
336956,0,30,0,0,1,1,7,2,0,0,0,0,200,1,7,200,2,200,0,200,200
336960,0,30,1,2,0,1,0,12,0,0,0,21,0,0,5,200,0,0,0,200,200
336960,0,30,1,2,0,1,0,12,0,0,0,21,0,0,200,200,4,200,200,200,200
336960,1,30,1,2,0,1,0,12,0,0,0,21,0,0,5,200,200,200,200,200,200
336960,1,30,1,2,0,1,0,12,0,0,0,21,0,2,200,200,200,200,200,200,200
336963,0,15,0,0,2,1,7,6,0,1,0,25,200,1,200,200,12,200,1,200,200
336963,1,15,0,0,2,1,7,6,0,1,0,25,200,1,200,200,200,200,200,200,200
336968,0,10,0,0,1,1,14,7,0,0,0,0,11,1,9,0,1,0,0,200,200
336968,0,10,0,0,1,1,14,7,0,0,0,0,11,1,6,0,0,0,0,200,200
336968,1,10,0,0,1,1,14,7,0,0,0,0,11,0,3,0,200,200,200,200,200
336973,0,30,0,0,0,1,12,5,0,0,0,21,200,1,200,0,4,0,0,200,200
336973,0,30,0,0,0,1,12,5,0,0,0,21,200,0,200,0,0,0,0,200,200
336973,1,30,0,0,0,1,12,5,0,0,0,21,200,0,200,0,200,200,200,200,200
336973,1,30,0,0,0,1,12,5,0,0,0,21,200,1,200,0,200,200,200,200,200
336975,0,20,1,0,2,1,10,5,0,1,0,7,18,1,6,0,0,0,0,200,200
336975,0,20,1,0,2,1,10,5,0,1,0,7,18,1,6,0,12,0,0,200,200
336978,0,35,0,0,0,1,12,5,0,0,0,17,200,1,7,0,1,0,0,200,200
336978,0,35,0,0,0,1,12,5,0,0,0,17,200,0,4,0,0,0,0,200,200
336983,0,30,0,0,0,1,10,7,0,0,0,200,200,0,5,0,0,0,0,200,200
336983,0,30,0,0,0,1,10,7,0,0,0,200,200,0,6,0,0,0,0,200,200
336983,1,30,0,0,0,1,10,7,0,0,0,200,200,0,200,0,200,200,200,200,200
336985,0,30,0,0,2,1,14,5,0,1,200,22,200,0,6,200,4,200,0,200,200
336985,0,30,0,0,2,1,14,5,0,1,200,22,200,0,7,200,0,200,0,200,200
336986,0,30,0,0,0,1,12,3,0,0,0,0,200,0,5,0,200,0,0,200,200
336986,0,30,0,0,0,1,12,3,0,0,0,0,200,1,7,0,200,0,0,200,200
336990,0,30,1,2,0,1,10,5,0,0,0,16,200,1,200,200,3,0,0,200,200
336990,0,30,1,2,0,1,10,5,0,0,0,16,200,1,200,0,0,0,0,200,200
336993,0,30,0,0,0,1,14,5,0,0,0,17,200,0,5,200,1,1,0,200,200
336993,0,30,0,0,0,1,14,5,0,0,0,17,200,0,5,200,200,200,0,200,200
336996,5,30,1,2,0,1,9,2,0,0,0,17,22,0,6,7,5,200,12,200,200
336996,0,30,1,2,0,1,9,2,0,0,0,17,22,1,5,200,200,200,1,200,200
336997,4,30,1,2,0,1,8,5,0,0,0,17,200,1,4,7,12,0,7,200,200
336997,0,30,1,2,0,1,8,5,0,0,0,17,200,1,200,200,200,200,200,200,200
337002,0,15,0,0,0,1,7,5,0,0,0,0,200,2,200,200,200,200,200,200,200
337006,0,30,0,0,2,1,12,12,0,1,200,0,0,0,200,200,200,200,200,200,200
337006,0,30,0,0,2,1,12,12,0,1,200,0,0,1,7,0,0,0,0,200,200
337017,0,30,1,2,0,1,12,5,0,0,0,11,0,1,5,200,3,200,0,200,200
337017,0,30,1,2,0,1,12,5,0,0,0,11,0,0,6,200,0,200,0,200,200
337020,0,20,0,0,0,1,2,2,0,0,0,0,0,0,200,200,200,200,200,200,200
337022,0,30,1,2,0,1,14,2,0,0,0,17,200,0,7,200,1,0,0,200,200
337022,0,30,1,2,0,1,14,2,0,0,0,17,200,0,5,200,0,0,0,200,200
337025,0,25,0,0,0,1,0,5,0,0,0,200,200,1,200,200,200,200,200,200,200
337025,0,25,0,0,0,1,0,5,0,0,0,200,200,1,5,0,0,0,0,200,200
337037,0,30,0,0,0,1,12,6,0,0,0,22,16,0,5,200,2,0,0,200,200
337037,0,30,0,0,0,1,12,6,0,0,0,22,16,0,5,200,0,0,0,200,200
337038,0,30,0,0,0,1,7,5,0,0,200,22,200,1,5,200,4,200,200,200,200
337041,0,30,0,0,0,1,10,7,0,0,0,200,200,0,6,200,200,200,200,200,200
337041,0,30,0,0,0,1,10,7,0,0,0,200,200,0,7,0,0,200,0,200,200
337047,0,30,0,0,0,1,14,2,0,0,0,17,200,0,200,200,1,200,200,200,200
337047,0,30,0,0,0,1,14,2,0,0,0,17,200,0,6,0,0,0,0,200,200
337056,0,30,0,0,0,1,12,3,0,0,0,0,200,0,7,0,200,0,0,200,200
337056,0,30,0,0,0,1,12,3,0,0,0,0,200,0,7,0,0,0,0,200,200
337057,0,15,0,0,0,1,7,7,0,0,0,0,200,2,200,200,200,200,200,200,200
337059,0,30,0,0,0,1,10,5,0,0,0,20,20,1,8,0,6,0,0,200,200
337059,0,30,0,0,0,1,10,5,0,0,0,20,20,0,6,0,0,0,0,200,200
337064,0,0,0,0,0,0,14,5,0,0,0,23,200,0,4,0,7,0,0,200,200
337064,0,0,0,0,0,0,14,5,0,0,0,23,200,0,200,200,0,200,200,200,200
337066,0,30,0,0,0,1,10,2,0,0,0,0,0,0,6,200,200,200,200,200,200
337066,0,30,0,0,0,1,10,2,0,0,0,0,0,1,6,0,0,0,0,200,200
337077,0,30,0,0,2,3,7,5,0,1,0,0,200,2,200,200,200,200,200,200,200
337086,0,30,200,200,200,200,12,200,0,200,200,0,200,1,4,0,200,200,200,200,200
337086,0,30,200,200,200,200,12,200,0,200,200,0,200,1,6,0,200,200,200,200,200
337086,1,30,200,200,200,200,12,200,0,200,200,0,200,1,200,0,200,200,200,200,200
337087,0,30,0,0,0,1,7,6,0,0,0,16,200,1,200,200,6,200,200,200,200
337091,0,30,1,0,0,1,14,5,0,0,0,17,23,1,6,200,1,0,0,200,200
337094,0,30,0,0,0,3,7,5,0,1,0,17,0,0,9,200,1,200,200,200,200
337102,0,30,0,0,0,1,2,5,0,0,0,200,200,2,200,200,200,200,200,200,200
337107,0,30,0,0,0,1,14,5,0,0,0,200,200,1,200,200,0,200,200,200,200
337107,0,30,0,0,0,1,14,5,0,0,0,200,200,0,5,0,0,0,0,200,200
337114,0,30,2,2,0,1,5,2,0,200,200,0,200,0,6,200,200,200,200,200,200
337118,0,30,0,0,0,1,2,6,0,0,200,28,200,1,5,200,0,200,200,200,200
337119,0,10,0,0,0,1,7,7,0,0,0,0,0,2,200,200,200,200,200,200,200
337126,0,30,1,2,0,1,12,2,0,0,0,22,200,1,200,200,2,200,200,200,200
337126,0,30,1,2,0,1,12,2,0,0,0,22,200,1,5,0,0,0,0,200,200
337136,0,30,0,0,0,1,10,2,0,0,0,0,200,1,7,200,200,200,200,200,200
337136,0,30,0,0,0,1,10,2,0,0,0,0,200,0,5,0,0,0,200,200,200
337138,0,30,200,200,0,1,14,5,0,200,200,18,200,1,200,200,200,200,200,200,200
337138,0,30,200,200,0,1,14,5,0,200,200,18,200,1,5,200,200,200,0,200,200
337140,0,10,0,0,0,1,7,7,0,200,200,0,200,2,200,200,200,200,200,200,200
337141,0,30,0,0,0,4,7,6,0,1,0,25,16,1,6,200,8,200,0,200,200
337144,0,25,0,0,0,1,7,2,0,0,0,0,0,2,200,200,1,200,200,200,200
337148,0,30,0,0,0,1,10,5,0,0,0,0,200,2,6,200,200,200,200,200,200
337148,0,30,0,0,0,1,10,5,0,0,0,0,200,1,7,0,0,0,0,200,200
337149,0,30,0,0,0,3,7,5,0,0,0,20,16,0,7,0,6,0,0,200,200
337156,0,30,0,0,2,4,12,6,0,1,0,17,0,0,6,200,0,0,0,200,200
337156,0,30,0,0,2,4,12,6,0,1,0,17,0,0,8,0,0,0,0,200,200
337168,0,20,0,0,200,200,7,6,0,200,0,0,200,2,200,200,200,200,200,200,200
337169,0,30,0,0,0,1,10,5,0,0,200,18,0,0,5,200,3,200,200,200,200
337169,0,30,0,0,0,1,10,5,0,0,200,18,0,0,6,0,0,0,0,200,200
337170,0,30,2,2,0,3,8,6,0,0,0,17,200,1,5,0,0,0,0,200,200
337170,4,30,2,2,0,3,8,6,0,0,0,17,200,1,6,7,1,200,200,200,200
337178,0,25,1,2,0,1,10,5,0,0,0,18,18,0,5,0,3,0,0,200,200
337178,0,25,1,2,0,1,10,5,0,0,0,18,18,0,6,0,0,0,0,200,200
337178,1,25,1,2,0,1,10,5,0,0,0,18,18,1,6,0,200,200,200,200,200
337180,0,35,0,0,0,2,10,5,0,0,0,14,200,1,3,200,0,0,7,200,200
337180,0,35,0,0,0,2,10,5,0,0,0,14,200,0,200,200,2,200,200,200,200
337184,0,30,0,0,0,1,7,5,0,0,0,0,0,0,200,200,200,200,200,200,200
337188,4,30,0,0,0,1,8,5,0,0,0,0,200,0,5,2,0,200,0,200,200
337189,0,30,1,2,0,4,0,5,0,0,0,6,200,0,200,200,5,200,200,200,200
337189,0,30,1,2,0,4,0,5,0,0,0,6,200,0,5,0,0,0,0,200,200
337202,0,30,1,2,0,3,14,3,0,1,0,17,6,0,4,200,5,200,0,200,200
337202,0,30,1,2,0,3,14,3,0,1,0,17,6,0,7,200,0,0,0,200,200
337203,0,35,0,0,0,3,14,5,0,0,0,23,23,1,7,200,7,0,0,200,200
337203,0,35,0,0,0,3,14,5,0,0,0,23,23,0,5,200,1,0,0,200,200
337203,1,35,0,0,0,3,14,5,0,0,0,23,23,1,5,200,200,200,200,200,200
337203,1,35,0,0,0,3,14,5,0,0,0,23,23,0,1,7,200,200,200,200,200
337203,1,35,0,0,0,3,14,5,0,0,0,23,23,1,7,200,200,200,200,200,200
337214,0,30,0,0,0,3,10,5,0,0,0,16,18,0,6,0,3,0,0,200,200
337214,0,30,0,0,0,3,10,5,0,0,0,16,18,1,6,0,0,0,0,200,200
337216,0,30,0,0,0,3,10,3,0,0,0,0,200,0,5,200,1,200,0,200,200
337216,0,30,0,0,0,3,10,3,0,0,0,0,200,0,5,200,7,200,0,200,200
337216,1,30,0,0,0,3,10,3,0,0,0,0,200,1,6,200,200,200,200,200,200
337216,1,30,0,0,0,3,10,3,0,0,0,0,200,1,6,200,200,200,200,200,200
337216,1,30,0,0,0,3,10,3,0,0,0,0,200,0,6,200,200,200,200,200,200
337216,1,30,0,0,0,3,10,3,0,0,0,0,200,0,6,200,200,200,200,200,200
337216,1,30,0,0,0,3,10,3,0,0,0,0,200,0,5,200,200,200,200,200,200
337217,0,25,0,0,0,1,7,5,0,0,0,20,200,0,200,200,6,200,200,200,200
337217,1,25,0,0,0,1,7,5,0,0,0,20,200,0,200,0,200,200,200,200,200
337217,1,25,0,0,0,1,7,5,0,0,0,20,200,1,200,0,200,200,200,200,200
337223,0,25,0,0,0,3,7,6,0,0,0,0,200,0,200,200,200,200,200,200,200
337230,0,30,1,2,0,3,10,6,0,0,0,18,200,0,200,200,3,200,200,200,200
337230,0,30,1,2,0,3,10,6,0,0,0,18,200,0,6,0,0,0,0,200,200
337235,0,30,1,200,0,3,0,6,2,0,200,0,0,0,200,200,200,200,200,200,200
337235,0,30,1,200,0,3,0,6,2,0,200,0,0,0,5,0,12,200,200,200,200
337249,0,35,0,0,0,1,12,2,0,0,0,17,200,0,200,200,1,200,200,200,200
337249,0,35,0,0,0,1,12,2,0,0,0,17,200,1,200,0,0,0,0,200,200
337250,0,30,0,0,0,1,5,5,0,0,0,200,200,0,6,0,0,0,0,200,200
337254,0,30,1,2,0,3,0,3,0,1,3,0,0,0,200,200,1,200,200,200,200
337254,0,30,1,2,0,3,0,3,0,1,3,0,0,0,5,0,0,0,0,200,200
337264,0,30,0,0,0,3,0,6,0,0,0,17,200,0,3,0,1,200,0,200,200
337264,0,30,0,0,0,3,0,6,0,0,0,17,200,0,6,0,0,0,0,200,200
337268,0,30,0,0,200,200,7,5,0,200,200,0,200,2,200,200,200,200,200,200,200
337270,0,30,0,0,2,3,7,2,0,1,0,10,11,2,200,200,9,200,200,200,200
337273,0,30,2,2,0,3,14,5,0,0,200,23,0,0,5,0,0,0,0,200,200