RD_NO,PERSON_TYPE,POSTED_SPEED_LIMIT,TRAFFIC_CONTROL_DEVICE,DEVICE_CONDITION,WEATHER_CONDITION,LIGHTING_CONDITION,FIRST_CRASH_TYPE,TRAFFICWAY_TYPE,ALIGNMENT,ROADWAY_SURFACE_COND,ROAD_DEFECT,PRIM_CONTRIBUTORY_CAUSE,SEC_CONTRIBUTORY_CAUSE,SEX,AGE,SAFETY_EQUIPMENT,DRIVER_ACTION,DRIVER_VISION,PHYSICAL_CONDITION,BAC_RESULT VALUE,CELL_PHONE_USE
337273,0,30,2,2,0,3,14,5,0,0,200,23,0,1,7,0,0,0,0,200,200
337273,1,30,2,2,0,3,14,5,0,0,200,23,0,1,6,0,200,200,200,200,200
337278,0,30,1,2,0,3,12,2,0,0,0,21,0,0,5,0,4,0,0,200,200
337278,0,30,1,2,0,3,12,2,0,0,0,21,0,0,6,0,0,0,0,200,200
337287,0,35,0,0,0,3,12,2,0,0,0,23,11,0,6,200,7,0,0,200,200
337287,0,35,0,0,0,3,12,2,0,0,0,23,11,0,8,200,0,0,0,200,200
337287,1,35,0,0,0,3,12,2,0,0,0,23,11,200,200,200,200,200,200,200,200
337287,1,35,0,0,0,3,12,2,0,0,0,23,11,200,200,200,200,200,200,200,200
337287,1,35,0,0,0,3,12,2,0,0,0,23,11,200,200,200,200,200,200,200,200
337287,1,35,0,0,0,3,12,2,0,0,0,23,11,200,200,200,200,200,200,200,200
337287,1,35,0,0,0,3,12,2,0,0,0,23,11,200,200,200,200,200,200,200,200
337289,0,30,1,2,1,3,10,2,0,0,0,18,16,0,200,200,3,200,200,200,200
337289,0,30,1,2,1,3,10,2,0,0,0,18,16,0,7,0,0,0,0,200,200
337289,1,30,1,2,1,3,10,2,0,0,0,18,16,0,7,0,200,200,200,200,200
337289,1,30,1,2,1,3,10,2,0,0,0,18,16,0,2,0,200,200,200,200,200
337291,0,10,0,0,0,0,7,5,0,0,0,0,0,0,7,0,0,0,0,200,200
337296,0,30,0,0,0,3,7,5,0,0,0,18,17,2,200,200,3,200,200,200,200
337296,1,30,0,0,0,3,7,5,0,0,0,18,17,1,8,200,200,200,200,200,200
337299,0,30,1,2,0,3,10,2,0,0,0,25,11,2,200,200,200,200,200,200,200
337299,0,30,1,2,0,3,10,2,0,0,0,25,11,1,5,0,0,0,0,200,200
337312,0,30,1,2,0,3,10,5,0,0,200,16,200,0,7,0,3,0,0,200,200
337312,0,30,1,2,0,3,10,5,0,0,200,16,200,1,6,0,0,0,0,200,200
337312,1,30,1,2,0,3,10,5,0,0,200,16,200,0,200,0,200,200,200,200,200
337312,1,30,1,2,0,3,10,5,0,0,200,16,200,1,200,0,200,200,200,200,200
337314,0,30,1,2,2,1,10,5,0,1,0,0,0,1,6,0,0,0,0,200,200
337314,0,30,1,2,2,1,10,5,0,1,0,0,0,1,6,0,0,0,0,200,200
337323,0,30,200,200,0,1,14,2,0,0,0,22,200,0,8,200,7,0,0,200,200
337323,0,30,200,200,0,1,14,2,0,0,0,22,200,0,6,200,0,0,0,200,200
337328,0,25,0,0,0,3,7,6,0,0,0,32,200,0,200,0,12,0,5,200,200
337328,1,25,0,0,0,3,7,6,0,0,0,32,200,0,200,200,200,200,200,200,200
337331,0,30,0,200,0,3,0,0,0,0,12,0,0,2,200,200,200,200,200,200,200
337331,0,30,0,200,0,3,0,0,0,0,12,0,0,0,7,200,0,0,0,200,200
337331,1,30,0,200,0,3,0,0,0,0,12,0,0,1,6,200,200,200,200,200,200
337332,0,0,0,0,0,3,2,4,0,0,0,11,200,0,5,0,12,0,0,200,200
337337,0,30,0,0,0,3,2,6,0,0,0,13,200,1,5,0,12,0,0,200,200
337337,1,30,0,0,0,3,2,6,0,0,0,13,200,0,5,0,200,200,200,200,200
337365,0,30,0,0,0,3,7,5,0,0,0,20,200,2,200,200,6,200,200,200,200
337369,0,30,1,2,0,0,7,5,0,0,0,0,200,1,5,0,200,0,0,200,200
337369,1,30,1,2,0,0,7,5,0,0,0,0,200,200,200,0,200,200,200,200,200
337395,0,30,0,0,0,0,10,6,0,0,0,14,22,1,5,200,0,0,0,200,200
337395,0,30,0,0,0,0,10,6,0,0,0,14,22,0,5,200,2,200,200,200,200
337395,1,30,0,0,0,0,10,6,0,0,0,14,22,0,5,200,200,200,200,200,200
337403,0,30,0,0,0,3,12,6,0,0,200,200,200,0,7,200,2,200,0,200,200
337403,0,30,0,0,0,3,12,6,0,0,200,200,200,0,6,0,0,200,0,200,200
337403,1,30,0,0,0,3,12,6,0,0,200,200,200,1,200,0,200,200,200,200,200
337404,0,30,0,0,0,3,7,5,0,0,0,0,200,0,6,200,200,200,0,200,200
337412,0,20,0,0,0,3,7,5,0,0,0,12,0,0,6,0,12,0,0,200,200
337420,0,30,0,0,0,3,7,5,0,0,0,21,16,1,4,200,8,200,0,200,200
337422,0,30,7,0,0,3,10,2,0,0,200,20,11,0,6,0,6,0,0,200,200
337422,0,30,7,0,0,3,10,2,0,0,200,20,11,0,6,0,0,0,0,200,200
337426,0,30,1,2,0,3,7,6,0,0,0,11,200,0,5,200,3,200,0,200,200
337459,0,30,1,2,0,3,14,5,0,0,0,6,200,0,6,200,200,200,0,200,200
337459,0,30,1,2,0,3,14,5,0,0,0,6,200,1,5,200,200,200,0,200,200
337464,0,35,1,2,0,2,14,5,0,0,0,16,200,0,6,0,12,0,0,200,200
337464,0,35,1,2,0,2,14,5,0,0,0,16,200,1,8,0,0,0,0,200,200
337468,0,30,1,2,0,1,14,2,0,0,0,0,200,0,5,200,200,200,2,200,200
337468,0,30,1,2,0,1,14,2,0,0,0,0,200,1,5,200,0,200,0,200,200
337468,1,30,1,2,0,1,14,2,0,0,0,0,200,0,200,200,200,200,200,200,200
337468,1,30,1,2,0,1,14,2,0,0,0,0,200,0,200,200,200,200,200,200,200
337491,0,30,1,2,0,1,10,5,2,0,0,22,0,1,6,0,3,0,0,200,200
337491,0,30,1,2,0,1,10,5,2,0,0,22,0,0,6,0,0,0,0,200,200
337497,0,30,0,0,0,1,7,5,0,0,0,200,200,2,200,200,200,200,200,200,200
337498,0,30,1,0,0,1,0,2,0,0,0,17,17,0,6,0,1,0,0,200,200
337498,0,30,1,0,0,1,0,2,0,0,0,17,17,0,7,7,0,0,0,200,200
337503,0,30,1,2,0,1,14,2,0,0,0,17,200,0,6,0,1,0,0,200,200
337503,0,30,1,2,0,1,14,2,0,0,0,17,200,0,6,0,0,0,0,200,200
337506,0,45,1,2,0,1,10,2,0,0,0,16,200,0,6,200,3,6,0,200,200
337506,0,45,1,2,0,1,10,2,0,0,0,16,200,1,7,200,0,0,0,200,200
337511,0,30,1,2,0,1,10,2,0,0,0,12,0,0,6,0,12,0,0,200,200
337511,0,30,1,2,0,1,10,2,0,0,0,12,0,0,6,0,0,0,0,200,200
337517,0,20,0,0,0,1,7,2,0,0,0,17,17,1,200,200,1,0,0,200,200
337522,0,35,1,2,2,1,0,5,0,1,0,34,20,0,7,0,6,0,0,200,200
337522,0,35,1,2,2,1,0,5,0,1,0,34,20,0,200,0,0,4,0,200,200
337532,4,30,0,0,0,1,8,12,0,0,0,0,200,0,200,200,8,200,200,200,200
337532,0,30,0,0,0,1,8,12,0,0,0,0,200,1,7,0,0,0,0,200,200
337537,0,30,0,0,0,1,12,2,0,0,0,0,0,1,7,0,200,0,0,200,200
337537,0,30,0,0,0,1,12,2,0,0,0,0,0,1,6,0,0,0,0,200,200
337537,1,30,0,0,0,1,12,2,0,0,0,0,0,1,200,0,200,200,200,200,200
337538,0,30,2,2,0,1,0,5,0,0,0,0,200,0,8,200,200,200,0,200,200
337538,0,30,2,2,0,1,0,5,0,0,0,0,200,0,6,200,200,200,0,200,200
337538,1,30,2,2,0,1,0,5,0,0,0,0,200,1,6,200,200,200,200,200,200
337539,0,35,0,0,0,1,2,5,0,0,0,11,200,0,6,0,7,0,0,200,200
337543,4,35,0,0,0,1,8,3,0,0,0,0,200,0,4,200,2,0,0,200,200
337544,0,25,1,2,0,1,14,2,0,0,0,23,21,0,7,0,7,0,0,200,200
337544,0,25,1,2,0,1,14,2,0,0,0,23,21,1,6,0,0,0,0,200,200
337544,1,25,1,2,0,1,14,2,0,0,0,23,21,1,1,5,200,200,200,200,200
337554,0,30,0,0,0,1,5,0,0,0,0,33,0,0,7,0,12,3,0,200,200
337555,0,30,0,0,0,3,7,5,0,0,0,0,0,1,200,200,200,200,200,200,200
337560,0,35,1,2,2,1,7,5,0,1,0,33,11,1,6,0,7,12,0,200,200
337561,0,30,1,2,0,1,10,2,0,0,200,22,22,1,5,200,2,200,0,200,200
337561,0,30,1,2,0,1,10,2,0,0,200,22,22,0,6,0,200,200,0,200,0
337562,0,30,0,0,2,3,12,6,0,1,0,0,0,2,200,200,200,200,200,200,200
337562,0,30,0,0,2,3,12,6,0,1,0,0,0,1,7,0,200,0,0,200,200
337563,0,30,1,2,0,1,12,2,0,0,0,22,16,0,6,0,4,0,0,200,200
337563,0,30,1,2,0,1,12,2,0,0,0,22,16,0,0,0,0,0,0,200,200
337564,0,30,0,0,200,200,7,5,0,200,0,0,0,2,200,200,200,200,200,200,200
337566,0,30,0,3,0,1,0,5,0,0,0,0,0,0,200,200,200,200,200,200,200
337566,0,30,0,3,0,1,0,5,0,0,0,0,0,0,5,0,0,0,0,200,200
337568,0,30,0,0,0,1,12,2,0,0,0,21,200,1,5,0,4,200,0,200,200
337568,0,30,0,0,0,1,12,2,0,0,0,21,200,0,6,0,0,0,0,200,200
337573,0,30,0,0,0,1,0,6,0,0,0,17,200,0,6,0,1,0,0,200,200
337573,0,30,0,0,0,1,0,6,0,0,0,17,200,1,6,0,0,0,0,200,200
337583,0,0,0,0,0,1,7,0,0,0,200,20,200,0,8,7,6,200,0,200,200
337591,0,20,0,0,0,1,7,6,0,0,0,200,200,0,200,200,200,200,200,200,200
337595,0,30,0,0,0,1,7,5,0,0,0,22,0,0,200,200,2,200,200,200,200
337599,4,30,0,0,0,1,8,5,0,0,0,0,0,1,4,7,200,0,0,200,200
337599,0,30,0,0,0,1,8,5,0,0,0,0,0,0,6,200,200,5,0,200,200
337601,0,30,0,0,0,1,0,5,0,0,0,17,200,0,4,0,1,0,0,200,200
337601,0,30,0,0,0,1,0,5,0,0,0,17,200,0,6,0,0,0,0,200,200
337601,1,30,0,0,0,1,0,5,0,0,0,17,200,1,0,5,200,200,200,200,200
337602,0,30,1,2,0,1,10,2,0,0,0,0,0,0,200,200,0,200,200,200,200
337606,0,30,1,2,0,1,10,2,0,0,0,18,17,1,7,200,1,200,200,200,200
337606,0,30,1,2,0,1,10,2,0,0,0,18,17,1,6,0,0,0,0,200,200
337610,0,30,10,2,0,1,2,5,2,0,0,3,200,1,7,0,12,200,0,200,200
337613,0,35,2,2,0,1,0,5,0,0,0,17,5,1,5,0,1,0,0,200,200
337613,0,35,2,2,0,1,0,5,0,0,0,17,5,0,7,0,0,0,0,200,200
337613,1,35,2,2,0,1,0,5,0,0,0,17,5,0,7,0,200,200,200,200,200
337614,0,40,2,0,0,1,14,2,0,0,0,23,200,1,4,0,7,0,0,200,200
337614,0,40,2,0,0,1,14,2,0,0,0,23,200,0,8,0,0,0,0,200,200
337614,1,40,2,0,0,1,14,2,0,0,0,23,200,0,5,0,200,200,200,200,200
337617,0,30,1,2,0,1,10,2,0,0,0,0,200,1,5,0,200,200,200,200,200
337617,0,30,1,2,0,1,10,2,0,0,0,0,200,0,6,0,0,0,0,200,200
337620,0,25,2,2,0,1,10,5,0,0,0,0,200,2,200,200,200,200,200,200,200
337620,0,25,2,2,0,1,10,5,0,0,0,0,200,1,6,200,200,0,0,200,200
337620,1,25,2,2,0,1,10,5,0,0,0,0,200,0,3,200,200,200,200,200,200
337628,0,15,0,0,0,1,7,12,0,0,0,20,20,1,7,0,6,200,0,200,200
337630,0,30,0,0,0,1,5,0,0,0,0,17,200,0,7,200,1,0,0,200,200
337632,0,30,0,0,0,1,2,5,0,0,0,0,200,2,200,200,200,200,200,200,200
337637,0,30,0,0,0,1,7,5,0,0,0,25,200,2,200,200,200,200,200,200,200
337642,0,15,0,0,0,1,7,5,0,0,2,0,200,1,7,0,12,0,0,200,200
337646,0,35,2,2,0,1,0,2,0,0,0,17,200,0,6,200,1,0,0,200,200
337646,0,35,2,2,0,1,0,2,0,0,0,17,200,0,8,200,0,0,0,200,200
337646,1,35,2,2,0,1,0,2,0,0,0,17,200,1,2,200,200,200,200,200,200
337648,0,30,0,0,0,1,10,5,0,0,0,11,200,0,200,200,6,200,200,200,200
337648,0,30,0,0,0,1,10,5,0,0,0,11,200,1,6,0,0,0,0,200,200
337651,0,30,2,0,0,1,10,5,0,0,0,0,0,0,200,200,1,200,200,200,200
337651,0,30,2,0,0,1,10,5,0,0,0,0,0,0,7,0,0,0,0,200,200
337657,0,30,0,0,0,1,4,5,0,0,1,0,0,0,7,0,0,0,0,200,200
337665,0,20,0,0,0,1,10,2,0,0,0,18,18,1,7,0,3,0,0,200,200
337665,0,20,0,0,0,1,10,2,0,0,0,18,18,0,5,0,0,0,0,200,200
337675,0,30,0,0,0,1,10,2,0,0,0,16,200,1,4,200,12,200,0,200,200
337675,0,30,0,0,0,1,10,2,0,0,0,16,200,0,6,200,200,200,0,200,200
337675,0,30,0,0,0,1,10,2,0,0,0,16,200,0,6,200,200,200,0,200,200
337675,1,30,0,0,0,1,10,2,0,0,0,16,200,1,6,200,200,200,200,200,200
337675,1,30,0,0,0,1,10,2,0,0,0,16,200,0,2,200,200,200,200,200,200
337675,1,30,0,0,0,1,10,2,0,0,0,16,200,1,0,5,200,200,200,200,200
337675,1,30,0,0,0,1,10,2,0,0,0,16,200,1,3,200,200,200,200,200,200
337675,1,30,0,0,0,1,10,2,0,0,0,16,200,1,3,200,200,200,200,200,200
337678,0,10,0,0,0,1,7,0,0,0,0,0,0,1,6,200,0,0,0,200,200
337680,0,30,1,0,0,1,7,2,0,0,0,0,200,0,7,0,0,200,200,200,200
337682,0,30,1,2,0,1,10,2,0,0,0,18,11,1,6,0,3,0,0,200,200
337682,0,30,1,2,0,1,10,2,0,0,0,18,11,0,7,0,0,0,0,200,200
337692,0,30,0,0,0,1,14,5,0,0,0,0,0,1,7,0,200,0,0,200,200
337692,0,30,0,0,0,1,14,5,0,0,0,0,0,0,7,0,200,0,0,200,200
337698,0,30,0,0,0,1,14,5,0,0,0,0,0,1,6,200,12,200,0,200,200
337698,0,30,0,0,0,1,14,5,0,0,0,0,0,1,7,200,200,200,200,200,200
337698,1,30,0,0,0,1,14,5,0,0,0,0,0,0,6,200,200,200,200,200,200
337703,0,30,1,2,0,1,10,1,0,0,0,18,200,0,200,200,3,200,200,200,200
337703,0,30,1,2,0,1,10,1,0,0,0,18,200,1,6,0,0,0,0,200,200
337707,0,30,2,2,0,1,10,5,0,0,0,0,0,0,6,200,6,0,200,200,200
337707,0,30,2,2,0,1,10,5,0,0,0,0,0,1,6,0,0,0,0,200,200
337710,0,15,0,0,0,1,7,7,0,0,0,200,200,0,200,200,12,200,200,200,200
337711,0,30,0,0,2,0,10,5,0,1,0,0,0,0,200,200,4,0,0,200,200
337711,0,30,0,0,2,0,10,5,0,1,0,0,0,1,6,0,0,0,0,200,200
337713,0,30,0,0,0,1,14,2,0,0,0,17,200,1,4,0,1,0,0,200,200
337713,0,30,0,0,0,1,14,2,0,0,0,17,200,0,7,0,0,0,0,200,200
337714,0,30,2,2,0,1,0,5,0,0,0,0,0,0,8,0,0,0,0,200,200
337714,0,30,2,2,0,1,0,5,0,0,0,0,0,1,7,0,0,0,0,200,200
337717,0,30,0,0,0,1,7,5,0,0,0,0,200,0,6,0,9,0,200,200,200
337719,0,30,1,2,0,1,14,5,0,0,0,0,200,0,7,200,200,0,0,200,200
337719,0,30,1,2,0,1,14,5,0,0,0,0,200,0,7,200,0,200,0,200,200
337729,0,30,1,2,0,1,3,5,0,0,0,20,200,0,5,0,6,0,0,200,200
337729,0,30,1,2,0,1,3,5,0,0,0,20,200,1,7,0,0,0,0,200,200
337729,1,30,1,2,0,1,3,5,0,0,0,20,200,200,200,0,200,200,200,200,200
337731,0,30,1,2,0,1,10,3,0,0,0,18,18,1,6,7,3,200,0,200,200
337731,0,30,1,2,0,1,10,3,0,0,0,18,18,1,5,7,0,200,0,200,200
337733,0,35,0,0,0,1,10,5,0,0,0,15,16,0,5,200,8,200,200,200,200
337733,0,35,0,0,0,1,10,5,0,0,0,15,16,1,3,0,0,0,0,200,200
337733,1,35,0,0,0,1,10,5,0,0,0,15,16,0,2,0,200,200,200,200,200
337741,0,30,1,2,0,1,10,1,0,0,0,18,16,0,6,0,3,0,0,200,200
337741,0,30,1,2,0,1,10,1,0,0,0,18,16,0,5,0,0,0,0,200,200
337741,0,30,1,2,0,1,10,1,0,0,0,18,16,1,7,0,0,0,0,200,200
337742,0,20,0,0,0,1,7,6,0,0,0,0,0,2,200,200,200,200,200,200,200
337747,0,15,0,0,0,1,2,0,0,0,0,20,200,0,6,0,6,0,0,200,200
337754,0,30,0,0,0,1,10,5,0,0,0,200,200,0,5,0,12,0,0,200,200
337754,0,30,0,0,0,1,10,5,0,0,0,200,200,1,5,0,0,0,0,200,200
337755,0,0,0,0,0,1,7,7,0,0,0,20,200,1,7,200,6,200,0,200,200
337767,0,35,0,0,0,1,10,5,0,0,0,18,25,0,6,0,3,0,0,200,200
337767,0,35,0,0,0,1,10,5,0,0,0,18,25,0,5,0,0,0,0,200,200
337771,0,30,0,0,0,1,12,3,0,0,0,0,200,0,8,200,200,200,0,200,200
337771,0,30,0,0,0,1,12,3,0,0,0,0,200,0,5,200,0,200,200,200,200
337772,0,30,0,0,0,1,14,5,0,0,200,0,0,1,9,200,1,200,0,200,200
337772,0,30,0,0,0,1,14,5,0,0,200,0,0,1,4,200,0,200,0,200,200
337774,0,30,0,0,0,1,14,3,0,0,0,17,17,0,6,200,1,0,0,200,200
337774,0,30,0,0,0,1,14,3,0,0,0,17,17,1,6,200,0,0,0,200,200
337778,0,30,1,2,0,1,10,5,0,0,0,18,200,1,200,200,8,200,200,200,200
337778,0,30,1,2,0,1,10,5,0,0,0,18,200,0,7,0,0,0,0,200,200
337779,0,30,0,0,0,1,10,5,0,0,0,18,200,2,200,200,3,200,200,200,200
337779,0,30,0,0,0,1,10,5,0,0,0,18,200,1,6,0,12,0,0,200,200
337781,0,30,0,0,0,1,7,5,0,0,0,200,200,1,7,0,12,0,0,200,200
337784,0,25,0,0,0,3,7,6,0,0,0,20,0,2,200,200,6,200,200,200,200
337786,0,30,0,0,0,1,7,5,0,0,0,0,0,1,5,0,2,0,0,200,200
337792,0,45,3,2,0,1,10,2,0,0,0,11,16,1,5,0,8,0,0,200,200
337792,0,45,3,2,0,1,10,2,0,0,0,11,16,0,9,0,0,0,0,200,200
337792,1,45,3,2,0,1,10,2,0,0,0,11,16,0,6,0,200,200,200,200,200
337821,0,55,1,2,0,1,14,3,0,0,0,17,8,1,3,0,1,1,0,200,200
337821,0,55,1,2,0,1,14,3,0,0,0,17,8,1,6,0,200,200,0,200,200
337821,1,55,1,2,0,1,14,3,0,0,0,17,8,1,5,0,200,200,200,200,200
337823,0,25,1,2,0,1,10,2,0,0,0,0,200,0,8,0,1,0,0,200,200
337823,0,25,1,2,0,1,10,2,0,0,0,0,200,0,7,0,0,0,0,200,200
337831,0,30,1,2,0,1,10,2,0,0,0,0,0,0,200,0,200,0,200,200,200
337831,0,30,1,2,0,1,10,2,0,0,0,0,0,1,8,0,200,0,0,200,200
337831,1,30,1,2,0,1,10,2,0,0,0,0,0,0,7,0,200,200,200,200,200
337834,0,30,0,0,0,1,12,6,0,0,0,0,0,0,6,200,12,200,200,200,200
337834,0,30,0,0,0,1,12,6,0,0,0,0,0,0,7,0,12,0,0,200,200
337839,0,30,0,0,0,1,12,2,0,0,0,17,200,0,9,0,1,0,0,200,200
337839,0,30,0,0,0,1,12,2,0,0,0,17,200,1,6,0,0,0,0,200,200
337841,0,30,3,2,0,1,12,3,0,0,0,21,11,0,7,0,4,0,0,200,200
337841,0,30,3,2,0,1,12,3,0,0,0,21,11,0,7,0,4,0,0,200,200
337841,1,30,3,2,0,1,12,3,0,0,0,21,11,0,200,0,200,200,200,200,200
337848,0,10,0,0,0,1,7,7,0,0,0,0,0,1,5,200,10,200,200,200,200
337856,0,30,1,0,0,1,14,5,0,0,0,17,17,1,7,0,1,0,0,200,200
337856,0,30,1,0,0,1,14,5,0,0,0,17,17,0,7,0,200,0,0,200,200
337867,0,30,0,0,2,1,10,5,0,1,0,18,0,1,5,0,3,0,0,200,200
337867,0,30,0,0,2,1,10,5,0,1,0,18,0,0,7,0,0,0,0,200,200
337876,0,30,1,2,0,1,10,5,0,0,0,0,0,0,200,200,200,200,200,200,200
337876,0,30,1,2,0,1,10,5,0,0,0,0,0,1,5,0,200,0,0,200,200
337876,1,30,1,2,0,1,10,5,0,0,0,0,0,1,7,0,200,200,200,200,200
337878,0,30,1,2,0,1,10,5,0,0,0,18,18,0,5,0,3,0,0,200,200
337878,0,30,1,2,0,1,10,5,0,0,0,18,18,0,5,0,0,0,0,200,200
337882,0,30,1,2,0,1,12,1,0,0,0,17,0,0,6,0,4,0,0,200,200
337882,0,30,1,2,0,1,12,1,0,0,0,17,0,0,6,0,4,0,0,200,200
337882,0,30,1,2,0,1,12,1,0,0,0,17,0,0,6,0,0,0,0,200,200
337884,0,35,0,0,0,1,10,5,0,0,0,18,200,0,6,0,3,0,0,200,200
337884,0,35,0,0,0,1,10,5,0,0,0,18,200,1,5,0,0,0,0,200,200
337885,0,30,0,0,0,1,12,3,0,0,0,0,0,1,6,200,1,0,0,200,200
337885,0,30,0,0,0,1,12,3,0,0,0,0,0,0,8,200,1,0,0,200,200
337885,1,30,0,0,0,1,12,3,0,0,0,0,0,0,200,200,200,200,200,200,200
337889,0,30,0,0,0,3,7,6,0,0,0,0,200,2,200,200,200,200,200,200,200
337891,0,0,1,2,0,1,14,6,0,0,0,0,0,0,6,0,200,0,0,200,200
337891,0,0,1,2,0,1,14,6,0,0,0,0,0,0,7,0,200,0,0,200,200
337892,0,30,0,0,0,1,7,5,0,0,0,0,0,2,200,200,200,200,200,200,200
337894,0,30,200,200,200,200,14,5,0,200,200,0,0,2,200,200,7,200,200,200,200
337894,0,30,200,200,200,200,14,5,0,200,200,0,0,1,6,200,0,200,200,200,200
337895,0,30,0,0,0,1,12,5,0,0,200,17,200,0,6,200,1,0,0,200,200
337895,0,30,0,0,0,1,12,5,0,0,200,17,200,0,6,200,200,0,0,200,200
337896,0,20,0,0,0,1,7,6,0,0,0,200,200,2,200,200,200,200,200,200,200
337897,0,30,0,0,0,1,14,5,0,0,0,23,200,1,6,0,7,200,200,200,200
337897,0,30,0,0,0,1,14,5,0,0,0,23,200,0,6,0,0,0,0,200,200
337897,1,30,0,0,0,1,14,5,0,0,0,23,200,2,200,0,200,200,200,200,200
337897,1,30,0,0,0,1,14,5,0,0,0,23,200,0,200,0,200,200,200,200,200
337897,1,30,0,0,0,1,14,5,0,0,0,23,200,1,200,0,200,200,200,200,200
337905,0,40,3,2,0,1,10,3,3,0,0,16,18,0,8,200,8,0,0,200,200
337905,0,40,3,2,0,1,10,3,3,0,0,16,18,0,5,200,0,0,0,200,200
337912,0,30,0,0,0,1,12,2,0,0,0,17,0,0,200,0,1,0,0,200,200
337912,0,30,0,0,0,1,12,2,0,0,0,17,0,0,200,0,0,0,0,200,200
337917,0,10,0,0,0,1,7,7,0,200,200,20,200,1,8,200,6,200,200,200,200
337917,1,10,0,0,0,1,7,7,0,200,200,20,200,1,6,200,200,200,200,200,200
337922,0,30,0,0,0,1,11,6,0,0,0,21,200,1,200,0,1,0,0,200,200
337922,0,30,0,0,0,1,11,6,0,0,0,21,200,1,200,0,0,0,0,200,200
337922,1,30,0,0,0,1,11,6,0,0,0,21,200,1,200,0,200,200,200,200,200
337922,1,30,0,0,0,1,11,6,0,0,0,21,200,1,200,0,200,200,200,200,200
337922,1,30,0,0,0,1,11,6,0,0,0,21,200,1,200,0,200,200,200,200,200
337922,1,30,0,0,0,1,11,6,0,0,0,21,200,1,200,0,200,200,200,200,200
337925,0,30,0,0,0,1,2,6,0,2,4,29,0,0,6,0,14,0,0,200,200
337925,1,30,0,0,0,1,2,6,0,2,4,29,0,0,6,0,200,200,200,200,200
337926,0,25,0,0,0,1,12,5,0,0,0,200,200,0,200,200,200,200,200,200,200
337926,0,25,0,0,0,1,12,5,0,0,0,200,200,0,8,0,0,0,0,200,200
337931,0,15,0,0,200,4,7,0,0,200,200,0,200,1,5,200,1,200,200,200,200
337932,0,30,1,2,0,1,12,2,0,0,0,25,0,0,5,0,4,0,0,200,200
337932,0,30,1,2,0,1,12,2,0,0,0,25,0,1,7,0,0,0,0,200,200
337933,0,15,0,0,0,1,14,2,0,0,0,10,16,2,200,200,7,200,200,200,200
337933,0,15,0,0,0,1,14,2,0,0,0,10,16,0,6,3,12,0,0,200,200
337945,0,30,1,2,0,1,14,2,0,0,0,17,200,1,8,0,7,0,0,200,200
337945,0,30,1,2,0,1,14,2,0,0,0,17,200,1,5,0,0,0,0,200,200
337946,0,25,0,0,0,1,12,2,0,0,0,0,0,0,200,200,1,200,200,200,200
337946,0,25,0,0,0,1,12,2,0,0,0,0,0,0,7,0,0,0,0,200,200
337948,0,45,200,200,0,1,10,5,0,200,200,0,200,0,200,200,1,200,200,200,200
337948,0,45,200,200,0,1,10,5,0,200,200,0,200,0,5,0,200,200,0,200,200
337949,0,30,1,2,0,1,10,5,0,0,0,18,200,1,8,0,3,0,0,200,200
337949,0,30,1,2,0,1,10,5,0,0,0,18,200,0,200,0,0,0,0,200,200
337950,0,3,1,2,0,1,14,5,0,0,0,0,200,1,200,200,200,200,200,200,200
337950,0,3,1,2,0,1,14,5,0,0,0,0,200,0,6,0,200,0,0,200,200
337950,1,3,1,2,0,1,14,5,0,0,0,0,200,2,200,200,200,200,200,200,200
337954,0,30,0,0,0,1,10,12,0,0,0,18,200,0,5,0,3,0,0,200,200
337954,0,30,0,0,0,1,10,12,0,0,0,18,200,0,200,0,0,0,0,200,200
337956,0,30,0,0,0,1,12,6,0,0,0,23,0,0,200,200,2,200,200,200,200
337956,0,30,0,0,0,1,12,6,0,0,0,23,0,0,200,0,0,0,0,200,200
337959,0,30,1,2,0,1,10,5,0,0,200,18,18,0,200,200,3,200,200,200,200
337959,0,30,1,2,0,1,10,5,0,0,200,18,18,1,7,0,0,0,0,200,200
337961,0,30,1,2,0,1,7,5,0,0,0,22,0,0,200,0,2,0,0,200,200
337961,1,30,1,2,0,1,7,5,0,0,0,22,0,0,6,0,200,200,200,200,200
337966,0,30,0,0,0,1,12,5,0,0,0,22,16,0,9,0,4,0,0,200,200
337966,0,30,0,0,0,1,12,5,0,0,0,22,16,0,7,0,0,0,0,200,200
337967,0,30,0,0,0,1,10,4,0,0,0,20,20,0,5,200,6,200,0,200,200
337967,0,30,0,0,0,1,10,4,0,0,0,20,20,1,8,0,0,0,0,200,200
337969,0,30,1,2,0,1,10,2,0,0,0,18,200,0,200,200,1,200,200,200,200
337969,0,30,1,2,0,1,10,2,0,0,0,18,200,0,7,0,0,0,0,200,200
337974,0,30,0,0,0,1,10,2,0,0,0,18,18,0,7,200,3,200,200,200,200
337974,0,30,0,0,0,1,10,2,0,0,0,18,18,0,6,0,0,0,0,200,200
337976,0,30,200,200,0,1,9,6,0,200,200,17,200,0,200,200,200,200,200,200,200
337976,5,30,200,200,0,1,9,6,0,200,200,17,200,0,5,3,200,200,200,200,200
337977,0,30,0,0,0,1,7,5,0,0,0,20,200,1,200,0,6,0,0,200,200
337984,0,30,200,200,200,200,7,200,0,200,200,0,200,0,200,200,200,200,200,200,200
337985,0,35,2,2,0,1,0,5,0,0,0,17,0,1,6,0,1,0,0,200,200
337985,0,35,2,2,0,1,0,5,0,0,0,17,0,0,5,0,200,0,0,200,200