RD_NO,PERSON_TYPE,POSTED_SPEED_LIMIT,TRAFFIC_CONTROL_DEVICE,DEVICE_CONDITION,WEATHER_CONDITION,LIGHTING_CONDITION,FIRST_CRASH_TYPE,TRAFFICWAY_TYPE,ALIGNMENT,ROADWAY_SURFACE_COND,ROAD_DEFECT,PRIM_CONTRIBUTORY_CAUSE,SEC_CONTRIBUTORY_CAUSE,SEX,AGE,SAFETY_EQUIPMENT,DRIVER_ACTION,DRIVER_VISION,PHYSICAL_CONDITION,BAC_RESULT VALUE,CELL_PHONE_USE
337986,0,30,0,0,0,1,9,5,0,0,0,0,200,0,7,0,6,200,0,200,200
337986,5,30,0,0,0,1,9,5,0,0,0,0,200,1,7,200,200,200,200,200,200
337987,0,30,200,200,0,1,9,200,0,200,200,17,200,2,200,200,1,200,200,200,200
337987,5,30,200,200,0,1,9,200,0,200,200,17,200,0,5,200,0,0,0,200,200
337988,0,30,0,0,0,1,7,5,0,0,0,11,200,0,200,200,12,200,200,200,200
337998,0,0,2,2,0,1,10,5,0,0,0,18,0,0,5,0,3,0,0,200,200
337998,0,0,2,2,0,1,10,5,0,0,0,18,0,0,6,0,0,0,0,200,200
337998,1,0,2,2,0,1,10,5,0,0,0,18,0,1,5,0,200,200,200,200,200
337998,1,0,2,2,0,1,10,5,0,0,0,18,0,0,5,0,200,200,200,200,200
338006,0,30,0,0,0,0,12,6,0,0,200,22,0,1,5,200,2,200,200,200,200
338006,0,30,0,0,0,0,12,6,0,0,200,22,0,1,5,0,0,200,200,200,200
338006,1,30,0,0,0,0,12,6,0,0,200,22,0,0,5,0,200,200,200,200,200
338012,0,30,0,0,0,1,14,5,0,0,0,23,200,1,200,0,7,0,0,200,200
338012,0,30,0,0,0,1,14,5,0,0,0,23,200,0,200,0,0,0,0,200,200
338016,0,30,200,200,200,200,7,6,0,200,200,0,0,2,200,200,200,200,200,200,200
338032,0,30,1,2,0,1,10,5,0,0,0,16,16,0,9,0,3,0,0,200,200
338032,0,30,1,2,0,1,10,5,0,0,0,16,16,1,6,0,0,0,0,200,200
338032,1,30,1,2,0,1,10,5,0,0,0,16,16,1,8,0,200,200,200,200,200
338040,0,30,0,0,0,1,10,5,0,0,0,18,0,0,6,0,3,0,0,200,200
338040,0,30,0,0,0,1,10,5,0,0,0,18,0,0,5,0,0,0,0,200,200
338053,0,30,0,0,0,1,2,0,0,0,0,0,200,0,200,200,200,200,200,200,200
338058,0,30,2,2,0,1,10,5,0,0,0,18,200,1,9,0,3,0,0,200,200
338058,0,30,2,2,0,1,10,5,0,0,0,18,200,1,6,0,0,0,0,200,200
338059,0,30,0,0,0,1,10,5,0,0,0,0,200,0,5,200,1,0,0,200,200
338059,0,30,0,0,0,1,10,5,0,0,0,0,200,0,8,0,0,0,0,200,200
338064,0,25,1,2,0,1,14,2,0,0,0,0,0,0,5,0,1,0,0,200,200
338064,0,25,1,2,0,1,14,2,0,0,0,0,0,1,6,0,0,0,0,200,200
338066,0,30,1,2,0,1,0,2,0,0,0,6,17,0,5,200,1,0,0,200,200
338066,0,30,1,2,0,1,0,2,0,0,0,6,17,0,6,0,12,0,0,200,200
338066,1,30,1,2,0,1,0,2,0,0,0,6,17,0,4,200,200,200,200,200,200
338066,1,30,1,2,0,1,0,2,0,0,0,6,17,1,7,0,200,200,200,200,200
338067,0,30,0,0,0,1,12,5,0,0,0,0,0,0,200,200,200,200,200,200,200
338067,0,30,0,0,0,1,12,5,0,0,0,0,0,1,5,0,0,0,0,200,200
338068,0,30,1,2,0,1,12,2,0,0,0,17,0,1,7,0,12,0,0,200,200
338068,0,30,1,2,0,1,12,2,0,0,0,17,0,0,5,0,1,0,0,200,200
338072,0,3,12,12,0,1,7,2,0,0,0,0,200,2,200,200,200,200,200,200,200
338076,0,30,0,0,0,1,7,5,0,0,0,11,200,0,5,0,12,0,0,200,200
338076,1,30,0,0,0,1,7,5,0,0,0,11,200,0,5,0,200,200,200,200,200
338077,0,30,0,0,0,1,10,2,0,0,0,18,200,1,7,0,3,0,0,200,200
338077,0,30,0,0,0,1,10,2,0,0,0,18,200,1,5,0,0,0,0,200,200
338078,0,30,0,200,0,1,2,0,0,0,0,14,25,0,200,200,13,200,200,200,200
338078,1,30,0,200,0,1,2,0,0,0,0,14,25,200,200,200,200,200,200,200,200
338078,1,30,0,200,0,1,2,0,0,0,0,14,25,0,3,200,200,200,200,200,200
338088,0,30,1,2,0,1,10,2,0,0,0,18,200,0,5,200,3,200,0,200,200
338088,0,30,1,2,0,1,10,2,0,0,0,18,200,1,6,0,0,0,0,200,200
338089,0,30,200,2,0,1,0,5,0,0,0,22,200,0,6,200,200,200,0,200,200
338089,0,30,200,2,0,1,0,5,0,0,0,22,200,1,6,200,0,200,0,200,200
338089,1,30,200,2,0,1,0,5,0,0,0,22,200,1,4,200,200,200,200,200,200
338089,1,30,200,2,0,1,0,5,0,0,0,22,200,1,200,200,200,200,200,200,200
338089,1,30,200,2,0,1,0,5,0,0,0,22,200,1,200,5,200,200,200,200,200
338092,0,30,0,0,0,1,7,2,0,0,0,20,0,1,7,200,6,0,0,200,200
338094,0,35,0,0,0,1,12,5,0,0,0,22,0,0,5,0,200,0,0,200,200
338094,0,35,0,0,0,1,12,5,0,0,0,22,0,0,7,0,12,0,0,200,200
338099,0,30,0,0,0,1,7,5,0,0,0,1,200,0,9,0,12,0,0,200,200
338107,0,30,1,2,0,1,12,5,0,0,0,21,0,0,6,200,12,0,0,200,200
338107,0,30,1,2,0,1,12,5,0,0,0,21,0,1,7,1,200,200,0,200,200
338108,0,0,0,0,0,1,12,2,0,0,0,0,200,0,5,200,200,200,200,200,200
338108,0,0,0,0,0,1,12,2,0,0,0,0,200,0,7,0,0,0,0,200,200
338116,0,30,1,2,0,1,14,5,0,0,0,25,11,0,9,0,7,0,0,200,200
338116,0,30,1,2,0,1,14,5,0,0,0,25,11,1,4,0,0,0,0,200,200
338116,1,30,1,2,0,1,14,5,0,0,0,25,11,1,7,0,200,200,200,200,200
338119,0,30,0,0,0,1,0,5,0,0,0,17,0,0,200,200,1,200,200,200,200
338119,0,30,0,0,0,1,0,5,0,0,0,17,0,0,6,0,0,200,0,200,200
338121,0,30,0,0,0,1,14,5,0,0,0,0,200,0,7,0,2,0,0,200,200
338121,0,30,0,0,0,1,14,5,0,0,0,0,200,1,5,0,1,0,0,200,200
338125,0,25,2,2,0,1,14,5,0,0,0,11,0,0,6,200,7,0,1,200,200
338125,0,25,2,2,0,1,14,5,0,0,0,11,0,0,6,200,12,0,0,200,200
338126,0,30,1,2,0,1,14,12,0,0,0,0,0,1,200,0,200,0,0,200,200
338126,0,30,1,2,0,1,14,12,0,0,0,0,0,1,200,0,200,0,0,200,200
338127,0,30,1,2,0,1,12,5,0,0,0,0,0,1,6,0,12,200,0,200,200
338127,0,30,1,2,0,1,12,5,0,0,0,0,0,0,6,0,12,0,0,200,200
338133,0,30,0,2,0,1,12,2,0,0,0,22,22,0,200,200,200,200,200,200,200
338133,0,30,0,2,0,1,12,2,0,0,0,22,22,1,0,0,200,200,0,200,200
338137,0,30,200,200,0,1,10,2,0,0,0,0,0,0,200,200,200,200,200,200,200
338137,0,30,200,200,0,1,10,2,0,0,0,0,0,0,7,200,200,200,0,200,200
338145,0,30,1,2,0,1,14,5,0,0,0,23,200,1,200,0,7,0,0,200,200
338145,0,30,1,2,0,1,14,5,0,0,0,23,200,1,200,0,0,0,0,200,200
338147,0,30,1,2,0,1,8,5,0,0,0,6,11,0,7,200,5,200,0,200,200
338147,4,30,1,2,0,1,8,5,0,0,0,6,11,1,6,7,12,200,0,200,200
338150,0,30,2,0,0,1,10,5,0,0,0,20,20,1,200,200,6,0,0,200,200
338150,0,30,2,0,0,1,10,5,0,0,0,20,20,0,9,0,0,0,0,200,200
338155,0,25,0,0,0,1,7,5,0,0,0,15,11,0,1,0,10,0,12,200,200
338160,0,30,200,200,200,200,10,200,0,200,200,0,200,1,5,0,200,200,200,200,200
338160,0,30,200,200,200,200,10,200,0,200,200,0,200,1,6,0,200,200,200,200,200
338160,0,30,200,200,200,200,10,200,0,200,200,0,200,1,5,0,200,200,200,200,200
338168,0,35,0,0,0,1,14,5,0,0,0,23,200,1,4,0,7,0,0,200,200
338168,0,35,0,0,0,1,14,5,0,0,0,23,200,1,6,0,0,0,0,200,200
338170,0,0,1,2,0,1,14,5,0,0,0,0,0,0,200,200,200,200,200,200,200
338170,0,0,1,2,0,1,14,5,0,0,0,0,0,1,6,200,0,200,0,200,200
338170,1,0,1,2,0,1,14,5,0,0,0,0,0,0,5,200,200,200,200,200,200
338171,0,30,1,2,0,1,10,3,0,0,0,18,0,0,6,200,3,200,200,200,200
338171,0,30,1,2,0,1,10,3,0,0,0,18,0,0,9,0,0,0,0,200,200
338176,0,30,0,0,0,1,10,5,0,0,0,18,200,0,5,200,3,200,0,200,200
338176,0,30,0,0,0,1,10,5,0,0,0,18,200,1,5,200,12,200,0,200,200
338176,0,30,0,0,0,1,10,5,0,0,0,18,200,1,6,200,12,200,0,200,200
338177,0,30,1,2,0,1,10,2,0,0,0,0,200,0,6,200,200,200,2,200,200
338177,0,30,1,2,0,1,10,2,0,0,0,0,200,0,7,0,0,0,0,200,200
338178,0,30,1,2,0,1,10,2,0,0,0,18,0,0,200,200,3,200,200,200,200
338178,0,30,1,2,0,1,10,2,0,0,0,18,0,0,7,200,0,0,0,200,200
338184,0,30,1,2,0,1,12,5,0,200,200,16,200,0,4,0,1,200,0,200,200
338184,0,30,1,2,0,1,12,5,0,200,200,16,200,1,6,0,0,0,0,200,200
338191,0,30,0,0,200,200,7,2,0,200,0,0,0,2,200,200,200,200,200,200,200
338194,0,30,0,0,0,1,14,5,0,0,0,17,17,1,200,0,1,0,0,200,200
338194,0,30,0,0,0,1,14,5,0,0,0,17,17,1,9,0,0,0,0,200,200
338199,0,30,2,2,0,1,14,6,0,0,0,17,200,1,6,0,1,1,0,200,200
338199,0,30,2,2,0,1,14,6,0,0,0,17,200,0,6,200,0,0,0,200,200
338200,0,30,0,0,2,0,0,5,0,1,0,22,0,0,6,0,1,200,0,200,200
338200,0,30,0,0,2,0,0,5,0,1,0,22,0,0,6,0,0,0,0,200,200
338200,1,30,0,0,2,0,0,5,0,1,0,22,0,1,200,200,200,200,200,200,200
338203,0,30,1,2,0,1,10,5,0,0,0,16,0,0,6,200,3,200,0,200,200
338203,0,30,1,2,0,1,10,5,0,0,0,16,0,0,8,200,0,200,0,200,200
338203,0,30,1,2,0,1,10,5,0,0,0,16,0,1,5,200,0,200,0,200,200
338203,1,30,1,2,0,1,10,5,0,0,0,16,0,1,6,200,200,200,200,200,200
338203,1,30,1,2,0,1,10,5,0,0,0,16,0,0,5,200,200,200,200,200,200
338203,1,30,1,2,0,1,10,5,0,0,0,16,0,0,0,5,200,200,200,200,200
338203,1,30,1,2,0,1,10,5,0,0,0,16,0,0,0,5,200,200,200,200,200
338204,0,30,1,2,0,1,8,5,0,0,0,17,200,1,5,200,1,200,200,200,200
338204,4,30,1,2,0,1,8,5,0,0,0,17,200,0,5,7,0,200,200,200,200
338207,0,30,1,0,0,1,10,5,0,0,0,18,18,0,6,0,3,0,0,200,200
338207,0,30,1,0,0,1,10,5,0,0,0,18,18,0,200,0,0,0,0,200,200
338208,0,30,0,0,0,1,0,3,0,0,0,17,17,1,6,200,1,0,0,200,200
338208,0,30,0,0,0,1,0,3,0,0,0,17,17,0,7,200,0,0,0,200,200
338208,1,30,0,0,0,1,0,3,0,0,0,17,17,0,5,200,200,200,200,200,200
338210,0,20,2,2,0,1,14,2,0,0,0,17,200,1,6,0,1,0,0,200,200
338210,0,20,2,2,0,1,14,2,0,0,0,17,200,1,8,0,0,0,0,200,200
338211,0,30,0,0,0,1,14,3,0,0,0,0,0,1,7,0,0,0,0,200,200
338211,0,30,0,0,0,1,14,3,0,0,0,0,0,1,6,0,0,0,0,200,200
338212,0,30,0,0,0,1,10,5,0,0,0,18,0,1,200,200,3,200,200,200,200
338212,0,30,0,0,0,1,10,5,0,0,0,18,0,0,5,0,0,0,0,200,200
338213,0,35,1,2,0,1,12,5,0,0,0,16,200,1,6,200,12,0,0,200,200
338213,0,35,1,2,0,1,12,5,0,0,0,16,200,0,6,200,0,0,0,200,200
338218,0,30,0,0,0,1,2,6,0,0,0,7,200,0,5,200,12,200,0,200,200
338220,5,35,2,2,0,1,9,5,0,0,0,17,0,1,7,7,200,0,0,200,200
338220,0,35,2,2,0,1,9,5,0,0,0,17,0,0,5,0,1,0,0,200,200
338221,0,15,0,0,0,1,2,0,0,0,0,33,200,0,200,0,12,12,0,200,200
338226,0,30,0,0,0,1,7,5,0,0,0,0,0,2,200,200,200,200,200,200,200
338231,0,30,2,2,0,1,11,5,0,0,0,0,0,0,5,200,12,200,0,200,200
338231,0,30,2,2,0,1,11,5,0,0,0,0,0,0,5,200,12,200,0,200,200
338232,0,30,2,2,0,1,7,2,0,0,0,0,0,1,200,200,200,200,200,200,200
338233,0,20,0,0,0,2,7,5,0,0,0,0,0,2,200,200,200,200,200,200,200
338235,0,30,1,2,0,1,9,5,0,0,0,17,200,2,200,200,1,200,200,200,200
338235,5,30,1,2,0,1,9,5,0,0,0,17,200,1,5,7,0,12,0,200,200
338236,0,30,0,0,0,1,12,5,0,0,0,17,0,1,7,0,1,0,0,200,200
338236,0,30,0,0,0,1,12,5,0,0,0,17,0,0,6,0,0,0,0,200,200
338237,0,30,1,2,0,1,0,3,0,0,0,6,6,1,6,0,5,0,0,200,200
338237,0,30,1,2,0,1,0,3,0,0,0,6,6,1,9,0,0,0,0,200,200
338237,1,30,1,2,0,1,0,3,0,0,0,6,6,1,3,0,200,200,200,200,200
338237,1,30,1,2,0,1,0,3,0,0,0,6,6,1,2,0,200,200,200,200,200
338237,1,30,1,2,0,1,0,3,0,0,0,6,6,1,0,0,200,200,200,200,200
338237,1,30,1,2,0,1,0,3,0,0,0,6,6,1,3,0,200,200,200,200,200
338237,1,30,1,2,0,1,0,3,0,0,0,6,6,1,2,0,200,200,200,200,200
338237,1,30,1,2,0,1,0,3,0,0,0,6,6,1,2,0,200,200,200,200,200
338242,0,25,0,0,0,1,0,2,0,0,0,0,0,1,4,0,0,0,0,200,200
338242,0,25,0,0,0,1,0,2,0,0,0,0,0,0,6,0,0,0,0,200,200
338244,0,30,1,2,0,1,8,8,0,0,0,17,0,1,7,0,1,0,0,200,200
338244,4,30,1,2,0,1,8,8,0,0,0,17,0,0,5,3,0,0,0,200,200
338247,0,30,0,0,0,1,12,2,0,0,0,21,200,1,6,0,4,0,0,200,200
338247,0,30,0,0,0,1,12,2,0,0,0,21,200,0,6,0,0,0,0,200,200
338248,0,40,0,0,0,1,10,3,0,0,0,18,0,1,5,200,3,200,200,200,200
338248,0,40,0,0,0,1,10,3,0,0,0,18,0,1,6,0,0,0,0,200,200
338249,0,30,1,2,0,1,11,5,0,0,0,0,200,2,200,200,200,200,200,200,200
338249,0,30,1,2,0,1,11,5,0,0,0,0,200,0,6,200,0,0,0,200,200
338250,0,30,0,0,0,1,7,7,0,0,0,0,0,1,200,200,200,200,200,200,200
338254,0,30,2,2,0,1,0,3,0,0,0,17,17,0,8,200,1,0,0,200,200
338254,0,30,2,2,0,1,0,3,0,0,0,17,17,0,5,200,0,0,0,200,200
338255,0,30,0,0,0,1,12,5,0,0,0,22,22,0,200,200,6,200,200,200,200
338255,0,30,0,0,0,1,12,5,0,0,0,22,22,1,7,0,0,0,0,200,200
338255,1,30,0,0,0,1,12,5,0,0,0,22,22,0,5,0,200,200,200,200,200
338255,1,30,0,0,0,1,12,5,0,0,0,22,22,0,3,0,200,200,200,200,200
338255,1,30,0,0,0,1,12,5,0,0,0,22,22,0,4,0,200,200,200,200,200
338258,0,10,0,0,0,1,7,7,0,0,0,0,200,1,200,0,10,0,0,200,200
338261,0,30,0,0,0,1,3,6,0,0,0,20,200,0,200,200,6,200,200,200,200
338261,0,30,0,0,0,1,3,6,0,0,0,20,200,0,7,0,0,0,0,200,200
338265,0,0,0,0,0,1,9,7,0,0,0,25,0,0,200,200,8,200,200,200,200
338265,5,0,0,0,0,1,9,7,0,0,0,25,0,0,7,7,0,0,7,200,200
338267,0,30,1,2,0,1,7,5,0,0,0,3,0,0,5,200,0,0,0,200,200
338272,0,30,200,200,200,200,7,5,0,0,0,22,22,2,200,200,4,200,200,200,200
338274,0,30,0,0,0,1,9,12,0,0,0,16,200,0,5,0,8,0,0,200,200
338274,5,30,0,0,0,1,9,12,0,0,0,16,200,0,5,7,13,0,0,200,200
338278,0,30,0,0,0,1,12,5,0,0,0,22,200,0,200,200,4,200,200,200,200
338278,0,30,0,0,0,1,12,5,0,0,0,22,200,1,6,0,0,0,0,200,200
338278,0,30,0,0,0,1,12,5,0,0,0,22,200,1,7,0,0,0,0,200,200
338278,1,30,0,0,0,1,12,5,0,0,0,22,200,0,6,0,200,200,200,200,200
338283,0,30,1,2,0,1,14,5,0,0,0,21,17,1,200,200,1,200,200,200,200
338283,0,30,1,2,0,1,14,5,0,0,0,21,17,0,5,0,0,0,0,200,200
338285,0,30,0,0,0,1,5,5,0,0,0,0,0,0,7,0,0,0,0,200,200
338288,0,25,0,0,0,1,7,7,0,0,0,0,0,2,200,200,1,200,200,200,200
338290,0,30,0,0,0,1,14,3,0,0,0,17,11,1,5,200,1,5,0,200,200
338290,0,30,0,0,0,1,14,3,0,0,0,17,11,0,7,200,0,5,3,200,200
338290,1,30,0,0,0,1,14,3,0,0,0,17,11,1,7,200,200,200,200,200,200
338291,0,30,0,0,0,1,10,5,0,0,0,200,200,0,5,0,0,0,0,200,200
338291,0,30,0,0,0,1,10,5,0,0,0,200,200,0,9,200,0,0,0,200,200
338295,0,30,0,0,0,1,7,6,0,0,0,12,200,0,5,200,12,0,0,200,200
338297,0,30,0,0,0,1,14,2,0,0,0,0,0,1,8,0,0,0,0,200,200
338297,0,30,0,0,0,1,14,2,0,0,0,0,0,0,6,0,0,0,0,200,200
338301,0,30,0,0,0,1,10,5,0,0,0,8,16,0,8,0,12,0,0,200,200
338301,0,30,0,0,0,1,10,5,0,0,0,8,16,1,7,0,0,0,0,200,200
338302,0,30,0,0,0,1,12,5,0,0,0,21,200,0,5,0,4,0,0,200,200
338302,0,30,0,0,0,1,12,5,0,0,0,21,200,0,7,0,0,0,0,200,200
338302,1,30,0,0,0,1,12,5,0,0,0,21,200,2,200,200,200,200,200,200,200
338306,0,25,0,0,0,1,14,2,0,0,0,23,17,1,5,200,7,0,0,200,200
338306,0,25,0,0,0,1,14,2,0,0,0,23,17,0,5,200,0,0,0,200,200
338308,0,30,0,0,0,1,12,5,0,0,0,17,200,0,6,200,1,0,0,200,200
338308,0,30,0,0,0,1,12,5,0,0,0,17,200,1,6,200,200,0,0,200,200
338315,0,30,0,0,0,1,11,7,0,0,0,20,200,0,6,0,6,0,0,200,200
338315,0,30,0,0,0,1,11,7,0,0,0,20,200,1,6,0,0,0,0,200,200
338316,0,30,0,0,0,1,12,5,0,0,0,0,200,1,200,200,200,200,200,200,200
338316,0,30,0,0,0,1,12,5,0,0,0,0,200,1,5,0,0,0,0,200,200
338321,0,30,1,2,0,2,8,5,0,0,0,0,0,1,6,200,200,200,0,200,200
338321,4,30,1,2,0,2,8,5,0,0,0,0,0,0,6,200,200,200,0,200,200
338322,0,35,200,200,0,1,8,12,0,0,0,0,0,1,8,200,12,0,0,200,200
338322,4,35,200,200,0,1,8,12,0,0,0,0,0,0,7,200,200,200,0,200,200
338328,0,30,1,2,0,1,12,5,0,0,0,18,0,0,200,200,3,200,200,200,200
338328,0,30,1,2,0,1,12,5,0,0,0,18,0,1,7,0,0,0,0,200,200
338328,0,30,1,2,0,1,12,5,0,0,0,18,0,0,200,200,0,200,200,200,200
338336,0,35,0,0,0,1,14,5,0,0,0,17,0,0,6,0,1,0,0,200,200
338336,0,35,0,0,0,1,14,5,0,0,0,17,0,1,5,0,0,0,0,200,200
338338,0,30,0,0,0,1,1,5,0,0,0,1,1,0,8,0,0,0,0,200,200
338341,0,30,0,0,0,3,10,5,0,0,0,18,200,0,200,200,3,200,200,200,200
338341,0,30,0,0,0,3,10,5,0,0,0,18,200,1,6,0,0,0,0,200,200
338342,0,30,0,0,0,1,14,5,0,0,0,17,33,0,7,0,1,200,0,200,200
338342,0,30,0,0,0,1,14,5,0,0,0,17,33,0,6,0,0,0,0,200,200
338342,1,30,0,0,0,1,14,5,0,0,0,17,33,0,6,0,200,200,200,200,200
338347,0,30,1,2,0,1,12,5,0,0,0,22,200,0,200,200,2,0,0,200,200
338347,0,30,1,2,0,1,12,5,0,0,0,22,200,1,6,0,0,0,0,200,200
338363,0,30,0,0,0,1,14,3,0,0,0,16,18,0,7,200,200,200,0,200,200
338363,0,30,0,0,0,1,14,3,0,0,0,16,18,0,7,200,1,0,0,200,200
338367,0,30,0,0,0,1,12,5,0,0,0,21,0,2,200,200,200,200,200,200,200
338367,0,30,0,0,0,1,12,5,0,0,0,21,0,1,7,0,0,0,0,200,200
338374,0,30,0,0,0,1,10,2,0,0,0,18,0,0,6,0,3,0,0,200,200
338374,0,30,0,0,0,1,10,2,0,0,0,18,0,1,6,0,0,0,0,200,200
338374,1,30,0,0,0,1,10,2,0,0,0,18,0,0,6,0,200,200,200,200,200
338380,0,30,2,200,2,0,0,5,0,1,200,0,0,0,5,0,200,200,200,200,200
338380,0,30,2,200,2,0,0,5,0,1,200,0,0,0,5,0,0,200,200,200,200
338383,0,30,0,0,0,1,10,3,0,0,0,18,0,1,200,200,3,200,200,200,200
338383,0,30,0,0,0,1,10,3,0,0,0,18,0,1,5,200,0,0,0,200,200
338383,0,30,0,0,0,1,10,3,0,0,0,18,0,0,6,200,0,0,0,200,200
338388,0,30,200,200,0,1,10,2,0,0,200,18,18,0,7,0,3,0,0,200,200
338388,0,30,200,200,0,1,10,2,0,0,200,18,18,0,6,0,0,0,0,200,200
338393,0,10,0,0,0,3,7,5,0,1,0,0,200,2,200,200,200,200,200,200,200
338395,0,30,0,0,0,1,0,5,0,0,0,17,16,0,200,200,1,200,200,200,200
338395,0,30,0,0,0,1,0,5,0,0,0,17,16,1,200,0,0,0,0,200,200
338395,1,30,0,0,0,1,0,5,0,0,0,17,16,1,200,0,200,200,200,200,200
338397,0,30,0,0,0,1,7,5,0,0,3,0,200,2,200,200,200,200,200,200,200
338401,0,30,2,2,0,1,7,5,0,0,0,11,200,0,4,0,12,0,0,200,200
338406,0,30,1,2,0,1,10,3,0,0,0,0,200,1,6,0,200,0,0,200,200
338406,0,30,1,2,0,1,10,3,0,0,0,0,200,0,7,0,0,0,0,200,200
338412,0,30,0,0,0,1,8,5,0,0,0,17,200,1,6,200,1,1,0,200,200
338412,4,30,0,0,0,1,8,5,0,0,0,17,200,0,6,3,0,0,0,200,200
338414,0,20,0,0,0,1,7,5,0,0,0,0,0,0,5,0,2,0,0,200,200
338416,0,30,0,0,0,1,12,5,0,0,0,22,14,0,5,1,1,0,0,200,200
338416,0,30,0,0,0,1,12,5,0,0,0,22,14,0,5,0,0,0,0,200,200
338420,0,30,0,0,0,1,12,5,0,0,0,200,200,1,6,0,0,0,0,200,200
338420,0,30,0,0,0,1,12,5,0,0,0,200,200,1,7,0,0,0,0,200,200
338420,1,30,0,0,0,1,12,5,0,0,0,200,200,1,200,0,200,200,200,200,200
338420,1,30,0,0,0,1,12,5,0,0,0,200,200,1,200,0,200,200,200,200,200
338421,0,30,0,0,0,1,12,6,0,0,0,0,0,0,200,200,2,0,0,200,200
338421,0,30,0,0,0,1,12,6,0,0,0,0,0,0,7,0,0,0,0,200,200
338422,0,30,200,200,0,1,12,5,0,200,200,0,200,0,7,0,200,200,0,200,200
338422,0,30,200,200,0,1,12,5,0,200,200,0,200,0,7,0,200,200,0,200,200
338423,0,30,0,0,0,1,0,5,0,0,0,0,200,0,200,1,200,200,0,200,200
338423,0,30,0,0,0,1,0,5,0,0,0,0,200,1,200,0,200,0,0,200,200
338426,0,30,0,0,0,1,12,2,0,200,0,23,0,2,200,200,7,200,200,200,200
338428,0,25,2,2,0,1,11,5,0,0,0,17,200,0,6,200,1,200,200,200,200
338428,0,25,2,2,0,1,11,5,0,0,0,17,200,1,6,0,0,0,0,200,200
338428,1,25,2,2,0,1,11,5,0,0,0,17,200,200,200,0,200,200,200,200,200
338428,1,25,2,2,0,1,11,5,0,0,0,17,200,200,200,0,200,200,200,200,200
338428,1,25,2,2,0,1,11,5,0,0,0,17,200,200,200,0,200,200,200,200,200
338433,0,30,0,0,0,1,12,5,0,0,0,22,200,0,8,0,0,0,0,200,200
338433,0,30,0,0,0,1,12,5,0,0,0,22,200,0,200,200,2,200,200,200,200
338434,0,30,200,200,200,200,7,7,0,200,200,0,200,1,4,0,200,200,200,200,200
338434,1,30,200,200,200,200,7,7,0,200,200,0,200,0,7,0,200,200,200,200,200
338436,0,30,0,0,0,1,14,5,0,0,0,0,0,0,6,200,7,0,0,200,200
338436,0,30,0,0,0,1,14,5,0,0,0,0,0,0,6,0,0,0,0,200,200
338438,0,30,0,0,0,0,0,6,0,0,0,17,22,1,200,200,1,200,200,200,200
338438,0,30,0,0,0,0,0,6,0,0,0,17,22,0,7,0,0,0,0,200,200
338445,0,45,0,0,0,1,10,3,0,0,0,12,200,0,200,200,3,200,200,200,200
338445,0,45,0,0,0,1,10,3,0,0,0,12,200,0,200,0,0,0,0,200,200
338446,0,30,0,0,0,1,12,6,0,0,0,21,200,0,6,3,0,0,0,200,200
338446,0,30,0,0,0,1,12,6,0,0,0,21,200,0,7,0,4,0,0,200,200
338450,0,30,1,200,0,1,12,6,0,200,200,0,0,0,7,200,200,200,0,200,200
338450,0,30,1,200,0,1,12,6,0,200,200,0,0,1,6,200,200,200,0,200,200
338450,1,30,1,200,0,1,12,6,0,200,200,0,0,1,6,200,200,200,200,200,200
338453,0,15,0,200,200,200,7,12,0,200,0,200,200,2,200,200,200,200,200,200,200
338456,0,30,1,2,0,1,14,2,0,0,0,23,0,1,6,200,7,0,0,200,200
338456,0,30,1,2,0,1,14,2,0,0,0,23,0,1,6,200,0,0,0,200,200
338457,0,35,1,2,0,1,10,5,0,200,0,18,200,0,9,200,200,200,0,200,200
338457,0,35,1,2,0,1,10,5,0,200,0,18,200,0,5,0,0,0,0,200,200
338460,0,30,0,0,0,1,10,2,0,0,0,18,200,1,200,200,3,200,200,200,200
338460,0,30,0,0,0,1,10,2,0,0,0,18,200,0,5,200,0,0,0,200,200
338460,0,30,0,0,0,1,10,2,0,0,0,18,200,1,6,200,0,0,0,200,200
338463,0,40,1,2,0,1,12,3,0,0,0,22,0,1,5,0,1,0,0,200,200
338463,0,40,1,2,0,1,12,3,0,0,0,22,0,1,6,0,1,0,0,200,200
338463,1,40,1,2,0,1,12,3,0,0,0,22,0,200,200,200,200,200,200,200,200
338463,1,40,1,2,0,1,12,3,0,0,0,22,0,1,7,7,200,200,200,200,200
338463,1,40,1,2,0,1,12,3,0,0,0,22,0,1,2,0,200,200,200,200,200
338467,0,30,2,2,0,1,14,5,0,0,0,17,200,1,8,0,1,0,0,200,200
338467,0,30,2,2,0,1,14,5,0,0,0,17,200,1,5,0,1,0,0,200,200
338467,1,30,2,2,0,1,14,5,0,0,0,17,200,1,4,0,200,200,200,200,200
338469,0,30,0,0,0,1,0,7,0,0,0,20,200,0,7,0,1,200,200,200,200
338469,0,30,0,0,0,1,0,7,0,0,0,20,200,0,5,0,0,0,0,200,200
338470,0,30,200,200,0,1,10,5,0,200,0,0,200,0,6,0,200,0,0,200,200
338470,0,30,200,200,0,1,10,5,0,200,0,0,200,1,0,0,200,0,0,200,200
338473,0,30,0,0,0,1,10,2,0,0,0,18,11,1,5,200,3,0,0,200,200
338473,0,30,0,0,0,1,10,2,0,0,0,18,11,0,6,200,0,0,0,200,200
338478,0,30,12,12,0,1,12,6,0,0,0,0,200,0,5,0,12,0,0,200,200