RD_NO,PERSON_TYPE,POSTED_SPEED_LIMIT,TRAFFIC_CONTROL_DEVICE,DEVICE_CONDITION,WEATHER_CONDITION,LIGHTING_CONDITION,FIRST_CRASH_TYPE,TRAFFICWAY_TYPE,ALIGNMENT,ROADWAY_SURFACE_COND,ROAD_DEFECT,PRIM_CONTRIBUTORY_CAUSE,SEC_CONTRIBUTORY_CAUSE,SEX,AGE,SAFETY_EQUIPMENT,DRIVER_ACTION,DRIVER_VISION,PHYSICAL_CONDITION,BAC_RESULT VALUE,CELL_PHONE_USE
339077,0,30,0,0,0,1,5,5,0,0,0,0,200,2,200,200,200,200,200,200,200
339081,0,30,0,0,0,1,7,6,0,0,0,0,0,2,200,200,200,200,200,200,200
339085,0,30,200,200,200,200,0,6,0,200,200,200,200,1,200,200,6,200,200,200,200
339085,0,30,200,200,200,200,0,6,0,200,200,200,200,1,200,200,0,200,200,200,200
339093,0,30,2,2,0,1,14,12,0,0,0,5,200,0,5,200,1,0,0,200,200
339093,0,30,2,2,0,1,14,12,0,0,0,5,200,0,7,0,0,0,0,200,200
339093,1,30,2,2,0,1,14,12,0,0,0,5,200,1,6,200,200,200,200,200,200
339095,0,30,0,0,0,1,14,2,0,0,0,18,200,1,7,0,3,0,0,200,200
339095,0,30,0,0,0,1,14,2,0,0,0,18,200,0,7,0,0,0,0,200,200
339100,0,30,0,0,0,1,14,5,0,0,0,20,17,0,200,200,6,200,200,200,200
339100,0,30,0,0,0,1,14,5,0,0,0,20,17,1,5,0,0,0,1,200,200
339103,0,10,0,0,0,1,7,7,0,0,0,0,20,0,6,0,6,0,0,200,200
339105,0,30,0,0,0,1,12,5,0,0,0,21,200,1,5,0,1,0,0,200,200
339105,0,30,0,0,0,1,12,5,0,0,0,21,200,0,7,0,0,0,0,200,200
339106,0,0,0,0,0,1,7,7,0,0,0,20,200,1,6,0,6,0,0,200,200
339113,0,30,0,0,0,3,7,5,0,0,0,20,200,2,200,200,6,200,200,200,200
339118,0,30,0,0,2,1,7,5,0,0,0,27,0,2,200,200,200,200,200,200,200
339119,0,30,0,0,0,1,2,12,0,0,0,0,200,0,6,200,6,200,0,200,200
339120,0,0,0,0,0,1,11,7,0,0,0,0,200,0,9,200,200,200,200,200,200
339120,0,0,0,0,0,1,11,7,0,0,0,0,200,1,6,0,0,0,0,200,200
339124,0,45,3,0,0,1,10,12,0,0,0,0,200,1,5,0,200,200,7,200,200
339124,0,45,3,0,0,1,10,12,0,0,0,0,200,0,8,0,200,200,200,200,200
339124,0,45,3,0,0,1,10,12,0,0,0,0,200,1,6,200,200,200,200,200,200
339124,1,45,3,0,0,1,10,12,0,0,0,0,200,1,5,1,200,200,200,200,200
339126,0,30,1,2,0,1,0,5,0,0,0,6,17,1,7,200,5,200,0,200,200
339126,0,30,1,2,0,1,0,5,0,0,0,6,17,0,6,200,0,200,0,200,200
339128,0,30,0,0,0,1,10,5,0,0,0,18,200,0,8,200,3,0,0,200,200
339128,0,30,0,0,0,1,10,5,0,0,0,18,200,1,5,200,0,0,0,200,200
339128,1,30,0,0,0,1,10,5,0,0,0,18,200,0,5,200,200,200,200,200,200
339134,0,30,0,0,0,1,10,2,0,0,1,18,200,0,6,200,3,200,0,200,200
339134,0,30,0,0,0,1,10,2,0,0,1,18,200,1,7,200,0,200,0,200,200
339134,1,30,0,0,0,1,10,2,0,0,1,18,200,0,6,200,200,200,200,200,200
339134,1,30,0,0,0,1,10,2,0,0,1,18,200,1,7,200,200,200,200,200,200
339140,0,30,1,2,0,1,14,6,0,0,0,21,200,0,5,0,7,0,0,200,200
339140,0,30,1,2,0,1,14,6,0,0,0,21,200,0,6,0,0,0,0,200,200
339142,0,30,1,2,0,1,9,12,0,0,0,8,17,0,8,0,1,0,0,200,200
339142,5,30,1,2,0,1,9,12,0,0,0,8,17,1,200,7,12,0,0,200,200
339144,0,30,0,0,0,1,14,2,0,0,0,23,17,0,200,200,7,200,200,200,200
339144,0,30,0,0,0,1,14,2,0,0,0,23,17,1,5,0,0,0,0,200,200
339148,0,30,200,200,200,200,2,200,0,200,200,200,200,2,200,200,200,200,200,200,200
339148,0,30,200,200,200,200,2,200,0,200,200,200,200,0,200,200,200,200,200,200,200
339152,0,30,0,0,0,200,7,2,0,0,0,0,0,2,200,200,200,200,200,200,200
339158,0,30,1,2,0,1,10,5,0,0,0,18,200,0,6,0,3,0,0,200,200
339158,0,30,1,2,0,1,10,5,0,0,0,18,200,0,6,0,0,0,0,200,200
339158,1,30,1,2,0,1,10,5,0,0,0,18,200,1,1,0,200,200,200,200,200
339158,1,30,1,2,0,1,10,5,0,0,0,18,200,0,2,0,200,200,200,200,200
339158,1,30,1,2,0,1,10,5,0,0,0,18,200,0,2,0,200,200,200,200,200
339158,1,30,1,2,0,1,10,5,0,0,0,18,200,0,6,0,200,200,200,200,200
339158,1,30,1,2,0,1,10,5,0,0,0,18,200,1,6,0,200,200,200,200,200
339158,1,30,1,2,0,1,10,5,0,0,0,18,200,1,0,0,200,200,200,200,200
339161,0,30,1,2,0,1,10,5,0,0,0,0,200,0,7,200,3,0,0,200,200
339161,0,30,1,2,0,1,10,5,0,0,0,0,200,0,7,0,0,0,0,200,200
339171,0,35,1,0,0,1,14,3,0,0,0,17,200,1,6,200,1,200,0,200,200
339171,0,35,1,0,0,1,14,3,0,0,0,17,200,0,5,200,0,200,200,200,200
339181,3,30,0,0,0,1,5,5,0,0,0,21,200,0,200,7,0,12,12,200,200
339181,0,30,0,0,0,1,5,5,0,0,0,21,200,0,5,0,12,0,0,200,200
339181,1,30,0,0,0,1,5,5,0,0,0,21,200,0,200,0,200,200,200,200,200
339182,0,30,0,0,0,1,7,5,0,0,0,13,200,0,7,0,12,1,0,200,200
339185,0,30,0,0,0,200,7,5,0,0,0,0,200,2,200,200,200,200,200,200,200
339188,0,10,0,0,0,1,7,7,0,0,0,0,200,0,6,200,7,200,0,200,200
339188,1,10,0,0,0,1,7,7,0,0,0,0,200,1,200,200,200,200,200,200,200
339188,1,10,0,0,0,1,7,7,0,0,0,0,200,1,200,200,200,200,200,200,200
339191,0,30,9,2,0,1,10,3,0,0,0,18,200,0,6,200,3,200,200,200,200
339191,0,30,9,2,0,1,10,3,0,0,0,18,200,0,7,0,0,200,0,200,200
339193,0,15,0,0,0,1,7,0,0,0,0,20,200,0,6,0,6,200,0,200,200
339195,0,35,1,2,0,1,0,12,0,0,0,17,11,1,4,0,1,2,0,200,200
339195,0,35,1,2,0,1,0,12,0,0,0,17,11,0,7,0,0,0,0,200,200
339195,1,35,1,2,0,1,0,12,0,0,0,17,11,1,3,0,200,200,200,200,200
339195,1,35,1,2,0,1,0,12,0,0,0,17,11,1,3,0,200,200,200,200,200
339200,0,40,0,0,0,1,10,3,0,0,0,18,200,0,6,200,3,0,0,200,200
339200,0,40,0,0,0,1,10,3,0,0,0,18,200,0,6,0,0,0,0,200,200
339201,0,25,0,0,0,1,7,6,0,0,0,200,200,1,200,200,12,0,0,200,200
339206,0,30,2,3,0,1,0,2,0,0,0,17,200,1,5,200,1,200,200,200,200
339206,0,30,2,3,0,1,0,2,0,0,0,17,200,1,5,0,0,0,0,200,200
339215,0,30,1,2,0,1,10,2,0,0,0,0,200,1,7,200,200,200,200,200,200
339215,0,30,1,2,0,1,10,2,0,0,0,0,200,0,6,0,0,0,200,200,200
339216,0,30,1,2,0,1,12,2,0,0,0,0,200,0,6,0,0,0,0,200,200
339216,0,30,1,2,0,1,12,2,0,0,0,0,200,0,6,0,0,0,0,200,200
339218,0,30,0,0,0,1,10,5,0,0,12,28,18,0,6,0,3,0,0,200,200
339218,0,30,0,0,0,1,10,5,0,0,12,28,18,1,6,0,0,0,0,200,200
339220,0,30,1,2,0,1,12,5,0,0,0,22,16,0,4,0,2,0,0,200,200
339220,0,30,1,2,0,1,12,5,0,0,0,22,16,0,7,0,0,0,0,200,200
339222,0,35,1,2,0,1,14,2,0,0,0,17,17,1,6,0,1,200,0,200,200
339222,0,35,1,2,0,1,14,2,0,0,0,17,17,0,6,0,1,200,0,200,200
339222,1,35,1,2,0,1,14,2,0,0,0,17,17,1,2,0,200,200,200,200,200
339222,1,35,1,2,0,1,14,2,0,0,0,17,17,1,0,5,200,200,200,200,200
339222,1,35,1,2,0,1,14,2,0,0,0,17,17,1,8,0,200,200,200,200,200
339222,1,35,1,2,0,1,14,2,0,0,0,17,17,1,7,0,200,200,200,200,200
339222,1,35,1,2,0,1,14,2,0,0,0,17,17,1,2,0,200,200,200,200,200
339222,1,35,1,2,0,1,14,2,0,0,0,17,17,0,2,0,200,200,200,200,200
339223,0,30,2,2,0,1,2,6,0,0,0,0,200,0,7,0,200,0,0,200,200
339227,0,30,0,0,0,1,7,6,0,0,0,200,200,1,7,0,200,0,200,200,200
339237,0,15,0,0,0,1,0,6,0,0,0,17,11,1,6,200,1,200,200,200,200
339237,0,15,0,0,0,1,0,6,0,0,0,17,11,0,200,200,200,200,200,200,200
339238,0,30,2,0,0,1,7,3,0,0,0,0,0,0,6,0,200,0,0,200,200
339241,0,30,0,0,0,1,12,6,0,0,0,21,200,0,6,200,4,0,0,200,200
339241,0,30,0,0,0,1,12,6,0,0,0,21,200,0,7,200,0,0,0,200,200
339249,0,25,0,0,0,1,7,5,0,0,0,0,200,1,6,0,200,0,0,200,200
339253,0,30,0,0,0,1,14,5,0,0,0,0,17,1,6,200,1,0,200,200,200
339253,0,30,0,0,0,1,14,5,0,0,0,0,17,1,7,0,1,0,200,200,200
339254,0,30,2,3,0,1,14,2,0,0,0,18,200,0,5,0,3,0,0,200,200
339254,0,30,2,3,0,1,14,2,0,0,0,18,200,1,7,0,0,0,0,200,200
339258,0,35,0,0,0,1,2,5,0,0,0,0,0,0,200,200,0,200,200,200,200
339260,0,30,0,0,0,1,10,2,0,0,0,13,200,1,6,0,12,0,0,200,200
339260,0,30,0,0,0,1,10,2,0,0,0,13,200,1,6,0,12,200,0,200,200
339264,0,35,1,2,0,4,14,5,0,0,0,22,17,0,7,200,2,200,200,200,200
339264,0,35,1,2,0,4,14,5,0,0,0,22,17,0,8,0,0,0,0,200,200
339280,0,30,1,2,0,1,14,2,0,0,0,17,17,1,7,0,1,0,0,200,200
339280,0,30,1,2,0,1,14,2,0,0,0,17,17,0,5,0,0,0,0,200,200
339289,0,10,0,0,0,1,10,7,0,0,0,18,200,1,200,200,1,200,200,200,200
339289,0,10,0,0,0,1,10,7,0,0,0,18,200,1,7,0,0,0,0,200,200
339294,0,15,0,0,0,1,7,7,0,0,0,0,200,2,200,200,200,200,200,200,200
339302,0,0,0,0,0,1,0,12,0,0,0,0,200,0,5,200,200,200,200,200,200
339302,0,0,0,0,0,1,0,12,0,0,0,0,200,0,5,0,0,0,0,200,200
339302,1,0,0,0,0,1,0,12,0,0,0,0,200,1,5,0,200,200,200,200,200
339302,1,0,0,0,0,1,0,12,0,0,0,0,200,1,6,0,200,200,200,200,200
339303,0,25,0,0,0,1,7,6,0,0,0,25,16,0,5,200,12,0,0,200,200
339303,1,25,0,0,0,1,7,6,0,0,0,25,16,0,5,200,200,200,200,200,200
339306,0,0,0,0,0,1,14,2,0,0,0,23,0,0,9,200,7,200,0,200,200
339306,0,0,0,0,0,1,14,2,0,0,0,23,0,0,6,200,0,200,0,200,200
339308,0,30,200,200,0,1,10,5,0,0,0,18,0,1,7,7,3,0,0,200,200
339308,0,30,200,200,0,1,10,5,0,0,0,18,0,0,7,0,12,0,0,200,200
339313,0,25,0,0,0,1,7,5,0,0,0,0,0,0,5,200,200,0,0,200,200
339314,0,30,0,0,0,1,7,6,0,0,0,0,0,1,6,200,200,200,0,200,200
339314,1,30,0,0,0,1,7,6,0,0,0,0,0,1,7,200,200,200,200,200,200
339315,0,30,0,0,0,1,7,5,0,0,0,200,200,1,200,200,200,200,200,200,200
339315,1,30,0,0,0,1,7,5,0,0,0,200,200,1,9,0,200,200,200,200,200
339318,0,0,0,0,0,1,5,2,0,0,0,0,0,0,200,200,200,200,200,200,200
339319,0,30,1,2,0,1,10,2,0,0,0,0,200,0,4,0,0,0,0,200,200
339319,0,30,1,2,0,1,10,2,0,0,0,0,200,0,6,0,0,0,0,200,200
339322,0,25,0,0,0,3,7,6,0,0,0,0,0,0,5,0,0,0,0,200,200
339326,0,30,0,0,200,1,2,5,0,200,1,29,200,0,6,0,0,0,200,200,200
339329,0,30,200,200,200,200,7,6,0,200,200,200,200,2,200,200,200,200,200,200,200
339332,0,30,0,0,0,1,7,6,0,0,0,11,13,0,5,200,2,0,0,200,200
339332,1,30,0,0,0,1,7,6,0,0,0,11,13,0,200,200,200,200,200,200,200
339335,0,25,0,0,0,1,2,12,0,0,0,25,16,0,5,200,12,0,0,200,200
339335,1,25,0,0,0,1,2,12,0,0,0,25,16,0,5,200,200,200,200,200,200
339340,0,10,0,0,0,1,7,7,0,0,0,0,200,2,200,200,200,200,200,200,200
339346,0,30,0,0,0,1,12,2,0,0,0,17,200,0,8,0,4,0,0,200,200
339346,0,30,0,0,0,1,12,2,0,0,0,17,200,1,7,0,0,0,0,200,200
339346,1,30,0,0,0,1,12,2,0,0,0,17,200,0,8,0,200,200,200,200,200
339347,0,0,0,0,0,1,10,7,0,0,0,11,0,1,8,0,6,200,0,200,200
339347,0,0,0,0,0,1,10,7,0,0,0,11,0,1,8,0,12,0,0,200,200
339350,0,35,0,0,0,1,14,5,0,0,0,17,200,1,9,200,1,0,0,200,200
339350,0,35,0,0,0,1,14,5,0,0,0,17,200,0,5,200,200,0,0,200,200
339351,0,30,2,2,0,1,2,5,3,0,0,5,0,1,6,0,0,0,0,200,200
339352,0,15,0,0,0,1,2,0,0,0,0,0,200,2,200,200,7,200,200,200,200
339353,0,30,0,0,0,1,12,6,0,0,0,17,200,0,5,0,1,0,0,200,200
339353,0,30,0,0,0,1,12,6,0,0,0,17,200,1,4,0,0,0,0,200,200
339357,0,30,0,0,0,1,10,5,0,0,0,18,200,0,6,200,3,0,0,200,200
339357,0,30,0,0,0,1,10,5,0,0,0,18,200,0,5,200,200,0,0,200,200
339360,0,30,0,0,0,1,9,5,0,0,0,200,200,0,5,200,0,0,0,200,200
339360,5,30,0,0,0,1,9,5,0,0,0,200,200,0,0,7,12,12,7,200,200
339363,0,25,1,2,0,1,10,5,0,0,0,16,0,0,6,200,3,0,200,200,200
339363,0,25,1,2,0,1,10,5,0,0,0,16,0,0,5,200,0,0,0,200,200
339363,1,25,1,2,0,1,10,5,0,0,0,16,0,0,5,200,200,200,200,200,200
339369,0,30,0,0,0,1,7,6,0,0,0,32,27,0,7,200,12,200,5,200,200
339372,0,30,0,0,0,1,12,5,0,0,0,17,17,0,6,200,1,0,0,200,200
339372,0,30,0,0,0,1,12,5,0,0,0,17,17,0,7,0,0,0,0,200,200
339372,1,30,0,0,0,1,12,5,0,0,0,17,17,1,200,0,200,200,200,200,200
339376,0,30,0,0,0,1,7,2,0,0,0,21,200,0,5,200,2,200,0,200,200
339377,0,30,0,0,0,1,0,0,0,0,0,17,20,0,6,0,6,12,0,200,200
339377,0,30,0,0,0,1,0,0,0,0,0,17,20,1,7,0,1,0,0,200,200
339379,0,30,2,12,0,1,0,5,0,0,0,17,33,1,5,0,0,0,0,200,200
339379,0,30,2,12,0,1,0,5,0,0,0,17,33,0,9,0,1,5,0,200,200
339380,0,30,2,200,0,1,0,1,0,0,200,17,33,0,200,200,1,200,200,200,200
339380,0,30,2,200,0,1,0,1,0,0,200,17,33,1,5,0,200,200,0,200,200
339382,0,20,0,0,0,1,7,6,0,0,0,18,0,2,200,200,3,200,200,200,200
339386,0,30,0,0,0,1,14,2,0,0,0,17,23,0,6,0,4,0,0,200,200
339386,0,30,0,0,0,1,14,2,0,0,0,17,23,0,8,0,1,0,0,200,200
339386,1,30,0,0,0,1,14,2,0,0,0,17,23,0,200,0,200,200,200,200,200
339386,1,30,0,0,0,1,14,2,0,0,0,17,23,1,200,0,200,200,200,200,200
339386,1,30,0,0,0,1,14,2,0,0,0,17,23,0,200,0,200,200,200,200,200
339387,0,30,0,0,0,1,9,2,0,0,0,20,0,0,200,200,6,200,200,200,200
339387,5,30,0,0,0,1,9,2,0,0,0,20,0,0,5,7,0,200,0,200,200
339393,0,30,1,2,0,1,12,5,0,0,0,16,0,2,200,200,12,200,200,200,200
339393,0,30,1,2,0,1,12,5,0,0,0,16,0,1,7,0,0,0,0,200,200
339396,0,15,0,0,0,1,7,0,0,0,0,0,200,0,200,200,200,200,200,200,200
339398,0,15,0,0,0,1,12,6,0,0,0,0,0,0,6,0,12,0,0,200,200
339398,0,15,0,0,0,1,12,6,0,0,0,0,0,1,6,0,0,0,0,200,200
339398,1,15,0,0,0,1,12,6,0,0,0,0,0,0,200,0,200,200,200,200,200
339400,0,35,0,0,0,1,7,5,0,0,0,0,0,2,200,200,200,200,200,200,200
339403,0,30,0,0,0,1,12,5,0,0,0,22,200,1,6,0,0,0,0,200,200
339403,0,30,0,0,0,1,12,5,0,0,0,22,200,0,200,200,2,200,200,200,200
339405,0,30,1,2,0,1,10,5,0,0,0,18,16,1,4,200,3,0,0,200,200
339405,0,30,1,2,0,1,10,5,0,0,0,18,16,1,6,0,0,0,0,200,200
339405,0,30,1,2,0,1,10,5,0,0,0,18,16,1,200,200,0,200,200,200,200
339405,0,30,1,2,0,1,10,5,0,0,0,18,16,1,6,0,0,0,0,200,200
339405,1,30,1,2,0,1,10,5,0,0,0,18,16,1,1,5,200,200,200,200,200
339405,1,30,1,2,0,1,10,5,0,0,0,18,16,1,200,200,200,200,200,200,200
339405,1,30,1,2,0,1,10,5,0,0,0,18,16,1,200,200,200,200,200,200,200
339405,1,30,1,2,0,1,10,5,0,0,0,18,16,0,3,0,200,200,200,200,200
339405,1,30,1,2,0,1,10,5,0,0,0,18,16,1,1,5,200,200,200,200,200
339408,0,30,1,2,0,1,14,5,0,0,0,23,11,0,6,0,7,200,0,200,200
339408,0,30,1,2,0,1,14,5,0,0,0,23,11,0,7,0,0,200,0,200,200
339408,1,30,1,2,0,1,14,5,0,0,0,23,11,0,7,0,200,200,200,200,200
339408,1,30,1,2,0,1,14,5,0,0,0,23,11,0,6,0,200,200,200,200,200
339417,0,30,0,0,0,1,10,2,0,0,0,18,200,1,6,0,3,0,0,200,200
339417,0,30,0,0,0,1,10,2,0,0,0,18,200,0,200,200,0,200,200,200,200
339418,0,30,0,0,0,1,14,2,0,0,0,0,200,1,7,200,200,0,200,200,200
339418,0,30,0,0,0,1,14,2,0,0,0,0,200,1,6,0,200,0,0,200,200
339419,0,30,0,0,0,1,7,7,0,0,0,0,0,2,200,200,200,200,200,200,200
339420,0,30,1,2,0,1,10,2,0,0,0,16,18,1,3,0,3,0,0,200,200
339420,0,30,1,2,0,1,10,2,0,0,0,16,18,1,6,0,3,0,0,200,200
339420,0,30,1,2,0,1,10,2,0,0,0,16,18,0,6,0,0,0,0,200,200
339428,0,25,2,0,0,1,2,5,0,0,0,12,0,1,9,0,12,0,0,200,200
339430,0,30,1,2,0,1,0,2,2,0,0,6,6,0,7,0,5,0,0,200,200
339430,0,30,1,2,0,1,0,2,2,0,0,6,6,1,5,0,0,0,0,200,200
339430,1,30,1,2,0,1,0,2,2,0,0,6,6,0,5,0,200,200,200,200,200
339430,1,30,1,2,0,1,0,2,2,0,0,6,6,0,5,0,200,200,200,200,200
339435,0,25,0,0,200,200,7,6,0,0,0,0,0,2,200,200,1,200,200,200,200
339440,0,30,1,2,0,1,10,2,0,0,0,17,16,1,200,0,1,0,0,200,200
339440,0,30,1,2,0,1,10,2,0,0,0,17,16,0,200,0,12,0,0,200,200
339440,1,30,1,2,0,1,10,2,0,0,0,17,16,1,7,0,200,200,200,200,200
339441,0,30,1,2,0,1,14,5,0,0,0,17,200,0,6,0,1,0,0,200,200
339441,0,30,1,2,0,1,14,5,0,0,0,17,200,0,6,0,0,0,0,200,200
339451,0,30,0,0,0,3,14,2,0,0,0,22,200,0,5,200,2,0,0,200,200
339451,0,30,0,0,0,3,14,2,0,0,0,22,200,0,6,0,0,0,0,200,200
339455,0,30,1,2,0,1,12,2,0,0,0,22,0,0,5,200,2,200,0,200,200
339455,0,30,1,2,0,1,12,2,0,0,0,22,0,0,200,0,0,0,0,200,200
339470,0,25,0,2,0,1,10,3,0,0,0,33,18,0,5,0,3,6,0,200,200
339470,0,25,0,2,0,1,10,3,0,0,0,33,18,1,7,0,0,0,0,200,200
339470,1,25,0,2,0,1,10,3,0,0,0,33,18,1,5,0,200,200,200,200,200
339471,0,35,1,2,0,1,12,5,0,0,0,17,0,0,8,0,0,0,0,200,200
339471,0,35,1,2,0,1,12,5,0,0,0,17,0,1,9,0,0,0,0,200,200
339480,0,30,0,0,0,1,7,5,0,0,200,0,200,2,200,200,200,200,200,200,200
339482,0,30,1,2,0,1,10,5,0,0,0,18,200,1,8,0,3,0,0,200,200
339482,0,30,1,2,0,1,10,5,0,0,0,18,200,0,6,0,0,0,0,200,200
339484,0,30,0,0,0,1,10,2,0,0,0,0,200,0,200,200,200,200,200,200,200
339484,0,30,0,0,0,1,10,2,0,0,0,0,200,1,6,0,0,0,0,200,200
339490,0,30,0,0,0,1,9,5,0,200,200,0,200,2,200,200,200,200,200,200,200
339490,5,30,0,0,0,1,9,5,0,200,200,0,200,1,6,7,0,0,0,200,200
339496,0,30,1,2,0,1,14,5,0,0,0,0,200,0,5,200,200,200,0,200,200
339496,0,30,1,2,0,1,14,5,0,0,0,0,200,0,6,200,0,200,0,200,200
339496,1,30,1,2,0,1,14,5,0,0,0,0,200,1,5,200,200,200,200,200,200
339497,0,0,0,0,0,1,5,7,0,0,0,200,200,0,6,0,12,0,0,200,200
339497,3,0,0,0,0,1,5,7,0,0,0,200,200,200,200,7,0,12,12,200,200
339499,0,30,0,0,0,1,7,7,0,0,0,20,200,1,7,0,6,0,0,200,200
339499,1,30,0,0,0,1,7,7,0,0,0,20,200,1,200,0,200,200,200,200,200
339503,0,20,0,0,0,1,2,5,2,0,0,200,11,0,3,200,13,0,0,200,200
339503,1,20,0,0,0,1,2,5,2,0,0,200,11,0,1,200,200,200,200,200,200
339509,0,0,0,0,0,1,10,7,0,0,200,17,200,1,6,0,1,200,0,200,200
339509,0,0,0,0,0,1,10,7,0,0,200,17,200,0,6,0,0,0,0,200,200
339511,0,30,0,0,0,1,14,2,0,0,0,0,0,1,200,200,0,200,200,200,200
339511,0,30,0,0,0,1,14,2,0,0,0,0,0,0,7,0,0,0,0,200,200
339520,0,20,0,0,0,1,14,5,0,0,0,17,0,1,5,0,1,5,0,200,200
339520,0,20,0,0,0,1,14,5,0,0,0,17,0,1,7,0,0,0,0,200,200
339526,0,35,0,0,0,1,7,2,0,0,0,21,0,0,6,3,3,0,0,200,200
339531,0,20,0,0,0,1,7,5,0,0,0,200,200,2,200,200,200,200,200,200,200
339533,0,30,0,200,0,1,12,6,0,0,200,11,11,0,200,0,10,0,0,200,200
339533,0,30,0,200,0,1,12,6,0,0,200,11,11,1,8,0,200,0,0,200,200
339539,0,35,1,2,0,1,10,1,0,0,0,18,18,1,9,0,0,0,0,200,200
339539,0,35,1,2,0,1,10,1,0,0,0,18,18,0,6,0,1,0,0,200,200
339539,1,35,1,2,0,1,10,1,0,0,0,18,18,1,9,0,200,200,200,200,200
339539,1,35,1,2,0,1,10,1,0,0,0,18,18,1,7,0,200,200,200,200,200
339539,1,35,1,2,0,1,10,1,0,0,0,18,18,1,9,0,200,200,200,200,200
339540,0,30,0,0,0,1,7,6,0,0,0,0,0,2,200,200,200,200,200,200,200
339544,0,30,0,0,0,1,10,5,0,0,0,0,0,0,5,200,12,200,200,200,200
339544,0,30,0,0,0,1,10,5,0,0,0,0,0,0,6,0,0,0,0,200,200
339544,1,30,0,0,0,1,10,5,0,0,0,0,0,1,200,0,200,200,200,200,200
339545,0,15,1,2,0,1,0,5,0,0,0,21,200,0,200,200,200,200,200,200,200
339545,0,15,1,2,0,1,0,5,0,0,0,21,200,1,5,0,0,0,0,200,200
339546,0,40,0,0,0,1,10,3,0,0,0,16,0,0,5,200,12,0,0,200,200
339546,0,40,0,0,0,1,10,3,0,0,0,16,0,1,6,0,0,0,0,200,200
339552,0,30,1,2,2,1,10,2,0,1,0,18,200,0,5,200,3,200,200,200,200
339552,0,30,1,2,2,1,10,2,0,1,0,18,200,0,5,0,0,0,0,200,200
339560,0,20,2,2,0,1,14,5,0,0,0,17,200,0,8,0,1,0,0,200,200
339560,0,20,2,2,0,1,14,5,0,0,0,17,200,0,9,0,0,0,0,200,200
339562,0,15,0,0,0,1,7,0,0,0,0,0,200,0,6,0,6,0,0,200,200
339565,0,35,0,0,0,1,10,3,0,0,0,18,200,1,5,200,3,0,200,200,200
339565,0,35,0,0,0,1,10,3,0,0,0,18,200,0,5,200,0,0,0,200,200
339565,0,35,0,0,0,1,10,3,0,0,0,18,200,1,4,200,3,0,0,200,200
339569,0,30,1,2,0,1,10,3,0,0,0,18,200,0,5,0,3,0,0,200,200
339569,0,30,1,2,0,1,10,3,0,0,0,18,200,0,9,0,0,0,0,200,200
339571,0,30,1,2,0,1,10,5,0,0,0,18,16,1,7,0,3,0,0,200,200
339571,0,30,1,2,0,1,10,5,0,0,0,18,16,0,5,0,0,0,0,200,200
339572,0,30,0,0,0,1,7,5,0,0,0,200,200,1,200,200,200,200,200,200,200
339572,1,30,0,0,0,1,7,5,0,0,0,200,200,1,6,0,200,200,200,200,200
339580,0,30,2,0,0,3,10,6,0,0,0,18,0,0,200,200,3,200,200,200,200
339580,0,30,2,0,0,3,10,6,0,0,0,18,0,1,6,200,0,0,0,200,200
339581,0,30,0,0,0,1,0,6,0,0,0,17,200,1,5,0,1,0,0,200,200
339581,0,30,0,0,0,1,0,6,0,0,0,17,200,1,5,200,0,0,0,200,200
339581,1,30,0,0,0,1,0,6,0,0,0,17,200,0,200,0,200,200,200,200,200
339582,0,15,0,0,0,1,7,7,0,0,0,0,0,2,200,200,200,200,200,200,200
339583,0,30,0,0,0,1,12,5,0,0,0,17,200,1,5,200,1,0,0,200,200
339583,0,30,0,0,0,1,12,5,0,0,0,17,200,1,6,200,0,0,0,200,200
339583,1,30,0,0,0,1,12,5,0,0,0,17,200,0,5,200,200,200,200,200,200
339583,1,30,0,0,0,1,12,5,0,0,0,17,200,0,200,5,200,200,200,200,200
339583,1,30,0,0,0,1,12,5,0,0,0,17,200,0,200,5,200,200,200,200,200
339583,1,30,0,0,0,1,12,5,0,0,0,17,200,1,0,5,200,200,200,200,200
339583,1,30,0,0,0,1,12,5,0,0,0,17,200,0,3,200,200,200,200,200,200
339585,0,35,1,200,200,0,9,5,0,200,200,0,0,2,200,200,200,200,200,200,200
339585,5,35,1,200,200,0,9,5,0,200,200,0,0,0,8,200,200,200,200,200,200
339593,0,30,0,0,0,1,7,2,0,0,200,17,0,0,6,200,0,200,0,200,200
339593,1,30,0,0,0,1,7,2,0,0,200,17,0,0,2,200,200,200,200,200,200
339593,1,30,0,0,0,1,7,2,0,0,200,17,0,1,5,200,200,200,200,200,200
339597,0,35,1,2,0,1,14,5,0,0,0,22,0,1,5,0,8,0,0,200,200
339597,0,35,1,2,0,1,14,5,0,0,0,22,0,1,6,0,0,0,0,200,200
339598,0,30,1,200,0,1,10,5,0,0,200,16,200,0,5,200,12,200,0,200,200
339598,0,30,1,200,0,1,10,5,0,0,200,16,200,1,6,200,0,200,0,200,200
339603,0,30,12,12,0,1,10,5,0,0,0,18,0,2,200,200,3,200,200,200,200
339603,0,30,12,12,0,1,10,5,0,0,0,18,0,0,6,200,0,0,0,200,200
339603,1,30,12,12,0,1,10,5,0,0,0,18,0,1,6,200,200,200,200,200,200