RD_NO,PERSON_TYPE,POSTED_SPEED_LIMIT,TRAFFIC_CONTROL_DEVICE,DEVICE_CONDITION,WEATHER_CONDITION,LIGHTING_CONDITION,FIRST_CRASH_TYPE,TRAFFICWAY_TYPE,ALIGNMENT,ROADWAY_SURFACE_COND,ROAD_DEFECT,PRIM_CONTRIBUTORY_CAUSE,SEC_CONTRIBUTORY_CAUSE,SEX,AGE,SAFETY_EQUIPMENT,DRIVER_ACTION,DRIVER_VISION,PHYSICAL_CONDITION,BAC_RESULT VALUE,CELL_PHONE_USE
340813,0,30,0,0,0,1,10,2,0,0,0,17,20,1,7,0,0,0,0,200,200
340814,0,20,0,0,200,200,7,5,0,200,0,0,200,2,200,200,9,200,200,200,200
340815,0,30,0,0,0,1,12,3,0,0,0,21,0,0,5,0,12,0,0,200,200
340815,0,30,0,0,0,1,12,3,0,0,0,21,0,1,6,0,0,0,0,200,200
340815,1,30,0,0,0,1,12,3,0,0,0,21,0,1,4,0,200,200,200,200,200
340820,0,5,0,0,0,1,5,4,0,0,200,0,0,0,6,0,0,200,200,200,200
340825,0,30,1,2,0,3,10,2,0,0,0,0,200,1,200,200,200,0,200,200,200
340825,0,30,1,2,0,3,10,2,0,0,0,0,200,1,6,0,0,0,200,200,200
340825,1,30,1,2,0,3,10,2,0,0,0,0,200,0,0,5,200,200,200,200,200
340826,0,25,0,0,0,1,14,6,0,0,0,0,0,1,200,0,1,0,0,200,200
340826,0,25,0,0,0,1,14,6,0,0,0,0,0,0,7,0,0,0,0,200,200
340832,0,30,0,0,0,1,12,6,0,0,0,17,17,1,8,200,1,0,0,200,200
340832,0,30,0,0,0,1,12,6,0,0,0,17,17,0,6,200,0,0,0,200,200
340832,1,30,0,0,0,1,12,6,0,0,0,17,17,1,3,200,200,200,200,200,200
340832,1,30,0,0,0,1,12,6,0,0,0,17,17,1,3,200,200,200,200,200,200
340836,0,30,1,2,0,1,14,2,0,0,0,6,17,1,9,0,5,0,0,200,200
340836,0,30,1,2,0,1,14,2,0,0,0,6,17,0,6,0,0,0,0,200,200
340840,0,30,0,0,0,1,11,5,0,0,0,22,17,1,8,0,2,0,0,200,200
340840,0,30,0,0,0,1,11,5,0,0,0,22,17,1,7,0,0,0,0,200,200
340843,0,30,0,0,0,1,7,2,0,0,0,0,0,2,200,200,200,200,200,200,200
340847,0,30,1,2,0,3,14,2,0,0,0,17,22,0,6,0,1,0,0,200,200
340847,0,30,1,2,0,3,14,2,0,0,0,17,22,1,5,0,12,0,0,200,200
340852,0,30,1,2,0,1,0,5,0,0,0,17,200,1,6,0,1,0,0,200,200
340852,0,30,1,2,0,1,0,5,0,0,0,17,200,0,6,0,0,0,0,200,200
340853,0,30,1,2,0,1,14,3,0,0,0,18,16,0,5,200,3,0,0,200,200
340853,0,30,1,2,0,1,14,3,0,0,0,18,16,1,9,200,0,0,0,200,200
340861,0,10,0,0,0,1,0,7,0,200,200,20,17,0,5,0,6,200,0,200,200
340861,0,10,0,0,0,1,0,7,0,200,200,20,17,0,6,0,0,200,0,200,200
340862,0,30,2,2,0,1,0,2,0,0,0,17,17,1,6,0,1,12,0,200,200
340862,0,30,2,2,0,1,0,2,0,0,0,17,17,1,5,0,0,0,0,200,200
340863,0,5,0,0,0,1,7,7,0,0,0,0,0,0,7,200,6,200,200,200,200
340867,0,30,0,0,0,1,7,2,0,0,0,20,200,1,6,0,6,0,0,200,200
340870,0,30,1,2,0,1,10,3,0,0,0,18,18,0,8,0,3,0,0,200,200
340870,0,30,1,2,0,1,10,3,0,0,0,18,18,1,5,0,0,0,0,200,200
340870,0,30,1,2,0,1,10,3,0,0,0,18,18,1,5,0,0,0,0,200,200
340878,0,30,0,0,0,1,12,5,0,0,0,27,200,0,9,0,12,0,12,200,200
340878,0,30,0,0,0,1,12,5,0,0,0,27,200,0,200,1,0,0,0,200,200
340880,0,30,0,0,0,1,12,6,0,200,200,20,20,0,5,0,6,200,0,200,200
340880,0,30,0,0,0,1,12,6,0,200,200,20,20,0,8,0,12,200,0,200,200
340880,1,30,0,0,0,1,12,6,0,200,200,20,20,0,200,0,200,200,200,200,200
340880,1,30,0,0,0,1,12,6,0,200,200,20,20,0,200,0,200,200,200,200,200
340880,1,30,0,0,0,1,12,6,0,200,200,20,20,0,200,0,200,200,200,200,200
340880,1,30,0,0,0,1,12,6,0,200,200,20,20,1,200,0,200,200,200,200,200
340880,1,30,0,0,0,1,12,6,0,200,200,20,20,1,200,0,200,200,200,200,200
340880,1,30,0,0,0,1,12,6,0,200,200,20,20,1,200,0,200,200,200,200,200
340882,0,0,0,0,0,1,7,7,0,0,200,0,0,2,200,200,200,200,200,200,200
340891,0,30,1,2,0,4,10,5,0,0,0,7,11,0,5,0,12,0,0,200,200
340891,0,30,1,2,0,4,10,5,0,0,0,7,11,0,8,0,0,0,0,200,200
340892,0,30,1,2,0,1,12,5,0,0,0,22,0,1,5,0,2,0,0,200,200
340892,0,30,1,2,0,1,12,5,0,0,0,22,0,0,6,0,0,0,0,200,200
340892,1,30,1,2,0,1,12,5,0,0,0,22,0,1,6,0,200,200,200,200,200
340892,1,30,1,2,0,1,12,5,0,0,0,22,0,1,1,5,200,200,200,200,200
340893,0,30,0,0,0,1,12,5,0,200,200,22,22,0,6,200,4,200,200,200,200
340893,0,30,0,0,0,1,12,5,0,200,200,22,22,1,9,0,0,0,0,200,200
340893,1,30,0,0,0,1,12,5,0,200,200,22,22,1,8,0,200,200,200,200,200
340896,0,15,0,0,0,1,0,7,0,0,0,17,20,1,200,200,1,200,200,200,200
340896,0,15,0,0,0,1,0,7,0,0,0,17,20,1,5,0,12,0,0,200,200
340898,0,20,0,0,0,1,7,2,0,0,0,0,0,2,200,200,200,200,200,200,200
340902,0,30,2,2,0,1,10,5,0,0,0,0,200,0,7,0,12,0,0,200,200
340902,0,30,2,2,0,1,10,5,0,0,0,0,200,0,4,0,0,0,0,200,200
340902,1,30,2,2,0,1,10,5,0,0,0,0,200,0,0,5,200,200,200,200,200
340906,0,30,0,0,0,2,14,2,0,0,0,25,25,2,200,200,1,200,200,200,200
340906,0,30,0,0,0,2,14,2,0,0,0,25,25,1,8,0,0,0,0,200,200
340908,0,25,0,0,0,1,7,2,0,0,0,0,0,2,200,200,1,200,200,200,200
340909,0,30,0,0,0,1,7,5,0,0,0,200,200,0,6,200,200,200,200,200,200
340910,0,30,0,0,0,1,0,12,0,0,0,0,200,0,5,0,0,0,0,200,200
340910,0,30,0,0,0,1,0,12,0,0,0,0,200,0,6,0,0,0,0,200,200
340911,0,30,0,0,0,1,10,2,0,0,0,0,0,1,5,0,200,0,0,200,200
340911,0,30,0,0,0,1,10,2,0,0,0,0,0,0,6,0,200,0,0,200,200
340911,1,30,0,0,0,1,10,2,0,0,0,0,0,1,6,0,200,200,200,200,200
340914,0,25,0,0,0,1,7,6,0,0,200,20,200,1,6,200,6,200,0,200,200
340914,1,25,0,0,0,1,7,6,0,0,200,20,200,0,6,200,200,200,200,200,200
340922,0,30,200,200,0,1,7,7,0,0,200,0,200,2,200,200,200,200,200,200,200
340922,1,30,200,200,0,1,7,7,0,0,200,0,200,1,200,200,200,200,200,200,200
340922,1,30,200,200,0,1,7,7,0,0,200,0,200,1,200,200,200,200,200,200,200
340923,0,15,0,0,0,2,2,0,0,0,0,0,0,0,6,200,7,0,200,200,200
340924,0,25,2,2,0,1,0,6,0,0,0,17,0,0,5,0,1,0,0,200,200
340924,0,25,2,2,0,1,0,6,0,0,0,17,0,1,7,0,0,0,0,200,200
340924,1,25,2,2,0,1,0,6,0,0,0,17,0,0,9,0,200,200,200,200,200
340928,0,25,0,0,0,1,12,5,0,0,0,0,0,1,7,0,200,0,0,200,200
340928,0,25,0,0,0,1,12,5,0,0,0,0,0,0,6,0,0,0,0,200,200
340930,0,35,2,12,0,1,0,5,0,0,0,17,0,0,6,0,1,0,0,200,200
340930,0,35,2,12,0,1,0,5,0,0,0,17,0,1,7,0,0,0,0,200,200
340932,0,0,0,0,0,1,10,2,0,0,0,16,18,0,5,200,12,0,0,200,200
340932,0,0,0,0,0,1,10,2,0,0,0,16,18,0,6,200,12,0,0,200,200
340949,0,25,0,200,0,1,14,5,0,0,0,23,200,0,200,200,7,200,200,200,200
340949,0,25,0,200,0,1,14,5,0,0,0,23,200,0,6,0,0,200,0,200,200
340949,1,25,0,200,0,1,14,5,0,0,0,23,200,0,200,200,200,200,200,200,200
340959,0,30,1,2,0,1,8,2,0,0,0,21,23,0,7,0,7,0,0,200,200
340959,4,30,1,2,0,1,8,2,0,0,0,21,23,0,6,2,12,12,0,200,200
340959,1,30,1,2,0,1,8,2,0,0,0,21,23,1,6,0,200,200,200,200,200
340961,0,30,1,2,0,1,10,2,0,0,0,16,200,0,4,200,12,0,0,200,200
340961,0,30,1,2,0,1,10,2,0,0,0,16,200,0,6,200,0,0,0,200,200
340961,0,30,1,2,0,1,10,2,0,0,0,16,200,0,5,200,0,0,0,200,200
340963,0,25,0,0,0,1,7,5,0,0,0,0,0,2,200,200,200,200,200,200,200
340964,0,30,0,0,0,1,7,6,0,0,0,0,200,2,200,200,200,200,200,200,200
340969,0,30,0,0,0,1,7,5,0,0,0,20,0,0,200,200,6,200,200,200,200
340975,0,30,0,0,0,1,10,5,0,0,3,7,16,1,6,0,12,0,0,200,200
340975,0,30,0,0,0,1,10,5,0,0,3,7,16,0,6,0,0,0,0,200,200
340977,0,30,0,0,0,1,0,6,0,0,0,17,200,0,200,0,1,0,0,200,200
340977,0,30,0,0,0,1,0,6,0,0,0,17,200,0,7,0,200,0,0,200,200
340985,0,30,1,2,0,1,14,3,0,0,0,22,200,0,6,2,5,200,7,200,200
340985,0,30,1,2,0,1,14,3,0,0,0,22,200,1,5,0,0,0,0,200,200
340985,1,30,1,2,0,1,14,3,0,0,0,22,200,0,6,0,200,200,200,200,200
340985,1,30,1,2,0,1,14,3,0,0,0,22,200,1,1,0,200,200,200,200,200
340985,1,30,1,2,0,1,14,3,0,0,0,22,200,0,2,0,200,200,200,200,200
340985,1,30,1,2,0,1,14,3,0,0,0,22,200,0,2,0,200,200,200,200,200
340987,0,30,0,0,0,1,7,5,0,0,0,0,0,2,200,200,200,200,200,200,200
340992,0,30,0,0,0,1,12,5,0,0,0,0,4,0,6,200,200,0,0,200,200
340992,0,30,0,0,0,1,12,5,0,0,0,0,4,0,6,200,0,0,0,200,200
340992,1,30,0,0,0,1,12,5,0,0,0,0,4,0,6,7,200,200,200,200,200
340997,0,30,1,2,0,1,7,3,0,200,200,0,0,2,200,200,7,200,200,200,200
340997,1,30,1,2,0,1,7,3,0,200,200,0,0,1,8,0,200,200,200,200,200
340997,1,30,1,2,0,1,7,3,0,200,200,0,0,1,2,0,200,200,200,200,200
340997,1,30,1,2,0,1,7,3,0,200,200,0,0,1,2,0,200,200,200,200,200
340997,1,30,1,2,0,1,7,3,0,200,200,0,0,1,2,0,200,200,200,200,200
340997,1,30,1,2,0,1,7,3,0,200,200,0,0,1,2,0,200,200,200,200,200
341006,0,30,2,2,0,1,0,5,0,0,0,17,0,0,7,0,1,0,0,200,200
341006,0,30,2,2,0,1,0,5,0,0,0,17,0,1,8,0,0,0,0,200,200
341010,4,35,0,0,0,1,8,5,0,0,0,17,11,0,3,7,1,0,0,200,200
341010,0,35,0,0,0,1,8,5,0,0,0,17,11,1,5,0,200,0,0,200,200
341011,0,35,2,2,0,1,2,5,1,0,0,14,10,0,200,200,200,200,200,200,200
341015,0,30,0,0,0,1,10,3,0,0,0,17,16,0,4,200,1,0,0,200,200
341015,0,30,0,0,0,1,10,3,0,0,0,17,16,0,6,200,0,0,0,200,200
341016,0,30,0,0,0,1,12,5,0,0,0,0,0,0,8,200,200,200,200,200,200
341016,0,30,0,0,0,1,12,5,0,0,0,0,0,0,6,0,0,0,0,200,200
341018,0,30,1,2,0,1,10,2,0,0,0,0,0,1,5,200,200,200,200,200,200
341018,0,30,1,2,0,1,10,2,0,0,0,0,0,1,6,0,0,0,0,200,200
341024,0,30,0,0,0,1,14,5,0,0,0,20,0,1,7,200,6,0,0,200,200
341024,0,30,0,0,0,1,14,5,0,0,0,20,0,1,6,0,0,0,0,200,200
341025,0,15,0,0,0,1,12,7,0,0,0,18,0,1,200,200,3,200,200,200,200
341025,0,15,0,0,0,1,12,7,0,0,0,18,0,0,5,0,0,0,0,200,200
341025,1,15,0,0,0,1,12,7,0,0,0,18,0,0,0,0,200,200,200,200,200
341026,0,35,1,2,0,1,14,1,0,0,0,23,18,2,200,200,5,200,200,200,200
341026,0,35,1,2,0,1,14,1,0,0,0,23,18,1,5,7,0,0,0,200,200
341027,0,30,0,0,0,1,14,5,0,0,0,0,200,0,200,200,200,200,200,200,200
341027,0,30,0,0,0,1,14,5,0,0,0,0,200,0,6,0,0,0,0,200,200
341027,1,30,0,0,0,1,14,5,0,0,0,0,200,0,6,0,200,200,200,200,200
341027,1,30,0,0,0,1,14,5,0,0,0,0,200,1,6,0,200,200,200,200,200
341034,0,30,1,2,0,1,14,2,0,0,0,6,200,0,6,200,5,200,0,200,200
341034,0,30,1,2,0,1,14,2,0,0,0,6,200,0,5,200,0,0,0,200,200
341034,1,30,1,2,0,1,14,2,0,0,0,6,200,0,4,200,200,200,200,200,200
341037,0,40,0,0,0,1,12,3,0,0,0,16,27,0,200,200,2,200,200,200,200
341037,0,40,0,0,0,1,12,3,0,0,0,16,27,0,7,0,0,0,0,200,200
341046,0,25,0,0,0,1,7,6,0,0,0,0,0,1,200,200,1,200,200,200,200
341048,0,30,0,0,0,1,10,5,0,0,0,200,200,0,200,0,0,0,0,200,200
341048,0,30,0,0,0,1,10,5,0,0,0,200,200,0,7,0,0,0,0,200,200
341049,0,30,0,0,0,1,10,2,0,0,200,0,11,1,200,200,200,200,200,200,200
341049,0,30,0,0,0,1,10,2,0,0,200,0,11,0,7,0,200,200,0,200,200
341049,1,30,0,0,0,1,10,2,0,0,200,0,11,1,6,0,200,200,200,200,200
341049,1,30,0,0,0,1,10,2,0,0,200,0,11,0,3,0,200,200,200,200,200
341050,0,30,0,0,0,1,7,2,0,0,0,0,200,0,200,200,200,0,200,200,200
341050,5,30,0,0,0,1,7,2,0,0,0,0,200,0,200,200,200,200,200,200,200
341052,0,30,200,200,0,1,12,6,0,0,200,0,200,1,200,200,200,200,200,200,200
341052,0,30,200,200,0,1,12,6,0,0,200,0,200,0,6,200,200,200,0,200,200
341053,0,30,0,0,0,1,14,3,0,0,0,11,0,0,6,200,7,0,0,200,200
341053,0,30,0,0,0,1,14,3,0,0,0,11,0,1,6,7,0,0,0,200,200
341054,0,0,0,0,0,1,7,6,0,0,0,0,0,1,8,200,200,200,0,200,200
341057,0,30,1,2,0,1,10,5,0,0,3,0,200,2,200,200,200,200,200,200,200
341057,0,30,1,2,0,1,10,5,0,0,3,0,200,1,5,0,200,0,0,200,200
341074,0,35,2,12,0,0,0,200,0,0,200,5,14,0,200,200,5,200,200,200,200
341074,0,35,2,12,0,0,0,200,0,0,200,5,14,1,6,0,0,0,0,200,200
341074,1,35,2,12,0,0,0,200,0,0,200,5,14,200,200,0,200,200,200,200,200
341076,0,30,0,0,0,1,8,2,0,0,0,17,0,0,200,200,1,200,200,200,200
341076,4,30,0,0,0,1,8,2,0,0,0,17,0,0,3,200,9,0,0,200,200
341078,0,20,0,0,0,1,7,6,0,0,0,200,200,0,6,0,0,0,0,200,200
341078,1,20,0,0,0,1,7,6,0,0,0,200,200,0,6,200,200,200,200,200,200
341080,0,35,1,2,0,1,10,5,0,0,0,17,16,0,7,200,1,0,0,200,200
341080,0,35,1,2,0,1,10,5,0,0,0,17,16,0,5,200,0,0,0,200,200
341080,1,35,1,2,0,1,10,5,0,0,0,17,16,1,6,200,200,200,200,200,200
341080,1,35,1,2,0,1,10,5,0,0,0,17,16,200,200,200,200,200,200,200,200
341080,1,35,1,2,0,1,10,5,0,0,0,17,16,0,3,200,200,200,200,200,200
341081,0,30,1,2,0,1,12,1,0,0,0,17,16,1,7,0,1,0,0,200,200
341081,0,30,1,2,0,1,12,1,0,0,0,17,16,0,6,0,0,0,0,200,200
341084,0,30,1,2,0,1,10,5,0,0,200,18,0,0,200,200,3,200,200,200,200
341084,0,30,1,2,0,1,10,5,0,0,200,18,0,1,5,200,200,200,7,200,200
341085,0,30,0,0,0,1,10,2,0,0,200,16,18,1,5,0,3,200,0,200,200
341085,0,30,0,0,0,1,10,2,0,0,200,16,18,1,9,0,0,200,7,200,200
341085,1,30,0,0,0,1,10,2,0,0,200,16,18,0,9,0,200,200,200,200,200
341086,0,30,1,2,0,1,14,5,0,0,0,21,0,1,7,200,7,200,200,200,200
341086,0,30,1,2,0,1,14,5,0,0,0,21,0,1,5,200,0,200,200,200,200
341090,0,25,0,0,0,1,10,5,0,0,0,8,0,0,5,200,12,200,0,200,200
341090,0,25,0,0,0,1,10,5,0,0,0,8,0,0,5,200,0,200,0,200,200
341090,0,25,0,0,0,1,10,5,0,0,0,8,0,1,5,200,0,200,0,200,200
341094,0,35,1,2,0,1,0,5,2,0,0,0,200,0,7,200,1,200,7,200,200
341094,0,35,1,2,0,1,0,5,2,0,0,0,200,0,5,0,0,200,0,200,200
341094,0,35,1,2,0,1,0,5,2,0,0,0,200,0,6,0,0,200,0,200,200
341094,1,35,1,2,0,1,0,5,2,0,0,0,200,1,200,0,200,200,200,200,200
341094,1,35,1,2,0,1,0,5,2,0,0,0,200,0,2,5,200,200,200,200,200
341094,1,35,1,2,0,1,0,5,2,0,0,0,200,1,2,5,200,200,200,200,200
341094,1,35,1,2,0,1,0,5,2,0,0,0,200,1,5,0,200,200,200,200,200
341095,0,30,1,2,0,1,10,5,0,0,0,16,200,2,200,200,1,200,200,200,200
341095,0,30,1,2,0,1,10,5,0,0,0,16,200,0,5,200,0,0,0,200,200
341095,1,30,1,2,0,1,10,5,0,0,0,16,200,0,200,200,200,200,200,200,200
341103,0,30,2,2,0,1,0,2,0,0,0,5,17,2,200,200,1,200,200,200,200
341103,0,30,2,2,0,1,0,2,0,0,0,5,17,1,6,0,0,0,0,200,200
341105,0,30,0,0,0,3,12,2,0,0,200,22,0,0,200,200,2,200,200,200,200
341105,0,30,0,0,0,3,12,2,0,0,200,22,0,1,6,0,0,0,0,200,200
341113,0,30,0,0,0,1,12,5,0,0,0,21,0,1,200,200,4,200,200,200,200
341113,0,30,0,0,0,1,12,5,0,0,0,21,0,0,5,200,0,0,0,200,200
341120,0,25,0,0,0,1,7,2,0,0,0,0,0,2,200,200,1,200,200,200,200
341122,0,30,1,2,0,1,14,2,0,0,0,23,21,0,5,0,7,0,0,200,200
341122,0,30,1,2,0,1,14,2,0,0,0,23,21,1,7,0,7,0,0,200,200
341125,0,25,1,2,0,1,10,5,0,0,0,0,200,1,200,200,200,200,200,200,200
341125,0,25,1,2,0,1,10,5,0,0,0,0,200,1,6,0,0,0,0,200,200
341125,1,25,1,2,0,1,10,5,0,0,0,0,200,0,2,0,200,200,200,200,200
341125,1,25,1,2,0,1,10,5,0,0,0,0,200,0,200,200,200,200,200,200,200
341130,0,30,2,0,0,1,10,2,0,0,0,18,200,1,5,200,3,200,200,200,200
341130,0,30,2,0,0,1,10,2,0,0,0,18,200,1,6,0,0,200,0,200,200
341133,0,30,1,2,0,1,14,6,0,0,0,23,17,1,200,200,7,0,0,200,200
341133,0,30,1,2,0,1,14,6,0,0,0,23,17,0,7,200,0,0,0,200,200
341140,0,30,0,0,0,1,14,5,2,0,0,11,18,1,200,200,0,200,200,200,200
341140,0,30,0,0,0,1,14,5,2,0,0,11,18,0,5,200,12,0,0,200,200
341157,0,0,0,0,0,1,10,6,0,0,0,25,200,0,200,200,12,200,200,200,200
341157,0,0,0,0,0,1,10,6,0,0,0,25,200,1,6,0,0,0,0,200,200
341158,0,30,0,0,0,1,7,6,0,0,0,200,200,2,200,200,0,200,200,200,200
341168,0,10,0,0,0,1,0,7,0,0,0,22,0,1,200,200,12,200,1,200,200
341168,0,10,0,0,0,1,0,7,0,0,0,22,0,1,4,0,0,0,0,200,200
341168,1,10,0,0,0,1,0,7,0,0,0,22,0,0,0,5,200,200,200,200,200
341169,0,30,0,0,0,1,14,5,0,0,200,0,0,1,8,0,200,200,200,200,200
341169,0,30,0,0,0,1,14,5,0,0,200,0,0,1,6,0,0,200,200,200,200
341179,0,30,1,2,0,1,9,5,0,0,0,17,200,0,5,200,1,200,0,200,200
341179,5,30,1,2,0,1,9,5,0,0,0,17,200,0,3,7,12,200,7,200,200
341181,0,30,1,2,0,1,12,5,0,0,0,18,200,0,200,200,3,200,200,200,200
341181,0,30,1,2,0,1,12,5,0,0,0,18,200,0,7,0,0,0,0,200,200
341182,0,30,1,2,0,1,14,5,0,0,0,32,27,0,5,0,200,0,5,200,200
341182,0,30,1,2,0,1,14,5,0,0,0,32,27,0,7,0,0,0,0,200,200
341182,1,30,1,2,0,1,14,5,0,0,0,32,27,1,7,0,200,200,200,200,200
341182,1,30,1,2,0,1,14,5,0,0,0,32,27,0,200,0,200,200,200,200,200
341184,0,25,0,0,0,1,10,2,0,0,0,0,0,1,5,0,1,0,0,200,200
341184,0,25,0,0,0,1,10,2,0,0,0,0,0,1,5,0,0,0,0,200,200
341185,0,30,0,0,0,1,10,2,0,0,0,18,200,0,200,200,3,200,200,200,200
341185,0,30,0,0,0,1,10,2,0,0,0,18,200,0,7,0,0,0,0,200,200
341189,0,30,0,0,0,1,0,7,0,0,0,11,11,1,200,200,6,200,200,200,200
341189,0,30,0,0,0,1,0,7,0,0,0,11,11,0,6,0,200,200,0,200,200
341195,0,25,1,2,0,1,10,2,0,0,0,0,0,1,200,0,1,0,0,200,200
341195,0,25,1,2,0,1,10,2,0,0,0,0,0,0,6,0,0,0,0,200,200
341198,0,35,1,2,0,1,10,2,0,0,0,0,0,0,6,0,200,0,0,200,200
341198,0,35,1,2,0,1,10,2,0,0,0,0,0,0,5,0,0,0,0,200,200
341198,1,35,1,2,0,1,10,2,0,0,0,0,0,1,6,0,200,200,200,200,200
341198,1,35,1,2,0,1,10,2,0,0,0,0,0,0,0,5,200,200,200,200,200
341198,1,35,1,2,0,1,10,2,0,0,0,0,0,1,6,200,200,200,200,200,200
341198,1,35,1,2,0,1,10,2,0,0,0,0,0,1,5,0,200,200,200,200,200
341198,1,35,1,2,0,1,10,2,0,0,0,0,0,1,1,5,200,200,200,200,200
341214,0,30,1,2,0,1,12,5,0,0,0,0,200,1,6,0,200,0,0,200,200
341214,0,30,1,2,0,1,12,5,0,0,0,0,200,0,5,0,200,0,0,200,200
341216,0,30,0,0,0,1,10,5,2,0,0,200,200,2,200,200,200,200,200,200,200
341216,0,30,0,0,0,1,10,5,2,0,0,200,200,1,7,0,0,0,0,200,200
341216,1,30,0,0,0,1,10,5,2,0,0,200,200,1,200,0,200,200,200,200,200
341218,0,25,0,0,0,3,7,2,0,0,0,0,0,2,200,200,1,200,200,200,200
341228,0,30,0,0,0,1,10,5,0,0,0,18,0,0,200,200,3,200,200,200,200
341228,0,30,0,0,0,1,10,5,0,0,0,18,0,0,5,0,0,0,0,200,200
341235,0,15,0,0,0,1,2,7,0,0,0,16,200,0,5,0,8,0,0,200,200
341240,0,30,1,2,0,1,14,5,0,0,0,17,200,0,9,200,1,200,0,200,200
341240,0,30,1,2,0,1,14,5,0,0,0,17,200,0,6,200,200,200,0,200,200
341247,0,15,2,2,0,1,7,6,0,0,0,200,0,0,7,200,12,0,0,200,200
341254,0,30,0,0,0,1,12,6,0,0,0,17,0,0,5,0,1,0,0,200,200
341254,0,30,0,0,0,1,12,6,0,0,0,17,0,1,5,0,0,0,0,200,200
341255,0,30,0,0,0,1,10,5,0,0,0,200,200,0,200,200,0,200,200,200,200
341255,0,30,0,0,0,1,10,5,0,0,0,200,200,0,6,0,0,0,0,200,200
341255,1,30,0,0,0,1,10,5,0,0,0,200,200,1,200,0,200,200,200,200,200
341255,1,30,0,0,0,1,10,5,0,0,0,200,200,0,200,0,200,200,200,200,200
341256,0,30,0,0,0,1,7,6,0,0,0,27,0,0,6,200,200,0,7,200,200
341257,0,30,0,0,0,1,7,6,0,0,0,0,200,2,200,200,200,200,200,200,200
341258,0,30,1,2,0,1,8,5,0,0,0,16,17,1,7,200,1,6,200,200,200
341258,4,30,1,2,0,1,8,5,0,0,0,16,17,0,200,200,0,200,200,200,200
341258,4,30,1,2,0,1,8,5,0,0,0,16,17,1,2,200,0,200,200,200,200
341259,0,25,1,2,0,1,12,2,0,0,0,0,0,0,200,200,1,200,200,200,200
341259,0,25,1,2,0,1,12,2,0,0,0,0,0,0,6,0,0,0,0,200,200
341260,0,35,1,2,0,1,10,5,0,0,0,16,18,0,7,7,5,0,0,200,200
341260,0,35,1,2,0,1,10,5,0,0,0,16,18,1,6,7,0,0,0,200,200
341269,0,30,2,2,0,1,14,12,0,0,0,0,0,0,4,0,200,0,0,200,200
341269,0,30,2,2,0,1,14,12,0,0,0,0,0,1,6,0,200,0,0,200,200
341272,0,30,200,200,0,1,10,5,0,0,200,0,200,1,200,200,200,200,200,200,200
341272,0,30,200,200,0,1,10,5,0,0,200,0,200,1,5,200,200,200,0,200,200
341277,0,30,0,0,0,1,7,5,0,0,0,200,200,2,200,200,200,200,200,200,200
341281,0,30,200,200,0,1,10,2,0,0,200,20,200,0,200,200,6,200,200,200,200
341281,0,30,200,200,0,1,10,2,0,0,200,20,200,0,0,0,0,200,0,200,200
341281,1,30,200,200,0,1,10,2,0,0,200,20,200,1,6,0,200,200,200,200,200
341282,0,40,0,0,0,1,10,3,0,0,0,18,0,0,4,200,3,0,0,200,200
341282,0,40,0,0,0,1,10,3,0,0,0,18,0,1,8,0,0,0,0,200,200
341282,1,40,0,0,0,1,10,3,0,0,0,18,0,0,200,200,200,200,200,200,200
341284,0,30,200,200,0,1,7,5,0,0,0,0,0,1,5,200,200,200,0,200,200
341285,0,30,1,2,0,1,10,5,0,0,0,18,200,1,200,200,3,200,200,200,200
341285,0,30,1,2,0,1,10,5,0,0,0,18,200,1,4,0,0,0,0,200,200
341285,1,30,1,2,0,1,10,5,0,0,0,18,200,0,4,0,200,200,200,200,200
341292,0,30,0,0,0,1,11,5,0,0,0,0,0,1,200,200,200,200,200,200,200
341292,0,30,0,0,0,1,11,5,0,0,0,0,0,0,6,0,0,0,0,200,200
341295,0,25,0,0,0,1,7,5,0,0,0,22,16,2,200,200,3,200,200,200,200
341297,0,30,0,0,0,1,0,3,0,0,0,17,200,0,4,3,1,0,0,200,200
341297,0,30,0,0,0,1,0,3,0,0,0,17,200,1,6,0,0,0,0,200,200
341297,1,30,0,0,0,1,0,3,0,0,0,17,200,1,200,0,200,200,200,200,200
341298,0,30,1,2,0,1,14,5,0,0,0,23,21,1,200,200,7,0,200,200,200
341298,0,30,1,2,0,1,14,5,0,0,0,23,21,0,0,200,0,0,0,200,200
341299,0,30,0,0,0,1,7,5,0,0,0,200,200,2,200,200,200,200,200,200,200
341302,0,30,0,0,0,1,12,5,0,0,0,22,0,0,5,200,4,0,0,200,200
341302,0,30,0,0,0,1,12,5,0,0,0,22,0,0,5,0,0,0,0,200,200
341302,1,30,0,0,0,1,12,5,0,0,0,22,0,0,5,0,200,200,200,200,200
341307,0,30,1,2,0,1,10,3,0,0,0,18,200,0,7,0,3,0,0,200,200
341307,0,30,1,2,0,1,10,3,0,0,0,18,200,1,4,0,0,0,0,200,200
341308,0,25,0,0,0,1,10,5,0,0,0,0,200,0,200,200,200,200,200,200,200
341308,0,25,0,0,0,1,10,5,0,0,0,0,200,0,5,0,0,0,0,200,200
341310,0,30,1,2,0,1,10,2,0,0,0,17,18,0,5,0,1,0,0,200,200
341310,0,30,1,2,0,1,10,2,0,0,0,17,18,0,6,0,12,0,0,200,200