RD_NO,PERSON_TYPE,POSTED_SPEED_LIMIT,TRAFFIC_CONTROL_DEVICE,DEVICE_CONDITION,WEATHER_CONDITION,LIGHTING_CONDITION,FIRST_CRASH_TYPE,TRAFFICWAY_TYPE,ALIGNMENT,ROADWAY_SURFACE_COND,ROAD_DEFECT,PRIM_CONTRIBUTORY_CAUSE,SEC_CONTRIBUTORY_CAUSE,SEX,AGE,SAFETY_EQUIPMENT,DRIVER_ACTION,DRIVER_VISION,PHYSICAL_CONDITION,BAC_RESULT VALUE,CELL_PHONE_USE
341311,0,30,0,0,0,1,14,6,0,0,0,200,200,0,7,0,0,0,0,200,200
341311,0,30,0,0,0,1,14,6,0,0,0,200,200,0,7,0,0,0,0,200,200
341319,0,30,0,0,0,1,14,2,0,0,0,11,200,1,6,200,7,200,0,200,200
341319,0,30,0,0,0,1,14,2,0,0,0,11,200,0,5,200,0,0,0,200,200
341319,1,30,0,0,0,1,14,2,0,0,0,11,200,1,5,200,200,200,200,200,200
341321,0,25,1,2,0,2,9,5,0,0,0,0,200,2,200,200,200,200,200,200,200
341321,5,25,1,2,0,2,9,5,0,0,0,0,200,1,4,200,200,200,7,200,200
341331,0,30,0,0,0,1,14,2,0,0,0,0,0,2,200,200,200,200,200,200,200
341331,0,30,0,0,0,1,14,2,0,0,0,0,0,0,7,200,0,0,0,200,200
341332,0,35,0,0,0,1,12,2,0,0,0,0,0,0,200,200,8,200,200,200,200
341332,0,35,0,0,0,1,12,2,0,0,0,0,0,0,5,0,0,0,0,200,200
341332,1,35,0,0,0,1,12,2,0,0,0,0,0,1,2,0,200,200,200,200,200
341333,0,25,0,0,200,200,7,6,0,200,200,0,0,2,200,200,200,200,200,200,200
341340,0,30,1,2,0,1,14,5,0,0,200,0,200,0,5,200,200,200,200,200,200
341340,0,30,1,2,0,1,14,5,0,0,200,0,200,0,5,0,200,200,0,200,200
341340,1,30,1,2,0,1,14,5,0,0,200,0,200,0,200,0,200,200,200,200,200
341342,0,30,0,3,0,1,14,2,0,0,0,25,25,0,200,200,8,200,200,200,200
341342,0,30,0,3,0,1,14,2,0,0,0,25,25,0,6,0,0,0,0,200,200
341342,1,30,0,3,0,1,14,2,0,0,0,25,25,1,6,0,200,200,200,200,200
341342,1,30,0,3,0,1,14,2,0,0,0,25,25,0,1,5,200,200,200,200,200
341342,1,30,0,3,0,1,14,2,0,0,0,25,25,200,2,0,200,200,200,200,200
341342,1,30,0,3,0,1,14,2,0,0,0,25,25,0,2,0,200,200,200,200,200
341349,0,30,0,0,0,4,14,5,0,0,0,23,200,1,5,0,7,0,0,200,200
341349,0,30,0,0,0,4,14,5,0,0,0,23,200,0,5,0,0,0,0,200,200
341349,1,30,0,0,0,4,14,5,0,0,0,23,200,1,5,0,200,200,200,200,200
341356,0,30,1,2,0,3,10,5,0,0,0,11,0,0,200,200,8,200,200,200,200
341356,0,30,1,2,0,3,10,5,0,0,0,11,0,1,5,0,0,0,0,200,200
341356,0,30,1,2,0,3,10,5,0,0,0,11,0,0,7,0,0,0,0,200,200
341356,1,30,1,2,0,3,10,5,0,0,0,11,0,1,3,0,200,200,200,200,200
341356,1,30,1,2,0,3,10,5,0,0,0,11,0,1,2,0,200,200,200,200,200
341356,1,30,1,2,0,3,10,5,0,0,0,11,0,0,2,0,200,200,200,200,200
341356,1,30,1,2,0,3,10,5,0,0,0,11,0,1,2,0,200,200,200,200,200
341356,1,30,1,2,0,3,10,5,0,0,0,11,0,1,6,0,200,200,200,200,200
341356,1,30,1,2,0,3,10,5,0,0,0,11,0,1,2,0,200,200,200,200,200
341357,0,30,1,2,0,3,12,2,0,0,0,21,200,0,5,0,12,0,0,200,200
341357,0,30,1,2,0,3,12,2,0,0,0,21,200,0,6,0,0,0,0,200,200
341367,0,30,1,2,0,1,10,1,0,0,0,18,32,0,8,0,3,0,0,200,200
341367,0,30,1,2,0,1,10,1,0,0,0,18,32,1,6,0,0,0,0,200,200
341369,0,30,0,0,0,4,12,5,0,0,0,22,16,0,6,0,2,0,0,200,200
341369,0,30,0,0,0,4,12,5,0,0,0,22,16,0,6,0,0,0,0,200,200
341372,0,10,0,0,0,4,7,7,2,0,200,0,0,2,200,200,200,200,200,200,200
341376,0,30,1,2,0,3,12,6,0,0,0,23,0,1,5,200,7,200,200,200,200
341376,0,30,1,2,0,3,12,6,0,0,0,23,0,0,0,0,0,0,0,200,200
341376,1,30,1,2,0,3,12,6,0,0,0,23,0,0,6,0,200,200,200,200,200
341381,0,30,0,0,0,1,12,5,0,0,0,0,0,2,200,200,200,200,200,200,200
341381,0,30,0,0,0,1,12,5,0,0,0,0,0,1,5,0,0,0,0,200,200
341383,0,30,0,0,0,0,10,2,0,0,0,0,0,2,200,200,200,200,200,200,200
341383,0,30,0,0,0,0,10,2,0,0,0,0,0,1,7,0,200,0,0,200,200
341383,1,30,0,0,0,0,10,2,0,0,0,0,0,1,200,0,200,200,200,200,200
341383,1,30,0,0,0,0,10,2,0,0,0,0,0,0,6,0,200,200,200,200,200
341386,0,30,0,200,200,200,7,5,0,200,0,0,0,2,200,200,200,200,200,200,200
341387,0,30,0,0,0,1,10,5,0,0,0,0,0,0,5,0,0,0,0,200,200
341387,0,30,0,0,0,1,10,5,0,0,0,0,0,1,6,0,0,0,0,200,200
341387,1,30,0,0,0,1,10,5,0,0,0,0,0,1,6,0,200,200,200,200,200
341387,1,30,0,0,0,1,10,5,0,0,0,0,0,0,6,0,200,200,200,200,200
341387,1,30,0,0,0,1,10,5,0,0,0,0,0,1,1,5,200,200,200,200,200
341387,1,30,0,0,0,1,10,5,0,0,0,0,0,0,2,0,200,200,200,200,200
341387,1,30,0,0,0,1,10,5,0,0,0,0,0,0,2,0,200,200,200,200,200
341387,1,30,0,0,0,1,10,5,0,0,0,0,0,1,2,0,200,200,200,200,200
341389,0,30,0,0,0,3,14,5,0,0,200,17,25,0,200,200,1,200,200,200,200
341389,0,30,0,0,0,3,14,5,0,0,200,17,25,0,6,7,0,0,0,200,200
341393,0,30,0,0,200,3,7,5,0,0,0,0,200,2,200,200,200,200,200,200,200
341394,0,25,2,2,0,0,0,5,0,0,0,17,200,0,5,200,1,0,0,200,200
341394,0,25,2,2,0,0,0,5,0,0,0,17,200,1,4,200,0,0,0,200,200
341394,1,25,2,2,0,0,0,5,0,0,0,17,200,1,6,200,200,200,200,200,200
341394,1,25,2,2,0,0,0,5,0,0,0,17,200,1,0,200,200,200,200,200,200
341394,1,25,2,2,0,0,0,5,0,0,0,17,200,1,200,200,200,200,200,200,200
341396,0,35,0,200,0,3,12,2,0,0,0,14,15,0,6,0,8,0,0,200,200
341396,0,35,0,200,0,3,12,2,0,0,0,14,15,1,5,0,0,0,0,200,200
341396,1,35,0,200,0,3,12,2,0,0,0,14,15,0,2,0,200,200,200,200,200
341396,1,35,0,200,0,3,12,2,0,0,0,14,15,0,1,0,200,200,200,200,200
341397,0,30,0,0,0,1,0,0,0,0,0,16,0,0,8,0,12,200,200,200,200
341397,0,30,0,0,0,1,0,0,0,0,0,16,0,1,5,0,12,200,0,200,200
341398,0,15,0,0,0,3,7,5,0,0,0,27,0,1,6,0,6,0,12,200,200
341410,0,30,0,0,0,3,12,7,0,0,0,0,0,0,5,0,200,0,0,200,200
341410,0,30,0,0,0,3,12,7,0,0,0,0,0,1,6,0,0,0,0,200,200
341414,0,30,0,0,0,200,7,6,0,0,0,0,0,2,200,200,200,200,200,200,200
341417,0,30,2,2,0,1,14,2,0,0,0,17,0,1,6,200,1,200,0,200,200
341417,0,30,2,2,0,1,14,2,0,0,0,17,0,0,5,0,0,0,0,200,200
341417,1,30,2,2,0,1,14,2,0,0,0,17,0,1,200,200,200,200,200,200,200
341427,0,30,1,2,0,3,14,5,0,0,0,16,11,0,9,200,200,200,200,200,200
341427,0,30,1,2,0,3,14,5,0,0,0,16,11,0,5,0,0,0,0,200,200
341427,1,30,1,2,0,3,14,5,0,0,0,16,11,1,9,0,200,200,200,200,200
341427,1,30,1,2,0,3,14,5,0,0,0,16,11,0,8,200,200,200,200,200,200
341428,0,30,200,200,0,2,10,5,0,0,200,200,0,2,200,200,200,200,200,200,200
341428,0,30,200,200,0,2,10,5,0,0,200,200,0,0,6,0,0,200,0,200,200
341428,1,30,200,200,0,2,10,5,0,0,200,200,0,1,200,0,200,200,200,200,200
341446,0,30,2,2,0,3,10,6,0,0,0,16,200,0,6,0,12,0,0,200,200
341446,0,30,2,2,0,3,10,6,0,0,0,16,200,1,6,0,0,0,0,200,200
341467,0,30,0,0,0,3,11,5,0,0,0,16,200,1,6,7,8,0,0,200,200
341467,0,30,0,0,0,3,11,5,0,0,0,16,200,1,6,200,0,0,0,200,200
341481,0,30,200,200,0,200,2,200,0,0,200,200,0,1,6,200,200,200,200,200,200
341484,1,30,12,12,0,1,12,6,0,0,0,200,7,1,5,200,200,200,200,200,200
341484,0,30,12,12,0,1,12,6,0,0,0,200,7,0,6,200,0,200,0,200,200
341484,0,30,12,12,0,1,12,6,0,0,0,200,7,1,5,200,0,200,0,200,200
341484,1,30,12,12,0,1,12,6,0,0,0,200,7,1,5,200,200,200,200,200,200
341495,0,25,2,0,0,3,0,5,0,0,0,200,200,0,6,200,200,0,0,200,200
341495,0,25,2,0,0,3,0,5,0,0,0,200,200,1,5,200,200,0,0,200,200
341495,1,25,2,0,0,3,0,5,0,0,0,200,200,0,5,200,200,200,200,200,200
341495,1,25,2,0,0,3,0,5,0,0,0,200,200,0,5,200,200,200,200,200,200
341495,1,25,2,0,0,3,0,5,0,0,0,200,200,1,1,200,200,200,200,200,200
341506,0,30,1,2,0,3,10,1,0,0,0,6,18,2,200,200,5,200,200,200,200
341506,0,30,1,2,0,3,10,1,0,0,0,6,18,0,5,0,3,0,0,200,200
341506,0,30,1,2,0,3,10,1,0,0,0,6,18,0,6,0,0,0,0,200,200
341509,0,35,1,2,0,0,10,5,0,0,0,0,0,1,5,0,12,0,0,200,200
341509,0,35,1,2,0,0,10,5,0,0,0,0,0,0,200,200,12,200,200,200,200
341509,1,35,1,2,0,0,10,5,0,0,0,0,0,0,200,0,200,200,200,200,200
341509,1,35,1,2,0,0,10,5,0,0,0,0,0,1,200,0,200,200,200,200,200
341511,0,30,2,2,0,3,0,5,0,0,0,5,200,1,200,200,5,200,200,200,200
341511,0,30,2,2,0,3,0,5,0,0,0,5,200,0,5,200,0,200,0,200,200
341517,0,30,1,2,0,3,10,5,0,0,0,20,200,1,200,200,6,0,0,200,200
341517,0,30,1,2,0,3,10,5,0,0,0,20,200,0,8,200,0,0,0,200,200
341520,0,30,1,2,0,1,10,2,0,0,0,16,0,2,200,200,1,200,200,200,200
341520,0,30,1,2,0,1,10,2,0,0,0,16,0,1,7,0,0,0,0,200,200
341533,0,30,0,0,0,0,12,5,0,0,200,17,0,2,200,200,1,200,200,200,200
341533,0,30,0,0,0,0,12,5,0,0,200,17,0,0,6,0,0,0,0,200,200
341535,0,30,1,2,0,3,10,5,0,0,0,18,27,1,5,0,12,0,2,200,200
341535,0,30,1,2,0,3,10,5,0,0,0,18,27,0,5,0,0,0,0,200,200
341549,0,30,1,2,0,3,14,5,0,0,0,0,0,0,200,200,7,200,200,200,200
341549,0,30,1,2,0,3,14,5,0,0,0,0,0,0,5,1,0,0,0,200,200
341553,0,30,0,0,0,3,10,6,0,0,0,16,200,0,200,200,200,200,200,200,200
341553,0,30,0,0,0,3,10,6,0,0,0,16,200,0,5,0,0,0,0,200,200
341553,1,30,0,0,0,3,10,6,0,0,0,16,200,1,200,200,200,200,200,200,200
341556,0,10,0,0,0,3,10,0,0,0,3,20,200,0,7,0,0,0,0,200,200
341556,0,10,0,0,0,3,10,0,0,0,3,20,200,1,6,0,6,200,0,200,200
341557,0,30,1,2,0,3,10,1,0,0,0,0,0,0,200,200,200,200,200,200,200
341557,0,30,1,2,0,3,10,1,0,0,0,0,0,0,6,200,200,0,0,200,200
341576,0,30,0,0,0,3,12,2,0,0,0,21,200,2,200,200,200,200,200,200,200
341576,0,30,0,0,0,3,12,2,0,0,0,21,200,0,5,0,0,0,0,200,200
341584,0,30,2,12,0,3,14,5,0,0,0,0,200,1,7,0,12,0,0,200,200
341584,0,30,2,12,0,3,14,5,0,0,0,0,200,1,6,0,12,200,1,200,200
341584,1,30,2,12,0,3,14,5,0,0,0,0,200,0,7,0,200,200,200,200,200
341588,0,10,0,0,0,0,7,7,0,0,0,20,0,0,200,200,6,200,200,200,200
341588,1,10,0,0,0,0,7,7,0,0,0,20,0,1,6,200,200,200,200,200,200
341590,0,30,0,0,0,3,10,12,0,0,0,25,18,0,200,200,12,200,200,200,200
341590,0,30,0,0,0,3,10,12,0,0,0,25,18,0,7,0,0,0,0,200,200
341590,1,30,0,0,0,3,10,12,0,0,0,25,18,0,200,200,200,200,200,200,200
341609,0,30,0,0,0,0,3,5,0,0,0,0,0,0,6,200,10,0,0,200,200
341609,0,30,0,0,0,0,3,5,0,0,0,0,0,1,5,200,12,12,200,200,200
341609,1,30,0,0,0,0,3,5,0,0,0,0,0,1,4,200,200,200,200,200,200
341610,0,30,1,2,0,3,14,3,0,0,0,0,0,0,200,200,4,200,200,200,200
341610,0,30,1,2,0,3,14,3,0,0,0,0,0,1,5,0,0,0,0,200,200
341610,1,30,1,2,0,3,14,3,0,0,0,0,0,0,5,0,200,200,200,200,200
341655,0,30,1,2,0,3,10,5,0,0,0,0,200,0,7,200,3,200,200,200,200
341655,0,30,1,2,0,3,10,5,0,0,0,0,200,0,6,0,0,200,0,200,200
341662,0,30,1,2,0,2,14,2,0,0,0,6,200,0,200,200,5,200,200,200,200
341662,0,30,1,2,0,2,14,2,0,0,0,6,200,0,7,0,0,0,0,200,200
341662,0,30,1,2,0,2,14,2,0,0,0,6,200,0,6,200,0,0,0,200,200
341662,1,30,1,2,0,2,14,2,0,0,0,6,200,0,5,200,200,200,200,200,200
341662,1,30,1,2,0,2,14,2,0,0,0,6,200,0,6,200,200,200,200,200,200
341662,1,30,1,2,0,2,14,2,0,0,0,6,200,0,5,200,200,200,200,200,200
341662,1,30,1,2,0,2,14,2,0,0,0,6,200,200,200,7,200,200,200,200,200
341662,1,30,1,2,0,2,14,2,0,0,0,6,200,0,200,7,200,200,200,200,200
341662,1,30,1,2,0,2,14,2,0,0,0,6,200,0,7,7,200,200,200,200,200
341662,1,30,1,2,0,2,14,2,0,0,0,6,200,0,6,7,200,200,200,200,200
341662,1,30,1,2,0,2,14,2,0,0,0,6,200,0,7,7,200,200,200,200,200
341662,1,30,1,2,0,2,14,2,0,0,0,6,200,1,6,7,200,200,200,200,200
341662,1,30,1,2,0,2,14,2,0,0,0,6,200,0,7,7,200,200,200,200,200
341671,0,30,1,2,0,1,0,2,0,0,0,6,0,0,6,200,5,200,200,200,200
341671,0,30,1,2,0,1,0,2,0,0,0,6,0,0,7,0,0,0,0,200,200
341671,1,30,1,2,0,1,0,2,0,0,0,6,0,0,6,200,200,200,200,200,200
341679,0,30,0,0,0,4,2,5,0,0,0,200,200,0,200,200,200,200,200,200,200
341701,0,30,0,0,0,3,7,6,0,0,0,0,0,0,6,200,200,200,200,200,200
341709,0,30,0,0,0,1,14,1,0,0,0,200,17,0,7,200,12,1,0,200,200
341709,0,30,0,0,0,1,14,1,0,0,0,200,17,0,6,200,0,0,0,200,200
341712,0,30,0,0,0,1,10,5,0,0,0,0,0,0,6,200,0,0,0,200,200
341712,0,30,0,0,0,1,10,5,0,0,0,0,0,0,200,1,0,0,0,200,200
341712,1,30,0,0,0,1,10,5,0,0,0,0,0,0,6,200,200,200,200,200,200
341717,0,30,0,0,0,1,10,5,0,0,0,18,18,0,7,0,1,0,0,200,200
341717,0,30,0,0,0,1,10,5,0,0,0,18,18,0,8,0,0,0,0,200,200
341725,0,35,1,2,0,1,10,5,0,0,0,0,0,0,6,0,0,0,0,200,200
341725,0,35,1,2,0,1,10,5,0,0,0,0,0,1,6,0,0,0,0,200,200
341728,0,30,0,0,0,1,12,2,0,0,0,22,16,1,6,0,4,0,0,200,200
341728,0,30,0,0,0,1,12,2,0,0,0,22,16,1,6,0,0,0,0,200,200
341730,0,30,0,0,0,1,12,2,0,0,0,22,0,0,4,0,2,0,0,200,200
341730,0,30,0,0,0,1,12,2,0,0,0,22,0,0,6,0,0,0,0,200,200
341740,0,30,2,2,0,1,10,5,0,0,0,18,16,0,5,0,3,0,0,200,200
341740,0,30,2,2,0,1,10,5,0,0,0,18,16,0,6,0,0,0,0,200,200
341740,0,30,2,2,0,1,10,5,0,0,0,18,16,1,6,0,0,0,0,200,200
341741,0,30,1,2,0,1,12,2,0,0,0,17,17,0,200,200,1,200,200,200,200
341741,0,30,1,2,0,1,12,2,0,0,0,17,17,0,6,200,0,0,0,200,200
341746,0,30,1,1,0,1,14,2,0,0,1,17,200,1,7,0,1,0,0,200,200
341746,0,30,1,1,0,1,14,2,0,0,1,17,200,0,5,0,8,0,0,200,200
341748,0,30,0,0,0,1,12,5,0,0,12,0,200,2,200,200,2,200,200,200,200
341748,0,30,0,0,0,1,12,5,0,0,12,0,200,1,7,0,0,0,0,200,200
341757,4,30,0,0,0,1,8,5,0,0,0,200,200,0,4,7,12,0,0,200,200
341758,0,30,1,2,0,2,9,5,0,0,200,0,200,1,200,200,200,200,200,200,200
341758,5,30,1,2,0,2,9,5,0,0,200,0,200,0,7,7,200,200,0,200,200
341761,0,30,1,2,0,1,10,5,0,0,200,18,200,1,7,0,3,200,200,200,200
341761,0,30,1,2,0,1,10,5,0,0,200,18,200,0,200,200,0,200,200,200,200
341762,0,30,1,200,200,200,12,5,0,200,200,16,0,0,6,200,12,200,200,200,200
341762,0,30,1,200,200,200,12,5,0,200,200,16,0,0,8,200,12,200,200,200,200
341763,0,30,0,0,0,1,10,2,0,0,0,0,0,1,5,0,200,0,0,200,200
341763,0,30,0,0,0,1,10,2,0,0,0,0,0,0,200,200,200,200,200,200,200
341764,0,30,0,0,0,1,12,6,0,0,0,200,200,0,5,0,12,0,0,200,200
341764,0,30,0,0,0,1,12,6,0,0,0,200,200,0,7,0,0,0,0,200,200
341766,0,30,1,2,0,1,9,5,0,0,0,0,0,0,5,200,200,0,0,200,200
341766,5,30,1,2,0,1,9,5,0,0,0,0,0,0,5,7,0,0,7,200,200
341767,0,15,0,0,0,1,7,5,0,0,0,0,0,2,200,200,200,200,200,200,200
341770,0,30,0,0,200,200,12,5,0,200,0,0,0,0,6,200,200,200,200,200,200
341770,0,30,0,0,200,200,12,5,0,200,0,0,0,1,200,200,200,200,200,200,200
341773,0,35,0,0,0,1,12,5,0,0,0,0,0,1,5,0,1,0,0,200,200
341773,0,35,0,0,0,1,12,5,0,0,0,0,0,0,9,0,1,0,0,200,200
341779,0,30,1,2,0,1,10,5,0,0,0,18,18,0,8,0,200,0,0,200,200
341779,0,30,1,2,0,1,10,5,0,0,0,18,18,1,6,0,0,0,0,200,200
341779,1,30,1,2,0,1,10,5,0,0,0,18,18,1,200,0,200,200,200,200,200
341780,0,30,0,0,0,1,10,2,0,0,0,18,11,0,4,0,3,0,0,200,200
341780,0,30,0,0,0,1,10,2,0,0,0,18,11,0,0,7,0,0,0,200,200
341783,0,30,1,1,0,1,10,2,0,0,0,7,200,0,6,200,3,0,0,200,200
341783,0,30,1,1,0,1,10,2,0,0,0,7,200,1,6,0,0,0,0,200,200
341785,0,30,0,0,0,1,10,2,0,0,0,0,0,0,6,0,200,200,0,200,200
341785,0,30,0,0,0,1,10,2,0,0,0,0,0,0,6,0,0,0,0,200,200
341793,0,30,0,0,0,1,12,5,0,0,0,11,200,0,7,0,2,0,0,200,200
341793,0,30,0,0,0,1,12,5,0,0,0,11,200,1,7,0,0,0,0,200,200
341793,1,30,0,0,0,1,12,5,0,0,0,11,200,1,4,0,200,200,200,200,200
341793,1,30,0,0,0,1,12,5,0,0,0,11,200,1,0,5,200,200,200,200,200
341800,0,30,1,2,0,1,8,5,2,0,0,0,0,2,200,200,200,200,200,200,200
341800,4,30,1,2,0,1,8,5,2,0,0,0,0,0,5,2,3,0,0,200,200
341807,0,30,0,0,0,1,12,5,0,0,0,22,200,0,5,200,2,0,0,200,200
341807,0,30,0,0,0,1,12,5,0,0,0,22,200,0,6,200,0,0,0,200,200
341810,0,30,1,2,0,1,10,2,0,0,0,6,16,0,6,0,5,12,0,200,200
341810,0,30,1,2,0,1,10,2,0,0,0,6,16,1,7,0,0,0,0,200,200
341810,1,30,1,2,0,1,10,2,0,0,0,6,16,0,5,0,200,200,200,200,200
341815,0,30,1,2,0,1,10,2,0,0,0,18,20,0,7,0,3,0,0,200,200
341815,0,30,1,2,0,1,10,2,0,0,0,18,20,1,6,0,0,0,0,200,200
341819,0,30,0,0,0,1,12,6,0,0,0,11,0,1,7,200,1,200,200,200,200
341819,0,30,0,0,0,1,12,6,0,0,0,11,0,0,6,0,0,0,0,200,200
341821,0,30,0,0,0,1,7,5,0,0,0,28,28,0,7,0,2,0,0,200,200
341823,0,30,2,2,0,1,0,5,0,0,0,17,17,1,7,0,1,0,0,200,200
341823,0,30,2,2,0,1,0,5,0,0,0,17,17,1,6,0,0,0,0,200,200
341828,0,30,1,2,0,1,12,2,0,0,0,22,200,0,6,200,1,0,0,200,200
341828,0,30,1,2,0,1,12,2,0,0,0,22,200,0,6,0,0,0,0,200,200
341828,1,30,1,2,0,1,12,2,0,0,0,22,200,0,0,5,200,200,200,200,200
341828,1,30,1,2,0,1,12,2,0,0,0,22,200,1,6,0,200,200,200,200,200
341832,0,30,2,2,0,1,14,5,0,0,0,0,0,1,5,200,200,200,200,200,200
341832,0,30,2,2,0,1,14,5,0,0,0,0,0,1,6,200,200,200,200,200,200
341836,0,30,0,0,0,1,8,5,0,0,0,0,0,0,6,0,12,0,0,200,200
341836,4,30,0,0,0,1,8,5,0,0,0,0,0,1,2,7,1,0,0,200,200
341837,0,30,2,2,0,1,14,5,0,0,0,5,200,0,200,200,5,200,200,200,200
341837,0,30,2,2,0,1,14,5,0,0,0,5,200,1,6,0,0,0,0,200,200
341839,0,10,0,0,0,3,7,7,0,0,0,0,0,0,200,200,200,200,200,200,200
341841,0,35,0,0,0,1,12,2,0,0,0,17,200,0,5,0,4,0,0,200,200
341841,0,35,0,0,0,1,12,2,0,0,0,17,200,0,4,0,0,0,0,200,200
341842,0,30,1,2,0,1,14,5,0,0,0,23,200,1,6,0,0,0,0,200,200
341842,0,30,1,2,0,1,14,5,0,0,0,23,200,2,200,200,7,200,200,200,200
341844,0,30,0,0,0,1,7,7,0,0,0,200,200,1,200,200,10,200,200,200,200
341848,0,30,2,2,0,1,14,2,0,0,0,0,0,0,7,0,200,0,0,200,200
341848,0,30,2,2,0,1,14,2,0,0,0,0,0,1,6,0,200,0,0,200,200
341848,1,30,2,2,0,1,14,2,0,0,0,0,0,1,8,0,200,200,200,200,200
341853,0,30,0,0,0,1,12,5,0,0,0,21,22,0,5,200,2,0,0,200,200
341853,0,30,0,0,0,1,12,5,0,0,0,21,22,0,6,200,0,0,0,200,200
341854,0,25,2,2,0,1,0,5,0,0,0,17,0,0,6,200,12,200,0,200,200
341854,0,25,2,2,0,1,0,5,0,0,0,17,0,1,5,200,200,0,0,200,200
341867,0,40,3,5,0,1,12,3,5,0,0,0,0,0,5,0,200,0,0,200,200
341867,0,40,3,5,0,1,12,3,5,0,0,0,0,0,6,0,12,0,0,200,200
341869,0,30,1,2,0,1,14,2,0,0,0,17,23,1,5,0,1,0,0,200,200
341869,0,30,1,2,0,1,14,2,0,0,0,17,23,1,7,0,0,0,0,200,200
341871,0,25,0,0,0,1,12,5,0,0,0,200,200,0,7,200,12,200,0,200,200
341871,0,25,0,0,0,1,12,5,0,0,0,200,200,1,7,200,0,0,0,200,200
341878,0,15,200,200,200,200,7,7,0,200,200,11,200,1,4,200,10,200,200,200,200
341878,1,15,200,200,200,200,7,7,0,200,200,11,200,1,3,0,200,200,200,200,200
341878,1,15,200,200,200,200,7,7,0,200,200,11,200,0,0,5,200,200,200,200,200
341881,0,30,1,2,0,1,12,6,0,0,0,23,200,1,5,200,7,200,200,200,200
341881,0,30,1,2,0,1,12,6,0,0,0,23,200,0,7,0,0,0,0,200,200
341882,0,30,1,2,0,1,0,12,0,0,0,12,200,0,9,200,12,0,0,200,200
341882,0,30,1,2,0,1,0,12,0,0,0,12,200,0,6,200,0,0,0,200,200
341892,0,30,0,0,0,1,7,3,0,0,0,0,0,1,6,0,12,0,0,200,200
341898,0,25,0,0,0,200,7,5,0,0,0,0,200,2,200,200,200,200,200,200,200
341904,0,25,1,2,0,1,10,2,0,0,0,18,0,0,5,200,3,0,0,200,200
341904,0,25,1,2,0,1,10,2,0,0,0,18,0,0,6,200,200,0,0,200,200
341904,1,25,1,2,0,1,10,2,0,0,0,18,0,1,6,200,200,200,200,200,200
341904,1,25,1,2,0,1,10,2,0,0,0,18,0,1,2,200,200,200,200,200,200
341904,1,25,1,2,0,1,10,2,0,0,0,18,0,0,2,200,200,200,200,200,200
341917,0,20,2,2,0,200,7,5,0,0,0,21,200,2,200,200,200,200,200,200,200
341920,0,30,0,0,0,1,7,5,0,0,0,20,20,0,200,200,6,200,200,200,200
341926,0,30,0,0,0,1,14,2,0,0,0,20,200,0,200,200,6,200,200,200,200
341926,0,30,0,0,0,1,14,2,0,0,0,20,200,1,6,0,7,0,0,200,200
341926,1,30,0,0,0,1,14,2,0,0,0,20,200,1,200,0,200,200,200,200,200
341926,1,30,0,0,0,1,14,2,0,0,0,20,200,0,6,0,200,200,200,200,200
341926,1,30,0,0,0,1,14,2,0,0,0,20,200,1,200,0,200,200,200,200,200
341928,0,30,2,0,0,1,14,2,0,0,0,17,200,0,5,200,1,0,0,200,200
341928,0,30,2,0,0,1,14,2,0,0,0,17,200,1,6,200,0,0,0,200,200
341929,0,30,0,0,0,3,7,6,0,0,0,0,1,2,200,200,200,200,200,200,200
341933,0,30,0,0,0,1,14,5,0,0,0,17,17,0,6,0,1,0,0,200,200
341933,0,30,0,0,0,1,14,5,0,0,0,17,17,1,7,0,0,0,0,200,200
341936,0,30,1,2,0,1,9,2,0,0,0,17,200,0,9,0,1,200,0,200,200
341936,5,30,1,2,0,1,9,2,0,0,0,17,200,0,7,7,0,0,0,200,200
341936,1,30,1,2,0,1,9,2,0,0,0,17,200,1,9,0,200,200,200,200,200
341948,0,30,0,0,0,1,7,5,0,0,0,17,200,0,200,200,4,0,0,200,200
341948,1,30,0,0,0,1,7,5,0,0,0,17,200,0,7,0,200,200,200,200,200
341953,0,30,1,1,0,1,12,6,0,0,0,22,200,2,200,200,2,200,200,200,200
341953,0,30,1,1,0,1,12,6,0,0,0,22,200,1,6,0,0,0,0,200,200
341958,0,30,0,0,0,3,12,6,0,0,0,17,200,0,200,200,1,0,0,200,200
341958,0,30,0,0,0,3,12,6,0,0,0,17,200,0,6,0,0,0,0,200,200
341960,0,25,1,2,0,1,12,5,0,0,0,21,0,0,200,200,1,200,200,200,200
341960,0,25,1,2,0,1,12,5,0,0,0,21,0,1,6,0,0,12,0,200,200
341961,0,30,0,0,0,1,0,5,0,0,0,0,0,1,7,200,0,0,0,200,200
341961,0,30,0,0,0,1,0,5,0,0,0,0,0,1,5,0,0,0,0,200,200
341970,0,25,1,2,0,1,14,5,0,0,0,23,200,2,200,200,7,200,200,200,200
341970,0,25,1,2,0,1,14,5,0,0,0,23,200,1,8,0,0,0,0,200,200
341971,0,30,0,0,0,1,10,5,0,0,0,20,20,0,200,200,6,200,200,200,200
341971,0,30,0,0,0,1,10,5,0,0,0,20,20,1,200,0,0,0,0,200,200
341971,1,30,0,0,0,1,10,5,0,0,0,20,20,1,3,0,200,200,200,200,200