RD_NO,PERSON_TYPE,POSTED_SPEED_LIMIT,TRAFFIC_CONTROL_DEVICE,DEVICE_CONDITION,WEATHER_CONDITION,LIGHTING_CONDITION,FIRST_CRASH_TYPE,TRAFFICWAY_TYPE,ALIGNMENT,ROADWAY_SURFACE_COND,ROAD_DEFECT,PRIM_CONTRIBUTORY_CAUSE,SEC_CONTRIBUTORY_CAUSE,SEX,AGE,SAFETY_EQUIPMENT,DRIVER_ACTION,DRIVER_VISION,PHYSICAL_CONDITION,BAC_RESULT VALUE,CELL_PHONE_USE
341971,1,30,0,0,0,1,10,5,0,0,0,20,20,1,0,0,200,200,200,200,200
341971,1,30,0,0,0,1,10,5,0,0,0,20,20,1,1,0,200,200,200,200,200
341971,1,30,0,0,0,1,10,5,0,0,0,20,20,1,0,0,200,200,200,200,200
341973,0,30,0,0,0,1,12,2,0,0,0,0,0,2,200,200,200,200,200,200,200
341973,1,30,0,0,0,1,12,2,0,0,0,0,0,1,200,0,200,200,200,200,200
341973,1,30,0,0,0,1,12,2,0,0,0,0,0,1,200,7,200,200,200,200,200
341980,0,30,0,0,0,1,12,5,0,0,0,0,0,1,200,200,200,200,200,200,200
341980,0,30,0,0,0,1,12,5,0,0,0,0,0,1,8,0,0,0,0,200,200
341983,0,20,0,2,0,1,2,6,0,0,0,20,11,0,6,7,6,0,0,200,200
341986,0,30,0,0,200,1,7,5,0,0,0,0,200,0,200,200,200,200,200,200,200
341987,0,30,2,2,0,1,10,2,0,0,0,0,0,0,8,200,6,200,200,200,200
341987,0,30,2,2,0,1,10,2,0,0,0,0,0,0,8,200,0,0,200,200,200
341989,0,30,0,0,0,1,10,5,0,1,0,18,200,1,5,0,3,0,0,200,200
341989,0,30,0,0,0,1,10,5,0,1,0,18,200,1,5,0,0,0,0,200,200
341989,0,30,0,0,0,1,10,5,0,1,0,18,200,2,200,200,0,200,200,200,200
341989,1,30,0,0,0,1,10,5,0,1,0,18,200,1,6,0,200,200,200,200,200
341989,1,30,0,0,0,1,10,5,0,1,0,18,200,0,2,0,200,200,200,200,200
341989,1,30,0,0,0,1,10,5,0,1,0,18,200,0,0,0,200,200,200,200,200
341990,0,5,0,0,200,1,7,7,0,0,0,0,0,0,6,0,200,200,0,200,200
341992,0,30,0,0,0,1,14,5,0,0,0,17,200,0,4,0,0,0,0,200,200
341992,0,30,0,0,0,1,14,5,0,0,0,17,200,0,9,0,1,0,0,200,200
341993,0,30,0,0,0,1,7,5,0,0,0,0,0,2,200,200,200,200,200,200,200
342010,0,0,0,0,0,1,14,5,0,0,0,23,11,0,4,0,7,0,0,200,200
342010,0,0,0,0,0,1,14,5,0,0,0,23,11,1,7,0,0,0,0,200,200
342014,0,30,1,2,0,1,0,6,0,0,0,0,200,1,6,0,5,0,0,200,200
342014,0,30,1,2,0,1,0,6,0,0,0,0,200,0,5,0,0,0,0,200,200
342014,1,30,1,2,0,1,0,6,0,0,0,0,200,1,5,0,200,200,200,200,200
342014,1,30,1,2,0,1,0,6,0,0,0,0,200,0,2,5,200,200,200,200,200
342014,1,30,1,2,0,1,0,6,0,0,0,0,200,1,1,5,200,200,200,200,200
342018,0,30,2,2,0,1,12,5,0,0,12,0,200,1,7,0,12,12,0,200,200
342018,0,30,2,2,0,1,12,5,0,0,12,0,200,0,7,0,0,0,0,200,200
342020,0,30,0,0,0,1,10,5,0,0,0,20,200,0,5,0,6,0,0,200,200
342020,0,30,0,0,0,1,10,5,0,0,0,20,200,0,6,0,0,0,0,200,200
342033,0,30,1,2,0,1,10,5,0,0,0,18,0,0,5,0,3,200,0,200,200
342033,0,30,1,2,0,1,10,5,0,0,0,18,0,1,6,0,0,0,0,200,200
342035,0,30,0,200,2,0,12,3,0,1,200,15,34,2,200,200,8,200,200,200,200
342035,0,30,0,200,2,0,12,3,0,1,200,15,34,1,8,0,0,4,0,200,200
342045,0,25,0,0,0,1,7,6,0,0,0,11,7,0,6,0,6,200,0,200,200
342053,0,30,1,200,0,1,10,5,0,0,0,16,0,0,6,200,12,200,0,200,200
342053,0,30,1,200,0,1,10,5,0,0,0,16,0,0,8,200,200,200,0,200,200
342053,0,30,1,200,0,1,10,5,0,0,0,16,0,1,7,200,200,200,0,200,200
342053,1,30,1,200,0,1,10,5,0,0,0,16,0,0,200,200,200,200,200,200,200
342054,0,30,0,0,0,200,7,5,0,0,0,0,200,2,200,200,200,200,200,200,200
342055,0,25,1,2,0,1,0,12,0,0,0,0,200,0,7,0,12,0,0,200,200
342055,0,25,1,2,0,1,0,12,0,0,0,0,200,0,9,0,12,0,0,200,200
342055,1,25,1,2,0,1,0,12,0,0,0,0,200,1,9,0,200,200,200,200,200
342058,0,0,0,0,0,1,14,2,0,0,0,17,200,0,5,200,7,0,0,200,200
342058,0,0,0,0,0,1,14,2,0,0,0,17,200,0,6,200,0,200,0,200,200
342058,1,0,0,0,0,1,14,2,0,0,0,17,200,1,5,200,200,200,200,200,200
342058,1,0,0,0,0,1,14,2,0,0,0,17,200,1,6,200,200,200,200,200,200
342067,0,0,1,2,0,1,10,3,0,0,0,0,200,0,6,0,3,0,0,200,200
342067,0,0,1,2,0,1,10,3,0,0,0,0,200,0,7,0,0,0,0,200,200
342068,0,30,0,0,0,4,11,6,0,0,0,20,20,0,4,0,6,0,0,200,200
342068,0,30,0,0,0,4,11,6,0,0,0,20,20,1,6,0,0,0,0,200,200
342069,0,0,1,2,0,1,12,5,0,0,0,22,11,0,200,200,4,200,200,200,200
342069,0,0,1,2,0,1,12,5,0,0,0,22,11,1,6,0,0,0,0,200,200
342071,0,30,200,200,0,1,7,5,0,0,200,0,200,2,200,200,200,200,200,200,200
342076,0,30,0,0,0,1,14,5,0,0,200,0,0,0,200,200,1,200,200,200,200
342076,0,30,0,0,0,1,14,5,0,0,200,0,0,0,9,0,0,200,0,200,200
342080,0,30,1,2,0,1,12,2,0,0,0,0,200,0,5,0,0,0,0,200,200
342080,0,30,1,2,0,1,12,2,0,0,0,0,200,0,6,0,0,0,0,200,200
342081,0,30,0,0,0,200,7,5,0,0,0,0,0,2,200,200,200,200,200,200,200
342082,0,30,1,2,0,1,14,5,0,0,0,23,17,1,6,200,1,200,200,200,200
342082,0,30,1,2,0,1,14,5,0,0,0,23,17,1,5,0,0,0,0,200,200
342082,1,30,1,2,0,1,14,5,0,0,0,23,17,0,200,0,200,200,200,200,200
342082,1,30,1,2,0,1,14,5,0,0,0,23,17,1,200,0,200,200,200,200,200
342085,0,35,1,5,0,1,12,1,0,0,0,0,0,0,200,200,2,200,200,200,200
342085,0,35,1,5,0,1,12,1,0,0,0,0,0,1,6,0,0,0,0,200,200
342086,0,30,2,2,0,1,14,2,0,0,0,0,0,1,5,0,200,0,0,200,200
342086,0,30,2,2,0,1,14,2,0,0,0,0,0,1,200,7,200,0,0,200,200
342086,1,30,2,2,0,1,14,2,0,0,0,0,0,1,200,0,200,200,200,200,200
342087,0,0,1,2,0,1,10,5,0,0,0,30,18,1,200,200,11,200,200,200,200
342087,0,0,1,2,0,1,10,5,0,0,0,30,18,1,5,0,0,0,0,200,200
342090,0,35,1,2,0,3,14,5,0,0,0,0,0,0,5,0,0,0,0,200,200
342090,0,35,1,2,0,3,14,5,0,0,0,0,0,1,5,200,1,200,200,200,200
342093,0,10,0,200,0,1,7,7,0,0,0,0,200,2,200,200,200,200,200,200,200
342095,0,30,1,2,0,1,14,12,0,0,0,0,0,0,8,0,200,200,0,200,200
342095,0,30,1,2,0,1,14,12,0,0,0,0,0,0,6,0,200,200,0,200,200
342095,1,30,1,2,0,1,14,12,0,0,0,0,0,1,6,0,200,200,200,200,200
342095,1,30,1,2,0,1,14,12,0,0,0,0,0,1,5,0,200,200,200,200,200
342095,1,30,1,2,0,1,14,12,0,0,0,0,0,0,2,0,200,200,200,200,200
342095,1,30,1,2,0,1,14,12,0,0,0,0,0,1,1,0,200,200,200,200,200
342096,0,10,12,12,0,1,12,7,0,0,0,11,200,0,7,200,6,0,0,200,200
342096,0,10,12,12,0,1,12,7,0,0,0,11,200,0,6,200,0,0,0,200,200
342102,0,30,1,2,0,1,14,6,0,0,0,23,200,1,200,200,7,200,200,200,200
342102,0,30,1,2,0,1,14,6,0,0,0,23,200,0,6,0,0,0,0,200,200
342104,0,30,1,2,0,1,9,5,2,0,200,200,200,1,8,200,200,200,200,200,200
342104,5,30,1,2,0,1,9,5,2,0,200,200,200,0,8,200,200,200,200,200,200
342107,0,30,1,200,0,1,12,5,0,0,200,22,21,1,200,200,2,200,200,200,200
342107,0,30,1,200,0,1,12,5,0,0,200,22,21,0,7,0,0,200,0,200,200
342111,0,40,0,200,0,1,12,3,0,0,0,21,16,0,200,200,200,200,200,200,200
342111,0,40,0,200,0,1,12,3,0,0,0,21,16,0,7,200,0,200,0,200,200
342118,0,25,0,0,0,1,2,6,0,0,0,20,0,0,5,0,6,0,0,200,200
342118,1,25,0,0,0,1,2,6,0,0,0,20,0,0,5,0,200,200,200,200,200
342122,0,30,0,0,0,1,10,3,0,0,0,18,18,2,200,200,3,200,200,200,200
342122,0,30,0,0,0,1,10,3,0,0,0,18,18,1,200,0,0,0,0,200,200
342123,0,10,0,0,0,1,10,4,0,200,200,18,18,1,6,200,3,200,200,200,200
342123,0,10,0,0,0,1,10,4,0,200,200,18,18,0,6,0,12,200,200,200,200
342130,0,30,1,0,0,1,10,5,0,0,0,7,200,1,6,0,12,0,0,200,200
342130,0,30,1,0,0,1,10,5,0,0,0,7,200,1,8,200,0,0,0,200,200
342130,1,30,1,0,0,1,10,5,0,0,0,7,200,1,2,0,200,200,200,200,200
342130,1,30,1,0,0,1,10,5,0,0,0,7,200,0,1,0,200,200,200,200,200
342132,0,30,1,2,2,3,10,2,0,1,0,0,200,0,200,200,200,200,200,200,200
342132,0,30,1,2,2,3,10,2,0,1,0,0,200,1,4,0,0,0,0,200,200
342132,1,30,1,2,2,3,10,2,0,1,0,0,200,1,4,0,200,200,200,200,200
342134,0,25,2,2,0,1,14,5,0,0,0,23,0,1,7,0,7,0,0,200,200
342134,0,25,2,2,0,1,14,5,0,0,0,23,0,0,5,0,7,0,0,200,200
342136,0,30,0,0,0,1,7,6,0,0,0,0,0,0,7,0,12,0,0,200,200
342140,0,30,0,0,0,1,12,2,0,0,0,22,21,1,0,0,4,0,0,200,200
342140,0,30,0,0,0,1,12,2,0,0,0,22,21,1,5,0,0,0,0,200,200
342140,1,30,0,0,0,1,12,2,0,0,0,22,21,1,0,5,200,200,200,200,200
342151,0,10,0,0,200,200,7,7,0,200,200,0,0,2,200,200,200,200,200,200,200
342152,0,30,1,2,0,1,7,5,0,0,0,200,200,0,200,200,12,200,200,200,200
342154,0,30,0,0,0,1,10,2,0,0,0,18,200,1,6,0,3,0,0,200,200
342154,0,30,0,0,0,1,10,2,0,0,0,18,200,0,6,0,0,0,0,200,200
342154,1,30,0,0,0,1,10,2,0,0,0,18,200,0,1,0,200,200,200,200,200
342159,0,30,0,0,0,4,7,7,0,0,0,0,0,2,200,200,200,200,200,200,200
342162,0,30,0,0,0,1,7,0,0,0,0,0,0,2,200,200,2,200,200,200,200
342164,0,30,200,200,200,200,7,5,0,0,200,0,200,0,5,0,200,0,0,200,200
342168,0,30,0,0,0,1,10,6,0,0,0,18,200,0,7,0,3,0,0,200,200
342168,0,30,0,0,0,1,10,6,0,0,0,18,200,1,200,0,0,0,0,200,200
342183,0,35,1,2,0,1,14,3,0,0,0,0,22,1,4,0,7,200,0,200,200
342183,0,35,1,2,0,1,14,3,0,0,0,0,22,0,8,0,0,0,0,200,200
342183,1,35,1,2,0,1,14,3,0,0,0,0,22,0,0,5,200,200,200,200,200
342183,1,35,1,2,0,1,14,3,0,0,0,0,22,0,1,5,200,200,200,200,200
342183,1,35,1,2,0,1,14,3,0,0,0,0,22,0,200,0,200,200,200,200,200
342183,1,35,1,2,0,1,14,3,0,0,0,0,22,0,200,0,200,200,200,200,200
342185,0,30,200,200,0,1,5,5,0,0,200,0,200,1,7,200,200,200,0,200,200
342189,0,30,0,0,0,1,10,3,0,0,0,11,11,0,8,0,12,0,0,200,200
342189,0,30,0,0,0,1,10,3,0,0,0,11,11,0,7,0,0,0,0,200,200
342190,4,30,0,0,0,1,8,5,0,0,0,16,200,0,3,2,12,0,0,200,200
342190,0,30,0,0,0,1,8,5,0,0,0,16,200,0,200,200,0,200,200,200,200
342192,0,0,0,12,0,1,7,12,4,200,200,20,200,0,7,200,12,12,0,200,200
342192,1,0,0,12,0,1,7,12,4,200,200,20,200,200,5,200,200,200,200,200,200
342192,1,0,0,12,0,1,7,12,4,200,200,20,200,0,1,200,200,200,200,200,200
342207,0,30,0,0,0,2,10,5,0,0,0,200,200,0,5,0,0,0,0,200,200
342207,0,30,0,0,0,2,10,5,0,0,0,200,200,0,7,0,0,0,0,200,200
342210,0,30,1,2,0,1,12,6,0,0,0,0,0,0,200,200,200,200,200,200,200
342210,0,30,1,2,0,1,12,6,0,0,0,0,0,0,200,0,12,0,0,200,200
342213,0,20,0,0,0,3,7,5,2,0,0,16,0,2,200,200,200,200,200,200,200
342215,0,30,0,0,0,1,0,6,0,0,0,0,0,0,6,0,200,200,200,200,200
342215,0,30,0,0,0,1,0,6,0,0,0,0,0,1,7,0,0,0,0,200,200
342216,0,35,2,2,0,1,14,2,0,0,0,0,0,0,5,0,200,200,0,200,200
342216,0,35,2,2,0,1,14,2,0,0,0,0,0,1,7,0,0,0,0,200,200
342216,1,35,2,2,0,1,14,2,0,0,0,0,0,0,5,0,200,200,200,200,200
342219,0,30,0,0,0,1,10,5,0,200,200,18,18,1,6,200,3,200,200,200,200
342219,0,30,0,0,0,1,10,5,0,200,200,18,18,1,6,0,200,200,200,200,200
342219,0,30,0,0,0,1,10,5,0,200,200,18,18,1,200,200,200,200,200,200,200
342219,1,30,0,0,0,1,10,5,0,200,200,18,18,1,200,200,200,200,200,200,200
342220,0,30,12,2,0,1,7,5,0,0,0,20,34,0,7,200,6,0,0,200,200
342220,1,30,12,2,0,1,7,5,0,0,0,20,34,0,6,200,200,200,200,200,200
342230,0,30,1,2,0,1,10,5,0,0,0,18,0,0,200,200,3,200,200,200,200
342230,0,30,1,2,0,1,10,5,0,0,0,18,0,1,9,0,0,0,0,200,200
342230,1,30,1,2,0,1,10,5,0,0,0,18,0,1,200,200,200,200,200,200,200
342235,0,30,0,0,0,1,7,6,0,0,0,0,0,0,8,200,200,200,200,200,200
342238,0,25,1,2,0,1,14,5,0,0,200,0,200,0,200,200,200,200,200,200,200
342238,0,25,1,2,0,1,14,5,0,0,200,0,200,0,8,200,200,200,0,200,200
342246,0,15,0,0,0,1,0,7,0,0,2,0,0,1,6,0,6,0,0,200,200
342246,0,15,0,0,0,1,0,7,0,0,2,0,0,1,7,0,0,0,0,200,200
342248,0,30,0,200,0,3,10,12,0,0,0,18,18,2,200,200,3,200,200,200,200
342248,0,30,0,200,0,3,10,12,0,0,0,18,18,1,6,200,0,200,200,200,200
342249,0,25,0,0,0,1,7,6,0,0,0,0,0,1,5,200,200,0,0,200,200
342252,0,35,0,0,0,1,10,5,0,0,0,0,200,0,200,200,3,200,200,200,200
342252,0,35,0,0,0,1,10,5,0,0,0,0,200,1,6,200,0,200,0,200,200
342254,0,35,1,2,0,1,14,1,0,0,0,6,6,1,6,200,1,200,0,200,200
342254,0,35,1,2,0,1,14,1,0,0,0,6,6,0,8,200,0,200,0,200,200
342255,0,30,0,0,0,1,14,2,0,0,0,0,200,0,200,200,1,200,200,200,200
342255,0,30,0,0,0,1,14,2,0,0,0,0,200,1,5,0,0,0,0,200,200
342256,0,0,0,0,0,1,7,7,0,0,0,0,0,0,200,200,200,200,200,200,200
342256,1,0,0,0,0,1,7,7,0,0,0,0,0,1,200,200,200,200,200,200,200
342261,0,30,1,2,0,1,10,2,0,0,0,18,18,0,7,0,8,200,0,200,200
342261,0,30,1,2,0,1,10,2,0,0,0,18,18,1,6,0,0,0,0,200,200
342261,1,30,1,2,0,1,10,2,0,0,0,18,18,0,200,0,200,200,200,200,200
342263,0,30,0,0,0,200,7,6,0,200,0,0,200,2,200,200,200,200,200,200,200
342266,0,30,1,2,0,1,9,5,0,0,0,23,17,0,6,0,1,0,0,200,200
342266,5,30,1,2,0,1,9,5,0,0,0,23,17,1,8,2,0,0,0,200,200
342269,0,30,1,2,0,1,0,5,0,0,0,0,0,0,200,200,200,0,0,200,200
342269,0,30,1,2,0,1,0,5,0,0,0,0,0,0,200,0,200,0,0,200,200
342278,0,30,0,0,0,1,12,5,0,0,0,200,200,1,200,200,0,200,200,200,200
342278,0,30,0,0,0,1,12,5,0,0,0,200,200,1,4,0,0,0,0,200,200
342278,1,30,0,0,0,1,12,5,0,0,0,200,200,1,200,0,200,200,200,200,200
342281,0,30,1,2,0,1,12,6,0,0,0,17,16,0,7,0,1,0,0,200,200
342281,0,30,1,2,0,1,12,6,0,0,0,17,16,0,7,200,200,0,0,200,200
342292,0,30,0,0,0,1,12,3,0,0,0,21,11,1,200,200,4,200,200,200,200
342292,0,30,0,0,0,1,12,3,0,0,0,21,11,1,6,0,0,0,0,200,200
342295,0,40,0,0,0,2,10,3,4,0,1,28,29,0,5,200,200,0,0,200,200
342295,0,40,0,0,0,2,10,3,4,0,1,28,29,0,7,200,200,0,0,200,200
342305,0,45,1,2,0,1,12,5,0,0,0,22,22,0,7,0,2,200,0,200,200
342305,0,45,1,2,0,1,12,5,0,0,0,22,22,0,6,0,0,0,0,200,200
342306,0,30,0,0,0,1,7,5,0,0,0,0,0,0,200,0,12,0,0,200,200
342306,1,30,0,0,0,1,7,5,0,0,0,0,0,0,200,0,200,200,200,200,200
342308,0,30,1,2,0,1,10,2,0,200,200,7,20,1,7,0,12,200,0,200,200
342308,0,30,1,2,0,1,10,2,0,200,200,7,20,0,7,0,0,200,0,200,200
342314,0,30,0,0,0,1,7,5,0,0,0,200,200,2,200,200,200,200,200,200,200
342320,0,35,1,2,0,1,10,2,0,0,0,16,18,0,6,200,3,0,0,200,200
342320,0,35,1,2,0,1,10,2,0,0,0,16,18,1,6,200,200,200,0,200,200
342320,0,35,1,2,0,1,10,2,0,0,0,16,18,1,7,0,200,0,0,200,200
342325,0,30,1,2,0,1,10,3,0,0,0,16,200,1,7,200,1,200,0,200,200
342325,0,30,1,2,0,1,10,3,0,0,0,16,200,1,7,0,0,0,0,200,200
342327,0,20,0,0,0,1,12,2,0,0,12,200,200,0,5,200,1,12,0,200,200
342327,0,20,0,0,0,1,12,2,0,0,12,200,200,0,5,200,0,12,0,200,200
342328,0,30,1,2,0,3,10,5,0,200,200,0,0,1,5,200,200,200,200,200,200
342328,0,30,1,2,0,3,10,5,0,200,200,0,0,0,6,0,0,200,200,200,200
342332,0,30,1,2,0,1,10,5,0,0,0,0,200,0,200,200,200,200,200,200,200
342332,0,30,1,2,0,1,10,5,0,0,0,0,200,1,6,0,0,0,0,200,200
342332,1,30,1,2,0,1,10,5,0,0,0,0,200,1,2,0,200,200,200,200,200
342332,1,30,1,2,0,1,10,5,0,0,0,0,200,1,1,5,200,200,200,200,200
342333,0,30,1,2,0,1,12,5,0,0,0,0,0,1,200,0,200,0,0,200,200
342333,0,30,1,2,0,1,12,5,0,0,0,0,0,0,200,0,200,0,0,200,200
342334,0,30,0,0,0,1,0,2,0,0,0,17,200,0,4,200,1,200,200,200,200
342334,0,30,0,0,0,1,0,2,0,0,0,17,200,1,7,0,0,0,200,200,200
342335,0,10,0,0,0,1,7,12,0,0,0,20,200,1,6,0,6,0,0,200,200
342337,0,30,0,0,0,1,7,6,0,0,0,0,200,2,200,200,200,200,200,200,200
342338,0,25,0,0,0,1,7,5,0,0,1,0,0,0,4,200,6,200,0,200,200
342341,0,30,0,1,0,1,7,5,0,0,0,0,200,1,6,0,10,0,0,200,200
342344,0,10,0,0,0,1,11,7,0,0,0,0,200,0,6,200,200,200,200,200,200
342344,0,10,0,0,0,1,11,7,0,0,0,0,200,0,8,0,200,200,0,200,200
342344,1,10,0,0,0,1,11,7,0,0,0,0,200,0,6,200,200,200,200,200,200
342347,0,30,0,0,0,1,12,6,0,0,0,17,0,0,6,0,12,0,0,200,200
342347,0,30,0,0,0,1,12,6,0,0,0,17,0,0,6,0,0,0,0,200,200
342354,0,30,0,0,0,1,12,3,0,0,0,22,0,1,9,0,2,200,0,200,200
342354,0,30,0,0,0,1,12,3,0,0,0,22,0,0,0,0,0,0,0,200,200
342354,1,30,0,0,0,1,12,3,0,0,0,22,0,0,7,0,200,200,200,200,200
342354,1,30,0,0,0,1,12,3,0,0,0,22,0,1,6,0,200,200,200,200,200
342356,0,10,0,0,0,1,7,7,4,0,0,0,0,2,200,200,200,200,200,200,200
342357,0,45,0,0,0,1,10,3,0,0,0,15,200,1,6,200,8,0,0,200,200
342357,0,45,0,0,0,1,10,3,0,0,0,15,200,0,7,200,0,0,0,200,200
342357,1,45,0,0,0,1,10,3,0,0,0,15,200,200,200,200,200,200,200,200,200
342358,0,30,0,0,0,1,14,5,0,0,0,18,11,0,0,0,3,0,0,200,200
342358,0,30,0,0,0,1,14,5,0,0,0,18,11,0,8,0,0,0,0,200,200
342358,0,30,0,0,0,1,14,5,0,0,0,18,11,0,7,0,0,0,0,200,200
342362,0,30,1,2,0,1,14,6,0,0,0,0,0,0,7,200,200,200,0,200,200
342362,0,30,1,2,0,1,14,6,0,0,0,0,0,0,5,200,200,200,0,200,200
342364,0,30,1,2,0,1,7,5,0,0,0,17,200,0,8,0,2,0,0,200,200
342366,0,30,1,2,0,1,14,2,0,0,0,0,0,1,7,0,200,0,0,200,200
342366,0,30,1,2,0,1,14,2,0,0,0,0,0,0,6,0,200,0,0,200,200
342367,0,30,1,2,0,1,0,5,0,0,0,6,200,0,6,0,5,0,0,200,200
342367,0,30,1,2,0,1,0,5,0,0,0,6,200,0,8,0,0,0,0,200,200
342367,1,30,1,2,0,1,0,5,0,0,0,6,200,1,200,0,200,200,200,200,200
342373,0,30,0,0,0,1,0,2,0,0,0,17,200,0,4,200,1,0,0,200,200
342373,0,30,0,0,0,1,0,2,0,0,0,17,200,1,8,0,0,0,0,200,200
342373,1,30,0,0,0,1,0,2,0,0,0,17,200,0,6,7,200,200,200,200,200
342375,0,30,200,200,200,200,7,5,0,200,200,0,200,2,200,200,200,200,200,200,200
342376,0,20,0,0,0,1,14,6,0,0,0,20,20,0,8,200,6,12,0,200,200
342376,0,20,0,0,0,1,14,6,0,0,0,20,20,0,6,200,0,200,0,200,200
342377,0,30,0,0,0,1,12,2,0,0,0,17,16,0,8,200,4,0,0,200,200
342377,0,30,0,0,0,1,12,2,0,0,0,17,16,0,6,200,0,0,0,200,200
342379,0,15,0,0,0,1,11,7,0,0,200,0,0,0,6,0,200,200,0,200,200
342379,0,15,0,0,0,1,11,7,0,0,200,0,0,1,7,0,12,0,0,200,200
342383,0,30,0,0,0,1,0,2,0,0,0,22,17,0,7,7,1,1,0,200,200
342383,0,30,0,0,0,1,0,2,0,0,0,22,17,0,5,7,200,200,0,200,200
342384,0,30,1,2,0,1,0,1,0,0,0,33,0,0,7,0,1,1,0,200,200
342384,0,30,1,2,0,1,0,1,0,0,0,33,0,0,6,0,0,0,0,200,200
342384,1,30,1,2,0,1,0,1,0,0,0,33,0,1,200,0,200,200,200,200,200
342393,0,30,0,0,0,1,14,5,0,0,0,200,200,1,6,0,12,12,0,200,200
342393,0,30,0,0,0,1,14,5,0,0,0,200,200,0,7,0,0,0,0,200,200
342402,0,30,0,0,0,1,10,2,0,0,0,18,11,2,200,200,200,200,200,200,200
342402,0,30,0,0,0,1,10,2,0,0,0,18,11,1,6,0,0,0,0,200,200
342412,0,20,0,0,0,1,7,7,0,0,0,11,200,2,200,200,6,200,200,200,200
342425,0,30,1,1,0,1,10,5,0,0,0,0,0,1,7,200,12,200,200,200,200
342425,0,30,1,1,0,1,10,5,0,0,0,0,0,1,5,0,0,0,0,200,200
342425,1,30,1,1,0,1,10,5,0,0,0,0,0,1,2,0,200,200,200,200,200
342433,0,30,0,0,0,1,14,5,0,0,0,0,200,0,7,200,200,1,0,200,200
342433,0,30,0,0,0,1,14,5,0,0,0,0,200,1,7,200,0,0,0,200,200
342436,0,30,0,0,0,1,7,5,0,0,0,32,9,0,6,200,12,0,5,0.1,200
342437,0,30,1,2,0,1,11,5,0,0,0,0,0,0,6,200,200,200,200,200,200
342437,0,30,1,2,0,1,11,5,0,0,0,0,0,0,6,0,0,0,0,200,200
342439,0,30,1,2,0,1,12,2,0,0,0,22,0,0,200,200,2,200,200,200,200
342439,0,30,1,2,0,1,12,2,0,0,0,22,0,1,4,0,0,0,0,200,200
342441,0,30,0,0,0,1,12,5,0,200,200,0,0,0,5,200,200,200,200,200,200
342441,0,30,0,0,0,1,12,5,0,200,200,0,0,0,7,0,0,0,0,200,200
342444,0,30,1,2,0,1,12,5,0,0,0,22,200,0,200,200,4,200,200,200,200
342444,0,30,1,2,0,1,12,5,0,0,0,22,200,0,7,200,0,0,0,200,200
342444,1,30,1,2,0,1,12,5,0,0,0,22,200,1,200,200,200,200,200,200,200
342447,0,30,1,2,0,1,14,5,0,0,200,28,28,0,5,0,12,200,0,200,200
342447,0,30,1,2,0,1,14,5,0,0,200,28,28,1,6,0,0,0,0,200,200
342452,0,30,1,2,0,0,10,5,0,0,0,18,16,0,200,200,3,200,200,200,200
342452,0,30,1,2,0,0,10,5,0,0,0,18,16,1,5,200,0,0,0,200,200
342453,0,30,1,2,0,1,12,5,0,0,200,21,0,1,5,0,4,200,0,200,200
342453,0,30,1,2,0,1,12,5,0,0,200,21,0,1,6,0,0,200,0,200,200
342457,0,55,0,0,0,1,12,3,0,200,200,21,22,1,200,200,4,200,200,200,200
342457,0,55,0,0,0,1,12,3,0,200,200,21,22,0,5,3,200,200,200,200,200
342459,0,30,2,2,0,1,10,5,0,0,0,18,200,0,6,0,3,0,0,200,200
342459,0,30,2,2,0,1,10,5,0,0,0,18,200,0,6,0,0,0,0,200,200
342460,0,30,1,2,0,1,9,5,0,0,0,0,200,1,6,0,200,0,0,200,200
342460,5,30,1,2,0,1,9,5,0,0,0,0,200,0,8,7,0,12,0,200,200
342466,0,30,0,0,0,1,14,2,0,0,0,17,23,0,7,0,1,0,0,200,200
342466,0,30,0,0,0,1,14,2,0,0,0,17,23,0,6,0,0,0,0,200,200
342467,0,30,0,0,0,1,14,5,0,0,0,0,0,0,200,200,12,0,0,200,200
342467,0,30,0,0,0,1,14,5,0,0,0,0,0,0,200,200,0,200,0,200,200
342468,0,30,0,0,0,1,7,3,0,0,0,11,0,1,6,0,8,0,0,200,200
342468,1,30,0,0,0,1,7,3,0,0,0,11,0,1,6,0,200,200,200,200,200
342468,1,30,0,0,0,1,7,3,0,0,0,11,0,1,0,0,200,200,200,200,200
342468,1,30,0,0,0,1,7,3,0,0,0,11,0,0,6,0,200,200,200,200,200
342468,1,30,0,0,0,1,7,3,0,0,0,11,0,1,6,0,200,200,200,200,200
342470,0,5,0,0,0,1,7,7,0,0,0,0,200,0,200,0,6,0,0,200,200
342475,0,30,1,2,0,1,10,5,0,0,0,18,0,0,200,200,3,200,200,200,200
342475,0,30,1,2,0,1,10,5,0,0,0,18,0,0,7,0,0,0,0,200,200
342476,0,30,0,0,0,1,10,5,0,0,0,200,200,1,8,0,0,0,0,200,200
342476,0,30,0,0,0,1,10,5,0,0,0,200,200,0,200,200,0,200,200,200,200
342476,1,30,0,0,0,1,10,5,0,0,0,200,200,1,200,0,200,200,200,200,200
342478,5,30,0,0,0,1,9,5,0,0,0,13,21,0,7,7,0,1,200,200,200
342478,0,30,0,0,0,1,9,5,0,0,0,13,21,0,8,0,2,0,0,200,200
342480,0,30,0,0,0,1,12,2,0,0,0,17,200,0,6,200,12,0,0,200,200