RD_NO,PERSON_TYPE,POSTED_SPEED_LIMIT,TRAFFIC_CONTROL_DEVICE,DEVICE_CONDITION,WEATHER_CONDITION,LIGHTING_CONDITION,FIRST_CRASH_TYPE,TRAFFICWAY_TYPE,ALIGNMENT,ROADWAY_SURFACE_COND,ROAD_DEFECT,PRIM_CONTRIBUTORY_CAUSE,SEC_CONTRIBUTORY_CAUSE,SEX,AGE,SAFETY_EQUIPMENT,DRIVER_ACTION,DRIVER_VISION,PHYSICAL_CONDITION,BAC_RESULT VALUE,CELL_PHONE_USE
342480,4,30,0,0,0,1,12,2,0,0,0,17,200,0,5,7,0,200,0,200,200
342482,0,30,2,2,0,1,10,5,0,0,0,16,11,0,9,0,3,0,0,200,200
342482,0,30,2,2,0,1,10,5,0,0,0,16,11,1,6,0,0,0,0,200,200
342484,0,30,0,200,0,1,10,7,0,0,0,18,14,1,6,200,3,0,0,200,200
342484,0,30,0,200,0,1,10,7,0,0,0,18,14,0,4,200,0,0,0,200,200
342490,0,30,1,2,0,1,12,6,2,0,0,0,0,0,6,0,0,0,0,200,200
342490,0,30,1,2,0,1,12,6,2,0,0,0,0,1,5,0,200,0,0,200,200
342497,0,20,0,0,200,200,7,5,0,200,0,0,0,2,200,200,200,200,200,200,200
342498,0,30,0,0,0,1,0,5,0,0,0,20,11,1,5,0,6,0,0,200,200
342498,0,30,0,0,0,1,0,5,0,0,0,20,11,1,7,0,0,0,0,200,200
342499,0,30,0,0,0,1,7,12,0,0,0,11,0,0,6,200,10,200,0,200,200
342511,0,35,1,2,0,1,14,2,0,0,0,17,0,0,7,200,0,0,0,200,200
342511,0,35,1,2,0,1,14,2,0,0,0,17,0,0,8,200,0,0,0,200,200
342512,0,30,0,200,0,1,10,6,0,0,0,18,18,1,200,200,1,200,200,200,200
342512,0,30,0,200,0,1,10,6,0,0,0,18,18,0,6,200,0,200,0,200,200
342513,0,30,0,0,0,1,10,5,0,200,200,18,18,0,0,200,3,200,200,200,200
342513,0,30,0,0,0,1,10,5,0,200,200,18,18,1,6,0,200,200,0,200,200
342514,0,30,1,2,0,1,10,5,0,0,0,16,11,1,5,0,1,0,0,200,200
342514,0,30,1,2,0,1,10,5,0,0,0,16,11,0,7,0,0,0,0,200,200
342520,0,30,200,200,200,200,0,5,0,200,200,17,200,1,200,200,1,200,200,200,200
342520,0,30,200,200,200,200,0,5,0,200,200,17,200,1,5,0,200,0,0,200,200
342521,0,30,1,2,0,1,10,5,0,0,0,18,200,0,6,0,3,0,0,200,200
342521,0,30,1,2,0,1,10,5,0,0,0,18,200,0,6,0,0,0,0,200,200
342526,0,30,1,2,0,1,10,5,0,0,0,18,16,1,6,200,3,0,0,200,200
342526,0,30,1,2,0,1,10,5,0,0,0,18,16,1,4,200,0,0,0,200,200
342527,0,0,0,0,0,1,0,7,0,0,0,20,11,1,8,0,6,0,0,200,200
342527,0,0,0,0,0,1,0,7,0,0,0,20,11,0,200,200,0,200,200,200,200
342528,0,30,1,2,0,1,10,2,0,0,0,18,16,2,200,200,3,200,200,200,200
342528,0,30,1,2,0,1,10,2,0,0,0,18,16,0,6,0,3,0,0,200,200
342529,0,30,1,2,0,1,8,5,0,0,0,11,0,0,7,200,0,200,0,200,200
342529,4,30,1,2,0,1,8,5,0,0,0,11,0,0,4,200,12,200,0,200,200
342529,1,30,1,2,0,1,8,5,0,0,0,11,0,0,7,200,200,200,200,200,200
342531,0,25,0,0,0,1,0,5,0,0,0,17,0,1,5,0,1,0,0,200,200
342531,0,25,0,0,0,1,0,5,0,0,0,17,0,0,6,0,0,0,0,200,200
342531,1,25,0,0,0,1,0,5,0,0,0,17,0,1,3,0,200,200,200,200,200
342531,1,25,0,0,0,1,0,5,0,0,0,17,0,1,2,0,200,200,200,200,200
342531,1,25,0,0,0,1,0,5,0,0,0,17,0,1,2,0,200,200,200,200,200
342535,0,30,1,2,0,1,7,5,0,0,0,22,22,0,7,200,2,200,0,200,200
342535,1,30,1,2,0,1,7,5,0,0,0,22,22,0,7,7,200,200,200,200,200
342536,0,25,0,0,0,1,14,5,0,200,200,23,23,0,6,0,1,200,0,200,200
342536,0,25,0,0,0,1,14,5,0,200,200,23,23,0,7,0,200,200,0,200,200
342537,0,30,0,0,200,1,10,3,0,200,200,0,0,1,6,200,200,200,200,200,200
342537,0,30,0,0,200,1,10,3,0,200,200,0,0,0,5,0,0,0,200,200,200
342540,0,30,1,2,0,1,10,2,0,0,0,18,2,0,6,0,15,0,0,200,1
342540,0,30,1,2,0,1,10,2,0,0,0,18,2,0,5,0,0,0,0,200,200
342542,0,30,200,200,0,1,7,5,0,0,0,0,0,2,200,200,200,200,200,200,200
342545,0,30,0,0,0,1,7,5,0,0,0,0,200,0,200,200,200,200,200,200,200
342546,0,30,1,2,0,1,12,3,0,0,0,0,200,0,200,200,4,0,0,200,200
342546,0,30,1,2,0,1,12,3,0,0,0,0,200,0,6,0,0,0,0,200,200
342546,1,30,1,2,0,1,12,3,0,0,0,0,200,1,6,0,200,200,200,200,200
342551,0,30,12,12,0,1,7,5,0,0,200,0,0,2,200,200,200,200,200,200,200
342556,0,30,0,0,0,0,7,5,0,0,0,0,200,0,2,0,12,0,0,200,200
342564,0,30,1,2,0,1,10,2,0,0,0,20,200,0,6,0,6,0,0,200,200
342564,0,30,1,2,0,1,10,2,0,0,0,20,200,0,6,0,0,0,0,200,200
342565,0,0,0,0,0,1,14,5,0,0,0,0,0,0,9,200,200,200,0,200,200
342565,0,0,0,0,0,1,14,5,0,0,0,0,0,1,7,200,0,0,0,200,200
342568,0,30,0,0,0,1,12,5,0,0,0,16,0,1,6,200,12,0,0,200,200
342568,0,30,0,0,0,1,12,5,0,0,0,16,0,0,6,200,0,0,0,200,200
342570,0,35,0,0,0,1,10,5,1,0,0,16,0,0,7,0,200,200,0,200,200
342570,0,35,0,0,0,1,10,5,1,0,0,16,0,0,6,0,0,0,0,200,200
342570,0,35,0,0,0,1,10,5,1,0,0,16,0,0,6,0,0,0,0,200,200
342574,0,30,0,0,0,1,7,7,0,0,0,20,11,1,7,0,6,0,0,200,200
342575,0,30,2,200,0,1,10,5,0,0,0,18,18,1,6,200,3,200,200,200,200
342575,0,30,2,200,0,1,10,5,0,0,0,18,18,0,6,200,0,200,0,200,200
342576,0,10,0,0,0,1,0,7,0,0,0,0,0,1,7,0,0,0,0,200,200
342576,0,10,0,0,0,1,0,7,0,0,0,0,0,0,6,0,0,0,0,200,200
342578,0,30,0,0,0,1,0,6,0,0,200,0,0,0,4,200,200,200,200,200,200
342578,0,30,0,0,0,1,0,6,0,0,200,0,0,1,6,0,200,200,200,200,200
342584,0,30,0,0,0,1,12,3,0,0,0,11,200,0,3,200,12,0,0,200,200
342584,0,30,0,0,0,1,12,3,0,0,0,11,200,0,7,200,12,0,0,200,200
342586,0,30,0,0,0,1,10,6,0,0,0,20,200,0,7,200,6,200,0,200,200
342586,0,30,0,0,0,1,10,6,0,0,0,20,200,1,6,200,0,200,0,200,200
342587,0,30,2,0,0,1,10,5,0,200,200,18,0,0,5,0,3,200,0,200,200
342587,0,30,2,0,0,1,10,5,0,200,200,18,0,0,6,0,0,200,0,200,200
342587,0,30,2,0,0,1,10,5,0,200,200,18,0,1,8,0,0,200,0,200,200
342590,0,30,0,0,0,1,7,6,0,0,0,0,200,2,200,200,200,200,200,200,200
342596,0,45,0,0,0,1,12,5,0,200,200,21,22,0,200,200,4,200,200,200,200
342596,0,45,0,0,0,1,12,5,0,200,200,21,22,0,4,0,12,200,0,200,200
342596,0,45,0,0,0,1,12,5,0,200,200,21,22,2,200,200,200,200,200,200,200
342596,0,45,0,0,0,1,12,5,0,200,200,21,22,2,200,200,200,200,200,200,200
342599,0,30,0,0,0,1,7,6,0,0,0,0,0,1,5,200,200,0,0,200,200
342602,0,35,1,2,0,1,10,5,0,0,0,18,0,0,7,0,3,0,0,200,200
342602,0,35,1,2,0,1,10,5,0,0,0,18,0,1,7,0,0,0,0,200,200
342602,0,35,1,2,0,1,10,5,0,0,0,18,0,1,6,0,0,0,0,200,200
342603,0,25,2,2,0,1,0,5,0,0,0,0,28,1,4,0,0,200,0,200,200
342603,0,25,2,2,0,1,0,5,0,0,0,0,28,1,5,0,200,200,0,200,200
342603,1,25,2,2,0,1,0,5,0,0,0,0,28,0,5,200,200,200,200,200,200
342603,1,25,2,2,0,1,0,5,0,0,0,0,28,1,5,200,200,200,200,200,200
342603,1,25,2,2,0,1,0,5,0,0,0,0,28,200,200,5,200,200,200,200,200
342606,0,15,0,0,0,1,0,0,0,0,0,20,11,0,5,0,12,0,0,200,200
342606,0,15,0,0,0,1,0,0,0,0,0,20,11,0,6,0,0,0,0,200,200
342610,0,30,2,200,0,1,10,2,0,200,200,18,0,0,8,200,3,200,200,200,200
342610,0,30,2,200,0,1,10,2,0,200,200,18,0,1,200,200,200,200,200,200,200
342611,0,30,0,0,0,1,10,5,0,0,0,16,200,2,7,0,3,0,0,200,200
342611,0,30,0,0,0,1,10,5,0,0,0,16,200,0,7,0,0,0,0,200,200
342611,0,30,0,0,0,1,10,5,0,0,0,16,200,0,7,0,0,0,0,200,200
342611,1,30,0,0,0,1,10,5,0,0,0,16,200,1,7,0,200,200,200,200,200
342613,0,35,1,0,0,1,0,5,0,0,0,6,0,0,6,0,0,0,0,200,200
342613,0,35,1,0,0,1,0,5,0,0,0,6,0,1,6,200,5,200,0,200,200
342614,0,40,0,0,0,1,12,3,1,0,0,0,0,1,6,200,200,0,0,200,200
342614,0,40,0,0,0,1,12,3,1,0,0,0,0,0,6,200,200,0,0,200,200
342614,1,40,0,0,0,1,12,3,1,0,0,0,0,0,2,0,200,200,200,200,200
342614,1,40,0,0,0,1,12,3,1,0,0,0,0,1,2,0,200,200,200,200,200
342615,0,30,0,0,0,1,7,6,0,0,0,20,0,0,200,200,6,200,0,200,200
342617,0,30,1,2,0,1,14,5,0,0,0,0,200,0,200,200,12,200,200,200,200
342617,0,30,1,2,0,1,14,5,0,0,0,0,200,1,7,0,12,200,0,200,200
342618,0,30,1,3,0,1,0,5,0,0,0,17,6,1,6,0,1,0,0,200,200
342618,0,30,1,3,0,1,0,5,0,0,0,17,6,1,5,0,0,0,0,200,200
342618,1,30,1,3,0,1,0,5,0,0,0,17,6,1,6,0,200,200,200,200,200
342622,0,30,0,0,0,1,10,5,0,0,0,200,200,0,200,200,0,200,200,200,200
342622,0,30,0,0,0,1,10,5,0,0,0,200,200,0,6,0,0,0,0,200,200
342622,1,30,0,0,0,1,10,5,0,0,0,200,200,0,200,0,200,200,200,200,200
342623,0,35,4,0,0,1,12,3,0,0,200,32,25,0,200,200,1,200,200,200,200
342623,0,35,4,0,0,1,12,3,0,0,200,32,25,0,5,200,0,0,0,200,200
342627,5,15,0,0,0,1,9,6,0,0,0,200,200,0,2,7,1,200,0,200,200
342627,0,15,0,0,0,1,9,6,0,0,0,200,200,1,6,200,0,200,0,200,200
342629,0,30,0,0,0,1,14,5,0,0,0,17,200,1,5,200,7,200,0,200,200
342629,0,30,0,0,0,1,14,5,0,0,0,17,200,0,6,200,200,200,0,200,200
342629,1,30,0,0,0,1,14,5,0,0,0,17,200,1,5,200,200,200,200,200,200
342629,1,30,0,0,0,1,14,5,0,0,0,17,200,1,200,200,200,200,200,200,200
342630,0,20,0,2,0,1,7,6,0,0,0,0,200,0,6,200,8,0,0,200,200
342632,0,35,0,0,0,1,10,6,0,0,0,18,200,1,6,200,3,200,0,200,200
342632,0,35,0,0,0,1,10,6,0,0,0,18,200,0,3,7,0,200,0,200,200
342633,0,30,200,200,0,1,12,5,0,0,0,0,0,0,200,200,200,0,0,200,200
342633,0,30,200,200,0,1,12,5,0,0,0,0,0,1,9,200,200,0,0,200,200
342634,0,30,0,0,0,1,14,2,0,0,0,17,0,0,7,200,1,1,0,200,200
342634,0,30,0,0,0,1,14,2,0,0,0,17,0,1,6,200,0,1,0,200,200
342638,0,30,0,0,0,1,10,5,0,0,200,0,0,1,6,0,200,200,200,200,200
342638,0,30,0,0,0,1,10,5,0,0,200,0,0,1,7,0,200,200,200,200,200
342643,0,30,0,0,0,1,12,5,0,0,0,0,0,1,200,200,200,200,200,200,200
342643,0,30,0,0,0,1,12,5,0,0,0,0,0,0,7,0,0,0,0,200,200
342644,0,30,2,2,0,1,10,5,0,0,0,0,0,0,200,0,3,200,200,200,200
342644,0,30,2,2,0,1,10,5,0,0,0,0,0,0,7,0,0,0,0,200,200
342645,0,30,0,0,0,1,14,5,0,0,0,23,200,0,6,200,7,0,0,200,200
342645,0,30,0,0,0,1,14,5,0,0,0,23,200,0,6,0,0,0,0,200,200
342645,1,30,0,0,0,1,14,5,0,0,0,23,200,1,6,0,200,200,200,200,200
342647,0,30,0,0,0,1,7,12,0,200,200,20,11,0,200,200,6,200,200,200,200
342650,4,30,0,0,0,1,8,2,0,0,0,21,200,1,7,2,12,0,0,200,200
342650,1,30,0,0,0,1,8,2,0,0,0,21,200,0,7,7,200,200,200,200,200
342650,1,30,0,0,0,1,8,2,0,0,0,21,200,0,7,7,200,200,200,200,200
342653,0,30,0,0,0,1,7,5,0,0,0,200,200,0,5,200,12,200,0,200,200
342655,0,45,0,0,0,1,12,5,0,0,0,18,200,0,200,200,3,200,200,200,200
342655,0,45,0,0,0,1,12,5,0,0,0,18,200,1,7,200,0,0,0,200,200
342659,0,30,1,2,0,1,10,5,0,0,0,18,200,0,200,200,3,200,200,200,200
342659,0,30,1,2,0,1,10,5,0,0,0,18,200,1,6,0,0,0,0,200,200
342660,0,30,0,0,0,1,14,2,0,0,0,0,0,0,6,0,0,0,0,200,200
342660,0,30,0,0,0,1,14,2,0,0,0,0,0,1,6,0,0,0,0,200,200
342661,0,30,0,0,0,1,7,12,0,0,0,0,200,2,200,200,200,200,200,200,200
342663,0,30,0,0,0,1,10,5,0,0,0,200,200,1,200,200,0,200,200,200,200
342663,0,30,0,0,0,1,10,5,0,0,0,200,200,0,5,0,0,0,0,200,200
342669,0,30,2,2,0,1,14,5,0,0,0,0,0,1,8,200,200,200,7,200,200
342669,0,30,2,2,0,1,14,5,0,0,0,0,0,1,5,200,200,200,0,200,200
342672,0,30,1,200,0,1,10,2,0,0,0,200,200,0,6,200,1,200,0,200,200
342672,0,30,1,200,0,1,10,2,0,0,0,200,200,0,7,200,200,200,0,200,200
342678,0,30,2,2,0,1,12,5,0,0,0,0,0,0,200,200,200,200,200,200,200
342678,0,30,2,2,0,1,12,5,0,0,0,0,0,1,5,0,0,0,0,200,200
342680,0,30,2,2,0,1,8,5,0,0,0,0,0,0,6,200,200,200,0,200,200
342680,4,30,2,2,0,1,8,5,0,0,0,0,0,0,7,7,200,0,0,200,200
342684,0,30,0,0,0,3,8,6,0,0,0,0,200,1,200,0,200,0,0,200,200
342684,4,30,0,0,0,3,8,6,0,0,0,0,200,0,200,3,0,0,0,200,200
342685,0,30,0,0,0,1,10,5,0,0,0,0,0,0,6,0,0,0,0,200,200
342685,0,30,0,0,0,1,10,5,0,0,0,0,0,1,7,0,0,0,0,200,200
342686,0,30,2,2,0,1,0,5,0,200,200,17,17,0,5,200,1,200,200,200,200
342686,0,30,2,2,0,1,0,5,0,200,200,17,17,1,6,0,0,200,0,200,200
342686,1,30,2,2,0,1,0,5,0,200,200,17,17,1,200,0,200,200,200,200,200
342686,1,30,2,2,0,1,0,5,0,200,200,17,17,0,200,0,200,200,200,200,200
342686,1,30,2,2,0,1,0,5,0,200,200,17,17,1,200,5,200,200,200,200,200
342692,0,25,0,0,0,1,11,7,0,0,0,0,0,0,7,200,200,200,0,200,200
342692,0,25,0,0,0,1,11,7,0,0,0,0,0,0,6,0,200,200,0,200,200
342693,0,30,0,0,0,1,5,5,0,0,0,0,0,1,7,0,200,200,200,200,200
342696,0,30,0,0,0,1,10,5,0,0,0,18,0,0,8,200,3,0,0,200,200
342696,0,30,0,0,0,1,10,5,0,0,0,18,0,0,6,200,0,0,0,200,200
342696,1,30,0,0,0,1,10,5,0,0,0,18,0,1,9,200,200,200,200,200,200
342697,0,30,0,0,0,1,0,6,0,0,0,17,0,1,7,0,1,0,0,200,200
342697,0,30,0,0,0,1,0,6,0,0,0,17,0,1,5,0,0,0,0,200,200
342697,1,30,0,0,0,1,0,6,0,0,0,17,0,0,5,200,200,200,200,200,200
342705,0,30,0,0,0,1,14,5,0,0,0,200,200,0,200,200,0,200,200,200,200
342705,0,30,0,0,0,1,14,5,0,0,0,200,200,0,5,0,0,0,0,200,200
342708,0,30,200,200,0,1,12,6,0,0,200,0,200,1,6,200,200,200,200,200,200
342708,0,30,200,200,0,1,12,6,0,0,200,0,200,0,6,200,200,200,0,200,200
342718,0,30,0,0,0,1,7,2,0,0,0,0,200,2,200,200,200,200,200,200,200
342722,0,30,0,0,0,1,7,2,0,0,0,0,0,0,9,200,200,200,200,200,200
342723,0,30,1,2,0,1,14,5,0,0,0,22,200,0,200,200,2,200,200,200,200
342723,0,30,1,2,0,1,14,5,0,0,0,22,200,0,6,0,0,0,0,200,200
342729,0,30,0,0,0,1,12,2,0,0,0,0,200,1,7,0,200,200,0,200,200
342729,0,30,0,0,0,1,12,2,0,0,0,0,200,1,6,0,200,200,0,200,200
342729,1,30,0,0,0,1,12,2,0,0,0,0,200,1,7,0,200,200,200,200,200
342732,0,30,0,0,0,1,12,6,0,0,0,17,16,0,7,200,4,0,0,200,200
342732,0,30,0,0,0,1,12,6,0,0,0,17,16,0,7,200,0,0,0,200,200
342735,0,30,0,0,0,1,10,200,0,0,0,0,0,0,200,7,200,0,0,200,200
342735,0,30,0,0,0,1,10,200,0,0,0,0,0,1,200,200,200,0,0,200,200
342743,0,30,0,0,0,1,10,12,0,0,0,0,200,1,200,200,200,200,200,200,200
342743,0,30,0,0,0,1,10,12,0,0,0,0,200,0,6,200,0,0,0,200,200
342753,0,30,0,0,0,1,14,5,0,0,0,0,200,1,5,0,200,200,200,200,200
342753,0,30,0,0,0,1,14,5,0,0,0,0,200,0,5,0,200,0,0,200,200
342753,1,30,0,0,0,1,14,5,0,0,0,0,200,1,200,200,200,200,200,200,200
342753,1,30,0,0,0,1,14,5,0,0,0,0,200,1,200,0,200,200,200,200,200
342753,1,30,0,0,0,1,14,5,0,0,0,0,200,1,200,0,200,200,200,200,200
342755,0,15,0,0,0,1,7,6,0,0,0,20,11,0,5,0,6,0,1,200,200
342762,0,30,1,2,0,1,14,2,0,0,0,17,0,0,7,0,1,0,0,200,200
342762,0,30,1,2,0,1,14,2,0,0,0,17,0,1,5,0,0,0,0,200,200
342762,1,30,1,2,0,1,14,2,0,0,0,17,0,0,4,0,200,200,200,200,200
342762,1,30,1,2,0,1,14,2,0,0,0,17,0,0,6,0,200,200,200,200,200
342765,0,30,0,0,0,1,7,5,0,0,0,0,0,2,200,200,12,200,200,200,200
342768,0,30,200,200,0,1,0,5,0,0,200,18,200,1,200,200,200,200,200,200,200
342768,0,30,200,200,0,1,0,5,0,0,200,18,200,0,6,200,200,200,0,200,200
342774,0,30,1,2,0,4,14,2,0,0,0,16,15,0,200,200,8,200,200,200,200
342774,0,30,1,2,0,4,14,2,0,0,0,16,15,1,6,200,0,0,0,200,200
342779,0,30,1,2,0,1,9,5,0,0,0,0,0,1,8,200,1,200,0,200,200
342779,5,30,1,2,0,1,9,5,0,0,0,0,0,1,6,7,12,12,0,200,200
342784,0,30,0,0,0,1,10,5,0,0,0,200,200,0,200,200,0,200,200,200,200
342784,0,30,0,0,0,1,10,5,0,0,0,200,200,1,4,7,0,0,0,200,200
342784,1,30,0,0,0,1,10,5,0,0,0,200,200,1,200,0,200,200,200,200,200
342784,1,30,0,0,0,1,10,5,0,0,0,200,200,1,200,0,200,200,200,200,200
342784,1,30,0,0,0,1,10,5,0,0,0,200,200,0,200,0,200,200,200,200,200
342784,1,30,0,0,0,1,10,5,0,0,0,200,200,0,200,0,200,200,200,200,200
342787,0,10,0,0,0,1,7,7,0,0,0,0,0,2,200,200,10,200,200,200,200
342792,0,30,2,2,0,1,14,2,0,0,0,17,16,1,5,200,1,0,0,200,200
342792,0,30,2,2,0,1,14,2,0,0,0,17,16,1,6,200,0,0,0,200,200
342811,0,30,0,0,0,1,7,2,0,0,0,200,200,2,200,200,200,200,200,200,200
342812,0,30,0,0,0,1,7,5,0,0,0,0,0,0,200,200,0,0,0,200,200
342814,0,30,0,0,0,1,8,3,0,0,0,18,0,0,6,200,3,0,0,200,200
342814,4,30,0,0,0,1,8,3,0,0,0,18,0,0,6,3,0,0,0,200,200
342814,1,30,0,0,0,1,8,3,0,0,0,18,0,1,6,200,200,200,200,200,200
342817,0,30,1,2,0,1,14,5,0,0,200,0,0,0,200,200,1,200,200,200,200
342817,0,30,1,2,0,1,14,5,0,0,200,0,0,1,6,200,0,0,0,200,200
342817,1,30,1,2,0,1,14,5,0,0,200,0,0,1,200,200,200,200,200,200,200
342821,0,35,0,0,0,1,7,5,0,0,0,0,0,2,200,200,200,200,200,200,200
342825,0,35,1,2,0,3,0,3,0,0,0,6,17,1,7,0,5,0,0,200,200
342825,0,35,1,2,0,3,0,3,0,0,0,6,17,0,5,0,0,0,0,200,200
342827,0,35,1,2,0,1,12,5,0,0,0,21,0,1,200,200,4,0,0,200,200
342827,0,35,1,2,0,1,12,5,0,0,0,21,0,1,7,0,0,0,0,200,200
342831,0,30,9,2,0,1,2,200,0,0,0,0,0,0,200,200,200,200,200,200,200
342839,0,30,0,0,0,1,10,5,0,0,0,200,200,1,200,200,0,200,200,200,200
342839,0,30,0,0,0,1,10,5,0,0,0,200,200,0,6,0,0,0,0,200,200
342839,1,30,0,0,0,1,10,5,0,0,0,200,200,1,200,0,200,200,200,200,200
342840,0,30,0,0,0,4,10,5,0,0,0,16,200,0,6,0,200,0,0,200,200
342840,0,30,0,0,0,4,10,5,0,0,0,16,200,0,6,0,0,0,0,200,200
342840,5,30,0,0,0,4,10,5,0,0,0,16,200,1,8,7,0,0,0,200,200
342844,0,30,0,2,0,0,7,6,0,0,200,0,0,0,6,2,200,200,0,200,200
342845,0,30,0,0,0,1,10,5,0,0,200,0,0,0,200,200,200,200,200,200,200
342845,0,30,0,0,0,1,10,5,0,0,200,0,0,1,5,0,200,200,200,200,200
342848,0,30,1,2,0,4,10,5,0,0,0,18,0,0,200,200,3,200,200,200,200
342848,0,30,1,2,0,4,10,5,0,0,0,18,0,1,6,0,0,0,0,200,200
342848,1,30,1,2,0,4,10,5,0,0,0,18,0,0,200,200,200,200,200,200,200
342866,0,15,0,0,0,1,0,5,0,0,0,17,16,1,200,200,1,0,0,200,200
342866,0,15,0,0,0,1,0,5,0,0,0,17,16,1,200,200,0,200,200,200,200
342873,0,30,12,12,0,3,12,6,0,0,200,17,17,0,8,200,1,200,0,200,200
342873,0,30,12,12,0,3,12,6,0,0,200,17,17,0,7,200,12,0,0,200,200
342873,1,30,12,12,0,3,12,6,0,0,200,17,17,1,200,200,200,200,200,200,200
342875,0,30,1,2,0,3,10,2,0,0,0,0,200,2,200,200,200,200,200,200,200
342875,0,30,1,2,0,3,10,2,0,0,0,0,200,0,6,0,0,0,0,200,200
342892,0,30,0,0,0,1,10,3,0,0,0,18,200,0,6,200,3,200,200,200,200
342892,0,30,0,0,0,1,10,3,0,0,0,18,200,1,8,200,0,200,0,200,200
342893,0,20,0,12,0,2,7,6,0,0,0,20,200,1,200,200,6,200,200,200,200
342897,0,30,1,2,0,1,14,5,0,0,0,14,3,0,7,0,12,0,0,200,200
342897,0,30,1,2,0,1,14,5,0,0,0,14,3,0,5,0,7,0,0,200,200
342898,0,15,0,0,0,3,7,7,0,0,0,0,200,2,200,200,200,200,200,200,200
342901,0,30,1,2,0,1,14,12,0,0,12,18,15,0,5,0,8,0,200,200,200
342901,0,30,1,2,0,1,14,12,0,0,12,18,15,1,6,0,0,0,0,200,200
342907,0,30,1,2,0,2,14,0,0,0,0,23,200,0,6,200,7,200,0,200,200
342907,0,30,1,2,0,2,14,0,0,0,0,23,200,1,7,200,0,0,0,200,200
342910,0,30,1,2,0,4,7,5,0,0,0,0,0,0,200,0,200,200,0,200,200
342911,0,30,1,2,0,1,10,5,0,0,0,18,0,1,200,200,3,200,200,200,200
342911,0,30,1,2,0,1,10,5,0,0,0,18,0,1,6,0,12,0,0,200,200
342914,0,30,2,2,0,3,12,2,0,0,0,16,16,0,7,0,8,0,0,200,200
342914,0,30,2,2,0,3,12,2,0,0,0,16,16,0,6,3,0,0,0,200,200
342917,0,30,0,0,0,0,7,5,0,0,0,7,200,1,6,0,200,200,0,200,200
342926,0,30,0,0,0,3,7,5,0,0,0,0,200,2,200,200,200,200,200,200,200
342927,0,30,2,2,0,3,9,5,0,0,0,5,17,0,200,200,5,200,200,200,200
342927,5,30,2,2,0,3,9,5,0,0,0,5,17,1,5,200,0,0,0,200,200
342927,1,30,2,2,0,3,9,5,0,0,0,5,17,1,200,200,200,200,200,200,200
342928,0,35,0,0,0,3,12,5,0,0,0,7,0,0,7,0,12,0,0,200,200
342928,0,35,0,0,0,3,12,5,0,0,0,7,0,0,6,0,0,0,0,200,200
342929,0,30,0,0,200,1,4,2,0,200,1,29,200,0,7,0,0,0,0,200,200
342929,3,30,0,0,200,1,4,2,0,200,1,29,200,200,200,200,200,200,200,200,200
342930,0,30,0,0,0,1,10,5,0,0,0,7,16,0,5,0,12,0,0,200,200
342930,0,30,0,0,0,1,10,5,0,0,0,7,16,0,6,0,0,0,0,200,200
342937,0,30,1,2,0,3,12,6,0,0,0,21,0,1,5,200,4,200,0,200,200
342937,0,30,1,2,0,3,12,6,0,0,0,21,0,0,7,200,200,0,0,200,200
342937,0,30,1,2,0,3,12,6,0,0,0,21,0,0,7,200,0,0,0,200,200
342937,1,30,1,2,0,3,12,6,0,0,0,21,0,1,5,200,200,200,200,200,200
342937,1,30,1,2,0,3,12,6,0,0,0,21,0,0,2,200,200,200,200,200,200
342937,1,30,1,2,0,3,12,6,0,0,0,21,0,0,2,200,200,200,200,200,200
342937,1,30,1,2,0,3,12,6,0,0,0,21,0,0,5,200,200,200,200,200,200
342948,0,30,1,2,0,3,14,3,0,0,0,6,23,1,4,0,1,0,0,200,200
342948,0,30,1,2,0,3,14,3,0,0,0,6,23,0,5,0,0,0,0,200,200
342951,0,10,0,0,0,3,0,7,0,0,0,20,200,1,5,200,6,5,0,200,200
342951,0,10,0,0,0,3,0,7,0,0,0,20,200,0,6,0,14,5,0,200,200
342951,1,10,0,0,0,3,0,7,0,0,0,20,200,1,200,200,200,200,200,200,200
342951,1,10,0,0,0,3,0,7,0,0,0,20,200,1,200,200,200,200,200,200,200
342958,0,30,0,0,0,1,10,5,0,0,0,18,0,1,6,0,3,0,0,200,200
342958,0,30,0,0,0,1,10,5,0,0,0,18,0,0,6,0,0,0,0,200,200
342960,0,30,12,2,0,3,12,5,0,0,0,22,16,0,200,200,2,200,200,200,200
342960,0,30,12,2,0,3,12,5,0,0,0,22,16,1,7,200,1,0,0,200,200
342960,1,30,12,2,0,3,12,5,0,0,0,22,16,0,200,200,200,200,200,200,200
342962,0,30,1,1,0,3,12,6,0,0,200,21,200,0,200,200,4,200,200,200,200
342962,0,30,1,1,0,3,12,6,0,0,200,21,200,0,7,0,0,0,0,200,200
342964,0,30,0,0,0,3,7,5,0,0,0,27,200,0,5,0,12,0,2,200,200
342978,0,30,1,200,0,3,8,5,0,0,0,17,200,0,200,200,5,200,200,200,200
342978,4,30,1,200,0,3,8,5,0,0,0,17,200,0,6,3,0,0,0,200,200
342987,0,30,0,0,0,3,10,3,0,0,0,16,0,0,5,0,3,200,200,200,200