RD_NO,PERSON_TYPE,POSTED_SPEED_LIMIT,TRAFFIC_CONTROL_DEVICE,DEVICE_CONDITION,WEATHER_CONDITION,LIGHTING_CONDITION,FIRST_CRASH_TYPE,TRAFFICWAY_TYPE,ALIGNMENT,ROADWAY_SURFACE_COND,ROAD_DEFECT,PRIM_CONTRIBUTORY_CAUSE,SEC_CONTRIBUTORY_CAUSE,SEX,AGE,SAFETY_EQUIPMENT,DRIVER_ACTION,DRIVER_VISION,PHYSICAL_CONDITION,BAC_RESULT VALUE,CELL_PHONE_USE
342987,0,30,0,0,0,3,10,3,0,0,0,16,0,0,5,200,0,200,200,200,200
343005,0,30,200,200,0,4,10,5,0,0,200,18,200,0,7,200,3,200,200,200,200
343005,0,30,200,200,0,4,10,5,0,0,200,18,200,0,5,0,200,200,0,200,200
343007,0,15,0,0,0,200,0,5,0,0,200,23,200,0,6,200,1,200,200,200,200
343007,0,15,0,0,0,200,0,5,0,0,200,23,200,1,3,200,200,200,200,200,200
343011,0,30,0,0,0,1,7,6,0,0,0,0,200,2,200,200,200,200,200,200,200
343019,0,35,0,0,0,3,7,5,0,0,0,16,0,1,4,200,12,200,200,200,200
343022,0,30,0,0,0,3,7,5,0,0,0,0,0,1,6,0,12,0,0,200,200
343022,1,30,0,0,0,3,7,5,0,0,0,0,0,1,200,0,200,200,200,200,200
343023,0,30,0,0,0,3,7,5,0,200,0,0,200,0,7,0,200,200,200,200,200
343025,0,30,0,0,0,3,7,6,0,0,0,16,16,0,5,200,12,200,7,200,200
343025,5,30,0,0,0,3,7,6,0,0,0,16,16,1,6,7,0,200,7,200,200
343028,0,30,0,0,0,3,10,5,0,0,0,18,0,1,5,200,3,200,0,200,200
343028,0,30,0,0,0,3,10,5,0,0,0,18,0,0,7,0,0,0,0,200,200
343028,1,30,0,0,0,3,10,5,0,0,0,18,0,200,200,200,200,200,200,200,200
343034,0,30,1,2,0,3,10,5,0,0,0,16,14,2,200,200,200,200,200,200,200
343034,0,30,1,2,0,3,10,5,0,0,0,16,14,0,0,0,0,0,0,200,200
343034,1,30,1,2,0,3,10,5,0,0,0,16,14,0,6,0,200,200,200,200,200
343034,1,30,1,2,0,3,10,5,0,0,0,16,14,0,5,0,200,200,200,200,200
343034,1,30,1,2,0,3,10,5,0,0,0,16,14,200,1,0,200,200,200,200,200
343042,0,30,0,0,0,3,12,6,0,0,0,0,0,1,5,200,200,200,200,200,200
343042,0,30,0,0,0,3,12,6,0,0,0,0,0,0,7,0,0,0,0,200,200
343055,0,10,0,0,0,3,7,7,0,0,0,20,0,1,6,200,6,200,200,200,200
343069,0,35,0,0,0,3,2,3,0,0,0,0,200,0,5,0,200,0,0,200,200
343074,0,25,0,0,0,200,7,6,0,0,0,200,200,2,200,200,200,200,200,200,200
343081,0,20,0,0,0,3,9,5,0,0,4,20,200,0,5,200,6,0,200,200,200
343081,5,20,0,0,0,3,9,5,0,0,4,20,200,0,5,7,0,0,200,200,200
343081,1,20,0,0,0,3,9,5,0,0,4,20,200,1,6,200,200,200,200,200,200
343081,1,20,0,0,0,3,9,5,0,0,4,20,200,1,200,200,200,200,200,200,200
343081,1,20,0,0,0,3,9,5,0,0,4,20,200,1,200,200,200,200,200,200,200
343102,0,30,1,2,0,3,12,2,0,0,0,22,11,0,200,200,2,200,200,200,200
343102,0,30,1,2,0,3,12,2,0,0,0,22,11,0,6,0,0,200,0,200,200
343102,1,30,1,2,0,3,12,2,0,0,0,22,11,1,5,200,200,200,200,200,200
343120,0,30,2,0,0,3,0,5,0,0,0,5,16,0,200,200,1,200,200,200,200
343120,0,30,2,0,0,3,0,5,0,0,0,5,16,0,6,0,0,0,0,200,200
343122,0,30,0,0,0,3,12,6,0,0,0,200,200,1,5,200,12,200,0,200,200
343122,0,30,0,0,0,3,12,6,0,0,0,200,200,0,5,200,0,200,0,200,200
343122,1,30,0,0,0,3,12,6,0,0,0,200,200,0,200,200,200,200,200,200,200
343126,0,30,1,2,0,3,0,5,0,0,200,17,17,0,200,200,1,200,200,200,200
343126,0,30,1,2,0,3,0,5,0,0,200,17,17,1,6,200,12,200,0,200,200
343144,0,35,1,2,0,1,10,3,0,0,0,18,200,1,6,0,0,0,0,200,200
343144,0,35,1,2,0,1,10,3,0,0,0,18,200,1,5,0,3,0,0,200,200
343146,0,30,2,1,0,0,14,2,0,200,200,0,200,0,6,200,200,200,200,200,200
343146,0,30,2,1,0,0,14,2,0,200,200,0,200,0,6,200,200,200,200,200,200
343146,1,30,2,1,0,0,14,2,0,200,200,0,200,1,200,200,200,200,200,200,200
343167,0,15,0,0,0,0,7,5,0,0,3,0,0,2,200,200,200,200,200,200,200
343171,0,30,0,0,0,1,12,2,0,0,0,22,0,1,5,200,2,0,0,200,200
343171,0,30,0,0,0,1,12,2,0,0,0,22,0,0,7,0,0,0,0,200,200
343173,0,25,0,0,0,1,7,6,0,0,0,0,200,0,200,200,200,200,200,200,200
343182,0,30,1,2,0,1,0,2,0,0,0,6,16,0,7,0,5,0,0,200,200
343182,0,30,1,2,0,1,0,2,0,0,0,6,16,1,6,0,0,0,0,200,200
343190,0,30,0,0,0,2,7,6,0,0,0,20,0,0,7,200,6,200,200,200,200
343191,0,30,0,0,0,1,12,5,0,0,0,200,200,2,200,200,200,200,200,200,200
343191,0,30,0,0,0,1,12,5,0,0,0,200,200,0,8,0,0,200,0,200,200
343198,0,30,1,2,0,1,12,5,0,0,0,0,0,0,200,200,200,200,200,200,200
343198,0,30,1,2,0,1,12,5,0,0,0,0,0,1,0,0,0,0,0,200,200
343201,0,30,1,2,0,1,0,5,0,0,0,6,25,0,5,200,2,200,0,200,200
343201,0,30,1,2,0,1,0,5,0,0,0,6,25,0,7,0,0,0,0,200,200
343207,0,30,0,0,0,1,12,12,0,0,0,17,11,0,7,0,0,0,0,200,200
343207,0,30,0,0,0,1,12,12,0,0,0,17,11,0,5,0,1,1,0,200,200
343209,0,30,1,2,0,1,0,2,0,0,0,6,16,1,6,0,5,0,0,200,200
343209,0,30,1,2,0,1,0,2,0,0,0,6,16,1,5,0,0,0,0,200,200
343212,0,30,0,0,0,1,7,6,0,0,0,20,200,0,200,200,6,200,200,200,200
343218,0,30,2,2,0,1,12,5,1,0,200,22,0,0,200,200,4,200,200,200,200
343218,0,30,2,2,0,1,12,5,1,0,200,22,0,0,7,200,200,200,0,200,200
343218,0,30,2,2,0,1,12,5,1,0,200,22,0,0,200,200,12,200,0,200,200
343219,0,30,1,2,0,1,10,5,0,0,0,18,0,0,7,200,3,0,0,200,200
343219,0,30,1,2,0,1,10,5,0,0,0,18,0,1,6,0,0,0,0,200,200
343223,0,30,1,2,0,1,8,2,0,0,0,17,11,0,6,200,1,1,0,200,200
343223,4,30,1,2,0,1,8,2,0,0,0,17,11,1,6,200,0,0,0,200,200
343226,0,30,0,0,0,1,14,2,0,0,0,23,200,1,5,0,7,0,0,200,200
343226,0,30,0,0,0,1,14,2,0,0,0,23,200,0,5,0,0,0,0,200,200
343226,1,30,0,0,0,1,14,2,0,0,0,23,200,1,5,0,200,200,200,200,200
343226,1,30,0,0,0,1,14,2,0,0,0,23,200,0,3,0,200,200,200,200,200
343230,0,30,0,0,0,1,7,5,0,0,200,20,0,2,200,200,6,200,200,200,200
343234,0,30,0,0,0,1,7,6,0,0,200,0,200,2,200,200,200,200,200,200,200
343235,0,30,0,0,0,3,7,6,0,0,0,0,200,2,200,200,12,200,200,200,200
343241,0,30,1,2,0,1,14,5,0,0,0,0,0,1,0,0,12,0,0,200,200
343241,0,30,1,2,0,1,14,5,0,0,0,0,0,1,6,0,0,0,0,200,200
343241,0,30,1,2,0,1,14,5,0,0,0,0,0,1,5,0,0,0,0,200,200
343246,0,30,1,2,0,1,12,5,0,0,0,0,0,0,5,200,200,200,200,200,200
343246,0,30,1,2,0,1,12,5,0,0,0,0,0,0,7,200,200,200,0,200,200
343252,0,30,0,0,0,1,11,5,0,0,0,0,0,0,6,0,1,0,0,200,200
343252,0,30,0,0,0,1,11,5,0,0,0,0,0,1,5,0,0,0,0,200,200
343258,0,25,0,0,0,1,0,12,0,0,0,22,0,0,6,200,1,0,0,200,200
343258,0,25,0,0,0,1,0,12,0,0,0,22,0,0,6,200,12,200,0,200,200
343259,0,30,0,0,0,1,0,7,0,0,0,20,200,0,7,0,6,0,0,200,200
343259,0,30,0,0,0,1,0,7,0,0,0,20,200,0,3,0,0,0,0,200,200
343260,0,35,1,2,0,1,14,2,0,0,0,23,200,0,6,200,7,200,0,200,200
343260,0,35,1,2,0,1,14,2,0,0,0,23,200,0,6,200,0,200,0,200,200
343262,0,25,0,0,0,1,12,5,0,0,0,22,16,1,6,0,2,0,0,200,200
343262,0,25,0,0,0,1,12,5,0,0,0,22,16,0,6,0,0,0,0,200,200
343263,0,40,0,0,0,1,10,3,2,0,0,9,16,1,5,0,3,0,0,200,200
343263,0,40,0,0,0,1,10,3,2,0,0,9,16,1,5,0,0,0,0,200,200
343263,0,40,0,0,0,1,10,3,2,0,0,9,16,1,6,0,0,0,0,200,200
343274,0,20,0,0,0,1,7,5,0,0,0,0,200,2,200,200,200,200,200,200,200
343277,0,30,1,2,0,1,10,5,0,0,0,16,17,1,5,0,1,0,0,200,200
343277,0,30,1,2,0,1,10,5,0,0,0,16,17,1,6,0,0,0,0,200,200
343279,0,30,1,2,0,1,10,6,0,0,0,18,200,1,6,200,3,0,0,200,200
343279,0,30,1,2,0,1,10,6,0,0,0,18,200,0,7,200,0,0,0,200,200
343280,0,30,1,200,6,1,0,2,0,200,200,17,16,0,6,200,200,200,0,200,200
343280,0,30,1,200,6,1,0,2,0,200,200,17,16,1,7,200,200,200,0,200,200
343285,0,30,2,2,0,1,8,5,0,0,3,23,17,0,200,200,1,200,200,200,200
343285,4,30,2,2,0,1,8,5,0,0,3,23,17,0,6,3,0,0,0,200,200
343289,0,30,0,0,0,1,10,5,0,0,0,16,0,0,4,200,3,200,0,200,200
343289,0,30,0,0,0,1,10,5,0,0,0,16,0,1,5,200,0,200,200,200,200
343289,0,30,0,0,0,1,10,5,0,0,0,16,0,1,7,200,0,200,200,200,200
343289,0,30,0,0,0,1,10,5,0,0,0,16,0,0,8,200,0,200,200,200,200
343292,0,30,1,2,0,1,10,5,0,0,0,11,18,0,4,200,3,200,0,200,200
343292,0,30,1,2,0,1,10,5,0,0,0,11,18,0,7,0,0,0,0,200,200
343292,1,30,1,2,0,1,10,5,0,0,0,11,18,1,4,200,200,200,200,200,200
343292,1,30,1,2,0,1,10,5,0,0,0,11,18,0,7,0,200,200,200,200,200
343292,1,30,1,2,0,1,10,5,0,0,0,11,18,0,6,0,200,200,200,200,200
343296,0,40,0,0,0,1,12,3,0,0,0,11,200,1,6,0,12,0,0,200,200
343296,0,40,0,0,0,1,12,3,0,0,0,11,200,1,7,0,0,0,0,200,200
343296,1,40,0,0,0,1,12,3,0,0,0,11,200,1,7,0,200,200,200,200,200
343308,0,30,1,2,0,1,10,2,0,0,0,18,0,0,5,200,3,200,200,200,200
343308,0,30,1,2,0,1,10,2,0,0,0,18,0,1,6,0,0,0,0,200,200
343315,0,30,0,0,0,1,10,5,0,0,0,16,200,1,0,200,12,0,0,200,200
343315,0,30,0,0,0,1,10,5,0,0,0,16,200,0,7,200,0,0,0,200,200
343318,0,30,0,0,0,1,12,2,0,0,0,21,17,0,7,0,4,0,0,200,200
343318,0,30,0,0,0,1,12,2,0,0,0,21,17,1,4,0,0,0,0,200,200
343318,1,30,0,0,0,1,12,2,0,0,0,21,17,1,5,0,200,200,200,200,200
343321,0,30,1,2,0,1,12,5,0,0,0,22,17,0,7,0,1,0,0,200,200
343321,0,30,1,2,0,1,12,5,0,0,0,22,17,1,6,0,4,0,0,200,200
343321,1,30,1,2,0,1,12,5,0,0,0,22,17,0,6,0,200,200,200,200,200
343322,0,30,0,0,0,0,7,6,0,0,0,0,200,2,200,200,200,200,200,200,200
343323,0,30,1,2,0,1,12,2,0,0,0,22,200,0,200,200,5,200,200,200,200
343323,0,30,1,2,0,1,12,2,0,0,0,22,200,1,6,0,0,0,0,200,200
343323,1,30,1,2,0,1,12,2,0,0,0,22,200,1,200,0,200,200,200,200,200
343331,0,30,0,0,0,1,7,3,0,0,0,0,200,1,200,200,12,200,200,200,200
343331,1,30,0,0,0,1,7,3,0,0,0,0,200,0,7,0,200,200,200,200,200
343337,0,30,1,2,0,3,14,12,0,0,0,6,200,1,200,200,5,200,200,200,200
343337,0,30,1,2,0,3,14,12,0,0,0,6,200,0,5,0,0,0,0,200,200
343337,1,30,1,2,0,3,14,12,0,0,0,6,200,1,5,0,200,200,200,200,200
343338,0,30,1,2,0,1,7,5,0,0,0,22,27,1,7,200,2,0,8,200,200
343343,0,35,1,2,0,1,14,5,0,0,0,18,200,0,7,200,3,0,0,200,200
343343,0,35,1,2,0,1,14,5,0,0,0,18,200,0,8,200,0,0,0,200,200
343343,1,35,1,2,0,1,14,5,0,0,0,18,200,0,200,0,200,200,200,200,200
343346,1,30,1,2,0,1,14,3,0,0,0,17,0,200,200,7,200,200,200,200,200
343346,1,30,1,2,0,1,14,3,0,0,0,17,0,200,200,7,200,200,200,200,200
343346,0,30,1,2,0,1,14,3,0,0,0,17,0,0,8,7,0,0,0,200,200
343346,0,30,1,2,0,1,14,3,0,0,0,17,0,0,5,0,0,0,0,200,200
343346,1,30,1,2,0,1,14,3,0,0,0,17,0,200,200,7,200,200,200,200,200
343346,1,30,1,2,0,1,14,3,0,0,0,17,0,1,6,7,200,200,200,200,200
343346,1,30,1,2,0,1,14,3,0,0,0,17,0,200,200,7,200,200,200,200,200
343346,1,30,1,2,0,1,14,3,0,0,0,17,0,200,200,7,200,200,200,200,200
343346,1,30,1,2,0,1,14,3,0,0,0,17,0,200,200,7,200,200,200,200,200
343346,1,30,1,2,0,1,14,3,0,0,0,17,0,200,200,7,200,200,200,200,200
343346,1,30,1,2,0,1,14,3,0,0,0,17,0,200,200,7,200,200,200,200,200
343346,1,30,1,2,0,1,14,3,0,0,0,17,0,200,200,7,200,200,200,200,200
343346,1,30,1,2,0,1,14,3,0,0,0,17,0,200,200,7,200,200,200,200,200
343346,1,30,1,2,0,1,14,3,0,0,0,17,0,200,200,7,200,200,200,200,200
343346,1,30,1,2,0,1,14,3,0,0,0,17,0,200,200,7,200,200,200,200,200
343346,1,30,1,2,0,1,14,3,0,0,0,17,0,200,200,7,200,200,200,200,200
343346,1,30,1,2,0,1,14,3,0,0,0,17,0,200,200,7,200,200,200,200,200
343346,1,30,1,2,0,1,14,3,0,0,0,17,0,200,200,7,200,200,200,200,200
343346,1,30,1,2,0,1,14,3,0,0,0,17,0,200,200,7,200,200,200,200,200
343346,1,30,1,2,0,1,14,3,0,0,0,17,0,200,200,7,200,200,200,200,200
343346,1,30,1,2,0,1,14,3,0,0,0,17,0,200,200,7,200,200,200,200,200
343346,1,30,1,2,0,1,14,3,0,0,0,17,0,200,200,7,200,200,200,200,200
343346,1,30,1,2,0,1,14,3,0,0,0,17,0,200,200,7,200,200,200,200,200
343346,1,30,1,2,0,1,14,3,0,0,0,17,0,200,200,7,200,200,200,200,200
343346,1,30,1,2,0,1,14,3,0,0,0,17,0,200,200,7,200,200,200,200,200
343346,1,30,1,2,0,1,14,3,0,0,0,17,0,200,200,7,200,200,200,200,200
343346,1,30,1,2,0,1,14,3,0,0,0,17,0,200,200,7,200,200,200,200,200
343346,1,30,1,2,0,1,14,3,0,0,0,17,0,200,200,7,200,200,200,200,200
343346,1,30,1,2,0,1,14,3,0,0,0,17,0,200,200,7,200,200,200,200,200
343346,1,30,1,2,0,1,14,3,0,0,0,17,0,200,200,7,200,200,200,200,200
343346,1,30,1,2,0,1,14,3,0,0,0,17,0,200,200,7,200,200,200,200,200
343346,1,30,1,2,0,1,14,3,0,0,0,17,0,200,200,7,200,200,200,200,200
343346,1,30,1,2,0,1,14,3,0,0,0,17,0,200,200,7,200,200,200,200,200
343346,1,30,1,2,0,1,14,3,0,0,0,17,0,200,200,7,200,200,200,200,200
343346,1,30,1,2,0,1,14,3,0,0,0,17,0,200,200,7,200,200,200,200,200
343346,1,30,1,2,0,1,14,3,0,0,0,17,0,200,200,7,200,200,200,200,200
343346,1,30,1,2,0,1,14,3,0,0,0,17,0,200,200,7,200,200,200,200,200
343346,1,30,1,2,0,1,14,3,0,0,0,17,0,200,200,7,200,200,200,200,200
343346,1,30,1,2,0,1,14,3,0,0,0,17,0,200,200,7,200,200,200,200,200
343346,1,30,1,2,0,1,14,3,0,0,0,17,0,200,200,7,200,200,200,200,200
343346,1,30,1,2,0,1,14,3,0,0,0,17,0,200,200,7,200,200,200,200,200
343346,1,30,1,2,0,1,14,3,0,0,0,17,0,200,200,7,200,200,200,200,200
343347,0,25,0,0,0,1,7,5,0,0,0,0,200,2,200,200,200,200,200,200,200
343348,0,0,1,2,0,1,14,5,0,0,0,23,11,0,5,200,7,200,200,200,200
343348,0,0,1,2,0,1,14,5,0,0,0,23,11,0,6,0,0,0,0,200,200
343349,0,30,0,0,0,1,10,2,0,0,0,18,7,1,7,0,3,0,0,200,200
343349,0,30,0,0,0,1,10,2,0,0,0,18,7,0,8,0,0,0,0,200,200
343351,0,20,1,2,0,1,3,3,0,0,0,6,200,0,5,0,5,0,0,200,200
343351,0,20,1,2,0,1,3,3,0,0,0,6,200,0,6,0,0,0,0,200,200
343351,1,20,1,2,0,1,3,3,0,0,0,6,200,0,8,0,200,200,200,200,200
343354,0,30,1,2,0,1,12,2,0,0,0,22,16,1,5,200,2,200,200,200,200
343354,0,30,1,2,0,1,12,2,0,0,0,22,16,0,6,0,0,0,0,200,200
343359,0,30,0,0,0,1,12,5,0,0,0,17,16,0,0,0,4,200,200,200,200
343359,0,30,0,0,0,1,12,5,0,0,0,17,16,0,5,0,0,0,0,200,200
343360,0,30,1,2,0,1,10,5,0,0,0,18,0,1,7,200,3,200,200,200,200
343360,0,30,1,2,0,1,10,5,0,0,0,18,0,1,7,0,0,0,0,200,200
343363,0,30,0,0,0,0,7,5,0,0,0,0,0,2,200,200,200,200,200,200,200
343365,0,30,0,0,0,1,7,5,0,0,0,0,0,2,200,200,200,200,200,200,200
343369,0,30,0,0,0,1,7,5,0,0,0,18,0,0,6,0,3,0,0,200,200
343370,0,30,0,0,0,1,7,2,0,0,0,0,0,2,200,200,200,200,200,200,200
343375,0,30,0,0,0,1,12,2,0,0,0,21,200,0,200,200,12,200,200,200,200
343375,0,30,0,0,0,1,12,2,0,0,0,21,200,1,7,200,0,200,0,200,200
343375,1,30,0,0,0,1,12,2,0,0,0,21,200,0,8,200,200,200,200,200,200
343375,1,30,0,0,0,1,12,2,0,0,0,21,200,1,7,200,200,200,200,200,200
343380,0,30,0,0,0,1,12,5,0,0,0,0,200,0,5,200,1,12,0,200,200
343380,0,30,0,0,0,1,12,5,0,0,0,0,200,1,9,200,0,0,0,200,200
343380,1,30,0,0,0,1,12,5,0,0,0,0,200,1,5,200,200,200,200,200,200
343380,1,30,0,0,0,1,12,5,0,0,0,0,200,1,9,200,200,200,200,200,200
343386,0,30,0,0,0,1,7,7,0,0,0,20,200,0,200,200,6,200,200,200,200
343387,0,30,2,2,0,1,0,5,0,0,0,17,200,1,5,200,200,200,0,200,200
343387,0,30,2,2,0,1,0,5,0,0,0,17,200,0,7,0,0,0,0,200,200
343387,1,30,2,2,0,1,0,5,0,0,0,17,200,1,5,200,200,200,200,200,200
343388,0,30,0,0,200,4,7,5,0,200,0,0,200,2,200,200,200,200,200,200,200
343392,0,30,0,0,0,1,7,0,0,0,0,0,0,2,200,200,1,200,200,200,200
343393,0,30,0,0,0,1,10,5,0,0,0,18,200,1,5,0,3,0,0,200,200
343393,0,30,0,0,0,1,10,5,0,0,0,18,200,1,6,0,0,0,0,200,200
343399,0,30,200,0,0,1,14,5,0,0,0,0,0,1,6,0,200,200,0,200,200
343399,0,30,200,0,0,1,14,5,0,0,0,0,0,0,5,0,200,200,0,200,200
343403,0,30,0,0,0,1,7,5,0,0,0,20,0,0,7,0,6,0,0,200,200
343405,0,35,0,0,0,1,0,5,0,0,0,0,0,0,7,0,0,0,0,200,200
343405,0,35,0,0,0,1,0,5,0,0,0,0,0,2,200,200,0,200,200,200,200
343420,0,30,0,0,0,1,14,1,0,0,0,23,200,0,8,0,7,200,0,200,200
343420,0,30,0,0,0,1,14,1,0,0,0,23,200,1,6,0,0,200,0,200,200
343420,1,30,0,0,0,1,14,1,0,0,0,23,200,0,6,0,200,200,200,200,200
343429,0,25,0,0,0,1,7,6,0,0,0,0,0,2,200,200,200,200,200,200,200
343430,0,30,0,0,0,1,9,5,0,0,0,20,17,0,6,0,6,0,0,200,200
343430,5,30,0,0,0,1,9,5,0,0,0,20,17,1,8,7,0,0,0,200,200
343430,1,30,0,0,0,1,9,5,0,0,0,20,17,1,200,0,200,200,200,200,200
343430,1,30,0,0,0,1,9,5,0,0,0,20,17,1,200,0,200,200,200,200,200
343433,0,30,1,2,0,1,12,12,0,12,12,200,200,0,8,200,12,12,0,200,200
343433,0,30,1,2,0,1,12,12,0,12,12,200,200,0,5,200,0,200,200,200,200
343433,1,30,1,2,0,1,12,12,0,12,12,200,200,2,200,200,200,200,200,200,200
343434,0,30,0,0,0,1,7,2,0,0,0,200,200,2,200,200,200,200,200,200,200
343449,0,25,1,2,0,1,10,5,0,0,0,200,23,1,6,0,0,0,0,200,200
343449,0,25,1,2,0,1,10,5,0,0,0,200,23,0,200,200,4,200,200,200,200
343463,0,35,0,0,0,1,7,5,0,0,0,0,0,2,200,200,0,200,200,200,200
343469,0,30,0,0,0,1,7,6,0,0,0,0,0,0,8,0,200,0,200,200,200
343469,1,30,0,0,0,1,7,6,0,0,0,0,0,1,6,0,200,200,200,200,200
343469,1,30,0,0,0,1,7,6,0,0,0,0,0,0,2,0,200,200,200,200,200
343472,0,35,1,2,0,1,10,2,0,0,0,18,200,0,6,0,3,0,0,200,200
343472,0,35,1,2,0,1,10,2,0,0,0,18,200,0,6,0,0,0,0,200,200
343474,0,30,2,2,0,1,10,6,0,0,0,0,200,0,7,200,12,200,0,200,200
343474,0,30,2,2,0,1,10,6,0,0,0,0,200,0,7,200,0,200,0,200,200
343478,0,30,0,0,0,1,12,200,0,0,0,17,17,0,200,200,1,0,0,200,200
343478,0,30,0,0,0,1,12,200,0,0,0,17,17,0,5,0,0,0,0,200,200
343479,0,30,0,0,0,1,12,2,0,0,0,17,17,0,9,200,1,200,200,200,200
343479,0,30,0,0,0,1,12,2,0,0,0,17,17,1,8,0,0,0,0,200,200
343479,1,30,0,0,0,1,12,2,0,0,0,17,17,1,8,0,200,200,200,200,200
343486,0,30,0,0,0,1,12,2,0,1,0,22,0,0,5,200,2,200,0,200,200
343486,0,30,0,0,0,1,12,2,0,1,0,22,0,0,6,0,0,200,0,200,200
343487,0,35,0,0,0,1,14,5,0,0,0,23,21,0,7,200,7,0,0,200,200
343487,0,35,0,0,0,1,14,5,0,0,0,23,21,0,6,200,200,200,200,200,200
343488,0,30,1,2,0,1,14,4,0,0,0,22,22,0,6,0,12,0,0,200,200
343488,0,30,1,2,0,1,14,4,0,0,0,22,22,0,5,0,12,0,0,200,200
343493,0,30,1,2,0,1,12,1,0,0,0,21,11,0,6,200,4,0,200,200,200
343493,0,30,1,2,0,1,12,1,0,0,0,21,11,0,5,0,0,0,0,200,200
343501,0,30,1,2,0,1,12,6,0,0,0,21,200,0,200,200,4,200,200,200,200
343501,0,30,1,2,0,1,12,6,0,0,0,21,200,0,8,200,0,0,0,200,200
343502,0,30,0,0,200,200,7,200,0,200,200,0,200,2,200,200,200,200,200,200,200
343508,0,20,0,0,0,1,10,6,0,0,200,0,20,0,6,0,6,200,200,200,200
343508,0,20,0,0,0,1,10,6,0,0,200,0,20,0,5,0,200,200,0,200,200
343509,0,30,1,2,0,1,10,5,0,0,0,22,18,0,5,0,4,0,0,200,200
343509,0,30,1,2,0,1,10,5,0,0,0,22,18,1,5,0,0,0,0,200,200
343509,1,30,1,2,0,1,10,5,0,0,0,22,18,1,3,0,200,200,200,200,200
343509,1,30,1,2,0,1,10,5,0,0,0,22,18,1,2,5,200,200,200,200,200
343509,1,30,1,2,0,1,10,5,0,0,0,22,18,0,0,5,200,200,200,200,200
343509,1,30,1,2,0,1,10,5,0,0,0,22,18,0,0,5,200,200,200,200,200
343509,1,30,1,2,0,1,10,5,0,0,0,22,18,1,200,0,200,200,200,200,200
343514,0,25,0,0,0,1,7,6,0,0,0,16,0,2,200,200,1,200,200,200,200
343518,0,30,0,0,0,1,7,2,0,0,0,0,0,0,6,200,200,0,0,200,200
343520,0,30,0,200,0,1,7,5,0,0,0,25,25,0,5,200,13,0,200,200,200
343522,0,30,1,2,0,1,10,3,0,0,0,8,11,0,7,200,3,0,0,200,200
343522,0,30,1,2,0,1,10,3,0,0,0,8,11,0,7,0,0,0,0,200,200
343533,0,30,1,2,0,1,10,2,0,0,0,18,17,0,200,0,1,200,12,200,200
343533,0,30,1,2,0,1,10,2,0,0,0,18,17,0,7,0,0,0,0,200,200
343536,0,35,1,2,0,1,10,2,0,0,0,18,22,1,200,200,200,200,200,200,200
343536,0,35,1,2,0,1,10,2,0,0,0,18,22,0,7,0,0,0,0,200,200
343537,0,0,0,0,0,1,12,6,0,0,0,22,21,2,200,200,4,200,200,200,200
343537,0,0,0,0,0,1,12,6,0,0,0,22,21,0,6,0,0,0,0,200,200
343537,1,0,0,0,0,1,12,6,0,0,0,22,21,1,200,0,200,200,200,200,200
343540,0,30,0,0,0,1,2,5,0,0,0,0,200,0,8,0,12,200,0,200,200
343545,0,30,1,2,0,1,12,5,0,0,0,21,16,1,5,200,4,200,200,200,200
343545,0,30,1,2,0,1,12,5,0,0,0,21,16,1,6,0,0,0,0,200,200
343545,1,30,1,2,0,1,12,5,0,0,0,21,16,1,3,0,200,200,200,200,200
343545,1,30,1,2,0,1,12,5,0,0,0,21,16,1,2,0,200,200,200,200,200
343551,0,35,1,2,0,1,14,2,0,0,0,23,200,0,6,0,7,0,0,200,200
343551,0,35,1,2,0,1,14,2,0,0,0,23,200,0,4,0,0,0,0,200,200
343551,1,35,1,2,0,1,14,2,0,0,0,23,200,1,4,0,200,200,200,200,200
343552,0,30,9,0,0,1,10,5,0,0,0,18,0,1,5,0,12,1,0,200,200
343552,0,30,9,0,0,1,10,5,0,0,0,18,0,0,9,0,0,1,0,200,200
343552,0,30,9,0,0,1,10,5,0,0,0,18,0,0,6,0,12,1,0,200,200
343565,0,30,0,0,0,1,11,5,0,0,0,0,0,2,200,200,200,200,200,200,200
343565,0,30,0,0,0,1,11,5,0,0,0,0,0,0,6,0,12,0,0,200,200
343572,0,30,2,2,0,1,9,6,0,0,0,17,16,0,6,0,1,0,0,200,200
343572,5,30,2,2,0,1,9,6,0,0,0,17,16,1,5,7,0,0,0,200,200
343577,4,30,0,0,0,1,8,0,0,0,0,33,21,1,200,7,12,2,200,200,200
343577,0,30,0,0,0,1,8,0,0,0,0,33,21,1,5,0,0,2,0,200,200
343579,0,30,0,0,0,1,10,5,0,0,0,18,18,0,200,200,3,200,200,200,200
343579,0,30,0,0,0,1,10,5,0,0,0,18,18,0,7,0,0,0,0,200,200
343589,0,25,0,0,0,1,0,6,0,0,0,17,200,0,200,200,1,200,200,200,200
343589,0,25,0,0,0,1,0,6,0,0,0,17,200,0,6,0,0,0,0,200,200
343598,0,30,0,0,0,1,14,6,0,0,0,17,16,1,7,200,1,0,0,200,200
343598,0,30,0,0,0,1,14,6,0,0,0,17,16,1,5,200,0,0,0,200,200