RD_NO,PERSON_TYPE,POSTED_SPEED_LIMIT,TRAFFIC_CONTROL_DEVICE,DEVICE_CONDITION,WEATHER_CONDITION,LIGHTING_CONDITION,FIRST_CRASH_TYPE,TRAFFICWAY_TYPE,ALIGNMENT,ROADWAY_SURFACE_COND,ROAD_DEFECT,PRIM_CONTRIBUTORY_CAUSE,SEC_CONTRIBUTORY_CAUSE,SEX,AGE,SAFETY_EQUIPMENT,DRIVER_ACTION,DRIVER_VISION,PHYSICAL_CONDITION,BAC_RESULT VALUE,CELL_PHONE_USE
343600,0,30,0,0,0,1,7,5,0,0,0,18,0,0,7,0,3,0,0,200,200
343602,0,30,0,0,0,1,2,2,0,0,0,16,11,0,6,0,12,0,0,200,200
343604,0,30,0,0,200,200,7,6,0,200,200,0,200,2,200,200,200,200,200,200,200
343613,0,30,0,0,0,1,7,2,0,0,0,22,200,0,4,0,2,0,0,200,200
343620,0,30,0,0,0,1,10,2,0,0,0,18,200,0,6,200,3,200,200,200,200
343620,0,30,0,0,0,1,10,2,0,0,0,18,200,0,7,0,0,0,0,200,200
343622,0,30,1,2,0,1,10,5,0,0,0,7,200,0,5,0,3,0,0,200,200
343622,0,30,1,2,0,1,10,5,0,0,0,7,200,1,5,0,0,0,0,200,200
343627,0,30,1,2,0,1,0,2,0,0,0,6,200,1,7,200,5,0,0,200,200
343627,0,30,1,2,0,1,0,2,0,0,0,6,200,0,5,200,0,200,0,200,200
343627,0,30,1,2,0,1,0,2,0,0,0,6,200,0,7,200,0,0,0,200,200
343628,0,30,0,200,0,1,14,5,0,0,200,17,0,0,6,200,1,200,0,200,200
343628,0,30,0,200,0,1,14,5,0,0,200,17,0,0,6,0,0,200,0,200,200
343629,0,30,0,0,0,1,7,2,0,0,0,23,16,0,6,0,7,0,0,200,200
343629,1,30,0,0,0,1,7,2,0,0,0,23,16,0,6,0,200,200,200,200,200
343648,0,30,0,0,0,1,0,1,0,0,0,21,200,1,7,0,4,200,0,200,200
343648,0,30,0,0,0,1,0,1,0,0,0,21,200,1,6,0,0,0,0,200,200
343649,0,30,200,2,0,1,0,2,0,0,0,17,200,1,4,200,1,200,0,200,200
343649,0,30,200,2,0,1,0,2,0,0,0,17,200,0,6,200,200,200,0,200,200
343649,0,30,200,2,0,1,0,2,0,0,0,17,200,0,6,200,0,200,0,200,200
343649,1,30,200,2,0,1,0,2,0,0,0,17,200,1,200,200,200,200,200,200,200
343652,0,35,1,2,0,1,10,5,0,0,0,0,200,0,200,200,200,200,200,200,200
343652,0,35,1,2,0,1,10,5,0,0,0,0,200,1,6,0,0,0,0,200,200
343652,1,35,1,2,0,1,10,5,0,0,0,0,200,0,200,0,200,200,200,200,200
343652,1,35,1,2,0,1,10,5,0,0,0,0,200,1,1,5,200,200,200,200,200
343653,0,15,0,0,0,1,0,7,0,0,200,0,200,0,8,0,200,200,0,200,200
343653,0,15,0,0,0,1,0,7,0,0,200,0,200,1,5,0,200,200,0,200,200
343661,0,30,2,2,0,1,0,5,0,0,0,0,0,1,6,200,200,200,200,200,200
343661,0,30,2,2,0,1,0,5,0,0,0,0,0,1,8,0,0,0,0,200,200
343662,0,30,1,2,0,1,14,3,0,0,0,0,0,0,200,0,200,0,0,200,200
343662,0,30,1,2,0,1,14,3,0,0,0,0,0,1,200,0,0,0,0,200,200
343664,0,5,0,0,0,1,3,7,4,0,0,20,200,1,200,200,6,200,200,200,200
343664,0,5,0,0,0,1,3,7,4,0,0,20,200,1,6,0,0,0,0,200,200
343664,1,5,0,0,0,1,3,7,4,0,0,20,200,1,200,200,200,200,200,200,200
343666,0,30,0,0,0,1,12,8,0,0,0,22,17,0,6,200,4,0,0,200,200
343666,0,30,0,0,0,1,12,8,0,0,0,22,17,1,6,0,0,0,0,200,200
343667,0,10,0,0,0,1,7,6,0,0,0,0,0,2,200,200,200,200,200,200,200
343678,0,35,0,3,0,1,12,3,0,0,0,22,200,0,7,0,4,0,0,200,200
343678,0,35,0,3,0,1,12,3,0,0,0,22,200,0,6,0,0,0,0,200,200
343684,0,30,1,2,0,1,12,2,0,0,0,21,200,0,4,200,4,200,200,200,200
343684,0,30,1,2,0,1,12,2,0,0,0,21,200,0,6,0,0,0,0,200,200
343688,0,30,1,2,0,1,14,5,2,0,0,23,23,0,6,0,7,12,0,200,200
343688,0,30,1,2,0,1,14,5,2,0,0,23,23,0,5,0,0,12,0,200,200
343688,0,30,1,2,0,1,14,5,2,0,0,23,23,0,6,0,0,200,0,200,200
343688,1,30,1,2,0,1,14,5,2,0,0,23,23,0,7,0,200,200,200,200,200
343690,0,30,1,2,0,1,14,5,0,0,2,0,0,0,200,200,7,200,200,200,200
343690,0,30,1,2,0,1,14,5,0,0,2,0,0,0,4,0,0,0,0,200,200
343692,0,30,1,2,0,1,10,2,0,0,0,200,200,0,7,0,0,0,0,200,200
343692,0,30,1,2,0,1,10,2,0,0,0,200,200,1,200,200,0,0,0,200,200
343692,1,30,1,2,0,1,10,2,0,0,0,200,200,1,4,0,200,200,200,200,200
343693,0,30,0,0,0,1,12,2,0,0,0,17,200,0,6,200,200,200,0,200,200
343693,0,30,0,0,0,1,12,2,0,0,0,17,200,0,8,200,0,200,0,200,200
343698,0,30,0,0,0,1,14,5,0,0,0,35,200,0,200,200,0,200,200,200,200
343698,0,30,0,0,0,1,14,5,0,0,0,35,200,0,6,0,0,0,0,200,200
343702,0,20,0,0,0,1,0,5,0,0,0,10,16,0,5,0,9,0,0,200,200
343702,0,20,0,0,0,1,0,5,0,0,0,10,16,0,6,0,200,0,0,200,200
343702,1,20,0,0,0,1,0,5,0,0,0,10,16,2,4,0,200,200,200,200,200
343710,0,25,0,0,0,1,12,5,0,0,0,11,200,1,6,200,200,200,0,200,200
343710,0,25,0,0,0,1,12,5,0,0,0,11,200,0,8,200,200,200,0,200,200
343724,0,30,0,0,0,1,7,7,0,0,0,0,200,2,200,200,200,200,200,200,200
343737,0,30,1,2,0,1,10,5,0,0,0,18,200,1,6,0,3,0,200,200,200
343737,0,30,1,2,0,1,10,5,0,0,0,18,200,1,5,0,0,0,0,200,200
343737,1,30,1,2,0,1,10,5,0,0,0,18,200,0,5,0,200,200,200,200,200
343743,0,30,0,0,0,1,11,5,2,0,200,23,200,1,6,0,1,200,0,200,200
343743,0,30,0,0,0,1,11,5,2,0,200,23,200,0,6,0,0,0,0,200,200
343743,1,30,0,0,0,1,11,5,2,0,200,23,200,1,200,0,200,200,200,200,200
343743,1,30,0,0,0,1,11,5,2,0,200,23,200,0,200,5,200,200,200,200,200
343747,0,30,0,0,0,1,14,5,0,0,0,17,200,1,4,0,1,0,0,200,200
343747,0,30,0,0,0,1,14,5,0,0,0,17,200,1,6,0,1,0,0,200,200
343749,0,20,0,0,0,1,4,200,0,0,200,0,0,0,6,200,200,200,0,200,200
343752,0,30,1,2,0,1,10,5,0,0,0,7,18,0,5,0,1,0,0,200,200
343752,0,30,1,2,0,1,10,5,0,0,0,7,18,1,7,0,0,0,0,200,200
343772,0,30,2,2,0,1,0,2,0,0,0,33,200,0,7,0,12,5,0,200,200
343772,0,30,2,2,0,1,0,2,0,0,0,33,200,1,5,0,0,0,0,200,200
343772,1,30,2,2,0,1,0,2,0,0,0,33,200,1,200,0,200,200,200,200,200
343776,0,30,1,2,0,1,14,2,0,0,0,0,200,1,0,0,12,0,0,200,200
343776,0,30,1,2,0,1,14,2,0,0,0,0,200,0,8,0,12,0,0,200,200
343776,1,30,1,2,0,1,14,2,0,0,0,0,200,1,7,0,200,200,200,200,200
343779,0,30,0,0,0,1,9,2,0,0,0,33,200,0,7,0,0,5,0,200,200
343779,5,30,0,0,0,1,9,2,0,0,0,33,200,0,3,7,12,5,0,200,200
343795,0,30,1,2,0,1,14,2,0,0,0,17,16,0,7,200,4,0,0,200,200
343795,0,30,1,2,0,1,14,2,0,0,0,17,16,1,9,200,0,0,0,200,200
343796,0,30,0,0,0,1,7,6,0,0,0,0,0,2,200,200,200,200,200,200,200
343799,0,30,12,12,0,1,12,5,0,0,0,17,17,0,6,200,1,12,0,200,200
343799,0,30,12,12,0,1,12,5,0,0,0,17,17,0,8,0,0,12,0,200,200
343808,0,30,1,2,0,1,10,6,0,0,0,0,0,0,200,0,200,0,0,200,200
343808,0,30,1,2,0,1,10,6,0,0,0,0,0,0,200,0,200,0,0,200,200
343811,0,30,0,0,0,1,12,5,0,0,0,0,0,0,6,200,1,0,0,200,200
343811,0,30,0,0,0,1,12,5,0,0,0,0,0,1,6,0,0,0,0,200,200
343812,0,30,1,2,0,1,10,5,0,0,0,16,18,0,8,0,3,0,0,200,200
343812,0,30,1,2,0,1,10,5,0,0,0,16,18,0,200,200,0,200,200,200,200
343812,1,30,1,2,0,1,10,5,0,0,0,16,18,200,200,200,200,200,200,200,200
343813,0,30,0,0,0,1,14,2,0,0,0,21,23,0,7,0,7,0,0,200,200
343813,0,30,0,0,0,1,14,2,0,0,0,21,23,0,6,0,0,0,0,200,200
343815,0,5,0,0,0,1,0,7,0,0,0,20,200,0,7,0,6,200,0,200,200
343815,0,5,0,0,0,1,0,7,0,0,0,20,200,1,6,0,0,0,0,200,200
343825,0,30,1,2,0,1,8,5,0,0,0,0,200,0,200,200,200,200,200,200,200
343825,4,30,1,2,0,1,8,5,0,0,0,0,200,0,5,200,1,0,0,200,200
343826,0,25,2,200,0,1,0,5,0,0,0,17,0,0,8,200,200,200,200,200,200
343826,0,25,2,200,0,1,0,5,0,0,0,17,0,1,6,200,200,200,0,200,200
343826,1,25,2,200,0,1,0,5,0,0,0,17,0,0,6,200,200,200,200,200,200
343827,0,30,0,3,0,1,0,12,0,0,0,17,11,2,200,200,1,200,200,200,200
343827,0,30,0,3,0,1,0,12,0,0,0,17,11,1,7,0,0,0,0,200,200
343828,0,30,0,0,0,1,7,5,0,0,0,11,200,0,7,0,12,0,0,200,200
343829,0,30,2,2,0,1,0,5,0,0,0,5,200,0,4,200,5,0,0,200,200
343829,0,30,2,2,0,1,0,5,0,0,0,5,200,0,6,0,0,0,0,200,200
343837,0,30,0,0,0,1,14,5,0,0,0,200,200,2,200,200,0,200,200,200,200
343837,0,30,0,0,0,1,14,5,0,0,0,200,200,1,5,1,0,0,0,200,200
343839,0,30,200,200,0,1,14,5,0,0,0,16,16,1,9,200,200,0,0,200,200
343839,0,30,200,200,0,1,14,5,0,0,0,16,16,1,4,200,0,0,0,200,200
343850,0,30,0,0,0,1,12,5,0,0,0,0,0,1,7,0,0,0,0,200,200
343850,0,30,0,0,0,1,12,5,0,0,0,0,0,0,7,0,0,0,0,200,200
343852,0,30,0,0,0,1,12,2,0,0,0,23,0,0,200,200,4,0,0,200,200
343852,0,30,0,0,0,1,12,2,0,0,0,23,0,1,7,200,0,0,0,200,200
343852,0,30,0,0,0,1,12,2,0,0,0,23,0,1,6,7,0,0,0,200,200
343852,1,30,0,0,0,1,12,2,0,0,0,23,0,1,3,200,200,200,200,200,200
343852,1,30,0,0,0,1,12,2,0,0,0,23,0,0,3,200,200,200,200,200,200
343852,1,30,0,0,0,1,12,2,0,0,0,23,0,200,2,200,200,200,200,200,200
343852,1,30,0,0,0,1,12,2,0,0,0,23,0,200,2,200,200,200,200,200,200
343854,0,30,2,2,0,1,0,5,0,0,0,5,200,1,200,200,5,200,200,200,200
343854,0,30,2,2,0,1,0,5,0,0,0,5,200,0,6,200,0,0,0,200,200
343857,0,30,2,2,0,1,14,3,0,0,0,17,17,0,7,0,1,0,0,200,200
343857,0,30,2,2,0,1,14,3,0,0,0,17,17,0,6,7,1,0,0,200,200
343859,0,15,0,0,0,1,10,7,0,0,0,0,0,0,200,200,6,200,200,200,200
343859,0,15,0,0,0,1,10,7,0,0,0,0,0,0,7,0,0,0,0,200,200
343868,0,30,0,0,0,1,8,5,0,200,200,0,200,0,200,200,200,200,200,200,200
343868,4,30,0,0,0,1,8,5,0,200,200,0,200,0,3,200,0,0,200,200,200
343869,0,15,2,2,0,1,0,5,0,0,0,17,16,0,7,200,1,6,0,200,200
343869,0,15,2,2,0,1,0,5,0,0,0,17,16,1,6,200,0,0,0,200,200
343869,1,15,2,2,0,1,0,5,0,0,0,17,16,0,7,200,200,200,200,200,200
343874,0,30,0,0,0,1,12,2,0,0,0,0,0,0,200,200,200,200,200,200,200
343874,0,30,0,0,0,1,12,2,0,0,0,0,0,0,6,200,0,0,0,200,200
343878,0,30,0,0,0,1,10,3,0,0,200,18,17,0,7,0,3,0,0,200,200
343878,0,30,0,0,0,1,10,3,0,0,200,18,17,0,5,200,4,0,0,200,200
343880,0,30,0,0,0,1,0,0,0,0,0,17,16,0,3,0,1,0,0,200,200
343880,0,30,0,0,0,1,0,0,0,0,0,17,16,0,4,200,0,0,0,200,200
343881,0,0,0,0,0,1,7,7,0,0,200,0,0,1,200,200,200,200,200,200,200
343885,0,30,0,0,0,1,7,7,0,0,0,200,200,2,200,200,200,200,200,200,200
343888,0,30,0,0,0,1,12,3,0,0,0,21,16,0,7,200,4,0,0,200,200
343888,0,30,0,0,0,1,12,3,0,0,0,21,16,0,7,200,0,0,0,200,200
343890,0,30,1,2,0,1,14,8,0,0,200,23,0,0,6,200,7,200,200,200,200
343890,0,30,1,2,0,1,14,8,0,0,200,23,0,1,6,0,5,0,0,200,200
343890,1,30,1,2,0,1,14,8,0,0,200,23,0,0,200,5,200,200,200,200,200
343891,0,30,1,2,0,1,9,2,0,0,0,33,200,0,6,200,12,12,0,200,200
343891,5,30,1,2,0,1,9,2,0,0,0,33,200,1,6,7,0,12,0,200,200
343893,0,30,0,0,0,1,7,6,0,0,0,10,200,2,200,200,200,200,200,200,200
343898,0,30,0,0,0,1,9,5,0,0,0,0,0,1,200,200,200,200,200,200,200
343898,5,30,0,0,0,1,9,5,0,0,0,0,0,0,3,200,200,200,200,200,200
343898,1,30,0,0,0,1,9,5,0,0,0,0,0,200,200,200,200,200,200,200,200
343899,0,30,0,0,0,1,12,2,0,0,0,22,22,0,8,0,4,0,0,200,200
343899,0,30,0,0,0,1,12,2,0,0,0,22,22,1,6,0,0,0,0,200,200
343908,0,30,0,0,0,1,10,5,0,0,0,0,200,1,5,0,12,0,0,200,200
343908,0,30,0,0,0,1,10,5,0,0,0,0,200,1,6,0,0,0,0,200,200
343908,1,30,0,0,0,1,10,5,0,0,0,0,200,1,2,0,200,200,200,200,200
343913,0,20,0,0,0,1,7,7,0,0,0,0,0,2,200,200,200,200,200,200,200
343916,0,30,1,2,0,1,10,5,0,0,0,18,200,0,6,0,3,0,0,200,200
343916,0,30,1,2,0,1,10,5,0,0,0,18,200,0,7,0,0,0,0,200,200
343917,0,30,2,0,0,1,10,5,2,1,0,16,11,1,200,200,12,200,200,200,200
343917,0,30,2,0,0,1,10,5,2,1,0,16,11,1,7,0,0,0,0,200,200
343918,0,25,0,0,0,1,10,5,0,0,0,200,200,0,200,200,200,200,200,200,200
343918,0,25,0,0,0,1,10,5,0,0,0,200,200,1,6,0,0,0,0,200,200
343920,0,30,1,200,0,1,8,5,0,0,200,0,200,0,6,200,1,200,0,200,200
343920,4,30,1,200,0,1,8,5,0,0,200,0,200,0,6,200,200,200,0,200,200
343921,0,30,12,0,0,1,12,2,0,0,0,0,33,0,8,200,200,200,0,200,200
343921,0,30,12,0,0,1,12,2,0,0,0,0,33,0,5,200,0,0,0,200,200
343925,0,30,2,2,0,1,14,5,0,0,200,5,0,0,5,200,1,200,7,200,200
343925,0,30,2,2,0,1,14,5,0,0,200,5,0,1,7,0,0,0,1,200,200
343929,0,15,0,0,200,200,7,7,0,0,200,0,200,2,200,200,200,200,200,200,200
343933,0,30,0,0,0,1,7,6,0,0,0,25,200,2,200,200,200,200,200,200,200
343935,0,20,0,0,0,1,10,5,0,0,0,18,200,0,8,0,3,0,0,200,200
343935,0,20,0,0,0,1,10,5,0,0,0,18,200,1,7,0,12,0,0,200,200
343937,0,30,0,0,0,1,14,5,0,0,0,17,17,1,7,0,1,0,0,200,200
343937,0,30,0,0,0,1,14,5,0,0,0,17,17,0,6,0,0,0,0,200,200
343944,0,30,1,2,0,1,10,5,0,0,0,18,16,1,200,200,3,200,200,200,200
343944,0,30,1,2,0,1,10,5,0,0,0,18,16,1,5,0,0,0,0,200,200
343944,1,30,1,2,0,1,10,5,0,0,0,18,16,1,200,200,200,200,200,200,200
343945,0,30,0,0,0,1,7,5,0,0,200,14,14,1,200,200,12,200,200,200,200
343945,1,30,0,0,0,1,7,5,0,0,200,14,14,1,5,7,200,200,200,200,200
343953,0,30,0,0,0,1,14,5,0,0,200,23,200,0,4,200,7,200,200,200,200
343953,0,30,0,0,0,1,14,5,0,0,200,23,200,0,8,200,0,200,200,200,200
343956,0,30,1,2,0,1,7,5,0,1,0,21,21,0,6,0,200,0,0,200,200
343956,1,30,1,2,0,1,7,5,0,1,0,21,21,0,200,0,200,200,200,200,200
343957,0,30,0,0,0,1,11,2,0,0,200,10,0,0,6,200,9,200,200,200,200
343957,0,30,0,0,0,1,11,2,0,0,200,10,0,1,6,200,0,200,200,200,200
343957,1,30,0,0,0,1,11,2,0,0,200,10,0,1,200,200,200,200,200,200,200
343957,1,30,0,0,0,1,11,2,0,0,200,10,0,1,6,200,200,200,200,200,200
343958,0,30,0,0,0,1,10,5,0,0,0,0,200,0,6,0,200,200,0,200,200
343958,0,30,0,0,0,1,10,5,0,0,0,0,200,0,8,200,10,200,0,200,200
343964,0,35,1,2,0,1,12,2,0,0,0,0,0,0,6,0,200,0,0,200,200
343964,0,35,1,2,0,1,12,2,0,0,0,0,0,0,7,0,200,0,0,200,200
343964,1,35,1,2,0,1,12,2,0,0,0,0,0,1,7,0,200,200,200,200,200
343964,1,35,1,2,0,1,12,2,0,0,0,0,0,0,2,0,200,200,200,200,200
343966,0,30,1,1,0,1,0,5,0,0,0,6,14,0,6,200,13,200,200,200,200
343966,0,30,1,1,0,1,0,5,0,0,0,6,14,1,7,0,0,0,0,200,200
343966,1,30,1,1,0,1,0,5,0,0,0,6,14,0,6,200,200,200,200,200,200
343966,1,30,1,1,0,1,0,5,0,0,0,6,14,0,6,200,200,200,200,200,200
343972,0,30,1,200,0,1,14,2,0,0,200,22,0,1,6,200,2,200,200,200,200
343972,0,30,1,200,0,1,14,2,0,0,200,22,0,1,6,200,12,200,200,200,200
343972,1,30,1,200,0,1,14,2,0,0,200,22,0,1,200,200,200,200,200,200,200
343973,0,5,2,12,0,1,11,7,0,0,0,6,0,1,6,200,5,0,0,200,200
343973,0,5,2,12,0,1,11,7,0,0,0,6,0,0,5,0,0,0,0,200,200
343981,0,35,0,0,0,1,8,5,0,0,200,0,0,1,200,200,200,200,200,200,200
343981,4,35,0,0,0,1,8,5,0,0,200,0,0,0,3,2,200,200,0,200,200
343982,0,30,0,0,0,1,7,5,0,0,0,0,200,1,9,200,200,200,0,200,200
343983,0,15,0,0,0,1,7,7,0,0,0,0,0,2,200,200,200,200,200,200,200
343986,0,30,0,0,0,1,12,5,0,0,0,21,200,0,6,200,1,0,0,200,200
343986,0,30,0,0,0,1,12,5,0,0,0,21,200,1,6,200,0,0,0,200,200
343987,0,25,0,0,0,1,7,6,0,0,0,0,0,2,200,200,200,200,200,200,200
343988,0,30,2,2,0,1,0,5,0,0,0,0,0,0,200,200,12,200,200,200,200
343988,0,30,2,2,0,1,0,5,0,0,0,0,0,0,200,200,0,0,0,200,200
343988,1,30,2,2,0,1,0,5,0,0,0,0,0,1,200,200,200,200,200,200,200
343989,0,30,0,0,0,1,10,5,0,0,0,200,200,1,200,200,0,200,200,200,200
343989,0,30,0,0,0,1,10,5,0,0,0,200,200,0,7,0,0,0,0,200,200
343991,0,30,1,2,0,1,10,5,0,0,0,0,0,0,6,0,1,0,0,200,200
343991,0,30,1,2,0,1,10,5,0,0,0,0,0,1,6,0,0,0,0,200,200
343994,4,30,0,0,0,1,8,4,0,0,0,200,200,0,5,7,12,200,0,200,200
343994,0,30,0,0,0,1,8,4,0,0,0,200,200,0,6,200,0,200,0,200,200
343997,0,10,0,0,0,1,14,7,0,0,0,8,8,1,7,0,12,12,0,200,200
343997,0,10,0,0,0,1,14,7,0,0,0,8,8,0,6,0,12,0,0,200,200
343999,0,30,0,0,0,1,11,5,0,0,200,0,0,0,200,200,200,200,200,200,200
343999,0,30,0,0,0,1,11,5,0,0,200,0,0,1,7,200,200,200,0,200,200
344000,0,30,1,12,0,1,10,2,0,12,200,0,0,0,4,200,12,200,0,200,200
344000,0,30,1,12,0,1,10,2,0,12,200,0,0,0,7,200,0,200,0,200,200
344000,0,30,1,12,0,1,10,2,0,12,200,0,0,0,7,200,0,200,0,200,200
344004,0,30,0,200,0,1,0,2,0,0,0,5,14,0,5,200,5,0,0,200,200
344004,0,30,0,200,0,1,0,2,0,0,0,5,14,0,7,200,0,0,0,200,200
344006,0,30,1,2,0,1,14,5,0,200,200,22,22,1,7,0,7,200,0,200,200
344006,0,30,1,2,0,1,14,5,0,200,200,22,22,0,6,0,12,200,0,200,200
344006,1,30,1,2,0,1,14,5,0,200,200,22,22,1,200,0,200,200,200,200,200
344009,0,10,0,0,0,1,10,0,0,0,0,20,200,0,8,200,6,0,0,200,200
344009,0,10,0,0,0,1,10,0,0,0,0,20,200,1,7,200,0,0,0,200,200
344011,0,30,1,2,0,1,10,2,0,0,200,18,0,0,200,200,3,200,200,200,200
344011,0,30,1,2,0,1,10,2,0,0,200,18,0,1,6,0,0,0,0,200,200
344011,1,30,1,2,0,1,10,2,0,0,200,18,0,1,200,200,200,200,200,200,200
344028,0,30,0,0,0,1,7,6,0,0,0,0,200,1,6,200,200,0,5,200,200
344029,0,30,1,2,0,1,14,5,0,0,2,17,200,0,200,200,1,200,200,200,200
344029,0,30,1,2,0,1,14,5,0,0,2,17,200,0,6,0,0,0,0,200,200
344032,0,30,0,0,0,1,9,6,0,0,200,0,0,0,200,200,1,200,200,200,200
344032,5,30,0,0,0,1,9,6,0,0,200,0,0,1,6,7,0,200,0,200,200
344037,0,30,0,0,0,1,0,5,0,0,0,0,0,1,200,200,1,200,200,200,200
344037,0,30,0,0,0,1,0,5,0,0,0,0,0,0,6,0,0,0,0,200,200
344038,0,30,0,0,0,1,10,7,0,0,0,200,200,1,200,200,0,200,200,200,200
344038,0,30,0,0,0,1,10,7,0,0,0,200,200,0,3,0,0,0,0,200,200
344040,4,30,2,2,0,1,8,2,0,0,0,5,200,0,5,7,1,0,0,200,200
344040,0,30,2,2,0,1,8,2,0,0,0,5,200,0,7,200,0,0,0,200,200
344041,0,30,0,0,0,1,14,5,0,0,0,25,0,1,6,200,12,200,200,200,200
344041,0,30,0,0,0,1,14,5,0,0,0,25,0,1,4,0,0,0,0,200,200
344042,0,10,0,0,0,1,14,7,0,200,200,0,200,1,5,200,7,200,200,200,200
344042,0,10,0,0,0,1,14,7,0,200,200,0,200,1,7,200,0,200,200,200,200
344053,0,30,1,2,0,1,14,2,0,0,0,17,0,0,7,0,1,0,0,200,200
344053,0,30,1,2,0,1,14,2,0,0,0,17,0,0,7,0,1,0,0,200,200
344060,0,15,0,0,0,1,7,7,0,0,12,0,11,0,7,0,200,0,0,200,200
344062,0,30,0,0,0,1,12,2,0,0,0,22,200,1,7,3,1,0,0,200,200
344062,0,30,0,0,0,1,12,2,0,0,0,22,200,1,6,200,0,0,0,200,200
344063,0,30,1,2,0,1,10,5,0,0,0,0,0,2,200,200,200,200,200,200,200
344063,0,30,1,2,0,1,10,5,0,0,0,0,0,0,7,0,200,200,200,200,200
344064,0,25,0,0,0,1,7,5,0,0,0,23,200,0,200,200,7,200,200,200,200
344077,0,30,0,0,0,1,14,3,0,0,0,0,0,0,7,0,12,0,0,200,200
344077,0,30,0,0,0,1,14,3,0,0,0,0,0,0,6,0,12,0,0,200,200
344077,1,30,0,0,0,1,14,3,0,0,0,0,0,0,7,0,200,200,200,200,200
344078,0,15,0,0,0,1,10,7,0,0,0,20,200,1,8,0,6,0,0,200,200
344078,0,15,0,0,0,1,10,7,0,0,0,20,200,0,8,0,0,0,0,200,200
344081,0,30,0,0,0,1,8,3,0,0,0,0,0,0,200,200,7,200,200,200,200
344081,4,30,0,0,0,1,8,3,0,0,0,0,0,0,200,2,0,0,0,200,200
344090,0,30,3,12,0,1,10,2,0,0,0,0,200,1,5,200,200,200,200,200,200
344090,0,30,3,12,0,1,10,2,0,0,0,0,200,1,7,0,200,0,0,200,200
344090,1,30,3,12,0,1,10,2,0,0,0,0,200,1,4,0,200,200,200,200,200
344092,0,30,0,0,0,1,12,5,0,0,0,17,200,1,200,200,1,200,200,200,200
344092,0,30,0,0,0,1,12,5,0,0,0,17,200,1,7,0,0,0,0,200,200
344097,0,30,0,0,0,1,10,2,0,0,0,20,0,0,6,0,6,200,0,200,200
344097,0,30,0,0,0,1,10,2,0,0,0,20,0,0,5,0,3,200,0,200,200
344099,0,30,0,0,0,1,14,2,0,0,0,23,22,0,6,0,12,0,0,200,200
344099,0,30,0,0,0,1,14,2,0,0,0,23,22,0,6,0,0,0,0,200,200
344101,0,25,2,2,0,1,10,5,0,0,0,20,0,0,5,0,0,0,0,200,200
344101,0,25,2,2,0,1,10,5,0,0,0,20,0,0,200,200,6,200,200,200,200
344102,0,25,1,2,0,1,14,2,3,0,0,18,200,0,200,200,3,200,200,200,200
344102,0,25,1,2,0,1,14,2,3,0,0,18,200,1,7,200,0,200,0,200,200
344124,0,10,0,0,0,1,7,7,0,0,0,11,200,0,8,0,12,0,0,200,200
344129,0,30,0,0,0,1,7,12,0,0,0,0,0,2,200,200,10,200,200,200,200
344130,5,30,1,2,0,1,9,2,0,0,0,3,200,0,9,7,0,0,0,200,200
344130,0,30,1,2,0,1,9,2,0,0,0,3,200,1,6,200,12,0,0,200,200
344131,0,30,0,0,0,1,12,5,0,0,0,17,200,0,5,0,1,200,0,200,200
344131,0,30,0,0,0,1,12,5,0,0,0,17,200,0,7,0,0,200,0,200,200
344131,1,30,0,0,0,1,12,5,0,0,0,17,200,0,3,0,200,200,200,200,200
344131,1,30,0,0,0,1,12,5,0,0,0,17,200,1,2,0,200,200,200,200,200
344135,0,30,8,2,0,1,7,7,0,0,0,0,200,2,200,200,200,200,200,200,200
344138,0,30,0,0,0,1,12,5,0,0,0,200,200,1,200,200,0,200,200,200,200
344138,0,30,0,0,0,1,12,5,0,0,0,200,200,1,5,0,0,0,0,200,200
344139,0,30,1,2,0,1,2,5,0,0,0,32,200,1,6,0,10,0,6,200,200
344144,0,30,0,2,0,1,12,5,0,0,0,0,0,2,200,200,0,200,200,200,200
344144,0,30,0,2,0,1,12,5,0,0,0,0,0,1,7,7,0,0,0,200,200
344148,0,30,0,0,0,1,14,2,0,0,0,17,33,0,5,0,1,1,0,200,200
344148,0,30,0,0,0,1,14,2,0,0,0,17,33,0,6,0,0,1,0,200,200
344148,1,30,0,0,0,1,14,2,0,0,0,17,33,1,7,0,200,200,200,200,200
344150,0,30,0,0,0,1,10,5,0,0,200,0,0,0,200,200,200,200,200,200,200
344150,0,30,0,0,0,1,10,5,0,0,200,0,0,0,6,0,200,200,200,200,200
344158,0,30,0,0,0,1,10,5,0,0,0,18,0,0,200,200,3,0,0,200,200
344158,0,30,0,0,0,1,10,5,0,0,0,18,0,0,7,0,0,0,0,200,200
344158,1,30,0,0,0,1,10,5,0,0,0,18,0,1,7,0,200,200,200,200,200
344161,0,30,1,2,0,1,12,2,0,0,0,4,17,0,5,200,2,0,0,200,200
344161,0,30,1,2,0,1,12,2,0,0,0,4,17,0,7,200,0,0,0,200,200
344162,0,25,0,0,0,0,12,7,0,0,0,0,200,0,0,0,6,0,200,200,200
344162,0,25,0,0,0,0,12,7,0,0,0,0,200,1,200,200,200,200,200,200,200
344164,0,30,1,2,0,1,12,5,0,0,0,0,0,1,5,200,200,200,200,200,200