RD_NO,PERSON_TYPE,POSTED_SPEED_LIMIT,TRAFFIC_CONTROL_DEVICE,DEVICE_CONDITION,WEATHER_CONDITION,LIGHTING_CONDITION,FIRST_CRASH_TYPE,TRAFFICWAY_TYPE,ALIGNMENT,ROADWAY_SURFACE_COND,ROAD_DEFECT,PRIM_CONTRIBUTORY_CAUSE,SEC_CONTRIBUTORY_CAUSE,SEX,AGE,SAFETY_EQUIPMENT,DRIVER_ACTION,DRIVER_VISION,PHYSICAL_CONDITION,BAC_RESULT VALUE,CELL_PHONE_USE
344863,1,30,2,200,200,3,14,3,0,200,200,0,200,1,200,200,200,200,200,200,200
344866,0,30,1,2,0,1,10,1,0,0,0,18,200,1,6,0,3,0,0,200,200
344866,0,30,1,2,0,1,10,1,0,0,0,18,200,1,5,0,0,200,0,200,200
344866,1,30,1,2,0,1,10,1,0,0,0,18,200,1,200,0,200,200,200,200,200
344866,1,30,1,2,0,1,10,1,0,0,0,18,200,0,200,0,200,200,200,200,200
344870,0,30,2,2,0,1,10,5,0,0,0,18,0,0,6,200,3,200,200,200,200
344870,0,30,2,2,0,1,10,5,0,0,0,18,0,1,7,0,0,0,0,200,200
344871,0,0,1,2,0,1,8,1,0,0,0,17,0,0,6,0,1,0,0,200,200
344871,4,0,1,2,0,1,8,1,0,0,0,17,0,1,4,2,0,0,0,200,200
344878,0,30,0,0,0,1,11,5,0,0,0,0,0,1,6,0,200,200,0,200,200
344878,0,30,0,0,0,1,11,5,0,0,0,0,0,0,7,200,200,200,0,200,200
344878,1,30,0,0,0,1,11,5,0,0,0,0,0,1,2,0,200,200,200,200,200
344880,0,30,0,0,0,1,0,2,0,0,0,0,200,0,200,200,200,200,200,200,200
344880,0,30,0,0,0,1,0,2,0,0,0,0,200,0,8,0,0,0,0,200,200
344884,0,35,1,2,0,1,14,5,0,0,0,21,25,1,5,0,7,0,0,200,200
344884,0,35,1,2,0,1,14,5,0,0,0,21,25,0,6,0,0,0,0,200,200
344887,0,0,2,2,0,1,0,5,0,0,0,17,17,1,6,0,200,0,0,200,200
344887,0,0,2,2,0,1,0,5,0,0,0,17,17,1,6,0,200,0,0,200,200
344889,0,30,0,0,0,1,10,6,0,0,0,20,20,1,200,200,6,0,0,200,200
344889,0,30,0,0,0,1,10,6,0,0,0,20,20,1,6,0,0,0,0,200,200
344897,0,20,0,0,0,200,7,5,0,0,0,0,200,2,200,200,200,200,200,200,200
344901,0,30,0,0,0,1,0,5,0,0,0,20,200,1,5,200,12,0,0,200,200
344901,0,30,0,0,0,1,0,5,0,0,0,20,200,0,7,0,0,0,0,200,200
344906,0,30,2,2,0,1,3,5,0,0,0,0,0,1,8,200,1,200,200,200,200
344906,0,30,2,2,0,1,3,5,0,0,0,0,0,0,6,0,0,0,0,200,200
344906,1,30,2,2,0,1,3,5,0,0,0,0,0,1,200,200,200,200,200,200,200
344906,1,30,2,2,0,1,3,5,0,0,0,0,0,1,200,200,200,200,200,200,200
344906,1,30,2,2,0,1,3,5,0,0,0,0,0,1,200,200,200,200,200,200,200
344916,0,30,0,0,0,1,7,5,0,0,200,0,200,2,200,200,200,200,200,200,200
344917,0,30,1,2,0,1,12,1,0,0,0,0,0,1,5,0,200,0,0,200,200
344917,0,30,1,2,0,1,12,1,0,0,0,0,0,1,6,0,0,0,0,200,200
344924,0,30,0,0,0,1,7,5,0,0,0,11,200,0,8,0,12,0,0,200,200
344925,0,30,2,200,0,1,14,2,0,0,0,23,200,0,9,200,7,0,0,200,200
344925,0,30,2,200,0,1,14,2,0,0,0,23,200,0,7,200,0,0,0,200,200
344926,0,30,0,0,0,1,10,5,0,0,0,0,200,0,6,0,200,0,0,200,200
344926,0,30,0,0,0,1,10,5,0,0,0,0,200,1,6,0,200,0,0,200,200
344926,1,30,0,0,0,1,10,5,0,0,0,0,200,1,6,0,200,200,200,200,200
344926,1,30,0,0,0,1,10,5,0,0,0,0,200,1,0,5,200,200,200,200,200
344926,1,30,0,0,0,1,10,5,0,0,0,0,200,0,3,0,200,200,200,200,200
344929,0,30,0,0,0,1,10,5,0,0,0,0,200,0,0,0,0,0,0,200,200
344929,0,30,0,0,0,1,10,5,0,0,0,0,200,1,6,7,0,0,0,200,200
344929,1,30,0,0,0,1,10,5,0,0,0,0,200,0,200,0,200,200,200,200,200
344931,0,30,2,2,0,1,14,5,0,0,0,0,200,0,8,200,200,200,200,200,200
344931,0,30,2,2,0,1,14,5,0,0,0,0,200,1,5,200,0,0,0,200,200
344932,0,30,2,2,0,1,14,3,0,0,0,23,17,1,5,0,7,0,0,200,200
344932,0,30,2,2,0,1,14,3,0,0,0,23,17,1,6,0,0,0,0,200,200
344932,1,30,2,2,0,1,14,3,0,0,0,23,17,1,200,200,200,200,200,200,200
344933,0,30,1,2,0,1,10,2,0,0,0,18,200,0,5,0,3,0,0,200,200
344933,0,30,1,2,0,1,10,2,0,0,0,18,200,1,8,0,0,0,0,200,200
344933,1,30,1,2,0,1,10,2,0,0,0,18,200,1,200,0,200,200,200,200,200
344937,0,30,0,0,0,1,0,5,0,0,0,23,200,0,9,0,1,0,0,200,200
344937,0,30,0,0,0,1,0,5,0,0,0,23,200,1,6,0,0,0,0,200,200
344938,0,10,0,0,0,3,7,7,0,0,0,0,200,0,5,0,12,0,0,200,200
344942,0,30,1,2,0,1,12,5,0,0,0,21,21,1,7,0,4,0,0,200,200
344942,0,30,1,2,0,1,12,5,0,0,0,21,21,0,9,0,0,0,0,200,200
344946,0,30,1,2,0,1,10,2,0,0,0,18,200,0,6,0,3,0,0,200,200
344946,0,30,1,2,0,1,10,2,0,0,0,18,200,0,5,0,0,0,0,200,200
344953,0,30,0,0,0,1,7,5,0,200,200,0,0,0,6,0,3,200,200,200,200
344955,0,30,1,2,0,1,10,2,0,0,0,16,200,0,5,200,5,200,200,200,200
344955,0,30,1,2,0,1,10,2,0,0,0,16,200,1,6,200,0,0,0,200,200
344957,0,30,0,0,0,1,11,7,0,0,0,0,0,0,5,200,1,0,0,200,200
344957,0,30,0,0,0,1,11,7,0,0,0,0,0,0,6,200,0,12,0,200,200
344962,0,35,1,2,0,1,12,2,0,0,0,22,200,0,200,200,2,200,200,200,200
344962,0,35,1,2,0,1,12,2,0,0,0,22,200,0,6,0,0,0,0,200,200
344964,0,30,1,2,0,1,14,2,0,0,0,17,11,0,7,0,1,0,0,200,200
344964,0,30,1,2,0,1,14,2,0,0,0,17,11,1,5,0,0,0,0,200,200
344965,0,30,1,2,0,1,10,2,0,0,0,18,18,0,7,0,3,0,0,200,200
344965,0,30,1,2,0,1,10,2,0,0,0,18,18,1,6,0,0,0,0,200,200
344966,0,30,1,2,0,1,10,5,0,0,0,18,0,0,6,1,3,0,0,200,200
344966,0,30,1,2,0,1,10,5,0,0,0,18,0,1,6,0,0,0,0,200,200
344966,1,30,1,2,0,1,10,5,0,0,0,18,0,1,6,0,200,200,200,200,200
344968,0,40,0,0,0,1,10,3,0,0,0,18,16,0,6,0,3,0,0,200,200
344968,0,40,0,0,0,1,10,3,0,0,0,18,16,0,7,0,0,0,0,200,200
344976,0,30,1,2,200,1,10,5,0,200,200,0,0,0,200,200,200,200,200,200,200
344976,0,30,1,2,200,1,10,5,0,200,200,0,0,0,7,0,0,200,200,200,200
344982,0,30,1,2,0,1,14,5,0,0,0,17,6,0,6,200,1,0,0,200,200
344982,0,30,1,2,0,1,14,5,0,0,0,17,6,1,4,200,5,0,0,200,200
344985,0,30,0,0,0,1,14,5,0,0,0,22,22,0,200,200,1,200,200,200,200
344985,0,30,0,0,0,1,14,5,0,0,0,22,22,0,5,0,0,0,0,200,200
344985,1,30,0,0,0,1,14,5,0,0,0,22,22,1,5,0,200,200,200,200,200
344994,0,30,1,2,0,1,12,2,0,0,200,0,200,1,6,0,4,0,0,200,200
344994,0,30,1,2,0,1,12,2,0,0,200,0,200,1,7,0,0,0,0,200,200
344996,0,30,0,0,0,1,12,6,0,0,0,17,200,0,5,0,6,0,0,200,200
344996,0,30,0,0,0,1,12,6,0,0,0,17,200,0,4,0,0,0,0,200,200
344998,0,30,0,0,0,4,7,5,0,0,0,0,0,1,7,0,200,0,0,200,200
345004,0,30,0,0,0,1,7,5,0,0,0,22,11,0,4,7,2,200,0,200,200
345004,1,30,0,0,0,1,7,5,0,0,0,22,11,0,6,200,200,200,200,200,200
345006,0,30,11,0,0,1,2,5,2,0,0,0,32,0,6,0,1,0,0,200,200
345010,0,30,1,2,0,1,0,2,0,0,0,31,200,0,5,0,7,0,0,200,200
345010,0,30,1,2,0,1,0,2,0,0,0,31,200,0,7,0,0,0,0,200,200
345025,0,30,2,2,0,1,0,2,0,0,0,17,17,1,7,200,1,200,200,200,200
345025,0,30,2,2,0,1,0,2,0,0,0,17,17,1,5,0,0,0,0,200,200
345026,0,30,0,0,0,1,5,7,0,0,0,20,33,1,7,0,6,0,0,200,200
345036,0,30,0,0,0,1,10,5,0,0,0,0,200,0,6,0,0,0,0,200,200
345036,0,30,0,0,0,1,10,5,0,0,0,0,200,1,6,0,0,0,0,200,200
345042,0,30,1,2,0,1,12,12,0,0,0,22,11,2,200,200,2,200,200,200,200
345042,0,30,1,2,0,1,12,12,0,0,0,22,11,1,7,0,0,0,0,200,200
345053,0,30,1,2,0,1,10,2,0,0,0,0,200,0,5,200,200,200,200,200,200
345053,0,30,1,2,0,1,10,2,0,0,0,0,200,1,6,0,0,0,0,200,200
345054,0,30,0,0,0,1,7,2,0,0,0,20,16,0,5,0,6,0,0,200,200
345054,1,30,0,0,0,1,7,2,0,0,0,20,16,0,6,0,200,200,200,200,200
345057,0,35,2,2,0,1,8,5,0,0,0,200,200,0,7,0,0,0,0,200,200
345057,4,35,2,2,0,1,8,5,0,0,0,200,200,0,200,7,200,200,200,200,200
345059,0,35,0,0,0,1,12,5,0,0,0,200,200,2,6,7,0,0,0,200,200
345059,0,35,0,0,0,1,12,5,0,0,0,200,200,1,6,7,0,0,0,200,200
345061,0,30,0,0,0,1,7,6,0,0,0,22,33,0,6,200,2,200,0,200,200
345062,0,30,2,2,0,1,0,5,0,0,0,0,0,0,5,200,200,200,200,200,200
345062,0,30,2,2,0,1,0,5,0,0,0,0,0,0,5,200,200,200,200,200,200
345063,0,15,0,0,0,1,5,0,0,0,0,11,28,0,6,200,200,0,0,200,200
345065,0,30,1,2,0,1,10,3,0,0,0,17,17,0,5,0,1,0,0,200,200
345065,0,30,1,2,0,1,10,3,0,0,0,17,17,1,8,0,0,0,0,200,200
345070,0,20,0,0,0,200,7,6,0,0,0,0,200,2,200,200,200,200,200,200,200
345072,0,15,0,0,0,1,10,5,0,0,0,20,17,1,5,200,6,200,0,200,200
345072,0,15,0,0,0,1,10,5,0,0,0,20,17,0,7,0,0,0,0,200,200
345072,1,15,0,0,0,1,10,5,0,0,0,20,17,0,200,0,200,200,200,200,200
345075,0,25,0,0,0,1,7,7,0,0,0,0,0,2,200,200,200,200,200,200,200
345076,0,30,0,0,0,1,7,5,0,0,0,0,200,1,6,200,12,0,0,200,200
345076,1,30,0,0,0,1,7,5,0,0,0,0,200,0,200,0,200,200,200,200,200
345081,0,30,2,2,0,1,0,5,0,0,0,17,5,0,6,0,1,0,0,200,200
345081,0,30,2,2,0,1,0,5,0,0,0,17,5,1,6,0,200,0,0,200,200
345082,0,35,1,2,0,1,10,2,0,0,0,25,200,0,200,200,12,200,200,200,200
345082,0,35,1,2,0,1,10,2,0,0,0,25,200,0,7,0,0,0,0,200,200
345086,0,30,0,0,0,1,10,12,0,0,0,27,7,0,8,200,12,200,0,200,200
345086,0,30,0,0,0,1,10,12,0,0,0,27,7,1,7,200,0,0,0,200,200
345086,1,30,0,0,0,1,10,12,0,0,0,27,7,1,8,200,200,200,200,200,200
345086,1,30,0,0,0,1,10,12,0,0,0,27,7,1,200,200,200,200,200,200,200
345101,0,30,0,0,0,1,12,5,0,0,0,11,16,0,5,0,12,0,0,200,200
345101,0,30,0,0,0,1,12,5,0,0,0,11,16,0,5,0,0,0,0,200,200
345119,0,30,0,0,0,1,14,5,0,200,200,17,23,0,9,0,7,200,12,200,200
345119,0,30,0,0,0,1,14,5,0,200,200,17,23,0,6,0,200,200,0,200,200
345119,1,30,0,0,0,1,14,5,0,200,200,17,23,0,200,200,200,200,200,200,200
345130,0,30,200,200,0,1,7,5,0,0,200,11,11,2,200,200,10,200,200,200,200
345132,0,30,0,0,0,1,2,6,0,0,0,23,0,2,200,200,7,200,200,200,200
345134,0,30,0,0,0,1,10,5,2,0,0,18,18,1,6,0,3,0,0,200,200
345134,0,30,0,0,0,1,10,5,2,0,0,18,18,0,7,0,0,0,0,200,200
345134,0,30,0,0,0,1,10,5,2,0,0,18,18,0,7,0,0,0,0,200,200
345134,1,30,0,0,0,1,10,5,2,0,0,18,18,0,2,0,200,200,200,200,200
345134,1,30,0,0,0,1,10,5,2,0,0,18,18,1,1,0,200,200,200,200,200
345134,1,30,0,0,0,1,10,5,2,0,0,18,18,1,6,0,200,200,200,200,200
345134,1,30,0,0,0,1,10,5,2,0,0,18,18,0,6,0,200,200,200,200,200
345134,1,30,0,0,0,1,10,5,2,0,0,18,18,0,4,0,200,200,200,200,200
345136,0,30,1,2,0,1,0,5,0,0,0,0,200,0,0,200,12,200,7,200,200
345136,0,30,1,2,0,1,0,5,0,0,0,0,200,1,7,200,0,200,200,200,200
345136,0,30,1,2,0,1,0,5,0,0,0,0,200,1,5,200,200,200,7,200,200
345136,1,30,1,2,0,1,0,5,0,0,0,0,200,1,8,200,200,200,200,200,200
345138,0,30,1,0,0,3,10,5,0,0,0,0,200,2,200,200,3,200,200,200,200
345138,0,30,1,0,0,3,10,5,0,0,0,0,200,0,200,0,0,0,0,200,200
345139,0,30,1,2,0,1,14,2,0,0,0,0,200,1,9,0,0,1,0,200,200
345139,0,30,1,2,0,1,14,2,0,0,0,0,200,1,5,0,1,1,0,200,200
345139,0,30,1,2,0,1,14,2,0,0,0,0,200,0,6,0,0,1,0,200,200
345142,0,20,0,0,0,3,7,6,0,0,0,200,200,2,200,200,200,200,200,200,200
345144,0,25,0,0,0,3,2,0,0,0,0,0,0,1,200,200,6,200,200,200,200
345148,0,30,0,0,0,1,14,5,0,0,0,17,200,1,6,0,1,0,0,200,200
345148,0,30,0,0,0,1,14,5,0,0,0,17,200,0,5,0,0,0,0,200,200
345149,0,30,1,2,0,1,10,5,0,0,0,15,18,0,200,200,3,200,200,200,200
345149,0,30,1,2,0,1,10,5,0,0,0,15,18,0,6,0,0,0,0,200,200
345153,0,30,1,2,0,1,10,5,0,0,0,0,0,0,6,200,200,200,200,200,200
345153,0,30,1,2,0,1,10,5,0,0,0,0,0,0,7,0,0,0,0,200,200
345154,0,30,1,2,0,1,14,5,0,0,200,17,200,1,5,0,0,0,0,200,200
345154,0,30,1,2,0,1,14,5,0,0,200,17,200,1,6,0,1,0,0,200,200
345157,0,30,0,0,0,3,0,7,2,0,200,20,200,0,5,200,6,200,200,200,200
345157,0,30,0,0,0,3,0,7,2,0,200,20,200,1,7,200,0,200,200,200,200
345162,0,30,0,0,0,1,10,5,0,0,0,12,16,0,6,0,12,0,0,200,200
345162,0,30,0,0,0,1,10,5,0,0,0,12,16,0,7,0,0,0,0,200,200
345163,0,30,0,0,200,200,7,5,0,200,0,0,0,2,200,200,200,200,200,200,200
345164,0,30,1,2,0,1,14,5,0,0,0,200,200,0,200,0,12,0,0,200,200
345164,0,30,1,2,0,1,14,5,0,0,0,200,200,0,200,0,12,0,0,200,200
345168,0,30,0,0,0,1,10,5,0,0,0,18,200,0,6,7,3,0,0,200,200
345168,0,30,0,0,0,1,10,5,0,0,0,18,200,0,6,0,200,0,0,200,200
345173,0,30,0,0,0,1,10,2,0,0,0,18,200,0,3,0,3,0,0,200,200
345173,0,30,0,0,0,1,10,2,0,0,0,18,200,1,6,0,0,0,0,200,200
345173,1,30,0,0,0,1,10,2,0,0,0,18,200,1,0,5,200,200,200,200,200
345176,0,30,2,2,0,4,7,5,0,0,200,0,0,0,200,200,200,200,200,200,200
345176,1,30,2,2,0,4,7,5,0,0,200,0,0,0,6,200,200,200,200,200,200
345176,1,30,2,2,0,4,7,5,0,0,200,0,0,2,200,200,200,200,200,200,200
345176,1,30,2,2,0,4,7,5,0,0,200,0,0,2,200,200,200,200,200,200,200
345176,1,30,2,2,0,4,7,5,0,0,200,0,0,2,200,7,200,200,200,200,200
345179,0,30,1,2,0,1,14,5,0,0,0,17,200,0,8,0,1,0,0,200,200
345179,0,30,1,2,0,1,14,5,0,0,0,17,200,1,9,0,0,0,0,200,200
345187,0,30,200,200,200,200,7,5,0,200,200,0,200,2,200,200,200,200,200,200,200
345191,0,30,1,2,0,1,3,5,2,0,0,0,200,1,4,200,200,0,0,200,200
345191,0,30,1,2,0,1,3,5,2,0,0,0,200,0,5,200,0,0,0,200,200
345194,0,30,2,2,0,3,0,5,0,0,0,5,5,1,6,0,0,0,0,200,200
345194,0,30,2,2,0,3,0,5,0,0,0,5,5,0,6,0,5,0,0,200,200
345195,0,30,0,0,0,1,7,5,0,200,200,22,22,1,5,0,10,200,0,200,200
345202,0,30,1,2,0,0,10,5,0,0,200,18,0,0,200,200,3,0,0,200,200
345202,0,30,1,2,0,0,10,5,0,0,200,18,0,1,7,0,0,0,0,200,200
345202,1,30,1,2,0,0,10,5,0,0,200,18,0,0,7,0,200,200,200,200,200
345203,0,30,2,2,0,1,0,5,0,0,0,0,0,1,7,0,200,200,0,200,200
345203,0,30,2,2,0,1,0,5,0,0,0,0,0,1,6,0,200,200,0,200,200
345206,0,30,2,2,0,1,10,2,0,0,0,18,200,1,6,0,3,0,0,200,200
345206,0,30,2,2,0,1,10,2,0,0,0,18,200,1,6,0,0,0,0,200,200
345206,1,30,2,2,0,1,10,2,0,0,0,18,200,0,2,0,200,200,200,200,200
345210,0,30,1,2,0,1,10,3,0,0,0,0,0,0,6,200,200,200,200,200,200
345210,0,30,1,2,0,1,10,3,0,0,0,0,0,1,7,200,200,200,0,200,200
345211,5,30,0,0,0,1,9,5,0,0,0,200,200,1,7,7,200,200,200,200,200
345211,0,30,0,0,0,1,9,5,0,0,0,200,200,0,5,200,200,200,200,200,200
345217,0,30,1,2,0,1,14,5,0,0,0,18,16,0,5,0,3,0,0,200,200
345217,0,30,1,2,0,1,14,5,0,0,0,18,16,0,6,0,0,0,0,200,200
345219,0,30,0,0,0,1,2,5,0,0,0,0,200,0,200,200,200,200,200,200,200
345222,0,30,1,2,0,1,10,5,2,0,0,16,11,0,5,200,200,200,200,200,200
345222,0,30,1,2,0,1,10,5,2,0,0,16,11,0,7,0,0,0,0,200,200
345222,1,30,1,2,0,1,10,5,2,0,0,16,11,1,2,0,200,200,200,200,200
345223,0,30,1,2,0,1,12,5,0,0,200,0,0,0,200,200,4,200,200,200,200
345223,0,30,1,2,0,1,12,5,0,0,200,0,0,1,8,0,0,0,0,200,200
345247,0,10,0,0,0,1,7,7,0,0,0,0,200,1,8,200,200,200,200,200,200
345248,0,30,1,2,0,1,10,2,0,0,0,18,200,1,5,0,3,200,0,200,200
345248,0,30,1,2,0,1,10,2,0,0,0,18,200,1,5,0,0,0,0,200,200
345257,0,30,1,2,0,1,14,5,0,0,0,17,21,0,6,200,12,0,0,200,200
345257,0,30,1,2,0,1,14,5,0,0,0,17,21,1,5,200,200,0,0,200,200
345260,0,30,0,0,0,1,11,7,0,0,0,20,200,0,6,0,12,0,0,200,200
345260,0,30,0,0,0,1,11,7,0,0,0,20,200,0,7,0,0,0,0,200,200
345260,1,30,0,0,0,1,11,7,0,0,0,20,200,1,7,0,200,200,200,200,200
345263,0,30,0,0,0,1,10,5,0,0,0,18,200,0,6,0,0,0,0,200,200
345263,0,30,0,0,0,1,10,5,0,0,0,18,200,1,5,0,12,0,0,200,200
345264,0,30,1,2,0,1,12,2,0,0,0,16,12,0,6,0,3,0,0,200,200
345264,0,30,1,2,0,1,12,2,0,0,0,16,12,1,6,0,0,0,0,200,200
345266,0,15,0,0,0,1,5,7,0,0,0,0,0,0,6,200,0,0,0,200,200
345267,0,30,0,0,0,1,7,5,0,0,0,0,0,0,6,0,0,0,0,200,200
345269,0,30,1,2,0,1,14,5,0,0,0,0,0,0,7,0,3,0,0,200,200
345269,0,30,1,2,0,1,14,5,0,0,0,0,0,0,6,0,0,0,0,200,200
345271,0,20,2,0,0,1,14,12,2,0,0,17,16,0,7,200,1,0,0,200,200
345271,0,20,2,0,0,1,14,12,2,0,0,17,16,1,3,0,0,0,0,200,200
345271,1,20,2,0,0,1,14,12,2,0,0,17,16,0,3,0,200,200,200,200,200
345272,0,30,0,0,0,1,10,5,0,0,0,18,200,1,200,0,3,0,0,200,200
345272,0,30,0,0,0,1,10,5,0,0,0,18,200,0,200,0,0,0,0,200,200
345287,0,30,0,0,0,1,7,5,0,0,0,0,0,2,200,200,1,200,200,200,200
345288,0,30,200,200,0,1,10,5,0,0,200,18,18,1,6,0,3,0,0,200,200
345288,0,30,200,200,0,1,10,5,0,0,200,18,18,1,6,7,0,0,0,200,200
345288,1,30,200,200,0,1,10,5,0,0,200,18,18,1,6,0,200,200,200,200,200
345290,0,30,0,0,0,1,10,2,0,0,0,16,200,0,6,0,3,0,0,200,200
345290,0,30,0,0,0,1,10,2,0,0,0,16,200,0,5,0,0,0,0,200,200
345295,0,30,1,2,0,1,12,3,0,0,0,0,0,0,7,200,1,200,0,200,200
345295,0,30,1,2,0,1,12,3,0,0,0,0,0,0,7,200,1,200,0,200,200
345297,0,30,1,2,0,1,12,12,0,0,0,21,4,1,200,200,200,200,200,200,200
345297,0,30,1,2,0,1,12,12,0,0,0,21,4,0,7,0,0,0,0,200,200
345297,1,30,1,2,0,1,12,12,0,0,0,21,4,1,200,200,200,200,200,200,200
345299,0,30,0,0,0,1,14,6,0,0,0,22,200,0,7,0,7,0,0,200,200
345299,0,30,0,0,0,1,14,6,0,0,0,22,200,0,6,0,0,0,0,200,200
345308,0,30,0,0,0,1,2,7,0,0,0,0,200,1,6,0,12,0,0,200,200
345323,0,30,0,0,0,1,7,6,0,0,200,11,0,0,7,0,6,200,0,200,200
345331,0,30,0,0,0,1,0,5,0,0,0,17,200,2,200,200,1,200,200,200,200
345331,0,30,0,0,0,1,0,5,0,0,0,17,200,0,6,0,0,0,0,200,200
345331,1,30,0,0,0,1,0,5,0,0,0,17,200,0,4,0,200,200,200,200,200
345332,0,30,1,2,0,1,0,5,0,0,200,17,0,0,5,0,1,0,0,200,200
345332,0,30,1,2,0,1,0,5,0,0,200,17,0,0,5,0,0,0,0,200,200
345335,0,30,0,0,0,1,7,6,0,0,0,200,200,0,6,0,0,0,0,200,200
345335,1,30,0,0,0,1,7,6,0,0,0,200,200,0,7,0,200,200,200,200,200
345337,0,30,0,0,0,1,12,3,0,0,0,17,200,0,200,200,1,200,200,200,200
345337,0,30,0,0,0,1,12,3,0,0,0,17,200,0,6,0,1,0,0,200,200
345340,0,30,0,0,0,1,10,5,0,0,0,18,17,0,6,0,1,0,0,200,200
345340,0,30,0,0,0,1,10,5,0,0,0,18,17,1,8,0,0,0,0,200,200
345340,0,30,0,0,0,1,10,5,0,0,0,18,17,0,200,200,0,200,200,200,200
345340,1,30,0,0,0,1,10,5,0,0,0,18,17,0,2,0,200,200,200,200,200
345340,1,30,0,0,0,1,10,5,0,0,0,18,17,1,7,0,200,200,200,200,200
345350,0,30,1,2,0,1,8,5,0,0,0,6,200,1,9,0,0,0,0,200,200
345350,4,30,1,2,0,1,8,5,0,0,0,6,200,0,200,2,5,0,0,200,200
345353,0,30,0,0,0,1,0,7,0,0,0,17,200,0,7,0,1,0,0,200,200
345353,0,30,0,0,0,1,0,7,0,0,0,17,200,0,7,0,0,0,0,200,200
345354,0,35,200,200,0,1,7,5,0,0,0,0,0,2,200,200,200,200,200,200,200
345358,0,25,0,0,0,1,7,6,0,0,0,0,0,2,200,200,200,200,200,200,200
345363,0,30,0,0,0,1,14,7,0,0,0,0,200,0,4,0,1,0,0,200,200
345363,0,30,0,0,0,1,14,7,0,0,0,0,200,0,6,0,0,0,0,200,200
345368,0,30,0,0,0,1,0,7,0,0,0,0,0,1,200,200,6,200,200,200,200
345368,0,30,0,0,0,1,0,7,0,0,0,0,0,0,7,0,0,0,0,200,200
345374,0,30,2,3,0,1,10,7,0,0,200,20,20,1,200,200,6,200,200,200,200
345374,0,30,2,3,0,1,10,7,0,0,200,20,20,1,6,0,0,0,0,200,200
345380,0,30,0,0,0,1,0,5,0,0,0,0,200,1,5,0,12,0,0,200,200
345380,0,30,0,0,0,1,0,5,0,0,0,0,200,1,7,0,0,4,0,200,200
345381,0,30,0,0,0,1,14,5,0,0,0,0,0,1,6,0,0,0,0,200,200
345381,0,30,0,0,0,1,14,5,0,0,0,0,0,1,7,0,0,0,0,200,200
345387,0,30,1,200,0,1,0,5,0,0,200,6,16,0,6,200,1,200,200,200,200
345387,0,30,1,200,0,1,0,5,0,0,200,6,16,1,5,200,1,200,200,200,200
345390,0,30,200,200,0,1,14,2,0,0,200,0,200,1,0,7,0,0,0,200,200
345390,0,30,200,200,0,1,14,2,0,0,200,0,200,0,5,7,0,0,0,200,200
345392,0,30,2,2,0,1,0,5,0,0,0,17,16,1,5,0,1,0,0,200,200
345392,0,30,2,2,0,1,0,5,0,0,0,17,16,0,7,0,0,0,0,200,200
345395,0,30,1,2,0,1,14,2,0,0,0,23,200,0,200,200,7,200,200,200,200
345395,0,30,1,2,0,1,14,2,0,0,0,23,200,1,8,0,12,0,0,200,200
345397,0,0,0,0,0,1,7,7,0,0,0,11,200,0,200,200,10,200,200,200,200
345397,1,0,0,0,0,1,7,7,0,0,0,11,200,1,6,0,200,200,200,200,200
345398,0,30,0,0,0,1,12,5,0,0,0,17,0,1,6,0,1,0,0,200,200
345398,0,30,0,0,0,1,12,5,0,0,0,17,0,1,6,0,0,0,0,200,200
345399,0,30,1,2,0,1,7,2,0,0,0,0,200,2,200,200,200,200,200,200,200
345401,0,30,1,2,0,1,10,2,0,0,0,17,0,0,200,200,1,200,200,200,200
345401,0,30,1,2,0,1,10,2,0,0,0,17,0,1,6,0,12,0,0,200,200
345401,0,30,1,2,0,1,10,2,0,0,0,17,0,0,9,0,12,0,0,200,200
345405,0,30,0,200,0,1,7,5,0,0,0,20,20,1,7,200,6,0,0,200,200
345405,1,30,0,200,0,1,7,5,0,0,0,20,20,1,7,200,200,200,200,200,200
345405,1,30,0,200,0,1,7,5,0,0,0,20,20,1,7,200,200,200,200,200,200
345405,1,30,0,200,0,1,7,5,0,0,0,20,20,1,7,200,200,200,200,200,200
345405,1,30,0,200,0,1,7,5,0,0,0,20,20,1,6,0,200,200,200,200,200
345412,0,30,0,0,0,1,10,2,0,0,0,18,200,0,6,7,0,0,0,200,200
345412,0,30,0,0,0,1,10,2,0,0,0,18,200,1,200,0,12,0,12,200,200
345413,0,30,0,2,0,1,10,6,0,0,0,16,0,1,200,200,1,200,200,200,200
345413,0,30,0,2,0,1,10,6,0,0,0,16,0,1,8,0,0,0,0,200,200
345416,0,30,0,0,0,1,10,2,0,0,12,18,0,1,5,0,3,0,0,200,200
345416,0,30,0,0,0,1,10,2,0,0,12,18,0,0,6,0,0,0,0,200,200
345418,0,40,0,0,0,1,12,3,0,0,0,18,200,0,5,0,3,0,0,200,200
345418,0,40,0,0,0,1,12,3,0,0,0,18,200,0,6,0,0,0,0,200,200
345418,1,40,0,0,0,1,12,3,0,0,0,18,200,1,0,5,200,200,200,200,200
345422,0,35,2,2,0,1,0,5,0,0,0,5,7,0,6,0,0,0,0,200,200
345422,0,35,2,2,0,1,0,5,0,0,0,5,7,0,4,0,5,0,0,200,200
345428,0,30,1,2,0,1,9,5,0,0,0,23,6,1,9,200,1,200,0,200,200
345428,5,30,1,2,0,1,9,5,0,0,0,23,6,0,2,200,0,0,0,200,200
345432,0,30,0,0,0,1,7,5,0,0,0,22,22,2,200,200,2,200,200,200,200
345435,0,30,0,0,0,1,12,5,2,0,0,22,200,1,200,7,2,0,0,200,200
345435,0,30,0,0,0,1,12,5,2,0,0,22,200,0,7,0,0,0,0,200,200