RD_NO,PERSON_TYPE,POSTED_SPEED_LIMIT,TRAFFIC_CONTROL_DEVICE,DEVICE_CONDITION,WEATHER_CONDITION,LIGHTING_CONDITION,FIRST_CRASH_TYPE,TRAFFICWAY_TYPE,ALIGNMENT,ROADWAY_SURFACE_COND,ROAD_DEFECT,PRIM_CONTRIBUTORY_CAUSE,SEC_CONTRIBUTORY_CAUSE,SEX,AGE,SAFETY_EQUIPMENT,DRIVER_ACTION,DRIVER_VISION,PHYSICAL_CONDITION,BAC_RESULT VALUE,CELL_PHONE_USE
345994,0,30,0,0,0,1,10,5,0,0,0,18,200,0,200,200,1,200,200,200,200
345994,0,30,0,0,0,1,10,5,0,0,0,18,200,0,7,200,0,0,0,200,200
345994,1,30,0,0,0,1,10,5,0,0,0,18,200,2,200,200,200,200,200,200,200
345994,1,30,0,0,0,1,10,5,0,0,0,18,200,2,200,200,200,200,200,200,200
345994,1,30,0,0,0,1,10,5,0,0,0,18,200,2,200,200,200,200,200,200,200
345994,1,30,0,0,0,1,10,5,0,0,0,18,200,2,200,200,200,200,200,200,200
346010,0,30,0,0,0,3,12,2,0,0,0,0,0,2,200,200,200,200,200,200,200
346010,0,30,0,0,0,3,12,2,0,0,0,0,0,2,200,200,200,200,200,200,200
346010,1,30,0,0,0,3,12,2,0,0,0,0,0,0,6,200,200,200,200,200,200
346050,0,30,0,0,0,3,7,2,0,0,0,16,0,2,200,200,200,200,200,200,200
346069,0,30,0,0,0,1,12,5,2,0,0,21,0,1,7,0,2,0,0,200,200
346069,0,30,0,0,0,1,12,5,2,0,0,21,0,1,200,200,5,200,200,200,200
346076,0,30,0,0,0,1,12,2,0,0,0,22,7,0,6,200,4,0,0,200,200
346076,0,30,0,0,0,1,12,2,0,0,0,22,7,0,7,200,0,0,0,200,200
346076,1,30,0,0,0,1,12,2,0,0,0,22,7,0,6,0,200,200,200,200,200
346076,1,30,0,0,0,1,12,2,0,0,0,22,7,1,6,0,200,200,200,200,200
346076,1,30,0,0,0,1,12,2,0,0,0,22,7,1,5,200,200,200,200,200,200
346082,0,30,0,0,0,1,7,5,0,0,0,1,16,1,0,0,12,0,0,200,200
346082,1,30,0,0,0,1,7,5,0,0,0,1,16,0,5,0,200,200,200,200,200
346090,0,30,1,2,0,3,10,3,0,0,0,11,0,0,5,0,200,200,0,200,200
346090,0,30,1,2,0,3,10,3,0,0,0,11,0,0,5,0,0,0,0,200,200
346094,0,30,0,0,0,1,14,3,0,0,0,17,0,0,200,200,1,200,200,200,200
346094,0,30,0,0,0,1,14,3,0,0,0,17,0,0,5,0,0,0,0,200,200
346096,0,30,0,0,0,1,7,2,0,0,0,0,200,1,5,0,12,0,0,200,200
346097,0,25,1,2,0,1,14,5,0,0,0,23,0,0,5,0,7,0,0,200,200
346097,0,25,1,2,0,1,14,5,0,0,0,23,0,0,5,0,0,0,0,200,200
346103,0,5,12,2,0,1,2,12,0,0,0,200,200,0,5,0,12,0,0,200,200
346104,0,30,2,2,0,1,0,6,0,0,0,5,200,2,200,200,5,200,200,200,200
346104,0,30,2,2,0,1,0,6,0,0,0,5,200,1,6,0,0,0,0,200,200
346104,1,30,2,2,0,1,0,6,0,0,0,5,200,1,6,0,200,200,200,200,200
346104,1,30,2,2,0,1,0,6,0,0,0,5,200,1,8,0,200,200,200,200,200
346107,0,30,1,2,0,1,12,2,0,0,0,16,200,2,200,200,200,200,200,200,200
346107,0,30,1,2,0,1,12,2,0,0,0,16,200,1,5,0,0,0,0,200,200
346109,0,30,0,0,0,0,7,6,0,0,0,200,200,2,200,200,200,200,200,200,200
346123,0,35,2,2,0,1,2,3,0,0,0,29,200,0,6,200,0,0,200,200,200
346126,0,30,1,2,0,1,10,2,0,0,0,18,0,1,5,0,3,0,0,200,200
346126,0,30,1,2,0,1,10,2,0,0,0,18,0,0,6,0,0,0,0,200,200
346127,0,25,2,0,0,1,0,6,0,0,0,17,0,1,5,0,12,0,0,200,200
346127,0,25,2,0,0,1,0,6,0,0,0,17,0,0,200,200,12,200,200,200,200
346127,1,25,2,0,0,1,0,6,0,0,0,17,0,2,200,200,200,200,200,200,200
346130,0,25,0,0,200,1,0,12,0,200,200,0,0,1,200,200,200,200,200,200,200
346130,0,25,0,0,200,1,0,12,0,200,200,0,0,1,200,200,200,200,0,200,200
346131,0,30,0,0,0,1,9,0,0,0,0,0,0,1,7,0,14,0,0,200,200
346131,5,30,0,0,0,1,9,0,0,0,0,0,0,0,5,200,12,0,0,200,200
346134,0,30,0,0,0,1,12,3,0,0,0,17,17,1,6,0,1,0,0,200,200
346134,0,30,0,0,0,1,12,3,0,0,0,17,17,0,7,0,0,0,0,200,200
346135,0,30,0,0,0,1,10,7,0,0,0,20,200,0,7,0,6,0,0,200,200
346135,0,30,0,0,0,1,10,7,0,0,0,20,200,0,6,0,0,0,0,200,200
346136,0,30,0,0,0,1,12,5,0,0,0,21,21,0,6,0,1,0,0,200,200
346136,0,30,0,0,0,1,12,5,0,0,0,21,21,0,7,0,0,0,0,200,200
346142,0,10,200,200,200,200,7,7,0,200,200,200,200,2,200,200,200,200,200,200,200
346153,0,30,0,0,0,1,7,2,0,0,0,21,200,0,7,200,12,200,2,200,200
346154,0,30,0,0,0,1,12,6,0,0,0,22,0,0,7,0,4,0,0,200,200
346154,0,30,0,0,0,1,12,6,0,0,0,22,0,0,6,0,2,0,0,200,200
346160,0,30,0,0,0,1,14,2,0,0,0,23,200,0,200,200,7,0,0,200,200
346160,0,30,0,0,0,1,14,2,0,0,0,23,200,0,8,200,0,0,0,200,200
346160,1,30,0,0,0,1,14,2,0,0,0,23,200,0,200,200,200,200,200,200,200
346166,0,35,0,0,0,1,7,5,0,0,0,27,200,0,5,0,12,0,2,200,200
346168,0,30,2,2,0,1,14,2,0,0,0,17,200,1,5,0,0,0,0,200,200
346168,0,30,2,2,0,1,14,2,0,0,0,17,200,0,6,0,1,0,0,200,200
346169,0,25,0,0,0,1,8,5,0,0,0,17,200,0,9,0,1,0,0,200,200
346169,4,25,0,0,0,1,8,5,0,0,0,17,200,1,6,3,0,0,0,200,200
346171,0,30,0,0,0,1,12,12,0,0,0,200,200,0,6,0,12,0,0,200,200
346171,0,30,0,0,0,1,12,12,0,0,0,200,200,0,7,0,0,0,0,200,200
346171,1,30,0,0,0,1,12,12,0,0,0,200,200,200,200,200,200,200,200,200,200
346174,0,20,1,2,0,1,12,6,0,0,0,21,0,1,7,200,4,200,200,200,200
346174,0,20,1,2,0,1,12,6,0,0,0,21,0,0,6,0,12,0,0,200,200
346179,0,30,0,0,0,1,12,12,0,0,0,17,17,1,6,200,1,200,200,200,200
346179,0,30,0,0,0,1,12,12,0,0,0,17,17,1,5,0,0,0,0,200,200
346180,0,35,0,0,0,1,10,5,0,0,0,18,0,1,6,0,3,0,0,200,200
346180,0,35,0,0,0,1,10,5,0,0,0,18,0,1,5,0,0,0,0,200,200
346184,0,30,200,200,200,200,7,200,0,200,200,200,200,2,200,200,200,200,200,200,200
346190,0,30,1,2,0,1,14,5,0,0,0,17,11,1,6,0,1,0,0,200,200
346190,0,30,1,2,0,1,14,5,0,0,0,17,11,1,5,0,0,0,0,200,200
346190,1,30,1,2,0,1,14,5,0,0,0,17,11,1,6,0,200,200,200,200,200
346190,1,30,1,2,0,1,14,5,0,0,0,17,11,0,0,5,200,200,200,200,200
346193,0,30,1,2,0,1,14,5,0,0,200,0,0,1,9,200,200,200,200,200,200
346193,0,30,1,2,0,1,14,5,0,0,200,0,0,0,6,200,200,200,200,200,200
346196,0,30,0,0,0,1,10,5,0,0,200,0,0,0,200,200,15,200,200,200,200
346196,0,30,0,0,0,1,10,5,0,0,200,0,0,0,7,0,0,0,0,200,200
346196,1,30,0,0,0,1,10,5,0,0,200,0,0,1,200,200,200,200,200,200,200
346197,0,30,0,0,0,1,10,5,0,0,0,21,21,1,200,200,1,200,200,200,200
346197,0,30,0,0,0,1,10,5,0,0,0,21,21,0,5,0,0,0,0,200,200
346203,0,30,0,0,0,1,8,2,0,0,0,0,0,1,200,200,200,200,200,200,200
346203,4,30,0,0,0,1,8,2,0,0,0,0,0,0,6,200,200,0,0,200,200
346215,0,30,0,0,0,1,2,6,0,0,1,0,200,0,8,0,12,0,0,200,200
346217,0,15,0,0,0,1,7,8,0,0,0,0,200,2,200,200,10,200,200,200,200
346219,0,30,2,2,0,1,0,5,0,0,0,0,0,1,7,0,200,0,0,200,200
346219,0,30,2,2,0,1,0,5,0,0,0,0,0,0,9,0,200,0,0,200,200
346229,0,30,1,2,0,1,14,1,0,0,0,0,200,1,6,0,1,0,0,200,200
346229,0,30,1,2,0,1,14,1,0,0,0,0,200,0,7,1,0,0,0,200,200
346232,0,30,7,12,0,1,9,5,0,0,12,0,0,1,200,1,200,200,200,200,200
346232,5,30,7,12,0,1,9,5,0,0,12,0,0,0,200,7,0,200,0,200,200
346233,0,30,1,2,0,1,14,2,0,0,0,0,200,0,6,200,200,200,200,200,200
346233,0,30,1,2,0,1,14,2,0,0,0,0,200,1,6,0,0,0,0,200,200
346243,0,25,0,0,200,3,7,6,2,200,0,11,200,2,200,200,200,200,200,200,200
346246,0,30,1,2,0,1,14,6,0,0,0,22,200,1,5,2,2,0,0,200,200
346246,0,30,1,2,0,1,14,6,0,0,0,22,200,0,6,0,0,0,0,200,200
346251,0,30,2,2,0,2,0,2,0,0,0,18,0,0,7,0,2,200,0,200,200
346251,0,30,2,2,0,2,0,2,0,0,0,18,0,1,6,0,0,200,0,200,200
346253,0,30,1,2,0,1,10,5,0,0,0,16,200,1,5,200,12,0,0,200,200
346253,0,30,1,2,0,1,10,5,0,0,0,16,200,0,8,0,0,0,0,200,200
346253,1,30,1,2,0,1,10,5,0,0,0,16,200,1,200,0,200,200,200,200,200
346254,0,35,1,2,0,1,10,2,0,0,0,18,200,1,200,200,3,200,200,200,200
346254,0,35,1,2,0,1,10,2,0,0,0,18,200,1,5,0,0,0,0,200,200
346260,0,30,0,0,200,200,7,6,0,200,0,0,200,2,200,200,200,200,200,200,200
346262,0,20,0,0,0,1,0,7,0,0,0,11,0,1,9,0,12,5,0,200,200
346262,0,20,0,0,0,1,0,7,0,0,0,11,0,1,5,0,0,5,0,200,200
346263,0,30,2,2,0,1,11,5,0,0,0,17,22,0,6,200,1,200,0,200,200
346263,0,30,2,2,0,1,11,5,0,0,0,17,22,1,6,200,0,200,0,200,200
346264,0,30,0,0,0,3,7,5,0,0,0,0,200,2,200,200,200,200,200,200,200
346270,0,30,0,0,0,1,7,6,0,0,0,0,0,0,7,7,12,0,0,200,200
346279,0,30,0,0,0,1,12,2,0,0,0,21,0,0,6,0,4,0,0,200,200
346279,0,30,0,0,0,1,12,2,0,0,0,21,0,0,7,0,0,0,0,200,200
346282,0,15,0,0,0,1,7,7,0,0,0,200,0,1,7,0,200,0,0,200,200
346285,0,30,0,0,0,1,0,12,0,0,0,10,17,0,200,200,9,200,200,200,200
346285,0,30,0,0,0,1,0,12,0,0,0,10,17,0,7,0,0,200,0,200,200
346287,0,30,0,0,0,1,2,0,0,0,0,20,200,0,6,0,6,0,0,200,200
346287,1,30,0,0,0,1,2,0,0,0,0,20,200,0,200,0,200,200,200,200,200
346291,0,30,200,200,200,200,10,8,2,200,200,200,200,1,200,200,6,200,200,200,200
346291,0,30,200,200,200,200,10,8,2,200,200,200,200,1,200,200,200,200,200,200,200
346292,0,10,0,0,0,1,7,7,0,0,0,2,2,0,7,0,6,0,0,200,200
346292,1,10,0,0,0,1,7,7,0,0,0,2,2,1,6,0,200,200,200,200,200
346292,1,10,0,0,0,1,7,7,0,0,0,2,2,1,2,0,200,200,200,200,200
346292,1,10,0,0,0,1,7,7,0,0,0,2,2,1,2,0,200,200,200,200,200
346292,1,10,0,0,0,1,7,7,0,0,0,2,2,0,8,0,200,200,200,200,200
346304,0,30,0,0,0,1,12,5,0,0,0,28,17,1,200,200,1,200,200,200,200
346304,0,30,0,0,0,1,12,5,0,0,0,28,17,0,7,0,0,0,0,200,200
346308,0,30,3,200,0,1,7,2,0,0,200,21,0,0,8,200,4,200,0,200,200
346310,0,30,1,2,0,1,7,5,0,0,0,0,0,0,5,200,200,200,200,200,200
346310,1,30,1,2,0,1,7,5,0,0,0,0,0,1,200,200,200,200,200,200,200
346310,1,30,1,2,0,1,7,5,0,0,0,0,0,1,200,200,200,200,200,200,200
346310,1,30,1,2,0,1,7,5,0,0,0,0,0,1,200,200,200,200,200,200,200
346310,1,30,1,2,0,1,7,5,0,0,0,0,0,1,200,200,200,200,200,200,200
346310,1,30,1,2,0,1,7,5,0,0,0,0,0,1,200,200,200,200,200,200,200
346319,0,30,0,0,0,1,14,2,0,0,0,17,200,0,7,0,1,0,0,200,200
346319,0,30,0,0,0,1,14,2,0,0,0,17,200,0,7,0,0,0,0,200,200
346320,0,30,0,0,0,1,14,5,0,0,0,25,23,0,7,0,7,0,200,200,200
346320,0,30,0,0,0,1,14,5,0,0,0,25,23,0,5,0,0,0,0,200,200
346334,0,30,0,0,0,1,7,7,0,0,0,20,200,0,200,200,6,200,200,200,200
346340,0,30,1,2,0,1,8,5,0,0,0,0,200,2,200,200,200,200,200,200,200
346340,4,30,1,2,0,1,8,5,0,0,0,0,200,1,7,7,0,12,200,200,200
346343,0,30,0,0,0,1,10,2,0,0,0,16,18,1,5,0,3,0,0,200,200
346343,0,30,0,0,0,1,10,2,0,0,0,16,18,1,7,0,0,0,0,200,200
346344,0,20,0,0,0,1,7,6,0,0,0,0,0,1,5,0,200,200,0,200,200
346346,0,30,1,2,0,1,10,5,0,0,0,18,0,0,6,0,0,0,0,200,200
346346,0,30,1,2,0,1,10,5,0,0,0,18,0,0,4,0,1,0,0,200,200
346346,0,30,1,2,0,1,10,5,0,0,0,18,0,0,4,0,0,0,0,200,200
346347,0,30,1,2,0,1,14,2,0,0,200,0,0,1,7,0,200,0,0,200,200
346347,0,30,1,2,0,1,14,2,0,0,200,0,0,1,6,0,200,0,0,200,200
346347,1,30,1,2,0,1,14,2,0,0,200,0,0,1,4,0,200,200,200,200,200
346347,1,30,1,2,0,1,14,2,0,0,200,0,0,1,6,0,200,200,200,200,200
346349,0,30,0,0,0,1,12,2,0,0,0,22,200,1,200,200,7,0,0,200,200
346349,0,30,0,0,0,1,12,2,0,0,0,22,200,0,7,200,0,0,0,200,200
346353,0,30,2,2,0,1,0,5,0,0,0,33,200,0,6,200,200,5,200,200,200
346353,0,30,2,2,0,1,0,5,0,0,0,33,200,0,8,200,200,5,200,200,200
346361,0,30,0,0,0,1,0,5,0,0,0,22,22,1,200,0,1,0,0,200,200
346361,0,30,0,0,0,1,0,5,0,0,0,22,22,0,8,0,0,0,0,200,200
346367,0,0,0,0,0,1,7,2,0,0,0,23,200,1,6,200,12,200,0,200,200
346367,1,0,0,0,0,1,7,2,0,0,0,23,200,1,0,5,200,200,200,200,200
346367,1,0,0,0,0,1,7,2,0,0,0,23,200,0,1,5,200,200,200,200,200
346367,1,0,0,0,0,1,7,2,0,0,0,23,200,0,6,200,200,200,200,200,200
346369,0,30,1,200,200,1,10,5,0,200,200,200,200,0,200,200,200,200,200,200,200
346369,0,30,1,200,200,1,10,5,0,200,200,200,200,0,200,200,200,0,200,200,200
346371,0,30,0,0,0,1,7,5,0,0,0,0,0,2,200,200,200,200,200,200,200
346371,1,30,0,0,0,1,7,5,0,0,0,0,0,0,6,0,200,200,200,200,200
346371,1,30,0,0,0,1,7,5,0,0,0,0,0,0,200,0,200,200,200,200,200
346380,0,30,1,2,0,1,12,2,0,0,0,25,22,0,200,200,2,200,200,200,200
346380,0,30,1,2,0,1,12,2,0,0,0,25,22,1,6,0,0,0,0,200,200
346380,0,30,1,2,0,1,12,2,0,0,0,25,22,0,6,0,0,0,0,200,200
346380,1,30,1,2,0,1,12,2,0,0,0,25,22,0,200,7,200,200,200,200,200
346382,0,30,1,2,0,1,10,3,0,0,0,0,0,0,7,200,200,200,200,200,200
346382,0,30,1,2,0,1,10,3,0,0,0,0,0,1,3,0,0,0,0,200,200
346392,0,30,0,0,0,1,12,5,0,0,0,200,200,1,200,200,12,200,200,200,200
346392,0,30,0,0,0,1,12,5,0,0,0,200,200,1,6,0,0,0,0,200,200
346406,0,0,0,0,0,1,0,12,0,0,0,17,200,0,8,0,1,0,0,200,200
346406,0,0,0,0,0,1,0,12,0,0,0,17,200,0,7,0,0,0,200,200,200
346406,1,0,0,0,0,1,0,12,0,0,0,17,200,0,200,0,200,200,200,200,200
346408,0,30,2,2,0,1,8,5,0,0,0,0,0,1,200,200,1,200,200,200,200
346408,4,30,2,2,0,1,8,5,0,0,0,0,0,1,4,2,12,0,0,200,200
346410,0,30,0,0,0,3,7,5,0,0,0,0,0,1,6,200,200,200,200,200,200
346411,0,30,1,2,0,1,7,2,2,0,0,22,200,1,8,200,4,0,0,200,200
346413,0,30,0,0,0,1,7,7,0,0,0,23,200,0,4,200,7,0,0,200,200
346416,0,30,0,0,0,1,0,2,0,0,0,0,200,0,6,0,0,0,0,200,200
346416,0,30,0,0,0,1,0,2,0,0,0,0,200,1,7,0,0,0,0,200,200
346418,0,30,200,200,200,200,7,6,0,200,200,200,200,2,200,200,200,200,200,200,200
346421,0,45,0,0,0,1,12,3,0,0,200,0,0,1,7,200,200,200,200,200,200
346421,0,45,0,0,0,1,12,3,0,0,200,0,0,1,7,200,200,200,0,200,200
346422,0,30,1,3,0,1,10,5,0,0,0,18,200,0,200,200,3,0,0,200,200
346422,0,30,1,3,0,1,10,5,0,0,0,18,200,1,6,0,0,0,0,200,200
346422,0,30,1,3,0,1,10,5,0,0,0,18,200,1,200,200,0,200,200,200,200
346429,0,35,1,2,0,1,12,2,0,0,0,22,200,1,5,0,4,0,0,200,200
346429,0,35,1,2,0,1,12,2,0,0,0,22,200,0,6,0,0,0,0,200,200
346429,1,35,1,2,0,1,12,2,0,0,0,22,200,0,5,0,200,200,200,200,200
346429,1,35,1,2,0,1,12,2,0,0,0,22,200,0,1,5,200,200,200,200,200
346436,0,30,2,2,0,1,0,5,0,0,0,17,0,0,5,0,1,200,0,200,200
346436,0,30,2,2,0,1,0,5,0,0,0,17,0,0,8,0,0,0,0,200,200
346436,1,30,2,2,0,1,0,5,0,0,0,17,0,1,7,0,200,200,200,200,200
346436,1,30,2,2,0,1,0,5,0,0,0,17,0,1,5,0,200,200,200,200,200
346436,1,30,2,2,0,1,0,5,0,0,0,17,0,0,5,0,200,200,200,200,200
346436,1,30,2,2,0,1,0,5,0,0,0,17,0,0,5,0,200,200,200,200,200
346442,0,30,1,1,0,1,14,2,0,0,0,0,200,1,5,3,1,0,0,200,200
346442,0,30,1,1,0,1,14,2,0,0,0,0,200,0,7,200,0,0,0,200,200
346448,0,30,1,2,0,1,5,5,0,200,1,28,0,1,6,0,0,0,0,200,200
346452,0,35,0,0,0,1,0,4,0,0,0,33,0,0,5,0,1,5,0,200,200
346452,0,35,0,0,0,1,0,4,0,0,0,33,0,0,6,0,0,5,0,200,200
346454,0,30,1,2,0,1,10,5,0,0,0,20,20,1,6,200,6,200,0,200,200
346454,0,30,1,2,0,1,10,5,0,0,0,20,20,1,7,0,0,0,0,200,200
346458,0,30,1,2,0,1,10,5,0,0,0,0,200,0,6,200,200,200,200,200,200
346458,0,30,1,2,0,1,10,5,0,0,0,0,200,0,6,200,0,0,0,200,200
346458,0,30,1,2,0,1,10,5,0,0,0,0,200,0,6,200,200,200,200,200,200
346458,1,30,1,2,0,1,10,5,0,0,0,0,200,1,200,200,200,200,200,200,200
346458,1,30,1,2,0,1,10,5,0,0,0,0,200,2,200,200,200,200,200,200,200
346469,0,30,0,0,0,1,7,5,0,0,200,0,200,2,200,200,12,200,200,200,200
346469,1,30,0,0,0,1,7,5,0,0,200,0,200,0,200,200,200,200,200,200,200
346470,0,15,0,0,0,1,8,0,0,0,0,33,200,0,6,0,12,5,0,200,200
346470,4,15,0,0,0,1,8,0,0,0,0,33,200,200,200,3,9,5,200,200,200
346472,0,30,0,0,0,1,7,2,0,0,0,21,11,0,7,0,10,0,0,200,200
346474,0,30,2,2,0,0,14,2,2,0,0,17,200,0,7,0,1,0,0,200,200
346474,0,30,2,2,0,0,14,2,2,0,0,17,200,0,6,0,0,0,0,200,200
346477,0,30,1,2,0,1,10,3,0,0,0,0,0,0,6,0,3,0,0,200,200
346477,0,30,1,2,0,1,10,3,0,0,0,0,0,1,6,0,0,0,0,200,200
346479,0,0,0,0,0,1,0,7,0,0,0,20,18,0,6,200,6,200,0,200,200
346479,0,0,0,0,0,1,0,7,0,0,0,20,18,0,5,200,3,200,0,200,200
346479,1,0,0,0,0,1,0,7,0,0,0,20,18,1,6,200,200,200,200,200,200
346479,1,0,0,0,0,1,0,7,0,0,0,20,18,0,5,200,200,200,200,200,200
346479,1,0,0,0,0,1,0,7,0,0,0,20,18,0,4,200,200,200,200,200,200
346479,1,0,0,0,0,1,0,7,0,0,0,20,18,0,5,200,200,200,200,200,200
346492,0,5,0,0,0,1,0,7,0,0,0,0,20,0,8,7,6,0,0,200,200
346492,0,5,0,0,0,1,0,7,0,0,0,0,20,1,8,7,0,0,0,200,200
346497,0,35,0,0,0,0,12,12,0,0,0,8,200,0,4,0,12,0,0,200,200
346497,0,35,0,0,0,0,12,12,0,0,0,8,200,1,7,0,0,0,0,200,200
346497,1,35,0,0,0,0,12,12,0,0,0,8,200,0,200,200,200,200,200,200,200
346497,1,35,0,0,0,0,12,12,0,0,0,8,200,1,5,0,200,200,200,200,200
346497,1,35,0,0,0,0,12,12,0,0,0,8,200,1,200,200,200,200,200,200,200
346500,0,30,2,2,0,1,0,2,0,0,0,22,200,0,4,0,2,1,0,200,200
346500,0,30,2,2,0,1,0,2,0,0,0,22,200,0,8,0,12,1,0,200,200
346501,0,30,0,0,0,4,11,5,0,0,0,11,200,2,200,200,12,200,200,200,200
346501,0,30,0,0,0,4,11,5,0,0,0,11,200,0,7,0,0,0,0,200,200
346502,0,30,1,2,0,1,10,2,0,0,0,16,18,1,5,0,3,0,0,200,200
346502,0,30,1,2,0,1,10,2,0,0,0,16,18,1,200,200,0,0,200,200,200
346511,0,25,0,0,0,1,7,5,0,0,0,0,11,0,8,0,200,0,0,200,200
346513,0,30,1,2,0,1,10,5,0,0,0,17,17,0,7,200,1,0,0,200,200
346513,0,30,1,2,0,1,10,5,0,0,0,17,17,0,6,0,0,0,0,200,200
346514,0,30,1,2,0,1,0,1,0,0,0,11,17,0,8,0,0,0,0,200,200
346514,0,30,1,2,0,1,0,1,0,0,0,11,17,1,6,0,1,0,0,200,200
346514,1,30,1,2,0,1,0,1,0,0,0,11,17,1,3,0,200,200,200,200,200
346514,1,30,1,2,0,1,0,1,0,0,0,11,17,1,2,200,200,200,200,200,200
346514,1,30,1,2,0,1,0,1,0,0,0,11,17,1,8,0,200,200,200,200,200
346514,1,30,1,2,0,1,0,1,0,0,0,11,17,0,7,200,200,200,200,200,200
346514,1,30,1,2,0,1,0,1,0,0,0,11,17,1,8,200,200,200,200,200,200
346514,1,30,1,2,0,1,0,1,0,0,0,11,17,1,7,200,200,200,200,200,200
346526,0,30,0,0,0,1,8,5,0,0,0,200,200,1,200,200,12,200,0,200,200
346526,4,30,0,0,0,1,8,5,0,0,0,200,200,1,5,2,0,0,0,200,200
346531,0,30,1,0,0,1,10,5,0,0,0,0,200,0,4,0,3,200,200,200,200
346531,0,30,1,0,0,1,10,5,0,0,0,0,200,0,6,0,0,0,0,200,200
346533,0,30,1,2,1,1,14,2,0,0,12,0,0,0,200,200,200,200,0,200,200
346533,0,30,1,2,1,1,14,2,0,0,12,0,0,1,5,200,0,200,0,200,200
346540,0,30,2,2,0,1,0,5,0,0,0,5,5,0,200,200,5,200,200,200,200
346540,0,30,2,2,0,1,0,5,0,0,0,5,5,0,5,0,0,0,0,200,200
346541,0,30,1,2,0,1,14,5,0,0,0,0,200,2,200,200,200,200,200,200,200
346541,0,30,1,2,0,1,14,5,0,0,0,0,200,0,8,0,0,0,0,200,200
346542,0,30,0,0,0,1,0,3,0,0,200,21,200,0,6,200,4,200,200,200,200
346542,0,30,0,0,0,1,0,3,0,0,200,21,200,1,7,200,0,200,200,200,200
346546,0,30,1,2,0,1,14,3,0,0,0,21,23,0,5,200,7,200,0,200,200
346546,0,30,1,2,0,1,14,3,0,0,0,21,23,1,5,200,200,200,0,200,200
346548,0,15,0,0,0,1,2,0,0,12,0,25,16,2,200,200,12,200,200,200,200
346554,0,30,0,0,0,1,7,2,0,0,0,0,200,0,200,200,200,200,200,200,200
346554,1,30,0,0,0,1,7,2,0,0,0,0,200,0,200,200,200,200,200,200,200
346558,0,30,0,0,0,1,10,6,0,0,0,0,0,1,6,0,12,0,0,200,200
346558,0,30,0,0,0,1,10,6,0,0,0,0,0,1,6,0,0,0,0,200,200
346560,0,30,0,0,0,1,10,3,0,200,200,18,200,0,7,200,3,200,0,200,200
346560,0,30,0,0,0,1,10,3,0,200,200,18,200,1,6,200,0,200,0,200,200
346560,1,30,0,0,0,1,10,3,0,200,200,18,200,1,6,200,200,200,200,200,200
346560,1,30,0,0,0,1,10,3,0,200,200,18,200,1,3,200,200,200,200,200,200
346561,0,30,0,0,0,1,12,7,0,0,0,0,0,1,200,0,1,0,0,200,200
346561,0,30,0,0,0,1,12,7,0,0,0,0,0,1,5,0,0,0,0,200,200
346563,0,30,0,0,0,1,0,5,0,0,0,17,17,1,7,0,1,0,0,200,200
346563,0,30,0,0,0,1,0,5,0,0,0,17,17,1,7,0,0,0,0,200,200
346563,1,30,0,0,0,1,0,5,0,0,0,17,17,1,9,0,200,200,200,200,200
346563,1,30,0,0,0,1,0,5,0,0,0,17,17,1,6,0,200,200,200,200,200
346568,0,30,0,0,0,1,14,5,0,0,0,17,17,0,6,0,1,0,0,200,200
346568,0,30,0,0,0,1,14,5,0,0,0,17,17,0,5,0,0,0,0,200,200
346570,0,30,2,0,0,1,14,5,0,0,0,17,23,0,7,0,7,0,0,200,200
346570,0,30,2,0,0,1,14,5,0,0,0,17,23,1,5,0,0,0,0,200,200
346577,0,30,200,200,0,1,12,5,2,0,0,16,18,0,5,0,0,0,0,200,200
346577,0,30,200,200,0,1,12,5,2,0,0,16,18,0,200,200,0,200,200,200,200
346578,0,30,200,200,200,200,7,5,0,200,200,0,0,2,200,200,200,200,200,200,200
346580,0,30,0,0,200,200,7,5,0,0,200,17,200,1,5,0,1,200,0,200,200
346587,0,30,0,0,0,0,7,6,0,0,200,0,0,2,200,200,200,200,200,200,200
346590,0,30,1,2,0,1,12,2,0,0,0,22,0,0,6,0,12,0,0,200,200
346590,0,30,1,2,0,1,12,2,0,0,0,22,0,1,0,0,4,0,0,200,200
346590,1,30,1,2,0,1,12,2,0,0,0,22,0,0,200,0,200,200,200,200,200
346595,0,30,0,0,0,1,14,5,0,0,0,23,0,2,200,200,7,200,200,200,200
346595,0,30,0,0,0,1,14,5,0,0,0,23,0,0,7,200,200,0,200,200,200
346597,0,30,0,0,0,1,7,5,0,200,200,0,200,0,6,200,200,0,0,200,200
346619,0,0,1,2,0,3,0,2,0,0,0,0,0,1,5,200,200,0,0,200,200
346619,0,0,1,2,0,3,0,2,0,0,0,0,0,1,200,200,200,200,200,200,200
346619,1,0,1,2,0,3,0,2,0,0,0,0,0,1,7,200,200,200,200,200,200
346627,0,30,0,0,0,1,12,2,0,0,0,0,200,0,6,200,4,0,0,200,200
346627,0,30,0,0,0,1,12,2,0,0,0,0,200,0,5,200,200,0,0,200,200
346627,1,30,0,0,0,1,12,2,0,0,0,0,200,1,200,200,200,200,200,200,200
346630,0,35,1,2,0,1,14,5,0,0,0,23,23,0,5,200,7,200,200,200,200
346630,0,35,1,2,0,1,14,5,0,0,0,23,23,0,4,0,0,0,0,200,200