RD_NO,PERSON_TYPE,POSTED_SPEED_LIMIT,TRAFFIC_CONTROL_DEVICE,DEVICE_CONDITION,WEATHER_CONDITION,LIGHTING_CONDITION,FIRST_CRASH_TYPE,TRAFFICWAY_TYPE,ALIGNMENT,ROADWAY_SURFACE_COND,ROAD_DEFECT,PRIM_CONTRIBUTORY_CAUSE,SEC_CONTRIBUTORY_CAUSE,SEX,AGE,SAFETY_EQUIPMENT,DRIVER_ACTION,DRIVER_VISION,PHYSICAL_CONDITION,BAC_RESULT VALUE,CELL_PHONE_USE
346630,1,35,1,2,0,1,14,5,0,0,0,23,23,0,7,0,200,200,200,200,200
346633,0,30,0,0,0,1,10,2,0,0,0,17,11,1,200,200,0,200,200,200,200
346633,0,30,0,0,0,1,10,2,0,0,0,17,11,1,6,0,0,0,0,200,200
346637,0,25,3,2,0,1,14,2,0,0,0,17,17,0,5,0,1,200,0,200,200
346637,0,25,3,2,0,1,14,2,0,0,0,17,17,0,6,0,200,200,0,200,200
346637,1,25,3,2,0,1,14,2,0,0,0,17,17,1,7,1,200,200,200,200,200
346639,0,10,0,0,0,1,7,7,0,0,0,20,200,1,200,200,6,200,0,200,200
346647,0,20,2,2,0,1,11,5,0,0,0,14,17,0,200,200,8,200,200,200,200
346647,0,20,2,2,0,1,11,5,0,0,0,14,17,1,5,200,0,0,0,200,200
346653,0,30,0,0,0,1,10,6,0,0,0,18,200,0,5,0,3,0,0,200,200
346653,0,30,0,0,0,1,10,6,0,0,0,18,200,0,6,0,0,0,0,200,200
346654,0,30,1,2,0,1,12,5,0,0,0,0,0,0,6,0,1,0,0,200,200
346654,0,30,1,2,0,1,12,5,0,0,0,0,0,0,8,0,0,0,0,200,200
346660,0,30,0,0,0,1,12,6,0,0,0,0,200,0,6,200,200,0,0,200,200
346660,0,30,0,0,0,1,12,6,0,0,0,0,200,2,200,200,200,200,200,200,200
346664,0,30,1,2,0,1,12,5,0,0,0,0,200,1,200,0,200,0,0,200,200
346664,0,30,1,2,0,1,12,5,0,0,0,0,200,0,200,0,0,0,0,200,200
346664,1,30,1,2,0,1,12,5,0,0,0,0,200,0,200,0,200,200,200,200,200
346664,1,30,1,2,0,1,12,5,0,0,0,0,200,0,200,0,200,200,200,200,200
346664,1,30,1,2,0,1,12,5,0,0,0,0,200,1,200,0,200,200,200,200,200
346664,1,30,1,2,0,1,12,5,0,0,0,0,200,0,200,0,200,200,200,200,200
346667,0,30,1,2,0,1,14,5,0,0,200,17,200,1,6,0,1,200,0,200,200
346667,0,30,1,2,0,1,14,5,0,0,200,17,200,1,200,200,0,200,200,200,200
346672,0,30,0,0,0,1,0,5,0,0,200,17,200,1,4,200,1,0,0,200,200
346672,0,30,0,0,0,1,0,5,0,0,200,17,200,0,6,0,0,0,0,200,200
346672,1,30,0,0,0,1,0,5,0,0,200,17,200,0,4,200,200,200,200,200,200
346672,1,30,0,0,0,1,0,5,0,0,200,17,200,1,6,0,200,200,200,200,200
346672,1,30,0,0,0,1,0,5,0,0,200,17,200,1,2,0,200,200,200,200,200
346672,1,30,0,0,0,1,0,5,0,0,200,17,200,0,2,0,200,200,200,200,200
346672,1,30,0,0,0,1,0,5,0,0,200,17,200,0,1,0,200,200,200,200,200
346673,0,25,1,2,0,1,10,2,0,0,0,0,0,0,200,0,1,0,0,200,200
346673,0,25,1,2,0,1,10,2,0,0,0,0,0,0,6,0,0,0,0,200,200
346680,0,30,0,0,0,1,8,2,0,0,0,11,200,1,7,7,12,0,0,200,200
346680,4,30,0,0,0,1,8,2,0,0,0,11,200,1,5,3,200,0,0,200,200
346686,0,30,0,0,0,1,10,2,0,0,0,0,0,1,6,0,200,200,0,200,200
346686,0,30,0,0,0,1,10,2,0,0,0,0,0,0,7,0,0,0,0,200,200
346696,0,30,200,200,0,1,12,5,0,0,200,0,200,1,8,200,200,200,0,200,200
346696,0,30,200,200,0,1,12,5,0,0,200,0,200,1,6,200,200,200,0,200,200
346696,1,30,200,200,0,1,12,5,0,0,200,0,200,1,200,200,200,200,200,200,200
346698,0,30,0,0,0,1,10,2,0,0,0,200,200,0,200,200,12,200,200,200,200
346698,0,30,0,0,0,1,10,2,0,0,0,200,200,0,7,0,0,0,200,200,200
346699,0,35,1,2,0,1,7,5,0,0,0,0,0,1,8,200,6,0,0,200,200
346701,0,30,1,2,0,1,10,2,0,0,200,17,200,1,200,200,1,200,200,200,200
346701,0,30,1,2,0,1,10,2,0,0,200,17,200,1,6,0,0,0,0,200,200
346706,0,30,1,2,0,1,14,5,0,0,200,23,200,0,200,200,7,200,200,200,200
346706,0,30,1,2,0,1,14,5,0,0,200,23,200,0,8,200,0,200,200,200,200
346709,0,30,0,0,0,1,2,5,0,0,0,0,0,2,200,200,200,200,200,200,200
346711,0,30,1,2,0,1,10,5,0,0,0,18,200,0,200,200,3,200,200,200,200
346711,0,30,1,2,0,1,10,5,0,0,0,18,200,1,6,0,0,0,0,200,200
346719,0,30,0,0,0,1,10,5,0,0,0,20,16,1,7,200,6,200,0,200,200
346719,0,30,0,0,0,1,10,5,0,0,0,20,16,1,6,0,0,0,0,200,200
346723,0,35,1,2,0,1,12,5,0,0,0,22,22,0,5,200,2,200,0,200,200
346723,0,35,1,2,0,1,12,5,0,0,0,22,22,0,7,200,0,200,0,200,200
346728,0,30,1,2,0,1,2,5,0,0,0,11,200,1,5,200,12,0,0,200,200
346728,1,30,1,2,0,1,2,5,0,0,0,11,200,0,5,200,200,200,200,200,200
346728,1,30,1,2,0,1,2,5,0,0,0,11,200,1,0,5,200,200,200,200,200
346728,1,30,1,2,0,1,2,5,0,0,0,11,200,1,2,5,200,200,200,200,200
346741,0,30,0,0,0,1,14,5,0,0,0,23,200,0,200,200,7,200,200,200,200
346741,0,30,0,0,0,1,14,5,0,0,0,23,200,1,6,0,0,0,0,200,200
346741,1,30,0,0,0,1,14,5,0,0,0,23,200,0,200,0,200,200,200,200,200
346745,0,30,1,2,0,1,10,5,0,0,0,0,0,0,7,200,200,200,0,200,200
346745,0,30,1,2,0,1,10,5,0,0,0,0,0,1,6,200,200,200,0,200,200
346745,1,30,1,2,0,1,10,5,0,0,0,0,0,0,200,200,200,200,200,200,200
346747,0,10,0,0,0,1,7,8,5,0,0,23,0,2,200,200,200,200,200,200,200
346748,0,30,0,0,0,200,7,6,0,0,0,11,0,2,200,200,200,200,200,200,200
346748,1,30,0,0,0,200,7,6,0,0,0,11,0,2,200,200,200,200,200,200,200
346758,0,30,0,0,0,1,7,7,0,0,0,11,200,2,200,200,200,200,200,200,200
346759,0,30,0,0,0,1,10,5,0,0,0,0,200,1,7,200,3,0,0,200,200
346759,0,30,0,0,0,1,10,5,0,0,0,0,200,0,7,200,0,0,0,200,200
346760,0,30,0,0,0,1,7,2,0,0,0,0,200,0,200,200,200,200,200,200,200
346761,0,30,0,0,0,1,14,8,0,0,0,0,0,0,200,0,200,0,0,200,200
346761,0,30,0,0,0,1,14,8,0,0,0,0,0,0,200,0,200,0,0,200,200
346765,4,30,1,2,0,1,8,5,0,0,0,0,200,0,200,200,200,0,0,200,200
346765,0,30,1,2,0,1,8,5,0,0,0,0,200,0,7,0,200,0,0,200,200
346767,0,30,200,200,0,1,10,5,0,0,200,0,200,0,5,200,200,200,0,200,200
346767,0,30,200,200,0,1,10,5,0,0,200,0,200,0,200,200,200,200,200,200,200
346773,0,0,0,0,0,3,7,2,0,0,0,0,200,2,200,200,200,200,200,200,200
346774,0,30,0,0,0,1,5,6,0,0,0,3,3,0,7,7,5,0,0,200,200
346774,0,30,0,0,0,1,5,6,0,0,0,3,3,0,200,7,0,0,0,200,200
346774,0,30,0,0,0,1,5,6,0,0,0,3,3,0,7,7,0,0,0,200,200
346776,0,30,0,0,2,1,7,5,0,0,0,0,0,2,200,200,12,200,200,200,200
346777,0,30,1,200,0,1,14,3,0,200,200,18,200,0,5,200,3,0,0,200,200
346777,0,30,1,200,0,1,14,3,0,200,200,18,200,1,5,200,0,200,200,200,200
346778,0,0,2,2,0,1,7,5,0,0,0,0,0,2,200,200,200,200,200,200,200
346779,0,30,1,2,0,1,12,2,0,0,0,22,16,2,200,200,4,200,200,200,200
346779,0,30,1,2,0,1,12,2,0,0,0,22,16,0,6,0,0,0,0,200,200
346781,0,30,2,2,0,1,0,1,0,0,0,17,200,0,6,0,1,200,1,200,200
346781,0,30,2,2,0,1,0,1,0,0,0,17,200,1,6,200,200,200,7,200,200
346781,1,30,2,2,0,1,0,1,0,0,0,17,200,1,6,200,200,200,200,200,200
346782,0,30,1,2,0,1,10,5,0,0,0,18,18,0,5,200,8,200,0,200,200
346782,0,30,1,2,0,1,10,5,0,0,0,18,18,1,7,0,0,0,0,200,200
346782,0,30,1,2,0,1,10,5,0,0,0,18,18,0,200,200,200,200,200,200,200
346796,0,30,1,2,0,1,14,3,0,0,0,17,25,1,4,0,1,1,0,200,200
346796,0,30,1,2,0,1,14,3,0,0,0,17,25,0,7,0,0,0,0,200,200
346798,0,30,0,0,0,1,0,12,0,0,0,17,11,1,5,0,1,0,0,200,200
346798,0,30,0,0,0,1,0,12,0,0,0,17,11,0,6,0,0,0,0,200,200
346799,0,25,0,0,0,1,10,2,0,0,0,0,0,0,6,0,1,0,0,200,200
346799,0,25,0,0,0,1,10,2,0,0,0,0,0,0,7,0,0,0,0,200,200
346800,0,30,0,0,0,0,10,3,0,0,0,0,0,0,5,200,0,200,1,200,200
346800,0,30,0,0,0,0,10,3,0,0,0,0,0,0,7,200,0,200,0,200,200
346800,0,30,0,0,0,0,10,3,0,0,0,0,0,0,6,200,0,200,0,200,200
346800,0,30,0,0,0,0,10,3,0,0,0,0,0,0,6,200,0,200,0,200,200
346801,0,30,2,2,0,1,14,5,0,0,0,0,200,1,6,0,12,0,0,200,200
346801,0,30,2,2,0,1,14,5,0,0,0,0,200,0,8,0,12,0,0,200,200
346801,1,30,2,2,0,1,14,5,0,0,0,0,200,1,7,0,200,200,200,200,200
346803,0,30,1,2,0,1,0,2,0,0,0,33,17,1,5,0,12,1,0,200,200
346803,0,30,1,2,0,1,0,2,0,0,0,33,17,0,5,0,0,1,0,200,200
346804,0,30,0,0,0,1,10,5,0,0,0,18,200,0,5,0,3,0,0,200,200
346804,0,30,0,0,0,1,10,5,0,0,0,18,200,0,6,0,0,0,0,200,200
346804,0,30,0,0,0,1,10,5,0,0,0,18,200,1,6,0,0,0,0,200,200
346804,1,30,0,0,0,1,10,5,0,0,0,18,200,1,6,0,200,200,200,200,200
346804,1,30,0,0,0,1,10,5,0,0,0,18,200,1,8,0,200,200,200,200,200
346804,1,30,0,0,0,1,10,5,0,0,0,18,200,1,7,0,200,200,200,200,200
346808,0,30,1,2,0,1,10,5,0,0,0,14,18,0,200,200,8,200,200,200,200
346808,0,30,1,2,0,1,10,5,0,0,0,14,18,1,6,0,0,0,0,200,200
346809,0,30,0,0,0,1,0,5,0,0,0,17,0,1,5,200,1,0,0,200,200
346809,0,30,0,0,0,1,0,5,0,0,0,17,0,1,6,0,0,0,0,200,200
346809,1,30,0,0,0,1,0,5,0,0,0,17,0,200,2,0,200,200,200,200,200
346810,0,30,0,0,0,1,2,5,0,0,0,0,0,0,5,200,0,200,0,200,200
346812,0,25,0,0,0,1,9,5,0,0,0,200,200,2,200,200,200,200,200,200,200
346812,5,25,0,0,0,1,9,5,0,0,0,200,200,0,8,7,0,200,0,200,200
346813,0,30,1,2,0,1,10,6,0,0,0,18,200,0,6,200,200,0,0,200,200
346813,0,30,1,2,0,1,10,6,0,0,0,18,200,0,5,200,0,0,0,200,200
346814,0,30,1,2,0,1,10,5,0,0,0,18,200,1,200,200,200,200,200,200,200
346814,0,30,1,2,0,1,10,5,0,0,0,18,200,0,7,200,0,200,200,200,200
346815,0,30,0,0,0,1,10,5,0,0,0,18,200,0,200,200,3,200,200,200,200
346815,0,30,0,0,0,1,10,5,0,0,0,18,200,1,7,0,0,0,0,200,200
346818,0,35,0,0,0,1,10,6,0,0,0,16,0,0,8,200,1,200,200,200,200
346818,0,35,0,0,0,1,10,6,0,0,0,16,0,1,6,0,0,0,0,200,200
346818,1,35,0,0,0,1,10,6,0,0,0,16,0,0,7,7,200,200,200,200,200
346818,1,35,0,0,0,1,10,6,0,0,0,16,0,1,7,7,200,200,200,200,200
346818,1,35,0,0,0,1,10,6,0,0,0,16,0,1,5,7,200,200,200,200,200
346818,1,35,0,0,0,1,10,6,0,0,0,16,0,0,7,7,200,200,200,200,200
346818,1,35,0,0,0,1,10,6,0,0,0,16,0,0,7,7,200,200,200,200,200
346818,1,35,0,0,0,1,10,6,0,0,0,16,0,1,6,7,200,200,200,200,200
346818,1,35,0,0,0,1,10,6,0,0,0,16,0,0,6,7,200,200,200,200,200
346818,1,35,0,0,0,1,10,6,0,0,0,16,0,0,7,7,200,200,200,200,200
346818,1,35,0,0,0,1,10,6,0,0,0,16,0,1,6,7,200,200,200,200,200
346818,1,35,0,0,0,1,10,6,0,0,0,16,0,1,5,7,200,200,200,200,200
346823,0,30,0,0,0,1,10,2,0,0,0,0,0,0,5,0,0,0,0,200,200
346823,0,30,0,0,0,1,10,2,0,0,0,0,0,0,6,0,0,0,0,200,200
346823,1,30,0,0,0,1,10,2,0,0,0,0,0,1,6,0,200,200,200,200,200
346823,1,30,0,0,0,1,10,2,0,0,0,0,0,1,3,0,200,200,200,200,200
346836,0,30,1,2,0,1,7,6,0,0,200,0,0,2,200,200,200,200,200,200,200
346836,1,30,1,2,0,1,7,6,0,0,200,0,0,1,5,200,200,200,200,200,200
346836,1,30,1,2,0,1,7,6,0,0,200,0,0,0,7,200,200,200,200,200,200
346839,0,30,0,0,0,1,7,7,0,0,0,200,200,0,6,0,6,0,0,200,200
346841,0,30,2,2,0,1,0,5,0,0,200,17,0,0,5,0,1,1,0,200,200
346841,0,30,2,2,0,1,0,5,0,0,200,17,0,0,6,200,0,12,0,200,200
346843,0,30,1,2,0,1,10,2,0,0,0,16,11,0,6,0,1,0,0,200,200
346843,0,30,1,2,0,1,10,2,0,0,0,16,11,1,7,0,0,0,0,200,200
346844,0,25,1,2,0,1,12,2,0,0,0,0,0,1,200,0,1,0,0,200,200
346844,0,25,1,2,0,1,12,2,0,0,0,0,0,1,9,0,0,0,0,200,200
346846,0,10,0,0,0,1,7,7,0,0,0,0,0,2,200,200,200,200,200,200,200
346847,0,30,0,0,0,1,10,5,0,200,200,0,200,0,6,200,200,0,0,200,200
346847,0,30,0,0,0,1,10,5,0,200,200,0,200,1,200,200,200,200,200,200,200
346847,1,30,0,0,0,1,10,5,0,200,200,0,200,1,200,200,200,200,200,200,200
346849,0,25,0,0,0,1,7,7,0,0,0,0,0,2,200,200,1,200,200,200,200
346850,0,20,1,200,0,1,10,7,0,0,200,0,0,1,200,200,200,200,200,200,200
346850,0,20,1,200,0,1,10,7,0,0,200,0,0,0,6,0,200,200,200,200,200
346854,0,30,1,2,0,1,14,2,0,0,0,0,200,0,200,200,200,0,200,200,200
346854,0,30,1,2,0,1,14,2,0,0,0,0,200,1,5,0,0,0,200,200,200
346855,0,30,0,0,0,1,12,5,0,0,0,21,22,0,3,200,4,200,200,200,200
346855,0,30,0,0,0,1,12,5,0,0,0,21,22,0,6,0,0,0,0,200,200
346861,0,30,1,2,0,1,0,12,0,0,0,6,11,0,200,0,5,0,0,200,200
346861,0,30,1,2,0,1,0,12,0,0,0,6,11,0,7,0,0,0,0,200,200
346873,0,30,200,200,200,200,7,6,0,0,200,0,200,2,200,200,200,200,200,200,200
346876,0,30,0,0,0,1,7,5,0,0,0,0,0,0,200,200,15,200,200,200,200
346877,0,40,0,0,0,1,10,3,0,0,0,18,200,1,8,0,3,0,0,200,200
346877,0,40,0,0,0,1,10,3,0,0,0,18,200,2,200,200,0,200,200,200,200
346878,0,30,0,0,0,1,10,5,0,0,200,0,0,1,8,0,200,200,0,200,200
346878,0,30,0,0,0,1,10,5,0,0,200,0,0,1,8,0,200,200,0,200,200
346880,0,30,0,0,0,1,2,6,0,0,12,29,33,0,6,0,0,12,0,200,200
346882,0,25,0,0,0,1,10,2,0,0,0,0,0,0,200,200,1,200,200,200,200
346882,0,25,0,0,0,1,10,2,0,0,0,0,0,1,6,0,0,0,0,200,200
346883,0,30,0,0,0,1,10,5,0,0,0,18,0,0,200,200,3,200,200,200,200
346883,0,30,0,0,0,1,10,5,0,0,0,18,0,1,6,0,0,200,0,200,200
346884,0,30,0,0,0,1,10,5,0,0,0,33,17,0,7,0,3,6,0,200,200
346884,0,30,0,0,0,1,10,5,0,0,0,33,17,0,6,0,0,0,0,200,200
346884,0,30,0,0,0,1,10,5,0,0,0,33,17,0,5,0,0,0,0,200,200
346884,1,30,0,0,0,1,10,5,0,0,0,33,17,0,1,0,200,200,200,200,200
346885,0,30,1,2,0,1,12,6,0,0,0,22,200,2,200,200,4,200,200,200,200
346885,0,30,1,2,0,1,12,6,0,0,0,22,200,0,7,0,0,0,0,200,200
346890,0,30,0,0,0,1,10,2,0,0,200,17,200,0,7,0,1,200,0,200,200
346890,0,30,0,0,0,1,10,2,0,0,200,17,200,1,6,0,0,200,0,200,200
346891,0,30,0,0,0,1,12,2,0,0,0,22,0,0,6,0,2,0,0,200,200
346891,0,30,0,0,0,1,12,2,0,0,0,22,0,1,6,0,12,0,0,200,200
346891,1,30,0,0,0,1,12,2,0,0,0,22,0,0,200,0,200,200,200,200,200
346892,0,30,0,0,0,1,7,6,0,200,200,0,200,1,5,200,200,200,200,200,200
346898,0,30,0,0,0,1,14,5,0,0,0,17,0,0,200,7,1,0,0,200,200
346898,0,30,0,0,0,1,14,5,0,0,0,17,0,1,200,0,0,0,0,200,200
346899,0,30,2,2,1,1,2,5,0,0,0,0,0,2,200,200,200,200,200,200,200
346903,0,30,2,2,0,3,0,5,0,0,0,17,16,0,200,200,1,200,200,200,200
346903,0,30,2,2,0,3,0,5,0,0,0,17,16,0,4,0,0,0,0,200,200
346910,0,25,0,0,0,1,12,5,0,0,0,17,200,0,6,200,1,200,0,200,200
346910,0,25,0,0,0,1,12,5,0,0,0,17,200,1,6,200,0,0,0,200,200
346910,1,25,0,0,0,1,12,5,0,0,0,17,200,1,2,200,200,200,200,200,200
346910,1,25,0,0,0,1,12,5,0,0,0,17,200,1,2,200,200,200,200,200,200
346910,1,25,0,0,0,1,12,5,0,0,0,17,200,1,5,200,200,200,200,200,200
346910,1,25,0,0,0,1,12,5,0,0,0,17,200,0,3,200,200,200,200,200,200
346910,1,25,0,0,0,1,12,5,0,0,0,17,200,1,3,200,200,200,200,200,200
346913,0,30,2,2,0,1,0,2,0,0,0,5,17,0,4,0,1,0,0,200,200
346913,0,30,2,2,0,1,0,2,0,0,0,5,17,0,7,0,0,0,0,200,200
346913,1,30,2,2,0,1,0,2,0,0,0,5,17,1,7,0,200,200,200,200,200
346913,1,30,2,2,0,1,0,2,0,0,0,5,17,0,1,5,200,200,200,200,200
346918,0,30,0,0,0,1,0,5,0,200,200,17,200,0,4,200,1,0,0,200,200
346918,0,30,0,0,0,1,0,5,0,200,200,17,200,0,6,200,200,200,0,200,200
346920,0,30,1,2,0,3,14,5,0,0,0,0,0,0,7,200,200,200,200,200,200
346920,0,30,1,2,0,3,14,5,0,0,0,0,0,0,6,0,0,0,0,200,200
346921,0,30,0,0,0,1,12,5,0,0,0,0,0,0,200,200,200,200,200,200,200
346921,0,30,0,0,0,1,12,5,0,0,0,0,0,1,7,200,200,200,0,200,200
346922,0,30,1,2,0,1,10,5,0,0,200,18,200,0,5,0,3,200,200,200,200
346922,0,30,1,2,0,1,10,5,0,0,200,18,200,1,5,1,0,200,200,200,200
346923,0,30,1,2,0,1,14,2,0,0,0,6,200,1,5,0,5,200,0,200,200
346923,0,30,1,2,0,1,14,2,0,0,0,6,200,0,6,0,12,0,0,200,200
346923,1,30,1,2,0,1,14,2,0,0,0,6,200,1,6,200,200,200,200,200,200
346923,1,30,1,2,0,1,14,2,0,0,0,6,200,0,1,5,200,200,200,200,200
346923,1,30,1,2,0,1,14,2,0,0,0,6,200,1,2,5,200,200,200,200,200
346923,1,30,1,2,0,1,14,2,0,0,0,6,200,1,1,5,200,200,200,200,200
346925,0,30,0,0,0,1,14,5,0,0,0,18,0,1,6,0,3,0,0,200,200
346925,0,30,0,0,0,1,14,5,0,0,0,18,0,1,6,0,0,0,0,200,200
346925,1,30,0,0,0,1,14,5,0,0,0,18,0,0,200,200,200,200,200,200,200
346925,1,30,0,0,0,1,14,5,0,0,0,18,0,0,1,0,200,200,200,200,200
346932,0,30,0,0,0,1,14,5,0,0,0,0,0,1,6,1,200,200,0,200,200
346932,0,30,0,0,0,1,14,5,0,0,0,0,0,0,6,0,0,200,0,200,200
346936,0,20,1,2,0,1,14,5,2,0,0,0,0,2,200,200,2,200,200,200,200
346936,0,20,1,2,0,1,14,5,2,0,0,0,0,1,4,0,0,0,0,200,200
346939,0,30,1,2,0,1,0,5,0,0,0,0,11,0,6,0,5,0,0,200,200
346939,0,30,1,2,0,1,0,5,0,0,0,0,11,0,7,0,0,0,0,200,200
346939,0,30,1,2,0,1,0,5,0,0,0,0,11,0,5,0,0,0,0,200,200
346939,1,30,1,2,0,1,0,5,0,0,0,0,11,0,7,0,200,200,200,200,200
346939,1,30,1,2,0,1,0,5,0,0,0,0,11,1,5,0,200,200,200,200,200
346941,0,30,0,0,0,1,10,5,0,0,0,18,200,0,5,0,3,0,0,200,200
346941,0,30,0,0,0,1,10,5,0,0,0,18,200,0,6,0,0,0,0,200,200
346941,1,30,0,0,0,1,10,5,0,0,0,18,200,0,5,0,200,200,200,200,200
346943,0,30,0,0,0,1,14,5,0,0,0,17,16,0,5,0,1,0,0,200,200
346943,0,30,0,0,0,1,14,5,0,0,0,17,16,0,5,0,0,0,0,200,200
346944,0,25,0,0,0,1,7,5,0,0,0,0,0,2,200,200,200,200,200,200,200
346945,0,30,1,2,0,1,10,2,0,0,0,0,0,0,200,200,200,200,200,200,200
346945,0,30,1,2,0,1,10,2,0,0,0,0,0,1,5,200,200,0,0,200,200
346949,0,30,0,0,0,1,12,5,0,0,0,0,200,1,7,0,4,0,0,200,200
346949,0,30,0,0,0,1,12,5,0,0,0,0,200,1,6,0,0,0,0,200,200
346949,1,30,0,0,0,1,12,5,0,0,0,0,200,0,6,0,200,200,200,200,200
346952,0,25,0,0,0,3,8,2,2,0,200,22,0,2,200,200,2,200,200,200,200
346952,4,25,0,0,0,3,8,2,2,0,200,22,0,0,200,200,0,0,0,200,200
346953,0,35,0,0,0,1,1,2,0,0,0,1,200,1,7,200,0,1,0,200,200
346955,0,30,0,0,0,1,0,5,0,0,0,16,20,0,200,200,200,200,200,200,200
346955,0,30,0,0,0,1,0,5,0,0,0,16,20,0,5,200,6,200,0,200,200
346958,0,30,0,0,0,1,10,5,0,0,0,18,18,0,6,7,0,0,0,200,200
346958,0,30,0,0,0,1,10,5,0,0,0,18,18,1,6,7,0,0,0,200,200
346961,0,30,1,2,0,1,10,5,0,0,0,18,11,1,7,0,1,0,0,200,200
346961,0,30,1,2,0,1,10,5,0,0,0,18,11,1,7,0,0,0,0,200,200
346963,0,30,1,2,0,1,14,2,0,0,0,17,6,1,6,200,1,200,0,200,200
346963,0,30,1,2,0,1,14,2,0,0,0,17,6,0,5,200,0,200,0,200,200
346965,0,30,0,0,0,1,10,3,0,0,200,0,0,2,200,200,200,200,200,200,200
346965,0,30,0,0,0,1,10,3,0,0,200,0,0,1,8,200,0,0,0,200,200
346968,0,30,0,0,0,1,7,5,0,0,0,20,20,1,200,200,6,200,200,200,200
346969,0,30,0,0,0,1,10,3,0,0,0,0,0,0,200,200,12,200,200,200,200
346969,0,30,0,0,0,1,10,3,0,0,0,0,0,0,6,0,0,0,0,200,200
346976,0,30,1,2,0,1,8,5,0,0,0,23,200,1,200,200,7,200,200,200,200
346976,4,30,1,2,0,1,8,5,0,0,0,23,200,0,6,2,0,0,0,200,200
346986,0,30,0,0,0,1,10,5,0,0,0,18,200,1,6,0,3,0,0,200,200
346986,0,30,0,0,0,1,10,5,0,0,0,18,200,0,4,0,0,0,0,200,200
346987,0,30,0,0,0,4,7,5,0,0,0,20,200,0,7,0,6,0,0,200,200
346989,0,30,1,2,0,1,0,12,2,0,0,6,11,0,7,200,1,200,200,200,200
346989,0,30,1,2,0,1,0,12,2,0,0,6,11,1,6,0,0,0,0,200,200
346992,0,15,0,0,0,1,0,7,0,0,0,0,0,0,5,200,200,200,200,200,200
346992,0,15,0,0,0,1,0,7,0,0,0,0,0,1,6,0,0,0,0,200,200
346996,0,20,2,2,0,1,10,6,0,0,0,200,200,0,200,200,12,0,0,200,200
346996,0,20,2,2,0,1,10,6,0,0,0,200,200,1,200,0,0,0,0,200,200
346998,0,10,0,0,0,1,7,7,0,0,0,0,0,0,5,0,0,0,0,200,200
347010,0,30,0,0,0,1,0,5,0,0,0,17,0,0,7,200,1,0,0,200,200
347010,0,30,0,0,0,1,0,5,0,0,0,17,0,1,6,200,0,0,0,200,200
347010,1,30,0,0,0,1,0,5,0,0,0,17,0,1,1,5,200,200,200,200,200
347010,1,30,0,0,0,1,0,5,0,0,0,17,0,1,2,0,200,200,200,200,200
347010,1,30,0,0,0,1,0,5,0,0,0,17,0,200,0,5,200,200,200,200,200
347013,0,25,0,0,0,1,12,5,0,0,0,11,200,1,200,0,1,0,0,200,200
347013,0,25,0,0,0,1,12,5,0,0,0,11,200,0,7,0,0,0,0,200,200
347018,0,35,1,2,0,1,14,2,0,0,0,17,17,0,5,0,1,200,0,200,200
347018,0,35,1,2,0,1,14,2,0,0,0,17,17,1,8,0,0,200,0,200,200
347024,0,30,0,0,0,1,12,5,0,0,200,0,0,0,7,0,200,200,200,200,200
347024,0,30,0,0,0,1,12,5,0,0,200,0,0,0,5,0,0,200,200,200,200
347028,0,30,0,0,0,1,12,12,0,0,0,21,0,0,6,0,4,200,0,200,200
347028,0,30,0,0,0,1,12,12,0,0,0,21,0,1,5,0,0,0,0,200,200
347029,0,30,0,0,0,1,7,5,0,0,0,0,200,1,6,0,10,0,0,200,200
347035,0,30,1,2,0,1,14,2,0,0,0,17,200,0,6,200,200,200,0,200,200
347035,0,30,1,2,0,1,14,2,0,0,0,17,200,0,6,200,200,200,0,200,200
347039,0,30,2,2,0,4,0,2,0,0,0,17,200,0,5,0,1,0,0,200,200
347039,0,30,2,2,0,4,0,2,0,0,0,17,200,0,5,0,0,0,0,200,200
347039,1,30,2,2,0,4,0,2,0,0,0,17,200,200,6,0,200,200,200,200,200
347039,1,30,2,2,0,4,0,2,0,0,0,17,200,200,6,0,200,200,200,200,200
347040,0,30,0,0,2,1,5,5,0,0,0,13,20,0,5,0,12,0,0,200,200
347041,0,30,1,2,0,4,4,1,0,0,0,25,14,2,200,200,9,200,200,200,200
347041,0,30,1,2,0,4,4,1,0,0,0,25,14,0,7,0,0,0,0,200,200
347043,0,30,1,2,0,1,14,6,0,0,0,0,0,0,7,200,12,200,0,200,200
347043,0,30,1,2,0,1,14,6,0,0,0,0,0,0,6,200,0,200,0,200,200
347048,0,15,0,0,0,1,7,7,0,0,0,0,0,0,9,200,200,200,200,200,200
347051,0,30,0,0,0,1,0,5,0,0,0,17,16,0,5,200,1,200,0,200,200
347051,0,30,0,0,0,1,0,5,0,0,0,17,16,0,5,0,0,0,0,200,200
347056,0,30,0,0,0,1,10,6,0,0,0,0,200,0,7,200,200,200,0,200,200
347056,0,30,0,0,0,1,10,6,0,0,0,0,200,0,7,200,0,200,0,200,200
347059,0,25,0,0,0,1,0,2,0,0,0,0,0,0,8,0,1,0,0,200,200
347059,0,25,0,0,0,1,0,2,0,0,0,0,0,1,6,0,0,0,0,200,200
347059,1,25,0,0,0,1,0,2,0,0,0,0,0,1,200,0,200,200,200,200,200