RD_NO,PERSON_TYPE,POSTED_SPEED_LIMIT,TRAFFIC_CONTROL_DEVICE,DEVICE_CONDITION,WEATHER_CONDITION,LIGHTING_CONDITION,FIRST_CRASH_TYPE,TRAFFICWAY_TYPE,ALIGNMENT,ROADWAY_SURFACE_COND,ROAD_DEFECT,PRIM_CONTRIBUTORY_CAUSE,SEC_CONTRIBUTORY_CAUSE,SEX,AGE,SAFETY_EQUIPMENT,DRIVER_ACTION,DRIVER_VISION,PHYSICAL_CONDITION,BAC_RESULT VALUE,CELL_PHONE_USE
347063,0,30,1,2,0,1,10,5,0,0,0,0,0,1,6,0,1,0,0,200,200
347063,0,30,1,2,0,1,10,5,0,0,0,0,0,1,6,0,0,0,0,200,200
347074,0,25,0,0,0,1,2,6,0,0,0,0,0,2,200,200,200,200,200,200,200
347077,0,30,0,0,0,1,12,6,0,0,0,17,0,0,200,0,1,0,0,200,200
347077,0,30,0,0,0,1,12,6,0,0,0,17,0,0,200,200,0,0,0,200,200
347080,0,30,200,200,0,1,0,6,0,0,200,0,200,1,200,200,200,200,0,200,200
347080,0,30,200,200,0,1,0,6,0,0,200,0,200,1,5,200,200,200,0,200,200
347084,0,30,1,2,0,1,10,5,0,0,0,18,0,0,6,200,3,200,200,200,200
347084,0,30,1,2,0,1,10,5,0,0,0,18,0,0,8,0,0,0,0,200,200
347085,0,20,0,0,0,1,7,5,0,200,200,20,0,0,6,200,6,200,200,200,200
347088,0,30,12,12,0,1,2,5,0,0,0,3,200,0,6,200,5,0,0,200,200
347091,0,30,0,0,0,1,7,6,0,0,0,21,200,0,5,0,0,0,0,200,200
347092,0,35,200,200,0,1,9,3,0,0,200,200,200,1,5,200,200,200,0,200,200
347092,5,35,200,200,0,1,9,3,0,0,200,200,200,0,7,200,0,200,200,200,200
347093,0,25,0,0,0,1,10,2,0,0,0,0,0,1,4,0,1,0,0,200,200
347093,0,25,0,0,0,1,10,2,0,0,0,0,0,1,6,0,0,0,0,200,200
347094,0,30,1,2,0,1,10,5,0,0,0,18,200,0,6,0,3,0,0,200,200
347094,0,30,1,2,0,1,10,5,0,0,0,18,200,0,8,0,0,200,200,200,200
347101,0,45,0,0,0,1,10,5,0,0,0,17,200,0,7,200,0,0,0,200,200
347101,0,45,0,0,0,1,10,5,0,0,0,17,200,0,6,200,0,0,0,200,200
347102,0,30,2,2,0,1,8,2,0,0,0,0,200,1,5,7,200,0,0,200,200
347102,4,30,2,2,0,1,8,2,0,0,0,0,200,0,6,200,200,0,0,200,200
347104,0,30,1,2,0,1,12,5,0,0,0,25,0,1,6,0,12,0,0,200,200
347104,0,30,1,2,0,1,12,5,0,0,0,25,0,0,7,0,0,0,0,200,200
347108,0,30,1,2,0,1,10,5,0,0,200,18,200,0,6,200,3,200,200,200,200
347108,0,30,1,2,0,1,10,5,0,0,200,18,200,1,6,200,0,12,200,200,200
347111,0,25,0,0,0,1,0,2,0,0,12,0,0,1,5,0,1,0,0,200,200
347111,0,25,0,0,0,1,0,2,0,0,12,0,0,1,6,0,0,0,0,200,200
347120,1,30,0,0,0,4,10,5,0,0,0,18,16,1,200,0,200,200,200,200,200
347120,0,30,0,0,0,4,10,5,0,0,0,18,16,1,5,200,3,200,0,200,200
347120,0,30,0,0,0,4,10,5,0,0,0,18,16,1,5,0,0,0,0,200,200
347120,1,30,0,0,0,4,10,5,0,0,0,18,16,1,200,0,200,200,200,200,200
347120,1,30,0,0,0,4,10,5,0,0,0,18,16,1,200,0,200,200,200,200,200
347120,1,30,0,0,0,4,10,5,0,0,0,18,16,0,200,5,200,200,200,200,200
347120,1,30,0,0,0,4,10,5,0,0,0,18,16,1,200,5,200,200,200,200,200
347128,0,30,0,0,0,3,14,3,0,0,0,17,0,1,6,0,1,0,1,200,200
347128,0,30,0,0,0,3,14,3,0,0,0,17,0,0,5,0,0,0,0,200,200
347144,0,25,0,0,0,4,7,7,0,0,0,20,200,0,6,0,6,12,0,200,200
347145,0,30,2,2,0,3,0,5,0,0,0,5,16,1,5,2,5,0,0,200,200
347145,0,30,2,2,0,3,0,5,0,0,0,5,16,1,6,200,0,0,0,200,200
347153,0,30,0,0,0,4,12,5,0,0,0,0,0,1,5,0,0,0,0,200,200
347153,4,30,0,0,0,4,12,5,0,0,0,0,0,0,3,7,0,0,0,200,200
347154,0,15,0,0,0,3,7,6,0,0,0,0,200,0,7,200,200,0,200,200,200
347158,0,30,0,0,0,3,14,5,0,0,0,18,16,0,6,0,3,0,0,200,200
347158,0,30,0,0,0,3,14,5,0,0,0,18,16,1,5,3,0,0,0,200,200
347165,0,25,1,2,0,3,10,5,0,0,200,18,0,0,200,200,3,200,200,200,200
347165,0,25,1,2,0,3,10,5,0,0,200,18,0,1,6,0,0,0,200,200,200
347170,0,35,2,2,0,1,3,5,0,0,0,10,5,0,200,200,9,200,200,200,200
347170,0,35,2,2,0,1,3,5,0,0,0,10,5,1,5,0,0,0,0,200,200
347174,0,30,0,0,0,3,14,6,0,0,200,17,200,0,6,200,1,200,200,200,200
347174,0,30,0,0,0,3,14,6,0,0,200,17,200,0,6,0,0,0,0,200,200
347183,0,30,2,2,0,1,0,5,0,0,0,5,200,1,200,200,5,200,0,200,200
347183,0,30,2,2,0,1,0,5,0,0,0,5,200,1,4,0,0,0,0,200,200
347189,0,30,2,2,0,3,12,5,0,0,0,25,16,2,200,200,8,200,200,200,200
347189,0,30,2,2,0,3,12,5,0,0,0,25,16,0,5,1,0,0,0,200,200
347190,0,30,0,0,0,4,10,5,0,0,0,0,200,0,5,200,3,200,200,200,200
347190,0,30,0,0,0,4,10,5,0,0,0,0,200,1,9,0,0,0,0,200,200
347195,4,30,200,200,200,200,8,5,0,200,200,0,200,0,200,200,200,200,200,200,200
347196,0,30,1,200,0,4,9,5,0,0,200,17,0,2,200,200,200,200,200,200,200
347196,5,30,1,200,0,4,9,5,0,0,200,17,0,1,7,7,0,12,200,200,200
347200,0,30,0,0,0,3,12,2,0,0,0,22,0,1,200,0,2,0,0,200,200
347200,0,30,0,0,0,3,12,2,0,0,0,22,0,0,9,7,0,0,0,200,200
347204,0,30,0,0,0,4,5,5,0,0,0,20,200,0,7,200,12,0,0,200,200
347207,0,30,0,0,0,1,14,5,0,0,0,17,200,0,0,200,1,200,0,200,200
347207,0,30,0,0,0,1,14,5,0,0,0,17,200,1,6,200,8,0,0,200,200
347214,0,30,2,2,0,0,10,2,0,0,0,18,200,0,200,200,3,200,200,200,200
347214,0,30,2,2,0,0,10,2,0,0,0,18,200,1,5,0,0,0,0,200,200
347214,1,30,2,2,0,0,10,2,0,0,0,18,200,200,200,0,200,200,200,200,200
347215,0,30,0,0,0,1,10,5,2,0,0,18,16,1,200,200,1,200,200,200,200
347215,0,30,0,0,0,1,10,5,2,0,0,18,16,0,6,0,0,2,0,200,200
347218,0,30,2,2,0,3,10,5,0,0,0,18,18,0,6,0,1,0,0,200,200
347218,0,30,2,2,0,3,10,5,0,0,0,18,18,0,6,0,0,0,0,200,200
347218,1,30,2,2,0,3,10,5,0,0,0,18,18,0,200,0,200,200,200,200,200
347221,0,25,0,0,0,3,7,6,0,0,0,17,200,0,0,0,1,200,0,200,200
347222,0,30,2,200,0,3,14,5,0,0,200,16,17,0,6,200,1,200,200,200,200
347222,0,30,2,200,0,3,14,5,0,0,200,16,17,1,5,200,200,200,0,200,200
347222,1,30,2,200,0,3,14,5,0,0,200,16,17,0,5,200,200,200,200,200,200
347222,1,30,2,200,0,3,14,5,0,0,200,16,17,0,0,5,200,200,200,200,200
347222,1,30,2,200,0,3,14,5,0,0,200,16,17,1,7,200,200,200,200,200,200
347224,0,35,0,0,0,3,5,3,0,0,0,25,200,0,3,7,1,12,200,200,200
347224,0,35,0,0,0,3,5,3,0,0,0,25,200,0,8,200,0,200,0,200,200
347224,1,35,0,0,0,3,5,3,0,0,0,25,200,1,3,200,200,200,200,200,200
347225,0,35,1,2,0,3,14,3,0,0,0,23,200,0,5,0,7,0,0,200,200
347225,0,35,1,2,0,3,14,3,0,0,0,23,200,0,7,0,0,0,0,200,200
347231,0,30,0,0,0,3,10,2,0,0,200,0,0,1,6,0,200,200,0,200,200
347231,0,30,0,0,0,3,10,2,0,0,200,0,0,0,4,0,200,200,0,200,200
347231,1,30,0,0,0,3,10,2,0,0,200,0,0,0,5,0,200,200,200,200,200
347231,1,30,0,0,0,3,10,2,0,0,200,0,0,0,4,0,200,200,200,200,200
347234,0,10,0,0,0,1,0,7,0,0,0,20,200,0,6,0,6,200,200,200,200
347234,0,10,0,0,0,1,0,7,0,0,0,20,200,0,6,0,0,0,0,200,200
347236,0,25,0,0,0,3,7,5,0,0,200,21,0,2,200,200,4,200,200,200,200
347238,0,30,1,2,0,3,14,3,0,0,0,0,0,1,5,200,200,200,200,200,200
347238,0,30,1,2,0,3,14,3,0,0,0,0,0,0,6,200,200,0,0,200,200
347241,4,30,1,2,0,3,8,5,0,0,200,6,200,0,7,3,200,200,7,200,200
347241,0,30,1,2,0,3,8,5,0,0,200,6,200,0,6,200,0,0,0,200,200
347261,0,30,0,0,0,3,7,5,0,0,200,0,0,2,200,200,200,200,200,200,200
347266,0,30,1,2,0,3,0,6,0,0,0,6,200,0,7,0,5,0,0,200,200
347266,0,30,1,2,0,3,0,6,0,0,0,6,200,0,5,0,12,1,0,200,200
347268,0,30,1,2,0,3,10,2,0,0,0,18,16,0,200,200,3,200,200,200,200
347268,0,30,1,2,0,3,10,2,0,0,0,18,16,1,6,0,12,0,0,200,200
347269,0,30,1,200,0,3,10,6,0,0,200,18,0,2,200,200,200,200,200,200,200
347269,0,30,1,200,0,3,10,6,0,0,200,18,0,1,7,0,0,0,0,200,200
347273,0,25,0,0,0,3,7,5,0,0,0,7,0,1,5,0,9,0,0,200,200
347273,1,25,0,0,0,3,7,5,0,0,0,7,0,1,0,5,200,200,200,200,200
347275,0,30,1,2,0,3,10,2,0,0,200,16,18,0,200,200,3,200,200,200,200
347275,0,30,1,2,0,3,10,2,0,0,200,16,18,1,6,0,0,0,0,200,200
347288,0,30,0,0,0,0,10,2,0,0,0,23,200,0,5,200,7,0,0,200,200
347288,0,30,0,0,0,0,10,2,0,0,0,23,200,0,6,200,0,0,0,200,200
347289,0,30,1,2,0,3,14,12,0,0,0,21,23,0,200,200,7,200,200,200,200
347289,0,30,1,2,0,3,14,12,0,0,0,21,23,1,7,0,0,0,0,200,200
347289,1,30,1,2,0,3,14,12,0,0,0,21,23,1,200,200,200,200,200,200,200
347291,0,35,0,0,0,1,10,5,0,0,0,18,200,0,6,200,3,200,0,200,200
347291,0,35,0,0,0,1,10,5,0,0,0,18,200,0,7,0,0,0,0,200,200
347294,0,30,0,0,0,3,7,3,0,0,200,32,16,1,5,0,8,0,5,0.17,1
347298,0,15,0,0,0,4,7,7,0,0,0,0,0,2,200,200,200,200,200,200,200
347303,0,30,2,2,0,3,10,5,0,0,0,18,200,0,6,0,0,0,0,200,200
347303,0,30,2,2,0,3,10,5,0,0,0,18,200,1,200,0,5,0,0,200,200
347303,1,30,2,2,0,3,10,5,0,0,0,18,200,200,200,0,200,200,200,200,200
347303,1,30,2,2,0,3,10,5,0,0,0,18,200,200,200,0,200,200,200,200,200
347304,0,30,1,2,0,3,10,2,0,0,200,0,200,0,5,200,6,200,200,200,200
347304,0,30,1,2,0,3,10,2,0,0,200,0,200,0,6,0,12,0,0,200,200
347304,1,30,1,2,0,3,10,2,0,0,200,0,200,1,6,0,200,200,200,200,200
347318,0,30,1,2,0,0,14,3,0,0,0,17,0,0,6,0,1,0,0,200,200
347318,0,30,1,2,0,0,14,3,0,0,0,17,0,0,6,0,0,0,0,200,200
347329,0,30,1,2,0,3,12,12,0,0,0,0,21,1,4,0,4,0,0,200,200
347329,0,30,1,2,0,3,12,12,0,0,0,0,21,0,6,0,0,0,0,200,200
347329,1,30,1,2,0,3,12,12,0,0,0,0,21,0,4,0,200,200,200,200,200
347333,0,30,1,2,0,3,14,5,0,0,0,0,0,0,200,200,200,200,200,200,200
347333,0,30,1,2,0,3,14,5,0,0,0,0,0,0,6,0,0,0,0,200,200
347339,0,30,1,2,0,3,14,5,0,0,0,6,17,0,5,200,5,0,200,200,200
347339,0,30,1,2,0,3,14,5,0,0,0,6,17,0,8,200,0,0,0,200,200
347346,4,30,0,0,0,1,8,2,0,0,0,200,200,1,5,2,12,0,0,200,200
347346,0,30,0,0,0,1,8,2,0,0,0,200,200,0,200,200,0,200,200,200,200
347357,0,30,1,2,0,0,10,2,0,0,0,17,200,0,4,200,1,200,200,200,200
347357,0,30,1,2,0,0,10,2,0,0,0,17,200,1,5,0,0,0,0,200,200
347358,0,25,0,0,0,1,14,2,2,0,0,33,33,0,5,0,12,0,0,200,200
347358,0,25,0,0,0,1,14,2,2,0,0,33,33,0,6,0,0,0,0,200,200
347365,0,25,3,2,0,3,14,6,0,0,0,23,23,0,5,200,7,0,0,200,200
347365,0,25,3,2,0,3,14,6,0,0,0,23,23,0,6,200,200,200,0,200,200
347365,1,25,3,2,0,3,14,6,0,0,0,23,23,1,4,200,200,200,200,200,200
347366,0,30,1,2,0,1,7,5,0,0,0,200,200,2,200,200,200,200,200,200,200
347372,0,30,0,0,0,3,7,5,0,0,0,0,25,2,200,200,200,200,200,200,200
347386,0,30,0,0,0,3,1,5,0,0,0,1,200,1,5,200,0,0,0,200,200
347396,0,30,2,1,0,3,10,5,0,0,0,18,16,0,5,0,3,0,0,200,200
347396,0,30,2,1,0,3,10,5,0,0,0,18,16,1,6,0,0,0,0,200,200
347408,0,30,0,0,2,3,12,5,0,1,0,22,18,0,6,200,12,200,200,200,200
347408,0,30,0,0,2,3,12,5,0,1,0,22,18,0,200,200,0,200,200,200,200
347415,0,30,200,200,0,200,7,6,0,0,200,0,0,0,7,0,200,0,0,200,200
347425,0,30,2,2,0,3,2,5,0,0,200,19,200,0,200,200,200,200,200,200,200
347425,1,30,2,2,0,3,2,5,0,0,200,19,200,1,5,200,200,200,200,200,200
347432,0,30,0,0,0,3,7,6,0,0,0,22,0,2,200,200,200,200,200,200,200
347443,0,35,0,0,0,3,2,6,0,0,0,25,32,0,5,0,12,0,5,0.15,200
347446,0,35,1,2,0,3,10,2,0,0,0,18,0,1,7,0,3,0,200,200,200
347446,0,35,1,2,0,3,10,2,0,0,0,18,0,1,5,0,0,0,200,200,200
347459,0,30,0,0,0,3,7,5,0,0,0,0,0,0,5,0,12,0,0,200,200
347460,0,15,0,0,0,1,9,7,0,0,0,17,18,1,200,200,1,200,200,200,200
347460,5,15,0,0,0,1,9,7,0,0,0,17,18,0,200,200,0,12,0,200,200
347475,0,30,0,0,0,3,12,5,0,0,0,0,200,2,200,200,200,200,200,200,200
347475,0,30,0,0,0,3,12,5,0,0,0,0,200,2,200,200,200,200,200,200,200
347493,0,30,0,0,0,2,12,5,0,0,0,21,21,1,7,0,4,0,0,200,200
347493,0,30,0,0,0,2,12,5,0,0,0,21,21,0,5,0,0,0,0,200,200
347493,1,30,0,0,0,2,12,5,0,0,0,21,21,0,6,0,200,200,200,200,200
347499,0,30,0,2,0,2,14,5,0,0,0,16,21,0,7,0,7,0,0,200,200
347499,0,30,0,2,0,2,14,5,0,0,0,16,21,0,7,0,0,0,0,200,200
347514,0,20,0,0,0,1,12,6,0,0,0,0,0,1,5,200,0,200,0,200,200
347514,0,20,0,0,0,1,12,6,0,0,0,0,0,1,5,7,200,200,0,200,200
347514,1,20,0,0,0,1,12,6,0,0,0,0,0,1,200,200,200,200,200,200,200
347514,1,20,0,0,0,1,12,6,0,0,0,0,0,1,200,200,200,200,200,200,200
347528,0,30,0,0,0,1,14,5,0,12,12,0,200,0,7,0,0,0,0,200,200
347528,0,30,0,0,0,1,14,5,0,12,12,0,200,0,6,0,200,0,0,200,200
347531,0,30,0,0,0,1,7,5,0,0,0,0,0,2,200,200,200,200,200,200,200
347534,0,30,0,0,0,1,7,5,0,0,0,0,0,2,200,200,200,200,200,200,200
347540,0,30,0,0,0,3,7,3,0,0,0,0,200,1,5,200,200,200,200,200,200
347544,4,30,0,0,0,1,8,5,0,0,0,0,0,0,200,200,200,200,200,200,200
347544,1,30,0,0,0,1,8,5,0,0,0,0,0,0,7,200,200,200,200,200,200
347548,0,30,0,0,0,1,7,6,0,0,0,0,200,2,200,200,200,200,200,200,200
347551,0,30,0,0,200,1,7,6,0,0,0,0,0,2,200,200,200,200,200,200,200
347556,0,30,200,200,200,1,10,5,0,200,200,200,200,0,200,200,200,200,200,200,200
347556,0,30,200,200,200,1,10,5,0,200,200,200,200,0,200,0,200,0,200,200,200
347556,1,30,200,200,200,1,10,5,0,200,200,200,200,1,200,0,200,200,200,200,200
347558,0,30,0,0,0,1,12,6,0,0,0,22,200,0,4,0,8,0,0,200,200
347558,0,30,0,0,0,1,12,6,0,0,0,22,200,0,5,0,12,0,0,200,200
347561,0,35,1,2,0,1,10,2,0,0,0,18,200,0,6,0,3,0,200,200,200
347561,0,35,1,2,0,1,10,2,0,0,0,18,200,0,5,0,0,0,0,200,200
347562,0,30,0,0,0,1,12,6,0,0,0,21,200,0,6,0,12,0,0,200,200
347562,0,30,0,0,0,1,12,6,0,0,0,21,200,1,5,0,4,0,0,200,200
347563,0,35,0,0,0,1,12,5,0,0,0,0,200,0,7,200,12,0,0,200,200
347563,0,35,0,0,0,1,12,5,0,0,0,0,200,1,7,0,0,0,0,200,200
347565,0,30,0,0,0,1,12,6,0,0,0,0,0,0,200,200,200,200,200,200,200
347565,0,30,0,0,0,1,12,6,0,0,0,0,0,1,5,0,0,0,0,200,200
347569,0,30,0,0,0,1,0,5,0,0,0,17,0,0,6,0,1,0,0,200,200
347569,0,30,0,0,0,1,0,5,0,0,0,17,0,1,6,0,0,0,0,200,200
347571,0,30,2,2,0,1,0,5,0,0,0,17,33,1,7,0,1,6,0,200,200
347571,0,30,2,2,0,1,0,5,0,0,0,17,33,1,6,0,0,0,0,200,200
347574,0,30,0,0,0,1,7,6,0,0,0,0,200,0,6,0,200,0,200,200,200
347575,0,30,1,2,0,1,8,2,0,0,0,17,18,1,7,0,1,200,0,200,200
347575,4,30,1,2,0,1,8,2,0,0,0,17,18,0,6,3,0,200,0,200,200
347583,0,30,0,0,0,4,7,5,0,0,0,0,200,0,200,200,12,200,200,200,200
347587,0,30,0,0,0,1,7,6,0,0,200,33,33,1,5,0,12,6,12,200,200
347598,0,30,2,2,0,1,0,2,0,0,0,17,200,0,6,0,1,5,0,200,200
347598,0,30,2,2,0,1,0,2,0,0,0,17,200,1,5,0,0,5,0,200,200
347600,0,30,1,2,0,1,0,5,0,0,0,6,200,1,4,0,5,0,0,200,200
347600,0,30,1,2,0,1,0,5,0,0,0,6,200,1,7,0,0,0,0,200,200
347600,1,30,1,2,0,1,0,5,0,0,0,6,200,0,5,0,200,200,200,200,200
347600,1,30,1,2,0,1,0,5,0,0,0,6,200,1,6,200,200,200,200,200,200
347604,0,30,0,0,0,1,12,5,0,0,0,21,200,1,6,0,4,0,0,200,200
347604,0,30,0,0,0,1,12,5,0,0,0,21,200,0,5,0,0,0,0,200,200
347608,0,35,1,2,0,1,10,2,0,0,0,0,18,1,8,200,3,200,0,200,200
347608,0,35,1,2,0,1,10,2,0,0,0,0,18,0,6,0,0,0,0,200,200
347611,0,25,0,0,0,1,7,6,0,0,0,0,200,2,200,200,200,200,200,200,200
347612,5,30,200,12,0,1,7,5,0,0,0,20,20,1,200,200,0,12,0,200,200
347612,0,30,200,12,0,1,7,5,0,0,0,20,20,2,200,200,6,200,200,200,200
347612,1,30,200,12,0,1,7,5,0,0,0,20,20,200,200,200,200,200,200,200,200
347613,0,30,1,2,0,1,14,12,0,0,0,0,17,0,200,200,200,200,200,200,200
347613,0,30,1,2,0,1,14,12,0,0,0,0,17,1,5,200,200,0,0,200,200
347614,0,30,2,2,0,1,10,2,0,0,0,18,0,0,200,200,200,200,200,200,200
347614,0,30,2,2,0,1,10,2,0,0,0,18,0,1,6,0,0,0,0,200,200
347614,1,30,2,2,0,1,10,2,0,0,0,18,0,200,200,200,200,200,200,200,200
347614,1,30,2,2,0,1,10,2,0,0,0,18,0,0,6,0,200,200,200,200,200
347614,1,30,2,2,0,1,10,2,0,0,0,18,0,1,2,0,200,200,200,200,200
347616,0,30,0,0,0,1,12,5,0,0,0,0,0,0,6,200,200,200,200,200,200
347616,0,30,0,0,0,1,12,5,0,0,0,0,0,0,7,200,200,200,200,200,200
347620,0,30,0,0,0,1,10,2,0,0,0,16,18,0,6,200,3,0,0,200,200
347620,0,30,0,0,0,1,10,2,0,0,0,16,18,1,6,0,0,0,0,200,200
347622,0,30,0,0,0,1,12,7,0,0,0,0,0,0,5,200,6,200,200,200,200
347622,0,30,0,0,0,1,12,7,0,0,0,0,0,1,6,0,0,200,200,200,200
347635,0,25,2,2,0,1,12,5,0,0,0,11,23,0,7,200,7,200,0,200,200
347635,0,25,2,2,0,1,12,5,0,0,0,11,23,0,6,200,0,0,0,200,200
347639,0,35,2,12,0,1,0,5,2,0,0,33,17,0,4,0,1,0,0,200,200
347639,0,35,2,12,0,1,0,5,2,0,0,33,17,0,7,0,0,0,0,200,200
347640,0,30,0,0,0,1,7,5,0,0,0,11,11,1,7,0,12,0,0,200,200
347655,0,15,0,0,0,1,0,5,0,0,0,0,0,1,5,0,6,0,0,200,200
347655,0,15,0,0,0,1,0,5,0,0,0,0,0,1,6,0,0,0,0,200,200
347655,1,15,0,0,0,1,0,5,0,0,0,0,0,0,200,0,200,200,200,200,200
347657,0,45,0,200,0,3,2,3,0,0,0,11,200,0,7,200,12,0,0,200,200
347666,0,25,0,0,0,1,10,5,0,0,0,18,0,0,6,0,3,0,0,200,200
347666,0,25,0,0,0,1,10,5,0,0,0,18,0,0,7,0,0,0,0,200,200
347673,0,30,0,0,0,1,10,2,0,0,0,0,0,0,200,200,3,200,200,200,200
347673,0,30,0,0,0,1,10,2,0,0,0,0,0,1,7,0,0,0,0,200,200
347673,1,30,0,0,0,1,10,2,0,0,0,0,0,0,200,1,200,200,200,200,200
347674,0,30,0,0,0,1,10,2,0,0,0,16,200,0,4,200,0,0,200,200,200
347674,0,30,0,0,0,1,10,2,0,0,0,16,200,1,7,7,0,0,0,200,200
347674,0,30,0,0,0,1,10,2,0,0,0,16,200,0,7,0,0,0,0,200,200
347677,0,30,0,0,0,1,2,5,0,0,0,0,0,0,6,0,12,0,0,200,200
347681,0,30,0,0,0,1,14,5,0,0,0,17,0,1,8,200,200,200,200,200,200
347681,0,30,0,0,0,1,14,5,0,0,0,17,0,0,5,0,0,0,0,200,200
347685,0,25,0,0,0,1,7,5,0,0,0,8,200,1,6,0,12,1,0,200,200
347692,0,30,1,200,0,1,14,5,0,0,0,18,17,2,200,200,200,200,200,200,200
347692,0,30,1,200,0,1,14,5,0,0,0,18,17,0,7,0,0,0,0,200,200
347696,0,30,0,0,0,1,7,6,0,0,0,11,200,0,7,0,15,0,0,200,200
347696,0,30,0,0,0,1,7,6,0,0,0,11,200,0,7,0,0,0,0,200,200
347698,0,30,0,0,0,1,12,5,0,0,0,22,21,0,6,0,4,200,0,200,200
347698,0,30,0,0,0,1,12,5,0,0,0,22,21,0,5,0,0,0,0,200,200
347705,0,30,0,0,0,1,0,7,0,0,0,20,17,1,6,0,6,0,0,200,200
347705,0,30,0,0,0,1,0,7,0,0,0,20,17,0,5,0,1,0,0,200,200
347706,0,30,0,0,0,1,8,2,0,0,0,21,200,0,5,0,0,0,0,200,200
347706,4,30,0,0,0,1,8,2,0,0,0,21,200,0,0,7,4,0,0,200,200
347712,0,30,1,2,0,1,10,2,0,0,0,16,200,1,9,0,3,0,0,200,200
347712,0,30,1,2,0,1,10,2,0,0,0,16,200,0,5,0,200,0,0,200,200
347712,1,30,1,2,0,1,10,2,0,0,0,16,200,0,4,0,200,200,200,200,200
347712,1,30,1,2,0,1,10,2,0,0,0,16,200,0,1,0,200,200,200,200,200
347714,0,35,2,2,0,1,0,2,0,0,0,17,200,1,8,0,1,1,0,200,200
347714,0,35,2,2,0,1,0,2,0,0,0,17,200,0,5,0,0,0,0,200,200
347737,0,30,200,200,0,1,10,5,0,200,200,16,200,0,6,200,200,200,0,200,200
347737,0,30,200,200,0,1,10,5,0,200,200,16,200,1,6,200,200,200,0,200,200
347737,1,30,200,200,0,1,10,5,0,200,200,16,200,0,4,200,200,200,200,200,200
347737,1,30,200,200,0,1,10,5,0,200,200,16,200,1,1,200,200,200,200,200,200
347740,0,10,0,0,0,1,0,7,0,200,200,200,200,1,200,200,200,200,200,200,200
347742,0,30,0,0,0,1,2,7,0,0,0,0,0,0,7,7,0,0,0,200,200
347743,0,30,0,0,0,1,10,2,0,0,0,27,200,1,7,200,12,0,4,200,200
347743,0,30,0,0,0,1,10,2,0,0,0,27,200,1,5,200,0,0,0,200,200
347751,0,15,0,0,0,1,2,0,0,0,12,0,200,0,6,0,200,200,0,200,200
347751,1,15,0,0,0,1,2,0,0,0,12,0,200,1,5,0,200,200,200,200,200
347754,0,30,12,2,200,3,2,7,0,200,0,0,0,2,200,200,12,200,200,200,200
347762,0,25,0,0,0,1,12,5,0,0,0,21,0,0,6,0,4,0,0,200,200
347762,0,25,0,0,0,1,12,5,0,0,0,21,0,1,8,0,0,0,0,200,200
347763,0,30,1,2,0,1,14,5,0,0,0,21,200,0,6,0,12,0,0,200,200
347763,0,30,1,2,0,1,14,5,0,0,0,21,200,1,5,0,12,0,0,200,200
347763,1,30,1,2,0,1,14,5,0,0,0,21,200,1,200,200,200,200,200,200,200
347780,0,30,1,2,0,1,14,5,0,0,0,33,33,0,7,200,12,12,0,200,200
347780,0,30,1,2,0,1,14,5,0,0,0,33,33,0,4,200,0,0,0,200,200
347804,0,30,0,0,200,200,7,6,0,0,0,0,0,2,200,200,200,200,200,200,200
347809,0,30,0,0,0,1,7,6,0,0,0,18,0,2,200,200,200,200,200,200,200
347818,0,30,0,0,0,1,14,5,0,0,0,0,0,0,6,200,12,200,200,200,200
347818,0,30,0,0,0,1,14,5,0,0,0,0,0,0,6,0,12,0,0,200,200
347825,0,30,0,0,0,1,7,5,0,0,0,20,20,0,8,200,6,200,0,200,200
347832,0,0,0,0,200,200,7,7,0,200,200,0,200,2,200,200,200,200,200,200,200
347834,0,30,200,200,0,1,12,3,0,0,200,0,0,0,8,0,7,0,0,200,200
347834,0,30,200,200,0,1,12,3,0,0,200,0,0,0,7,0,0,0,0,200,200
347835,0,5,0,0,0,1,7,7,0,0,0,0,200,0,200,200,200,200,200,200,200
347836,0,30,2,2,0,1,11,5,0,0,0,23,21,1,200,200,7,200,200,200,200
347836,0,30,2,2,0,1,11,5,0,0,0,23,21,0,6,0,0,0,0,200,200
347837,0,30,0,0,0,1,12,2,0,0,0,28,4,1,200,200,4,200,200,200,200
347837,0,30,0,0,0,1,12,2,0,0,0,28,4,0,6,0,0,0,0,200,200
347840,0,0,1,200,0,1,14,8,3,0,0,0,0,0,8,0,200,0,0,200,200
347840,0,0,1,200,0,1,14,8,3,0,0,0,0,0,6,0,200,0,0,200,200
347840,1,0,1,200,0,1,14,8,3,0,0,0,0,1,200,0,200,200,200,200,200
347844,0,30,0,0,0,1,11,5,0,0,0,33,200,0,6,0,7,0,0,200,200
347844,0,30,0,0,0,1,11,5,0,0,0,33,200,1,4,0,0,12,0,200,200
347850,0,30,0,0,0,1,7,6,0,0,0,20,200,0,7,0,6,0,0,200,200
347855,4,30,1,2,0,1,8,1,0,0,0,22,0,0,5,2,4,0,0,200,200
347855,0,30,1,2,0,1,8,1,0,0,0,22,0,0,6,0,0,0,0,200,200
347857,0,35,0,0,0,1,10,5,0,0,0,11,0,0,7,200,12,0,0,200,200
347857,0,35,0,0,0,1,10,5,0,0,0,11,0,0,6,200,0,0,0,200,200
347857,0,35,0,0,0,1,10,5,0,0,0,11,0,0,7,200,0,0,0,200,200