RD_NO,PERSON_TYPE,POSTED_SPEED_LIMIT,TRAFFIC_CONTROL_DEVICE,DEVICE_CONDITION,WEATHER_CONDITION,LIGHTING_CONDITION,FIRST_CRASH_TYPE,TRAFFICWAY_TYPE,ALIGNMENT,ROADWAY_SURFACE_COND,ROAD_DEFECT,PRIM_CONTRIBUTORY_CAUSE,SEC_CONTRIBUTORY_CAUSE,SEX,AGE,SAFETY_EQUIPMENT,DRIVER_ACTION,DRIVER_VISION,PHYSICAL_CONDITION,BAC_RESULT VALUE,CELL_PHONE_USE
347857,1,35,0,0,0,1,10,5,0,0,0,11,0,1,6,200,200,200,200,200,200
347857,1,35,0,0,0,1,10,5,0,0,0,11,0,1,4,200,200,200,200,200,200
347863,0,25,1,12,0,1,9,12,0,0,0,17,200,2,200,200,1,200,200,200,200
347863,5,25,1,12,0,1,9,12,0,0,0,17,200,0,6,7,0,12,0,200,200
347872,0,30,1,2,0,1,9,2,0,0,0,0,200,2,200,200,12,200,200,200,200
347872,5,30,1,2,0,1,9,2,0,0,0,0,200,1,6,200,0,0,0,200,200
347873,0,30,1,2,0,1,14,2,0,0,0,17,200,0,5,0,1,200,0,200,200
347873,0,30,1,2,0,1,14,2,0,0,0,17,200,0,5,0,0,200,0,200,200
347873,1,30,1,2,0,1,14,2,0,0,0,17,200,1,5,0,200,200,200,200,200
347875,0,30,0,0,200,1,7,5,0,0,0,200,200,0,200,200,200,200,200,200,200
347880,0,30,0,0,0,1,10,6,0,0,3,0,0,1,5,0,12,0,0,200,200
347880,0,30,0,0,0,1,10,6,0,0,3,0,0,1,6,0,0,0,0,200,200
347882,0,30,200,200,200,1,14,2,3,200,200,200,200,0,200,200,200,200,200,200,200
347882,0,30,200,200,200,1,14,2,3,200,200,200,200,0,200,200,200,200,200,200,200
347882,1,30,200,200,200,1,14,2,3,200,200,200,200,1,200,200,200,200,200,200,200
347882,1,30,200,200,200,1,14,2,3,200,200,200,200,1,200,200,200,200,200,200,200
347882,1,30,200,200,200,1,14,2,3,200,200,200,200,2,200,200,200,200,200,200,200
347882,1,30,200,200,200,1,14,2,3,200,200,200,200,2,200,200,200,200,200,200,200
347882,1,30,200,200,200,1,14,2,3,200,200,200,200,0,200,200,200,200,200,200,200
347882,1,30,200,200,200,1,14,2,3,200,200,200,200,1,200,200,200,200,200,200,200
347886,0,30,0,0,200,200,5,5,0,200,1,200,200,0,7,200,12,0,12,200,200
347887,0,30,0,0,0,1,10,5,0,0,0,18,0,1,5,0,3,0,0,200,200
347887,0,30,0,0,0,1,10,5,0,0,0,18,0,0,6,0,0,0,0,200,200
347887,1,30,0,0,0,1,10,5,0,0,0,18,0,1,6,0,200,200,200,200,200
347887,1,30,0,0,0,1,10,5,0,0,0,18,0,0,4,0,200,200,200,200,200
347887,1,30,0,0,0,1,10,5,0,0,0,18,0,0,0,5,200,200,200,200,200
347890,0,30,0,0,0,1,7,7,0,0,0,0,200,0,6,200,200,200,0,200,200
347893,0,30,0,0,0,1,10,5,0,0,0,18,0,2,200,200,3,200,200,200,200
347893,0,30,0,0,0,1,10,5,0,0,0,18,0,0,7,0,0,0,0,200,200
347896,0,30,0,0,0,3,7,6,0,0,0,0,0,0,200,200,6,200,200,200,200
347903,4,30,2,2,0,1,8,2,0,0,0,17,200,0,3,2,1,0,0,200,200
347903,0,30,2,2,0,1,8,2,0,0,0,17,200,1,5,0,0,0,0,200,200
347904,0,30,1,2,0,1,12,5,0,0,0,22,22,0,5,200,2,200,200,200,200
347904,0,30,1,2,0,1,12,5,0,0,0,22,22,1,7,0,0,0,0,200,200
347908,0,30,0,0,0,1,7,6,0,0,0,20,200,2,200,200,6,200,200,200,200
347909,0,30,0,0,0,1,12,2,0,0,0,21,17,1,6,0,4,0,0,200,200
347909,0,30,0,0,0,1,12,2,0,0,0,21,17,0,4,0,0,0,0,200,200
347910,0,30,1,2,0,1,14,5,0,0,0,12,0,0,7,0,12,0,0,200,200
347910,0,30,1,2,0,1,14,5,0,0,0,12,0,1,7,0,0,0,0,200,200
347910,1,30,1,2,0,1,14,5,0,0,0,12,0,0,6,0,200,200,200,200,200
347914,0,35,1,2,0,1,10,5,0,0,0,17,16,0,6,200,1,12,0,200,200
347914,0,35,1,2,0,1,10,5,0,0,0,17,16,1,7,200,0,0,0,200,200
347916,0,10,0,0,0,1,12,6,0,0,0,200,200,0,200,200,200,200,200,200,200
347916,0,10,0,0,0,1,12,6,0,0,0,200,200,0,200,200,0,0,0,200,200
347926,0,10,0,0,0,3,7,7,5,0,0,23,0,2,200,200,7,200,200,200,200
347932,0,35,0,0,0,1,2,5,0,0,0,25,200,1,6,0,12,0,0,200,200
347933,0,30,0,0,0,1,12,6,0,0,0,11,200,1,5,0,4,0,0,200,200
347933,0,30,0,0,0,1,12,6,0,0,0,11,200,0,7,0,200,0,0,200,200
347935,0,30,0,0,0,1,7,6,0,0,0,8,200,0,8,0,12,0,0,200,200
347935,1,30,0,0,0,1,7,6,0,0,0,8,200,0,6,0,200,200,200,200,200
347942,0,10,0,0,0,1,7,12,0,0,2,22,200,0,200,200,1,200,200,200,200
347952,0,30,1,200,0,1,10,5,0,0,0,18,200,0,200,200,3,200,200,200,200
347952,0,30,1,200,0,1,10,5,0,0,0,18,200,1,5,0,0,0,0,200,200
347952,0,30,1,200,0,1,10,5,0,0,0,18,200,0,6,0,0,0,0,200,200
347952,1,30,1,200,0,1,10,5,0,0,0,18,200,1,4,0,200,200,200,200,200
347952,1,30,1,200,0,1,10,5,0,0,0,18,200,1,5,0,200,200,200,200,200
347952,1,30,1,200,0,1,10,5,0,0,0,18,200,0,5,0,200,200,200,200,200
347961,0,35,1,2,0,1,10,5,0,12,0,18,0,1,5,0,12,0,0,200,200
347961,0,35,1,2,0,1,10,5,0,12,0,18,0,0,6,0,0,0,0,200,200
347962,4,30,2,2,0,1,8,5,0,0,0,17,200,0,5,7,4,200,0,200,200
347962,0,30,2,2,0,1,8,5,0,0,0,17,200,0,7,200,12,200,0,200,200
347963,0,30,0,0,0,1,10,6,0,0,0,12,11,0,6,0,12,1,0,200,200
347963,0,30,0,0,0,1,10,6,0,0,0,12,11,0,7,0,0,1,0,200,200
347965,0,30,0,0,0,1,0,7,0,0,0,16,200,1,5,200,1,200,200,200,200
347965,0,30,0,0,0,1,0,7,0,0,0,16,200,0,6,0,0,0,200,200,200
347965,1,30,0,0,0,1,0,7,0,0,0,16,200,1,2,200,200,200,200,200,200
347965,1,30,0,0,0,1,0,7,0,0,0,16,200,0,2,200,200,200,200,200,200
347971,0,15,0,0,0,0,12,8,0,0,200,0,200,0,6,200,200,200,200,200,200
347971,0,15,0,0,0,0,12,8,0,0,200,0,200,0,7,200,200,200,0,200,200
347974,0,30,1,2,0,1,14,5,0,0,0,18,200,0,7,200,3,200,200,200,200
347974,0,30,1,2,0,1,14,5,0,0,0,18,200,0,5,0,0,0,0,200,200
347975,0,30,0,0,0,1,7,2,0,0,0,0,200,2,200,200,200,200,200,200,200
347981,0,30,2,2,0,1,10,5,0,0,0,18,200,1,6,200,3,0,0,200,200
347981,0,30,2,2,0,1,10,5,0,0,0,18,200,1,8,0,0,0,0,200,200
347982,0,30,0,0,0,1,10,5,0,0,0,18,16,0,200,200,3,200,200,200,200
347982,0,30,0,0,0,1,10,5,0,0,0,18,16,1,6,0,0,0,0,200,200
347986,0,25,0,0,0,1,12,6,0,0,0,14,25,0,4,200,13,200,200,200,200
347986,0,25,0,0,0,1,12,6,0,0,0,14,25,0,7,200,0,0,0,200,200
347988,0,30,1,2,0,1,12,6,0,0,0,22,11,0,200,200,4,200,200,200,200
347988,0,30,1,2,0,1,12,6,0,0,0,22,11,1,6,0,0,0,0,200,200
347990,0,30,1,2,0,1,12,2,0,0,0,22,16,1,8,200,4,200,0,200,200
347990,0,30,1,2,0,1,12,2,0,0,0,22,16,0,5,200,0,200,0,200,200
347990,1,30,1,2,0,1,12,2,0,0,0,22,16,0,2,200,200,200,200,200,200
347990,1,30,1,2,0,1,12,2,0,0,0,22,16,0,5,200,200,200,200,200,200
347992,0,20,1,2,0,1,0,2,0,0,0,6,0,0,6,0,5,0,4,200,200
347992,0,20,1,2,0,1,0,2,0,0,0,6,0,0,6,0,0,0,0,200,200
347992,1,20,1,2,0,1,0,2,0,0,0,6,0,0,7,0,200,200,200,200,200
347996,0,30,2,1,0,1,7,2,0,0,0,0,0,2,200,200,200,200,200,200,200
347999,0,30,0,0,0,1,12,2,0,0,0,17,200,0,5,0,0,0,0,200,200
347999,0,30,0,0,0,1,12,2,0,0,0,17,200,1,7,0,200,0,0,200,200
348002,0,25,1,2,0,1,10,2,0,0,0,0,0,0,6,0,1,0,0,200,200
348002,0,25,1,2,0,1,10,2,0,0,0,0,0,0,6,0,0,0,0,200,200
348004,0,30,0,0,0,1,7,6,0,200,200,25,0,1,200,200,12,200,200,200,200
348005,0,30,0,0,0,1,12,2,0,0,0,17,0,0,8,0,1,200,0,200,200
348005,0,30,0,0,0,1,12,2,0,0,0,17,0,0,6,0,0,200,0,200,200
348007,0,30,0,0,0,1,10,12,0,0,0,16,17,1,200,200,1,200,200,200,200
348007,0,30,0,0,0,1,10,12,0,0,0,16,17,1,6,200,200,0,0,200,200
348008,0,30,0,0,0,1,10,5,0,12,0,18,200,1,8,200,200,200,0,200,200
348008,0,30,0,0,0,1,10,5,0,12,0,18,200,1,6,0,200,0,0,200,200
348008,1,30,0,0,0,1,10,5,0,12,0,18,200,1,7,0,200,200,200,200,200
348008,1,30,0,0,0,1,10,5,0,12,0,18,200,0,2,0,200,200,200,200,200
348010,0,35,0,0,0,1,7,7,0,0,0,20,200,0,200,200,6,200,200,200,200
348020,0,30,1,2,0,1,10,3,0,0,0,16,11,0,6,0,8,200,0,200,200
348020,0,30,1,2,0,1,10,3,0,0,0,16,11,0,5,0,12,0,0,200,200
348027,0,35,0,0,0,1,10,5,0,0,0,18,0,0,200,200,3,200,200,200,200
348027,0,35,0,0,0,1,10,5,0,0,0,18,0,1,6,200,0,0,0,200,200
348030,0,30,1,2,0,1,10,2,0,0,0,18,200,0,5,0,3,0,0,200,200
348030,0,30,1,2,0,1,10,2,0,0,0,18,200,0,6,0,0,0,0,200,200
348032,0,30,1,2,0,1,0,6,0,0,0,6,16,1,6,200,200,0,0,200,200
348032,0,30,1,2,0,1,0,6,0,0,0,6,16,1,7,200,200,0,0,200,200
348032,1,30,1,2,0,1,0,6,0,0,0,6,16,0,3,200,200,200,200,200,200
348032,1,30,1,2,0,1,0,6,0,0,0,6,16,1,3,200,200,200,200,200,200
348032,1,30,1,2,0,1,0,6,0,0,0,6,16,1,5,200,200,200,200,200,200
348034,0,30,2,2,0,1,14,5,0,0,0,17,200,0,8,0,1,0,0,200,200
348034,0,30,2,2,0,1,14,5,0,0,0,17,200,0,5,0,0,0,0,200,200
348038,0,30,1,2,0,1,10,5,0,0,0,18,200,0,3,0,3,0,0,200,200
348038,0,30,1,2,0,1,10,5,0,0,0,18,200,0,5,0,0,0,0,200,200
348038,0,30,1,2,0,1,10,5,0,0,0,18,200,1,5,0,0,0,0,200,200
348040,0,30,0,0,200,1,5,4,0,200,200,0,200,0,200,200,200,200,200,200,200
348048,0,30,0,0,0,1,11,5,0,0,0,21,200,0,7,0,12,0,0,200,200
348048,0,30,0,0,0,1,11,5,0,0,0,21,200,0,6,0,0,0,0,200,200
348051,0,30,0,0,0,1,7,6,0,0,200,0,200,2,200,200,200,200,200,200,200
348053,0,30,0,0,200,200,10,5,0,0,200,17,200,1,5,200,1,200,200,200,200
348053,0,30,0,0,200,200,10,5,0,0,200,17,200,0,0,0,0,200,0,200,200
348054,0,30,0,0,0,1,10,12,0,0,0,18,0,0,3,0,3,0,0,200,200
348054,0,30,0,0,0,1,10,12,0,0,0,18,0,1,8,0,0,0,0,200,200
348054,1,30,0,0,0,1,10,12,0,0,0,18,0,1,3,0,200,200,200,200,200
348054,1,30,0,0,0,1,10,12,0,0,0,18,0,1,8,0,200,200,200,200,200
348055,0,30,0,0,0,1,2,6,0,0,0,0,0,1,200,200,200,200,200,200,200
348055,1,30,0,0,0,1,2,6,0,0,0,0,0,1,200,200,200,200,200,200,200
348057,0,30,0,0,0,1,2,5,0,0,1,0,0,1,7,0,12,0,0,200,200
348059,0,30,0,0,0,1,12,6,0,0,0,11,0,1,9,200,12,12,0,200,200
348059,0,30,0,0,0,1,12,6,0,0,0,11,0,0,5,0,0,5,0,200,200
348059,1,30,0,0,0,1,12,6,0,0,0,11,0,1,5,200,200,200,200,200,200
348059,1,30,0,0,0,1,12,6,0,0,0,11,0,0,4,4,200,200,200,200,200
348063,0,25,1,2,0,1,10,2,0,0,0,2,18,0,5,0,15,0,0,200,1
348063,0,25,1,2,0,1,10,2,0,0,0,2,18,0,6,0,0,0,0,200,200
348067,0,0,0,0,0,0,2,5,0,0,0,0,0,2,200,200,200,200,200,200,200
348074,0,55,0,0,0,1,12,3,0,0,0,22,17,0,8,200,4,200,200,200,200
348074,0,55,0,0,0,1,12,3,0,0,0,22,17,0,7,0,0,200,0,200,200
348076,0,30,1,2,0,1,7,2,0,0,0,11,200,1,6,0,12,0,0,200,200
348076,1,30,1,2,0,1,7,2,0,0,0,11,200,1,2,0,200,200,200,200,200
348076,1,30,1,2,0,1,7,2,0,0,0,11,200,1,2,0,200,200,200,200,200
348076,1,30,1,2,0,1,7,2,0,0,0,11,200,1,2,0,200,200,200,200,200
348078,0,25,0,0,0,1,12,2,0,0,0,0,0,0,7,0,1,0,0,200,200
348078,0,25,0,0,0,1,12,2,0,0,0,0,0,1,7,0,0,0,0,200,200
348082,0,30,0,0,0,1,7,5,0,0,0,0,0,2,200,200,200,200,200,200,200
348085,0,30,1,2,0,1,10,2,0,0,0,18,0,0,5,0,3,0,0,200,200
348085,0,30,1,2,0,1,10,2,0,0,0,18,0,1,6,0,12,0,0,200,200
348086,0,35,0,0,0,1,12,5,0,0,0,16,22,1,7,200,2,0,0,200,200
348086,0,35,0,0,0,1,12,5,0,0,0,16,22,1,7,200,8,0,0,200,200
348086,0,35,0,0,0,1,12,5,0,0,0,16,22,1,5,200,0,0,0,200,200
348086,1,35,0,0,0,1,12,5,0,0,0,16,22,1,4,200,200,200,200,200,200
348086,1,35,0,0,0,1,12,5,0,0,0,16,22,1,200,200,200,200,200,200,200
348087,0,30,1,2,0,1,10,5,0,0,0,18,200,0,7,0,3,0,0,200,200
348087,0,30,1,2,0,1,10,5,0,0,0,18,200,1,6,0,0,0,0,200,200
348087,1,30,1,2,0,1,10,5,0,0,0,18,200,1,200,200,200,200,200,200,200
348092,0,30,200,200,0,1,14,5,0,200,200,0,200,0,6,200,200,200,0,200,200
348092,0,30,200,200,0,1,14,5,0,200,200,0,200,1,7,200,200,200,0,200,200
348094,0,0,2,2,0,1,14,7,0,0,0,0,0,0,200,200,200,0,0,200,200
348094,0,0,2,2,0,1,14,7,0,0,0,0,0,0,200,200,0,200,200,200,200
348098,0,15,0,0,0,1,7,7,0,0,0,17,0,0,8,200,12,0,0,200,200
348098,1,15,0,0,0,1,7,7,0,0,0,17,0,0,200,0,200,200,200,200,200
348098,1,15,0,0,0,1,7,7,0,0,0,17,0,1,200,0,200,200,200,200,200
348099,0,30,1,2,0,1,9,5,0,0,0,0,0,0,200,200,1,200,200,200,200
348099,5,30,1,2,0,1,9,5,0,0,0,0,0,1,200,200,200,200,0,200,200
348100,0,30,2,2,0,1,9,5,0,0,0,33,200,1,7,0,12,12,0,200,200
348100,5,30,2,2,0,1,9,5,0,0,0,33,200,0,6,200,200,200,0,200,200
348104,0,30,0,0,0,1,7,5,0,0,0,23,200,0,6,0,7,0,0,200,200
348112,0,30,2,2,0,1,9,5,0,0,0,5,17,0,200,200,1,200,200,200,200
348112,5,30,2,2,0,1,9,5,0,0,0,5,17,1,6,7,0,200,0,200,200
348115,0,30,4,2,0,1,10,2,0,0,0,16,0,0,6,0,1,200,0,200,200
348115,0,30,4,2,0,1,10,2,0,0,0,16,0,0,7,0,0,0,0,200,200
348117,0,25,0,0,0,1,12,2,0,0,0,0,0,0,6,0,1,0,0,200,200
348117,0,25,0,0,0,1,12,2,0,0,0,0,0,0,5,0,0,0,0,200,200
348126,0,30,1,2,0,1,14,2,0,0,0,0,0,0,7,200,12,0,0,200,200
348126,0,30,1,2,0,1,14,2,0,0,0,0,0,1,5,200,0,0,0,200,200
348132,0,35,1,2,0,1,14,6,0,0,0,23,0,0,8,0,7,0,0,200,200
348132,0,35,1,2,0,1,14,6,0,0,0,23,0,0,5,0,0,0,0,200,200
348134,0,30,0,0,0,1,12,5,0,0,0,21,0,0,6,200,0,0,0,200,200
348134,0,30,0,0,0,1,12,5,0,0,0,21,0,0,6,200,4,0,0,200,200
348134,1,30,0,0,0,1,12,5,0,0,0,21,0,1,8,200,200,200,200,200,200
348134,1,30,0,0,0,1,12,5,0,0,0,21,0,1,5,7,200,200,200,200,200
348134,1,30,0,0,0,1,12,5,0,0,0,21,0,0,200,5,200,200,200,200,200
348136,0,30,0,0,0,1,7,7,0,0,0,20,200,1,5,200,6,0,5,200,200
348136,1,30,0,0,0,1,7,7,0,0,0,20,200,1,200,0,200,200,200,200,200
348136,1,30,0,0,0,1,7,7,0,0,0,20,200,2,200,200,200,200,200,200,200
348136,1,30,0,0,0,1,7,7,0,0,0,20,200,2,200,0,200,200,200,200,200
348136,1,30,0,0,0,1,7,7,0,0,0,20,200,2,200,200,200,200,200,200,200
348137,0,10,0,0,0,1,0,7,0,0,0,0,0,1,6,0,12,0,0,200,200
348137,0,10,0,0,0,1,0,7,0,0,0,0,0,0,6,0,12,0,0,200,200
348141,0,35,1,2,0,1,10,3,0,0,0,7,200,1,7,0,0,0,0,200,200
348141,0,35,1,2,0,1,10,3,0,0,0,7,200,1,5,200,0,200,200,200,200
348144,0,30,1,2,0,1,0,5,0,0,0,0,0,0,6,200,200,200,0,200,200
348144,0,30,1,2,0,1,0,5,0,0,0,0,0,0,7,0,200,200,0,200,200
348144,1,30,1,2,0,1,0,5,0,0,0,0,0,0,5,200,200,200,200,200,200
348146,0,30,0,0,0,1,9,2,0,0,0,0,0,1,200,200,200,200,200,200,200
348146,5,30,0,0,0,1,9,2,0,0,0,0,0,0,9,7,200,200,200,200,200
348147,0,15,0,0,0,1,7,7,0,0,0,25,200,0,6,200,200,200,200,200,200
348149,0,30,0,0,0,1,7,5,0,0,0,11,0,1,6,0,0,0,0,200,200
348151,0,30,1,2,0,1,0,2,0,0,0,17,200,0,200,200,1,200,200,200,200
348151,0,30,1,2,0,1,0,2,0,0,0,17,200,0,6,0,0,0,0,200,200
348154,0,10,9,2,0,1,3,7,0,0,0,0,0,0,6,200,6,200,200,200,200
348154,0,10,9,2,0,1,3,7,0,0,0,0,0,0,6,0,0,0,0,200,200
348157,0,30,0,0,0,1,10,2,0,0,0,0,0,1,6,0,200,0,0,200,200
348157,0,30,0,0,0,1,10,2,0,0,0,0,0,0,5,0,0,0,0,200,200
348157,1,30,0,0,0,1,10,2,0,0,0,0,0,1,6,0,200,200,200,200,200
348157,1,30,0,0,0,1,10,2,0,0,0,0,0,0,2,0,200,200,200,200,200
348157,1,30,0,0,0,1,10,2,0,0,0,0,0,1,3,0,200,200,200,200,200
348157,1,30,0,0,0,1,10,2,0,0,0,0,0,0,3,0,200,200,200,200,200
348157,1,30,0,0,0,1,10,2,0,0,0,0,0,1,5,0,200,200,200,200,200
348157,1,30,0,0,0,1,10,2,0,0,0,0,0,1,6,0,200,200,200,200,200
348157,1,30,0,0,0,1,10,2,0,0,0,0,0,1,2,0,200,200,200,200,200
348162,0,0,0,0,0,1,7,7,0,0,0,0,0,1,6,0,6,200,0,200,200
348163,0,5,0,0,0,1,10,7,0,0,0,18,200,1,6,200,3,200,200,200,200
348163,0,5,0,0,0,1,10,7,0,0,0,18,200,1,7,0,0,0,0,200,200
348164,0,30,0,0,200,200,7,5,0,200,0,0,200,2,200,200,200,200,200,200,200
348169,0,30,0,0,0,1,10,2,0,0,0,18,11,0,5,200,0,0,0,200,200
348169,0,30,0,0,0,1,10,2,0,0,0,18,11,0,7,200,3,0,0,200,200
348174,0,30,0,0,0,1,7,1,0,0,0,200,200,0,6,200,200,200,0,200,200
348176,0,25,0,0,0,1,7,5,0,0,0,0,200,1,200,200,200,200,200,200,200
348176,1,25,0,0,0,1,7,5,0,0,0,0,200,1,200,200,200,200,200,200,200
348177,0,30,1,2,0,1,14,5,0,0,0,0,200,0,5,200,200,200,0,200,200
348177,0,30,1,2,0,1,14,5,0,0,0,0,200,1,5,200,200,0,0,200,200
348179,0,30,1,2,0,1,12,5,0,0,0,22,200,0,8,0,200,0,0,200,200
348179,0,30,1,2,0,1,12,5,0,0,0,22,200,1,6,0,200,0,0,200,200
348185,0,35,1,2,0,1,14,3,0,0,0,16,200,0,6,0,0,0,0,200,200
348185,0,35,1,2,0,1,14,3,0,0,0,16,200,1,200,200,0,200,200,200,200
348186,0,30,0,0,0,1,7,5,0,0,0,0,200,2,200,200,200,200,200,200,200
348188,0,10,0,0,0,1,12,7,0,0,0,20,20,0,200,200,1,200,200,200,200
348188,0,10,0,0,0,1,12,7,0,0,0,20,20,1,7,0,0,0,0,200,200
348189,0,30,1,2,0,1,10,5,0,0,0,6,6,1,200,200,5,200,200,200,200
348189,0,30,1,2,0,1,10,5,0,0,0,6,6,1,6,0,0,0,0,200,200
348195,0,15,0,0,0,1,10,4,0,0,0,18,200,0,200,200,3,200,0,200,200
348195,0,15,0,0,0,1,10,4,0,0,0,18,200,0,200,200,0,200,0,200,200
348195,0,15,0,0,0,1,10,4,0,0,0,18,200,0,200,200,0,200,0,200,200
348198,0,30,0,0,0,1,7,5,0,0,0,23,8,1,6,0,7,0,0,200,200
348200,0,30,0,0,0,1,14,5,0,0,0,0,0,0,9,0,1,0,0,200,200
348200,0,30,0,0,0,1,14,5,0,0,0,0,0,0,7,0,0,0,0,200,200
348200,1,30,0,0,0,1,14,5,0,0,0,0,0,1,7,0,200,200,200,200,200
348202,0,30,1,2,0,1,14,5,0,0,0,0,200,0,6,200,7,200,200,200,200
348202,0,30,1,2,0,1,14,5,0,0,0,0,200,1,7,0,0,0,0,200,200
348205,0,30,0,0,0,1,7,2,0,0,0,0,200,2,200,200,200,200,200,200,200
348210,0,30,1,2,0,1,10,5,0,0,0,18,200,0,200,200,3,200,200,200,200
348210,0,30,1,2,0,1,10,5,0,0,0,18,200,0,5,0,0,0,0,200,200
348214,0,30,1,2,0,1,14,2,0,0,0,17,22,0,5,0,7,0,0,200,200
348214,0,30,1,2,0,1,14,2,0,0,0,17,22,0,6,0,12,0,0,200,200
348216,0,30,0,0,0,1,12,2,0,0,200,21,0,0,200,200,4,200,200,200,200
348216,0,30,0,0,0,1,12,2,0,0,200,21,0,0,9,0,0,0,0,200,200
348218,0,30,0,0,0,200,12,6,0,0,3,0,0,0,7,200,12,200,200,200,200
348218,0,30,0,0,0,200,12,6,0,0,3,0,0,1,6,0,0,0,0,200,200
348218,1,30,0,0,0,200,12,6,0,0,3,0,0,0,200,0,200,200,200,200,200
348222,0,25,0,0,0,1,10,2,0,0,0,0,0,0,7,0,1,0,0,200,200
348222,0,25,0,0,0,1,10,2,0,0,0,0,0,1,6,0,0,0,0,200,200
348223,0,30,1,2,0,1,12,5,0,0,0,22,200,0,200,200,2,200,200,200,200
348223,0,30,1,2,0,1,12,5,0,0,0,22,200,1,8,0,0,0,0,200,200
348224,0,30,1,2,0,1,10,5,0,0,0,0,200,0,5,0,3,0,0,200,200
348224,0,30,1,2,0,1,10,5,0,0,0,0,200,1,5,0,0,0,0,200,200
348224,0,30,1,2,0,1,10,5,0,0,0,0,200,0,8,0,0,0,0,200,200
348224,1,30,1,2,0,1,10,5,0,0,0,0,200,0,1,0,200,200,200,200,200
348224,1,30,1,2,0,1,10,5,0,0,0,0,200,0,200,0,200,200,200,200,200
348226,0,30,0,0,0,1,7,2,0,0,12,0,200,2,200,200,200,200,200,200,200
348233,0,30,2,2,0,1,14,2,0,0,0,0,0,0,6,200,1,200,200,200,200
348233,0,30,2,2,0,1,14,2,0,0,0,0,0,0,6,0,0,0,0,200,200
348233,1,30,2,2,0,1,14,2,0,0,0,0,0,1,6,0,200,200,200,200,200
348234,0,30,1,2,0,1,0,2,0,0,0,17,200,1,200,200,1,200,200,200,200
348234,0,30,1,2,0,1,0,2,0,0,0,17,200,1,5,0,0,0,0,200,200
348237,0,30,1,2,0,1,10,5,0,0,0,18,200,0,6,0,3,0,0,200,200
348237,0,30,1,2,0,1,10,5,0,0,0,18,200,0,6,0,0,0,0,200,200
348237,1,30,1,2,0,1,10,5,0,0,0,18,200,0,200,0,200,200,200,200,200
348239,0,30,0,0,0,1,12,5,0,200,0,17,0,1,5,200,1,200,200,200,200
348239,0,30,0,0,0,1,12,5,0,200,0,17,0,0,8,0,0,0,0,200,200
348244,0,30,2,2,0,1,0,5,0,0,0,14,5,0,200,200,1,200,200,200,200
348244,0,30,2,2,0,1,0,5,0,0,0,14,5,1,7,0,0,0,0,200,200
348250,0,30,4,0,0,1,10,5,0,0,0,18,200,0,200,200,3,200,200,200,200
348250,0,30,4,0,0,1,10,5,0,0,0,18,200,0,6,0,0,0,0,200,200
348250,1,30,4,0,0,1,10,5,0,0,0,18,200,1,200,200,200,200,200,200,200
348250,1,30,4,0,0,1,10,5,0,0,0,18,200,0,200,0,200,200,200,200,200
348250,1,30,4,0,0,1,10,5,0,0,0,18,200,0,200,0,200,200,200,200,200
348253,0,35,0,0,0,1,10,3,0,0,0,16,200,0,6,0,1,0,0,200,200
348253,0,35,0,0,0,1,10,3,0,0,0,16,200,1,7,0,0,0,0,200,200
348253,1,35,0,0,0,1,10,3,0,0,0,16,200,0,200,0,200,200,200,200,200
348255,0,20,0,0,0,1,12,5,0,0,0,21,0,0,200,200,4,0,0,200,200
348255,0,20,0,0,0,1,12,5,0,0,0,21,0,0,5,200,0,0,0,200,200
348261,0,20,0,0,0,1,7,6,0,0,200,0,0,2,200,200,200,200,200,200,200
348262,0,35,1,2,0,1,10,5,0,0,0,18,16,1,5,0,8,0,0,200,200
348262,0,35,1,2,0,1,10,5,0,0,0,18,16,0,5,0,0,0,0,200,200
348263,0,20,1,2,0,1,10,5,0,0,0,18,11,0,6,200,3,0,0,200,200
348263,0,20,1,2,0,1,10,5,0,0,0,18,11,1,6,0,0,0,0,200,200
348263,1,20,1,2,0,1,10,5,0,0,0,18,11,0,1,5,200,200,200,200,200
348263,1,20,1,2,0,1,10,5,0,0,0,18,11,1,0,5,200,200,200,200,200
348268,0,30,1,2,0,1,10,5,0,0,200,21,11,0,5,200,6,0,0,200,200
348268,0,30,1,2,0,1,10,5,0,0,200,21,11,0,5,0,0,0,0,200,200
348273,0,45,0,0,0,1,10,3,0,0,0,16,18,1,6,200,3,0,0,200,200
348273,0,45,0,0,0,1,10,3,0,0,0,16,18,0,6,200,0,0,0,200,200
348275,0,30,0,0,0,1,14,5,0,0,0,17,22,0,200,0,1,0,0,200,200
348275,0,30,0,0,0,1,14,5,0,0,0,17,22,0,7,0,12,0,0,200,200
348275,1,30,0,0,0,1,14,5,0,0,0,17,22,0,1,5,200,200,200,200,200
348277,0,30,0,0,0,1,12,2,0,0,200,17,200,0,200,200,1,200,200,200,200
348277,0,30,0,0,0,1,12,2,0,0,200,17,200,1,6,0,0,200,0,200,200
348278,0,30,1,2,0,1,12,2,0,0,0,22,16,0,200,200,2,200,200,200,200
348278,0,30,1,2,0,1,12,2,0,0,0,22,16,0,6,0,6,200,0,200,200