RD_NO,PERSON_TYPE,POSTED_SPEED_LIMIT,TRAFFIC_CONTROL_DEVICE,DEVICE_CONDITION,WEATHER_CONDITION,LIGHTING_CONDITION,FIRST_CRASH_TYPE,TRAFFICWAY_TYPE,ALIGNMENT,ROADWAY_SURFACE_COND,ROAD_DEFECT,PRIM_CONTRIBUTORY_CAUSE,SEC_CONTRIBUTORY_CAUSE,SEX,AGE,SAFETY_EQUIPMENT,DRIVER_ACTION,DRIVER_VISION,PHYSICAL_CONDITION,BAC_RESULT VALUE,CELL_PHONE_USE
348279,0,30,1,2,0,1,12,6,0,0,0,21,17,0,200,200,1,200,200,200,200
348279,0,30,1,2,0,1,12,6,0,0,0,21,17,0,7,0,0,0,0,200,200
348280,0,30,0,0,0,1,12,5,0,0,0,21,21,0,7,0,4,5,0,200,200
348280,0,30,0,0,0,1,12,5,0,0,0,21,21,0,6,0,0,0,0,200,200
348283,0,30,1,2,0,1,10,5,0,0,0,0,0,0,6,0,0,0,0,200,200
348283,0,30,1,2,0,1,10,5,0,0,0,0,0,0,7,0,1,0,0,200,200
348286,0,30,0,0,0,1,2,2,0,0,0,27,200,0,7,0,12,200,7,200,200
348286,1,30,0,0,0,1,2,2,0,0,0,27,200,0,7,0,200,200,200,200,200
348290,0,30,0,0,0,1,7,6,0,0,0,25,200,1,6,0,0,0,0,200,200
348290,1,30,0,0,0,1,7,6,0,0,0,25,200,1,6,0,200,200,200,200,200
348298,0,15,0,0,0,1,2,0,0,0,0,7,25,0,9,0,1,0,0,200,200
348300,0,40,0,0,0,1,14,2,0,0,0,23,200,0,7,0,1,0,0,200,200
348300,0,40,0,0,0,1,14,2,0,0,0,23,200,1,200,0,0,0,0,200,200
348300,1,40,0,0,0,1,14,2,0,0,0,23,200,1,7,0,200,200,200,200,200
348302,0,30,1,2,0,1,10,2,0,0,0,7,18,0,6,0,12,0,0,200,200
348302,0,30,1,2,0,1,10,2,0,0,0,7,18,0,5,0,0,0,0,200,200
348302,1,30,1,2,0,1,10,2,0,0,0,7,18,1,5,0,200,200,200,200,200
348310,4,30,0,0,0,1,8,2,0,0,200,17,18,1,5,200,1,0,0,200,200
348310,0,30,0,0,0,1,8,2,0,0,200,17,18,1,7,200,0,0,0,200,200
348312,0,30,2,2,0,1,14,5,0,0,200,17,200,1,7,200,1,200,200,200,200
348312,0,30,2,2,0,1,14,5,0,0,200,17,200,0,6,0,0,0,0,200,200
348315,0,30,0,0,0,1,0,5,0,0,0,20,11,0,7,0,6,0,0,200,200
348315,0,30,0,0,0,1,0,5,0,0,0,20,11,0,6,0,0,0,0,200,200
348316,0,30,1,2,0,1,8,5,0,0,0,17,18,1,200,200,1,200,200,200,200
348316,4,30,1,2,0,1,8,5,0,0,0,17,18,1,6,200,0,0,0,200,200
348323,0,15,0,0,0,1,7,7,0,0,0,16,200,1,5,0,10,0,0,200,200
348325,0,30,1,2,0,1,12,2,0,0,0,0,200,0,200,200,4,200,200,200,200
348325,0,30,1,2,0,1,12,2,0,0,0,0,200,0,6,0,0,0,0,200,200
348328,0,15,0,0,0,1,7,7,0,0,0,0,0,0,6,200,6,200,200,200,200
348330,0,30,0,0,0,1,7,6,0,0,200,0,0,0,200,200,200,200,200,200,200
348331,0,0,1,2,0,1,10,2,0,0,0,18,1,0,200,200,3,200,200,200,200
348331,0,0,1,2,0,1,10,2,0,0,0,18,1,1,5,200,0,0,0,200,200
348337,0,35,0,0,0,1,14,6,0,0,0,16,200,1,200,200,3,200,200,200,200
348337,0,35,0,0,0,1,14,6,0,0,0,16,200,0,6,0,0,0,0,200,200
348337,1,35,0,0,0,1,14,6,0,0,0,16,200,1,6,0,200,200,200,200,200
348338,0,25,0,0,0,1,7,6,0,0,0,0,200,0,7,0,0,0,0,200,200
348340,0,20,0,0,0,1,7,6,0,0,0,0,200,2,200,200,200,200,200,200,200
348342,0,30,1,2,0,1,0,3,3,0,0,6,17,0,6,0,5,0,0,200,200
348342,0,30,1,2,0,1,0,3,3,0,0,6,17,0,5,0,0,0,0,200,200
348342,1,30,1,2,0,1,0,3,3,0,0,6,17,0,200,0,200,200,200,200,200
348342,1,30,1,2,0,1,0,3,3,0,0,6,17,1,6,0,200,200,200,200,200
348343,0,30,1,0,0,0,10,5,0,0,200,18,200,1,6,200,3,200,0,200,200
348343,0,30,1,0,0,0,10,5,0,0,200,18,200,0,6,0,0,0,0,200,200
348345,0,30,2,0,0,1,14,5,0,0,0,7,25,0,5,0,0,0,0,200,200
348345,0,30,2,0,0,1,14,5,0,0,0,7,25,1,5,0,1,0,0,200,200
348346,0,30,0,0,0,1,0,2,0,0,0,17,17,1,200,200,1,200,200,200,200
348346,0,30,0,0,0,1,0,2,0,0,0,17,17,0,5,0,0,0,0,200,200
348348,0,30,0,0,0,1,12,5,0,0,0,0,0,0,200,200,2,200,200,200,200
348348,0,30,0,0,0,1,12,5,0,0,0,0,0,0,6,0,0,0,0,200,200
348350,0,30,0,0,0,1,7,5,0,0,0,0,200,0,5,200,200,0,0,200,200
348351,0,30,0,0,0,1,0,6,0,0,200,0,200,1,200,200,1,200,200,200,200
348351,0,30,0,0,0,1,0,6,0,0,200,0,200,1,6,0,0,0,0,200,200
348354,0,30,1,2,0,1,10,2,0,0,0,0,200,1,200,200,200,0,200,200,200
348354,0,30,1,2,0,1,10,2,0,0,0,0,200,0,9,0,0,0,200,200,200
348354,0,30,1,2,0,1,10,2,0,0,0,0,200,0,200,200,200,200,200,200,200
348354,1,30,1,2,0,1,10,2,0,0,0,0,200,1,8,0,200,200,200,200,200
348354,1,30,1,2,0,1,10,2,0,0,0,0,200,0,200,200,200,200,200,200,200
348361,0,30,0,0,0,1,7,5,0,0,0,0,0,1,200,200,200,200,200,200,200
348365,0,30,1,2,0,1,12,5,0,0,0,0,200,1,6,200,12,200,200,200,200
348365,0,30,1,2,0,1,12,5,0,0,0,0,200,0,8,0,0,0,0,200,200
348365,1,30,1,2,0,1,12,5,0,0,0,0,200,1,8,0,200,200,200,200,200
348365,1,30,1,2,0,1,12,5,0,0,0,0,200,1,200,200,200,200,200,200,200
348367,0,20,0,0,0,1,7,7,0,0,0,20,0,1,6,0,6,0,0,200,200
348367,1,20,0,0,0,1,7,7,0,0,0,20,0,0,1,5,200,200,200,200,200
348367,1,20,0,0,0,1,7,7,0,0,0,20,0,0,1,5,200,200,200,200,200
348367,1,20,0,0,0,1,7,7,0,0,0,20,0,1,6,0,200,200,200,200,200
348367,1,20,0,0,0,1,7,7,0,0,0,20,0,0,3,0,200,200,200,200,200
348367,1,20,0,0,0,1,7,7,0,0,0,20,0,0,1,5,200,200,200,200,200
348367,1,20,0,0,0,1,7,7,0,0,0,20,0,0,1,5,200,200,200,200,200
348368,0,30,0,0,0,1,7,5,0,0,0,0,0,2,200,200,200,200,200,200,200
348371,0,30,3,2,0,1,10,7,0,0,0,11,0,0,5,200,6,200,200,200,200
348371,0,30,3,2,0,1,10,7,0,0,0,11,0,0,7,0,0,0,0,200,200
348372,0,25,0,0,0,1,3,2,0,0,0,0,0,1,200,200,1,200,200,200,200
348372,0,25,0,0,0,1,3,2,0,0,0,0,0,1,9,0,0,0,0,200,200
348373,0,15,2,2,2,1,7,6,0,0,0,16,0,1,5,0,200,0,0,200,200
348378,0,30,0,0,0,1,12,2,0,0,0,16,0,1,6,200,12,0,0,200,200
348378,0,30,0,0,0,1,12,2,0,0,0,16,0,0,7,200,12,0,0,200,200
348381,0,35,1,2,0,1,12,5,0,0,0,11,200,1,9,200,3,0,0,200,200
348381,0,35,1,2,0,1,12,5,0,0,0,11,200,0,8,200,0,0,0,200,200
348382,0,35,0,0,0,1,12,3,0,0,0,22,200,0,6,0,4,0,0,200,200
348382,0,35,0,0,0,1,12,3,0,0,0,22,200,0,6,0,0,0,0,200,200
348382,1,35,0,0,0,1,12,3,0,0,0,22,200,0,5,0,200,200,200,200,200
348387,0,25,0,0,0,1,5,4,0,0,0,200,200,1,7,200,12,12,0,200,200
348389,0,30,12,2,0,1,12,5,0,0,0,22,21,0,6,200,4,0,0,200,200
348389,0,30,12,2,0,1,12,5,0,0,0,22,21,0,0,200,0,0,0,200,200
348390,0,30,0,0,0,1,7,12,0,0,0,23,23,0,6,200,7,200,0,200,200
348393,0,35,1,2,0,1,14,5,0,0,0,22,0,2,200,200,200,200,200,200,200
348393,0,35,1,2,0,1,14,5,0,0,0,22,0,0,5,0,0,0,0,200,200
348395,0,30,1,2,0,1,10,5,0,0,0,200,200,0,5,0,0,0,0,200,200
348395,0,30,1,2,0,1,10,5,0,0,0,200,200,0,7,0,0,0,0,200,200
348399,0,30,0,0,0,1,7,5,0,0,0,32,200,0,6,0,12,0,5,0.27,200
348401,0,30,0,0,0,1,12,5,0,0,0,22,16,0,4,0,4,0,0,200,200
348401,0,30,0,0,0,1,12,5,0,0,0,22,16,0,6,0,0,0,0,200,200
348401,1,30,0,0,0,1,12,5,0,0,0,22,16,0,200,0,200,200,200,200,200
348404,0,30,1,2,0,1,12,5,0,0,0,22,200,1,8,0,2,0,0,200,200
348404,0,30,1,2,0,1,12,5,0,0,0,22,200,1,5,0,0,0,0,200,200
348404,0,30,1,2,0,1,12,5,0,0,0,22,200,1,7,0,0,0,0,200,200
348408,0,30,2,2,0,1,10,5,0,0,0,0,0,1,6,200,200,200,200,200,200
348408,0,30,2,2,0,1,10,5,0,0,0,0,0,0,6,0,0,0,0,200,200
348410,0,30,0,0,0,1,14,1,0,0,0,17,22,1,7,0,1,0,0,200,200
348410,0,30,0,0,0,1,14,1,0,0,0,17,22,0,7,0,0,0,0,200,200
348412,0,30,0,0,0,1,12,2,0,0,0,0,200,0,200,200,2,200,200,200,200
348412,0,30,0,0,0,1,12,2,0,0,0,0,200,1,6,7,0,0,0,200,200
348418,0,30,2,2,0,1,0,5,0,0,12,33,28,0,8,0,1,12,0,200,200
348418,0,30,2,2,0,1,0,5,0,0,12,33,28,0,8,0,0,0,0,200,200
348431,0,30,1,2,0,1,14,3,0,0,0,0,0,1,7,0,200,200,0,200,200
348431,0,30,1,2,0,1,14,3,0,0,0,0,0,0,7,0,0,200,0,200,200
348432,0,30,0,0,0,1,12,2,0,0,0,23,4,0,5,200,7,200,0,200,200
348432,0,30,0,0,0,1,12,2,0,0,0,23,4,1,0,0,0,200,0,200,200
348434,0,30,3,2,0,1,14,2,0,0,0,22,0,0,200,200,2,200,200,200,200
348434,0,30,3,2,0,1,14,2,0,0,0,22,0,1,6,0,0,0,0,200,200
348437,0,30,0,0,0,1,7,7,0,12,12,0,0,2,200,200,200,200,200,200,200
348442,0,40,1,2,0,1,12,3,0,0,0,17,17,1,6,0,200,0,0,200,200
348442,0,40,1,2,0,1,12,3,0,0,0,17,17,0,7,0,200,0,0,200,200
348446,0,30,0,0,0,1,12,5,0,0,0,0,0,1,5,0,4,200,0,200,200
348446,0,30,0,0,0,1,12,5,0,0,0,0,0,0,6,0,200,200,0,200,200
348447,0,20,0,0,0,1,7,7,0,0,0,0,0,2,200,200,12,200,200,200,200
348451,0,30,1,2,0,1,10,2,0,0,200,12,0,0,200,200,12,200,200,200,200
348451,0,30,1,2,0,1,10,2,0,0,200,12,0,1,6,0,0,0,0,200,200
348452,0,30,0,0,200,1,14,2,0,0,200,0,200,0,200,200,200,200,200,200,200
348452,0,30,0,0,200,1,14,2,0,0,200,0,200,0,6,200,200,200,200,200,200
348457,0,30,1,2,0,1,14,5,0,0,0,20,200,1,5,0,6,0,0,200,200
348457,0,30,1,2,0,1,14,5,0,0,0,20,200,0,6,0,0,0,0,200,200
348460,0,30,1,2,0,1,12,6,0,0,0,21,0,2,200,200,200,200,200,200,200
348460,0,30,1,2,0,1,12,6,0,0,0,21,0,1,6,0,0,0,0,200,200
348460,1,30,1,2,0,1,12,6,0,0,0,21,0,0,6,0,200,200,200,200,200
348460,1,30,1,2,0,1,12,6,0,0,0,21,0,1,4,0,200,200,200,200,200
348461,0,35,1,2,0,1,14,5,0,0,0,16,200,1,7,0,3,0,0,200,200
348461,0,35,1,2,0,1,14,5,0,0,0,16,200,0,6,0,0,0,0,200,200
348462,0,30,0,0,0,2,12,6,0,0,0,17,16,0,4,0,1,0,0,200,200
348462,0,30,0,0,0,2,12,6,0,0,0,17,16,1,6,200,0,0,0,200,200
348463,0,45,0,0,0,1,12,5,0,0,0,22,17,1,5,0,1,0,0,200,200
348463,0,45,0,0,0,1,12,5,0,0,0,22,17,1,5,0,0,0,0,200,200
348467,0,30,0,0,0,1,0,5,0,0,0,17,200,1,4,200,1,200,0,200,200
348467,0,30,0,0,0,1,0,5,0,0,0,17,200,1,3,200,12,200,0,200,200
348467,1,30,0,0,0,1,0,5,0,0,0,17,200,1,6,200,200,200,200,200,200
348467,1,30,0,0,0,1,0,5,0,0,0,17,200,1,0,200,200,200,200,200,200
348468,0,15,0,0,0,3,7,5,0,0,200,0,200,1,6,0,200,0,0,200,200
348472,0,15,2,2,0,1,14,6,0,0,0,22,200,1,200,200,2,200,200,200,200
348472,0,15,2,2,0,1,14,6,0,0,0,22,200,0,4,0,0,0,0,200,200
348479,0,30,0,0,0,1,7,5,0,0,0,0,200,0,200,200,200,200,200,200,200
348484,0,35,0,0,0,1,10,5,0,0,0,0,0,1,6,0,12,0,0,200,200
348484,0,35,0,0,0,1,10,5,0,0,0,0,0,1,7,0,0,0,0,200,200
348484,0,35,0,0,0,1,10,5,0,0,0,0,0,1,7,0,0,0,0,200,200
348484,1,35,0,0,0,1,10,5,0,0,0,0,0,0,2,5,200,200,200,200,200
348492,0,30,0,0,0,1,7,7,0,0,0,11,200,0,200,200,200,200,200,200,200
348496,0,30,0,0,0,1,5,200,0,0,0,200,200,1,7,0,0,0,0,200,200
348503,0,30,200,200,0,1,10,5,0,0,200,0,200,0,3,200,200,200,0,200,200
348503,0,30,200,200,0,1,10,5,0,0,200,0,200,1,6,200,200,200,0,200,200
348509,0,30,1,2,0,1,12,2,0,0,0,0,200,0,200,200,200,200,200,200,200
348509,0,30,1,2,0,1,12,2,0,0,0,0,200,1,6,0,0,0,0,200,200
348518,0,30,0,200,200,1,7,6,0,200,0,200,200,2,200,200,200,200,200,200,200
348530,0,30,200,200,0,1,8,2,0,0,0,0,0,0,200,200,200,200,200,200,200
348530,4,30,200,200,0,1,8,2,0,0,0,0,0,0,4,200,200,200,0,200,200
348531,0,0,1,2,0,1,10,2,0,0,0,18,0,1,6,200,3,0,0,200,200
348531,0,0,1,2,0,1,10,2,0,0,0,18,0,1,5,200,200,200,200,200,200
348532,0,30,1,2,0,4,10,3,0,0,0,7,7,1,5,200,0,0,0,200,200
348532,0,30,1,2,0,4,10,3,0,0,0,7,7,1,8,200,0,0,0,200,200
348532,0,30,1,2,0,4,10,3,0,0,0,7,7,1,6,200,0,0,0,200,200
348537,0,45,0,0,0,1,12,3,2,0,0,21,21,1,5,200,4,200,0,200,200
348537,0,45,0,0,0,1,12,3,2,0,0,21,21,0,7,200,0,200,0,200,200
348537,1,45,0,0,0,1,12,3,2,0,0,21,21,0,2,200,200,200,200,200,200
348543,0,30,0,0,0,1,8,2,0,0,0,0,200,0,7,200,12,0,0,200,200
348543,4,30,0,0,0,1,8,2,0,0,0,0,200,0,6,3,0,0,0,200,200
348547,0,30,0,0,0,1,10,2,0,0,0,18,18,0,200,200,1,200,200,200,200
348547,0,30,0,0,0,1,10,2,0,0,0,18,18,0,8,0,0,0,0,200,200
348550,0,25,1,2,0,1,8,5,0,0,0,17,200,0,200,200,1,200,200,200,200
348550,4,25,1,2,0,1,8,5,0,0,0,17,200,0,5,7,0,200,0,200,200
348551,0,30,0,0,0,1,10,5,0,0,0,18,200,0,200,200,3,200,200,200,200
348551,0,30,0,0,0,1,10,5,0,0,0,18,200,0,9,0,0,0,0,200,200
348558,0,30,0,0,0,1,10,5,0,0,0,200,200,1,200,200,0,200,200,200,200
348558,0,30,0,0,0,1,10,5,0,0,0,200,200,0,6,0,0,0,0,200,200
348560,0,15,0,0,200,200,2,12,0,200,0,0,0,1,8,0,200,0,0,200,200
348560,1,15,0,0,200,200,2,12,0,200,0,0,0,0,9,0,200,200,200,200,200
348568,0,30,1,2,0,1,12,5,0,0,200,18,22,2,200,200,3,200,200,200,200
348568,0,30,1,2,0,1,12,5,0,0,200,18,22,0,4,200,0,0,0,200,200
348570,0,5,0,0,0,1,7,12,0,0,0,0,16,0,6,0,4,0,5,200,200
348574,0,20,0,0,0,4,7,5,0,0,0,11,200,1,7,200,12,0,0,200,200
348574,1,20,0,0,0,4,7,5,0,0,0,11,200,0,6,7,200,200,200,200,200
348574,1,20,0,0,0,4,7,5,0,0,0,11,200,0,5,0,200,200,200,200,200
348580,0,30,0,0,0,1,12,5,0,0,0,0,0,0,6,200,4,0,0,200,200
348580,0,30,0,0,0,1,12,5,0,0,0,0,0,0,5,0,0,0,0,200,200
348583,0,30,0,0,0,1,14,5,0,0,0,23,200,0,6,0,7,0,1,200,200
348583,0,30,0,0,0,1,14,5,0,0,0,23,200,0,4,0,0,0,0,200,200
348583,1,30,0,0,0,1,14,5,0,0,0,23,200,1,3,0,200,200,200,200,200
348586,0,30,2,2,0,1,0,5,0,0,0,17,11,1,6,0,0,0,0,200,200
348586,0,30,2,2,0,1,0,5,0,0,0,17,11,0,5,0,1,0,0,200,200
348586,1,30,2,2,0,1,0,5,0,0,0,17,11,1,4,0,200,200,200,200,200
348587,0,30,1,2,0,3,10,2,0,0,0,18,0,0,200,0,3,0,0,200,200
348587,0,30,1,2,0,3,10,2,0,0,0,18,0,1,6,0,12,0,0,200,200
348590,0,30,7,5,0,1,10,5,0,0,0,20,0,0,200,200,6,0,0,200,200
348590,0,30,7,5,0,1,10,5,0,0,0,20,0,1,5,200,0,0,0,200,200
348590,1,30,7,5,0,1,10,5,0,0,0,20,0,0,5,200,200,200,200,200,200
348590,1,30,7,5,0,1,10,5,0,0,0,20,0,0,200,200,200,200,200,200,200
348590,1,30,7,5,0,1,10,5,0,0,0,20,0,1,0,200,200,200,200,200,200
348592,0,10,0,0,0,1,7,7,0,0,0,15,25,1,200,200,12,200,200,200,200
348593,0,30,0,0,0,1,0,2,0,0,200,17,0,1,200,200,1,200,200,200,200
348593,0,30,0,0,0,1,0,2,0,0,200,17,0,0,8,0,0,0,0,200,200
348593,1,30,0,0,0,1,0,2,0,0,200,17,0,1,4,0,200,200,200,200,200
348597,0,15,0,0,0,4,2,0,0,0,0,33,0,0,6,0,6,2,0,200,200
348598,0,30,1,2,0,1,10,5,0,0,0,18,200,0,6,200,3,0,0,200,200
348598,0,30,1,2,0,1,10,5,0,0,0,18,200,1,5,0,0,0,0,200,200
348598,1,30,1,2,0,1,10,5,0,0,0,18,200,0,200,0,200,200,200,200,200
348599,0,30,2,2,0,1,8,12,0,0,0,5,0,1,5,0,5,1,0,200,200
348599,4,30,2,2,0,1,8,12,0,0,0,5,0,0,5,2,12,0,0,200,200
348601,0,30,0,0,0,1,7,5,0,0,0,11,0,0,6,0,12,0,0,200,200
348605,0,30,0,0,0,4,12,5,0,0,0,0,200,0,5,0,12,0,0,200,200
348605,0,30,0,0,0,4,12,5,0,0,0,0,200,1,5,0,12,0,0,200,200
348605,1,30,0,0,0,4,12,5,0,0,0,0,200,0,1,0,200,200,200,200,200
348605,1,30,0,0,0,4,12,5,0,0,0,0,200,0,0,5,200,200,200,200,200
348618,0,30,0,0,0,4,14,3,0,0,0,33,200,0,5,0,200,12,0,200,200
348618,0,30,0,0,0,4,14,3,0,0,0,33,200,0,6,0,200,200,0,200,200
348622,0,25,2,2,0,1,0,5,0,0,0,17,11,1,5,200,1,200,0,200,200
348622,0,25,2,2,0,1,0,5,0,0,0,17,11,0,7,200,0,200,0,200,200
348622,1,25,2,2,0,1,0,5,0,0,0,17,11,1,5,200,200,200,200,200,200
348622,1,25,2,2,0,1,0,5,0,0,0,17,11,0,5,200,200,200,200,200,200
348624,0,30,0,0,0,1,9,6,0,0,0,16,16,0,5,7,3,0,0,200,200
348624,5,30,0,0,0,1,9,6,0,0,0,16,16,0,7,200,0,0,0,200,200
348627,0,30,0,0,0,4,7,5,0,0,0,200,0,0,5,0,12,0,0,200,200
348639,0,55,0,0,0,2,12,6,0,0,0,0,0,2,200,200,9,200,200,200,200
348639,0,55,0,0,0,2,12,6,0,0,0,0,0,0,5,0,0,0,0,200,200
348647,0,30,0,0,0,4,14,5,0,0,0,22,200,0,200,200,2,200,200,200,200
348647,0,30,0,0,0,4,14,5,0,0,0,22,200,1,8,0,0,0,0,200,200
348652,0,30,0,0,0,1,11,5,0,0,0,21,200,1,200,200,200,200,200,200,200
348652,0,30,0,0,0,1,11,5,0,0,0,21,200,0,5,0,0,0,0,200,200
348654,0,30,1,2,0,3,10,5,0,0,0,18,0,0,5,0,3,0,0,200,200
348654,0,30,1,2,0,3,10,5,0,0,0,18,0,0,8,0,0,0,0,200,200
348654,1,30,1,2,0,3,10,5,0,0,0,18,0,1,8,0,200,200,200,200,200
348657,4,30,0,0,0,3,8,5,0,0,0,0,200,0,6,2,0,0,0,200,200
348658,0,30,200,200,0,3,9,5,0,0,200,200,200,1,6,200,200,200,200,200,200
348658,5,30,200,200,0,3,9,5,0,0,200,200,200,0,2,200,200,200,7,200,200
348658,1,30,200,200,0,3,9,5,0,0,200,200,200,0,200,200,200,200,200,200,200
348658,1,30,200,200,0,3,9,5,0,0,200,200,200,1,200,200,200,200,200,200,200
348663,0,30,1,2,0,1,9,5,0,0,0,27,200,0,5,200,1,0,2,200,200
348663,5,30,1,2,0,1,9,5,0,0,0,27,200,1,7,7,0,200,7,200,200
348664,0,30,0,0,0,2,7,6,0,0,0,200,200,2,200,200,200,200,200,200,200
348674,0,20,0,0,0,1,7,2,0,0,3,20,11,0,200,200,6,200,200,200,200
348683,5,25,0,0,0,3,9,6,0,0,0,0,0,0,0,0,1,5,0,200,200
348683,0,25,0,0,0,3,9,6,0,0,0,0,0,1,6,0,0,5,0,200,200
348683,1,25,0,0,0,3,9,6,0,0,0,0,0,0,4,0,200,200,200,200,200
348690,0,35,1,2,0,3,14,5,2,0,0,0,0,0,200,200,7,200,200,200,200
348690,0,35,1,2,0,3,14,5,2,0,0,0,0,0,5,0,0,0,0,200,200
348690,1,35,1,2,0,3,14,5,2,0,0,0,0,0,4,0,200,200,200,200,200
348691,0,30,1,2,0,1,7,5,0,0,0,22,22,0,5,7,2,0,0,200,200
348692,0,30,0,0,0,0,7,5,0,0,0,0,0,0,200,0,10,0,0,200,200
348693,0,30,0,0,0,3,7,2,0,0,0,16,0,2,200,200,200,200,200,200,200
348694,0,35,1,2,0,4,0,2,0,0,0,0,0,1,4,0,0,0,0,200,200
348694,0,35,1,2,0,4,0,2,0,0,0,0,0,0,200,200,1,0,0,200,200
348702,0,30,1,2,0,3,9,5,0,0,0,16,17,0,7,200,1,5,200,200,200
348702,5,30,1,2,0,3,9,5,0,0,0,16,17,1,7,7,200,0,0,200,200
348705,0,30,0,0,0,4,2,5,0,0,1,29,0,0,0,0,12,0,0,200,200
348706,0,30,1,2,0,3,12,1,0,0,0,0,0,0,5,200,4,200,200,200,200
348706,0,30,1,2,0,3,12,1,0,0,0,0,0,0,8,0,0,0,0,200,200
348708,0,30,0,0,0,3,7,5,0,0,0,0,200,0,7,200,200,0,0,200,200
348708,1,30,0,0,0,3,7,5,0,0,0,0,200,1,6,200,200,200,200,200,200
348708,1,30,0,0,0,3,7,5,0,0,0,0,200,0,6,200,200,200,200,200,200
348709,0,35,0,0,0,0,10,3,0,0,0,0,0,0,5,0,200,0,0,200,200
348709,0,35,0,0,0,0,10,3,0,0,0,0,0,1,6,0,0,0,0,200,200
348709,1,35,0,0,0,0,10,3,0,0,0,0,0,1,4,0,200,200,200,200,200
348711,0,25,2,2,0,3,14,5,0,0,0,23,200,0,5,200,7,0,0,200,200
348711,0,25,2,2,0,3,14,5,0,0,0,23,200,1,5,200,0,0,0,200,200
348723,0,25,0,0,0,0,2,0,0,0,200,25,14,0,4,200,13,200,200,200,200
348723,1,25,0,0,0,0,2,0,0,0,200,25,14,0,5,200,200,200,200,200,200
348723,1,25,0,0,0,0,2,0,0,0,200,25,14,0,5,200,200,200,200,200,200
348731,0,30,1,2,0,0,10,2,0,0,0,18,0,0,200,0,3,0,0,200,200
348731,0,30,1,2,0,0,10,2,0,0,0,18,0,1,6,0,0,0,0,200,200
348733,0,30,0,0,0,3,10,5,0,0,200,18,0,1,3,0,3,0,0,200,200
348733,0,30,0,0,0,3,10,5,0,0,200,18,0,1,4,200,0,200,200,200,200
348733,1,30,0,0,0,3,10,5,0,0,200,18,0,0,4,0,200,200,200,200,200
348741,0,30,0,0,0,3,10,5,0,0,0,0,200,1,7,0,0,0,0,200,200
348741,0,30,0,0,0,3,10,5,0,0,0,0,200,1,7,0,0,0,0,200,200
348741,1,30,0,0,0,3,10,5,0,0,0,0,200,0,200,0,200,200,200,200,200
348748,0,30,1,2,0,3,12,5,0,0,0,21,0,0,6,0,5,0,0,200,200
348748,0,30,1,2,0,3,12,5,0,0,0,21,0,1,5,0,200,0,0,200,200
348752,0,30,0,0,0,3,7,6,0,0,0,32,0,1,7,200,200,200,3,200,200
348756,0,30,0,0,0,1,7,2,0,0,0,0,200,1,6,0,10,200,200,200,200
348756,1,30,0,0,0,1,7,2,0,0,0,0,200,0,200,0,200,200,200,200,200
348756,1,30,0,0,0,1,7,2,0,0,0,0,200,2,200,0,200,200,200,200,200
348756,1,30,0,0,0,1,7,2,0,0,0,0,200,2,200,0,200,200,200,200,200
348756,1,30,0,0,0,1,7,2,0,0,0,0,200,1,6,0,200,200,200,200,200
348756,1,30,0,0,0,1,7,2,0,0,0,0,200,0,200,0,200,200,200,200,200
348757,0,30,1,2,0,3,10,3,0,0,0,0,0,1,200,200,200,200,200,200,200
348757,0,30,1,2,0,3,10,3,0,0,0,0,0,0,7,0,0,0,0,200,200
348758,0,30,1,2,0,3,0,2,0,0,0,6,16,0,7,200,5,200,200,200,200
348758,0,30,1,2,0,3,0,2,0,0,0,6,16,1,6,0,200,200,200,200,200
348758,0,30,1,2,0,3,0,2,0,0,0,6,16,1,7,0,0,200,200,200,200
348758,1,30,1,2,0,3,0,2,0,0,0,6,16,1,0,200,200,200,200,200,200
348758,1,30,1,2,0,3,0,2,0,0,0,6,16,0,6,0,200,200,200,200,200
348761,0,30,1,2,0,3,14,3,0,0,0,23,21,1,5,0,7,0,0,200,200
348761,0,30,1,2,0,3,14,3,0,0,0,23,21,1,5,0,0,0,0,200,200
348761,1,30,1,2,0,3,14,3,0,0,0,23,21,0,5,200,200,200,200,200,200
348769,4,35,1,2,0,3,8,5,0,0,0,6,200,0,200,200,5,0,0,200,200
348769,0,35,1,2,0,3,8,5,0,0,0,6,200,0,6,0,0,0,0,200,200
348772,0,30,0,0,0,3,12,2,0,0,0,22,200,1,5,200,4,200,0,200,200
348772,0,30,0,0,0,3,12,2,0,0,0,22,200,0,6,200,0,200,0,200,200
348777,0,30,2,2,0,3,0,5,0,0,0,14,22,2,200,200,8,200,200,200,200
348777,0,30,2,2,0,3,0,5,0,0,0,14,22,1,5,0,0,0,0,200,200
348777,1,30,2,2,0,3,0,5,0,0,0,14,22,0,5,0,200,200,200,200,200
348780,0,30,2,2,0,1,14,2,0,0,0,23,0,1,7,200,7,200,200,200,200
348780,0,30,2,2,0,1,14,2,0,0,0,23,0,1,6,0,0,200,200,200,200
348781,0,30,2,2,0,3,0,6,0,0,200,0,0,1,5,200,200,200,200,200,200
348781,0,30,2,2,0,3,0,6,0,0,200,0,0,0,200,0,0,200,0,200,200
348781,1,30,2,2,0,3,0,6,0,0,200,0,0,0,3,200,200,200,200,200,200
348781,1,30,2,2,0,3,0,6,0,0,200,0,0,1,200,0,200,200,200,200,200
348784,0,30,1,2,0,3,2,3,0,0,12,16,0,1,7,0,12,200,0,200,200
348789,0,30,1,200,200,200,10,5,0,200,200,0,0,0,1,200,200,200,0,200,200
348789,0,30,1,200,200,200,10,5,0,200,200,0,0,0,7,0,0,0,0,200,200