RD_NO,PERSON_TYPE,POSTED_SPEED_LIMIT,TRAFFIC_CONTROL_DEVICE,DEVICE_CONDITION,WEATHER_CONDITION,LIGHTING_CONDITION,FIRST_CRASH_TYPE,TRAFFICWAY_TYPE,ALIGNMENT,ROADWAY_SURFACE_COND,ROAD_DEFECT,PRIM_CONTRIBUTORY_CAUSE,SEC_CONTRIBUTORY_CAUSE,SEX,AGE,SAFETY_EQUIPMENT,DRIVER_ACTION,DRIVER_VISION,PHYSICAL_CONDITION,BAC_RESULT VALUE,CELL_PHONE_USE
348789,1,30,1,200,200,200,10,5,0,200,200,0,0,1,7,0,200,200,200,200,200
348800,0,30,1,2,0,3,14,2,0,0,0,23,16,0,6,0,200,0,0,200,200
348800,0,30,1,2,0,3,14,2,0,0,0,23,16,0,5,0,200,0,0,200,200
348800,1,30,1,2,0,3,14,2,0,0,0,23,16,1,5,0,200,200,200,200,200
348800,1,30,1,2,0,3,14,2,0,0,0,23,16,0,6,0,200,200,200,200,200
348801,0,30,0,0,0,0,12,5,0,0,0,22,21,2,200,200,200,200,200,200,200
348801,0,30,0,0,0,0,12,5,0,0,0,22,21,0,6,0,0,0,0,200,200
348814,0,30,0,0,0,3,3,5,0,0,0,0,0,1,200,200,200,200,200,200,200
348814,0,30,0,0,0,3,3,5,0,0,0,0,0,0,5,3,0,0,0,200,200
348814,1,30,0,0,0,3,3,5,0,0,0,0,0,0,200,200,200,200,200,200,200
348818,0,25,0,0,0,3,10,6,0,0,0,18,0,0,5,0,3,0,0,200,200
348818,0,25,0,0,0,3,10,6,0,0,0,18,0,0,7,0,0,0,0,200,200
348831,0,30,1,2,0,3,0,2,0,0,200,6,6,1,7,0,5,0,200,200,200
348831,0,30,1,2,0,3,0,2,0,0,200,6,6,1,5,0,200,0,0,200,200
348831,1,30,1,2,0,3,0,2,0,0,200,6,6,0,6,0,200,200,200,200,200
348832,0,30,1,2,0,3,12,1,0,0,0,21,200,0,200,200,4,200,200,200,200
348832,0,30,1,2,0,3,12,1,0,0,0,21,200,1,6,200,0,200,0,200,200
348841,0,30,200,200,200,3,7,2,0,200,200,0,0,0,7,200,200,200,200,200,200
348844,0,30,3,2,0,3,10,5,0,0,200,18,7,0,5,200,3,0,0,200,200
348844,0,30,3,2,0,3,10,5,0,0,200,18,7,0,7,200,12,0,0,200,200
348845,0,30,2,2,0,3,0,2,0,0,0,17,200,0,7,0,1,0,0,200,200
348845,0,30,2,2,0,3,0,2,0,0,0,17,200,0,6,0,0,0,0,200,200
348845,1,30,2,2,0,3,0,2,0,0,0,17,200,0,5,1,200,200,200,200,200
348845,1,30,2,2,0,3,0,2,0,0,0,17,200,1,5,1,200,200,200,200,200
348845,1,30,2,2,0,3,0,2,0,0,0,17,200,1,6,1,200,200,200,200,200
348845,1,30,2,2,0,3,0,2,0,0,0,17,200,1,7,1,200,200,200,200,200
348849,0,30,1,2,0,3,10,5,0,0,0,16,12,0,5,0,12,0,0,200,200
348849,0,30,1,2,0,3,10,5,0,0,0,16,12,0,6,0,0,0,0,200,200
348853,0,30,3,2,0,3,10,2,0,0,200,18,200,2,200,200,3,200,200,200,200
348853,0,30,3,2,0,3,10,2,0,0,200,18,200,1,6,0,0,0,0,200,200
348860,0,30,0,0,0,3,12,5,0,0,0,0,0,0,200,200,200,200,200,200,200
348860,0,30,0,0,0,3,12,5,0,0,0,0,0,0,0,0,0,0,0,200,200
348860,1,30,0,0,0,3,12,5,0,0,0,0,0,2,200,200,200,200,200,200,200
348860,1,30,0,0,0,3,12,5,0,0,0,0,0,2,200,200,200,200,200,200,200
348861,0,30,1,2,0,3,0,5,0,0,0,6,200,0,5,200,5,200,200,200,200
348861,0,30,1,2,0,3,0,5,0,0,0,6,200,0,6,200,0,200,0,200,200
348862,4,30,1,2,0,3,8,5,0,0,0,11,11,0,5,200,12,200,200,200,200
348862,0,30,1,2,0,3,8,5,0,0,0,11,11,0,6,200,12,0,0,200,200
348867,0,30,1,2,0,3,0,3,0,0,0,0,200,0,7,200,1,200,0,200,200
348867,0,30,1,2,0,3,0,3,0,0,0,0,200,0,5,0,0,0,0,200,200
348867,1,30,1,2,0,3,0,3,0,0,0,0,200,1,200,0,200,200,200,200,200
348871,0,30,0,200,0,2,7,2,0,0,200,0,0,0,6,200,200,200,200,200,200
348874,0,30,0,0,0,3,14,5,0,0,0,17,0,0,5,200,1,5,0,200,200
348874,0,30,0,0,0,3,14,5,0,0,0,17,0,0,4,200,0,0,0,200,200
348874,1,30,0,0,0,3,14,5,0,0,0,17,0,0,5,200,200,200,200,200,200
348881,0,45,0,0,0,3,10,3,0,0,200,18,0,1,5,200,3,200,200,200,200
348881,0,45,0,0,0,3,10,3,0,0,200,18,0,1,5,0,0,0,0,200,200
348887,0,30,1,2,0,3,14,5,0,0,0,23,6,1,0,200,7,0,0,200,200
348887,0,30,1,2,0,3,14,5,0,0,0,23,6,1,4,0,0,0,0,200,200
348887,0,30,1,2,0,3,14,5,0,0,0,23,6,1,5,200,0,0,0,200,200
348887,1,30,1,2,0,3,14,5,0,0,0,23,6,1,5,200,200,200,200,200,200
348887,1,30,1,2,0,3,14,5,0,0,0,23,6,0,5,0,200,200,200,200,200
348887,1,30,1,2,0,3,14,5,0,0,0,23,6,1,5,200,200,200,200,200,200
348889,0,30,1,2,0,3,10,5,0,0,0,0,0,0,6,200,200,200,200,200,200
348889,0,30,1,2,0,3,10,5,0,0,0,0,0,0,4,200,0,0,0,200,200
348889,0,30,1,2,0,3,10,5,0,0,0,0,0,0,4,200,0,0,0,200,200
348891,0,30,0,0,0,3,7,5,0,0,0,16,200,2,200,200,8,200,200,200,200
348893,0,30,2,2,0,3,0,5,0,0,0,17,17,2,200,200,1,200,200,200,200
348893,0,30,2,2,0,3,0,5,0,0,0,17,17,0,8,0,0,0,0,200,200
348895,0,30,1,200,0,3,12,12,0,0,0,17,31,0,5,0,1,200,0,200,200
348895,0,30,1,200,0,3,12,12,0,0,0,17,31,1,7,0,200,200,0,200,200
348897,0,35,0,0,0,3,2,7,0,0,0,32,16,0,6,0,12,200,5,200,200
348907,0,30,1,2,0,3,12,5,0,0,0,0,0,1,200,200,4,200,200,200,200
348907,0,30,1,2,0,3,12,5,0,0,0,0,0,1,6,200,0,0,0,200,200
348907,1,30,1,2,0,3,12,5,0,0,0,0,0,0,6,200,200,200,200,200,200
348907,1,30,1,2,0,3,12,5,0,0,0,0,0,1,3,200,200,200,200,200,200
348907,1,30,1,2,0,3,12,5,0,0,0,0,0,0,2,200,200,200,200,200,200
348907,1,30,1,2,0,3,12,5,0,0,0,0,0,1,2,200,200,200,200,200,200
348908,0,25,1,2,0,3,0,5,0,0,4,6,200,1,4,0,5,0,0,200,200
348908,0,25,1,2,0,3,0,5,0,0,4,6,200,1,4,0,0,0,0,200,200
348908,1,25,1,2,0,3,0,5,0,0,4,6,200,1,4,0,200,200,200,200,200
348908,1,25,1,2,0,3,0,5,0,0,4,6,200,1,0,0,200,200,200,200,200
348913,0,30,0,0,0,3,14,5,0,0,0,23,21,1,5,0,7,0,0,200,200
348913,0,30,0,0,0,3,14,5,0,0,0,23,21,0,5,0,0,0,0,200,200
348913,1,30,0,0,0,3,14,5,0,0,0,23,21,200,5,0,200,200,200,200,200
348920,0,10,0,0,0,3,7,7,0,0,0,200,200,2,200,200,12,200,200,200,200
348928,0,25,0,0,0,3,10,5,0,0,0,18,200,0,5,0,3,200,0,200,200
348928,0,25,0,0,0,3,10,5,0,0,0,18,200,0,6,7,0,200,0,200,200
348929,0,30,0,0,0,0,12,5,0,0,0,23,0,0,5,0,4,0,0,200,200
348929,0,30,0,0,0,0,12,5,0,0,0,23,0,0,5,0,0,0,0,200,200
348929,1,30,0,0,0,0,12,5,0,0,0,23,0,1,5,0,200,200,200,200,200
348935,0,30,3,2,0,3,3,2,0,0,0,21,16,0,200,200,4,200,200,200,200
348935,0,30,3,2,0,3,3,2,0,0,0,21,16,0,6,0,15,0,0,200,200
348942,0,30,3,2,0,3,12,6,0,0,0,16,22,0,200,200,12,200,200,200,200
348942,0,30,3,2,0,3,12,6,0,0,0,16,22,0,5,200,0,0,0,200,200
348942,1,30,3,2,0,3,12,6,0,0,0,16,22,0,200,200,200,200,200,200,200
348942,1,30,3,2,0,3,12,6,0,0,0,16,22,1,200,200,200,200,200,200,200
348947,0,45,0,0,0,3,2,3,3,0,0,0,200,1,5,0,8,0,0,200,200
348947,1,45,0,0,0,3,2,3,3,0,0,0,200,0,4,0,200,200,200,200,200
348949,0,30,2,2,0,3,10,12,0,0,0,22,12,0,5,0,3,0,2,200,200
348949,0,30,2,2,0,3,10,12,0,0,0,22,12,0,6,0,0,0,0,200,200
348949,1,30,2,2,0,3,10,12,0,0,0,22,12,1,6,0,200,200,200,200,200
348956,0,30,1,2,0,3,10,5,0,0,0,0,0,1,5,200,3,0,0,200,200
348956,0,30,1,2,0,3,10,5,0,0,0,0,0,0,6,0,0,0,0,200,200
348964,0,30,0,0,0,3,7,5,0,0,0,32,16,0,5,200,6,0,5,0.08,200
348968,0,30,12,200,0,3,10,5,0,0,200,19,19,0,200,200,6,200,200,200,200
348968,0,30,12,200,0,3,10,5,0,0,200,19,19,1,6,200,0,200,200,200,200
348972,0,30,0,0,0,3,7,2,0,0,0,0,200,2,200,200,200,200,200,200,200
348972,1,30,0,0,0,3,7,2,0,0,0,0,200,2,200,200,200,200,200,200,200
348975,0,30,0,0,0,3,7,2,0,0,0,21,200,0,4,200,4,0,0,200,200
348989,0,30,0,0,0,3,7,5,0,0,0,16,0,1,5,0,8,0,0,200,200
348997,0,30,0,0,0,3,7,5,0,0,200,7,200,0,7,0,12,200,0,200,200
348997,1,30,0,0,0,3,7,5,0,0,200,7,200,1,200,200,200,200,200,200,200
349012,0,30,200,200,0,2,8,2,0,0,200,0,0,2,200,200,200,200,200,200,200
349012,4,30,200,200,0,2,8,2,0,0,200,0,0,0,6,200,200,200,200,200,200
349020,0,25,2,2,0,3,12,2,0,0,0,22,22,1,200,200,2,200,200,200,200
349020,0,25,2,2,0,3,12,2,0,0,0,22,22,0,7,0,0,0,0,200,200
349020,1,25,2,2,0,3,12,2,0,0,0,22,22,1,6,0,200,200,200,200,200
349028,0,30,0,0,0,3,7,5,0,0,0,0,200,0,200,200,200,200,200,200,200
349034,0,30,0,0,2,3,7,5,0,1,0,20,0,0,200,200,6,200,200,200,200
349045,0,30,0,0,0,3,2,5,2,0,0,0,0,1,5,200,8,200,200,200,200
349047,0,30,0,0,0,3,7,5,0,0,0,0,200,0,6,200,200,0,200,200,200
349047,1,30,0,0,0,3,7,5,0,0,0,0,200,0,6,200,200,200,200,200,200
349054,0,30,1,2,2,2,0,6,0,1,0,6,0,0,200,200,12,200,200,200,200
349054,0,30,1,2,2,2,0,6,0,1,0,6,0,0,7,0,12,0,0,200,200
349057,0,30,0,0,0,2,7,5,0,0,0,19,19,1,6,200,200,200,5,200,200
349065,0,30,200,200,0,200,9,3,0,200,200,200,200,2,200,200,200,200,200,200,200
349065,5,30,200,200,0,200,9,3,0,200,200,200,200,1,5,7,200,200,200,200,200
349066,0,25,0,0,2,2,7,6,0,1,0,0,0,2,200,200,200,200,200,200,200
349072,0,30,0,0,0,1,7,6,0,0,0,27,200,0,5,200,12,0,2,200,200
349073,0,30,0,0,2,1,10,5,0,1,0,18,16,1,5,200,3,0,0,200,200
349073,0,30,0,0,2,1,10,5,0,1,0,18,16,1,6,200,0,0,0,200,200
349084,0,35,0,2,1,2,10,5,0,0,0,25,200,1,5,0,12,0,0,200,200
349084,0,35,0,2,1,2,10,5,0,0,0,25,200,0,6,0,0,0,0,200,200
349090,0,30,0,0,2,1,3,5,0,1,0,10,16,0,6,0,9,0,0,200,200
349090,0,30,0,0,2,1,3,5,0,1,0,10,16,0,7,0,0,0,0,200,200
349090,1,30,0,0,2,1,3,5,0,1,0,10,16,0,6,0,200,200,200,200,200
349090,1,30,0,0,2,1,3,5,0,1,0,10,16,0,7,0,200,200,200,200,200
349092,0,30,0,0,2,1,12,6,0,1,0,21,200,0,6,0,4,0,0,200,200
349092,0,30,0,0,2,1,12,6,0,1,0,21,200,1,5,0,0,0,0,200,200
349097,0,15,0,0,2,2,2,0,0,1,0,0,0,2,200,200,200,200,200,200,200
349110,0,25,1,2,2,1,10,5,0,1,0,18,200,0,6,0,8,0,0,200,200
349110,0,25,1,2,2,1,10,5,0,1,0,18,200,0,7,0,0,0,0,200,200
349115,0,35,0,0,2,1,0,5,0,1,0,17,17,0,200,200,1,200,200,200,200
349115,0,35,0,0,2,1,0,5,0,1,0,17,17,1,5,200,0,0,0,200,200
349116,0,30,0,0,2,4,0,5,0,1,0,23,200,1,5,0,0,4,0,200,200
349116,0,30,0,0,2,4,0,5,0,1,0,23,200,0,7,0,0,0,0,200,200
349118,0,30,0,0,0,0,14,5,0,0,2,0,0,1,200,200,1,0,0,200,200
349118,0,30,0,0,0,0,14,5,0,0,2,0,0,0,8,0,0,0,0,200,200
349120,0,20,2,2,2,1,10,5,0,1,0,18,34,0,7,0,8,0,0,200,200
349120,0,20,2,2,2,1,10,5,0,1,0,18,34,0,7,0,0,0,0,200,200
349122,0,30,1,2,2,1,10,5,0,1,200,16,18,0,200,200,3,200,200,200,200
349122,0,30,1,2,2,1,10,5,0,1,200,16,18,1,7,0,0,0,0,200,200
349122,1,30,1,2,2,1,10,5,0,1,200,16,18,0,6,0,200,200,200,200,200
349122,1,30,1,2,2,1,10,5,0,1,200,16,18,0,6,0,200,200,200,200,200
349141,0,30,1,2,2,1,14,6,0,1,0,23,17,1,5,0,1,0,0,200,200
349141,0,30,1,2,2,1,14,6,0,1,0,23,17,1,4,0,0,0,0,200,200
349142,0,10,0,0,2,1,7,7,0,1,0,200,16,0,200,200,10,200,200,200,200
349143,0,30,0,0,2,1,0,5,0,1,0,0,0,0,6,0,1,0,0,200,200
349143,0,30,0,0,2,1,0,5,0,1,0,0,0,0,6,0,200,0,0,200,200
349148,0,35,1,2,2,1,14,2,5,1,0,16,34,0,3,0,8,0,0,200,200
349148,0,35,1,2,2,1,14,2,5,1,0,16,34,0,9,0,0,0,0,200,200
349156,0,30,0,0,2,1,14,2,0,1,0,18,34,0,6,0,3,0,0,200,200
349156,0,30,0,0,2,1,14,2,0,1,0,18,34,0,6,0,0,0,0,200,200
349157,0,20,2,2,200,200,7,2,0,200,0,18,18,2,200,200,3,200,200,200,200
349158,0,30,0,0,2,1,10,2,0,1,0,18,200,0,7,0,3,0,0,200,200
349158,0,30,0,0,2,1,10,2,0,1,0,18,200,1,5,0,0,0,0,200,200
349158,0,30,0,0,2,1,10,2,0,1,0,18,200,1,6,0,0,0,0,200,200
349158,1,30,0,0,2,1,10,2,0,1,0,18,200,1,6,0,200,200,200,200,200
349159,0,30,0,0,2,1,7,7,0,1,0,0,200,0,5,0,6,0,0,200,200
349159,1,30,0,0,2,1,7,7,0,1,0,0,200,1,200,200,200,200,200,200,200
349163,0,30,1,2,0,1,14,2,0,0,0,23,0,1,200,200,4,200,200,200,200
349163,0,30,1,2,0,1,14,2,0,0,0,23,0,1,6,0,0,0,0,200,200
349164,0,0,0,0,0,1,7,6,0,0,0,200,200,2,200,200,200,200,200,200,200
349165,0,35,0,0,2,1,0,3,0,1,0,17,200,0,6,200,1,5,0,200,200
349165,0,35,0,0,2,1,0,3,0,1,0,17,200,0,6,200,0,5,0,200,200
349168,0,0,0,0,0,1,7,7,0,0,0,21,21,1,200,0,4,0,0,200,200
349174,0,30,0,0,0,1,0,5,0,0,0,20,0,1,6,0,6,200,12,200,200
349174,0,30,0,0,0,1,0,5,0,0,0,20,0,0,9,0,0,0,0,200,200
349178,0,30,1,2,2,1,0,5,0,1,0,6,7,1,5,0,5,0,0,200,200
349178,0,30,1,2,2,1,0,5,0,1,0,6,7,0,6,1,200,0,0,200,200
349178,1,30,1,2,2,1,0,5,0,1,0,6,7,1,4,0,200,200,200,200,200
349178,1,30,1,2,2,1,0,5,0,1,0,6,7,0,5,0,200,200,200,200,200
349181,0,30,0,0,2,1,7,2,0,1,0,0,0,0,200,200,200,200,200,200,200
349182,4,35,0,0,2,1,8,5,0,1,0,200,200,0,5,3,0,0,0,200,200
349187,5,30,11,2,0,1,13,6,0,0,0,19,0,0,6,7,12,12,6,200,200
349187,0,30,11,2,0,1,13,6,0,0,0,19,0,2,200,200,0,0,0,200,200
349191,0,30,1,2,2,1,10,5,0,1,0,0,0,0,200,200,3,200,200,200,200
349191,0,30,1,2,2,1,10,5,0,1,0,0,0,0,5,0,0,0,0,200,200
349191,1,30,1,2,2,1,10,5,0,1,0,0,0,1,7,0,200,200,200,200,200
349192,0,30,0,0,0,1,7,6,0,0,0,17,18,0,200,200,200,200,200,200,200
349193,0,30,1,2,2,1,0,2,0,1,0,17,200,0,8,200,1,200,0,200,200
349193,0,30,1,2,2,1,0,2,0,1,0,17,200,1,5,0,0,200,0,200,200
349196,0,30,1,2,2,1,10,5,0,1,0,18,0,0,6,200,3,200,200,200,200
349196,0,30,1,2,2,1,10,5,0,1,0,18,0,1,6,0,0,0,0,200,200
349196,1,30,1,2,2,1,10,5,0,1,0,18,0,1,2,0,200,200,200,200,200
349197,0,30,1,2,2,1,10,2,0,1,0,16,0,2,200,200,1,200,200,200,200
349197,0,30,1,2,2,1,10,2,0,1,0,16,0,1,6,200,0,0,0,200,200
349198,0,25,0,0,2,1,2,3,0,1,0,14,11,0,8,0,8,0,0,200,200
349213,0,35,0,0,2,1,7,5,0,1,0,0,200,1,9,0,0,0,0,200,200
349214,0,30,0,0,1,1,7,5,0,1,200,0,0,0,200,200,200,200,200,200,200
349218,0,30,1,2,2,1,14,2,0,1,0,17,0,0,5,0,1,0,0,200,200
349218,0,30,1,2,2,1,14,2,0,1,0,17,0,0,5,0,0,0,0,200,200
349223,0,25,1,2,2,1,10,12,0,1,0,0,200,1,7,0,12,0,0,200,200
349223,0,25,1,2,2,1,10,12,0,1,0,0,200,1,7,0,0,0,0,200,200
349223,1,25,1,2,2,1,10,12,0,1,0,0,200,0,9,0,200,200,200,200,200
349227,0,25,0,0,0,1,7,5,0,0,0,200,200,2,200,200,200,200,200,200,200
349231,0,40,0,0,1,1,10,5,0,1,0,18,16,0,6,0,3,0,0,200,200
349231,0,40,0,0,1,1,10,5,0,1,0,18,16,0,7,0,0,0,0,200,200
349233,0,30,1,2,2,1,14,12,0,1,0,6,6,0,5,0,5,200,0,200,200
349233,0,30,1,2,2,1,14,12,0,1,0,6,6,0,3,0,0,200,0,200,200
349236,0,30,0,0,2,1,10,5,0,1,0,18,16,0,7,200,0,0,0,200,200
349236,0,30,0,0,2,1,10,5,0,1,0,18,16,1,5,200,3,0,0,200,200
349244,0,30,1,2,0,1,10,2,0,1,0,0,0,0,7,0,1,0,0,200,200
349244,0,30,1,2,0,1,10,2,0,1,0,0,0,1,9,0,0,0,0,200,200
349246,0,30,1,2,0,1,10,5,0,0,0,7,6,0,6,0,5,0,0,200,200
349246,0,30,1,2,0,1,10,5,0,0,0,7,6,0,200,200,200,200,200,200,200
349253,0,30,1,2,0,1,10,5,0,0,0,18,200,1,5,0,3,0,0,200,200
349253,0,30,1,2,0,1,10,5,0,0,0,18,200,0,6,0,0,0,0,200,200
349254,0,30,1,2,2,1,10,5,0,1,0,18,200,0,200,200,3,200,200,200,200
349254,0,30,1,2,2,1,10,5,0,1,0,18,200,0,6,0,0,0,0,200,200
349254,1,30,1,2,2,1,10,5,0,1,0,18,200,1,200,0,200,200,200,200,200
349254,1,30,1,2,2,1,10,5,0,1,0,18,200,1,200,0,200,200,200,200,200
349255,0,25,0,0,0,200,7,5,0,0,0,0,0,2,200,200,200,200,200,200,200
349261,0,30,1,2,1,1,10,2,0,1,0,16,28,1,5,0,3,0,0,200,200
349261,0,30,1,2,1,1,10,2,0,1,0,16,28,1,8,0,0,0,0,200,200
349261,1,30,1,2,1,1,10,2,0,1,0,16,28,1,9,0,200,200,200,200,200
349270,0,30,2,2,2,1,0,3,0,1,0,17,200,1,9,0,1,200,0,200,200
349270,0,30,2,2,2,1,0,3,0,1,0,17,200,1,6,0,200,0,0,200,200
349270,1,30,2,2,2,1,0,3,0,1,0,17,200,0,0,5,200,200,200,200,200
349270,1,30,2,2,2,1,0,3,0,1,0,17,200,1,0,5,200,200,200,200,200
349271,0,30,1,2,2,1,8,2,0,1,0,17,200,0,6,0,1,0,0,200,200
349271,4,30,1,2,2,1,8,2,0,1,0,17,200,0,5,2,0,0,0,200,200
349271,1,30,1,2,2,1,8,2,0,1,0,17,200,0,2,0,200,200,200,200,200
349272,0,30,2,2,2,1,14,5,0,1,200,17,0,1,7,0,1,200,0,200,200
349272,0,30,2,2,2,1,14,5,0,1,200,17,0,0,7,0,0,200,0,200,200
349272,1,30,2,2,2,1,14,5,0,1,200,17,0,1,200,0,200,200,200,200,200
349273,0,15,0,0,0,1,7,7,0,0,0,11,0,0,200,200,6,200,200,200,200
349275,0,35,1,2,2,1,10,5,0,1,0,16,200,0,7,0,8,0,0,200,200
349275,0,35,1,2,2,1,10,5,0,1,0,16,200,1,7,0,0,0,0,200,200
349283,0,0,0,0,0,1,2,7,0,0,0,20,200,0,6,0,6,0,0,200,200
349283,1,0,0,0,0,1,2,7,0,0,0,20,200,1,6,0,200,200,200,200,200
349286,0,30,1,2,0,1,12,2,0,0,0,17,0,0,200,200,1,200,200,200,200
349286,0,30,1,2,0,1,12,2,0,0,0,17,0,0,5,200,200,200,200,200,200
349305,0,20,1,2,0,1,10,12,0,0,0,0,200,0,6,200,200,200,200,200,200
349305,0,20,1,2,0,1,10,12,0,0,0,0,200,1,6,0,0,0,0,200,200
349306,0,25,0,0,0,1,7,6,0,0,0,0,0,1,200,200,200,200,200,200,200
349311,0,30,0,0,1,1,10,5,0,0,0,18,0,1,5,0,3,0,0,200,200
349311,0,30,0,0,1,1,10,5,0,0,0,18,0,0,7,0,0,0,0,200,200
349323,0,0,0,0,0,1,12,7,0,0,0,17,21,1,8,200,1,200,0,200,200
349323,0,0,0,0,0,1,12,7,0,0,0,17,21,1,6,0,0,0,0,200,200
349325,0,0,0,0,2,1,7,7,0,200,0,200,200,2,200,200,200,200,200,200,200
349326,0,30,2,2,2,1,0,5,0,1,0,17,14,1,6,0,0,0,0,200,200
349328,0,10,0,0,0,0,2,7,0,0,0,20,0,0,200,200,0,0,0,200,200
349329,0,30,0,0,0,1,12,6,0,0,0,17,0,0,200,200,1,200,200,200,200
349329,0,30,0,0,0,1,12,6,0,0,0,17,0,1,6,0,0,0,0,200,200
349335,0,15,0,0,1,1,7,6,0,1,0,0,200,0,7,0,0,0,0,200,200
349343,0,20,0,0,0,1,7,12,0,0,0,18,18,1,5,200,3,200,200,200,200
349344,0,30,0,0,2,1,7,5,0,1,0,16,200,0,7,0,200,200,0,200,200
349344,1,30,0,0,2,1,7,5,0,1,0,16,200,1,7,0,200,200,200,200,200
349348,0,20,2,2,2,1,7,6,0,1,0,16,16,2,200,200,200,200,200,200,200
349349,0,10,0,0,0,1,10,7,0,0,0,18,0,0,6,200,0,0,0,200,200
349349,0,10,0,0,0,1,10,7,0,0,0,18,0,0,200,200,3,200,200,200,200
349356,0,30,1,2,0,0,10,5,0,0,0,18,0,0,200,200,3,200,200,200,200
349356,0,30,1,2,0,0,10,5,0,0,0,18,0,0,6,0,0,0,0,200,200
349361,0,25,0,0,2,1,7,6,0,1,0,0,0,2,200,200,200,200,200,200,200
349362,0,25,1,2,0,1,10,12,0,0,0,0,200,0,200,200,200,200,200,200,200
349362,0,25,1,2,0,1,10,12,0,0,0,0,200,0,5,0,0,0,0,200,200
349378,0,30,1,2,2,1,10,2,0,1,0,27,200,0,5,200,12,200,0,200,200
349378,0,30,1,2,2,1,10,2,0,1,0,27,200,0,6,200,0,200,0,200,200
349388,0,30,1,2,2,1,14,5,0,1,0,0,0,0,6,0,200,200,0,200,200
349388,0,30,1,2,2,1,14,5,0,1,0,0,0,1,6,0,0,0,0,200,200
349393,0,35,1,2,0,1,10,12,0,0,0,0,200,1,6,0,12,0,0,200,200
349393,0,35,1,2,0,1,10,12,0,0,0,0,200,0,200,200,12,200,200,200,200
349395,0,30,1,2,2,1,10,5,0,1,0,18,16,1,4,200,3,200,0,200,200
349395,0,30,1,2,2,1,10,5,0,1,0,18,16,1,200,200,0,200,200,200,200
349398,0,30,1,2,0,1,10,5,0,0,0,0,200,1,5,200,200,200,200,200,200
349398,0,30,1,2,0,1,10,5,0,0,0,0,200,0,6,200,0,0,0,200,200
349399,0,30,2,2,2,1,0,5,0,1,0,33,0,0,7,0,1,5,0,200,200
349399,0,30,2,2,2,1,0,5,0,1,0,33,0,0,7,0,200,0,0,200,200
349399,1,30,2,2,2,1,0,5,0,1,0,33,0,0,7,0,200,200,200,200,200
349402,0,30,0,0,0,3,10,5,0,0,0,0,0,0,6,0,3,0,0,200,200
349402,0,30,0,0,0,3,10,5,0,0,0,0,0,0,200,0,0,0,0,200,200
349404,0,35,1,2,2,1,10,2,0,1,0,15,200,1,6,0,8,0,0,200,200
349404,0,35,1,2,2,1,10,2,0,1,0,15,200,1,5,0,0,0,5,200,200
349404,1,35,1,2,2,1,10,2,0,1,0,15,200,1,200,0,200,200,200,200,200
349405,0,30,1,2,0,1,12,2,0,0,0,11,25,1,5,200,12,0,12,200,200
349405,0,30,1,2,0,1,12,2,0,0,0,11,25,1,5,0,12,0,0,200,200
349406,0,30,200,200,200,200,7,5,0,200,200,0,0,2,200,200,200,200,200,200,200
349412,0,30,0,0,2,1,14,2,0,1,0,17,200,1,6,0,1,0,0,200,200
349412,0,30,0,0,2,1,14,2,0,1,0,17,200,1,6,0,0,0,0,200,200
349416,0,30,0,0,2,1,14,2,0,1,0,17,200,1,200,200,1,200,200,200,200
349416,0,30,0,0,2,1,14,2,0,1,0,17,200,0,5,0,0,0,0,200,200
349416,1,30,0,0,2,1,14,2,0,1,0,17,200,1,200,0,200,200,200,200,200
349419,0,30,2,2,2,1,10,1,0,1,0,18,16,1,3,200,8,0,0,200,200
349419,0,30,2,2,2,1,10,1,0,1,0,18,16,0,6,0,0,0,0,200,200
349419,1,30,2,2,2,1,10,1,0,1,0,18,16,1,5,0,200,200,200,200,200
349419,1,30,2,2,2,1,10,1,0,1,0,18,16,0,4,200,200,200,200,200,200
349419,1,30,2,2,2,1,10,1,0,1,0,18,16,0,3,200,200,200,200,200,200
349419,1,30,2,2,2,1,10,1,0,1,0,18,16,1,3,200,200,200,200,200,200
349429,0,30,0,0,0,3,11,5,0,0,0,22,16,0,9,200,2,200,0,200,200
349429,0,30,0,0,0,3,11,5,0,0,0,22,16,0,8,0,0,0,0,200,200
349432,0,30,0,0,0,1,12,5,0,1,200,22,200,2,200,200,200,200,200,200,200
349432,0,30,0,0,0,1,12,5,0,1,200,22,200,1,5,0,0,0,0,200,200
349433,0,30,1,2,2,1,10,2,0,1,0,18,0,0,5,0,3,0,0,200,200
349433,0,30,1,2,2,1,10,2,0,1,0,18,0,1,5,0,12,0,0,200,200
349433,1,30,1,2,2,1,10,2,0,1,0,18,0,1,6,0,200,200,200,200,200
349435,0,35,0,0,0,1,12,5,0,0,0,17,17,0,6,0,1,0,0,200,200
349435,0,35,0,0,0,1,12,5,0,0,0,17,17,0,6,0,0,0,0,200,200
349436,0,30,0,2,0,200,7,6,0,200,0,18,0,2,200,200,3,200,200,200,200
349437,0,30,0,0,0,1,14,2,0,1,0,0,0,0,6,0,0,0,0,200,200
349437,0,30,0,0,0,1,14,2,0,1,0,0,0,0,8,0,0,0,0,200,200
349439,0,30,1,2,2,1,0,0,0,1,0,200,200,2,200,200,0,200,200,200,200
349439,0,30,1,2,2,1,0,0,0,1,0,200,200,1,6,1,0,0,0,200,200
349439,1,30,1,2,2,1,0,0,0,1,0,200,200,1,200,0,200,200,200,200,200
349447,0,30,1,2,2,2,14,3,0,1,0,0,0,0,200,200,200,200,0,200,200