RD_NO,PERSON_TYPE,POSTED_SPEED_LIMIT,TRAFFIC_CONTROL_DEVICE,DEVICE_CONDITION,WEATHER_CONDITION,LIGHTING_CONDITION,FIRST_CRASH_TYPE,TRAFFICWAY_TYPE,ALIGNMENT,ROADWAY_SURFACE_COND,ROAD_DEFECT,PRIM_CONTRIBUTORY_CAUSE,SEC_CONTRIBUTORY_CAUSE,SEX,AGE,SAFETY_EQUIPMENT,DRIVER_ACTION,DRIVER_VISION,PHYSICAL_CONDITION,BAC_RESULT VALUE,CELL_PHONE_USE
349447,0,30,1,2,2,2,14,3,0,1,0,0,0,0,6,200,0,200,0,200,200
349449,0,15,0,0,0,1,7,7,0,0,0,200,200,2,200,200,200,200,200,200,200
349450,0,25,0,0,0,1,7,6,0,0,0,0,0,0,200,200,3,0,0,200,200
349451,0,20,1,2,2,1,10,2,0,1,200,18,34,0,5,200,3,200,0,200,200
349451,0,20,1,2,2,1,10,2,0,1,200,18,34,0,7,200,200,200,0,200,200
349453,0,20,0,0,0,3,7,5,0,0,0,16,16,2,200,200,200,200,200,200,200
349456,0,30,0,0,2,1,7,6,0,1,200,0,0,2,200,200,200,200,200,200,200
349457,0,30,1,2,2,1,10,5,0,1,0,18,0,0,5,200,3,200,200,200,200
349457,0,30,1,2,2,1,10,5,0,1,0,18,0,1,7,0,0,0,0,200,200
349458,0,35,1,2,0,1,14,3,0,0,0,23,17,1,200,0,7,0,0,200,200
349458,0,35,1,2,0,1,14,3,0,0,0,23,17,0,7,0,7,0,0,200,200
349464,0,30,1,0,0,1,12,5,2,0,0,21,200,2,200,200,4,200,200,200,200
349464,0,30,1,0,0,1,12,5,2,0,0,21,200,0,8,0,0,0,0,200,200
349467,0,30,0,0,2,1,10,2,0,1,0,18,200,1,5,200,3,200,200,200,200
349467,0,30,0,0,2,1,10,2,0,1,0,18,200,1,6,200,0,0,0,200,200
349468,0,30,0,0,2,1,10,2,0,1,0,0,200,0,200,200,200,200,200,200,200
349468,0,30,0,0,2,1,10,2,0,1,0,0,200,0,6,0,0,0,0,200,200
349472,0,30,0,0,2,1,7,2,0,1,200,0,0,0,5,0,7,200,0,200,200
349472,1,30,0,0,2,1,7,2,0,1,200,0,0,0,6,0,200,200,200,200,200
349472,1,30,0,0,2,1,7,2,0,1,200,0,0,0,7,0,200,200,200,200,200
349472,1,30,0,0,2,1,7,2,0,1,200,0,0,0,2,0,200,200,200,200,200
349472,1,30,0,0,2,1,7,2,0,1,200,0,0,0,2,0,200,200,200,200,200
349472,1,30,0,0,2,1,7,2,0,1,200,0,0,1,6,0,200,200,200,200,200
349477,0,20,1,2,2,1,10,5,0,1,200,18,200,0,8,7,3,200,0,200,200
349477,0,20,1,2,2,1,10,5,0,1,200,18,200,1,4,200,0,200,0,200,200
349477,1,20,1,2,2,1,10,5,0,1,200,18,200,1,200,200,200,200,200,200,200
349478,0,30,1,2,2,1,12,5,0,1,0,22,17,0,0,0,2,0,0,200,200
349478,0,30,1,2,2,1,12,5,0,1,0,22,17,1,7,0,0,0,0,200,200
349478,1,30,1,2,2,1,12,5,0,1,0,22,17,1,2,0,200,200,200,200,200
349484,0,20,0,0,2,1,10,2,0,1,0,18,34,1,6,200,200,200,0,200,200
349484,0,20,0,0,2,1,10,2,0,1,0,18,34,0,5,200,0,200,0,200,200
349486,0,35,1,2,0,1,12,6,0,1,0,18,200,2,200,200,3,200,200,200,200
349486,0,35,1,2,0,1,12,6,0,1,0,18,200,1,5,0,0,0,0,200,200
349491,0,10,0,0,0,1,0,0,0,200,200,17,0,1,200,200,200,200,200,200,200
349491,0,10,0,0,0,1,0,0,0,200,200,17,0,0,5,0,1,0,0,200,200
349491,1,10,0,0,0,1,0,0,0,200,200,17,0,0,200,200,200,200,200,200,200
349494,0,30,0,0,0,1,10,5,0,0,0,0,200,0,200,200,12,0,0,200,200
349494,0,30,0,0,0,1,10,5,0,0,0,0,200,1,6,200,12,0,0,200,200
349494,0,30,0,0,0,1,10,5,0,0,0,0,200,0,7,200,12,0,0,200,200
349497,0,30,0,0,0,1,10,2,0,1,0,0,0,0,6,0,0,0,0,200,200
349497,0,30,0,0,0,1,10,2,0,1,0,0,0,0,6,0,0,0,0,200,200
349498,0,30,12,12,0,1,10,5,0,1,0,18,18,0,6,0,3,0,0,200,200
349498,0,30,12,12,0,1,10,5,0,1,0,18,18,0,200,0,0,0,0,200,200
349498,1,30,12,12,0,1,10,5,0,1,0,18,18,1,200,7,200,200,200,200,200
349498,1,30,12,12,0,1,10,5,0,1,0,18,18,0,200,0,200,200,200,200,200
349504,0,30,0,0,0,1,14,5,0,0,0,17,16,0,6,0,1,5,0,200,200
349504,0,30,0,0,0,1,14,5,0,0,0,17,16,0,6,0,12,5,0,200,200
349504,1,30,0,0,0,1,14,5,0,0,0,17,16,1,7,0,200,200,200,200,200
349505,0,25,0,0,0,1,0,6,0,0,0,0,200,1,200,7,0,0,0,200,200
349505,0,25,0,0,0,1,0,6,0,0,0,0,200,1,5,7,0,0,0,200,200
349509,0,30,0,0,0,1,12,5,0,1,0,17,200,1,200,200,1,200,200,200,200
349509,0,30,0,0,0,1,12,5,0,1,0,17,200,0,7,0,0,0,0,200,200
349513,0,30,0,0,2,1,10,5,0,1,0,0,200,1,5,0,200,0,0,200,200
349513,0,30,0,0,2,1,10,5,0,1,0,0,200,1,6,0,0,0,0,200,200
349517,0,30,0,0,0,1,7,7,0,0,0,0,0,0,6,0,12,200,0,200,200
349519,0,55,0,0,2,1,12,3,0,1,0,21,200,1,200,200,4,0,0,200,200
349519,0,55,0,0,2,1,12,3,0,1,0,21,200,0,6,0,0,0,0,200,200
349519,1,55,0,0,2,1,12,3,0,1,0,21,200,1,6,0,200,200,200,200,200
349519,1,55,0,0,2,1,12,3,0,1,0,21,200,0,2,0,200,200,200,200,200
349519,1,55,0,0,2,1,12,3,0,1,0,21,200,1,1,5,200,200,200,200,200
349520,0,30,0,0,1,1,14,5,0,1,0,17,0,1,6,0,1,0,0,200,200
349520,0,30,0,0,1,1,14,5,0,1,0,17,0,1,5,0,12,0,0,200,200
349527,0,35,1,2,0,1,12,3,0,0,0,0,0,2,200,200,2,200,200,200,200
349527,0,35,1,2,0,1,12,3,0,0,0,0,0,1,6,200,0,0,0,200,200
349531,0,30,200,200,0,1,12,5,0,0,200,18,200,0,8,200,200,200,0,200,200
349531,0,30,200,200,0,1,12,5,0,0,200,18,200,0,200,200,200,200,0,200,200
349535,0,30,1,2,0,2,14,12,0,1,0,0,0,0,200,200,200,200,200,200,200
349535,0,30,1,2,0,2,14,12,0,1,0,0,0,0,7,200,0,200,0,200,200
349536,0,30,0,0,0,1,0,5,0,1,0,17,22,0,6,200,1,200,200,200,200
349536,0,30,0,0,0,1,0,5,0,1,0,17,22,0,6,0,0,0,0,200,200
349537,0,15,2,2,0,1,0,7,0,0,0,17,17,0,8,0,1,0,0,200,200
349537,0,15,2,2,0,1,0,7,0,0,0,17,17,1,5,0,12,0,0,200,200
349537,1,15,2,2,0,1,0,7,0,0,0,17,17,0,200,0,200,200,200,200,200
349540,0,35,0,2,0,1,14,5,0,0,0,23,23,0,6,0,7,0,0,200,200
349540,0,35,0,2,0,1,14,5,0,0,0,23,23,1,6,0,12,0,0,200,200
349541,0,20,0,0,0,1,11,5,0,200,200,15,0,0,0,200,8,200,200,200,200
349541,0,20,0,0,0,1,11,5,0,200,200,15,0,1,5,0,0,200,0,200,200
349551,0,30,1,2,0,1,10,5,0,1,0,18,200,0,5,0,3,0,0,200,200
349551,0,30,1,2,0,1,10,5,0,1,0,18,200,1,6,0,0,0,0,200,200
349556,0,30,2,2,0,1,14,5,0,0,0,23,23,1,5,0,7,200,0,200,200
349556,0,30,2,2,0,1,14,5,0,0,0,23,23,1,200,0,0,200,0,200,200
349557,0,30,0,0,0,1,12,6,0,0,0,0,200,0,5,200,200,200,0,200,200
349557,0,30,0,0,0,1,12,6,0,0,0,0,200,1,6,200,0,200,0,200,200
349557,1,30,0,0,0,1,12,6,0,0,0,0,200,1,200,200,200,200,200,200,200
349557,1,30,0,0,0,1,12,6,0,0,0,0,200,1,200,7,200,200,200,200,200
349557,1,30,0,0,0,1,12,6,0,0,0,0,200,0,200,7,200,200,200,200,200
349557,1,30,0,0,0,1,12,6,0,0,0,0,200,0,2,7,200,200,200,200,200
349565,0,30,1,2,1,1,14,5,0,0,0,22,17,1,7,0,12,0,0,200,200
349565,0,30,1,2,1,1,14,5,0,0,0,22,17,0,200,200,7,200,200,200,200
349567,0,30,1,2,0,1,12,5,0,1,0,0,200,0,5,0,12,0,0,200,200
349567,0,30,1,2,0,1,12,5,0,1,0,0,200,1,6,200,0,0,0,200,200
349567,1,30,1,2,0,1,12,5,0,1,0,0,200,1,200,0,200,200,200,200,200
349567,1,30,1,2,0,1,12,5,0,1,0,0,200,1,200,0,200,200,200,200,200
349567,1,30,1,2,0,1,12,5,0,1,0,0,200,1,200,0,200,200,200,200,200
349567,1,30,1,2,0,1,12,5,0,1,0,0,200,1,200,0,200,200,200,200,200
349572,0,30,0,0,0,1,10,1,0,0,0,18,0,1,6,0,3,0,0,200,200
349572,0,30,0,0,0,1,10,1,0,0,0,18,0,1,6,0,0,0,0,200,200
349572,1,30,0,0,0,1,10,1,0,0,0,18,0,0,7,200,200,200,200,200,200
349573,0,30,0,0,0,1,10,5,0,1,0,200,200,0,4,0,0,0,0,200,200
349573,0,30,0,0,0,1,10,5,0,1,0,200,200,0,6,0,0,0,0,200,200
349573,1,30,0,0,0,1,10,5,0,1,0,200,200,0,200,0,200,200,200,200,200
349573,1,30,0,0,0,1,10,5,0,1,0,200,200,0,200,0,200,200,200,200,200
349579,0,30,0,0,0,1,12,2,0,0,0,21,0,1,6,200,4,200,200,200,200
349579,0,30,0,0,0,1,12,2,0,0,0,21,0,1,6,200,0,0,0,200,200
349580,0,30,200,200,2,1,10,2,0,1,0,18,0,0,6,200,3,200,0,200,200
349580,0,30,200,200,2,1,10,2,0,1,0,18,0,1,6,0,200,0,0,200,200
349585,0,30,0,0,0,1,12,5,0,0,0,17,200,0,6,0,4,200,0,200,200
349585,0,30,0,0,0,1,12,5,0,0,0,17,200,0,6,0,0,200,0,200,200
349585,1,30,0,0,0,1,12,5,0,0,0,17,200,1,5,0,200,200,200,200,200
349591,0,35,0,0,0,1,10,5,0,1,0,0,0,1,7,200,200,0,0,200,200
349591,0,35,0,0,0,1,10,5,0,1,0,0,0,1,6,0,0,0,0,200,200
349591,1,35,0,0,0,1,10,5,0,1,0,0,0,1,6,0,200,200,200,200,200
349599,0,35,0,0,0,1,10,5,0,1,0,18,200,0,7,0,3,0,0,200,200
349599,0,35,0,0,0,1,10,5,0,1,0,18,200,0,6,0,0,0,0,200,200
349605,0,30,2,2,0,1,0,2,0,0,0,5,0,0,6,0,5,0,0,200,200
349605,0,30,2,2,0,1,0,2,0,0,0,5,0,0,7,0,200,0,0,200,200
349608,0,30,1,2,1,1,10,5,0,1,0,18,0,0,200,200,3,200,200,200,200
349608,0,30,1,2,1,1,10,5,0,1,0,18,0,0,5,0,12,0,0,200,200
349608,1,30,1,2,1,1,10,5,0,1,0,18,0,1,5,0,200,200,200,200,200
349610,0,45,0,0,1,1,10,3,0,0,0,17,22,0,6,0,4,0,0,200,200
349610,0,45,0,0,1,1,10,3,0,0,0,17,22,0,7,0,0,0,0,200,200
349612,0,30,10,2,1,1,12,5,0,200,0,0,0,0,6,200,200,0,0,200,200
349612,0,30,10,2,1,1,12,5,0,200,0,0,0,0,6,200,200,200,0,200,200
349620,0,25,1,2,0,1,14,6,0,1,0,22,0,0,6,0,7,0,0,200,200
349620,0,25,1,2,0,1,14,6,0,1,0,22,0,1,5,0,0,0,0,200,200
349621,0,30,0,0,0,1,14,12,0,0,0,0,200,0,6,200,7,200,200,200,200
349621,0,30,0,0,0,1,14,12,0,0,0,0,200,0,6,0,0,0,0,200,200
349621,1,30,0,0,0,1,14,12,0,0,0,0,200,0,200,200,200,200,200,200,200
349623,0,30,1,2,0,1,14,2,0,0,0,31,200,0,5,0,12,0,0,200,200
349623,0,30,1,2,0,1,14,2,0,0,0,31,200,1,4,200,200,0,0,200,200
349626,0,30,0,0,0,1,0,2,0,0,0,17,0,0,9,0,1,0,200,200,200
349626,0,30,0,0,0,1,0,2,0,0,0,17,0,1,7,0,0,0,200,200,200
349631,0,30,0,0,1,1,10,5,0,0,0,0,0,1,7,200,3,200,0,200,200
349631,0,30,0,0,1,1,10,5,0,0,0,0,0,1,6,200,0,200,0,200,200
349631,0,30,0,0,1,1,10,5,0,0,0,0,0,0,8,200,0,200,0,200,200
349631,1,30,0,0,1,1,10,5,0,0,0,0,0,1,6,200,200,200,200,200,200
349637,0,30,1,0,1,1,7,7,0,1,0,0,0,1,200,200,200,200,200,200,200
349640,0,30,200,200,0,1,10,5,0,0,200,18,200,0,200,200,200,200,200,200,200
349640,0,30,200,200,0,1,10,5,0,0,200,18,200,1,6,200,200,200,0,200,200
349643,0,30,0,0,1,1,10,5,0,1,0,18,0,0,6,0,3,0,0,200,200
349643,0,30,0,0,1,1,10,5,0,1,0,18,0,0,5,0,12,0,0,200,200
349644,0,30,0,0,0,1,7,7,0,0,0,27,33,0,5,200,6,5,7,200,200
349645,0,15,0,0,0,1,2,4,0,0,0,200,200,0,7,0,12,0,0,200,200
349647,0,30,0,0,0,1,10,5,0,0,1,18,0,0,5,0,3,200,0,200,200
349647,0,30,0,0,0,1,10,5,0,0,1,18,0,0,7,0,0,200,0,200,200
349648,0,30,0,0,0,1,10,2,0,0,0,16,200,1,5,200,12,0,0,200,200
349648,0,30,0,0,0,1,10,2,0,0,0,16,200,1,6,200,0,0,0,200,200
349648,1,30,0,0,0,1,10,2,0,0,0,16,200,1,6,7,200,200,200,200,200
349648,1,30,0,0,0,1,10,2,0,0,0,16,200,1,200,7,200,200,200,200,200
349648,1,30,0,0,0,1,10,2,0,0,0,16,200,0,7,7,200,200,200,200,200
349648,1,30,0,0,0,1,10,2,0,0,0,16,200,1,3,7,200,200,200,200,200
349648,1,30,0,0,0,1,10,2,0,0,0,16,200,1,200,7,200,200,200,200,200
349659,0,30,0,0,0,1,10,5,0,0,0,200,200,1,200,200,0,0,0,200,200
349659,0,30,0,0,0,1,10,5,0,0,0,200,200,1,5,0,0,0,0,200,200
349661,0,25,0,0,0,1,11,5,0,0,0,23,200,1,200,200,1,200,200,200,200
349661,0,25,0,0,0,1,11,5,0,0,0,23,200,1,8,0,0,0,0,200,200
349661,1,25,0,0,0,1,11,5,0,0,0,23,200,1,200,200,200,200,200,200,200
349663,0,30,1,2,1,1,14,2,0,1,0,17,200,0,6,0,1,0,0,200,200
349663,0,30,1,2,1,1,14,2,0,1,0,17,200,1,5,0,0,0,0,200,200
349665,0,30,0,0,1,1,10,5,0,1,0,18,22,0,4,0,3,0,0,200,200
349665,0,30,0,0,1,1,10,5,0,1,0,18,22,0,7,0,12,0,0,200,200
349672,0,30,1,2,2,1,14,5,0,1,0,0,0,0,6,7,0,200,0,200,200
349672,0,30,1,2,2,1,14,5,0,1,0,0,0,0,6,200,0,200,0,200,200
349673,0,30,1,2,0,1,12,2,0,0,0,0,200,0,5,200,4,0,200,200,200
349673,0,30,1,2,0,1,12,2,0,0,0,0,200,1,6,0,0,0,0,200,200
349674,0,65,12,200,2,1,10,12,0,1,0,21,200,0,7,200,4,200,200,200,200
349674,0,65,12,200,2,1,10,12,0,1,0,21,200,0,8,200,0,0,0,200,200
349677,0,30,1,2,1,1,14,5,0,12,0,23,17,0,6,0,7,0,0,200,200
349677,0,30,1,2,1,1,14,5,0,12,0,23,17,0,5,200,0,0,0,200,200
349677,0,30,1,2,1,1,14,5,0,12,0,23,17,0,7,200,0,0,0,200,200
349677,1,30,1,2,1,1,14,5,0,12,0,23,17,1,5,200,200,200,200,200,200
349677,1,30,1,2,1,1,14,5,0,12,0,23,17,1,1,200,200,200,200,200,200
349677,1,30,1,2,1,1,14,5,0,12,0,23,17,0,5,200,200,200,200,200,200
349681,0,15,0,0,0,1,10,7,0,0,0,20,16,1,5,200,6,200,0,200,200
349681,0,15,0,0,0,1,10,7,0,0,0,20,16,1,4,0,0,0,0,200,200
349682,0,30,1,2,0,1,14,5,0,0,4,23,21,0,6,200,7,0,0,200,200
349682,0,30,1,2,0,1,14,5,0,0,4,23,21,1,5,200,0,0,0,200,200
349684,0,35,1,2,0,1,0,5,0,0,0,6,16,0,5,0,5,200,0,200,200
349684,0,35,1,2,0,1,0,5,0,0,0,6,16,0,6,0,0,0,0,200,200
349684,0,35,1,2,0,1,0,5,0,0,0,6,16,0,5,0,0,0,0,200,200
349684,1,35,1,2,0,1,0,5,0,0,0,6,16,200,200,0,200,200,200,200,200
349684,1,35,1,2,0,1,0,5,0,0,0,6,16,0,200,0,200,200,200,200,200
349693,0,30,1,2,0,1,0,2,0,0,200,8,0,0,200,0,12,200,0,200,200
349693,0,30,1,2,0,1,0,2,0,0,200,8,0,0,5,0,0,200,0,200,200
349704,0,30,0,0,2,1,10,5,0,1,0,15,0,1,7,0,8,0,0,200,200
349704,0,30,0,0,2,1,10,5,0,1,0,15,0,0,200,200,0,0,0,200,200
349709,0,30,0,0,1,1,12,5,0,1,0,0,200,1,5,0,4,0,0,200,200
349709,0,30,0,0,1,1,12,5,0,1,0,0,200,0,200,0,3,0,0,200,200
349723,0,30,0,0,0,1,7,5,0,0,0,23,11,0,6,200,7,200,200,200,200
349724,0,30,0,0,0,1,14,5,0,0,0,0,0,0,6,0,7,0,0,200,200
349724,0,30,0,0,0,1,14,5,0,0,0,0,0,0,6,0,0,0,0,200,200
349731,0,25,1,1,0,1,14,1,0,0,0,17,200,0,5,0,0,0,0,200,200
349731,0,25,1,1,0,1,14,1,0,0,0,17,200,0,5,0,1,0,0,200,200
349733,0,30,0,0,1,1,7,5,0,0,0,21,200,0,5,200,2,200,0,200,200
349737,0,30,0,0,0,1,14,5,0,0,0,0,200,1,5,200,1,200,0,200,200
349737,0,30,0,0,0,1,14,5,0,0,0,0,200,0,200,0,0,0,0,200,200
349737,1,30,0,0,0,1,14,5,0,0,0,0,200,0,200,0,200,200,200,200,200
349737,1,30,0,0,0,1,14,5,0,0,0,0,200,1,200,200,200,200,200,200,200
349737,1,30,0,0,0,1,14,5,0,0,0,0,200,2,200,200,200,200,200,200,200
349741,0,30,0,0,0,1,10,7,0,0,0,20,200,1,200,200,6,200,200,200,200
349741,0,30,0,0,0,1,10,7,0,0,0,20,200,1,5,0,0,0,0,200,200
349748,0,35,0,0,0,1,12,5,0,0,0,21,0,0,200,200,4,200,200,200,200
349748,0,35,0,0,0,1,12,5,0,0,0,21,0,0,5,0,0,0,0,200,200
349752,0,30,0,0,2,1,7,5,0,1,0,0,0,1,200,200,12,200,200,200,200
349756,0,30,1,2,1,1,3,5,0,0,0,20,0,0,5,0,6,0,0,200,200
349756,0,30,1,2,1,1,3,5,0,0,0,20,0,1,7,0,12,0,0,200,200
349757,0,30,0,0,0,1,10,5,0,0,0,11,0,1,6,0,12,200,0,200,200
349757,0,30,0,0,0,1,10,5,0,0,0,11,0,0,6,0,0,0,0,200,200
349757,1,30,0,0,0,1,10,5,0,0,0,11,0,0,7,0,200,200,200,200,200
349757,1,30,0,0,0,1,10,5,0,0,0,11,0,0,200,0,200,200,200,200,200
349757,1,30,0,0,0,1,10,5,0,0,0,11,0,0,200,0,200,200,200,200,200
349762,0,30,0,0,0,1,12,6,0,0,0,0,200,0,200,200,200,200,200,200,200
349762,0,30,0,0,0,1,12,6,0,0,0,0,200,0,7,0,0,0,0,200,200
349770,0,30,0,0,2,1,7,5,0,1,0,0,0,1,6,0,6,4,0,200,200
349772,0,25,1,2,0,1,14,5,0,0,0,17,33,0,5,200,1,12,200,200,200
349772,0,25,1,2,0,1,14,5,0,0,0,17,33,0,7,200,0,200,200,200,200
349772,1,25,1,2,0,1,14,5,0,0,0,17,33,1,5,200,200,200,200,200,200
349773,0,30,0,0,1,1,0,5,0,0,0,17,0,0,4,0,1,0,0,200,200
349773,0,30,0,0,1,1,0,5,0,0,0,17,0,0,6,0,12,0,0,200,200
349779,0,30,2,2,200,1,0,5,0,200,200,17,17,0,6,0,1,0,0,200,200
349779,0,30,2,2,200,1,0,5,0,200,200,17,17,0,6,200,0,200,200,200,200
349779,1,30,2,2,200,1,0,5,0,200,200,17,17,1,200,0,200,200,200,200,200
349786,0,30,0,0,0,1,7,2,0,0,0,200,200,1,7,0,0,0,0,200,200
349791,0,30,0,0,0,1,7,5,0,0,0,7,7,1,7,7,0,0,0,200,200
349806,0,30,0,0,2,1,10,5,0,1,0,18,0,0,5,0,3,0,0,200,200
349806,0,30,0,0,2,1,10,5,0,1,0,18,0,1,200,200,12,200,200,200,200
349815,0,30,1,2,0,1,10,5,0,0,0,18,200,0,200,200,3,200,200,200,200
349815,0,30,1,2,0,1,10,5,0,0,0,18,200,1,6,0,0,0,0,200,200
349824,0,5,0,0,0,1,7,7,0,0,0,0,200,0,9,0,12,0,0,200,200
349825,0,15,0,0,0,1,11,7,0,0,0,20,200,1,6,0,0,200,0,200,200
349825,0,15,0,0,0,1,11,7,0,0,0,20,200,0,5,0,6,200,0,200,200
349832,0,30,2,2,0,1,0,5,0,0,0,17,17,0,6,0,1,200,0,200,200
349832,0,30,2,2,0,1,0,5,0,0,0,17,17,0,6,0,0,200,0,200,200
349835,0,30,0,0,0,1,14,2,0,0,0,17,0,0,3,0,1,0,0,200,200
349835,0,30,0,0,0,1,14,2,0,0,0,17,0,0,4,0,0,0,0,200,200
349835,1,30,0,0,0,1,14,2,0,0,0,17,0,0,3,0,200,200,200,200,200
349835,1,30,0,0,0,1,14,2,0,0,0,17,0,0,5,0,200,200,200,200,200
349836,0,30,0,0,0,1,14,2,0,0,0,23,21,2,200,200,7,200,200,200,200
349836,0,30,0,0,0,1,14,2,0,0,0,23,21,0,7,0,0,0,0,200,200
349839,0,30,0,0,0,1,7,5,0,1,0,200,200,0,5,0,0,0,0,200,200
349841,0,30,1,2,0,1,10,2,0,0,0,0,0,1,200,200,3,200,200,200,200
349841,0,30,1,2,0,1,10,2,0,0,0,0,0,0,6,200,0,0,0,200,200
349843,0,30,0,0,0,3,10,5,0,0,0,20,11,0,200,200,6,200,200,200,200
349843,0,30,0,0,0,3,10,5,0,0,0,20,11,1,6,0,0,0,0,200,200
349843,1,30,0,0,0,3,10,5,0,0,0,20,11,1,6,0,200,200,200,200,200
349843,1,30,0,0,0,3,10,5,0,0,0,20,11,1,6,0,200,200,200,200,200
349853,0,30,200,200,0,1,10,5,0,0,200,0,200,0,200,200,200,200,200,200,200
349853,0,30,200,200,0,1,10,5,0,0,200,0,200,0,6,200,200,200,0,200,200
349854,0,30,2,2,0,1,0,5,0,0,0,20,200,2,200,200,6,200,200,200,200
349854,0,30,2,2,0,1,0,5,0,0,0,20,200,0,6,0,0,0,0,200,200
349855,0,25,0,0,0,1,7,6,0,0,0,0,0,2,200,200,200,200,200,200,200
349864,0,20,0,0,0,1,7,6,0,0,0,20,200,1,200,200,6,200,200,200,200
349868,0,30,2,2,0,4,10,5,0,0,0,18,16,0,7,0,3,0,0,200,200
349868,0,30,2,2,0,4,10,5,0,0,0,18,16,0,200,200,0,200,0,200,200
349870,0,30,0,0,0,3,7,6,0,0,0,0,200,2,200,200,200,200,200,200,200
349873,0,30,1,2,0,1,2,1,0,0,0,32,32,0,6,200,7,200,5,200,200
349876,0,30,1,200,0,1,0,5,0,0,200,0,0,1,200,200,200,200,200,200,200
349876,0,30,1,200,0,1,0,5,0,0,200,0,0,0,7,0,0,200,200,200,200
349877,0,30,0,0,0,1,10,5,0,0,0,0,0,0,8,0,1,0,0,200,200
349877,0,30,0,0,0,1,10,5,0,0,0,0,0,1,6,0,0,0,0,200,200
349877,1,30,0,0,0,1,10,5,0,0,0,0,0,1,200,0,200,200,200,200,200
349877,1,30,0,0,0,1,10,5,0,0,0,0,0,1,200,0,200,200,200,200,200
349878,0,30,0,0,0,1,7,12,0,0,0,0,0,2,200,200,200,200,200,200,200
349879,0,30,1,2,0,1,0,5,0,0,0,16,200,0,7,200,5,0,0,200,200
349879,0,30,1,2,0,1,0,5,0,0,0,16,200,0,5,200,0,0,0,200,200
349884,0,30,200,200,0,1,10,5,0,200,200,0,200,0,5,200,200,200,200,200,200
349884,0,30,200,200,0,1,10,5,0,200,200,0,200,1,7,0,200,200,200,200,200
349885,0,30,1,2,0,1,14,5,0,0,0,22,200,1,6,0,2,0,0,200,200
349885,0,30,1,2,0,1,14,5,0,0,0,22,200,0,6,0,0,0,0,200,200
349887,0,3,1,0,0,1,10,2,0,0,0,0,200,0,6,0,1,200,0,200,200
349887,0,3,1,0,0,1,10,2,0,0,0,0,200,1,6,200,0,0,0,200,200
349890,0,30,1,2,0,1,0,5,0,0,0,6,17,0,200,200,5,200,200,200,200
349890,0,30,1,2,0,1,0,5,0,0,0,6,17,0,5,200,0,0,0,200,200
349894,0,20,0,0,0,1,14,2,0,0,0,0,0,1,7,0,0,0,0,200,200
349894,0,20,0,0,0,1,14,2,0,0,0,0,0,0,6,0,0,0,0,200,200
349894,1,20,0,0,0,1,14,2,0,0,0,0,0,0,0,5,200,200,200,200,200
349894,1,20,0,0,0,1,14,2,0,0,0,0,0,0,6,0,200,200,200,200,200
349899,0,30,0,0,0,1,14,5,0,0,0,17,11,1,6,200,0,0,0,200,200
349899,0,30,0,0,0,1,14,5,0,0,0,17,11,1,6,200,200,200,0,200,200
349899,1,30,0,0,0,1,14,5,0,0,0,17,11,1,2,200,200,200,200,200,200
349900,0,0,1,2,0,1,10,2,0,0,0,0,0,1,8,200,200,200,0,200,200
349900,0,0,1,2,0,1,10,2,0,0,0,0,0,0,7,200,0,0,0,200,200
349905,0,30,1,2,0,1,10,5,0,0,0,18,200,0,5,0,3,0,0,200,200
349905,0,30,1,2,0,1,10,5,0,0,0,18,200,0,7,0,0,0,0,200,200
349905,1,30,1,2,0,1,10,5,0,0,0,18,200,1,200,0,200,200,200,200,200
349907,0,30,2,2,0,4,0,5,0,0,0,5,16,0,200,200,1,200,200,200,200
349907,0,30,2,2,0,4,0,5,0,0,0,5,16,0,5,0,0,0,0,200,200
349911,0,30,0,0,0,1,10,6,0,0,0,0,200,1,200,7,0,0,0,200,200
349911,0,30,0,0,0,1,10,6,0,0,0,0,200,1,6,7,0,0,0,200,200
349911,1,30,0,0,0,1,10,6,0,0,0,0,200,1,200,7,200,200,200,200,200
349911,1,30,0,0,0,1,10,6,0,0,0,0,200,1,8,7,200,200,200,200,200
349912,0,30,1,2,0,1,10,5,0,0,0,16,200,0,5,200,3,200,200,200,200
349912,0,30,1,2,0,1,10,5,0,0,0,16,200,1,6,0,0,200,0,200,200
349912,1,30,1,2,0,1,10,5,0,0,0,16,200,0,200,0,200,200,200,200,200
349912,1,30,1,2,0,1,10,5,0,0,0,16,200,200,200,0,200,200,200,200,200
349918,0,20,0,0,200,200,7,6,0,200,0,0,0,2,200,200,200,200,200,200,200
349927,0,30,0,0,0,4,8,5,0,0,0,17,200,1,4,200,1,0,0,200,200
349927,4,30,0,0,0,4,8,5,0,0,0,17,200,1,4,7,0,0,0,200,200
349931,0,5,0,0,0,1,7,7,0,0,200,17,0,1,200,200,6,200,200,200,200
349935,0,30,1,2,0,4,0,5,0,0,0,6,16,1,5,200,1,0,0,200,200
349935,0,30,1,2,0,4,0,5,0,0,0,6,16,0,7,200,0,0,0,200,200
349935,1,30,1,2,0,4,0,5,0,0,0,6,16,1,6,200,200,200,200,200,200
349937,0,35,1,2,0,1,10,5,2,200,200,0,200,1,200,200,200,200,200,200,200
349937,0,35,1,2,0,1,10,5,2,200,200,0,200,1,5,200,0,0,0,200,200