RD_NO,PERSON_TYPE,POSTED_SPEED_LIMIT,TRAFFIC_CONTROL_DEVICE,DEVICE_CONDITION,WEATHER_CONDITION,LIGHTING_CONDITION,FIRST_CRASH_TYPE,TRAFFICWAY_TYPE,ALIGNMENT,ROADWAY_SURFACE_COND,ROAD_DEFECT,PRIM_CONTRIBUTORY_CAUSE,SEC_CONTRIBUTORY_CAUSE,SEX,AGE,SAFETY_EQUIPMENT,DRIVER_ACTION,DRIVER_VISION,PHYSICAL_CONDITION,BAC_RESULT VALUE,CELL_PHONE_USE
349939,0,30,0,0,0,1,10,5,0,0,0,200,12,0,6,200,12,200,0,200,200
349939,0,30,0,0,0,1,10,5,0,0,0,200,12,0,7,200,0,200,0,200,200
349941,0,30,1,2,0,1,10,5,0,0,0,200,200,0,200,200,0,200,200,200,200
349941,0,30,1,2,0,1,10,5,0,0,0,200,200,1,6,0,0,0,0,200,200
349941,1,30,1,2,0,1,10,5,0,0,0,200,200,0,200,0,200,200,200,200,200
349945,0,30,200,200,0,1,2,6,0,200,1,29,200,1,6,0,0,0,0,200,200
349948,0,30,1,2,0,4,10,5,0,0,0,0,0,1,200,200,0,200,200,200,200
349948,0,30,1,2,0,4,10,5,0,0,0,0,0,0,5,200,0,200,0,200,200
349948,1,30,1,2,0,4,10,5,0,0,0,0,0,200,200,200,200,200,200,200,200
349952,0,30,0,0,0,1,7,5,0,0,0,0,0,0,4,0,200,200,0,200,200
349952,1,30,0,0,0,1,7,5,0,0,0,0,0,0,7,0,200,200,200,200,200
349956,0,20,2,2,0,1,0,2,0,0,0,17,0,2,200,200,1,200,200,200,200
349956,0,20,2,2,0,1,0,2,0,0,0,17,0,1,6,0,0,0,0,200,200
349958,0,30,1,2,0,4,0,2,0,0,0,6,25,0,200,200,5,200,200,200,200
349958,0,30,1,2,0,4,0,2,0,0,0,6,25,1,7,200,0,200,7,200,200
349958,0,30,1,2,0,4,0,2,0,0,0,6,25,0,8,200,0,200,7,200,200
349958,1,30,1,2,0,4,0,2,0,0,0,6,25,0,2,200,200,200,200,200,200
349958,1,30,1,2,0,4,0,2,0,0,0,6,25,0,2,200,200,200,200,200,200
349961,0,30,0,0,0,1,7,5,0,0,0,0,0,1,200,200,200,200,200,200,200
349964,0,0,0,0,0,1,7,7,0,0,200,0,0,2,200,200,200,200,200,200,200
349965,0,30,0,0,0,1,10,2,0,0,0,0,200,0,7,0,200,0,0,200,200
349965,0,30,0,0,0,1,10,2,0,0,0,0,200,0,7,7,200,200,200,200,200
349969,0,30,0,0,0,3,12,6,0,0,0,21,200,0,7,200,4,0,0,200,200
349969,0,30,0,0,0,3,12,6,0,0,0,21,200,0,5,200,0,0,0,200,200
349969,1,30,0,0,0,3,12,6,0,0,0,21,200,1,6,200,200,200,200,200,200
349970,0,20,0,0,0,2,10,2,0,0,200,18,18,0,8,200,3,200,0,200,200
349970,0,20,0,0,0,2,10,2,0,0,200,18,18,0,0,200,0,200,0,200,200
349975,0,30,0,0,0,1,7,6,0,0,200,0,0,2,200,200,200,200,200,200,200
349978,0,30,1,2,0,1,12,5,0,0,0,17,0,2,5,0,1,0,0,200,200
349978,0,30,1,2,0,1,12,5,0,0,0,17,0,1,6,0,0,0,0,200,200
349987,0,30,0,0,0,1,7,6,0,0,0,0,0,0,8,200,200,5,200,200,200
349987,1,30,0,0,0,1,7,6,0,0,0,0,0,1,200,200,200,200,200,200,200
349990,0,30,0,0,0,2,10,6,0,0,0,200,200,1,200,200,0,200,200,200,200
349990,0,30,0,0,0,2,10,6,0,0,0,200,200,1,6,0,0,0,0,200,200
349991,0,30,1,200,0,2,10,2,0,0,0,0,0,0,5,200,200,200,200,200,200
349991,0,30,1,200,0,2,10,2,0,0,0,0,0,0,7,0,12,0,0,200,200
349993,0,30,1,2,0,3,14,5,0,0,200,17,200,0,8,200,1,200,0,200,200
349993,0,30,1,2,0,3,14,5,0,0,200,17,200,0,6,200,0,200,0,200,200
349994,0,40,0,0,0,3,0,5,0,0,0,14,16,0,5,0,8,0,0,200,200
349994,0,40,0,0,0,3,0,5,0,0,0,14,16,0,5,0,0,0,0,200,200
350003,0,30,1,2,0,3,10,6,0,0,0,18,200,1,6,0,3,0,0,200,200
350003,0,30,1,2,0,3,10,6,0,0,0,18,200,0,5,0,0,0,0,200,200
350003,1,30,1,2,0,3,10,6,0,0,0,18,200,1,5,0,200,200,200,200,200
350003,1,30,1,2,0,3,10,6,0,0,0,18,200,1,8,0,200,200,200,200,200
350004,0,30,200,200,0,3,14,3,0,200,0,21,8,0,6,200,12,200,200,200,200
350004,0,30,200,200,0,3,14,3,0,200,0,21,8,1,5,200,12,200,200,200,200
350015,0,30,1,2,0,3,10,2,0,0,0,16,17,1,200,200,1,200,200,200,200
350015,0,30,1,2,0,3,10,2,0,0,0,16,17,0,6,0,0,0,0,200,200
350016,0,30,1,2,0,3,10,2,0,0,0,0,0,0,200,200,12,200,200,200,200
350016,0,30,1,2,0,3,10,2,0,0,0,0,0,0,7,0,0,0,0,200,200
350016,1,30,1,2,0,3,10,2,0,0,0,0,0,1,8,0,200,200,200,200,200
350025,0,30,0,0,0,3,7,5,0,0,0,7,200,0,5,200,12,0,200,200,200
350029,0,30,0,0,0,3,7,6,0,200,200,1,13,0,7,0,12,200,0,200,200
350030,0,30,1,2,2,1,0,5,0,1,0,17,0,1,7,0,1,0,0,200,200
350030,0,30,1,2,2,1,0,5,0,1,0,17,0,0,7,0,0,0,0,200,200
350038,0,30,0,0,0,4,0,5,0,0,0,17,21,0,5,200,1,200,0,200,200
350038,0,30,0,0,0,4,0,5,0,0,0,17,21,1,0,0,0,0,0,200,200
350045,0,30,0,0,0,3,7,5,0,0,0,20,200,0,6,0,6,200,0,200,200
350048,0,30,0,0,0,3,9,6,0,0,200,0,0,1,6,0,200,200,200,200,200
350048,5,30,0,0,0,3,9,6,0,0,200,0,0,0,2,7,1,200,200,200,200
350048,1,30,0,0,0,3,9,6,0,0,200,0,0,0,6,0,200,200,200,200,200
350049,0,25,0,0,0,3,8,6,0,0,0,33,16,1,6,0,1,5,0,200,200
350049,4,25,0,0,0,3,8,6,0,0,0,33,16,0,2,7,12,5,0,200,200
350049,1,25,0,0,0,3,8,6,0,0,0,33,16,0,0,0,200,200,200,200,200
350049,1,25,0,0,0,3,8,6,0,0,0,33,16,0,0,5,200,200,200,200,200
350058,0,30,1,200,0,3,12,2,0,0,0,22,22,0,5,0,4,0,0,200,200
350058,0,30,1,200,0,3,12,2,0,0,0,22,22,1,5,0,200,0,0,200,200
350058,1,30,1,200,0,3,12,2,0,0,0,22,22,0,5,0,200,200,200,200,200
350060,0,30,0,0,0,3,10,5,0,0,0,16,18,1,6,0,3,0,0,200,0
350060,0,30,0,0,0,3,10,5,0,0,0,16,18,0,5,0,0,0,0,200,200
350060,0,30,0,0,0,3,10,5,0,0,0,16,18,0,6,0,0,0,0,200,200
350060,1,30,0,0,0,3,10,5,0,0,0,16,18,1,200,0,200,200,200,200,200
350064,0,30,0,0,0,4,9,5,0,0,0,33,17,0,5,7,1,5,0,200,200
350064,5,30,0,0,0,4,9,5,0,0,0,33,17,0,7,7,0,0,0,200,200
350066,0,0,0,0,0,200,7,7,0,0,0,11,0,0,9,200,10,200,200,200,200
350069,0,30,0,0,0,0,10,5,0,0,0,18,200,0,200,200,3,200,200,200,200
350069,0,30,0,0,0,0,10,5,0,0,0,18,200,0,7,0,0,0,0,200,200
350071,0,40,1,2,0,3,10,3,0,0,0,18,19,0,5,0,3,0,3,200,200
350071,0,40,1,2,0,3,10,3,0,0,0,18,19,1,5,0,0,0,0,200,200
350071,0,40,1,2,0,3,10,3,0,0,0,18,19,0,5,0,0,0,0,200,200
350071,0,40,1,2,0,3,10,3,0,0,0,18,19,0,5,7,0,0,0,200,200
350071,1,40,1,2,0,3,10,3,0,0,0,18,19,0,200,0,200,200,200,200,200
350071,1,40,1,2,0,3,10,3,0,0,0,18,19,0,6,0,200,200,200,200,200
350071,1,40,1,2,0,3,10,3,0,0,0,18,19,0,5,0,200,200,200,200,200
350074,0,30,1,2,0,3,14,2,0,0,200,23,200,0,6,200,7,0,200,200,200
350074,0,30,1,2,0,3,14,2,0,0,200,23,200,0,5,200,200,0,200,200,200
350084,0,0,0,0,0,3,7,7,0,0,0,0,200,0,200,200,10,200,200,200,200
350088,0,30,1,2,0,3,10,3,0,0,0,18,200,1,5,200,3,0,0,200,200
350088,0,30,1,2,0,3,10,3,0,0,0,18,200,1,6,200,0,0,0,200,200
350090,0,0,200,200,0,3,0,5,0,0,200,17,200,0,200,200,1,200,200,200,200
350090,0,0,200,200,0,3,0,5,0,0,200,17,200,1,6,200,0,200,0,200,200
350091,0,15,0,0,0,3,7,2,0,0,0,11,0,0,5,0,12,0,0,200,200
350091,1,15,0,0,0,3,7,2,0,0,0,11,0,0,5,0,200,200,200,200,200
350091,1,15,0,0,0,3,7,2,0,0,0,11,0,0,9,0,200,200,200,200,200
350095,0,30,0,0,0,3,2,5,0,0,0,0,200,1,200,200,200,200,200,200,200
350096,0,30,1,2,0,3,2,5,0,0,0,0,0,0,6,0,11,0,0,200,200
350101,0,20,0,0,2,200,7,6,0,1,0,0,200,2,200,200,200,200,200,200,200
350112,0,30,0,0,0,0,11,5,0,0,200,10,21,0,6,0,9,0,0,200,200
350112,0,30,0,0,0,0,11,5,0,0,200,10,21,0,7,0,0,0,0,200,200
350112,1,30,0,0,0,0,11,5,0,0,200,10,21,1,6,0,200,200,200,200,200
350113,0,30,1,2,0,3,12,5,0,0,200,21,21,0,200,200,2,200,200,200,200
350113,0,30,1,2,0,3,12,5,0,0,200,21,21,0,6,200,12,0,0,200,200
350116,0,30,200,200,0,3,12,2,0,0,0,22,0,2,200,200,2,200,200,200,200
350116,0,30,200,200,0,3,12,2,0,0,0,22,0,1,8,200,0,0,0,200,200
350120,0,30,1,2,0,3,10,5,0,0,200,18,0,1,6,0,3,0,0,200,200
350120,0,30,1,2,0,3,10,5,0,0,200,18,0,0,7,0,0,0,0,200,200
350120,1,30,1,2,0,3,10,5,0,0,200,18,0,1,7,0,200,200,200,200,200
350121,0,15,0,0,0,3,7,6,0,0,200,0,200,2,200,200,1,200,200,200,200
350124,0,15,0,0,0,3,7,6,0,0,0,0,200,2,200,200,200,200,200,200,200
350126,0,25,0,0,0,0,7,200,0,0,12,0,0,0,5,0,0,0,0,200,200
350130,0,30,0,0,0,3,14,2,0,0,0,0,0,0,200,0,0,0,0,200,200
350130,0,30,0,0,0,3,14,2,0,0,0,0,0,1,5,0,200,0,0,200,200
350130,1,30,0,0,0,3,14,2,0,0,0,0,0,1,3,0,200,200,200,200,200
350130,1,30,0,0,0,3,14,2,0,0,0,0,0,1,3,7,200,200,200,200,200
350132,0,30,2,2,0,3,0,5,0,0,0,17,200,1,5,200,1,200,0,200,200
350132,0,30,2,2,0,3,0,5,0,0,0,17,200,0,5,200,12,200,0,200,200
350135,0,30,1,2,0,3,14,5,0,0,0,23,200,1,7,0,7,0,0,200,200
350135,0,30,1,2,0,3,14,5,0,0,0,23,200,0,5,0,0,0,0,200,200
350137,0,30,0,0,0,3,7,2,0,0,0,25,25,0,200,200,8,200,200,200,200
350140,0,30,1,2,0,0,14,5,0,0,0,22,22,1,5,200,7,0,0,200,200
350140,0,30,1,2,0,0,14,5,0,0,0,22,22,0,5,200,0,0,0,200,200
350143,0,10,0,0,200,4,7,7,0,200,200,0,0,2,200,200,200,200,200,200,200
350148,0,30,2,2,12,3,0,5,0,0,0,14,5,0,5,1,8,0,0,200,200
350148,0,30,2,2,12,3,0,5,0,0,0,14,5,0,5,0,0,0,0,200,200
350148,1,30,2,2,12,3,0,5,0,0,0,14,5,1,5,200,200,200,200,200,200
350148,1,30,2,2,12,3,0,5,0,0,0,14,5,1,4,200,200,200,200,200,200
350150,0,35,1,2,0,3,14,5,0,0,0,17,200,0,200,200,1,200,200,200,200
350150,0,35,1,2,0,3,14,5,0,0,0,17,200,1,6,0,0,0,0,200,200
350153,0,30,0,0,0,3,11,5,0,0,0,0,200,0,4,0,0,0,0,200,200
350153,0,30,0,0,0,3,11,5,0,0,0,0,200,0,5,0,0,0,0,200,200
350153,1,30,0,0,0,3,11,5,0,0,0,0,200,1,4,0,200,200,200,200,200
350156,0,30,1,2,0,3,14,5,0,0,0,18,18,0,7,200,3,200,200,200,200
350156,0,30,1,2,0,3,14,5,0,0,0,18,18,0,5,200,12,0,0,200,200
350161,0,30,0,0,0,3,10,6,0,0,200,18,0,0,6,200,3,12,200,200,200
350161,0,30,0,0,0,3,10,6,0,0,200,18,0,0,6,0,0,0,0,200,200
350170,0,35,1,2,0,3,14,2,0,0,0,17,16,1,7,0,1,0,0,200,200
350170,0,35,1,2,0,3,14,2,0,0,0,17,16,0,7,0,12,0,0,200,200
350173,0,30,1,2,0,3,0,5,0,0,0,11,6,1,6,200,1,0,200,200,200
350173,0,30,1,2,0,3,0,5,0,0,0,11,6,0,7,200,0,0,0,200,200
350173,1,30,1,2,0,3,0,5,0,0,0,11,6,0,6,200,200,200,200,200,200
350173,1,30,1,2,0,3,0,5,0,0,0,11,6,1,200,200,200,200,200,200,200
350190,0,30,1,2,0,3,10,5,0,200,200,0,200,0,9,200,200,200,200,200,200
350190,0,30,1,2,0,3,10,5,0,200,200,0,200,1,6,0,0,0,0,200,200
350195,0,30,0,0,0,0,9,5,0,0,200,17,16,1,6,200,1,200,0,200,200
350195,5,30,0,0,0,0,9,5,0,0,200,17,16,0,8,7,0,12,0,200,200
350206,0,25,0,0,0,3,7,5,0,0,0,0,0,2,200,200,200,200,200,200,200
350224,0,30,0,0,0,0,10,5,0,0,0,18,200,0,6,200,3,200,200,200,200
350224,0,30,0,0,0,0,10,5,0,0,0,18,200,0,7,0,0,0,0,200,200
350239,0,30,0,0,0,3,2,3,0,0,0,0,0,0,6,200,200,200,12,200,200
350239,1,30,0,0,0,3,2,3,0,0,0,0,0,1,5,200,200,200,200,200,200
350249,0,35,0,0,0,3,7,2,0,0,0,8,200,0,6,0,200,0,0,200,200
350251,0,30,7,12,0,3,7,2,0,0,200,32,17,0,6,200,12,200,5,200,200
350257,0,30,0,0,0,3,7,5,0,0,0,0,200,0,6,200,200,0,0,200,200
350267,0,30,1,2,0,3,10,2,0,0,0,18,0,0,6,200,3,200,200,200,200
350267,0,30,1,2,0,3,10,2,0,0,0,18,0,1,200,200,0,0,0,200,200
350267,0,30,1,2,0,3,10,2,0,0,0,18,0,0,5,0,0,0,0,200,200
350267,0,30,1,2,0,3,10,2,0,0,0,18,0,0,200,200,0,200,200,200,200
350267,1,30,1,2,0,3,10,2,0,0,0,18,0,1,200,0,200,200,200,200,200
350267,1,30,1,2,0,3,10,2,0,0,0,18,0,0,200,200,200,200,200,200,200
350267,1,30,1,2,0,3,10,2,0,0,0,18,0,1,200,200,200,200,200,200,200
350267,1,30,1,2,0,3,10,2,0,0,0,18,0,1,200,200,200,200,200,200,200
350267,1,30,1,2,0,3,10,2,0,0,0,18,0,1,200,200,200,200,200,200,200
350269,0,30,0,0,0,3,12,12,0,0,0,0,0,0,5,200,200,200,200,200,200
350269,0,30,0,0,0,3,12,12,0,0,0,0,0,0,6,200,0,0,0,200,200
350276,0,25,0,0,0,3,7,6,0,200,0,15,8,0,5,200,12,200,1,200,200
350282,0,30,0,0,0,3,12,5,0,0,0,25,16,2,200,200,200,200,200,200,200
350282,0,30,0,0,0,3,12,5,0,0,0,25,16,0,6,200,0,0,0,200,200
350282,1,30,0,0,0,3,12,5,0,0,0,25,16,1,6,200,200,200,200,200,200
350284,0,30,1,2,0,3,0,5,0,0,0,6,19,0,6,0,5,0,5,200,200
350284,0,30,1,2,0,3,0,5,0,0,0,6,19,0,5,0,0,0,0,200,200
350291,1,30,0,0,0,200,12,5,0,200,200,0,0,2,200,200,200,200,200,200,200
350291,0,30,0,0,0,200,12,5,0,200,200,0,0,2,200,200,200,200,200,200,200
350291,0,30,0,0,0,200,12,5,0,200,200,0,0,0,6,200,200,200,0,200,200
350291,1,30,0,0,0,200,12,5,0,200,200,0,0,2,200,200,200,200,200,200,200
350294,0,20,0,0,0,3,7,6,0,0,0,14,0,1,200,200,8,200,200,200,200
350299,0,30,0,0,0,3,2,5,0,0,0,0,0,2,200,200,200,200,200,200,200
350305,0,30,0,0,0,3,7,5,0,0,0,13,0,1,5,0,200,0,0,200,200
350312,0,30,1,2,0,0,10,2,0,0,0,11,0,1,5,0,12,0,0,200,200
350312,0,30,1,2,0,0,10,2,0,0,0,11,0,1,6,200,0,0,0,200,200
350312,0,30,1,2,0,0,10,2,0,0,0,11,0,1,6,7,0,0,0,200,200
350315,0,30,0,0,0,2,2,2,0,0,0,32,25,1,5,200,12,0,5,200,200
350317,0,25,0,0,0,3,11,6,0,0,0,32,22,1,6,7,7,0,5,200,200
350317,0,25,0,0,0,3,11,6,0,0,0,32,22,0,7,0,0,0,0,200,200
350317,1,25,0,0,0,3,11,6,0,0,0,32,22,1,6,200,200,200,200,200,200
350317,1,25,0,0,0,3,11,6,0,0,0,32,22,0,6,200,200,200,200,200,200
350317,1,25,0,0,0,3,11,6,0,0,0,32,22,0,6,200,200,200,200,200,200
350317,1,25,0,0,0,3,11,6,0,0,0,32,22,1,5,0,200,200,200,200,200
350317,1,25,0,0,0,3,11,6,0,0,0,32,22,0,5,0,200,200,200,200,200
350318,0,30,1,2,0,3,12,5,0,0,0,22,200,0,200,200,4,200,200,200,200
350318,0,30,1,2,0,3,12,5,0,0,0,22,200,0,6,0,0,0,0,200,200
350318,1,30,1,2,0,3,12,5,0,0,0,22,200,0,5,0,200,200,200,200,200
350318,1,30,1,2,0,3,12,5,0,0,0,22,200,0,5,0,200,200,200,200,200
350321,0,30,0,0,0,3,14,5,0,0,0,23,17,0,4,200,1,0,200,200,200
350321,0,30,0,0,0,3,14,5,0,0,0,23,17,1,7,0,0,0,0,200,200
350322,0,30,0,0,0,3,2,5,0,0,0,7,11,1,6,0,12,0,0,200,200
350322,1,30,0,0,0,3,2,5,0,0,0,7,11,1,200,0,200,200,200,200,200
350333,0,20,200,200,0,3,7,5,0,0,200,0,200,2,200,200,200,200,200,200,200
350344,0,30,0,0,0,2,7,5,0,0,0,32,21,0,6,200,12,200,5,200,200
350345,0,30,1,2,0,3,10,2,0,0,0,18,18,1,6,0,3,0,0,200,200
350345,0,30,1,2,0,3,10,2,0,0,0,18,18,0,6,0,0,0,0,200,200
350352,0,0,1,2,0,2,10,5,0,0,0,16,11,0,200,200,8,200,200,200,200
350352,0,0,1,2,0,2,10,5,0,0,0,16,11,1,7,1,0,0,0,200,200
350355,0,30,1,2,0,3,0,6,0,0,200,32,200,0,6,200,5,200,7,200,200
350355,0,30,1,2,0,3,0,6,0,0,200,32,200,0,6,0,0,200,7,200,200
350357,0,30,1,2,0,2,3,1,0,0,0,21,200,0,200,200,4,200,200,200,200
350357,0,30,1,2,0,2,3,1,0,0,0,21,200,0,6,0,12,0,0,200,200
350357,1,30,1,2,0,2,3,1,0,0,0,21,200,1,5,0,200,200,200,200,200
350359,0,30,0,0,0,3,2,2,0,0,0,0,200,0,6,0,0,0,0,200,200
350359,1,30,0,0,0,3,2,2,0,0,0,0,200,0,200,0,200,200,200,200,200
350374,0,30,0,0,0,1,7,5,0,0,0,0,0,2,200,200,200,200,200,200,200
350379,0,30,0,0,0,1,7,5,0,0,0,11,0,0,6,0,12,200,200,200,200
350384,0,30,0,0,0,1,14,2,0,0,0,0,0,0,6,200,200,0,0,200,200
350384,0,30,0,0,0,1,14,2,0,0,0,0,0,0,5,200,200,200,200,200,200
350388,0,30,0,0,0,2,7,6,0,0,3,0,0,0,6,200,200,200,1,200,200
350397,0,25,0,0,0,2,7,5,0,0,0,12,12,1,8,0,12,0,0,200,200
350408,0,30,2,2,0,1,0,3,0,0,0,6,200,0,200,200,5,200,200,200,200
350408,0,30,2,2,0,1,0,3,0,0,0,6,200,1,7,0,0,0,0,200,200
350408,1,30,2,2,0,1,0,3,0,0,0,6,200,200,200,0,200,200,200,200,200
350422,0,25,0,0,0,1,7,7,0,0,0,8,0,1,8,0,12,6,0,200,200
350426,0,30,1,2,0,2,10,5,0,0,0,0,0,1,200,200,200,200,200,200,200
350426,0,30,1,2,0,2,10,5,0,0,0,0,0,0,7,0,0,0,5,200,200
350433,0,30,1,200,2,1,2,5,0,0,200,23,0,0,6,200,7,200,0,200,200
350434,0,30,1,2,0,1,0,5,0,0,0,0,200,0,6,0,0,0,0,200,200
350434,0,30,1,2,0,1,0,5,0,0,0,0,200,1,6,0,0,0,0,200,200
350437,0,20,0,0,0,1,7,6,0,0,0,15,0,0,200,200,8,200,200,200,200
350447,0,30,0,0,200,200,7,5,0,200,200,0,0,2,200,200,200,200,200,200,200
350456,0,0,0,0,0,1,7,5,0,0,0,20,11,1,7,0,6,0,0,200,200
350467,0,30,1,2,0,1,7,2,0,0,0,0,23,0,6,200,7,0,0,200,200
350476,0,20,0,0,0,1,7,200,0,0,200,14,200,0,200,200,200,200,200,200,200
350476,5,20,0,0,0,1,7,200,0,0,200,14,200,1,6,200,200,200,7,200,200
350489,0,30,1,2,0,1,10,5,0,0,0,0,200,0,200,200,200,200,200,200,200
350489,0,30,1,2,0,1,10,5,0,0,0,0,200,1,6,200,0,0,0,200,200
350489,1,30,1,2,0,1,10,5,0,0,0,0,200,0,200,200,200,200,200,200,200
350497,0,30,1,2,0,1,3,2,0,0,0,20,200,1,5,200,6,0,0,200,0
350497,0,30,1,2,0,1,3,2,0,0,0,20,200,1,6,200,0,0,0,200,200
350499,0,30,1,2,0,1,0,6,0,0,0,0,200,1,6,0,0,0,0,200,200
350499,0,30,1,2,0,1,0,6,0,0,0,0,200,1,8,0,0,0,0,200,200
350499,1,30,1,2,0,1,0,6,0,0,0,0,200,0,5,0,200,200,200,200,200
350499,1,30,1,2,0,1,0,6,0,0,0,0,200,1,200,0,200,200,200,200,200
350500,0,30,0,0,0,1,7,5,0,0,0,0,0,0,8,0,2,0,0,200,200
350500,1,30,0,0,0,1,7,5,0,0,0,0,0,0,5,0,200,200,200,200,200
350500,1,30,0,0,0,1,7,5,0,0,0,0,0,1,5,0,200,200,200,200,200
350501,0,30,0,0,0,0,7,6,0,0,0,0,200,2,200,200,200,200,200,200,200
350504,0,30,0,0,0,1,10,2,0,0,0,200,200,0,5,200,0,200,200,200,200
350504,0,30,0,0,0,1,10,2,0,0,0,200,200,1,5,0,0,0,0,200,200
350504,1,30,0,0,0,1,10,2,0,0,0,200,200,1,200,1,200,200,200,200,200
350504,1,30,0,0,0,1,10,2,0,0,0,200,200,0,200,5,200,200,200,200,200
350504,1,30,0,0,0,1,10,2,0,0,0,200,200,1,200,5,200,200,200,200,200
350510,0,30,0,0,0,1,12,2,0,0,200,16,18,0,5,200,3,0,0,200,200
350510,0,30,0,0,0,1,12,2,0,0,200,16,18,0,4,200,12,200,0,200,200
350510,1,30,0,0,0,1,12,2,0,0,200,16,18,0,4,200,200,200,200,200,200
350516,0,25,0,200,0,4,7,5,0,0,200,0,200,2,200,200,200,200,200,200,200
350518,0,30,1,2,0,1,12,5,0,0,0,22,17,0,200,200,2,200,200,200,200
350518,0,30,1,2,0,1,12,5,0,0,0,22,17,0,6,7,2,0,0,200,200
350521,0,30,0,0,0,1,12,2,0,0,0,17,0,0,7,0,1,0,0,200,200
350521,0,30,0,0,0,1,12,2,0,0,0,17,0,0,6,0,0,0,0,200,200
350522,0,0,1,2,0,1,14,6,0,0,0,23,21,0,200,200,7,200,200,200,200
350522,0,0,1,2,0,1,14,6,0,0,0,23,21,1,7,0,0,0,0,200,200
350529,0,30,0,0,2,1,12,5,0,0,0,22,0,0,6,0,1,200,0,200,200
350529,0,30,0,0,2,1,12,5,0,0,0,22,0,0,6,0,0,200,0,200,200
350534,0,30,0,0,200,200,7,5,0,200,200,0,0,2,200,200,200,200,200,200,200
350535,0,30,0,0,200,200,7,2,0,200,0,18,200,2,200,200,3,200,200,200,200
350540,0,30,0,0,0,3,7,5,0,0,1,0,0,2,200,200,200,200,200,200,200
350554,4,25,1,2,0,1,8,6,0,0,0,6,200,1,8,3,5,0,0,200,200
350554,0,25,1,2,0,1,8,6,0,0,0,6,200,1,6,0,200,0,0,200,200
350554,1,25,1,2,0,1,8,6,0,0,0,6,200,1,7,0,200,200,200,200,200
350554,1,25,1,2,0,1,8,6,0,0,0,6,200,1,1,5,200,200,200,200,200
350554,1,25,1,2,0,1,8,6,0,0,0,6,200,1,2,0,200,200,200,200,200
350554,1,25,1,2,0,1,8,6,0,0,0,6,200,1,0,5,200,200,200,200,200
350555,0,20,0,0,200,200,7,5,0,200,200,0,0,2,200,200,200,200,200,200,200
350557,0,30,2,2,0,1,14,5,0,0,200,33,200,0,6,200,0,5,0,200,200
350557,0,30,2,2,0,1,14,5,0,0,200,33,200,1,5,3,0,0,7,200,200
350559,0,20,0,0,0,1,2,6,0,0,0,14,16,0,6,0,8,0,0,200,200
350570,0,30,0,0,200,1,10,5,0,200,0,0,200,0,6,200,200,200,200,200,200
350570,0,30,0,0,200,1,10,5,0,200,0,0,200,0,7,0,0,0,0,200,200
350577,0,25,0,0,0,1,0,5,0,0,0,0,0,2,200,200,200,200,200,200,200
350577,0,25,0,0,0,1,0,5,0,0,0,0,0,1,6,0,0,0,0,200,200
350581,0,35,1,2,0,1,12,5,0,0,0,22,0,1,5,0,0,0,0,200,200
350581,0,35,1,2,0,1,12,5,0,0,0,22,0,0,200,200,2,200,200,200,200
350588,0,30,2,2,0,1,10,5,0,0,0,18,8,1,4,0,3,0,0,200,200
350588,0,30,2,2,0,1,10,5,0,0,0,18,8,1,9,0,0,0,0,200,200
350590,0,30,200,200,200,200,7,5,0,200,200,0,0,2,200,200,200,200,200,200,200
350591,0,30,1,2,0,1,10,5,0,0,0,18,200,0,200,200,3,0,0,200,200
350591,0,30,1,2,0,1,10,5,0,0,0,18,200,0,8,0,0,0,0,200,200
350591,1,30,1,2,0,1,10,5,0,0,0,18,200,0,200,0,200,200,200,200,200
350591,1,30,1,2,0,1,10,5,0,0,0,18,200,1,200,0,200,200,200,200,200
350591,1,30,1,2,0,1,10,5,0,0,0,18,200,1,200,0,200,200,200,200,200
350607,0,30,0,0,0,1,10,3,0,0,0,0,0,0,7,0,12,0,0,200,200
350607,0,30,0,0,0,1,10,3,0,0,0,0,0,0,7,0,0,0,0,200,200
350608,0,40,0,0,0,1,10,3,0,0,0,18,200,0,6,0,0,0,0,200,200
350608,0,40,0,0,0,1,10,3,0,0,0,18,200,0,6,0,3,0,0,200,200
350608,1,40,0,0,0,1,10,3,0,0,0,18,200,0,6,0,200,200,200,200,200
350615,0,30,2,12,2,1,0,5,0,1,0,0,17,0,4,0,1,1,0,200,200
350615,0,30,2,12,2,1,0,5,0,1,0,0,17,1,6,0,0,0,0,200,200
350615,1,30,2,12,2,1,0,5,0,1,0,0,17,0,6,0,200,200,200,200,200
350619,0,30,1,2,0,1,10,5,0,0,0,18,200,0,4,0,3,200,0,200,200
350619,0,30,1,2,0,1,10,5,0,0,0,18,200,0,5,0,0,0,0,200,200
350621,0,30,0,0,0,3,8,5,0,0,0,0,0,1,200,200,200,200,200,200,200
350621,4,30,0,0,0,3,8,5,0,0,0,0,0,0,6,2,200,200,5,200,200
350629,0,30,0,0,0,1,10,5,0,0,0,18,200,1,5,0,3,0,0,200,200
350629,0,30,0,0,0,1,10,5,0,0,0,18,200,1,8,0,0,0,0,200,200
350635,0,30,0,0,0,1,7,6,0,0,0,0,0,2,200,200,200,200,200,200,200
350642,0,30,0,0,0,1,7,2,0,0,0,11,200,1,6,200,0,200,0,200,200