RD_NO,PERSON_TYPE,POSTED_SPEED_LIMIT,TRAFFIC_CONTROL_DEVICE,DEVICE_CONDITION,WEATHER_CONDITION,LIGHTING_CONDITION,FIRST_CRASH_TYPE,TRAFFICWAY_TYPE,ALIGNMENT,ROADWAY_SURFACE_COND,ROAD_DEFECT,PRIM_CONTRIBUTORY_CAUSE,SEC_CONTRIBUTORY_CAUSE,SEX,AGE,SAFETY_EQUIPMENT,DRIVER_ACTION,DRIVER_VISION,PHYSICAL_CONDITION,BAC_RESULT VALUE,CELL_PHONE_USE
350650,0,20,0,0,0,3,7,5,0,0,0,18,0,0,200,200,3,200,200,200,200
350650,1,20,0,0,0,3,7,5,0,0,0,18,0,1,5,0,200,200,200,200,200
350650,1,20,0,0,0,3,7,5,0,0,0,18,0,1,6,0,200,200,200,200,200
350652,0,30,1,2,0,1,0,2,0,0,0,0,200,1,6,0,12,0,0,200,200
350652,0,30,1,2,0,1,0,2,0,0,0,0,200,0,200,200,200,200,200,200,200
350652,1,30,1,2,0,1,0,2,0,0,0,0,200,1,200,0,200,200,200,200,200
350663,0,35,0,0,0,1,10,3,0,0,0,18,200,0,200,200,3,200,200,200,200
350663,0,35,0,0,0,1,10,3,0,0,0,18,200,1,6,0,0,0,0,200,200
350672,0,35,0,0,0,1,14,2,0,0,0,16,200,0,4,200,8,200,0,200,200
350672,0,35,0,0,0,1,14,2,0,0,0,16,200,0,8,200,0,200,0,200,200
350672,0,35,0,0,0,1,14,2,0,0,0,16,200,0,9,200,0,200,0,200,200
350674,0,30,1,2,0,1,14,5,0,0,0,17,11,0,6,0,1,0,0,200,200
350674,0,30,1,2,0,1,14,5,0,0,0,17,11,0,6,0,0,0,0,200,200
350674,1,30,1,2,0,1,14,5,0,0,0,17,11,0,3,1,200,200,200,200,200
350674,1,30,1,2,0,1,14,5,0,0,0,17,11,1,6,0,200,200,200,200,200
350675,0,30,1,2,0,1,10,5,0,0,200,23,200,1,200,200,7,200,200,200,200
350675,0,30,1,2,0,1,10,5,0,0,200,23,200,0,6,0,0,200,0,200,200
350683,0,30,0,0,0,1,7,6,0,0,0,0,0,2,200,200,200,200,200,200,200
350689,0,30,2,2,0,1,7,5,0,0,0,0,200,2,200,200,200,200,200,200,200
350691,0,30,0,0,0,1,10,5,0,0,0,18,18,1,200,200,8,200,200,200,200
350691,0,30,0,0,0,1,10,5,0,0,0,18,18,0,6,0,0,0,0,200,200
350691,0,30,0,0,0,1,10,5,0,0,0,18,18,1,5,0,0,0,0,200,200
350691,1,30,0,0,0,1,10,5,0,0,0,18,18,0,2,0,200,200,200,200,200
350693,0,30,2,2,0,1,0,5,0,0,0,17,200,1,200,0,1,0,0,200,200
350693,0,30,2,2,0,1,0,5,0,0,0,17,200,1,200,0,0,0,0,200,200
350693,1,30,2,2,0,1,0,5,0,0,0,17,200,1,200,0,200,200,200,200,200
350693,1,30,2,2,0,1,0,5,0,0,0,17,200,1,200,0,200,200,200,200,200
350699,0,30,1,2,0,1,12,2,0,0,0,4,200,1,6,200,1,0,0,200,200
350699,0,30,1,2,0,1,12,2,0,0,0,4,200,1,5,0,0,0,0,200,200
350701,4,30,1,1,0,1,8,2,0,0,0,11,200,0,6,7,12,0,0,200,200
350701,0,30,1,1,0,1,8,2,0,0,0,11,200,0,6,0,12,0,0,200,200
350705,0,30,0,0,0,1,7,2,0,0,0,0,200,2,200,200,200,200,200,200,200
350707,0,30,0,0,0,1,9,5,3,0,0,0,0,0,6,200,1,200,0,200,200
350707,5,30,0,0,0,1,9,5,3,0,0,0,0,0,0,7,0,200,7,200,200
350707,5,30,0,0,0,1,9,5,3,0,0,0,0,0,2,7,0,200,0,200,200
350710,0,30,1,2,0,2,0,5,0,0,0,6,17,1,6,0,5,200,0,200,200
350710,0,30,1,2,0,2,0,5,0,0,0,6,17,1,5,0,0,0,0,200,200
350710,1,30,1,2,0,2,0,5,0,0,0,6,17,1,5,0,200,200,200,200,200
350710,1,30,1,2,0,2,0,5,0,0,0,6,17,1,5,0,200,200,200,200,200
350710,1,30,1,2,0,2,0,5,0,0,0,6,17,1,5,0,200,200,200,200,200
350710,1,30,1,2,0,2,0,5,0,0,0,6,17,1,5,0,200,200,200,200,200
350710,1,30,1,2,0,2,0,5,0,0,0,6,17,1,6,0,200,200,200,200,200
350715,0,30,0,0,0,1,7,6,0,0,200,0,0,0,200,200,200,200,200,200,200
350728,0,30,0,0,0,1,10,5,0,0,1,0,200,1,7,0,12,12,0,200,200
350728,0,30,0,0,0,1,10,5,0,0,1,0,200,0,5,0,0,0,0,200,200
350728,1,30,0,0,0,1,10,5,0,0,1,0,200,0,6,0,200,200,200,200,200
350731,0,30,0,0,0,0,7,5,0,0,0,20,200,0,200,200,200,200,200,200,200
350739,0,5,0,0,0,1,10,12,0,0,200,20,20,1,200,200,6,200,200,200,200
350739,0,5,0,0,0,1,10,12,0,0,200,20,20,1,6,0,0,0,0,200,200
350743,0,30,2,12,0,1,0,5,0,0,0,0,0,0,6,200,1,200,0,200,200
350743,0,30,2,12,0,1,0,5,0,0,0,0,0,1,6,7,0,0,12,200,200
350747,0,10,0,0,0,1,7,7,0,0,0,0,0,2,200,200,200,200,200,200,200
350748,0,30,0,0,0,4,10,5,0,0,0,200,200,1,6,0,0,0,0,200,200
350748,0,30,0,0,0,4,10,5,0,0,0,200,200,1,7,1,0,0,0,200,200
350748,0,30,0,0,0,4,10,5,0,0,0,200,200,0,7,200,0,200,200,200,200
350748,1,30,0,0,0,4,10,5,0,0,0,200,200,0,200,0,200,200,200,200,200
350749,0,30,0,0,0,1,14,2,0,0,0,4,17,0,5,200,7,0,0,200,200
350749,0,30,0,0,0,1,14,2,0,0,0,4,17,0,5,200,0,0,0,200,200
350758,0,30,0,0,0,1,11,7,0,0,0,20,17,0,5,0,6,0,0,200,200
350758,0,30,0,0,0,1,11,7,0,0,0,20,17,1,5,0,6,0,0,200,200
350762,0,30,0,0,0,3,10,5,0,0,0,18,200,0,200,0,3,0,0,200,200
350762,0,30,0,0,0,3,10,5,0,0,0,18,200,0,200,200,0,200,200,200,200
350765,0,30,0,0,0,3,12,5,0,0,0,0,200,1,200,200,200,200,200,200,200
350765,0,30,0,0,0,3,12,5,0,0,0,0,200,1,5,7,200,0,0,200,200
350772,0,30,2,2,0,1,10,5,0,0,0,0,0,1,6,0,200,0,0,200,200
350772,0,30,2,2,0,1,10,5,0,0,0,0,0,0,6,0,200,0,0,200,200
350772,1,30,2,2,0,1,10,5,0,0,0,0,0,1,200,0,200,200,200,200,200
350775,0,30,0,0,0,1,7,5,0,0,0,0,200,0,200,0,10,0,0,200,200
350775,1,30,0,0,0,1,7,5,0,0,0,0,200,0,200,0,200,200,200,200,200
350801,0,30,2,0,0,1,10,6,0,0,0,20,10,1,8,0,6,0,0,200,200
350801,0,30,2,0,0,1,10,6,0,0,0,20,10,1,6,0,0,0,0,200,200
350801,1,30,2,0,0,1,10,6,0,0,0,20,10,0,200,0,200,200,200,200,200
350807,0,30,0,0,0,1,7,6,0,0,0,0,0,2,200,200,200,200,200,200,200
350810,0,25,0,12,0,1,7,2,0,0,0,200,200,0,6,0,7,0,0,200,0
350815,0,30,1,2,0,1,10,2,0,0,0,0,0,1,3,0,3,0,0,200,200
350815,0,30,1,2,0,1,10,2,0,0,0,0,0,0,5,0,0,0,0,200,200
350817,0,20,2,0,0,3,7,5,2,0,0,16,200,2,200,200,200,200,200,200,200
350821,0,35,1,2,0,1,10,5,0,0,0,18,200,1,6,200,200,200,0,200,200
350821,0,35,1,2,0,1,10,5,0,0,0,18,200,1,7,0,0,0,0,200,200
350821,1,35,1,2,0,1,10,5,0,0,0,18,200,0,2,0,200,200,200,200,200
350822,0,30,1,2,0,0,14,5,0,0,0,0,0,2,200,200,200,200,200,200,200
350822,0,30,1,2,0,0,14,5,0,0,0,0,0,1,6,0,12,200,200,200,200
350823,0,35,0,0,0,1,10,5,0,0,0,0,0,0,200,200,1,200,200,200,200
350823,0,35,0,0,0,1,10,5,0,0,0,0,0,0,6,0,0,0,0,200,200
350825,0,30,200,200,0,200,10,5,0,200,200,0,200,0,200,200,200,200,200,200,200
350825,0,30,200,200,0,200,10,5,0,200,200,0,200,0,6,200,200,200,0,200,200
350825,0,30,200,200,0,200,10,5,0,200,200,0,200,0,6,200,200,200,0,200,200
350825,0,30,200,200,0,200,10,5,0,200,200,0,200,2,200,200,200,200,200,200,200
350829,0,30,2,2,0,1,0,2,0,0,0,17,200,1,5,200,1,0,0,200,200
350829,0,30,2,2,0,1,0,2,0,0,0,17,200,1,7,200,0,0,0,200,200
350832,0,30,1,2,0,1,14,5,0,0,0,17,17,1,4,0,1,200,0,200,200
350832,0,30,1,2,0,1,14,5,0,0,0,17,17,0,6,0,0,0,0,200,200
350832,1,30,1,2,0,1,14,5,0,0,0,17,17,200,200,200,200,200,200,200,200
350832,1,30,1,2,0,1,14,5,0,0,0,17,17,200,200,200,200,200,200,200,200
350835,0,30,0,0,0,1,12,6,2,0,0,22,200,2,200,200,4,200,200,200,200
350835,0,30,0,0,0,1,12,6,2,0,0,22,200,0,6,200,0,200,0,200,200
350836,0,10,0,0,0,1,7,7,0,0,200,0,200,0,6,0,12,200,0,200,200
350836,1,10,0,0,0,1,7,7,0,0,200,0,200,1,200,1,200,200,200,200,200
350836,1,10,0,0,0,1,7,7,0,0,200,0,200,0,200,1,200,200,200,200,200
350841,0,30,1,2,0,1,14,5,0,0,0,11,3,0,200,200,5,200,200,200,200
350841,0,30,1,2,0,1,14,5,0,0,0,11,3,1,6,200,1,0,0,200,200
350841,1,30,1,2,0,1,14,5,0,0,0,11,3,1,3,200,200,200,200,200,200
350841,1,30,1,2,0,1,14,5,0,0,0,11,3,1,5,0,200,200,200,200,200
350841,1,30,1,2,0,1,14,5,0,0,0,11,3,0,200,200,200,200,200,200,200
350841,1,30,1,2,0,1,14,5,0,0,0,11,3,0,200,200,200,200,200,200,200
350841,1,30,1,2,0,1,14,5,0,0,0,11,3,1,5,200,200,200,200,200,200
350841,1,30,1,2,0,1,14,5,0,0,0,11,3,1,1,5,200,200,200,200,200
350844,0,20,0,0,0,1,12,2,0,0,0,22,22,0,5,200,4,200,0,200,200
350844,0,20,0,0,0,1,12,2,0,0,0,22,22,0,5,0,0,200,0,200,200
350852,0,30,0,0,0,1,12,6,0,0,200,16,17,1,6,200,1,200,0,200,200
350852,0,30,0,0,0,1,12,6,0,0,200,16,17,1,5,200,0,0,0,200,200
350852,1,30,0,0,0,1,12,6,0,0,200,16,17,1,0,200,200,200,200,200,200
350856,0,30,1,2,0,1,0,2,0,0,200,0,200,0,7,200,200,200,0,200,200
350856,0,30,1,2,0,1,0,2,0,0,200,0,200,1,7,200,200,200,0,200,200
350860,0,30,0,0,0,1,14,5,0,0,0,22,200,0,5,3,12,0,0,200,200
350860,0,30,0,0,0,1,14,5,0,0,0,22,200,0,8,0,0,0,0,200,200
350860,1,30,0,0,0,1,14,5,0,0,0,22,200,200,200,7,200,200,200,200,200
350862,0,25,0,0,200,200,7,6,0,200,0,0,200,2,200,200,200,200,200,200,200
350863,0,30,1,2,0,0,10,5,3,0,200,18,0,0,6,200,3,200,200,200,200
350863,0,30,1,2,0,0,10,5,3,0,200,18,0,0,6,0,0,200,200,200,200
350863,0,30,1,2,0,0,10,5,3,0,200,18,0,1,6,200,0,200,200,200,200
350866,0,30,0,0,0,1,7,2,2,0,0,16,200,2,200,200,200,200,200,200,200
350867,0,30,0,0,0,1,10,5,0,0,0,200,200,0,8,0,0,0,0,200,200
350867,0,30,0,0,0,1,10,5,0,0,0,200,200,0,4,0,0,0,0,200,200
350867,1,30,0,0,0,1,10,5,0,0,0,200,200,0,200,0,200,200,200,200,200
350867,1,30,0,0,0,1,10,5,0,0,0,200,200,1,200,0,200,200,200,200,200
350867,1,30,0,0,0,1,10,5,0,0,0,200,200,1,200,0,200,200,200,200,200
350870,0,30,0,0,0,1,10,5,0,0,0,18,16,0,6,200,3,200,0,200,200
350870,0,30,0,0,0,1,10,5,0,0,0,18,16,1,5,0,0,0,0,200,200
350870,1,30,0,0,0,1,10,5,0,0,0,18,16,1,200,0,200,200,200,200,200
350879,0,30,0,0,0,4,7,7,0,0,0,0,200,2,200,200,200,200,200,200,200
350880,0,30,0,0,0,1,10,2,0,0,0,16,0,1,6,200,8,0,0,200,200
350880,0,30,0,0,0,1,10,2,0,0,0,16,0,1,6,200,0,0,0,200,200
350881,0,40,0,0,0,1,10,3,4,0,0,0,0,1,6,0,200,0,0,200,200
350881,0,40,0,0,0,1,10,3,4,0,0,0,0,0,5,200,0,0,0,200,200
350881,1,40,0,0,0,1,10,3,4,0,0,0,0,0,4,0,200,200,200,200,200
350881,1,40,0,0,0,1,10,3,4,0,0,0,0,1,4,0,200,200,200,200,200
350883,0,35,0,0,0,1,12,2,0,0,0,21,21,0,200,7,4,0,0,200,200
350883,0,35,0,0,0,1,12,2,0,0,0,21,21,1,6,7,0,0,0,200,200
350885,0,40,1,2,0,1,10,3,0,0,0,0,0,1,200,200,200,0,0,200,200
350885,0,40,1,2,0,1,10,3,0,0,0,0,0,0,200,0,200,0,0,200,200
350890,0,5,200,200,200,200,10,7,0,200,200,0,0,0,200,200,200,200,200,200,200
350890,0,5,200,200,200,200,10,7,0,200,200,0,0,0,6,200,200,200,200,200,200
350898,0,25,1,2,0,1,9,5,0,0,0,17,200,0,9,0,1,0,0,200,200
350898,5,25,1,2,0,1,9,5,0,0,0,17,200,1,6,7,0,0,0,200,200
350900,0,30,200,200,0,1,12,6,0,0,200,0,200,0,6,200,200,200,0,200,200
350900,0,30,200,200,0,1,12,6,0,0,200,0,200,0,7,200,200,200,0,200,200
350902,0,30,1,2,0,1,10,2,0,0,200,18,0,0,6,0,3,0,0,200,200
350902,0,30,1,2,0,1,10,2,0,0,200,18,0,1,5,200,0,200,200,200,200
350904,0,30,0,0,0,1,14,5,0,0,0,0,0,0,200,200,200,200,200,200,200
350904,0,30,0,0,0,1,14,5,0,0,0,0,0,1,6,200,0,0,0,200,200
350906,0,15,0,0,0,1,2,0,0,0,0,0,0,1,5,200,200,200,0,200,200
350908,0,30,0,0,0,1,7,5,0,0,0,0,0,0,200,200,200,200,200,200,200
350910,0,30,200,200,200,200,7,5,0,200,200,0,200,2,200,200,200,200,200,200,200
350911,0,30,1,2,0,1,0,5,0,0,0,6,200,1,6,0,0,0,0,200,200
350911,0,30,1,2,0,1,0,5,0,0,0,6,200,1,4,0,0,0,0,200,200
350911,1,30,1,2,0,1,0,5,0,0,0,6,200,1,6,0,200,200,200,200,200
350913,0,40,1,2,0,1,11,3,0,0,0,0,200,2,200,200,200,200,200,200,200
350913,0,40,1,2,0,1,11,3,0,0,0,0,200,0,6,0,200,200,0,200,200
350913,1,40,1,2,0,1,11,3,0,0,0,0,200,0,3,0,200,200,200,200,200
350913,1,40,1,2,0,1,11,3,0,0,0,0,200,0,3,0,200,200,200,200,200
350913,1,40,1,2,0,1,11,3,0,0,0,0,200,1,2,0,200,200,200,200,200
350914,0,30,2,2,0,1,9,5,0,0,0,17,0,1,5,200,1,200,0,200,200
350914,5,30,2,2,0,1,9,5,0,0,0,17,0,0,200,7,200,200,200,200,200
350918,0,30,0,0,200,200,7,6,0,200,0,0,0,2,200,200,200,200,200,200,200
350923,0,30,0,0,0,1,7,5,0,0,0,200,200,1,8,200,0,200,0,200,200
350927,0,30,2,2,0,1,14,5,0,0,0,21,25,0,200,200,7,200,200,200,200
350927,0,30,2,2,0,1,14,5,0,0,0,21,25,1,4,200,0,0,0,200,200
350929,0,30,0,0,0,0,12,6,0,0,0,22,200,0,6,200,4,200,200,200,200
350929,0,30,0,0,0,0,12,6,0,0,0,22,200,0,4,0,0,0,0,200,200
350930,0,30,0,0,0,1,5,2,0,0,0,200,200,0,6,0,0,0,0,200,200
350932,0,30,1,2,0,1,12,5,0,0,0,0,0,1,200,200,12,200,0,200,200
350932,0,30,1,2,0,1,12,5,0,0,0,0,0,0,200,200,0,0,0,200,200
350932,1,30,1,2,0,1,12,5,0,0,0,0,0,1,200,200,200,200,200,200,200
350932,1,30,1,2,0,1,12,5,0,0,0,0,0,0,200,200,200,200,200,200,200
350932,1,30,1,2,0,1,12,5,0,0,0,0,0,0,200,200,200,200,200,200,200
350932,1,30,1,2,0,1,12,5,0,0,0,0,0,1,200,200,200,200,200,200,200
350936,0,30,200,200,0,1,0,5,0,0,200,0,200,0,7,200,200,200,0,200,200
350936,0,30,200,200,0,1,0,5,0,0,200,0,200,0,6,200,200,200,0,200,200
350941,0,30,0,0,1,1,12,5,0,200,200,18,16,0,200,200,3,200,200,200,200
350941,0,30,0,0,1,1,12,5,0,200,200,18,16,1,4,200,0,200,12,200,200
350949,0,35,0,0,0,1,12,2,0,0,0,17,200,0,4,200,1,0,0,200,200
350949,0,35,0,0,0,1,12,2,0,0,0,17,200,0,5,200,0,0,0,200,200
350953,0,30,1,2,0,1,12,5,0,0,0,21,200,1,200,0,4,0,0,200,200
350953,0,30,1,2,0,1,12,5,0,0,0,21,200,0,200,0,0,0,0,200,200
350953,1,30,1,2,0,1,12,5,0,0,0,21,200,0,200,0,200,200,200,200,200
350953,1,30,1,2,0,1,12,5,0,0,0,21,200,1,200,0,200,200,200,200,200
350953,1,30,1,2,0,1,12,5,0,0,0,21,200,0,200,5,200,200,200,200,200
350960,0,30,2,0,0,1,7,6,0,0,0,16,11,0,5,200,200,200,0,200,200
350960,1,30,2,0,0,1,7,6,0,0,0,16,11,0,200,200,200,200,200,200,200
350961,0,30,0,0,0,1,7,6,0,0,0,7,0,1,7,200,12,0,0,200,200
350963,0,30,0,0,0,1,7,5,0,200,200,0,0,2,200,200,6,200,200,200,200
350967,0,30,1,2,0,1,10,5,0,0,0,0,200,0,7,200,200,200,200,200,200
350967,0,30,1,2,0,1,10,5,0,0,0,0,200,0,5,0,200,0,0,200,200
350968,0,35,200,200,0,1,7,2,0,200,200,200,200,0,7,200,200,200,200,200,200
350971,0,25,0,0,0,1,11,5,0,0,0,0,200,0,200,200,200,200,200,200,200
350971,0,25,0,0,0,1,11,5,0,0,0,0,200,0,5,200,0,200,0,200,200
350979,0,30,0,0,0,1,12,5,0,0,0,22,16,1,8,0,4,0,0,200,200
350979,0,30,0,0,0,1,12,5,0,0,0,22,16,0,7,0,0,0,0,200,200
350979,1,30,0,0,0,1,12,5,0,0,0,22,16,0,200,0,200,200,200,200,200
350979,1,30,0,0,0,1,12,5,0,0,0,22,16,1,200,0,200,200,200,200,200
350984,0,30,1,2,0,1,10,5,0,0,0,18,0,0,6,0,3,0,0,200,200
350984,0,30,1,2,0,1,10,5,0,0,0,18,0,1,200,0,0,0,0,200,200
350985,0,40,0,0,2,1,2,3,3,1,0,34,12,0,6,3,200,0,0,200,200
350990,0,35,0,0,0,1,14,2,0,0,0,23,23,1,200,200,7,200,200,200,200
350990,0,35,0,0,0,1,14,2,0,0,0,23,23,1,6,7,0,0,0,200,200
350994,0,30,1,2,0,3,10,5,0,0,0,20,200,0,4,0,6,0,0,200,200
350994,0,30,1,2,0,3,10,5,0,0,0,20,200,1,8,0,0,0,0,200,200
351003,0,30,1,2,0,1,14,3,0,0,0,17,0,1,0,200,1,0,0,200,200
351003,0,30,1,2,0,1,14,3,0,0,0,17,0,1,5,200,12,0,0,200,200
351003,1,30,1,2,0,1,14,3,0,0,0,17,0,1,3,200,200,200,200,200,200
351003,1,30,1,2,0,1,14,3,0,0,0,17,0,0,2,200,200,200,200,200,200
351003,1,30,1,2,0,1,14,3,0,0,0,17,0,0,3,200,200,200,200,200,200
351003,1,30,1,2,0,1,14,3,0,0,0,17,0,200,5,200,200,200,200,200,200
351005,0,30,1,2,0,1,10,5,0,0,0,16,200,1,5,0,200,0,0,200,200
351005,0,30,1,2,0,1,10,5,0,0,0,16,200,1,7,0,200,0,0,200,200
351005,1,30,1,2,0,1,10,5,0,0,0,16,200,200,200,0,200,200,200,200,200
351014,0,30,1,2,0,1,0,5,0,0,0,0,0,1,5,0,1,0,0,200,200
351014,0,30,1,2,0,1,0,5,0,0,0,0,0,1,7,0,12,0,0,200,200
351015,0,30,1,2,0,1,10,5,0,0,0,18,200,1,8,0,3,0,0,200,200
351015,0,30,1,2,0,1,10,5,0,0,0,18,200,0,5,0,0,0,0,200,200
351018,0,30,1,2,0,1,14,5,0,0,0,200,200,0,200,0,200,200,0,200,200
351018,0,30,1,2,0,1,14,5,0,0,0,200,200,1,7,0,200,200,0,200,200
351019,0,30,0,0,2,1,14,5,0,1,0,17,200,0,6,0,1,0,0,200,200
351019,0,30,0,0,2,1,14,5,0,1,0,17,200,1,5,0,0,0,0,200,200
351019,1,30,0,0,2,1,14,5,0,1,0,17,200,0,200,1,200,200,200,200,200
351022,0,30,0,0,0,1,10,5,0,0,0,0,0,0,9,200,200,200,200,200,200
351022,0,30,0,0,0,1,10,5,0,0,0,0,0,0,8,200,0,0,0,200,200
351022,1,30,0,0,0,1,10,5,0,0,0,0,0,0,7,200,200,200,200,200,200
351023,0,30,200,0,0,1,10,5,0,0,0,4,0,0,5,0,3,0,0,200,200
351023,0,30,200,0,0,1,10,5,0,0,0,4,0,1,7,0,0,0,0,200,200
351023,1,30,200,0,0,1,10,5,0,0,0,4,0,0,3,0,200,200,200,200,200
351027,0,30,0,0,0,1,10,5,0,0,0,18,18,1,6,200,3,0,200,200,200
351027,0,30,0,0,0,1,10,5,0,0,0,18,18,0,7,0,0,0,0,200,200
351032,0,10,0,0,0,1,7,7,0,0,200,0,200,1,200,200,200,200,200,200,200
351033,0,30,0,0,0,1,12,6,0,0,0,11,22,0,4,200,2,0,0,200,200
351033,0,30,0,0,0,1,12,6,0,0,0,11,22,0,5,200,0,0,0,200,200
351033,0,30,0,0,0,1,12,6,0,0,0,11,22,0,200,200,0,200,200,200,200
351035,0,30,1,2,0,1,10,2,0,0,0,18,11,2,200,200,3,200,200,200,200
351035,0,30,1,2,0,1,10,2,0,0,0,18,11,0,5,0,0,0,0,200,200
351035,0,30,1,2,0,1,10,2,0,0,0,18,11,0,4,0,0,0,0,200,200
351037,0,30,0,0,0,0,7,6,0,0,0,0,200,2,200,200,200,200,200,200,200
351040,0,20,0,0,0,1,7,6,0,0,0,0,200,0,200,200,200,200,200,200,200
351040,1,20,0,0,0,1,7,6,0,0,0,0,200,200,200,200,200,200,200,200,200
351042,5,30,0,0,0,1,9,5,0,0,0,200,17,0,4,7,0,0,0,200,200
351042,0,30,0,0,0,1,9,5,0,0,0,200,17,1,7,200,0,0,0,200,200
351042,1,30,0,0,0,1,9,5,0,0,0,200,17,1,5,200,200,200,200,200,200
351053,0,30,1,2,0,1,14,6,0,0,0,23,0,1,200,0,7,0,0,200,200
351053,0,30,1,2,0,1,14,6,0,0,0,23,0,0,200,0,0,0,0,200,200
351056,0,30,1,2,0,1,10,5,0,0,0,18,11,1,4,0,3,0,0,200,200
351056,0,30,1,2,0,1,10,5,0,0,0,18,11,0,8,0,0,0,0,200,200
351058,0,25,2,2,0,1,7,6,0,0,0,15,16,0,6,0,8,200,200,200,200
351082,0,30,2,0,2,1,14,2,0,1,0,17,200,0,6,0,1,0,0,200,200
351082,0,30,2,0,2,1,14,2,0,1,0,17,200,0,7,0,0,0,0,200,200
351093,0,30,0,0,0,1,14,2,0,0,0,22,21,0,7,200,2,0,0,200,200
351093,0,30,0,0,0,1,14,2,0,0,0,22,21,0,6,200,0,0,0,200,200
351097,0,30,0,0,0,1,10,2,0,0,0,18,16,0,200,200,3,200,200,200,200
351097,0,30,0,0,0,1,10,2,0,0,0,18,16,1,5,200,0,0,0,200,200
351102,0,25,0,0,0,1,7,6,0,200,0,0,0,2,200,200,200,200,200,200,200
351108,0,30,0,0,0,4,12,5,0,0,0,22,16,0,3,0,200,0,0,200,200
351108,0,30,0,0,0,4,12,5,0,0,0,22,16,1,5,0,200,0,0,200,200
351108,1,30,0,0,0,4,12,5,0,0,0,22,16,1,200,0,200,200,200,200,200
351121,0,30,0,0,0,1,14,5,0,0,0,0,0,1,7,200,200,200,200,200,200
351121,0,30,0,0,0,1,14,5,0,0,0,0,0,1,6,200,200,200,0,200,200
351125,0,30,200,200,0,1,10,5,0,0,200,18,200,0,4,200,200,200,0,200,200
351125,0,30,200,200,0,1,10,5,0,0,200,18,200,1,7,200,200,200,0,200,200
351127,4,30,200,200,0,1,8,5,0,0,200,0,200,0,200,200,200,200,200,200,200
351127,0,30,200,200,0,1,8,5,0,0,200,0,200,1,6,200,200,200,0,200,200
351128,0,30,0,0,0,1,0,0,0,0,0,17,200,1,5,200,1,0,0,200,200
351128,0,30,0,0,0,1,0,0,0,0,0,17,200,0,6,200,0,0,0,200,200
351131,0,30,1,2,0,1,0,5,0,0,0,6,6,1,4,0,5,0,0,200,200
351131,0,30,1,2,0,1,0,5,0,0,0,6,6,0,5,0,0,0,0,200,200
351131,1,30,1,2,0,1,0,5,0,0,0,6,6,1,4,0,200,200,200,200,200
351133,0,30,1,2,0,1,10,5,0,0,0,18,200,0,7,0,3,0,0,200,200
351133,0,30,1,2,0,1,10,5,0,0,0,18,200,0,6,0,0,0,0,200,200
351137,0,30,0,0,0,4,2,5,0,0,0,0,0,0,7,200,200,200,0,200,200
351139,0,30,0,0,0,1,7,6,0,0,0,0,200,0,200,200,200,200,200,200,200
351140,0,30,1,2,0,4,0,2,0,0,0,6,0,1,4,0,5,0,0,200,200
351140,0,30,1,2,0,4,0,2,0,0,0,6,0,1,6,0,0,0,0,200,200
351140,0,30,1,2,0,4,0,2,0,0,0,6,0,1,6,0,0,0,0,200,200
351140,1,30,1,2,0,4,0,2,0,0,0,6,0,1,4,0,200,200,200,200,200
351140,1,30,1,2,0,4,0,2,0,0,0,6,0,0,4,0,200,200,200,200,200
351144,0,30,1,2,0,2,14,1,0,0,0,17,200,0,5,200,1,200,0,200,200
351144,0,30,1,2,0,2,14,1,0,0,0,17,200,1,6,200,8,200,200,200,200
351144,1,30,1,2,0,2,14,1,0,0,0,17,200,1,5,200,200,200,200,200,200
351144,1,30,1,2,0,2,14,1,0,0,0,17,200,0,5,200,200,200,200,200,200
351146,0,20,0,0,0,1,7,6,0,0,0,200,200,2,200,200,200,200,200,200,200
351147,0,30,0,0,0,1,7,3,0,0,0,200,200,0,5,0,200,0,0,200,200
351147,0,30,0,0,0,1,7,3,0,0,0,200,200,1,5,0,12,0,0,200,200
351147,1,30,0,0,0,1,7,3,0,0,0,200,200,0,6,0,200,200,200,200,200
351147,1,30,0,0,0,1,7,3,0,0,0,200,200,1,2,0,200,200,200,200,200
351150,0,30,0,0,0,1,14,5,0,0,0,11,0,0,200,200,1,200,200,200,200
351150,0,30,0,0,0,1,14,5,0,0,0,11,0,0,7,0,12,200,0,200,200
351159,0,30,2,2,0,1,10,5,0,0,0,18,200,1,200,200,3,200,200,200,200
351159,0,30,2,2,0,1,10,5,0,0,0,18,200,0,6,0,0,0,0,200,200
351169,4,30,1,2,0,1,8,5,0,0,0,22,200,0,200,200,2,200,200,200,200
351169,0,30,1,2,0,1,8,5,0,0,0,22,200,0,5,0,0,0,0,200,200
351169,1,30,1,2,0,1,8,5,0,0,0,22,200,0,200,200,200,200,200,200,200
351170,0,30,0,0,0,1,12,5,0,0,0,17,200,1,6,0,1,0,0,200,200
351170,0,30,0,0,0,1,12,5,0,0,0,17,200,1,6,0,0,0,0,200,200