RD_NO,PERSON_TYPE,POSTED_SPEED_LIMIT,TRAFFIC_CONTROL_DEVICE,DEVICE_CONDITION,WEATHER_CONDITION,LIGHTING_CONDITION,FIRST_CRASH_TYPE,TRAFFICWAY_TYPE,ALIGNMENT,ROADWAY_SURFACE_COND,ROAD_DEFECT,PRIM_CONTRIBUTORY_CAUSE,SEC_CONTRIBUTORY_CAUSE,SEX,AGE,SAFETY_EQUIPMENT,DRIVER_ACTION,DRIVER_VISION,PHYSICAL_CONDITION,BAC_RESULT VALUE,CELL_PHONE_USE
351182,1,5,0,0,200,200,7,7,0,200,200,0,0,1,200,200,200,200,200,200,200
351184,0,0,0,0,0,4,7,7,0,0,0,11,11,0,6,200,10,0,0,200,200
351185,0,30,0,0,0,1,14,2,0,0,0,8,16,0,6,200,7,0,0,200,200
351185,0,30,0,0,0,1,14,2,0,0,0,8,16,0,6,200,12,0,0,200,200
351186,0,30,0,0,0,4,7,5,0,0,0,16,200,1,8,0,12,0,1,200,200
351194,0,30,0,0,0,1,12,6,0,0,200,22,200,0,200,200,1,200,1,200,200
351194,0,30,0,0,0,1,12,6,0,0,200,22,200,1,5,200,0,200,1,200,200
351194,1,30,0,0,0,1,12,6,0,0,200,22,200,1,0,0,200,200,200,200,200
351197,0,30,0,0,0,3,0,5,0,0,0,16,200,0,200,200,12,200,200,200,200
351197,0,30,0,0,0,3,0,5,0,0,0,16,200,0,6,0,12,0,0,200,200
351197,1,30,0,0,0,3,0,5,0,0,0,16,200,0,3,0,200,200,200,200,200
351197,1,30,0,0,0,3,0,5,0,0,0,16,200,0,200,200,200,200,200,200,200
351201,0,30,3,200,0,1,12,2,0,0,0,22,0,1,5,200,2,200,200,200,200
351201,0,30,3,200,0,1,12,2,0,0,0,22,0,1,6,0,0,0,0,200,200
351207,4,30,1,200,0,4,8,5,0,0,200,6,200,0,7,7,5,200,200,200,200
351207,0,30,1,200,0,4,8,5,0,0,200,6,200,1,6,200,0,200,200,200,200
351209,0,30,1,2,0,1,14,2,0,0,0,6,200,0,200,200,5,200,200,200,200
351209,0,30,1,2,0,1,14,2,0,0,0,6,200,0,6,0,0,0,0,200,200
351210,0,30,0,0,0,3,0,2,0,0,0,33,0,0,4,0,200,1,0,200,200
351210,0,30,0,0,0,3,0,2,0,0,0,33,0,0,5,0,0,0,0,200,200
351217,0,30,1,2,0,3,7,5,0,0,0,0,0,0,5,200,200,200,200,200,200
351220,0,25,0,0,0,0,10,5,1,0,200,18,16,2,200,200,200,200,200,200,200
351220,0,25,0,0,0,0,10,5,1,0,200,18,16,1,5,0,0,200,0,200,200
351230,0,30,1,200,200,200,10,5,0,200,200,0,0,1,4,200,200,200,200,200,200
351230,0,30,1,200,200,200,10,5,0,200,200,0,0,1,6,200,200,200,200,200,200
351230,1,30,1,200,200,200,10,5,0,200,200,0,0,2,200,200,200,200,200,200,200
351234,0,45,0,0,0,3,12,3,0,0,0,0,200,1,3,0,4,0,0,200,200
351234,0,45,0,0,0,3,12,3,0,0,0,0,200,1,5,0,200,0,0,200,200
351246,0,30,1,2,0,1,10,5,0,0,0,18,18,1,4,200,3,200,200,200,200
351246,0,30,1,2,0,1,10,5,0,0,0,18,18,1,7,0,0,0,0,200,200
351246,1,30,1,2,0,1,10,5,0,0,0,18,18,0,6,0,200,200,200,200,200
351247,0,30,200,200,0,3,3,5,0,0,200,25,16,1,200,200,200,200,200,200,200
351247,0,30,200,200,0,3,3,5,0,0,200,25,16,1,6,200,0,0,0,200,200
351255,0,30,0,0,0,3,7,5,0,0,200,20,20,0,5,200,6,200,200,200,200
351256,0,30,0,0,2,3,9,2,0,1,200,14,15,2,200,200,200,200,200,200,200
351256,5,30,0,0,2,3,9,2,0,1,200,14,15,0,7,7,0,200,7,200,200
351262,0,25,0,0,0,3,12,2,0,0,0,21,21,0,5,0,4,0,0,200,200
351262,0,25,0,0,0,3,12,2,0,0,0,21,21,0,7,0,0,0,0,200,200
351262,1,25,0,0,0,3,12,2,0,0,0,21,21,0,6,0,200,200,200,200,200
351263,0,30,1,2,0,3,14,1,0,0,0,6,0,0,6,200,5,200,200,200,200
351263,0,30,1,2,0,3,14,1,0,0,0,6,0,0,5,0,0,0,0,200,200
351265,0,30,2,2,0,3,10,5,0,0,0,16,0,1,6,0,3,0,2,200,200
351265,0,30,2,2,0,3,10,5,0,0,0,16,0,1,6,0,0,0,0,200,200
351265,1,30,2,2,0,3,10,5,0,0,0,16,0,0,6,0,200,200,200,200,200
351266,0,30,2,2,2,3,14,2,0,1,0,17,200,1,6,7,1,200,0,200,200
351266,0,30,2,2,2,3,14,2,0,1,0,17,200,0,6,7,0,0,0,200,200
351285,0,30,1,2,0,3,10,2,0,0,0,16,200,0,5,0,1,0,0,200,200
351285,0,30,1,2,0,3,10,2,0,0,0,16,200,1,6,0,0,0,0,200,200
351301,0,30,1,2,0,3,10,3,1,0,0,20,0,0,200,200,6,200,200,200,200
351301,0,30,1,2,0,3,10,3,1,0,0,20,0,0,6,0,0,0,0,200,200
351301,1,30,1,2,0,3,10,3,1,0,0,20,0,1,6,0,200,200,200,200,200
351304,0,30,0,0,0,0,0,5,0,0,0,0,17,0,5,200,1,0,0,200,200
351304,0,30,0,0,0,0,0,5,0,0,0,0,17,0,5,200,0,0,0,200,200
351304,1,30,0,0,0,0,0,5,0,0,0,0,17,0,200,200,200,200,200,200,200
351306,0,30,1,2,0,3,10,2,0,0,0,0,0,0,200,200,200,200,200,200,200
351306,0,30,1,2,0,3,10,2,0,0,0,0,0,1,6,0,0,0,0,200,200
351325,0,15,0,0,0,200,11,7,0,0,200,20,17,0,5,200,1,200,200,200,200
351325,0,15,0,0,0,200,11,7,0,0,200,20,17,0,5,200,200,0,0,200,200
351325,1,15,0,0,0,200,11,7,0,0,200,20,17,0,200,200,200,200,200,200,200
351327,0,30,0,0,0,200,7,0,0,0,200,16,0,1,200,200,200,200,200,200,200
351327,1,30,0,0,0,200,7,0,0,0,200,16,0,0,200,200,200,200,200,200,200
351327,1,30,0,0,0,200,7,0,0,0,200,16,0,1,5,0,200,200,200,200,200
351328,0,30,0,0,0,1,12,6,0,0,0,17,200,0,6,200,0,200,200,200,200
351328,0,30,0,0,0,1,12,6,0,0,0,17,200,0,5,0,0,0,0,200,200
351328,1,30,0,0,0,1,12,6,0,0,0,17,200,1,5,0,200,200,200,200,200
351328,1,30,0,0,0,1,12,6,0,0,0,17,200,1,200,200,200,200,200,200,200
351329,0,30,0,0,0,3,12,5,0,0,0,0,0,1,200,200,200,200,200,200,200
351329,0,30,0,0,0,3,12,5,0,0,0,0,0,0,6,200,200,200,12,200,200
351329,0,30,0,0,0,3,12,5,0,0,0,0,0,0,6,0,0,0,0,200,200
351329,1,30,0,0,0,3,12,5,0,0,0,0,0,1,200,200,200,200,200,200,200
351338,0,30,0,0,0,1,10,2,0,0,0,18,0,1,7,0,3,0,0,200,200
351338,0,30,0,0,0,1,10,2,0,0,0,18,0,2,200,200,0,200,200,200,200
351340,0,30,0,0,0,3,2,2,0,0,0,27,0,0,6,0,12,0,2,200,200
351342,0,30,0,0,0,3,2,6,0,0,0,0,0,0,7,0,200,0,5,200,200
351343,0,30,0,0,2,3,7,6,0,1,0,0,200,2,200,200,200,200,200,200,200
351349,0,30,0,0,2,3,7,5,0,1,0,34,11,0,6,200,12,200,200,200,200
351349,1,30,0,0,2,3,7,5,0,1,0,34,11,0,5,0,200,200,200,200,200
351349,1,30,0,0,2,3,7,5,0,1,0,34,11,1,5,0,200,200,200,200,200
351349,1,30,0,0,2,3,7,5,0,1,0,34,11,0,200,200,200,200,200,200,200
351353,0,30,0,0,0,3,7,5,0,0,0,0,0,2,200,200,200,200,200,200,200
351355,0,30,1,2,0,3,10,5,0,0,0,18,16,0,200,200,3,200,200,200,200
351355,0,30,1,2,0,3,10,5,0,0,0,18,16,1,5,200,0,0,0,200,200
351358,0,30,0,0,0,3,12,2,0,0,3,17,200,0,5,0,1,0,0,200,200
351358,0,30,0,0,0,3,12,2,0,0,3,17,200,0,5,2,0,0,0,200,200
351361,0,30,0,0,1,3,14,2,3,0,3,18,11,0,6,200,3,200,200,200,200
351361,0,30,0,0,1,3,14,2,3,0,3,18,11,0,7,200,12,200,0,200,200
351361,1,30,0,0,1,3,14,2,3,0,3,18,11,200,200,200,200,200,200,200,200
351364,0,20,0,0,0,3,7,6,0,0,0,200,200,0,200,200,13,200,200,200,200
351367,0,30,0,0,0,0,12,6,0,0,0,17,17,1,7,200,200,200,200,200,200
351367,0,30,0,0,0,0,12,6,0,0,0,17,17,0,6,200,200,200,200,200,200
351368,0,30,0,200,0,3,7,6,0,0,0,4,200,0,200,200,12,200,200,200,200
351371,0,30,0,0,0,3,12,5,0,0,0,20,0,1,200,200,6,200,200,200,200
351371,0,30,0,0,0,3,12,5,0,0,0,20,0,1,6,0,0,0,0,200,200
351385,0,30,0,200,0,3,9,5,0,200,200,0,0,1,5,200,200,200,200,200,200
351385,5,30,0,200,0,3,9,5,0,200,200,0,0,0,200,7,200,200,200,200,200
351389,0,25,0,0,0,3,7,5,0,0,0,22,200,0,200,200,2,200,200,200,200
351394,0,25,0,0,0,3,7,2,0,0,0,0,200,0,7,200,200,200,0,200,200
351408,0,30,0,0,1,3,7,1,0,0,0,20,20,2,200,200,6,200,200,200,200
351414,0,30,1,2,0,3,14,5,0,0,0,17,23,1,5,0,1,0,0,200,200
351414,0,30,1,2,0,3,14,5,0,0,0,17,23,1,5,0,0,0,0,200,200
351418,0,40,0,0,0,3,10,3,0,0,0,12,200,1,4,0,12,0,0,200,200
351418,0,40,0,0,0,3,10,3,0,0,0,12,200,0,5,0,0,0,0,200,200
351427,0,30,0,12,0,3,9,5,0,0,0,0,0,1,5,0,12,0,1,200,200
351427,5,30,0,12,0,3,9,5,0,0,0,0,0,1,6,7,200,200,7,200,200
351441,0,35,0,0,0,0,7,0,0,0,0,0,200,0,200,200,12,200,200,200,200
351445,0,15,0,0,0,3,7,6,0,0,0,0,200,2,200,200,200,200,200,200,200
351449,0,30,200,200,0,3,10,5,0,0,0,0,0,0,200,200,12,200,200,200,200
351449,0,30,200,200,0,3,10,5,0,0,0,0,0,1,6,200,0,200,0,200,200
351450,0,30,1,2,0,3,7,2,0,0,0,200,200,0,7,200,200,0,0,200,200
351461,0,30,0,0,0,3,7,5,0,0,0,0,27,0,4,0,200,200,2,200,200
351474,0,30,0,0,6,2,10,5,0,1,0,0,0,0,7,0,200,0,0,200,200
351474,0,30,0,0,6,2,10,5,0,1,0,0,0,0,7,0,0,0,0,200,200
351481,0,30,0,12,0,3,7,6,0,0,200,0,200,2,200,200,200,200,200,200,200
351487,0,30,1,2,0,1,3,12,0,0,0,0,0,2,200,200,200,200,200,200,200
351487,0,30,1,2,0,1,3,12,0,0,0,0,0,0,6,200,200,200,200,200,200
351498,0,20,0,0,0,1,12,6,0,0,0,17,11,0,7,0,1,1,0,200,200
351498,0,20,0,0,0,1,12,6,0,0,0,17,11,0,6,0,0,0,0,200,200
351498,1,20,0,0,0,1,12,6,0,0,0,17,11,1,200,7,200,200,200,200,200
351498,1,20,0,0,0,1,12,6,0,0,0,17,11,0,200,7,200,200,200,200,200
351500,0,30,0,0,0,1,10,5,0,0,200,16,7,1,5,0,12,0,0,200,200
351500,0,30,0,0,0,1,10,5,0,0,200,16,7,0,7,0,12,0,0,200,200
351500,0,30,0,0,0,1,10,5,0,0,200,16,7,1,6,0,12,0,0,200,200
351503,0,30,1,2,0,3,10,3,0,0,0,16,200,0,5,0,12,0,0,200,200
351503,0,30,1,2,0,3,10,3,0,0,0,16,200,0,5,0,0,0,0,200,200
351515,0,30,0,0,0,1,12,6,0,0,0,17,17,0,200,200,1,0,0,200,200
351515,0,30,0,0,0,1,12,6,0,0,0,17,17,0,7,0,0,0,0,200,200
351517,0,30,0,0,0,1,7,5,0,0,0,33,0,0,7,0,200,200,0,200,200
351520,0,20,0,0,0,1,7,6,0,0,0,0,200,2,200,200,200,200,200,200,200
351523,0,15,0,0,0,1,7,0,0,0,0,0,0,1,200,200,12,200,200,200,200
351533,0,30,0,0,0,1,9,6,0,0,0,16,200,0,200,200,12,200,200,200,200
351533,5,30,0,0,0,1,9,6,0,0,0,16,200,0,8,7,12,12,0,200,200
351534,0,30,0,0,0,3,7,5,0,0,0,0,0,0,5,0,9,0,0,200,200
351539,0,30,1,2,0,1,10,5,0,0,0,18,200,1,6,0,0,200,0,200,200
351539,0,30,1,2,0,1,10,5,0,0,0,18,200,0,7,0,3,200,0,200,200
351542,0,25,1,2,0,1,10,5,0,0,0,0,0,1,200,0,200,0,0,200,200
351542,0,25,1,2,0,1,10,5,0,0,0,0,0,1,200,0,0,0,0,200,200
351549,0,30,1,2,0,1,2,5,0,0,0,16,200,1,6,0,8,0,0,200,200
351549,1,30,1,2,0,1,2,5,0,0,0,16,200,200,200,0,200,200,200,200,200
351558,0,30,0,0,0,3,10,3,0,0,0,18,18,0,200,200,3,200,200,200,200
351558,0,30,0,0,0,3,10,3,0,0,0,18,18,0,7,0,0,0,0,200,200
351559,0,25,0,0,0,1,11,5,0,0,0,0,0,1,200,200,12,200,200,200,200
351559,0,25,0,0,0,1,11,5,0,0,0,0,0,1,6,0,0,0,0,200,200
351567,0,30,0,0,0,1,7,2,0,0,0,0,0,2,200,200,200,200,200,200,200
351577,0,15,0,0,0,1,7,0,0,0,0,0,0,0,3,200,6,200,200,200,200
351580,0,30,0,0,0,1,14,2,0,0,0,17,16,0,6,0,200,0,0,200,200
351580,0,30,0,0,0,1,14,2,0,0,0,17,16,0,7,0,200,0,0,200,200
351583,0,20,0,0,0,1,12,2,0,0,0,0,0,0,7,0,0,0,0,200,200
351583,0,20,0,0,0,1,12,2,0,0,0,0,0,1,6,0,12,0,0,200,200
351585,0,0,2,2,0,1,14,5,0,0,0,20,200,0,7,0,6,12,0,200,200
351585,0,0,2,2,0,1,14,5,0,0,0,20,200,0,5,1,0,0,0,200,200
351586,0,30,0,0,0,1,7,6,0,0,0,0,0,1,6,0,200,0,0,200,200
351586,5,30,0,0,0,1,7,6,0,0,0,0,0,1,6,7,12,12,0,200,200
351586,1,30,0,0,0,1,7,6,0,0,0,0,0,0,6,0,200,200,200,200,200
351587,0,30,1,2,0,3,10,3,0,0,0,21,11,0,5,0,4,0,0,200,200
351587,0,30,1,2,0,3,10,3,0,0,0,21,11,0,200,200,0,200,200,200,200
351587,1,30,1,2,0,3,10,3,0,0,0,21,11,1,4,0,200,200,200,200,200
351590,0,20,0,0,0,1,14,3,0,0,0,17,11,0,6,200,200,200,0,200,200
351590,0,20,0,0,0,1,14,3,0,0,0,17,11,1,7,200,200,200,0,200,200
351599,0,30,0,0,0,1,12,5,0,0,0,0,200,0,6,200,200,200,5,0.35,200
351599,0,30,0,0,0,1,12,5,0,0,0,0,200,1,5,200,200,200,0,200,200
351599,1,30,0,0,0,1,12,5,0,0,0,0,200,1,5,200,200,200,200,200,200
351600,0,30,2,2,0,1,14,5,0,0,0,22,200,0,7,0,2,0,0,200,200
351600,0,30,2,2,0,1,14,5,0,0,0,22,200,0,6,0,0,0,0,200,200
351601,0,30,0,0,0,1,14,5,0,0,0,0,0,1,6,200,200,200,0,200,200
351601,0,30,0,0,0,1,14,5,0,0,0,0,0,0,6,200,200,200,200,200,200
351606,0,30,0,0,0,1,7,6,0,0,0,11,0,0,5,200,12,200,0,200,200
351607,0,30,1,2,2,1,12,5,0,0,0,16,200,0,6,200,2,200,0,200,200
351607,0,30,1,2,2,1,12,5,0,0,0,16,200,0,7,200,200,200,0,200,200
351607,1,30,1,2,2,1,12,5,0,0,0,16,200,1,2,200,200,200,200,200,200
351607,1,30,1,2,2,1,12,5,0,0,0,16,200,1,2,200,200,200,200,200,200
351607,1,30,1,2,2,1,12,5,0,0,0,16,200,1,2,200,200,200,200,200,200
351607,1,30,1,2,2,1,12,5,0,0,0,16,200,1,3,200,200,200,200,200,200
351607,1,30,1,2,2,1,12,5,0,0,0,16,200,1,2,200,200,200,200,200,200
351607,1,30,1,2,2,1,12,5,0,0,0,16,200,1,2,200,200,200,200,200,200
351607,1,30,1,2,2,1,12,5,0,0,0,16,200,0,2,200,200,200,200,200,200
351608,0,30,2,2,0,1,0,2,0,0,0,5,0,0,200,200,5,200,200,200,200
351608,0,30,2,2,0,1,0,2,0,0,0,5,0,1,5,0,0,0,0,200,200
351608,1,30,2,2,0,1,0,2,0,0,0,5,0,0,200,0,200,200,200,200,200
351609,0,30,0,0,0,1,12,2,0,0,0,0,200,2,200,200,200,200,200,200,200
351609,0,30,0,0,0,1,12,2,0,0,0,0,200,0,8,7,0,0,0,200,200
351610,0,30,0,0,0,3,7,6,0,0,0,0,200,2,200,200,200,200,200,200,200
351615,0,30,0,3,0,1,7,2,0,0,0,0,0,1,6,200,0,200,0,200,200
351618,0,30,0,0,0,3,10,5,0,0,200,0,0,0,5,200,200,200,0,200,200
351618,0,30,0,0,0,3,10,5,0,0,200,0,0,0,7,0,0,200,0,200,200
351621,0,30,0,0,0,1,10,5,0,0,0,0,0,1,200,200,200,200,200,200,200
351621,0,30,0,0,0,1,10,5,0,0,0,0,0,0,6,0,0,0,0,200,200
351628,0,30,0,0,0,1,10,5,0,0,200,200,200,0,6,0,200,200,0,200,200
351628,0,30,0,0,0,1,10,5,0,0,200,200,200,1,6,0,0,12,0,200,200
351630,0,30,200,200,200,200,10,2,0,200,200,0,200,0,200,200,200,200,200,200,200
351630,0,30,200,200,200,200,10,2,0,200,200,0,200,1,7,200,200,200,200,200,200
351635,0,30,0,0,0,1,12,3,0,0,0,17,17,0,7,0,1,0,0,200,200
351635,0,30,0,0,0,1,12,3,0,0,0,17,17,1,7,0,0,0,0,200,200
351637,0,30,1,2,0,1,12,2,0,200,200,0,0,1,5,200,200,200,0,200,200
351637,0,30,1,2,0,1,12,2,0,200,200,0,0,0,6,0,200,0,0,200,200
351641,0,30,0,0,0,1,7,5,0,0,0,21,11,0,200,200,12,200,200,200,200
351653,0,10,0,0,0,0,0,7,0,0,0,0,0,0,200,200,1,0,0,200,200
351653,0,10,0,0,0,0,0,7,0,0,0,0,0,1,6,0,0,0,0,200,200
351656,0,30,1,2,0,1,12,5,2,0,0,21,0,1,6,0,0,0,0,200,200
351656,0,30,1,2,0,1,12,5,2,0,0,21,0,0,200,200,200,200,200,200,200
351656,1,30,1,2,0,1,12,5,2,0,0,21,0,0,200,0,200,200,200,200,200
351656,1,30,1,2,0,1,12,5,2,0,0,21,0,200,200,0,200,200,200,200,200
351656,1,30,1,2,0,1,12,5,2,0,0,21,0,200,200,7,200,200,200,200,200
351664,0,30,0,0,0,1,10,5,0,0,0,18,200,1,6,0,0,0,0,200,200
351664,0,30,0,0,0,1,10,5,0,0,0,18,200,0,8,0,0,0,0,200,200
351667,0,30,1,2,0,1,12,6,0,0,0,23,4,0,6,0,7,0,0,200,200
351667,0,30,1,2,0,1,12,6,0,0,0,23,4,0,5,0,0,0,0,200,200
351668,0,35,1,2,0,1,10,5,0,0,0,0,200,1,5,200,200,0,0,200,200
351668,0,35,1,2,0,1,10,5,0,0,0,0,200,1,6,200,0,0,0,200,200
351668,0,35,1,2,0,1,10,5,0,0,0,0,200,0,5,200,0,0,0,200,200
351668,0,35,1,2,0,1,10,5,0,0,0,0,200,1,6,200,0,0,0,200,200
351669,4,30,0,0,0,1,8,5,0,0,0,17,200,0,5,7,0,0,0,200,200
351669,0,30,0,0,0,1,8,5,0,0,0,17,200,0,8,200,1,0,0,200,200
351671,0,20,0,0,0,3,7,6,0,0,0,18,14,2,200,200,3,200,200,200,200
351672,0,35,0,0,0,1,12,2,0,0,0,21,22,0,4,200,4,0,0,200,200
351672,0,35,0,0,0,1,12,2,0,0,0,21,22,0,6,200,12,0,0,200,200
351678,0,30,0,0,200,0,12,5,0,200,200,0,0,0,200,200,4,200,200,200,200
351678,0,30,0,0,200,0,12,5,0,200,200,0,0,1,4,200,0,200,0,200,200
351681,0,30,0,0,0,1,10,5,0,0,0,0,0,0,200,200,6,200,200,200,200
351681,0,30,0,0,0,1,10,5,0,0,0,0,0,0,7,0,0,0,0,200,200
351681,1,30,0,0,0,1,10,5,0,0,0,0,0,1,200,0,200,200,200,200,200
351688,0,30,0,0,0,1,12,3,0,0,0,22,200,0,6,200,12,0,0,200,200
351688,0,30,0,0,0,1,12,3,0,0,0,22,200,1,6,200,0,0,0,200,200
351688,1,30,0,0,0,1,12,3,0,0,0,22,200,0,6,200,200,200,200,200,200
351692,0,30,0,0,0,1,7,6,0,0,0,16,200,1,4,200,12,0,0,200,200
351693,0,30,2,0,0,1,10,5,0,0,0,0,0,1,6,0,200,0,0,200,200
351693,0,30,2,0,0,1,10,5,0,0,0,0,0,0,7,0,0,0,0,200,200
351693,1,30,2,0,0,1,10,5,0,0,0,0,0,1,1,5,200,200,200,200,200
351697,0,30,0,0,200,1,7,5,0,200,0,21,0,2,200,200,200,200,200,200,200
351701,0,30,2,2,0,1,10,2,0,2,12,18,16,0,5,0,3,0,0,200,200
351701,0,30,2,2,0,1,10,2,0,2,12,18,16,1,6,0,0,0,0,200,200
351701,1,30,2,2,0,1,10,2,0,2,12,18,16,1,1,5,200,200,200,200,200
351702,0,30,1,2,0,1,14,5,0,0,0,22,22,0,7,0,12,0,0,200,200
351702,0,30,1,2,0,1,14,5,0,0,0,22,22,0,7,1,0,0,0,200,200
351702,1,30,1,2,0,1,14,5,0,0,0,22,22,1,200,200,200,200,200,200,200
351702,1,30,1,2,0,1,14,5,0,0,0,22,22,0,7,0,200,200,200,200,200
351702,1,30,1,2,0,1,14,5,0,0,0,22,22,0,7,0,200,200,200,200,200
351703,0,5,0,0,0,0,7,7,0,0,0,21,16,2,200,200,4,200,200,200,200
351706,0,30,1,2,0,1,14,3,0,0,0,17,200,0,6,200,5,0,0,200,200
351706,0,30,1,2,0,1,14,3,0,0,0,17,200,1,5,0,0,0,0,200,200
351711,0,15,0,0,0,0,7,5,0,0,0,0,200,1,200,200,200,200,200,200,200
351714,0,30,200,200,0,1,7,6,0,0,0,0,200,2,200,200,200,200,200,200,200
351716,0,35,1,2,0,1,14,5,0,0,0,23,23,0,7,0,8,200,0,200,200
351716,0,35,1,2,0,1,14,5,0,0,0,23,23,1,6,0,0,200,0,200,200
351717,0,30,1,2,6,1,14,5,5,0,0,0,0,0,6,0,4,0,0,200,200
351717,0,30,1,2,6,1,14,5,5,0,0,0,0,0,8,0,0,0,0,200,200
351717,1,30,1,2,6,1,14,5,5,0,0,0,0,0,200,0,200,200,200,200,200
351718,0,30,0,0,0,1,11,5,0,0,200,2,200,0,6,0,15,200,2,200,200
351718,0,30,0,0,0,1,11,5,0,0,200,2,200,0,7,0,0,0,0,200,200
351728,0,30,0,0,0,1,14,3,0,0,0,17,17,0,8,0,1,0,0,200,200
351728,0,30,0,0,0,1,14,3,0,0,0,17,17,1,6,0,0,0,0,200,200
351730,0,20,0,0,0,1,7,6,0,0,0,11,200,0,6,0,6,0,0,200,200
351735,0,30,0,0,200,200,7,6,0,200,200,0,200,2,200,200,200,200,200,200,200
351737,0,30,2,0,0,1,0,12,0,0,0,5,0,1,6,200,1,0,0,200,200
351737,0,30,2,0,0,1,0,12,0,0,0,5,0,0,7,0,0,0,0,200,200
351738,0,20,0,0,0,1,10,5,0,0,0,20,200,0,6,200,6,200,0,200,200
351738,0,20,0,0,0,1,10,5,0,0,0,20,200,0,5,200,0,0,0,200,200
351738,1,20,0,0,0,1,10,5,0,0,0,20,200,1,200,200,200,200,200,200,200
351739,4,30,2,2,2,3,8,5,0,1,0,0,0,0,6,200,5,0,0,200,200
351739,0,30,2,2,2,3,8,5,0,1,0,0,0,1,200,200,0,200,200,200,200
351749,0,30,0,0,0,1,5,7,0,0,0,0,0,0,7,0,12,0,0,200,200
351751,0,30,0,0,0,1,2,5,0,0,12,16,0,2,200,200,8,200,200,200,200
351754,0,30,0,0,0,1,9,0,0,0,0,14,200,1,200,200,8,200,200,200,200
351754,5,30,0,0,0,1,9,0,0,0,0,14,200,0,6,200,12,12,0,200,200
351759,0,30,0,0,0,1,10,3,3,0,0,0,0,1,6,0,200,0,0,200,200
351759,0,30,0,0,0,1,10,3,3,0,0,0,0,0,7,0,0,0,0,200,200
351759,1,30,0,0,0,1,10,3,3,0,0,0,0,1,200,0,200,200,200,200,200
351763,0,30,0,0,200,200,7,6,0,200,200,0,200,2,200,200,200,200,200,200,200
351773,0,30,1,2,0,1,0,5,0,0,0,6,6,1,8,0,5,200,0,200,200
351773,0,30,1,2,0,1,0,5,0,0,0,6,6,0,6,0,0,0,0,200,200
351783,0,20,0,0,1,1,7,6,0,200,0,0,200,2,200,200,200,200,200,200,200
351784,0,25,0,0,0,3,7,6,0,0,0,0,200,2,200,200,200,200,200,200,200
351788,0,30,1,2,0,1,12,5,0,0,0,22,0,0,7,200,200,0,0,200,200
351788,0,30,1,2,0,1,12,5,0,0,0,22,0,0,6,0,200,0,0,200,200
351788,1,30,1,2,0,1,12,5,0,0,0,22,0,0,200,200,200,200,200,200,200
351790,0,30,0,0,0,1,10,5,0,0,0,18,200,0,5,0,3,0,0,200,200
351790,0,30,0,0,0,1,10,5,0,0,0,18,200,0,7,0,0,0,0,200,200
351791,0,30,1,2,0,1,10,5,0,0,0,18,200,0,6,0,3,200,0,200,200
351791,0,30,1,2,0,1,10,5,0,0,0,18,200,0,8,0,0,200,0,200,200
351795,0,30,0,0,0,1,12,4,0,0,0,21,200,0,5,0,1,0,0,200,200
351795,0,30,0,0,0,1,12,4,0,0,0,21,200,0,6,0,0,0,0,200,200
351802,0,30,1,2,0,1,12,3,0,0,0,21,11,1,5,200,4,0,0,200,200
351802,0,30,1,2,0,1,12,3,0,0,0,21,11,1,7,0,0,0,0,200,200
351802,1,30,1,2,0,1,12,3,0,0,0,21,11,1,0,5,200,200,200,200,200
351802,1,30,1,2,0,1,12,3,0,0,0,21,11,0,0,5,200,200,200,200,200
351802,1,30,1,2,0,1,12,3,0,0,0,21,11,1,1,200,200,200,200,200,200
351802,1,30,1,2,0,1,12,3,0,0,0,21,11,1,0,200,200,200,200,200,200
351807,0,30,0,0,2,1,0,3,0,0,0,17,200,0,6,200,1,200,0,200,200
351807,0,30,0,0,2,1,0,3,0,0,0,17,200,0,7,0,0,200,0,200,200
351807,1,30,0,0,2,1,0,3,0,0,0,17,200,0,200,0,200,200,200,200,200
351811,0,30,2,2,0,1,0,2,0,0,0,17,200,1,6,0,1,0,0,200,200
351811,0,30,2,2,0,1,0,2,0,0,0,17,200,1,6,0,0,0,0,200,200
351811,1,30,2,2,0,1,0,2,0,0,0,17,200,1,1,5,200,200,200,200,200
351827,0,30,2,200,0,1,0,5,0,200,200,17,200,1,200,200,1,200,200,200,200
351827,0,30,2,200,0,1,0,5,0,200,200,17,200,0,5,0,0,200,0,200,200
351827,1,30,2,200,0,1,0,5,0,200,200,17,200,1,5,0,200,200,200,200,200
351834,0,25,0,0,0,1,7,5,0,200,200,0,0,2,200,200,12,200,200,200,200
351835,0,30,0,0,0,1,0,7,0,0,200,0,0,0,6,200,200,200,200,200,200
351835,0,30,0,0,0,1,0,7,0,0,200,0,0,0,6,0,200,200,0,200,200
351835,1,30,0,0,0,1,0,7,0,0,200,0,0,1,0,0,200,200,200,200,200
351835,1,30,0,0,0,1,0,7,0,0,200,0,0,0,200,0,200,200,200,200,200
351839,0,30,0,0,0,1,12,5,0,0,0,22,22,0,6,7,4,0,0,200,200
351839,0,30,0,0,0,1,12,5,0,0,0,22,22,0,6,0,0,0,0,200,200