RD_NO,PERSON_TYPE,POSTED_SPEED_LIMIT,TRAFFIC_CONTROL_DEVICE,DEVICE_CONDITION,WEATHER_CONDITION,LIGHTING_CONDITION,FIRST_CRASH_TYPE,TRAFFICWAY_TYPE,ALIGNMENT,ROADWAY_SURFACE_COND,ROAD_DEFECT,PRIM_CONTRIBUTORY_CAUSE,SEC_CONTRIBUTORY_CAUSE,SEX,AGE,SAFETY_EQUIPMENT,DRIVER_ACTION,DRIVER_VISION,PHYSICAL_CONDITION,BAC_RESULT VALUE,CELL_PHONE_USE
351845,0,5,0,0,0,3,7,7,0,0,0,0,200,2,200,200,200,200,200,200,200
351848,0,35,1,2,0,1,2,2,0,0,0,23,11,0,6,0,7,0,0,200,200
351856,0,15,0,0,0,1,0,7,0,0,0,11,11,1,6,200,12,200,0,200,200
351856,0,15,0,0,0,1,0,7,0,0,0,11,11,0,6,200,0,0,0,200,200
351862,0,30,3,5,200,200,7,2,0,200,3,0,0,2,200,200,200,200,200,200,200
351871,0,20,0,0,0,1,7,5,0,2,12,20,28,0,7,200,6,200,0,200,200
351875,0,25,0,0,200,200,7,12,0,200,0,0,200,2,200,200,200,200,200,200,200
351876,0,35,0,0,0,1,7,5,0,0,0,0,0,1,200,200,200,200,200,200,200
351876,1,35,0,0,0,1,7,5,0,0,0,0,0,0,200,1,200,200,200,200,200
351878,0,30,1,0,0,1,14,12,0,0,0,11,0,1,200,0,12,0,0,200,200
351878,0,30,1,0,0,1,14,12,0,0,0,11,0,0,200,0,12,0,0,200,200
351888,0,30,12,2,0,1,2,3,0,0,0,3,16,1,7,0,12,0,0,200,200
351893,0,30,0,0,0,1,2,2,0,0,0,0,0,0,7,0,200,0,0,200,200
351897,0,35,0,0,0,1,2,0,0,0,0,0,200,2,200,200,200,200,200,200,200
351900,0,30,1,2,0,1,14,5,0,0,0,17,200,0,7,0,1,0,0,200,200
351900,0,30,1,2,0,1,14,5,0,0,0,17,200,0,7,0,0,0,0,200,200
351907,0,30,1,2,0,1,12,2,0,0,0,21,200,0,8,200,4,0,0,200,200
351907,0,30,1,2,0,1,12,2,0,0,0,21,200,1,8,200,0,0,0,200,200
351909,0,30,0,0,2,1,12,0,0,1,3,22,22,0,200,200,7,200,200,200,200
351909,0,30,0,0,2,1,12,0,0,1,3,22,22,1,5,0,0,0,0,200,200
351909,1,30,0,0,2,1,12,0,0,1,3,22,22,0,200,200,200,200,200,200,200
351914,0,30,0,0,0,1,14,5,0,0,0,23,23,0,6,200,7,200,200,200,200
351914,0,30,0,0,0,1,14,5,0,0,0,23,23,1,5,200,0,0,0,200,200
351923,0,30,0,0,0,1,7,6,0,0,0,0,0,2,200,200,200,200,200,200,200
351924,0,30,0,0,200,200,7,6,0,200,200,0,200,2,200,200,200,200,200,200,200
351926,0,30,0,0,1,1,7,2,0,0,0,7,11,0,4,200,4,0,0,200,200
351927,0,30,0,0,0,0,10,5,0,0,0,0,0,1,6,200,200,200,200,200,200
351927,0,30,0,0,0,0,10,5,0,0,0,0,0,0,7,0,0,0,0,200,200
351932,0,30,0,0,0,1,10,5,0,0,0,11,0,1,7,200,3,0,0,200,200
351932,0,30,0,0,0,1,10,5,0,0,0,11,0,0,6,0,0,0,0,200,200
351938,0,30,0,0,0,200,7,5,0,0,0,0,0,2,200,200,11,200,200,200,200
351948,0,30,0,0,0,1,12,5,0,0,0,22,200,0,7,0,0,0,0,200,200
351948,0,30,0,0,0,1,12,5,0,0,0,22,200,1,6,200,3,200,0,200,200
351948,1,30,0,0,0,1,12,5,0,0,0,22,200,0,200,200,200,200,200,200,200
351948,1,30,0,0,0,1,12,5,0,0,0,22,200,1,200,200,200,200,200,200,200
351949,0,30,0,0,0,1,12,3,0,0,0,21,21,0,5,0,0,0,0,200,200
351949,0,30,0,0,0,1,12,3,0,0,0,21,21,0,7,0,4,0,0,200,200
351951,0,30,0,0,0,1,7,12,0,0,0,11,0,2,200,200,12,200,200,200,200
351952,0,30,1,2,0,1,8,1,0,0,0,12,0,0,6,0,0,0,0,200,200
351952,4,30,1,2,0,1,8,1,0,0,0,12,0,0,5,7,12,0,0,200,200
351963,0,30,0,0,0,1,7,5,0,0,0,0,0,2,200,200,200,200,200,200,200
351964,0,30,1,2,0,1,10,5,0,0,0,16,200,0,200,200,3,200,200,200,200
351964,0,30,1,2,0,1,10,5,0,0,0,16,200,0,6,0,0,0,0,200,200
351965,0,10,0,0,0,1,7,7,0,0,0,0,200,2,200,200,200,200,200,200,200
351969,0,30,0,0,0,1,12,12,0,0,0,17,17,0,9,0,12,200,0,200,200
351969,0,30,0,0,0,1,12,12,0,0,0,17,17,0,6,0,0,200,0,200,200
351969,1,30,0,0,0,1,12,12,0,0,0,17,17,0,6,0,200,200,200,200,200
351972,0,30,1,2,0,1,12,5,0,0,0,21,200,0,200,200,4,200,200,200,200
351972,0,30,1,2,0,1,12,5,0,0,0,21,200,0,200,0,0,0,0,200,200
351979,0,30,2,2,0,1,0,5,0,0,0,0,200,1,5,200,200,200,0,200,200
351979,0,30,2,2,0,1,0,5,0,0,0,0,200,0,5,200,200,200,0,200,200
351979,1,30,2,2,0,1,0,5,0,0,0,0,200,0,3,200,200,200,200,200,200
351983,0,30,1,2,0,1,14,5,0,0,0,17,200,1,200,200,1,200,200,200,200
351983,0,30,1,2,0,1,14,5,0,0,0,17,200,0,5,0,0,0,0,200,200
351989,0,30,1,2,0,1,14,3,0,0,0,23,200,0,6,0,0,0,0,200,200
351989,0,30,1,2,0,1,14,3,0,0,0,23,200,0,5,0,0,0,0,200,200
351989,1,30,1,2,0,1,14,3,0,0,0,23,200,1,5,0,200,200,200,200,200
351990,0,30,2,2,0,1,7,6,0,0,0,20,0,2,200,200,6,200,200,200,200
351993,0,30,0,0,0,0,7,5,0,0,0,0,0,2,200,200,200,200,200,200,200
351995,0,30,0,0,0,1,7,5,0,0,2,20,200,0,200,200,10,200,200,200,200
351995,1,30,0,0,0,1,7,5,0,0,2,20,200,1,5,0,200,200,200,200,200
352004,0,15,0,0,0,1,0,7,0,0,0,20,200,1,4,0,6,0,0,200,200
352004,0,15,0,0,0,1,0,7,0,0,0,20,200,0,7,0,6,0,0,200,200
352004,1,15,0,0,0,1,0,7,0,0,0,20,200,1,200,0,200,200,200,200,200
352011,0,10,0,0,0,1,2,4,0,0,0,0,11,1,200,200,6,200,200,200,200
352019,0,30,1,2,2,1,14,5,0,1,0,23,200,1,9,0,7,0,0,200,200
352019,0,30,1,2,2,1,14,5,0,1,0,23,200,1,6,0,0,0,0,200,200
352020,0,30,0,0,0,1,14,6,0,0,0,23,17,1,200,200,7,200,200,200,200
352020,0,30,0,0,0,1,14,6,0,0,0,23,17,1,7,200,0,0,0,200,200
352027,0,30,0,0,0,3,7,6,0,0,0,0,200,2,200,200,10,200,200,200,200
352033,0,20,0,0,0,1,7,5,0,0,0,0,200,2,200,200,200,200,200,200,200
352036,0,20,0,200,200,1,7,6,0,200,0,200,200,1,7,200,200,200,200,200,200
352037,0,30,1,2,0,1,12,5,0,0,0,0,0,0,6,200,200,200,0,200,200
352037,0,30,1,2,0,1,12,5,0,0,0,0,0,1,7,200,200,200,0,200,200
352037,1,30,1,2,0,1,12,5,0,0,0,0,0,0,200,200,200,200,200,200,200
352037,1,30,1,2,0,1,12,5,0,0,0,0,0,0,200,200,200,200,200,200,200
352037,1,30,1,2,0,1,12,5,0,0,0,0,0,0,200,200,200,200,200,200,200
352037,1,30,1,2,0,1,12,5,0,0,0,0,0,0,200,200,200,200,200,200,200
352037,1,30,1,2,0,1,12,5,0,0,0,0,0,0,200,200,200,200,200,200,200
352037,1,30,1,2,0,1,12,5,0,0,0,0,0,0,200,200,200,200,200,200,200
352037,1,30,1,2,0,1,12,5,0,0,0,0,0,0,200,200,200,200,200,200,200
352037,1,30,1,2,0,1,12,5,0,0,0,0,0,0,200,200,200,200,200,200,200
352037,1,30,1,2,0,1,12,5,0,0,0,0,0,0,200,200,200,200,200,200,200
352037,1,30,1,2,0,1,12,5,0,0,0,0,0,0,200,200,200,200,200,200,200
352037,1,30,1,2,0,1,12,5,0,0,0,0,0,0,200,200,200,200,200,200,200
352037,1,30,1,2,0,1,12,5,0,0,0,0,0,0,200,200,200,200,200,200,200
352037,1,30,1,2,0,1,12,5,0,0,0,0,0,0,200,200,200,200,200,200,200
352037,1,30,1,2,0,1,12,5,0,0,0,0,0,0,200,200,200,200,200,200,200
352037,1,30,1,2,0,1,12,5,0,0,0,0,0,0,200,200,200,200,200,200,200
352056,0,30,0,0,0,1,7,5,0,0,0,0,200,2,200,200,12,200,200,200,200
352057,0,30,1,2,0,1,10,2,0,0,3,16,16,0,5,0,12,0,0,200,200
352057,0,30,1,2,0,1,10,2,0,0,3,16,16,0,7,0,12,0,0,200,200
352058,0,35,1,2,0,1,0,5,0,0,0,6,200,0,5,0,5,0,0,200,200
352058,0,35,1,2,0,1,0,5,0,0,0,6,200,0,5,0,0,0,0,200,200
352058,0,35,1,2,0,1,0,5,0,0,0,6,200,0,8,0,0,0,0,200,200
352058,0,35,1,2,0,1,0,5,0,0,0,6,200,0,8,0,0,0,0,200,200
352058,1,35,1,2,0,1,0,5,0,0,0,6,200,1,7,0,200,200,200,200,200
352061,0,30,0,0,0,1,10,2,0,0,0,22,34,1,8,200,4,200,0,200,200
352061,0,30,0,0,0,1,10,2,0,0,0,22,34,0,8,200,0,200,0,200,200
352063,0,30,1,200,200,1,10,5,0,200,200,17,200,0,200,200,1,200,200,200,200
352063,0,30,1,200,200,1,10,5,0,200,200,17,200,0,8,0,0,200,0,200,200
352066,0,30,0,0,0,1,12,5,0,0,0,0,11,0,200,200,4,200,200,200,200
352066,0,30,0,0,0,1,12,5,0,0,0,0,11,0,7,0,0,0,0,200,200
352069,0,30,0,0,0,1,10,5,0,200,200,18,18,0,7,200,3,200,200,200,200
352069,0,30,0,0,0,1,10,5,0,200,200,18,18,0,7,3,200,200,200,200,200
352069,0,30,0,0,0,1,10,5,0,200,200,18,18,0,200,200,200,200,200,200,200
352071,0,30,0,0,0,3,7,7,0,0,0,0,200,2,200,200,200,200,200,200,200
352082,0,30,1,2,2,1,8,3,0,1,200,2,200,1,5,0,15,200,0,200,200
352082,4,30,1,2,2,1,8,3,0,1,200,2,200,0,7,3,0,0,0,200,200
352083,0,30,0,0,0,1,12,5,0,0,0,22,200,0,7,0,2,0,0,200,200
352083,0,30,0,0,0,1,12,5,0,0,0,22,200,2,200,200,0,200,200,200,200
352089,0,30,1,2,2,1,10,2,0,1,0,0,0,1,6,200,200,200,200,200,200
352089,0,30,1,2,2,1,10,2,0,1,0,0,0,1,6,200,200,200,0,200,200
352099,0,30,1,2,0,1,10,5,0,0,0,18,200,1,5,0,3,0,0,200,200
352099,0,30,1,2,0,1,10,5,0,0,0,18,200,0,6,0,0,0,0,200,200
352103,0,25,0,0,0,1,10,5,0,0,200,0,200,0,7,200,8,0,0,200,200
352103,0,25,0,0,0,1,10,5,0,0,200,0,200,1,6,200,0,0,0,200,200
352103,1,25,0,0,0,1,10,5,0,0,200,0,200,1,8,200,200,200,200,200,200
352103,1,25,0,0,0,1,10,5,0,0,200,0,200,0,8,200,200,200,200,200,200
352107,0,30,1,2,0,1,11,5,0,0,200,20,0,1,6,0,6,0,0,200,200
352107,0,30,1,2,0,1,11,5,0,0,200,20,0,0,5,0,0,0,0,200,200
352107,1,30,1,2,0,1,11,5,0,0,200,20,0,0,5,0,200,200,200,200,200
352107,1,30,1,2,0,1,11,5,0,0,200,20,0,0,4,0,200,200,200,200,200
352114,0,30,1,2,2,1,10,5,0,1,0,0,200,1,200,200,200,200,200,200,200
352117,0,30,0,0,0,1,0,0,0,0,0,17,200,0,7,0,2,0,0,200,200
352117,0,30,0,0,0,1,0,0,0,0,0,17,200,0,200,0,0,0,0,200,200
352122,0,30,1,2,0,1,10,5,0,0,0,16,11,0,6,0,1,0,0,200,200
352122,0,30,1,2,0,1,10,5,0,0,0,16,11,1,7,0,0,0,0,200,200
352122,0,30,1,2,0,1,10,5,0,0,0,16,11,1,8,0,0,0,0,200,200
352126,0,30,2,2,0,1,0,5,0,0,0,200,200,0,7,0,0,0,0,200,200
352126,0,30,2,2,0,1,0,5,0,0,0,200,200,1,7,0,0,0,0,200,200
352126,1,30,2,2,0,1,0,5,0,0,0,200,200,1,200,0,200,200,200,200,200
352128,0,30,1,2,0,1,10,2,0,1,0,18,34,1,7,0,3,200,0,200,200
352128,0,30,1,2,0,1,10,2,0,1,0,18,34,1,5,200,0,0,0,200,200
352128,1,30,1,2,0,1,10,2,0,1,0,18,34,1,3,200,200,200,200,200,200
352130,0,30,0,0,0,1,10,3,0,0,0,0,0,1,200,200,200,200,200,200,200
352130,0,30,0,0,0,1,10,3,0,0,0,0,0,0,6,0,0,0,0,200,200
352130,1,30,0,0,0,1,10,3,0,0,0,0,0,1,200,0,200,200,200,200,200
352134,0,30,200,200,0,1,10,2,0,0,200,18,200,0,6,200,3,200,200,200,200
352134,0,30,200,200,0,1,10,2,0,0,200,18,200,0,8,0,0,0,0,200,200
352134,0,30,200,200,0,1,10,2,0,0,200,18,200,1,7,200,0,200,200,200,200
352134,1,30,200,200,0,1,10,2,0,0,200,18,200,1,8,0,200,200,200,200,200
352136,0,10,9,0,0,1,0,2,3,0,0,33,200,1,7,0,12,12,0,200,200
352136,0,10,9,0,0,1,0,2,3,0,0,33,200,0,6,0,0,0,0,200,200
352136,1,10,9,0,0,1,0,2,3,0,0,33,200,0,5,0,200,200,200,200,200
352141,0,30,2,2,0,1,9,6,0,0,0,17,200,0,6,200,1,0,0,200,200
352141,5,30,2,2,0,1,9,6,0,0,0,17,200,0,7,7,0,0,0,200,200
352145,0,30,0,0,0,1,12,5,0,0,0,17,17,1,200,0,1,200,200,200,200
352145,0,30,0,0,0,1,12,5,0,0,0,17,17,0,8,0,0,200,0,200,200
352151,5,20,5,0,0,1,9,6,0,1,0,0,0,1,3,7,12,12,0,200,200
352151,0,20,5,0,0,1,9,6,0,1,0,0,0,0,6,200,0,0,0,200,200
352154,0,30,0,0,200,1,7,2,0,0,0,0,0,2,200,200,200,200,200,200,200
352155,0,30,1,2,0,1,10,3,0,0,0,15,21,0,6,200,8,200,200,200,200
352155,0,30,1,2,0,1,10,3,0,0,0,15,21,0,6,0,0,0,0,200,200
352159,0,30,1,2,0,1,10,3,0,0,0,16,11,0,6,0,1,0,0,200,200
352159,0,30,1,2,0,1,10,3,0,0,0,16,11,1,7,0,0,0,0,200,200
352160,0,30,200,200,0,1,14,5,0,200,200,0,200,0,6,200,200,200,0,200,200
352160,0,30,200,200,0,1,14,5,0,200,200,0,200,1,6,200,200,200,0,200,200
352169,0,30,0,0,2,1,10,2,0,1,12,16,200,0,6,200,3,200,0,200,200
352169,0,30,0,0,2,1,10,2,0,1,12,16,200,0,6,200,0,200,0,200,200
352176,0,30,1,2,2,1,10,2,0,1,0,16,15,0,4,0,8,0,0,200,200
352176,0,30,1,2,2,1,10,2,0,1,0,16,15,1,7,0,0,0,0,200,200
352177,0,30,0,0,0,1,10,5,0,0,0,18,18,1,200,200,3,200,200,200,200
352177,0,30,0,0,0,1,10,5,0,0,0,18,18,1,0,7,0,0,0,200,200
352179,0,30,0,0,0,1,0,5,0,1,0,0,200,0,200,200,1,200,200,200,200
352179,0,30,0,0,0,1,0,5,0,1,0,0,200,0,8,200,1,200,0,200,200
352179,1,30,0,0,0,1,0,5,0,1,0,0,200,1,5,200,200,200,200,200,200
352180,0,30,1,2,0,1,7,5,0,0,0,22,22,0,5,0,4,0,0,200,200
352180,0,30,1,2,0,1,7,5,0,0,0,22,22,0,6,0,12,0,0,200,200
352181,0,20,0,0,0,1,10,7,0,0,0,20,20,0,200,200,6,200,200,200,200
352181,0,20,0,0,0,1,10,7,0,0,0,20,20,1,4,200,0,0,0,200,200
352190,0,30,1,2,0,1,10,5,0,0,0,20,200,0,200,200,6,200,200,200,200
352190,0,30,1,2,0,1,10,5,0,0,0,20,200,1,5,0,0,0,0,200,200
352191,0,25,0,0,0,1,10,5,0,1,0,200,200,0,6,0,200,0,0,200,200
352191,0,25,0,0,0,1,10,5,0,1,0,200,200,0,8,1,0,0,0,200,200
352194,0,30,0,0,0,1,12,200,0,0,0,200,200,0,200,0,0,0,0,200,200
352194,0,30,0,0,0,1,12,200,0,0,0,200,200,0,6,0,0,0,0,200,200
352194,1,30,0,0,0,1,12,200,0,0,0,200,200,0,200,0,200,200,200,200,200
352200,0,30,0,0,0,1,12,5,0,1,0,0,0,0,7,0,4,200,0,200,200
352200,0,30,0,0,0,1,12,5,0,1,0,0,0,0,5,0,12,200,0,200,200
352202,0,30,0,0,0,1,7,5,0,0,0,17,200,0,6,0,0,0,0,200,200
352203,0,20,0,0,0,1,3,5,0,0,0,20,11,0,5,0,6,0,0,200,200
352203,0,20,0,0,0,1,3,5,0,0,0,20,11,1,6,0,0,0,0,200,200
352207,0,30,0,2,0,1,10,2,0,0,0,16,18,0,5,200,3,200,200,200,200
352207,0,30,0,2,0,1,10,2,0,0,0,16,18,0,5,200,0,0,200,200,200
352207,1,30,0,2,0,1,10,2,0,0,0,16,18,0,5,200,200,200,200,200,200
352207,1,30,0,2,0,1,10,2,0,0,0,16,18,0,6,200,200,200,200,200,200
352210,0,30,1,2,2,1,10,5,0,1,0,34,18,0,5,7,8,4,0,200,200
352210,0,30,1,2,2,1,10,5,0,1,0,34,18,0,7,200,0,4,0,200,200
352211,0,30,1,2,2,1,10,5,0,1,12,0,200,0,7,0,200,0,0,200,200
352211,0,30,1,2,2,1,10,5,0,1,12,0,200,0,6,0,200,0,5,200,200
352211,1,30,1,2,2,1,10,5,0,1,12,0,200,0,6,0,200,200,200,200,200
352213,0,30,0,0,0,1,7,6,0,0,0,200,200,2,200,200,200,200,200,200,200
352217,0,30,2,2,0,1,14,5,0,0,0,25,11,0,200,200,7,200,200,200,200
352217,0,30,2,2,0,1,14,5,0,0,0,25,11,1,5,200,0,0,0,200,200
352218,0,45,1,2,0,1,10,3,0,0,0,0,200,0,7,0,200,0,0,200,200
352218,0,45,1,2,0,1,10,3,0,0,0,0,200,0,8,0,0,0,0,200,200
352218,1,45,1,2,0,1,10,3,0,0,0,0,200,1,200,0,200,200,200,200,200
352224,0,25,0,0,0,1,12,5,0,0,200,21,18,1,200,200,4,200,200,200,200
352224,0,25,0,0,0,1,12,5,0,0,200,21,18,0,5,200,0,0,0,200,200
352225,0,30,0,0,2,1,10,2,0,1,0,16,0,1,6,0,200,0,0,200,200
352225,0,30,0,0,2,1,10,2,0,1,0,16,0,1,7,0,0,0,0,200,200
352226,0,30,1,2,1,1,14,6,0,0,0,18,11,1,200,200,3,200,200,200,200
352226,0,30,1,2,1,1,14,6,0,0,0,18,11,1,5,0,0,0,0,200,200
352227,0,30,1,2,0,1,10,2,0,0,200,16,200,0,200,200,3,200,200,200,200
352227,0,30,1,2,0,1,10,2,0,0,200,16,200,0,6,200,0,200,200,200,200
352229,0,30,0,0,0,1,7,6,0,0,0,200,200,1,6,0,0,0,0,200,200
352229,1,30,0,0,0,1,7,6,0,0,0,200,200,0,3,200,200,200,200,200,200
352229,1,30,0,0,0,1,7,6,0,0,0,200,200,0,3,200,200,200,200,200,200
352229,1,30,0,0,0,1,7,6,0,0,0,200,200,0,3,200,200,200,200,200,200
352229,1,30,0,0,0,1,7,6,0,0,0,200,200,1,3,200,200,200,200,200,200
352229,1,30,0,0,0,1,7,6,0,0,0,200,200,1,3,200,200,200,200,200,200
352229,1,30,0,0,0,1,7,6,0,0,0,200,200,0,3,200,200,200,200,200,200
352229,1,30,0,0,0,1,7,6,0,0,0,200,200,0,200,200,200,200,200,200,200
352229,1,30,0,0,0,1,7,6,0,0,0,200,200,1,7,200,200,200,200,200,200
352229,1,30,0,0,0,1,7,6,0,0,0,200,200,200,200,200,200,200,200,200,200
352230,0,30,1,2,0,1,10,6,0,0,0,18,200,1,200,200,3,200,200,200,200
352230,0,30,1,2,0,1,10,6,0,0,0,18,200,1,5,0,0,0,0,200,200
352231,0,30,0,0,0,1,12,2,0,0,0,22,11,0,200,200,2,200,200,200,200
352231,0,30,0,0,0,1,12,2,0,0,0,22,11,0,7,0,0,0,0,200,200
352235,0,25,200,200,0,1,10,2,0,0,200,0,0,0,7,200,200,200,0,200,200
352235,0,25,200,200,0,1,10,2,0,0,200,0,0,1,200,200,200,200,200,200,200
352237,0,30,0,0,0,1,7,5,0,0,0,0,200,2,200,200,200,200,200,200,200
352240,0,30,0,0,200,200,14,2,0,200,200,0,200,0,200,200,200,200,200,200,200
352240,0,30,0,0,200,200,14,2,0,200,200,0,200,0,9,200,200,200,200,200,200
352243,0,35,0,0,0,1,0,5,0,0,0,0,0,2,200,200,0,200,200,200,200
352243,0,35,0,0,0,1,0,5,0,0,0,0,0,0,0,0,0,0,0,200,200
352246,0,30,0,0,0,1,10,2,0,0,0,0,200,0,200,200,200,200,200,200,200
352246,0,30,0,0,0,1,10,2,0,0,0,0,200,0,6,0,0,0,0,200,200
352246,0,30,0,0,0,1,10,2,0,0,0,0,200,0,6,0,0,0,0,200,200
352247,0,30,1,2,0,1,10,2,0,0,200,18,0,0,7,0,12,200,0,200,200
352247,0,30,1,2,0,1,10,2,0,0,200,18,0,1,5,0,0,0,0,200,200
352248,0,30,1,2,0,1,12,2,0,0,200,17,200,1,9,200,1,200,0,200,200
352248,0,30,1,2,0,1,12,2,0,0,200,17,200,0,6,200,0,200,0,200,200
352248,1,30,1,2,0,1,12,2,0,0,200,17,200,0,7,200,200,200,200,200,200
352250,0,30,0,0,0,1,14,5,0,0,0,18,200,0,8,0,3,0,0,200,200
352250,0,30,0,0,0,1,14,5,0,0,0,18,200,1,6,0,0,0,0,200,200
352252,0,30,1,2,2,1,10,5,0,1,0,34,18,0,5,200,8,4,0,200,200
352252,0,30,1,2,2,1,10,5,0,1,0,34,18,0,200,200,0,200,200,200,200
352255,0,30,0,0,0,1,10,2,0,1,200,0,0,2,200,200,200,200,200,200,200
352255,0,30,0,0,0,1,10,2,0,1,200,0,0,0,7,0,0,0,0,200,200
352256,0,30,2,200,2,1,0,5,0,1,200,0,0,1,5,0,200,200,200,200,200
352256,0,30,2,200,2,1,0,5,0,1,200,0,0,1,4,0,0,200,200,200,200
352257,0,30,0,0,0,1,7,5,0,0,0,21,200,1,200,0,2,0,0,200,200
352263,0,30,2,2,0,1,10,5,0,0,0,18,18,0,200,200,3,200,200,200,200
352263,0,30,2,2,0,1,10,5,0,0,0,18,18,0,6,0,0,0,0,200,200
352263,1,30,2,2,0,1,10,5,0,0,0,18,18,1,200,7,200,200,200,200,200
352263,1,30,2,2,0,1,10,5,0,0,0,18,18,200,200,7,200,200,200,200,200
352264,0,15,0,0,0,1,9,5,0,0,200,200,0,0,6,200,12,0,0,200,200
352264,5,15,0,0,0,1,9,5,0,0,200,200,0,0,7,7,0,200,7,200,200
352264,5,15,0,0,0,1,9,5,0,0,200,200,0,0,6,7,0,200,200,200,200
352271,0,30,0,0,0,1,0,5,0,0,0,20,20,0,6,200,6,0,0,200,200
352271,0,30,0,0,0,1,0,5,0,0,0,20,20,1,6,0,0,0,0,200,200
352273,0,20,0,0,0,1,10,5,0,0,0,16,18,0,6,200,3,200,0,200,200
352273,0,20,0,0,0,1,10,5,0,0,0,16,18,1,7,0,0,0,0,200,200
352277,0,25,1,2,0,1,10,5,0,0,0,0,200,0,7,200,1,200,200,200,200
352277,0,25,1,2,0,1,10,5,0,0,0,0,200,0,5,200,6,200,200,200,200
352280,0,30,0,0,0,1,10,6,2,0,12,16,200,2,200,200,200,200,200,200,200
352280,0,30,0,0,0,1,10,6,2,0,12,16,200,0,200,200,3,200,200,200,200
352280,0,30,0,0,0,1,10,6,2,0,12,16,200,1,6,0,0,0,0,200,200
352287,0,30,0,0,0,1,14,7,0,0,0,10,200,1,200,200,9,200,200,200,200
352287,0,30,0,0,0,1,14,7,0,0,0,10,200,0,7,0,0,0,0,200,200
352289,0,30,1,2,2,1,7,6,0,1,0,7,200,0,6,0,12,0,0,200,200
352289,1,30,1,2,2,1,7,6,0,1,0,7,200,0,5,0,200,200,200,200,200
352292,0,30,1,2,0,2,14,5,0,0,0,0,200,0,200,200,1,200,200,200,200
352292,0,30,1,2,0,2,14,5,0,0,0,0,200,0,6,200,0,0,0,200,200
352294,0,30,1,2,0,1,10,5,0,0,0,0,0,0,7,0,0,0,0,200,200
352294,0,30,1,2,0,1,10,5,0,0,0,0,0,1,7,0,0,0,0,200,200
352297,0,30,0,0,0,1,7,5,0,0,0,0,200,2,200,200,200,200,200,200,200
352298,0,30,2,2,0,1,0,5,0,0,0,5,17,1,8,0,5,0,0,200,200
352298,0,30,2,2,0,1,0,5,0,0,0,5,17,0,6,0,0,0,0,200,200
352299,0,30,0,0,0,1,7,5,0,0,0,0,0,2,200,200,200,200,200,200,200
352300,0,30,1,2,2,1,14,5,0,1,0,23,200,0,6,200,7,200,200,200,200
352300,0,30,1,2,2,1,14,5,0,1,0,23,200,0,6,0,0,0,0,200,200
352300,1,30,1,2,2,1,14,5,0,1,0,23,200,1,200,0,200,200,200,200,200
352303,0,30,0,0,0,1,10,5,0,0,0,0,0,0,6,0,1,0,0,200,200
352303,0,30,0,0,0,1,10,5,0,0,0,0,0,1,7,0,0,0,0,200,200
352306,0,30,0,0,0,1,7,6,0,0,200,0,0,2,200,200,200,200,200,200,200
352309,0,20,0,0,0,1,12,2,0,0,0,200,200,0,9,200,12,200,0,200,200
352309,0,20,0,0,0,1,12,2,0,0,0,200,200,0,5,200,12,200,0,200,200
352320,0,30,0,0,0,1,11,5,0,0,0,0,200,1,200,0,1,0,0,200,200
352320,0,30,0,0,0,1,11,5,0,0,0,0,200,0,200,0,0,0,0,200,200
352321,0,30,0,0,0,1,7,5,0,200,200,22,22,0,200,200,2,200,200,200,200
352327,0,30,0,0,0,1,10,3,0,0,0,9,11,0,200,200,11,200,200,200,200
352327,0,30,0,0,0,1,10,3,0,0,0,9,11,1,7,0,0,0,0,200,200
352336,0,30,0,0,0,1,7,6,0,0,0,0,0,2,200,200,200,200,200,200,200
352344,0,30,0,0,0,1,12,5,0,0,0,0,0,0,5,200,200,0,0,200,200
352344,0,30,0,0,0,1,12,5,0,0,0,0,0,0,5,200,200,0,0,200,200
352345,0,30,0,0,0,1,14,5,0,0,0,23,200,0,200,200,7,200,200,200,200
352345,0,30,0,0,0,1,14,5,0,0,0,23,200,0,6,0,0,0,0,200,200
352349,0,30,0,0,2,1,8,5,0,1,0,0,0,1,200,200,200,200,200,200,200
352349,4,30,0,0,2,1,8,5,0,1,0,0,0,0,6,200,0,0,0,200,200
352353,0,30,1,2,0,1,14,5,0,0,0,0,200,0,200,200,12,200,200,200,200
352353,0,30,1,2,0,1,14,5,0,0,0,0,200,1,5,0,12,0,0,200,200
352353,1,30,1,2,0,1,14,5,0,0,0,0,200,1,6,200,200,200,200,200,200
352356,0,30,0,0,0,1,0,5,0,0,0,20,200,0,5,0,6,0,0,200,200
352356,0,30,0,0,0,1,0,5,0,0,0,20,200,1,7,0,0,0,0,200,200
352357,0,10,0,0,0,1,7,7,0,0,0,20,200,0,9,0,6,0,0,200,200
352360,0,30,0,0,0,1,7,7,0,0,0,0,200,0,5,200,200,200,200,200,200
352361,0,30,0,0,0,1,12,6,0,0,0,0,0,0,8,0,200,0,200,200,200