RD_NO,PERSON_TYPE,POSTED_SPEED_LIMIT,TRAFFIC_CONTROL_DEVICE,DEVICE_CONDITION,WEATHER_CONDITION,LIGHTING_CONDITION,FIRST_CRASH_TYPE,TRAFFICWAY_TYPE,ALIGNMENT,ROADWAY_SURFACE_COND,ROAD_DEFECT,PRIM_CONTRIBUTORY_CAUSE,SEC_CONTRIBUTORY_CAUSE,SEX,AGE,SAFETY_EQUIPMENT,DRIVER_ACTION,DRIVER_VISION,PHYSICAL_CONDITION,BAC_RESULT VALUE,CELL_PHONE_USE
352361,0,30,0,0,0,1,12,6,0,0,0,0,0,0,8,0,0,0,200,200,200
352362,0,30,0,0,2,1,10,3,0,1,0,18,200,0,200,200,3,200,200,200,200
352362,0,30,0,0,2,1,10,3,0,1,0,18,200,1,5,0,0,0,0,200,200
352365,0,35,1,2,0,1,10,3,0,0,0,18,16,1,5,200,3,200,0,200,200
352365,0,35,1,2,0,1,10,3,0,0,0,18,16,1,6,200,0,0,0,200,200
352365,0,35,1,2,0,1,10,3,0,0,0,18,16,0,6,200,0,0,0,200,200
352365,1,35,1,2,0,1,10,3,0,0,0,18,16,1,4,200,200,200,200,200,200
352365,1,35,1,2,0,1,10,3,0,0,0,18,16,0,3,7,200,200,200,200,200
352365,1,35,1,2,0,1,10,3,0,0,0,18,16,0,7,200,200,200,200,200,200
352367,0,45,0,0,0,1,10,3,0,0,0,18,0,0,7,0,3,0,0,200,200
352367,0,45,0,0,0,1,10,3,0,0,0,18,0,0,7,0,0,0,0,200,200
352372,0,30,1,2,0,1,10,5,0,200,200,11,18,0,200,200,12,200,200,200,200
352372,0,30,1,2,0,1,10,5,0,200,200,11,18,0,9,0,200,200,200,200,200
352374,0,30,1,2,0,1,10,8,2,0,200,18,0,0,5,200,3,200,200,200,200
352374,0,30,1,2,0,1,10,8,2,0,200,18,0,0,5,0,0,0,0,200,200
352376,0,30,0,0,0,1,12,2,0,0,0,17,200,1,200,0,1,0,0,200,200
352376,0,30,0,0,0,1,12,2,0,0,0,17,200,0,200,0,0,0,0,200,200
352376,0,30,0,0,0,1,12,2,0,0,0,17,200,0,200,0,0,0,0,200,200
352376,1,30,0,0,0,1,12,2,0,0,0,17,200,1,200,0,200,200,200,200,200
352377,4,20,0,0,0,1,8,6,0,0,0,0,200,0,5,7,200,0,0,200,200
352380,0,30,2,2,0,1,8,5,0,0,0,16,11,2,200,200,12,200,200,200,200
352380,4,30,2,2,0,1,8,5,0,0,0,16,11,0,5,2,0,0,0,200,200
352384,0,35,1,2,0,1,0,2,0,0,0,6,0,1,5,200,5,200,0,200,200
352384,0,35,1,2,0,1,0,2,0,0,0,6,0,1,7,200,0,0,0,200,200
352385,0,20,0,0,0,3,3,6,0,0,0,10,0,2,200,200,9,200,200,200,200
352385,0,20,0,0,0,3,3,6,0,0,0,10,0,1,8,0,0,0,0,200,200
352389,0,30,2,2,0,1,10,5,0,0,0,16,200,1,8,0,200,0,0,200,200
352389,0,30,2,2,0,1,10,5,0,0,0,16,200,1,7,0,0,0,0,200,200
352389,1,30,2,2,0,1,10,5,0,0,0,16,200,0,7,0,200,200,200,200,200
352396,0,30,0,0,0,1,7,5,0,0,0,0,200,0,0,200,200,0,0,200,200
352404,0,25,0,0,0,1,7,6,0,0,0,0,0,2,200,200,200,200,200,200,200
352415,0,30,0,0,0,1,12,2,0,0,0,0,0,0,6,0,0,0,0,200,200
352415,0,30,0,0,0,1,12,2,0,0,0,0,0,1,6,0,0,0,0,200,200
352415,1,30,0,0,0,1,12,2,0,0,0,0,0,1,0,0,200,200,200,200,200
352415,1,30,0,0,0,1,12,2,0,0,0,0,0,1,7,0,200,200,200,200,200
352417,0,30,0,0,0,1,7,6,0,0,0,0,200,2,200,200,200,200,200,200,200
352427,0,30,1,2,0,3,12,3,0,0,0,22,22,1,200,200,4,200,200,200,200
352427,0,30,1,2,0,3,12,3,0,0,0,22,22,0,4,0,0,0,0,200,200
352428,0,30,0,0,0,1,10,7,0,0,0,11,11,0,200,200,6,200,200,200,200
352428,0,30,0,0,0,1,10,7,0,0,0,11,11,1,6,0,0,0,0,200,200
352431,0,30,0,0,0,1,0,5,0,0,0,17,200,1,4,200,1,200,200,200,200
352431,0,30,0,0,0,1,0,5,0,0,0,17,200,1,6,0,0,0,0,200,200
352434,0,30,200,200,0,1,10,2,0,0,0,0,0,0,4,200,200,200,0,200,200
352434,0,30,200,200,0,1,10,2,0,0,0,0,0,1,200,200,200,200,200,200,200
352438,0,30,1,2,0,1,14,12,0,0,0,0,0,0,200,200,7,200,200,200,200
352438,0,30,1,2,0,1,14,12,0,0,0,0,0,1,200,0,200,0,0,200,200
352441,0,30,2,2,0,1,14,6,0,0,0,17,200,0,200,0,7,0,0,200,200
352441,0,30,2,2,0,1,14,6,0,0,0,17,200,0,200,0,7,0,0,200,200
352441,1,30,2,2,0,1,14,6,0,0,0,17,200,0,200,0,200,200,200,200,200
352449,0,30,0,0,0,1,7,2,2,0,0,16,200,2,200,200,200,200,200,200,200
352451,0,30,1,2,0,1,0,2,0,0,0,17,11,0,200,200,1,200,200,200,200
352451,0,30,1,2,0,1,0,2,0,0,0,17,11,1,7,0,0,0,0,200,200
352451,1,30,1,2,0,1,0,2,0,0,0,17,11,1,5,200,200,200,200,200,200
352451,1,30,1,2,0,1,0,2,0,0,0,17,11,0,1,5,200,200,200,200,200
352451,1,30,1,2,0,1,0,2,0,0,0,17,11,1,1,5,200,200,200,200,200
352451,1,30,1,2,0,1,0,2,0,0,0,17,11,1,0,5,200,200,200,200,200
352451,1,30,1,2,0,1,0,2,0,0,0,17,11,1,3,0,200,200,200,200,200
352459,0,30,0,0,0,1,10,5,0,0,0,8,18,1,6,200,3,200,0,200,200
352459,0,30,0,0,0,1,10,5,0,0,0,8,18,1,6,200,0,0,0,200,200
352459,0,30,0,0,0,1,10,5,0,0,0,8,18,1,7,200,0,0,0,200,200
352459,1,30,0,0,0,1,10,5,0,0,0,8,18,1,6,200,200,200,200,200,200
352459,1,30,0,0,0,1,10,5,0,0,0,8,18,1,0,5,200,200,200,200,200
352459,1,30,0,0,0,1,10,5,0,0,0,8,18,1,1,200,200,200,200,200,200
352459,1,30,0,0,0,1,10,5,0,0,0,8,18,1,1,200,200,200,200,200,200
352459,1,30,0,0,0,1,10,5,0,0,0,8,18,1,1,200,200,200,200,200,200
352464,0,5,0,0,200,1,7,7,0,200,200,0,0,0,200,200,12,200,200,200,200
352466,0,30,0,0,0,1,14,5,0,0,0,0,0,1,6,0,200,200,0,200,200
352466,0,30,0,0,0,1,14,5,0,0,0,0,0,1,5,200,200,200,0,200,200
352466,1,30,0,0,0,1,14,5,0,0,0,0,0,1,2,0,200,200,200,200,200
352469,0,30,1,2,0,1,14,5,0,0,0,22,200,0,6,0,2,0,0,200,200
352469,0,30,1,2,0,1,14,5,0,0,0,22,200,0,6,0,0,0,0,200,200
352470,0,30,11,12,0,1,10,5,0,200,200,33,0,0,6,0,200,200,200,200,200
352470,0,30,11,12,0,1,10,5,0,200,200,33,0,1,4,0,200,200,200,200,200
352474,0,30,1,2,0,4,0,6,0,0,0,11,0,0,6,0,12,0,0,200,200
352474,0,30,1,2,0,4,0,6,0,0,0,11,0,1,8,0,0,0,0,200,200
352475,0,25,2,2,200,0,2,4,2,200,0,0,0,2,200,200,200,200,200,200,200
352476,0,30,0,0,0,1,12,2,0,0,200,17,11,1,5,200,1,200,0,200,200
352476,0,30,0,0,0,1,12,2,0,0,200,17,11,0,7,200,0,200,0,200,200
352479,0,5,0,0,0,1,7,7,0,0,0,20,0,0,6,200,6,0,200,200,200
352479,1,5,0,0,0,1,7,7,0,0,0,20,0,1,9,200,200,200,200,200,200
352479,1,5,0,0,0,1,7,7,0,0,0,20,0,0,6,200,200,200,200,200,200
352479,1,5,0,0,0,1,7,7,0,0,0,20,0,0,5,200,200,200,200,200,200
352479,1,5,0,0,0,1,7,7,0,0,0,20,0,0,6,200,200,200,200,200,200
352483,4,30,0,0,0,1,8,5,0,0,0,0,0,0,5,3,200,0,0,200,200
352483,0,30,0,0,0,1,8,5,0,0,0,0,0,1,5,0,200,0,0,200,200
352490,0,30,0,0,0,1,7,7,0,0,0,25,200,2,200,200,200,200,200,200,200
352494,0,30,0,0,0,1,10,5,0,0,0,0,0,1,6,200,1,0,0,200,200
352494,0,30,0,0,0,1,10,5,0,0,0,0,0,1,6,0,0,0,0,200,200
352501,0,0,0,0,0,1,0,7,0,0,0,20,11,0,6,0,6,0,0,200,200
352501,0,0,0,0,0,1,0,7,0,0,0,20,11,1,7,0,0,0,0,200,200
352502,0,30,0,0,0,1,0,2,0,0,0,17,200,0,5,0,200,200,0,200,200
352502,0,30,0,0,0,1,0,2,0,0,0,17,200,0,6,0,0,200,0,200,200
352502,1,30,0,0,0,1,0,2,0,0,0,17,200,0,6,0,200,200,200,200,200
352507,0,15,0,0,0,1,0,7,0,0,2,20,17,1,9,0,6,0,0,200,200
352507,0,15,0,0,0,1,0,7,0,0,2,20,17,1,8,0,0,0,0,200,200
352509,0,30,0,0,0,1,10,7,0,0,0,200,200,0,200,200,0,200,200,200,200
352509,0,30,0,0,0,1,10,7,0,0,0,200,200,0,6,0,0,0,0,200,200
352512,0,40,0,0,0,1,10,3,0,0,0,16,11,1,5,0,3,0,0,200,200
352512,0,40,0,0,0,1,10,3,0,0,0,16,11,1,6,0,0,0,0,200,200
352512,1,40,0,0,0,1,10,3,0,0,0,16,11,1,1,5,200,200,200,200,200
352515,0,30,1,2,0,1,14,3,0,0,0,0,200,0,7,0,0,0,0,200,200
352515,0,30,1,2,0,1,14,3,0,0,0,0,200,0,6,0,0,0,0,200,200
352521,0,30,1,2,0,1,14,5,0,0,0,17,200,0,5,200,1,0,0,200,200
352521,0,30,1,2,0,1,14,5,0,0,0,17,200,0,7,200,12,0,0,200,200
352522,0,40,1,2,0,1,14,3,0,0,0,0,200,0,200,200,7,200,200,200,200
352522,0,40,1,2,0,1,14,3,0,0,0,0,200,1,7,0,0,0,0,200,200
352522,1,40,1,2,0,1,14,3,0,0,0,0,200,1,200,0,200,200,200,200,200
352523,0,30,0,0,0,1,10,2,0,0,200,17,200,0,5,200,1,200,0,200,200
352523,0,30,0,0,0,1,10,2,0,0,200,17,200,1,6,200,0,200,0,200,200
352534,0,30,200,200,0,1,10,5,0,0,200,0,0,0,6,0,200,200,200,200,200
352534,0,30,200,200,0,1,10,5,0,0,200,0,0,1,6,0,0,200,200,200,200
352541,0,30,2,2,0,1,10,5,0,0,0,0,200,1,6,0,200,200,200,200,200
352541,0,30,2,2,0,1,10,5,0,0,0,0,200,0,6,0,200,200,0,200,200
352545,0,30,2,2,0,1,10,5,0,0,0,18,200,1,200,0,3,0,0,200,200
352545,0,30,2,2,0,1,10,5,0,0,0,18,200,1,200,0,0,0,0,200,200
352550,5,30,0,0,0,1,9,2,0,0,0,33,200,0,6,7,12,1,0,200,200
352550,0,30,0,0,0,1,9,2,0,0,0,33,200,0,6,0,12,1,0,200,200
352553,0,30,0,0,0,1,10,5,0,0,0,18,18,0,0,0,3,0,0,200,200
352553,0,30,0,0,0,1,10,5,0,0,0,18,18,0,6,0,0,0,0,200,200
352555,0,30,1,2,0,1,14,5,0,0,0,22,200,1,6,0,0,0,0,200,200
352555,0,30,1,2,0,1,14,5,0,0,0,22,200,0,6,0,0,0,0,200,200
352556,0,30,1,2,0,1,12,2,0,0,0,23,200,0,8,200,7,0,0,200,200
352556,0,30,1,2,0,1,12,2,0,0,0,23,200,1,6,200,0,0,0,200,200
352556,1,30,1,2,0,1,12,2,0,0,0,23,200,1,200,200,200,200,200,200,200
352560,0,30,0,0,0,1,14,5,0,0,0,10,14,0,200,200,8,200,200,200,200
352560,0,30,0,0,0,1,14,5,0,0,0,10,14,0,200,0,9,0,0,200,200
352560,1,30,0,0,0,1,14,5,0,0,0,10,14,0,200,200,200,200,200,200,200
352560,1,30,0,0,0,1,14,5,0,0,0,10,14,0,200,200,200,200,200,200,200
352561,0,25,0,0,0,1,14,7,0,0,200,11,200,1,5,200,6,0,0,200,200
352561,0,25,0,0,0,1,14,7,0,0,200,11,200,0,6,200,0,0,0,200,200
352561,1,25,0,0,0,1,14,7,0,0,200,11,200,0,5,200,200,200,200,200,200
352561,1,25,0,0,0,1,14,7,0,0,200,11,200,0,2,200,200,200,200,200,200
352562,0,25,1,2,0,1,10,5,0,0,0,18,200,1,6,200,3,0,0,200,200
352562,0,25,1,2,0,1,10,5,0,0,0,18,200,1,5,200,0,0,0,200,200
352565,0,30,1,2,200,1,14,6,0,200,0,23,200,0,6,200,7,200,200,200,200
352565,0,30,1,2,200,1,14,6,0,200,0,23,200,0,6,0,0,0,0,200,200
352567,0,30,0,0,0,1,12,12,0,0,0,23,0,1,5,0,7,0,0,200,200
352567,0,30,0,0,0,1,12,12,0,0,0,23,0,0,6,0,0,0,0,200,200
352567,1,30,0,0,0,1,12,12,0,0,0,23,0,2,200,200,200,200,200,200,200
352571,0,30,0,0,0,1,7,6,0,0,0,22,200,0,7,200,2,0,0,200,200
352572,0,35,1,2,0,1,12,5,0,0,0,21,0,0,6,200,1,0,0,200,200
352572,0,35,1,2,0,1,12,5,0,0,0,21,0,0,6,0,0,0,0,200,200
352573,0,30,1,2,0,1,10,3,0,0,0,0,0,0,200,200,200,0,0,200,200
352573,0,30,1,2,0,1,10,3,0,0,0,0,0,0,200,0,200,0,0,200,200
352575,0,30,1,2,0,1,9,1,0,0,0,0,200,0,6,0,1,200,0,200,200
352575,5,30,1,2,0,1,9,1,0,0,0,0,200,1,6,7,0,0,0,200,200
352575,1,30,1,2,0,1,9,1,0,0,0,0,200,200,200,0,200,200,200,200,200
352577,0,30,2,2,0,1,0,5,0,0,0,5,0,1,200,200,5,200,200,200,200
352577,0,30,2,2,0,1,0,5,0,0,0,5,0,1,5,0,5,0,0,200,200
352577,1,30,2,2,0,1,0,5,0,0,0,5,0,1,6,0,200,200,200,200,200
352580,0,30,0,0,0,1,7,7,0,0,0,0,200,0,200,200,200,200,200,200,200
352581,0,30,0,0,0,1,14,3,0,0,0,33,0,1,6,0,1,1,0,200,200
352581,0,30,0,0,0,1,14,3,0,0,0,33,0,0,6,0,0,0,0,200,200
352582,0,35,1,2,0,1,14,12,0,0,0,6,16,1,6,0,5,0,0,200,200
352582,0,35,1,2,0,1,14,12,0,0,0,6,16,0,7,0,0,0,0,200,200
352587,0,30,1,2,0,1,12,5,0,0,0,21,200,0,6,200,4,0,0,200,200
352587,0,30,1,2,0,1,12,5,0,0,0,21,200,1,6,0,0,0,0,200,200
352591,0,30,0,0,0,1,14,5,0,0,0,22,11,0,200,0,9,0,0,200,200
352591,0,30,0,0,0,1,14,5,0,0,0,22,11,0,7,0,0,0,0,200,200
352596,0,30,0,0,0,1,12,6,0,0,0,17,200,0,6,0,0,0,0,200,200
352596,0,30,0,0,0,1,12,6,0,0,0,17,200,0,5,0,0,0,0,200,200
352596,1,30,0,0,0,1,12,6,0,0,0,17,200,0,200,0,200,200,200,200,200
352598,0,35,0,0,0,1,12,5,0,0,0,17,200,0,5,200,1,0,0,200,200
352598,0,35,0,0,0,1,12,5,0,0,0,17,200,0,6,200,0,0,0,200,200
352601,0,15,0,0,0,1,10,7,0,0,200,20,0,1,200,200,6,200,200,200,200
352601,0,15,0,0,0,1,10,7,0,0,200,20,0,0,5,0,0,0,0,200,200
352602,0,30,0,0,0,1,7,5,0,0,0,0,200,1,200,200,200,200,200,200,200
352603,0,30,10,2,0,1,7,6,0,0,0,20,20,0,7,200,6,200,0,200,200
352603,1,30,10,2,0,1,7,6,0,0,0,20,20,0,6,200,200,200,200,200,200
352603,1,30,10,2,0,1,7,6,0,0,0,20,20,1,3,200,200,200,200,200,200
352604,0,30,0,0,0,1,7,6,0,0,0,0,0,0,7,200,12,0,0,200,200
352612,0,30,0,0,0,1,1,5,0,0,0,17,0,0,200,200,1,200,200,200,200
352612,5,30,0,0,0,1,1,5,0,0,0,17,0,0,200,7,0,0,0,200,200
352613,0,0,0,0,0,1,7,12,0,0,0,20,11,0,7,0,6,0,0,200,200
352627,3,30,1,2,0,1,2,3,0,1,0,25,25,2,200,200,200,200,200,200,200
352627,0,30,1,2,0,1,2,3,0,1,0,25,25,0,7,0,12,0,0,200,200
352627,1,30,1,2,0,1,2,3,0,1,0,25,25,1,7,0,200,200,200,200,200
352627,1,30,1,2,0,1,2,3,0,1,0,25,25,1,8,0,200,200,200,200,200
352634,0,5,200,200,0,2,7,12,0,200,200,0,200,0,6,0,200,200,0,200,200
352639,0,30,0,0,0,1,14,5,0,0,0,0,200,0,7,0,2,0,0,200,200
352639,0,30,0,0,0,1,14,5,0,0,0,0,200,1,6,0,0,1,0,200,200
352640,0,30,0,0,0,1,10,5,0,0,200,0,0,2,200,200,200,200,200,200,200
352640,0,30,0,0,0,1,10,5,0,0,200,0,0,1,5,0,0,200,200,200,200
352640,0,30,0,0,0,1,10,5,0,0,200,0,0,1,6,200,0,200,200,200,200
352648,0,30,1,2,2,1,10,5,0,0,0,16,11,0,7,0,8,0,0,200,200
352648,0,30,1,2,2,1,10,5,0,0,0,16,11,1,3,0,0,0,0,200,200
352648,0,30,1,2,2,1,10,5,0,0,0,16,11,0,5,0,0,0,0,200,200
352648,0,30,1,2,2,1,10,5,0,0,0,16,11,0,200,200,0,200,200,200,200
352650,0,30,0,0,0,2,10,5,0,0,0,200,200,0,5,0,0,0,0,200,200
352650,0,30,0,0,0,2,10,5,0,0,0,200,200,0,6,1,0,0,0,200,200
352650,1,30,0,0,0,2,10,5,0,0,0,200,200,1,200,0,200,200,200,200,200
352650,1,30,0,0,0,2,10,5,0,0,0,200,200,0,200,0,200,200,200,200,200
352650,1,30,0,0,0,2,10,5,0,0,0,200,200,1,200,0,200,200,200,200,200
352660,0,30,0,0,0,1,12,6,0,200,200,22,22,0,200,200,2,200,200,200,200
352660,0,30,0,0,0,1,12,6,0,200,200,22,22,0,5,0,6,200,0,200,200
352665,0,30,200,1,0,1,14,2,0,0,200,22,22,0,200,200,2,200,200,200,200
352665,0,30,200,1,0,1,14,2,0,0,200,22,22,1,7,0,0,0,0,200,200
352672,0,5,0,0,0,1,10,7,0,0,0,0,200,2,200,200,200,200,200,200,200
352672,0,5,0,0,0,1,10,7,0,0,0,0,200,0,7,200,0,0,0,200,200
352690,0,30,1,2,0,3,14,5,0,0,0,17,23,0,7,200,1,0,0,200,200
352690,0,30,1,2,0,3,14,5,0,0,0,17,23,1,5,200,0,0,0,200,200
352690,1,30,1,2,0,3,14,5,0,0,0,17,23,1,6,200,200,200,200,200,200
352693,0,30,0,0,0,2,10,5,0,0,0,200,200,0,5,0,0,0,0,200,200
352693,0,30,0,0,0,2,10,5,0,0,0,200,200,1,4,0,0,0,0,200,200
352701,0,30,1,2,0,1,10,3,0,0,0,0,200,0,200,200,200,200,200,200,200
352701,0,30,1,2,0,1,10,3,0,0,0,0,200,1,7,0,200,200,0,200,200
352701,1,30,1,2,0,1,10,3,0,0,0,0,200,0,6,0,200,200,200,200,200
352702,0,30,1,2,0,3,10,2,0,0,0,16,11,0,200,200,1,200,200,200,200
352702,0,30,1,2,0,3,10,2,0,0,0,16,11,0,6,0,0,0,0,200,200
352710,0,30,0,0,0,2,7,5,0,0,0,20,200,0,200,200,6,200,200,200,200
352711,0,25,1,2,0,1,12,5,0,0,0,22,200,1,200,0,2,0,0,200,200
352711,0,25,1,2,0,1,12,5,0,0,0,22,200,0,7,0,0,0,0,200,200
352711,1,25,1,2,0,1,12,5,0,0,0,22,200,0,200,0,200,200,200,200,200
352721,0,30,0,0,0,3,5,3,0,0,1,29,200,1,7,0,0,0,0,200,200
352723,0,30,0,0,0,1,12,12,0,0,0,21,200,0,8,200,4,0,0,200,200
352723,0,30,0,0,0,1,12,12,0,0,0,21,200,1,5,0,0,0,0,200,200
352733,0,30,0,0,0,3,7,5,0,0,0,16,25,2,200,200,200,200,200,200,200
352735,0,30,0,0,0,3,12,2,0,200,200,16,0,1,200,200,4,200,200,200,200
352735,0,30,0,0,0,3,12,2,0,200,200,16,0,1,7,0,0,0,0,200,200
352739,0,30,2,2,0,1,0,6,0,0,0,0,200,1,6,200,1,200,200,200,200
352739,0,30,2,2,0,1,0,6,0,0,0,0,200,0,5,200,0,0,0,200,200
352749,0,30,2,0,0,0,10,2,0,0,0,18,200,0,200,200,3,200,200,200,200
352749,0,30,2,0,0,0,10,2,0,0,0,18,200,0,5,0,0,0,0,200,200
352752,0,35,1,2,0,0,14,3,0,0,0,0,0,0,7,0,200,0,0,200,200
352752,0,35,1,2,0,0,14,3,0,0,0,0,0,1,0,0,0,0,0,200,200
352754,0,30,1,2,0,1,10,5,0,0,0,18,0,0,4,200,3,200,200,200,200
352754,0,30,1,2,0,1,10,5,0,0,0,18,0,1,5,200,0,0,0,200,200
352755,0,30,0,0,0,3,2,2,0,1,200,13,200,0,6,0,14,200,0,200,200
352756,0,20,0,0,0,1,0,7,0,0,0,0,0,0,7,200,12,0,0,200,200
352756,0,20,0,0,0,1,0,7,0,0,0,0,0,1,7,200,12,0,0,200,200
352760,4,35,1,2,0,0,8,5,0,0,0,35,200,0,6,0,5,0,0,200,200
352760,0,35,1,2,0,0,8,5,0,0,0,35,200,0,7,0,0,0,0,200,200
352763,0,30,0,0,0,1,14,7,0,0,0,23,200,0,6,0,7,5,0,200,200
352763,0,30,0,0,0,1,14,7,0,0,0,23,200,2,200,200,0,200,200,200,200
352764,0,30,0,0,0,4,14,2,0,0,0,17,200,1,5,200,1,200,0,200,200
352764,0,30,0,0,0,4,14,2,0,0,0,17,200,0,6,0,0,0,0,200,200
352766,0,30,0,0,0,1,7,6,0,0,0,200,200,2,200,200,10,200,200,200,200
352768,0,30,1,2,0,1,10,6,0,0,200,18,200,0,6,200,3,200,200,200,200
352768,0,30,1,2,0,1,10,6,0,0,200,18,200,1,6,0,0,0,0,200,200
352774,0,30,2,2,0,1,0,5,0,0,0,17,200,0,6,200,0,0,0,200,200
352774,0,30,2,2,0,1,0,5,0,0,0,17,200,0,200,200,1,200,200,200,200
352778,0,25,0,0,0,3,7,5,0,0,0,20,11,0,3,200,6,200,0,200,200
352779,0,30,2,2,0,1,0,5,0,0,0,5,200,0,5,200,5,0,200,200,200
352779,0,30,2,2,0,1,0,5,0,0,0,5,200,0,5,200,0,0,0,200,200
352779,1,30,2,2,0,1,0,5,0,0,0,5,200,0,200,0,200,200,200,200,200
352779,1,30,2,2,0,1,0,5,0,0,0,5,200,0,200,0,200,200,200,200,200
352779,1,30,2,2,0,1,0,5,0,0,0,5,200,0,200,0,200,200,200,200,200
352780,0,30,1,2,0,1,14,5,0,0,0,21,17,2,200,200,4,200,200,200,200
352780,0,30,1,2,0,1,14,5,0,0,0,21,17,1,8,0,0,0,0,200,200
352781,0,5,0,0,0,3,7,7,0,1,0,0,0,0,200,200,200,200,200,200,200
352783,0,35,1,2,0,3,10,5,0,0,0,0,0,0,5,0,0,0,0,200,200
352783,0,35,1,2,0,3,10,5,0,0,0,0,0,0,200,200,1,200,200,200,200
352783,1,35,1,2,0,3,10,5,0,0,0,0,0,0,4,0,200,200,200,200,200
352783,1,35,1,2,0,3,10,5,0,0,0,0,0,0,5,0,200,200,200,200,200
352783,1,35,1,2,0,3,10,5,0,0,0,0,0,0,4,0,200,200,200,200,200
352783,1,35,1,2,0,3,10,5,0,0,0,0,0,0,4,0,200,200,200,200,200
352787,0,35,0,0,0,0,12,6,0,0,0,0,0,0,6,0,200,0,0,200,200
352787,0,35,0,0,0,0,12,6,0,0,0,0,0,1,6,0,0,0,0,200,200
352790,0,35,1,2,0,3,14,5,0,0,0,23,23,0,5,200,7,200,200,200,200
352790,0,35,1,2,0,3,14,5,0,0,0,23,23,1,4,0,0,0,0,200,200
352792,0,30,0,0,0,3,2,5,0,0,0,0,0,0,7,200,12,0,0,200,200
352795,0,30,0,0,0,3,7,6,0,0,0,32,0,1,6,200,200,200,5,0.18,200
352799,0,30,12,12,0,3,8,2,0,0,0,21,200,0,7,200,12,0,0,200,0
352799,4,30,12,12,0,3,8,2,0,0,0,21,200,0,5,200,200,0,0,200,200
352799,1,30,12,12,0,3,8,2,0,0,0,21,200,0,6,200,200,200,200,200,200
352803,0,30,1,2,0,3,10,3,0,0,0,0,0,1,6,0,200,0,0,200,200
352803,0,30,1,2,0,3,10,3,0,0,0,0,0,1,6,0,0,0,0,200,200
352803,1,30,1,2,0,3,10,3,0,0,0,0,0,0,0,5,200,200,200,200,200
352803,1,30,1,2,0,3,10,3,0,0,0,0,0,1,1,5,200,200,200,200,200
352812,0,10,0,0,1,0,7,7,0,2,200,11,200,0,6,200,12,200,0,200,200
352817,0,30,0,0,0,1,12,6,0,0,0,21,0,0,200,200,200,200,200,200,200
352817,0,30,0,0,0,1,12,6,0,0,0,21,0,1,200,0,0,0,0,200,200
352834,0,30,200,200,0,3,7,5,0,0,200,16,200,0,7,200,200,200,200,200,200
352834,1,30,200,200,0,3,7,5,0,0,200,16,200,0,7,200,200,200,200,200,200
352842,0,35,1,1,0,3,2,3,0,0,0,21,200,2,200,200,4,200,200,200,200
352842,0,35,1,1,0,3,2,3,0,0,0,21,200,0,6,0,0,0,0,200,200
352857,0,20,2,2,0,3,7,6,0,0,0,0,0,0,200,200,200,200,200,200,200
352863,0,30,1,2,200,200,10,2,0,200,0,18,200,0,200,200,3,200,200,200,200
352863,0,30,1,2,200,200,10,2,0,200,0,18,200,0,6,0,0,0,200,200,200
352871,0,30,0,0,0,3,7,6,0,0,0,25,20,0,200,200,6,200,200,200,200
352871,1,30,0,0,0,3,7,6,0,0,0,25,20,0,200,200,200,200,200,200,200
352879,0,30,0,0,0,0,14,5,0,0,0,25,200,2,200,200,200,200,200,200,200
352879,0,30,0,0,0,0,14,5,0,0,0,25,200,0,5,0,0,0,0,200,200
352879,1,30,0,0,0,0,14,5,0,0,0,25,200,0,3,0,200,200,200,200,200
352896,0,30,1,2,0,0,14,2,0,0,0,6,17,0,7,0,5,0,0,200,200
352896,0,30,1,2,0,0,14,2,0,0,0,6,17,1,6,0,0,0,0,200,200
352896,1,30,1,2,0,0,14,2,0,0,0,6,17,1,200,0,200,200,200,200,200
352900,0,30,0,0,0,1,2,5,0,0,12,15,28,0,200,200,8,0,0,200,200
352901,0,30,1,2,0,3,14,5,0,0,0,6,0,2,200,200,5,200,200,200,200
352901,0,30,1,2,0,3,14,5,0,0,0,6,0,1,5,0,0,0,0,200,200
352910,0,30,0,0,0,3,7,6,0,0,0,0,0,2,200,200,200,200,200,200,200
352920,4,30,2,2,0,3,8,2,0,0,0,5,16,0,7,2,1,0,0,200,200
352920,0,30,2,2,0,3,8,2,0,0,0,5,16,0,6,200,0,0,0,200,200
352932,0,30,0,0,0,0,2,5,3,1,0,0,200,0,6,3,7,200,0,200,200
352954,0,30,0,0,0,3,2,5,0,0,0,16,0,1,5,200,200,0,0,200,200
352954,1,30,0,0,0,3,2,5,0,0,0,16,0,1,5,200,200,200,200,200,200
352968,0,20,2,2,0,3,7,2,0,0,0,0,0,0,5,200,200,200,12,200,200
352983,0,25,0,0,0,3,2,2,0,0,0,25,200,0,5,200,8,0,0,200,200
352997,0,30,0,0,0,3,7,6,0,0,200,27,25,1,5,200,12,0,2,200,200
353029,0,30,0,0,0,1,2,5,0,0,0,12,0,1,6,0,0,0,0,200,200
353031,0,25,0,0,0,1,7,5,0,0,0,0,0,2,200,200,200,200,200,200,200
353034,0,35,1,1,0,1,12,2,0,0,0,4,3,0,7,200,4,200,0,200,200
353034,0,35,1,1,0,1,12,2,0,0,0,4,3,0,7,0,0,200,0,200,200
353034,1,35,1,1,0,1,12,2,0,0,0,4,3,0,5,200,200,200,200,200,200