RD_NO,PERSON_TYPE,POSTED_SPEED_LIMIT,TRAFFIC_CONTROL_DEVICE,DEVICE_CONDITION,WEATHER_CONDITION,LIGHTING_CONDITION,FIRST_CRASH_TYPE,TRAFFICWAY_TYPE,ALIGNMENT,ROADWAY_SURFACE_COND,ROAD_DEFECT,PRIM_CONTRIBUTORY_CAUSE,SEC_CONTRIBUTORY_CAUSE,SEX,AGE,SAFETY_EQUIPMENT,DRIVER_ACTION,DRIVER_VISION,PHYSICAL_CONDITION,BAC_RESULT VALUE,CELL_PHONE_USE
353041,0,30,1,1,0,1,12,5,0,0,0,18,18,0,9,0,3,0,0,200,200
353041,0,30,1,1,0,1,12,5,0,0,0,18,18,1,6,0,0,0,0,200,200
353049,0,25,1,2,0,1,10,2,0,0,0,18,0,0,5,0,3,0,0,200,200
353049,0,25,1,2,0,1,10,2,0,0,0,18,0,0,7,0,0,0,0,200,200
353052,0,35,0,0,0,1,10,2,0,0,0,0,200,0,6,200,200,0,0,200,200
353052,0,35,0,0,0,1,10,2,0,0,0,0,200,0,7,200,0,0,0,200,200
353054,0,15,0,0,0,1,11,5,0,0,0,11,200,0,7,0,12,0,0,200,200
353054,0,15,0,0,0,1,11,5,0,0,0,11,200,0,4,0,0,0,0,200,200
353064,0,35,1,2,0,1,14,5,0,0,0,0,0,1,6,0,200,200,0,200,200
353064,0,35,1,2,0,1,14,5,0,0,0,0,0,1,6,0,0,0,0,200,200
353065,0,30,0,0,0,1,10,6,0,0,0,18,200,1,6,200,3,200,0,200,200
353065,0,30,0,0,0,1,10,6,0,0,0,18,200,1,6,200,0,200,0,200,200
353066,0,30,0,0,200,200,7,6,0,200,200,200,200,2,200,200,200,200,200,200,200
353069,0,30,0,0,0,1,14,2,0,0,0,17,33,0,5,0,1,5,0,200,200
353069,0,30,0,0,0,1,14,2,0,0,0,17,33,1,5,0,0,0,0,200,200
353071,0,30,1,2,0,1,12,2,0,0,0,22,200,0,0,200,2,0,0,200,200
353071,0,30,1,2,0,1,12,2,0,0,0,22,200,0,5,200,0,0,0,200,200
353073,0,30,0,0,0,1,12,6,0,0,0,21,200,2,200,200,4,200,200,200,200
353073,0,30,0,0,0,1,12,6,0,0,0,21,200,0,5,200,12,0,0,200,200
353075,0,30,0,0,0,1,12,5,0,0,3,17,200,0,6,0,1,0,0,200,200
353075,0,30,0,0,0,1,12,5,0,0,3,17,200,0,5,0,0,0,0,200,200
353076,0,30,1,2,0,1,10,5,0,0,0,18,200,0,6,0,3,0,0,200,200
353076,0,30,1,2,0,1,10,5,0,0,0,18,200,0,6,0,0,0,0,200,200
353078,0,30,0,0,0,1,14,5,0,0,200,23,17,1,4,200,7,6,0,200,200
353078,0,30,0,0,0,1,14,5,0,0,200,23,17,1,5,200,0,0,0,200,200
353081,0,30,0,0,0,1,10,2,0,0,0,18,14,0,6,0,3,0,0,200,200
353081,0,30,0,0,0,1,10,2,0,0,0,18,14,1,7,0,0,0,0,200,200
353081,0,30,0,0,0,1,10,2,0,0,0,18,14,1,6,0,0,3,0,200,200
353081,1,30,0,0,0,1,10,2,0,0,0,18,14,1,2,0,200,200,200,200,200
353086,0,35,3,2,0,1,10,3,2,0,0,21,0,2,200,200,4,200,200,200,200
353086,0,35,3,2,0,1,10,3,2,0,0,21,0,1,6,0,0,0,0,200,200
353086,0,35,3,2,0,1,10,3,2,0,0,21,0,1,6,0,0,0,0,200,200
353086,1,35,3,2,0,1,10,3,2,0,0,21,0,1,8,0,200,200,200,200,200
353086,1,35,3,2,0,1,10,3,2,0,0,21,0,200,200,5,200,200,200,200,200
353086,1,35,3,2,0,1,10,3,2,0,0,21,0,0,4,0,200,200,200,200,200
353086,1,35,3,2,0,1,10,3,2,0,0,21,0,0,2,0,200,200,200,200,200
353089,0,30,1,2,0,1,14,1,0,0,0,32,200,1,6,0,1,0,0,200,200
353089,0,30,1,2,0,1,14,1,0,0,0,32,200,1,6,0,0,0,0,200,200
353095,4,30,2,2,0,1,8,5,0,0,0,0,0,0,4,2,12,0,0,200,200
353095,0,30,2,2,0,1,8,5,0,0,0,0,0,1,7,200,12,0,0,200,200
353096,0,30,1,0,0,1,10,5,0,0,0,4,3,1,200,200,4,200,200,200,200
353096,0,30,1,0,0,1,10,5,0,0,0,4,3,1,6,0,0,0,0,200,200
353096,1,30,1,0,0,1,10,5,0,0,0,4,3,1,2,0,200,200,200,200,200
353097,0,30,2,2,0,3,0,6,0,0,0,0,0,1,5,200,5,200,200,200,200
353097,0,30,2,2,0,3,0,6,0,0,0,0,0,1,5,0,0,0,0,200,200
353097,1,30,2,2,0,3,0,6,0,0,0,0,0,1,200,200,200,200,200,200,200
353097,1,30,2,2,0,3,0,6,0,0,0,0,0,0,200,200,200,200,200,200,200
353098,0,30,9,2,0,1,12,2,0,0,0,22,11,0,5,0,7,0,0,200,200
353098,0,30,9,2,0,1,12,2,0,0,0,22,11,1,8,0,0,0,0,200,200
353101,0,30,0,0,0,1,12,5,0,0,0,21,11,1,6,0,4,0,0,200,200
353101,0,30,0,0,0,1,12,5,0,0,0,21,11,0,7,0,0,0,0,200,200
353102,0,30,0,0,0,1,12,5,3,0,0,17,0,1,6,200,4,200,200,200,200
353102,0,30,0,0,0,1,12,5,3,0,0,17,0,1,5,0,12,200,200,200,200
353106,0,30,1,200,0,1,12,5,0,0,0,25,0,1,5,200,12,0,0,200,200
353106,0,30,1,200,0,1,12,5,0,0,0,25,0,1,6,200,0,0,0,200,200
353107,0,25,1,2,0,1,14,5,0,0,0,0,0,1,8,0,200,0,0,200,200
353107,0,25,1,2,0,1,14,5,0,0,0,0,0,0,8,0,0,0,0,200,200
353107,1,25,1,2,0,1,14,5,0,0,0,0,0,0,8,0,200,200,200,200,200
353108,0,30,0,0,0,1,10,0,0,0,0,16,18,0,7,0,3,0,0,200,200
353108,0,30,0,0,0,1,10,0,0,0,0,16,18,0,6,200,0,0,0,200,200
353111,0,10,0,0,0,1,12,7,0,0,0,20,16,0,6,0,6,12,0,200,200
353111,0,10,0,0,0,1,12,7,0,0,0,20,16,0,6,0,0,0,0,200,200
353112,0,10,0,0,0,1,7,7,0,0,0,11,200,1,7,0,12,0,0,200,200
353112,1,10,0,0,0,1,7,7,0,0,0,11,200,1,6,0,200,200,200,200,200
353113,0,30,0,0,0,1,1,5,0,0,0,1,200,2,200,200,200,200,200,200,200
353114,0,30,0,0,0,1,11,5,0,0,0,0,0,1,6,0,1,0,200,200,200
353114,0,30,0,0,0,1,11,5,0,0,0,0,0,1,7,0,200,0,0,200,200
353115,0,30,0,0,0,1,10,5,0,0,0,0,0,0,3,200,0,0,0,200,200
353115,0,30,0,0,0,1,10,5,0,0,0,0,0,0,6,200,0,0,0,200,200
353125,0,30,1,2,0,1,10,3,0,0,0,0,200,0,7,200,200,200,0,200,200
353125,0,30,1,2,0,1,10,3,0,0,0,0,200,1,7,200,0,200,0,200,200
353125,1,30,1,2,0,1,10,3,0,0,0,0,200,0,200,5,200,200,200,200,200
353130,0,30,2,2,0,1,8,5,0,0,0,17,17,0,200,200,1,200,200,200,200
353130,4,30,2,2,0,1,8,5,0,0,0,17,17,0,7,7,12,0,0,200,200
353134,0,30,1,2,0,1,10,5,0,0,0,16,17,0,5,0,8,200,0,200,200
353134,0,30,1,2,0,1,10,5,0,0,0,16,17,1,6,0,0,0,0,200,200
353139,0,30,0,0,0,1,8,2,0,0,0,17,16,0,7,0,1,0,0,200,200
353139,4,30,0,0,0,1,8,2,0,0,0,17,16,0,6,3,0,0,0,200,200
353140,0,35,0,0,0,1,7,5,0,200,200,0,0,1,8,0,0,200,0,200,200
353140,1,35,0,0,0,1,7,5,0,200,200,0,0,0,8,0,200,200,200,200,200
353140,1,35,0,0,0,1,7,5,0,200,200,0,0,0,7,0,200,200,200,200,200
353150,0,30,2,2,0,1,0,2,0,0,0,22,0,0,6,200,2,200,200,200,200
353150,0,30,2,2,0,1,0,2,0,0,0,22,0,1,3,0,0,200,0,200,200
353151,0,30,2,2,0,1,0,5,0,0,0,33,17,1,7,0,1,1,0,200,200
353151,0,30,2,2,0,1,0,5,0,0,0,33,17,1,6,0,0,1,0,200,200
353151,1,30,2,2,0,1,0,5,0,0,0,33,17,1,5,0,200,200,200,200,200
353157,0,30,0,0,200,200,7,5,0,200,12,20,200,0,6,200,6,200,200,200,200
353157,1,30,0,0,200,200,7,5,0,200,12,20,200,200,200,200,200,200,200,200,200
353160,0,15,0,0,0,1,7,5,0,0,0,0,0,0,5,0,200,0,0,200,200
353162,0,35,0,0,0,0,7,3,0,0,0,0,0,0,200,200,2,200,200,200,200
353163,0,30,2,2,0,1,0,5,0,0,0,21,17,1,200,200,9,200,200,200,200
353163,0,30,2,2,0,1,0,5,0,0,0,21,17,0,200,200,0,200,0,200,200
353168,0,30,0,0,0,1,14,12,0,0,0,21,23,1,6,200,7,0,0,200,200
353168,0,30,0,0,0,1,14,12,0,0,0,21,23,0,5,200,12,0,0,200,200
353168,1,30,0,0,0,1,14,12,0,0,0,21,23,0,200,200,200,200,200,200,200
353170,0,30,0,0,0,1,10,5,0,0,0,18,11,0,5,200,3,200,200,200,200
353170,0,30,0,0,0,1,10,5,0,0,0,18,11,1,6,200,0,0,0,200,200
353172,0,25,0,0,0,1,2,6,0,0,0,0,200,0,7,200,200,0,0,200,200
353175,0,30,0,0,0,1,10,2,0,0,200,18,200,1,5,0,3,200,0,200,200
353175,0,30,0,0,0,1,10,2,0,0,200,18,200,1,6,0,12,200,0,200,200
353178,0,30,2,2,0,1,12,5,0,0,0,0,0,1,6,0,200,0,0,200,200
353178,0,30,2,2,0,1,12,5,0,0,0,0,0,0,6,0,12,200,0,200,200
353178,1,30,2,2,0,1,12,5,0,0,0,0,0,1,200,0,200,200,200,200,200
353183,0,30,2,12,2,1,14,12,0,1,0,17,200,1,6,200,5,200,0,200,200
353183,0,30,2,12,2,1,14,12,0,1,0,17,200,1,6,0,0,0,0,200,200
353183,1,30,2,12,2,1,14,12,0,1,0,17,200,200,200,200,200,200,200,200,200
353183,1,30,2,12,2,1,14,12,0,1,0,17,200,0,200,5,200,200,200,200,200
353183,1,30,2,12,2,1,14,12,0,1,0,17,200,0,3,0,200,200,200,200,200
353184,0,30,1,0,0,1,0,2,0,0,0,22,0,0,200,200,2,200,200,200,200
353184,0,30,1,0,0,1,0,2,0,0,0,22,0,0,8,0,0,200,0,200,200
353195,0,30,0,0,0,1,10,2,0,0,0,18,0,0,200,200,3,200,2,200,200
353195,0,30,0,0,0,1,10,2,0,0,0,18,0,0,5,0,0,0,0,200,200
353195,0,30,0,0,0,1,10,2,0,0,0,18,0,1,5,0,0,0,0,200,200
353195,0,30,0,0,0,1,10,2,0,0,0,18,0,0,200,200,0,200,200,200,200
353207,0,5,0,0,0,1,10,7,0,0,0,0,0,1,200,200,200,200,200,200,200
353207,1,5,0,0,0,1,10,7,0,0,0,0,0,0,200,200,200,200,200,200,200
353207,0,5,0,0,0,1,10,7,0,0,0,0,0,0,8,0,0,0,0,200,200
353210,0,35,2,2,0,1,14,5,0,0,0,17,200,0,5,0,1,0,0,200,200
353210,0,35,2,2,0,1,14,5,0,0,0,17,200,0,7,0,0,0,0,200,200
353212,0,30,1,2,0,1,12,5,0,0,0,22,11,0,7,200,4,200,0,200,200
353212,0,30,1,2,0,1,12,5,0,0,0,22,11,0,6,200,0,200,200,200,200
353217,0,30,0,0,0,1,10,5,0,0,0,16,200,0,200,200,200,200,200,200,200
353217,0,30,0,0,0,1,10,5,0,0,0,16,200,1,7,0,0,0,0,200,200
353229,0,30,2,2,0,1,0,5,0,0,0,17,33,0,5,0,1,1,0,200,200
353229,0,30,2,2,0,1,0,5,0,0,0,17,33,1,5,0,0,0,0,200,200
353229,1,30,2,2,0,1,0,5,0,0,0,17,33,1,1,0,200,200,200,200,200
353229,1,30,2,2,0,1,0,5,0,0,0,17,33,0,2,0,200,200,200,200,200
353230,0,30,0,0,0,1,12,2,0,0,0,22,25,2,200,200,2,200,200,200,200
353230,0,30,0,0,0,1,12,2,0,0,0,22,25,0,0,0,0,0,0,200,200
353232,0,30,2,2,0,1,12,5,0,0,0,18,0,0,200,200,3,200,200,200,200
353232,0,30,2,2,0,1,12,5,0,0,0,18,0,0,8,0,0,0,0,200,200
353232,1,30,2,2,0,1,12,5,0,0,0,18,0,1,8,0,200,200,200,200,200
353235,0,30,2,2,0,1,8,5,0,0,0,23,200,0,5,200,1,0,0,200,200
353235,4,30,2,2,0,1,8,5,0,0,0,23,200,1,6,3,0,0,0,200,200
353238,0,30,0,0,0,1,0,5,0,0,0,17,17,0,200,200,1,200,200,200,200
353238,0,30,0,0,0,1,0,5,0,0,0,17,17,1,5,0,0,0,0,200,200
353238,1,30,0,0,0,1,0,5,0,0,0,17,17,1,2,0,200,200,200,200,200
353244,0,35,0,0,0,1,12,3,0,0,0,22,0,2,200,200,2,200,200,200,200
353244,0,35,0,0,0,1,12,3,0,0,0,22,0,1,6,0,0,0,0,200,200
353256,0,30,0,0,0,1,10,2,0,0,0,25,23,0,5,0,0,0,0,200,200
353256,0,30,0,0,0,1,10,2,0,0,0,25,23,0,6,0,12,0,0,200,200
353256,1,30,0,0,0,1,10,2,0,0,0,25,23,0,6,0,200,200,200,200,200
353256,1,30,0,0,0,1,10,2,0,0,0,25,23,0,8,0,200,200,200,200,200
353256,1,30,0,0,0,1,10,2,0,0,0,25,23,0,200,200,200,200,200,200,200
353261,0,30,0,200,0,1,10,5,0,0,0,8,18,0,7,0,200,0,0,200,200
353261,0,30,0,200,0,1,10,5,0,0,0,8,18,0,6,0,0,0,0,200,200
353261,0,30,0,200,0,1,10,5,0,0,0,8,18,1,8,0,0,0,0,200,200
353282,0,35,1,2,0,1,14,2,0,0,0,17,23,0,6,0,1,5,0,200,200
353282,0,35,1,2,0,1,14,2,0,0,0,17,23,1,6,0,0,5,0,200,200
353282,1,35,1,2,0,1,14,2,0,0,0,17,23,1,200,0,200,200,200,200,200
353294,0,30,0,0,0,1,7,2,0,0,0,0,0,1,5,7,200,200,200,200,200
353295,0,30,2,2,0,1,10,5,0,0,0,7,11,0,4,0,3,0,0,200,200
353295,0,30,2,2,0,1,10,5,0,0,0,7,11,0,8,0,0,0,0,200,200
353295,1,30,2,2,0,1,10,5,0,0,0,7,11,1,7,0,200,200,200,200,200
353295,1,30,2,2,0,1,10,5,0,0,0,7,11,1,7,0,200,200,200,200,200
353295,1,30,2,2,0,1,10,5,0,0,0,7,11,0,7,0,200,200,200,200,200
353295,1,30,2,2,0,1,10,5,0,0,0,7,11,1,6,0,200,200,200,200,200
353295,1,30,2,2,0,1,10,5,0,0,0,7,11,1,7,0,200,200,200,200,200
353295,1,30,2,2,0,1,10,5,0,0,0,7,11,1,7,0,200,200,200,200,200
353299,0,35,0,0,0,1,11,5,0,0,0,0,0,0,200,200,200,200,200,200,200
353299,0,35,0,0,0,1,11,5,0,0,0,0,0,1,5,200,0,0,0,200,200
353300,0,30,0,0,0,1,7,5,0,0,0,16,200,0,5,0,8,0,0,200,200
353314,0,30,0,0,200,200,7,6,0,200,0,0,0,2,200,200,200,200,200,200,200
353317,0,30,1,0,0,1,9,6,0,0,0,17,200,2,200,200,1,200,200,200,200
353317,5,30,1,0,0,1,9,6,0,0,0,17,200,1,9,7,0,0,0,200,200
353327,0,30,0,3,0,2,0,5,0,0,0,17,17,1,5,0,1,0,0,200,200
353327,0,30,0,3,0,2,0,5,0,0,0,17,17,0,7,0,0,0,0,200,200
353330,0,30,0,0,0,1,14,5,0,0,0,0,0,1,6,0,12,0,0,200,200
353330,0,30,0,0,0,1,14,5,0,0,0,0,0,1,200,200,200,200,200,200,200
353330,1,30,0,0,0,1,14,5,0,0,0,0,0,1,200,0,200,200,200,200,200
353330,1,30,0,0,0,1,14,5,0,0,0,0,0,0,200,0,200,200,200,200,200
353330,1,30,0,0,0,1,14,5,0,0,0,0,0,1,200,0,200,200,200,200,200
353330,1,30,0,0,0,1,14,5,0,0,0,0,0,0,200,0,200,200,200,200,200
353338,0,30,0,0,0,1,7,2,0,0,0,22,16,0,5,0,2,0,0,200,200
353339,0,30,1,2,0,3,0,2,0,0,0,6,17,0,200,200,1,200,200,200,200
353339,0,30,1,2,0,3,0,2,0,0,0,6,17,0,7,0,0,0,0,200,200
353356,0,35,0,0,0,1,2,5,0,0,0,22,200,0,5,0,12,0,0,200,200
353359,0,30,1,2,0,1,14,5,0,0,0,23,200,1,6,0,7,0,0,200,200
353359,0,30,1,2,0,1,14,5,0,0,0,23,200,1,7,0,0,0,0,200,200
353365,0,30,1,2,0,1,14,2,0,0,0,17,31,0,7,200,1,200,200,200,200
353365,0,30,1,2,0,1,14,2,0,0,0,17,31,0,8,0,0,0,0,200,200
353365,1,30,1,2,0,1,14,2,0,0,0,17,31,1,200,200,200,200,200,200,200
353365,1,30,1,2,0,1,14,2,0,0,0,17,31,0,200,200,200,200,200,200,200
353366,0,30,0,0,0,1,7,2,0,0,0,0,200,0,200,200,200,200,200,200,200
353373,0,40,9,2,0,1,10,3,0,0,0,18,16,0,6,0,3,0,0,200,200
353373,0,40,9,2,0,1,10,3,0,0,0,18,16,1,7,0,0,0,0,200,200
353380,0,30,1,2,0,1,14,6,0,0,0,21,16,0,6,200,7,0,0,200,200
353380,0,30,1,2,0,1,14,6,0,0,0,21,16,0,6,0,0,0,0,200,200
353380,1,30,1,2,0,1,14,6,0,0,0,21,16,1,9,0,200,200,200,200,200
353384,0,30,0,0,0,1,14,5,0,0,0,0,17,0,6,2,1,0,0,200,200
353384,0,30,0,0,0,1,14,5,0,0,0,0,17,1,6,0,1,0,0,200,200
353390,0,10,2,2,0,1,2,2,0,0,0,23,200,0,6,0,7,1,0,200,200
353397,0,30,0,0,0,1,12,5,0,0,0,0,0,0,5,0,4,0,0,200,200
353397,0,30,0,0,0,1,12,5,0,0,0,0,0,1,5,0,0,0,0,200,200
353405,0,0,1,2,0,1,10,2,0,1,0,0,200,0,8,0,8,0,0,200,200
353405,0,0,1,2,0,1,10,2,0,1,0,0,200,0,7,0,0,0,0,200,200
353405,1,0,1,2,0,1,10,2,0,1,0,0,200,1,7,0,200,200,200,200,200
353421,0,30,0,0,0,1,14,2,0,0,0,17,0,0,7,200,1,0,0,200,200
353421,0,30,0,0,0,1,14,2,0,0,0,17,0,0,6,200,0,0,0,200,200
353421,1,30,0,0,0,1,14,2,0,0,0,17,0,0,6,200,200,200,200,200,200
353423,0,20,2,2,0,1,7,6,0,0,0,0,0,2,200,200,200,200,200,200,200
353428,0,10,0,0,0,1,7,7,0,0,0,23,16,1,6,0,10,0,0,200,200
353430,0,30,1,2,0,1,14,1,0,0,0,17,200,1,6,0,1,1,0,200,200
353430,0,30,1,2,0,1,14,1,0,0,0,17,200,1,6,0,0,1,0,200,200
353432,0,30,2,2,0,1,0,2,0,0,0,17,200,0,6,200,1,200,0,200,200
353432,0,30,2,2,0,1,0,2,0,0,0,17,200,0,7,200,0,200,0,200,200
353443,0,30,0,0,0,1,12,2,0,0,0,17,200,0,5,0,1,0,0,200,200
353443,0,30,0,0,0,1,12,2,0,0,0,17,200,1,8,0,0,0,0,200,200
353444,0,30,0,0,0,1,7,5,0,0,0,0,200,2,200,200,200,200,200,200,200
353445,0,25,0,0,0,1,7,5,0,0,0,0,0,0,6,200,200,200,0,200,200
353450,0,30,0,0,0,1,10,5,0,0,0,0,200,0,200,200,3,200,0,200,200
353450,0,30,0,0,0,1,10,5,0,0,0,0,200,1,5,0,0,0,0,200,200
353453,0,30,0,0,0,1,7,6,0,0,0,11,0,1,7,0,0,0,0,200,200
353453,1,30,0,0,0,1,7,6,0,0,0,11,0,1,6,0,200,200,200,200,200
353454,0,30,0,0,0,1,12,2,0,0,200,17,0,0,6,0,1,0,0,200,200
353454,0,30,0,0,0,1,12,2,0,0,200,17,0,0,7,0,0,0,0,200,200
353465,0,3,0,0,0,1,7,7,0,0,0,20,200,2,200,200,6,200,200,200,200
353470,0,30,0,0,0,1,12,5,0,0,0,0,0,0,6,0,12,0,0,200,200
353470,0,30,0,0,0,1,12,5,0,0,0,0,0,0,6,0,0,0,0,200,200
353475,0,0,0,0,0,1,2,2,0,0,0,0,0,0,5,0,0,0,0,200,200
353480,0,25,1,2,0,1,10,2,0,0,0,18,200,1,5,0,3,200,200,200,200
353480,0,25,1,2,0,1,10,2,0,0,0,18,200,1,5,0,0,0,0,200,200
353483,0,35,1,2,0,1,10,2,0,0,0,12,0,1,5,0,0,0,0,200,200
353483,0,35,1,2,0,1,10,2,0,0,0,12,0,0,7,0,0,0,0,200,200
353483,1,35,1,2,0,1,10,2,0,0,0,12,0,1,200,0,200,200,200,200,200
353483,1,35,1,2,0,1,10,2,0,0,0,12,0,0,200,0,200,200,200,200,200
353486,0,25,0,0,0,1,7,5,0,0,200,0,0,2,200,200,200,200,200,200,200
353488,0,30,1,1,0,1,7,2,0,0,0,200,0,2,200,200,7,200,200,200,200
353489,4,30,0,0,0,1,8,12,0,0,200,200,200,1,7,3,12,200,0,200,200
353489,0,30,0,0,0,1,8,12,0,0,200,200,200,0,6,200,12,2,0,200,200
353491,0,35,0,0,0,1,7,2,0,0,0,0,0,0,6,200,200,200,0,200,200
353491,1,35,0,0,0,1,7,2,0,0,0,0,0,1,6,200,200,200,200,200,200
353493,0,30,2,2,0,1,10,6,0,0,0,0,0,0,6,0,0,0,0,200,200
353493,0,30,2,2,0,1,10,6,0,0,0,0,0,0,200,200,200,200,200,200,200
353496,0,30,0,0,0,1,7,7,0,0,0,20,200,0,7,0,6,0,0,200,200
353498,0,30,0,0,200,1,12,5,0,200,200,0,200,0,200,200,200,200,200,200,200
353498,0,30,0,0,200,1,12,5,0,200,200,0,200,1,6,200,200,200,200,200,200
353504,0,30,0,0,0,1,7,5,0,0,0,200,200,1,6,7,0,0,0,200,200
353507,0,30,1,2,0,1,14,3,0,0,0,0,0,0,9,0,1,200,0,200,200
353507,0,30,1,2,0,1,14,3,0,0,0,0,0,1,5,0,0,0,0,200,200
353507,1,30,1,2,0,1,14,3,0,0,0,0,0,1,9,0,200,200,200,200,200
353518,0,30,1,2,0,1,10,5,0,0,0,200,200,1,5,0,3,200,200,200,200
353518,0,30,1,2,0,1,10,5,0,0,0,200,200,1,6,0,0,0,0,200,200
353529,0,30,0,2,200,200,0,5,0,0,0,17,200,0,6,7,1,200,200,200,200
353529,0,30,0,2,200,200,0,5,0,0,0,17,200,1,7,200,0,0,0,200,200
353531,0,35,2,0,0,1,0,5,0,0,0,0,200,1,4,0,0,0,0,200,200
353531,0,35,2,0,0,1,0,5,0,0,0,0,200,0,200,200,1,200,200,200,200
353531,1,35,2,0,0,1,0,5,0,0,0,0,200,1,4,0,200,200,200,200,200
353533,0,30,1,2,0,1,10,6,0,0,0,18,200,0,7,0,3,0,0,200,200
353533,0,30,1,2,0,1,10,6,0,0,0,18,200,0,6,0,0,0,0,200,200
353533,1,30,1,2,0,1,10,6,0,0,0,18,200,0,5,0,200,200,200,200,200
353537,0,25,2,0,0,1,14,2,0,0,0,0,200,1,6,0,200,0,0,200,200
353537,0,25,2,0,0,1,14,2,0,0,0,0,200,1,5,200,0,200,0,200,200
353537,1,25,2,0,0,1,14,2,0,0,0,0,200,0,3,200,200,200,200,200,200
353537,1,25,2,0,0,1,14,2,0,0,0,0,200,0,3,200,200,200,200,200,200
353544,0,30,2,0,0,1,0,5,0,0,0,200,200,1,9,7,200,0,0,200,200
353544,0,30,2,0,0,1,0,5,0,0,0,200,200,0,6,7,0,0,0,200,200
353545,0,30,1,2,0,1,0,2,0,0,0,17,0,0,200,200,1,200,200,200,200
353545,0,30,1,2,0,1,0,2,0,0,0,17,0,1,6,0,0,0,0,200,200
353555,0,30,0,0,0,1,10,2,0,0,0,18,11,0,7,0,3,0,0,200,200
353555,0,30,0,0,0,1,10,2,0,0,0,18,11,0,6,0,0,0,0,200,200
353555,1,30,0,0,0,1,10,2,0,0,0,18,11,0,200,0,200,200,200,200,200
353555,1,30,0,0,0,1,10,2,0,0,0,18,11,0,200,0,200,200,200,200,200
353559,0,30,0,0,0,1,7,5,0,0,0,0,200,2,200,200,200,200,200,200,200
353565,0,30,1,2,0,1,10,5,0,200,200,18,18,0,7,0,3,200,0,200,200
353565,0,30,1,2,0,1,10,5,0,200,200,18,18,0,200,200,200,200,200,200,200
353565,1,30,1,2,0,1,10,5,0,200,200,18,18,1,7,0,200,200,200,200,200
353565,1,30,1,2,0,1,10,5,0,200,200,18,18,0,200,200,200,200,200,200,200
353565,1,30,1,2,0,1,10,5,0,200,200,18,18,1,200,200,200,200,200,200,200
353567,0,30,1,2,0,1,14,2,0,0,0,17,200,0,9,0,200,0,0,200,200
353567,0,30,1,2,0,1,14,2,0,0,0,17,200,1,7,0,0,0,0,200,200
353570,0,30,200,200,0,1,10,200,0,0,200,0,200,0,7,200,200,200,200,200,200
353570,0,30,200,200,0,1,10,200,0,0,200,0,200,1,5,200,200,200,200,200,200
353573,0,30,0,0,0,1,12,5,0,0,0,0,0,1,6,0,12,0,0,200,200
353573,0,30,0,0,0,1,12,5,0,0,0,0,0,0,7,0,12,0,0,200,200
353579,0,30,0,0,0,1,0,5,0,0,0,0,200,1,4,0,4,200,0,200,200
353579,0,30,0,0,0,1,0,5,0,0,0,0,200,1,7,0,0,0,0,200,200
353581,0,30,2,2,0,1,0,5,0,0,0,0,200,0,4,1,1,0,0,200,200
353581,0,30,2,2,0,1,0,5,0,0,0,0,200,1,6,0,0,0,0,200,200
353583,0,30,1,2,0,1,0,5,0,0,0,0,200,0,7,200,200,200,200,200,200
353583,0,30,1,2,0,1,0,5,0,0,0,0,200,0,7,0,200,0,0,200,200
353583,1,30,1,2,0,1,0,5,0,0,0,0,200,1,200,0,200,200,200,200,200
353586,0,25,0,0,0,1,7,2,0,0,0,0,0,0,6,7,200,200,0,200,200
353586,1,25,0,0,0,1,7,2,0,0,0,0,0,0,6,200,200,200,200,200,200
353594,0,30,0,0,0,1,7,5,0,0,0,200,200,1,200,200,0,200,200,200,200
353595,0,30,0,2,0,1,10,5,0,0,0,0,0,1,7,200,200,0,0,200,200
353595,0,30,0,2,0,1,10,5,0,0,0,0,0,1,7,200,0,0,0,200,200
353603,0,30,1,2,2,1,10,2,0,1,200,18,0,0,7,0,3,200,200,200,200
353603,0,30,1,2,2,1,10,2,0,1,200,18,0,1,6,200,12,200,200,200,200
353607,0,30,1,2,0,1,10,5,0,0,0,18,200,0,5,0,0,0,0,200,200
353607,0,30,1,2,0,1,10,5,0,0,0,18,200,0,8,0,0,0,0,200,200
353608,0,25,0,0,0,1,12,5,0,0,0,200,200,1,200,200,200,200,200,200,200
353608,0,25,0,0,0,1,12,5,0,0,0,200,200,1,7,0,0,0,0,200,200
353612,0,30,1,2,0,1,10,5,0,0,0,0,0,0,200,200,200,200,200,200,200
353612,0,30,1,2,0,1,10,5,0,0,0,0,0,1,7,0,0,0,0,200,200
353618,0,30,1,2,0,1,14,3,0,0,0,0,0,0,200,200,200,0,0,200,200
353618,0,30,1,2,0,1,14,3,0,0,0,0,0,1,200,0,200,0,0,200,200
353629,0,30,0,0,0,200,7,2,0,0,0,200,200,2,200,200,200,200,200,200,200
353635,0,30,0,0,0,1,8,5,0,0,0,0,0,2,200,200,200,200,200,200,200
353635,4,30,0,0,0,1,8,5,0,0,0,0,0,0,5,2,200,200,0,200,200
353643,0,35,0,0,0,1,14,5,0,0,0,0,0,0,9,0,0,0,0,200,200
353643,0,35,0,0,0,1,14,5,0,0,0,0,0,0,6,0,0,0,0,200,200
353646,0,30,0,0,200,0,10,5,0,200,200,17,200,0,200,200,1,200,200,200,200
353646,0,30,0,0,200,0,10,5,0,200,200,17,200,0,7,0,0,200,6,200,200
353657,0,35,0,0,0,1,7,6,0,0,0,0,0,0,200,200,200,200,200,200,200
353658,0,30,0,0,0,1,7,6,0,0,0,200,200,1,5,0,0,0,0,200,200
353664,0,30,1,2,0,1,10,5,0,0,0,0,0,0,200,200,200,200,200,200,200