RD_NO,PERSON_TYPE,POSTED_SPEED_LIMIT,TRAFFIC_CONTROL_DEVICE,DEVICE_CONDITION,WEATHER_CONDITION,LIGHTING_CONDITION,FIRST_CRASH_TYPE,TRAFFICWAY_TYPE,ALIGNMENT,ROADWAY_SURFACE_COND,ROAD_DEFECT,PRIM_CONTRIBUTORY_CAUSE,SEC_CONTRIBUTORY_CAUSE,SEX,AGE,SAFETY_EQUIPMENT,DRIVER_ACTION,DRIVER_VISION,PHYSICAL_CONDITION,BAC_RESULT VALUE,CELL_PHONE_USE
353664,0,30,1,2,0,1,10,5,0,0,0,0,0,1,7,0,0,0,0,200,200
353665,0,30,0,0,2,1,12,6,0,1,0,22,15,0,4,0,2,0,0,200,200
353665,0,30,0,0,2,1,12,6,0,1,0,22,15,0,6,0,0,0,0,200,200
353666,0,5,0,0,0,1,10,7,2,0,0,20,200,1,6,200,200,200,200,200,200
353666,0,5,0,0,0,1,10,7,2,0,0,20,200,1,6,0,0,0,0,200,200
353672,0,30,0,0,0,1,14,5,0,0,0,23,0,1,5,200,7,200,0,200,200
353672,0,30,0,0,0,1,14,5,0,0,0,23,0,0,5,200,200,200,200,200,200
353676,0,30,1,2,0,1,0,2,0,0,0,6,0,0,4,200,5,200,200,200,200
353676,0,30,1,2,0,1,0,2,0,0,0,6,0,1,8,0,0,0,0,200,200
353676,0,30,1,2,0,1,0,2,0,0,0,6,0,0,6,1,0,0,0,200,200
353676,1,30,1,2,0,1,0,2,0,0,0,6,0,1,8,0,200,200,200,200,200
353678,0,30,1,2,0,1,14,6,0,0,0,23,0,1,5,0,200,0,0,200,200
353678,0,30,1,2,0,1,14,6,0,0,0,23,0,1,9,0,200,0,0,200,200
353678,1,30,1,2,0,1,14,6,0,0,0,23,0,0,5,0,200,200,200,200,200
353678,1,30,1,2,0,1,14,6,0,0,0,23,0,0,8,0,200,200,200,200,200
353681,0,30,0,0,200,200,7,5,0,200,0,200,200,2,200,200,200,200,200,200,200
353686,0,35,0,0,0,1,11,7,0,0,0,0,0,1,6,200,12,200,200,200,200
353686,0,35,0,0,0,1,11,7,0,0,0,0,0,1,6,200,0,0,0,200,200
353687,0,30,0,0,0,1,10,5,0,0,0,200,200,1,7,7,0,0,0,200,200
353687,0,30,0,0,0,1,10,5,0,0,0,200,200,0,7,0,0,0,0,200,200
353688,0,30,0,0,0,1,10,5,0,0,0,0,200,0,200,200,200,200,200,200,200
353688,0,30,0,0,0,1,10,5,0,0,0,0,200,0,4,0,200,0,0,200,200
353689,0,10,0,0,0,1,7,7,0,0,0,11,200,1,7,0,7,0,0,200,200
353690,0,30,1,2,0,1,10,5,0,0,0,18,200,1,6,200,3,0,0,200,200
353690,0,30,1,2,0,1,10,5,0,0,0,18,200,0,6,0,0,0,0,200,200
353692,0,30,0,3,0,1,10,5,0,0,0,0,0,2,200,200,200,200,200,200,200
353692,0,30,0,3,0,1,10,5,0,0,0,0,0,0,4,7,0,0,0,200,200
353702,0,30,0,0,0,1,7,6,0,0,0,200,200,1,6,200,12,0,0,200,200
353707,0,30,0,0,0,1,7,5,0,200,200,22,11,0,6,0,2,200,200,200,200
353718,0,30,1,2,0,1,12,5,0,0,0,22,11,0,6,0,2,0,0,200,200
353718,0,30,1,2,0,1,12,5,0,0,0,22,11,0,7,0,0,0,0,200,200
353718,1,30,1,2,0,1,12,5,0,0,0,22,11,0,2,0,200,200,200,200,200
353727,0,30,1,2,0,1,12,5,0,0,0,0,0,1,5,200,200,200,200,200,200
353727,0,30,1,2,0,1,12,5,0,0,0,0,0,0,5,200,200,200,200,200,200
353728,4,30,1,2,0,1,8,2,0,0,0,6,17,0,6,7,5,0,0,200,200
353728,0,30,1,2,0,1,8,2,0,0,0,6,17,0,6,200,0,0,0,200,200
353731,0,30,200,200,0,1,12,6,0,0,0,0,0,1,7,200,200,200,0,200,200
353731,0,30,200,200,0,1,12,6,0,0,0,0,0,1,9,200,200,200,0,200,200
353734,0,30,0,0,0,1,10,2,0,0,0,8,200,1,5,0,3,0,0,200,200
353734,0,30,0,0,0,1,10,2,0,0,0,8,200,1,7,0,0,0,0,200,200
353734,1,30,0,0,0,1,10,2,0,0,0,8,200,1,2,0,200,200,200,200,200
353734,1,30,0,0,0,1,10,2,0,0,0,8,200,0,2,0,200,200,200,200,200
353734,1,30,0,0,0,1,10,2,0,0,0,8,200,1,3,0,200,200,200,200,200
353734,1,30,0,0,0,1,10,2,0,0,0,8,200,1,3,0,200,200,200,200,200
353738,0,40,0,0,0,1,10,5,0,0,0,18,200,0,7,0,12,200,200,200,200
353738,0,40,0,0,0,1,10,5,0,0,0,18,200,0,6,0,0,0,0,200,200
353738,0,40,0,0,0,1,10,5,0,0,0,18,200,0,6,200,0,200,200,200,200
353739,0,0,1,2,0,1,10,6,0,0,0,18,200,0,6,0,0,0,0,200,200
353739,0,0,1,2,0,1,10,6,0,0,0,18,200,0,6,200,3,200,200,200,200
353744,0,30,1,2,0,1,0,5,0,0,0,0,0,1,6,0,1,0,0,200,200
353744,0,30,1,2,0,1,0,5,0,0,0,0,0,0,6,0,0,0,0,200,200
353745,0,30,1,2,0,1,14,3,0,0,0,23,17,1,5,0,7,0,0,200,200
353745,0,30,1,2,0,1,14,3,0,0,0,23,17,0,7,0,0,0,0,200,200
353745,1,30,1,2,0,1,14,3,0,0,0,23,17,1,4,0,200,200,200,200,200
353745,1,30,1,2,0,1,14,3,0,0,0,23,17,1,4,0,200,200,200,200,200
353750,0,30,1,2,0,1,10,5,0,0,0,18,200,0,7,0,3,0,0,200,200
353750,0,30,1,2,0,1,10,5,0,0,0,18,200,0,5,0,0,0,0,200,200
353752,0,30,0,0,0,1,14,5,0,0,0,23,0,0,5,0,7,0,0,200,200
353752,0,30,0,0,0,1,14,5,0,0,0,23,0,0,6,0,0,0,0,200,200
353753,0,30,1,2,0,1,14,12,0,0,12,0,200,0,200,200,12,200,200,200,200
353753,0,30,1,2,0,1,14,12,0,0,12,0,200,0,5,0,12,200,0,200,200
353758,0,30,0,0,0,1,12,3,0,0,0,0,200,1,6,0,200,0,0,200,200
353758,0,30,0,0,0,1,12,3,0,0,0,0,200,0,6,0,0,0,0,200,200
353759,0,30,1,2,0,1,12,5,0,0,0,0,0,0,200,200,200,200,200,200,200
353759,0,30,1,2,0,1,12,5,0,0,0,0,0,0,5,0,0,0,0,200,200
353762,0,5,0,0,0,1,0,7,2,0,0,20,11,1,7,0,6,0,0,200,200
353762,0,5,0,0,0,1,0,7,2,0,0,20,11,1,4,0,0,0,0,200,200
353763,0,30,0,0,0,1,14,2,0,0,0,17,200,0,7,200,1,0,0,200,200
353763,0,30,0,0,0,1,14,2,0,0,0,17,200,0,7,200,0,0,0,200,200
353763,1,30,0,0,0,1,14,2,0,0,0,17,200,200,200,200,200,200,200,200,200
353765,0,30,2,2,0,1,0,6,0,0,0,6,16,1,5,0,5,0,2,200,200
353765,0,30,2,2,0,1,0,6,0,0,0,6,16,0,5,0,0,0,0,200,200
353767,0,35,0,0,0,1,12,5,0,0,0,22,200,2,6,0,4,0,0,200,200
353767,0,35,0,0,0,1,12,5,0,0,0,22,200,1,200,200,0,200,200,200,200
353768,0,30,0,0,0,1,14,5,0,0,0,0,0,1,200,200,1,200,200,200,200
353768,0,30,0,0,0,1,14,5,0,0,0,0,0,1,7,0,0,0,0,200,200
353769,4,25,0,0,0,1,8,6,0,0,0,200,200,0,3,200,1,200,0,200,200
353769,0,25,0,0,0,1,8,6,0,0,0,200,200,1,7,0,0,200,0,200,200
353771,0,30,0,0,2,1,7,1,0,0,0,13,200,0,7,0,12,0,0,200,1
353771,1,30,0,0,2,1,7,1,0,0,0,13,200,0,200,0,200,200,200,200,200
353771,1,30,0,0,2,1,7,1,0,0,0,13,200,0,6,0,200,200,200,200,200
353776,0,30,1,2,0,1,0,5,0,0,0,6,200,1,6,0,5,0,0,200,200
353776,0,30,1,2,0,1,0,5,0,0,0,6,200,1,5,0,0,0,0,200,200
353779,0,30,0,0,0,1,10,5,0,0,0,200,200,0,7,7,0,0,0,200,200
353779,0,30,0,0,0,1,10,5,0,0,0,200,200,1,7,0,0,0,0,200,200
353779,1,30,0,0,0,1,10,5,0,0,0,200,200,1,200,5,200,200,200,200,200
353779,1,30,0,0,0,1,10,5,0,0,0,200,200,1,200,5,200,200,200,200,200
353781,0,30,1,2,0,1,10,5,0,0,0,0,0,0,6,200,0,0,0,200,200
353781,0,30,1,2,0,1,10,5,0,0,0,0,0,0,7,0,200,0,0,200,200
353781,1,30,1,2,0,1,10,5,0,0,0,0,0,1,8,0,200,200,200,200,200
353781,1,30,1,2,0,1,10,5,0,0,0,0,0,0,7,0,200,200,200,200,200
353781,1,30,1,2,0,1,10,5,0,0,0,0,0,1,6,0,200,200,200,200,200
353782,0,30,0,0,0,1,12,5,0,0,0,17,200,0,200,200,1,200,200,200,200
353782,0,30,0,0,0,1,12,5,0,0,0,17,200,0,0,200,0,0,0,200,200
353785,0,30,2,2,0,1,0,5,0,0,200,0,0,0,4,200,200,200,12,200,200
353785,0,30,2,2,0,1,0,5,0,0,200,0,0,0,200,200,0,200,200,200,200
353787,0,30,1,2,0,1,10,5,0,0,0,20,200,0,5,0,0,0,0,200,200
353787,0,30,1,2,0,1,10,5,0,0,0,20,200,0,7,0,12,0,0,200,200
353788,0,30,2,2,0,1,14,5,0,0,0,0,0,0,6,0,200,0,200,200,200
353788,0,30,2,2,0,1,14,5,0,0,0,0,0,0,200,200,200,200,200,200,200
353788,1,30,2,2,0,1,14,5,0,0,0,0,0,1,200,200,200,200,200,200,200
353791,0,30,0,0,0,1,12,5,0,0,0,0,0,1,4,200,200,200,200,200,200
353791,0,30,0,0,0,1,12,5,0,0,0,0,0,0,6,0,0,0,0,200,200
353796,0,30,0,0,0,1,7,7,0,0,0,0,200,0,7,0,12,0,0,200,200
353796,1,30,0,0,0,1,7,7,0,0,0,0,200,0,6,0,200,200,200,200,200
353797,0,30,0,0,0,1,10,3,0,0,200,0,0,0,6,200,6,200,0,200,200
353797,0,30,0,0,0,1,10,3,0,0,200,0,0,1,6,200,0,200,0,200,200
353799,0,30,1,2,0,1,14,5,0,0,0,0,0,1,7,0,200,0,0,200,200
353799,0,30,1,2,0,1,14,5,0,0,0,0,0,0,7,0,200,0,0,200,200
353799,1,30,1,2,0,1,14,5,0,0,0,0,0,0,4,0,200,200,200,200,200
353799,1,30,1,2,0,1,14,5,0,0,0,0,0,0,5,0,200,200,200,200,200
353799,1,30,1,2,0,1,14,5,0,0,0,0,0,0,5,0,200,200,200,200,200
353802,0,30,0,0,0,1,10,2,0,0,0,0,200,0,200,200,200,200,200,200,200
353802,0,30,0,0,0,1,10,2,0,0,0,0,200,0,6,7,200,200,0,200,200
353804,0,15,0,0,200,200,12,200,0,200,200,0,200,0,6,200,200,200,200,200,200
353804,0,15,0,0,200,200,12,200,0,200,200,0,200,0,5,0,200,200,0,200,200
353807,0,30,2,2,0,1,10,6,0,0,0,8,18,0,5,200,3,0,0,200,200
353807,0,30,2,2,0,1,10,6,0,0,0,8,18,0,6,200,0,0,0,200,200
353807,0,30,2,2,0,1,10,6,0,0,0,8,18,0,7,200,12,0,0,200,200
353808,0,30,1,2,0,1,10,3,0,0,0,0,0,1,6,7,3,0,0,200,200
353808,0,30,1,2,0,1,10,3,0,0,0,0,0,0,6,0,0,0,0,200,200
353808,1,30,1,2,0,1,10,3,0,0,0,0,0,1,4,0,200,200,200,200,200
353808,1,30,1,2,0,1,10,3,0,0,0,0,0,0,3,7,200,200,200,200,200
353808,1,30,1,2,0,1,10,3,0,0,0,0,0,1,5,0,200,200,200,200,200
353812,0,30,2,2,0,1,7,5,0,0,200,0,200,1,5,200,12,0,0,200,200
353813,0,25,0,0,0,1,14,5,0,0,0,23,200,1,5,0,7,0,0,200,200
353813,0,25,0,0,0,1,14,5,0,0,0,23,200,0,6,0,0,0,0,200,200
353814,0,30,1,0,0,1,10,5,0,0,0,18,200,1,6,0,3,0,0,200,200
353814,0,30,1,0,0,1,10,5,0,0,0,18,200,0,5,0,0,0,0,200,200
353815,0,30,1,2,0,1,0,5,0,0,0,0,200,0,4,0,1,0,0,200,200
353815,0,30,1,2,0,1,0,5,0,0,0,0,200,1,5,0,0,0,0,200,200
353817,0,30,0,0,0,1,10,5,0,0,0,11,11,1,6,0,0,0,0,200,200
353817,0,30,0,0,0,1,10,5,0,0,0,11,11,0,5,0,0,0,0,200,200
353818,0,30,1,2,0,1,14,2,0,0,0,0,200,1,200,200,1,200,200,200,200
353818,0,30,1,2,0,1,14,2,0,0,0,0,200,0,6,0,0,0,0,200,200
353818,1,30,1,2,0,1,14,2,0,0,0,0,200,1,200,0,200,200,200,200,200
353819,0,30,9,12,0,1,12,2,0,0,12,17,0,1,200,200,1,0,0,200,200
353819,0,30,9,12,0,1,12,2,0,0,12,17,0,0,200,0,0,0,0,200,200
353820,0,30,0,0,0,1,7,5,0,0,0,17,200,1,6,200,1,0,0,200,200
353820,1,30,0,0,0,1,7,5,0,0,0,17,200,0,6,200,200,200,200,200,200
353822,0,10,0,0,0,1,7,7,0,0,0,20,200,0,5,0,0,0,0,200,200
353825,0,25,0,0,0,1,9,5,0,0,0,0,0,0,6,0,200,0,0,200,200
353825,5,25,0,0,0,1,9,5,0,0,0,0,0,0,2,200,200,200,200,200,200
353826,0,35,2,0,0,1,14,200,0,0,200,5,200,1,3,0,5,200,0,200,200
353826,0,35,2,0,0,1,14,200,0,0,200,5,200,0,5,0,0,0,0,200,200
353826,1,35,2,0,0,1,14,200,0,0,200,5,200,1,5,0,200,200,200,200,200
353828,0,30,1,2,0,1,10,5,0,0,0,18,200,0,6,0,3,0,0,200,200
353828,0,30,1,2,0,1,10,5,0,0,0,18,200,0,8,0,0,0,0,200,200
353832,0,20,200,200,0,1,12,6,0,0,200,200,200,1,6,200,1,200,200,200,200
353832,0,20,200,200,0,1,12,6,0,0,200,200,200,1,8,200,200,200,200,200,200
353836,0,15,0,0,0,1,7,5,0,0,0,200,200,0,200,200,200,200,200,200,200
353837,0,30,0,0,0,1,12,5,0,0,0,0,200,1,200,0,200,200,200,200,200
353837,0,30,0,0,0,1,12,5,0,0,0,0,200,1,7,0,200,200,0,200,200
353837,1,30,0,0,0,1,12,5,0,0,0,0,200,1,6,0,200,200,200,200,200
353838,0,30,1,2,0,1,12,5,0,200,200,21,22,0,5,0,4,200,0,200,200
353838,0,30,1,2,0,1,12,5,0,200,200,21,22,0,5,0,12,200,0,200,200
353842,0,30,1,2,0,1,10,5,0,0,0,18,200,1,200,0,3,0,0,200,200
353842,0,30,1,2,0,1,10,5,0,0,0,18,200,0,7,0,0,0,0,200,200
353846,0,30,0,0,0,1,12,5,0,0,0,200,200,0,5,200,200,0,200,200,200
353846,0,30,0,0,0,1,12,5,0,0,0,200,200,0,7,0,0,0,0,200,200
353846,1,30,0,0,0,1,12,5,0,0,0,200,200,0,6,0,200,200,200,200,200
353849,0,40,0,0,0,1,10,200,0,0,200,33,200,0,7,0,12,12,200,200,200
353849,0,40,0,0,0,1,10,200,0,0,200,33,200,0,7,0,0,0,2,200,200
353852,0,30,0,0,0,1,7,6,0,200,200,0,200,2,200,200,200,200,200,200,200
353853,0,30,1,2,0,1,10,2,0,0,200,18,200,0,6,0,3,200,0,200,200
353853,0,30,1,2,0,1,10,2,0,0,200,18,200,0,5,0,0,200,0,200,200
353854,0,30,2,200,0,1,8,5,0,200,200,200,200,1,200,200,1,200,200,200,200
353854,4,30,2,200,0,1,8,5,0,200,200,200,200,1,5,7,0,0,0,200,200
353856,0,30,0,0,0,1,7,5,0,0,0,200,200,2,200,200,0,200,200,200,200
353858,0,30,0,2,0,1,12,5,0,0,0,21,21,0,6,200,4,0,0,200,200
353858,0,30,0,2,0,1,12,5,0,0,0,21,21,0,8,200,0,0,0,200,200
353863,0,30,1,2,0,1,9,2,0,0,0,0,200,2,200,200,12,200,200,200,200
353863,5,30,1,2,0,1,9,2,0,0,0,0,200,0,2,7,12,0,0,200,200
353864,3,30,1,2,0,1,5,5,0,0,0,3,200,0,200,7,2,200,200,200,200
353864,0,30,1,2,0,1,5,5,0,0,0,3,200,0,6,0,0,0,0,200,200
353870,0,30,0,0,0,1,10,5,0,200,200,18,200,1,200,200,1,200,200,200,200
353870,0,30,0,0,0,1,10,5,0,200,200,18,200,1,7,200,0,0,0,200,200
353872,0,30,1,0,0,1,12,5,0,0,0,22,200,0,200,200,4,200,200,200,200
353872,0,30,1,0,0,1,12,5,0,0,0,22,200,0,7,0,0,0,0,200,200
353880,0,25,2,2,0,1,14,5,0,0,0,0,200,0,9,0,1,0,0,200,200
353880,0,25,2,2,0,1,14,5,0,0,0,0,200,1,6,0,12,0,0,200,200
353884,0,30,0,200,0,1,14,2,0,0,0,23,22,1,5,7,7,0,0,200,200
353884,0,30,0,200,0,1,14,2,0,0,0,23,22,0,5,200,0,0,0,200,200
353885,0,30,0,0,0,1,10,5,0,200,200,0,200,2,200,200,200,200,200,200,200
353885,0,30,0,0,0,1,10,5,0,200,200,0,200,0,5,200,0,200,200,200,200
353885,1,30,0,0,0,1,10,5,0,200,200,0,200,1,6,200,200,200,200,200,200
353886,0,30,0,0,0,1,12,6,0,0,0,17,200,1,6,200,1,0,0,200,200
353886,0,30,0,0,0,1,12,6,0,0,0,17,200,1,8,0,0,0,0,200,200
353888,0,35,0,0,0,1,10,5,0,0,0,0,200,0,6,0,8,0,0,200,200
353888,0,35,0,0,0,1,10,5,0,0,0,0,200,0,6,0,0,0,0,200,200
353889,0,30,0,0,0,1,10,6,0,0,0,14,25,0,5,200,8,0,0,200,200
353889,0,30,0,0,0,1,10,6,0,0,0,14,25,0,6,200,8,200,1,200,200
353892,0,30,1,2,0,1,12,3,0,0,0,22,0,0,6,200,2,200,0,200,200
353892,0,30,1,2,0,1,12,3,0,0,0,22,0,1,7,200,0,200,0,200,200
353892,1,30,1,2,0,1,12,3,0,0,0,22,0,200,200,200,200,200,200,200,200
353894,0,30,0,0,0,1,0,7,0,0,0,0,200,0,6,200,200,200,200,200,200
353894,0,30,0,0,0,1,0,7,0,0,0,0,200,0,6,0,200,0,200,200,200
353894,1,30,0,0,0,1,0,7,0,0,0,0,200,1,200,200,200,200,200,200,200
353895,0,30,0,0,0,1,10,2,2,0,0,0,200,1,5,200,3,200,0,200,200
353895,0,30,0,0,0,1,10,2,2,0,0,0,200,0,5,200,0,200,0,200,200
353895,0,30,0,0,0,1,10,2,2,0,0,0,200,0,7,200,0,200,0,200,200
353895,1,30,0,0,0,1,10,2,2,0,0,0,200,1,5,200,200,200,200,200,200
353896,0,30,2,2,0,1,14,5,0,0,0,0,200,1,3,200,12,200,200,200,200
353896,0,30,2,2,0,1,14,5,0,0,0,0,200,0,6,0,12,0,0,200,200
353897,0,30,0,0,0,1,0,5,0,0,0,200,200,0,200,200,0,200,200,200,200
353897,0,30,0,0,0,1,0,5,0,0,0,200,200,0,7,7,0,0,0,200,200
353900,0,30,3,0,0,1,12,5,4,0,0,22,21,0,6,200,4,0,0,200,200
353900,0,30,3,0,0,1,12,5,4,0,0,22,21,0,6,200,0,0,0,200,200
353900,1,30,3,0,0,1,12,5,4,0,0,22,21,1,5,200,200,200,200,200,200
353902,0,30,0,0,0,1,10,2,0,0,3,21,21,0,9,0,1,0,0,200,200
353902,0,30,0,0,0,1,10,2,0,0,3,21,21,0,7,0,0,0,0,200,200
353905,0,30,1,2,0,1,12,5,0,0,0,17,200,1,200,0,200,0,0,200,200
353905,0,30,1,2,0,1,12,5,0,0,0,17,200,0,200,0,200,0,0,200,200
353905,1,30,1,2,0,1,12,5,0,0,0,17,200,1,200,0,200,200,200,200,200
353905,1,30,1,2,0,1,12,5,0,0,0,17,200,2,200,0,200,200,200,200,200
353906,4,30,1,2,0,1,8,5,0,0,0,22,0,0,3,2,2,0,0,200,200
353906,0,30,1,2,0,1,8,5,0,0,0,22,0,0,7,0,0,0,0,200,200
353907,0,20,0,0,0,1,7,12,0,0,0,200,200,0,200,200,12,200,200,200,200
353908,0,35,0,0,0,1,10,5,0,0,0,18,16,0,5,200,3,200,200,200,200
353908,0,35,0,0,0,1,10,5,0,0,0,18,16,0,6,200,0,0,0,200,200
353911,0,30,2,2,0,1,14,5,0,0,200,17,200,0,9,200,1,200,0,200,200
353911,0,30,2,2,0,1,14,5,0,0,200,17,200,0,9,0,0,200,0,200,200
353912,0,20,0,0,0,1,7,7,0,0,0,16,0,0,200,200,200,200,200,200,200
353912,1,20,0,0,0,1,7,7,0,0,0,16,0,1,200,200,200,200,200,200,200
353913,0,30,2,2,0,1,9,5,0,0,0,5,17,1,6,200,5,0,0,200,200
353913,5,30,2,2,0,1,9,5,0,0,0,5,17,1,6,7,0,0,0,200,200
353913,1,30,2,2,0,1,9,5,0,0,0,5,17,1,3,200,200,200,200,200,200
353914,0,30,0,0,0,1,5,5,0,0,0,27,200,0,4,200,1,200,7,200,200
353919,0,10,0,0,0,1,4,7,0,0,0,12,200,0,7,7,12,0,0,200,200
353921,0,30,0,0,0,1,7,5,0,0,0,0,200,2,200,200,200,200,200,200,200
353922,0,35,1,2,0,1,14,1,0,0,0,17,16,0,7,200,1,0,0,200,200
353922,0,35,1,2,0,1,14,1,0,0,0,17,16,1,6,200,0,0,0,200,200
353922,1,35,1,2,0,1,14,1,0,0,0,17,16,1,5,200,200,200,200,200,200
353922,1,35,1,2,0,1,14,1,0,0,0,17,16,1,7,200,200,200,200,200,200
353924,0,5,0,0,0,1,7,7,0,0,200,0,0,2,200,200,200,200,200,200,200
353926,0,30,0,0,0,1,12,6,0,0,0,0,200,0,200,200,200,200,200,200,200
353926,0,30,0,0,0,1,12,6,0,0,0,0,200,1,9,0,200,200,0,200,200
353929,0,30,0,0,0,1,7,7,0,0,0,0,0,2,200,200,1,200,200,200,200
353930,0,30,1,2,0,1,14,5,0,0,0,23,20,1,6,200,6,200,200,200,200
353930,0,30,1,2,0,1,14,5,0,0,0,23,20,1,5,0,0,0,0,200,200
353932,0,30,2,2,0,1,9,2,0,0,200,17,0,0,200,200,1,200,200,200,200
353932,5,30,2,2,0,1,9,2,0,0,200,17,0,1,6,7,0,0,200,200,200
353933,0,30,0,0,0,1,12,5,0,0,0,0,200,1,6,0,1,0,0,200,200
353933,0,30,0,0,0,1,12,5,0,0,0,0,200,1,6,0,0,0,0,200,200
353938,0,30,2,2,0,1,0,5,0,0,0,0,0,2,200,200,200,200,200,200,200
353938,0,30,2,2,0,1,0,5,0,0,0,0,0,1,6,200,0,200,0,200,200
353941,0,30,2,0,0,1,0,5,0,0,0,5,17,0,9,0,1,0,0,200,200
353941,0,30,2,0,0,1,0,5,0,0,0,5,17,0,7,0,200,0,0,200,200
353947,0,30,2,2,0,1,0,5,0,0,0,200,200,1,7,0,0,0,0,200,200
353947,0,30,2,2,0,1,0,5,0,0,0,200,200,1,7,0,0,0,0,200,200
353947,1,30,2,2,0,1,0,5,0,0,0,200,200,0,200,0,200,200,200,200,200
353952,0,30,0,0,0,1,7,6,0,0,200,0,200,2,200,200,200,200,200,200,200
353958,0,30,0,0,0,1,7,5,0,0,0,0,0,2,200,200,200,200,200,200,200
353959,0,30,2,2,0,1,0,5,0,0,0,0,0,0,6,200,200,200,200,200,200
353959,0,30,2,2,0,1,0,5,0,0,0,0,0,1,6,0,0,0,0,200,200
353963,0,35,1,2,0,1,5,2,0,0,12,0,200,1,7,200,200,0,0,200,200
353963,1,35,1,2,0,1,5,2,0,0,12,0,200,1,2,200,200,200,200,200,200
353965,0,30,1,2,0,1,14,5,0,0,200,17,200,1,6,0,1,200,0,200,200
353965,0,30,1,2,0,1,14,5,0,0,200,17,200,0,6,200,0,200,200,200,200
353969,0,30,1,2,0,1,14,3,0,0,0,0,0,1,8,0,200,200,200,200,200
353969,0,30,1,2,0,1,14,3,0,0,0,0,0,1,7,0,200,200,200,200,200
353974,0,30,0,0,0,1,2,12,0,0,0,33,200,0,6,0,0,200,0,200,200
353974,1,30,0,0,0,1,2,12,0,0,0,33,200,0,5,0,200,200,200,200,200
353975,0,30,0,0,0,1,10,5,0,0,0,18,18,0,200,0,3,200,0,200,200
353975,0,30,0,0,0,1,10,5,0,0,0,18,18,0,6,0,0,0,0,200,200
353975,1,30,0,0,0,1,10,5,0,0,0,18,18,1,7,0,200,200,200,200,200
353982,0,45,0,0,0,1,12,3,0,0,0,22,200,2,200,200,4,200,200,200,200
353982,0,45,0,0,0,1,12,3,0,0,0,22,200,1,6,0,0,0,0,200,200
353982,0,45,0,0,0,1,12,3,0,0,0,22,200,1,6,0,0,0,0,200,200
353982,1,45,0,0,0,1,12,3,0,0,0,22,200,0,2,0,200,200,200,200,200
353982,1,45,0,0,0,1,12,3,0,0,0,22,200,1,2,0,200,200,200,200,200
353988,0,30,0,0,0,1,7,6,0,200,200,0,0,2,200,200,200,200,200,200,200
353989,0,30,1,2,0,1,8,5,0,0,0,17,200,2,200,200,1,200,200,200,200
353989,4,30,1,2,0,1,8,5,0,0,0,17,200,0,3,7,0,0,0,200,200
353992,0,30,0,0,0,1,12,5,0,0,0,17,0,0,6,0,0,0,0,200,200
353992,0,30,0,0,0,1,12,5,0,0,0,17,0,1,9,0,0,0,0,200,200
353993,5,30,1,2,0,1,9,6,0,0,0,0,0,0,3,200,12,0,0,200,200
353993,0,30,1,2,0,1,9,6,0,0,0,0,0,1,200,200,200,200,200,200,200
353996,0,30,0,0,0,1,10,5,0,0,0,200,200,0,7,0,0,0,0,200,200
353996,0,30,0,0,0,1,10,5,0,0,0,200,200,0,7,0,0,0,0,200,200
354000,0,30,1,2,0,1,14,5,0,0,0,6,200,1,5,0,5,0,0,200,200
354000,0,30,1,2,0,1,14,5,0,0,0,6,200,0,7,0,0,0,0,200,200
354004,0,30,0,0,0,1,7,5,0,0,200,0,200,0,200,200,200,200,200,200,200
354008,0,30,1,0,0,1,0,5,0,0,0,0,0,0,6,7,200,200,0,200,200
354008,0,30,1,0,0,1,0,5,0,0,0,0,0,1,6,200,200,200,0,200,200
354011,0,30,0,0,0,1,0,5,0,0,0,0,0,1,5,200,200,200,0,200,200
354011,0,30,0,0,0,1,0,5,0,0,0,0,0,0,6,200,0,0,0,200,200
354013,0,10,0,0,0,1,0,7,0,0,200,17,0,0,6,200,1,200,200,200,200
354013,0,10,0,0,0,1,0,7,0,0,200,17,0,1,7,0,0,0,200,200,200
354017,0,30,0,0,0,1,10,5,0,0,0,0,0,0,200,200,200,200,200,200,200
354017,0,30,0,0,0,1,10,5,0,0,0,0,0,0,8,0,0,0,0,200,200
354023,0,10,0,0,0,1,2,4,2,0,0,200,200,1,200,200,12,200,200,200,200
354026,0,30,0,2,0,1,7,200,0,0,0,0,0,2,200,200,200,200,200,200,200
354027,0,30,2,2,0,1,10,6,0,200,200,20,20,2,200,200,6,200,200,200,200
354027,0,30,2,2,0,1,10,6,0,200,200,20,20,0,5,0,12,200,0,200,200
354037,0,45,0,0,0,1,12,3,0,0,200,17,0,0,200,200,1,200,200,200,200
354037,0,45,0,0,0,1,12,3,0,0,200,17,0,1,6,0,0,0,0,200,200
354037,1,45,0,0,0,1,12,3,0,0,200,17,0,0,200,200,200,200,200,200,200
354039,0,30,0,2,0,1,7,5,0,0,0,0,0,2,200,200,1,200,200,200,200
354040,0,35,0,0,0,1,14,5,0,0,3,0,0,1,6,0,0,0,0,200,200
354040,0,35,0,0,0,1,14,5,0,0,3,0,0,0,7,200,0,0,0,200,200
354042,0,30,0,0,0,4,10,5,0,0,0,18,200,0,7,0,3,0,0,200,200
354042,0,30,0,0,0,4,10,5,0,0,0,18,200,1,5,0,0,0,0,200,200
354048,0,30,1,2,0,1,0,5,0,0,0,14,200,0,5,0,200,0,0,200,200
354048,0,30,1,2,0,1,0,5,0,0,0,14,200,0,200,0,0,0,0,200,200