RD_NO,PERSON_TYPE,POSTED_SPEED_LIMIT,TRAFFIC_CONTROL_DEVICE,DEVICE_CONDITION,WEATHER_CONDITION,LIGHTING_CONDITION,FIRST_CRASH_TYPE,TRAFFICWAY_TYPE,ALIGNMENT,ROADWAY_SURFACE_COND,ROAD_DEFECT,PRIM_CONTRIBUTORY_CAUSE,SEC_CONTRIBUTORY_CAUSE,SEX,AGE,SAFETY_EQUIPMENT,DRIVER_ACTION,DRIVER_VISION,PHYSICAL_CONDITION,BAC_RESULT VALUE,CELL_PHONE_USE
354049,0,30,2,2,0,1,7,5,0,0,0,200,200,1,5,0,12,0,0,200,200
354055,0,30,0,0,0,1,10,5,0,0,0,18,0,0,200,200,3,200,200,200,200
354055,0,30,0,0,0,1,10,5,0,0,0,18,0,1,6,0,0,0,0,200,200
354055,1,30,0,0,0,1,10,5,0,0,0,18,0,1,200,0,200,200,200,200,200
354062,0,15,0,0,0,1,7,7,0,0,0,0,200,2,200,200,200,200,200,200,200
354071,0,30,1,200,0,4,12,5,3,0,200,21,0,0,200,200,12,200,200,200,200
354071,0,30,1,200,0,4,12,5,3,0,200,21,0,1,5,0,0,0,0,200,200
354075,0,30,2,2,0,1,10,3,0,0,0,0,200,0,7,0,200,0,0,200,200
354075,0,30,2,2,0,1,10,3,0,0,0,0,200,0,6,0,0,0,0,200,200
354075,1,30,2,2,0,1,10,3,0,0,0,0,200,0,7,0,200,200,200,200,200
354075,1,30,2,2,0,1,10,3,0,0,0,0,200,0,6,0,200,200,200,200,200
354081,0,30,2,2,0,1,0,6,0,0,200,7,0,1,4,200,1,200,200,200,200
354081,0,30,2,2,0,1,0,6,0,0,200,7,0,1,6,0,0,0,0,200,200
354083,0,10,0,0,0,1,7,7,0,0,0,0,200,1,8,0,200,200,0,200,200
354084,0,30,1,2,0,1,9,5,0,200,200,17,17,0,200,200,1,200,200,200,200
354084,5,30,1,2,0,1,9,5,0,200,200,17,17,1,6,7,12,200,200,200,200
354100,0,30,1,2,0,1,12,5,0,0,0,0,0,0,200,200,1,200,200,200,200
354100,0,30,1,2,0,1,12,5,0,0,0,0,0,0,7,0,0,0,0,200,200
354107,0,30,0,0,0,1,14,2,0,0,0,25,14,0,5,2,12,0,0,200,200
354107,0,30,0,0,0,1,14,2,0,0,0,25,14,0,0,200,12,0,0,200,200
354111,0,30,0,0,0,1,7,5,0,0,0,0,0,2,200,200,200,200,200,200,200
354120,0,10,0,0,0,4,7,5,0,0,0,20,200,0,4,200,6,0,0,200,200
354124,0,35,0,0,0,4,12,3,0,0,200,17,0,0,5,200,1,0,200,200,200
354124,0,35,0,0,0,4,12,3,0,0,200,17,0,0,6,0,1,0,200,200,200
354131,0,30,0,0,0,200,7,5,0,0,0,22,200,2,200,200,200,200,200,200,200
354137,0,30,1,200,0,3,14,5,0,0,0,0,200,0,7,200,200,200,0,200,200
354137,0,30,1,200,0,3,14,5,0,0,0,0,200,2,200,200,1,200,200,200,200
354147,0,30,0,0,0,1,14,5,0,0,12,25,28,0,5,200,12,200,200,200,200
354147,0,30,0,0,0,1,14,5,0,0,12,25,28,1,5,0,0,0,0,200,200
354147,1,30,0,0,0,1,14,5,0,0,12,25,28,2,200,200,200,200,200,200,200
354155,0,30,1,200,200,4,14,2,0,200,200,17,17,0,200,200,1,200,200,200,200
354155,0,30,1,200,200,4,14,2,0,200,200,17,17,0,7,200,200,200,0,200,200
354167,0,30,200,200,0,1,7,5,0,200,200,11,0,2,200,200,200,200,200,200,200
354185,0,30,0,0,0,1,10,5,0,0,0,0,200,0,5,200,1,200,0,200,200
354185,0,30,0,0,0,1,10,5,0,0,0,0,200,0,6,0,0,0,0,200,200
354191,0,30,200,200,0,200,10,200,0,200,200,16,0,0,200,200,200,200,200,200,200
354191,0,30,200,200,0,200,10,200,0,200,200,16,0,1,5,200,0,200,0,200,200
354191,1,30,200,200,0,200,10,200,0,200,200,16,0,1,200,200,200,200,200,200,200
354191,1,30,200,200,0,200,10,200,0,200,200,16,0,0,200,200,200,200,200,200,200
354195,0,30,1,2,0,3,14,1,0,0,0,18,0,0,0,0,3,0,0,200,200
354195,0,30,1,2,0,3,14,1,0,0,0,18,0,1,6,0,0,0,0,200,200
354195,1,30,1,2,0,3,14,1,0,0,0,18,0,0,2,0,200,200,200,200,200
354195,1,30,1,2,0,3,14,1,0,0,0,18,0,1,2,0,200,200,200,200,200
354197,0,30,0,0,0,3,2,3,0,0,0,0,0,1,7,0,200,0,0,200,200
354201,0,10,0,0,0,3,7,12,0,0,0,32,20,0,6,200,6,0,5,200,200
354203,0,30,1,200,200,1,12,2,0,200,200,0,200,1,5,200,200,200,0,200,200
354203,0,30,1,200,200,1,12,2,0,200,200,0,200,2,200,200,200,200,200,200,200
354204,0,25,0,0,0,3,7,6,0,0,0,21,16,1,2,200,12,0,0,200,200
354204,1,25,0,0,0,3,7,6,0,0,0,21,16,1,8,200,200,200,200,200,200
354208,0,45,1,2,0,1,10,3,0,0,0,18,200,1,9,200,3,200,200,200,200
354208,0,45,1,2,0,1,10,3,0,0,0,18,200,1,6,200,0,200,200,200,200
354208,1,45,1,2,0,1,10,3,0,0,0,18,200,0,6,200,200,200,200,200,200
354209,0,30,1,2,0,3,10,2,0,200,1,18,16,0,200,200,3,200,200,200,200
354209,0,30,1,2,0,3,10,2,0,200,1,18,16,0,7,0,0,0,0,200,200
354210,0,30,2,2,0,3,7,5,0,0,0,16,200,0,7,0,200,200,200,200,200
354218,0,30,0,0,0,3,7,6,0,0,0,0,0,0,6,0,0,200,0,200,200
354218,1,30,0,0,0,3,7,6,0,0,0,0,0,0,6,200,200,200,200,200,200
354218,1,30,0,0,0,3,7,6,0,0,0,0,0,0,6,200,200,200,200,200,200
354230,0,25,0,0,0,3,10,6,0,0,0,20,0,1,6,200,6,200,200,200,200
354230,0,25,0,0,0,3,10,6,0,0,0,20,0,0,6,0,0,0,0,200,200
354233,0,30,0,0,0,3,8,2,0,0,0,200,200,2,200,200,12,200,200,200,200
354233,4,30,0,0,0,3,8,2,0,0,0,200,200,0,3,7,0,0,0,200,200
354247,0,30,1,2,0,3,10,5,0,0,0,7,0,1,5,200,200,0,0,200,200
354247,0,30,1,2,0,3,10,5,0,0,0,7,0,0,5,200,0,0,0,200,200
354247,1,30,1,2,0,3,10,5,0,0,0,7,0,1,200,200,200,200,200,200,200
354249,0,30,1,2,0,3,10,6,0,0,0,25,16,0,200,200,13,200,200,200,200
354249,0,30,1,2,0,3,10,6,0,0,0,25,16,0,5,0,12,0,0,200,200
354261,0,25,0,0,0,3,2,5,0,0,0,11,200,1,7,200,200,200,0,200,200
354266,0,30,2,2,0,3,14,6,0,0,0,22,25,0,200,200,13,200,200,200,200
354266,0,30,2,2,0,3,14,6,0,0,0,22,25,0,6,0,0,0,0,200,200
354266,1,30,2,2,0,3,14,6,0,0,0,22,25,0,5,0,200,200,200,200,200
354266,1,30,2,2,0,3,14,6,0,0,0,22,25,0,6,0,200,200,200,200,200
354269,0,30,1,2,200,3,10,5,0,200,0,16,0,0,5,200,12,200,200,200,200
354269,0,30,1,2,200,3,10,5,0,200,0,16,0,1,5,200,0,0,200,200,200
354272,0,30,0,0,0,1,7,3,0,0,0,22,11,1,200,200,12,0,0,200,200
354277,0,30,1,2,0,0,10,5,0,0,0,0,0,1,6,0,0,0,0,200,200
354277,0,30,1,2,0,0,10,5,0,0,0,0,0,0,7,0,0,0,0,200,200
354279,0,30,0,0,0,3,10,12,0,0,0,7,18,0,4,0,3,0,0,200,200
354279,0,30,0,0,0,3,10,12,0,0,0,7,18,0,5,0,12,0,0,200,200
354279,1,30,0,0,0,3,10,12,0,0,0,7,18,0,4,0,200,200,200,200,200
354279,1,30,0,0,0,3,10,12,0,0,0,7,18,0,4,0,200,200,200,200,200
354283,0,30,200,200,0,4,12,5,0,0,200,21,22,0,6,200,4,200,200,200,200
354283,0,30,200,200,0,4,12,5,0,0,200,21,22,1,6,0,200,200,0,200,200
354284,0,30,2,2,0,3,0,5,0,0,0,0,17,1,6,0,0,0,0,200,200
354284,0,30,2,2,0,3,0,5,0,0,0,0,17,0,6,200,200,200,200,200,200
354286,0,30,0,0,0,3,2,5,0,0,0,11,200,0,6,200,12,0,0,200,200
354287,0,30,1,2,0,3,14,5,0,0,0,6,21,1,5,0,1,0,0,200,200
354287,0,30,1,2,0,3,14,5,0,0,0,6,21,0,5,0,200,0,0,200,200
354287,1,30,1,2,0,3,14,5,0,0,0,6,21,1,5,0,200,200,200,200,200
354287,1,30,1,2,0,3,14,5,0,0,0,6,21,1,200,0,200,200,200,200,200
354287,1,30,1,2,0,3,14,5,0,0,0,6,21,200,200,0,200,200,200,200,200
354292,0,30,200,200,200,1,10,200,0,200,200,16,0,0,200,200,200,200,200,200,200
354292,0,30,200,200,200,1,10,200,0,200,200,16,0,0,7,200,0,200,200,200,200
354293,0,30,0,0,0,3,7,6,0,0,0,32,27,0,6,0,12,200,5,200,200
354308,0,30,0,0,0,3,12,3,0,0,0,0,200,1,200,200,200,200,200,200,200
354308,0,30,0,0,0,3,12,3,0,0,0,0,200,1,6,200,200,0,0,200,200
354309,0,30,0,0,0,3,2,3,3,0,0,16,7,0,5,200,12,200,0,200,200
354310,0,25,1,200,0,3,14,3,0,0,0,17,23,1,8,200,1,0,0,200,200
354310,0,25,1,200,0,3,14,3,0,0,0,17,23,0,200,200,200,200,200,200,200
354315,0,20,12,12,0,3,7,6,0,0,0,32,3,0,5,200,12,200,5,200,200
354340,0,30,0,0,0,3,3,5,0,0,0,0,0,0,6,200,12,0,200,200,200
354340,0,30,0,0,0,3,3,5,0,0,0,0,0,0,4,200,200,0,0,200,200
354358,0,30,0,0,0,3,7,2,0,0,0,0,200,1,200,200,12,200,200,200,200
354360,0,30,0,2,0,3,10,1,0,0,0,25,200,0,6,0,12,0,200,200,200
354360,0,30,0,2,0,3,10,1,0,0,0,25,200,0,6,0,0,0,0,200,200
354362,0,20,0,0,0,3,7,5,0,0,0,14,16,0,6,0,12,0,0,200,200
354364,4,30,0,0,0,3,8,12,0,0,0,17,200,0,3,7,0,0,0,200,200
354364,0,30,0,0,0,3,8,12,0,0,0,17,200,1,200,200,1,200,200,200,200
354371,0,30,1,2,0,0,0,5,0,0,0,17,200,0,4,0,1,0,0,200,200
354371,0,30,1,2,0,0,0,5,0,0,0,17,200,0,5,0,0,0,0,200,200
354371,1,30,1,2,0,0,0,5,0,0,0,17,200,0,3,0,200,200,200,200,200
354371,1,30,1,2,0,0,0,5,0,0,0,17,200,0,6,0,200,200,200,200,200
354377,0,15,200,0,0,1,7,0,0,0,200,28,33,2,200,200,200,200,200,200,200
354389,0,35,0,0,0,3,14,2,0,0,0,23,200,0,7,0,7,0,0,200,200
354389,0,35,0,0,0,3,14,2,0,0,0,23,200,0,6,200,0,0,0,200,200
354400,0,30,0,0,0,3,7,5,0,0,0,0,22,0,7,200,2,0,0,200,200
354405,0,30,0,0,0,3,2,5,0,0,0,0,0,0,6,200,200,200,2,200,200
354414,0,30,0,0,0,1,2,5,0,0,0,0,0,0,7,200,12,0,0,200,200
354415,0,30,1,2,0,1,10,8,0,0,0,0,200,2,200,200,200,200,200,200,200
354415,0,30,1,2,0,1,10,8,0,0,0,0,200,0,5,200,0,0,0,200,200
354418,0,30,0,0,0,1,7,5,0,0,0,27,27,1,5,0,12,0,2,200,200
354419,0,30,1,2,0,1,0,5,0,0,0,6,200,1,6,200,5,0,0,200,200
354419,0,30,1,2,0,1,0,5,0,0,0,6,200,1,5,0,0,0,0,200,200
354419,1,30,1,2,0,1,0,5,0,0,0,6,200,1,200,5,200,200,200,200,200
354437,0,20,1,2,0,1,0,5,0,0,200,0,0,0,6,200,200,200,0,200,200
354437,0,20,1,2,0,1,0,5,0,0,200,0,0,1,6,200,200,200,0,200,200
354445,0,15,0,0,0,1,7,7,0,0,0,0,0,2,200,200,200,200,200,200,200
354451,0,20,0,0,0,1,7,6,0,0,0,20,200,2,200,200,6,200,200,200,200
354453,0,15,2,2,0,1,0,6,0,0,0,0,0,0,6,0,200,0,0,200,200
354453,0,15,2,2,0,1,0,6,0,0,0,0,0,0,6,0,0,0,0,200,200
354457,0,30,0,0,0,1,7,5,0,0,0,20,200,0,200,200,6,200,200,200,200
354457,1,30,0,0,0,1,7,5,0,0,0,20,200,0,200,200,200,200,200,200,200
354465,0,30,1,2,0,1,14,2,0,0,0,23,16,1,6,0,12,0,0,200,200
354465,0,30,1,2,0,1,14,2,0,0,0,23,16,0,6,0,12,0,0,200,200
354467,0,25,0,0,0,1,0,6,0,0,0,20,0,1,6,0,6,0,0,200,200
354467,0,25,0,0,0,1,0,6,0,0,0,20,0,1,6,0,0,0,0,200,200
354474,4,30,1,2,0,1,8,12,0,0,0,6,200,0,200,7,5,0,0,200,200
354474,0,30,1,2,0,1,8,12,0,0,0,6,200,0,200,0,0,0,0,200,200
354475,0,30,2,2,0,1,9,2,0,0,0,0,200,0,6,200,1,200,0,200,200
354475,5,30,2,2,0,1,9,2,0,0,0,0,200,0,6,7,0,200,0,200,200
354481,0,35,1,2,0,1,14,5,0,0,0,18,200,0,8,0,4,0,0,200,200
354481,0,35,1,2,0,1,14,5,0,0,0,18,200,0,7,0,0,0,0,200,200
354483,0,30,0,0,0,1,10,2,0,0,0,16,200,1,5,200,3,0,0,200,200
354483,0,30,0,0,0,1,10,2,0,0,0,16,200,0,6,200,0,0,0,200,200
354484,0,30,0,0,0,1,7,5,0,0,0,16,0,0,6,200,12,0,0,200,200
354492,0,25,1,2,200,200,10,2,0,0,200,18,16,1,5,200,3,200,200,200,200
354492,0,25,1,2,200,200,10,2,0,0,200,18,16,1,6,200,0,200,200,200,200
354500,0,5,1,2,0,1,12,7,0,0,0,20,0,0,7,0,6,200,0,200,200
354500,0,5,1,2,0,1,12,7,0,0,0,20,0,1,5,0,0,200,0,200,200
354502,4,30,2,2,0,1,8,5,0,0,0,33,11,1,6,3,1,0,0,200,200
354502,0,30,2,2,0,1,8,5,0,0,0,33,11,1,5,0,0,0,0,200,200
354508,0,30,1,2,0,1,12,6,0,0,0,22,21,1,6,0,4,0,0,200,200
354508,0,30,1,2,0,1,12,6,0,0,0,22,21,0,5,0,0,0,0,200,200
354510,0,30,0,0,0,1,14,5,0,0,0,23,17,1,3,0,7,200,0,200,200
354510,0,30,0,0,0,1,14,5,0,0,0,23,17,0,6,0,0,200,0,200,200
354512,0,30,1,2,0,1,0,5,0,0,0,0,0,0,200,200,200,200,200,200,200
354512,0,30,1,2,0,1,0,5,0,0,0,0,0,1,7,200,200,0,0,200,200
354512,1,30,1,2,0,1,0,5,0,0,0,0,0,0,200,200,200,200,200,200,200
354512,1,30,1,2,0,1,0,5,0,0,0,0,0,0,200,200,200,200,200,200,200
354516,0,30,1,2,0,1,10,2,0,0,0,18,16,0,6,0,3,0,0,200,200
354516,0,30,1,2,0,1,10,2,0,0,0,18,16,0,5,0,0,0,0,200,200
354516,1,30,1,2,0,1,10,2,0,0,0,18,16,1,2,0,200,200,200,200,200
354516,1,30,1,2,0,1,10,2,0,0,0,18,16,1,0,0,200,200,200,200,200
354519,0,0,2,2,0,1,10,2,0,0,0,0,200,0,200,200,8,200,200,200,200
354519,0,0,2,2,0,1,10,2,0,0,0,0,200,1,8,0,0,0,0,200,200
354522,0,15,0,0,0,3,2,0,0,0,0,0,200,1,6,0,2,0,200,200,200
354528,0,30,2,2,0,1,0,2,0,0,0,17,0,1,5,0,1,0,0,200,200
354528,0,30,2,2,0,1,0,2,0,0,0,17,0,0,5,0,0,0,0,200,200
354530,0,30,1,2,0,1,10,2,0,0,0,16,16,1,200,0,8,0,200,200,200
354530,0,30,1,2,0,1,10,2,0,0,0,16,16,0,6,0,0,0,0,200,200
354533,0,30,0,0,0,1,14,5,0,0,0,0,0,0,6,200,200,200,200,200,200
354533,0,30,0,0,0,1,14,5,0,0,0,0,0,1,6,200,200,200,200,200,200
354533,1,30,0,0,0,1,14,5,0,0,0,0,0,0,2,200,200,200,200,200,200
354533,1,30,0,0,0,1,14,5,0,0,0,0,0,1,2,200,200,200,200,200,200
354540,0,30,0,0,0,1,10,2,0,0,0,18,18,0,7,0,3,0,0,200,200
354540,0,30,0,0,0,1,10,2,0,0,0,18,18,1,7,0,0,0,0,200,200
354546,0,25,0,0,0,1,7,6,0,0,0,0,200,1,5,200,200,200,0,200,200
354548,0,30,1,2,0,1,12,2,0,0,0,22,200,0,7,0,0,0,0,200,200
354548,0,30,1,2,0,1,12,2,0,0,0,22,200,0,6,0,4,0,0,200,200
354549,0,30,2,2,0,1,14,5,0,0,0,17,200,0,6,0,1,0,0,200,200
354549,0,30,2,2,0,1,14,5,0,0,0,17,200,0,7,0,0,0,0,200,200
354549,0,30,2,2,0,1,14,5,0,0,0,17,200,0,6,0,0,0,0,200,200
354549,1,30,2,2,0,1,14,5,0,0,0,17,200,1,200,0,200,200,200,200,200
354555,0,30,0,0,0,1,7,2,0,0,0,20,200,2,200,200,6,200,200,200,200
354558,0,30,1,2,0,1,10,5,0,0,0,17,200,0,200,200,1,200,200,200,200
354558,0,30,1,2,0,1,10,5,0,0,0,17,200,0,6,7,0,0,0,200,200
354561,0,30,2,2,0,1,14,5,0,0,0,17,23,0,8,0,1,0,0,200,200
354561,0,30,2,2,0,1,14,5,0,0,0,17,23,0,6,0,0,0,0,200,200
354566,0,30,2,2,0,1,12,3,0,0,0,21,0,0,5,0,4,0,0,200,200
354566,0,30,2,2,0,1,12,3,0,0,0,21,0,1,5,0,0,0,0,200,200
354567,0,30,1,2,0,1,8,5,0,0,0,0,200,2,200,200,200,200,200,200,200
354567,4,30,1,2,0,1,8,5,0,0,0,0,200,0,4,3,12,0,0,200,200
354575,0,30,0,0,0,1,3,5,0,0,0,17,16,1,3,0,1,0,0,200,0
354575,0,30,0,0,0,1,3,5,0,0,0,17,16,1,200,0,0,0,7,200,200
354575,0,30,0,0,0,1,3,5,0,0,0,17,16,0,7,0,0,0,0,200,200
354575,0,30,0,0,0,1,3,5,0,0,0,17,16,1,8,0,0,0,0,200,200
354576,0,30,0,0,0,1,12,3,0,0,0,0,7,0,6,0,0,0,0,200,200
354576,0,30,0,0,0,1,12,3,0,0,0,0,7,1,6,200,12,0,0,200,200
354576,1,30,0,0,0,1,12,3,0,0,0,0,7,1,1,200,200,200,200,200,200
354578,0,30,0,0,0,1,7,6,0,0,0,27,22,0,9,200,2,0,0,200,200
354583,0,30,0,0,0,1,12,5,0,0,0,22,22,0,200,200,4,0,0,200,200
354583,0,30,0,0,0,1,12,5,0,0,0,22,22,1,5,0,4,0,0,200,200
354587,0,30,0,0,0,1,10,2,0,0,0,21,18,0,7,200,4,200,0,200,200
354587,0,30,0,0,0,1,10,2,0,0,0,21,18,0,6,200,200,200,0,200,200
354587,1,30,0,0,0,1,10,2,0,0,0,21,18,1,5,200,200,200,200,200,200
354598,0,0,0,0,0,1,7,2,0,0,0,0,200,1,200,0,12,0,0,200,200
354598,1,0,0,0,0,1,7,2,0,0,0,0,200,1,6,0,200,200,200,200,200
354602,0,30,1,2,0,1,12,6,0,0,0,17,200,0,6,0,1,0,0,200,200
354602,0,30,1,2,0,1,12,6,0,0,0,17,200,0,6,0,0,0,0,200,200
354602,1,30,1,2,0,1,12,6,0,0,0,17,200,1,200,0,200,200,200,200,200
354606,0,30,0,0,0,1,12,2,0,0,0,22,200,0,200,200,4,200,200,200,200
354606,0,30,0,0,0,1,12,2,0,0,0,22,200,0,5,0,0,0,0,200,200
354610,0,30,0,0,0,3,7,5,0,0,0,17,17,0,6,0,0,0,0,200,200
354621,0,30,0,0,200,200,7,5,0,200,0,0,0,2,200,200,200,200,200,200,200
354624,4,30,2,2,0,1,8,5,0,0,0,18,0,0,4,7,3,0,0,200,200
354624,0,30,2,2,0,1,8,5,0,0,0,18,0,0,6,0,0,0,0,200,200
354634,0,30,0,0,0,1,7,5,0,0,0,0,0,2,200,200,200,200,200,200,200
354634,1,30,0,0,0,1,7,5,0,0,0,0,0,0,200,0,200,200,200,200,200
354634,1,30,0,0,0,1,7,5,0,0,0,0,0,0,200,0,200,200,200,200,200
354634,1,30,0,0,0,1,7,5,0,0,0,0,0,1,6,0,200,200,200,200,200
354636,0,25,0,0,0,1,7,6,0,0,0,0,0,2,200,200,200,200,200,200,200
354638,0,3,0,0,0,1,10,5,0,0,0,0,0,1,6,0,200,0,0,200,200
354638,0,3,0,0,0,1,10,5,0,0,0,0,0,0,8,7,200,0,0,200,200
354650,0,30,1,2,0,4,14,3,0,0,0,17,200,0,9,0,1,200,0,200,200
354650,0,30,1,2,0,4,14,3,0,0,0,17,200,1,6,0,0,0,0,200,200
354656,0,30,1,2,0,1,12,5,0,0,0,17,200,0,200,200,1,200,200,200,200
354656,0,30,1,2,0,1,12,5,0,0,0,17,200,0,9,0,0,0,0,200,200
354660,0,35,0,0,0,1,10,5,0,0,0,0,0,0,6,7,0,0,0,200,200
354660,0,35,0,0,0,1,10,5,0,0,0,0,0,0,0,0,0,0,0,200,200
354661,0,30,0,0,0,1,4,5,0,0,0,11,34,0,5,0,12,0,0,200,200
354670,0,30,0,0,0,1,3,5,0,0,0,18,18,0,200,200,200,200,200,200,200
354670,0,30,0,0,0,1,3,5,0,0,0,18,18,0,7,7,0,0,0,200,200
354670,1,30,0,0,0,1,3,5,0,0,0,18,18,1,7,0,200,200,200,200,200
354670,1,30,0,0,0,1,3,5,0,0,0,18,18,0,8,0,200,200,200,200,200
354673,0,30,0,0,0,1,7,5,0,0,0,2,0,0,6,200,15,200,12,200,1
354680,0,30,0,0,0,200,7,6,0,0,0,11,200,2,200,200,12,200,200,200,200
354685,0,30,0,0,0,1,8,5,0,0,0,200,200,0,7,0,1,0,0,200,200
354685,4,30,0,0,0,1,8,5,0,0,0,200,200,1,6,7,0,0,0,200,200
354685,1,30,0,0,0,1,8,5,0,0,0,200,200,1,200,0,200,200,200,200,200
354686,0,30,1,0,0,1,10,2,0,0,0,16,200,0,4,200,12,0,0,200,200
354686,0,30,1,0,0,1,10,2,0,0,0,16,200,1,200,200,0,0,0,200,200
354686,0,30,1,0,0,1,10,2,0,0,0,16,200,0,5,200,0,0,0,200,200
354686,1,30,1,0,0,1,10,2,0,0,0,16,200,1,4,200,200,200,200,200,200
354686,1,30,1,0,0,1,10,2,0,0,0,16,200,1,5,200,200,200,200,200,200
354686,1,30,1,0,0,1,10,2,0,0,0,16,200,1,0,200,200,200,200,200,200
354686,1,30,1,0,0,1,10,2,0,0,0,16,200,1,5,200,200,200,200,200,200
354686,1,30,1,0,0,1,10,2,0,0,0,16,200,0,0,200,200,200,200,200,200
354686,1,30,1,0,0,1,10,2,0,0,0,16,200,200,1,200,200,200,200,200,200
354701,0,30,2,2,0,1,12,6,0,0,0,17,0,0,6,0,1,0,0,200,200
354701,0,30,2,2,0,1,12,6,0,0,0,17,0,1,5,0,12,5,0,200,200
354704,0,30,9,2,0,1,12,5,0,0,0,3,21,0,8,200,5,0,0,200,200
354704,0,30,9,2,0,1,12,5,0,0,0,3,21,0,6,200,0,0,0,200,200
354710,0,30,0,0,0,1,14,5,0,0,200,0,200,0,4,0,200,5,0,200,200
354710,0,30,0,0,0,1,14,5,0,0,200,0,200,1,5,200,0,200,200,200,200
354710,1,30,0,0,0,1,14,5,0,0,200,0,200,0,200,200,200,200,200,200,200
354711,0,5,0,0,0,1,7,0,0,0,0,15,16,0,200,200,8,0,200,200,200
354711,1,5,0,0,0,1,7,0,0,0,0,15,16,1,200,200,200,200,200,200,200
354711,1,5,0,0,0,1,7,0,0,0,0,15,16,0,200,200,200,200,200,200,200
354716,0,30,0,0,0,1,7,6,0,0,0,25,25,0,6,200,13,200,200,200,200
354719,0,30,0,0,0,1,0,2,0,0,0,17,0,0,200,200,1,200,200,200,200
354719,0,30,0,0,0,1,0,2,0,0,0,17,0,1,200,0,0,5,0,200,200
354722,0,35,0,0,0,1,12,3,0,0,0,11,200,1,5,200,12,0,0,200,200
354722,0,35,0,0,0,1,12,3,0,0,0,11,200,0,7,200,0,0,0,200,200
354726,0,20,0,0,0,1,10,2,0,0,0,12,12,0,5,0,12,0,0,200,200
354726,0,20,0,0,0,1,10,2,0,0,0,12,12,0,6,0,0,0,0,200,200
354726,1,20,0,0,0,1,10,2,0,0,0,12,12,0,200,0,200,200,200,200,200
354726,1,20,0,0,0,1,10,2,0,0,0,12,12,1,4,0,200,200,200,200,200
354728,0,30,0,0,0,1,0,5,0,0,0,17,17,1,5,0,1,0,0,200,200
354728,0,30,0,0,0,1,0,5,0,0,0,17,17,0,7,0,0,0,0,200,200
354734,0,30,0,0,200,200,7,6,0,200,0,0,0,2,200,200,200,200,200,200,200
354736,0,25,0,0,200,3,7,6,0,200,200,17,200,1,200,200,1,200,200,200,200
354737,0,35,0,0,0,1,12,5,0,0,0,17,17,0,200,200,200,200,200,200,200
354737,0,35,0,0,0,1,12,5,0,0,0,17,17,1,6,0,0,0,0,200,200
354737,1,35,0,0,0,1,12,5,0,0,0,17,17,1,6,0,200,200,200,200,200
354739,0,30,1,2,0,1,12,2,0,0,0,21,21,0,8,0,2,0,0,200,200
354739,0,30,1,2,0,1,12,2,0,0,0,21,21,1,6,0,0,0,0,200,200
354748,0,30,0,0,0,1,14,3,0,0,0,23,17,1,200,200,7,200,200,200,200
354748,0,30,0,0,0,1,14,3,0,0,0,23,17,0,6,200,0,0,0,200,200
354749,0,15,0,0,0,1,7,7,0,0,200,0,0,1,7,200,10,200,200,200,200
354755,0,30,0,0,0,1,14,3,0,0,200,0,200,0,200,7,7,200,200,200,0
354755,0,30,0,0,0,1,14,3,0,0,200,0,200,0,6,0,0,0,0,200,200
354755,1,30,0,0,0,1,14,3,0,0,200,0,200,0,5,0,200,200,200,200,200
354755,1,30,0,0,0,1,14,3,0,0,200,0,200,1,5,0,200,200,200,200,200
354760,0,30,12,12,0,1,7,7,0,0,200,0,0,0,200,200,6,200,200,200,200
354767,0,30,0,0,0,1,2,5,0,0,0,22,22,0,7,0,9,0,0,200,200
354767,0,30,0,0,0,1,2,5,0,0,0,22,22,0,5,0,0,200,200,200,200
354775,0,30,0,0,0,1,12,5,0,0,0,22,11,0,7,200,4,200,0,200,200
354775,0,30,0,0,0,1,12,5,0,0,0,22,11,1,7,200,0,200,200,200,200
354778,0,30,0,0,0,1,10,5,0,0,0,18,17,1,4,200,1,200,200,200,200
354778,0,30,0,0,0,1,10,5,0,0,0,18,17,0,8,0,0,0,0,200,200
354778,1,30,0,0,0,1,10,5,0,0,0,18,17,0,200,0,200,200,200,200,200
354780,0,30,1,2,0,1,14,5,0,0,0,17,200,0,6,0,1,0,0,200,200
354780,0,30,1,2,0,1,14,5,0,0,0,17,200,1,6,0,0,0,0,200,200
354780,1,30,1,2,0,1,14,5,0,0,0,17,200,1,200,0,200,200,200,200,200
354780,1,30,1,2,0,1,14,5,0,0,0,17,200,0,2,0,200,200,200,200,200
354780,1,30,1,2,0,1,14,5,0,0,0,17,200,1,2,0,200,200,200,200,200
354780,1,30,1,2,0,1,14,5,0,0,0,17,200,1,6,0,200,200,200,200,200
354787,0,30,1,2,0,1,12,5,0,0,0,0,200,1,200,200,200,200,0,200,200
354787,0,30,1,2,0,1,12,5,0,0,0,0,200,1,200,7,0,0,0,200,200
354788,0,30,1,2,0,1,14,5,0,0,0,17,23,1,5,0,1,0,0,200,200
354788,0,30,1,2,0,1,14,5,0,0,0,17,23,1,7,0,0,0,0,200,200
354790,0,30,1,2,0,1,12,3,0,0,0,11,0,1,200,200,200,200,200,200,200
354790,0,30,1,2,0,1,12,3,0,0,0,11,0,1,6,0,0,0,0,200,200