RD_NO,PERSON_TYPE,POSTED_SPEED_LIMIT,TRAFFIC_CONTROL_DEVICE,DEVICE_CONDITION,WEATHER_CONDITION,LIGHTING_CONDITION,FIRST_CRASH_TYPE,TRAFFICWAY_TYPE,ALIGNMENT,ROADWAY_SURFACE_COND,ROAD_DEFECT,PRIM_CONTRIBUTORY_CAUSE,SEC_CONTRIBUTORY_CAUSE,SEX,AGE,SAFETY_EQUIPMENT,DRIVER_ACTION,DRIVER_VISION,PHYSICAL_CONDITION,BAC_RESULT VALUE,CELL_PHONE_USE
354800,0,30,1,2,0,1,3,5,0,0,0,22,11,0,5,0,9,0,0,200,200
354800,0,30,1,2,0,1,3,5,0,0,0,22,11,0,7,0,0,0,0,200,200
354803,0,15,0,0,0,1,7,7,0,0,0,11,200,0,6,0,7,0,0,200,200
354803,1,15,0,0,0,1,7,7,0,0,0,11,200,0,6,0,200,200,200,200,200
354806,0,35,0,0,0,1,7,3,0,0,0,8,200,0,6,0,3,0,0,200,200
354810,0,30,0,0,0,1,14,2,0,200,200,11,11,1,6,0,7,0,0,200,200
354810,0,30,0,0,0,1,14,2,0,200,200,11,11,0,6,0,0,0,0,200,200
354811,0,30,1,2,0,1,14,2,0,0,0,17,23,1,6,0,7,0,0,200,200
354811,0,30,1,2,0,1,14,2,0,0,0,17,23,1,6,0,0,0,0,200,200
354814,0,25,0,0,200,1,7,5,0,200,200,20,0,0,200,200,6,200,200,200,200
354814,1,25,0,0,200,1,7,5,0,200,200,20,0,1,200,0,200,200,200,200,200
354815,0,30,1,2,0,1,14,6,0,0,0,23,200,0,200,200,7,200,200,200,200
354815,0,30,1,2,0,1,14,6,0,0,0,23,200,1,8,0,0,0,0,200,200
354819,0,30,2,2,0,1,14,2,0,0,0,17,200,1,5,0,1,0,0,200,200
354819,0,30,2,2,0,1,14,2,0,0,0,17,200,1,5,0,0,0,0,200,200
354819,1,30,2,2,0,1,14,2,0,0,0,17,200,1,2,0,200,200,200,200,200
354819,1,30,2,2,0,1,14,2,0,0,0,17,200,1,0,5,200,200,200,200,200
354826,0,30,2,2,0,1,2,2,0,0,0,13,0,0,6,0,12,0,0,200,200
354826,1,30,2,2,0,1,2,2,0,0,0,13,0,0,6,0,200,200,200,200,200
354835,0,25,2,1,0,1,10,5,0,0,0,0,0,0,5,0,200,0,0,200,200
354835,0,25,2,1,0,1,10,5,0,0,0,0,0,1,6,0,0,0,0,200,200
354835,1,25,2,1,0,1,10,5,0,0,0,0,0,1,200,0,200,200,200,200,200
354835,1,25,2,1,0,1,10,5,0,0,0,0,0,1,200,0,200,200,200,200,200
354835,1,25,2,1,0,1,10,5,0,0,0,0,0,1,200,0,200,200,200,200,200
354839,0,30,0,0,0,1,10,5,0,0,0,18,18,1,5,0,3,0,0,200,200
354839,0,30,0,0,0,1,10,5,0,0,0,18,18,0,200,200,0,0,0,200,200
354844,0,30,2,2,0,1,0,2,0,0,0,0,0,0,200,200,200,200,200,200,200
354844,0,30,2,2,0,1,0,2,0,0,0,0,0,1,6,0,0,0,0,200,200
354847,0,30,0,0,0,1,12,2,0,0,0,14,0,1,9,0,0,0,0,200,200
354847,0,30,0,0,0,1,12,2,0,0,0,14,0,0,200,200,2,200,200,200,200
354849,0,30,0,0,0,1,7,6,0,0,0,200,200,1,7,200,200,200,200,200,200
354852,0,25,0,0,0,1,9,12,0,0,0,0,200,0,6,200,12,200,0,200,200
354852,5,25,0,0,0,1,9,12,0,0,0,0,200,1,1,200,200,200,200,200,200
354853,0,30,1,2,0,1,12,5,0,0,0,0,0,1,200,200,200,200,200,200,200
354853,0,30,1,2,0,1,12,5,0,0,0,0,0,0,7,0,0,0,0,200,200
354855,0,30,0,0,0,1,2,3,0,0,0,12,200,1,8,200,200,200,0,200,200
354860,0,30,2,2,0,1,0,2,0,0,0,17,16,0,6,0,1,12,0,200,200
354860,0,30,2,2,0,1,0,2,0,0,0,17,16,0,6,0,0,12,0,200,200
354862,0,30,0,0,0,1,10,5,0,0,0,0,0,1,5,0,0,0,0,200,200
354862,0,30,0,0,0,1,10,5,0,0,0,0,0,1,7,0,0,0,0,200,200
354866,0,15,0,0,0,4,7,7,0,0,0,20,16,0,200,200,6,200,200,200,200
354883,0,35,0,0,0,1,10,2,0,0,0,18,200,1,6,0,3,0,0,200,200
354883,0,35,0,0,0,1,10,2,0,0,0,18,200,1,6,0,0,0,0,200,200
354885,0,30,0,0,0,1,12,2,0,0,0,11,11,0,6,0,4,200,200,200,200
354885,0,30,0,0,0,1,12,2,0,0,0,11,11,0,7,0,0,200,200,200,200
354885,1,30,0,0,0,1,12,2,0,0,0,11,11,0,6,0,200,200,200,200,200
354885,1,30,0,0,0,1,12,2,0,0,0,11,11,0,200,200,200,200,200,200,200
354891,0,30,1,2,0,1,12,5,0,0,0,0,0,2,200,200,200,200,200,200,200
354891,0,30,1,2,0,1,12,5,0,0,0,0,0,0,7,0,0,0,0,200,200
354895,0,30,0,0,0,1,10,5,0,0,0,0,0,0,6,0,6,0,0,200,200
354895,0,30,0,0,0,1,10,5,0,0,0,0,0,1,5,0,0,0,0,200,200
354896,0,30,0,0,0,1,12,5,0,0,0,22,200,1,5,200,4,0,0,200,200
354896,0,30,0,0,0,1,12,5,0,0,0,22,200,1,5,200,0,0,0,200,200
354903,0,30,200,200,0,1,12,5,0,200,200,12,200,1,7,200,200,200,0,200,200
354903,0,30,200,200,0,1,12,5,0,200,200,12,200,0,7,200,12,200,0,200,200
354914,0,30,1,2,0,1,12,5,0,0,0,11,200,2,200,200,12,200,200,200,200
354914,0,30,1,2,0,1,12,5,0,0,0,11,200,1,5,0,0,0,0,200,200
354916,0,30,0,0,0,1,14,5,0,0,0,0,0,0,0,2,200,0,0,200,200
354916,0,30,0,0,0,1,14,5,0,0,0,0,0,1,7,0,200,0,0,200,200
354920,0,10,200,200,0,1,14,7,0,0,200,0,0,0,200,200,1,200,200,200,200
354920,0,10,200,200,0,1,14,7,0,0,200,0,0,0,5,0,0,0,0,200,200
354920,1,10,200,200,0,1,14,7,0,0,200,0,0,1,7,0,200,200,200,200,200
354930,0,30,0,0,0,1,7,0,0,0,0,11,200,0,7,0,12,0,0,200,200
354931,0,30,1,2,0,1,12,6,0,0,0,0,200,0,200,0,4,0,0,200,200
354931,0,30,1,2,0,1,12,6,0,0,0,0,200,0,200,0,4,0,0,200,200
354935,0,30,200,200,200,200,10,5,0,200,200,0,200,0,6,200,200,200,200,200,200
354935,0,30,200,200,200,200,10,5,0,200,200,0,200,1,5,0,200,200,200,200,200
354947,0,30,0,0,0,1,10,2,0,0,0,18,200,0,6,0,3,0,0,200,200
354947,0,30,0,0,0,1,10,2,0,0,0,18,200,0,6,0,0,0,0,200,200
354947,1,30,0,0,0,1,10,2,0,0,0,18,200,1,6,0,200,200,200,200,200
354955,0,30,0,0,0,1,11,7,0,0,0,0,200,0,200,200,12,200,200,200,200
354955,0,30,0,0,0,1,11,7,0,0,0,0,200,1,6,0,0,0,0,200,200
354957,0,30,0,0,0,1,10,5,0,200,200,18,200,0,7,200,1,200,200,200,200
354957,0,30,0,0,0,1,10,5,0,200,200,18,200,1,6,200,200,0,0,200,200
354957,1,30,0,0,0,1,10,5,0,200,200,18,200,0,0,5,200,200,200,200,200
354957,1,30,0,0,0,1,10,5,0,200,200,18,200,1,200,200,200,200,200,200,200
354962,0,30,1,2,0,1,14,3,0,0,0,17,200,0,7,0,1,0,0,200,200
354962,0,30,1,2,0,1,14,3,0,0,0,17,200,0,6,0,0,0,0,200,200
354962,1,30,1,2,0,1,14,3,0,0,0,17,200,1,200,200,200,200,200,200,200
354964,4,30,1,2,0,1,8,1,0,0,0,6,0,1,4,3,5,0,0,200,200
354964,0,30,1,2,0,1,8,1,0,0,0,6,0,1,6,0,0,0,0,200,200
354965,0,30,0,0,0,1,11,7,0,0,0,0,0,0,7,200,200,200,200,200,200
354965,0,30,0,0,0,1,11,7,0,0,0,0,0,1,7,0,0,0,0,200,200
354967,0,10,0,0,0,1,14,7,2,0,0,16,17,1,6,0,1,0,0,200,200
354967,0,10,0,0,0,1,14,7,2,0,0,16,17,0,4,0,0,0,0,200,200
354971,0,30,0,0,0,1,9,2,0,0,0,0,200,0,9,0,12,0,0,200,200
354971,5,30,0,0,0,1,9,2,0,0,0,0,200,0,5,7,0,0,0,200,200
354976,0,30,1,2,0,1,14,6,0,0,0,17,0,0,200,0,1,0,0,200,200
354976,0,30,1,2,0,1,14,6,0,0,0,17,0,0,200,0,0,0,0,200,200
354980,0,30,0,0,0,1,12,5,0,200,200,17,17,0,5,200,1,200,200,200,200
354980,0,30,0,0,0,1,12,5,0,200,200,17,17,0,7,0,200,200,200,200,200
354983,0,30,1,200,0,0,14,5,0,0,200,23,0,0,8,200,200,200,200,200,200
354983,0,30,1,200,0,0,14,5,0,0,200,23,0,0,6,0,0,0,0,200,200
354986,0,30,1,2,0,1,14,5,0,0,0,200,200,1,7,0,200,0,0,200,200
354986,0,30,1,2,0,1,14,5,0,0,0,200,200,0,7,0,0,0,0,200,200
354992,0,30,0,0,0,1,3,5,0,0,200,0,0,0,200,200,200,200,200,200,200
354992,0,30,0,0,0,1,3,5,0,0,200,0,0,1,6,0,200,200,0,200,200
354997,0,30,1,2,0,1,10,5,0,0,0,18,16,0,8,200,3,200,0,200,200
354997,0,30,1,2,0,1,10,5,0,0,0,18,16,0,5,0,0,0,0,200,200
354997,0,30,1,2,0,1,10,5,0,0,0,18,16,0,200,200,0,200,200,200,200
354998,0,30,1,2,0,1,10,3,0,0,0,18,0,0,6,0,3,0,0,200,200
354998,0,30,1,2,0,1,10,3,0,0,0,18,0,1,6,0,12,0,0,200,200
355001,4,0,1,2,0,1,8,2,0,0,0,0,0,2,200,200,200,200,200,200,200
355001,0,0,1,2,0,1,8,2,0,0,0,0,0,0,9,200,200,0,0,200,200
355003,0,30,1,2,0,1,8,5,0,0,0,0,0,0,7,200,12,0,0,200,200
355003,4,30,1,2,0,1,8,5,0,0,0,0,0,0,6,3,0,0,0,200,200
355003,1,30,1,2,0,1,8,5,0,0,0,0,0,1,200,200,200,200,200,200,200
355006,0,30,0,3,0,1,7,6,0,0,200,25,35,2,200,200,200,200,200,200,200
355007,0,25,0,0,0,1,12,5,0,0,0,20,200,1,5,0,6,0,0,200,200
355007,0,25,0,0,0,1,12,5,0,0,0,20,200,1,5,0,12,0,0,200,200
355008,0,35,1,2,0,1,0,6,0,0,0,3,200,0,5,200,5,200,200,200,200
355008,0,35,1,2,0,1,0,6,0,0,0,3,200,0,6,0,0,0,0,200,200
355008,1,35,1,2,0,1,0,6,0,0,0,3,200,0,1,5,200,200,200,200,200
355008,1,35,1,2,0,1,0,6,0,0,0,3,200,1,1,5,200,200,200,200,200
355010,0,30,200,200,200,1,2,5,0,200,200,0,200,1,8,0,0,200,200,200,200
355022,0,30,0,0,0,1,10,5,0,0,0,0,0,0,6,0,0,0,0,200,200
355022,0,30,0,0,0,1,10,5,0,0,0,0,0,0,200,200,200,200,200,200,200
355027,0,30,1,2,0,1,12,5,0,0,0,22,200,0,4,200,4,0,0,200,200
355027,0,30,1,2,0,1,12,5,0,0,0,22,200,0,6,200,0,0,0,200,200
355027,1,30,1,2,0,1,12,5,0,0,0,22,200,0,200,200,200,200,200,200,200
355028,0,30,1,2,0,1,10,5,0,0,0,0,200,0,200,0,1,0,0,200,200
355028,0,30,1,2,0,1,10,5,0,0,0,0,200,1,8,0,0,0,0,200,200
355033,0,30,1,2,0,1,14,12,0,0,0,0,0,0,200,200,200,200,200,200,200
355033,0,30,1,2,0,1,14,12,0,0,0,0,0,0,200,0,200,0,0,200,200
355039,0,20,1,2,0,1,7,5,0,0,0,22,200,0,200,200,4,200,200,200,200
355046,0,30,1,2,0,1,10,2,0,0,0,0,0,0,6,200,200,200,200,200,200
355046,0,30,1,2,0,1,10,2,0,0,0,0,0,1,6,200,0,200,0,200,200
355047,0,30,0,0,0,1,12,5,0,0,200,17,200,0,200,200,1,200,200,200,200
355047,0,30,0,0,0,1,12,5,0,0,200,17,200,1,7,0,0,200,0,200,200
355050,0,30,0,0,0,1,0,5,0,0,0,0,0,1,4,0,200,0,0,200,200
355050,0,30,0,0,0,1,0,5,0,0,0,0,0,0,5,0,0,0,0,200,200
355052,0,30,2,12,0,1,0,6,2,0,0,17,17,1,7,200,1,200,0,200,200
355052,0,30,2,12,0,1,0,6,2,0,0,17,17,1,6,200,0,200,0,200,200
355052,1,30,2,12,0,1,0,6,2,0,0,17,17,0,200,200,200,200,200,200,200
355052,1,30,2,12,0,1,0,6,2,0,0,17,17,1,200,200,200,200,200,200,200
355055,0,20,0,0,0,1,8,12,0,0,0,0,0,0,5,0,0,0,0,200,200
355055,4,20,0,0,0,1,8,12,0,0,0,0,0,0,5,2,0,0,0,200,200
355058,0,30,3,0,0,1,12,12,0,0,0,22,23,0,5,200,4,12,12,200,200
355058,0,30,3,0,0,1,12,12,0,0,0,22,23,1,6,200,12,0,0,200,200
355068,0,30,12,0,0,1,5,7,3,0,2,200,200,1,6,0,0,200,0,200,200
355070,0,30,2,0,0,1,12,6,0,0,0,0,200,1,5,200,200,200,0,200,200
355070,0,30,2,0,0,1,12,6,0,0,0,0,200,0,7,0,200,0,0,200,200
355070,1,30,2,0,0,1,12,6,0,0,0,0,200,0,200,5,200,200,200,200,200
355075,0,30,200,200,200,200,7,7,0,0,200,0,200,0,5,200,200,200,200,200,200
355075,1,30,200,200,200,200,7,7,0,0,200,0,200,0,7,200,200,200,200,200,200
355077,0,30,0,0,0,1,14,5,0,0,0,0,200,1,6,200,200,200,200,200,200
355077,0,30,0,0,0,1,14,5,0,0,0,0,200,0,8,0,0,0,0,200,200
355077,1,30,0,0,0,1,14,5,0,0,0,0,200,1,8,0,200,200,200,200,200
355083,0,35,2,2,0,1,0,3,0,0,0,17,200,0,5,200,1,0,0,200,200
355083,0,35,2,2,0,1,0,3,0,0,0,17,200,0,5,200,0,0,0,200,200
355084,0,30,1,2,0,1,10,2,0,200,200,0,200,0,200,200,1,200,200,200,200
355084,0,30,1,2,0,1,10,2,0,200,200,0,200,1,6,0,0,0,0,200,200
355086,0,30,200,200,200,200,0,5,0,200,200,0,0,2,200,200,200,200,200,200,200
355086,0,30,200,200,200,200,0,5,0,200,200,0,0,0,6,200,200,200,0,200,200
355087,0,30,0,0,200,1,7,5,0,200,200,17,200,2,200,200,1,200,200,200,200
355089,0,30,0,0,0,1,10,3,0,0,0,18,200,0,5,200,3,200,200,200,200
355089,0,30,0,0,0,1,10,3,0,0,0,18,200,0,6,0,0,0,0,200,200
355092,0,10,0,0,0,1,7,7,0,200,200,0,200,2,200,200,200,200,200,200,200
355094,0,30,1,200,0,1,10,3,0,0,200,0,0,0,5,200,200,200,200,200,200
355094,0,30,1,200,0,1,10,3,0,0,200,0,0,0,6,200,12,200,0,200,200
355095,0,25,0,0,0,1,14,5,0,0,0,21,200,1,5,200,12,200,200,200,200
355095,0,25,0,0,0,1,14,5,0,0,0,21,200,0,6,200,12,200,0,200,200
355098,0,30,0,0,0,1,12,5,0,0,0,0,0,2,200,200,200,200,200,200,200
355098,0,30,0,0,0,1,12,5,0,0,0,0,0,1,6,0,0,0,0,200,200
355098,1,30,0,0,0,1,12,5,0,0,0,0,0,0,5,0,200,200,200,200,200
355102,0,30,0,0,0,1,2,5,0,0,200,25,200,1,7,200,0,200,12,200,200
355103,0,30,200,200,200,200,7,200,0,200,200,0,200,2,200,200,200,200,200,200,200
355105,0,30,1,2,0,1,14,2,2,0,0,17,16,1,6,0,1,1,200,200,200
355105,0,30,1,2,0,1,14,2,2,0,0,17,16,1,4,0,0,0,0,200,200
355106,0,30,0,0,0,1,11,7,0,0,0,0,0,0,200,200,12,200,200,200,200
355106,0,30,0,0,0,1,11,7,0,0,0,0,0,0,200,200,0,0,0,200,200
355108,4,30,1,2,0,1,8,5,0,0,0,16,0,0,3,7,200,0,0,200,200
355108,0,30,1,2,0,1,8,5,0,0,0,16,0,1,6,0,12,2,0,200,200
355110,0,30,1,2,0,1,10,5,0,200,200,18,18,0,5,0,3,200,0,200,200
355110,0,30,1,2,0,1,10,5,0,200,200,18,18,1,6,200,12,200,200,200,200
355112,0,30,0,0,0,1,7,5,0,0,0,0,0,2,200,200,200,200,200,200,200
355113,0,30,0,0,0,1,10,12,0,0,200,20,0,0,200,200,6,200,200,200,200
355113,0,30,0,0,0,1,10,12,0,0,200,20,0,1,7,0,0,0,0,200,200
355115,0,30,0,0,0,1,7,5,0,0,0,20,200,1,7,200,6,200,0,200,200
355117,0,30,0,0,0,1,14,5,0,0,0,17,23,1,5,0,1,0,0,200,200
355117,0,30,0,0,0,1,14,5,0,0,0,17,23,0,6,0,0,0,0,200,200
355118,0,30,0,0,0,1,7,6,0,0,0,0,200,0,6,0,200,0,0,200,200
355122,0,30,0,0,0,1,14,2,0,0,200,0,200,0,9,0,200,200,200,200,200
355122,0,30,0,0,0,1,14,2,0,0,200,0,200,1,5,0,200,200,200,200,200
355123,0,30,0,0,0,1,10,5,0,0,0,18,0,1,5,200,3,200,0,200,200
355123,0,30,0,0,0,1,10,5,0,0,0,18,0,0,9,200,0,200,0,200,200
355123,0,30,0,0,0,1,10,5,0,0,0,18,0,1,7,200,0,200,0,200,200
355123,0,30,0,0,0,1,10,5,0,0,0,18,0,0,6,200,0,200,0,200,200
355123,1,30,0,0,0,1,10,5,0,0,0,18,0,0,8,200,200,200,200,200,200
355127,0,30,0,0,0,1,7,6,0,0,0,200,14,0,6,200,13,200,200,200,200
355129,0,0,0,0,0,1,12,200,0,200,200,0,200,0,6,200,200,200,200,200,200
355129,0,0,0,0,0,1,12,200,0,200,200,0,200,0,6,0,200,200,0,200,200
355132,0,30,1,2,0,1,10,2,0,0,0,18,200,1,4,0,3,0,4,200,200
355132,0,30,1,2,0,1,10,2,0,0,0,18,200,1,7,0,0,0,0,200,200
355132,1,30,1,2,0,1,10,2,0,0,0,18,200,1,5,0,200,200,200,200,200
355132,1,30,1,2,0,1,10,2,0,0,0,18,200,1,2,0,200,200,200,200,200
355132,1,30,1,2,0,1,10,2,0,0,0,18,200,0,0,5,200,200,200,200,200
355137,0,10,0,0,0,1,7,7,0,0,0,0,200,0,9,0,12,0,4,200,200
355143,0,30,0,0,0,1,7,5,0,0,0,200,200,2,200,200,200,200,200,200,200
355144,0,30,0,0,0,1,12,6,0,0,0,17,200,0,200,0,1,0,0,200,200
355144,0,30,0,0,0,1,12,6,0,0,0,17,200,0,200,0,0,0,0,200,200
355147,0,30,1,200,0,1,12,2,0,0,0,16,200,2,200,200,200,200,200,200,200
355147,0,30,1,200,0,1,12,2,0,0,0,16,200,0,6,200,0,200,200,200,200
355149,0,35,0,0,0,1,14,5,0,0,0,23,22,0,6,0,7,0,0,200,200
355149,0,35,0,0,0,1,14,5,0,0,0,23,22,0,5,0,0,0,0,200,200
355155,0,25,0,0,0,1,2,2,0,0,0,33,0,0,200,200,10,200,200,200,200
355165,0,30,2,2,0,1,14,2,0,0,200,17,0,0,200,200,1,200,200,200,200
355165,0,30,2,2,0,1,14,2,0,0,200,17,0,0,5,0,0,200,0,200,200
355165,1,30,2,2,0,1,14,2,0,0,200,17,0,1,200,200,200,200,200,200,200
355165,1,30,2,2,0,1,14,2,0,0,200,17,0,0,200,200,200,200,200,200,200
355166,0,30,0,0,0,1,12,6,0,0,0,21,200,0,5,200,4,0,0,200,200
355166,0,30,0,0,0,1,12,6,0,0,0,21,200,0,7,200,0,0,0,200,200
355173,0,30,2,2,0,1,14,5,0,0,0,0,0,1,200,200,200,200,200,200,200
355173,0,30,2,2,0,1,14,5,0,0,0,0,0,0,6,0,0,0,0,200,200
355177,0,30,0,0,0,1,9,2,0,0,0,17,200,1,6,0,0,0,0,200,200
355177,5,30,0,0,0,1,9,2,0,0,0,17,200,1,8,7,12,0,0,200,200
355177,1,30,0,0,0,1,9,2,0,0,0,17,200,1,200,0,200,200,200,200,200
355177,1,30,0,0,0,1,9,2,0,0,0,17,200,0,6,0,200,200,200,200,200
355177,1,30,0,0,0,1,9,2,0,0,0,17,200,1,7,0,200,200,200,200,200
355179,0,30,0,0,0,1,7,5,0,0,0,0,0,2,200,200,200,200,200,200,200
355183,0,55,0,0,0,1,12,3,0,200,200,21,22,0,200,200,4,200,200,200,200
355183,0,55,0,0,0,1,12,3,0,200,200,21,22,1,5,0,200,200,200,200,200
355183,1,55,0,0,0,1,12,3,0,200,200,21,22,1,5,0,200,200,200,200,200
355185,0,30,2,2,0,1,0,5,0,0,0,33,200,0,6,0,12,12,0,200,200
355185,0,30,2,2,0,1,0,5,0,0,0,33,200,1,6,0,0,0,0,200,200
355185,1,30,2,2,0,1,0,5,0,0,0,33,200,1,4,0,200,200,200,200,200
355186,0,30,1,2,0,1,14,5,0,0,0,6,200,0,200,200,5,200,200,200,200
355186,0,30,1,2,0,1,14,5,0,0,0,6,200,0,6,200,0,0,0,200,200
355186,0,30,1,2,0,1,14,5,0,0,0,6,200,0,7,200,0,0,0,200,200
355186,0,30,1,2,0,1,14,5,0,0,0,6,200,1,6,200,0,200,0,200,200
355189,0,30,0,0,0,1,14,5,0,0,0,11,0,0,5,200,12,200,0,200,200
355189,0,30,0,0,0,1,14,5,0,0,0,11,0,0,6,3,12,200,7,200,200
355190,0,30,0,0,0,1,10,5,0,0,0,18,200,0,6,0,3,0,0,200,200
355190,0,30,0,0,0,1,10,5,0,0,0,18,200,0,7,0,0,0,0,200,200
355196,0,35,0,0,0,1,12,3,2,0,0,0,0,0,5,200,200,200,0,200,200
355196,0,35,0,0,0,1,12,3,2,0,0,0,0,0,6,200,200,200,0,200,200
355197,0,10,0,0,0,3,7,7,0,0,0,0,200,1,8,0,6,0,0,200,200
355199,0,30,0,0,0,1,7,5,0,0,0,0,0,1,200,200,200,200,200,200,200
355205,0,30,2,2,0,1,9,5,0,0,0,17,0,0,6,0,1,6,0,200,200
355205,5,30,2,2,0,1,9,5,0,0,0,17,0,1,4,7,12,200,200,200,200
355206,0,30,0,0,0,1,10,2,0,0,0,0,200,1,6,0,200,0,200,200,200
355206,0,30,0,0,0,1,10,2,0,0,0,0,200,0,200,200,200,0,200,200,200
355208,0,30,1,2,0,1,14,3,0,0,0,0,0,1,6,200,7,0,0,200,200
355208,0,30,1,2,0,1,14,3,0,0,0,0,0,0,7,200,0,0,0,200,200
355214,0,30,2,2,0,1,0,5,0,0,0,17,5,1,5,0,5,0,0,200,200
355214,0,30,2,2,0,1,0,5,0,0,0,17,5,1,6,0,0,0,0,200,200
355216,0,30,1,2,0,1,12,5,0,0,0,18,200,0,8,0,2,0,0,200,200
355216,0,30,1,2,0,1,12,5,0,0,0,18,200,0,6,0,0,0,0,200,200
355217,0,5,0,0,0,1,7,7,0,0,0,20,11,1,200,200,6,200,200,200,200
355217,1,5,0,0,0,1,7,7,0,0,0,20,11,0,8,0,200,200,200,200,200
355219,0,15,0,0,0,1,10,0,0,0,0,20,16,0,200,200,6,200,0,200,200
355219,0,15,0,0,0,1,10,0,0,0,0,20,16,1,7,0,0,0,0,200,200
355219,1,15,0,0,0,1,10,0,0,0,0,20,16,1,200,0,200,200,200,200,200
355222,0,5,0,0,0,1,7,7,0,0,0,0,200,2,200,200,200,200,200,200,200
355225,0,30,2,2,0,1,14,5,0,0,0,17,0,1,6,0,200,12,0,200,200
355225,0,30,2,2,0,1,14,5,0,0,0,17,0,0,7,0,12,200,0,200,200
355226,0,30,0,0,0,1,7,5,0,0,0,0,200,2,200,200,200,200,200,200,200
355230,0,30,1,2,0,1,0,5,0,0,200,17,200,0,200,200,1,200,200,200,200
355230,0,30,1,2,0,1,0,5,0,0,200,17,200,1,6,200,0,200,200,200,200
355232,0,25,0,0,0,1,7,5,0,0,0,200,200,0,200,200,0,200,200,200,200
355233,0,30,0,0,0,1,10,5,0,0,0,18,200,0,200,0,3,0,0,200,200
355233,0,30,0,0,0,1,10,5,0,0,0,18,200,1,7,0,0,0,0,200,200
355236,0,30,2,2,0,1,8,5,0,0,0,5,11,1,6,200,5,200,0,200,200
355236,4,30,2,2,0,1,8,5,0,0,0,5,11,0,5,2,0,200,0,200,200
355236,1,30,2,2,0,1,8,5,0,0,0,5,11,0,200,5,200,200,200,200,200
355251,0,30,1,2,0,1,14,2,0,0,0,17,11,0,6,0,0,0,0,200,200
355251,0,30,1,2,0,1,14,2,0,0,0,17,11,1,5,0,1,0,7,200,200
355252,0,30,0,0,0,1,7,5,0,0,0,32,16,0,6,200,200,0,6,0,200
355253,0,30,0,0,0,1,14,2,0,0,0,23,0,0,5,0,7,0,0,200,200
355253,0,30,0,0,0,1,14,2,0,0,0,23,0,0,6,0,0,0,0,200,200
355253,1,30,0,0,0,1,14,2,0,0,0,23,0,1,4,0,200,200,200,200,200
355260,0,30,0,0,0,1,9,7,0,0,0,20,200,1,200,200,6,200,200,200,200
355260,5,30,0,0,0,1,9,7,0,0,0,20,200,0,7,7,0,0,0,200,200
355264,0,35,1,2,0,1,14,2,0,0,0,17,200,0,5,0,0,0,0,200,200
355264,0,35,1,2,0,1,14,2,0,0,0,17,200,0,6,7,0,0,0,200,200
355267,0,30,0,0,0,1,7,5,0,0,0,0,200,2,200,200,200,200,200,200,200
355271,0,30,2,2,0,1,0,2,4,0,0,17,200,1,7,200,1,0,0,200,200
355271,0,30,2,2,0,1,0,2,4,0,0,17,200,1,6,200,200,200,0,200,200
355272,0,30,1,2,0,1,10,5,0,0,0,0,0,0,5,200,12,0,0,200,200
355272,0,30,1,2,0,1,10,5,0,0,0,0,0,0,5,0,0,0,0,200,200
355273,0,30,0,0,0,1,14,5,0,0,0,23,17,1,5,0,7,0,0,200,200
355273,0,30,0,0,0,1,14,5,0,0,0,23,17,1,6,0,0,0,0,200,200
355275,0,30,200,200,0,1,7,6,0,0,200,25,25,2,200,200,200,200,200,200,200
355276,0,45,1,2,0,1,14,2,0,0,0,0,200,0,200,200,6,0,200,200,200
355276,0,45,1,2,0,1,14,2,0,0,0,0,200,1,7,0,200,0,200,200,200
355278,0,30,0,0,0,1,7,5,0,0,0,200,200,2,200,200,200,200,200,200,200
355279,0,10,12,0,0,1,7,0,0,0,0,200,200,0,200,200,200,200,200,200,200
355280,0,30,1,2,0,1,10,5,0,0,0,0,0,1,200,200,200,200,200,200,200
355280,0,30,1,2,0,1,10,5,0,0,0,0,0,1,7,0,0,0,0,200,200
355282,0,30,0,0,0,1,14,5,0,0,0,22,200,0,200,200,0,200,200,200,200
355282,0,30,0,0,0,1,14,5,0,0,0,22,200,1,5,0,0,0,0,200,200
355282,1,30,0,0,0,1,14,5,0,0,0,22,200,0,200,0,200,200,200,200,200
355285,0,30,0,0,0,1,7,6,0,0,0,0,200,0,200,200,200,200,200,200,200
355286,0,30,1,2,0,1,14,5,0,0,200,0,0,0,8,0,200,0,0,200,200
355286,0,30,1,2,0,1,14,5,0,0,200,0,0,0,5,0,200,0,0,200,200
355286,1,30,1,2,0,1,14,5,0,0,200,0,0,200,200,0,200,200,200,200,200
355286,1,30,1,2,0,1,14,5,0,0,200,0,0,1,4,200,200,200,200,200,200
355289,0,30,0,0,0,1,12,5,0,0,0,200,200,1,6,200,12,0,0,200,200
355289,0,30,0,0,0,1,12,5,0,0,0,200,200,0,6,200,12,0,0,200,200
355291,0,30,1,2,0,1,10,6,0,0,200,18,200,0,6,200,3,200,200,200,200
355291,0,30,1,2,0,1,10,6,0,0,200,18,200,1,6,200,0,200,200,200,200
355295,0,30,1,2,0,3,10,5,0,0,0,18,200,2,200,200,3,200,200,200,200