RD_NO,PERSON_TYPE,POSTED_SPEED_LIMIT,TRAFFIC_CONTROL_DEVICE,DEVICE_CONDITION,WEATHER_CONDITION,LIGHTING_CONDITION,FIRST_CRASH_TYPE,TRAFFICWAY_TYPE,ALIGNMENT,ROADWAY_SURFACE_COND,ROAD_DEFECT,PRIM_CONTRIBUTORY_CAUSE,SEC_CONTRIBUTORY_CAUSE,SEX,AGE,SAFETY_EQUIPMENT,DRIVER_ACTION,DRIVER_VISION,PHYSICAL_CONDITION,BAC_RESULT VALUE,CELL_PHONE_USE
355295,0,30,1,2,0,3,10,5,0,0,0,18,200,0,6,0,0,0,0,200,200
355299,0,30,0,0,0,1,12,5,0,0,200,0,0,0,7,200,200,200,200,200,200
355304,0,30,0,0,0,1,7,7,0,0,0,21,21,0,5,200,200,0,0,200,200
355305,0,30,0,0,0,1,10,5,0,0,0,18,200,0,4,200,3,0,0,200,200
355305,0,30,0,0,0,1,10,5,0,0,0,18,200,1,6,200,0,0,0,200,200
355311,0,30,1,2,0,1,14,5,0,0,0,0,0,0,5,200,200,200,200,200,200
355311,0,30,1,2,0,1,14,5,0,0,0,0,0,1,5,200,200,200,200,200,200
355313,0,15,0,0,0,1,7,7,0,0,0,0,0,1,200,200,200,200,200,200,200
355313,1,15,0,0,0,1,7,7,0,0,0,0,0,0,200,200,200,200,200,200,200
355313,1,15,0,0,0,1,7,7,0,0,0,0,0,0,200,200,200,200,200,200,200
355313,1,15,0,0,0,1,7,7,0,0,0,0,0,2,200,200,200,200,200,200,200
355313,1,15,0,0,0,1,7,7,0,0,0,0,0,0,200,0,200,200,200,200,200
355317,0,30,0,0,0,1,12,2,0,0,0,22,21,0,6,0,4,0,0,200,200
355317,0,30,0,0,0,1,12,2,0,0,0,22,21,1,8,0,0,0,0,200,200
355321,0,30,2,2,0,1,10,5,0,0,0,16,18,1,5,0,200,0,0,200,200
355321,0,30,2,2,0,1,10,5,0,0,0,16,18,0,5,0,0,0,0,200,200
355321,0,30,2,2,0,1,10,5,0,0,0,16,18,0,6,0,0,0,0,200,200
355321,1,30,2,2,0,1,10,5,0,0,0,16,18,1,5,0,200,200,200,200,200
355321,1,30,2,2,0,1,10,5,0,0,0,16,18,1,6,0,200,200,200,200,200
355321,1,30,2,2,0,1,10,5,0,0,0,16,18,0,3,0,200,200,200,200,200
355321,1,30,2,2,0,1,10,5,0,0,0,16,18,0,4,0,200,200,200,200,200
355326,0,30,1,2,0,1,10,5,0,0,0,16,18,0,6,200,3,0,200,200,200
355326,0,30,1,2,0,1,10,5,0,0,0,16,18,0,6,200,0,0,200,200,200
355328,0,0,0,0,200,200,7,2,0,200,200,0,200,2,200,200,200,200,200,200,200
355329,0,30,0,0,0,1,3,2,0,0,0,10,200,0,6,0,9,0,7,200,200
355329,0,30,0,0,0,1,3,2,0,0,0,10,200,1,6,200,12,200,7,200,200
355329,1,30,0,0,0,1,3,2,0,0,0,10,200,0,6,0,200,200,200,200,200
355330,0,30,1,2,0,1,10,3,0,0,0,8,11,0,4,0,12,0,0,200,200
355330,0,30,1,2,0,1,10,3,0,0,0,8,11,1,6,0,0,0,0,200,200
355330,0,30,1,2,0,1,10,3,0,0,0,8,11,0,6,0,0,0,0,200,200
355336,0,30,0,0,0,1,3,0,0,0,0,17,16,0,6,0,1,0,0,200,200
355336,0,30,0,0,0,1,3,0,0,0,0,17,16,0,6,0,1,0,0,200,200
355336,1,30,0,0,0,1,3,0,0,0,0,17,16,200,200,0,200,200,200,200,200
355336,1,30,0,0,0,1,3,0,0,0,0,17,16,0,2,5,200,200,200,200,200
355336,1,30,0,0,0,1,3,0,0,0,0,17,16,200,200,5,200,200,200,200,200
355346,0,15,0,0,0,1,0,7,0,0,0,0,200,1,6,0,6,0,0,200,200
355346,0,15,0,0,0,1,0,7,0,0,0,0,200,0,200,200,0,200,200,200,200
355349,0,25,0,0,0,1,7,5,0,0,0,0,0,0,200,200,12,200,200,200,200
355351,0,30,2,200,0,1,14,5,0,0,200,0,0,1,5,200,7,200,200,200,200
355351,0,30,2,200,0,1,14,5,0,0,200,0,0,0,5,200,12,200,0,200,200
355353,0,30,0,0,0,1,12,6,0,0,0,21,17,1,6,0,4,0,0,200,200
355353,0,30,0,0,0,1,12,6,0,0,0,21,17,0,5,0,0,0,0,200,200
355355,0,30,0,0,0,3,12,2,0,0,0,0,0,0,200,0,200,0,0,200,200
355355,0,30,0,0,0,3,12,2,0,0,0,0,0,0,200,200,200,200,200,200,200
355357,0,30,0,0,0,1,7,0,0,0,0,0,0,0,6,200,200,200,200,200,200
355362,0,30,2,2,0,1,14,2,0,0,200,200,200,1,5,0,200,200,0,200,200
355362,0,30,2,2,0,1,14,2,0,0,200,200,200,0,7,200,200,200,200,200,200
355362,1,30,2,2,0,1,14,2,0,0,200,200,200,1,5,0,200,200,200,200,200
355365,0,30,0,0,0,1,7,5,0,0,0,22,22,1,200,200,0,200,200,200,200
355370,0,30,1,2,0,1,12,5,0,0,0,17,200,0,7,0,1,0,0,200,200
355370,0,30,1,2,0,1,12,5,0,0,0,17,200,0,6,0,0,0,0,200,200
355379,0,30,1,2,0,1,10,5,0,0,0,0,0,1,3,0,1,0,0,200,200
355379,0,30,1,2,0,1,10,5,0,0,0,0,0,0,8,0,0,0,0,200,200
355379,1,30,1,2,0,1,10,5,0,0,0,0,0,0,6,0,200,200,200,200,200
355379,1,30,1,2,0,1,10,5,0,0,0,0,0,1,2,0,200,200,200,200,200
355379,1,30,1,2,0,1,10,5,0,0,0,0,0,1,2,0,200,200,200,200,200
355385,0,30,0,0,0,1,12,5,0,0,0,22,14,0,200,200,4,200,200,200,200
355385,0,30,0,0,0,1,12,5,0,0,0,22,14,0,5,0,0,0,0,200,200
355387,0,30,1,2,0,1,14,3,2,0,0,0,0,2,200,200,200,200,200,200,200
355387,0,30,1,2,0,1,14,3,2,0,0,0,0,0,7,200,200,200,0,200,200
355388,0,30,1,2,0,1,10,5,0,0,0,18,200,0,6,200,3,0,0,200,200
355388,0,30,1,2,0,1,10,5,0,0,0,18,200,0,6,200,0,0,0,200,200
355388,0,30,1,2,0,1,10,5,0,0,0,18,200,2,200,200,0,200,200,200,200
355388,1,30,1,2,0,1,10,5,0,0,0,18,200,1,200,200,200,200,200,200,200
355388,1,30,1,2,0,1,10,5,0,0,0,18,200,0,200,200,200,200,200,200,200
355388,1,30,1,2,0,1,10,5,0,0,0,18,200,2,200,200,200,200,200,200,200
355390,0,30,200,200,0,1,10,3,0,0,200,0,0,1,4,200,200,200,200,200,200
355390,0,30,200,200,0,1,10,3,0,0,200,0,0,0,7,0,200,200,200,200,200
355392,0,35,1,2,0,1,12,2,0,0,0,17,200,0,5,0,4,1,0,200,200
355392,0,35,1,2,0,1,12,2,0,0,0,17,200,0,6,0,0,0,0,200,200
355395,0,20,0,0,2,1,0,2,0,0,0,0,0,0,6,200,12,200,0,200,200
355395,0,20,0,0,2,1,0,2,0,0,0,0,0,1,6,200,12,200,200,200,200
355398,0,30,1,2,0,1,9,5,0,0,0,22,17,0,200,200,2,200,200,200,200
355398,5,30,1,2,0,1,9,5,0,0,0,22,17,0,4,200,200,200,200,200,200
355399,0,25,0,0,0,1,10,2,0,0,0,18,16,2,200,200,3,200,200,200,200
355399,0,25,0,0,0,1,10,2,0,0,0,18,16,1,6,200,3,200,200,200,200
355399,0,25,0,0,0,1,10,2,0,0,0,18,16,1,7,200,3,200,0,200,200
355399,0,25,0,0,0,1,10,2,0,0,0,18,16,1,6,0,0,0,0,200,200
355401,0,30,0,0,0,2,10,5,0,0,0,200,200,0,200,200,0,200,200,200,200
355401,0,30,0,0,0,2,10,5,0,0,0,200,200,1,6,7,0,0,0,200,200
355401,1,30,0,0,0,2,10,5,0,0,0,200,200,1,200,200,200,200,200,200,200
355401,1,30,0,0,0,2,10,5,0,0,0,200,200,2,200,200,200,200,200,200,200
355408,0,30,0,0,0,1,12,5,0,0,0,22,200,1,5,200,2,0,0,200,200
355408,0,30,0,0,0,1,12,5,0,0,0,22,200,1,7,200,0,0,0,200,200
355408,1,30,0,0,0,1,12,5,0,0,0,22,200,200,200,200,200,200,200,200,200
355408,1,30,0,0,0,1,12,5,0,0,0,22,200,200,200,200,200,200,200,200,200
355408,1,30,0,0,0,1,12,5,0,0,0,22,200,1,4,200,200,200,200,200,200
355410,0,30,1,2,0,1,10,200,0,0,200,0,200,0,5,200,3,200,200,200,200
355410,0,30,1,2,0,1,10,200,0,0,200,0,200,0,7,200,0,200,0,200,200
355411,0,30,0,0,0,1,10,5,0,0,0,0,0,1,7,200,200,200,200,200,200
355411,0,30,0,0,0,1,10,5,0,0,0,0,0,0,6,0,0,0,0,200,200
355413,0,30,1,2,0,1,10,2,0,0,0,18,200,1,6,0,1,0,0,200,200
355413,0,30,1,2,0,1,10,2,0,0,0,18,200,0,200,200,0,200,200,200,200
355415,0,30,0,0,0,1,12,5,0,0,0,18,0,0,200,200,3,200,200,200,200
355415,0,30,0,0,0,1,12,5,0,0,0,18,0,1,7,0,0,0,0,200,200
355416,0,30,0,0,0,1,12,5,0,0,0,0,200,0,6,0,2,0,0,200,200
355416,0,30,0,0,0,1,12,5,0,0,0,0,200,1,6,0,0,0,0,200,200
355419,0,30,0,0,0,1,7,6,0,0,0,200,200,2,200,200,200,200,200,200,200
355420,0,30,1,2,0,1,10,5,0,0,200,18,200,1,200,200,3,200,200,200,200
355420,0,30,1,2,0,1,10,5,0,0,200,18,200,1,7,0,0,0,0,200,200
355422,0,30,0,0,0,1,14,5,0,0,0,17,16,0,6,200,1,12,0,200,200
355422,0,30,0,0,0,1,14,5,0,0,0,17,16,0,9,200,1,0,0,200,200
355422,1,30,0,0,0,1,14,5,0,0,0,17,16,0,7,200,200,200,200,200,200
355423,0,25,0,0,0,1,7,6,0,0,0,8,11,1,200,200,12,200,200,200,200
355423,1,25,0,0,0,1,7,6,0,0,0,8,11,0,200,200,200,200,200,200,200
355426,0,30,0,0,0,1,7,5,0,0,200,0,0,2,200,200,200,200,200,200,200
355426,1,30,0,0,0,1,7,5,0,0,200,0,0,200,200,0,200,200,200,200,200
355431,0,30,0,0,0,1,7,5,0,0,0,23,11,2,200,200,12,200,200,200,200
355437,0,30,2,2,0,1,7,6,0,0,0,0,0,2,200,200,200,200,200,200,200
355458,0,30,1,2,0,4,12,2,0,0,0,16,0,0,6,0,8,0,0,200,200
355458,0,30,1,2,0,4,12,2,0,0,0,16,0,1,7,0,0,0,0,200,200
355459,0,35,0,0,0,1,12,2,0,0,0,22,200,0,0,200,2,200,200,200,200
355459,0,35,0,0,0,1,12,2,0,0,0,22,200,0,5,200,0,200,200,200,200
355459,1,35,0,0,0,1,12,2,0,0,0,22,200,1,4,200,200,200,200,200,200
355459,1,35,0,0,0,1,12,2,0,0,0,22,200,1,4,200,200,200,200,200,200
355459,1,35,0,0,0,1,12,2,0,0,0,22,200,1,200,200,200,200,200,200,200
355459,1,35,0,0,0,1,12,2,0,0,0,22,200,0,5,200,200,200,200,200,200
355459,1,35,0,0,0,1,12,2,0,0,0,22,200,0,5,200,200,200,200,200,200
355459,1,35,0,0,0,1,12,2,0,0,0,22,200,0,6,200,200,200,200,200,200
355463,0,30,0,0,0,1,12,2,0,0,200,200,200,0,7,0,200,200,0,200,200
355463,0,30,0,0,0,1,12,2,0,0,200,200,200,1,5,0,200,200,0,200,200
355463,1,30,0,0,0,1,12,2,0,0,200,200,200,0,0,5,200,200,200,200,200
355469,0,30,0,0,0,1,8,2,0,0,0,17,200,1,7,0,1,0,0,200,200
355469,4,30,0,0,0,1,8,2,0,0,0,17,200,1,5,7,0,0,0,200,200
355474,0,30,0,0,0,1,12,6,0,0,200,18,0,0,200,200,10,200,200,200,200
355474,0,30,0,0,0,1,12,6,0,0,200,18,0,1,7,0,12,0,0,200,200
355474,1,30,0,0,0,1,12,6,0,0,200,18,0,1,200,200,200,200,200,200,200
355475,0,30,1,2,0,1,0,2,0,0,0,3,200,1,5,0,200,0,0,200,200
355475,0,30,1,2,0,1,0,2,0,0,0,3,200,1,9,0,200,0,0,200,200
355478,0,30,1,2,0,1,9,5,0,0,0,17,200,2,200,200,1,200,200,200,200
355478,5,30,1,2,0,1,9,5,0,0,0,17,200,0,7,200,0,0,0,200,200
355483,0,30,1,2,0,1,10,5,0,0,0,18,0,0,7,0,3,0,0,200,200
355483,0,30,1,2,0,1,10,5,0,0,0,18,0,0,6,0,0,0,0,200,200
355483,1,30,1,2,0,1,10,5,0,0,0,18,0,1,6,0,200,200,200,200,200
355483,1,30,1,2,0,1,10,5,0,0,0,18,0,1,4,0,200,200,200,200,200
355483,1,30,1,2,0,1,10,5,0,0,0,18,0,1,3,0,200,200,200,200,200
355483,1,30,1,2,0,1,10,5,0,0,0,18,0,1,4,0,200,200,200,200,200
355483,1,30,1,2,0,1,10,5,0,0,0,18,0,0,2,0,200,200,200,200,200
355483,1,30,1,2,0,1,10,5,0,0,0,18,0,1,2,0,200,200,200,200,200
355489,0,30,0,0,0,1,7,5,0,200,200,0,200,2,200,200,200,200,200,200,200
355499,0,30,0,200,200,3,10,2,0,200,200,18,200,0,6,200,3,200,200,200,200
355499,0,30,0,200,200,3,10,2,0,200,200,18,200,1,5,200,0,200,200,200,200
355503,0,30,1,2,0,1,12,5,0,0,0,21,21,0,7,0,4,0,0,200,200
355503,0,30,1,2,0,1,12,5,0,0,0,21,21,0,8,0,0,0,0,200,200
355506,0,30,0,0,0,1,12,5,0,0,0,0,200,1,6,0,4,0,0,200,200
355506,0,30,0,0,0,1,12,5,0,0,0,0,200,1,6,0,0,0,0,200,200
355513,0,30,1,2,0,1,0,5,0,0,0,17,200,0,7,0,1,0,0,200,200
355513,0,30,1,2,0,1,0,5,0,0,0,17,200,0,5,0,0,0,0,200,200
355525,0,30,2,2,200,200,9,6,0,200,200,17,16,1,200,200,1,200,200,200,200
355525,5,30,2,2,200,200,9,6,0,200,200,17,16,1,5,7,0,200,200,200,200
355528,0,15,200,200,0,4,3,7,0,0,200,4,200,2,200,200,12,200,200,200,200
355528,0,15,200,200,0,4,3,7,0,0,200,4,200,1,6,200,0,200,200,200,200
355529,0,30,0,0,0,1,7,2,2,0,0,11,200,2,200,200,200,200,200,200,200
355535,0,30,2,0,0,1,0,5,0,0,0,200,200,0,200,200,200,200,200,200,200
355535,0,30,2,0,0,1,0,5,0,0,0,200,200,0,9,0,0,0,0,200,200
355537,0,30,200,200,200,200,7,5,0,200,200,0,0,0,200,200,200,200,200,200,200
355537,1,30,200,200,200,200,7,5,0,200,200,0,0,0,200,200,200,200,200,200,200
355537,1,30,200,200,200,200,7,5,0,200,200,0,0,0,200,200,200,200,200,200,200
355537,1,30,200,200,200,200,7,5,0,200,200,0,0,0,200,200,200,200,200,200,200
355538,0,30,1,2,4,1,10,5,0,0,0,0,200,1,200,200,200,200,200,200,200
355538,0,30,1,2,4,1,10,5,0,0,0,0,200,1,7,0,0,0,0,200,200
355547,0,30,0,0,0,1,7,6,0,0,0,0,200,0,8,200,200,200,200,200,200
355549,0,30,2,2,0,1,0,6,0,0,0,17,17,1,7,200,1,200,0,200,200
355549,0,30,2,2,0,1,0,6,0,0,0,17,17,0,9,200,12,200,0,200,200
355555,0,15,0,0,0,4,9,0,0,0,0,17,16,1,200,200,1,200,200,200,200
355555,5,15,0,0,0,4,9,0,0,0,0,17,16,0,6,7,0,0,0,200,200
355571,0,35,0,0,0,1,7,2,0,0,0,0,200,0,7,200,200,0,0,200,200
355576,0,30,0,0,0,4,2,6,0,0,0,27,200,0,5,200,12,200,7,200,200
355582,0,30,0,0,0,3,7,2,0,0,0,12,2,0,6,0,15,0,0,200,1
355587,0,15,0,0,0,1,7,0,0,0,0,0,25,2,200,200,6,200,200,200,200
355592,0,30,200,200,0,1,9,200,0,0,200,14,200,2,200,200,1,200,200,200,200
355592,5,30,200,200,0,1,9,200,0,0,200,14,200,1,6,200,200,200,0,200,200
355595,0,30,1,2,0,1,10,2,0,200,200,0,200,0,200,200,200,200,200,200,200
355595,0,30,1,2,0,1,10,2,0,200,200,0,200,0,6,200,0,200,0,200,200
355597,0,30,1,200,0,1,14,5,0,0,200,17,200,1,5,7,1,0,0,200,200
355597,0,30,1,200,0,1,14,5,0,0,200,17,200,1,5,200,0,0,0,200,200
355620,0,25,0,0,0,0,11,5,0,0,0,0,0,1,6,200,0,0,0,200,200
355620,0,25,0,0,0,0,11,5,0,0,0,0,0,0,8,200,0,0,200,200,200
355626,0,30,0,0,0,3,7,5,0,0,0,0,200,2,200,200,10,200,200,200,200
355627,0,30,0,0,0,3,12,3,0,0,0,0,0,1,6,200,200,200,200,200,200
355627,0,30,0,0,0,3,12,3,0,0,0,0,0,1,6,200,200,200,200,200,200
355627,1,30,0,0,0,3,12,3,0,0,0,0,0,1,3,200,200,200,200,200,200
355627,1,30,0,0,0,3,12,3,0,0,0,0,0,1,3,200,200,200,200,200,200
355627,1,30,0,0,0,3,12,3,0,0,0,0,0,1,6,200,200,200,200,200,200
355627,1,30,0,0,0,3,12,3,0,0,0,0,0,200,200,200,200,200,200,200,200
355640,5,30,2,12,0,3,9,12,0,0,0,0,200,1,8,7,12,12,12,200,200
355640,0,30,2,12,0,3,9,12,0,0,0,0,200,0,0,0,12,200,0,200,200
355649,0,30,0,0,0,3,12,3,0,0,200,21,0,0,200,200,4,200,200,200,200
355649,0,30,0,0,0,3,12,3,0,0,200,21,0,1,6,0,0,0,0,200,200
355651,0,30,1,2,0,4,10,1,0,0,0,32,18,0,7,200,3,0,5,200,200
355651,0,30,1,2,0,4,10,1,0,0,0,32,18,1,7,200,0,0,0,200,200
355657,0,30,2,2,0,3,14,2,0,0,0,17,16,0,6,200,1,0,0,200,200
355657,0,30,2,2,0,3,14,2,0,0,0,17,16,0,200,200,14,0,0,200,200
355657,1,30,2,2,0,3,14,2,0,0,0,17,16,0,6,200,200,200,200,200,200
355657,1,30,2,2,0,3,14,2,0,0,0,17,16,0,6,200,200,200,200,200,200
355657,1,30,2,2,0,3,14,2,0,0,0,17,16,0,200,200,200,200,200,200,200
355676,0,25,1,2,0,3,10,2,0,0,0,7,7,1,5,0,12,0,0,200,200
355676,0,25,1,2,0,3,10,2,0,0,0,7,7,1,5,1,0,0,0,200,200
355676,1,25,1,2,0,3,10,2,0,0,0,7,7,0,200,200,200,200,200,200,200
355681,0,30,0,0,0,3,7,3,0,0,0,27,19,1,5,0,12,0,12,200,200
355695,0,30,1,2,0,3,8,5,0,0,200,0,0,2,200,200,200,200,200,200,200
355695,4,30,1,2,0,3,8,5,0,0,200,0,0,0,3,200,200,200,0,200,200
355711,0,30,0,0,0,3,7,6,0,0,0,10,200,2,200,200,200,200,200,200,200
355718,0,30,1,2,0,3,14,6,0,0,0,23,17,0,6,200,200,200,0,200,200
355718,0,30,1,2,0,3,14,6,0,0,0,23,17,0,5,0,7,0,0,200,200
355729,0,30,0,0,0,3,10,2,0,0,0,18,0,1,6,0,3,0,0,200,200
355729,0,30,0,0,0,3,10,2,0,0,0,18,0,0,200,200,200,200,200,200,200
355729,0,30,0,0,0,3,10,2,0,0,0,18,0,2,200,200,200,200,200,200,200
355735,0,40,0,0,0,3,10,3,0,0,200,18,0,2,200,200,3,200,200,200,200
355735,0,40,0,0,0,3,10,3,0,0,200,18,0,1,5,200,12,200,200,200,200
355735,0,40,0,0,0,3,10,3,0,0,200,18,0,1,7,200,12,200,200,200,200
355739,0,35,1,2,0,3,14,5,0,0,0,23,200,0,7,200,4,200,200,200,200
355739,0,35,1,2,0,3,14,5,0,0,0,23,200,0,6,0,0,0,0,200,200
355743,0,30,1,2,0,1,7,5,0,0,0,27,11,1,200,200,6,200,200,200,200
355746,0,30,2,2,0,3,12,6,0,0,0,0,0,1,200,200,200,200,200,200,200
355746,0,30,2,2,0,3,12,6,0,0,0,0,0,0,5,0,0,0,0,200,200
355749,0,30,0,0,0,3,7,6,0,0,0,25,0,2,200,200,200,200,200,200,200
355760,0,30,0,0,0,3,14,5,0,0,0,17,0,0,6,0,0,0,0,200,200
355760,0,30,0,0,0,3,14,5,0,0,0,17,0,0,200,200,7,200,200,200,200
355760,1,30,0,0,0,3,14,5,0,0,0,17,0,1,200,200,200,200,200,200,200
355763,0,30,0,0,0,3,0,5,0,0,0,20,200,0,6,200,6,0,0,200,200
355763,0,30,0,0,0,3,0,5,0,0,0,20,200,1,5,200,0,0,0,200,200
355770,0,30,1,200,0,3,10,2,0,0,200,16,0,0,200,200,200,200,200,200,200
355770,0,30,1,200,0,3,10,2,0,0,200,16,0,0,7,200,0,200,0,200,200
355770,1,30,1,200,0,3,10,2,0,0,200,16,0,1,5,200,200,200,200,200,200
355770,1,30,1,200,0,3,10,2,0,0,200,16,0,0,6,200,200,200,200,200,200
355771,0,30,1,2,0,3,12,12,0,0,0,22,11,1,5,200,2,0,200,200,200
355771,0,30,1,2,0,3,12,12,0,0,0,22,11,0,6,200,0,0,0,200,200
355777,0,30,0,0,0,3,3,5,0,0,0,32,0,0,5,200,200,200,5,200,200
355777,0,30,0,0,0,3,3,5,0,0,0,32,0,1,4,200,10,200,0,200,200
355780,0,30,1,200,0,0,10,2,0,0,200,18,200,1,6,200,5,200,200,200,200
355780,0,30,1,200,0,0,10,2,0,0,200,18,200,0,6,200,0,200,200,200,200
355812,0,30,0,0,0,0,7,6,0,0,0,0,0,1,6,200,200,200,0,200,200
355812,1,30,0,0,0,0,7,6,0,0,0,0,0,1,6,200,200,200,200,200,200
355827,0,30,1,2,0,3,2,5,0,0,0,0,200,0,5,200,0,200,2,200,200
355828,0,30,0,0,0,3,0,5,0,0,0,0,0,2,200,200,200,200,200,200,200
355828,0,30,0,0,0,3,0,5,0,0,0,0,0,0,5,200,0,0,1,200,200
355832,0,30,1,2,0,3,10,5,0,0,0,18,0,0,7,200,3,200,0,200,200
355832,0,30,1,2,0,3,10,5,0,0,0,18,0,0,5,0,0,0,0,200,200
355842,0,30,0,0,0,3,7,6,0,0,0,16,0,1,6,200,12,0,0,200,200
355842,1,30,0,0,0,3,7,6,0,0,0,16,0,0,6,200,200,200,200,200,200
355843,0,30,2,2,0,3,7,5,0,0,0,7,200,0,6,0,200,200,0,200,200
355843,1,30,2,2,0,3,7,5,0,0,0,7,200,1,6,200,200,200,200,200,200
355848,0,30,0,0,0,3,2,3,0,0,0,0,0,0,6,200,13,0,200,200,200
355848,1,30,0,0,0,3,2,3,0,0,0,0,0,1,6,200,200,200,200,200,200
355855,0,30,2,2,0,3,0,2,0,0,0,0,0,0,6,0,200,0,0,200,200
355855,0,30,2,2,0,3,0,2,0,0,0,0,0,0,6,0,200,0,0,200,200
355855,1,30,2,2,0,3,0,2,0,0,0,0,0,1,6,0,200,200,200,200,200
355867,0,30,1,2,0,3,7,5,0,0,12,32,27,1,6,0,12,0,5,200,200
355881,0,30,0,0,0,3,7,6,0,0,0,200,200,2,200,200,2,200,200,200,200
355894,0,30,0,0,0,1,7,5,0,0,0,11,200,0,6,200,6,0,0,200,200
355901,0,25,1,0,0,3,10,5,0,0,0,16,15,0,200,200,1,200,200,200,200
355901,0,25,1,0,0,3,10,5,0,0,0,16,15,0,6,0,0,0,0,200,200
355920,0,30,2,2,0,1,10,5,0,0,0,16,200,0,5,0,1,0,0,200,200
355920,0,30,2,2,0,1,10,5,0,0,0,16,200,0,7,0,0,0,0,200,200
355921,0,35,1,2,0,1,14,5,2,0,0,17,17,1,6,0,1,0,0,200,200
355921,0,35,1,2,0,1,14,5,2,0,0,17,17,1,6,0,12,0,0,200,200
355921,1,35,1,2,0,1,14,5,2,0,0,17,17,1,2,0,200,200,200,200,200
355923,0,30,0,0,200,200,7,6,0,200,0,0,200,2,200,200,200,200,200,200,200
355925,0,30,0,0,0,1,10,3,0,0,0,8,200,1,7,0,12,0,0,200,200
355925,0,30,0,0,0,1,10,3,0,0,0,8,200,0,6,0,0,0,0,200,200
355926,0,15,10,2,0,3,7,2,0,0,0,0,0,0,200,200,200,200,200,200,200
355926,1,15,10,2,0,3,7,2,0,0,0,0,0,0,200,200,200,200,200,200,200
355928,0,30,1,2,0,1,12,5,0,0,0,21,23,0,6,0,7,1,0,200,200
355928,0,30,1,2,0,1,12,5,0,0,0,21,23,0,5,0,0,0,0,200,200
355929,0,30,1,2,0,1,12,2,0,0,0,22,0,0,200,200,2,200,200,200,200
355929,0,30,1,2,0,1,12,2,0,0,0,22,0,0,6,0,0,200,0,200,200
355932,0,35,1,0,0,1,10,2,0,0,0,18,18,0,6,0,0,0,0,200,200
355932,0,35,1,0,0,1,10,2,0,0,0,18,18,0,7,0,0,0,0,200,200
355937,0,30,1,2,0,1,12,6,0,0,0,17,17,1,8,0,1,0,0,200,200
355937,0,30,1,2,0,1,12,6,0,0,0,17,17,1,6,0,0,0,0,200,200
355938,0,30,1,2,200,4,10,5,0,200,0,6,200,0,200,200,6,200,0,200,200
355938,0,30,1,2,200,4,10,5,0,200,0,6,200,1,6,200,0,0,0,200,200
355940,0,30,0,0,0,1,7,5,0,0,0,20,20,1,8,200,6,200,0,200,200
355944,0,30,1,2,0,1,14,5,0,0,0,17,0,0,7,0,1,0,0,200,200
355944,0,30,1,2,0,1,14,5,0,0,0,17,0,0,5,0,0,0,0,200,200
355952,0,30,1,2,0,1,8,2,0,0,0,6,200,0,6,200,0,200,0,200,200
355952,4,30,1,2,0,1,8,2,0,0,0,6,200,0,4,2,5,200,0,200,200
355953,0,30,0,0,0,1,12,5,0,0,0,22,0,0,8,0,2,0,0,200,200
355953,0,30,0,0,0,1,12,5,0,0,0,22,0,1,200,200,12,200,200,200,200
355957,0,30,0,0,0,1,12,3,0,0,0,21,22,0,200,200,4,200,200,200,200
355957,0,30,0,0,0,1,12,3,0,0,0,21,22,1,5,0,0,0,0,200,200
355959,0,30,0,0,0,1,7,5,0,0,0,0,0,1,200,200,12,200,200,200,200
355960,0,20,0,0,0,1,7,0,0,0,3,12,0,0,7,200,12,200,0,200,200
355962,0,30,2,0,0,1,0,5,0,0,0,5,17,2,200,200,1,200,200,200,200
355962,0,30,2,0,0,1,0,5,0,0,0,5,17,1,6,0,0,0,0,200,200
355965,0,30,0,0,0,1,7,5,0,0,0,0,0,2,200,200,200,200,200,200,200
355972,0,30,2,2,0,1,0,2,0,0,0,17,200,1,5,0,1,0,0,200,200
355972,0,30,2,2,0,1,0,2,0,0,0,17,200,1,7,0,0,0,0,200,200
355973,0,30,0,0,200,1,12,6,0,0,0,22,11,1,6,200,4,200,0,200,200
355973,0,30,0,0,200,1,12,6,0,0,0,22,11,0,5,0,12,0,0,200,200
355977,0,30,0,0,0,1,11,5,0,0,0,20,200,0,7,7,6,0,0,200,200
355977,0,30,0,0,0,1,11,5,0,0,0,20,200,0,7,0,0,0,0,200,200
355978,0,30,10,2,0,1,7,2,0,0,0,3,200,0,5,0,12,0,0,200,200
355986,0,25,0,0,0,1,7,5,0,0,0,0,0,2,200,200,12,200,200,200,200
355987,0,30,0,0,0,1,14,2,0,0,0,18,17,0,8,0,3,0,0,200,200
355987,0,30,0,0,0,1,14,2,0,0,0,18,17,1,7,0,12,0,0,200,200
355987,0,30,0,0,0,1,14,2,0,0,0,18,17,1,200,7,0,0,0,200,200
355991,0,20,0,0,0,1,7,6,0,0,0,11,200,0,200,200,200,200,200,200,200