RD_NO,PERSON_TYPE,POSTED_SPEED_LIMIT,TRAFFIC_CONTROL_DEVICE,DEVICE_CONDITION,WEATHER_CONDITION,LIGHTING_CONDITION,FIRST_CRASH_TYPE,TRAFFICWAY_TYPE,ALIGNMENT,ROADWAY_SURFACE_COND,ROAD_DEFECT,PRIM_CONTRIBUTORY_CAUSE,SEC_CONTRIBUTORY_CAUSE,SEX,AGE,SAFETY_EQUIPMENT,DRIVER_ACTION,DRIVER_VISION,PHYSICAL_CONDITION,BAC_RESULT VALUE,CELL_PHONE_USE
355993,0,30,0,0,0,1,10,3,0,0,0,0,200,2,200,200,200,200,200,200,200
355993,0,30,0,0,0,1,10,3,0,0,0,0,200,2,200,200,200,200,200,200,200
355993,0,30,0,0,0,1,10,3,0,0,0,0,200,1,5,0,0,0,0,200,200
355993,0,30,0,0,0,1,10,3,0,0,0,0,200,0,5,0,0,0,0,200,200
355994,0,30,0,0,0,1,7,6,0,0,0,17,200,2,200,200,1,200,200,200,200
355998,0,30,0,0,0,1,14,2,0,0,0,22,22,1,6,3,2,0,0,200,200
355998,0,30,0,0,0,1,14,2,0,0,0,22,22,0,5,0,0,0,0,200,200
355998,1,30,0,0,0,1,14,2,0,0,0,22,22,1,5,0,200,200,200,200,200
355998,1,30,0,0,0,1,14,2,0,0,0,22,22,0,2,5,200,200,200,200,200
355998,1,30,0,0,0,1,14,2,0,0,0,22,22,0,1,5,200,200,200,200,200
355999,0,30,0,0,0,1,12,2,0,0,0,0,200,0,7,0,200,200,0,200,200
355999,0,30,0,0,0,1,12,2,0,0,0,0,200,0,5,0,200,200,0,200,200
356003,0,30,0,0,0,0,2,5,0,0,3,20,200,2,200,200,200,200,200,200,200
356003,3,30,0,0,0,0,2,5,0,0,3,20,200,0,200,200,200,200,200,200,200
356006,0,30,1,2,0,1,2,5,0,0,0,23,11,2,200,200,7,200,200,200,200
356007,0,35,0,0,0,1,10,2,0,0,200,18,200,0,7,0,3,200,0,200,200
356007,0,35,0,0,0,1,10,2,0,0,200,18,200,0,6,0,0,0,0,200,200
356007,1,35,0,0,0,1,10,2,0,0,200,18,200,0,200,0,200,200,200,200,200
356010,0,30,0,0,0,1,10,5,0,0,200,0,200,1,7,0,1,0,0,200,200
356010,0,30,0,0,0,1,10,5,0,0,200,0,200,0,8,0,0,0,0,200,200
356010,1,30,0,0,0,1,10,5,0,0,200,0,200,1,7,0,200,200,200,200,200
356011,0,30,11,2,0,1,2,5,0,0,0,0,0,0,6,2,200,0,0,200,200
356012,0,30,0,0,0,1,3,5,0,0,0,0,0,0,200,200,4,200,200,200,200
356012,0,30,0,0,0,1,3,5,0,0,0,0,0,0,7,200,200,0,0,200,200
356012,1,30,0,0,0,1,3,5,0,0,0,0,0,1,200,200,200,200,200,200,200
356020,0,35,1,2,0,1,14,3,0,0,0,16,0,0,4,200,8,0,200,200,200
356020,0,35,1,2,0,1,14,3,0,0,0,16,0,0,6,200,1,0,200,200,200
356023,1,30,0,1,0,1,10,2,0,0,0,18,0,1,200,0,200,200,200,200,200
356023,0,30,0,1,0,1,10,2,0,0,0,18,0,0,200,200,3,200,200,200,200
356023,0,30,0,1,0,1,10,2,0,0,0,18,0,0,6,0,0,200,0,200,200
356025,0,0,1,2,0,1,10,5,0,0,0,0,0,0,6,0,200,0,0,200,200
356025,0,0,1,2,0,1,10,5,0,0,0,0,0,0,6,0,0,0,0,200,200
356025,1,0,1,2,0,1,10,5,0,0,0,0,0,0,0,5,200,200,200,200,200
356034,0,30,1,2,0,1,12,2,0,0,12,21,200,1,6,200,200,200,0,200,200
356034,0,30,1,2,0,1,12,2,0,0,12,21,200,0,6,200,200,200,0,200,200
356034,1,30,1,2,0,1,12,2,0,0,12,21,200,0,2,200,200,200,200,200,200
356034,1,30,1,2,0,1,12,2,0,0,12,21,200,1,1,5,200,200,200,200,200
356035,0,30,0,0,0,1,14,5,0,0,200,0,0,0,5,200,200,0,0,200,200
356035,0,30,0,0,0,1,14,5,0,0,200,0,0,1,6,0,0,0,0,200,200
356035,1,30,0,0,0,1,14,5,0,0,200,0,0,1,200,0,200,200,200,200,200
356035,1,30,0,0,0,1,14,5,0,0,200,0,0,1,200,0,200,200,200,200,200
356038,0,35,1,2,0,1,14,3,0,0,0,17,16,0,3,200,1,0,0,200,200
356038,0,35,1,2,0,1,14,3,0,0,0,17,16,0,6,200,12,0,0,200,200
356038,5,35,1,2,0,1,14,3,0,0,0,17,16,0,8,7,200,200,0,200,200
356042,0,35,1,2,0,1,14,5,0,0,0,22,23,0,7,0,4,0,0,200,200
356042,0,35,1,2,0,1,14,5,0,0,0,22,23,1,5,0,0,0,0,200,200
356045,0,30,0,0,0,3,7,5,0,0,0,200,200,2,200,200,200,200,200,200,200
356052,0,30,0,2,0,1,7,2,0,0,0,22,8,0,6,0,12,0,0,200,200
356060,0,30,0,0,0,1,12,5,0,0,0,11,11,0,200,200,4,0,0,200,200
356060,0,30,0,0,0,1,12,5,0,0,0,11,11,0,6,0,0,0,0,200,200
356061,0,30,1,2,0,1,14,6,0,0,0,23,21,0,5,0,7,0,0,200,200
356061,0,30,1,2,0,1,14,6,0,0,0,23,21,0,7,0,0,0,0,200,200
356064,0,30,0,0,0,1,12,6,0,0,0,17,21,0,6,200,4,0,0,200,200
356064,0,30,0,0,0,1,12,6,0,0,0,17,21,0,5,200,0,0,0,200,200
356068,0,30,1,2,0,1,10,2,0,0,0,18,200,2,200,200,3,200,200,200,200
356068,0,30,1,2,0,1,10,2,0,0,0,18,200,0,7,0,0,0,0,200,200
356068,1,30,1,2,0,1,10,2,0,0,0,18,200,1,8,0,200,200,200,200,200
356068,1,30,1,2,0,1,10,2,0,0,0,18,200,0,5,0,200,200,200,200,200
356068,1,30,1,2,0,1,10,2,0,0,0,18,200,1,7,0,200,200,200,200,200
356068,1,30,1,2,0,1,10,2,0,0,0,18,200,0,2,0,200,200,200,200,200
356069,0,30,0,0,0,1,7,7,0,0,0,200,200,2,200,200,200,200,200,200,200
356075,0,30,0,0,0,1,7,5,0,0,0,11,200,0,200,200,200,200,200,200,200
356076,0,30,0,0,0,1,14,5,0,0,0,17,11,1,6,0,12,0,0,200,200
356076,0,30,0,0,0,1,14,5,0,0,0,17,11,1,6,0,12,0,0,200,200
356076,1,30,0,0,0,1,14,5,0,0,0,17,11,1,1,0,200,200,200,200,200
356076,1,30,0,0,0,1,14,5,0,0,0,17,11,0,2,0,200,200,200,200,200
356076,1,30,0,0,0,1,14,5,0,0,0,17,11,1,2,0,200,200,200,200,200
356079,0,30,2,2,0,1,14,5,0,0,0,17,23,1,4,200,7,200,1,200,200
356079,0,30,2,2,0,1,14,5,0,0,0,17,23,0,8,200,0,200,0,200,200
356081,0,0,0,0,200,200,2,12,3,200,200,12,12,1,5,0,0,0,200,200,200
356082,0,30,0,0,0,1,2,5,0,0,0,11,12,0,5,200,12,0,0,200,200
356087,0,0,0,0,0,1,12,5,0,0,0,11,200,1,6,200,1,0,0,200,200
356087,0,0,0,0,0,1,12,5,0,0,0,11,200,0,8,200,0,0,0,200,200
356087,1,0,0,0,0,1,12,5,0,0,0,11,200,1,7,200,200,200,200,200,200
356089,0,30,0,0,0,4,5,5,0,0,0,200,200,0,8,0,0,0,0,200,200
356090,0,30,0,0,0,1,12,2,0,0,0,21,200,1,6,200,4,200,0,200,200
356090,0,30,0,0,0,1,12,2,0,0,0,21,200,0,6,200,0,200,0,200,200
356091,0,30,0,0,0,1,7,5,0,0,0,11,0,1,4,0,12,0,0,200,200
356093,0,30,1,2,0,3,14,12,0,0,0,200,200,0,8,200,0,200,200,200,200
356093,0,30,1,2,0,3,14,12,0,0,0,200,200,0,6,0,0,0,0,200,200
356099,0,30,0,0,0,1,7,2,0,0,0,7,200,0,4,1,12,0,0,200,200
356099,0,30,0,0,0,1,7,2,0,0,0,7,200,0,9,0,0,0,0,200,200
356102,0,30,0,0,0,3,14,2,0,0,0,17,200,1,5,200,1,200,200,200,200
356102,0,30,0,0,0,3,14,2,0,0,0,17,200,0,9,0,0,0,0,200,200
356103,0,25,0,0,200,200,7,5,0,200,200,10,1,2,200,200,200,200,200,200,200
356104,0,25,0,0,0,1,12,5,0,0,0,22,200,1,7,0,2,0,0,200,200
356104,0,25,0,0,0,1,12,5,0,0,0,22,200,1,5,0,0,0,0,200,200
356104,1,25,0,0,0,1,12,5,0,0,0,22,200,0,4,0,200,200,200,200,200
356104,1,25,0,0,0,1,12,5,0,0,0,22,200,0,5,0,200,200,200,200,200
356105,0,20,0,0,0,1,7,5,0,0,0,0,0,0,5,0,0,0,0,200,200
356105,1,20,0,0,0,1,7,5,0,0,0,0,0,0,5,0,200,200,200,200,200
356108,0,30,0,0,0,1,7,6,0,0,0,16,8,2,200,200,4,200,200,200,200
356108,0,30,0,0,0,1,7,6,0,0,0,16,8,0,6,0,8,0,7,200,200
356108,1,30,0,0,0,1,7,6,0,0,0,16,8,0,7,0,200,200,200,200,200
356113,0,30,0,0,0,1,7,6,0,0,0,23,200,0,200,200,7,200,200,200,200
356114,0,15,0,0,0,200,7,7,0,0,0,0,0,2,200,200,200,200,200,200,200
356123,0,30,1,1,0,1,2,5,0,0,0,18,18,0,5,200,3,200,200,200,200
356123,0,30,1,1,0,1,2,5,0,0,0,18,18,0,6,0,0,0,0,200,200
356123,1,30,1,1,0,1,2,5,0,0,0,18,18,200,200,0,200,200,200,200,200
356124,0,25,0,0,0,1,7,5,0,0,0,0,0,2,200,200,200,200,200,200,200
356126,0,30,0,0,0,1,10,2,0,0,0,18,0,1,6,200,200,0,0,200,200
356126,0,30,0,0,0,1,10,2,0,0,0,18,0,1,5,3,3,0,0,200,200
356129,0,30,2,0,0,1,10,5,0,0,0,22,18,0,200,200,3,200,200,200,200
356129,0,30,2,0,0,1,10,5,0,0,0,22,18,0,5,0,0,0,0,200,200
356130,0,30,1,2,0,1,12,5,0,0,0,17,200,1,200,200,2,200,200,200,200
356130,0,30,1,2,0,1,12,5,0,0,0,17,200,0,5,0,0,0,0,200,200
356132,0,30,0,0,0,1,7,5,2,0,0,27,27,0,8,0,12,0,4,200,200
356139,0,30,0,0,0,1,7,6,1,0,1,0,200,1,8,0,0,200,0,200,200
356139,1,30,0,0,0,1,7,6,1,0,1,0,200,1,6,0,200,200,200,200,200
356151,0,30,2,2,0,2,10,5,0,0,0,8,200,0,6,0,12,0,0,200,200
356151,0,30,2,2,0,2,10,5,0,0,0,8,200,0,200,200,12,200,200,200,200
356155,0,30,0,0,0,1,11,6,0,0,0,0,200,1,6,0,0,0,0,200,200
356155,0,30,0,0,0,1,11,6,0,0,0,0,200,1,6,0,0,0,0,200,200
356156,0,25,0,0,200,200,7,5,0,200,200,0,0,2,200,200,200,200,200,200,200
356161,0,30,1,2,0,1,5,2,0,0,4,28,0,1,5,0,12,0,12,200,200
356161,1,30,1,2,0,1,5,2,0,0,4,28,0,0,200,0,200,200,200,200,200
356161,1,30,1,2,0,1,5,2,0,0,4,28,0,1,200,0,200,200,200,200,200
356164,0,30,1,2,0,1,14,5,0,0,200,200,200,1,5,200,12,0,0,200,200
356164,0,30,1,2,0,1,14,5,0,0,200,200,200,0,5,200,12,0,0,200,200
356164,1,30,1,2,0,1,14,5,0,0,200,200,200,0,200,200,200,200,200,200,200
356164,1,30,1,2,0,1,14,5,0,0,200,200,200,1,200,200,200,200,200,200,200
356179,0,30,0,0,0,1,12,3,0,0,0,200,200,0,200,200,12,200,0,200,200
356179,0,30,0,0,0,1,12,3,0,0,0,200,200,1,200,0,0,0,0,200,200
356182,0,30,1,2,0,1,14,5,0,0,0,23,21,0,6,200,7,200,0,200,200
356182,0,30,1,2,0,1,14,5,0,0,0,23,21,0,6,0,0,0,0,200,200
356184,0,30,0,2,0,1,7,5,0,0,0,0,200,2,200,200,200,200,200,200,200
356187,0,30,0,0,0,1,7,3,0,0,0,1,200,0,200,200,7,200,200,200,200
356201,0,35,1,2,0,1,0,5,0,0,0,27,6,1,8,200,5,200,12,200,200
356201,0,35,1,2,0,1,0,5,0,0,0,27,6,1,8,200,0,0,0,200,200
356204,0,30,0,0,0,1,5,5,0,0,0,12,0,1,6,200,200,0,0,200,200
356209,0,30,0,0,0,1,11,7,0,0,0,0,0,1,200,200,200,200,200,200,200
356209,0,30,0,0,0,1,11,7,0,0,0,0,0,0,8,0,0,0,0,200,200
356210,0,30,1,2,0,1,14,2,0,0,0,23,16,0,5,0,7,0,0,200,200
356210,0,30,1,2,0,1,14,2,0,0,0,23,16,0,5,0,0,0,0,200,200
356213,0,30,1,2,0,1,14,2,0,0,0,17,17,0,9,0,1,0,0,200,200
356213,0,30,1,2,0,1,14,2,0,0,0,17,17,1,5,0,0,0,0,200,200
356220,0,30,0,0,0,1,12,3,0,0,0,0,0,0,7,0,200,0,0,200,200
356220,0,30,0,0,0,1,12,3,0,0,0,0,0,1,7,0,12,0,0,200,200
356223,0,30,0,0,0,1,7,2,0,0,0,16,15,1,4,200,8,0,0,200,200
356234,0,30,1,200,0,1,12,12,0,0,0,23,0,1,5,0,7,0,0,200,200
356234,0,30,1,200,0,1,12,12,0,0,0,23,0,1,6,0,0,0,0,200,200
356235,0,30,1,2,1,1,10,2,0,0,0,16,18,1,5,0,3,0,0,200,200
356235,0,30,1,2,1,1,10,2,0,0,0,16,18,1,7,0,0,0,0,200,200
356240,0,30,1,2,0,1,12,2,0,0,0,0,200,0,6,0,0,0,0,200,200
356240,0,30,1,2,0,1,12,2,0,0,0,0,200,1,6,0,0,0,0,200,200
356246,0,30,0,0,0,1,12,5,0,0,0,17,0,0,5,200,1,0,0,200,200
356246,0,30,0,0,0,1,12,5,0,0,0,17,0,1,6,7,0,0,0,200,200
356258,0,30,1,2,0,1,14,2,0,0,0,17,23,1,6,0,7,200,0,200,200
356258,0,30,1,2,0,1,14,2,0,0,0,17,23,1,6,0,12,0,0,200,200
356270,0,30,0,0,0,1,12,6,2,0,0,29,200,0,6,0,12,0,0,200,200
356270,0,30,0,0,0,1,12,6,2,0,0,29,200,0,9,0,0,0,0,200,200
356270,1,30,0,0,0,1,12,6,2,0,0,29,200,1,9,0,200,200,200,200,200
356278,0,15,0,0,0,200,7,12,0,200,200,0,200,2,200,200,200,200,200,200,200
356279,0,30,0,0,0,1,7,6,0,0,0,0,0,0,200,200,200,200,200,200,200
356289,0,30,1,2,0,1,14,5,0,0,0,17,200,0,8,200,1,0,0,200,200
356289,0,30,1,2,0,1,14,5,0,0,0,17,200,1,5,200,0,0,0,200,200
356302,0,0,0,0,0,1,2,0,0,0,0,0,200,2,200,200,200,200,200,200,200
356304,4,0,1,2,0,1,8,2,0,0,0,11,200,0,5,200,12,0,0,200,200
356304,0,0,1,2,0,1,8,2,0,0,0,11,200,0,8,200,0,0,0,200,200
356305,0,30,0,0,0,1,14,1,0,0,0,23,200,0,200,0,7,1,0,200,200
356305,0,30,0,0,0,1,14,1,0,0,0,23,200,0,6,0,0,0,0,200,200
356305,1,30,0,0,0,1,14,1,0,0,0,23,200,1,5,0,200,200,200,200,200
356308,0,30,12,0,0,1,12,2,0,0,0,22,16,0,6,0,2,0,0,200,200
356308,0,30,12,0,0,1,12,2,0,0,0,22,16,1,8,0,0,0,0,200,200
356312,0,30,0,0,0,1,10,2,0,0,0,18,17,0,6,0,3,200,200,200,200
356312,0,30,0,0,0,1,10,2,0,0,0,18,17,0,8,0,200,200,200,200,200
356312,1,30,0,0,0,1,10,2,0,0,0,18,17,0,5,0,200,200,200,200,200
356315,0,30,2,2,0,1,0,5,0,0,0,5,0,0,6,0,5,0,0,200,200
356315,0,30,2,2,0,1,0,5,0,0,0,5,0,0,7,0,0,0,0,200,200
356315,1,30,2,2,0,1,0,5,0,0,0,5,0,0,5,0,200,200,200,200,200
356318,0,30,0,0,0,1,12,1,0,200,200,0,0,1,7,200,200,200,0,200,200
356318,0,30,0,0,0,1,12,1,0,200,200,0,0,0,200,200,200,0,0,200,200
356319,0,30,1,2,0,1,0,2,0,0,0,17,22,0,6,0,1,0,0,200,200
356319,0,30,1,2,0,1,0,2,0,0,0,17,22,0,6,0,12,0,0,200,200
356321,0,30,0,200,0,1,7,2,0,0,0,0,0,1,200,200,200,200,200,200,200
356324,0,30,0,0,0,1,2,6,0,0,12,0,200,1,8,0,0,0,0,200,200
356336,0,30,0,0,0,1,14,1,0,0,0,17,200,0,8,0,1,12,0,200,200
356336,0,30,0,0,0,1,14,1,0,0,0,17,200,2,200,200,0,200,200,200,200
356336,1,30,0,0,0,1,14,1,0,0,0,17,200,1,8,0,200,200,200,200,200
356339,0,30,1,2,0,4,12,2,0,0,0,22,0,2,200,0,2,0,0,200,200
356339,0,30,1,2,0,4,12,2,0,0,0,22,0,0,5,0,12,0,0,200,200
356343,0,30,0,0,0,1,10,2,0,0,0,18,200,0,6,0,8,0,0,200,200
356343,0,30,0,0,0,1,10,2,0,0,0,18,200,0,4,0,0,0,0,200,200
356343,1,30,0,0,0,1,10,2,0,0,0,18,200,0,6,0,200,200,200,200,200
356345,0,30,1,2,0,1,10,200,0,0,200,18,200,1,0,200,3,200,0,200,200
356345,0,30,1,2,0,1,10,200,0,0,200,18,200,0,200,200,0,200,0,200,200
356351,0,30,1,2,0,1,0,2,0,0,0,0,0,0,6,0,1,0,0,200,200
356351,0,30,1,2,0,1,0,2,0,0,0,0,0,0,6,2,0,0,0,200,200
356351,1,30,1,2,0,1,0,2,0,0,0,0,0,0,5,0,200,200,200,200,200
356354,0,30,0,0,0,1,7,2,0,0,0,200,200,0,5,200,200,200,0,200,200
356356,0,30,1,2,0,1,10,5,0,0,0,0,0,0,200,200,200,200,200,200,200
356356,0,30,1,2,0,1,10,5,0,0,0,0,0,0,7,0,0,0,0,200,200
356357,0,30,2,2,0,1,0,2,0,0,0,6,200,1,8,0,5,0,0,200,200
356357,0,30,2,2,0,1,0,2,0,0,0,6,200,0,6,0,0,0,0,200,200
356357,1,30,2,2,0,1,0,2,0,0,0,6,200,0,8,0,200,200,200,200,200
356359,0,30,1,2,0,1,12,5,0,0,0,11,0,1,200,200,4,200,200,200,200
356359,0,30,1,2,0,1,12,5,0,0,0,11,0,0,6,0,0,0,0,200,200
356359,0,30,1,2,0,1,12,5,0,0,0,11,0,1,6,0,0,0,0,200,200
356374,0,30,0,0,0,1,12,2,0,0,0,21,200,1,6,200,4,200,0,200,200
356374,0,30,0,0,0,1,12,2,0,0,0,21,200,0,7,200,0,200,0,200,200
356376,0,30,0,0,0,1,5,5,0,0,1,0,200,0,7,0,0,0,0,200,200
356378,0,30,0,0,0,1,2,12,0,0,12,0,200,0,5,0,0,0,0,200,200
356382,0,20,0,0,0,1,12,5,0,0,0,0,200,0,200,0,0,0,0,200,200
356382,0,20,0,0,0,1,12,5,0,0,0,0,200,0,200,0,200,200,200,200,200
356382,1,20,0,0,0,1,12,5,0,0,0,0,200,1,200,7,200,200,200,200,200
356384,0,30,0,0,0,3,7,5,0,0,0,20,16,0,4,200,6,0,0,200,200
356388,0,30,0,0,0,1,7,7,0,0,0,20,200,0,7,0,6,0,0,200,200
356393,0,30,200,200,200,200,7,5,0,200,200,0,0,2,200,200,200,200,200,200,200
356397,0,30,0,0,0,1,10,5,0,0,0,0,200,0,3,0,3,0,0,200,200
356397,0,30,0,0,0,1,10,5,0,0,0,0,200,0,200,0,0,0,0,200,200
356398,0,10,0,0,0,1,10,7,0,0,0,20,0,1,7,200,6,200,0,200,200
356398,0,10,0,0,0,1,10,7,0,0,0,20,0,0,6,200,6,200,0,200,200
356402,0,30,0,0,0,1,0,6,0,0,0,20,20,0,7,200,6,0,0,200,200
356402,0,30,0,0,0,1,0,6,0,0,0,20,20,0,200,0,0,0,0,200,200
356402,1,30,0,0,0,1,0,6,0,0,0,20,20,1,9,200,200,200,200,200,200
356416,0,35,1,2,0,1,10,5,0,0,0,18,17,0,6,200,1,0,0,200,200
356416,0,35,1,2,0,1,10,5,0,0,0,18,17,0,7,200,0,0,0,200,200
356416,0,35,1,2,0,1,10,5,0,0,0,18,17,0,7,200,0,0,0,200,200
356417,0,30,0,0,0,1,7,6,0,0,0,0,200,2,200,200,200,200,200,200,200
356418,0,30,0,0,200,1,10,5,0,200,200,17,200,0,5,200,1,200,200,200,200
356418,0,30,0,0,200,1,10,5,0,200,200,17,200,0,5,0,0,200,0,200,200
356425,0,30,1,2,0,1,10,5,0,0,0,18,200,1,200,0,3,0,0,200,200
356425,0,30,1,2,0,1,10,5,0,0,0,18,200,0,6,0,0,0,0,200,200
356447,0,30,200,200,0,1,14,200,0,0,0,0,200,2,200,200,12,200,200,200,200
356447,0,30,200,200,0,1,14,200,0,0,0,0,200,0,5,200,0,200,0,200,200
356448,0,30,2,200,0,1,0,5,0,200,200,17,200,0,6,200,1,0,0,200,200
356448,0,30,2,200,0,1,0,5,0,200,200,17,200,1,8,200,0,0,0,200,200
356455,0,10,0,0,0,1,7,7,0,0,0,11,200,0,5,200,12,12,0,200,200
356461,0,30,0,0,0,1,14,5,0,0,0,22,17,0,6,0,2,0,0,200,200
356461,0,30,0,0,0,1,14,5,0,0,0,22,17,0,5,0,0,0,0,200,200
356462,0,35,0,0,0,1,10,5,0,0,200,18,200,1,200,200,3,200,200,200,200
356462,0,35,0,0,0,1,10,5,0,0,200,18,200,0,5,0,0,0,0,200,200
356462,0,35,0,0,0,1,10,5,0,0,200,18,200,0,8,0,0,0,0,200,200
356464,0,30,2,2,0,1,14,2,0,0,200,17,17,1,4,200,1,200,0,200,200
356464,0,30,2,2,0,1,14,2,0,0,200,17,17,0,7,200,0,200,0,200,200
356469,0,30,0,0,0,1,0,4,1,0,0,33,29,0,7,0,200,12,0,200,200
356469,0,30,0,0,0,1,0,4,1,0,0,33,29,1,8,0,0,0,0,200,200
356474,0,20,0,0,0,1,0,6,0,0,0,20,200,0,200,0,6,0,0,200,200
356474,0,20,0,0,0,1,0,6,0,0,0,20,200,0,4,0,0,0,0,200,200
356478,0,30,0,0,0,1,10,5,1,0,0,18,16,0,7,0,3,0,0,200,200
356478,0,30,0,0,0,1,10,5,1,0,0,18,16,1,6,0,0,0,0,200,200
356478,1,30,0,0,0,1,10,5,1,0,0,18,16,200,200,5,200,200,200,200,200
356480,0,30,0,0,200,1,10,3,0,200,200,18,200,1,200,200,3,200,200,200,200
356480,0,30,0,0,200,1,10,3,0,200,200,18,200,1,7,0,0,0,0,200,200
356484,0,30,2,2,0,1,0,5,0,0,0,17,200,0,6,0,1,0,0,200,200
356484,0,30,2,2,0,1,0,5,0,0,0,17,200,0,6,0,0,0,0,200,200
356489,0,20,0,0,0,3,7,6,0,0,0,25,25,2,200,200,200,200,200,200,200
356490,0,30,1,2,0,1,0,1,0,0,0,200,200,1,6,200,12,200,200,200,200
356490,0,30,1,2,0,1,0,1,0,0,0,200,200,0,6,7,0,0,0,200,200
356490,1,30,1,2,0,1,0,1,0,0,0,200,200,1,5,0,200,200,200,200,200
356493,0,35,0,0,0,1,7,6,0,0,0,0,0,2,200,200,200,200,200,200,200
356494,0,30,0,0,0,1,12,5,0,0,0,0,0,0,200,200,12,200,200,200,200
356494,0,30,0,0,0,1,12,5,0,0,0,0,0,0,5,7,0,0,0,200,200
356496,0,30,0,0,0,1,7,6,0,0,0,20,200,0,6,0,6,0,0,200,200
356501,0,30,1,2,0,1,12,6,0,0,0,11,200,0,6,0,200,0,0,200,200
356501,0,30,1,2,0,1,12,6,0,0,0,11,200,1,6,0,0,0,0,200,200
356501,1,30,1,2,0,1,12,6,0,0,0,11,200,1,200,0,200,200,200,200,200
356506,0,30,1,2,0,1,10,2,0,0,0,0,200,0,7,200,200,0,200,200,200
356506,0,30,1,2,0,1,10,2,0,0,0,0,200,1,200,200,0,200,200,200,200
356509,0,30,1,2,0,1,10,5,0,0,0,0,0,1,200,200,200,200,200,200,200
356509,0,30,1,2,0,1,10,5,0,0,0,0,0,1,7,0,0,0,0,200,200
356509,1,30,1,2,0,1,10,5,0,0,0,0,0,1,200,0,200,200,200,200,200
356513,0,20,0,0,0,1,10,0,0,0,0,0,200,0,7,0,200,200,0,200,200
356513,0,20,0,0,0,1,10,0,0,0,0,0,200,1,8,0,200,200,0,200,200
356514,0,30,0,0,0,1,0,5,0,0,0,0,200,0,6,0,1,0,0,200,200
356514,0,30,0,0,0,1,0,5,0,0,0,0,200,0,6,0,0,0,0,200,200
356522,0,30,1,2,0,1,10,5,0,0,0,16,18,0,200,200,200,200,200,200,200
356522,0,30,1,2,0,1,10,5,0,0,0,16,18,1,6,0,0,0,0,200,200
356522,0,30,1,2,0,1,10,5,0,0,0,16,18,1,6,0,0,0,0,200,200
356525,0,30,1,2,0,1,12,5,0,0,0,17,11,1,7,0,4,0,0,200,200
356525,0,30,1,2,0,1,12,5,0,0,0,17,11,0,7,0,0,0,0,200,200
356526,0,30,0,0,0,1,14,7,0,0,0,17,0,0,6,200,1,200,0,200,200
356526,0,30,0,0,0,1,14,7,0,0,0,17,0,1,6,200,0,0,0,200,200
356535,0,30,1,2,0,1,14,12,0,0,200,0,200,0,6,200,12,0,0,200,200
356535,0,30,1,2,0,1,14,12,0,0,200,0,200,0,6,200,12,0,0,200,200
356537,0,30,0,0,0,1,10,5,0,0,200,18,0,0,6,200,3,0,0,200,200
356537,0,30,0,0,0,1,10,5,0,0,200,18,0,1,6,0,0,0,0,200,200
356537,1,30,0,0,0,1,10,5,0,0,200,18,0,0,2,0,200,200,200,200,200
356544,0,30,0,0,0,1,10,5,0,0,200,18,200,0,200,200,3,200,200,200,200
356544,0,30,0,0,0,1,10,5,0,0,200,18,200,0,5,0,0,0,0,200,200
356544,1,30,0,0,0,1,10,5,0,0,200,18,200,1,200,0,200,200,200,200,200
356545,0,30,0,0,0,1,10,3,0,0,0,0,200,0,6,0,3,0,0,200,200
356545,0,30,0,0,0,1,10,3,0,0,0,0,200,0,7,0,0,0,0,200,200
356545,0,30,0,0,0,1,10,3,0,0,0,0,200,0,200,200,0,200,200,200,200
356545,0,30,0,0,0,1,10,3,0,0,0,0,200,0,7,0,0,0,0,200,200
356547,0,30,0,0,0,1,0,7,0,0,0,20,0,1,6,0,6,4,0,200,200
356547,0,30,0,0,0,1,0,7,0,0,0,20,0,0,4,0,0,0,0,200,200
356551,0,30,200,200,200,200,8,5,0,200,200,0,0,0,200,200,1,200,200,200,200
356551,4,30,200,200,200,200,8,5,0,200,200,0,0,1,5,3,200,200,200,200,200
356552,0,30,0,0,0,1,10,2,0,0,0,27,0,0,6,200,12,200,0,200,200
356552,0,30,0,0,0,1,10,2,0,0,0,27,0,1,6,200,0,200,0,200,200
356555,0,30,200,200,0,1,10,6,0,0,0,0,0,0,7,200,6,200,0,200,200
356555,0,30,200,200,0,1,10,6,0,0,0,0,0,0,5,200,200,200,0,200,200
356560,0,30,1,2,0,1,10,5,0,0,0,0,0,1,7,200,200,200,200,200,200
356560,0,30,1,2,0,1,10,5,0,0,0,0,0,1,6,0,0,0,200,200,200
356560,1,30,1,2,0,1,10,5,0,0,0,0,0,1,2,0,200,200,200,200,200
356560,1,30,1,2,0,1,10,5,0,0,0,0,0,1,2,5,200,200,200,200,200
356561,0,20,0,0,0,1,7,5,0,0,0,0,200,2,200,200,200,200,200,200,200
356563,0,30,200,200,200,200,12,5,0,200,200,0,200,1,6,200,200,200,200,200,200
356563,0,30,200,200,200,200,12,5,0,200,200,0,200,1,6,0,200,200,200,200,200
356571,0,30,1,200,0,1,10,2,0,0,0,0,0,0,0,200,200,200,200,200,200
356571,0,30,1,200,0,1,10,2,0,0,0,0,0,0,5,200,200,200,200,200,200
356574,0,30,0,0,0,1,10,5,0,0,0,18,200,0,4,200,3,200,200,200,200