RD_NO,PERSON_TYPE,POSTED_SPEED_LIMIT,TRAFFIC_CONTROL_DEVICE,DEVICE_CONDITION,WEATHER_CONDITION,LIGHTING_CONDITION,FIRST_CRASH_TYPE,TRAFFICWAY_TYPE,ALIGNMENT,ROADWAY_SURFACE_COND,ROAD_DEFECT,PRIM_CONTRIBUTORY_CAUSE,SEC_CONTRIBUTORY_CAUSE,SEX,AGE,SAFETY_EQUIPMENT,DRIVER_ACTION,DRIVER_VISION,PHYSICAL_CONDITION,BAC_RESULT VALUE,CELL_PHONE_USE
356574,0,30,0,0,0,1,10,5,0,0,0,18,200,1,6,0,0,0,0,200,200
356577,0,30,1,2,0,1,10,5,0,0,0,0,0,0,200,200,1,200,200,200,200
356577,0,30,1,2,0,1,10,5,0,0,0,0,0,0,8,0,0,0,0,200,200
356579,0,30,0,0,0,1,7,5,0,0,0,21,21,0,7,0,2,0,0,200,200
356579,1,30,0,0,0,1,7,5,0,0,0,21,21,1,6,0,200,200,200,200,200
356581,0,30,0,0,0,1,2,5,0,0,0,0,0,0,200,200,200,200,200,200,200
356582,0,30,1,2,0,1,10,5,0,0,200,0,0,0,5,200,1,200,200,200,200
356582,0,30,1,2,0,1,10,5,0,0,200,0,0,1,7,0,0,0,0,200,200
356584,0,30,1,2,0,1,14,5,0,0,0,11,0,0,6,0,12,200,0,200,200
356584,0,30,1,2,0,1,14,5,0,0,0,11,0,0,7,0,12,200,0,200,200
356586,0,0,0,0,200,200,12,200,0,200,200,0,200,1,200,200,200,200,200,200,200
356586,0,0,0,0,200,200,12,200,0,200,200,0,200,1,6,0,200,200,0,200,200
356586,1,0,0,0,200,200,12,200,0,200,200,0,200,1,2,0,200,200,200,200,200
356594,0,30,1,2,0,1,12,2,0,0,0,200,0,0,8,200,200,200,0,200,200
356594,0,30,1,2,0,1,12,2,0,0,0,200,0,1,6,200,200,200,0,200,200
356595,0,30,2,2,0,1,14,2,0,0,0,17,200,0,6,0,1,0,0,200,200
356595,0,30,2,2,0,1,14,2,0,0,0,17,200,1,6,0,0,200,0,200,200
356595,1,30,2,2,0,1,14,2,0,0,0,17,200,0,200,200,200,200,200,200,200
356596,0,0,0,0,0,1,7,7,0,0,200,0,0,2,200,200,200,200,200,200,200
356597,0,30,1,2,0,2,10,5,0,0,0,0,200,0,200,200,3,200,200,200,200
356597,0,30,1,2,0,2,10,5,0,0,0,0,200,0,6,0,0,0,0,200,200
356625,0,30,2,2,0,1,10,5,0,0,200,16,18,0,200,200,200,200,200,200,200
356625,0,30,2,2,0,1,10,5,0,0,200,16,18,1,6,0,0,0,0,200,200
356626,0,30,0,0,0,1,12,2,0,0,0,17,0,0,6,0,12,0,0,200,200
356626,0,30,0,0,0,1,12,2,0,0,0,17,0,0,6,0,0,0,0,200,200
356630,0,30,0,0,0,1,10,5,0,0,0,18,16,0,5,3,3,0,0,200,200
356630,0,30,0,0,0,1,10,5,0,0,0,18,16,1,7,0,0,0,0,200,200
356631,0,20,0,0,0,1,12,2,0,0,0,17,18,1,7,200,1,200,0,200,200
356631,0,20,0,0,0,1,12,2,0,0,0,17,18,1,4,200,200,200,0,200,200
356649,0,15,0,0,0,1,10,7,0,0,0,0,16,0,9,200,200,0,0,200,200
356649,0,15,0,0,0,1,10,7,0,0,0,0,16,1,8,0,0,0,0,200,200
356659,0,30,1,2,0,1,10,5,0,0,0,0,200,1,4,0,200,200,200,200,200
356659,0,30,1,2,0,1,10,5,0,0,0,0,200,1,7,0,0,0,0,200,200
356659,1,30,1,2,0,1,10,5,0,0,0,0,200,0,200,0,200,200,200,200,200
356660,0,15,0,0,0,1,7,7,0,0,0,0,0,1,200,200,200,200,200,200,200
356660,1,15,0,0,0,1,7,7,0,0,0,0,0,0,2,0,200,200,200,200,200
356663,0,30,0,0,0,1,14,3,0,0,0,0,200,0,200,7,0,0,0,200,200
356663,0,30,0,0,0,1,14,3,0,0,0,0,200,0,200,7,0,0,0,200,200
356669,0,40,1,200,0,1,10,3,0,200,0,0,0,1,5,0,12,0,0,200,200
356669,0,40,1,200,0,1,10,3,0,200,0,0,0,1,8,0,12,0,0,200,200
356675,0,30,0,0,0,1,10,7,0,0,0,0,0,1,200,200,6,200,200,200,200
356675,0,30,0,0,0,1,10,7,0,0,0,0,0,1,7,200,0,0,0,200,200
356679,0,35,0,0,0,1,10,3,0,0,0,18,0,0,5,200,3,0,0,200,200
356679,0,35,0,0,0,1,10,3,0,0,0,18,0,1,6,200,0,0,0,200,200
356680,0,30,1,2,1,1,10,2,0,0,0,0,200,1,5,0,200,0,0,200,200
356680,0,30,1,2,1,1,10,2,0,0,0,0,200,1,7,0,0,0,0,200,200
356684,0,30,0,0,0,1,14,5,0,0,0,11,0,0,5,200,12,200,0,200,200
356684,0,30,0,0,0,1,14,5,0,0,0,11,0,0,7,200,12,200,0,200,200
356703,0,35,0,0,0,1,12,2,0,0,0,0,0,0,5,200,200,200,200,200,200
356703,0,35,0,0,0,1,12,2,0,0,0,0,0,0,5,0,0,0,0,200,200
356704,0,30,1,2,0,1,14,2,0,0,0,0,200,1,5,200,1,200,0,200,200
356704,0,30,1,2,0,1,14,2,0,0,0,0,200,1,5,200,200,200,0,200,200
356706,0,30,0,0,0,1,10,5,0,0,0,0,0,1,200,200,200,200,200,200,200
356706,0,30,0,0,0,1,10,5,0,0,0,0,0,0,6,0,0,0,0,200,200
356719,0,30,0,0,0,1,7,5,0,0,0,15,14,0,200,200,13,200,200,200,200
356719,1,30,0,0,0,1,7,5,0,0,0,15,14,200,200,200,200,200,200,200,200
356719,1,30,0,0,0,1,7,5,0,0,0,15,14,0,200,200,200,200,200,200,200
356725,0,30,0,0,0,4,0,5,0,0,0,17,16,0,5,200,1,200,0,200,200
356725,0,30,0,0,0,4,0,5,0,0,0,17,16,0,6,0,0,0,0,200,200
356725,1,30,0,0,0,4,0,5,0,0,0,17,16,1,200,0,200,200,200,200,200
356725,1,30,0,0,0,4,0,5,0,0,0,17,16,1,200,0,200,200,200,200,200
356725,1,30,0,0,0,4,0,5,0,0,0,17,16,0,200,5,200,200,200,200,200
356725,1,30,0,0,0,4,0,5,0,0,0,17,16,0,200,5,200,200,200,200,200
356727,0,30,0,0,0,1,12,2,0,0,200,22,200,1,200,200,4,200,200,200,200
356727,0,30,0,0,0,1,12,2,0,0,200,22,200,0,7,0,0,0,0,200,200
356731,0,30,1,2,0,1,12,3,0,0,0,17,200,1,200,200,1,200,200,200,200
356731,0,30,1,2,0,1,12,3,0,0,0,17,200,1,6,200,0,0,0,200,200
356735,0,30,0,0,200,1,10,5,0,200,0,22,0,0,7,200,12,200,0,200,200
356735,0,30,0,0,200,1,10,5,0,200,0,22,0,0,6,200,0,0,0,200,200
356736,0,30,1,2,0,1,14,5,0,0,0,23,0,0,4,200,7,200,0,200,200
356736,0,30,1,2,0,1,14,5,0,0,0,23,0,1,6,0,0,0,0,200,200
356737,0,30,0,0,0,1,5,5,0,0,0,0,0,1,4,0,0,0,0,200,200
356739,0,30,0,0,0,1,8,5,0,0,0,21,200,0,6,0,10,0,0,200,200
356739,4,30,0,0,0,1,8,5,0,0,0,21,200,2,200,200,200,200,200,200,200
356740,0,40,1,2,0,1,10,2,0,0,0,18,0,0,5,0,3,0,0,200,200
356740,0,40,1,2,0,1,10,2,0,0,0,18,0,0,7,200,200,200,200,200,200
356743,0,30,1,1,0,1,12,2,0,0,0,0,200,1,7,0,12,0,0,200,200
356743,0,30,1,1,0,1,12,2,0,0,0,0,200,0,6,0,0,0,0,200,200
356743,1,30,1,1,0,1,12,2,0,0,0,0,200,1,200,0,200,200,200,200,200
356746,0,30,2,2,0,1,10,5,0,200,200,11,18,0,5,0,12,200,0,200,200
356746,0,30,2,2,0,1,10,5,0,200,200,11,18,0,5,0,200,200,0,200,200
356749,0,30,2,2,0,1,10,5,0,0,0,18,200,0,200,200,3,200,200,200,200
356749,0,30,2,2,0,1,10,5,0,0,0,18,200,1,7,0,0,0,0,200,200
356751,0,30,0,0,0,1,10,5,0,0,0,0,200,1,200,0,0,0,0,200,200
356751,0,30,0,0,0,1,10,5,0,0,0,0,200,1,200,0,0,0,5,200,200
356751,1,30,0,0,0,1,10,5,0,0,0,0,200,1,200,0,200,200,200,200,200
356751,1,30,0,0,0,1,10,5,0,0,0,0,200,1,200,0,200,200,200,200,200
356752,0,30,0,0,0,1,10,5,0,0,0,16,0,1,4,200,3,0,0,200,200
356752,0,30,0,0,0,1,10,5,0,0,0,16,0,1,7,200,0,0,0,200,200
356756,0,30,2,2,0,1,0,6,0,0,0,17,0,0,3,0,1,0,0,200,200
356756,0,30,2,2,0,1,0,6,0,0,0,17,0,0,200,200,200,200,200,200,200
356756,1,30,2,2,0,1,0,6,0,0,0,17,0,1,3,0,200,200,200,200,200
356760,0,30,1,2,0,1,12,5,0,0,0,21,0,0,6,200,4,0,0,200,200
356760,0,30,1,2,0,1,12,5,0,0,0,21,0,0,5,0,0,0,0,200,200
356761,0,30,0,0,0,1,12,5,0,0,200,22,200,0,200,200,4,200,200,200,200
356761,0,30,0,0,0,1,12,5,0,0,200,22,200,1,8,0,0,200,0,200,200
356763,0,20,0,0,0,1,12,2,0,0,200,17,17,0,6,200,1,200,0,200,200
356763,0,20,0,0,0,1,12,2,0,0,200,17,17,1,200,200,200,200,200,200,200
356764,0,30,0,0,0,1,12,5,0,0,0,0,0,0,4,0,0,0,0,200,200
356764,0,30,0,0,0,1,12,5,0,0,0,0,0,1,5,0,0,0,0,200,200
356764,1,30,0,0,0,1,12,5,0,0,0,0,0,1,4,0,200,200,200,200,200
356769,0,15,0,0,0,1,7,7,0,0,0,0,0,2,200,200,200,200,200,200,200
356770,0,30,0,0,0,1,7,5,0,0,0,0,0,0,6,0,0,0,0,200,200
356771,4,30,0,0,0,1,8,2,0,0,0,17,200,0,4,200,0,0,0,200,200
356774,0,30,2,2,0,1,0,2,0,0,0,17,17,1,5,0,1,0,0,200,200
356774,0,30,2,2,0,1,0,2,0,0,0,17,17,1,6,0,0,0,0,200,200
356776,0,0,0,0,0,1,7,200,0,200,200,0,200,1,200,200,200,200,200,200,200
356776,1,0,0,0,0,1,7,200,0,200,200,0,200,0,7,200,200,200,200,200,200
356778,0,40,0,0,0,1,10,3,0,0,0,0,0,0,4,200,12,0,0,200,200
356778,0,40,0,0,0,1,10,3,0,0,0,0,0,0,6,0,0,0,0,200,200
356780,0,30,0,0,0,1,14,2,0,1,0,17,200,0,5,200,7,0,0,200,200
356780,0,30,0,0,0,1,14,2,0,1,0,17,200,1,6,200,0,0,0,200,200
356780,1,30,0,0,0,1,14,2,0,1,0,17,200,1,6,200,200,200,200,200,200
356783,0,30,0,0,0,1,9,4,0,0,0,17,0,1,200,200,1,200,200,200,200
356783,5,30,0,0,0,1,9,4,0,0,0,17,0,0,9,200,0,200,0,200,200
356787,0,30,1,2,0,1,14,2,0,0,0,31,6,1,5,200,5,0,200,200,200
356787,0,30,1,2,0,1,14,2,0,0,0,31,6,0,6,200,0,0,0,200,200
356788,0,30,0,0,0,1,14,5,0,0,200,0,0,2,200,200,7,200,200,200,200
356788,0,30,0,0,0,1,14,5,0,0,200,0,0,1,5,200,0,200,0,200,200
356791,0,30,1,1,0,1,10,200,0,0,200,18,200,1,6,200,3,200,200,200,200
356791,0,30,1,1,0,1,10,200,0,0,200,18,200,0,8,200,0,200,0,200,200
356792,0,30,0,0,0,1,0,5,0,0,0,17,17,0,5,0,0,0,0,200,200
356792,0,30,0,0,0,1,0,5,0,0,0,17,17,1,7,0,0,0,0,200,200
356792,1,30,0,0,0,1,0,5,0,0,0,17,17,1,200,200,200,200,200,200,200
356797,0,30,1,2,0,1,9,12,0,0,0,17,0,0,7,200,1,200,0,200,200
356797,5,30,1,2,0,1,9,12,0,0,0,17,0,1,6,7,0,0,0,200,200
356798,0,30,0,0,0,1,12,5,0,0,0,22,200,1,5,0,4,0,200,200,200
356798,0,30,0,0,0,1,12,5,0,0,0,22,200,1,8,0,0,0,0,200,200
356799,0,35,0,0,0,3,12,5,0,0,0,0,0,1,200,200,200,200,200,200,200
356799,0,35,0,0,0,3,12,5,0,0,0,0,0,0,8,200,0,0,0,200,200
356799,1,35,0,0,0,3,12,5,0,0,0,0,0,1,7,200,200,200,200,200,200
356807,0,30,0,0,0,1,10,5,0,0,0,18,200,1,8,200,3,200,0,200,200
356807,0,30,0,0,0,1,10,5,0,0,0,18,200,1,6,200,13,200,0,200,200
356807,1,30,0,0,0,1,10,5,0,0,0,18,200,0,6,200,200,200,200,200,200
356807,1,30,0,0,0,1,10,5,0,0,0,18,200,1,2,200,200,200,200,200,200
356812,0,5,12,12,0,4,10,3,0,0,0,16,11,0,6,0,6,200,0,200,200
356812,0,5,12,12,0,4,10,3,0,0,0,16,11,1,6,0,0,0,0,200,200
356814,0,30,0,0,0,1,7,5,0,0,0,0,0,0,7,0,12,0,0,200,200
356814,1,30,0,0,0,1,7,5,0,0,0,0,0,0,5,1,200,200,200,200,200
356817,0,30,1,2,0,1,10,5,0,1,0,18,200,0,7,0,3,0,0,200,200
356817,0,30,1,2,0,1,10,5,0,1,0,18,200,1,6,0,0,0,0,200,200
356822,0,30,0,2,0,1,14,5,0,200,200,17,22,1,200,200,1,200,200,200,200
356822,0,30,0,2,0,1,14,5,0,200,200,17,22,0,4,0,0,200,0,200,200
356822,1,30,0,2,0,1,14,5,0,200,200,17,22,1,3,0,200,200,200,200,200
356825,0,30,0,0,0,1,14,6,0,0,0,20,0,0,5,0,2,200,0,200,200
356825,0,30,0,0,0,1,14,6,0,0,0,20,0,1,5,0,0,0,0,200,200
356826,0,30,0,0,0,1,7,5,0,0,200,0,0,2,200,200,200,200,200,200,200
356828,0,30,2,200,0,1,10,5,0,0,200,0,0,0,200,200,200,200,200,200,200
356828,0,30,2,200,0,1,10,5,0,0,200,0,0,1,7,0,0,200,200,200,200
356831,0,35,0,0,0,1,12,2,0,0,0,0,0,0,5,0,200,200,200,200,200
356831,0,35,0,0,0,1,12,2,0,0,0,0,0,0,6,0,0,0,0,200,200
356834,0,30,1,2,0,1,14,5,0,0,0,16,16,0,6,0,3,0,0,200,200
356834,0,30,1,2,0,1,14,5,0,0,0,16,16,0,7,0,0,0,0,200,200
356835,0,35,0,0,0,1,12,5,0,0,0,22,17,1,7,200,2,0,0,200,200
356835,0,35,0,0,0,1,12,5,0,0,0,22,17,1,7,200,0,0,0,200,200
356837,0,30,1,2,0,1,14,5,0,0,0,17,23,0,200,200,1,200,200,200,200
356837,0,30,1,2,0,1,14,5,0,0,0,17,23,1,6,0,0,0,0,200,200
356838,0,30,0,0,0,1,10,7,0,0,0,17,200,0,7,200,1,200,200,200,200
356838,0,30,0,0,0,1,10,7,0,0,0,17,200,0,5,0,0,0,0,200,200
356846,0,30,0,0,0,1,7,6,0,0,1,0,0,2,200,200,200,200,200,200,200
356849,0,30,1,2,0,1,14,6,0,0,0,0,200,0,6,200,7,200,200,200,200
356849,0,30,1,2,0,1,14,6,0,0,0,0,200,1,7,0,0,0,0,200,200
356859,0,30,0,0,0,0,7,5,0,0,0,0,200,0,200,200,200,200,200,200,200
356867,0,30,0,0,0,1,12,5,0,0,200,17,0,1,5,0,1,0,0,200,200
356867,0,30,0,0,0,1,12,5,0,0,200,17,0,1,6,0,0,0,0,200,200
356880,0,30,0,0,0,1,0,12,0,0,0,17,0,1,5,0,1,0,0,200,200
356880,0,30,0,0,0,1,0,12,0,0,0,17,0,0,5,0,0,0,0,200,200
356880,1,30,0,0,0,1,0,12,0,0,0,17,0,1,5,0,200,200,200,200,200
356882,0,20,0,0,0,1,7,7,0,0,200,0,0,2,200,200,10,200,200,200,200
356891,0,30,0,0,0,1,10,5,0,0,200,18,200,1,200,200,3,200,200,200,200
356891,0,30,0,0,0,1,10,5,0,0,200,18,200,1,6,0,0,0,0,200,200
356892,0,25,0,0,0,0,0,0,0,0,0,200,200,1,5,0,0,0,0,200,200
356892,0,25,0,0,0,0,0,0,0,0,0,200,200,2,200,200,200,200,200,200,200
356894,4,30,0,0,0,4,8,2,0,0,0,19,200,0,5,7,12,12,5,200,200
356894,0,30,0,0,0,4,8,2,0,0,0,19,200,1,7,0,0,0,0,200,200
356897,0,30,0,0,0,1,12,5,0,0,0,0,0,0,4,0,12,0,0,200,200
356897,0,30,0,0,0,1,12,5,0,0,0,0,0,0,6,0,0,0,0,200,200
356898,0,30,0,0,0,4,10,5,0,0,200,18,200,0,5,200,3,200,200,200,200
356898,0,30,0,0,0,4,10,5,0,0,200,18,200,0,7,0,0,0,0,200,200
356899,0,30,1,2,0,1,10,2,0,0,0,0,18,0,5,200,3,0,0,200,200
356899,0,30,1,2,0,1,10,2,0,0,0,0,18,0,7,0,0,0,0,200,200
356901,0,30,0,0,0,4,2,5,0,0,0,23,12,1,4,200,7,0,7,200,200
356901,1,30,0,0,0,4,2,5,0,0,0,23,12,1,4,200,200,200,200,200,200
356905,0,30,2,2,0,3,0,1,0,0,0,0,0,2,200,200,200,200,200,200,200
356905,0,30,2,2,0,3,0,1,0,0,0,0,0,0,5,200,0,0,0,200,200
356909,0,30,0,0,0,1,10,3,0,0,0,16,200,1,200,200,200,200,200,200,200
356909,0,30,0,0,0,1,10,3,0,0,0,16,200,0,6,0,0,200,0,200,200
356917,0,30,0,0,0,4,10,6,0,0,0,0,0,2,200,200,200,200,200,200,200
356917,0,30,0,0,0,4,10,6,0,0,0,0,0,1,6,200,0,0,0,200,200
356922,0,30,1,2,0,4,8,5,0,0,0,0,200,0,200,0,200,200,0,200,200
356922,4,30,1,2,0,4,8,5,0,0,0,0,200,0,6,3,0,200,0,200,200
356922,1,30,1,2,0,4,8,5,0,0,0,0,200,0,200,200,200,200,200,200,200
356928,0,30,0,0,0,1,7,6,0,0,200,0,0,2,200,200,200,200,200,200,200
356933,0,30,1,2,0,1,12,5,0,0,200,21,0,1,200,200,4,200,0,200,200
356933,0,30,1,2,0,1,12,5,0,0,200,21,0,1,8,0,12,0,0,200,200
356936,0,25,200,200,0,2,7,6,0,0,0,0,0,2,200,200,200,200,200,200,200
356955,0,30,0,0,0,3,7,6,0,0,0,11,200,0,9,0,12,0,0,200,200
356964,0,30,0,0,0,1,7,5,0,0,200,0,0,2,200,200,200,200,200,200,200
356982,0,30,0,0,0,3,14,2,0,0,0,21,11,0,4,0,2,0,0,200,200
356982,0,30,0,0,0,3,14,2,0,0,0,21,11,1,7,0,0,0,0,200,200
356983,0,30,1,2,0,3,12,5,0,0,0,20,0,2,200,200,6,200,200,200,200
356983,0,30,1,2,0,3,12,5,0,0,0,20,0,1,6,0,0,0,0,200,200
356995,0,30,1,2,0,4,10,5,0,0,200,18,0,1,200,200,3,200,200,200,200
356995,0,30,1,2,0,4,10,5,0,0,200,18,0,0,5,0,0,200,200,200,200
356995,1,30,1,2,0,4,10,5,0,0,200,18,0,0,200,0,200,200,200,200,200
356999,0,25,0,0,0,3,7,6,0,0,0,0,200,0,200,200,200,200,200,200,200
357000,0,30,0,0,0,3,14,5,0,0,200,22,17,0,6,200,2,0,0,200,200
357000,0,30,0,0,0,3,14,5,0,0,200,22,17,1,5,200,0,0,0,200,200
357000,1,30,0,0,0,3,14,5,0,0,200,22,17,200,200,200,200,200,200,200,200
357001,0,30,0,0,0,3,7,2,0,0,200,20,200,0,200,200,6,200,200,200,200
357002,0,30,0,0,0,3,2,5,0,0,0,0,0,0,200,200,200,200,200,200,200
357002,1,30,0,0,0,3,2,5,0,0,0,0,0,200,200,200,200,200,200,200,200
357003,0,5,0,0,0,1,2,5,0,0,0,21,200,0,8,0,12,0,0,200,200
357021,0,25,0,0,0,3,7,6,0,0,0,0,200,0,200,200,200,200,200,200,200
357022,0,30,0,0,0,3,7,5,0,0,0,16,21,2,200,200,4,200,200,200,200
357033,0,30,1,2,0,3,14,6,0,0,200,23,23,0,6,200,12,0,0,200,200
357041,0,30,0,0,0,0,10,5,0,0,0,18,200,0,5,200,3,200,200,200,200
357041,0,30,0,0,0,0,10,5,0,0,0,18,200,1,5,200,0,0,0,200,200
357041,1,30,0,0,0,0,10,5,0,0,0,18,200,1,5,0,200,200,200,200,200
357053,0,30,2,200,0,3,0,5,0,0,0,17,200,1,6,200,1,200,200,200,200
357053,0,30,2,200,0,3,0,5,0,0,0,17,200,0,7,200,200,200,200,200,200
357053,1,30,2,200,0,3,0,5,0,0,0,17,200,0,2,200,200,200,200,200,200
357053,1,30,2,200,0,3,0,5,0,0,0,17,200,0,7,200,200,200,200,200,200
357053,1,30,2,200,0,3,0,5,0,0,0,17,200,1,6,200,200,200,200,200,200
357053,1,30,2,200,0,3,0,5,0,0,0,17,200,0,3,200,200,200,200,200,200
357053,1,30,2,200,0,3,0,5,0,0,0,17,200,1,6,200,200,200,200,200,200
357053,1,30,2,200,0,3,0,5,0,0,0,17,200,0,1,200,200,200,200,200,200
357053,1,30,2,200,0,3,0,5,0,0,0,17,200,1,2,200,200,200,200,200,200
357061,0,30,0,0,0,3,12,5,0,0,0,32,0,0,5,200,12,200,5,0.17,200
357061,0,30,0,0,0,3,12,5,0,0,0,32,0,0,5,0,0,0,0,200,200
357072,0,30,1,2,0,3,10,5,0,0,0,0,0,1,200,0,0,0,0,200,200
357072,0,30,1,2,0,3,10,5,0,0,0,0,0,2,200,200,200,200,200,200,200
357092,0,30,0,0,200,200,7,6,0,200,200,0,0,2,200,200,200,200,200,200,200
357098,0,30,0,0,1,0,2,0,0,0,3,20,33,0,5,0,6,2,0,200,200
357098,1,30,0,0,1,0,2,0,0,0,3,20,33,0,6,0,200,200,200,200,200
357125,0,25,0,0,0,3,2,7,0,0,0,11,16,0,7,200,200,200,0,200,200
357130,0,30,6,200,0,3,14,5,0,0,0,0,0,0,5,200,200,200,200,200,200
357130,0,30,6,200,0,3,14,5,0,0,0,0,0,1,5,200,200,200,200,200,200
357144,0,30,2,2,0,3,7,5,0,0,0,25,16,1,200,200,12,200,200,200,200
357149,0,30,0,0,0,3,7,3,0,0,0,0,0,2,200,200,200,200,200,200,200
357156,0,30,2,2,0,3,10,5,0,0,0,32,5,0,9,0,200,0,5,200,200
357156,0,30,2,2,0,3,10,5,0,0,0,32,5,0,7,0,0,0,0,200,200
357160,0,30,0,0,0,3,9,6,0,0,0,11,11,1,2,200,12,12,0,200,200
357160,5,30,0,0,0,3,9,6,0,0,0,11,11,0,8,7,12,12,0,200,200
357174,0,30,1,2,1,3,0,2,0,0,0,32,200,0,5,200,1,0,5,0.12,200
357174,0,30,1,2,1,3,0,2,0,0,0,32,200,1,5,200,0,0,0,200,200
357174,1,30,1,2,1,3,0,2,0,0,0,32,200,0,6,200,200,200,200,200,200
357182,0,30,0,0,0,3,7,6,0,0,0,0,0,2,200,200,200,200,200,200,200
357185,0,30,0,0,0,3,7,6,0,0,0,20,0,0,200,200,6,200,200,200,200
357201,0,30,0,0,0,3,14,5,0,0,0,23,0,1,200,200,7,200,200,200,200
357201,0,30,0,0,0,3,14,5,0,0,0,23,0,0,6,200,200,0,0,200,200
357218,4,30,1,200,200,3,8,1,0,200,200,0,200,1,200,200,200,200,200,200,200
357218,0,30,1,200,200,3,8,1,0,200,200,0,200,0,6,200,200,0,200,200,200
357244,0,30,0,0,0,0,6,2,0,0,0,0,0,0,5,200,200,0,0,200,200
357244,1,30,0,0,0,0,6,2,0,0,0,0,0,1,2,200,200,200,200,200,200
357248,0,30,0,0,0,0,2,12,0,0,1,0,0,0,7,0,200,200,0,200,200
357249,0,30,0,0,0,3,11,5,2,0,0,21,0,0,200,200,4,200,200,200,200
357249,0,30,0,0,0,3,11,5,2,0,0,21,0,0,5,200,0,0,2,200,200
357249,1,30,0,0,0,3,11,5,2,0,0,21,0,1,5,200,200,200,200,200,200
357249,1,30,0,0,0,3,11,5,2,0,0,21,0,0,200,200,200,200,200,200,200
357259,0,30,0,0,0,2,7,5,0,0,0,0,7,1,4,200,200,0,1,200,200
357261,0,30,0,0,0,0,0,5,0,0,0,20,200,0,5,200,6,200,0,200,200
357261,0,30,0,0,0,0,0,5,0,0,0,20,200,0,8,0,0,200,0,200,200
357261,1,30,0,0,0,0,0,5,0,0,0,20,200,200,200,0,200,200,200,200,200
357265,0,30,1,2,0,3,10,2,0,0,0,0,0,0,200,200,1,200,200,200,200
357265,0,30,1,2,0,3,10,2,0,0,0,0,0,1,7,0,0,0,0,200,200
357273,0,25,0,0,0,2,7,5,0,0,0,17,200,1,6,0,1,0,0,200,200
357277,0,30,0,3,0,0,7,5,2,0,0,0,0,1,200,200,6,200,200,200,200
357283,0,30,1,2,0,1,14,3,3,0,0,17,200,0,5,0,1,0,0,200,200
357283,0,30,1,2,0,1,14,3,3,0,0,17,200,1,6,0,0,0,0,200,200
357284,0,30,0,0,0,1,14,2,0,0,0,17,17,0,6,0,1,0,0,200,200
357284,0,30,0,0,0,1,14,2,0,0,0,17,17,0,5,0,0,0,0,200,200
357284,1,30,0,0,0,1,14,2,0,0,0,17,17,1,6,0,200,200,200,200,200
357284,1,30,0,0,0,1,14,2,0,0,0,17,17,0,5,0,200,200,200,200,200
357286,0,30,1,0,0,1,10,5,0,0,1,18,200,0,6,0,3,0,0,200,200
357286,0,30,1,0,0,1,10,5,0,0,1,18,200,0,7,0,0,0,0,200,200
357291,0,30,0,0,0,3,7,5,0,0,0,16,12,1,5,0,4,0,0,200,200
357291,1,30,0,0,0,3,7,5,0,0,0,16,12,1,5,0,200,200,200,200,200
357293,0,35,0,0,0,1,7,5,0,0,0,0,0,2,200,200,200,200,200,200,200
357296,0,30,0,0,0,1,10,6,2,1,2,16,200,0,6,0,3,0,5,200,200
357296,0,30,0,0,0,1,10,6,2,1,2,16,200,1,6,0,0,0,1,200,200
357301,0,45,0,0,0,1,2,3,0,0,0,0,0,0,7,0,200,0,0,200,200
357307,0,30,2,0,0,3,10,5,0,0,0,18,200,0,200,200,3,200,200,200,200
357307,0,30,2,0,0,3,10,5,0,0,0,18,200,1,6,0,0,0,0,200,200
357315,0,30,0,0,0,4,11,5,0,0,0,0,200,2,200,200,200,200,200,200,200
357315,0,30,0,0,0,4,11,5,0,0,0,0,200,1,200,200,5,200,200,200,200
357315,1,30,0,0,0,4,11,5,0,0,0,0,200,0,6,200,200,200,200,200,200
357317,0,35,1,2,0,3,9,2,0,0,0,0,0,0,200,200,200,200,200,200,200
357317,5,35,1,2,0,3,9,2,0,0,0,0,0,0,5,7,0,0,0,200,200
357317,1,35,1,2,0,3,9,2,0,0,0,0,0,200,200,200,200,200,200,200,200
357324,5,30,1,2,0,1,9,2,0,0,0,0,0,0,5,7,12,0,0,200,200
357324,0,30,1,2,0,1,9,2,0,0,0,0,0,1,7,1,12,0,0,200,200
357325,0,30,0,0,0,1,14,5,0,0,0,0,0,0,7,0,0,0,0,200,200
357325,0,30,0,0,0,1,14,5,0,0,0,0,0,0,6,0,0,0,0,200,200
357329,0,30,2,200,0,1,14,5,1,200,200,200,200,1,200,200,7,200,200,200,200
357329,0,30,2,200,0,1,14,5,1,200,200,200,200,0,200,200,200,200,200,200,200
357335,0,30,0,0,0,1,7,5,0,0,0,21,200,1,5,0,4,0,0,200,200
357336,0,15,0,3,0,1,7,5,0,0,0,0,0,2,200,200,200,200,200,200,200
357340,0,30,0,0,0,1,10,5,0,0,200,17,200,1,6,0,1,200,0,200,200
357340,0,30,0,0,0,1,10,5,0,0,200,17,200,0,7,0,0,0,0,200,200
357353,0,30,0,0,0,200,7,6,0,0,0,0,27,2,200,200,12,200,200,200,200
357355,0,25,0,0,0,1,2,0,0,0,0,33,0,0,6,0,0,3,0,200,200
357356,0,30,2,2,0,1,12,5,0,0,0,21,8,0,6,7,12,0,0,200,200