RD_NO,PERSON_TYPE,POSTED_SPEED_LIMIT,TRAFFIC_CONTROL_DEVICE,DEVICE_CONDITION,WEATHER_CONDITION,LIGHTING_CONDITION,FIRST_CRASH_TYPE,TRAFFICWAY_TYPE,ALIGNMENT,ROADWAY_SURFACE_COND,ROAD_DEFECT,PRIM_CONTRIBUTORY_CAUSE,SEC_CONTRIBUTORY_CAUSE,SEX,AGE,SAFETY_EQUIPMENT,DRIVER_ACTION,DRIVER_VISION,PHYSICAL_CONDITION,BAC_RESULT VALUE,CELL_PHONE_USE
357356,0,30,2,2,0,1,12,5,0,0,0,21,8,0,7,0,2,0,0,200,200
357360,0,15,0,0,0,3,10,12,1,0,0,0,200,1,200,200,200,200,200,200,200
357360,0,15,0,0,0,3,10,12,1,0,0,0,200,1,8,0,0,0,0,200,200
357360,1,15,0,0,0,3,10,12,1,0,0,0,200,0,200,200,200,200,200,200,200
357362,0,25,0,2,0,1,10,2,0,0,0,18,200,0,6,0,3,0,0,200,200
357362,0,25,0,2,0,1,10,2,0,0,0,18,200,0,7,0,0,0,0,200,200
357362,1,25,0,2,0,1,10,2,0,0,0,18,200,1,5,0,200,200,200,200,200
357372,0,25,0,0,0,1,7,5,0,0,0,0,0,2,200,200,200,200,200,200,200
357374,0,30,0,0,0,1,12,5,0,0,0,0,200,1,6,0,4,0,0,200,200
357374,0,30,0,0,0,1,12,5,0,0,0,0,200,1,4,0,0,0,0,200,200
357374,1,30,0,0,0,1,12,5,0,0,0,0,200,0,200,0,200,200,200,200,200
357377,0,20,0,0,0,1,7,5,0,0,0,0,0,0,200,200,200,200,200,200,200
357380,0,30,1,2,0,1,14,3,2,0,0,17,17,1,6,0,1,0,0,200,200
357380,0,30,1,2,0,1,14,3,2,0,0,17,17,0,6,0,0,0,0,200,200
357384,0,35,0,0,0,1,12,3,0,0,0,16,200,1,5,0,1,0,0,200,200
357384,0,35,0,0,0,1,12,3,0,0,0,16,200,0,6,200,0,0,0,200,200
357393,0,10,0,0,200,200,7,7,0,200,200,200,200,2,200,200,200,200,200,200,200
357399,0,25,0,0,0,1,7,5,0,0,0,0,0,2,200,200,1,200,200,200,200
357403,0,30,1,2,0,1,12,3,0,0,0,22,200,1,200,0,200,0,0,200,200
357403,0,30,1,2,0,1,12,3,0,0,0,22,200,1,200,0,0,0,0,200,200
357404,0,25,12,0,0,1,3,2,0,0,0,20,16,0,6,0,6,200,0,200,200
357404,0,25,12,0,0,1,3,2,0,0,0,20,16,1,5,0,12,200,0,200,200
357407,0,30,1,2,0,1,10,1,0,0,0,18,18,0,5,0,3,0,0,200,200
357407,0,30,1,2,0,1,10,1,0,0,0,18,18,0,6,0,0,0,0,200,200
357408,0,30,0,0,0,1,12,5,0,0,0,21,16,0,200,200,4,200,200,200,200
357408,0,30,0,0,0,1,12,5,0,0,0,21,16,0,6,0,0,0,0,200,200
357411,0,35,1,2,0,1,10,3,0,0,0,18,200,0,6,200,3,200,200,200,200
357411,0,35,1,2,0,1,10,3,0,0,0,18,200,0,200,200,0,200,200,200,200
357411,0,35,1,2,0,1,10,3,0,0,0,18,200,0,6,0,0,0,0,200,200
357411,1,35,1,2,0,1,10,3,0,0,0,18,200,1,200,0,200,200,200,200,200
357412,0,30,0,0,0,1,14,5,0,0,0,23,22,0,6,200,12,0,5,200,200
357412,0,30,0,0,0,1,14,5,0,0,0,23,22,0,7,0,2,0,0,200,200
357419,0,35,0,0,0,1,10,5,0,0,0,18,200,1,200,200,3,200,200,200,200
357419,0,35,0,0,0,1,10,5,0,0,0,18,200,0,7,0,0,0,0,200,200
357426,0,45,3,2,0,1,10,3,0,0,0,11,11,1,6,0,12,0,0,200,200
357426,0,45,3,2,0,1,10,3,0,0,0,11,11,0,7,0,12,0,0,200,200
357426,0,45,3,2,0,1,10,3,0,0,0,11,11,1,5,0,12,0,0,200,200
357426,0,45,3,2,0,1,10,3,0,0,0,11,11,1,7,0,12,0,0,200,200
357427,0,30,0,0,0,1,14,6,0,0,0,0,0,0,8,200,200,200,200,200,200
357427,0,30,0,0,0,1,14,6,0,0,0,0,0,0,8,200,200,200,200,200,200
357433,0,30,0,0,0,1,10,5,0,0,0,18,200,1,5,0,3,0,0,200,200
357433,0,30,0,0,0,1,10,5,0,0,0,18,200,0,8,0,0,0,0,200,200
357434,0,30,0,0,0,1,0,7,0,0,0,17,0,0,200,200,1,200,200,200,200
357434,0,30,0,0,0,1,0,7,0,0,0,17,0,0,6,0,12,12,0,200,200
357434,1,30,0,0,0,1,0,7,0,0,0,17,0,0,200,0,200,200,200,200,200
357435,0,30,1,2,2,1,12,5,0,1,0,22,23,1,200,200,7,200,200,200,200
357435,0,30,1,2,2,1,12,5,0,1,0,22,23,0,9,200,0,0,0,200,200
357436,0,30,0,0,0,3,2,3,0,0,0,3,29,0,6,200,0,0,0,200,200
357444,0,30,2,0,0,1,12,5,0,0,0,0,0,0,200,200,200,200,200,200,200
357444,0,30,2,0,0,1,12,5,0,0,0,0,0,0,5,0,0,0,0,200,200
357446,0,30,0,0,0,1,7,5,0,0,0,200,200,0,6,0,12,0,0,200,200
357446,1,30,0,0,0,1,7,5,0,0,0,200,200,0,200,0,200,200,200,200,200
357446,1,30,0,0,0,1,7,5,0,0,0,200,200,0,200,0,200,200,200,200,200
357446,1,30,0,0,0,1,7,5,0,0,0,200,200,0,200,0,200,200,200,200,200
357448,0,30,0,200,200,200,7,5,0,200,0,0,200,2,200,200,200,200,200,200,200
357453,0,30,0,0,0,1,10,5,0,0,0,27,27,0,5,0,12,0,2,200,200
357453,0,30,0,0,0,1,10,5,0,0,0,27,27,1,5,0,0,0,0,200,200
357453,0,30,0,0,0,1,10,5,0,0,0,27,27,0,5,0,0,0,0,200,200
357453,0,30,0,0,0,1,10,5,0,0,0,27,27,0,6,0,0,0,0,200,200
357453,0,30,0,0,0,1,10,5,0,0,0,27,27,0,5,0,0,0,0,200,200
357454,0,10,0,0,0,1,0,7,0,0,0,20,200,1,200,200,6,200,200,200,200
357454,0,10,0,0,0,1,0,7,0,0,0,20,200,1,7,0,0,0,0,200,200
357455,0,30,0,0,0,1,12,6,0,0,0,22,200,0,200,7,1,0,0,200,200
357455,0,30,0,0,0,1,12,6,0,0,0,22,200,0,200,7,0,0,0,200,200
357456,0,5,2,2,0,1,14,7,0,0,0,0,0,1,8,0,1,0,0,200,200
357456,0,5,2,2,0,1,14,7,0,0,0,0,0,1,0,1,0,0,0,200,200
357462,0,30,1,2,0,1,14,5,0,0,0,200,200,2,200,200,200,200,200,200,200
357462,0,30,1,2,0,1,14,5,0,0,0,200,200,1,6,7,0,0,0,200,200
357467,0,20,0,0,2,1,12,6,0,0,2,0,200,0,200,200,0,200,200,200,200
357467,0,20,0,0,2,1,12,6,0,0,2,0,200,0,7,0,0,0,0,200,200
357471,0,30,200,200,200,200,7,5,0,200,200,200,200,2,200,200,200,200,200,200,200
357476,0,30,0,0,0,1,7,5,0,0,0,0,200,1,7,7,12,0,0,200,200
357476,1,30,0,0,0,1,7,5,0,0,0,0,200,1,200,200,200,200,200,200,200
357479,0,35,0,0,0,1,10,2,0,0,0,18,18,0,6,7,0,0,0,200,200
357479,0,35,0,0,0,1,10,2,0,0,0,18,18,1,5,7,3,0,0,200,200
357487,0,30,1,2,0,1,10,5,0,0,0,18,0,0,6,200,3,200,200,200,200
357487,0,30,1,2,0,1,10,5,0,0,0,18,0,0,7,0,0,0,0,200,200
357487,1,30,1,2,0,1,10,5,0,0,0,18,0,0,2,0,200,200,200,200,200
357488,0,30,0,0,200,200,7,5,0,200,200,0,200,2,200,200,200,200,200,200,200
357493,0,30,1,2,0,1,10,6,0,0,0,20,200,0,6,0,6,200,0,200,200
357493,0,30,1,2,0,1,10,6,0,0,0,20,200,1,5,200,0,200,0,200,200
357493,1,30,1,2,0,1,10,6,0,0,0,20,200,0,7,0,200,200,200,200,200
357494,0,30,1,2,0,1,14,2,0,0,0,22,22,0,6,0,7,0,0,200,200
357494,0,30,1,2,0,1,14,2,0,0,0,22,22,0,6,0,0,0,0,200,200
357494,1,30,1,2,0,1,14,2,0,0,0,22,22,0,2,0,200,200,200,200,200
357497,0,35,1,2,0,1,10,2,0,0,0,18,18,1,6,0,3,0,0,200,200
357497,0,35,1,2,0,1,10,2,0,0,0,18,18,0,6,0,0,0,0,200,200
357506,0,20,0,0,0,0,7,12,0,0,0,21,200,2,200,200,200,200,200,200,200
357510,0,30,1,2,0,1,14,2,0,0,0,0,200,0,8,0,200,0,0,200,200
357510,0,30,1,2,0,1,14,2,0,0,0,0,200,1,8,0,0,0,0,200,200
357510,1,30,1,2,0,1,14,2,0,0,0,0,200,1,200,200,200,200,200,200,200
357511,0,30,0,2,2,2,10,5,0,1,0,18,18,1,5,200,8,0,0,200,200
357511,0,30,0,2,2,2,10,5,0,1,0,18,18,1,4,200,0,0,0,200,200
357511,1,30,0,2,2,2,10,5,0,1,0,18,18,1,5,200,200,200,200,200,200
357511,1,30,0,2,2,2,10,5,0,1,0,18,18,0,0,5,200,200,200,200,200
357514,0,30,12,0,0,1,12,12,0,0,0,11,0,0,200,0,12,0,0,200,200
357514,0,30,12,0,0,1,12,12,0,0,0,11,0,1,200,7,12,0,0,200,200
357514,1,30,12,0,0,1,12,12,0,0,0,11,0,2,200,0,200,200,200,200,200
357516,0,39,0,0,0,1,7,4,0,0,0,11,27,0,9,0,12,0,0,200,200
357521,0,30,0,0,0,1,14,5,0,0,0,0,200,1,5,200,0,0,0,200,200
357521,0,30,0,0,0,1,14,5,0,0,0,0,200,1,0,7,0,0,0,200,200
357523,0,15,0,0,0,3,7,6,0,0,0,0,200,2,200,200,200,200,200,200,200
357525,0,30,0,0,0,1,10,5,0,0,0,18,200,1,4,0,3,0,0,200,200
357525,0,30,0,0,0,1,10,5,0,0,0,18,200,0,5,0,0,0,0,200,200
357525,1,30,0,0,0,1,10,5,0,0,0,18,200,1,5,0,200,200,200,200,200
357530,0,30,0,0,0,1,7,12,3,0,0,200,200,0,8,0,12,0,0,200,200
357533,0,30,1,2,0,1,0,5,0,1,0,0,0,0,5,0,12,0,0,200,200
357533,0,30,1,2,0,1,0,5,0,1,0,0,0,1,7,0,0,0,0,200,200
357540,0,35,1,2,2,1,12,2,0,1,0,25,200,0,6,0,12,0,0,200,200
357540,0,35,1,2,2,1,12,2,0,1,0,25,200,0,8,0,0,0,0,200,200
357541,0,30,0,0,1,1,10,3,0,0,0,20,11,0,7,200,6,200,200,200,200
357541,0,30,0,0,1,1,10,3,0,0,0,20,11,1,5,0,0,0,0,200,200
357541,1,30,0,0,1,1,10,3,0,0,0,20,11,0,5,0,200,200,200,200,200
357545,0,30,1,2,0,1,10,5,0,0,0,0,0,1,5,200,200,200,200,200,200
357545,0,30,1,2,0,1,10,5,0,0,0,0,0,1,5,0,0,0,0,200,200
357546,0,30,1,2,0,1,14,5,0,0,0,23,200,0,8,7,1,0,0,200,200
357546,0,30,1,2,0,1,14,5,0,0,0,23,200,1,6,0,0,0,0,200,200
357552,0,25,0,0,2,1,5,6,0,1,0,25,200,0,200,200,200,200,200,200,200
357563,0,35,1,2,0,3,10,5,0,0,0,8,8,0,6,0,12,0,0,200,200
357563,0,35,1,2,0,3,10,5,0,0,0,8,8,1,6,200,0,0,0,200,200
357565,0,30,1,2,0,1,10,5,0,0,0,0,0,0,5,0,200,0,0,200,200
357565,0,30,1,2,0,1,10,5,0,0,0,0,0,1,6,0,200,0,0,200,200
357567,0,30,0,0,2,1,14,5,0,1,0,17,200,0,200,0,7,0,0,200,200
357567,0,30,0,0,2,1,14,5,0,1,0,17,200,0,200,0,0,0,0,200,200
357569,0,30,9,2,2,1,12,3,0,0,0,22,200,0,6,200,2,0,0,200,200
357569,0,30,9,2,2,1,12,3,0,0,0,22,200,0,6,7,0,0,0,200,200
357570,0,20,0,0,0,0,7,12,0,0,0,21,200,2,200,200,200,200,200,200,200
357572,0,30,0,0,2,1,14,5,0,1,200,0,200,0,7,200,1,200,200,200,200
357572,0,30,0,0,2,1,14,5,0,1,200,0,200,0,7,0,0,0,0,200,200
357576,0,35,0,0,2,1,10,2,0,1,0,0,0,1,7,0,12,0,0,200,200
357576,0,35,0,0,2,1,10,2,0,1,0,0,0,1,8,0,12,0,0,200,200
357576,1,35,0,0,2,1,10,2,0,1,0,0,0,1,3,0,200,200,200,200,200
357576,1,35,0,0,2,1,10,2,0,1,0,0,0,0,6,0,200,200,200,200,200
357582,0,30,1,1,1,1,10,5,0,0,0,16,200,0,200,200,8,200,200,200,200
357582,0,30,1,1,1,1,10,5,0,0,0,16,200,1,6,0,0,0,0,200,200
357585,0,35,0,0,2,1,7,2,0,1,0,0,0,1,5,0,12,0,0,200,200
357585,1,35,0,0,2,1,7,2,0,1,0,0,0,1,5,0,200,200,200,200,200
357585,1,35,0,0,2,1,7,2,0,1,0,0,0,1,6,0,200,200,200,200,200
357592,0,0,0,0,200,200,7,6,0,200,0,0,200,2,200,200,200,200,200,200,200
357597,0,30,0,0,2,1,7,5,0,1,0,0,200,2,200,200,200,200,200,200,200
357601,0,30,3,2,0,1,12,5,0,0,0,0,0,1,7,0,10,0,0,200,200
357601,0,30,3,2,0,1,12,5,0,0,0,0,0,1,5,0,0,0,0,200,200
357604,0,30,0,0,0,1,2,6,0,0,0,10,200,0,200,200,7,200,200,200,200
357608,0,40,0,0,0,1,4,2,0,0,1,29,0,0,6,0,0,0,0,200,200
357611,0,30,0,0,2,1,12,3,0,1,0,21,200,0,5,0,4,0,0,200,200
357611,0,30,0,0,2,1,12,3,0,1,0,21,200,1,6,0,0,0,0,200,200
357614,0,30,0,0,0,1,10,5,0,0,0,18,18,0,6,0,3,0,0,200,200
357614,0,30,0,0,0,1,10,5,0,0,0,18,18,0,7,0,0,0,0,200,200
357618,0,30,2,0,1,1,7,5,0,0,0,23,7,0,6,200,12,0,200,200,200
357618,1,30,2,0,1,1,7,5,0,0,0,23,7,200,200,200,200,200,200,200,200
357618,1,30,2,0,1,1,7,5,0,0,0,23,7,0,7,200,200,200,200,200,200
357619,0,30,0,0,0,1,10,2,0,0,0,18,200,1,4,200,3,0,0,200,200
357619,0,30,0,0,0,1,10,2,0,0,0,18,200,0,5,200,3,0,0,200,200
357619,0,30,0,0,0,1,10,2,0,0,0,18,200,1,7,0,0,0,0,200,200
357619,1,30,0,0,0,1,10,2,0,0,0,18,200,1,5,200,200,200,200,200,200
357619,1,30,0,0,0,1,10,2,0,0,0,18,200,2,5,200,200,200,200,200,200
357619,1,30,0,0,0,1,10,2,0,0,0,18,200,1,5,0,200,200,200,200,200
357619,1,30,0,0,0,1,10,2,0,0,0,18,200,1,200,5,200,200,200,200,200
357621,4,25,1,2,2,1,8,3,0,1,0,21,200,0,200,200,0,0,0,200,200
357621,0,25,1,2,2,1,8,3,0,1,0,21,200,0,8,200,0,0,0,200,200
357621,1,25,1,2,2,1,8,3,0,1,0,21,200,0,6,200,200,200,200,200,200
357626,0,30,0,0,0,1,10,2,0,1,0,18,0,0,6,200,3,200,0,200,200
357626,0,30,0,0,0,1,10,2,0,1,0,18,0,1,5,200,0,0,0,200,200
357631,0,30,0,0,0,1,14,5,0,1,0,21,17,0,5,200,12,200,0,200,200
357631,0,30,0,0,0,1,14,5,0,1,0,21,17,0,6,200,7,200,0,200,200
357631,1,30,0,0,0,1,14,5,0,1,0,21,17,0,200,200,200,200,200,200,200
357632,0,35,1,2,2,1,10,2,0,1,0,18,200,0,5,0,3,0,0,200,200
357632,0,35,1,2,2,1,10,2,0,1,0,18,200,0,5,0,0,0,0,200,200
357638,0,30,0,0,1,1,7,5,0,0,0,22,200,0,8,0,2,0,0,200,200
357647,0,30,1,2,0,1,10,5,0,0,0,18,200,0,200,0,3,0,0,200,200
357647,0,30,1,2,0,1,10,5,0,0,0,18,200,0,9,0,0,0,0,200,200
357650,0,30,0,0,0,1,7,5,0,0,0,21,200,0,200,200,7,200,200,200,200
357651,0,30,2,2,2,1,14,5,0,1,0,16,0,1,6,200,8,0,0,200,200
357651,0,30,2,2,2,1,14,5,0,1,0,16,0,0,7,200,0,0,0,200,200
357654,0,30,1,2,0,1,10,2,0,1,0,20,200,2,200,200,6,200,200,200,200
357654,0,30,1,2,0,1,10,2,0,1,0,20,200,1,4,200,0,200,0,200,200
357656,0,30,1,2,0,1,14,5,0,0,0,0,0,0,200,200,5,200,200,200,200
357656,0,30,1,2,0,1,14,5,0,0,0,0,0,1,6,0,0,0,0,200,200
357656,1,30,1,2,0,1,14,5,0,0,0,0,0,1,3,0,200,200,200,200,200
357658,0,30,0,0,0,3,14,2,0,0,0,17,0,1,6,0,1,0,0,200,200
357658,0,30,0,0,0,3,14,2,0,0,0,17,0,1,5,0,0,0,0,200,200
357659,0,30,2,0,1,1,5,3,0,0,12,28,0,0,5,200,200,0,0,200,200
357659,0,30,2,0,1,1,5,3,0,0,12,28,0,0,7,200,200,0,0,200,200
357660,0,5,1,2,2,1,14,5,0,1,0,18,0,1,6,200,200,1,200,200,200
357660,0,5,1,2,2,1,14,5,0,1,0,18,0,0,7,0,12,1,0,200,200
357663,0,30,0,0,0,1,12,2,0,1,0,0,0,1,5,0,1,0,0,200,200
357663,0,30,0,0,0,1,12,2,0,1,0,0,0,0,5,0,1,0,0,200,200
357671,0,30,0,0,0,1,12,5,0,0,0,0,200,0,200,200,4,200,200,200,200
357671,0,30,0,0,0,1,12,5,0,0,0,0,200,0,5,0,0,0,0,200,200
357671,1,30,0,0,0,1,12,5,0,0,0,0,200,1,200,200,200,200,200,200,200
357671,1,30,0,0,0,1,12,5,0,0,0,0,200,1,200,200,200,200,200,200,200
357671,1,30,0,0,0,1,12,5,0,0,0,0,200,1,200,200,200,200,200,200,200
357676,0,30,1,2,0,1,10,5,0,0,0,18,0,1,5,0,3,0,0,200,200
357676,0,30,1,2,0,1,10,5,0,0,0,18,0,0,6,0,0,0,0,200,200
357679,0,30,1,2,0,1,14,6,0,0,0,17,200,0,6,0,7,200,0,200,200
357679,0,30,1,2,0,1,14,6,0,0,0,17,200,0,5,200,0,200,12,200,200
357680,0,30,1,2,0,1,12,5,0,0,0,22,0,1,6,200,2,200,0,200,200
357680,0,30,1,2,0,1,12,5,0,0,0,22,0,1,5,0,0,0,0,200,200
357680,1,30,1,2,0,1,12,5,0,0,0,22,0,0,200,0,200,200,200,200,200
357690,0,30,0,0,1,1,12,2,0,0,0,0,200,1,8,200,200,200,200,200,200
357690,0,30,0,0,1,1,12,2,0,0,0,0,200,0,5,0,200,0,0,200,200
357691,0,35,2,2,0,1,0,12,0,0,0,17,200,0,8,0,1,0,0,200,200
357691,0,35,2,2,0,1,0,12,0,0,0,17,200,0,6,0,0,0,0,200,200
357691,1,35,2,2,0,1,0,12,0,0,0,17,200,0,200,0,200,200,200,200,200
357691,1,35,2,2,0,1,0,12,0,0,0,17,200,1,200,0,200,200,200,200,200
357691,1,35,2,2,0,1,0,12,0,0,0,17,200,0,200,0,200,200,200,200,200
357716,0,20,0,0,0,1,11,5,0,0,0,200,200,0,200,200,12,200,200,200,200
357716,0,20,0,0,0,1,11,5,0,0,0,200,200,1,200,0,0,0,0,200,200
357716,1,20,0,0,0,1,11,5,0,0,0,200,200,1,200,0,200,200,200,200,200
357722,0,30,0,0,2,1,14,5,0,1,0,23,17,1,8,200,7,0,0,200,200
357722,0,30,0,0,2,1,14,5,0,1,0,23,17,0,6,200,0,0,0,200,200
357723,0,10,0,0,200,1,7,7,0,200,200,0,0,2,200,200,200,200,200,200,200
357726,0,30,2,2,2,1,0,5,0,1,0,34,15,0,5,0,8,0,0,200,200
357726,0,30,2,2,2,1,0,5,0,1,0,34,15,0,6,0,0,0,0,200,200
357726,1,30,2,2,2,1,0,5,0,1,0,34,15,1,3,0,200,200,200,200,200
357727,0,30,200,200,0,1,14,6,0,1,0,22,0,0,9,200,200,0,0,200,200
357727,0,30,200,200,0,1,14,6,0,1,0,22,0,1,5,200,200,0,0,200,200
357730,0,30,1,2,1,1,10,5,0,1,200,0,0,1,200,200,1,200,200,200,200
357730,0,30,1,2,1,1,10,5,0,1,200,0,0,0,6,0,0,0,0,200,200
357732,0,30,0,0,0,3,0,0,0,0,0,0,200,0,200,200,1,200,200,200,200
357732,0,30,0,0,0,3,0,0,0,0,0,0,200,0,6,0,0,0,0,200,200
357732,1,30,0,0,0,3,0,0,0,0,0,0,200,1,6,0,200,200,200,200,200
357732,1,30,0,0,0,3,0,0,0,0,0,0,200,1,0,0,200,200,200,200,200
357746,0,35,0,0,2,1,12,3,0,1,0,25,22,0,200,200,2,200,200,200,200
357746,0,35,0,0,2,1,12,3,0,1,0,25,22,1,5,0,0,0,0,200,200
357746,1,35,0,0,2,1,12,3,0,1,0,25,22,0,200,200,200,200,200,200,200
357746,1,35,0,0,2,1,12,3,0,1,0,25,22,0,200,200,200,200,200,200,200
357746,1,35,0,0,2,1,12,3,0,1,0,25,22,1,7,200,200,200,200,200,200
357747,0,30,0,0,0,1,11,5,0,0,0,0,200,0,7,0,200,200,200,200,200
357747,0,30,0,0,0,1,11,5,0,0,0,0,200,0,7,0,0,0,0,200,200
357747,1,30,0,0,0,1,11,5,0,0,0,0,200,0,200,0,200,200,200,200,200
357747,1,30,0,0,0,1,11,5,0,0,0,0,200,0,200,0,200,200,200,200,200
357749,0,30,0,0,0,1,12,5,0,0,0,11,200,0,7,0,1,0,0,200,200
357749,0,30,0,0,0,1,12,5,0,0,0,11,200,0,200,200,0,200,0,200,200
357750,1,35,1,200,2,1,14,5,0,200,200,200,200,200,200,200,200,200,200,200,200
357750,0,35,1,200,2,1,14,5,0,200,200,200,200,0,7,200,200,200,0,200,200
357750,0,35,1,200,2,1,14,5,0,200,200,200,200,0,7,200,0,200,0,200,200
357750,1,35,1,200,2,1,14,5,0,200,200,200,200,1,200,200,200,200,200,200,200
357752,0,15,0,0,0,1,7,7,0,0,0,20,16,1,7,200,6,200,0,200,200
357752,1,15,0,0,0,1,7,7,0,0,0,20,16,1,200,5,200,200,200,200,200
357752,1,15,0,0,0,1,7,7,0,0,0,20,16,1,200,5,200,200,200,200,200
357756,0,30,0,0,2,1,10,5,0,1,0,0,0,0,7,0,0,0,0,200,200
357756,0,30,0,0,2,1,10,5,0,1,0,0,0,0,6,0,0,0,0,200,200
357757,0,30,1,2,0,1,14,5,0,1,0,17,34,0,7,0,1,0,0,200,200
357757,0,30,1,2,0,1,14,5,0,1,0,17,34,1,7,0,0,0,0,200,200
357757,0,30,1,2,0,1,14,5,0,1,0,17,34,0,8,0,0,0,0,200,200
357759,0,30,0,0,0,1,7,2,0,0,0,0,200,0,200,200,1,200,200,200,200
357762,0,30,0,0,0,1,11,2,0,0,0,0,200,0,200,200,200,200,200,200,200
357762,0,30,0,0,0,1,11,2,0,0,0,0,200,0,5,0,0,0,0,200,200
357773,0,30,1,200,0,1,14,2,0,1,0,0,200,0,4,200,0,200,0,200,200
357773,0,30,1,200,0,1,14,2,0,1,0,0,200,0,7,200,200,200,200,200,200
357777,0,30,1,2,0,1,7,2,0,0,0,0,200,1,6,0,0,0,0,200,200
357786,0,30,1,2,1,1,12,6,0,0,0,21,200,0,6,0,4,0,0,200,200
357786,0,30,1,2,1,1,12,6,0,0,0,21,200,0,5,0,0,0,0,200,200
357786,1,30,1,2,1,1,12,6,0,0,0,21,200,0,200,0,200,200,200,200,200
357794,0,30,1,2,2,1,0,5,0,1,0,6,200,1,8,200,5,0,0,200,200
357794,0,30,1,2,2,1,0,5,0,1,0,6,200,1,5,200,0,0,0,200,200
357797,0,30,0,0,2,1,14,5,0,1,0,0,0,1,4,0,0,200,0,200,200
357797,0,30,0,0,2,1,14,5,0,1,0,0,0,0,5,0,200,200,0,200,200
357798,0,0,0,0,0,1,0,7,0,0,0,0,200,1,6,0,0,0,0,200,200
357798,0,0,0,0,0,1,0,7,0,0,0,0,200,1,7,0,0,0,0,200,200
357800,0,30,0,0,0,1,7,5,0,0,0,20,200,0,200,200,12,0,0,200,200
357803,0,35,12,2,0,1,14,12,0,0,0,23,22,0,200,200,7,200,200,200,200
357803,0,35,12,2,0,1,14,12,0,0,0,23,22,0,6,0,0,0,0,200,200
357807,0,30,2,2,0,1,0,5,0,0,0,17,200,0,200,200,1,200,0,200,200
357807,0,30,2,2,0,1,0,5,0,0,0,17,200,0,7,0,0,0,0,200,200
357813,0,20,0,0,0,1,12,2,0,0,200,0,200,0,200,200,200,200,200,200,200
357813,0,20,0,0,0,1,12,2,0,0,200,0,200,0,5,200,200,200,200,200,200
357827,0,30,2,2,0,1,10,2,0,0,0,18,200,1,200,200,3,200,200,200,200
357827,0,30,2,2,0,1,10,2,0,0,0,18,200,1,5,0,0,0,0,200,200
357827,1,30,2,2,0,1,10,2,0,0,0,18,200,1,2,0,200,200,200,200,200
357827,1,30,2,2,0,1,10,2,0,0,0,18,200,2,200,200,200,200,200,200,200
357830,0,30,1,2,2,1,10,5,0,1,0,0,200,0,5,0,3,0,0,200,200
357830,0,30,1,2,2,1,10,5,0,1,0,0,200,1,6,0,0,0,0,200,200
357831,0,30,0,0,0,1,7,200,0,0,200,0,0,0,5,200,200,200,0,200,200
357840,0,30,200,200,2,1,10,7,0,1,200,0,200,1,6,200,200,200,0,200,200
357840,0,30,200,200,2,1,10,7,0,1,200,0,200,0,6,200,200,200,0,200,200
357841,0,30,0,0,0,1,10,6,0,0,0,20,20,0,200,200,12,200,200,200,200
357841,0,30,0,0,0,1,10,6,0,0,0,20,20,1,5,0,0,0,0,200,200
357842,0,30,0,0,200,3,7,6,0,200,0,0,200,2,200,200,200,200,200,200,200
357843,0,30,0,0,0,1,12,5,0,0,0,0,0,0,200,200,4,200,200,200,200
357843,0,30,0,0,0,1,12,5,0,0,0,0,0,0,7,0,0,0,0,200,200
357845,0,30,1,2,0,1,14,5,0,1,0,0,200,0,7,0,200,1,0,200,200
357845,0,30,1,2,0,1,14,5,0,1,0,0,200,1,7,0,200,1,0,200,200
357845,1,30,1,2,0,1,14,5,0,1,0,0,200,1,6,4,200,200,200,200,200
357845,1,30,1,2,0,1,14,5,0,1,0,0,200,1,8,200,200,200,200,200,200
357846,0,35,1,2,2,1,12,6,0,1,0,16,200,0,200,200,3,200,200,200,200
357846,0,35,1,2,2,1,12,6,0,1,0,16,200,0,5,0,0,0,0,200,200
357852,0,30,1,2,0,1,0,2,0,0,0,6,200,1,7,0,200,200,0,200,200
357852,0,30,1,2,0,1,0,2,0,0,0,6,200,0,6,0,0,0,0,200,200
357855,0,30,0,0,1,2,7,5,0,0,0,20,0,0,6,7,6,0,0,200,200
357862,0,30,0,0,2,1,10,5,0,1,200,18,0,0,6,200,12,200,0,200,200
357862,0,30,0,0,2,1,10,5,0,1,200,18,0,0,5,200,12,0,0,200,200
357864,0,10,0,0,2,1,7,7,0,1,200,33,0,1,9,0,12,12,0,200,200
357864,1,10,0,0,2,1,7,7,0,1,200,33,0,1,2,0,200,200,200,200,200
357867,0,30,2,2,2,1,2,5,0,1,0,34,0,2,200,200,200,200,200,200,200
357868,0,30,0,0,0,1,0,6,0,0,3,23,0,1,6,0,7,200,0,200,200
357868,0,30,0,0,0,1,0,6,0,0,3,23,0,0,6,0,12,200,0,200,200
357868,1,30,0,0,0,1,0,6,0,0,3,23,0,0,2,0,200,200,200,200,200
357868,1,30,0,0,0,1,0,6,0,0,3,23,0,1,6,0,200,200,200,200,200
357868,1,30,0,0,0,1,0,6,0,0,3,23,0,0,2,0,200,200,200,200,200
357868,1,30,0,0,0,1,0,6,0,0,3,23,0,0,2,0,200,200,200,200,200
357869,0,30,0,0,2,1,10,5,0,1,0,18,34,0,5,200,3,0,0,200,200
357869,0,30,0,0,2,1,10,5,0,1,0,18,34,0,5,200,0,0,0,200,200