RD_NO,PERSON_TYPE,POSTED_SPEED_LIMIT,TRAFFIC_CONTROL_DEVICE,DEVICE_CONDITION,WEATHER_CONDITION,LIGHTING_CONDITION,FIRST_CRASH_TYPE,TRAFFICWAY_TYPE,ALIGNMENT,ROADWAY_SURFACE_COND,ROAD_DEFECT,PRIM_CONTRIBUTORY_CAUSE,SEC_CONTRIBUTORY_CAUSE,SEX,AGE,SAFETY_EQUIPMENT,DRIVER_ACTION,DRIVER_VISION,PHYSICAL_CONDITION,BAC_RESULT VALUE,CELL_PHONE_USE
357869,0,30,0,0,2,1,10,5,0,1,0,18,34,2,200,200,200,200,200,200,200
357870,0,30,0,0,0,1,7,7,0,0,0,0,200,0,4,0,6,200,200,200,200
357870,1,30,0,0,0,1,7,7,0,0,0,0,200,0,6,0,200,200,200,200,200
357870,1,30,0,0,0,1,7,7,0,0,0,0,200,1,8,0,200,200,200,200,200
357870,1,30,0,0,0,1,7,7,0,0,0,0,200,0,2,0,200,200,200,200,200
357870,1,30,0,0,0,1,7,7,0,0,0,0,200,1,2,0,200,200,200,200,200
357870,1,30,0,0,0,1,7,7,0,0,0,0,200,1,6,0,200,200,200,200,200
357871,0,35,1,2,0,1,10,5,0,1,0,18,200,0,7,200,3,200,0,200,200
357871,0,35,1,2,0,1,10,5,0,1,0,18,200,1,3,200,0,200,0,200,200
357874,0,30,0,0,0,1,12,3,0,0,0,17,22,1,200,0,4,0,0,200,200
357874,0,30,0,0,0,1,12,3,0,0,0,17,22,1,6,0,12,0,0,200,200
357874,1,30,0,0,0,1,12,3,0,0,0,17,22,0,200,0,200,200,200,200,200
357877,0,30,1,2,2,1,12,5,0,1,0,22,200,1,6,200,0,0,0,200,200
357877,0,30,1,2,2,1,12,5,0,1,0,22,200,2,200,200,200,200,200,200,200
357878,0,30,0,0,2,1,10,2,0,1,200,7,18,0,6,200,3,12,0,200,200
357878,0,30,0,0,2,1,10,2,0,1,200,7,18,1,8,200,0,0,0,200,200
357878,0,30,0,0,2,1,10,2,0,1,200,7,18,1,200,200,0,200,200,200,200
357882,0,30,1,2,1,1,10,2,0,1,0,0,200,2,200,200,200,200,200,200,200
357882,0,30,1,2,1,1,10,2,0,1,0,0,200,1,8,0,0,0,0,200,200
357883,0,30,0,0,0,0,14,2,0,0,0,17,2,0,6,200,1,12,0,200,1
357883,0,30,0,0,0,0,14,2,0,0,0,17,2,0,6,0,0,0,0,200,200
357883,1,30,0,0,0,0,14,2,0,0,0,17,2,0,200,200,200,200,200,200,200
357883,1,30,0,0,0,0,14,2,0,0,0,17,2,1,200,200,200,200,200,200,200
357885,0,30,0,0,0,1,14,5,0,0,0,0,200,1,4,0,7,0,0,200,200
357885,0,30,0,0,0,1,14,5,0,0,0,0,200,1,5,0,0,0,0,200,200
357885,1,30,0,0,0,1,14,5,0,0,0,0,200,1,3,0,200,200,200,200,200
357894,0,30,0,0,0,1,7,2,0,0,0,22,200,2,200,200,2,200,200,200,200
357897,0,30,0,0,1,1,14,5,0,0,0,23,21,0,5,200,7,0,0,200,200
357897,0,30,0,0,1,1,14,5,0,0,0,23,21,0,6,200,0,0,0,200,200
357900,0,10,0,0,0,1,7,7,0,200,200,0,0,0,200,200,200,200,200,200,200
357900,1,10,0,0,0,1,7,7,0,200,200,0,0,1,6,0,200,200,200,200,200
357904,0,35,1,2,0,1,11,3,0,0,0,20,200,0,8,0,6,0,0,200,200
357904,0,35,1,2,0,1,11,3,0,0,0,20,200,1,5,0,0,0,0,200,200
357908,0,30,2,2,2,1,10,5,0,1,0,34,18,0,5,0,8,4,0,200,200
357908,0,30,2,2,2,1,10,5,0,1,0,34,18,1,7,0,0,4,0,200,200
357909,0,30,0,0,0,1,7,5,0,0,0,18,18,1,200,0,3,0,0,200,200
357913,0,15,0,0,1,1,7,3,0,0,0,0,200,1,6,200,200,200,200,200,200
357915,0,30,1,2,2,1,10,5,0,1,0,18,200,1,200,200,3,200,200,200,200
357915,0,30,1,2,2,1,10,5,0,1,0,18,200,1,7,0,0,0,0,200,200
357917,0,30,2,0,0,4,10,5,0,0,0,0,200,0,200,0,200,200,0,200,200
357917,0,30,2,0,0,4,10,5,0,0,0,0,200,0,200,0,0,200,0,200,200
357919,0,30,0,0,200,200,14,5,0,200,0,17,25,0,200,200,1,200,200,200,200
357919,0,30,0,0,200,200,14,5,0,200,0,17,25,1,200,200,200,200,200,200,200
357919,5,30,0,0,200,200,14,5,0,200,0,17,25,0,7,7,0,0,0,200,200
357927,0,35,0,0,2,1,12,5,0,1,200,0,200,0,7,200,200,200,0,200,200
357927,0,35,0,0,2,1,12,5,0,1,200,0,200,0,5,200,200,200,0,200,200
357927,1,35,0,0,2,1,12,5,0,1,200,0,200,200,200,200,200,200,200,200,200
357931,0,30,2,2,1,1,0,2,3,0,0,5,17,0,6,1,5,0,12,200,200
357931,0,30,2,2,1,1,0,2,3,0,0,5,17,1,6,0,0,0,0,200,200
357936,0,30,1,2,2,1,10,2,0,1,12,34,200,1,6,0,0,4,0,200,200
357936,0,30,1,2,2,1,10,2,0,1,12,34,200,0,6,200,0,4,200,200,200
357936,1,30,1,2,2,1,10,2,0,1,12,34,200,0,200,0,200,200,200,200,200
357942,0,30,1,2,0,1,12,5,0,1,0,22,16,0,200,200,2,200,200,200,200
357942,0,30,1,2,0,1,12,5,0,1,0,22,16,0,5,0,0,0,0,200,200
357943,0,30,1,2,0,1,14,5,0,1,200,23,21,0,6,0,7,200,0,200,200
357943,0,30,1,2,0,1,14,5,0,1,200,23,21,1,7,0,7,200,0,200,200
357946,0,40,0,0,1,1,10,3,0,1,0,0,0,0,200,200,200,200,200,200,200
357946,0,40,0,0,1,1,10,3,0,1,0,0,0,0,6,200,0,0,0,200,200
357947,0,15,0,0,0,3,10,7,0,0,0,20,200,0,4,200,6,0,0,200,200
357947,0,15,0,0,0,3,10,7,0,0,0,20,200,0,6,0,0,0,0,200,200
357947,1,15,0,0,0,3,10,7,0,0,0,20,200,1,200,0,200,200,200,200,200
357949,0,30,0,0,1,1,14,5,0,200,200,23,23,0,7,200,7,200,0,200,200
357949,0,30,0,0,1,1,14,5,0,200,200,23,23,1,4,0,12,0,0,200,200
357950,0,30,200,200,0,1,10,5,0,1,200,0,200,0,200,200,200,200,200,200,200
357950,0,30,200,200,0,1,10,5,0,1,200,0,200,0,5,200,200,200,0,200,200
357952,0,30,2,0,0,1,10,5,0,0,200,0,200,0,200,200,200,200,200,200,200
357952,0,30,2,0,0,1,10,5,0,0,200,0,200,1,200,0,200,200,0,200,200
357955,0,30,0,0,2,1,14,3,0,1,0,16,16,0,200,200,1,0,0,200,200
357955,0,30,0,0,2,1,14,3,0,1,0,16,16,1,7,200,0,0,0,200,200
357960,0,10,0,0,2,1,7,7,0,1,0,34,0,1,200,200,10,200,0,200,200
357961,0,30,0,0,2,1,10,2,0,1,200,34,200,1,7,200,8,200,200,200,200
357961,0,30,0,0,2,1,10,2,0,1,200,34,200,1,200,200,0,200,200,200,200
357961,0,30,0,0,2,1,10,2,0,1,200,34,200,0,6,200,0,200,0,200,200
357962,0,30,0,0,2,1,10,2,0,1,0,18,200,0,6,0,3,0,0,200,200
357962,0,30,0,0,2,1,10,2,0,1,0,18,200,1,6,0,0,0,0,200,200
357962,1,30,0,0,2,1,10,2,0,1,0,18,200,200,200,0,200,200,200,200,200
357964,0,30,0,0,2,1,7,6,0,1,0,0,0,2,200,200,200,200,200,200,200
357966,0,30,1,2,2,1,14,2,0,1,0,22,200,2,200,200,2,200,200,200,200
357966,0,30,1,2,2,1,14,2,0,1,0,22,200,1,8,0,0,0,0,200,200
357966,1,30,1,2,2,1,14,2,0,1,0,22,200,1,8,0,200,200,200,200,200
357967,0,25,0,0,1,1,0,6,0,1,1,17,0,1,5,0,1,0,0,200,200
357967,0,25,0,0,1,1,0,6,0,1,1,17,0,0,6,0,12,0,0,200,200
357967,1,25,0,0,1,1,0,6,0,1,1,17,0,1,5,0,200,200,200,200,200
357967,1,25,0,0,1,1,0,6,0,1,1,17,0,1,5,0,200,200,200,200,200
357968,0,30,1,2,1,1,10,5,0,0,0,16,18,0,5,0,12,0,0,200,200
357968,0,30,1,2,1,1,10,5,0,0,0,16,18,0,6,0,0,0,0,200,200
357968,0,30,1,2,1,1,10,5,0,0,0,16,18,1,7,0,12,0,0,200,200
357968,0,30,1,2,1,1,10,5,0,0,0,16,18,1,6,0,12,0,0,200,200
357968,0,30,1,2,1,1,10,5,0,0,0,16,18,0,200,200,12,200,200,200,200
357973,0,30,1,2,0,1,14,5,0,0,0,17,17,0,6,0,1,0,0,200,200
357973,0,30,1,2,0,1,14,5,0,0,0,17,17,0,7,7,1,0,0,200,200
357973,1,30,1,2,0,1,14,5,0,0,0,17,17,1,200,0,200,200,200,200,200
357973,1,30,1,2,0,1,14,5,0,0,0,17,17,0,200,0,200,200,200,200,200
357974,0,30,1,2,0,1,10,5,0,0,0,16,0,1,200,200,200,200,200,200,200
357974,0,30,1,2,0,1,10,5,0,0,0,16,0,0,6,200,0,0,0,200,200
357976,4,30,0,0,0,1,8,2,0,0,0,0,200,0,5,3,0,0,0,200,200
357979,0,20,0,0,0,1,10,2,0,0,200,18,18,0,6,200,3,200,0,200,200
357979,0,20,0,0,0,1,10,2,0,0,200,18,18,1,6,200,0,200,0,200,200
357982,0,30,0,0,2,1,14,5,0,1,200,17,11,1,6,200,1,0,0,200,200
357982,0,30,0,0,2,1,14,5,0,1,200,17,11,1,6,200,0,0,0,200,200
357983,0,30,2,2,12,1,8,5,0,1,0,0,0,1,7,0,12,200,0,200,200
357983,4,30,2,2,12,1,8,5,0,1,0,0,0,1,5,200,9,200,0,200,200
357988,0,30,0,200,2,0,7,6,0,1,0,0,0,2,200,200,200,200,200,200,200
357998,0,35,0,0,2,1,12,6,0,1,200,17,17,0,6,200,1,200,0,200,200
357998,0,35,0,0,2,1,12,6,0,1,200,17,17,0,7,200,0,0,0,200,200
357999,0,30,1,2,0,1,12,6,0,0,0,22,23,0,6,0,2,0,0,200,200
357999,0,30,1,2,0,1,12,6,0,0,0,22,23,0,4,0,0,0,0,200,200
357999,1,30,1,2,0,1,12,6,0,0,0,22,23,1,200,0,200,200,200,200,200
358001,0,30,2,2,2,1,0,2,0,1,0,5,34,0,9,200,5,200,200,200,200
358001,0,30,2,2,2,1,0,2,0,1,0,5,34,0,6,200,0,200,0,200,200
358003,0,30,2,2,0,1,0,5,0,0,0,17,11,1,6,0,1,0,0,200,200
358003,0,30,2,2,0,1,0,5,0,0,0,17,11,1,6,0,0,0,0,200,200
358003,1,30,2,2,0,1,0,5,0,0,0,17,11,0,6,0,200,200,200,200,200
358004,0,30,0,0,200,0,7,5,0,200,0,0,200,2,200,200,200,200,200,200,200
358006,0,30,200,0,0,1,12,5,0,0,200,0,200,0,200,200,0,200,200,200,200
358006,0,30,200,0,0,1,12,5,0,0,200,0,200,0,7,200,200,200,0,200,200
358008,0,30,1,2,0,1,12,5,0,0,0,21,200,1,200,200,4,200,200,200,200
358008,0,30,1,2,0,1,12,5,0,0,0,21,200,0,6,0,0,0,0,200,200
358011,0,30,0,0,0,1,4,5,0,0,0,29,29,1,5,0,0,0,0,200,200
358012,0,30,0,0,1,1,14,5,2,0,0,17,20,1,4,0,1,0,0,200,200
358012,0,30,0,0,1,1,14,5,2,0,0,17,20,0,5,0,0,0,0,200,200
358012,1,30,0,0,1,1,14,5,2,0,0,17,20,0,3,0,200,200,200,200,200
358012,1,30,0,0,1,1,14,5,2,0,0,17,20,1,3,0,200,200,200,200,200
358012,1,30,0,0,1,1,14,5,2,0,0,17,20,1,5,0,200,200,200,200,200
358020,0,30,0,0,0,200,7,6,0,200,0,0,0,2,200,200,200,200,200,200,200
358029,0,20,0,0,2,1,2,7,0,1,0,0,0,1,200,200,12,200,200,200,200
358031,0,30,0,0,0,1,14,5,0,0,0,23,200,0,5,0,7,0,0,200,200
358031,0,30,0,0,0,1,14,5,0,0,0,23,200,0,7,0,3,0,0,200,200
358031,1,30,0,0,0,1,14,5,0,0,0,23,200,0,200,0,200,200,200,200,200
358038,0,30,0,0,0,1,12,2,0,0,0,21,0,0,8,0,4,0,0,200,200
358038,0,30,0,0,0,1,12,2,0,0,0,21,0,0,6,0,12,0,0,200,200
358038,0,30,0,0,0,1,12,2,0,0,0,21,0,1,9,0,0,0,0,200,200
358038,0,30,0,0,0,1,12,2,0,0,0,21,0,0,6,0,0,0,0,200,200
358038,0,30,0,0,0,1,12,2,0,0,0,21,0,1,7,0,0,0,0,200,200
358041,0,30,0,0,0,1,14,3,0,0,200,17,0,0,6,0,7,0,0,200,200
358041,0,30,0,0,0,1,14,3,0,0,200,17,0,0,6,0,12,200,0,200,200
358041,1,30,0,0,0,1,14,3,0,0,200,17,0,0,200,0,200,200,200,200,200
358046,0,30,1,2,1,1,10,5,0,1,0,18,200,1,6,0,3,0,1,200,200
358046,0,30,1,2,1,1,10,5,0,1,0,18,200,1,4,0,0,0,0,200,200
358046,1,30,1,2,1,1,10,5,0,1,0,18,200,0,5,0,200,200,200,200,200
358052,0,30,0,0,0,1,14,5,0,1,0,11,0,2,200,200,200,200,200,200,200
358052,0,30,0,0,0,1,14,5,0,1,0,11,0,0,4,0,0,0,0,200,200
358054,0,30,0,0,2,1,14,5,0,1,0,22,11,0,4,0,1,1,0,200,200
358054,0,30,0,0,2,1,14,5,0,1,0,22,11,1,6,0,0,0,0,200,200
358054,1,30,0,0,2,1,14,5,0,1,0,22,11,1,1,5,200,200,200,200,200
358055,0,30,1,2,0,1,12,6,0,0,0,22,2,0,200,200,4,200,200,200,1
358055,0,30,1,2,0,1,12,6,0,0,0,22,2,1,6,0,0,0,200,200,200
358055,1,30,1,2,0,1,12,6,0,0,0,22,2,1,6,0,200,200,200,200,200
358060,0,30,0,0,2,1,7,7,0,1,200,0,0,2,200,200,200,200,200,200,200
358061,0,30,200,0,0,1,14,5,0,0,200,0,200,1,6,200,200,200,0,200,200
358061,0,30,200,0,0,1,14,5,0,0,200,0,200,1,6,200,200,0,1,200,200
358062,0,15,0,0,0,3,2,7,0,0,0,25,16,1,200,200,12,0,0,200,200
358062,1,15,0,0,0,3,2,7,0,0,0,25,16,0,200,200,200,200,200,200,200
358063,0,55,0,0,0,1,10,3,0,0,0,16,16,0,5,0,3,0,0,200,200
358063,0,55,0,0,0,1,10,3,0,0,0,16,16,1,6,200,0,0,0,200,200
358063,0,55,0,0,0,1,10,3,0,0,0,16,16,1,6,0,0,0,0,200,200
358063,1,55,0,0,0,1,10,3,0,0,0,16,16,0,9,0,200,200,200,200,200
358063,1,55,0,0,0,1,10,3,0,0,0,16,16,1,8,0,200,200,200,200,200
358064,0,30,0,0,2,1,14,200,0,1,0,0,0,0,7,0,200,0,0,200,200
358064,0,30,0,0,2,1,14,200,0,1,0,0,0,0,5,0,0,0,0,200,200
358067,0,30,0,0,0,1,2,3,0,0,0,0,0,1,6,0,0,0,0,200,200
358069,0,30,0,0,0,1,10,3,0,1,200,0,200,0,5,200,3,200,0,200,200
358069,0,30,0,0,0,1,10,3,0,1,200,0,200,1,5,200,0,0,0,200,200
358069,0,30,0,0,0,1,10,3,0,1,200,0,200,0,200,200,0,200,200,200,200
358072,0,30,2,0,1,1,0,5,0,1,0,17,200,0,5,0,1,0,0,200,200
358072,0,30,2,0,1,1,0,5,0,1,0,17,200,0,6,0,0,200,0,200,200
358072,1,30,2,0,1,1,0,5,0,1,0,17,200,0,200,0,200,200,200,200,200
358075,0,30,0,0,2,1,7,6,0,1,0,8,20,1,5,0,0,0,0,200,200
358078,0,30,200,200,1,1,0,5,0,200,200,0,0,1,5,200,200,200,0,200,200
358078,0,30,200,200,1,1,0,5,0,200,200,0,0,1,5,200,200,200,0,200,200
358078,1,30,200,200,1,1,0,5,0,200,200,0,0,1,200,200,200,200,200,200,200
358083,0,30,0,0,0,1,10,5,0,0,0,7,18,0,6,200,3,0,0,200,200
358083,0,30,0,0,0,1,10,5,0,0,0,7,18,0,6,0,0,0,0,200,200
358083,1,30,0,0,0,1,10,5,0,0,0,7,18,1,6,0,200,200,200,200,200
358083,1,30,0,0,0,1,10,5,0,0,0,7,18,0,3,0,200,200,200,200,200
358083,1,30,0,0,0,1,10,5,0,0,0,7,18,1,3,0,200,200,200,200,200
358085,0,35,1,2,2,1,12,5,0,1,0,22,200,2,200,200,2,200,200,200,200
358085,0,35,1,2,2,1,12,5,0,1,0,22,200,0,5,0,0,0,0,200,200
358087,0,30,0,0,0,1,14,5,0,0,0,23,16,1,8,0,7,0,0,200,200
358087,0,30,0,0,0,1,14,5,0,0,0,23,16,0,6,0,0,0,0,200,200
358094,1,30,0,0,0,1,14,5,0,0,200,23,200,200,200,200,200,200,200,200,200
358094,0,30,0,0,0,1,14,5,0,0,200,23,200,2,200,200,7,200,200,200,200
358094,0,30,0,0,0,1,14,5,0,0,200,23,200,1,7,200,0,200,0,200,200
358094,1,30,0,0,0,1,14,5,0,0,200,23,200,200,200,200,200,200,200,200,200
358094,1,30,0,0,0,1,14,5,0,0,200,23,200,2,200,200,200,200,200,200,200
358094,1,30,0,0,0,1,14,5,0,0,200,23,200,2,200,200,200,200,200,200,200
358106,0,30,0,0,200,1,11,5,0,200,200,0,0,1,5,200,200,200,200,200,200
358106,0,30,0,0,200,1,11,5,0,200,200,0,0,0,7,0,0,0,200,200,200
358106,1,30,0,0,200,1,11,5,0,200,200,0,0,1,7,0,200,200,200,200,200
358113,0,30,0,0,2,1,12,5,0,1,0,22,11,1,200,200,4,200,200,200,200
358113,0,30,0,0,2,1,12,5,0,1,0,22,11,1,6,200,0,0,0,200,200
358114,0,30,0,0,200,1,0,5,0,200,200,17,17,0,200,200,1,200,200,200,200
358114,0,30,0,0,200,1,0,5,0,200,200,17,17,1,6,0,0,0,0,200,200
358114,1,30,0,0,200,1,0,5,0,200,200,17,17,1,200,200,200,200,200,200,200
358114,1,30,0,0,200,1,0,5,0,200,200,17,17,0,1,200,200,200,200,200,200
358116,0,30,0,0,0,1,2,7,0,0,0,0,200,1,0,0,0,0,0,200,200
358116,1,30,0,0,0,1,2,7,0,0,0,0,200,1,6,0,200,200,200,200,200
358120,0,30,0,0,2,1,7,2,0,1,0,12,0,1,6,200,12,200,0,200,200
358121,0,30,2,2,0,1,12,5,0,1,0,22,200,1,7,200,2,0,0,200,200
358121,0,30,2,2,0,1,12,5,0,1,0,22,200,0,6,200,0,0,0,200,200
358122,0,30,0,0,2,1,14,5,0,1,0,17,16,0,6,200,1,1,0,200,200
358122,0,30,0,0,2,1,14,5,0,1,0,17,16,0,5,200,200,1,0,200,200
358123,0,30,1,2,0,1,14,3,0,0,0,6,31,2,200,200,5,200,200,200,200
358123,0,30,1,2,0,1,14,3,0,0,0,6,31,1,8,0,0,0,0,200,200
358127,0,10,0,0,200,200,7,7,0,200,200,0,0,1,200,200,12,200,200,200,200
358132,0,0,0,0,0,1,12,7,0,0,0,0,200,0,200,200,200,200,0,200,200
358132,0,0,0,0,0,1,12,7,0,0,0,0,200,0,7,0,0,0,0,200,200
358136,0,30,0,0,2,1,7,6,0,1,0,34,14,0,200,200,200,200,200,200,200
358138,0,30,0,0,0,1,14,5,0,0,200,0,0,1,9,0,200,200,200,200,200
358138,0,30,0,0,0,1,14,5,0,0,200,0,0,0,200,200,200,200,200,200,200
358147,0,25,2,2,0,1,14,2,0,0,0,0,0,1,7,0,0,0,0,200,200
358147,0,25,2,2,0,1,14,2,0,0,0,0,0,1,6,0,0,0,0,200,200
358149,0,30,0,0,0,1,7,5,0,0,0,0,200,0,200,200,200,200,200,200,200
358160,0,30,0,0,2,1,12,5,0,1,0,22,200,1,200,200,4,200,200,200,200
358160,0,30,0,0,2,1,12,5,0,1,0,22,200,1,6,0,0,200,0,200,200
358161,0,30,1,2,2,1,10,2,0,1,0,18,16,0,6,200,3,0,0,200,200
358161,0,30,1,2,2,1,10,2,0,1,0,18,16,1,5,200,0,0,0,200,200
358161,1,30,1,2,2,1,10,2,0,1,0,18,16,0,4,200,200,200,200,200,200
358161,1,30,1,2,2,1,10,2,0,1,0,18,16,1,5,200,200,200,200,200,200
358161,1,30,1,2,2,1,10,2,0,1,0,18,16,200,200,200,200,200,200,200,200
358164,0,15,0,0,2,1,0,7,0,1,0,0,200,0,3,0,12,200,0,200,200
358164,0,15,0,0,2,1,0,7,0,1,0,0,200,1,5,0,0,200,0,200,200
358164,1,15,0,0,2,1,0,7,0,1,0,0,200,200,200,0,200,200,200,200,200
358164,1,15,0,0,2,1,0,7,0,1,0,0,200,200,200,0,200,200,200,200,200
358164,1,15,0,0,2,1,0,7,0,1,0,0,200,200,200,5,200,200,200,200,200
358165,0,30,0,0,0,1,10,5,0,0,200,0,0,0,200,200,200,200,200,200,200
358165,0,30,0,0,0,1,10,5,0,0,200,0,0,0,6,0,0,200,200,200,200
358165,1,30,0,0,0,1,10,5,0,0,200,0,0,1,6,0,200,200,200,200,200
358165,1,30,0,0,0,1,10,5,0,0,200,0,0,0,200,200,200,200,200,200,200
358168,0,30,0,0,0,4,7,6,0,0,0,200,200,2,200,200,200,200,200,200,200
358170,0,20,0,0,0,1,12,5,0,0,0,0,200,0,4,0,200,200,0,200,200
358170,0,20,0,0,0,1,12,5,0,0,0,0,200,0,6,0,0,200,0,200,200
358174,0,30,2,0,2,1,14,5,0,1,0,17,0,0,7,0,1,200,0,200,200
358174,0,30,2,0,2,1,14,5,0,1,0,17,0,0,6,0,0,200,0,200,200
358176,0,30,1,2,0,1,12,2,0,0,0,0,200,1,200,200,12,200,200,200,200
358176,0,30,1,2,0,1,12,2,0,0,0,0,200,1,6,0,0,0,0,200,200
358176,0,30,1,2,0,1,12,2,0,0,0,0,200,1,6,0,0,0,0,200,200
358176,1,30,1,2,0,1,12,2,0,0,0,0,200,0,200,0,200,200,200,200,200
358178,0,30,2,0,2,1,14,0,0,1,0,3,23,0,200,200,7,200,200,200,200
358178,0,30,2,0,2,1,14,0,0,1,0,3,23,0,6,0,1,200,200,200,200
358179,0,30,0,0,1,1,8,5,0,1,0,0,200,0,7,0,0,0,0,200,200
358179,4,30,0,0,1,1,8,5,0,1,0,0,200,0,7,7,0,0,0,200,200
358179,1,30,0,0,1,1,8,5,0,1,0,0,200,1,6,1,200,200,200,200,200
358180,0,30,1,200,0,1,12,5,0,0,200,21,0,1,6,200,2,200,200,200,200
358180,0,30,1,200,0,1,12,5,0,0,200,21,0,0,6,200,0,200,0,200,200
358182,0,35,1,2,0,1,10,8,0,1,0,18,0,0,6,200,3,0,200,200,200
358182,0,35,1,2,0,1,10,8,0,1,0,18,0,1,7,0,0,0,0,200,200
358187,0,30,0,0,2,2,14,2,0,1,0,17,0,0,7,200,1,0,0,200,200
358187,0,30,0,0,2,2,14,2,0,1,0,17,0,1,7,200,1,0,0,200,200
358193,0,20,0,0,1,1,10,2,0,0,0,20,200,0,7,200,6,0,0,200,200
358193,0,20,0,0,1,1,10,2,0,0,0,20,200,0,7,200,0,200,0,200,200
358193,1,20,0,0,1,1,10,2,0,0,0,20,200,1,5,200,200,200,200,200,200
358197,0,30,0,0,0,1,7,6,0,0,0,0,0,0,7,0,12,0,0,200,200
358199,0,30,200,200,0,1,12,5,0,0,200,0,200,1,200,200,200,200,200,200,200
358199,0,30,200,200,0,1,12,5,0,0,200,0,200,0,7,200,200,200,0,200,200
358200,0,15,0,0,0,1,10,0,0,0,0,20,200,0,5,200,6,200,200,200,200
358200,0,15,0,0,0,1,10,0,0,0,0,20,200,1,5,200,0,200,200,200,200
358201,0,25,1,2,200,1,12,200,0,200,200,21,200,0,5,200,4,200,200,200,200
358201,0,25,1,2,200,1,12,200,0,200,200,21,200,0,5,200,0,200,200,200,200
358209,4,30,0,0,0,1,8,6,0,0,0,25,0,0,200,3,12,200,200,200,200
358209,0,30,0,0,0,1,8,6,0,0,0,25,0,1,7,0,0,0,0,200,200
358210,0,30,0,0,2,1,0,5,0,1,200,17,0,2,200,200,1,200,200,200,200
358210,0,30,0,0,2,1,0,5,0,1,200,17,0,0,5,200,0,200,0,200,200
358214,0,30,0,0,1,1,14,5,0,1,0,0,23,1,7,0,7,200,0,200,200
358214,0,30,0,0,1,1,14,5,0,1,0,0,23,0,5,0,200,200,200,200,200
358215,0,30,0,0,2,1,10,5,0,1,200,0,0,0,6,1,0,0,0,200,200
358215,0,30,0,0,2,1,10,5,0,1,200,0,0,1,200,200,0,200,200,200,200
358215,1,30,0,0,2,1,10,5,0,1,200,0,0,1,1,0,200,200,200,200,200
358222,0,25,0,0,0,1,14,5,0,0,0,23,200,0,200,200,7,200,200,200,200
358222,0,25,0,0,0,1,14,5,0,0,0,23,200,0,5,0,0,200,0,200,200
358223,0,30,0,0,0,4,14,5,0,0,0,17,16,0,200,200,1,200,0,200,200
358223,0,30,0,0,0,4,14,5,0,0,0,17,16,0,7,0,0,0,0,200,200
358226,0,35,2,2,0,1,0,7,0,0,0,0,0,1,200,200,200,200,200,200,200
358226,0,35,2,2,0,1,0,7,0,0,0,0,0,0,5,0,0,0,0,200,200
358226,1,35,2,2,0,1,0,7,0,0,0,0,0,200,200,200,200,200,200,200,200
358226,1,35,2,2,0,1,0,7,0,0,0,0,0,1,5,0,200,200,200,200,200
358228,0,30,0,0,2,4,0,6,0,1,0,34,0,1,6,0,8,0,0,200,200
358228,0,30,0,0,2,4,0,6,0,1,0,34,0,1,6,0,0,0,0,200,200
358230,0,30,2,2,0,0,10,5,0,0,200,0,0,0,200,200,200,200,200,200,200
358230,0,30,2,2,0,0,10,5,0,0,200,0,0,0,6,0,0,0,0,200,200
358232,0,30,0,0,0,1,7,5,0,0,0,21,200,0,4,200,12,0,0,200,200
358243,0,30,1,2,0,1,10,5,0,0,0,18,200,1,5,200,8,0,0,200,200
358243,0,30,1,2,0,1,10,5,0,0,0,18,200,0,5,0,0,0,0,200,200
358245,0,10,0,0,2,1,12,7,0,1,0,0,200,0,6,7,12,0,0,200,200
358245,0,10,0,0,2,1,12,7,0,1,0,0,200,1,7,0,12,0,0,200,200
358245,1,10,0,0,2,1,12,7,0,1,0,0,200,200,3,0,200,200,200,200,200
358245,1,10,0,0,2,1,12,7,0,1,0,0,200,1,6,0,200,200,200,200,200
358245,1,10,0,0,2,1,12,7,0,1,0,0,200,1,3,0,200,200,200,200,200
358250,0,30,1,0,2,1,10,5,0,1,200,15,200,1,5,200,8,200,0,200,200
358250,0,30,1,0,2,1,10,5,0,1,200,15,200,0,6,200,0,200,0,200,200
358251,0,10,0,0,0,1,3,7,0,200,200,0,200,0,200,200,6,200,200,200,200
358251,0,10,0,0,0,1,3,7,0,200,200,0,200,1,5,200,200,0,0,200,200
358251,1,10,0,0,0,1,3,7,0,200,200,0,200,1,5,200,200,200,200,200,200
358259,0,35,1,2,2,1,10,3,0,1,0,0,200,0,6,200,200,200,200,200,200
358259,0,35,1,2,2,1,10,3,0,1,0,0,200,0,9,0,0,200,0,200,200
358262,0,30,2,2,2,1,14,5,0,1,0,17,0,0,200,200,200,200,200,200,200
358262,0,30,2,2,2,1,14,5,0,1,0,17,0,1,4,0,1,0,0,200,200
358262,1,30,2,2,2,1,14,5,0,1,0,17,0,1,200,200,200,200,200,200,200
358264,0,30,0,0,0,1,10,2,0,1,0,15,16,0,6,200,8,200,0,200,200
358264,0,30,0,0,0,1,10,2,0,1,0,15,16,1,6,200,0,200,0,200,200