RD_NO,PERSON_TYPE,POSTED_SPEED_LIMIT,TRAFFIC_CONTROL_DEVICE,DEVICE_CONDITION,WEATHER_CONDITION,LIGHTING_CONDITION,FIRST_CRASH_TYPE,TRAFFICWAY_TYPE,ALIGNMENT,ROADWAY_SURFACE_COND,ROAD_DEFECT,PRIM_CONTRIBUTORY_CAUSE,SEC_CONTRIBUTORY_CAUSE,SEX,AGE,SAFETY_EQUIPMENT,DRIVER_ACTION,DRIVER_VISION,PHYSICAL_CONDITION,BAC_RESULT VALUE,CELL_PHONE_USE
358264,1,30,0,0,0,1,10,2,0,1,0,15,16,1,1,5,200,200,200,200,200
358267,0,30,1,2,0,1,14,5,0,0,0,0,0,0,6,0,200,200,200,200,200
358267,0,30,1,2,0,1,14,5,0,0,0,0,0,1,6,0,200,200,200,200,200
358268,0,20,0,0,0,1,0,2,0,0,0,0,17,1,6,0,8,200,8,200,200
358268,0,20,0,0,0,1,0,2,0,0,0,0,17,1,4,0,0,0,0,200,200
358272,0,35,0,0,0,1,2,5,2,0,200,0,0,2,200,200,200,200,200,200,200
358280,0,30,1,2,0,4,10,5,0,0,0,27,15,0,7,0,3,0,7,200,200
358280,0,30,1,2,0,4,10,5,0,0,0,27,15,0,200,200,0,200,200,200,200
358281,0,30,0,0,2,1,2,6,0,1,0,1,200,1,7,200,12,0,0,200,200
358282,0,30,1,2,0,4,10,2,0,0,0,18,0,1,5,0,3,0,0,200,200
358282,0,30,1,2,0,4,10,2,0,0,0,18,0,0,6,0,12,0,0,200,200
358285,0,30,0,0,2,2,14,2,0,1,0,17,16,1,4,0,1,0,0,200,200
358285,0,30,0,0,2,2,14,2,0,1,0,17,16,0,6,0,0,0,0,200,200
358285,1,30,0,0,2,2,14,2,0,1,0,17,16,0,6,0,200,200,200,200,200
358289,0,30,0,0,0,1,12,5,0,0,0,21,21,0,200,200,4,200,200,200,200
358289,0,30,0,0,0,1,12,5,0,0,0,21,21,0,7,0,0,0,0,200,200
358293,0,30,1,2,2,4,10,3,0,1,200,0,200,1,200,200,200,200,200,200,200
358293,0,30,1,2,2,4,10,3,0,1,200,0,200,0,8,0,0,200,0,200,200
358293,0,30,1,2,2,4,10,3,0,1,200,0,200,1,6,0,0,200,0,200,200
358294,0,35,0,0,200,1,8,2,0,200,0,10,17,2,200,200,200,200,200,200,200
358294,4,35,0,0,200,1,8,2,0,200,0,10,17,0,3,200,9,0,0,200,200
358294,1,35,0,0,200,1,8,2,0,200,0,10,17,0,200,200,200,200,200,200,200
358296,0,30,0,0,0,4,10,3,0,1,0,0,0,2,200,200,200,200,200,200,200
358296,0,30,0,0,0,4,10,3,0,1,0,0,0,0,7,0,0,0,0,200,200
358296,1,30,0,0,0,4,10,3,0,1,0,0,0,1,6,0,200,200,200,200,200
358298,0,30,200,200,200,200,10,5,0,200,200,0,200,0,5,0,200,200,200,200,200
358298,0,30,200,200,200,200,10,5,0,200,200,0,200,0,7,200,200,200,200,200,200
358300,0,55,7,2,0,1,14,6,0,0,0,22,11,1,6,0,7,0,0,200,200
358300,0,55,7,2,0,1,14,6,0,0,0,22,11,0,7,0,0,0,0,200,200
358304,0,30,1,2,0,1,0,5,0,0,0,17,200,1,5,0,1,200,200,200,200
358304,0,30,1,2,0,1,0,5,0,0,0,17,200,0,7,0,0,200,0,200,200
358306,0,25,1,2,200,200,10,5,0,200,0,200,200,0,200,200,200,200,200,200,200
358306,0,25,1,2,200,200,10,5,0,200,0,200,200,1,5,200,0,200,200,200,200
358307,0,30,1,2,0,4,10,5,0,0,200,18,0,1,6,0,3,0,0,200,200
358307,0,30,1,2,0,4,10,5,0,0,200,18,0,0,6,0,0,0,0,200,200
358314,0,30,0,0,0,1,10,6,0,0,0,18,200,1,200,200,3,200,200,200,200
358314,0,30,0,0,0,1,10,6,0,0,0,18,200,1,6,0,0,0,0,200,200
358328,0,30,0,0,2,0,14,5,0,1,0,23,21,0,7,200,7,200,5,200,200
358328,0,30,0,0,2,0,14,5,0,1,0,23,21,0,6,200,0,200,0,200,200
358328,1,30,0,0,2,0,14,5,0,1,0,23,21,1,9,0,200,200,200,200,200
358329,0,25,0,0,2,3,7,5,0,1,0,0,0,2,200,200,200,200,200,200,200
358331,0,35,1,2,2,3,10,5,0,1,0,16,200,0,6,0,8,0,0,200,200
358331,0,35,1,2,2,3,10,5,0,1,0,16,200,1,6,0,0,0,0,200,200
358333,0,20,0,0,0,1,7,7,0,0,0,0,0,2,200,200,200,200,200,200,200
358337,0,30,0,200,2,3,2,5,0,1,0,15,34,0,200,200,200,200,200,200,200
358346,0,30,0,0,12,3,7,3,0,1,0,11,34,0,5,3,12,0,0,200,200
358347,0,30,0,0,2,4,10,5,0,1,0,18,200,0,7,200,3,0,5,200,200
358347,0,30,0,0,2,4,10,5,0,1,0,18,200,0,6,200,0,0,0,200,200
358357,0,30,0,0,2,3,10,3,0,1,0,17,200,1,200,200,1,200,200,200,200
358357,0,30,0,0,2,3,10,3,0,1,0,17,200,1,5,0,0,0,0,200,200
358357,1,30,0,0,2,3,10,3,0,1,0,17,200,0,6,0,200,200,200,200,200
358358,0,30,1,2,2,1,14,5,0,1,0,17,200,1,6,200,1,200,200,200,200
358358,0,30,1,2,2,1,14,5,0,1,0,17,200,0,6,0,0,200,0,200,200
358360,0,45,0,0,0,3,10,3,0,0,0,21,200,0,5,0,3,0,0,200,200
358360,0,45,0,0,0,3,10,3,0,0,0,21,200,0,5,0,0,0,0,200,200
358360,1,45,0,0,0,3,10,3,0,0,0,21,200,1,5,0,200,200,200,200,200
358360,1,45,0,0,0,3,10,3,0,0,0,21,200,0,0,0,200,200,200,200,200
358361,0,30,1,2,0,1,14,5,0,0,0,17,16,0,200,200,1,200,0,200,200
358361,0,30,1,2,0,1,14,5,0,0,0,17,16,1,7,0,0,0,0,200,200
358365,0,30,1,2,2,0,14,5,0,1,0,34,200,0,9,0,1,200,0,200,200
358365,0,30,1,2,2,0,14,5,0,1,0,34,200,1,6,0,0,200,0,200,200
358366,0,35,2,200,0,3,10,2,0,200,200,0,0,0,200,200,200,200,200,200,200
358366,0,35,2,200,0,3,10,2,0,200,200,0,0,0,7,200,0,200,0,200,200
358366,1,35,2,200,0,3,10,2,0,200,200,0,0,1,200,200,200,200,200,200,200
358366,1,35,2,200,0,3,10,2,0,200,200,0,0,1,3,200,200,200,200,200,200
358372,0,30,0,0,1,3,10,5,0,1,0,18,16,0,7,1,3,0,0,200,200
358372,0,30,0,0,1,3,10,5,0,1,0,18,16,0,6,200,0,0,0,200,200
358377,0,30,1,2,2,3,10,5,0,1,0,18,200,0,3,0,3,0,0,200,200
358377,0,30,1,2,2,3,10,5,0,1,0,18,200,0,8,0,0,0,0,200,200
358377,1,30,1,2,2,3,10,5,0,1,0,18,200,1,8,0,200,200,200,200,200
358377,1,30,1,2,2,3,10,5,0,1,0,18,200,0,4,0,200,200,200,200,200
358378,0,30,1,2,0,3,12,2,0,0,0,21,0,0,200,200,4,200,200,200,200
358378,0,30,1,2,0,3,12,2,0,0,0,21,0,1,6,0,0,0,0,200,200
358379,0,30,1,2,0,3,14,1,0,1,0,17,0,1,5,0,1,0,0,200,200
358379,0,30,1,2,0,3,14,1,0,1,0,17,0,0,8,0,0,0,0,200,200
358379,1,30,1,2,0,3,14,1,0,1,0,17,0,0,1,200,200,200,200,200,200
358379,1,30,1,2,0,3,14,1,0,1,0,17,0,0,2,200,200,200,200,200,200
358379,1,30,1,2,0,3,14,1,0,1,0,17,0,1,0,200,200,200,200,200,200
358379,1,30,1,2,0,3,14,1,0,1,0,17,0,0,2,200,200,200,200,200,200
358379,1,30,1,2,0,3,14,1,0,1,0,17,0,1,8,0,200,200,200,200,200
358382,0,30,2,2,2,3,0,5,0,1,0,17,200,0,5,200,1,200,0,200,200
358382,0,30,2,2,2,3,0,5,0,1,0,17,200,0,6,200,0,200,0,200,200
358382,1,30,2,2,2,3,0,5,0,1,0,17,200,200,200,200,200,200,200,200,200
358382,1,30,2,2,2,3,0,5,0,1,0,17,200,200,200,5,200,200,200,200,200
358382,1,30,2,2,2,3,0,5,0,1,0,17,200,200,200,0,200,200,200,200,200
358386,0,30,2,2,0,1,0,6,0,0,0,17,17,1,5,0,1,0,0,200,200
358386,0,30,2,2,0,1,0,6,0,0,0,17,17,1,5,0,0,0,0,200,200
358388,5,25,2,2,2,3,9,5,0,1,0,17,34,0,4,7,1,12,0,200,200
358388,0,25,2,2,2,3,9,5,0,1,0,17,34,0,0,0,0,0,0,200,200
358389,0,20,0,0,0,3,12,5,0,1,0,17,200,0,4,200,1,0,0,200,200
358389,0,20,0,0,0,3,12,5,0,1,0,17,200,0,7,200,12,0,0,200,200
358394,0,30,0,0,2,3,8,5,0,1,0,200,0,0,6,7,12,0,0,200,200
358394,4,30,0,0,2,3,8,5,0,1,0,200,0,0,5,2,12,0,0,200,200
358398,0,30,0,0,2,3,10,6,0,1,0,14,18,2,200,200,8,200,200,200,200
358398,0,30,0,0,2,3,10,6,0,1,0,14,18,0,5,0,0,0,0,200,200
358398,1,30,0,0,2,3,10,6,0,1,0,14,18,0,4,0,200,200,200,200,200
358398,1,30,0,0,2,3,10,6,0,1,0,14,18,0,5,0,200,200,200,200,200
358400,0,30,0,0,0,1,10,6,0,0,0,17,200,2,200,200,6,200,200,200,200
358400,0,30,0,0,0,1,10,6,0,0,0,17,200,0,6,0,0,0,0,200,200
358402,0,30,0,0,2,3,0,5,0,1,0,0,200,1,7,0,1,0,0,200,200
358402,0,30,0,0,2,3,0,5,0,1,0,0,200,0,7,0,0,0,0,200,200
358404,0,30,0,0,2,3,3,2,0,1,0,21,0,0,5,200,12,200,2,200,200
358404,0,30,0,0,2,3,3,2,0,1,0,21,0,0,7,200,0,200,0,200,200
358404,1,30,0,0,2,3,3,2,0,1,0,21,0,0,200,200,200,200,200,200,200
358405,0,30,0,0,2,3,10,5,0,1,0,18,34,0,5,0,3,0,0,200,200
358405,0,30,0,0,2,3,10,5,0,1,0,18,34,0,6,0,0,0,0,200,200
358405,0,30,0,0,2,3,10,5,0,1,0,18,34,0,6,0,0,0,0,200,200
358405,1,30,0,0,2,3,10,5,0,1,0,18,34,1,200,0,200,200,200,200,200
358430,0,15,0,0,2,3,7,0,2,1,200,0,0,2,200,200,200,200,200,200,200
358433,0,30,0,0,0,3,10,5,0,0,0,18,16,0,200,200,3,200,200,200,200
358433,0,30,0,0,0,3,10,5,0,0,0,18,16,1,5,0,0,0,0,200,200
358433,1,30,0,0,0,3,10,5,0,0,0,18,16,1,5,0,200,200,200,200,200
358440,0,30,0,200,2,3,2,6,0,1,200,12,200,1,200,200,200,200,200,200,200
358441,0,35,0,0,0,3,12,5,0,0,0,21,200,0,6,0,4,0,0,200,200
358441,0,35,0,0,0,3,12,5,0,0,0,21,200,0,6,0,0,0,0,200,200
358443,0,30,0,0,2,3,0,5,0,1,0,0,200,0,5,0,0,0,0,200,200
358443,0,30,0,0,2,3,0,5,0,1,0,0,200,1,5,0,0,0,0,200,200
358443,1,30,0,0,2,3,0,5,0,1,0,0,200,0,5,0,200,200,200,200,200
358443,1,30,0,0,2,3,0,5,0,1,0,0,200,0,6,0,200,200,200,200,200
358445,0,5,0,0,2,3,7,7,0,1,0,0,200,0,0,200,200,0,0,200,200
358448,0,10,0,0,200,1,7,7,0,0,0,23,21,1,200,200,10,0,200,200,200
358459,0,35,0,0,2,4,10,5,0,1,0,34,18,0,5,200,3,0,0,200,200
358459,0,35,0,0,2,4,10,5,0,1,0,34,18,0,7,200,0,0,0,200,200
358462,0,30,0,0,0,3,10,5,0,0,0,18,16,1,5,0,3,0,0,200,200
358462,0,30,0,0,0,3,10,5,0,0,0,18,16,0,6,0,0,0,0,200,200
358468,0,30,1,12,2,3,0,5,0,1,0,0,0,0,5,200,200,0,0,200,200
358468,0,30,1,12,2,3,0,5,0,1,0,0,0,0,6,200,200,200,7,200,200
358468,1,30,1,12,2,3,0,5,0,1,0,0,0,1,5,200,200,200,200,200,200
358468,1,30,1,12,2,3,0,5,0,1,0,0,0,0,5,200,200,200,200,200,200
358468,1,30,1,12,2,3,0,5,0,1,0,0,0,0,6,200,200,200,200,200,200
358470,0,30,0,0,0,1,10,2,0,0,0,18,0,1,200,200,3,200,200,200,200
358470,0,30,0,0,0,1,10,2,0,0,0,18,0,1,6,0,0,0,0,200,200
358472,0,30,0,0,2,3,10,5,0,1,0,18,200,0,200,200,3,200,200,200,200
358472,0,30,0,0,2,3,10,5,0,1,0,18,200,0,5,0,12,0,0,200,200
358475,0,30,2,2,2,3,6,3,1,1,0,0,0,2,200,200,200,200,200,200,200
358478,0,30,1,2,2,3,10,5,0,1,0,16,18,0,6,200,3,200,0,200,200
358478,0,30,1,2,2,3,10,5,0,1,0,16,18,0,6,0,0,0,0,200,200
358478,1,30,1,2,2,3,10,5,0,1,0,16,18,1,200,0,200,200,200,200,200
358478,1,30,1,2,2,3,10,5,0,1,0,16,18,0,2,0,200,200,200,200,200
358478,1,30,1,2,2,3,10,5,0,1,0,16,18,1,2,0,200,200,200,200,200
358478,1,30,1,2,2,3,10,5,0,1,0,16,18,0,1,0,200,200,200,200,200
358484,0,30,1,2,2,0,14,5,0,1,0,0,200,2,200,200,200,200,200,200,200
358484,0,30,1,2,2,0,14,5,0,1,0,0,200,1,200,0,0,0,0,200,200
358484,1,30,1,2,2,0,14,5,0,1,0,0,200,1,5,0,200,200,200,200,200
358484,1,30,1,2,2,0,14,5,0,1,0,0,200,1,200,200,200,200,200,200,200
358485,0,30,0,0,2,3,10,5,0,1,0,17,200,1,200,200,6,200,200,200,200
358485,0,30,0,0,2,3,10,5,0,1,0,17,200,0,5,0,0,0,0,200,200
358485,1,30,0,0,2,3,10,5,0,1,0,17,200,1,200,200,200,200,200,200,200
358487,0,30,0,0,0,3,3,5,0,0,0,10,0,0,6,1,9,0,200,200,200
358487,0,30,0,0,0,3,3,5,0,0,0,10,0,0,5,0,0,0,0,200,200
358487,1,30,0,0,0,3,3,5,0,0,0,10,0,0,6,1,200,200,200,200,200
358487,1,30,0,0,0,3,3,5,0,0,0,10,0,1,5,200,200,200,200,200,200
358487,1,30,0,0,0,3,3,5,0,0,0,10,0,1,4,0,200,200,200,200,200
358495,0,30,1,2,2,3,10,5,0,1,0,18,200,0,8,0,3,0,2,200,200
358495,0,30,1,2,2,3,10,5,0,1,0,18,200,0,5,0,0,0,0,200,200
358499,0,25,0,0,2,3,2,3,3,1,0,15,25,0,4,0,8,0,0,200,200
358509,0,30,2,2,2,3,0,2,0,1,200,17,200,0,200,200,1,200,200,200,200
358509,0,30,2,2,2,3,0,2,0,1,200,17,200,1,5,7,0,0,0,200,200
358512,0,30,1,2,2,3,12,5,0,1,0,23,200,1,200,200,7,200,200,200,200
358512,0,30,1,2,2,3,12,5,0,1,0,23,200,0,6,0,0,200,0,200,200
358512,1,30,1,2,2,3,12,5,0,1,0,23,200,0,200,0,200,200,200,200,200
358513,0,30,200,200,200,200,14,5,0,200,200,0,200,2,200,200,200,200,200,200,200
358513,0,30,200,200,200,200,14,5,0,200,200,0,200,0,6,200,200,200,0,200,200
358514,0,30,2,2,2,3,0,5,0,1,0,0,0,1,7,0,0,0,0,200,200
358514,0,30,2,2,2,3,0,5,0,1,0,0,0,1,200,200,1,200,200,200,200
358526,0,30,0,0,0,3,7,12,0,0,0,11,200,0,6,0,10,0,0,200,200
358535,0,30,1,2,2,3,10,3,0,1,0,0,0,0,200,0,8,0,200,200,200
358535,0,30,1,2,2,3,10,3,0,1,0,0,0,0,200,0,0,0,0,200,1
358535,1,30,1,2,2,3,10,3,0,1,0,0,0,1,200,0,200,200,200,200,200
358539,0,30,1,1,0,3,10,1,0,0,0,16,18,0,7,200,1,0,0,200,200
358539,0,30,1,1,0,3,10,1,0,0,0,16,18,0,5,200,0,0,0,200,200
358539,0,30,1,1,0,3,10,1,0,0,0,16,18,0,6,200,0,0,0,200,200
358539,1,30,1,1,0,3,10,1,0,0,0,16,18,1,6,200,200,200,200,200,200
358561,0,30,0,0,2,3,3,6,0,1,0,0,200,2,200,200,200,200,200,200,200
358561,0,30,0,0,2,3,3,6,0,1,0,0,200,1,4,0,0,0,0,200,200
358561,1,30,0,0,2,3,3,6,0,1,0,0,200,1,4,0,200,200,200,200,200
358561,1,30,0,0,2,3,3,6,0,1,0,0,200,1,3,0,200,200,200,200,200
358561,1,30,0,0,2,3,3,6,0,1,0,0,200,1,3,0,200,200,200,200,200
358561,1,30,0,0,2,3,3,6,0,1,0,0,200,1,3,0,200,200,200,200,200
358562,0,20,0,0,2,3,7,5,0,1,0,15,25,0,6,0,8,0,200,200,200
358569,0,30,1,2,2,3,10,3,2,1,0,18,16,1,200,200,3,200,200,200,200
358569,0,30,1,2,2,3,10,3,2,1,0,18,16,1,7,0,0,0,0,200,200
358569,1,30,1,2,2,3,10,3,2,1,0,18,16,0,200,200,200,200,200,200,200
358569,1,30,1,2,2,3,10,3,2,1,0,18,16,1,200,0,200,200,200,200,200
358569,1,30,1,2,2,3,10,3,2,1,0,18,16,200,200,0,200,200,200,200,200
358576,0,30,2,200,2,3,0,6,0,1,0,5,14,0,200,200,200,200,200,200,200
358576,0,30,2,200,2,3,0,6,0,1,0,5,14,1,6,200,200,200,1,200,200
358576,1,30,2,200,2,3,0,6,0,1,0,5,14,1,3,200,200,200,200,200,200
358579,0,30,1,2,0,3,14,2,0,1,0,12,4,0,6,0,12,0,0,200,200
358579,0,30,1,2,0,3,14,2,0,1,0,12,4,0,6,0,12,0,0,200,200
358579,1,30,1,2,0,3,14,2,0,1,0,12,4,200,200,200,200,200,200,200,200
358579,1,30,1,2,0,3,14,2,0,1,0,12,4,200,200,200,200,200,200,200,200
358579,1,30,1,2,0,3,14,2,0,1,0,12,4,200,200,200,200,200,200,200,200
358579,1,30,1,2,0,3,14,2,0,1,0,12,4,200,200,7,200,200,200,200,200
358579,1,30,1,2,0,3,14,2,0,1,0,12,4,200,200,0,200,200,200,200,200
358585,0,30,0,200,2,3,0,6,0,1,200,0,200,1,200,200,200,200,200,200,200
358585,0,30,0,200,2,3,0,6,0,1,200,0,200,0,5,0,200,200,200,200,200
358587,4,30,1,2,2,3,8,2,0,1,200,21,200,0,5,200,4,200,200,200,200
358587,0,30,1,2,2,3,8,2,0,1,200,21,200,0,5,0,12,0,0,200,200
358593,0,30,1,2,0,3,0,2,0,0,0,0,0,0,6,200,200,200,0,200,200
358593,0,30,1,2,0,3,0,2,0,0,0,0,0,0,6,0,200,0,0,200,200
358593,1,30,1,2,0,3,0,2,0,0,0,0,0,0,6,0,200,200,200,200,200
358605,0,30,0,0,0,3,7,6,0,0,0,0,0,1,5,200,200,0,200,200,200
358606,0,30,1,2,0,3,0,6,0,0,200,0,200,1,4,200,200,200,0,200,200
358606,0,30,1,2,0,3,0,6,0,0,200,0,200,0,7,200,0,200,0,200,200
358606,1,30,1,2,0,3,0,6,0,0,200,0,200,1,4,200,200,200,200,200,200
358607,0,30,0,0,2,4,12,5,0,1,0,22,200,0,7,200,4,200,200,200,200
358607,0,30,0,0,2,4,12,5,0,1,0,22,200,0,5,0,0,0,0,200,200
358608,0,35,1,2,2,3,2,2,0,1,0,0,0,0,6,0,12,0,0,200,200
358614,0,30,2,12,0,3,0,6,0,1,0,17,0,1,5,200,1,200,7,200,200
358614,0,30,2,12,0,3,0,6,0,1,0,17,0,1,6,200,0,200,0,200,200
358614,1,30,2,12,0,3,0,6,0,1,0,17,0,0,5,200,200,200,200,200,200
358614,1,30,2,12,0,3,0,6,0,1,0,17,0,1,5,200,200,200,200,200,200
358616,0,35,0,0,0,3,7,3,0,0,0,0,200,0,6,200,200,0,0,200,200
358618,0,30,1,2,0,3,10,2,0,0,0,32,6,0,5,0,5,200,5,200,200
358618,0,30,1,2,0,3,10,2,0,0,0,32,6,0,6,0,0,200,0,200,200
358618,0,30,1,2,0,3,10,2,0,0,0,32,6,0,6,0,0,200,0,200,200
358618,1,30,1,2,0,3,10,2,0,0,0,32,6,1,7,0,200,200,200,200,200
358618,1,30,1,2,0,3,10,2,0,0,0,32,6,0,2,5,200,200,200,200,200
358618,1,30,1,2,0,3,10,2,0,0,0,32,6,1,6,0,200,200,200,200,200
358620,0,30,1,2,2,3,10,5,0,1,0,16,32,0,6,200,3,0,5,200,200
358620,0,30,1,2,2,3,10,5,0,1,0,16,32,1,6,200,0,0,0,200,200
358620,0,30,1,2,2,3,10,5,0,1,0,16,32,1,5,200,0,0,0,200,200
358625,0,30,2,2,0,3,7,6,0,1,0,0,0,2,200,200,200,200,200,200,200
358630,0,30,1,2,200,3,14,2,0,200,200,0,200,0,200,200,200,200,200,200,200
358630,0,30,1,2,200,3,14,2,0,200,200,0,200,0,5,200,200,200,0,200,200
358635,0,30,0,0,2,3,7,5,0,1,0,0,0,1,6,200,0,0,0,200,200
358635,1,30,0,0,2,3,7,5,0,1,0,0,0,1,6,200,200,200,200,200,200
358646,0,30,0,0,2,3,7,6,0,1,0,27,200,0,5,0,12,0,2,200,200
358649,0,15,0,0,0,3,7,6,0,0,200,32,200,0,6,200,12,200,5,0.16,200
358659,0,30,0,0,2,3,7,5,0,1,0,0,0,0,5,0,12,0,0,200,200
358662,0,30,1,2,2,3,10,5,0,1,0,18,0,1,200,200,3,200,200,200,200
358662,0,30,1,2,2,3,10,5,0,1,0,18,0,0,7,200,0,0,0,200,200
358662,1,30,1,2,2,3,10,5,0,1,0,18,0,0,200,200,200,200,200,200,200
358666,0,30,0,0,2,3,7,5,0,1,200,27,200,1,5,0,9,200,2,200,200
358670,0,30,0,0,0,3,7,5,0,1,0,0,200,0,6,200,12,0,0,200,200
358676,0,30,1,2,2,3,0,5,0,1,0,6,0,0,4,200,5,200,0,200,200
358676,0,30,1,2,2,3,0,5,0,1,0,6,0,0,7,200,0,0,0,200,200
358683,0,30,0,0,2,0,5,7,0,1,0,20,200,0,6,200,6,0,0,200,200
358684,0,25,0,0,2,3,7,5,0,1,0,25,25,0,200,200,4,200,200,200,200
358685,0,30,1,2,2,3,10,5,0,1,0,16,200,1,6,0,12,0,0,200,200
358685,0,30,1,2,2,3,10,5,0,1,0,16,200,0,5,0,0,0,0,200,200
358685,1,30,1,2,2,3,10,5,0,1,0,16,200,0,6,0,200,200,200,200,200
358690,0,30,0,0,2,3,12,5,0,3,0,32,200,0,3,0,4,0,0,200,200
358690,0,30,0,0,2,3,12,5,0,3,0,32,200,1,5,7,0,0,0,200,200
358692,0,30,0,0,2,3,14,5,0,1,0,10,17,1,5,200,9,200,1,200,200
358692,0,30,0,0,2,3,14,5,0,1,0,10,17,0,5,200,0,200,0,200,200
358692,1,30,0,0,2,3,14,5,0,1,0,10,17,0,200,200,200,200,200,200,200
358697,0,30,1,2,2,0,0,5,0,1,0,0,0,0,6,0,200,0,0,200,200
358697,0,30,1,2,2,0,0,5,0,1,0,0,0,1,6,0,200,0,0,200,200
358697,1,30,1,2,2,0,0,5,0,1,0,0,0,0,200,0,200,200,200,200,200
358707,0,30,1,2,0,3,2,1,0,0,0,0,0,0,5,200,8,0,3,200,200
358707,1,30,1,2,0,3,2,1,0,0,0,0,0,0,5,200,200,200,200,200,200
358710,0,35,2,2,2,3,10,2,0,1,0,18,34,0,5,200,8,200,200,200,200
358710,0,35,2,2,2,3,10,2,0,1,0,18,34,0,6,200,0,200,200,200,200
358713,0,30,1,2,2,3,0,5,0,1,0,6,17,2,200,200,5,200,200,200,200
358713,0,30,1,2,2,3,0,5,0,1,0,6,17,0,5,0,0,0,0,200,200
358713,1,30,1,2,2,3,0,5,0,1,0,6,17,0,7,0,200,200,200,200,200
358717,0,25,0,0,2,2,7,5,0,1,0,0,0,0,200,200,200,200,200,200,200
358717,1,25,0,0,2,2,7,5,0,1,0,0,0,0,200,200,200,200,200,200,200
358717,1,25,0,0,2,2,7,5,0,1,0,0,0,0,200,200,200,200,200,200,200
358726,0,25,0,0,2,2,2,5,3,1,0,34,0,0,5,200,8,12,2,200,200
358750,0,30,0,0,2,1,0,5,0,1,0,5,5,0,200,200,1,200,200,200,200
358750,0,30,0,0,2,1,0,5,0,1,0,5,5,0,7,200,0,0,0,200,200
358755,0,30,0,0,0,1,0,12,0,0,0,17,16,0,200,200,1,200,200,200,200
358755,0,30,0,0,0,1,0,12,0,0,0,17,16,0,5,0,0,0,0,200,200
358757,0,25,1,200,2,1,10,2,0,1,0,18,18,0,200,200,1,200,200,200,200
358757,0,25,1,200,2,1,10,2,0,1,0,18,18,1,7,0,0,0,0,200,200
358763,0,40,3,2,2,1,2,3,3,1,0,34,11,0,5,0,12,0,0,200,200
358765,0,30,0,0,2,1,10,3,3,1,0,15,16,0,5,0,8,0,0,200,200
358765,0,30,0,0,2,1,10,3,3,1,0,15,16,0,6,0,0,0,0,200,200
358765,0,30,0,0,2,1,10,3,3,1,0,15,16,0,8,0,0,0,0,200,200
358765,1,30,0,0,2,1,10,3,3,1,0,15,16,1,6,0,200,200,200,200,200
358766,0,30,0,0,2,3,7,6,0,1,0,15,25,0,6,200,200,0,200,200,200
358786,0,30,0,0,2,1,12,5,2,1,0,11,15,0,3,0,1,0,200,200,200
358786,0,30,0,0,2,1,12,5,2,1,0,11,15,1,6,0,0,0,0,200,200
358786,0,30,0,0,2,1,12,5,2,1,0,11,15,1,6,0,0,0,0,200,200
358786,1,30,0,0,2,1,12,5,2,1,0,11,15,0,3,0,200,200,200,200,200
358793,0,30,1,2,2,4,0,2,0,1,0,22,200,0,7,0,2,0,0,200,200
358793,0,30,1,2,2,4,0,2,0,1,0,22,200,0,6,0,0,0,0,200,200
358794,0,30,1,2,2,1,10,5,0,1,0,0,0,1,6,0,0,0,0,200,200
358794,0,30,1,2,2,1,10,5,0,1,0,0,0,0,6,0,200,0,0,200,200
358801,0,30,1,2,2,1,14,1,0,1,200,3,34,0,6,0,200,200,0,200,200
358801,0,30,1,2,2,1,14,1,0,1,200,3,34,0,7,0,200,200,0,200,200
358801,1,30,1,2,2,1,14,1,0,1,200,3,34,1,6,0,200,200,200,200,200
358810,0,30,0,0,2,1,12,5,0,1,0,22,200,1,8,200,2,200,200,200,200
358810,0,30,0,0,2,1,12,5,0,1,0,22,200,0,6,0,0,0,0,200,200
358814,0,30,200,200,200,0,7,200,0,200,0,200,200,0,200,200,200,200,200,200,200
358820,0,30,2,2,2,1,0,2,0,1,0,17,200,0,6,200,1,200,0,200,200
358820,0,30,2,2,2,1,0,2,0,1,0,17,200,0,6,200,200,200,0,200,200
358820,1,30,2,2,2,1,0,2,0,1,0,17,200,1,6,200,200,200,200,200,200
358827,0,30,1,2,2,1,0,8,0,1,0,15,200,0,6,0,8,0,0,200,200
358827,0,30,1,2,2,1,0,8,0,1,0,15,200,1,6,0,0,0,0,200,200
358834,0,30,1,2,2,1,10,12,0,1,0,34,200,0,4,0,12,0,0,200,200
358834,0,30,1,2,2,1,10,12,0,1,0,34,200,0,7,0,0,0,0,200,200
358836,0,35,0,0,2,1,12,5,0,1,0,21,16,1,5,0,4,0,0,200,200
358836,0,35,0,0,2,1,12,5,0,1,0,21,16,0,6,7,0,0,0,200,200
358837,0,30,0,0,2,3,7,5,0,1,0,0,0,1,6,0,200,0,0,200,200
358841,0,30,0,0,2,1,7,6,0,1,0,0,0,0,200,200,200,200,200,200,200
358843,0,30,0,0,2,1,14,5,0,1,0,0,200,0,6,0,200,4,200,200,200
358843,1,30,0,0,2,1,14,5,0,1,0,0,200,1,5,0,200,200,200,200,200
358843,1,30,0,0,2,1,14,5,0,1,0,0,200,1,0,5,200,200,200,200,200