RD_NO,PERSON_TYPE,POSTED_SPEED_LIMIT,TRAFFIC_CONTROL_DEVICE,DEVICE_CONDITION,WEATHER_CONDITION,LIGHTING_CONDITION,FIRST_CRASH_TYPE,TRAFFICWAY_TYPE,ALIGNMENT,ROADWAY_SURFACE_COND,ROAD_DEFECT,PRIM_CONTRIBUTORY_CAUSE,SEC_CONTRIBUTORY_CAUSE,SEX,AGE,SAFETY_EQUIPMENT,DRIVER_ACTION,DRIVER_VISION,PHYSICAL_CONDITION,BAC_RESULT VALUE,CELL_PHONE_USE
358853,0,5,0,0,2,1,7,7,0,1,0,20,0,2,200,200,200,200,200,200,200
358855,0,25,0,0,0,3,7,6,0,1,0,16,200,2,200,200,200,200,200,200,200
358858,0,30,0,0,0,0,7,5,0,0,0,0,0,2,200,200,200,200,200,200,200
358862,0,0,0,0,2,1,2,7,0,1,0,0,0,2,200,200,200,200,200,200,200
358872,0,30,1,2,2,1,10,5,0,1,0,18,18,0,7,0,3,0,0,200,200
358872,0,30,1,2,2,1,10,5,0,1,0,18,18,1,9,0,0,0,0,200,200
358878,0,30,0,0,2,1,7,5,0,1,0,200,200,1,200,200,200,200,200,200,200
358890,0,30,0,0,2,1,2,0,0,1,0,0,200,1,5,0,10,0,0,200,200
358893,0,15,0,0,1,1,2,0,0,1,0,20,19,0,4,200,6,200,5,200,200
358893,1,15,0,0,1,1,2,0,0,1,0,20,19,0,4,200,200,200,200,200,200
358895,0,30,0,12,2,1,7,5,0,1,0,23,200,2,200,200,7,200,200,200,200
358896,0,25,0,0,200,200,7,6,0,200,0,22,0,0,5,200,2,200,200,200,200
358906,0,35,0,0,2,1,7,7,0,1,200,0,0,1,6,200,200,200,0,200,200
358906,1,35,0,0,2,1,7,7,0,1,200,0,0,0,6,200,200,200,200,200,200
358908,0,30,0,0,0,4,12,5,0,0,0,17,200,1,5,200,1,200,200,200,200
358908,0,30,0,0,0,4,12,5,0,0,0,17,200,1,5,0,0,0,0,200,200
358909,0,0,0,0,2,3,7,5,0,1,0,21,11,2,200,200,12,200,200,200,200
358910,0,30,0,0,2,1,7,5,0,1,0,21,16,0,4,200,4,0,12,200,200
358910,1,30,0,0,2,1,7,5,0,1,0,21,16,0,200,200,200,200,200,200,200
358921,0,30,1,2,200,1,10,5,0,200,0,0,200,1,6,200,200,200,200,200,200
358921,0,30,1,2,200,1,10,5,0,200,0,0,200,0,6,200,0,0,0,200,200
358922,0,0,0,0,200,1,9,7,0,1,0,20,200,0,200,200,6,200,200,200,200
358922,5,0,0,0,200,1,9,7,0,1,0,20,200,1,8,7,0,0,200,200,200
358923,0,30,1,2,2,1,0,5,0,1,200,15,200,1,7,200,0,200,0,200,200
358923,0,30,1,2,2,1,0,5,0,1,200,15,200,0,7,200,12,200,0,200,200
358923,1,30,1,2,2,1,0,5,0,1,200,15,200,1,5,200,200,200,200,200,200
358924,0,30,2,2,1,1,0,5,0,1,0,17,200,1,7,200,1,0,0,200,200
358924,0,30,2,2,1,1,0,5,0,1,0,17,200,0,6,0,0,0,0,200,200
358924,1,30,2,2,1,1,0,5,0,1,0,17,200,0,3,0,200,200,200,200,200
358925,0,30,0,0,200,200,7,5,0,200,0,0,0,2,200,200,200,200,200,200,200
358926,0,30,1,2,2,1,7,5,0,1,0,0,0,1,5,200,200,200,0,200,200
358927,0,30,2,2,2,2,7,5,0,1,0,0,0,2,200,200,200,200,200,200,200
358928,0,25,0,200,2,1,12,12,0,1,0,22,17,1,200,200,2,200,200,200,200
358928,0,25,0,200,2,1,12,12,0,1,0,22,17,1,6,200,1,0,0,200,200
358931,0,30,1,2,2,1,10,2,0,1,0,16,18,0,5,0,3,0,0,200,200
358931,0,30,1,2,2,1,10,2,0,1,0,16,18,0,5,0,0,0,0,200,200
358931,1,30,1,2,2,1,10,2,0,1,0,16,18,1,200,0,200,200,200,200,200
358932,0,35,0,0,2,1,10,5,0,1,0,0,0,0,200,200,200,200,200,200,200
358932,0,35,0,0,2,1,10,5,0,1,0,0,0,1,6,0,0,0,0,200,200
358932,0,35,0,0,2,1,10,5,0,1,0,0,0,0,200,200,200,200,200,200,200
358939,0,30,1,2,0,1,14,8,0,0,0,17,11,1,5,0,1,1,0,200,200
358939,0,30,1,2,0,1,14,8,0,0,0,17,11,0,5,0,0,0,0,200,200
358942,0,35,0,0,2,3,7,6,0,1,0,0,200,2,200,200,200,200,200,200,200
358947,0,30,0,0,2,1,10,5,0,1,0,18,200,2,200,200,15,200,200,200,200
358947,0,30,0,0,2,1,10,5,0,1,0,18,200,1,6,0,0,0,0,200,200
358947,1,30,0,0,2,1,10,5,0,1,0,18,200,1,5,0,200,200,200,200,200
358948,0,30,2,2,0,1,12,6,0,0,0,21,15,0,6,200,7,200,200,200,200
358948,0,30,2,2,0,1,12,6,0,0,0,21,15,0,7,0,0,0,0,200,200
358948,1,30,2,2,0,1,12,6,0,0,0,21,15,0,200,0,200,200,200,200,200
358949,0,30,1,2,2,1,12,6,0,1,0,32,200,0,200,200,8,200,200,200,200
358949,0,30,1,2,2,1,12,6,0,1,0,32,200,0,6,0,0,0,0,200,200
358949,1,30,1,2,2,1,12,6,0,1,0,32,200,1,6,0,200,200,200,200,200
358949,1,30,1,2,2,1,12,6,0,1,0,32,200,1,200,200,200,200,200,200,200
358951,0,30,0,0,2,1,7,7,0,1,0,200,200,0,5,200,200,0,0,200,200
358955,0,30,0,0,0,1,7,7,0,0,0,0,0,2,200,200,200,200,200,200,200
358959,0,30,0,0,2,1,7,5,0,1,0,16,0,2,200,200,12,200,200,200,200
358960,0,20,0,0,0,1,7,5,0,1,0,200,200,0,6,200,0,0,0,200,200
358961,0,30,1,2,2,1,10,12,0,1,0,200,200,0,200,200,200,200,200,200,200
358961,0,30,1,2,2,1,10,12,0,1,0,200,200,1,6,0,0,0,0,200,200
358962,0,35,0,0,0,1,14,2,0,1,0,0,200,0,6,0,7,0,0,200,200
358962,0,35,0,0,0,1,14,2,0,1,0,0,200,0,7,0,0,0,0,200,200
358963,0,30,0,0,2,3,7,2,0,1,0,0,0,2,200,200,200,200,200,200,200
358965,0,35,2,2,2,1,10,2,0,1,0,18,18,0,200,200,3,0,0,200,200
358965,0,35,2,2,2,1,10,2,0,1,0,18,18,1,6,0,0,0,0,200,200
358967,0,20,0,0,200,1,7,5,0,200,0,200,200,2,200,200,200,200,200,200,200
358969,0,30,0,0,0,1,7,5,0,0,0,0,200,2,200,200,200,200,200,200,200
358971,0,30,1,2,2,1,0,3,0,1,0,6,11,1,6,200,5,0,0,200,200
358971,0,30,1,2,2,1,0,3,0,1,0,6,11,0,6,200,0,0,0,200,200
358971,0,30,1,2,2,1,0,3,0,1,0,6,11,0,6,200,0,0,0,200,200
358972,0,25,0,0,0,3,7,6,0,0,0,0,200,2,200,200,200,200,200,200,200
358973,0,30,1,2,2,1,10,5,0,1,0,34,200,0,4,200,12,0,0,200,200
358973,0,30,1,2,2,1,10,5,0,1,0,34,200,0,5,200,0,0,0,200,200
358973,1,30,1,2,2,1,10,5,0,1,0,34,200,1,5,200,200,200,200,200,200
358974,0,30,1,2,2,1,10,6,0,1,0,16,18,1,7,0,3,0,0,200,200
358974,0,30,1,2,2,1,10,6,0,1,0,16,18,0,7,0,0,0,0,200,200
358979,0,30,1,2,2,1,14,5,0,1,0,200,200,1,5,0,12,0,0,200,200
358979,0,30,1,2,2,1,14,5,0,1,0,200,200,1,6,0,0,0,0,200,200
358979,1,30,1,2,2,1,14,5,0,1,0,200,200,1,6,0,200,200,200,200,200
358985,0,30,0,0,2,1,8,2,0,1,0,0,200,1,6,200,200,0,0,200,200
358985,4,30,0,0,2,1,8,2,0,1,0,0,200,0,6,7,0,0,0,200,200
358988,0,30,1,2,2,1,12,5,0,1,0,21,17,1,7,200,4,200,0,200,200
358988,0,30,1,2,2,1,12,5,0,1,0,21,17,1,6,200,0,200,0,200,200
358991,0,30,0,0,2,1,12,5,0,1,0,17,22,0,6,0,1,0,0,200,200
358991,0,30,0,0,2,1,12,5,0,1,0,17,22,0,200,0,0,0,0,200,200
358995,0,30,1,2,0,1,12,5,0,0,0,0,200,0,200,200,2,200,200,200,200
358995,0,30,1,2,0,1,12,5,0,0,0,0,200,0,6,0,0,0,0,200,200
358995,1,30,1,2,0,1,12,5,0,0,0,0,200,1,6,0,200,200,200,200,200
358997,0,35,1,2,2,1,10,5,0,1,0,0,0,0,6,200,200,200,200,200,200
358997,0,35,1,2,2,1,10,5,0,1,0,0,0,0,5,0,0,0,0,200,200
359005,0,20,0,0,2,1,7,6,0,1,0,0,200,2,200,200,200,200,200,200,200
359006,0,35,0,0,2,1,10,0,0,1,0,25,200,0,200,200,6,200,200,200,200
359006,0,35,0,0,2,1,10,0,0,1,0,25,200,0,6,200,0,0,0,200,200
359009,0,30,0,0,2,1,10,2,0,1,0,11,16,1,200,200,1,200,200,200,200
359009,0,30,0,0,2,1,10,2,0,1,0,11,16,0,0,0,0,0,0,200,200
359010,0,30,1,2,2,1,14,3,0,1,0,17,200,0,200,200,1,200,200,200,200
359010,0,30,1,2,2,1,14,3,0,1,0,17,200,0,6,200,0,200,0,200,200
359011,0,30,0,0,2,3,12,5,0,1,0,0,0,0,200,200,200,200,200,200,200
359011,0,30,0,0,2,3,12,5,0,1,0,0,0,0,7,0,0,0,0,200,200
359011,1,30,0,0,2,3,12,5,0,1,0,0,0,200,200,200,200,200,200,200,200
359011,1,30,0,0,2,3,12,5,0,1,0,0,0,0,200,200,200,200,200,200,200
359013,0,15,0,0,0,1,4,7,0,0,1,29,200,0,7,0,12,0,0,200,200
359029,0,15,0,0,200,200,7,5,0,200,0,0,200,2,200,200,200,200,200,200,200
359034,0,25,2,0,0,1,3,6,0,0,0,0,0,0,6,200,200,200,200,200,200
359034,0,25,2,0,0,1,3,6,0,0,0,0,0,0,7,0,0,0,0,200,200
359047,0,30,0,0,2,1,10,2,0,1,0,18,0,1,6,0,3,0,0,200,200
359047,0,30,0,0,2,1,10,2,0,1,0,18,0,0,6,0,0,0,0,200,200
359047,1,30,0,0,2,1,10,2,0,1,0,18,0,1,2,0,200,200,200,200,200
359047,1,30,0,0,2,1,10,2,0,1,0,18,0,1,2,0,200,200,200,200,200
359047,1,30,0,0,2,1,10,2,0,1,0,18,0,0,0,5,200,200,200,200,200
359047,1,30,0,0,2,1,10,2,0,1,0,18,0,1,6,0,200,200,200,200,200
359048,0,15,0,0,1,1,14,5,0,1,0,22,21,0,8,200,9,0,0,200,200
359048,0,15,0,0,1,1,14,5,0,1,0,22,21,0,4,0,0,0,0,200,200
359048,1,15,0,0,1,1,14,5,0,1,0,22,21,1,200,200,200,200,200,200,200
359048,1,15,0,0,1,1,14,5,0,1,0,22,21,200,200,200,200,200,200,200,200
359053,0,35,1,2,2,1,10,2,0,1,0,0,0,2,200,200,0,200,200,200,200
359053,0,35,1,2,2,1,10,2,0,1,0,0,0,0,7,0,0,0,0,200,200
359055,0,30,1,2,2,1,8,3,0,1,0,17,33,0,5,0,1,1,0,200,200
359055,4,30,1,2,2,1,8,3,0,1,0,17,33,0,5,7,0,1,0,200,200
359055,1,30,1,2,2,1,8,3,0,1,0,17,33,1,5,0,200,200,200,200,200
359063,0,30,0,0,2,1,7,7,0,1,200,0,11,2,200,200,200,200,200,200,200
359065,0,30,1,2,2,1,14,1,0,1,0,17,34,0,5,0,7,0,0,200,200
359065,0,30,1,2,2,1,14,1,0,1,0,17,34,0,5,0,0,0,0,200,200
359066,0,30,1,2,0,1,10,5,0,1,200,0,0,0,200,200,200,200,200,200,200
359066,0,30,1,2,0,1,10,5,0,1,200,0,0,0,8,200,200,200,200,200,200
359070,0,5,0,0,0,1,7,7,3,0,0,10,10,1,200,7,9,200,200,200,200
359071,0,40,0,0,0,1,7,3,2,0,0,21,16,0,7,0,4,0,0,200,200
359071,5,40,0,0,0,1,7,3,2,0,0,21,16,1,7,7,12,200,200,200,200
359071,0,40,0,0,0,1,7,3,2,0,0,21,16,1,6,0,0,0,0,200,200
359074,0,30,0,0,2,1,10,5,0,1,0,34,18,1,5,0,3,0,0,200,200
359074,0,30,0,0,2,1,10,5,0,1,0,34,18,0,7,0,0,0,0,200,200
359074,1,30,0,0,2,1,10,5,0,1,0,34,18,1,7,0,200,200,200,200,200
359078,0,20,0,0,1,1,0,12,0,1,2,32,0,1,7,200,1,0,1,200,200
359078,0,20,0,0,1,1,0,12,0,1,2,32,0,1,5,200,0,0,0,200,200
359078,1,20,0,0,1,1,0,12,0,1,2,32,0,1,200,200,200,200,200,200,200
359078,1,20,0,0,1,1,0,12,0,1,2,32,0,0,200,200,200,200,200,200,200
359078,1,20,0,0,1,1,0,12,0,1,2,32,0,0,200,200,200,200,200,200,200
359078,1,20,0,0,1,1,0,12,0,1,2,32,0,1,200,200,200,200,200,200,200
359082,0,30,0,0,2,1,10,3,0,1,0,16,200,0,200,200,4,200,200,200,200
359082,0,30,0,0,2,1,10,3,0,1,0,16,200,1,200,200,12,200,200,200,200
359083,0,30,200,200,2,1,10,2,0,1,200,18,0,0,5,200,3,200,0,200,200
359083,0,30,200,200,2,1,10,2,0,1,200,18,0,0,7,200,200,200,0,200,200
359083,1,30,200,200,2,1,10,2,0,1,200,18,0,0,8,200,200,200,200,200,200
359086,0,15,0,0,0,1,7,7,0,0,0,20,16,0,5,200,6,200,0,200,200
359088,0,30,0,0,0,1,12,5,0,0,0,0,0,0,8,0,12,0,0,200,200
359088,0,30,0,0,0,1,12,5,0,0,0,0,0,1,5,0,0,0,0,200,200
359088,1,30,0,0,0,1,12,5,0,0,0,0,0,0,200,200,200,200,200,200,200
359088,1,30,0,0,0,1,12,5,0,0,0,0,0,0,200,200,200,200,200,200,200
359088,1,30,0,0,0,1,12,5,0,0,0,0,0,0,200,200,200,200,200,200,200
359088,1,30,0,0,0,1,12,5,0,0,0,0,0,1,200,200,200,200,200,200,200
359088,1,30,0,0,0,1,12,5,0,0,0,0,0,0,200,200,200,200,200,200,200
359089,0,30,0,0,2,3,7,6,0,1,0,0,200,2,200,200,200,200,200,200,200
359090,0,30,0,0,0,1,12,12,0,0,0,200,200,0,7,0,0,0,0,200,200
359090,0,30,0,0,0,1,12,12,0,0,0,200,200,1,6,0,0,0,0,200,200
359093,0,25,200,200,2,1,9,2,0,1,0,17,34,0,5,200,1,0,0,200,200
359093,5,25,200,200,2,1,9,2,0,1,0,17,34,0,6,200,0,0,0,200,200
359094,0,35,2,2,0,0,10,5,0,1,0,22,0,0,200,200,2,200,200,200,200
359094,0,35,2,2,0,0,10,5,0,1,0,22,0,0,5,0,0,0,0,200,200
359095,0,30,0,0,0,4,12,5,0,0,0,21,21,2,200,200,200,200,200,200,200
359095,0,30,0,0,0,4,12,5,0,0,0,21,21,0,5,0,0,0,0,200,200
359095,1,30,0,0,0,4,12,5,0,0,0,21,21,2,200,200,200,200,200,200,200
359098,0,15,0,0,0,1,0,2,0,0,0,0,200,0,4,200,0,0,200,200,200
359098,0,15,0,0,0,1,0,2,0,0,0,0,200,1,5,0,0,0,200,200,200
359105,0,35,0,0,0,1,14,3,0,0,0,18,200,0,6,0,3,0,0,200,200
359105,0,35,0,0,0,1,14,3,0,0,0,18,200,0,6,0,0,0,0,200,200
359105,1,35,0,0,0,1,14,3,0,0,0,18,200,1,4,0,200,200,200,200,200
359107,0,30,1,2,1,1,14,6,0,0,0,21,200,1,6,200,4,0,0,200,200
359107,0,30,1,2,1,1,14,6,0,0,0,21,200,0,6,0,0,0,0,200,200
359111,0,30,1,2,2,1,10,12,0,1,0,6,22,1,6,0,2,0,0,200,200
359111,0,30,1,2,2,1,10,12,0,1,0,6,22,0,5,0,0,0,0,200,200
359111,0,30,1,2,2,1,10,12,0,1,0,6,22,1,5,0,0,0,0,200,200
359111,0,30,1,2,2,1,10,12,0,1,0,6,22,0,6,0,0,0,0,200,200
359111,0,30,1,2,2,1,10,12,0,1,0,6,22,1,5,0,0,0,0,200,200
359111,1,30,1,2,2,1,10,12,0,1,0,6,22,0,7,0,200,200,200,200,200
359111,1,30,1,2,2,1,10,12,0,1,0,6,22,1,7,0,200,200,200,200,200
359113,0,30,1,2,0,1,10,3,0,1,0,18,7,0,5,200,3,0,0,200,200
359113,0,30,1,2,0,1,10,3,0,1,0,18,7,0,6,0,0,0,0,200,200
359120,0,30,200,200,200,1,12,5,0,0,200,0,200,0,7,200,200,200,0,200,200
359120,0,30,200,200,200,1,12,5,0,0,200,0,200,1,7,200,200,200,0,200,200
359122,0,30,1,2,0,1,10,3,0,1,0,18,200,0,6,0,3,0,0,200,200
359122,0,30,1,2,0,1,10,3,0,1,0,18,200,0,6,0,0,0,0,200,200
359128,0,30,2,2,2,1,10,5,0,1,0,0,34,1,5,0,200,0,0,200,200
359128,0,30,2,2,2,1,10,5,0,1,0,0,34,1,5,0,200,0,0,200,200
359128,1,30,2,2,2,1,10,5,0,1,0,0,34,1,2,0,200,200,200,200,200
359128,1,30,2,2,2,1,10,5,0,1,0,0,34,1,2,0,200,200,200,200,200
359129,0,30,2,2,0,1,10,5,0,0,200,16,0,1,200,200,200,200,200,200,200
359129,0,30,2,2,0,1,10,5,0,0,200,16,0,0,5,0,0,0,0,200,200
359129,1,30,2,2,0,1,10,5,0,0,200,16,0,1,4,0,200,200,200,200,200
359130,0,30,0,0,0,1,7,6,0,0,0,0,200,2,200,200,200,200,200,200,200
359136,0,30,0,0,0,1,11,5,0,0,0,0,0,0,200,200,200,200,200,200,200
359136,0,30,0,0,0,1,11,5,0,0,0,0,0,1,7,0,200,0,0,200,200
359141,0,30,0,0,2,1,12,5,0,1,0,0,0,0,6,0,12,0,0,200,200
359141,0,30,0,0,2,1,12,5,0,1,0,0,0,0,9,0,12,0,0,200,200
359142,0,25,0,0,0,1,0,6,0,0,0,17,16,0,6,200,1,200,200,200,200
359143,0,30,1,2,0,1,10,5,0,0,0,18,200,0,7,0,3,0,0,200,200
359143,0,30,1,2,0,1,10,5,0,0,0,18,200,0,6,0,0,0,0,200,200
359143,0,30,1,2,0,1,10,5,0,0,0,18,200,0,6,0,0,0,0,200,200
359143,1,30,1,2,0,1,10,5,0,0,0,18,200,0,200,0,200,200,200,200,200
359143,1,30,1,2,0,1,10,5,0,0,0,18,200,1,6,0,200,200,200,200,200
359143,1,30,1,2,0,1,10,5,0,0,0,18,200,1,2,0,200,200,200,200,200
359143,1,30,1,2,0,1,10,5,0,0,0,18,200,1,2,0,200,200,200,200,200
359143,1,30,1,2,0,1,10,5,0,0,0,18,200,0,0,0,200,200,200,200,200
359144,0,30,0,0,0,1,7,7,0,0,0,25,200,1,200,200,12,200,200,200,200
359144,1,30,0,0,0,1,7,7,0,0,0,25,200,0,200,200,200,200,200,200,200
359147,0,30,0,0,200,200,7,5,0,200,200,0,200,0,200,200,200,200,200,200,200
359149,0,30,1,2,0,1,14,5,0,0,0,23,200,0,5,200,7,200,0,200,200
359149,0,30,1,2,0,1,14,5,0,0,0,23,200,0,5,200,0,200,0,200,200
359149,1,30,1,2,0,1,14,5,0,0,0,23,200,0,200,0,200,200,200,200,200
359160,0,20,0,0,2,1,7,3,0,1,0,0,0,1,9,0,12,0,0,200,200
359161,0,30,1,2,0,1,14,6,0,0,0,0,200,1,5,200,1,0,0,200,200
359161,0,30,1,2,0,1,14,6,0,0,0,0,200,0,6,7,0,0,0,200,200
359162,0,0,2,2,2,1,0,5,0,1,0,0,0,0,200,200,200,200,200,200,200
359162,0,0,2,2,2,1,0,5,0,1,0,0,0,1,6,200,0,0,0,200,200
359167,0,30,0,0,0,3,3,6,0,0,0,20,0,2,200,200,6,200,200,200,200
359167,0,30,0,0,0,3,3,6,0,0,0,20,0,1,5,0,0,0,0,200,200
359168,0,30,0,0,200,2,7,5,0,200,0,0,200,2,200,200,200,200,200,200,200
359173,0,30,0,0,0,1,11,6,0,0,0,20,11,0,6,0,6,0,0,200,200
359173,0,30,0,0,0,1,11,6,0,0,0,20,11,1,5,0,0,0,0,200,200
359175,0,25,1,2,1,1,7,5,0,0,0,0,0,0,6,0,7,200,0,200,200
359185,0,30,0,0,200,3,7,2,0,200,0,0,0,2,200,200,200,200,200,200,200
359186,0,15,0,0,0,1,10,7,0,0,0,18,16,1,200,200,3,200,200,200,200
359186,0,15,0,0,0,1,10,7,0,0,0,18,16,1,5,0,0,0,0,200,200
359186,1,15,0,0,0,1,10,7,0,0,0,18,16,0,200,200,200,200,200,200,200
359186,1,15,0,0,0,1,10,7,0,0,0,18,16,0,200,200,200,200,200,200,200
359186,1,15,0,0,0,1,10,7,0,0,0,18,16,1,200,200,200,200,200,200,200
359187,0,30,0,0,0,1,7,5,0,1,0,20,0,0,200,0,0,0,0,200,200
359188,0,30,12,12,0,1,14,2,0,0,0,23,17,1,5,0,7,12,0,200,200
359188,0,30,12,12,0,1,14,2,0,0,0,23,17,0,6,0,0,0,0,200,200
359199,0,30,0,0,0,1,10,7,0,0,200,18,200,0,200,200,3,200,200,200,200
359199,0,30,0,0,0,1,10,7,0,0,200,18,200,1,6,200,12,200,0,200,200
359200,0,30,2,200,0,1,14,2,0,200,200,23,200,1,5,200,200,0,0,200,200
359200,0,30,2,200,0,1,14,2,0,200,200,23,200,0,6,200,0,0,0,200,200
359200,1,30,2,200,0,1,14,2,0,200,200,23,200,0,5,200,200,200,200,200,200
359200,1,30,2,200,0,1,14,2,0,200,200,23,200,1,1,200,200,200,200,200,200
359200,1,30,2,200,0,1,14,2,0,200,200,23,200,1,2,200,200,200,200,200,200
359207,0,30,1,2,0,1,10,5,0,0,0,18,0,1,6,200,0,0,0,200,200
359207,0,30,1,2,0,1,10,5,0,0,0,18,0,1,6,0,3,0,0,200,200
359207,1,30,1,2,0,1,10,5,0,0,0,18,0,1,2,0,200,200,200,200,200
359208,0,25,0,0,0,200,12,7,0,0,200,0,0,0,200,200,1,200,200,200,200
359208,0,25,0,0,0,200,12,7,0,0,200,0,0,0,7,0,200,200,0,200,200
359210,0,30,200,200,0,1,10,5,0,0,200,0,200,1,0,200,200,200,0,200,200
359210,0,30,200,200,0,1,10,5,0,0,200,0,200,1,6,200,200,200,0,200,200
359212,0,30,0,0,0,1,10,2,0,200,0,0,200,0,200,200,0,200,200,200,200
359212,0,30,0,0,0,1,10,2,0,200,0,0,200,1,6,7,0,0,0,200,200
359213,0,30,0,0,0,1,10,0,0,0,0,0,0,1,200,200,12,200,0,200,200
359213,0,30,0,0,0,1,10,0,0,0,0,0,0,1,200,200,0,0,0,200,200
359217,0,35,0,0,0,1,14,5,2,0,0,10,10,0,6,200,4,200,0,200,200
359217,0,35,0,0,0,1,14,5,2,0,0,10,10,0,6,7,0,200,0,200,200
359217,1,35,0,0,0,1,14,5,2,0,0,10,10,1,5,200,200,200,200,200,200
359217,1,35,0,0,0,1,14,5,2,0,0,10,10,0,5,200,200,200,200,200,200
359223,0,30,0,0,1,1,2,2,0,0,12,29,29,1,6,0,12,200,0,200,200
359226,0,35,2,0,1,1,10,2,0,0,200,5,200,0,200,200,3,0,0,200,200
359226,0,35,2,0,1,1,10,2,0,0,200,5,200,0,6,0,0,0,0,200,200
359229,0,30,0,0,0,1,11,5,0,0,200,0,0,0,7,0,200,0,0,200,200
359229,0,30,0,0,0,1,11,5,0,0,200,0,0,1,5,0,0,0,0,200,200
359229,1,30,0,0,0,1,11,5,0,0,200,0,0,1,7,0,200,200,200,200,200
359232,0,10,0,0,0,1,0,7,0,200,200,20,200,0,5,200,1,200,200,200,200
359232,0,10,0,0,0,1,0,7,0,200,200,20,200,0,6,200,200,200,0,200,200
359237,0,30,1,200,0,1,12,2,0,200,200,11,0,0,0,200,4,200,0,200,200
359237,0,30,1,200,0,1,12,2,0,200,200,11,0,1,5,200,12,200,0,200,200
359239,0,35,0,0,1,1,0,5,0,0,0,17,17,0,6,200,1,200,0,200,200
359239,0,35,0,0,1,1,0,5,0,0,0,17,17,0,6,200,0,200,0,200,200
359241,0,10,0,0,0,1,2,12,0,0,0,20,0,0,6,200,6,0,0,200,200
359242,1,30,0,0,0,1,7,3,0,0,0,21,0,0,8,200,200,200,200,200,200
359242,1,30,0,0,0,1,7,3,0,0,0,21,0,1,7,200,200,200,200,200,200
359242,0,30,0,0,0,1,7,3,0,0,0,21,0,1,6,0,0,0,0,200,200
359243,0,30,0,0,0,1,7,200,0,200,200,0,0,2,200,200,200,200,200,200,200
359244,0,30,0,0,0,1,2,7,0,0,0,200,200,2,200,200,200,200,200,200,200
359245,0,30,0,0,0,1,7,6,0,0,0,10,0,0,6,200,9,200,0,200,200
359245,1,30,0,0,0,1,7,6,0,0,0,10,0,0,6,200,200,200,200,200,200
359246,0,30,0,0,2,1,12,6,0,0,0,21,200,1,200,200,4,200,200,200,200
359246,0,30,0,0,2,1,12,6,0,0,0,21,200,0,8,0,0,0,0,200,200
359246,1,30,0,0,2,1,12,6,0,0,0,21,200,0,200,0,200,200,200,200,200
359249,0,35,0,0,0,1,7,5,0,0,0,0,0,2,200,200,200,200,200,200,200
359253,0,30,1,2,0,1,12,2,0,0,0,4,22,0,8,0,4,0,0,200,200
359253,0,30,1,2,0,1,12,2,0,0,0,4,22,1,5,0,0,0,0,200,200
359254,0,20,0,0,0,1,8,7,0,0,0,33,200,1,6,0,1,1,0,200,200
359254,4,20,0,0,0,1,8,7,0,0,0,33,200,0,5,3,1,200,0,200,200
359261,0,30,0,0,2,1,12,5,0,1,200,0,0,2,200,200,0,200,200,200,200
359261,0,30,0,0,2,1,12,5,0,1,200,0,0,0,5,0,0,0,0,200,200
359262,0,30,0,0,0,1,10,5,0,0,0,200,200,0,7,0,0,0,0,200,200
359262,0,30,0,0,0,1,10,5,0,0,0,200,200,0,6,0,0,0,0,200,200
359263,0,30,0,0,0,1,7,6,0,0,0,0,200,2,200,200,200,200,200,200,200
359266,0,30,1,2,2,1,10,5,0,1,0,0,0,1,5,200,200,0,0,200,200
359266,0,30,1,2,2,1,10,5,0,1,0,0,0,0,9,200,200,0,0,200,200
359267,0,30,0,0,0,1,12,3,0,0,200,21,200,0,7,200,4,200,0,200,200
359267,0,30,0,0,0,1,12,3,0,0,200,21,200,1,0,200,0,200,0,200,200
359268,0,20,0,0,0,1,12,2,3,0,0,0,200,0,5,200,12,200,0,200,200
359268,0,20,0,0,0,1,12,2,3,0,0,0,200,1,7,200,200,200,0,200,200
359271,0,35,1,2,0,1,12,6,0,0,0,200,200,0,200,200,7,200,200,200,200
359271,0,35,1,2,0,1,12,6,0,0,0,200,200,1,7,0,0,0,0,200,200
359273,0,30,0,0,0,1,12,2,0,0,0,17,200,0,7,200,1,0,0,200,200
359273,0,30,0,0,0,1,12,2,0,0,0,17,200,0,7,200,0,0,0,200,200
359273,1,30,0,0,0,1,12,2,0,0,0,17,200,1,200,200,200,200,200,200,200
359274,0,30,0,0,0,2,9,5,0,0,0,200,200,1,6,0,0,0,0,200,200
359274,5,30,0,0,0,2,9,5,0,0,0,200,200,0,3,7,0,0,0,200,200
359274,1,30,0,0,0,2,9,5,0,0,0,200,200,1,200,0,200,200,200,200,200
359274,1,30,0,0,0,2,9,5,0,0,0,200,200,1,200,0,200,200,200,200,200
359274,1,30,0,0,0,2,9,5,0,0,0,200,200,0,200,0,200,200,200,200,200
359282,0,30,0,0,200,200,7,6,0,200,0,0,200,2,200,200,200,200,200,200,200
359284,0,30,1,2,0,1,10,2,0,1,0,18,16,1,5,200,3,0,0,200,200