RD_NO,PERSON_TYPE,POSTED_SPEED_LIMIT,TRAFFIC_CONTROL_DEVICE,DEVICE_CONDITION,WEATHER_CONDITION,LIGHTING_CONDITION,FIRST_CRASH_TYPE,TRAFFICWAY_TYPE,ALIGNMENT,ROADWAY_SURFACE_COND,ROAD_DEFECT,PRIM_CONTRIBUTORY_CAUSE,SEC_CONTRIBUTORY_CAUSE,SEX,AGE,SAFETY_EQUIPMENT,DRIVER_ACTION,DRIVER_VISION,PHYSICAL_CONDITION,BAC_RESULT VALUE,CELL_PHONE_USE
359284,0,30,1,2,0,1,10,2,0,1,0,18,16,1,6,200,200,0,0,200,200
359284,0,30,1,2,0,1,10,2,0,1,0,18,16,1,8,7,0,0,0,200,200
359284,1,30,1,2,0,1,10,2,0,1,0,18,16,1,0,7,200,200,200,200,200
359287,0,30,1,200,0,4,10,5,0,0,0,18,200,1,6,0,0,0,0,200,200
359287,0,30,1,200,0,4,10,5,0,0,0,18,200,0,8,0,0,0,0,200,200
359287,0,30,1,200,0,4,10,5,0,0,0,18,200,1,6,0,12,0,0,200,200
359287,1,30,1,200,0,4,10,5,0,0,0,18,200,0,4,0,200,200,200,200,200
359287,1,30,1,200,0,4,10,5,0,0,0,18,200,1,7,0,200,200,200,200,200
359287,1,30,1,200,0,4,10,5,0,0,0,18,200,1,200,0,200,200,200,200,200
359290,0,20,0,0,0,1,7,2,0,0,200,20,20,0,7,200,6,12,0,200,200
359295,0,35,1,2,0,1,12,3,0,0,0,21,21,0,200,200,200,200,200,200,200
359295,0,35,1,2,0,1,12,3,0,0,0,21,21,1,7,0,4,0,0,200,200
359297,0,30,2,200,1,1,10,2,0,0,0,16,0,0,200,200,3,200,200,200,200
359297,0,30,2,200,1,1,10,2,0,0,0,16,0,0,5,0,0,0,0,200,200
359298,0,30,0,0,0,1,12,5,0,0,200,21,200,0,200,200,4,200,200,200,200
359298,0,30,0,0,0,1,12,5,0,0,200,21,200,0,6,0,0,0,0,200,200
359298,1,30,0,0,0,1,12,5,0,0,200,21,200,1,200,0,200,200,200,200,200
359298,1,30,0,0,0,1,12,5,0,0,200,21,200,1,200,0,200,200,200,200,200
359306,0,30,0,0,0,1,7,5,0,200,200,0,0,2,200,200,200,200,200,200,200
359312,0,30,0,0,0,1,9,2,0,0,0,200,200,1,7,200,0,5,0,200,200
359312,5,30,0,0,0,1,9,2,0,0,0,200,200,1,2,7,12,200,7,200,200
359312,1,30,0,0,0,1,9,2,0,0,0,200,200,1,9,200,200,200,200,200,200
359316,0,30,2,2,0,1,9,5,0,0,0,200,200,1,6,0,0,0,0,200,200
359316,5,30,2,2,0,1,9,5,0,0,0,200,200,1,2,7,0,0,0,200,200
359317,0,30,0,0,2,0,7,6,0,1,0,200,200,2,200,200,200,200,200,200,200
359332,0,30,0,0,0,1,7,5,0,0,0,0,13,0,6,200,6,200,200,200,200
359333,0,30,0,0,1,1,7,2,0,0,0,0,0,0,6,0,12,0,0,200,200
359336,0,30,0,0,200,3,7,6,0,1,0,0,200,2,200,200,200,200,200,200,200
359349,4,30,0,0,0,1,8,7,0,0,0,0,200,0,200,2,200,200,200,200,200
359349,0,30,0,0,0,1,8,7,0,0,0,0,200,1,7,0,200,0,0,200,200
359350,0,35,200,200,2,1,14,5,0,200,200,0,200,0,5,200,200,200,200,200,200
359350,0,35,200,200,2,1,14,5,0,200,200,0,200,1,6,200,200,200,200,200,200
359352,0,30,0,0,0,1,10,5,2,0,0,200,200,0,5,200,0,0,0,200,200
359352,0,30,0,0,0,1,10,5,2,0,0,200,200,0,7,200,0,200,0,200,200
359352,1,30,0,0,0,1,10,5,2,0,0,200,200,0,6,200,200,200,200,200,200
359352,1,30,0,0,0,1,10,5,2,0,0,200,200,0,8,200,200,200,200,200,200
359361,0,30,0,0,0,1,7,5,0,0,0,17,200,1,7,200,0,200,0,200,200
359365,0,30,0,0,0,1,7,6,0,0,0,0,200,1,200,200,12,200,200,200,200
359367,0,30,200,200,0,1,0,5,0,0,200,0,200,0,200,200,200,200,200,200,200
359367,0,30,200,200,0,1,0,5,0,0,200,0,200,0,5,200,200,200,0,200,200
359369,0,15,0,0,0,1,7,12,0,0,0,0,0,0,7,0,10,0,0,200,200
359376,0,30,0,0,0,1,0,0,0,0,0,200,200,0,200,200,0,200,200,200,200
359376,0,30,0,0,0,1,0,0,0,0,0,200,200,0,6,0,0,0,0,200,200
359376,1,30,0,0,0,1,0,0,0,0,0,200,200,1,200,0,200,200,200,200,200
359379,0,30,0,0,1,1,0,2,0,0,0,17,16,0,5,0,1,0,0,200,200
359379,0,30,0,0,1,1,0,2,0,0,0,17,16,1,6,0,0,0,0,200,200
359379,1,30,0,0,1,1,0,2,0,0,0,17,16,1,4,0,200,200,200,200,200
359379,1,30,0,0,1,1,0,2,0,0,0,17,16,0,6,5,200,200,200,200,200
359379,1,30,0,0,1,1,0,2,0,0,0,17,16,1,1,5,200,200,200,200,200
359381,0,30,1,2,1,1,10,2,0,0,0,0,0,0,200,200,1,200,200,200,200
359381,0,30,1,2,1,1,10,2,0,0,0,0,0,0,0,0,0,0,0,200,200
359384,0,20,0,0,0,1,10,2,0,0,0,18,22,2,200,200,200,200,200,200,200
359384,0,20,0,0,0,1,10,2,0,0,0,18,22,0,8,200,0,0,0,200,200
359388,0,30,2,2,0,1,14,5,0,0,0,17,200,1,200,0,3,0,0,200,200
359388,0,30,2,2,0,1,14,5,0,0,0,17,200,0,5,0,0,0,0,200,200
359389,0,15,0,0,0,1,7,5,0,0,0,0,200,2,200,200,200,200,200,200,200
359391,0,35,0,0,2,1,12,6,0,0,200,0,200,1,200,200,8,200,0,200,200
359391,0,35,0,0,2,1,12,6,0,0,200,0,200,1,8,0,0,0,0,200,200
359391,1,35,0,0,2,1,12,6,0,0,200,0,200,0,5,0,200,200,200,200,200
359399,0,30,0,0,0,1,14,5,0,0,0,22,200,0,7,0,2,0,0,200,200
359399,0,30,0,0,0,1,14,5,0,0,0,22,200,0,7,7,0,0,0,200,200
359406,0,30,0,0,0,1,12,2,0,0,0,17,0,1,200,200,2,200,200,200,200
359406,0,30,0,0,0,1,12,2,0,0,0,17,0,0,7,0,0,0,0,200,200
359407,0,30,1,2,2,1,10,5,0,1,200,18,0,0,200,200,3,200,200,200,200
359407,0,30,1,2,2,1,10,5,0,1,200,18,0,0,5,0,0,0,0,200,200
359410,0,30,1,200,0,1,14,1,0,1,200,0,0,0,5,0,12,200,200,200,200
359410,0,30,1,200,0,1,14,1,0,1,200,0,0,0,7,200,200,200,200,200,200
359415,0,30,3,12,0,1,7,2,0,0,0,22,0,0,200,200,2,200,200,200,200
359415,1,30,3,12,0,1,7,2,0,0,0,22,0,0,200,200,200,200,200,200,200
359430,0,10,0,0,0,1,7,7,0,0,0,0,0,2,200,200,200,200,200,200,200
359432,0,30,0,0,0,1,14,5,0,0,0,200,200,1,200,200,0,200,200,200,200
359432,0,30,0,0,0,1,14,5,0,0,0,200,200,0,5,7,0,0,0,200,200
359434,0,25,0,0,0,1,14,5,0,0,0,23,0,0,6,0,12,0,0,200,200
359434,0,25,0,0,0,1,14,5,0,0,0,23,0,0,7,0,0,0,0,200,200
359435,0,30,200,200,1,1,14,5,0,200,200,0,0,0,7,200,200,200,200,200,200
359435,0,30,200,200,1,1,14,5,0,200,200,0,0,1,5,0,0,0,0,200,200
359446,0,30,0,0,0,1,10,2,0,0,0,0,200,0,5,0,0,0,0,200,200
359446,0,30,0,0,0,1,10,2,0,0,0,0,200,1,5,0,4,0,0,200,200
359446,1,30,0,0,0,1,10,2,0,0,0,0,200,1,200,0,200,200,200,200,200
359448,0,30,0,0,0,1,0,5,0,0,0,200,200,1,8,0,0,0,0,200,200
359448,0,30,0,0,0,1,0,5,0,0,0,200,200,0,6,0,0,0,0,200,200
359449,0,30,0,0,0,1,0,2,0,0,0,11,200,0,4,200,6,200,0,200,200
359449,0,30,0,0,0,1,0,2,0,0,0,11,200,1,6,200,0,200,0,200,200
359450,0,30,0,0,0,1,7,5,0,0,0,33,33,0,8,0,12,12,0,200,200
359452,0,30,1,2,0,3,12,2,0,0,0,0,200,1,200,200,12,200,200,200,200
359452,0,30,1,2,0,3,12,2,0,0,0,0,200,0,6,0,0,0,0,200,200
359453,0,30,0,0,0,1,2,6,0,0,0,200,200,0,200,200,200,200,200,200,200
359458,0,25,1,2,1,1,9,7,0,1,0,8,200,1,200,200,200,200,200,200,200
359458,5,25,1,2,1,1,9,7,0,1,0,8,200,1,6,200,200,200,5,200,200
359458,1,25,1,2,1,1,9,7,0,1,0,8,200,1,200,200,200,200,200,200,200
359458,1,25,1,2,1,1,9,7,0,1,0,8,200,1,200,200,200,200,200,200,200
359458,1,25,1,2,1,1,9,7,0,1,0,8,200,200,200,200,200,200,200,200,200
359458,1,25,1,2,1,1,9,7,0,1,0,8,200,200,200,200,200,200,200,200,200
359460,0,30,0,0,1,1,2,6,0,0,0,20,0,0,200,0,200,0,0,200,200
359460,1,30,0,0,1,1,2,6,0,0,0,20,0,0,200,0,200,200,200,200,200
359461,0,30,0,0,0,1,12,5,0,0,0,0,200,1,6,0,200,0,0,200,200
359461,0,30,0,0,0,1,12,5,0,0,0,0,200,0,6,0,200,0,0,200,200
359461,1,30,0,0,0,1,12,5,0,0,0,0,200,0,200,0,200,200,200,200,200
359461,1,30,0,0,0,1,12,5,0,0,0,0,200,0,200,0,200,200,200,200,200
359461,1,30,0,0,0,1,12,5,0,0,0,0,200,1,200,0,200,200,200,200,200
359461,1,30,0,0,0,1,12,5,0,0,0,0,200,1,200,0,200,200,200,200,200
359461,1,30,0,0,0,1,12,5,0,0,0,0,200,1,200,0,200,200,200,200,200
359464,0,30,0,2,2,1,10,5,0,1,0,18,200,1,5,200,3,0,0,200,200
359464,0,30,0,2,2,1,10,5,0,1,0,18,200,1,8,0,0,0,0,200,200
359464,1,30,0,2,2,1,10,5,0,1,0,18,200,0,4,200,200,200,200,200,200
359464,1,30,0,2,2,1,10,5,0,1,0,18,200,0,9,0,200,200,200,200,200
359469,0,30,1,2,0,1,10,5,0,0,0,0,0,0,200,200,200,200,200,200,200
359469,0,30,1,2,0,1,10,5,0,0,0,0,0,1,6,0,0,0,0,200,200
359473,0,30,2,2,0,1,14,5,0,0,0,17,200,1,7,200,1,0,0,200,200
359473,0,30,2,2,0,1,14,5,0,0,0,17,200,1,6,200,0,0,0,200,200
359476,0,30,1,200,0,1,8,2,0,200,200,25,0,1,200,200,12,200,200,200,200
359476,4,30,1,200,0,1,8,2,0,200,200,25,0,0,7,200,12,200,0,200,200
359478,0,30,0,0,0,1,7,6,0,0,0,11,20,2,200,200,6,200,200,200,200
359480,0,30,0,0,0,1,12,3,0,0,0,0,200,1,200,200,1,0,0,200,200
359480,0,30,0,0,0,1,12,3,0,0,0,0,200,1,7,0,0,0,0,200,200
359480,1,30,0,0,0,1,12,3,0,0,0,0,200,1,6,0,200,200,200,200,200
359480,1,30,0,0,0,1,12,3,0,0,0,0,200,2,200,5,200,200,200,200,200
359480,1,30,0,0,0,1,12,3,0,0,0,0,200,2,200,0,200,200,200,200,200
359481,0,30,0,0,0,1,7,7,0,0,0,0,200,2,200,200,200,200,200,200,200
359485,0,30,1,2,0,1,12,5,0,0,0,21,0,1,200,200,2,200,200,200,200
359485,0,30,1,2,0,1,12,5,0,0,0,21,0,1,7,0,0,0,0,200,200
359488,0,30,0,0,2,0,2,5,0,1,0,16,25,1,6,200,12,0,5,0.19,200
359488,1,30,0,0,2,0,2,5,0,1,0,16,25,0,200,200,200,200,200,200,200
359490,0,30,1,2,2,1,10,2,0,1,0,16,0,0,200,200,200,0,200,200,200
359490,0,30,1,2,2,1,10,2,0,1,0,16,0,1,6,0,0,0,0,200,200
359490,1,30,1,2,2,1,10,2,0,1,0,16,0,0,6,0,200,200,200,200,200
359493,0,30,0,0,0,1,0,5,0,0,0,17,200,0,200,0,1,0,0,200,200
359493,0,30,0,0,0,1,0,5,0,0,0,17,200,1,6,0,0,0,0,200,200
359495,0,30,0,0,1,1,14,5,0,1,0,17,21,0,6,0,1,0,0,200,200
359495,0,30,0,0,1,1,14,5,0,1,0,17,21,0,6,7,0,0,0,200,200
359495,1,30,0,0,1,1,14,5,0,1,0,17,21,0,6,0,200,200,200,200,200
359495,1,30,0,0,1,1,14,5,0,1,0,17,21,1,5,0,200,200,200,200,200
359495,1,30,0,0,1,1,14,5,0,1,0,17,21,1,6,0,200,200,200,200,200
359497,0,35,2,12,0,1,7,6,0,0,0,22,0,0,6,0,2,0,0,200,200
359497,1,35,2,12,0,1,7,6,0,0,0,22,0,0,7,0,200,200,200,200,200
359500,0,30,0,0,0,1,12,5,0,0,0,21,200,1,5,0,4,0,0,200,200
359500,0,30,0,0,0,1,12,5,0,0,0,21,200,0,7,0,0,0,0,200,200
359500,1,30,0,0,0,1,12,5,0,0,0,21,200,1,200,0,200,200,200,200,200
359500,1,30,0,0,0,1,12,5,0,0,0,21,200,0,200,0,200,200,200,200,200
359500,1,30,0,0,0,1,12,5,0,0,0,21,200,200,200,0,200,200,200,200,200
359501,0,30,1,2,2,0,10,3,0,1,0,0,0,1,6,0,200,200,200,200,200
359501,0,30,1,2,2,0,10,3,0,1,0,0,0,1,7,200,200,200,200,200,200
359501,1,30,1,2,2,0,10,3,0,1,0,0,0,0,200,200,200,200,200,200,200
359506,0,30,2,2,2,1,0,5,0,1,0,5,5,1,5,0,1,0,0,200,200
359506,0,30,2,2,2,1,0,5,0,1,0,5,5,1,6,0,0,0,0,200,200
359512,0,30,2,2,0,1,0,5,0,1,0,17,16,1,6,0,1,0,0,200,200
359512,0,30,2,2,0,1,0,5,0,1,0,17,16,0,6,200,0,200,0,200,200
359512,1,30,2,2,0,1,0,5,0,1,0,17,16,0,200,0,200,200,200,200,200
359515,0,30,0,0,0,1,10,6,0,0,0,18,200,0,6,200,3,200,200,200,200
359515,0,30,0,0,0,1,10,6,0,0,0,18,200,0,5,0,0,0,0,200,200
359515,1,30,0,0,0,1,10,6,0,0,0,18,200,1,200,0,200,200,200,200,200
359516,0,30,0,0,0,1,10,5,0,0,200,0,200,0,200,200,200,200,200,200,200
359516,0,30,0,0,0,1,10,5,0,0,200,0,200,0,7,200,200,200,0,200,200
359524,0,35,0,0,2,0,2,5,0,1,1,29,28,0,6,0,0,0,0,200,200
359525,0,10,0,0,0,1,7,5,0,0,0,0,0,0,7,0,200,0,0,200,200
359525,1,10,0,0,0,1,7,5,0,0,0,0,0,1,6,0,200,200,200,200,200
359525,1,10,0,0,0,1,7,5,0,0,0,0,0,0,2,0,200,200,200,200,200
359525,1,10,0,0,0,1,7,5,0,0,0,0,0,1,1,0,200,200,200,200,200
359525,1,10,0,0,0,1,7,5,0,0,0,0,0,0,9,0,200,200,200,200,200
359525,1,10,0,0,0,1,7,5,0,0,0,0,0,1,9,0,200,200,200,200,200
359525,1,10,0,0,0,1,7,5,0,0,0,0,0,0,8,1,200,200,200,200,200
359527,0,30,0,0,0,0,10,12,0,0,0,20,0,0,200,200,6,200,200,200,200
359527,0,30,0,0,0,0,10,12,0,0,0,20,0,1,5,0,0,0,0,200,200
359533,0,30,0,0,0,1,14,5,0,0,0,23,0,1,7,200,7,200,0,200,200
359533,0,30,0,0,0,1,14,5,0,0,0,23,0,1,7,200,0,0,0,200,200
359533,1,30,0,0,0,1,14,5,0,0,0,23,0,0,7,200,200,200,200,200,200
359535,0,30,0,3,0,1,14,5,0,0,0,17,0,1,5,0,1,0,0,200,200
359535,0,30,0,3,0,1,14,5,0,0,0,17,0,0,6,0,0,0,0,200,200
359537,0,30,0,0,0,1,10,200,0,0,0,200,200,1,5,0,0,4,0,200,200
359537,0,30,0,0,0,1,10,200,0,0,0,200,200,0,6,0,0,0,0,200,200
359537,1,30,0,0,0,1,10,200,0,0,0,200,200,1,200,0,200,200,200,200,200
359539,0,20,0,0,0,1,10,6,0,3,0,200,200,1,5,200,200,200,0,200,200
359539,0,20,0,0,0,1,10,6,0,3,0,200,200,0,5,0,200,200,0,200,200
359541,0,30,0,0,0,1,10,5,0,0,200,18,200,0,4,0,3,0,0,200,200
359541,0,30,0,0,0,1,10,5,0,0,200,18,200,1,6,0,0,0,0,200,200
359541,1,30,0,0,0,1,10,5,0,0,200,18,200,1,7,0,200,200,200,200,200
359542,0,30,0,0,0,1,7,5,0,0,0,0,0,2,200,200,200,200,200,200,200
359542,1,30,0,0,0,1,7,5,0,0,0,0,0,0,7,200,200,200,200,200,200
359542,1,30,0,0,0,1,7,5,0,0,0,0,0,1,6,200,200,200,200,200,200
359542,1,30,0,0,0,1,7,5,0,0,0,0,0,1,200,200,200,200,200,200,200
359542,1,30,0,0,0,1,7,5,0,0,0,0,0,1,200,200,200,200,200,200,200
359543,0,30,200,0,0,1,14,5,0,0,200,0,200,0,5,200,200,200,0,200,200
359543,0,30,200,0,0,1,14,5,0,0,200,0,200,1,7,200,200,200,0,200,200
359545,0,30,2,2,0,1,0,3,0,0,0,17,0,0,6,0,1,0,0,200,200
359545,0,30,2,2,0,1,0,3,0,0,0,17,0,0,6,0,0,0,0,200,200
359545,1,30,2,2,0,1,0,3,0,0,0,17,0,0,5,0,200,200,200,200,200
359545,1,30,2,2,0,1,0,3,0,0,0,17,0,1,6,0,200,200,200,200,200
359545,1,30,2,2,0,1,0,3,0,0,0,17,0,1,5,0,200,200,200,200,200
359545,1,30,2,2,0,1,0,3,0,0,0,17,0,0,0,5,200,200,200,200,200
359546,0,30,1,2,1,1,10,5,0,200,200,0,200,2,200,200,200,200,200,200,200
359546,0,30,1,2,1,1,10,5,0,200,200,0,200,0,8,0,200,200,0,200,200
359547,0,15,0,0,0,1,7,6,0,0,0,23,200,0,6,0,7,0,0,200,200
359557,0,30,0,0,0,1,7,5,0,200,200,0,200,2,200,200,200,200,200,200,200
359559,0,30,0,0,0,1,7,6,0,0,12,200,200,1,7,0,0,0,0,200,200
359568,0,30,1,2,0,1,10,5,0,0,0,16,7,0,6,200,3,0,200,200,200
359568,0,30,1,2,0,1,10,5,0,0,0,16,7,0,7,0,0,0,0,200,200
359572,0,30,0,0,2,1,10,5,0,1,200,0,0,0,200,200,200,200,200,200,200
359572,0,30,0,0,2,1,10,5,0,1,200,0,0,0,5,0,0,200,200,200,200
359578,0,25,0,0,200,200,0,5,0,200,200,17,200,0,200,200,1,200,200,200,200
359578,0,25,0,0,200,200,0,5,0,200,200,17,200,1,6,0,0,0,0,200,200
359579,0,30,1,2,0,1,9,2,0,0,0,20,20,0,6,200,6,200,0,200,200
359579,5,30,1,2,0,1,9,2,0,0,0,20,20,1,7,7,0,0,0,200,200
359582,0,30,1,2,1,1,14,2,0,0,0,0,0,1,4,200,0,200,0,200,200
359582,0,30,1,2,1,1,14,2,0,0,0,0,0,0,5,200,0,200,0,200,200
359582,1,30,1,2,1,1,14,2,0,0,0,0,0,1,200,200,200,200,200,200,200
359584,0,30,0,0,0,1,7,7,0,0,0,200,200,0,3,0,0,0,0,200,200
359584,1,30,0,0,0,1,7,7,0,0,0,200,200,0,200,7,200,200,200,200,200
359584,1,30,0,0,0,1,7,7,0,0,0,200,200,0,200,0,200,200,200,200,200
359585,0,15,0,0,0,1,14,7,0,1,0,17,16,1,5,0,1,0,0,200,200
359585,0,15,0,0,0,1,14,7,0,1,0,17,16,0,5,200,0,200,0,200,200
359585,1,15,0,0,0,1,14,7,0,1,0,17,16,1,200,0,200,200,200,200,200
359585,1,15,0,0,0,1,14,7,0,1,0,17,16,0,200,5,200,200,200,200,200
359585,1,15,0,0,0,1,14,7,0,1,0,17,16,1,200,0,200,200,200,200,200
359585,1,15,0,0,0,1,14,7,0,1,0,17,16,0,200,5,200,200,200,200,200
359586,0,30,0,0,0,1,10,5,0,0,0,18,200,0,3,0,3,0,0,200,200
359586,0,30,0,0,0,1,10,5,0,0,0,18,200,0,5,0,0,0,0,200,200
359586,1,30,0,0,0,1,10,5,0,0,0,18,200,1,200,0,200,200,200,200,200
359589,0,10,0,0,0,1,10,7,0,0,200,0,0,0,200,200,200,200,200,200,200
359589,0,10,0,0,0,1,10,7,0,0,200,0,0,0,0,0,200,0,200,200,200
359590,0,25,1,2,1,3,10,5,0,0,0,8,200,0,7,0,3,0,0,200,200
359590,0,25,1,2,1,3,10,5,0,0,0,8,200,1,6,0,0,0,0,200,200
359590,1,25,1,2,1,3,10,5,0,0,0,8,200,1,5,0,200,200,200,200,200
359601,0,30,0,0,1,1,2,6,0,200,200,14,11,1,6,200,12,200,200,200,200
359603,0,30,1,2,0,1,14,5,0,0,0,17,200,0,7,200,1,0,0,200,200
359603,0,30,1,2,0,1,14,5,0,0,0,17,200,0,6,200,0,0,0,200,200
359604,0,30,0,0,0,1,14,5,0,0,0,17,17,1,7,200,1,0,12,200,200
359604,0,30,0,0,0,1,14,5,0,0,0,17,17,0,6,0,0,0,0,200,200
359604,1,30,0,0,0,1,14,5,0,0,0,17,17,1,6,0,200,200,200,200,200
359605,0,35,0,0,0,1,7,7,0,0,200,0,200,1,200,200,200,0,0,200,200
359606,0,30,0,0,0,1,7,0,0,0,0,0,0,2,200,200,200,200,200,200,200
359610,0,30,0,0,0,1,7,2,0,0,0,200,23,0,6,200,200,200,0,200,200
359622,0,30,1,2,0,4,10,5,0,1,0,18,8,0,8,0,3,0,0,200,200
359622,0,30,1,2,0,4,10,5,0,1,0,18,8,1,6,0,0,0,0,200,200
359624,0,30,0,0,0,1,12,6,0,0,200,11,200,1,6,200,10,200,200,200,200
359624,0,30,0,0,0,1,12,6,0,0,200,11,200,0,7,0,0,200,0,200,200
359628,0,30,1,2,0,4,14,5,0,0,0,11,0,0,7,0,8,0,0,200,200
359628,0,30,1,2,0,4,14,5,0,0,0,11,0,0,5,0,0,0,0,200,200
359638,0,30,0,0,0,1,12,2,0,0,0,17,200,1,6,200,1,200,200,200,200
359638,0,30,0,0,0,1,12,2,0,0,0,17,200,0,6,200,200,200,0,200,200
359638,1,30,0,0,0,1,12,2,0,0,0,17,200,0,2,200,200,200,200,200,200
359638,1,30,0,0,0,1,12,2,0,0,0,17,200,1,6,200,200,200,200,200,200
359638,1,30,0,0,0,1,12,2,0,0,0,17,200,0,1,200,200,200,200,200,200
359638,1,30,0,0,0,1,12,2,0,0,0,17,200,0,2,200,200,200,200,200,200
359639,0,30,0,0,0,2,14,2,0,0,0,17,0,0,6,0,7,0,0,200,200
359639,0,30,0,0,0,2,14,2,0,0,0,17,0,1,5,0,12,0,0,200,200
359643,0,30,1,2,1,1,14,5,0,200,200,0,200,2,200,200,200,200,200,200,200
359643,0,30,1,2,1,1,14,5,0,200,200,0,200,1,6,200,200,200,0,200,200
359643,1,30,1,2,1,1,14,5,0,200,200,0,200,0,6,200,200,200,200,200,200
359643,1,30,1,2,1,1,14,5,0,200,200,0,200,0,0,200,200,200,200,200,200
359649,0,30,0,0,0,4,7,6,0,0,0,0,200,0,7,0,10,0,0,200,200
359657,0,30,0,0,0,4,7,7,0,0,0,20,200,0,200,200,6,200,200,200,200
359660,0,15,0,0,0,1,7,200,0,0,0,0,0,0,200,200,200,200,200,200,200
359671,0,30,1,2,2,4,14,5,0,1,0,0,0,0,6,2,200,0,0,200,200
359671,0,30,1,2,2,4,14,5,0,1,0,0,0,0,6,0,0,0,0,200,200
359677,0,30,0,0,0,1,12,5,0,0,200,21,200,0,6,200,4,200,0,200,200
359677,0,30,0,0,0,1,12,5,0,0,200,21,200,0,7,200,0,200,0,200,200
359680,0,30,0,0,1,3,14,2,0,0,0,22,200,0,5,200,2,200,0,200,200
359680,0,30,0,0,1,3,14,2,0,0,0,22,200,0,5,200,0,200,0,200,200
359680,1,30,0,0,1,3,14,2,0,0,0,22,200,1,5,200,200,200,200,200,200
359681,0,30,1,2,1,1,10,5,0,0,0,6,17,0,200,200,8,0,0,200,200
359681,0,30,1,2,1,1,10,5,0,0,0,6,17,0,5,0,0,0,0,200,200
359681,0,30,1,2,1,1,10,5,0,0,0,6,17,2,200,200,2,200,200,200,200
359690,0,35,0,0,0,3,5,5,0,0,0,11,200,1,3,200,200,0,0,200,200
359691,0,30,0,0,0,3,14,5,0,0,0,0,200,0,7,200,12,200,0,200,200
359691,0,30,0,0,0,3,14,5,0,0,0,0,200,0,6,200,200,200,0,200,200
359691,1,30,0,0,0,3,14,5,0,0,0,0,200,1,7,200,200,200,200,200,200
359695,0,30,0,0,0,3,2,5,0,0,0,0,200,0,200,200,12,200,200,200,200
359696,0,35,200,200,0,4,10,2,0,0,0,18,0,1,200,200,3,200,200,200,200
359696,0,35,200,200,0,4,10,2,0,0,0,18,0,1,8,0,0,200,0,200,200
359699,0,30,0,0,200,3,2,7,0,200,200,16,200,1,6,0,12,12,0,200,200
359699,1,30,0,0,200,3,2,7,0,200,200,16,200,0,6,0,200,200,200,200,200
359699,1,30,0,0,200,3,2,7,0,200,200,16,200,1,1,5,200,200,200,200,200
359699,1,30,0,0,200,3,2,7,0,200,200,16,200,0,0,5,200,200,200,200,200
359699,1,30,0,0,200,3,2,7,0,200,200,16,200,200,200,0,200,200,200,200,200
359700,0,30,2,2,0,3,14,5,0,0,0,23,22,0,6,200,2,0,200,200,200
359700,0,30,2,2,0,3,14,5,0,0,0,23,22,0,4,200,12,0,200,200,200
359703,0,30,0,0,2,3,0,5,0,1,0,17,0,0,6,0,1,0,0,200,200
359703,0,30,0,0,2,3,0,5,0,1,0,17,0,0,6,0,14,0,0,200,200
359705,0,35,1,2,0,1,10,5,0,0,0,20,200,0,200,200,6,200,200,200,200
359705,0,35,1,2,0,1,10,5,0,0,0,20,200,1,6,0,0,0,0,200,200
359708,0,30,0,0,0,3,7,5,0,0,0,0,0,2,200,200,200,200,200,200,200
359712,0,30,0,0,2,3,10,5,0,1,0,18,12,0,6,200,3,200,200,200,200
359712,0,30,0,0,2,3,10,5,0,1,0,18,12,0,7,0,0,0,0,200,200
359712,1,30,0,0,2,3,10,5,0,1,0,18,12,1,7,0,200,200,200,200,200
359717,0,30,1,2,0,1,12,2,0,0,0,21,0,1,6,0,200,0,0,200,200
359717,0,30,1,2,0,1,12,2,0,0,0,21,0,2,200,200,7,200,200,200,200
359719,0,30,0,0,2,3,10,5,0,1,0,18,200,0,200,200,3,200,200,200,200
359719,0,30,0,0,2,3,10,5,0,1,0,18,200,1,6,0,0,200,0,200,200
359727,0,30,2,2,2,3,12,5,0,1,0,22,11,0,6,7,2,0,0,200,200
359727,0,30,2,2,2,3,12,5,0,1,0,22,11,0,6,0,0,0,0,200,200
359727,1,30,2,2,2,3,12,5,0,1,0,22,11,0,3,0,200,200,200,200,200
359733,0,25,1,2,2,3,14,8,0,1,0,23,200,1,6,0,7,0,0,200,200
359733,0,25,1,2,2,3,14,8,0,1,0,23,200,0,5,0,0,0,0,200,200
359735,0,30,1,2,0,3,10,5,0,0,0,18,200,0,5,200,3,200,0,200,200
359735,0,30,1,2,0,3,10,5,0,0,0,18,200,0,5,200,0,200,200,200,200
359735,1,30,1,2,0,3,10,5,0,0,0,18,200,0,200,200,200,200,200,200,200
359735,1,30,1,2,0,3,10,5,0,0,0,18,200,1,200,200,200,200,200,200,200
359739,0,35,1,3,0,3,10,2,0,1,0,16,0,0,7,0,3,0,0,200,200
359739,0,35,1,3,0,3,10,2,0,1,0,16,0,0,5,0,0,0,0,200,200