RD_NO,PERSON_TYPE,POSTED_SPEED_LIMIT,TRAFFIC_CONTROL_DEVICE,DEVICE_CONDITION,WEATHER_CONDITION,LIGHTING_CONDITION,FIRST_CRASH_TYPE,TRAFFICWAY_TYPE,ALIGNMENT,ROADWAY_SURFACE_COND,ROAD_DEFECT,PRIM_CONTRIBUTORY_CAUSE,SEC_CONTRIBUTORY_CAUSE,SEX,AGE,SAFETY_EQUIPMENT,DRIVER_ACTION,DRIVER_VISION,PHYSICAL_CONDITION,BAC_RESULT VALUE,CELL_PHONE_USE
360367,1,35,1,2,2,1,14,2,0,1,0,34,0,0,7,0,200,200,200,200,200
360367,1,35,1,2,2,1,14,2,0,1,0,34,0,1,4,0,200,200,200,200,200
360367,1,35,1,2,2,1,14,2,0,1,0,34,0,1,3,0,200,200,200,200,200
360372,0,35,1,2,2,1,14,1,0,1,0,17,16,0,9,200,1,0,0,200,200
360372,0,35,1,2,2,1,14,1,0,1,0,17,16,0,7,200,0,0,0,200,200
360374,0,40,3,2,2,1,10,2,0,1,0,16,15,0,5,200,12,0,0,200,200
360374,0,40,3,2,2,1,10,2,0,1,0,16,15,1,6,200,3,0,0,200,200
360374,1,40,3,2,2,1,10,2,0,1,0,16,15,0,6,200,200,200,200,200,200
360380,0,30,200,200,2,1,2,3,0,1,0,0,200,1,4,200,12,0,0,200,200
360386,0,30,1,2,0,1,14,5,0,0,0,17,18,2,200,200,1,200,200,200,200
360386,0,30,1,2,0,1,14,5,0,0,0,17,18,1,6,0,0,0,0,200,200
360386,0,30,1,2,0,1,14,5,0,0,0,17,18,0,200,200,1,200,200,200,200
360386,1,30,1,2,0,1,14,5,0,0,0,17,18,0,200,0,200,200,200,200,200
360389,0,30,2,2,0,1,14,5,0,0,0,5,200,1,7,0,7,0,0,200,200
360389,0,30,2,2,0,1,14,5,0,0,0,5,200,1,6,0,0,0,0,200,200
360389,1,30,2,2,0,1,14,5,0,0,0,5,200,0,200,0,200,200,200,200,200
360394,0,30,2,2,1,1,0,2,0,1,0,5,17,1,9,0,5,12,200,200,200
360394,0,30,2,2,1,1,0,2,0,1,0,5,17,1,6,0,0,0,0,200,200
360394,1,30,2,2,1,1,0,2,0,1,0,5,17,0,2,5,200,200,200,200,200
360403,0,30,2,2,2,1,10,5,0,1,0,18,200,0,200,200,12,200,200,200,200
360403,0,30,2,2,2,1,10,5,0,1,0,18,200,0,5,0,0,0,0,200,200
360403,1,30,2,2,2,1,10,5,0,1,0,18,200,0,200,0,200,200,200,200,200
360403,1,30,2,2,2,1,10,5,0,1,0,18,200,0,1,200,200,200,200,200,200
360409,0,30,0,0,2,1,0,5,0,1,0,0,0,1,6,0,0,200,0,200,200
360411,0,30,0,0,0,1,0,2,0,0,0,17,0,1,7,0,1,0,0,200,200
360411,0,30,0,0,0,1,0,2,0,0,0,17,0,1,5,0,0,0,0,200,200
360411,1,30,0,0,0,1,0,2,0,0,0,17,0,1,2,5,200,200,200,200,200
360411,1,30,0,0,0,1,0,2,0,0,0,17,0,0,2,5,200,200,200,200,200
360411,1,30,0,0,0,1,0,2,0,0,0,17,0,1,1,5,200,200,200,200,200
360412,0,30,0,0,0,1,12,2,0,1,0,22,200,0,9,0,4,0,0,200,200
360412,0,30,0,0,0,1,12,2,0,1,0,22,200,1,5,0,0,0,0,200,200
360413,0,35,0,0,0,1,7,5,0,0,0,0,0,2,200,200,0,200,200,200,200
360415,0,30,0,0,2,1,2,5,0,1,0,34,34,1,7,200,12,0,0,200,200
360419,0,30,0,0,2,1,12,5,0,1,0,23,200,1,6,200,1,0,0,200,200
360419,0,30,0,0,2,1,12,5,0,1,0,23,200,1,5,200,0,0,0,200,200
360419,1,30,0,0,2,1,12,5,0,1,0,23,200,1,200,200,200,200,200,200,200
360419,1,30,0,0,2,1,12,5,0,1,0,23,200,1,200,200,200,200,200,200,200
360421,0,30,0,0,1,1,2,5,0,1,0,23,200,0,5,0,4,0,0,200,200
360423,0,30,0,0,0,1,10,6,0,0,0,20,20,1,6,0,6,5,0,200,200
360423,0,30,0,0,0,1,10,6,0,0,0,20,20,1,5,0,12,5,0,200,200
360423,1,30,0,0,0,1,10,6,0,0,0,20,20,1,8,0,200,200,200,200,200
360423,1,30,0,0,0,1,10,6,0,0,0,20,20,1,7,0,200,200,200,200,200
360423,1,30,0,0,0,1,10,6,0,0,0,20,20,0,3,0,200,200,200,200,200
360423,1,30,0,0,0,1,10,6,0,0,0,20,20,1,5,5,200,200,200,200,200
360423,1,30,0,0,0,1,10,6,0,0,0,20,20,1,1,0,200,200,200,200,200
360429,0,30,1,2,0,1,14,3,0,1,0,17,200,0,200,0,0,0,0,200,200
360429,0,30,1,2,0,1,14,3,0,1,0,17,200,0,200,0,1,0,0,200,200
360429,1,30,1,2,0,1,14,3,0,1,0,17,200,1,200,200,200,200,200,200,200
360438,0,15,0,0,1,1,3,7,0,0,0,20,200,1,200,200,6,200,200,200,200
360438,0,15,0,0,1,1,3,7,0,0,0,20,200,1,6,0,0,0,0,200,200
360441,0,30,0,0,0,1,10,5,0,0,0,18,200,0,3,0,200,0,0,200,200
360441,0,30,0,0,0,1,10,5,0,0,0,18,200,0,5,0,0,0,0,200,200
360441,0,30,0,0,0,1,10,5,0,0,0,18,200,0,200,200,0,200,200,200,200
360444,0,30,1,2,2,1,14,6,0,1,0,23,200,1,7,200,7,200,200,200,200
360444,0,30,1,2,2,1,14,6,0,1,0,23,200,0,5,0,0,0,0,200,200
360445,0,30,0,0,2,1,10,5,0,1,0,18,200,1,7,0,3,0,0,200,200
360445,0,30,0,0,2,1,10,5,0,1,0,18,200,1,5,0,0,0,0,200,200
360445,1,30,0,0,2,1,10,5,0,1,0,18,200,0,6,0,200,200,200,200,200
360452,0,20,2,2,2,1,10,2,0,1,0,16,200,0,6,200,3,0,200,200,200
360452,0,20,2,2,2,1,10,2,0,1,0,16,200,0,6,0,0,0,0,200,200
360452,1,20,2,2,2,1,10,2,0,1,0,16,200,1,6,0,200,200,200,200,200
360452,1,20,2,2,2,1,10,2,0,1,0,16,200,1,1,0,200,200,200,200,200
360452,1,20,2,2,2,1,10,2,0,1,0,16,200,1,2,0,200,200,200,200,200
360456,0,30,0,0,0,1,10,5,0,0,0,18,0,0,4,0,0,0,0,200,200
360456,0,30,0,0,0,1,10,5,0,0,0,18,0,1,6,0,0,0,0,200,200
360459,0,30,1,2,0,1,10,5,0,0,0,20,200,0,200,0,6,0,0,200,200
360459,0,30,1,2,0,1,10,5,0,0,0,20,200,0,7,0,12,0,0,200,200
360464,0,35,0,0,1,1,12,5,0,200,200,17,200,0,6,200,1,200,0,200,200
360464,0,35,0,0,1,1,12,5,0,200,200,17,200,0,7,200,0,200,0,200,200
360481,0,30,1,2,0,1,10,5,0,0,0,18,16,1,200,200,3,200,200,200,200
360481,0,30,1,2,0,1,10,5,0,0,0,18,16,0,7,0,0,0,0,200,200
360483,0,30,0,0,0,1,7,5,0,1,0,11,200,1,5,0,10,0,0,200,200
360483,1,30,0,0,0,1,7,5,0,1,0,11,200,1,4,0,200,200,200,200,200
360484,0,30,0,0,2,1,7,5,0,1,0,0,0,2,200,200,200,200,200,200,200
360487,0,30,1,2,0,1,12,3,0,0,0,22,200,1,200,200,2,200,200,200,200
360487,0,30,1,2,0,1,12,3,0,0,0,22,200,1,5,0,0,0,0,200,200
360491,0,30,2,2,0,1,12,5,0,1,0,0,0,0,6,0,4,0,0,200,200
360491,0,30,2,2,0,1,12,5,0,1,0,0,0,1,5,0,1,0,0,200,200
360492,0,25,0,0,0,1,12,6,0,1,0,17,200,0,5,0,1,200,0,200,200
360492,0,25,0,0,0,1,12,6,0,1,0,17,200,0,8,0,0,200,0,200,200
360497,0,30,0,0,0,1,7,2,0,0,0,0,0,1,200,200,200,200,200,200,200
360497,1,30,0,0,0,1,7,2,0,0,0,0,0,1,5,200,200,200,200,200,200
360504,0,35,1,2,1,1,10,3,0,0,0,16,200,1,5,0,12,0,0,200,200
360504,0,35,1,2,1,1,10,3,0,0,0,16,200,1,5,0,0,0,0,200,200
360504,1,35,1,2,1,1,10,3,0,0,0,16,200,1,5,0,200,200,200,200,200
360504,1,35,1,2,1,1,10,3,0,0,0,16,200,1,5,0,200,200,200,200,200
360504,1,35,1,2,1,1,10,3,0,0,0,16,200,0,5,0,200,200,200,200,200
360507,0,15,0,0,0,1,7,7,0,0,0,0,0,2,200,200,200,200,200,200,200
360508,0,30,200,200,0,1,7,5,0,200,200,20,200,0,6,200,6,200,0,200,200
360509,0,30,2,2,1,1,10,3,0,1,0,0,200,1,6,1,200,200,0,200,200
360509,0,30,2,2,1,1,10,3,0,1,0,0,200,0,5,0,0,0,0,200,200
360509,1,30,2,2,1,1,10,3,0,1,0,0,200,1,5,0,200,200,200,200,200
360516,0,30,0,0,0,1,12,6,0,0,0,200,200,0,7,0,200,0,0,200,200
360516,0,30,0,0,0,1,12,6,0,0,0,200,200,0,8,0,0,0,0,200,200
360516,1,30,0,0,0,1,12,6,0,0,0,200,200,0,200,0,200,200,200,200,200
360528,0,10,0,0,0,1,0,7,0,0,200,17,17,1,6,0,1,0,0,200,200
360528,0,10,0,0,0,1,0,7,0,0,200,17,17,1,7,0,0,0,0,200,200
360535,0,35,1,2,0,1,14,5,0,0,0,23,200,0,200,200,7,0,200,200,200
360535,0,35,1,2,0,1,14,5,0,0,0,23,200,1,7,0,0,0,0,200,200
360536,0,30,0,0,1,1,10,5,0,0,0,0,0,1,6,200,200,0,0,200,200
360536,0,30,0,0,1,1,10,5,0,0,0,0,0,1,5,200,200,0,0,200,200
360536,0,30,0,0,1,1,10,5,0,0,0,0,0,1,5,200,200,0,0,200,200
360536,0,30,0,0,1,1,10,5,0,0,0,0,0,0,5,200,200,0,0,200,200
360536,1,30,0,0,1,1,10,5,0,0,0,0,0,1,200,200,200,200,200,200,200
360538,0,25,1,2,1,1,14,12,0,200,200,21,200,1,5,200,7,0,0,200,200
360538,0,25,1,2,1,1,14,12,0,200,200,21,200,0,6,200,12,0,0,200,200
360541,0,30,200,200,1,1,12,5,0,200,0,21,200,1,200,200,12,200,200,200,200
360541,0,30,200,200,1,1,12,5,0,200,0,21,200,0,200,200,200,200,200,200,200
360542,5,30,1,2,0,1,9,5,0,0,0,0,0,200,200,7,0,200,200,200,200
360542,0,30,1,2,0,1,9,5,0,0,0,0,0,0,6,0,0,0,0,200,200
360545,0,30,0,0,1,1,14,5,0,0,0,17,17,0,6,0,7,0,0,200,200
360545,0,30,0,0,1,1,14,5,0,0,0,17,17,0,4,0,0,12,0,200,200
360545,1,30,0,0,1,1,14,5,0,0,0,17,17,0,4,0,200,200,200,200,200
360552,0,35,200,200,0,1,14,6,0,1,200,16,200,1,6,200,7,200,7,200,200
360552,0,35,200,200,0,1,14,6,0,1,200,16,200,0,7,200,0,200,0,200,200
360557,0,30,1,2,0,1,14,5,0,0,0,23,200,0,6,200,7,200,200,200,200
360557,0,30,1,2,0,1,14,5,0,0,0,23,200,1,5,0,0,0,0,200,200
360561,0,30,1,2,0,1,10,5,0,0,0,18,18,0,6,200,3,200,200,200,200
360561,0,30,1,2,0,1,10,5,0,0,0,18,18,0,7,0,0,0,0,200,200
360565,0,30,0,0,0,1,7,5,0,0,0,0,200,1,9,0,200,0,0,200,200
360566,0,15,0,0,1,1,7,6,0,1,0,0,200,0,8,200,6,0,0,200,200
360567,0,20,1,2,0,1,14,2,0,1,0,18,18,1,6,0,0,0,0,200,200
360567,0,20,1,2,0,1,14,2,0,1,0,18,18,0,200,200,3,200,200,200,200
360567,1,20,1,2,0,1,14,2,0,1,0,18,18,1,7,0,200,200,200,200,200
360569,0,30,0,0,0,1,11,7,0,1,0,200,200,0,200,200,12,0,0,200,200
360569,0,30,0,0,0,1,11,7,0,1,0,200,200,1,6,0,0,0,0,200,200
360569,1,30,0,0,0,1,11,7,0,1,0,200,200,0,6,0,200,200,200,200,200
360569,1,30,0,0,0,1,11,7,0,1,0,200,200,1,200,0,200,200,200,200,200
360569,1,30,0,0,0,1,11,7,0,1,0,200,200,1,200,0,200,200,200,200,200
360569,1,30,0,0,0,1,11,7,0,1,0,200,200,1,200,7,200,200,200,200,200
360570,0,30,1,2,2,1,0,3,0,0,0,6,0,1,9,0,5,0,0,200,200
360570,0,30,1,2,2,1,0,3,0,0,0,6,0,0,6,0,0,0,0,200,200
360572,0,30,0,3,0,1,7,5,0,0,0,0,0,2,200,200,200,200,200,200,200
360574,0,30,0,0,0,1,7,5,0,0,0,0,200,2,200,200,200,200,200,200,200
360584,0,30,2,2,1,1,0,5,0,0,0,0,0,1,5,200,1,1,0,200,200
360584,0,30,2,2,1,1,0,5,0,0,0,0,0,1,6,200,200,200,0,200,200
360584,1,30,2,2,1,1,0,5,0,0,0,0,0,1,200,200,200,200,200,200,200
360584,1,30,2,2,1,1,0,5,0,0,0,0,0,1,6,200,200,200,200,200,200
360586,0,30,0,0,0,1,7,7,0,0,0,32,200,1,6,7,12,0,5,200,200
360594,0,30,0,0,0,1,7,5,0,0,0,200,200,1,6,0,0,0,0,200,200
360599,0,30,1,2,0,3,12,5,0,1,0,22,11,1,200,200,2,200,200,200,200
360599,0,30,1,2,0,3,12,5,0,1,0,22,11,0,5,0,0,0,0,200,200
360599,1,30,1,2,0,3,12,5,0,1,0,22,11,0,200,7,200,200,200,200,200
360599,1,30,1,2,0,3,12,5,0,1,0,22,11,0,6,0,200,200,200,200,200
360601,0,30,0,0,0,1,9,5,0,0,0,200,200,0,6,200,200,0,0,200,200
360601,5,30,0,0,0,1,9,5,0,0,0,200,200,0,9,7,0,0,0,200,200
360601,1,30,0,0,0,1,9,5,0,0,0,200,200,0,6,200,200,200,200,200,200
360602,0,30,1,2,0,1,10,2,0,0,0,18,0,0,200,0,3,0,0,200,200
360602,0,30,1,2,0,1,10,2,0,0,0,18,0,0,5,0,12,0,0,200,200
360602,1,30,1,2,0,1,10,2,0,0,0,18,0,1,5,0,200,200,200,200,200
360609,0,30,0,0,2,3,10,5,0,1,0,18,18,2,200,200,3,200,200,200,200
360609,0,30,0,0,2,3,10,5,0,1,0,18,18,0,6,0,0,0,0,200,200
360611,0,35,200,200,0,2,14,0,0,0,0,17,200,0,6,0,200,0,0,200,200
360611,0,35,200,200,0,2,14,0,0,0,0,17,200,0,7,200,200,0,0,200,200
360611,1,35,200,200,0,2,14,0,0,0,0,17,200,0,200,200,200,200,200,200,200
360612,0,35,0,0,0,1,0,5,0,0,0,11,0,1,7,0,12,1,0,200,200
360612,0,35,0,0,0,1,0,5,0,0,0,11,0,0,5,200,200,0,0,200,200
360612,1,35,0,0,0,1,0,5,0,0,0,11,0,1,5,0,200,200,200,200,200
360613,0,30,1,2,0,3,0,5,0,0,0,17,16,1,5,200,1,200,0,200,200
360613,0,30,1,2,0,3,0,5,0,0,0,17,16,1,6,0,0,0,0,200,200
360613,1,30,1,2,0,3,0,5,0,0,0,17,16,0,200,0,200,200,200,200,200
360613,1,30,1,2,0,3,0,5,0,0,0,17,16,2,200,0,200,200,200,200,200
360613,1,30,1,2,0,3,0,5,0,0,0,17,16,2,200,200,200,200,200,200,200
360616,0,30,0,0,0,1,10,2,0,0,200,0,0,2,200,200,200,200,200,200,200
360616,0,30,0,0,0,1,10,2,0,0,200,0,0,1,8,0,0,0,0,200,200
360618,0,30,1,2,0,1,14,12,2,0,0,23,16,0,5,0,0,0,0,200,200
360618,1,30,1,2,0,1,14,12,2,0,0,23,16,0,4,0,200,200,200,200,200
360618,1,30,1,2,0,1,14,12,2,0,0,23,16,0,5,0,200,200,200,200,200
360619,0,30,200,200,0,1,10,200,0,0,200,20,0,0,6,200,6,200,200,200,200
360619,0,30,200,200,0,1,10,200,0,0,200,20,0,0,6,0,0,200,200,200,200
360624,0,30,0,0,0,1,12,5,0,200,200,17,200,0,6,200,1,0,0,200,200
360624,0,30,0,0,0,1,12,5,0,200,200,17,200,1,6,200,0,200,0,200,200
360627,0,30,1,2,1,1,10,5,0,0,0,7,18,1,4,200,3,200,0,200,200
360627,0,30,1,2,1,1,10,5,0,0,0,7,18,0,4,200,0,200,0,200,200
360629,0,30,0,0,0,1,10,5,0,0,0,16,0,0,6,0,3,0,0,200,200
360629,0,30,0,0,0,1,10,5,0,0,0,16,0,0,6,0,0,0,0,200,200
360630,0,30,0,0,0,1,8,5,0,0,0,16,12,0,6,0,3,0,0,200,200
360630,4,30,0,0,0,1,8,5,0,0,0,16,12,0,5,200,0,0,0,200,200
360631,0,30,0,0,0,1,8,1,0,0,0,200,200,1,7,200,0,200,0,200,200
360631,4,30,0,0,0,1,8,1,0,0,0,200,200,0,3,2,200,0,0,200,200
360636,0,30,0,0,0,1,11,2,0,0,0,22,0,1,5,0,2,0,0,200,200
360636,0,30,0,0,0,1,11,2,0,0,0,22,0,1,6,0,12,0,0,200,200
360640,0,30,0,0,0,1,0,5,0,0,0,0,0,1,5,0,12,0,0,200,200
360640,0,30,0,0,0,1,0,5,0,0,0,0,0,0,9,0,12,0,0,200,200
360641,0,30,2,2,0,1,0,5,0,0,0,0,0,1,6,0,1,0,0,200,200
360641,0,30,2,2,0,1,0,5,0,0,0,0,0,0,7,0,0,0,0,200,200
360643,0,30,0,0,0,1,12,2,0,1,0,21,200,1,5,0,4,0,0,200,200
360643,0,30,0,0,0,1,12,2,0,1,0,21,200,1,5,0,0,0,0,200,200
360660,0,0,0,0,200,0,7,7,0,200,0,0,200,2,200,200,200,200,200,200,200
360664,0,25,0,0,2,3,7,6,0,1,0,0,200,2,200,200,200,200,200,200,200
360665,0,30,2,2,0,1,10,5,0,0,0,18,16,0,6,200,3,200,0,200,200
360665,0,30,2,2,0,1,10,5,0,0,0,18,16,1,6,200,0,200,0,200,200
360665,1,30,2,2,0,1,10,5,0,0,0,18,16,1,6,200,200,200,200,200,200
360665,1,30,2,2,0,1,10,5,0,0,0,18,16,1,2,200,200,200,200,200,200
360665,1,30,2,2,0,1,10,5,0,0,0,18,16,1,3,200,200,200,200,200,200
360665,1,30,2,2,0,1,10,5,0,0,0,18,16,1,6,200,200,200,200,200,200
360666,0,30,200,200,200,200,7,5,2,200,200,0,200,2,200,200,200,200,200,200,200
360670,0,30,0,0,0,1,14,5,0,0,0,21,0,1,200,200,12,200,200,200,200
360670,0,30,0,0,0,1,14,5,0,0,0,21,0,0,7,200,7,0,0,200,200
360670,1,30,0,0,0,1,14,5,0,0,0,21,0,200,200,200,200,200,200,200,200
360676,0,25,0,0,0,1,2,6,0,0,0,0,0,0,6,200,200,200,200,200,200
360686,0,20,1,2,0,1,12,2,3,0,0,21,11,0,4,200,4,200,0,200,200
360686,0,20,1,2,0,1,12,2,3,0,0,21,11,0,7,200,200,200,0,200,200
360699,0,30,2,2,0,1,0,5,0,0,0,0,200,1,5,200,1,0,0,200,200
360699,0,30,2,2,0,1,0,5,0,0,0,0,200,0,5,200,200,0,0,200,200
360701,0,10,0,0,0,1,7,7,0,200,200,0,0,0,200,200,200,200,200,200,200
360701,1,10,0,0,0,1,7,7,0,200,200,0,0,0,200,200,200,200,200,200,200
360701,1,10,0,0,0,1,7,7,0,200,200,0,0,1,200,0,200,200,200,200,200
360709,0,35,2,0,0,1,3,5,0,0,200,23,200,0,200,200,7,0,0,200,200
360709,0,35,2,0,0,1,3,5,0,0,200,23,200,0,8,0,0,0,0,200,200
360711,0,30,0,0,0,1,7,7,0,0,0,200,200,0,4,0,0,0,0,200,200
360711,1,30,0,0,0,1,7,7,0,0,0,200,200,1,200,0,200,200,200,200,200
360711,1,30,0,0,0,1,7,7,0,0,0,200,200,1,200,0,200,200,200,200,200
360715,0,30,200,200,0,1,0,1,0,0,0,0,200,0,5,200,200,200,0,200,200
360715,0,30,200,200,0,1,0,1,0,0,0,0,200,1,5,200,200,0,0,200,200
360718,0,25,2,200,1,1,7,5,0,0,0,0,200,0,7,200,200,200,200,200,200
360734,0,30,0,0,0,1,7,5,0,0,0,0,200,2,200,200,200,200,200,200,200
360735,0,35,0,0,0,1,10,6,0,0,0,17,4,0,6,0,4,0,0,200,200
360735,0,35,0,0,0,1,10,6,0,0,0,17,4,1,5,0,0,0,0,200,200
360740,0,30,1,2,0,1,14,2,0,0,0,23,0,0,6,200,7,200,200,200,200
360740,0,30,1,2,0,1,14,2,0,0,0,23,0,0,7,0,0,0,0,200,200
360740,1,30,1,2,0,1,14,2,0,0,0,23,0,0,200,0,200,200,200,200,200
360740,1,30,1,2,0,1,14,2,0,0,0,23,0,0,200,0,200,200,200,200,200
360740,1,30,1,2,0,1,14,2,0,0,0,23,0,0,200,0,200,200,200,200,200
360740,1,30,1,2,0,1,14,2,0,0,0,23,0,1,200,0,200,200,200,200,200
360740,1,30,1,2,0,1,14,2,0,0,0,23,0,1,200,0,200,200,200,200,200
360741,0,30,1,2,0,1,10,2,0,0,0,18,200,1,8,0,3,0,0,200,200
360741,0,30,1,2,0,1,10,2,0,0,0,18,200,0,8,0,0,0,0,200,200
360743,0,30,0,0,1,1,10,5,0,0,0,22,200,2,200,200,2,200,200,200,200
360743,0,30,0,0,1,1,10,5,0,0,0,22,200,0,0,0,0,0,0,200,200
360743,1,30,0,0,1,1,10,5,0,0,0,22,200,0,200,200,200,200,200,200,200
360743,1,30,0,0,1,1,10,5,0,0,0,22,200,0,200,200,200,200,200,200,200
360743,1,30,0,0,1,1,10,5,0,0,0,22,200,1,6,0,200,200,200,200,200
360748,0,30,0,0,0,3,10,5,0,1,0,16,200,1,6,200,200,0,0,200,200
360748,0,30,0,0,0,3,10,5,0,1,0,16,200,0,5,0,0,0,0,200,200
360748,1,30,0,0,0,3,10,5,0,1,0,16,200,0,6,0,200,200,200,200,200
360751,0,30,0,0,0,1,10,6,0,0,0,8,200,0,4,200,12,0,0,200,200
360751,0,30,0,0,0,1,10,6,0,0,0,8,200,0,6,200,0,0,0,200,200
360757,0,30,200,2,0,1,14,2,0,0,0,32,32,0,6,200,12,200,5,200,200
360757,0,30,200,2,0,1,14,2,0,0,0,32,32,1,5,200,0,200,0,200,200
360757,1,30,200,2,0,1,14,2,0,0,0,32,32,0,5,200,200,200,200,200,200
360757,1,30,200,2,0,1,14,2,0,0,0,32,32,200,200,7,200,200,200,200,200
360761,0,30,200,200,0,1,12,5,0,200,200,0,200,0,200,200,200,200,200,200,200
360761,0,30,200,200,0,1,12,5,0,200,200,0,200,0,7,0,200,200,0,200,0
360769,0,25,1,2,1,1,10,200,0,200,200,0,200,1,200,200,200,200,200,200,200
360769,0,25,1,2,1,1,10,200,0,200,200,0,200,0,7,200,0,200,200,200,200
360772,0,30,1,2,0,1,12,6,0,0,0,21,200,1,6,200,4,200,200,200,200
360772,0,30,1,2,0,1,12,6,0,0,0,21,200,1,6,0,0,0,0,200,200
360772,1,30,1,2,0,1,12,6,0,0,0,21,200,0,200,0,200,200,200,200,200
360772,1,30,1,2,0,1,12,6,0,0,0,21,200,1,200,0,200,200,200,200,200
360780,0,30,0,0,0,1,7,5,0,0,0,0,21,0,200,200,200,200,200,200,200
360784,0,30,0,0,0,1,10,6,0,1,200,16,200,0,4,200,3,200,0,200,200
360784,0,30,0,0,0,1,10,6,0,1,200,16,200,1,7,200,0,200,0,200,200
360786,0,0,0,0,200,200,7,7,0,200,200,0,0,2,200,200,200,200,200,200,200
360787,0,30,200,0,200,200,7,12,0,200,0,0,200,2,200,200,200,200,200,200,200
360790,0,20,0,0,0,1,7,5,0,0,0,0,0,2,200,200,200,200,200,200,200
360803,0,30,2,0,0,1,0,5,0,0,0,0,0,0,5,0,0,200,0,200,200
360803,0,30,2,0,0,1,0,5,0,0,0,0,0,0,200,200,1,200,200,200,200
360803,1,30,2,0,0,1,0,5,0,0,0,0,0,1,200,0,200,200,200,200,200
360804,0,30,1,2,0,1,10,5,0,0,0,18,200,0,6,200,3,200,200,200,200
360804,0,30,1,2,0,1,10,5,0,0,0,18,200,0,7,0,0,0,0,200,200
360806,0,30,0,0,0,1,10,6,0,0,0,0,200,0,4,200,0,0,0,200,200
360806,0,30,0,0,0,1,10,6,0,0,0,0,200,0,6,200,0,0,0,200,200
360806,1,30,0,0,0,1,10,6,0,0,0,0,200,0,200,200,200,200,200,200,200
360806,1,30,0,0,0,1,10,6,0,0,0,0,200,0,200,200,200,200,200,200,200
360806,1,30,0,0,0,1,10,6,0,0,0,0,200,0,200,200,200,200,200,200,200
360806,1,30,0,0,0,1,10,6,0,0,0,0,200,0,200,200,200,200,200,200,200
360819,0,20,2,2,0,1,14,6,0,0,0,5,200,0,200,200,5,200,200,200,200
360819,0,20,2,2,0,1,14,6,0,0,0,5,200,1,6,0,0,200,0,200,200
360819,1,20,2,2,0,1,14,6,0,0,0,5,200,1,4,0,200,200,200,200,200
360819,1,20,2,2,0,1,14,6,0,0,0,5,200,0,4,0,200,200,200,200,200
360822,0,15,0,0,1,1,7,7,0,0,0,11,0,0,5,0,0,0,0,200,200
360822,1,15,0,0,1,1,7,7,0,0,0,11,0,0,6,0,200,200,200,200,200
360823,0,30,200,200,0,1,12,5,0,0,200,0,200,0,8,200,200,200,200,200,200
360823,0,30,200,200,0,1,12,5,0,0,200,0,200,1,5,0,200,200,0,200,200
360833,0,30,2,2,0,1,10,6,0,0,0,20,200,0,5,200,6,200,0,200,200
360833,0,30,2,2,0,1,10,6,0,0,0,20,200,0,5,200,0,200,0,200,200
360833,1,30,2,2,0,1,10,6,0,0,0,20,200,0,5,200,200,200,200,200,200
360834,0,35,0,0,0,4,0,5,0,0,200,17,200,2,200,200,1,200,200,200,200
360834,0,35,0,0,0,4,0,5,0,0,200,17,200,0,6,200,0,200,0,200,200
360834,1,35,0,0,0,4,0,5,0,0,200,17,200,1,200,200,200,200,200,200,200
360837,0,30,2,0,0,1,10,5,0,0,0,18,200,0,5,200,3,0,0,200,200
360837,0,30,2,0,0,1,10,5,0,0,0,18,200,1,6,200,0,0,0,200,200
360838,0,30,0,0,0,1,11,5,0,0,0,0,200,0,7,0,12,0,0,200,200
360838,0,30,0,0,0,1,11,5,0,0,0,0,200,0,6,0,0,0,0,200,200
360847,0,25,0,0,0,1,7,6,0,0,1,11,25,1,5,200,8,0,0,200,200
360852,0,30,1,2,0,1,10,5,0,0,0,0,200,1,7,0,12,0,0,200,200
360852,0,30,1,2,0,1,10,5,0,0,0,0,200,0,7,0,0,0,0,200,200
360852,1,30,1,2,0,1,10,5,0,0,0,0,200,0,200,0,200,200,200,200,200
360856,0,30,2,2,0,1,14,6,0,0,0,23,200,1,200,0,7,200,200,200,200
360856,0,30,2,2,0,1,14,6,0,0,0,23,200,0,6,0,0,0,0,200,200
360856,1,30,2,2,0,1,14,6,0,0,0,23,200,1,200,0,200,200,200,200,200
360857,0,35,0,0,200,200,12,5,0,200,200,17,200,0,6,200,1,200,0,200,200
360857,0,35,0,0,200,200,12,5,0,200,200,17,200,1,6,200,0,200,0,200,200
360859,0,30,1,2,0,4,10,5,0,0,0,16,200,0,200,200,8,200,200,200,200
360859,0,30,1,2,0,4,10,5,0,0,0,16,200,0,6,0,0,0,0,200,200
360859,1,30,1,2,0,4,10,5,0,0,0,16,200,0,5,0,200,200,200,200,200
360859,1,30,1,2,0,4,10,5,0,0,0,16,200,1,6,0,200,200,200,200,200
360863,0,30,1,2,0,1,0,5,0,0,0,17,200,1,7,200,1,200,0,200,200