RD_NO,PERSON_TYPE,POSTED_SPEED_LIMIT,TRAFFIC_CONTROL_DEVICE,DEVICE_CONDITION,WEATHER_CONDITION,LIGHTING_CONDITION,FIRST_CRASH_TYPE,TRAFFICWAY_TYPE,ALIGNMENT,ROADWAY_SURFACE_COND,ROAD_DEFECT,PRIM_CONTRIBUTORY_CAUSE,SEC_CONTRIBUTORY_CAUSE,SEX,AGE,SAFETY_EQUIPMENT,DRIVER_ACTION,DRIVER_VISION,PHYSICAL_CONDITION,BAC_RESULT VALUE,CELL_PHONE_USE
360863,0,30,1,2,0,1,0,5,0,0,0,17,200,0,5,0,0,0,0,200,200
360864,0,30,0,0,0,1,7,5,0,0,0,0,200,2,200,200,200,200,200,200,200
360865,0,30,0,0,0,1,14,5,0,0,0,200,200,0,7,0,200,200,0,200,200
360865,0,30,0,0,0,1,14,5,0,0,0,200,200,1,9,0,200,200,0,200,200
360871,0,10,0,0,0,1,7,7,0,0,0,0,0,1,200,200,200,200,200,200,200
360877,0,30,0,0,0,1,10,2,0,0,0,18,16,1,5,200,3,200,200,200,200
360877,0,30,0,0,0,1,10,2,0,0,0,18,16,0,7,0,0,0,0,200,200
360883,0,30,0,0,0,1,5,5,0,0,0,11,25,0,5,200,12,0,0,200,200
360889,0,30,0,0,0,1,7,5,0,0,0,20,0,0,200,200,200,200,200,200,200
360891,0,30,0,0,0,1,7,6,0,0,0,200,200,2,200,200,200,200,200,200,200
360893,0,30,0,0,0,1,2,5,0,0,0,0,0,0,5,0,200,0,0,200,200
360895,0,35,1,2,0,1,10,5,0,0,200,18,14,0,200,200,3,0,0,200,200
360895,0,35,1,2,0,1,10,5,0,0,200,18,14,0,9,0,0,0,0,200,200
360895,1,35,1,2,0,1,10,5,0,0,200,18,14,200,200,0,200,200,200,200,200
360907,0,30,0,0,0,3,10,5,0,0,0,22,0,0,200,200,2,200,200,200,200
360907,0,30,0,0,0,3,10,5,0,0,0,22,0,0,6,200,0,0,0,200,200
360907,1,30,0,0,0,3,10,5,0,0,0,22,0,0,4,200,200,200,200,200,200
360907,1,30,0,0,0,3,10,5,0,0,0,22,0,1,7,200,200,200,200,200,200
360909,0,30,200,200,0,1,7,5,0,0,0,17,200,0,200,200,7,200,200,200,200
360909,1,30,200,200,0,1,7,5,0,0,0,17,200,0,1,0,200,200,200,200,200
360909,1,30,200,200,0,1,7,5,0,0,0,17,200,0,6,0,200,200,200,200,200
360914,0,30,0,0,0,1,14,5,0,0,0,16,0,0,5,7,3,0,0,200,200
360914,0,30,0,0,0,1,14,5,0,0,0,16,0,0,5,200,0,0,0,200,200
360918,4,30,0,0,0,3,8,6,0,0,0,0,0,0,7,2,200,200,0,200,200
360918,0,30,0,0,0,3,8,6,0,0,0,0,0,1,5,200,200,200,0,200,200
360925,0,30,1,2,0,3,10,5,0,0,0,16,18,1,6,200,3,0,200,200,200
360925,0,30,1,2,0,3,10,5,0,0,0,16,18,1,5,0,0,0,0,200,200
360925,1,30,1,2,0,3,10,5,0,0,0,16,18,0,200,0,200,200,200,200,200
360925,1,30,1,2,0,3,10,5,0,0,0,16,18,1,200,200,200,200,200,200,200
360939,0,30,0,0,0,4,7,6,0,0,0,22,22,0,200,200,2,200,200,200,200
360942,0,30,2,2,0,4,10,5,0,0,0,16,200,0,4,0,3,0,0,200,200
360942,0,30,2,2,0,4,10,5,0,0,0,16,200,1,6,0,0,0,0,200,200
360944,0,30,2,2,0,2,8,6,0,0,0,0,0,1,6,0,200,0,0,200,200
360944,4,30,2,2,0,2,8,6,0,0,0,0,0,0,3,7,1,0,0,200,200
360948,0,25,200,200,200,200,7,5,0,200,200,0,200,0,6,200,12,200,0,200,200
360950,0,30,1,3,0,3,3,2,0,0,0,6,200,0,6,200,5,0,0,200,200
360950,0,30,1,3,0,3,3,2,0,0,0,6,200,1,4,200,0,0,0,200,0
360966,0,30,0,0,0,3,14,5,0,0,0,22,200,2,200,200,2,200,200,200,200
360966,0,30,0,0,0,3,14,5,0,0,0,22,200,0,6,0,0,0,0,200,200
360972,0,10,0,0,1,4,7,7,0,0,0,20,20,0,8,0,6,200,200,200,200
360975,0,30,0,0,0,3,12,5,0,0,200,22,16,0,7,0,12,200,200,200,200
360975,0,30,0,0,0,3,12,5,0,0,200,22,16,0,8,0,2,200,200,200,200
360975,1,30,0,0,0,3,12,5,0,0,200,22,16,1,200,0,200,200,200,200,200
360975,1,30,0,0,0,3,12,5,0,0,200,22,16,0,200,200,200,200,200,200,200
360987,0,30,1,2,0,0,12,5,2,0,0,21,0,0,4,0,4,0,0,200,200
360987,0,30,1,2,0,0,12,5,2,0,0,21,0,0,6,0,0,0,0,200,200
360987,1,30,1,2,0,0,12,5,2,0,0,21,0,0,5,0,200,200,200,200,200
360991,0,30,1,2,0,3,10,5,0,0,0,6,18,0,7,200,5,200,200,200,200
360991,0,30,1,2,0,3,10,5,0,0,0,6,18,1,7,0,0,0,0,200,200
360992,0,30,0,0,0,3,7,6,0,0,0,0,0,2,200,200,200,200,200,200,200
361004,0,30,0,0,1,3,7,5,0,0,0,11,0,0,6,200,10,200,0,200,200
361014,0,30,1,2,0,1,12,5,0,0,0,22,22,0,6,7,0,0,0,200,200
361014,0,30,1,2,0,1,12,5,0,0,0,22,22,1,6,7,0,0,0,200,200
361029,0,25,0,0,0,3,2,5,0,0,0,200,0,0,6,0,12,0,0,200,200
361052,0,30,1,2,0,3,12,2,0,0,0,22,22,0,5,200,1,0,0,200,200
361052,0,30,1,2,0,3,12,2,0,0,0,22,22,0,5,200,0,0,0,200,200
361052,1,30,1,2,0,3,12,2,0,0,0,22,22,0,8,200,200,200,200,200,200
361052,1,30,1,2,0,3,12,2,0,0,0,22,22,1,7,200,200,200,200,200,200
361052,1,30,1,2,0,3,12,2,0,0,0,22,22,0,4,200,200,200,200,200,200
361052,1,30,1,2,0,3,12,2,0,0,0,22,22,0,6,200,200,200,200,200,200
361061,0,30,2,2,0,3,0,5,0,0,0,17,0,0,6,0,1,200,0,200,200
361061,0,30,2,2,0,3,0,5,0,0,0,17,0,0,6,0,0,200,0,200,200
361063,0,50,200,200,0,0,7,5,0,0,200,14,200,2,200,200,200,200,200,200,200
361069,0,30,200,2,1,3,2,2,0,0,0,27,0,0,7,200,12,0,2,200,200
361069,1,30,200,2,1,3,2,2,0,0,0,27,0,1,5,200,200,200,200,200,200
361071,0,30,0,0,0,3,7,5,0,0,0,0,11,0,6,200,12,0,0,200,200
361079,0,30,0,0,0,3,12,6,0,0,200,16,200,0,5,0,8,200,200,200,200
361079,0,30,0,0,0,3,12,6,0,0,200,16,200,0,4,0,0,200,0,200,200
361079,1,30,0,0,0,3,12,6,0,0,200,16,200,200,200,0,200,200,200,200,200
361079,1,30,0,0,0,3,12,6,0,0,200,16,200,1,200,0,200,200,200,200,200
361079,1,30,0,0,0,3,12,6,0,0,200,16,200,0,200,0,200,200,200,200,200
361080,0,30,200,200,200,3,7,6,0,200,0,0,0,2,200,200,200,200,200,200,200
361086,0,30,3,2,0,3,12,3,0,0,0,14,11,0,4,200,12,0,0,200,200
361086,0,30,3,2,0,3,12,3,0,0,0,14,11,0,4,200,12,0,0,200,200
361091,0,25,200,200,200,3,10,5,0,200,200,18,16,2,200,200,3,200,200,200,200
361091,0,25,200,200,200,3,10,5,0,200,200,18,16,1,6,200,200,200,0,200,200
361093,0,30,2,2,0,3,0,5,0,0,0,5,200,0,200,0,0,0,0,200,200
361093,0,30,2,2,0,3,0,5,0,0,0,5,200,1,200,200,5,200,200,200,200
361093,1,30,2,2,0,3,0,5,0,0,0,5,200,0,3,0,200,200,200,200,200
361093,1,30,2,2,0,3,0,5,0,0,0,5,200,0,3,0,200,200,200,200,200
361093,1,30,2,2,0,3,0,5,0,0,0,5,200,0,3,0,200,200,200,200,200
361101,0,15,0,0,0,3,5,0,0,0,0,0,200,0,200,0,0,0,0,200,200
361101,1,15,0,0,0,3,5,0,0,0,0,0,200,0,200,0,200,200,200,200,200
361104,0,35,0,0,0,3,4,3,3,0,1,11,200,0,5,3,200,0,0,200,200
361119,0,35,0,0,0,3,2,6,0,0,0,10,16,0,3,200,13,0,0,200,200
361119,1,35,0,0,0,3,2,6,0,0,0,10,16,0,200,1,200,200,200,200,200
361119,1,35,0,0,0,3,2,6,0,0,0,10,16,1,3,0,200,200,200,200,200
361139,0,30,0,0,0,3,12,3,0,0,0,0,0,1,200,200,4,200,200,200,200
361139,0,30,0,0,0,3,12,3,0,0,0,0,0,1,5,200,0,0,0,200,200
361139,1,30,0,0,0,3,12,3,0,0,0,0,0,0,5,200,200,200,200,200,200
361144,0,25,2,2,0,0,2,5,2,0,0,12,0,0,5,200,12,0,0,200,200
361149,0,30,1,2,0,3,14,5,2,0,0,0,0,1,5,0,200,0,0,200,200
361149,0,30,1,2,0,3,14,5,2,0,0,0,0,0,5,0,200,0,0,200,200
361149,1,30,1,2,0,3,14,5,2,0,0,0,0,1,5,0,200,200,200,200,200
361149,1,30,1,2,0,3,14,5,2,0,0,0,0,1,5,0,200,200,200,200,200
361149,1,30,1,2,0,3,14,5,2,0,0,0,0,1,5,0,200,200,200,200,200
361149,1,30,1,2,0,3,14,5,2,0,0,0,0,0,5,0,200,200,200,200,200
361149,1,30,1,2,0,3,14,5,2,0,0,0,0,0,5,0,200,200,200,200,200
361149,1,30,1,2,0,3,14,5,2,0,0,0,0,1,5,0,200,200,200,200,200
361188,1,30,1,2,0,3,14,6,0,0,0,25,200,200,200,200,200,200,200,200,200
361188,0,30,1,2,0,3,14,6,0,0,0,25,200,2,200,200,7,200,200,200,200
361188,0,30,1,2,0,3,14,6,0,0,0,25,200,0,6,0,12,0,0,200,200
361188,1,30,1,2,0,3,14,6,0,0,0,25,200,2,200,200,200,200,200,200,200
361188,1,30,1,2,0,3,14,6,0,0,0,25,200,0,6,200,200,200,200,200,200
361188,1,30,1,2,0,3,14,6,0,0,0,25,200,1,6,200,200,200,200,200,200
361188,1,30,1,2,0,3,14,6,0,0,0,25,200,0,6,200,200,200,200,200,200
361188,1,30,1,2,0,3,14,6,0,0,0,25,200,0,7,200,200,200,200,200,200
361197,0,30,0,0,0,3,10,2,0,0,200,0,200,0,7,200,200,200,0,200,200
361197,0,30,0,0,0,3,10,2,0,0,200,0,200,0,6,200,12,200,0,200,200
361198,0,30,2,2,0,3,0,5,0,0,0,17,14,0,200,200,5,200,200,200,200
361198,0,30,2,2,0,3,0,5,0,0,0,17,14,1,6,0,0,0,0,200,200
361203,0,30,0,0,200,200,7,4,0,200,0,0,0,2,200,200,6,200,200,200,200
361209,0,30,1,2,0,3,0,3,0,0,0,6,200,0,7,0,0,0,0,200,200
361209,0,30,1,2,0,3,0,3,0,0,0,6,200,0,5,0,0,0,0,200,200
361209,0,30,1,2,0,3,0,3,0,0,0,6,200,0,7,0,5,0,0,200,200
361209,1,30,1,2,0,3,0,3,0,0,0,6,200,0,3,1,200,200,200,200,200
361217,0,30,1,2,0,1,10,5,0,0,0,18,0,0,6,200,3,200,200,200,200
361217,0,30,1,2,0,1,10,5,0,0,0,18,0,0,6,0,12,0,0,200,200
361225,0,40,1,2,0,1,10,2,0,0,0,0,200,0,6,0,200,0,0,200,200
361225,0,40,1,2,0,1,10,2,0,0,0,0,200,0,6,0,0,0,0,200,200
361232,0,25,1,2,0,1,12,12,0,0,200,0,0,0,6,200,12,200,0,200,200
361232,0,25,1,2,0,1,12,12,0,0,200,0,0,0,6,200,200,200,0,200,200
361235,0,25,0,0,0,1,12,5,0,0,0,0,0,0,200,0,0,0,0,200,200
361235,0,25,0,0,0,1,12,5,0,0,0,0,0,0,200,0,0,0,0,200,200
361237,0,25,0,0,0,1,5,5,0,0,0,11,200,0,5,200,200,0,0,200,200
361241,0,30,1,2,0,1,12,8,0,0,0,0,0,2,200,200,200,200,200,200,200
361241,0,30,1,2,0,1,12,8,0,0,0,0,0,1,5,0,0,0,0,200,200
361241,1,30,1,2,0,1,12,8,0,0,0,0,0,0,5,0,200,200,200,200,200
361244,0,30,1,0,0,1,10,6,3,0,0,18,200,0,6,0,12,0,0,200,200
361244,0,30,1,0,0,1,10,6,3,0,0,18,200,0,6,0,0,0,0,200,200
361245,0,30,1,2,0,1,10,5,0,0,0,16,200,0,7,200,3,0,0,200,200
361245,0,30,1,2,0,1,10,5,0,0,0,16,200,1,7,0,0,0,0,200,200
361250,0,30,1,2,0,1,14,5,0,0,0,0,16,0,6,0,7,12,0,200,200
361250,0,30,1,2,0,1,14,5,0,0,0,0,16,0,7,0,0,0,0,200,200
361270,0,30,0,0,0,1,14,5,0,0,0,22,21,1,6,0,2,0,0,200,200
361270,0,30,0,0,0,1,14,5,0,0,0,22,21,0,5,0,0,0,0,200,200
361276,0,20,0,0,200,200,7,6,0,200,0,0,0,2,200,200,200,200,200,200,200
361282,0,30,1,2,0,1,10,5,0,0,0,18,0,0,6,0,3,0,0,200,200
361282,0,30,1,2,0,1,10,5,0,0,0,18,0,0,6,0,0,0,0,200,200
361288,0,30,1,2,0,1,14,2,0,0,0,17,200,0,6,0,1,200,0,200,200
361288,0,30,1,2,0,1,14,2,0,0,0,17,200,1,7,0,0,0,0,200,200
361297,0,30,1,2,0,1,14,1,0,0,0,23,22,0,6,200,7,0,0,200,200
361297,0,30,1,2,0,1,14,1,0,0,0,23,22,0,6,200,0,0,0,200,200
361300,0,30,0,0,0,1,10,6,0,0,0,18,200,1,7,0,3,0,0,200,200
361300,0,30,0,0,0,1,10,6,0,0,0,18,200,0,7,0,0,0,0,200,200
361306,0,30,1,2,200,200,10,2,0,200,200,0,0,0,200,200,200,200,200,200,200
361306,0,30,1,2,200,200,10,2,0,200,200,0,0,0,6,0,0,200,0,200,200
361306,1,30,1,2,200,200,10,2,0,200,200,0,0,1,2,0,200,200,200,200,200
361306,1,30,1,2,200,200,10,2,0,200,200,0,0,1,2,0,200,200,200,200,200
361309,0,30,1,2,0,1,10,3,0,0,0,18,27,0,7,0,3,0,200,200,200
361309,0,30,1,2,0,1,10,3,0,0,0,18,27,0,6,0,0,0,0,200,200
361310,0,20,0,0,0,3,7,6,0,0,0,0,200,2,200,200,200,200,200,200,200
361312,0,30,0,0,0,1,12,12,0,0,0,11,0,0,200,7,1,0,0,200,200
361312,0,30,0,0,0,1,12,12,0,0,0,11,0,0,200,7,12,0,0,200,200
361316,0,30,1,2,0,1,12,5,0,0,200,21,17,0,200,200,4,200,200,200,200
361316,0,30,1,2,0,1,12,5,0,0,200,21,17,0,8,0,0,0,0,200,200
361320,0,25,0,0,0,0,7,5,0,0,0,0,0,2,200,200,200,200,200,200,200
361323,0,35,1,2,0,3,2,2,0,1,0,0,200,2,200,200,200,200,200,200,200
361329,0,30,0,0,0,1,0,6,0,0,0,20,27,0,7,200,6,0,12,200,200
361332,0,30,2,2,0,1,0,5,0,0,0,17,17,1,6,200,0,200,0,200,200
361332,0,30,2,2,0,1,0,5,0,0,0,17,17,1,6,200,1,200,0,200,200
361333,0,35,1,2,0,1,14,5,0,0,0,200,200,1,6,200,200,0,0,200,200
361333,0,35,1,2,0,1,14,5,0,0,0,200,200,0,8,200,200,0,0,200,200
361336,0,30,1,2,0,1,14,2,0,0,0,17,17,1,6,0,200,0,0,200,200
361336,0,30,1,2,0,1,14,2,0,0,0,17,17,1,7,0,200,0,0,200,200
361343,5,40,1,2,0,1,9,2,0,0,0,0,200,1,5,200,200,200,200,200,200
361343,0,40,1,2,0,1,9,2,0,0,0,0,200,1,6,0,0,0,0,200,200
361348,0,30,0,200,0,0,2,3,0,0,0,16,21,0,7,0,12,0,0,200,200
361348,0,30,0,200,0,0,2,3,0,0,0,16,21,1,4,0,0,0,0,200,200
361348,0,30,0,200,0,0,2,3,0,0,0,16,21,0,5,0,0,0,0,200,200
361350,0,30,0,0,0,1,7,5,0,0,0,0,0,2,200,200,200,200,200,200,200
361358,0,30,0,0,0,1,7,2,0,0,0,200,0,0,7,0,12,0,0,200,200
361363,0,30,1,2,1,2,12,5,0,1,0,0,200,1,6,200,200,0,0,200,200
361363,0,30,1,2,1,2,12,5,0,1,0,0,200,0,6,0,0,0,0,200,200
361364,0,25,1,3,0,1,12,3,0,0,0,200,200,1,7,0,4,0,0,200,200
361364,0,25,1,3,0,1,12,3,0,0,0,200,200,1,6,0,0,0,0,200,200
361367,0,30,2,2,0,1,0,5,0,0,0,0,0,0,5,0,200,0,0,200,200
361367,0,30,2,2,0,1,0,5,0,0,0,0,0,0,6,0,0,0,0,200,200
361373,0,25,0,0,0,1,10,5,0,0,0,18,14,2,200,200,1,200,200,200,200
361373,0,25,0,0,0,1,10,5,0,0,0,18,14,0,6,0,0,0,0,200,200
361376,0,40,1,2,0,1,10,6,0,0,0,18,200,0,7,0,3,200,0,200,200
361376,0,40,1,2,0,1,10,6,0,0,0,18,200,1,6,0,0,0,0,200,200
361386,0,35,0,0,0,3,7,5,0,0,0,21,21,0,200,200,200,200,200,200,200
361389,0,30,2,2,0,1,0,5,0,0,0,17,17,0,9,0,1,0,0,200,200
361389,0,30,2,2,0,1,0,5,0,0,0,17,17,0,200,200,0,200,200,200,200
361390,0,30,0,0,200,1,5,5,0,200,0,0,0,1,5,200,0,0,0,200,200
361391,0,30,0,0,0,1,7,6,0,0,0,0,0,0,200,200,12,200,200,200,200
361391,1,30,0,0,0,1,7,6,0,0,0,0,0,0,200,200,200,200,200,200,200
361394,0,30,0,0,0,1,7,5,0,0,0,11,11,1,9,0,12,0,7,200,200
361397,0,30,0,0,0,200,7,5,0,0,0,0,200,2,200,200,200,200,200,200,200
361407,0,45,0,0,0,1,5,5,0,0,1,29,29,0,6,200,0,0,0,200,200
361408,0,25,0,0,0,1,14,5,0,0,0,200,200,0,7,0,0,0,0,200,200
361408,0,25,0,0,0,1,14,5,0,0,0,200,200,0,6,0,200,200,0,200,200
361414,5,35,2,2,0,1,9,2,0,0,0,17,200,1,8,200,0,0,7,200,200
361414,0,35,2,2,0,1,9,2,0,0,0,17,200,1,6,0,1,0,0,200,200
361414,1,35,2,2,0,1,9,2,0,0,0,17,200,0,2,0,200,200,200,200,200
361414,1,35,2,2,0,1,9,2,0,0,0,17,200,1,2,0,200,200,200,200,200
361415,0,30,0,0,0,1,11,7,0,0,0,0,0,1,6,0,1,0,0,200,200
361415,0,30,0,0,0,1,11,7,0,0,0,0,0,0,5,0,0,0,0,200,200
361415,1,30,0,0,0,1,11,7,0,0,0,0,0,1,5,0,200,200,200,200,200
361424,0,5,0,0,0,1,7,7,0,0,0,16,200,1,9,0,6,0,200,200,200
361426,0,10,0,0,0,1,7,2,0,0,0,0,200,2,200,200,200,200,200,200,200
361431,0,25,0,0,0,1,7,6,0,0,0,0,0,2,200,200,200,200,200,200,200
361435,0,30,2,2,0,200,14,5,0,0,0,23,23,2,200,200,7,200,200,200,200
361435,0,30,2,2,0,200,14,5,0,0,0,23,23,1,5,0,200,0,0,200,200
361438,0,25,1,2,0,1,10,5,0,0,0,15,200,0,200,200,8,200,200,200,200
361438,0,25,1,2,0,1,10,5,0,0,0,15,200,1,5,200,0,200,0,200,200
361439,0,30,1,2,0,1,12,6,0,0,0,0,0,0,5,0,0,0,0,200,200
361439,0,30,1,2,0,1,12,6,0,0,0,0,0,0,8,0,0,0,0,200,200
361445,0,35,0,0,200,200,7,5,0,200,200,0,200,2,200,200,200,200,200,200,200
361452,0,30,0,0,2,1,0,5,0,0,0,0,0,1,7,0,0,0,0,200,200
361452,1,30,0,0,2,1,0,5,0,0,0,0,0,1,6,0,200,200,200,200,200
361452,1,30,0,0,2,1,0,5,0,0,0,0,0,0,6,0,200,200,200,200,200
361464,0,30,0,0,200,200,7,6,0,0,0,0,0,2,200,200,200,200,200,200,200
361465,0,30,1,2,0,1,10,5,0,0,0,16,16,1,9,0,3,0,0,200,200
361465,0,30,1,2,0,1,10,5,0,0,0,16,16,0,7,0,0,0,0,200,200
361470,0,40,0,0,0,1,10,5,0,0,0,18,16,0,6,0,3,0,0,200,200
361470,0,40,0,0,0,1,10,5,0,0,0,18,16,0,6,0,0,0,0,200,200
361472,0,30,0,0,0,1,7,7,0,0,0,0,0,1,200,200,200,200,200,200,200
361474,0,30,0,0,0,1,0,12,0,0,0,17,200,0,6,200,0,0,0,200,200
361474,0,30,0,0,0,1,0,12,0,0,0,17,200,0,200,200,0,0,0,200,200
361475,0,30,1,2,0,1,14,5,0,0,0,23,21,1,5,200,7,0,0,200,200
361475,0,30,1,2,0,1,14,5,0,0,0,23,21,0,7,0,0,0,0,200,200
361477,0,20,0,0,0,2,7,5,2,0,0,13,0,0,4,0,12,0,0,200,200
361486,0,30,0,0,0,1,10,2,0,0,0,20,200,0,7,200,6,200,0,200,200
361486,0,30,0,0,0,1,10,2,0,0,0,20,200,1,6,200,9,0,0,200,200
361486,1,30,0,0,0,1,10,2,0,0,0,20,200,0,6,200,200,200,200,200,200
361489,0,30,0,0,0,1,12,6,0,0,0,11,200,0,6,0,12,0,0,200,200
361489,0,30,0,0,0,1,12,6,0,0,0,11,200,0,8,0,0,0,0,200,200
361501,0,30,0,0,0,1,7,7,0,0,0,17,17,2,200,200,1,200,200,200,200
361503,0,30,0,0,0,1,14,1,0,0,0,0,0,0,7,0,0,0,0,200,200
361503,0,30,0,0,0,1,14,1,0,0,0,0,0,1,6,200,200,200,200,200,200
361510,0,30,0,0,0,1,12,12,0,0,0,11,0,1,200,0,12,12,0,200,200
361510,0,30,0,0,0,1,12,12,0,0,0,11,0,1,200,0,0,0,0,200,200
361516,0,25,0,0,0,1,7,6,0,0,0,0,0,0,200,200,12,200,200,200,200
361522,0,30,0,0,0,1,0,3,0,0,0,17,17,0,6,0,1,0,0,200,200
361522,0,30,0,0,0,1,0,3,0,0,0,17,17,0,6,0,0,0,0,200,200
361522,1,30,0,0,0,1,0,3,0,0,0,17,17,1,6,0,200,200,200,200,200
361526,0,30,0,0,0,1,7,12,0,0,0,0,200,0,200,200,200,200,200,200,200
361529,0,30,0,0,0,1,7,5,0,0,0,0,200,0,9,200,12,0,0,200,200
361529,1,30,0,0,0,1,7,5,0,0,0,0,200,0,200,0,200,200,200,200,200
361531,0,20,0,0,0,1,7,6,0,0,0,0,0,2,200,200,200,200,200,200,200
361535,0,30,1,2,0,1,14,5,0,200,200,0,0,2,200,200,1,200,200,200,200
361535,0,30,1,2,0,1,14,5,0,200,200,0,0,0,8,200,0,200,0,200,200
361537,0,30,1,2,0,1,10,5,0,0,0,18,200,1,9,0,3,0,0,200,200
361537,0,30,1,2,0,1,10,5,0,0,0,18,200,1,8,0,0,0,0,200,200
361537,0,30,1,2,0,1,10,5,0,0,0,18,200,0,7,0,0,0,0,200,200
361538,0,30,1,2,0,1,0,5,0,0,0,17,0,1,8,0,1,200,0,200,200
361538,0,30,1,2,0,1,0,5,0,0,0,17,0,0,6,0,12,200,0,200,200
361538,1,30,1,2,0,1,0,5,0,0,0,17,0,1,8,0,200,200,200,200,200
361540,0,30,1,2,0,1,14,5,0,0,0,22,0,2,200,200,12,200,200,200,200
361540,0,30,1,2,0,1,14,5,0,0,0,22,0,0,8,0,12,0,0,200,200
361540,1,30,1,2,0,1,14,5,0,0,0,22,0,1,7,0,200,200,200,200,200
361540,1,30,1,2,0,1,14,5,0,0,0,22,0,0,8,0,200,200,200,200,200
361542,0,30,0,0,0,1,10,5,0,0,0,18,200,0,200,200,3,200,200,200,200
361542,0,30,0,0,0,1,10,5,0,0,0,18,200,0,5,0,0,0,0,200,200
361542,1,30,0,0,0,1,10,5,0,0,0,18,200,0,200,200,200,200,200,200,200
361542,1,30,0,0,0,1,10,5,0,0,0,18,200,0,200,200,200,200,200,200,200
361542,1,30,0,0,0,1,10,5,0,0,0,18,200,0,5,0,200,200,200,200,200
361546,0,10,0,0,200,200,2,0,0,200,0,0,200,2,200,200,200,200,200,200,200
361548,0,30,0,0,0,1,7,2,0,0,0,16,16,2,200,200,1,200,200,200,200
361548,1,30,0,0,0,1,7,2,0,0,0,16,16,1,6,1,200,200,200,200,200
361549,0,30,1,2,0,1,10,2,0,0,0,18,11,0,6,200,3,0,0,200,200
361549,0,30,1,2,0,1,10,2,0,0,0,18,11,0,9,200,0,0,0,200,200
361552,0,30,1,2,0,1,8,5,0,0,0,21,4,0,7,0,1,0,0,200,200
361552,4,30,1,2,0,1,8,5,0,0,0,21,4,0,200,200,0,200,200,200,200
361562,0,30,2,2,4,0,14,5,0,200,200,0,0,2,200,200,1,200,200,200,200
361562,0,30,2,2,4,0,14,5,0,200,200,0,0,1,6,200,0,200,0,200,200
361569,0,30,2,2,200,200,9,5,0,200,200,0,200,2,200,200,200,200,200,200,200
361569,5,30,2,2,200,200,9,5,0,200,200,0,200,0,200,7,200,200,200,200,200
361571,0,30,2,2,0,1,0,2,0,0,0,17,0,0,200,200,1,200,200,200,200
361571,0,30,2,2,0,1,0,2,0,0,0,17,0,1,6,0,0,1,0,200,200
361587,0,20,0,0,0,1,7,6,0,0,0,0,0,2,200,200,200,200,200,200,200
361591,0,30,1,2,200,1,12,6,0,200,200,0,0,2,200,200,2,200,200,200,200
361591,0,30,1,2,200,1,12,6,0,200,200,0,0,1,6,200,0,200,0,200,200
361606,0,30,0,0,0,1,12,2,0,0,0,17,17,0,200,200,200,200,200,200,200
361606,0,30,0,0,0,1,12,2,0,0,0,17,17,0,5,0,0,0,0,200,200
361609,0,25,0,0,0,1,7,5,0,0,0,33,200,0,6,0,12,12,0,200,200
361617,0,30,2,2,0,1,14,2,2,0,0,23,8,0,5,0,7,0,0,200,200
361617,0,30,2,2,0,1,14,2,2,0,0,23,8,1,5,0,0,0,0,200,200
361624,0,25,0,0,0,1,7,5,0,0,0,0,0,0,9,0,1,0,0,200,200
361626,0,20,0,0,0,1,7,7,0,0,0,0,0,2,200,200,200,200,200,200,200
361630,0,15,0,0,0,1,0,0,0,0,0,8,200,0,200,200,6,200,200,200,200
361630,0,15,0,0,0,1,0,0,0,0,0,8,200,0,6,200,0,0,0,200,200
361633,0,30,2,2,0,1,0,5,0,0,0,0,0,0,7,0,1,0,0,200,200
361633,0,30,2,2,0,1,0,5,0,0,0,0,0,0,5,0,0,0,0,200,200
361640,0,15,0,0,0,1,14,7,0,0,0,0,0,1,5,200,7,200,0,200,200
361640,0,15,0,0,0,1,14,7,0,0,0,0,0,0,6,200,200,200,0,200,200
361642,0,20,0,0,0,1,10,7,0,0,200,0,200,1,6,200,6,12,200,200,200
361642,0,20,0,0,0,1,10,7,0,0,200,0,200,0,6,0,0,0,0,200,200
361642,1,20,0,0,0,1,10,7,0,0,200,0,200,0,1,5,200,200,200,200,200
361642,1,20,0,0,0,1,10,7,0,0,200,0,200,0,0,5,200,200,200,200,200
361644,4,30,0,0,0,1,8,5,0,1,0,17,0,0,6,200,0,0,0,200,200
361644,1,30,0,0,0,1,8,5,0,1,0,17,0,0,7,0,200,200,200,200,200
361655,0,30,0,0,0,1,7,2,0,0,0,0,200,2,200,200,200,200,200,200,200
361673,0,30,0,0,0,1,12,2,0,0,0,17,16,1,6,0,1,0,0,200,200
361673,0,30,0,0,0,1,12,2,0,0,0,17,16,0,7,0,0,0,0,200,200
361677,0,30,2,2,0,1,8,5,0,0,4,17,7,1,7,200,12,200,0,200,200
361677,4,30,2,2,0,1,8,5,0,0,4,17,7,0,200,200,12,200,0,200,200
361677,1,30,2,2,0,1,8,5,0,0,4,17,7,0,200,200,200,200,200,200,200
361684,0,30,1,2,0,1,12,5,0,0,0,16,200,0,6,0,1,0,0,200,200
361684,0,30,1,2,0,1,12,5,0,0,0,16,200,0,6,0,0,0,0,200,200
361684,1,30,1,2,0,1,12,5,0,0,0,16,200,1,6,0,200,200,200,200,200