RD_NO,PERSON_TYPE,POSTED_SPEED_LIMIT,TRAFFIC_CONTROL_DEVICE,DEVICE_CONDITION,WEATHER_CONDITION,LIGHTING_CONDITION,FIRST_CRASH_TYPE,TRAFFICWAY_TYPE,ALIGNMENT,ROADWAY_SURFACE_COND,ROAD_DEFECT,PRIM_CONTRIBUTORY_CAUSE,SEC_CONTRIBUTORY_CAUSE,SEX,AGE,SAFETY_EQUIPMENT,DRIVER_ACTION,DRIVER_VISION,PHYSICAL_CONDITION,BAC_RESULT VALUE,CELL_PHONE_USE
361685,0,30,2,2,0,1,0,2,0,0,0,0,17,1,6,0,200,0,0,200,200
361685,0,30,2,2,0,1,0,2,0,0,0,0,17,0,6,0,200,0,0,200,200
361688,0,30,0,0,0,1,11,5,0,0,0,0,0,0,5,0,6,12,0,200,200
361688,0,30,0,0,0,1,11,5,0,0,0,0,0,0,5,0,0,0,0,200,200
361689,0,30,1,1,0,1,10,2,0,0,0,0,0,1,6,0,0,0,0,200,200
361689,0,30,1,1,0,1,10,2,0,0,0,0,0,0,6,0,3,0,0,200,200
361690,0,30,0,0,0,1,14,5,0,0,0,23,200,1,5,200,7,0,0,200,200
361690,0,30,0,0,0,1,14,5,0,0,0,23,200,0,6,200,0,0,0,200,200
361690,1,30,0,0,0,1,14,5,0,0,0,23,200,0,200,5,200,200,200,200,200
361693,0,30,1,2,0,1,0,5,0,0,0,0,0,0,7,200,200,200,0,200,200
361693,0,30,1,2,0,1,0,5,0,0,0,0,0,1,6,200,200,200,0,200,200
361695,0,30,0,0,0,1,7,7,0,0,0,200,200,0,5,7,0,200,200,200,200
361696,0,20,0,0,0,1,7,5,0,0,0,0,0,0,7,0,11,0,0,200,200
361701,0,30,1,2,0,1,10,2,0,0,0,16,6,0,4,200,5,0,0,200,200
361701,0,30,1,2,0,1,10,2,0,0,0,16,6,0,200,200,0,0,0,200,200
361701,0,30,1,2,0,1,10,2,0,0,0,16,6,0,7,200,0,0,0,200,200
361711,0,15,0,0,200,200,7,5,0,200,0,0,0,2,200,200,200,200,200,200,200
361712,0,20,0,0,0,1,10,7,0,0,0,200,200,1,200,200,12,200,200,200,200
361712,0,20,0,0,0,1,10,7,0,0,0,200,200,0,200,0,0,0,0,200,200
361720,0,10,0,0,0,1,10,7,0,200,200,18,200,0,5,200,200,0,0,200,200
361720,0,10,0,0,0,1,10,7,0,200,200,18,200,1,6,200,0,0,0,200,200
361732,0,30,0,0,0,1,7,5,0,0,0,200,200,2,200,200,200,200,200,200,200
361734,0,30,0,0,0,1,10,7,0,0,0,200,200,0,200,200,0,200,200,200,200
361734,0,30,0,0,0,1,10,7,0,0,0,200,200,1,6,0,0,0,0,200,200
361734,1,30,0,0,0,1,10,7,0,0,0,200,200,1,200,0,200,200,200,200,200
361735,1,30,0,0,0,1,11,5,0,0,0,20,17,1,6,0,200,200,200,200,200
361735,1,30,0,0,0,1,11,5,0,0,0,20,17,0,4,0,200,200,200,200,200
361735,0,30,0,0,0,1,11,5,0,0,0,20,17,1,5,0,6,0,0,200,200
361735,0,30,0,0,0,1,11,5,0,0,0,20,17,0,5,0,200,0,0,200,200
361736,0,30,0,0,0,3,7,5,0,0,0,0,200,2,200,200,200,200,200,200,200
361746,0,35,0,0,0,1,7,5,0,0,0,0,0,2,200,200,0,200,200,200,200
361747,0,30,0,0,0,3,2,5,0,0,0,0,0,2,200,200,200,200,200,200,200
361748,0,30,1,200,0,1,12,5,0,0,0,25,25,0,200,200,200,200,200,200,200
361748,0,30,1,200,0,1,12,5,0,0,0,25,25,0,5,200,0,0,0,200,200
361751,0,30,0,0,0,1,10,7,0,0,0,20,0,0,6,0,6,200,0,200,200
361751,0,30,0,0,0,1,10,7,0,0,0,20,0,1,5,0,0,200,0,200,200
361757,0,30,0,0,0,1,7,7,0,0,0,200,200,0,4,0,0,0,0,200,200
361757,1,30,0,0,0,1,7,7,0,0,0,200,200,0,200,0,200,200,200,200,200
361757,1,30,0,0,0,1,7,7,0,0,0,200,200,1,200,0,200,200,200,200,200
361757,1,30,0,0,0,1,7,7,0,0,0,200,200,0,200,0,200,200,200,200,200
361761,0,30,0,0,0,1,10,5,0,0,200,0,0,0,6,0,200,200,200,200,200
361761,0,30,0,0,0,1,10,5,0,0,200,0,0,1,7,0,0,200,200,200,200
361767,0,30,1,2,0,1,11,5,0,0,0,0,0,0,7,0,0,0,0,200,200
361767,0,30,1,2,0,1,11,5,0,0,0,0,0,0,7,0,0,0,0,200,200
361770,0,35,0,0,200,1,10,5,0,0,0,0,200,1,200,0,0,200,0,200,200
361770,0,35,0,0,200,1,10,5,0,0,0,0,200,1,200,0,200,200,0,200,200
361776,0,30,1,2,0,1,10,5,0,0,0,18,200,1,200,200,3,200,200,200,1
361776,0,30,1,2,0,1,10,5,0,0,0,18,200,0,6,0,0,0,0,200,200
361776,1,30,1,2,0,1,10,5,0,0,0,18,200,1,6,0,200,200,200,200,200
361776,1,30,1,2,0,1,10,5,0,0,0,18,200,1,2,0,200,200,200,200,200
361782,0,30,0,0,200,200,2,7,0,200,0,4,0,2,200,200,12,200,200,200,200
361784,0,30,0,0,0,0,7,5,0,0,0,0,200,2,200,200,200,200,200,200,200
361790,0,30,0,0,0,1,12,5,0,0,0,200,200,0,5,200,0,0,0,200,200
361790,0,30,0,0,0,1,12,5,0,0,0,200,200,1,5,0,0,0,0,200,200
361790,1,30,0,0,0,1,12,5,0,0,0,200,200,0,200,0,200,200,200,200,200
361790,1,30,0,0,0,1,12,5,0,0,0,200,200,1,200,0,200,200,200,200,200
361790,1,30,0,0,0,1,12,5,0,0,0,200,200,0,200,0,200,200,200,200,200
361791,0,35,2,0,0,1,0,5,0,0,0,17,200,0,5,0,1,0,200,200,200
361791,0,35,2,0,0,1,0,5,0,0,0,17,200,0,0,0,0,0,0,200,200
361791,0,35,2,0,0,1,0,5,0,0,0,17,200,2,200,200,12,200,200,200,200
361791,1,35,2,0,0,1,0,5,0,0,0,17,200,2,200,200,200,200,200,200,200
361796,0,30,0,0,0,1,12,5,0,0,0,200,200,0,7,0,12,0,0,200,200
361796,0,30,0,0,0,1,12,5,0,0,0,200,200,0,9,0,0,0,0,200,200
361800,0,30,0,0,0,1,7,7,0,0,0,7,200,0,6,0,200,0,0,200,200
361801,0,30,1,2,0,1,10,2,0,0,0,18,0,0,200,200,200,200,200,200,200
361801,0,30,1,2,0,1,10,2,0,0,0,18,0,0,7,0,0,0,0,200,200
361801,1,30,1,2,0,1,10,2,0,0,0,18,0,0,200,200,200,200,200,200,200
361802,0,15,0,0,0,1,5,0,0,0,0,200,200,0,6,0,12,0,0,200,200
361810,4,30,0,0,0,1,8,5,0,0,0,35,200,0,200,200,200,200,200,200,200
361810,0,30,0,0,0,1,8,5,0,0,0,35,200,0,8,0,0,0,0,200,200
361814,0,30,1,2,0,1,10,2,0,0,0,18,200,0,6,0,3,0,0,200,200
361814,0,30,1,2,0,1,10,2,0,0,0,18,200,1,7,0,0,0,0,200,200
361820,0,30,0,0,200,200,7,5,0,200,200,0,0,2,200,200,200,200,200,200,200
361825,0,30,2,1,0,1,12,5,0,0,200,0,200,0,5,200,4,200,200,200,200
361825,0,30,2,1,0,1,12,5,0,0,200,0,200,1,9,0,0,200,0,200,200
361830,0,0,0,0,0,1,10,7,0,0,0,0,0,2,200,200,10,200,200,200,200
361830,0,0,0,0,0,1,10,7,0,0,0,0,0,0,5,200,0,0,0,200,200
361831,0,30,0,0,0,1,12,5,0,0,0,0,0,1,4,0,0,0,0,200,200
361831,0,30,0,0,0,1,12,5,0,0,0,0,0,0,7,0,0,0,0,200,200
361831,1,30,0,0,0,1,12,5,0,0,0,0,0,0,0,5,200,200,200,200,200
361833,0,30,0,0,0,1,12,5,0,0,0,0,0,1,3,200,1,0,0,200,200
361833,0,30,0,0,0,1,12,5,0,0,0,0,0,0,7,0,0,0,0,200,200
361834,0,30,2,2,0,3,14,12,0,0,0,0,0,1,200,200,200,0,0,200,200
361834,0,30,2,2,0,3,14,12,0,0,0,0,0,0,200,0,0,0,0,200,200
361837,0,30,0,0,0,1,12,5,0,0,0,21,200,0,200,200,4,200,200,200,200
361837,0,30,0,0,0,1,12,5,0,0,0,21,200,0,5,0,0,0,0,200,200
361841,0,30,2,2,0,1,10,2,0,0,0,20,0,0,6,200,6,200,0,200,200
361841,0,30,2,2,0,1,10,2,0,0,0,20,0,1,6,200,0,0,0,200,200
361842,0,30,2,2,0,1,0,5,0,0,0,200,200,0,7,0,0,0,0,200,200
361842,0,30,2,2,0,1,0,5,0,0,0,200,200,0,7,0,0,0,0,200,200
361843,0,30,1,2,0,1,14,5,0,0,0,17,0,1,9,0,1,0,0,200,200
361843,0,30,1,2,0,1,14,5,0,0,0,17,0,0,7,0,0,0,0,200,200
361847,5,25,0,0,0,1,9,5,0,0,0,0,200,0,6,200,200,0,0,200,200
361847,0,25,0,0,0,1,9,5,0,0,0,0,200,0,5,0,0,0,0,200,200
361853,0,10,0,0,0,4,7,7,0,0,200,0,200,1,7,200,10,200,200,200,200
361854,0,30,0,0,0,3,7,5,0,0,0,0,0,2,200,200,200,200,200,200,200
361866,0,35,0,0,0,1,12,5,0,0,0,22,23,0,5,0,0,0,0,200,200
361866,0,35,0,0,0,1,12,5,0,0,0,22,23,0,5,200,7,0,0,200,200
361866,1,35,0,0,0,1,12,5,0,0,0,22,23,1,5,200,200,200,200,200,200
361866,1,35,0,0,0,1,12,5,0,0,0,22,23,1,0,200,200,200,200,200,200
361866,1,35,0,0,0,1,12,5,0,0,0,22,23,1,0,200,200,200,200,200,200
361872,0,30,1,2,0,1,14,2,0,0,0,23,16,0,6,200,7,200,0,200,200
361872,0,30,1,2,0,1,14,2,0,0,0,23,16,0,5,200,200,200,0,200,200
361872,1,30,1,2,0,1,14,2,0,0,0,23,16,0,6,200,200,200,200,200,200
361873,0,30,0,0,0,1,12,5,0,0,0,22,200,2,200,200,2,200,200,200,200
361873,0,30,0,0,0,1,12,5,0,0,0,22,200,0,7,0,0,0,0,200,200
361876,0,25,0,0,0,1,10,5,0,0,0,18,200,0,200,200,3,200,200,200,200
361876,0,25,0,0,0,1,10,5,0,0,0,18,200,1,9,0,0,0,0,200,200
361876,1,25,0,0,0,1,10,5,0,0,0,18,200,0,7,0,200,200,200,200,200
361876,1,25,0,0,0,1,10,5,0,0,0,18,200,0,6,0,200,200,200,200,200
361881,0,35,1,2,0,1,14,1,0,0,0,23,17,0,5,0,7,0,0,200,200
361881,0,35,1,2,0,1,14,1,0,0,0,23,17,1,7,0,0,0,0,200,200
361882,0,30,1,200,0,1,0,2,0,0,0,0,0,1,5,200,1,200,200,200,200
361882,0,30,1,200,0,1,0,2,0,0,0,0,0,1,7,0,0,200,0,200,200
361884,0,30,1,2,0,1,14,5,0,0,0,22,21,0,0,0,200,0,0,200,200
361884,0,30,1,2,0,1,14,5,0,0,0,22,21,1,6,0,200,0,0,200,200
361884,1,30,1,2,0,1,14,5,0,0,0,22,21,1,2,0,200,200,200,200,200
361884,1,30,1,2,0,1,14,5,0,0,0,22,21,1,2,0,200,200,200,200,200
361887,0,35,0,0,0,1,10,7,0,0,0,20,20,0,5,200,6,0,0,200,200
361887,0,35,0,0,0,1,10,7,0,0,0,20,20,0,5,200,0,0,0,200,0
361890,0,30,1,2,0,1,14,2,0,0,0,0,0,1,4,0,200,0,0,200,200
361890,0,30,1,2,0,1,14,2,0,0,0,0,0,1,6,0,200,0,0,200,200
361903,0,30,1,2,0,1,10,5,0,0,0,0,200,0,200,200,12,0,0,200,200
361903,0,30,1,2,0,1,10,5,0,0,0,0,200,0,5,200,0,0,0,200,200
361905,0,30,0,0,200,200,7,6,0,200,200,0,200,2,200,200,200,200,200,200,200
361913,0,30,1,2,0,1,10,5,0,0,0,0,200,0,5,200,200,0,0,200,200
361913,0,30,1,2,0,1,10,5,0,0,0,0,200,1,6,200,0,0,0,200,200
361913,1,30,1,2,0,1,10,5,0,0,0,0,200,0,200,200,200,200,200,200,200
361913,1,30,1,2,0,1,10,5,0,0,0,0,200,0,200,5,200,200,200,200,200
361914,0,30,9,0,0,1,14,6,0,0,0,18,200,1,200,200,3,200,200,200,200
361914,0,30,9,0,0,1,14,6,0,0,0,18,200,0,8,0,0,0,0,200,200
361926,0,30,1,2,0,1,12,6,0,0,0,21,200,1,6,0,4,0,0,200,200
361926,0,30,1,2,0,1,12,6,0,0,0,21,200,0,6,0,0,0,0,200,200
361930,0,30,0,0,0,1,12,5,0,0,200,22,0,1,200,200,4,0,0,200,200
361930,0,30,0,0,0,1,12,5,0,0,200,22,0,1,8,0,0,0,0,200,200
361931,0,30,1,2,0,1,12,3,0,0,0,0,0,0,200,200,200,200,200,200,200
361931,0,30,1,2,0,1,12,3,0,0,0,0,0,1,200,0,200,0,0,200,200
361932,0,30,1,2,0,1,12,2,0,0,0,0,16,0,7,0,4,0,0,200,200
361932,0,30,1,2,0,1,12,2,0,0,0,0,16,1,5,0,0,0,0,200,200
361937,0,30,0,0,0,1,7,5,0,0,0,0,200,0,6,0,200,0,0,200,200
361939,0,30,1,2,0,1,12,5,0,0,0,200,200,1,5,0,200,0,0,200,200
361939,0,30,1,2,0,1,12,5,0,0,0,200,200,0,6,0,0,0,200,200,200
361939,1,30,1,2,0,1,12,5,0,0,0,200,200,1,200,0,200,200,200,200,200
361940,0,30,2,2,0,1,10,5,0,0,0,18,18,1,9,0,3,0,0,200,200
361940,0,30,2,2,0,1,10,5,0,0,0,18,18,0,200,0,0,0,0,200,200
361946,0,30,0,0,0,1,7,7,0,0,200,0,0,2,200,200,200,200,200,200,200
361947,0,30,0,0,0,1,10,5,0,0,0,18,200,0,5,200,3,0,0,200,200
361947,0,30,0,0,0,1,10,5,0,0,0,18,200,0,7,0,0,0,0,200,200
361950,0,30,1,2,0,1,10,5,0,0,0,200,200,0,200,200,12,200,0,200,200
361950,0,30,1,2,0,1,10,5,0,0,0,200,200,1,200,0,0,0,0,200,200
361951,0,30,2,2,0,1,0,5,0,0,200,17,200,0,5,0,0,200,0,200,200
361951,0,30,2,2,0,1,0,5,0,0,200,17,200,0,6,0,1,200,0,200,200
361951,1,30,2,2,0,1,0,5,0,0,200,17,200,1,0,5,200,200,200,200,200
361954,0,30,1,2,0,1,12,1,0,0,0,0,0,0,200,200,200,200,200,200,200
361954,0,30,1,2,0,1,12,1,0,0,0,0,0,0,6,0,0,0,0,200,200
361963,0,30,200,200,0,1,12,5,0,0,0,17,200,1,6,200,1,200,0,200,200
361963,0,30,200,200,0,1,12,5,0,0,0,17,200,1,6,200,0,200,0,200,200
361965,0,35,0,0,0,1,7,5,0,0,0,0,200,2,200,200,200,200,200,200,200
361967,0,30,1,2,0,1,12,6,0,0,0,21,200,0,200,200,4,200,200,200,200
361967,0,30,1,2,0,1,12,6,0,0,0,21,200,0,6,0,0,0,0,200,200
361968,0,10,0,0,0,1,7,7,0,0,0,0,0,1,200,200,12,0,0,200,200
361969,0,0,0,0,0,1,12,2,0,0,0,17,200,1,7,0,1,0,0,200,200
361969,0,0,0,0,0,1,12,2,0,0,0,17,200,0,7,0,0,0,0,200,200
361975,0,10,0,0,0,1,2,7,0,200,200,0,200,0,8,200,0,0,0,200,200
361976,0,30,1,2,0,1,10,5,0,0,0,18,200,0,200,0,3,200,200,200,200
361976,0,30,1,2,0,1,10,5,0,0,0,18,200,1,7,0,0,0,0,200,200
361977,0,30,0,0,200,200,7,2,0,200,0,0,200,0,200,200,200,200,200,200,200
361980,0,30,2,2,0,1,0,5,0,0,0,17,33,1,5,0,1,1,0,200,200
361980,0,30,2,2,0,1,0,5,0,0,0,17,33,1,8,0,0,1,0,200,200
361980,1,30,2,2,0,1,0,5,0,0,0,17,33,1,7,0,200,200,200,200,200
361980,1,30,2,2,0,1,0,5,0,0,0,17,33,0,6,0,200,200,200,200,200
361981,0,30,0,0,0,1,7,6,0,0,0,200,200,2,200,200,200,200,200,200,200
361982,0,30,0,0,0,1,11,5,0,0,0,0,200,0,6,0,200,200,0,200,200
361982,0,30,0,0,0,1,11,5,0,0,0,0,200,1,7,0,200,0,0,200,200
361985,0,30,0,0,0,1,7,2,0,0,0,0,200,1,8,200,12,0,0,200,200
361992,0,30,0,0,0,1,7,3,0,0,0,20,200,0,200,200,6,200,200,200,200
361992,1,30,0,0,0,1,7,3,0,0,0,20,200,0,6,0,200,200,200,200,200
361992,1,30,0,0,0,1,7,3,0,0,0,20,200,0,200,200,200,200,200,200,200
361994,0,5,0,0,0,1,2,7,0,0,0,0,200,1,7,0,0,0,0,200,200
361995,0,30,0,0,0,1,10,5,0,0,0,18,200,1,4,200,3,0,0,200,200
361995,0,30,0,0,0,1,10,5,0,0,0,18,200,0,7,7,0,0,0,200,200
361995,1,30,0,0,0,1,10,5,0,0,0,18,200,0,200,200,200,200,200,200,200
361996,0,30,1,2,0,1,14,2,0,0,0,17,200,1,9,200,1,200,200,200,200
361996,0,30,1,2,0,1,14,2,0,0,0,17,200,0,6,200,200,200,200,200,200
361997,0,30,1,2,0,1,10,5,0,0,0,18,18,0,6,0,1,0,0,200,200
361997,0,30,1,2,0,1,10,5,0,0,0,18,18,0,7,0,0,0,0,200,200
362004,0,30,0,0,200,200,12,5,0,200,200,0,200,0,200,200,200,200,200,200,200
362004,0,30,0,0,200,200,12,5,0,200,200,0,200,1,8,0,0,0,0,200,200
362011,0,30,1,2,0,1,10,2,0,0,0,16,0,0,9,0,3,0,0,200,200
362011,0,30,1,2,0,1,10,2,0,0,0,16,0,1,7,0,0,0,0,200,200
362013,0,25,0,0,200,1,7,6,0,0,0,0,0,2,200,200,200,200,200,200,200
362014,0,35,1,2,0,1,10,2,0,0,0,6,7,0,6,200,5,200,0,200,200
362014,0,35,1,2,0,1,10,2,0,0,0,6,7,1,5,200,0,200,0,200,200
362016,0,30,0,0,0,1,7,5,0,0,0,200,200,0,9,0,12,0,0,200,200
362016,1,30,0,0,0,1,7,5,0,0,0,200,200,1,200,0,200,200,200,200,200
362019,0,30,0,0,0,4,14,5,0,0,0,200,200,0,5,0,0,0,0,200,200
362019,0,30,0,0,0,4,14,5,0,0,0,200,200,0,6,0,0,0,0,200,200
362019,1,30,0,0,0,4,14,5,0,0,0,200,200,1,200,0,200,200,200,200,200
362019,1,30,0,0,0,4,14,5,0,0,0,200,200,1,200,0,200,200,200,200,200
362021,0,30,1,2,0,1,7,3,0,0,0,0,0,0,6,200,200,200,200,200,200
362022,0,30,0,0,0,1,14,2,0,0,0,23,21,0,5,0,7,0,0,200,200
362022,0,30,0,0,0,1,14,2,0,0,0,23,21,0,5,0,0,0,0,200,200
362023,0,40,0,0,0,1,10,3,0,0,0,18,16,0,7,0,3,0,0,200,200
362023,0,40,0,0,0,1,10,3,0,0,0,18,16,0,6,0,0,0,0,200,200
362023,1,40,0,0,0,1,10,3,0,0,0,18,16,1,3,0,200,200,200,200,200
362025,0,15,0,0,0,1,7,6,0,0,0,11,0,0,200,200,200,200,200,200,200
362033,0,25,0,0,0,3,7,6,0,1,0,0,200,2,200,200,200,200,200,200,200
362038,0,20,2,2,0,1,0,6,0,0,0,5,200,2,200,200,12,200,200,200,200
362038,0,20,2,2,0,1,0,6,0,0,0,5,200,1,5,0,0,0,0,200,200
362045,0,35,0,0,0,1,10,5,0,0,0,9,200,1,5,0,15,0,0,200,200
362045,0,35,0,0,0,1,10,5,0,0,0,9,200,0,7,200,0,0,200,200,200
362050,0,30,1,2,0,1,10,5,0,0,0,18,18,0,8,0,3,0,0,200,200
362050,0,30,1,2,0,1,10,5,0,0,0,18,18,0,9,0,0,0,0,200,200
362055,0,0,200,200,0,1,12,2,0,0,0,0,0,0,6,200,200,200,0,200,200
362055,0,0,200,200,0,1,12,2,0,0,0,0,0,0,6,200,200,200,0,200,200
362058,0,45,0,0,0,1,10,3,0,0,0,0,0,0,6,0,3,0,0,200,200
362058,0,45,0,0,0,1,10,3,0,0,0,0,0,0,6,0,0,0,0,200,200
362059,0,30,0,0,0,1,10,2,0,0,0,11,0,0,6,200,3,200,0,200,200
362059,0,30,0,0,0,1,10,2,0,0,0,11,0,0,6,200,0,0,0,200,200
362059,0,30,0,0,0,1,10,2,0,0,0,11,0,0,8,200,0,0,0,200,200
362059,1,30,0,0,0,1,10,2,0,0,0,11,0,1,6,200,200,200,200,200,200
362062,0,30,2,2,0,1,0,5,0,0,0,17,0,2,200,200,200,200,200,200,200
362062,0,30,2,2,0,1,0,5,0,0,0,17,0,1,7,0,0,0,0,200,200
362063,0,15,0,0,0,1,2,0,0,0,0,20,200,0,200,200,6,200,200,200,200
362063,3,15,0,0,0,1,2,0,0,0,0,20,200,1,8,7,0,200,0,200,200
362072,0,30,1,200,0,1,14,5,0,0,200,0,0,1,5,0,200,200,200,200,200
362072,0,30,1,200,0,1,14,5,0,0,200,0,0,1,5,0,0,200,200,200,200
362072,1,30,1,200,0,1,14,5,0,0,200,0,0,0,200,0,200,200,200,200,200
362074,0,30,0,0,0,1,9,2,0,0,0,0,0,2,200,200,200,200,200,200,200
362074,5,30,0,0,0,1,9,2,0,0,0,0,0,0,7,7,200,0,0,200,200
362077,0,30,0,0,0,1,10,5,0,0,0,18,16,0,5,200,3,200,0,200,200
362077,0,30,0,0,0,1,10,5,0,0,0,18,16,1,6,0,0,0,0,200,200
362079,0,30,0,0,0,1,4,5,0,0,0,200,200,1,6,0,0,0,0,200,200
362079,1,30,0,0,0,1,4,5,0,0,0,200,200,0,200,0,200,200,200,200,200
362081,0,30,0,0,0,1,14,5,0,0,0,23,200,0,200,200,7,200,200,200,200
362081,0,30,0,0,0,1,14,5,0,0,0,23,200,1,5,0,0,0,0,200,200
362081,1,30,0,0,0,1,14,5,0,0,0,23,200,0,200,200,200,200,200,200,200
362081,1,30,0,0,0,1,14,5,0,0,0,23,200,0,200,200,200,200,200,200,200
362085,0,30,1,2,0,1,12,2,0,0,0,21,200,0,5,200,4,200,0,200,200
362085,0,30,1,2,0,1,12,2,0,0,0,21,200,1,5,200,0,200,0,200,200
362086,0,30,1,2,0,1,10,5,0,0,0,0,200,0,5,200,0,0,0,200,200
362086,0,30,1,2,0,1,10,5,0,0,0,0,200,1,6,200,0,0,0,200,200
362086,1,30,1,2,0,1,10,5,0,0,0,0,200,2,200,200,200,200,200,200,200
362086,1,30,1,2,0,1,10,5,0,0,0,0,200,2,200,200,200,200,200,200,200
362086,1,30,1,2,0,1,10,5,0,0,0,0,200,0,200,200,200,200,200,200,200
362086,1,30,1,2,0,1,10,5,0,0,0,0,200,1,200,200,200,200,200,200,200
362086,1,30,1,2,0,1,10,5,0,0,0,0,200,0,200,200,200,200,200,200,200
362093,0,30,12,0,0,1,9,5,0,0,0,0,200,1,6,0,12,0,0,200,200
362093,5,30,12,0,0,1,9,5,0,0,0,0,200,0,3,2,200,200,0,200,200
362096,0,30,1,200,0,1,10,5,0,0,0,200,200,1,0,0,200,0,0,200,200
362096,0,30,1,200,0,1,10,5,0,0,0,200,200,0,7,0,0,0,0,200,200
362098,0,30,0,0,0,1,10,5,0,0,0,18,0,1,5,0,3,0,0,200,200
362098,0,30,0,0,0,1,10,5,0,0,0,18,0,0,6,0,0,0,0,200,200
362098,1,30,0,0,0,1,10,5,0,0,0,18,0,1,5,0,200,200,200,200,200
362098,1,30,0,0,0,1,10,5,0,0,0,18,0,1,4,0,200,200,200,200,200
362100,0,35,200,200,200,200,7,6,0,200,200,0,0,2,200,200,200,200,200,200,200
362110,0,25,2,12,0,1,0,5,0,0,0,0,200,0,5,0,0,1,0,200,200
362110,0,25,2,12,0,1,0,5,0,0,0,0,200,1,6,0,2,1,0,200,200
362110,1,25,2,12,0,1,0,5,0,0,0,0,200,1,7,0,200,200,200,200,200
362112,0,30,1,2,0,1,14,5,0,0,0,23,200,0,5,0,7,0,0,200,200
362112,0,30,1,2,0,1,14,5,0,0,0,23,200,0,6,0,0,0,0,200,200
362126,0,30,1,2,2,1,10,5,0,1,0,16,0,1,7,200,3,200,200,200,200
362126,0,30,1,2,2,1,10,5,0,1,0,16,0,0,6,200,0,200,200,200,200
362127,0,30,2,0,0,1,14,5,0,0,0,200,200,1,6,200,0,200,200,200,200
362127,0,30,2,0,0,1,14,5,0,0,0,200,200,0,4,0,0,0,0,200,200
362127,1,30,2,0,0,1,14,5,0,0,0,200,200,0,200,0,200,200,200,200,200
362127,1,30,2,0,0,1,14,5,0,0,0,200,200,0,200,200,200,200,200,200,200
362129,0,30,0,0,0,1,12,5,0,0,0,17,16,0,6,200,1,200,0,200,200
362129,0,30,0,0,0,1,12,5,0,0,0,17,16,1,6,0,0,0,0,200,200
362130,0,30,2,2,0,1,14,2,0,0,0,18,18,0,7,0,3,0,0,200,200
362130,0,30,2,2,0,1,14,2,0,0,0,18,18,1,6,0,12,0,0,200,200
362132,0,35,0,0,0,1,0,200,2,0,0,33,0,0,6,200,12,12,0,200,200
362132,0,35,0,0,0,1,0,200,2,0,0,33,0,0,7,0,0,0,0,200,200
362138,0,30,1,2,0,1,10,5,0,0,200,18,0,0,200,200,3,0,0,200,200
362138,0,30,1,2,0,1,10,5,0,0,200,18,0,0,6,0,0,0,0,200,200
362140,0,30,0,0,0,0,12,5,0,0,0,22,200,0,5,200,2,200,200,200,200
362140,0,30,0,0,0,0,12,5,0,0,0,22,200,0,5,0,0,0,0,200,200
362142,0,30,2,2,0,3,0,6,0,0,0,0,200,0,200,200,6,200,200,200,200
362142,0,30,2,2,0,3,0,6,0,0,0,0,200,0,6,200,0,0,0,200,200
362142,1,30,2,2,0,3,0,6,0,0,0,0,200,0,200,200,200,200,200,200,200
362142,1,30,2,2,0,3,0,6,0,0,0,0,200,1,200,200,200,200,200,200,200
362142,1,30,2,2,0,3,0,6,0,0,0,0,200,200,200,200,200,200,200,200,200
362142,1,30,2,2,0,3,0,6,0,0,0,0,200,2,200,200,200,200,200,200,200
362143,0,30,0,0,0,1,12,5,0,0,200,21,200,0,6,0,0,0,0,200,200
362143,0,30,0,0,0,1,12,5,0,0,200,21,200,1,200,200,200,200,200,200,200
362144,0,30,0,0,0,1,7,6,0,0,0,11,16,0,5,200,200,0,0,200,200
362151,0,35,0,0,0,1,10,5,0,0,0,16,200,1,6,200,1,200,200,200,200
362151,0,35,0,0,0,1,10,5,0,0,0,16,200,1,6,200,0,200,200,200,200
362155,0,30,0,0,0,1,14,5,0,0,0,23,200,0,200,200,7,200,200,200,200
362155,0,30,0,0,0,1,14,5,0,0,0,23,200,1,6,0,0,0,0,200,200
362161,0,30,1,2,0,1,10,2,0,0,0,0,200,1,6,200,1,0,0,200,200
362161,0,30,1,2,0,1,10,2,0,0,0,0,200,2,200,200,0,200,200,200,200
362165,0,30,0,0,0,1,12,2,0,0,200,0,0,0,7,0,2,200,0,200,200
362165,0,30,0,0,0,1,12,2,0,0,200,0,0,0,6,200,0,200,200,200,200
362168,0,25,0,0,0,1,7,0,0,0,0,11,200,1,8,200,2,3,0,200,200
362173,0,30,0,200,0,1,10,5,0,0,0,200,200,0,200,200,200,200,200,200,200
362173,0,30,0,200,0,1,10,5,0,0,0,200,200,0,200,0,0,0,0,200,200
362180,0,30,0,0,200,1,7,200,0,200,200,17,200,2,200,200,1,200,200,200,200
362184,0,30,0,0,0,1,10,5,0,0,0,18,16,0,7,0,3,0,0,200,200
362184,0,30,0,0,0,1,10,5,0,0,0,18,16,0,7,200,0,200,0,200,200
362184,1,30,0,0,0,1,10,5,0,0,0,18,16,1,200,200,200,200,200,200,200
362188,0,30,0,0,0,0,7,6,0,0,0,200,200,2,200,200,200,200,200,200,200