RD_NO,PERSON_TYPE,POSTED_SPEED_LIMIT,TRAFFIC_CONTROL_DEVICE,DEVICE_CONDITION,WEATHER_CONDITION,LIGHTING_CONDITION,FIRST_CRASH_TYPE,TRAFFICWAY_TYPE,ALIGNMENT,ROADWAY_SURFACE_COND,ROAD_DEFECT,PRIM_CONTRIBUTORY_CAUSE,SEC_CONTRIBUTORY_CAUSE,SEX,AGE,SAFETY_EQUIPMENT,DRIVER_ACTION,DRIVER_VISION,PHYSICAL_CONDITION,BAC_RESULT VALUE,CELL_PHONE_USE
362193,0,30,0,0,200,1,7,6,0,200,200,0,200,2,200,200,200,200,200,200,200
362198,0,25,0,0,0,1,10,5,0,0,0,7,11,1,6,200,200,12,0,200,200
362198,0,25,0,0,0,1,10,5,0,0,0,7,11,1,8,0,0,0,0,200,200
362201,0,30,200,200,0,1,10,6,0,0,0,0,200,1,5,0,3,200,0,200,200
362201,0,30,200,200,0,1,10,6,0,0,0,0,200,1,6,0,0,200,0,200,200
362202,0,25,5,200,0,1,9,5,0,0,200,14,0,2,200,200,200,200,200,200,200
362202,5,25,5,200,0,1,9,5,0,0,200,14,0,0,3,7,0,200,0,200,200
362204,0,30,0,0,0,1,12,5,0,0,200,0,200,0,200,200,200,200,200,200,200
362204,0,30,0,0,0,1,12,5,0,0,200,0,200,0,5,200,0,200,0,200,200
362205,4,30,2,2,0,1,8,5,0,0,0,5,200,0,200,200,5,0,200,200,200
362205,0,30,2,2,0,1,8,5,0,0,0,5,200,1,5,200,0,0,0,200,200
362214,0,30,0,0,0,1,7,5,0,0,0,8,200,0,6,0,12,0,0,200,200
362214,1,30,0,0,0,1,7,5,0,0,0,8,200,1,200,0,200,200,200,200,200
362217,0,30,1,2,0,1,10,3,0,0,0,0,0,1,200,200,1,200,200,200,200
362217,0,30,1,2,0,1,10,3,0,0,0,0,0,0,6,0,0,0,0,200,200
362217,1,30,1,2,0,1,10,3,0,0,0,0,0,1,200,7,200,200,200,200,200
362219,0,30,1,2,0,1,10,2,0,0,0,18,0,0,7,0,3,0,0,200,200
362219,0,30,1,2,0,1,10,2,0,0,0,18,0,0,5,0,200,0,0,200,200
362219,0,30,1,2,0,1,10,2,0,0,0,18,0,0,9,0,200,0,0,200,200
362224,0,35,0,0,0,1,10,2,0,0,0,18,0,0,6,0,3,0,0,200,200
362224,0,35,0,0,0,1,10,2,0,0,0,18,0,0,7,0,0,0,0,200,200
362230,3,0,0,0,0,1,2,0,0,0,0,0,200,0,7,200,200,200,200,200,200
362230,0,0,0,0,0,1,2,0,0,0,0,0,200,1,7,200,12,0,0,200,200
362231,0,15,0,0,0,1,9,0,0,0,0,200,200,2,200,200,200,200,200,200,200
362231,5,15,0,0,0,1,9,0,0,0,0,200,200,0,7,7,12,12,5,200,200
362232,0,30,1,2,0,1,10,2,0,0,0,18,200,0,4,200,1,0,0,200,200
362232,0,30,1,2,0,1,10,2,0,0,0,18,200,0,6,200,200,0,0,200,200
362232,0,30,1,2,0,1,10,2,0,0,0,18,200,1,5,200,3,0,0,200,200
362241,0,30,0,0,0,1,12,5,0,0,200,0,0,0,7,0,200,0,0,200,200
362241,0,30,0,0,0,1,12,5,0,0,200,0,0,0,8,0,200,0,0,200,200
362241,1,30,0,0,0,1,12,5,0,0,200,0,0,1,7,0,200,200,200,200,200
362244,0,30,0,0,0,1,0,5,0,0,0,17,200,1,5,200,1,200,0,200,200
362244,0,30,0,0,0,1,0,5,0,0,0,17,200,0,7,0,0,0,0,200,200
362246,0,35,1,200,0,1,10,2,0,0,0,0,200,1,5,0,4,200,0,200,200
362246,0,35,1,200,0,1,10,2,0,0,0,0,200,0,7,0,200,200,0,200,200
362255,0,30,1,2,0,1,10,2,0,0,0,16,18,1,5,0,3,0,0,200,200
362255,0,30,1,2,0,1,10,2,0,0,0,16,18,1,6,200,0,0,0,200,200
362255,1,30,1,2,0,1,10,2,0,0,0,16,18,2,200,200,200,200,200,200,200
362255,1,30,1,2,0,1,10,2,0,0,0,16,18,2,200,200,200,200,200,200,200
362255,1,30,1,2,0,1,10,2,0,0,0,16,18,2,200,200,200,200,200,200,200
362256,0,30,1,2,0,1,10,5,0,0,0,18,200,1,7,0,3,0,0,200,200
362256,0,30,1,2,0,1,10,5,0,0,0,18,200,0,7,0,0,0,0,200,200
362262,0,30,1,2,0,1,14,5,0,0,0,16,14,0,200,200,5,200,200,200,200
362262,0,30,1,2,0,1,14,5,0,0,0,16,14,0,8,0,0,0,0,200,200
362262,1,30,1,2,0,1,14,5,0,0,0,16,14,0,7,0,200,200,200,200,200
362265,0,30,1,2,0,1,10,5,0,0,0,0,0,0,200,200,3,200,200,200,200
362265,0,30,1,2,0,1,10,5,0,0,0,0,0,0,5,200,0,0,0,200,200
362266,0,30,2,2,0,1,8,5,0,0,200,17,200,1,6,0,1,0,0,200,200
362266,4,30,2,2,0,1,8,5,0,0,200,17,200,1,7,3,0,200,0,200,200
362275,0,35,3,0,0,1,14,1,0,0,0,23,17,0,8,0,7,1,0,200,200
362275,0,35,3,0,0,1,14,1,0,0,0,23,17,1,6,0,0,0,0,200,200
362276,0,30,1,2,0,1,14,2,0,0,0,18,0,0,7,200,3,0,0,200,200
362276,0,30,1,2,0,1,14,2,0,0,0,18,0,0,6,0,0,0,0,200,200
362280,0,25,0,0,0,1,10,2,0,0,0,18,0,0,6,0,0,0,0,200,200
362280,0,25,0,0,0,1,10,2,0,0,0,18,0,1,200,200,0,200,200,200,200
362284,0,30,0,0,0,1,14,0,0,0,0,0,0,0,200,200,12,0,0,200,200
362284,0,30,0,0,0,1,14,0,0,0,0,0,0,0,200,200,0,0,0,200,200
362284,1,30,0,0,0,1,14,0,0,0,0,0,0,1,200,200,200,200,200,200,200
362292,0,30,0,2,0,1,2,5,0,0,0,13,200,0,200,0,14,0,0,200,200
362292,1,30,0,2,0,1,2,5,0,0,0,13,200,0,200,0,200,200,200,200,200
362295,0,30,1,2,0,1,0,5,0,0,0,17,200,2,200,200,200,200,200,200,200
362295,0,30,1,2,0,1,0,5,0,0,0,17,200,1,8,0,0,0,0,200,200
362295,1,30,1,2,0,1,0,5,0,0,0,17,200,200,6,0,200,200,200,200,200
362302,0,30,3,2,0,1,12,2,0,0,0,0,0,1,200,200,200,200,200,200,200
362302,0,30,3,2,0,1,12,2,0,0,0,0,0,1,7,0,200,0,0,200,200
362302,1,30,3,2,0,1,12,2,0,0,0,0,0,2,200,200,200,200,200,200,200
362304,0,30,0,0,0,1,14,6,0,0,0,200,200,1,200,200,0,200,200,200,200
362304,0,30,0,0,0,1,14,6,0,0,0,200,200,0,6,0,0,0,0,200,200
362305,0,30,1,200,0,1,10,5,0,200,200,18,200,1,200,200,1,200,200,200,200
362305,0,30,1,200,0,1,10,5,0,200,200,18,200,0,7,200,0,0,0,200,200
362312,0,20,1,2,2,1,8,7,0,1,0,17,200,0,200,200,1,200,200,200,200
362312,4,20,1,2,2,1,8,7,0,1,0,17,200,1,5,3,0,0,0,200,200
362335,0,30,2,2,0,1,8,6,0,0,0,17,5,0,6,0,1,0,0,200,200
362335,4,30,2,2,0,1,8,6,0,0,0,17,5,0,3,3,0,0,0,200,200
362344,0,30,0,0,0,1,2,5,0,0,0,12,200,0,6,0,200,0,0,200,200
362350,0,30,0,0,0,1,7,6,0,0,0,0,200,2,200,200,200,200,200,200,200
362352,0,30,0,0,0,1,12,5,0,0,0,22,200,0,200,200,2,200,200,200,200
362352,0,30,0,0,0,1,12,5,0,0,0,22,200,0,5,0,0,0,0,200,200
362357,0,35,0,0,0,1,14,2,0,0,0,23,23,0,6,200,7,0,0,200,200
362357,0,35,0,0,0,1,14,2,0,0,0,23,23,0,6,0,0,0,0,200,200
362365,0,30,0,0,0,1,11,5,0,0,0,0,200,0,200,200,1,200,200,200,200
362365,0,30,0,0,0,1,11,5,0,0,0,0,200,0,5,1,0,0,0,200,200
362365,1,30,0,0,0,1,11,5,0,0,0,0,200,0,200,200,200,200,200,200,200
362365,1,30,0,0,0,1,11,5,0,0,0,0,200,0,200,0,200,200,200,200,200
362366,0,30,0,0,0,1,0,5,0,0,0,22,22,2,200,200,2,200,200,200,200
362366,0,30,0,0,0,1,0,5,0,0,0,22,22,0,6,0,0,0,0,200,200
362366,1,30,0,0,0,1,0,5,0,0,0,22,22,1,5,0,200,200,200,200,200
362374,0,30,0,0,0,1,7,6,0,0,0,0,0,2,200,200,200,200,200,200,200
362382,0,30,0,0,0,1,10,5,0,0,0,200,200,2,200,200,200,200,200,200,200
362382,0,30,0,0,0,1,10,5,0,0,0,200,200,0,200,0,0,0,0,200,200
362384,0,35,1,2,0,1,10,200,0,0,0,18,200,0,200,200,3,200,200,200,200
362384,0,35,1,2,0,1,10,200,0,0,0,18,200,1,6,0,0,0,0,200,200
362385,0,30,0,0,0,1,8,5,0,0,0,0,0,0,5,0,12,0,0,200,200
362385,4,30,0,0,0,1,8,5,0,0,0,0,0,0,6,3,0,0,0,200,200
362387,0,25,0,0,0,1,12,5,0,0,0,17,23,1,7,200,1,200,0,200,200
362387,0,25,0,0,0,1,12,5,0,0,0,17,23,1,7,200,0,200,0,200,200
362392,0,25,0,0,0,1,7,6,0,0,0,0,200,0,5,0,200,0,0,200,200
362403,0,30,2,2,0,3,9,6,0,200,200,0,0,2,200,200,200,200,200,200,200
362403,5,30,2,2,0,3,9,6,0,200,200,0,0,0,5,200,0,200,7,200,200
362412,5,30,1,2,0,3,9,5,0,0,0,200,200,0,5,7,200,0,0,200,200
362412,0,30,1,2,0,3,9,5,0,0,0,200,200,1,5,0,12,0,0,200,200
362426,0,30,0,0,0,3,12,6,0,0,200,17,0,0,8,0,1,0,0,200,200
362426,0,30,0,0,0,3,12,6,0,0,200,17,0,0,6,0,0,0,0,200,200
362431,0,5,12,2,0,3,2,3,0,0,0,0,16,0,6,200,12,200,4,200,200
362434,0,30,0,0,0,4,8,5,0,0,0,22,11,2,200,200,200,200,200,200,200
362434,4,30,0,0,0,4,8,5,0,0,0,22,11,0,6,7,200,200,5,200,200
362450,0,30,0,0,0,1,7,6,0,0,0,23,25,2,200,200,8,200,200,200,200
362452,0,20,0,0,0,3,12,2,0,0,0,22,22,1,6,200,2,200,200,200,200
362452,0,20,0,0,0,3,12,2,0,0,0,22,22,1,5,200,12,0,0,200,200
362452,1,20,0,0,0,3,12,2,0,0,0,22,22,1,1,0,200,200,200,200,200
362452,1,20,0,0,0,3,12,2,0,0,0,22,22,1,6,0,200,200,200,200,200
362452,1,20,0,0,0,3,12,2,0,0,0,22,22,1,5,0,200,200,200,200,200
362452,1,20,0,0,0,3,12,2,0,0,0,22,22,1,2,0,200,200,200,200,200
362455,4,30,1,2,0,3,8,5,0,0,0,6,0,0,6,7,5,0,0,200,200
362455,0,30,1,2,0,3,8,5,0,0,0,6,0,0,7,0,0,0,0,200,200
362455,1,30,1,2,0,3,8,5,0,0,0,6,0,1,6,0,200,200,200,200,200
362478,4,35,0,0,0,1,8,6,0,0,0,21,200,0,200,200,12,200,200,200,200
362478,0,35,0,0,0,1,8,6,0,0,0,21,200,1,6,0,0,0,0,200,200
362485,0,30,0,0,0,4,2,8,2,0,0,8,8,1,6,0,0,0,0,200,200
362486,0,30,0,0,0,1,7,6,0,0,0,0,0,2,200,200,200,200,200,200,200
362489,0,30,2,2,0,1,4,5,2,0,0,0,0,0,7,2,200,200,0,200,200
362509,0,45,1,2,0,3,0,2,0,0,0,16,16,2,200,200,200,200,200,200,200
362509,0,45,1,2,0,3,0,2,0,0,0,16,16,0,6,0,0,0,0,200,200
362512,0,30,0,0,0,3,7,2,0,0,0,0,0,0,200,200,200,200,200,200,200
362513,0,30,0,0,0,3,7,6,0,0,0,20,16,2,200,200,6,200,200,200,200
362514,0,30,0,0,0,1,2,7,0,0,0,21,200,0,200,200,200,200,200,200,200
362527,0,30,0,0,0,3,11,5,0,0,200,0,0,0,200,200,200,200,200,200,200
362527,0,30,0,0,0,3,11,5,0,0,200,0,0,0,6,200,0,0,0,200,200
362537,0,30,1,2,0,4,12,12,0,0,0,9,200,1,5,200,4,200,200,200,200
362537,0,30,1,2,0,4,12,12,0,0,0,9,200,0,5,0,0,0,0,200,200
362537,1,30,1,2,0,4,12,12,0,0,0,9,200,1,5,0,200,200,200,200,200
362537,1,30,1,2,0,4,12,12,0,0,0,9,200,0,0,5,200,200,200,200,200
362537,1,30,1,2,0,4,12,12,0,0,0,9,200,200,1,5,200,200,200,200,200
362543,0,30,1,2,0,0,12,5,0,0,0,0,0,1,200,200,200,200,200,200,200
362543,0,30,1,2,0,0,12,5,0,0,0,0,0,1,7,0,0,0,0,200,200
362544,0,30,1,2,0,3,0,1,0,0,0,6,16,0,4,0,5,0,0,200,200
362544,0,30,1,2,0,3,0,1,0,0,0,6,16,0,4,0,0,0,0,200,200
362554,0,35,1,2,0,3,14,5,0,0,200,6,17,0,6,0,0,0,0,200,200
362554,0,35,1,2,0,3,14,5,0,0,200,6,17,0,6,200,5,200,200,200,200
362559,0,30,0,0,0,3,7,7,0,0,0,11,200,0,6,0,12,0,0,200,200
362564,0,30,200,0,0,3,4,5,0,0,0,0,0,0,200,200,12,200,200,200,200
362590,0,15,0,0,0,3,2,0,0,0,0,16,11,0,5,200,1,0,0,200,200
362592,0,25,2,0,0,3,14,1,0,0,0,17,14,1,4,0,1,0,0,200,200
362592,0,25,2,0,0,3,14,1,0,0,0,17,14,0,5,0,0,0,0,200,200
362592,1,25,2,0,0,3,14,1,0,0,0,17,14,0,4,0,200,200,200,200,200
362610,0,30,0,0,0,3,7,5,0,0,0,0,0,2,200,200,200,200,200,200,200
362610,1,30,0,0,0,3,7,5,0,0,0,0,0,0,7,200,200,200,200,200,200
362622,0,15,0,0,0,3,2,0,0,0,200,200,0,1,6,200,12,0,0,200,200
362634,0,30,1,2,0,3,10,5,0,0,0,18,6,1,6,200,3,0,0,200,200
362634,0,30,1,2,0,3,10,5,0,0,0,18,6,0,200,200,0,0,0,200,200
362634,1,30,1,2,0,3,10,5,0,0,0,18,6,1,200,200,200,200,200,200,200
362683,0,30,0,0,0,3,7,6,0,0,0,32,27,0,6,200,1,200,3,200,200
362687,0,25,0,0,0,3,7,6,0,0,0,8,10,0,4,0,0,200,0,200,200
362696,0,15,0,0,0,3,7,6,0,0,0,0,200,2,200,200,200,200,200,200,200
362697,0,30,0,0,0,200,7,6,0,0,200,32,200,1,5,200,12,200,5,200,200
362697,1,30,0,0,0,200,7,6,0,0,200,32,200,1,4,200,200,200,200,200,200
362716,0,30,1,2,0,3,0,1,0,0,0,6,200,1,6,0,5,0,0,200,200
362716,0,30,1,2,0,3,0,1,0,0,0,6,200,0,6,200,0,0,0,200,200
362725,0,30,1,2,0,1,10,5,0,0,0,18,0,0,200,200,3,200,200,200,200
362725,0,30,1,2,0,1,10,5,0,0,0,18,0,0,6,0,0,0,0,200,200
362726,0,30,0,12,0,2,2,3,0,0,0,10,16,2,200,200,200,200,200,200,200
362728,0,30,1,2,0,1,0,2,0,0,0,22,200,0,6,0,12,0,0,200,200
362728,0,30,1,2,0,1,0,2,0,0,0,22,200,0,6,0,4,0,0,200,200
362728,1,30,1,2,0,1,0,2,0,0,0,22,200,1,6,0,200,200,200,200,200
362730,0,30,1,2,0,1,7,3,0,0,0,28,200,0,7,0,12,0,0,200,200
362732,0,30,0,200,0,1,14,5,0,0,0,23,0,0,7,0,0,0,0,200,200
362732,0,30,0,200,0,1,14,5,0,0,0,23,0,2,200,200,7,200,200,200,200
362733,0,0,1,2,0,200,12,12,0,0,0,0,200,2,200,200,200,200,200,200,200
362733,0,0,1,2,0,200,12,12,0,0,0,0,200,1,7,200,0,0,0,200,200
362736,0,20,0,0,0,1,7,5,0,0,0,0,0,0,6,0,200,200,2,200,200
362744,0,25,0,0,0,2,7,2,0,0,0,7,0,1,6,0,12,0,0,200,200
362745,0,20,0,0,0,200,7,5,0,0,0,0,200,2,200,200,200,200,200,200,200
362751,0,20,0,0,0,3,7,6,0,0,0,0,200,2,200,200,200,200,200,200,200
362756,0,10,0,0,0,1,2,4,0,0,0,11,0,0,5,200,12,0,0,200,200
362758,0,35,0,0,0,1,12,6,0,0,0,22,18,1,200,200,4,200,200,200,200
362758,0,35,0,0,0,1,12,6,0,0,0,22,18,1,5,200,0,0,0,200,200
362763,0,30,0,0,0,1,12,2,0,0,0,17,20,0,5,0,1,0,0,200,200
362763,0,30,0,0,0,1,12,2,0,0,0,17,20,0,6,0,0,0,0,200,200
362763,1,30,0,0,0,1,12,2,0,0,0,17,20,1,5,0,200,200,200,200,200
362780,0,30,2,2,0,1,12,5,0,0,0,22,21,1,5,200,4,0,0,200,200
362780,0,30,2,2,0,1,12,5,0,0,0,22,21,1,6,0,0,0,0,200,200
362782,0,30,2,2,0,1,10,2,0,0,0,18,200,0,200,200,3,200,200,200,200
362782,0,30,2,2,0,1,10,2,0,0,0,18,200,1,7,200,0,200,0,200,200
362791,0,30,2,2,0,1,0,5,0,0,0,0,5,0,6,0,200,0,0,200,200
362791,0,30,2,2,0,1,0,5,0,0,0,0,5,0,6,0,200,0,0,200,200
362801,0,30,0,0,0,1,7,2,0,0,0,0,0,1,200,200,200,200,200,200,200
362804,0,30,0,0,0,1,10,5,0,0,0,0,0,0,200,200,3,200,200,200,200
362804,0,30,0,0,0,1,10,5,0,0,0,0,0,1,6,0,0,0,0,200,200
362807,0,30,1,2,0,1,14,12,0,0,0,6,16,0,7,200,5,0,0,200,200
362807,0,30,1,2,0,1,14,12,0,0,0,6,16,0,6,0,0,0,0,200,200
362810,0,30,0,0,0,1,2,2,0,0,0,8,27,2,200,200,200,200,200,200,200
362810,1,30,0,0,0,1,2,2,0,0,0,8,27,0,5,1,200,200,200,200,200
362822,0,30,1,2,0,1,12,2,0,0,0,23,21,0,6,200,4,0,0,200,200
362822,0,30,1,2,0,1,12,2,0,0,0,23,21,0,6,200,0,0,0,200,200
362823,0,30,0,0,0,1,12,3,0,0,0,17,17,0,6,200,1,0,0,200,200
362823,0,30,0,0,0,1,12,3,0,0,0,17,17,0,7,0,0,0,0,200,200
362824,0,30,0,0,0,1,12,3,0,0,0,0,200,0,6,200,12,200,0,200,200
362824,0,30,0,0,0,1,12,3,0,0,0,0,200,0,7,200,200,200,0,200,200
362825,0,30,0,0,0,3,7,6,0,0,0,0,0,2,200,200,200,200,200,200,200
362827,0,30,0,0,0,1,0,5,0,0,0,0,0,0,6,0,3,0,0,200,200
362827,0,30,0,0,0,1,0,5,0,0,0,0,0,0,5,0,0,0,0,200,200
362827,1,30,0,0,0,1,0,5,0,0,0,0,0,1,200,0,200,200,200,200,200
362827,1,30,0,0,0,1,0,5,0,0,0,0,0,1,200,7,200,200,200,200,200
362827,1,30,0,0,0,1,0,5,0,0,0,0,0,1,200,7,200,200,200,200,200
362832,0,30,0,0,200,0,2,6,0,200,0,14,16,2,200,200,8,200,200,200,200
362832,3,30,0,0,200,0,2,6,0,200,0,14,16,2,200,200,200,200,200,200,200
362837,0,20,0,0,0,1,12,6,0,0,0,0,22,1,7,0,10,0,0,200,200
362837,0,20,0,0,0,1,12,6,0,0,0,0,22,1,6,200,12,200,200,200,200
362840,0,30,1,2,0,1,10,5,0,0,0,18,6,0,6,0,3,0,0,200,200
362840,0,30,1,2,0,1,10,5,0,0,0,18,6,0,200,200,0,200,200,200,200
362849,0,30,0,0,0,1,12,2,0,0,0,0,200,0,200,0,0,0,0,200,200
362849,0,30,0,0,0,1,12,2,0,0,0,0,200,1,7,0,0,0,0,200,200
362854,0,30,1,2,0,1,10,5,0,0,0,18,200,1,7,200,3,200,200,200,200
362854,0,30,1,2,0,1,10,5,0,0,0,18,200,1,6,0,0,0,0,200,200
362855,0,30,0,0,0,1,8,5,0,0,0,17,200,0,6,200,1,0,0,200,200
362855,4,30,0,0,0,1,8,5,0,0,0,17,200,0,6,3,0,0,0,200,200
362864,0,25,2,2,0,1,7,5,0,0,0,28,200,0,7,0,200,0,0,200,200
362865,0,25,0,0,0,1,7,5,0,0,0,0,200,0,5,0,12,0,0,200,200
362868,0,30,0,0,0,1,14,5,0,0,0,0,200,0,7,0,12,5,0,200,200
362868,0,30,0,0,0,1,14,5,0,0,0,0,200,0,8,0,12,0,0,200,200
362869,0,30,1,2,2,1,10,5,0,1,0,0,0,0,6,200,200,0,0,200,200
362869,0,30,1,2,2,1,10,5,0,1,0,0,0,0,5,200,200,0,0,200,200
362869,1,30,1,2,2,1,10,5,0,1,0,0,0,0,4,200,200,200,200,200,200
362869,1,30,1,2,2,1,10,5,0,1,0,0,0,0,200,200,200,200,200,200,200
362880,0,30,1,2,0,1,9,5,0,0,0,17,200,0,5,0,1,0,0,200,200
362880,5,30,1,2,0,1,9,5,0,0,0,17,200,1,7,7,0,200,7,200,200
362881,0,30,0,0,0,1,0,6,0,0,0,16,22,0,6,0,2,0,0,200,200
362881,0,30,0,0,0,1,0,6,0,0,0,16,22,0,6,0,0,0,0,200,200
362881,1,30,0,0,0,1,0,6,0,0,0,16,22,0,4,0,200,200,200,200,200
362882,0,30,2,2,0,1,10,6,0,0,0,0,200,1,6,200,200,200,0,200,200
362882,0,30,2,2,0,1,10,6,0,0,0,0,200,1,6,0,0,0,0,200,200
362885,0,25,2,2,0,1,7,5,0,0,0,200,200,0,6,0,12,0,0,200,200
362885,1,25,2,2,0,1,7,5,0,0,0,200,200,0,200,0,200,200,200,200,200
362887,0,30,12,200,0,1,12,2,0,0,200,0,0,0,6,200,200,200,200,200,200
362887,0,30,12,200,0,1,12,2,0,0,200,0,0,0,6,0,0,200,0,200,200
362890,0,30,1,2,0,1,10,2,0,0,0,18,200,0,5,0,0,0,0,200,200
362890,0,30,1,2,0,1,10,2,0,0,0,18,200,1,200,200,0,200,200,200,200
362903,0,30,0,0,0,1,12,5,0,0,0,21,22,0,7,0,12,0,0,200,200
362903,0,30,0,0,0,1,12,5,0,0,0,21,22,1,7,0,0,0,0,200,200
362904,0,35,0,0,0,1,12,5,0,0,0,0,0,1,8,0,0,0,0,200,200
362904,0,35,0,0,0,1,12,5,0,0,0,0,0,0,6,0,0,0,0,200,200
362904,1,35,0,0,0,1,12,5,0,0,0,0,0,1,8,0,200,200,200,200,200
362907,0,20,0,0,0,3,5,7,0,0,0,0,200,0,6,0,0,0,0,200,200
362913,0,40,3,2,0,1,12,3,0,0,0,11,11,0,6,0,4,0,0,200,200
362913,0,40,3,2,0,1,12,3,0,0,0,11,11,0,6,0,0,0,0,200,200
362913,1,40,3,2,0,1,12,3,0,0,0,11,11,0,200,0,200,200,200,200,200
362915,0,30,0,0,0,1,10,5,0,0,0,18,0,0,6,0,3,0,0,200,200
362915,0,30,0,0,0,1,10,5,0,0,0,18,0,0,5,0,0,0,0,200,200
362915,1,30,0,0,0,1,10,5,0,0,0,18,0,1,5,0,200,200,200,200,200
362917,0,30,0,0,0,3,7,6,0,0,0,0,0,2,200,200,200,200,200,200,200
362919,0,30,1,2,0,1,10,2,0,0,0,18,11,0,200,200,3,200,200,200,200
362919,0,30,1,2,0,1,10,2,0,0,0,18,11,0,6,7,0,0,0,200,200
362920,0,30,1,2,0,1,14,5,0,0,0,23,0,0,5,0,7,0,0,200,200
362920,0,30,1,2,0,1,14,5,0,0,0,23,0,0,6,0,12,0,0,200,200
362923,4,30,1,2,0,1,8,2,0,0,0,17,6,0,6,2,12,0,5,200,200
362923,0,30,1,2,0,1,8,2,0,0,0,17,6,0,6,0,0,0,0,200,200
362925,0,30,1,200,0,1,12,5,0,0,0,17,28,1,6,200,1,200,0,200,200
362925,0,30,1,200,0,1,12,5,0,0,0,17,28,0,7,200,0,200,0,200,200
362927,0,30,1,2,0,1,9,5,0,0,0,25,0,0,200,200,6,200,200,200,200
362927,5,30,1,2,0,1,9,5,0,0,0,25,0,1,7,200,200,200,200,200,200
362928,0,30,200,200,0,1,7,5,0,0,0,16,0,0,8,0,12,200,12,200,200
362936,0,30,0,3,0,1,12,5,0,0,0,0,200,0,5,200,12,0,0,200,200
362936,0,30,0,3,0,1,12,5,0,0,0,0,200,0,6,0,200,0,0,200,200
362940,0,15,0,0,0,1,7,7,0,0,0,20,200,1,200,7,6,0,0,200,200
362957,0,25,1,2,0,1,12,5,0,0,0,18,200,0,5,0,3,0,0,200,200
362957,0,25,1,2,0,1,12,5,0,0,0,18,200,0,5,0,0,0,0,200,200
362957,1,25,1,2,0,1,12,5,0,0,0,18,200,1,5,0,200,200,200,200,200
362960,0,30,0,0,0,1,10,2,0,0,0,0,0,0,5,0,0,0,0,200,200
362960,0,30,0,0,0,1,10,2,0,0,0,0,0,1,6,0,0,0,0,200,200
362964,0,30,0,0,2,3,4,2,0,1,1,200,200,0,5,0,0,0,0,200,200
362964,1,30,0,0,2,3,4,2,0,1,1,200,200,1,5,0,200,200,200,200,200
362964,1,30,0,0,2,3,4,2,0,1,1,200,200,0,5,0,200,200,200,200,200
362965,0,40,1,2,0,1,10,3,0,0,0,33,200,0,9,0,12,0,0,200,200
362965,0,40,1,2,0,1,10,3,0,0,0,33,200,0,5,0,0,0,0,200,200
362968,0,15,0,0,0,1,0,7,0,0,0,0,0,1,200,200,200,200,200,200,200
362968,0,15,0,0,0,1,0,7,0,0,0,0,0,0,9,0,200,0,0,200,200
362970,0,30,1,2,0,1,10,5,0,0,0,11,0,1,7,0,0,0,0,200,200
362970,0,30,1,2,0,1,10,5,0,0,0,11,0,0,7,200,3,0,0,200,200
362973,0,20,0,0,200,0,7,5,0,200,0,0,0,2,200,200,200,200,200,200,200
362985,0,20,0,0,0,1,7,7,0,2,200,200,200,2,200,200,200,200,200,200,200
362988,0,30,0,0,0,1,7,6,0,0,0,23,200,0,6,0,7,0,0,200,200
362988,1,30,0,0,0,1,7,6,0,0,0,23,200,0,8,7,200,200,200,200,200
362989,0,20,2,2,0,1,2,5,0,0,0,17,0,1,5,200,1,0,0,200,200
362991,0,20,1,2,0,1,14,5,0,0,0,22,11,1,5,0,2,0,0,200,200
362991,0,20,1,2,0,1,14,5,0,0,0,22,11,0,8,0,0,0,0,200,200
363000,0,30,1,2,0,1,2,5,0,0,0,200,200,1,9,0,1,1,0,200,200
363000,0,30,1,2,0,1,2,5,0,0,0,200,200,0,6,0,0,0,0,200,200
363002,0,10,0,0,0,1,12,12,0,0,0,0,0,1,6,0,200,0,0,200,200
363002,0,10,0,0,0,1,12,12,0,0,0,0,0,0,4,0,200,0,0,200,200
363004,0,30,0,0,0,1,2,7,0,0,0,0,200,0,6,0,12,0,0,200,200
363005,0,30,200,200,0,1,7,6,0,0,0,200,200,1,6,200,12,0,0,200,200
363006,0,15,0,0,0,1,2,5,0,0,0,11,0,0,7,0,6,0,0,200,200
363008,0,30,0,0,0,1,14,12,3,0,0,23,200,1,5,200,7,0,0,200,200
363008,0,30,0,0,0,1,14,12,3,0,0,23,200,1,5,0,0,0,0,200,200
363011,0,30,0,0,0,1,10,200,0,0,0,18,20,1,200,200,200,200,200,200,200
363011,0,30,0,0,0,1,10,200,0,0,0,18,20,1,7,0,200,200,0,200,200
363011,1,30,0,0,0,1,10,200,0,0,0,18,20,0,9,0,200,200,200,200,200
363013,0,30,0,0,200,3,14,2,0,200,200,0,0,0,200,200,200,200,200,200,200
363013,0,30,0,0,200,3,14,2,0,200,200,0,0,1,5,0,0,0,0,200,200
363014,0,20,0,0,0,3,5,0,0,0,0,0,200,2,200,200,200,200,200,200,200
363016,0,15,10,2,0,1,7,7,0,0,0,0,200,1,200,200,200,200,200,200,200
363016,1,15,10,2,0,1,7,7,0,0,0,0,200,0,200,200,200,200,200,200,200
363022,0,25,0,0,0,1,12,5,0,0,0,17,200,0,200,200,1,200,200,200,200
363022,0,25,0,0,0,1,12,5,0,0,0,17,200,0,7,0,0,0,0,200,200
363035,0,30,0,0,0,1,12,5,0,0,0,21,200,0,5,200,12,200,0,200,200
363035,0,30,0,0,0,1,12,5,0,0,0,21,200,0,7,0,12,200,0,200,0