RD_NO,PERSON_TYPE,POSTED_SPEED_LIMIT,TRAFFIC_CONTROL_DEVICE,DEVICE_CONDITION,WEATHER_CONDITION,LIGHTING_CONDITION,FIRST_CRASH_TYPE,TRAFFICWAY_TYPE,ALIGNMENT,ROADWAY_SURFACE_COND,ROAD_DEFECT,PRIM_CONTRIBUTORY_CAUSE,SEC_CONTRIBUTORY_CAUSE,SEX,AGE,SAFETY_EQUIPMENT,DRIVER_ACTION,DRIVER_VISION,PHYSICAL_CONDITION,BAC_RESULT VALUE,CELL_PHONE_USE
363038,0,30,0,0,200,1,7,6,0,200,0,0,0,2,200,200,200,200,200,200,200
363039,0,0,0,0,0,1,10,12,0,0,0,11,200,0,8,200,3,0,0,200,200
363039,0,0,0,0,0,1,10,12,0,0,0,11,200,0,7,200,0,0,0,200,200
363041,0,30,0,0,0,1,7,5,0,0,0,200,200,0,6,0,7,0,0,200,200
363053,0,30,2,2,0,1,0,12,0,0,200,33,200,0,8,0,1,5,0,200,200
363053,0,30,2,2,0,1,0,12,0,0,200,33,200,1,5,0,0,0,0,200,200
363055,0,10,0,0,0,1,7,7,0,0,0,20,200,1,6,0,6,0,0,200,200
363057,0,15,0,0,0,1,7,7,0,0,0,0,0,2,200,200,200,200,200,200,200
363058,0,30,0,0,0,1,10,5,0,0,0,0,0,1,6,200,200,0,0,200,200
363058,0,30,0,0,0,1,10,5,0,0,0,0,0,1,200,200,200,200,200,200,200
363058,1,30,0,0,0,1,10,5,0,0,0,0,0,1,1,5,200,200,200,200,200
363058,1,30,0,0,0,1,10,5,0,0,0,0,0,0,1,5,200,200,200,200,200
363065,0,30,0,0,0,1,7,5,0,0,0,7,200,1,6,200,12,12,0,200,200
363067,0,30,0,0,0,1,10,6,0,0,0,18,18,1,200,200,3,200,200,200,200
363067,0,30,0,0,0,1,10,6,0,0,0,18,18,0,7,0,0,0,0,200,200
363070,0,30,0,0,200,200,7,6,0,200,0,0,0,2,200,200,200,200,200,200,200
363072,0,30,1,2,0,1,12,5,0,0,0,18,17,1,5,0,3,0,0,200,200
363072,0,30,1,2,0,1,12,5,0,0,0,18,17,0,3,0,200,0,0,200,200
363072,1,30,1,2,0,1,12,5,0,0,0,18,17,0,200,0,200,200,200,200,200
363072,1,30,1,2,0,1,12,5,0,0,0,18,17,0,200,0,200,200,200,200,200
363076,0,15,0,0,0,3,0,7,0,0,0,20,0,1,6,0,1,0,0,200,200
363076,0,15,0,0,0,3,0,7,0,0,0,20,0,0,6,200,200,0,0,200,200
363081,0,30,2,2,0,1,10,3,0,0,12,0,16,0,200,200,200,200,200,200,200
363081,0,30,2,2,0,1,10,3,0,0,12,0,16,1,8,0,0,0,0,200,200
363081,0,30,2,2,0,1,10,3,0,0,12,0,16,0,6,200,0,0,0,200,200
363086,0,30,0,2,0,1,0,0,0,0,0,17,200,0,200,200,0,200,200,200,200
363086,0,30,0,2,0,1,0,0,0,0,0,17,200,1,5,0,0,0,0,200,200
363087,0,35,1,2,0,1,10,2,0,0,0,0,0,0,200,200,200,200,200,200,200
363087,0,35,1,2,0,1,10,2,0,0,0,0,0,0,5,0,0,0,0,200,200
363087,1,35,1,2,0,1,10,2,0,0,0,0,0,1,200,0,200,200,200,200,200
363094,0,30,1,2,0,1,12,2,0,0,0,0,200,1,200,200,0,200,200,200,200
363094,0,30,1,2,0,1,12,2,0,0,0,0,200,0,7,0,0,0,0,200,200
363101,0,30,7,200,0,1,10,2,0,200,200,7,200,0,7,200,1,200,0,200,200
363101,0,30,7,200,0,1,10,2,0,200,200,7,200,1,5,200,0,200,0,200,200
363107,0,25,0,0,0,1,2,6,0,0,0,0,0,0,6,0,0,0,0,200,200
363108,0,30,0,0,0,1,7,5,0,0,0,200,200,2,200,200,3,200,200,200,200
363113,0,30,2,2,0,1,14,5,0,0,0,20,7,0,6,0,6,0,0,200,200
363113,0,30,2,2,0,1,14,5,0,0,0,20,7,0,6,0,0,0,0,200,200
363116,0,30,0,0,0,1,0,12,0,0,0,20,200,0,6,200,6,200,0,200,200
363116,0,30,0,0,0,1,0,12,0,0,0,20,200,0,8,200,12,200,200,200,200
363135,0,30,2,2,0,1,14,6,0,0,0,0,0,0,200,200,1,200,200,200,200
363135,0,30,2,2,0,1,14,6,0,0,0,0,0,1,200,0,0,0,0,200,200
363141,0,30,0,0,0,1,12,3,0,0,0,17,200,1,8,0,1,0,0,200,200
363141,0,30,0,0,0,1,12,3,0,0,0,17,200,0,6,0,0,0,0,200,200
363144,0,30,1,2,0,1,0,5,0,0,0,6,6,1,7,0,5,0,0,200,200
363144,0,30,1,2,0,1,0,5,0,0,0,6,6,0,7,0,0,0,0,200,200
363144,1,30,1,2,0,1,0,5,0,0,0,6,6,1,3,0,200,200,200,200,200
363144,1,30,1,2,0,1,0,5,0,0,0,6,6,0,2,0,200,200,200,200,200
363144,1,30,1,2,0,1,0,5,0,0,0,6,6,0,2,0,200,200,200,200,200
363144,1,30,1,2,0,1,0,5,0,0,0,6,6,200,200,1,200,200,200,200,200
363144,1,30,1,2,0,1,0,5,0,0,0,6,6,200,200,1,200,200,200,200,200
363144,1,30,1,2,0,1,0,5,0,0,0,6,6,200,200,1,200,200,200,200,200
363144,1,30,1,2,0,1,0,5,0,0,0,6,6,200,200,1,200,200,200,200,200
363144,1,30,1,2,0,1,0,5,0,0,0,6,6,0,200,1,200,200,200,200,200
363145,0,30,1,2,0,1,12,6,0,0,0,0,0,0,6,0,0,0,0,200,200
363145,0,30,1,2,0,1,12,6,0,0,0,0,0,0,7,0,0,0,0,200,200
363145,1,30,1,2,0,1,12,6,0,0,0,0,0,1,200,200,200,200,200,200,200
363145,1,30,1,2,0,1,12,6,0,0,0,0,0,1,200,200,200,200,200,200,200
363145,1,30,1,2,0,1,12,6,0,0,0,0,0,1,200,200,200,200,200,200,200
363150,0,30,0,0,0,1,10,12,0,0,0,0,0,0,6,0,200,0,0,200,200
363150,0,30,0,0,0,1,10,12,0,0,0,0,0,1,5,0,200,0,0,200,200
363150,1,30,0,0,0,1,10,12,0,0,0,0,0,0,7,0,200,200,200,200,200
363150,1,30,0,0,0,1,10,12,0,0,0,0,0,1,5,0,200,200,200,200,200
363150,1,30,0,0,0,1,10,12,0,0,0,0,0,1,7,0,200,200,200,200,200
363155,0,15,0,0,0,1,5,7,0,0,0,20,200,0,7,0,6,0,0,200,200
363155,1,15,0,0,0,1,5,7,0,0,0,20,200,1,6,0,200,200,200,200,200
363159,0,30,200,200,0,1,14,5,0,0,200,21,16,0,5,0,1,200,0,200,200
363159,0,30,200,200,0,1,14,5,0,0,200,21,16,0,4,200,1,200,200,200,200
363166,0,35,0,0,0,1,0,5,0,0,0,0,200,0,200,200,0,200,200,200,200
363166,0,35,0,0,0,1,0,5,0,0,0,0,200,0,200,0,200,200,0,200,200
363167,0,40,200,200,200,1,14,5,0,200,200,17,23,1,5,200,7,200,200,200,200
363167,0,40,200,200,200,1,14,5,0,200,200,17,23,1,5,200,200,200,200,200,200
363168,0,15,0,0,0,1,7,7,0,0,0,20,0,0,6,200,6,200,2,200,200
363175,0,30,1,2,0,1,10,5,0,0,0,0,200,0,200,0,0,0,0,200,200
363175,0,30,1,2,0,1,10,5,0,0,0,0,200,1,6,0,0,0,0,200,200
363176,0,25,0,0,0,1,12,5,0,0,0,17,200,0,6,200,1,200,200,200,200
363176,0,25,0,0,0,1,12,5,0,0,0,17,200,1,6,0,12,0,0,200,200
363180,0,25,0,0,0,1,7,5,0,0,0,20,16,0,200,200,6,200,200,200,200
363180,1,25,0,0,0,1,7,5,0,0,0,20,16,0,7,200,200,200,200,200,200
363185,0,30,0,200,0,1,0,5,0,0,0,0,200,0,8,200,200,200,0,200,200
363185,0,30,0,200,0,1,0,5,0,0,0,0,200,1,6,200,200,200,0,200,200
363187,0,30,0,0,0,1,0,5,0,0,0,0,0,1,4,200,200,200,0,200,200
363187,0,30,0,0,0,1,0,5,0,0,0,0,0,0,8,0,200,0,0,200,200
363195,0,30,1,2,0,1,10,5,2,0,0,0,200,0,6,0,12,0,0,200,200
363195,0,30,1,2,0,1,10,5,2,0,0,0,200,0,7,0,0,0,0,200,200
363195,1,30,1,2,0,1,10,5,2,0,0,0,200,1,7,0,200,200,200,200,200
363198,0,30,0,0,0,1,7,5,0,0,0,0,0,1,7,0,200,0,7,200,200
363201,0,30,0,0,0,1,10,12,0,0,0,16,21,0,7,200,12,0,0,200,200
363201,0,30,0,0,0,1,10,12,0,0,0,16,21,0,5,1,0,0,0,200,200
363210,0,30,0,0,0,1,8,5,0,0,0,0,200,0,6,0,0,0,0,200,200
363210,4,30,0,0,0,1,8,5,0,0,0,0,200,0,5,3,0,0,0,200,200
363214,0,30,2,2,0,1,0,5,0,0,0,0,200,1,6,0,0,0,0,200,200
363214,0,30,2,2,0,1,0,5,0,0,0,0,200,0,6,0,0,0,0,200,200
363214,1,30,2,2,0,1,0,5,0,0,0,0,200,1,200,0,200,200,200,200,200
363215,0,30,0,0,0,1,12,2,0,0,0,0,0,0,7,0,200,0,0,200,200
363215,0,30,0,0,0,1,12,2,0,0,0,0,0,1,6,0,200,0,0,200,200
363215,1,30,0,0,0,1,12,2,0,0,0,0,0,200,200,200,200,200,200,200,200
363217,0,30,0,0,200,4,7,6,0,200,200,0,200,2,200,200,200,200,200,200,200
363221,0,35,1,2,0,1,14,3,0,0,0,23,0,0,7,200,7,0,0,200,200
363221,0,35,1,2,0,1,14,3,0,0,0,23,0,1,5,0,0,0,0,200,200
363221,1,35,1,2,0,1,14,3,0,0,0,23,0,0,5,0,200,200,200,200,200
363227,0,30,0,0,0,1,10,5,0,0,0,18,18,0,8,0,3,0,0,200,200
363227,0,30,0,0,0,1,10,5,0,0,0,18,18,0,7,0,0,0,0,200,200
363231,0,30,0,0,0,1,10,5,0,0,0,0,0,0,200,200,12,0,0,200,200
363231,0,30,0,0,0,1,10,5,0,0,0,0,0,1,200,200,0,0,0,200,200
363239,0,30,1,2,0,1,14,2,0,0,0,23,17,1,5,0,7,0,0,200,200
363239,0,30,1,2,0,1,14,2,0,0,0,23,17,0,5,0,0,0,0,200,200
363241,0,30,0,0,0,1,14,3,0,0,0,0,200,0,6,200,200,200,0,200,200
363241,0,30,0,0,0,1,14,3,0,0,0,0,200,0,6,200,0,200,0,200,200
363242,0,20,0,0,0,1,10,7,0,0,0,20,0,1,200,200,6,200,200,200,200
363242,0,20,0,0,0,1,10,7,0,0,0,20,0,1,8,0,0,0,0,200,200
363244,0,35,0,0,0,1,10,5,0,0,0,0,0,0,7,7,0,0,0,200,200
363244,0,35,0,0,0,1,10,5,0,0,0,0,0,1,6,0,0,0,0,200,200
363246,0,30,0,0,0,1,10,5,0,0,0,12,200,1,6,200,12,0,0,200,200
363246,0,30,0,0,0,1,10,5,0,0,0,12,200,1,6,200,0,0,0,200,200
363257,0,30,1,2,0,1,10,5,0,0,0,18,200,0,9,0,3,0,0,200,200
363257,0,30,1,2,0,1,10,5,0,0,0,18,200,0,8,0,0,0,0,200,200
363259,0,30,0,0,0,1,7,2,0,0,0,0,0,2,200,200,200,200,200,200,200
363260,0,30,1,2,0,1,10,2,0,0,0,0,200,0,200,200,200,200,200,200,200
363260,0,30,1,2,0,1,10,2,0,0,0,0,200,1,6,0,0,0,0,200,200
363262,0,0,0,0,0,1,7,3,0,0,0,0,200,2,200,200,200,200,200,200,200
363267,0,30,0,0,0,1,12,5,0,0,0,11,200,1,6,7,10,0,0,200,200
363267,0,30,0,0,0,1,12,5,0,0,0,11,200,1,5,0,0,0,0,200,200
363267,1,30,0,0,0,1,12,5,0,0,0,11,200,1,6,0,200,200,200,200,200
363268,0,30,0,0,0,1,10,5,0,0,0,0,0,2,200,200,200,200,200,200,200
363268,0,30,0,0,0,1,10,5,0,0,0,0,0,0,6,0,200,0,0,200,200
363268,1,30,0,0,0,1,10,5,0,0,0,0,0,0,4,0,200,200,200,200,200
363273,0,30,0,0,0,1,12,5,0,0,0,17,0,0,200,200,1,200,200,200,200
363273,0,30,0,0,0,1,12,5,0,0,0,17,0,0,7,0,0,0,0,200,200
363273,1,30,0,0,0,1,12,5,0,0,0,17,0,0,200,200,200,200,200,200,200
363273,1,30,0,0,0,1,12,5,0,0,0,17,0,1,200,0,200,200,200,200,200
363277,0,30,1,0,0,1,10,2,0,0,0,18,200,0,5,200,1,0,0,200,200
363277,0,30,1,0,0,1,10,2,0,0,0,18,200,0,9,200,0,0,0,200,200
363277,0,30,1,0,0,1,10,2,0,0,0,18,200,1,8,7,0,0,0,200,200
363281,0,30,0,0,0,1,7,5,0,0,0,200,200,1,6,0,0,0,0,200,200
363284,0,30,0,0,200,200,7,3,0,200,200,0,0,2,200,200,200,200,200,200,200
363286,0,30,0,0,0,1,10,5,0,0,0,0,0,0,6,200,200,200,200,200,200
363286,0,30,0,0,0,1,10,5,0,0,0,0,0,1,7,0,0,0,0,200,200
363291,0,30,0,0,0,1,2,5,0,0,0,0,0,1,6,200,200,0,0,200,200
363291,1,30,0,0,0,1,2,5,0,0,0,0,0,1,5,200,200,200,200,200,200
363291,1,30,0,0,0,1,2,5,0,0,0,0,0,1,0,200,200,200,200,200,200
363301,0,10,0,0,0,1,5,0,0,0,0,15,0,0,200,200,8,200,200,200,200
363303,0,30,0,0,0,1,7,2,0,0,0,20,0,2,200,200,10,200,200,200,200
363304,0,0,0,0,0,1,7,7,0,0,0,11,0,2,200,200,200,200,200,200,200
363311,0,30,0,0,0,1,12,5,0,0,0,22,200,1,200,200,4,200,200,200,200
363311,0,30,0,0,0,1,12,5,0,0,0,22,200,0,6,0,0,0,0,200,200
363311,1,30,0,0,0,1,12,5,0,0,0,22,200,0,200,0,200,200,200,200,200
363312,0,25,0,0,0,1,3,6,0,0,0,200,200,0,6,7,13,12,0,200,200
363312,0,25,0,0,0,1,3,6,0,0,0,200,200,0,6,0,14,0,0,200,200
363312,1,25,0,0,0,1,3,6,0,0,0,200,200,0,200,0,200,200,200,200,200
363322,0,30,0,0,0,1,7,6,0,0,0,35,200,0,6,200,0,200,0,200,200
363328,0,10,0,0,0,1,7,0,0,200,200,22,11,0,6,0,2,200,0,200,200
363329,0,30,1,2,0,1,10,5,0,0,0,18,18,0,6,0,3,0,0,200,200
363329,0,30,1,2,0,1,10,5,0,0,0,18,18,0,6,0,0,0,0,200,200
363330,0,10,200,200,0,4,7,0,0,0,200,0,200,2,200,200,200,200,200,200,200
363333,0,30,1,2,0,1,14,2,0,0,0,23,17,1,6,0,7,0,0,200,200
363333,0,30,1,2,0,1,14,2,0,0,0,23,17,1,9,0,0,0,0,200,200
363340,0,25,0,0,0,1,7,6,0,0,0,0,0,0,7,200,6,200,0,200,200
363343,0,30,1,2,0,1,10,2,0,0,0,8,200,1,6,200,3,200,0,200,200
363343,0,30,1,2,0,1,10,2,0,0,0,8,200,0,5,200,12,0,0,200,200
363344,0,30,0,0,0,1,7,6,0,0,0,7,200,0,6,0,0,0,0,200,200
363346,0,30,1,2,0,1,14,3,0,0,0,18,18,0,6,0,0,0,0,200,200
363346,0,30,1,2,0,1,14,3,0,0,0,18,18,0,7,200,3,200,200,200,200
363346,1,30,1,2,0,1,14,3,0,0,0,18,18,1,6,0,200,200,200,200,200
363346,1,30,1,2,0,1,14,3,0,0,0,18,18,1,200,7,200,200,200,200,200
363346,1,30,1,2,0,1,14,3,0,0,0,18,18,0,200,0,200,200,200,200,200
363351,0,35,0,0,0,1,7,2,0,0,0,0,0,0,200,0,200,200,200,200,200
363351,1,35,0,0,0,1,7,2,0,0,0,0,0,1,200,200,200,200,200,200,200
363353,0,30,0,0,0,1,12,6,0,0,0,0,0,0,200,0,200,0,0,200,200
363353,0,30,0,0,0,1,12,6,0,0,0,0,0,1,200,0,200,0,0,200,200
363353,1,30,0,0,0,1,12,6,0,0,0,0,0,1,200,0,200,200,200,200,200
363354,0,30,1,2,0,1,14,2,0,0,0,33,17,0,200,200,1,1,0,200,200
363354,0,30,1,2,0,1,14,2,0,0,0,33,17,0,9,0,0,1,0,200,200
363354,1,30,1,2,0,1,14,2,0,0,0,33,17,1,9,0,200,200,200,200,200
363362,0,30,1,2,200,200,10,5,0,200,200,14,16,0,200,200,1,200,200,200,200
363362,0,30,1,2,200,200,10,5,0,200,200,14,16,0,6,200,0,0,0,200,200
363363,0,30,1,2,0,1,14,3,0,0,0,17,200,1,7,200,200,200,0,200,200
363363,0,30,1,2,0,1,14,3,0,0,0,17,200,1,5,200,200,200,0,200,200
363367,0,15,2,2,0,1,10,6,0,0,0,0,200,1,0,0,200,0,0,200,200
363367,0,15,2,2,0,1,10,6,0,0,0,0,200,0,200,200,200,0,200,200,200
363369,0,0,0,0,0,1,0,6,0,0,0,20,20,0,7,200,6,0,0,200,200
363369,0,0,0,0,0,1,0,6,0,0,0,20,20,1,6,200,0,0,0,200,200
363369,1,0,0,0,0,1,0,6,0,0,0,20,20,0,200,200,200,200,200,200,200
363375,0,30,0,0,0,1,12,5,0,0,0,0,0,2,200,200,200,200,200,200,200
363375,0,30,0,0,0,1,12,5,0,0,0,0,0,0,7,200,200,200,200,200,200
363383,0,30,0,0,0,1,12,5,0,0,0,22,16,0,6,0,4,0,0,200,200
363383,0,30,0,0,0,1,12,5,0,0,0,22,16,0,6,0,0,0,0,200,200
363383,1,30,0,0,0,1,12,5,0,0,0,22,16,0,200,0,200,200,200,200,200
363389,0,30,0,0,0,1,7,5,0,0,0,11,200,0,8,200,10,0,0,200,200
363395,0,30,1,2,0,1,0,2,0,0,0,20,200,0,6,200,0,200,0,200,200
363395,0,30,1,2,0,1,0,2,0,0,0,20,200,2,200,200,6,200,200,200,200
363404,0,30,0,0,0,1,7,5,0,0,0,200,200,2,200,200,0,200,200,200,200
363407,0,35,200,200,0,1,7,2,0,0,0,200,200,2,200,200,200,200,200,200,200
363412,0,25,0,0,0,1,8,5,0,0,0,17,200,0,7,200,1,200,0,200,200
363412,4,25,0,0,0,1,8,5,0,0,0,17,200,0,4,200,0,200,0,200,200
363414,0,30,0,0,0,1,0,7,0,0,200,0,0,0,200,200,200,200,0,200,200
363414,0,30,0,0,0,1,0,7,0,0,200,0,0,0,6,0,200,0,0,200,200
363418,0,35,0,0,0,1,10,5,0,0,0,18,18,1,6,200,3,200,0,200,200
363418,0,35,0,0,0,1,10,5,0,0,0,18,18,1,7,200,0,200,0,200,200
363421,0,30,1,2,0,1,14,5,0,0,0,23,200,1,6,200,7,0,0,200,200
363421,0,30,1,2,0,1,14,5,0,0,0,23,200,0,6,200,0,0,0,200,200
363421,1,30,1,2,0,1,14,5,0,0,0,23,200,1,200,200,200,200,200,200,200
363421,1,30,1,2,0,1,14,5,0,0,0,23,200,1,200,200,200,200,200,200,200
363421,1,30,1,2,0,1,14,5,0,0,0,23,200,1,200,200,200,200,200,200,200
363421,1,30,1,2,0,1,14,5,0,0,0,23,200,1,200,200,200,200,200,200,200
363428,0,30,0,0,0,1,7,5,0,0,0,0,0,2,200,200,200,200,200,200,200
363433,4,30,0,0,0,1,8,2,0,0,200,200,200,0,5,3,0,200,0,200,200
363440,0,30,0,0,0,1,14,5,0,0,0,22,200,0,5,200,7,0,0,200,200
363440,0,30,0,0,0,1,14,5,0,0,0,22,200,0,6,200,0,0,0,200,200
363444,0,30,2,2,0,1,0,5,0,0,0,5,16,1,6,0,5,0,0,200,200
363444,0,30,2,2,0,1,0,5,0,0,0,5,16,1,5,0,12,0,0,200,200
363445,0,35,200,200,0,1,7,5,0,0,200,200,200,0,7,0,2,200,0,200,200
363446,0,30,1,2,0,1,14,5,0,0,0,23,200,1,6,200,7,200,200,200,200
363446,0,30,1,2,0,1,14,5,0,0,0,23,200,1,6,0,0,0,0,200,200
363449,0,30,0,0,0,1,14,5,0,0,0,22,200,0,200,200,2,200,200,200,200
363449,0,30,0,0,0,1,14,5,0,0,0,22,200,0,5,0,0,0,0,200,200
363453,0,30,1,2,0,1,10,5,0,0,0,7,0,1,6,200,1,200,200,200,200
363453,0,30,1,2,0,1,10,5,0,0,0,7,0,1,5,0,0,0,0,200,200
363453,0,30,1,2,0,1,10,5,0,0,0,7,0,0,6,0,0,200,0,200,200
363454,0,30,1,2,0,1,10,5,0,0,0,0,200,1,8,0,0,0,0,200,200
363454,0,30,1,2,0,1,10,5,0,0,0,0,200,0,6,0,0,0,0,200,200
363454,1,30,1,2,0,1,10,5,0,0,0,0,200,0,4,0,200,200,200,200,200
363455,0,30,0,0,0,0,12,2,0,0,0,22,0,0,7,200,0,200,0,200,200
363455,0,30,0,0,0,0,12,2,0,0,0,22,0,1,200,200,4,200,200,200,200
363463,0,30,0,0,0,1,12,5,0,0,0,17,0,1,8,0,0,0,0,200,200
363463,0,30,0,0,0,1,12,5,0,0,0,17,0,1,6,0,1,200,0,200,200
363463,1,30,0,0,0,1,12,5,0,0,0,17,0,1,5,0,200,200,200,200,200
363463,1,30,0,0,0,1,12,5,0,0,0,17,0,0,1,5,200,200,200,200,200
363465,0,30,2,2,0,1,0,5,0,0,0,17,33,0,6,0,1,5,0,200,200
363465,0,30,2,2,0,1,0,5,0,0,0,17,33,1,5,0,0,0,0,200,200
363465,1,30,2,2,0,1,0,5,0,0,0,17,33,1,5,0,200,200,200,200,200
363466,0,30,0,0,200,200,7,6,0,200,200,0,0,2,200,200,200,200,200,200,200
363475,4,30,1,2,0,1,8,5,0,0,0,17,16,0,8,2,1,0,0,200,200
363475,0,30,1,2,0,1,8,5,0,0,0,17,16,1,6,0,0,0,0,200,200
363478,0,30,1,2,0,1,12,2,0,0,0,22,22,0,8,0,2,0,0,200,200
363478,0,30,1,2,0,1,12,2,0,0,0,22,22,0,6,0,12,0,0,200,200
363479,0,30,0,0,0,1,14,5,0,0,0,17,16,1,9,0,1,1,0,200,200
363479,0,30,0,0,0,1,14,5,0,0,0,17,16,0,7,0,0,0,0,200,200
363480,0,30,0,0,0,1,14,5,0,0,0,0,0,1,4,0,200,200,0,200,200
363480,0,30,0,0,0,1,14,5,0,0,0,0,0,0,5,0,200,200,0,200,200
363480,1,30,0,0,0,1,14,5,0,0,0,0,0,1,200,200,200,200,200,200,200
363482,0,15,0,0,0,1,7,7,0,0,0,0,0,1,200,200,12,200,200,200,200
363486,0,25,1,2,0,1,8,5,0,0,0,6,200,1,8,0,12,0,0,200,200
363486,4,25,1,2,0,1,8,5,0,0,0,6,200,0,5,7,1,0,0,200,200
363487,0,30,200,200,0,1,12,5,0,0,0,16,200,1,200,200,200,200,200,200,200
363487,0,30,200,200,0,1,12,5,0,0,0,16,200,1,5,0,200,200,0,200,200
363491,0,30,200,200,0,1,10,5,0,0,200,0,200,0,200,200,200,200,200,200,200
363491,0,30,200,200,0,1,10,5,0,0,200,0,200,0,6,200,200,200,0,200,200
363493,0,30,2,2,0,1,7,5,0,0,0,200,200,0,200,200,200,200,200,200,200
363494,0,30,0,0,0,1,12,3,0,0,0,0,200,2,200,200,200,200,200,200,200
363494,0,30,0,0,0,1,12,3,0,0,0,0,200,0,7,7,0,0,0,200,200
363497,0,30,1,2,0,1,10,2,0,0,0,18,200,1,5,0,3,0,0,200,200
363497,0,30,1,2,0,1,10,2,0,0,0,18,200,1,6,0,0,0,0,200,200
363499,0,40,0,0,0,1,10,2,0,0,0,0,200,0,7,200,0,0,0,200,200
363499,0,40,0,0,0,1,10,2,0,0,0,0,200,1,7,0,0,0,200,200,200
363504,0,30,0,0,0,1,12,5,0,0,0,0,200,0,5,0,4,0,0,200,200
363504,0,30,0,0,0,1,12,5,0,0,0,0,200,0,5,0,0,0,0,200,200
363509,0,30,1,2,0,1,14,3,0,0,0,6,200,1,6,7,200,200,0,200,200
363509,0,30,1,2,0,1,14,3,0,0,0,6,200,0,5,0,200,200,0,200,200
363511,0,30,0,0,0,1,10,2,0,0,0,18,0,0,200,200,3,200,200,200,200
363511,0,30,0,0,0,1,10,2,0,0,0,18,0,1,6,0,200,0,0,200,200
363516,0,30,0,0,0,1,10,5,0,0,0,0,0,1,7,7,0,0,0,200,200
363516,0,30,0,0,0,1,10,5,0,0,0,0,0,1,6,0,0,0,0,200,200
363520,0,30,0,0,0,1,12,5,0,0,0,21,0,0,200,200,4,200,200,200,200
363520,0,30,0,0,0,1,12,5,0,0,0,21,0,1,7,0,0,0,0,200,200
363529,0,35,1,2,0,1,8,2,0,0,0,0,0,1,8,7,200,0,0,200,200
363529,4,35,1,2,0,1,8,2,0,0,0,0,0,0,3,200,0,0,0,200,200
363530,0,30,0,0,0,1,7,7,0,0,0,0,0,2,200,200,200,200,200,200,200
363544,0,30,0,0,0,1,10,5,0,0,0,18,200,0,5,0,3,0,0,200,200
363544,0,30,0,0,0,1,10,5,0,0,0,18,200,0,5,0,0,0,0,200,200
363545,0,30,0,0,0,1,12,6,0,0,200,17,0,0,7,200,1,200,200,200,200
363545,0,30,0,0,0,1,12,6,0,0,200,17,0,1,7,0,0,0,0,200,200
363545,1,30,0,0,0,1,12,6,0,0,200,17,0,0,200,200,200,200,200,200,200
363547,0,30,0,0,0,1,10,5,0,0,0,0,0,0,8,200,1,200,0,200,200
363547,0,30,0,0,0,1,10,5,0,0,0,0,0,0,6,200,0,0,0,200,200
363554,0,30,0,0,0,1,0,6,0,0,0,0,0,1,200,200,12,200,0,200,200
363554,0,30,0,0,0,1,0,6,0,0,0,0,0,0,200,200,0,0,0,200,200
363559,0,30,1,2,0,1,10,2,0,0,0,18,0,0,6,3,3,0,0,200,200
363559,0,30,1,2,0,1,10,2,0,0,0,18,0,1,5,200,0,200,200,200,200
363561,0,30,1,2,0,1,10,5,0,0,0,0,200,0,6,200,3,200,200,200,200
363561,0,30,1,2,0,1,10,5,0,0,0,0,200,0,6,0,0,0,0,200,200
363562,0,15,0,0,0,1,7,6,0,0,0,0,200,2,200,200,0,200,200,200,200
363567,0,30,0,0,0,1,12,5,0,0,0,0,0,1,7,200,200,200,200,200,200
363567,0,30,0,0,0,1,12,5,0,0,0,0,0,0,5,0,0,0,0,200,200
363570,0,30,0,0,0,1,10,2,0,0,0,0,0,1,7,200,12,200,0,200,200
363570,0,30,0,0,0,1,10,2,0,0,0,0,0,0,5,200,200,200,0,200,200
363573,2,30,0,0,0,1,7,5,0,0,0,8,16,0,200,200,8,200,200,200,200
363573,0,30,0,0,0,1,7,5,0,0,0,8,16,0,5,0,12,0,0,200,200
363579,0,30,1,2,0,1,10,5,0,0,0,18,18,0,5,0,0,0,0,200,200
363579,0,30,1,2,0,1,10,5,0,0,0,18,18,0,0,0,0,0,0,200,200
363583,5,30,1,2,0,1,9,5,0,0,0,17,200,1,7,7,1,0,1,200,200
363583,0,30,1,2,0,1,9,5,0,0,0,17,200,0,6,0,0,0,0,200,200
363584,0,30,1,2,0,1,14,5,0,0,0,23,200,2,200,200,7,200,200,200,200
363584,0,30,1,2,0,1,14,5,0,0,0,23,200,1,6,0,0,0,0,200,200
363589,0,30,0,0,0,1,5,5,0,0,0,17,5,1,200,200,1,200,200,200,200
363589,0,30,0,0,0,1,5,5,0,0,0,17,5,0,6,0,0,0,0,200,200
363589,1,30,0,0,0,1,5,5,0,0,0,17,5,0,200,0,200,200,200,200,200
363590,0,0,0,0,0,1,12,5,0,0,0,0,0,0,200,200,200,200,200,200,200
363590,0,0,0,0,0,1,12,5,0,0,0,0,0,1,6,200,0,0,0,200,200
363595,0,30,0,0,0,1,12,5,0,0,0,21,11,0,6,200,2,0,0,200,200
363595,0,30,0,0,0,1,12,5,0,0,0,21,11,1,6,0,0,0,0,200,200
363596,0,30,0,0,0,1,7,7,0,0,0,0,0,0,8,200,200,200,200,200,200
363599,0,25,0,0,0,1,7,7,0,0,0,20,200,1,200,200,6,200,200,200,200
363608,0,30,0,0,0,1,10,5,0,0,0,0,0,0,6,0,0,0,0,200,200
363608,0,30,0,0,0,1,10,5,0,0,0,0,0,1,5,0,0,0,0,200,200