RD_NO,PERSON_TYPE,POSTED_SPEED_LIMIT,TRAFFIC_CONTROL_DEVICE,DEVICE_CONDITION,WEATHER_CONDITION,LIGHTING_CONDITION,FIRST_CRASH_TYPE,TRAFFICWAY_TYPE,ALIGNMENT,ROADWAY_SURFACE_COND,ROAD_DEFECT,PRIM_CONTRIBUTORY_CAUSE,SEC_CONTRIBUTORY_CAUSE,SEX,AGE,SAFETY_EQUIPMENT,DRIVER_ACTION,DRIVER_VISION,PHYSICAL_CONDITION,BAC_RESULT VALUE,CELL_PHONE_USE
363608,1,30,0,0,0,1,10,5,0,0,0,0,0,0,200,0,200,200,200,200,200
363612,0,30,1,2,0,1,10,3,0,0,0,18,200,1,5,200,3,12,0,200,200
363612,0,30,1,2,0,1,10,3,0,0,0,18,200,1,6,200,0,0,0,200,200
363619,0,30,0,200,0,1,14,5,0,0,0,16,17,0,200,200,1,200,200,200,200
363619,0,30,0,200,0,1,14,5,0,0,0,16,17,0,5,200,0,0,0,200,200
363626,0,30,0,0,0,1,8,5,0,0,0,23,200,0,5,0,7,0,0,200,200
363626,4,30,0,0,0,1,8,5,0,0,0,23,200,1,6,200,0,0,0,200,200
363627,0,40,0,0,0,1,12,3,0,0,0,17,0,0,200,0,200,0,0,200,200
363627,0,40,0,0,0,1,12,3,0,0,0,17,0,0,200,0,0,0,0,200,200
363628,0,30,1,2,0,1,14,1,0,0,0,22,21,0,7,0,4,0,0,200,200
363628,0,30,1,2,0,1,14,1,0,0,0,22,21,1,6,0,0,0,0,200,200
363629,0,25,2,2,0,1,8,5,0,0,0,5,200,1,7,0,1,0,0,200,200
363629,4,25,2,2,0,1,8,5,0,0,0,5,200,0,7,7,5,0,0,200,200
363630,0,30,1,2,0,1,12,5,0,0,0,22,200,0,7,0,200,0,0,200,200
363630,0,30,1,2,0,1,12,5,0,0,0,22,200,0,5,0,200,0,0,200,200
363635,0,30,1,2,0,1,14,5,0,0,0,0,200,1,6,200,200,200,0,200,200
363635,0,30,1,2,0,1,14,5,0,0,0,0,200,1,5,200,200,200,0,200,200
363635,1,30,1,2,0,1,14,5,0,0,0,0,200,0,7,200,200,200,200,200,200
363638,0,30,1,2,0,1,14,12,0,0,0,0,200,1,200,200,1,200,0,200,200
363638,0,30,1,2,0,1,14,12,0,0,0,0,200,1,200,200,0,200,0,200,200
363642,0,30,0,0,0,1,12,6,0,0,0,21,200,0,6,200,4,0,0,200,200
363642,0,30,0,0,0,1,12,6,0,0,0,21,200,0,7,7,0,0,0,200,200
363644,0,30,0,0,0,1,14,5,0,0,0,200,200,0,200,200,0,200,200,200,200
363644,0,30,0,0,0,1,14,5,0,0,0,200,200,1,5,1,0,0,0,200,200
363644,1,30,0,0,0,1,14,5,0,0,0,200,200,1,200,0,200,200,200,200,200
363644,1,30,0,0,0,1,14,5,0,0,0,200,200,0,200,0,200,200,200,200,200
363644,1,30,0,0,0,1,14,5,0,0,0,200,200,0,200,0,200,200,200,200,200
363649,0,30,2,2,0,1,14,2,0,0,0,0,0,0,5,200,1,200,0,200,200
363649,0,30,2,2,0,1,14,2,0,0,0,0,0,1,200,200,0,200,200,200,200
363657,0,35,200,200,0,1,7,6,0,0,0,200,200,2,200,200,200,200,200,200,200
363658,0,30,0,0,0,3,12,7,0,0,0,0,0,0,7,200,0,200,0,200,200
363658,0,30,0,0,0,3,12,7,0,0,0,0,0,1,6,200,0,200,0,200,200
363658,1,30,0,0,0,3,12,7,0,0,0,0,0,1,7,200,200,200,200,200,200
363659,0,30,0,0,0,1,7,6,0,0,0,11,0,1,200,200,12,200,200,200,200
363659,1,30,0,0,0,1,7,6,0,0,0,11,0,1,5,1,200,200,200,200,200
363663,0,40,12,2,0,1,2,2,0,0,0,0,200,0,5,200,200,0,0,200,200
363664,0,30,0,0,0,1,10,5,0,0,0,16,18,0,6,200,3,0,0,200,200
363664,0,30,0,0,0,1,10,5,0,0,0,16,18,1,4,200,0,0,0,200,200
363664,0,30,0,0,0,1,10,5,0,0,0,16,18,0,8,200,0,0,0,200,200
363664,1,30,0,0,0,1,10,5,0,0,0,16,18,1,4,200,200,200,200,200,200
363664,1,30,0,0,0,1,10,5,0,0,0,16,18,0,4,200,200,200,200,200,200
363664,1,30,0,0,0,1,10,5,0,0,0,16,18,0,4,200,200,200,200,200,200
363664,1,30,0,0,0,1,10,5,0,0,0,16,18,1,0,5,200,200,200,200,200
363666,0,30,0,0,0,1,7,6,0,0,0,0,0,0,6,0,12,0,0,200,200
363670,0,30,0,0,0,1,0,7,0,0,0,17,11,0,200,200,1,200,200,200,200
363670,0,30,0,0,0,1,0,7,0,0,0,17,11,0,0,200,0,0,0,200,200
363674,0,30,2,2,0,1,10,5,0,0,0,18,22,0,6,200,3,200,0,200,200
363674,0,30,2,2,0,1,10,5,0,0,0,18,22,1,6,200,0,0,0,200,200
363674,1,30,2,2,0,1,10,5,0,0,0,18,22,0,6,200,200,200,200,200,200
363686,0,30,1,2,0,1,12,5,0,0,0,0,0,1,5,0,0,0,0,200,200
363686,0,30,1,2,0,1,12,5,0,0,0,0,0,1,5,0,0,0,0,200,200
363692,0,30,0,0,0,1,10,5,0,0,0,18,200,0,200,200,3,200,200,200,200
363692,0,30,0,0,0,1,10,5,0,0,0,18,200,0,5,0,0,0,0,200,200
363692,1,30,0,0,0,1,10,5,0,0,0,18,200,1,200,0,200,200,200,200,200
363693,0,30,0,0,2,1,10,5,0,0,0,0,0,1,200,200,3,200,200,200,200
363693,0,30,0,0,2,1,10,5,0,0,0,0,0,1,6,7,0,0,0,200,200
363693,0,30,0,0,2,1,10,5,0,0,0,0,0,0,7,7,1,0,0,200,200
363699,0,30,1,2,0,1,7,5,0,0,0,28,0,0,7,0,200,0,0,200,200
363701,0,55,0,0,0,1,10,3,0,200,200,18,18,0,4,0,3,200,0,200,200
363701,0,55,0,0,0,1,10,3,0,200,200,18,18,0,7,0,12,200,0,200,200
363701,0,55,0,0,0,1,10,3,0,200,200,18,18,0,5,0,12,200,0,200,200
363713,0,35,1,2,0,1,9,3,0,0,0,200,200,1,6,0,0,0,0,200,200
363713,5,35,1,2,0,1,9,3,0,0,0,200,200,1,3,7,12,1,200,200,200
363718,0,30,0,0,0,1,10,1,0,0,0,18,18,0,200,200,3,200,200,200,200
363718,0,30,0,0,0,1,10,1,0,0,0,18,18,1,5,0,0,0,0,200,200
363718,0,30,0,0,0,1,10,1,0,0,0,18,18,1,6,0,0,0,0,200,200
363721,0,30,0,0,0,2,0,5,0,0,0,22,7,0,8,200,12,1,0,200,200
363721,0,30,0,0,0,2,0,5,0,0,0,22,7,0,7,200,200,200,200,200,200
363723,0,30,0,0,0,1,0,6,0,0,0,0,0,0,6,200,200,200,0,200,200
363723,0,30,0,0,0,1,0,6,0,0,0,0,0,0,8,200,0,0,0,200,200
363727,0,30,0,0,0,1,0,5,0,0,0,0,200,1,200,0,200,200,0,200,200
363727,0,30,0,0,0,1,0,5,0,0,0,0,200,0,200,0,0,200,0,200,200
363736,0,30,0,0,0,0,7,6,0,0,0,200,200,2,200,200,0,200,200,200,200
363738,0,30,0,0,0,0,12,5,0,0,0,0,200,2,200,200,200,200,200,200,200
363738,0,30,0,0,0,0,12,5,0,0,0,0,200,0,7,7,0,0,0,200,200
363740,0,30,0,0,0,1,7,6,0,0,0,0,200,0,6,200,12,0,0,200,200
363743,0,30,1,2,0,1,10,5,0,0,0,22,200,0,6,0,4,0,0,200,200
363743,0,30,1,2,0,1,10,5,0,0,0,22,200,0,6,200,0,200,200,200,200
363746,0,30,2,2,0,1,0,5,0,0,0,17,0,0,6,200,200,200,200,200,200
363746,0,30,2,2,0,1,0,5,0,0,0,17,0,1,5,0,0,0,0,200,200
363755,0,30,0,0,0,1,0,6,0,0,0,17,200,0,8,200,1,200,0,200,200
363755,0,30,0,0,0,1,0,6,0,0,0,17,200,0,6,200,0,200,0,200,200
363755,1,30,0,0,0,1,0,6,0,0,0,17,200,0,6,200,200,200,200,200,200
363761,0,30,0,0,0,1,7,7,0,0,0,0,200,1,200,200,200,200,200,200,200
363769,0,30,1,2,0,1,14,6,0,0,0,17,23,0,7,200,7,200,200,200,200
363769,0,30,1,2,0,1,14,6,0,0,0,17,23,0,6,0,0,0,0,200,200
363771,0,30,1,2,0,1,14,5,0,0,0,17,200,1,5,0,1,0,0,200,200
363771,0,30,1,2,0,1,14,5,0,0,0,17,200,0,7,0,0,0,0,200,200
363778,0,30,0,0,0,1,14,5,0,0,0,23,16,0,200,200,7,200,200,200,200
363778,0,30,0,0,0,1,14,5,0,0,0,23,16,1,7,0,0,0,0,200,200
363778,1,30,0,0,0,1,14,5,0,0,0,23,16,1,9,0,200,200,200,200,200
363778,1,30,0,0,0,1,14,5,0,0,0,23,16,0,7,0,200,200,200,200,200
363778,1,30,0,0,0,1,14,5,0,0,0,23,16,1,6,0,200,200,200,200,200
363778,1,30,0,0,0,1,14,5,0,0,0,23,16,1,8,0,200,200,200,200,200
363802,0,30,2,2,0,1,0,2,0,0,0,0,0,1,5,200,1,200,200,200,200
363802,0,30,2,2,0,1,0,2,0,0,0,0,0,1,6,200,0,200,0,200,200
363804,0,30,0,0,0,4,14,5,0,0,0,200,200,0,3,200,0,0,0,200,200
363804,0,30,0,0,0,4,14,5,0,0,0,200,200,0,8,0,0,0,0,200,200
363807,0,35,1,2,0,1,14,3,0,0,0,17,17,0,6,200,1,0,0,200,200
363807,0,35,1,2,0,1,14,3,0,0,0,17,17,0,6,200,0,0,0,200,200
363810,0,30,0,0,0,1,7,5,0,0,0,16,200,0,5,7,200,200,200,200,200
363817,0,30,0,0,0,1,14,2,0,0,200,22,0,1,5,200,2,200,200,200,200
363817,0,30,0,0,0,1,14,2,0,0,200,22,0,1,8,0,0,0,0,200,200
363831,4,30,0,0,0,1,8,5,0,0,200,0,200,0,200,200,2,200,200,200,200
363834,0,30,0,0,0,3,7,5,0,0,0,0,200,0,5,200,200,200,200,200,200
363835,0,30,0,0,0,3,10,2,0,0,0,18,16,1,7,200,3,200,200,200,200
363835,0,30,0,0,0,3,10,2,0,0,0,18,16,0,6,200,0,0,0,200,200
363845,0,30,0,0,0,4,7,5,0,0,0,11,0,0,6,0,3,0,0,200,200
363850,0,30,0,0,0,3,2,0,0,0,0,14,2,2,200,200,200,200,200,200,200
363854,0,40,0,0,0,3,12,2,0,0,0,16,18,0,200,200,3,200,200,200,200
363854,0,40,0,0,0,3,12,2,0,0,0,16,18,1,7,1,0,0,0,200,200
363855,0,35,0,0,0,1,12,5,0,0,0,18,200,1,5,200,3,200,1,200,200
363855,0,35,0,0,0,1,12,5,0,0,0,18,200,1,5,200,0,0,0,200,200
363855,0,35,0,0,0,1,12,5,0,0,0,18,200,1,7,200,0,0,0,200,200
363855,1,35,0,0,0,1,12,5,0,0,0,18,200,0,5,200,200,200,200,200,200
363855,1,35,0,0,0,1,12,5,0,0,0,18,200,0,5,200,200,200,200,200,200
363855,1,35,0,0,0,1,12,5,0,0,0,18,200,0,7,200,200,200,200,200,200
363855,1,35,0,0,0,1,12,5,0,0,0,18,200,0,6,200,200,200,200,200,200
363855,1,35,0,0,0,1,12,5,0,0,0,18,200,1,200,200,200,200,200,200,200
363856,0,30,1,2,0,3,14,5,1,0,0,17,0,1,5,200,1,200,0,200,200
363856,0,30,1,2,0,3,14,5,1,0,0,17,0,1,5,200,0,200,0,200,200
363856,1,30,1,2,0,3,14,5,1,0,0,17,0,1,0,5,200,200,200,200,200
363872,0,30,12,2,0,3,2,3,0,0,0,23,0,0,5,200,8,200,0,200,200
363876,0,30,0,0,0,4,10,2,0,0,0,16,18,0,6,200,3,0,0,200,200
363876,0,30,0,0,0,4,10,2,0,0,0,16,18,1,6,0,0,0,0,200,200
363876,1,30,0,0,0,4,10,2,0,0,0,16,18,1,6,0,200,200,200,200,200
363876,1,30,0,0,0,4,10,2,0,0,0,16,18,0,2,0,200,200,200,200,200
363876,1,30,0,0,0,4,10,2,0,0,0,16,18,1,6,0,200,200,200,200,200
363876,1,30,0,0,0,4,10,2,0,0,0,16,18,1,3,0,200,200,200,200,200
363876,1,30,0,0,0,4,10,2,0,0,0,16,18,1,2,0,200,200,200,200,200
363905,0,30,1,2,0,4,10,6,0,0,0,0,0,0,7,200,200,0,200,200,200
363905,0,30,1,2,0,4,10,6,0,0,0,0,0,1,200,200,200,200,200,200,200
363905,0,30,1,2,0,4,10,6,0,0,0,0,0,0,6,200,0,0,0,200,200
363907,0,30,1,2,0,4,14,5,0,0,0,23,18,0,8,200,3,0,0,200,200
363907,0,30,1,2,0,4,14,5,0,0,0,23,18,1,7,200,0,0,0,200,200
363909,0,30,200,200,200,200,5,2,0,200,4,28,0,0,4,0,0,200,200,200,200
363909,1,30,200,200,200,200,5,2,0,200,4,28,0,1,200,0,200,200,200,200,200
363928,0,0,1,200,200,200,12,12,0,200,200,21,0,1,6,200,4,200,200,200,200
363928,0,0,1,200,200,200,12,12,0,200,200,21,0,0,5,200,0,200,0,200,200
363930,0,30,1,2,0,3,14,1,0,0,0,17,23,0,5,0,1,0,0,200,200
363930,0,30,1,2,0,3,14,1,0,0,0,17,23,0,8,0,0,0,0,200,200
363930,1,30,1,2,0,3,14,1,0,0,0,17,23,1,8,0,200,200,200,200,200
363931,0,30,1,2,0,1,14,5,0,0,0,3,3,0,200,200,5,200,200,200,200
363931,0,30,1,2,0,1,14,5,0,0,0,3,3,2,6,200,0,0,0,200,200
363933,0,5,200,200,200,4,7,7,0,200,200,0,0,2,200,200,200,200,200,200,200
363942,0,30,2,2,0,3,9,5,0,0,0,17,200,0,4,200,7,0,0,200,200
363942,5,30,2,2,0,3,9,5,0,0,0,17,200,1,6,200,12,12,12,200,200
363946,0,30,2,0,0,3,12,6,0,0,200,12,0,1,200,200,200,200,200,200,200
363946,0,30,2,0,0,3,12,6,0,0,200,12,0,0,6,7,200,0,200,200,200
363955,0,10,200,200,0,3,12,5,0,0,0,22,200,0,6,200,4,200,200,200,200
363955,0,10,200,200,0,3,12,5,0,0,0,22,200,1,5,200,200,200,0,200,200
363962,0,25,0,0,0,3,7,6,0,0,0,25,0,0,200,200,200,200,200,200,200
363962,1,25,0,0,0,3,7,6,0,0,0,25,0,200,200,200,200,200,200,200,200
363962,1,25,0,0,0,3,7,6,0,0,0,25,0,200,200,200,200,200,200,200,200
363964,0,45,0,0,0,3,10,3,0,0,0,18,200,0,6,0,3,0,0,200,200
363964,0,45,0,0,0,3,10,3,0,0,0,18,200,0,200,200,200,200,200,200,200
363977,0,10,0,0,0,1,7,7,0,0,200,0,0,2,200,200,200,200,200,200,200
363984,0,30,1,2,0,3,14,2,0,0,0,23,21,1,200,200,7,200,200,200,200
363984,0,30,1,2,0,3,14,2,0,0,0,23,21,1,7,0,0,0,0,200,200
363986,0,30,1,2,0,3,14,5,0,0,0,21,200,0,6,0,12,0,0,200,200
363986,0,30,1,2,0,3,14,5,0,0,0,21,200,0,7,0,0,0,0,200,200
363986,1,30,1,2,0,3,14,5,0,0,0,21,200,0,7,0,200,200,200,200,200
363997,0,30,200,200,0,3,8,2,0,200,200,200,200,0,200,200,200,200,200,200,200
363997,4,30,200,200,0,3,8,2,0,200,200,200,200,0,4,200,200,200,200,200,200
364005,0,30,0,0,0,3,7,6,0,0,0,20,11,0,200,200,6,200,200,200,200
364005,1,30,0,0,0,3,7,6,0,0,0,20,11,2,200,200,200,200,200,200,200
364006,0,35,2,12,0,3,12,5,0,0,0,18,22,0,5,0,3,0,200,200,200
364006,0,35,2,12,0,3,12,5,0,0,0,18,22,1,200,0,0,0,0,200,200
364006,1,35,2,12,0,3,12,5,0,0,0,18,22,1,4,0,200,200,200,200,200
364006,1,35,2,12,0,3,12,5,0,0,0,18,22,0,3,0,200,200,200,200,200
364006,1,35,2,12,0,3,12,5,0,0,0,18,22,0,4,0,200,200,200,200,200
364007,0,35,1,2,0,3,14,5,0,0,0,17,200,1,6,0,1,0,0,200,200
364007,0,35,1,2,0,3,14,5,0,0,0,17,200,0,5,0,12,0,0,200,200
364021,0,30,0,0,0,3,12,5,0,0,0,0,200,1,5,200,200,0,1,200,200
364021,0,30,0,0,0,3,12,5,0,0,0,0,200,0,6,200,0,0,0,200,200
364021,1,30,0,0,0,3,12,5,0,0,0,0,200,1,6,200,200,200,200,200,200
364021,1,30,0,0,0,3,12,5,0,0,0,0,200,1,6,200,200,200,200,200,200
364025,0,30,200,200,0,3,12,12,0,200,200,22,22,2,200,200,200,200,200,200,200
364025,0,30,200,200,0,3,12,12,0,200,200,22,22,1,6,200,200,200,1,200,200
364034,0,30,0,0,0,3,7,5,0,0,0,0,0,2,200,200,200,200,200,200,200
364041,0,20,0,0,0,3,7,6,0,0,0,0,0,0,6,200,200,0,0,200,200
364045,0,30,0,0,0,3,12,5,0,0,0,20,200,2,200,200,6,200,200,200,200
364045,0,30,0,0,0,3,12,5,0,0,0,20,200,1,5,0,0,0,0,200,200
364067,0,25,2,2,0,3,0,200,0,0,0,5,11,0,6,0,5,0,0,200,200
364067,0,25,2,2,0,3,0,200,0,0,0,5,11,0,6,0,0,0,0,200,200
364074,1,30,1,2,0,3,0,5,0,0,0,6,7,1,200,200,200,200,200,200,200
364074,0,30,1,2,0,3,0,5,0,0,0,6,7,0,5,200,5,0,200,200,200
364074,0,30,1,2,0,3,0,5,0,0,0,6,7,0,6,200,200,0,0,200,200
364074,1,30,1,2,0,3,0,5,0,0,0,6,7,1,200,200,200,200,200,200,200
364074,1,30,1,2,0,3,0,5,0,0,0,6,7,1,200,200,200,200,200,200,200
364075,0,40,0,0,0,3,14,3,0,0,0,23,22,0,5,0,2,0,0,200,200
364075,0,40,0,0,0,3,14,3,0,0,0,23,22,0,6,0,0,0,0,200,200
364085,0,35,1,2,0,3,12,12,0,0,0,22,200,1,6,200,4,0,0,200,200
364085,0,35,1,2,0,3,12,12,0,0,0,22,200,0,8,200,12,0,0,200,200
364086,0,30,0,0,0,3,12,5,0,0,0,21,16,1,200,200,4,200,0,200,200
364086,0,30,0,0,0,3,12,5,0,0,0,21,16,0,6,200,12,200,0,200,200
364094,0,30,0,0,0,3,2,5,0,0,0,25,0,0,200,200,12,200,200,200,200
364094,1,30,0,0,0,3,2,5,0,0,0,25,0,1,200,200,200,200,200,200,200
364110,0,30,1,2,0,3,10,2,0,0,200,16,16,0,6,0,12,0,200,200,200
364110,0,30,1,2,0,3,10,2,0,0,200,16,16,1,5,0,0,0,1,200,200
364110,1,30,1,2,0,3,10,2,0,0,200,16,16,0,5,0,200,200,200,200,200
364110,1,30,1,2,0,3,10,2,0,0,200,16,16,1,1,0,200,200,200,200,200
364110,1,30,1,2,0,3,10,2,0,0,200,16,16,1,2,0,200,200,200,200,200
364110,1,30,1,2,0,3,10,2,0,0,200,16,16,0,0,0,200,200,200,200,200
364116,0,35,1,2,0,3,2,2,0,0,0,25,200,2,200,200,12,200,200,200,200
364116,1,35,1,2,0,3,2,2,0,0,0,25,200,2,200,200,200,200,200,200,200
364120,0,30,0,0,0,3,10,5,0,0,0,18,18,2,200,200,3,200,200,200,200
364120,0,30,0,0,0,3,10,5,0,0,0,18,18,1,5,7,0,0,0,200,200
364123,0,20,0,0,0,3,2,0,0,0,0,0,0,2,200,200,200,200,200,200,200
364143,0,30,0,0,0,2,10,2,0,0,200,18,200,1,5,200,3,200,7,200,200
364143,0,30,0,0,0,2,10,2,0,0,200,18,200,0,6,200,0,200,0,200,200
364163,0,30,1,1,0,1,14,2,0,0,0,0,0,0,9,200,200,0,0,200,200
364163,0,30,1,1,0,1,14,2,0,0,0,0,0,1,5,200,200,0,0,200,200
364175,0,35,0,0,0,1,14,5,0,0,0,18,23,0,5,0,3,200,0,200,200
364175,0,35,0,0,0,1,14,5,0,0,0,18,23,0,6,0,7,200,0,200,200
364175,1,35,0,0,0,1,14,5,0,0,0,18,23,1,6,0,200,200,200,200,200
364183,0,30,1,2,0,1,8,2,0,0,0,16,23,2,200,200,1,200,200,200,200
364183,4,30,1,2,0,1,8,2,0,0,0,16,23,0,6,3,0,0,0,200,200
364185,0,30,0,0,0,1,14,2,0,0,0,17,16,0,9,0,1,0,0,200,200
364185,0,30,0,0,0,1,14,2,0,0,0,17,16,0,5,2,0,0,0,200,200
364187,0,30,2,2,0,1,14,5,0,0,0,11,200,1,7,0,12,0,0,200,200
364187,0,30,2,2,0,1,14,5,0,0,0,11,200,1,5,0,12,0,0,200,200
364187,1,30,2,2,0,1,14,5,0,0,0,11,200,0,7,0,200,200,200,200,200
364187,1,30,2,2,0,1,14,5,0,0,0,11,200,0,0,5,200,200,200,200,200
364196,0,25,0,0,0,1,8,0,0,0,0,200,200,1,6,0,200,2,0,200,200
364196,4,25,0,0,0,1,8,0,0,0,0,200,200,0,7,7,200,2,0,200,200
364200,0,10,0,0,0,1,7,7,0,0,0,0,0,0,200,200,6,200,200,200,200
364200,1,10,0,0,0,1,7,7,0,0,0,0,0,1,200,200,200,200,200,200,200
364203,0,20,0,0,0,1,7,6,0,0,0,0,0,1,3,200,0,200,200,200,200
364206,0,30,0,0,0,1,5,7,0,0,0,8,200,0,200,0,200,6,200,200,200
364213,0,30,0,0,0,1,7,5,0,0,0,0,0,0,200,200,200,200,200,200,200
364215,0,30,1,2,0,1,10,5,0,0,0,7,0,0,5,0,12,0,0,200,200
364215,0,30,1,2,0,1,10,5,0,0,0,7,0,1,6,0,0,0,0,200,200
364215,0,30,1,2,0,1,10,5,0,0,0,7,0,1,7,0,0,0,0,200,200
364221,0,30,2,0,0,1,10,5,0,0,0,0,0,1,6,0,200,0,0,200,200
364221,0,30,2,0,0,1,10,5,0,0,0,0,0,0,200,200,200,200,200,200,200
364221,1,30,2,0,0,1,10,5,0,0,0,0,0,2,200,200,200,200,200,200,200
364222,0,0,0,0,0,1,7,6,0,0,0,16,200,1,200,200,0,200,0,200,200
364230,0,25,0,0,0,200,7,6,0,0,0,0,0,2,200,200,200,200,200,200,200
364231,0,30,1,200,0,2,10,2,0,0,0,0,0,1,200,200,200,200,200,200,200
364231,0,30,1,200,0,2,10,2,0,0,0,0,0,1,7,0,0,0,200,200,200
364247,0,30,0,0,0,1,7,6,0,0,0,0,200,2,200,200,200,200,200,200,200
364248,0,30,1,2,0,1,12,2,0,0,0,18,200,1,6,200,0,200,0,200,200
364248,0,30,1,2,0,1,12,2,0,0,0,18,200,0,6,200,3,200,0,200,200
364250,0,30,1,2,0,1,10,5,0,0,0,18,16,0,6,200,3,0,0,200,200
364250,0,30,1,2,0,1,10,5,0,0,0,18,16,0,6,200,15,0,0,200,200
364250,0,30,1,2,0,1,10,5,0,0,0,18,16,2,200,200,0,200,200,200,200
364256,0,25,0,0,0,3,7,6,0,0,0,200,0,2,200,200,200,200,200,200,200
364259,0,30,2,2,0,1,0,2,0,0,0,11,33,0,6,0,12,12,0,200,200
364259,0,30,2,2,0,1,0,2,0,0,0,11,33,1,6,0,12,12,0,200,200
364259,1,30,2,2,0,1,0,2,0,0,0,11,33,0,3,0,200,200,200,200,200
364259,1,30,2,2,0,1,0,2,0,0,0,11,33,1,1,5,200,200,200,200,200
364261,0,30,0,0,0,1,7,5,0,0,0,0,0,1,7,0,200,0,0,200,200
364262,0,30,0,0,0,200,7,6,0,0,200,0,0,2,200,200,200,200,200,200,200
364270,0,45,0,0,0,1,12,3,0,0,0,21,11,0,4,0,4,0,0,200,200
364270,0,45,0,0,0,1,12,3,0,0,0,21,11,1,6,0,0,0,0,200,200
364270,1,45,0,0,0,1,12,3,0,0,0,21,11,0,6,0,200,200,200,200,200
364272,0,30,0,0,0,1,14,5,0,0,0,0,0,1,6,0,3,0,0,200,200
364272,0,30,0,0,0,1,14,5,0,0,0,0,0,0,5,7,0,0,0,200,200
364275,0,30,0,0,200,1,10,5,0,200,0,18,200,0,200,200,3,200,0,200,200
364275,0,30,0,0,200,1,10,5,0,200,0,18,200,1,200,0,12,0,0,200,200
364276,0,30,0,0,0,1,0,5,0,0,0,0,200,0,5,0,0,0,0,200,200
364276,0,30,0,0,0,1,0,5,0,0,0,0,200,0,6,0,0,0,0,200,200
364277,0,30,0,0,0,1,7,3,0,0,0,17,17,2,200,200,1,200,200,200,200
364278,0,25,0,0,0,1,12,6,0,0,0,0,0,0,6,0,0,0,0,200,200
364278,0,25,0,0,0,1,12,6,0,0,0,0,0,1,6,0,0,0,0,200,200
364280,0,30,0,0,0,1,3,2,0,0,0,200,200,0,200,200,200,1,200,200,200
364280,0,30,0,0,0,1,3,2,0,0,0,200,200,1,8,0,0,200,200,200,200
364289,0,30,0,0,0,1,14,2,0,0,0,0,0,1,6,0,12,0,0,200,200
364289,0,30,0,0,0,1,14,2,0,0,0,0,0,0,7,200,12,0,0,200,200
364296,0,40,0,0,0,1,10,3,5,0,0,21,200,0,5,0,4,0,0,200,200
364296,0,40,0,0,0,1,10,3,5,0,0,21,200,1,5,0,0,0,0,200,200
364296,1,40,0,0,0,1,10,3,5,0,0,21,200,1,5,0,200,200,200,200,200
364301,0,30,1,2,0,1,14,2,0,0,0,21,200,0,7,200,12,200,0,200,200
364301,0,30,1,2,0,1,14,2,0,0,0,21,200,1,5,200,12,200,0,200,200
364317,0,30,1,2,0,1,14,1,0,0,0,0,200,0,5,0,200,0,0,200,200
364317,0,30,1,2,0,1,14,1,0,0,0,0,200,0,7,0,200,0,0,200,200
364317,1,30,1,2,0,1,14,1,0,0,0,0,200,0,0,5,200,200,200,200,200
364317,1,30,1,2,0,1,14,1,0,0,0,0,200,0,8,7,200,200,200,200,200
364318,0,30,1,2,200,1,10,5,0,200,200,18,0,1,7,200,3,200,200,200,200
364318,0,30,1,2,200,1,10,5,0,200,200,18,0,0,7,0,12,0,0,200,200
364318,1,30,1,2,200,1,10,5,0,200,200,18,0,1,5,0,200,200,200,200,200
364320,0,30,0,0,0,1,14,6,0,0,0,23,200,0,6,0,7,0,0,200,200
364320,0,30,0,0,0,1,14,6,0,0,0,23,200,0,6,0,0,0,0,200,200
364323,0,45,0,0,0,1,12,8,0,0,0,17,0,0,5,0,1,0,0,200,200
364323,0,45,0,0,0,1,12,8,0,0,0,17,0,1,6,200,0,200,200,200,200
364323,1,45,0,0,0,1,12,8,0,0,0,17,0,1,200,200,200,200,200,200,200
364323,1,45,0,0,0,1,12,8,0,0,0,17,0,1,200,200,200,200,200,200,200
364331,0,30,0,0,0,1,7,12,0,0,0,200,200,2,200,200,200,200,200,200,200
364335,0,30,0,0,0,1,12,2,0,0,0,21,22,0,200,0,4,0,0,200,200
364335,0,30,0,0,0,1,12,2,0,0,0,21,22,0,200,0,0,0,0,200,200
364336,0,30,0,0,200,200,7,5,0,200,0,0,0,2,200,200,200,200,200,200,200
364337,0,25,0,0,0,1,0,6,0,0,0,0,200,0,6,0,1,0,0,200,200
364337,0,25,0,0,0,1,0,6,0,0,0,0,200,0,7,0,0,0,0,200,200
364342,0,30,1,2,0,1,10,2,0,0,0,0,0,0,9,200,200,200,200,200,200
364342,0,30,1,2,0,1,10,2,0,0,0,0,0,0,5,0,0,0,0,200,200
364343,0,30,1,2,0,1,12,2,0,0,0,22,200,1,5,0,2,0,0,200,200
364343,0,30,1,2,0,1,12,2,0,0,0,22,200,0,7,0,0,0,0,200,200
364344,4,30,0,0,0,1,8,5,0,0,0,17,200,1,6,7,0,0,0,200,200
364344,1,30,0,0,0,1,8,5,0,0,0,17,200,1,200,200,200,200,200,200,200
364352,0,30,0,0,0,1,7,5,0,0,0,0,200,2,200,200,200,200,200,200,200