RD_NO,PERSON_TYPE,POSTED_SPEED_LIMIT,TRAFFIC_CONTROL_DEVICE,DEVICE_CONDITION,WEATHER_CONDITION,LIGHTING_CONDITION,FIRST_CRASH_TYPE,TRAFFICWAY_TYPE,ALIGNMENT,ROADWAY_SURFACE_COND,ROAD_DEFECT,PRIM_CONTRIBUTORY_CAUSE,SEC_CONTRIBUTORY_CAUSE,SEX,AGE,SAFETY_EQUIPMENT,DRIVER_ACTION,DRIVER_VISION,PHYSICAL_CONDITION,BAC_RESULT VALUE,CELL_PHONE_USE
364353,0,30,1,2,0,0,0,3,0,0,0,17,17,0,7,0,1,0,0,200,200
364353,0,30,1,2,0,0,0,3,0,0,0,17,17,1,7,0,0,0,0,200,200
364356,0,30,0,0,0,1,14,5,0,0,0,23,17,0,200,200,7,200,200,200,200
364356,0,30,0,0,0,1,14,5,0,0,0,23,17,0,8,7,0,0,0,200,200
364357,0,30,0,0,0,1,12,5,0,0,0,0,200,1,6,0,12,0,0,200,200
364357,0,30,0,0,0,1,12,5,0,0,0,0,200,0,7,0,12,0,0,200,200
364364,0,30,0,0,0,1,7,6,0,0,1,7,11,1,5,0,2,0,0,200,200
364366,5,30,2,2,0,1,9,5,0,0,0,200,200,0,2,7,0,0,0,200,200
364366,0,30,2,2,0,1,9,5,0,0,0,200,200,1,6,0,0,0,0,200,200
364386,0,25,0,0,0,1,7,5,0,0,0,0,0,0,8,200,200,0,0,200,200
364386,1,25,0,0,0,1,7,5,0,0,0,0,0,0,5,200,200,200,200,200,200
364386,1,25,0,0,0,1,7,5,0,0,0,0,0,1,5,200,200,200,200,200,200
364386,1,25,0,0,0,1,7,5,0,0,0,0,0,0,5,200,200,200,200,200,200
364388,0,30,1,200,0,1,12,5,0,0,200,0,0,1,7,200,200,200,0,200,200
364388,0,30,1,200,0,1,12,5,0,0,200,0,0,0,6,200,200,200,0,200,200
364391,0,30,1,2,0,1,14,1,0,200,200,6,16,0,6,0,5,200,0,200,200
364391,0,30,1,2,0,1,14,1,0,200,200,6,16,1,6,0,0,200,0,200,200
364396,0,30,1,2,0,1,10,2,0,0,0,0,0,1,5,200,200,200,200,200,200
364396,0,30,1,2,0,1,10,2,0,0,0,0,0,0,6,0,0,0,0,200,200
364397,0,30,2,3,0,1,0,5,0,0,0,20,200,0,6,200,6,200,200,200,200
364397,0,30,2,3,0,1,0,5,0,0,0,20,200,1,7,0,0,0,0,200,200
364398,0,30,0,0,0,1,0,6,0,0,0,0,0,1,200,0,200,200,0,200,200
364398,0,30,0,0,0,1,0,6,0,0,0,0,0,0,200,0,200,200,200,200,200
364398,1,30,0,0,0,1,0,6,0,0,0,0,0,0,200,0,200,200,200,200,200
364398,1,30,0,0,0,1,0,6,0,0,0,0,0,0,200,0,200,200,200,200,200
364398,1,30,0,0,0,1,0,6,0,0,0,0,0,0,200,0,200,200,200,200,200
364401,0,30,0,0,0,1,0,5,0,0,0,200,200,1,6,200,200,0,0,200,200
364401,0,30,0,0,0,1,0,5,0,0,0,200,200,1,6,7,0,0,0,200,200
364405,0,30,1,2,0,1,0,5,0,0,0,17,17,0,7,0,1,0,0,200,200
364405,0,30,1,2,0,1,0,5,0,0,0,17,17,0,6,0,0,0,0,200,200
364406,0,25,2,2,0,1,12,5,0,0,0,0,200,2,200,200,200,200,200,200,200
364406,0,25,2,2,0,1,12,5,0,0,0,0,200,1,6,0,200,0,0,200,200
364408,0,15,0,0,0,1,0,7,0,0,0,17,0,0,8,200,1,0,0,200,200
364408,0,15,0,0,0,1,0,7,0,0,0,17,0,1,6,0,0,0,0,200,200
364408,1,15,0,0,0,1,0,7,0,0,0,17,0,0,3,0,200,200,200,200,200
364408,1,15,0,0,0,1,0,7,0,0,0,17,0,0,2,0,200,200,200,200,200
364415,0,35,1,2,0,1,14,5,0,0,0,23,18,0,6,0,200,0,0,200,200
364415,0,35,1,2,0,1,14,5,0,0,0,23,18,1,8,0,3,0,0,200,200
364415,1,35,1,2,0,1,14,5,0,0,0,23,18,1,7,0,200,200,200,200,200
364418,0,30,200,200,0,1,10,5,0,200,200,18,200,1,7,200,3,200,0,200,200
364418,0,30,200,200,0,1,10,5,0,200,200,18,200,1,6,200,12,200,0,200,200
364432,0,10,0,0,0,1,2,0,0,0,0,200,200,0,5,0,7,0,0,200,200
364433,0,30,0,0,0,1,9,5,0,0,0,17,200,1,6,0,5,0,0,200,200
364433,5,30,0,0,0,1,9,5,0,0,0,17,200,0,7,7,0,0,0,200,200
364443,0,30,0,0,0,1,14,2,0,0,0,0,200,0,5,200,200,0,0,200,200
364443,0,30,0,0,0,1,14,2,0,0,0,0,200,0,4,200,0,0,0,200,200
364469,0,30,0,0,0,1,12,2,0,0,0,0,200,0,9,0,200,200,0,200,200
364469,0,30,0,0,0,1,12,2,0,0,0,0,200,1,6,200,200,200,200,200,200
364473,0,30,0,0,0,3,7,5,0,0,3,17,200,2,200,200,1,200,200,200,200
364477,0,30,0,0,0,1,0,7,0,0,0,20,20,1,6,0,6,0,0,200,200
364477,0,30,0,0,0,1,0,7,0,0,0,20,20,1,5,0,0,0,0,200,200
364482,0,25,1,2,0,1,2,1,0,0,0,4,33,0,5,0,12,3,0,200,200
364488,0,30,0,0,0,1,14,5,0,0,0,18,200,0,3,200,3,0,0,200,200
364488,0,30,0,0,0,1,14,5,0,0,0,18,200,0,6,0,0,0,0,200,200
364488,1,30,0,0,0,1,14,5,0,0,0,18,200,0,5,200,200,200,200,200,200
364488,1,30,0,0,0,1,14,5,0,0,0,18,200,1,3,200,200,200,200,200,200
364491,0,0,0,0,0,1,7,7,0,0,0,25,25,1,200,200,12,200,200,200,200
364492,0,30,1,2,0,1,10,5,0,0,0,18,0,1,5,200,3,200,200,200,200
364492,0,30,1,2,0,1,10,5,0,0,0,18,0,1,5,0,0,0,0,200,200
364492,1,30,1,2,0,1,10,5,0,0,0,18,0,1,1,0,200,200,200,200,200
364492,1,30,1,2,0,1,10,5,0,0,0,18,0,1,1,0,200,200,200,200,200
364492,1,30,1,2,0,1,10,5,0,0,0,18,0,1,1,0,200,200,200,200,200
364498,0,30,0,0,0,1,12,2,0,0,0,0,200,1,5,200,200,0,0,200,200
364498,0,30,0,0,0,1,12,2,0,0,0,0,200,0,7,200,0,0,0,200,200
364498,1,30,0,0,0,1,12,2,0,0,0,0,200,0,2,200,200,200,200,200,200
364504,0,30,0,0,0,1,7,5,0,0,0,22,0,0,6,0,7,0,200,200,200
364504,1,30,0,0,0,1,7,5,0,0,0,22,0,0,200,0,200,200,200,200,200
364506,0,30,0,0,0,1,12,5,0,0,0,0,0,0,200,0,12,0,0,200,200
364506,0,30,0,0,0,1,12,5,0,0,0,0,0,0,200,0,0,0,0,200,200
364513,0,30,0,0,0,1,12,5,0,0,0,21,200,0,7,7,200,0,0,200,200
364513,0,30,0,0,0,1,12,5,0,0,0,21,200,0,7,7,0,0,0,200,200
364515,0,30,2,2,0,1,7,5,0,0,0,0,200,0,6,0,12,200,0,200,200
364515,1,30,2,2,0,1,7,5,0,0,0,0,200,0,7,0,200,200,200,200,200
364515,1,30,2,2,0,1,7,5,0,0,0,0,200,0,6,0,200,200,200,200,200
364515,1,30,2,2,0,1,7,5,0,0,0,0,200,0,7,0,200,200,200,200,200
364515,1,30,2,2,0,1,7,5,0,0,0,0,200,0,6,0,200,200,200,200,200
364521,0,30,1,2,0,1,14,2,0,0,0,22,20,0,7,200,2,0,0,200,200
364521,0,30,1,2,0,1,14,2,0,0,0,22,20,0,6,200,6,200,0,200,200
364521,0,30,1,2,0,1,14,2,0,0,0,22,20,1,5,200,0,0,0,200,200
364523,0,30,1,2,0,1,10,2,0,0,0,18,16,0,7,0,3,0,0,200,200
364523,0,30,1,2,0,1,10,2,0,0,0,18,16,1,7,0,0,0,0,200,200
364523,1,30,1,2,0,1,10,2,0,0,0,18,16,1,3,0,200,200,200,200,200
364523,1,30,1,2,0,1,10,2,0,0,0,18,16,0,2,0,200,200,200,200,200
364527,0,30,0,0,0,1,10,5,0,0,0,18,200,1,7,0,3,0,0,200,200
364527,0,30,0,0,0,1,10,5,0,0,0,18,200,0,6,0,0,0,0,200,200
364536,0,30,0,0,0,1,5,7,0,0,0,16,200,0,4,200,12,0,0,200,200
364541,0,35,0,0,0,1,2,5,3,0,0,15,200,0,5,200,12,0,0,200,200
364541,1,35,0,0,0,1,2,5,3,0,0,15,200,0,3,200,200,200,200,200,200
364544,0,30,0,0,0,1,12,3,0,0,0,0,0,1,6,0,200,200,0,200,200
364544,0,30,0,0,0,1,12,3,0,0,0,0,0,1,6,200,0,200,0,200,200
364545,0,25,0,0,0,1,7,5,0,0,0,0,200,0,200,200,200,200,200,200,200
364548,0,30,0,0,0,1,7,6,0,0,0,20,20,1,200,200,6,200,200,200,200
364555,0,30,2,2,0,1,0,6,0,0,0,20,21,0,6,0,10,0,0,200,200
364555,0,30,2,2,0,1,0,6,0,0,0,20,21,1,6,0,0,0,0,200,200
364563,0,35,0,0,0,3,10,5,0,0,0,16,18,2,200,200,3,200,200,200,200
364563,0,35,0,0,0,3,10,5,0,0,0,16,18,0,7,0,0,0,0,200,200
364567,0,30,1,2,0,2,10,2,0,0,0,18,200,1,5,200,3,200,200,200,200
364567,0,30,1,2,0,2,10,2,0,0,0,18,200,0,5,0,0,0,0,200,200
364571,0,30,0,0,0,1,7,6,0,0,0,2,200,1,5,200,15,0,7,200,200
364571,1,30,0,0,0,1,7,6,0,0,0,2,200,1,7,200,200,200,200,200,200
364573,0,30,0,200,0,1,9,2,0,200,200,11,20,0,200,200,6,200,200,200,200
364573,5,30,0,200,0,1,9,2,0,200,200,11,20,0,3,200,0,200,0,200,200
364586,0,30,0,0,0,1,2,0,0,0,0,0,0,0,7,0,12,0,0,200,200
364598,0,30,0,0,0,1,12,2,0,0,0,17,200,1,6,0,1,0,0,200,200
364598,0,30,0,0,0,1,12,2,0,0,0,17,200,1,5,0,0,0,0,200,200
364598,1,30,0,0,0,1,12,2,0,0,0,17,200,0,1,5,200,200,200,200,200
364601,0,0,1,2,0,1,10,200,0,200,200,0,200,0,5,200,200,200,200,200,200
364601,0,0,1,2,0,1,10,200,0,200,200,0,200,0,7,0,200,200,0,200,200
364602,0,30,2,2,0,1,2,5,0,0,0,0,0,0,7,200,200,0,0,200,200
364604,0,30,0,0,0,1,7,7,0,0,0,0,0,2,200,200,200,200,200,200,200
364608,0,30,1,200,0,1,10,5,0,0,0,18,200,0,200,200,3,200,200,200,200
364608,0,30,1,200,0,1,10,5,0,0,0,18,200,0,6,0,0,200,0,200,200
364621,0,20,0,0,0,1,10,2,0,0,200,18,18,1,6,200,3,200,0,200,200
364621,0,20,0,0,0,1,10,2,0,0,200,18,18,0,0,200,0,200,0,200,200
364622,0,30,0,0,0,1,14,5,0,0,0,200,200,1,8,0,0,0,0,200,200
364622,0,30,0,0,0,1,14,5,0,0,0,200,200,1,6,7,0,0,0,200,200
364622,1,30,0,0,0,1,14,5,0,0,0,200,200,0,200,0,200,200,200,200,200
364625,0,30,0,0,0,1,10,3,0,0,0,0,0,1,5,0,0,0,0,200,200
364625,0,30,0,0,0,1,10,3,0,0,0,0,0,0,7,0,0,0,0,200,200
364629,0,0,1,2,0,1,7,2,0,0,0,28,0,0,6,0,12,0,0,200,200
364633,0,30,0,0,0,1,7,5,0,0,0,0,200,2,200,200,200,200,200,200,200
364634,0,30,1,2,0,1,14,5,0,0,0,0,0,0,5,200,200,200,200,200,200
364634,0,30,1,2,0,1,14,5,0,0,0,0,0,0,7,0,0,0,0,200,200
364637,0,15,0,0,0,1,2,0,0,0,0,0,0,2,200,200,200,200,200,200,200
364652,0,30,2,2,0,1,0,12,0,0,0,16,11,0,6,0,200,0,0,200,200
364652,0,30,2,2,0,1,0,12,0,0,0,16,11,0,7,0,200,200,0,200,200
364652,1,30,2,2,0,1,0,12,0,0,0,16,11,0,2,0,200,200,200,200,200
364652,1,30,2,2,0,1,0,12,0,0,0,16,11,1,5,0,200,200,200,200,200
364652,1,30,2,2,0,1,0,12,0,0,0,16,11,1,1,0,200,200,200,200,200
364652,1,30,2,2,0,1,0,12,0,0,0,16,11,1,2,0,200,200,200,200,200
364652,1,30,2,2,0,1,0,12,0,0,0,16,11,0,0,5,200,200,200,200,200
364652,1,30,2,2,0,1,0,12,0,0,0,16,11,1,2,0,200,200,200,200,200
364663,0,30,200,200,0,1,7,5,0,0,200,0,200,2,200,200,200,200,200,200,200
364665,0,30,0,0,0,3,7,6,0,0,0,22,0,2,200,200,200,200,200,200,200
364671,0,30,0,0,0,1,8,5,0,0,200,17,200,1,6,200,1,200,200,200,200
364671,4,30,0,0,0,1,8,5,0,0,200,17,200,1,5,3,0,0,0,200,200
364679,0,25,0,200,0,3,7,5,0,0,0,0,200,2,200,200,200,200,200,200,200
364685,0,30,0,0,0,1,12,5,0,0,0,0,0,1,4,0,200,0,0,200,200
364685,0,30,0,0,0,1,12,5,0,0,0,0,0,1,6,0,0,0,0,200,200
364688,0,30,1,2,0,1,10,5,0,0,0,0,0,1,7,0,0,0,0,200,200
364688,0,30,1,2,0,1,10,5,0,0,0,0,0,0,6,0,0,0,0,200,200
364692,0,20,0,0,0,1,7,2,0,0,200,200,0,2,200,200,200,200,200,200,200
364693,0,30,0,0,0,1,2,2,0,0,0,29,29,0,7,0,0,0,0,200,200
364696,0,30,12,12,0,1,10,2,0,12,2,16,18,0,4,0,3,0,0,200,200
364696,0,30,12,12,0,1,10,2,0,12,2,16,18,0,6,3,0,0,0,200,200
364700,0,30,1,2,0,1,10,2,0,0,0,20,16,0,5,200,6,0,0,200,200
364700,0,30,1,2,0,1,10,2,0,0,0,20,16,0,7,200,12,0,0,200,200
364703,0,30,0,0,0,1,10,3,0,0,0,0,0,0,200,200,200,200,200,200,200
364703,0,30,0,0,0,1,10,3,0,0,0,0,0,1,4,0,0,0,0,200,200
364706,0,20,0,0,0,1,7,7,0,200,200,0,0,1,200,200,200,200,200,200,200
364714,0,30,0,0,0,1,12,5,0,0,0,21,7,0,9,200,200,0,0,200,200
364714,0,30,0,0,0,1,12,5,0,0,0,21,7,1,6,200,200,0,0,200,200
364717,0,30,0,0,0,1,7,5,2,0,0,23,200,1,5,0,7,4,0,200,200
364723,0,30,0,0,0,1,7,5,0,0,0,21,200,0,5,0,4,0,0,200,200
364724,0,30,0,0,0,1,3,3,0,0,0,0,0,0,200,200,200,200,200,200,200
364724,0,30,0,0,0,1,3,3,0,0,0,0,0,0,5,0,0,0,0,200,200
364724,1,30,0,0,0,1,3,3,0,0,0,0,0,1,4,0,200,200,200,200,200
364725,0,30,1,2,0,1,14,2,0,0,0,0,0,0,7,0,7,0,0,200,200
364725,0,30,1,2,0,1,14,2,0,0,0,0,0,1,4,0,0,0,0,200,200
364727,0,0,0,0,0,1,12,5,0,0,0,0,0,0,200,200,200,200,200,200,200
364727,0,0,0,0,0,1,12,5,0,0,0,0,0,0,5,200,0,0,0,200,200
364730,0,30,200,200,0,1,10,5,0,0,0,0,200,0,200,200,200,200,200,200,200
364730,0,30,200,200,0,1,10,5,0,0,0,0,200,0,9,200,0,200,0,200,200
364730,1,30,200,200,0,1,10,5,0,0,0,0,200,1,6,200,200,200,200,200,200
364732,0,30,1,2,0,1,12,5,0,0,0,21,200,1,200,0,4,0,0,200,200
364732,0,30,1,2,0,1,12,5,0,0,0,21,200,1,5,0,0,0,0,200,200
364739,0,30,0,0,0,1,7,5,0,0,0,200,200,2,200,200,200,200,200,200,200
364744,4,30,0,0,0,1,8,5,0,0,0,200,200,0,200,7,12,200,5,200,200
364744,0,30,0,0,0,1,8,5,0,0,0,200,200,1,5,200,0,0,0,200,200
364746,0,30,1,2,0,1,10,2,0,0,0,18,200,0,4,200,3,200,0,200,200
364746,0,30,1,2,0,1,10,2,0,0,0,18,200,0,8,200,0,200,0,200,200
364751,0,10,0,0,0,1,9,7,0,200,200,20,20,0,200,200,6,200,200,200,200
364751,5,10,0,0,0,1,9,7,0,200,200,20,20,0,8,7,0,200,200,200,200
364755,0,25,2,2,0,1,9,1,0,0,0,17,5,1,200,200,5,200,200,200,0
364755,5,25,2,2,0,1,9,1,0,0,0,17,5,1,5,7,0,0,0,200,200
364762,0,10,0,0,0,1,7,0,0,0,200,0,0,2,200,200,200,200,200,200,200
364766,0,0,0,0,0,1,7,7,0,0,0,0,0,2,200,200,200,200,200,200,200
364771,0,30,1,2,0,1,10,5,0,0,0,18,200,0,7,200,3,0,0,200,200
364771,0,30,1,2,0,1,10,5,0,0,0,18,200,1,6,200,0,0,0,200,200
364771,1,30,1,2,0,1,10,5,0,0,0,18,200,1,200,200,200,200,200,200,200
364774,0,30,200,200,200,200,10,200,0,200,200,0,200,0,5,0,200,200,200,200,200
364774,0,30,200,200,200,200,10,200,0,200,200,0,200,0,7,0,200,200,200,200,200
364778,0,10,0,0,0,1,7,7,0,0,200,0,200,2,200,200,200,200,200,200,200
364779,0,30,0,200,0,1,5,0,0,0,200,20,20,0,200,200,6,200,200,200,200
364780,0,30,0,200,0,1,12,6,0,0,0,11,0,0,6,7,4,0,0,200,200
364780,0,30,0,200,0,1,12,6,0,0,0,11,0,0,7,200,0,200,0,200,200
364787,0,30,1,2,0,1,0,12,0,0,0,6,200,0,5,0,1,200,0,200,200
364787,0,30,1,2,0,1,0,12,0,0,0,6,200,1,8,0,0,200,0,200,200
364788,0,30,0,0,0,1,7,7,0,0,0,27,200,0,7,200,12,0,7,200,200
364789,0,30,0,0,0,1,12,2,0,0,0,11,0,1,6,200,200,200,200,200,200
364789,0,30,0,0,0,1,12,2,0,0,0,11,0,1,9,200,200,200,0,200,200
364793,0,35,0,0,200,1,7,7,0,200,200,200,200,2,200,200,200,200,200,200,200
364796,0,30,12,12,0,1,12,6,0,0,0,17,200,0,5,200,1,0,0,200,200
364796,0,30,12,12,0,1,12,6,0,0,0,17,200,0,5,200,0,0,0,200,200
364798,0,30,1,2,0,1,10,2,0,0,0,18,200,0,6,200,3,0,0,200,200
364798,0,30,1,2,0,1,10,2,0,0,0,18,200,0,6,200,0,0,0,200,200
364799,0,30,1,200,0,1,10,5,0,200,200,0,16,1,200,200,1,200,200,200,200
364799,0,30,1,200,0,1,10,5,0,200,200,0,16,1,9,200,200,200,0,200,200
364800,0,30,0,0,0,1,10,5,0,0,0,200,200,0,200,200,0,200,200,200,200
364800,0,30,0,0,0,1,10,5,0,0,0,200,200,0,7,0,0,0,0,200,200
364800,1,30,0,0,0,1,10,5,0,0,0,200,200,1,200,0,200,200,200,200,200
364804,0,30,0,2,0,1,12,5,0,0,0,7,200,1,6,200,12,0,0,200,200
364804,0,30,0,2,0,1,12,5,0,0,0,7,200,0,6,200,0,0,0,200,200
364808,0,30,1,2,0,1,10,2,0,0,0,18,16,1,4,200,3,0,0,200,200
364808,0,30,1,2,0,1,10,2,0,0,0,18,16,0,7,200,0,0,0,200,200
364809,0,30,0,0,0,1,10,7,0,0,0,20,200,0,200,200,6,200,200,200,200
364809,0,30,0,0,0,1,10,7,0,0,0,20,200,0,4,0,12,200,0,200,200
364814,0,30,0,0,0,1,7,6,0,200,200,22,22,0,200,200,2,200,200,200,200
364814,1,30,0,0,0,1,7,6,0,200,200,22,22,0,200,200,200,200,200,200,200
364821,0,30,200,200,200,200,12,200,0,200,200,0,200,0,200,200,200,200,200,200,200
364821,0,30,200,200,200,200,12,200,0,200,200,0,200,0,6,0,200,200,200,200,200
364821,1,30,200,200,200,200,12,200,0,200,200,0,200,1,6,0,200,200,200,200,200
364822,0,15,0,0,0,1,7,7,0,0,0,200,200,2,200,200,200,200,200,200,200
364824,0,30,0,0,0,1,14,2,0,0,200,17,200,0,6,0,1,0,0,200,200
364824,0,30,0,0,0,1,14,2,0,0,200,17,200,0,5,0,0,0,0,200,200
364830,0,30,0,0,200,200,7,6,0,200,200,0,200,2,200,200,200,200,200,200,200
364832,0,30,0,0,0,1,7,5,0,0,0,0,0,0,200,200,200,200,200,200,200
364840,0,35,1,200,0,1,10,3,0,0,200,200,200,1,4,200,3,0,0,200,200
364840,0,35,1,200,0,1,10,3,0,0,200,200,200,1,7,0,12,0,0,200,200
364841,0,30,0,0,0,1,11,2,0,200,200,0,0,2,200,200,9,200,200,200,200
364841,0,30,0,0,0,1,11,2,0,200,200,0,0,1,9,200,0,200,0,200,200
364845,0,30,0,0,0,1,12,6,0,0,0,22,200,1,6,200,4,200,200,200,200
364845,0,30,0,0,0,1,12,6,0,0,0,22,200,0,6,0,0,0,0,200,200
364847,0,30,0,0,0,1,7,5,0,0,200,0,200,0,200,200,200,200,200,200,200
364848,0,30,0,0,0,1,7,2,0,0,0,0,0,1,6,0,0,0,0,200,200
364849,0,30,0,0,0,4,7,5,0,200,200,7,7,1,7,200,12,200,200,200,200
364850,4,30,200,200,0,1,8,6,0,0,200,0,200,0,200,200,200,200,200,200,200
364851,0,30,0,0,0,1,12,6,0,0,0,21,200,1,5,0,4,0,0,200,200
364851,0,30,0,0,0,1,12,6,0,0,0,21,200,0,7,7,0,0,0,200,200
364851,1,30,0,0,0,1,12,6,0,0,0,21,200,0,3,0,200,200,200,200,200
364851,1,30,0,0,0,1,12,6,0,0,0,21,200,1,5,0,200,200,200,200,200
364851,1,30,0,0,0,1,12,6,0,0,0,21,200,0,3,0,200,200,200,200,200
364851,1,30,0,0,0,1,12,6,0,0,0,21,200,1,2,0,200,200,200,200,200
364851,1,30,0,0,0,1,12,6,0,0,0,21,200,1,3,0,200,200,200,200,200
364851,1,30,0,0,0,1,12,6,0,0,0,21,200,0,3,0,200,200,200,200,200
364851,1,30,0,0,0,1,12,6,0,0,0,21,200,0,3,0,200,200,200,200,200
364851,1,30,0,0,0,1,12,6,0,0,0,21,200,1,6,0,200,200,200,200,200
364851,1,30,0,0,0,1,12,6,0,0,0,21,200,1,3,0,200,200,200,200,200
364851,1,30,0,0,0,1,12,6,0,0,0,21,200,1,5,0,200,200,200,200,200
364851,1,30,0,0,0,1,12,6,0,0,0,21,200,1,3,0,200,200,200,200,200
364851,1,30,0,0,0,1,12,6,0,0,0,21,200,1,3,0,200,200,200,200,200
364851,1,30,0,0,0,1,12,6,0,0,0,21,200,1,3,0,200,200,200,200,200
364851,1,30,0,0,0,1,12,6,0,0,0,21,200,0,3,0,200,200,200,200,200
364853,0,30,1,2,0,1,12,5,0,0,200,0,0,0,7,0,12,0,0,200,200
364853,0,30,1,2,0,1,12,5,0,0,200,0,0,1,7,7,0,0,0,200,200
364854,0,30,1,2,0,1,14,5,0,0,0,23,0,0,200,200,7,200,0,200,200
364854,0,30,1,2,0,1,14,5,0,0,0,23,0,1,5,0,0,0,0,200,200
364857,0,30,0,0,0,1,14,5,0,0,0,22,200,0,5,200,2,0,0,200,200
364857,0,30,0,0,0,1,14,5,0,0,0,22,200,0,6,200,0,0,0,200,200
364858,0,30,0,0,0,1,12,6,0,0,0,0,200,0,6,200,15,200,200,200,200
364858,0,30,0,0,0,1,12,6,0,0,0,0,200,0,6,0,200,200,0,200,200
364860,0,30,0,0,0,1,12,6,0,200,200,17,17,1,5,200,1,200,200,200,200
364860,0,30,0,0,0,1,12,6,0,200,200,17,17,0,8,0,12,200,0,200,200
364860,1,30,0,0,0,1,12,6,0,200,200,17,17,0,200,200,200,200,200,200,200
364864,0,30,1,2,0,1,10,5,2,0,0,16,0,1,5,200,200,0,0,200,200
364864,0,30,1,2,0,1,10,5,2,0,0,16,0,0,6,200,0,0,0,200,200
364864,1,30,1,2,0,1,10,5,2,0,0,16,0,200,200,200,200,200,200,200,200
364866,0,30,0,0,0,1,12,5,0,0,0,22,16,1,5,0,3,0,0,200,200
364866,0,30,0,0,0,1,12,5,0,0,0,22,16,0,6,0,0,0,0,200,200
364870,0,30,1,2,0,1,12,5,0,0,200,21,200,0,7,0,4,200,0,200,200
364870,0,30,1,2,0,1,12,5,0,0,200,21,200,0,5,0,0,200,0,200,200
364871,0,30,2,12,0,1,0,2,0,0,0,0,0,0,7,200,200,200,0,200,200
364871,0,30,2,12,0,1,0,2,0,0,0,0,0,0,6,200,200,200,0,200,200
364871,0,30,2,12,0,1,0,2,0,0,0,0,0,0,6,200,200,200,0,200,200
364871,0,30,2,12,0,1,0,2,0,0,0,0,0,1,6,200,200,0,0,200,200
364873,0,30,0,0,0,1,10,5,0,0,0,0,0,0,6,200,0,0,0,200,200
364873,0,30,0,0,0,1,10,5,0,0,0,0,0,0,6,0,0,0,0,200,200
364879,0,30,1,2,0,1,0,2,0,0,0,17,16,0,8,200,1,0,0,200,200
364879,0,30,1,2,0,1,0,2,0,0,0,17,16,1,9,0,0,0,0,200,200
364880,0,30,0,2,0,1,12,5,0,0,0,20,23,0,200,200,7,200,200,200,200
364880,0,30,0,2,0,1,12,5,0,0,0,20,23,1,6,0,0,0,0,200,200
364880,1,30,0,2,0,1,12,5,0,0,0,20,23,0,200,0,200,200,200,200,200
364881,0,30,0,0,0,1,7,5,0,0,0,25,200,1,5,0,12,0,0,200,200
364882,0,20,0,0,0,1,7,2,0,0,0,0,0,2,200,200,200,200,200,200,200
364883,0,35,1,2,0,1,10,5,0,0,0,18,200,1,6,200,3,0,0,200,200
364883,0,35,1,2,0,1,10,5,0,0,0,18,200,1,4,200,0,0,0,200,200
364883,1,35,1,2,0,1,10,5,0,0,0,18,200,1,7,200,200,200,200,200,200
364883,1,35,1,2,0,1,10,5,0,0,0,18,200,1,5,200,200,200,200,200,200
364885,0,30,0,0,0,1,12,2,0,0,0,0,0,1,6,200,200,200,200,200,200
364885,0,30,0,0,0,1,12,2,0,0,0,0,0,0,8,200,0,200,0,200,200
364885,1,30,0,0,0,1,12,2,0,0,0,0,0,0,200,200,200,200,200,200,200
364885,1,30,0,0,0,1,12,2,0,0,0,0,0,1,200,200,200,200,200,200,200
364885,1,30,0,0,0,1,12,2,0,0,0,0,0,1,200,7,200,200,200,200,200
364888,0,30,1,200,0,1,12,5,0,0,200,21,200,1,6,0,4,200,0,200,200
364888,0,30,1,200,0,1,12,5,0,0,200,21,200,1,7,0,0,200,0,200,200
364889,0,35,0,0,0,1,10,5,0,0,0,18,0,0,5,200,3,0,0,200,200
364889,0,35,0,0,0,1,10,5,0,0,0,18,0,0,5,200,0,0,0,200,200
364889,1,35,0,0,0,1,10,5,0,0,0,18,0,0,5,200,200,200,200,200,200
364891,0,30,2,2,0,1,0,5,0,0,0,17,0,1,6,200,1,200,0,200,200
364891,0,30,2,2,0,1,0,5,0,0,0,17,0,1,6,200,12,0,0,200,200
364900,0,30,0,0,0,1,7,5,0,0,0,20,0,0,5,0,6,0,0,200,200
364904,0,30,0,0,0,1,3,6,0,0,0,10,200,0,200,200,9,200,200,200,200
364904,0,30,0,0,0,1,3,6,0,0,0,10,200,1,5,0,0,0,0,200,200
364908,0,30,1,2,0,1,14,5,0,0,0,18,200,2,200,200,3,200,200,200,200
364908,0,30,1,2,0,1,14,5,0,0,0,18,200,1,0,0,0,0,0,200,200
364908,1,30,1,2,0,1,14,5,0,0,0,18,200,0,200,0,200,200,200,200,200
364911,0,30,0,0,0,1,10,6,0,0,0,20,200,0,6,0,6,0,0,200,200
364911,0,30,0,0,0,1,10,6,0,0,0,20,200,0,6,0,0,0,0,200,200
364920,0,30,0,0,0,1,12,5,0,0,0,200,200,2,200,200,200,200,200,200,200
364920,0,30,0,0,0,1,12,5,0,0,0,200,200,0,5,7,0,0,0,200,200
364922,0,30,0,0,0,1,2,3,2,0,0,0,0,0,6,200,0,0,0,200,200