RD_NO,PERSON_TYPE,POSTED_SPEED_LIMIT,TRAFFIC_CONTROL_DEVICE,DEVICE_CONDITION,WEATHER_CONDITION,LIGHTING_CONDITION,FIRST_CRASH_TYPE,TRAFFICWAY_TYPE,ALIGNMENT,ROADWAY_SURFACE_COND,ROAD_DEFECT,PRIM_CONTRIBUTORY_CAUSE,SEC_CONTRIBUTORY_CAUSE,SEX,AGE,SAFETY_EQUIPMENT,DRIVER_ACTION,DRIVER_VISION,PHYSICAL_CONDITION,BAC_RESULT VALUE,CELL_PHONE_USE
364925,0,30,1,2,0,1,10,5,0,0,0,18,0,1,8,0,3,200,0,200,200
364925,0,30,1,2,0,1,10,5,0,0,0,18,0,0,6,0,0,200,0,200,200
364925,1,30,1,2,0,1,10,5,0,0,0,18,0,1,2,0,200,200,200,200,200
364925,1,30,1,2,0,1,10,5,0,0,0,18,0,0,2,0,200,200,200,200,200
364925,1,30,1,2,0,1,10,5,0,0,0,18,0,0,1,0,200,200,200,200,200
364925,1,30,1,2,0,1,10,5,0,0,0,18,0,1,0,0,200,200,200,200,200
364928,0,20,0,0,0,1,7,5,0,0,0,20,0,0,200,200,6,200,200,200,200
364928,1,20,0,0,0,1,7,5,0,0,0,20,0,0,200,200,200,200,200,200,200
364931,0,30,0,0,0,1,7,2,0,0,0,0,200,0,200,200,200,200,200,200,200
364934,0,30,1,2,0,1,14,2,0,0,0,6,200,1,7,0,4,200,0,200,200
364934,0,30,1,2,0,1,14,2,0,0,0,6,200,1,5,0,0,0,0,200,200
364935,0,30,0,0,0,1,10,2,0,0,0,0,200,0,6,0,200,0,0,200,200
364935,0,30,0,0,0,1,10,2,0,0,0,0,200,0,6,200,0,0,200,200,200
364936,0,30,0,0,0,200,0,7,0,0,0,17,200,0,6,200,1,200,0,200,200
364936,0,30,0,0,0,200,0,7,0,0,0,17,200,1,200,200,0,200,200,200,200
364941,0,30,0,0,0,1,12,5,0,0,200,0,0,0,6,200,200,200,200,200,200
364941,0,30,0,0,0,1,12,5,0,0,200,0,0,0,6,0,200,200,200,200,200
364942,0,30,1,2,0,1,14,6,0,0,0,23,0,0,200,200,7,200,200,200,200
364942,0,30,1,2,0,1,14,6,0,0,0,23,0,1,6,0,0,200,0,200,200
364942,1,30,1,2,0,1,14,6,0,0,0,23,0,1,200,200,200,200,200,200,200
364942,1,30,1,2,0,1,14,6,0,0,0,23,0,0,6,0,200,200,200,200,200
364942,1,30,1,2,0,1,14,6,0,0,0,23,0,0,3,0,200,200,200,200,200
364943,0,30,0,0,0,1,12,5,0,0,0,200,200,0,200,0,0,0,0,200,200
364943,0,30,0,0,0,1,12,5,0,0,0,200,200,0,6,0,0,0,0,200,200
364944,0,30,0,0,0,1,10,3,0,0,200,18,200,0,6,0,3,0,0,200,200
364944,0,30,0,0,0,1,10,3,0,0,200,18,200,0,6,0,0,200,0,200,200
364944,1,30,0,0,0,1,10,3,0,0,200,18,200,0,3,0,200,200,200,200,200
364945,0,40,1,2,0,1,10,2,0,0,0,0,0,0,5,0,200,0,0,200,200
364945,0,40,1,2,0,1,10,2,0,0,0,0,0,1,8,0,0,0,0,200,200
364956,0,30,200,200,0,1,10,6,0,0,200,18,200,0,5,200,200,200,0,200,200
364956,0,30,200,200,0,1,10,6,0,0,200,18,200,1,6,200,200,200,0,200,200
364958,0,30,0,0,0,1,0,2,0,0,200,0,0,1,6,0,1,200,0,200,200
364958,0,30,0,0,0,1,0,2,0,0,200,0,0,0,6,0,0,200,7,200,200
364963,0,30,0,0,0,1,2,5,0,0,0,0,0,0,6,0,0,4,0,200,200
364969,0,30,1,2,0,1,12,5,0,0,0,0,0,0,8,200,200,200,200,200,200
364969,0,30,1,2,0,1,12,5,0,0,0,0,0,0,7,200,200,200,200,200,200
364975,0,30,2,2,0,1,0,2,0,0,0,0,200,1,7,0,12,0,0,200,200
364975,0,30,2,2,0,1,0,2,0,0,0,0,200,0,5,0,0,0,0,200,200
364975,1,30,2,2,0,1,0,2,0,0,0,0,200,1,5,7,200,200,200,200,200
364980,0,30,1,2,0,1,14,5,0,0,0,0,0,1,5,200,7,200,0,200,200
364980,0,30,1,2,0,1,14,5,0,0,0,0,0,1,7,200,200,200,0,200,200
364981,0,25,0,0,0,1,12,12,0,0,0,20,20,0,200,200,6,200,200,200,200
364981,0,25,0,0,0,1,12,12,0,0,0,20,20,0,5,7,0,0,0,200,200
364985,0,30,0,0,0,0,10,7,0,0,0,200,200,0,200,200,0,200,200,200,200
364985,0,30,0,0,0,0,10,7,0,0,0,200,200,1,5,0,0,0,0,200,200
364989,0,30,0,0,0,1,12,5,0,0,0,0,0,1,7,0,12,200,0,200,200
364989,0,30,0,0,0,1,12,5,0,0,0,0,0,1,6,200,0,200,0,200,200
364989,1,30,0,0,0,1,12,5,0,0,0,0,0,1,5,200,200,200,200,200,200
364991,0,30,200,0,0,1,7,5,0,0,200,0,200,0,200,200,200,200,200,200,200
364991,1,30,200,0,0,1,7,5,0,0,200,0,200,1,4,200,200,200,200,200,200
364996,0,30,0,0,0,1,7,5,0,0,200,20,200,0,5,0,6,200,0,200,200
364996,1,30,0,0,0,1,7,5,0,0,200,20,200,200,5,0,200,200,200,200,200
364999,0,30,0,0,0,1,14,5,0,0,200,17,200,1,200,200,1,200,200,200,200
364999,0,30,0,0,0,1,14,5,0,0,200,17,200,0,5,0,0,0,0,200,200
365000,0,30,0,0,0,1,12,5,0,0,0,0,0,0,6,3,200,0,0,200,200
365000,0,30,0,0,0,1,12,5,0,0,0,0,0,1,5,0,0,0,0,200,200
365002,0,30,0,0,0,1,7,6,0,0,0,0,200,2,200,200,200,200,200,200,200
365005,0,15,0,0,0,1,7,7,0,0,0,200,200,2,200,200,200,200,200,200,200
365007,0,30,0,0,0,1,10,5,0,0,0,0,0,1,6,200,3,200,0,200,200
365007,0,30,0,0,0,1,10,5,0,0,0,0,0,1,7,200,0,200,0,200,200
365008,0,30,0,0,0,1,12,5,0,0,0,200,200,0,200,200,0,200,200,200,200
365008,0,30,0,0,0,1,12,5,0,0,0,200,200,1,6,0,0,0,0,200,200
365018,0,30,1,2,0,1,2,5,0,0,0,0,0,2,200,200,200,200,200,200,200
365022,0,30,1,2,0,1,0,5,0,0,0,200,200,0,6,200,200,0,0,200,200
365022,0,30,1,2,0,1,0,5,0,0,0,200,200,0,9,200,200,0,0,200,200
365023,0,30,3,2,0,1,12,2,0,0,0,22,21,0,7,0,2,0,0,200,200
365023,0,30,3,2,0,1,12,2,0,0,0,22,21,0,6,0,0,0,0,200,200
365026,0,30,0,0,0,1,14,5,0,0,0,17,21,0,7,0,1,0,0,200,200
365026,0,30,0,0,0,1,14,5,0,0,0,17,21,0,4,0,0,0,0,200,200
365029,0,55,200,200,0,1,10,3,0,0,0,200,200,0,5,200,3,200,200,200,200
365029,0,55,200,200,0,1,10,3,0,0,0,200,200,1,6,0,200,200,0,200,200
365035,0,15,0,0,0,2,7,5,0,0,0,0,0,2,200,200,200,200,200,200,200
365038,0,30,1,2,0,1,10,2,0,0,200,7,0,0,4,0,12,200,0,200,200
365038,0,30,1,2,0,1,10,2,0,0,200,7,0,0,6,0,0,0,0,200,200
365038,1,30,1,2,0,1,10,2,0,0,200,7,0,1,4,0,200,200,200,200,200
365039,0,30,1,2,0,1,10,2,0,0,200,18,18,0,6,0,3,200,0,200,200
365039,0,30,1,2,0,1,10,2,0,0,200,18,18,1,6,0,0,200,0,200,200
365048,0,30,1,2,0,1,14,5,0,0,0,0,200,1,4,0,200,0,0,200,200
365048,0,30,1,2,0,1,14,5,0,0,0,0,200,1,6,0,200,0,0,200,200
365051,0,30,200,200,0,1,12,5,0,0,200,0,200,0,200,200,200,200,200,200,200
365051,0,30,200,200,0,1,12,5,0,0,200,0,200,0,5,200,200,200,0,200,200
365053,0,30,0,0,0,1,12,3,0,0,0,0,0,0,200,200,0,200,200,200,200
365053,0,30,0,0,0,1,12,3,0,0,0,0,0,1,5,0,0,0,0,200,200
365055,0,30,0,0,0,1,12,2,0,0,0,16,18,0,6,0,3,0,0,200,200
365055,0,30,0,0,0,1,12,2,0,0,0,16,18,1,6,0,0,0,0,200,200
365056,0,30,1,2,0,1,10,2,0,0,0,18,200,0,6,200,3,200,200,200,200
365056,0,30,1,2,0,1,10,2,0,0,0,18,200,0,6,0,0,200,200,200,200
365059,0,30,0,0,0,1,14,2,0,0,0,23,17,0,7,200,7,0,0,200,200
365059,0,30,0,0,0,1,14,2,0,0,0,23,17,0,5,200,0,0,0,200,200
365062,0,30,0,0,0,1,7,5,0,0,0,0,0,1,200,200,200,200,200,200,200
365063,0,30,1,2,0,1,10,5,0,0,0,0,0,0,200,200,200,200,200,200,200
365063,0,30,1,2,0,1,10,5,0,0,0,0,0,1,5,0,0,0,0,200,200
365063,1,30,1,2,0,1,10,5,0,0,0,0,0,1,200,200,200,200,200,200,200
365064,0,30,0,0,0,1,2,5,0,0,0,12,0,0,5,0,12,0,0,200,200
365069,0,30,0,0,0,1,9,5,0,0,0,17,200,0,7,0,1,0,0,200,200
365069,5,30,0,0,0,1,9,5,0,0,0,17,200,0,5,7,12,12,0,200,200
365076,0,30,1,2,0,1,8,2,0,0,0,23,21,0,0,200,7,12,0,200,200
365076,4,30,1,2,0,1,8,2,0,0,0,23,21,0,6,7,4,12,0,200,200
365076,1,30,1,2,0,1,8,2,0,0,0,23,21,1,6,200,200,200,200,200,200
365081,0,30,0,0,0,1,12,5,0,0,0,25,0,2,200,200,1,200,200,200,200
365081,0,30,0,0,0,1,12,5,0,0,0,25,0,0,6,0,0,0,0,200,200
365087,0,0,0,0,0,0,7,7,0,0,0,200,200,0,5,0,12,0,0,200,200
365094,0,30,0,0,0,1,12,5,0,0,0,17,200,0,5,3,1,0,0,200,200
365094,0,30,0,0,0,1,12,5,0,0,0,17,200,0,200,200,0,200,200,200,200
365097,0,25,1,0,0,1,10,2,0,0,0,18,18,0,6,0,0,0,0,200,200
365097,0,25,1,0,0,1,10,2,0,0,0,18,18,0,5,0,0,0,0,200,200
365098,0,30,200,200,0,1,14,5,0,0,200,0,200,0,5,200,200,200,0,200,200
365098,0,30,200,200,0,1,14,5,0,0,200,0,200,1,6,200,200,200,0,200,200
365100,0,30,1,2,0,1,0,5,0,0,0,0,0,1,200,200,200,200,200,200,200
365100,0,30,1,2,0,1,0,5,0,0,0,0,0,1,6,0,200,0,0,200,200
365100,1,30,1,2,0,1,0,5,0,0,0,0,0,1,200,200,200,200,200,200,200
365112,0,0,0,0,0,1,12,200,0,200,200,0,200,0,6,0,200,200,0,200,200
365112,0,0,0,0,0,1,12,200,0,200,200,0,200,1,5,0,200,200,0,200,200
365118,0,30,0,0,0,1,0,5,0,0,0,5,200,0,200,200,12,200,200,200,200
365118,0,30,0,0,0,1,0,5,0,0,0,5,200,0,5,200,0,0,0,200,200
365122,0,30,200,200,0,1,10,5,0,0,0,18,200,1,5,0,3,200,0,200,200
365122,0,30,200,200,0,1,10,5,0,0,0,18,200,1,7,0,200,200,0,200,200
365124,0,30,0,0,0,1,0,2,0,0,0,17,200,0,9,0,1,1,0,200,200
365124,0,30,0,0,0,1,0,2,0,0,0,17,200,0,7,0,0,0,0,200,200
365125,0,30,0,0,0,1,14,3,0,0,0,17,16,1,5,0,1,0,0,200,200
365125,0,30,0,0,0,1,14,3,0,0,0,17,16,1,6,0,0,0,0,200,200
365125,1,30,0,0,0,1,14,3,0,0,0,17,16,0,0,5,200,200,200,200,200
365126,0,30,0,0,0,1,7,6,0,0,0,0,200,1,6,0,200,200,0,200,200
365127,0,30,0,0,0,1,10,5,0,200,200,18,18,1,4,200,3,200,200,200,200
365127,0,30,0,0,0,1,10,5,0,200,200,18,18,1,6,0,200,200,0,200,200
365127,1,30,0,0,0,1,10,5,0,200,200,18,18,1,200,200,200,200,200,200,200
365127,1,30,0,0,0,1,10,5,0,200,200,18,18,1,200,200,200,200,200,200,200
365134,0,30,2,1,0,1,9,5,0,0,200,20,17,0,200,200,1,200,200,200,200
365134,5,30,2,1,0,1,9,5,0,0,200,20,17,1,5,7,0,200,0,200,200
365136,0,30,0,0,0,1,7,7,0,0,0,0,200,2,200,200,200,200,200,200,200
365145,0,10,0,0,0,1,7,12,0,0,0,0,0,1,6,0,200,200,0,200,200
365148,0,30,0,0,0,1,7,6,0,0,0,0,200,2,200,200,200,200,200,200,200
365150,0,30,0,0,0,1,14,5,0,0,200,0,0,2,200,200,9,200,200,200,200
365150,0,30,0,0,0,1,14,5,0,0,200,0,0,1,7,0,0,200,0,200,200
365153,0,10,0,0,0,1,10,7,0,0,200,0,0,1,6,0,0,0,0,200,200
365153,0,10,0,0,0,1,10,7,0,0,200,0,0,0,5,0,0,0,0,200,200
365153,1,10,0,0,0,1,10,7,0,0,200,0,0,0,200,0,200,200,200,200,200
365155,0,30,0,0,0,1,7,5,0,0,0,0,0,0,200,0,1,0,0,200,200
365159,0,30,1,2,0,1,10,2,0,0,0,16,200,0,200,200,200,200,200,200,200
365159,0,30,1,2,0,1,10,2,0,0,0,16,200,1,6,200,12,0,0,200,200
365163,0,30,1,2,0,1,10,5,0,1,0,18,25,1,5,200,3,0,0,200,200
365163,0,30,1,2,0,1,10,5,0,1,0,18,25,0,6,0,0,0,0,200,200
365164,0,30,0,0,0,1,12,2,0,0,200,0,200,1,8,0,200,200,0,200,200
365164,0,30,0,0,0,1,12,2,0,0,200,0,200,1,200,200,200,200,200,200,200
365165,5,30,0,0,0,1,9,6,0,0,0,17,33,1,2,200,12,5,200,200,200
365165,0,30,0,0,0,1,9,6,0,0,0,17,33,0,6,0,12,5,0,200,200
365171,0,30,0,0,0,1,7,2,0,0,0,0,0,1,6,0,0,0,0,200,200
365174,0,30,1,2,0,1,2,5,0,0,0,0,200,0,4,0,0,0,0,200,200
365174,1,30,1,2,0,1,2,5,0,0,0,0,200,1,5,0,200,200,200,200,200
365174,1,30,1,2,0,1,2,5,0,0,0,0,200,1,3,0,200,200,200,200,200
365174,1,30,1,2,0,1,2,5,0,0,0,0,200,1,4,0,200,200,200,200,200
365175,0,30,0,0,0,1,10,2,0,0,0,0,200,1,5,0,200,0,200,200,200
365175,0,30,0,0,0,1,10,2,0,0,0,0,200,0,200,200,200,0,200,200,200
365180,0,30,0,0,0,1,10,5,0,0,0,18,200,0,200,200,3,200,200,200,200
365180,0,30,0,0,0,1,10,5,0,0,0,18,200,0,5,0,0,0,0,200,200
365182,0,0,2,2,0,1,2,12,4,0,0,21,16,0,3,200,12,200,7,200,200
365192,0,30,0,0,0,4,7,5,0,0,0,0,200,0,4,200,200,0,0,200,200
365194,0,10,0,0,0,1,7,7,0,0,0,0,0,1,6,0,200,0,0,200,200
365194,1,10,0,0,0,1,7,7,0,0,0,0,0,0,200,0,200,200,200,200,200
365194,1,10,0,0,0,1,7,7,0,0,0,0,0,0,200,0,200,200,200,200,200
365194,1,10,0,0,0,1,7,7,0,0,0,0,0,1,200,0,200,200,200,200,200
365196,0,30,0,0,0,4,7,5,0,0,0,0,200,1,6,7,0,0,0,200,200
365209,0,30,0,0,0,1,12,5,0,0,0,200,200,2,200,200,0,200,200,200,200
365209,0,30,0,0,0,1,12,5,0,0,0,200,200,1,6,0,0,0,0,200,200
365222,0,30,200,200,0,1,12,5,0,0,0,21,200,0,200,200,4,200,200,200,200
365222,0,30,200,200,0,1,12,5,0,0,0,21,200,0,5,0,200,200,0,200,200
365227,0,30,0,0,0,1,7,6,0,0,0,21,21,0,6,0,10,0,0,200,200
365228,0,30,0,0,0,1,8,5,0,0,0,0,200,1,200,200,200,200,200,200,200
365228,4,30,0,0,0,1,8,5,0,0,0,0,200,0,6,3,200,200,200,200,200
365230,0,30,2,0,0,4,10,5,0,0,0,20,200,0,200,200,6,200,200,200,200
365230,0,30,2,0,0,4,10,5,0,0,0,20,200,0,6,0,0,0,0,200,200
365231,0,30,2,2,0,1,14,5,0,0,0,0,0,1,6,0,1,0,0,200,200
365231,0,30,2,2,0,1,14,5,0,0,0,0,0,1,8,0,0,0,0,200,200
365257,0,30,2,12,0,4,9,12,0,0,200,11,0,1,9,200,12,200,0,200,200
365257,5,30,2,12,0,4,9,12,0,0,200,11,0,1,7,1,12,12,12,200,200
365258,0,30,0,0,0,3,7,6,0,0,0,0,200,2,200,200,200,200,200,200,200
365263,0,30,0,0,0,1,7,5,0,0,0,0,0,2,200,200,200,200,200,200,200
365276,0,10,0,0,0,1,12,12,0,0,0,20,20,0,5,200,6,0,0,200,200
365276,0,10,0,0,0,1,12,12,0,0,0,20,20,0,5,200,0,200,0,200,200
365281,0,55,0,0,0,1,12,6,0,0,0,0,0,0,200,200,200,200,200,200,200
365281,0,55,0,0,0,1,12,6,0,0,0,0,0,0,7,0,0,0,0,200,200
365292,4,30,0,0,0,3,8,5,0,0,0,200,200,0,0,200,12,0,0,200,200
365292,4,30,0,0,0,3,8,5,0,0,0,200,200,0,7,200,12,0,0,200,200
365292,0,30,0,0,0,3,8,5,0,0,0,200,200,0,5,200,0,0,0,200,200
365296,0,35,0,0,0,4,1,2,0,0,0,1,16,0,5,0,0,0,0,200,200
365300,0,30,0,0,0,4,0,2,0,200,200,17,0,0,200,200,1,200,200,200,200
365300,0,30,0,0,0,4,0,2,0,200,200,17,0,0,6,0,0,0,0,200,200
365311,0,30,1,2,0,4,14,2,0,0,0,23,200,1,200,200,7,200,200,200,200
365311,0,30,1,2,0,4,14,2,0,0,0,23,200,0,6,200,0,200,0,200,200
365313,0,30,0,0,0,1,12,5,0,0,0,0,0,1,200,0,200,0,0,200,200
365313,0,30,0,0,0,1,12,5,0,0,0,0,0,0,4,0,0,0,0,200,200
365335,0,30,0,0,0,0,12,5,0,0,0,30,0,0,200,200,11,200,200,200,1
365335,0,30,0,0,0,0,12,5,0,0,0,30,0,0,5,200,0,0,0,200,200
365337,0,30,1,2,0,3,14,5,0,0,200,0,0,1,3,200,200,200,200,200,200
365337,0,30,1,2,0,3,14,5,0,0,200,0,0,0,6,0,200,200,0,200,200
365337,1,30,1,2,0,3,14,5,0,0,200,0,0,1,200,0,200,200,200,200,200
365337,1,30,1,2,0,3,14,5,0,0,200,0,0,0,200,0,200,200,200,200,200
365337,1,30,1,2,0,3,14,5,0,0,200,0,0,0,200,0,200,200,200,200,200
365342,0,30,0,0,0,3,2,5,0,0,0,16,0,1,6,0,200,200,0,200,200
365343,0,25,1,2,0,3,14,5,0,0,0,0,0,1,6,200,200,200,200,200,200
365346,0,15,0,0,0,1,2,0,0,0,0,15,14,0,200,200,8,200,200,200,200
365350,0,25,0,0,0,1,10,5,0,0,200,0,200,2,200,200,200,200,200,200,200
365350,0,25,0,0,0,1,10,5,0,0,200,0,200,0,4,0,0,0,0,200,200
365350,0,25,0,0,0,1,10,5,0,0,200,0,200,1,7,0,0,0,0,200,200
365351,0,35,0,0,0,3,10,2,0,0,0,0,0,1,8,0,1,0,0,200,200
365351,0,35,0,0,0,3,10,2,0,0,0,0,0,0,8,0,0,0,0,200,200
365355,0,30,1,2,0,0,14,5,0,0,0,17,200,0,5,0,1,0,0,200,200
365355,0,30,1,2,0,0,14,5,0,0,0,17,200,1,7,0,0,0,0,200,200
365355,1,30,1,2,0,0,14,5,0,0,0,17,200,1,7,0,200,200,200,200,200
365362,0,15,1,2,0,2,10,2,0,0,0,16,11,0,5,200,3,0,0,200,200
365362,0,15,1,2,0,2,10,2,0,0,0,16,11,2,200,200,200,200,200,200,200
365367,0,30,0,0,0,3,7,2,0,0,0,0,0,0,5,0,200,200,0,200,200
365375,0,30,1,2,0,3,14,2,0,0,0,22,200,0,200,200,2,200,200,200,200
365375,0,30,1,2,0,3,14,2,0,0,0,22,200,0,5,0,0,0,0,200,200
365378,0,35,0,0,0,0,7,6,0,0,0,0,200,2,200,200,200,200,200,200,200
365382,0,20,0,0,0,3,7,6,0,0,0,20,0,0,200,200,6,200,200,200,200
365401,0,35,0,0,0,0,12,6,0,0,0,20,21,0,200,200,6,200,3,200,200
365401,0,35,0,0,0,0,12,6,0,0,0,20,21,1,200,200,0,0,0,200,200
365412,0,30,2,0,0,3,0,5,0,0,0,17,200,0,6,200,1,0,0,200,200
365412,0,30,2,0,0,3,0,5,0,0,0,17,200,0,5,7,1,200,0,200,200
365427,0,30,0,0,0,0,7,5,0,0,0,13,200,0,6,200,12,0,0,200,200
365430,0,30,0,0,0,3,7,6,0,0,0,16,21,1,200,200,200,200,200,200,200
365433,0,30,2,2,0,3,0,5,0,0,0,0,0,0,5,200,200,0,0,200,200
365433,0,30,2,2,0,3,0,5,0,0,0,0,0,1,6,200,200,0,200,200,200
365443,0,15,4,2,0,3,10,7,0,0,0,18,0,1,200,200,3,200,200,200,200
365443,0,15,4,2,0,3,10,7,0,0,0,18,0,1,6,200,0,0,0,200,200
365443,1,15,4,2,0,3,10,7,0,0,0,18,0,200,200,200,200,200,200,200,200
365443,1,15,4,2,0,3,10,7,0,0,0,18,0,200,200,200,200,200,200,200,200
365470,0,30,0,0,0,3,8,2,0,0,12,16,200,2,200,200,200,200,200,200,200
365470,4,30,0,0,0,3,8,2,0,0,12,16,200,0,7,2,0,200,0,200,200
365476,0,30,0,0,0,3,7,6,0,0,0,0,0,1,5,0,12,0,1,200,200
365479,0,35,1,2,0,3,9,2,0,0,0,0,0,1,6,200,200,200,0,200,200
365479,5,35,1,2,0,3,9,2,0,0,0,0,0,1,5,7,200,200,0,200,200
365479,1,35,1,2,0,3,9,2,0,0,0,0,0,0,4,200,200,200,200,200,200
365482,0,30,0,0,0,0,7,5,0,0,0,0,200,0,200,200,200,200,200,200,200
365495,0,30,0,0,0,3,2,6,0,0,1,8,25,0,4,200,1,0,0,200,200
365495,1,30,0,0,0,3,2,6,0,0,1,8,25,1,3,200,200,200,200,200,200
365495,1,30,0,0,0,3,2,6,0,0,1,8,25,1,3,200,200,200,200,200,200
365500,0,20,0,0,0,3,12,6,0,0,0,12,200,0,6,200,200,200,200,200,200
365500,0,20,0,0,0,3,12,6,0,0,0,12,200,0,5,200,0,200,0,200,200
365501,0,30,1,2,0,4,0,5,0,0,0,0,0,1,6,200,200,200,200,200,200
365501,0,30,1,2,0,4,0,5,0,0,0,0,0,1,6,200,200,0,0,200,200
365532,0,30,0,0,2,1,7,2,0,1,0,34,200,1,5,0,12,0,0,200,200
365535,0,35,200,0,0,3,2,8,3,0,0,7,30,1,5,0,11,200,0,200,1
365535,1,35,200,0,0,3,2,8,3,0,0,7,30,1,6,0,200,200,200,200,200
365537,0,30,3,0,0,3,12,6,0,0,0,21,16,0,6,200,4,0,0,200,200
365537,0,30,3,0,0,3,12,6,0,0,0,21,16,0,6,200,2,0,0,200,200
365569,0,30,0,0,1,3,2,5,0,0,200,1,200,1,5,0,12,200,0,200,200
365575,0,30,200,200,200,3,10,2,0,200,200,18,18,0,200,200,3,200,200,200,200
365575,0,30,200,200,200,3,10,2,0,200,200,18,18,0,6,200,200,200,0,200,200
365602,0,30,0,0,0,4,7,5,0,0,0,21,0,0,5,200,2,200,200,200,200
365613,0,15,0,0,0,3,7,7,0,0,0,0,200,2,200,200,200,200,200,200,200
365618,0,30,0,0,1,2,7,5,0,1,200,11,0,0,200,200,200,200,200,200,200
365625,0,35,0,0,0,2,4,3,0,0,0,0,0,0,6,200,200,200,200,200,200
365626,0,30,0,0,0,3,7,6,0,1,200,10,0,2,200,200,9,200,200,200,200
365628,0,30,0,0,0,3,7,5,0,0,0,200,200,2,200,7,200,200,200,200,200
365631,0,30,9,2,0,2,2,2,2,1,12,8,8,1,6,0,4,1,0,200,200
365644,0,30,1,2,0,3,14,2,0,0,0,17,17,0,200,200,1,200,200,200,200
365644,0,30,1,2,0,3,14,2,0,0,0,17,17,1,6,200,0,0,0,200,200
365656,0,30,0,0,0,1,12,6,0,0,0,0,0,2,200,200,200,200,200,200,200
365656,0,30,0,0,0,1,12,6,0,0,0,0,0,1,5,0,0,0,0,200,200
365663,0,30,1,2,0,3,14,5,0,0,0,0,200,1,6,200,9,200,200,200,200
365663,0,30,1,2,0,3,14,5,0,0,0,0,200,0,6,0,0,0,200,200,200
365670,0,30,0,0,1,1,12,2,0,0,0,17,0,1,7,0,1,0,0,200,200
365670,0,30,0,0,1,1,12,2,0,0,0,17,0,0,6,0,0,0,0,200,200
365687,0,30,2,2,0,1,2,5,0,0,0,5,200,1,200,200,5,200,200,200,200
365692,0,30,0,0,0,1,12,5,0,0,0,17,200,1,7,200,200,200,200,200,200
365692,0,30,0,0,0,1,12,5,0,0,0,17,200,1,7,0,0,0,0,200,200
365695,0,30,1,2,0,1,14,6,0,0,0,23,200,0,7,200,7,0,0,200,200
365695,0,30,1,2,0,1,14,6,0,0,0,23,200,1,6,200,0,0,0,200,200
365697,0,30,1,2,0,1,12,2,0,0,0,0,200,0,7,0,0,0,0,200,200
365697,0,30,1,2,0,1,12,2,0,0,0,0,200,0,6,0,0,0,0,200,200
365704,0,30,1,2,0,1,12,5,0,0,0,0,200,2,200,200,200,200,200,200,200
365704,0,30,1,2,0,1,12,5,0,0,0,0,200,1,7,0,0,0,0,200,200
365707,0,30,1,2,0,1,10,2,0,0,0,0,200,1,6,200,200,200,200,200,200
365707,0,30,1,2,0,1,10,2,0,0,0,0,200,1,7,0,0,0,0,200,200
365711,0,30,1,2,200,1,10,5,0,200,200,0,200,1,200,200,1,200,200,200,200
365711,0,30,1,2,200,1,10,5,0,200,200,0,200,1,7,0,0,0,0,200,200
365711,1,30,1,2,200,1,10,5,0,200,200,0,200,0,200,0,200,200,200,200,200
365714,0,30,1,2,0,1,0,5,0,0,0,6,0,0,7,7,5,0,0,200,200
365714,0,30,1,2,0,1,0,5,0,0,0,6,0,0,6,0,0,0,0,200,200
365714,0,30,1,2,0,1,0,5,0,0,0,6,0,0,6,0,0,0,0,200,200
365715,0,25,1,2,200,200,10,5,0,0,0,18,200,0,200,200,3,200,200,200,200
365715,0,25,1,2,200,200,10,5,0,0,0,18,200,0,6,0,0,0,0,200,200
365715,1,25,1,2,200,200,10,5,0,0,0,18,200,1,200,200,200,200,200,200,200
365717,0,25,0,0,200,200,7,6,0,200,0,0,0,2,200,200,200,200,200,200,200
365725,0,30,0,0,0,1,10,5,0,0,0,12,0,1,0,0,12,0,0,200,200
365725,0,30,0,0,0,1,10,5,0,0,0,12,0,0,5,0,0,0,0,200,200
365725,0,30,0,0,0,1,10,5,0,0,0,12,0,1,5,0,0,0,0,200,200
365727,0,35,0,0,0,1,10,5,0,0,0,18,16,0,8,0,3,0,0,200,200
365727,0,35,0,0,0,1,10,5,0,0,0,18,16,0,7,0,0,0,0,200,200
365728,0,30,0,0,0,1,12,3,0,0,0,8,0,0,6,200,200,200,0,200,200
365728,0,30,0,0,0,1,12,3,0,0,0,8,0,1,4,200,200,200,0,200,200
365735,5,30,1,2,0,1,9,2,0,0,0,4,4,0,200,200,200,1,200,200,200
365735,0,30,1,2,0,1,9,2,0,0,0,4,4,0,5,0,0,1,0,200,200
365738,0,30,1,2,0,1,12,6,0,0,0,20,200,0,7,200,6,0,0,200,200
365738,0,30,1,2,0,1,12,6,0,0,0,20,200,0,6,200,0,0,0,200,200
365738,1,30,1,2,0,1,12,6,0,0,0,20,200,1,200,200,200,200,200,200,200
365740,0,30,0,0,0,1,0,5,0,0,0,23,200,0,6,0,7,0,0,200,200
365740,0,30,0,0,0,1,0,5,0,0,0,23,200,0,8,0,0,0,0,200,200
365740,1,30,0,0,0,1,0,5,0,0,0,23,200,200,200,0,200,200,200,200,200
365755,0,30,0,0,0,1,12,6,0,0,0,22,200,0,5,200,2,0,0,200,200