RD_NO,PERSON_TYPE,POSTED_SPEED_LIMIT,TRAFFIC_CONTROL_DEVICE,DEVICE_CONDITION,WEATHER_CONDITION,LIGHTING_CONDITION,FIRST_CRASH_TYPE,TRAFFICWAY_TYPE,ALIGNMENT,ROADWAY_SURFACE_COND,ROAD_DEFECT,PRIM_CONTRIBUTORY_CAUSE,SEC_CONTRIBUTORY_CAUSE,SEX,AGE,SAFETY_EQUIPMENT,DRIVER_ACTION,DRIVER_VISION,PHYSICAL_CONDITION,BAC_RESULT VALUE,CELL_PHONE_USE
365755,0,30,0,0,0,1,12,6,0,0,0,22,200,0,8,200,0,0,0,200,200
365756,0,30,0,0,0,1,10,5,0,0,0,12,0,0,6,200,200,200,0,200,200
365756,0,30,0,0,0,1,10,5,0,0,0,12,0,1,6,200,200,200,0,200,200
365756,1,30,0,0,0,1,10,5,0,0,0,12,0,0,200,200,200,200,200,200,200
365760,0,15,0,0,0,1,2,0,0,0,0,0,200,0,7,0,12,0,0,200,200
365761,0,30,1,2,0,1,12,6,0,0,0,200,200,1,6,0,200,0,0,200,200
365761,0,30,1,2,0,1,12,6,0,0,0,200,200,1,6,0,200,0,0,200,200
365761,1,30,1,2,0,1,12,6,0,0,0,200,200,0,200,200,200,200,200,200,200
365766,0,10,0,0,0,1,7,0,0,0,0,200,200,0,5,0,0,0,0,200,200
365767,0,25,0,0,0,1,12,6,0,0,0,17,200,0,5,7,1,0,0,200,200
365767,0,25,0,0,0,1,12,6,0,0,0,17,200,0,8,0,0,0,0,200,200
365769,0,30,0,0,0,1,0,5,0,0,0,17,20,0,5,200,6,2,0,200,200
365769,0,30,0,0,0,1,0,5,0,0,0,17,20,1,6,0,0,0,0,200,200
365769,1,30,0,0,0,1,0,5,0,0,0,17,20,1,6,200,200,200,200,200,200
365769,1,30,0,0,0,1,0,5,0,0,0,17,20,0,2,0,200,200,200,200,200
365779,0,30,0,0,0,1,7,6,0,0,0,20,200,1,4,200,6,0,0,200,200
365782,0,20,0,0,0,1,7,6,0,0,0,0,0,1,6,0,12,0,0,200,200
365784,0,15,0,0,0,1,7,7,0,0,0,0,0,2,200,200,200,200,200,200,200
365785,0,30,0,0,0,1,0,6,0,0,0,20,200,0,7,200,6,0,200,200,200
365785,0,30,0,0,0,1,0,6,0,0,0,20,200,1,6,0,0,0,0,200,200
365789,0,30,1,2,0,1,10,2,0,0,0,16,200,0,5,200,12,200,0,200,200
365789,0,30,1,2,0,1,10,2,0,0,0,16,200,1,6,200,0,200,0,200,200
365789,1,30,1,2,0,1,10,2,0,0,0,16,200,0,9,200,200,200,200,200,200
365791,0,30,0,0,200,200,7,5,0,200,0,0,0,2,200,200,200,200,200,200,200
365793,0,30,1,2,0,1,10,3,0,0,0,0,200,0,7,200,1,200,200,200,200
365793,0,30,1,2,0,1,10,3,0,0,0,0,200,0,5,0,0,0,0,200,200
365796,0,25,1,2,0,1,10,2,0,0,0,0,200,0,200,200,200,200,200,200,200
365796,0,25,1,2,0,1,10,2,0,0,0,0,200,0,8,0,0,0,0,200,200
365796,1,25,1,2,0,1,10,2,0,0,0,0,200,0,200,200,200,200,200,200,200
365796,1,25,1,2,0,1,10,2,0,0,0,0,200,1,200,200,200,200,200,200,200
365797,0,30,1,2,0,3,10,5,0,0,0,18,200,0,5,200,3,0,200,200,200
365797,0,30,1,2,0,3,10,5,0,0,0,18,200,1,7,0,0,0,200,200,200
365804,0,30,2,2,0,1,14,3,0,0,200,18,200,1,0,0,12,0,0,200,200
365804,0,30,2,2,0,1,14,3,0,0,200,18,200,0,3,0,0,200,0,200,200
365804,1,30,2,2,0,1,14,3,0,0,200,18,200,1,6,0,200,200,200,200,200
365805,0,30,0,0,200,200,7,5,0,0,0,200,200,2,200,200,200,200,200,200,200
365806,0,30,0,0,0,1,12,5,0,0,0,16,25,0,200,200,1,200,200,200,200
365806,0,30,0,0,0,1,12,5,0,0,0,16,25,0,5,200,12,0,0,200,200
365808,0,30,0,0,0,1,7,7,0,0,0,20,25,1,200,200,6,200,200,200,200
365817,0,30,1,2,0,1,14,5,0,0,0,17,11,1,5,200,1,200,200,200,200
365817,0,30,1,2,0,1,14,5,0,0,0,17,11,1,6,0,0,0,0,200,200
365817,1,30,1,2,0,1,14,5,0,0,0,17,11,1,0,5,200,200,200,200,200
365820,0,30,0,0,0,1,7,6,0,0,0,0,200,0,200,200,10,200,200,200,200
365822,0,30,0,0,0,1,2,0,0,0,0,20,200,0,6,0,6,0,0,200,200
365829,0,30,2,2,0,1,0,2,0,0,0,22,0,1,6,0,12,200,1,200,200
365829,0,30,2,2,0,1,0,2,0,0,0,22,0,0,8,0,0,200,0,200,200
365829,1,30,2,2,0,1,0,2,0,0,0,22,0,1,200,0,200,200,200,200,200
365832,0,30,2,2,0,1,10,5,0,0,0,18,200,2,200,200,200,200,200,200,200
365832,0,30,2,2,0,1,10,5,0,0,0,18,200,0,6,0,0,0,0,200,200
365852,0,30,1,2,0,1,7,6,0,0,0,0,0,2,200,200,200,200,200,200,200
365854,0,30,0,0,0,1,2,5,2,0,0,20,11,0,6,0,6,0,0,200,200
365855,0,40,1,2,0,1,10,5,0,0,0,18,18,0,5,0,3,0,0,200,200
365855,0,40,1,2,0,1,10,5,0,0,0,18,18,1,5,0,0,0,0,200,200
365862,0,30,0,0,0,1,12,5,0,0,0,17,0,0,200,0,1,200,0,200,200
365862,0,30,0,0,0,1,12,5,0,0,0,17,0,0,200,0,200,0,0,200,200
365869,0,30,0,0,0,1,14,2,0,0,0,20,8,1,7,0,6,200,0,200,200
365869,0,30,0,0,0,1,14,2,0,0,0,20,8,1,6,0,0,200,0,200,200
365869,1,30,0,0,0,1,14,2,0,0,0,20,8,1,200,0,200,200,200,200,200
365869,1,30,0,0,0,1,14,2,0,0,0,20,8,1,200,0,200,200,200,200,200
365869,1,30,0,0,0,1,14,2,0,0,0,20,8,1,200,0,200,200,200,200,200
365869,1,30,0,0,0,1,14,2,0,0,0,20,8,0,200,0,200,200,200,200,200
365872,0,30,1,2,0,1,12,2,0,0,0,0,200,1,6,0,200,0,0,200,200
365872,0,30,1,2,0,1,12,2,0,0,0,0,200,0,7,0,0,0,0,200,200
365872,1,30,1,2,0,1,12,2,0,0,0,0,200,1,5,0,200,200,200,200,200
365872,1,30,1,2,0,1,12,2,0,0,0,0,200,0,5,0,200,200,200,200,200
365878,0,30,0,0,0,1,14,2,0,0,0,0,200,0,8,0,200,200,0,200,200
365878,0,30,0,0,0,1,14,2,0,0,0,0,200,1,6,0,200,200,200,200,200
365878,1,30,0,0,0,1,14,2,0,0,0,0,200,0,200,0,200,200,200,200,200
365880,0,25,1,2,0,1,12,3,0,0,0,0,0,0,200,0,12,200,0,200,200
365880,0,25,1,2,0,1,12,3,0,0,0,0,0,1,6,0,0,0,0,200,200
365889,0,30,0,0,0,1,14,2,0,0,0,22,17,0,6,0,2,0,200,200,200
365889,0,30,0,0,0,1,14,2,0,0,0,22,17,0,5,0,0,0,0,200,200
365890,0,30,0,0,0,1,12,3,0,0,0,0,0,0,200,0,0,0,0,200,200
365890,0,30,0,0,0,1,12,3,0,0,0,0,0,0,4,0,4,0,0,200,200
365891,0,30,1,2,0,1,10,2,0,0,0,0,0,0,6,200,3,200,200,200,200
365891,0,30,1,2,0,1,10,2,0,0,0,0,0,0,5,0,0,0,0,200,200
365893,0,30,0,0,0,1,12,5,0,0,0,0,200,0,6,0,4,0,0,200,200
365893,0,30,0,0,0,1,12,5,0,0,0,0,200,0,6,0,0,0,0,200,200
365894,0,30,0,0,0,1,9,0,0,0,0,20,17,0,7,0,6,12,0,200,200
365894,5,30,0,0,0,1,9,0,0,0,0,20,17,0,7,7,12,0,0,200,200
365896,0,25,0,0,0,1,7,5,0,0,0,12,0,1,5,0,200,0,0,200,200
365902,0,10,0,0,0,1,11,8,1,0,0,16,16,0,5,3,1,200,200,200,200
365902,0,10,0,0,0,1,11,8,1,0,0,16,16,0,6,200,0,200,0,200,200
365909,0,30,0,0,0,1,10,5,0,0,0,16,18,1,5,200,3,0,0,200,200
365909,0,30,0,0,0,1,10,5,0,0,0,16,18,0,7,0,3,0,0,200,200
365909,0,30,0,0,0,1,10,5,0,0,0,16,18,1,7,200,12,200,200,200,200
365909,1,30,0,0,0,1,10,5,0,0,0,16,18,1,6,0,200,200,200,200,200
365914,0,25,0,0,0,1,7,12,0,0,0,0,200,0,7,200,200,200,200,200,200
365923,0,30,2,2,0,1,12,5,0,0,0,17,200,0,6,200,1,200,0,200,200
365923,0,30,2,2,0,1,12,5,0,0,0,17,200,1,7,200,200,200,0,200,200
365936,0,30,0,0,0,1,7,5,0,0,0,0,200,0,200,200,200,200,200,200,200
365937,0,30,1,2,0,3,0,12,0,0,200,17,19,0,5,200,1,200,3,200,200
365937,0,30,1,2,0,3,0,12,0,0,200,17,19,1,5,0,0,0,0,200,200
365939,0,30,1,1,0,1,14,6,0,0,0,21,200,0,7,0,7,0,0,200,200
365939,0,30,1,1,0,1,14,6,0,0,0,21,200,0,8,0,12,0,0,200,200
365941,0,30,12,12,0,1,5,12,2,0,0,20,0,0,6,0,6,200,0,200,200
365944,0,30,0,0,0,1,14,2,0,0,0,23,11,0,5,0,7,0,0,200,200
365944,0,30,0,0,0,1,14,2,0,0,0,23,11,1,7,0,0,0,0,200,200
365944,1,30,0,0,0,1,14,2,0,0,0,23,11,0,2,0,200,200,200,200,200
365944,1,30,0,0,0,1,14,2,0,0,0,23,11,1,5,0,200,200,200,200,200
365958,0,30,1,2,0,1,10,6,0,0,0,0,200,0,8,0,200,0,0,200,200
365958,0,30,1,2,0,1,10,6,0,0,0,0,200,0,5,0,0,0,0,200,200
365959,0,30,1,5,0,1,5,5,0,0,0,21,0,0,8,0,12,0,0,200,200
365959,1,30,1,5,0,1,5,5,0,0,0,21,0,1,200,0,200,200,200,200,200
365961,0,30,1,2,0,1,12,6,0,0,0,22,200,1,7,0,2,0,0,200,200
365961,0,30,1,2,0,1,12,6,0,0,0,22,200,1,8,0,0,0,0,200,200
365961,1,30,1,2,0,1,12,6,0,0,0,22,200,200,200,0,200,200,200,200,200
365970,0,10,0,0,0,1,12,7,0,0,0,0,0,1,5,200,200,0,0,200,200
365970,0,10,0,0,0,1,12,7,0,0,0,0,0,1,0,0,0,0,0,200,200
365972,0,25,0,0,0,1,7,5,0,0,0,0,0,1,9,200,200,0,0,200,200
365972,1,25,0,0,0,1,7,5,0,0,0,0,0,1,6,200,200,200,200,200,200
365973,0,25,0,0,5,1,14,7,0,0,0,21,0,0,8,200,7,200,0,200,200
365973,0,25,0,0,5,1,14,7,0,0,0,21,0,0,5,200,0,200,0,200,200
365977,0,30,0,0,200,1,10,5,0,200,0,0,0,1,5,0,0,0,0,200,200
365977,0,30,0,0,200,1,10,5,0,200,0,0,0,0,6,0,0,0,0,200,200
365981,0,30,0,0,0,200,7,6,0,0,0,0,200,2,200,200,200,200,200,200,200
365982,0,25,0,0,0,1,7,6,0,0,0,0,0,0,6,0,7,0,0,200,200
365984,0,30,0,0,0,3,14,5,0,0,0,23,200,0,5,200,7,0,0,200,200
365984,0,30,0,0,0,3,14,5,0,0,0,23,200,2,200,200,200,200,200,200,200
365984,1,30,0,0,0,3,14,5,0,0,0,23,200,0,5,1,200,200,200,200,200
365984,1,30,0,0,0,3,14,5,0,0,0,23,200,0,0,4,200,200,200,200,200
365984,1,30,0,0,0,3,14,5,0,0,0,23,200,1,4,1,200,200,200,200,200
365995,0,30,0,0,0,1,10,5,0,0,0,18,200,1,5,200,1,0,0,200,200
365995,0,30,0,0,0,1,10,5,0,0,0,18,200,0,6,200,0,0,0,200,200
365998,0,30,1,3,0,1,12,5,0,0,0,0,0,0,7,0,200,0,0,200,200
365998,0,30,1,3,0,1,12,5,0,0,0,0,0,1,5,0,200,0,0,200,200
366004,0,30,0,0,0,1,12,5,0,0,200,0,200,0,5,200,4,200,200,200,200
366004,0,30,0,0,0,1,12,5,0,0,200,0,200,0,5,0,0,0,0,200,200
366014,0,5,0,0,0,1,0,6,0,0,0,17,200,1,6,200,1,200,200,200,200
366014,0,5,0,0,0,1,0,6,0,0,0,17,200,0,5,0,0,0,0,200,200
366018,0,25,0,0,0,1,7,6,0,0,0,0,0,0,6,0,7,0,0,200,200
366019,0,30,0,0,0,1,7,6,0,0,0,0,200,2,200,200,200,200,200,200,200
366022,0,30,0,0,0,1,7,6,0,0,0,0,0,0,200,200,200,200,200,200,200
366024,0,30,2,2,0,1,14,5,0,0,0,17,200,0,8,0,1,0,200,200,200
366024,0,30,2,2,0,1,14,5,0,0,0,17,200,0,6,0,0,0,0,200,200
366028,0,15,0,0,0,1,7,7,0,0,0,0,0,1,200,200,1,0,0,200,200
366028,1,15,0,0,0,1,7,7,0,0,0,0,0,0,200,200,200,200,200,200,200
366028,1,15,0,0,0,1,7,7,0,0,0,0,0,1,200,200,200,200,200,200,200
366032,0,10,1,2,0,1,12,2,0,0,0,17,17,0,7,0,1,0,0,200,200
366032,0,10,1,2,0,1,12,2,0,0,0,17,17,0,6,0,0,0,0,200,200
366053,0,30,0,0,0,1,10,5,0,0,0,0,0,0,4,200,3,0,0,200,200
366053,0,30,0,0,0,1,10,5,0,0,0,0,0,1,7,200,0,0,0,200,200
366058,0,30,0,0,0,1,12,5,0,0,0,0,0,1,6,0,0,0,0,200,200
366058,0,30,0,0,0,1,12,5,0,0,0,0,0,0,7,0,0,0,0,200,200
366069,0,30,1,2,0,1,14,2,0,0,0,21,200,0,8,200,12,200,0,200,200
366069,0,30,1,2,0,1,14,2,0,0,0,21,200,0,5,200,200,200,0,200,200
366071,0,30,0,0,0,1,10,2,0,0,0,18,200,0,5,0,3,0,0,200,200
366071,0,30,0,0,0,1,10,2,0,0,0,18,200,1,6,0,0,0,0,200,200
366081,0,30,0,0,0,1,2,3,0,0,0,0,200,0,6,0,0,0,0,200,200
366086,0,35,0,0,0,0,14,5,0,0,0,0,0,0,6,200,200,200,200,200,200
366086,0,35,0,0,0,0,14,5,0,0,0,0,0,1,5,0,0,0,0,200,200
366089,0,0,2,2,0,1,0,6,0,0,0,17,3,1,6,0,6,0,0,200,200
366089,0,0,2,2,0,1,0,6,0,0,0,17,3,0,6,0,1,0,0,200,200
366092,0,35,0,0,0,1,12,5,0,0,0,22,0,0,200,200,2,200,200,200,200
366092,0,35,0,0,0,1,12,5,0,0,0,22,0,0,6,0,0,0,0,200,200
366092,1,35,0,0,0,1,12,5,0,0,0,22,0,1,6,0,200,200,200,200,200
366095,0,30,1,2,0,1,12,2,0,0,2,17,0,0,4,200,1,0,0,200,200
366095,0,30,1,2,0,1,12,2,0,0,2,17,0,1,6,200,0,0,0,200,200
366096,0,30,0,0,0,1,12,5,0,0,0,0,0,1,5,0,200,200,200,200,200
366096,0,30,0,0,0,1,12,5,0,0,0,0,0,0,200,200,200,200,200,200,200
366097,0,30,1,2,0,1,10,1,0,0,0,21,200,0,200,200,3,200,200,200,200
366097,0,30,1,2,0,1,10,1,0,0,0,21,200,1,6,0,0,0,0,200,200
366099,0,30,0,0,0,1,12,5,0,0,0,200,200,1,5,0,0,0,0,200,200
366099,0,30,0,0,0,1,12,5,0,0,0,200,200,0,6,0,0,0,0,200,200
366099,1,30,0,0,0,1,12,5,0,0,0,200,200,1,200,0,200,200,200,200,200
366099,1,30,0,0,0,1,12,5,0,0,0,200,200,1,200,0,200,200,200,200,200
366099,1,30,0,0,0,1,12,5,0,0,0,200,200,0,200,0,200,200,200,200,200
366104,0,30,2,200,0,1,0,5,0,200,200,5,17,0,9,200,1,200,0,200,200
366104,0,30,2,200,0,1,0,5,0,200,200,5,17,0,6,200,1,200,0,200,200
366107,0,30,2,2,0,1,0,5,0,0,200,17,200,0,0,0,1,0,0,200,200
366107,0,30,2,2,0,1,0,5,0,0,200,17,200,1,8,0,0,0,0,200,200
366107,1,30,2,2,0,1,0,5,0,0,200,17,200,0,5,0,200,200,200,200,200
366107,1,30,2,2,0,1,0,5,0,0,200,17,200,1,5,0,200,200,200,200,200
366107,1,30,2,2,0,1,0,5,0,0,200,17,200,1,2,5,200,200,200,200,200
366109,0,30,0,0,0,1,7,5,0,0,0,13,200,1,7,0,12,0,0,200,200
366111,0,30,1,2,0,1,14,5,0,0,0,0,0,1,6,0,7,0,0,200,200
366111,0,30,1,2,0,1,14,5,0,0,0,0,0,0,7,0,0,0,0,200,200
366125,0,30,1,200,0,1,10,5,0,0,200,14,18,1,200,200,8,200,200,200,200
366125,0,30,1,200,0,1,10,5,0,0,200,14,18,0,6,0,0,200,200,200,200
366125,1,30,1,200,0,1,10,5,0,0,200,14,18,0,200,200,200,200,200,200,200
366126,0,35,0,0,0,1,0,5,0,0,0,200,200,0,5,200,200,200,0,200,200
366126,0,35,0,0,0,1,0,5,0,0,0,200,200,0,4,7,200,200,0,200,200
366132,0,30,0,0,0,1,14,5,0,0,0,0,0,0,6,0,200,200,200,200,200
366132,0,30,0,0,0,1,14,5,0,0,0,0,0,1,200,200,200,200,200,200,200
366137,0,30,0,0,0,1,7,12,0,12,0,0,0,2,200,200,200,200,200,200,200
366142,0,30,200,200,200,200,5,2,0,200,200,0,0,0,7,200,200,200,200,200,200
366147,0,15,200,200,0,1,5,0,0,200,200,0,0,1,200,200,200,200,200,200,200
366147,1,15,200,200,0,1,5,0,0,200,200,0,0,0,200,200,200,200,200,200,200
366157,0,15,0,0,0,200,7,6,0,0,0,0,200,2,200,200,200,200,200,200,200
366159,0,30,0,0,0,1,7,5,0,0,0,20,200,1,5,0,6,0,0,200,200
366166,0,30,0,0,0,1,7,2,0,0,0,0,0,2,200,200,10,200,200,200,200
366167,0,35,2,2,0,1,10,5,0,0,0,18,0,0,200,200,8,200,0,200,200
366167,0,35,2,2,0,1,10,5,0,0,0,18,0,0,6,0,0,0,0,200,200
366170,0,30,0,0,0,1,10,2,0,0,0,18,200,1,200,200,3,200,200,200,200
366170,0,30,0,0,0,1,10,2,0,0,0,18,200,1,8,0,0,0,0,200,200
366179,0,30,1,2,0,0,14,2,0,0,0,0,0,0,6,0,200,200,0,200,200
366179,0,30,1,2,0,0,14,2,0,0,0,0,0,1,6,0,0,0,0,200,200
366182,0,30,2,2,0,1,10,5,0,0,0,0,0,0,9,0,1,0,0,200,200
366182,0,30,2,2,0,1,10,5,0,0,0,0,0,0,5,0,0,0,0,200,200
366183,0,35,0,0,0,1,10,5,0,0,0,0,0,0,8,7,3,0,0,200,200
366183,0,35,0,0,0,1,10,5,0,0,0,0,0,0,8,7,0,0,0,200,200
366185,0,30,0,0,0,1,10,5,0,0,0,0,200,0,6,0,200,200,200,200,200
366185,0,30,0,0,0,1,10,5,0,0,0,0,200,1,6,0,0,0,0,200,200
366187,0,30,1,2,0,1,10,5,0,0,0,0,200,1,200,200,200,200,200,200,200
366187,0,30,1,2,0,1,10,5,0,0,0,0,200,1,6,1,0,0,0,200,200
366189,0,30,0,0,0,1,7,5,0,0,0,0,200,1,4,0,12,0,4,200,200
366190,0,30,0,0,0,1,7,5,0,0,0,0,0,2,200,200,200,200,200,200,200
366191,0,30,0,0,0,1,10,6,0,0,0,18,11,0,7,0,3,0,0,200,200
366191,0,30,0,0,0,1,10,6,0,0,0,18,11,0,7,0,0,0,0,200,200
366192,0,30,1,2,0,1,12,2,0,0,0,0,0,0,6,200,200,200,0,200,200
366192,0,30,1,2,0,1,12,2,0,0,0,0,0,2,200,200,200,200,200,200,200
366206,0,30,0,0,0,1,12,3,0,0,200,21,200,0,5,200,4,200,200,200,200
366206,0,30,0,0,0,1,12,3,0,0,200,21,200,0,7,200,0,200,0,200,200
366207,0,30,0,200,0,1,14,7,0,0,200,23,200,0,9,200,7,200,0,200,200
366207,0,30,0,200,0,1,14,7,0,0,200,23,200,1,6,200,200,200,0,200,200
366208,0,30,0,0,0,1,10,5,0,0,0,18,18,1,5,0,3,0,0,200,200
366208,0,30,0,0,0,1,10,5,0,0,0,18,18,0,8,0,0,0,0,200,200
366208,0,30,0,0,0,1,10,5,0,0,0,18,18,0,4,0,0,0,0,200,200
366212,0,30,0,0,0,1,7,5,0,0,0,0,0,2,200,200,200,200,200,200,200
366213,0,35,0,0,0,1,10,6,0,0,0,20,20,1,6,0,6,0,0,200,200
366213,0,35,0,0,0,1,10,6,0,0,0,20,20,1,5,0,0,0,0,200,200
366218,0,30,0,0,0,1,0,5,0,0,0,0,200,0,7,200,0,0,0,200,200
366218,0,30,0,0,0,1,0,5,0,0,0,0,200,0,200,200,1,200,200,200,200
366219,0,35,2,2,0,1,10,5,0,0,0,0,200,0,200,1,200,0,0,200,200
366219,0,35,2,2,0,1,10,5,0,0,0,0,200,1,200,200,0,200,200,200,200
366219,1,35,2,2,0,1,10,5,0,0,0,0,200,1,200,0,200,200,200,200,200
366224,0,30,200,200,0,1,12,5,0,0,0,0,0,0,200,200,200,200,200,200,200
366224,0,30,200,200,0,1,12,5,0,0,0,0,0,0,6,0,0,0,0,200,200
366228,0,30,0,0,0,1,10,5,0,0,12,18,16,1,7,0,3,0,0,200,200
366228,0,30,0,0,0,1,10,5,0,0,12,18,16,0,7,0,0,0,0,200,200
366234,0,30,1,2,0,1,10,5,0,0,200,18,18,0,200,200,1,200,200,200,200
366234,0,30,1,2,0,1,10,5,0,0,200,18,18,0,8,0,0,0,0,200,200
366234,1,30,1,2,0,1,10,5,0,0,200,18,18,1,200,0,200,200,200,200,200
366237,0,30,0,0,0,1,10,5,0,0,0,18,200,0,6,0,3,0,0,200,200
366237,0,30,0,0,0,1,10,5,0,0,0,18,200,1,7,0,0,0,0,200,200
366237,0,30,0,0,0,1,10,5,0,0,0,18,200,1,6,0,0,0,0,200,200
366247,0,30,0,2,0,1,14,5,0,0,0,17,0,0,9,0,1,0,0,200,200
366247,0,30,0,2,0,1,14,5,0,0,0,17,0,1,9,0,0,0,0,200,200
366248,0,30,0,0,0,1,12,3,0,0,0,13,200,0,8,0,12,0,0,200,200
366248,0,30,0,0,0,1,12,3,0,0,0,13,200,0,7,0,0,0,0,200,200
366257,0,30,0,0,0,1,14,2,0,0,0,0,0,0,5,0,200,0,0,200,200
366257,0,30,0,0,0,1,14,2,0,0,0,0,0,0,5,0,0,0,0,200,200
366260,0,10,0,0,0,1,7,7,0,200,200,0,200,1,200,200,10,200,200,200,200
366268,0,30,0,0,0,1,7,6,0,200,200,20,11,1,5,200,6,200,200,200,200
366268,1,30,0,0,0,1,7,6,0,200,200,20,11,0,200,200,200,200,200,200,200
366268,1,30,0,0,0,1,7,6,0,200,200,20,11,0,200,200,200,200,200,200,200
366282,0,30,0,0,0,1,7,5,0,0,0,0,200,2,200,200,200,200,200,200,200
366284,0,30,2,200,0,1,0,12,0,0,0,14,200,1,5,200,200,200,0,200,200
366284,0,30,2,200,0,1,0,12,0,0,0,14,200,0,200,200,200,200,200,200,200
366289,0,30,1,2,0,1,14,3,0,0,0,17,200,1,5,200,1,0,0,200,200
366289,0,30,1,2,0,1,14,3,0,0,0,17,200,0,5,200,1,0,0,200,200
366289,1,30,1,2,0,1,14,3,0,0,0,17,200,1,2,200,200,200,200,200,200
366290,0,30,0,0,0,1,12,2,0,0,0,21,200,0,6,200,12,0,0,200,200
366290,0,30,0,0,0,1,12,2,0,0,0,21,200,1,7,200,0,0,0,200,200
366293,0,30,1,2,0,1,10,5,0,0,0,0,0,0,6,200,200,200,200,200,200
366293,0,30,1,2,0,1,10,5,0,0,0,0,0,1,6,0,200,200,200,200,200
366297,0,30,0,0,0,1,10,5,0,0,0,18,0,0,200,200,3,0,0,200,200
366297,0,30,0,0,0,1,10,5,0,0,0,18,0,1,5,200,3,0,0,200,200
366297,0,30,0,0,0,1,10,5,0,0,0,18,0,1,6,200,0,0,0,200,200
366297,1,30,0,0,0,1,10,5,0,0,0,18,0,1,1,5,200,200,200,200,200
366297,1,30,0,0,0,1,10,5,0,0,0,18,0,1,6,200,200,200,200,200,200
366300,0,30,1,2,0,1,10,5,0,0,0,18,200,0,4,0,3,0,0,200,200
366300,0,30,1,2,0,1,10,5,0,0,0,18,200,0,7,0,0,0,0,200,200
366302,0,25,0,0,0,1,12,5,0,0,200,22,21,0,200,200,12,200,200,200,200
366302,0,25,0,0,0,1,12,5,0,0,200,22,21,1,6,200,0,200,0,200,200
366302,1,25,0,0,0,1,12,5,0,0,200,22,21,0,200,200,200,200,200,200,200
366303,0,30,2,2,0,1,0,5,0,0,0,17,5,1,6,0,0,0,0,200,200
366303,0,30,2,2,0,1,0,5,0,0,0,17,5,1,5,0,1,0,0,200,200
366303,1,30,2,2,0,1,0,5,0,0,0,17,5,0,5,0,200,200,200,200,200
366303,1,30,2,2,0,1,0,5,0,0,0,17,5,0,6,0,200,200,200,200,200
366307,0,30,0,0,0,1,7,5,0,0,0,0,200,0,200,200,200,0,0,200,200
366315,0,30,0,0,0,1,10,2,0,0,0,18,16,0,200,200,1,200,200,200,200
366315,0,30,0,0,0,1,10,2,0,0,0,18,16,1,5,0,0,0,0,200,200
366315,0,30,0,0,0,1,10,2,0,0,0,18,16,0,5,0,0,0,0,200,200
366315,1,30,0,0,0,1,10,2,0,0,0,18,16,200,200,5,200,200,200,200,200
366322,0,30,0,0,0,1,14,2,0,0,0,22,200,1,7,0,2,0,0,200,200
366322,0,30,0,0,0,1,14,2,0,0,0,22,200,1,6,0,0,0,0,200,200
366323,0,30,0,0,0,1,7,5,0,0,0,0,0,2,200,200,200,200,200,200,200
366328,0,30,0,0,0,1,12,5,0,0,200,17,23,1,7,0,1,0,0,200,200
366328,0,30,0,0,0,1,12,5,0,0,200,17,23,0,7,0,0,0,0,200,200
366332,0,20,0,0,0,1,7,5,0,0,0,0,0,0,6,200,12,0,0,200,200
366333,0,20,0,0,0,1,7,6,0,0,0,20,23,2,200,200,9,200,200,200,200
366338,0,30,0,0,0,1,7,2,0,0,0,0,0,1,200,200,200,200,200,200,200
366339,0,30,200,200,200,200,12,5,0,200,200,0,0,0,200,200,200,200,200,200,200
366339,0,30,200,200,200,200,12,5,0,200,200,0,0,0,6,200,200,200,200,200,200
366349,0,30,0,0,0,1,12,5,0,0,0,200,200,0,7,0,0,0,0,200,200
366349,0,30,0,0,0,1,12,5,0,0,0,200,200,0,6,0,0,0,0,200,200
366349,1,30,0,0,0,1,12,5,0,0,0,200,200,1,200,0,200,200,200,200,200
366350,0,30,0,0,0,1,12,5,0,200,0,0,0,0,6,0,200,200,0,200,200
366350,0,30,0,0,0,1,12,5,0,200,0,0,0,0,6,0,200,200,0,200,200
366350,1,30,0,0,0,1,12,5,0,200,0,0,0,0,200,0,200,200,200,200,200
366350,1,30,0,0,0,1,12,5,0,200,0,0,0,0,2,0,200,200,200,200,200
366353,0,30,1,2,0,3,12,2,0,200,200,6,0,0,0,200,5,200,200,200,200
366353,0,30,1,2,0,3,12,2,0,200,200,6,0,0,5,0,0,0,0,200,200
366354,0,30,0,0,0,1,12,5,0,200,200,17,0,0,7,200,1,200,0,200,200
366354,0,30,0,0,0,1,12,5,0,200,200,17,0,0,6,200,12,200,200,200,200
366359,0,30,1,2,0,1,14,5,0,0,0,23,17,0,6,200,7,200,200,200,200
366359,0,30,1,2,0,1,14,5,0,0,0,23,17,1,6,0,0,0,0,200,200
366363,0,30,1,0,0,1,14,5,0,0,200,17,23,1,7,200,1,0,0,200,200
366363,0,30,1,0,0,1,14,5,0,0,200,17,23,0,5,2,0,0,0,200,200
366363,1,30,1,0,0,1,14,5,0,0,200,17,23,1,200,200,200,200,200,200,200
366368,0,30,0,0,0,1,12,5,0,0,0,22,22,0,5,0,2,0,0,200,200
366368,0,30,0,0,0,1,12,5,0,0,0,22,22,1,200,200,0,0,0,200,200
366372,0,30,1,2,0,1,14,5,0,0,0,0,0,0,7,0,1,0,0,200,200