RD_NO,PERSON_TYPE,POSTED_SPEED_LIMIT,TRAFFIC_CONTROL_DEVICE,DEVICE_CONDITION,WEATHER_CONDITION,LIGHTING_CONDITION,FIRST_CRASH_TYPE,TRAFFICWAY_TYPE,ALIGNMENT,ROADWAY_SURFACE_COND,ROAD_DEFECT,PRIM_CONTRIBUTORY_CAUSE,SEC_CONTRIBUTORY_CAUSE,SEX,AGE,SAFETY_EQUIPMENT,DRIVER_ACTION,DRIVER_VISION,PHYSICAL_CONDITION,BAC_RESULT VALUE,CELL_PHONE_USE
366372,0,30,1,2,0,1,14,5,0,0,0,0,0,0,8,0,0,0,0,200,200
366373,0,30,1,2,0,1,10,5,0,0,200,0,200,1,200,200,200,200,200,200,200
366373,0,30,1,2,0,1,10,5,0,0,200,0,200,1,5,0,200,200,0,200,200
366373,1,30,1,2,0,1,10,5,0,0,200,0,200,0,6,0,200,200,200,200,200
366373,1,30,1,2,0,1,10,5,0,0,200,0,200,0,1,0,200,200,200,200,200
366373,1,30,1,2,0,1,10,5,0,0,200,0,200,0,0,0,200,200,200,200,200
366375,0,30,0,0,0,1,7,5,0,0,0,0,0,0,200,200,200,200,200,200,200
366375,1,30,0,0,0,1,7,5,0,0,0,0,0,0,200,0,200,200,200,200,200
366375,1,30,0,0,0,1,7,5,0,0,0,0,0,0,200,0,200,200,200,200,200
366376,0,30,0,0,0,1,12,5,0,0,0,22,0,0,200,200,2,200,200,200,200
366376,0,30,0,0,0,1,12,5,0,0,0,22,0,0,8,0,0,0,0,200,200
366376,1,30,0,0,0,1,12,5,0,0,0,22,0,1,200,200,200,200,200,200,200
366379,0,10,0,0,0,1,7,12,0,200,200,0,0,2,200,200,200,200,200,200,200
366380,0,30,0,0,0,1,12,5,0,0,0,200,200,1,200,200,0,200,200,200,200
366380,0,30,0,0,0,1,12,5,0,0,0,200,200,0,6,0,0,0,0,200,200
366380,1,30,0,0,0,1,12,5,0,0,0,200,200,0,200,0,200,200,200,200,200
366381,0,25,0,0,0,1,7,5,0,0,0,20,200,1,6,0,6,0,0,200,200
366384,0,30,0,0,0,1,0,7,0,0,200,20,200,0,4,200,6,200,0,200,200
366384,0,30,0,0,0,1,0,7,0,0,200,20,200,0,7,200,0,200,0,200,200
366385,0,30,0,0,0,1,7,5,0,0,0,0,200,0,200,200,200,200,200,200,200
366390,0,30,0,0,0,1,12,6,0,0,0,20,25,1,6,0,6,0,1,200,200
366390,0,30,0,0,0,1,12,6,0,0,0,20,25,0,5,0,200,0,0,200,200
366398,0,35,2,0,0,1,0,5,0,0,0,17,200,0,200,0,1,200,0,200,200
366398,0,35,2,0,0,1,0,5,0,0,0,17,200,1,6,0,1,200,0,200,200
366398,0,35,2,0,0,1,0,5,0,0,0,17,200,0,5,0,0,200,0,200,200
366398,0,35,2,0,0,1,0,5,0,0,0,17,200,1,6,0,0,200,0,200,200
366400,0,15,0,0,0,1,11,0,0,0,0,18,0,0,200,200,3,200,200,200,200
366400,0,15,0,0,0,1,11,0,0,0,0,18,0,0,8,0,0,0,0,200,200
366403,4,30,1,2,0,1,8,5,0,0,0,0,200,200,200,200,200,200,200,200,200
366403,0,30,1,2,0,1,8,5,0,0,0,0,200,0,7,0,0,0,0,200,200
366409,0,30,1,2,0,1,10,2,0,0,0,0,0,1,6,0,200,0,0,200,200
366409,0,30,1,2,0,1,10,2,0,0,0,0,0,1,8,0,0,0,0,200,200
366413,4,30,0,0,0,1,8,5,0,0,3,200,200,0,6,3,12,0,0,200,200
366414,0,35,0,0,0,1,14,6,0,0,0,21,23,0,200,200,7,200,200,200,200
366414,0,35,0,0,0,1,14,6,0,0,0,21,23,0,6,200,0,200,200,200,200
366417,0,35,0,0,0,1,12,2,0,0,0,23,200,0,6,0,7,0,0,200,200
366417,0,35,0,0,0,1,12,2,0,0,0,23,200,0,5,200,12,0,0,200,200
366418,0,30,1,2,0,1,14,5,0,0,0,17,14,0,7,0,1,0,0,200,200
366418,0,30,1,2,0,1,14,5,0,0,0,17,14,0,5,7,8,0,200,200,200
366418,1,30,1,2,0,1,14,5,0,0,0,17,14,1,200,0,200,200,200,200,200
366427,0,30,0,0,0,1,10,5,0,0,0,0,0,1,6,0,0,0,0,200,200
366427,0,30,0,0,0,1,10,5,0,0,0,0,0,1,8,200,200,200,200,200,200
366428,0,30,0,0,0,1,12,5,0,0,0,27,200,0,5,0,200,200,0,200,200
366428,0,30,0,0,0,1,12,5,0,0,0,27,200,1,200,0,200,200,4,200,200
366437,0,30,10,3,0,1,0,12,0,0,0,3,17,1,6,200,9,0,12,200,200
366437,0,30,10,3,0,1,0,12,0,0,0,3,17,0,0,200,0,0,0,200,200
366440,0,30,1,2,0,1,14,2,0,0,0,0,0,0,5,200,12,0,0,200,200
366440,0,30,1,2,0,1,14,2,0,0,0,0,0,1,3,0,12,0,0,200,200
366444,0,5,0,0,0,1,0,7,0,0,0,12,0,0,6,200,12,200,200,200,200
366444,0,5,0,0,0,1,0,7,0,0,0,12,0,0,6,200,0,200,0,200,200
366446,0,35,0,0,0,1,12,3,0,0,0,22,0,0,200,200,4,200,200,200,200
366446,0,35,0,0,0,1,12,3,0,0,0,22,0,0,7,0,0,0,0,200,200
366448,0,55,0,0,0,1,10,12,0,0,0,0,0,1,9,0,3,0,0,200,200
366448,0,55,0,0,0,1,10,12,0,0,0,0,0,0,7,0,200,0,0,200,200
366448,1,55,0,0,0,1,10,12,0,0,0,0,0,0,9,0,200,200,200,200,200
366458,0,30,1,2,0,1,10,2,0,0,0,16,18,0,6,200,3,200,0,200,200
366458,0,30,1,2,0,1,10,2,0,0,0,16,18,0,6,0,0,0,0,200,200
366458,0,30,1,2,0,1,10,2,0,0,0,16,18,1,5,0,0,0,0,200,200
366458,1,30,1,2,0,1,10,2,0,0,0,16,18,0,3,0,200,200,200,200,200
366459,0,30,0,0,0,1,12,5,0,0,0,200,200,0,200,200,200,200,200,200,200
366459,0,30,0,0,0,1,12,5,0,0,0,200,200,1,7,0,200,0,0,200,200
366460,0,30,2,2,0,1,0,5,0,0,0,17,16,0,8,0,1,1,0,200,200
366460,0,30,2,2,0,1,0,5,0,0,0,17,16,0,9,0,0,0,0,200,200
366460,1,30,2,2,0,1,0,5,0,0,0,17,16,1,9,0,200,200,200,200,200
366463,0,35,0,0,0,1,14,2,0,0,200,17,0,0,5,200,1,200,200,200,200
366463,0,35,0,0,0,1,14,2,0,0,200,17,0,0,6,200,0,200,200,200,200
366463,1,35,0,0,0,1,14,2,0,0,200,17,0,1,6,200,200,200,200,200,200
366463,1,35,0,0,0,1,14,2,0,0,200,17,0,1,5,200,200,200,200,200,200
366465,0,30,1,2,0,1,12,2,0,0,0,0,0,0,6,0,200,0,0,200,200
366465,0,30,1,2,0,1,12,2,0,0,0,0,0,1,5,0,0,0,0,200,200
366467,0,30,1,2,0,1,10,2,0,0,0,0,200,1,5,0,0,0,0,200,200
366467,0,30,1,2,0,1,10,2,0,0,0,0,200,0,7,0,0,0,0,200,200
366470,0,30,2,0,0,1,14,5,0,0,0,0,0,0,4,0,0,0,0,200,200
366470,0,30,2,0,0,1,14,5,0,0,0,0,0,1,4,0,0,0,0,200,200
366473,4,30,0,0,0,1,8,2,0,0,0,17,16,0,6,200,1,0,0,200,200
366473,0,30,0,0,0,1,8,2,0,0,0,17,16,0,6,200,0,0,0,200,200
366474,0,30,0,0,0,1,10,5,0,0,200,0,0,1,200,200,200,200,200,200,200
366474,0,30,0,0,0,1,10,5,0,0,200,0,0,0,6,0,12,0,0,200,200
366476,0,30,0,0,0,1,10,5,0,0,0,18,200,1,6,200,3,200,0,200,200
366476,0,30,0,0,0,1,10,5,0,0,0,18,200,0,200,200,12,200,200,200,200
366477,0,30,1,2,0,1,12,5,0,0,0,0,0,0,5,200,200,200,200,200,200
366477,0,30,1,2,0,1,12,5,0,0,0,0,0,1,5,0,0,0,0,200,200
366478,0,30,1,2,0,1,0,2,0,0,0,6,16,0,5,0,5,0,0,200,200
366478,0,30,1,2,0,1,0,2,0,0,0,6,16,0,6,0,0,0,0,200,200
366478,1,30,1,2,0,1,0,2,0,0,0,6,16,1,200,0,200,200,200,200,200
366478,1,30,1,2,0,1,0,2,0,0,0,6,16,1,200,0,200,200,200,200,200
366479,0,35,1,2,0,1,12,5,0,0,200,200,200,1,8,0,12,0,0,200,200
366479,0,35,1,2,0,1,12,5,0,0,200,200,200,1,7,0,0,200,0,200,200
366479,1,35,1,2,0,1,12,5,0,0,200,200,200,0,6,0,200,200,200,200,200
366479,1,35,1,2,0,1,12,5,0,0,200,200,200,0,3,0,200,200,200,200,200
366479,1,35,1,2,0,1,12,5,0,0,200,200,200,0,200,0,200,200,200,200,200
366479,1,35,1,2,0,1,12,5,0,0,200,200,200,1,1,0,200,200,200,200,200
366482,0,30,2,2,0,1,12,2,0,0,0,21,200,0,200,200,4,200,200,200,200
366482,0,30,2,2,0,1,12,2,0,0,0,21,200,0,7,1,0,0,0,200,200
366490,0,25,0,0,0,1,7,5,0,0,0,200,0,0,6,0,200,200,0,200,200
366491,0,30,200,200,200,200,12,3,0,200,200,0,0,0,6,200,200,200,200,200,200
366491,0,30,200,200,200,200,12,3,0,200,200,0,0,0,9,200,200,200,200,200,200
366491,1,30,200,200,200,200,12,3,0,200,200,0,0,0,200,200,200,200,200,200,200
366491,1,30,200,200,200,200,12,3,0,200,200,0,0,0,200,200,200,200,200,200,200
366491,1,30,200,200,200,200,12,3,0,200,200,0,0,1,200,200,200,200,200,200,200
366495,0,20,0,0,0,1,12,7,0,0,0,22,22,1,6,0,2,0,0,200,200
366495,0,20,0,0,0,1,12,7,0,0,0,22,22,1,7,0,0,0,0,200,200
366504,0,5,0,0,0,1,10,5,0,0,200,0,0,1,4,200,0,0,0,200,200
366504,0,5,0,0,0,1,10,5,0,0,200,0,0,1,6,0,0,0,0,200,200
366504,1,5,0,0,0,1,10,5,0,0,200,0,0,0,200,0,200,200,200,200,200
366508,0,30,0,0,0,1,14,5,0,0,0,17,0,1,200,200,1,200,200,200,200
366508,0,30,0,0,0,1,14,5,0,0,0,17,0,1,8,0,0,0,0,200,200
366510,0,0,0,0,0,1,2,0,0,1,1,29,200,1,0,0,0,0,0,200,200
366521,0,30,0,0,0,1,2,12,0,0,0,0,7,2,200,200,12,200,200,200,200
366525,0,30,2,2,1,1,0,5,0,0,0,33,11,0,6,1,200,200,0,200,200
366525,0,30,2,2,1,1,0,5,0,0,0,33,11,1,6,200,12,200,0,200,200
366525,1,30,2,2,1,1,0,5,0,0,0,33,11,1,6,0,200,200,200,200,200
366528,0,30,1,2,0,1,10,3,0,0,0,0,0,0,6,0,200,0,0,200,200
366528,0,30,1,2,0,1,10,3,0,0,0,0,0,1,6,0,0,0,0,200,200
366528,0,30,1,2,0,1,10,3,0,0,0,0,0,0,4,0,0,0,0,200,200
366528,1,30,1,2,0,1,10,3,0,0,0,0,0,0,6,0,200,200,200,200,200
366528,1,30,1,2,0,1,10,3,0,0,0,0,0,0,3,0,200,200,200,200,200
366529,0,35,1,2,0,1,0,2,0,0,0,17,0,0,7,0,1,0,0,200,0
366529,0,35,1,2,0,1,0,2,0,0,0,17,0,0,6,0,0,0,0,200,200
366530,0,25,0,0,200,1,7,5,0,200,200,0,0,2,200,200,200,200,200,200,200
366531,0,5,0,0,0,1,7,7,0,0,2,0,200,2,5,200,0,200,200,200,200
366534,0,33,0,0,0,1,14,3,0,0,0,23,11,0,6,200,7,0,0,200,200
366534,0,33,0,0,0,1,14,3,0,0,0,23,11,1,6,200,0,0,0,200,200
366534,1,33,0,0,0,1,14,3,0,0,0,23,11,0,7,200,200,200,200,200,200
366534,1,33,0,0,0,1,14,3,0,0,0,23,11,1,5,200,200,200,200,200,200
366534,1,33,0,0,0,1,14,3,0,0,0,23,11,1,2,200,200,200,200,200,200
366534,1,33,0,0,0,1,14,3,0,0,0,23,11,0,2,7,200,200,200,200,200
366537,0,30,1,2,0,1,10,5,0,0,0,0,0,0,6,200,200,200,200,200,200
366537,0,30,1,2,0,1,10,5,0,0,0,0,0,1,5,0,0,0,0,200,200
366546,0,25,1,2,0,1,10,5,0,0,0,18,200,0,5,200,1,0,0,200,200
366546,0,25,1,2,0,1,10,5,0,0,0,18,200,0,6,200,0,0,0,200,200
366550,0,40,1,3,0,1,10,2,0,0,0,0,18,0,6,0,12,200,0,200,200
366550,0,40,1,3,0,1,10,2,0,0,0,0,18,0,6,0,12,200,0,200,200
366550,0,40,1,3,0,1,10,2,0,0,0,0,18,0,6,0,200,200,0,200,200
366551,0,30,200,200,200,200,12,200,0,200,200,0,200,0,200,200,200,200,200,200,200
366551,0,30,200,200,200,200,12,200,0,200,200,0,200,0,7,0,200,200,200,200,200
366555,0,30,0,0,0,1,7,7,0,0,0,0,200,2,200,200,200,200,200,200,200
366557,0,30,0,0,0,1,0,5,0,0,0,200,200,1,6,0,0,0,0,200,200
366557,0,30,0,0,0,1,0,5,0,0,0,200,200,1,5,0,0,0,0,200,200
366559,0,30,2,2,0,1,14,5,0,0,0,0,0,1,200,7,200,0,0,200,200
366559,0,30,2,2,0,1,14,5,0,0,0,0,0,1,6,0,0,0,0,200,200
366564,0,30,1,2,0,1,14,2,0,0,0,21,22,0,5,200,2,0,0,200,200
366564,0,30,1,2,0,1,14,2,0,0,0,21,22,0,5,200,1,0,0,200,200
366568,0,30,0,0,0,1,7,7,0,0,0,0,0,2,200,200,200,200,200,200,200
366570,0,30,0,0,0,0,7,5,0,0,0,0,0,2,200,200,200,200,200,200,200
366574,0,30,0,2,0,1,10,5,0,0,0,16,200,0,7,200,3,0,0,200,200
366574,0,30,0,2,0,1,10,5,0,0,0,16,200,0,8,200,0,200,200,200,200
366578,0,30,0,0,0,1,12,6,0,0,200,21,200,2,200,200,12,200,200,200,200
366578,0,30,0,0,0,1,12,6,0,0,200,21,200,1,7,200,0,200,0,200,200
366579,0,30,0,0,0,1,14,2,0,0,0,11,200,1,6,200,1,200,200,200,200
366579,0,30,0,0,0,1,14,2,0,0,0,11,200,1,7,0,0,0,0,200,200
366580,0,30,0,0,0,1,12,5,0,0,0,0,0,0,6,0,0,0,0,200,200
366580,0,30,0,0,0,1,12,5,0,0,0,0,0,0,6,0,0,0,0,200,200
366581,0,30,0,0,200,3,7,6,0,200,200,0,0,2,200,200,200,200,200,200,200
366583,0,30,2,2,0,1,14,2,0,0,0,33,0,0,6,3,200,1,0,200,200
366583,0,30,2,2,0,1,14,2,0,0,0,33,0,0,8,0,0,1,0,200,200
366585,0,30,0,0,0,1,10,2,0,0,0,0,0,0,5,0,3,0,0,200,200
366585,0,30,0,0,0,1,10,2,0,0,0,0,0,1,6,0,0,0,0,200,200
366588,0,30,2,0,0,1,10,5,0,0,0,0,200,2,200,200,200,200,200,200,200
366588,0,30,2,0,0,1,10,5,0,0,0,0,200,1,6,0,0,0,0,200,200
366589,0,30,2,2,0,1,14,2,0,200,200,6,11,1,5,200,5,200,200,200,200
366589,0,30,2,2,0,1,14,2,0,200,200,6,11,1,6,1,0,200,0,200,200
366591,0,30,0,0,0,3,12,5,0,0,0,0,0,0,200,200,200,200,200,200,200
366591,0,30,0,0,0,3,12,5,0,0,0,0,0,0,5,0,200,0,0,200,200
366602,0,30,1,2,0,1,10,2,0,0,0,18,200,0,200,200,0,200,0,200,200
366602,0,30,1,2,0,1,10,2,0,0,0,18,200,0,200,200,3,200,200,200,200
366602,1,30,1,2,0,1,10,2,0,0,0,18,200,0,7,200,200,200,200,200,200
366602,1,30,1,2,0,1,10,2,0,0,0,18,200,1,200,200,200,200,200,200,200
366602,1,30,1,2,0,1,10,2,0,0,0,18,200,1,2,200,200,200,200,200,200
366602,1,30,1,2,0,1,10,2,0,0,0,18,200,0,6,200,200,200,200,200,200
366602,1,30,1,2,0,1,10,2,0,0,0,18,200,1,6,200,200,200,200,200,200
366602,1,30,1,2,0,1,10,2,0,0,0,18,200,1,2,200,200,200,200,200,200
366602,1,30,1,2,0,1,10,2,0,0,0,18,200,1,2,200,200,200,200,200,200
366605,0,30,1,200,0,1,10,5,0,0,0,200,200,0,200,200,200,200,200,200,200
366605,0,30,1,200,0,1,10,5,0,0,0,200,200,0,200,200,200,200,200,200,200
366605,0,30,1,200,0,1,10,5,0,0,0,200,200,0,7,200,0,200,0,200,200
366607,0,10,0,0,0,1,5,7,0,0,0,17,0,1,6,0,6,200,0,200,200
366607,0,10,0,0,0,1,5,7,0,0,0,17,0,1,6,7,0,200,0,200,200
366608,0,35,1,2,0,1,10,3,0,0,0,18,200,1,200,200,200,200,200,200,200
366608,0,35,1,2,0,1,10,3,0,0,0,18,200,0,5,0,0,0,0,200,200
366609,0,30,0,0,0,1,8,7,0,0,0,0,0,0,200,200,8,200,200,200,200
366609,4,30,0,0,0,1,8,7,0,0,0,0,0,0,7,7,0,200,0,200,200
366619,0,30,0,0,0,1,7,6,0,0,0,25,200,0,6,0,12,0,0,200,200
366626,0,30,0,0,0,4,10,200,0,0,0,200,200,1,200,200,0,200,200,200,200
366626,0,30,0,0,0,4,10,200,0,0,0,200,200,0,5,0,0,0,0,200,200
366626,1,30,0,0,0,4,10,200,0,0,0,200,200,2,200,0,200,200,200,200,200
366626,1,30,0,0,0,4,10,200,0,0,0,200,200,1,200,0,200,200,200,200,200
366627,4,30,1,2,0,1,8,2,0,0,0,21,22,0,6,3,5,0,0,200,200
366627,0,30,1,2,0,1,8,2,0,0,0,21,22,1,6,0,12,200,0,200,200
366628,0,0,0,0,0,1,11,7,0,0,0,20,200,1,200,200,6,200,200,200,200
366628,0,0,0,0,0,1,11,7,0,0,0,20,200,1,7,0,0,0,0,200,200
366635,0,30,1,2,0,1,14,5,0,0,0,17,0,0,5,0,1,0,0,200,200
366635,0,30,1,2,0,1,14,5,0,0,0,17,0,0,5,0,0,0,0,200,200
366635,1,30,1,2,0,1,14,5,0,0,0,17,0,1,5,0,200,200,200,200,200
366639,0,30,1,2,0,1,10,5,0,0,0,0,0,1,7,200,0,0,0,200,200
366639,0,30,1,2,0,1,10,5,0,0,0,0,0,0,7,0,0,0,0,200,200
366642,0,30,0,0,0,4,14,5,0,0,0,0,0,1,5,0,12,0,200,200,200
366642,0,30,0,0,0,4,14,5,0,0,0,0,0,0,7,200,12,200,12,200,200
366642,1,30,0,0,0,4,14,5,0,0,0,0,0,0,6,0,200,200,200,200,200
366644,0,30,0,0,0,1,14,5,0,0,0,17,200,0,5,0,1,0,0,200,200
366644,0,30,0,0,0,1,14,5,0,0,0,17,200,0,6,0,0,0,0,200,200
366645,0,30,1,2,0,1,0,3,0,0,0,6,16,0,200,200,5,200,200,200,200
366645,0,30,1,2,0,1,0,3,0,0,0,6,16,0,7,0,0,0,0,200,200
366645,0,30,1,2,0,1,0,3,0,0,0,6,16,0,6,0,0,0,0,200,200
366645,1,30,1,2,0,1,0,3,0,0,0,6,16,0,200,0,200,200,200,200,200
366645,1,30,1,2,0,1,0,3,0,0,0,6,16,200,200,7,200,200,200,200,200
366645,1,30,1,2,0,1,0,3,0,0,0,6,16,0,200,0,200,200,200,200,200
366651,0,10,0,0,0,1,12,7,0,0,0,0,0,1,200,200,2,200,200,200,200
366651,0,10,0,0,0,1,12,7,0,0,0,0,0,0,6,0,200,0,0,200,200
366652,0,30,1,2,0,3,14,6,0,0,0,5,200,0,200,200,1,200,0,200,200
366652,0,30,1,2,0,3,14,6,0,0,0,5,200,0,200,200,0,200,0,200,200
366655,0,30,0,0,0,4,12,5,0,0,0,20,0,0,7,0,6,0,0,200,200
366655,0,30,0,0,0,4,12,5,0,0,0,20,0,1,6,0,0,0,0,200,200
366655,1,30,0,0,0,4,12,5,0,0,0,20,0,1,6,0,200,200,200,200,200
366659,0,30,200,200,0,4,10,5,0,0,200,0,0,0,200,200,200,200,200,200,200
366659,0,30,200,200,0,4,10,5,0,0,200,0,0,1,6,200,0,200,0,200,200
366659,1,30,200,200,0,4,10,5,0,0,200,0,0,1,200,200,200,200,200,200,200
366661,0,30,0,0,0,1,7,7,0,0,0,0,200,1,6,0,200,0,0,200,200
366664,0,0,1,2,0,1,11,6,0,0,0,21,22,0,200,200,9,200,200,200,200
366664,0,0,1,2,0,1,11,6,0,0,0,21,22,1,6,200,0,0,0,200,200
366666,0,30,2,0,0,1,14,1,2,0,0,17,22,0,200,200,2,200,200,200,200
366666,0,30,2,0,0,1,14,1,2,0,0,17,22,1,7,0,200,0,0,200,200
366673,0,30,0,0,0,1,0,7,0,0,0,17,200,0,6,200,1,200,200,200,200
366673,0,30,0,0,0,1,0,7,0,0,0,17,200,1,5,0,0,0,200,200,200
366675,0,25,0,0,0,1,7,12,0,0,0,10,0,0,5,200,9,0,0,200,200
366677,0,25,0,0,0,1,10,6,0,0,0,20,200,0,6,200,6,0,0,200,200
366677,0,25,0,0,0,1,10,6,0,0,0,20,200,1,5,200,0,0,0,200,200
366677,1,25,0,0,0,1,10,6,0,0,0,20,200,1,6,200,200,200,200,200,200
366677,1,25,0,0,0,1,10,6,0,0,0,20,200,1,1,0,200,200,200,200,200
366677,1,25,0,0,0,1,10,6,0,0,0,20,200,1,3,200,200,200,200,200,200
366677,1,25,0,0,0,1,10,6,0,0,0,20,200,1,6,200,200,200,200,200,200
366677,1,25,0,0,0,1,10,6,0,0,0,20,200,0,6,200,200,200,200,200,200
366677,1,25,0,0,0,1,10,6,0,0,0,20,200,0,3,200,200,200,200,200,200
366677,1,25,0,0,0,1,10,6,0,0,0,20,200,0,4,200,200,200,200,200,200
366678,0,30,1,2,0,1,10,5,0,0,0,20,16,1,200,200,6,200,200,200,200
366678,0,30,1,2,0,1,10,5,0,0,0,20,16,0,6,0,0,0,0,200,200
366680,0,25,1,2,0,1,8,6,0,0,0,0,200,0,6,0,0,0,0,200,200
366680,4,25,1,2,0,1,8,6,0,0,0,0,200,0,5,2,0,0,0,200,200
366680,1,25,1,2,0,1,8,6,0,0,0,0,200,1,6,0,200,200,200,200,200
366680,1,25,1,2,0,1,8,6,0,0,0,0,200,0,0,0,200,200,200,200,200
366683,0,30,0,0,0,1,10,2,0,0,0,16,18,0,6,200,3,0,0,200,200
366683,0,30,0,0,0,1,10,2,0,0,0,16,18,0,5,200,0,0,0,200,200
366686,0,30,0,0,0,4,7,5,0,0,0,0,0,2,200,200,10,200,200,200,200
366687,0,35,0,2,0,1,14,5,0,0,0,20,11,0,5,0,6,0,0,200,200
366687,0,35,0,2,0,1,14,5,0,0,0,20,11,1,6,0,0,0,0,200,200
366690,0,30,1,2,0,1,10,5,0,0,0,0,200,2,200,200,200,200,200,200,200
366690,0,30,1,2,0,1,10,5,0,0,0,0,200,0,7,200,0,200,0,200,200
366693,0,30,1,2,0,1,12,5,0,0,0,0,200,0,6,0,200,0,0,200,200
366693,0,30,1,2,0,1,12,5,0,0,0,0,200,0,5,0,200,0,0,200,200
366695,0,20,0,0,0,1,7,5,0,0,0,21,25,2,200,200,200,200,200,200,200
366702,0,30,0,0,0,1,7,7,0,0,0,20,200,0,4,200,6,200,0,200,200
366702,1,30,0,0,0,1,7,7,0,0,0,20,200,0,200,200,200,200,200,200,200
366702,1,30,0,0,0,1,7,7,0,0,0,20,200,1,200,200,200,200,200,200,200
366705,0,30,0,0,0,1,14,5,0,0,0,17,0,1,4,0,1,0,0,200,200
366705,0,30,0,0,0,1,14,5,0,0,0,17,0,0,4,0,0,0,0,200,200
366707,0,30,0,0,0,1,12,6,0,0,0,200,200,1,6,200,0,200,200,200,200
366707,0,30,0,0,0,1,12,6,0,0,0,200,200,1,6,0,0,0,0,200,200
366707,1,30,0,0,0,1,12,6,0,0,0,200,200,1,200,200,200,200,200,200,200
366707,1,30,0,0,0,1,12,6,0,0,0,200,200,0,200,0,200,200,200,200,200
366710,0,20,0,0,0,4,7,6,0,0,0,8,0,0,5,0,12,0,0,200,200
366715,0,30,0,0,0,1,14,7,0,0,0,0,0,0,6,7,6,0,0,200,200
366715,0,30,0,0,0,1,14,7,0,0,0,0,0,1,4,0,0,0,0,200,200
366716,0,30,0,0,0,4,12,5,0,0,0,17,16,0,5,200,1,200,0,200,200
366716,0,30,0,0,0,4,12,5,0,0,0,17,16,1,6,0,0,0,0,200,200
366730,0,35,2,2,0,0,10,5,0,0,0,18,0,0,200,200,8,200,200,200,200
366730,0,35,2,2,0,0,10,5,0,0,0,18,0,0,5,0,0,0,0,200,200
366734,0,30,0,0,0,1,12,5,0,0,0,0,0,1,6,200,200,200,200,200,200
366734,0,30,0,0,0,1,12,5,0,0,0,0,0,0,5,0,200,200,200,200,200
366734,1,30,0,0,0,1,12,5,0,0,0,0,0,200,200,0,200,200,200,200,200
366734,1,30,0,0,0,1,12,5,0,0,0,0,0,200,200,0,200,200,200,200,200
366734,1,30,0,0,0,1,12,5,0,0,0,0,0,200,200,0,200,200,200,200,200
366736,0,15,0,0,0,1,7,12,0,0,0,0,200,2,200,200,12,200,200,200,200
366745,0,30,0,0,0,3,10,5,0,0,0,18,200,1,7,0,12,0,0,200,200
366745,0,30,0,0,0,3,10,5,0,0,0,18,200,1,5,0,0,0,0,200,200
366751,0,30,0,0,0,3,12,3,0,0,200,21,0,1,200,200,4,200,200,200,200
366751,0,30,0,0,0,3,12,3,0,0,200,21,0,0,6,0,0,0,0,200,200
366760,0,30,200,2,0,3,14,2,0,0,0,11,21,0,6,200,7,200,0,200,200
366760,0,30,200,2,0,3,14,2,0,0,0,11,21,0,8,200,200,200,0,200,200
366760,1,30,200,2,0,3,14,2,0,0,0,11,21,1,6,200,200,200,200,200,200
366766,0,30,0,0,0,1,7,5,0,0,0,0,0,2,200,200,200,200,200,200,200
366769,0,30,1,2,0,4,12,5,0,0,0,0,0,1,8,200,12,0,0,200,200
366769,0,30,1,2,0,4,12,5,0,0,0,0,0,0,8,200,0,0,0,200,200
366776,0,25,0,0,0,3,7,5,0,0,0,10,0,0,4,7,200,0,0,200,200
366776,5,25,0,0,0,3,7,5,0,0,0,10,0,0,0,7,0,0,0,200,200
366776,1,25,0,0,0,3,7,5,0,0,0,10,0,0,4,7,200,200,200,200,200
366779,0,25,0,0,0,1,9,5,0,0,0,0,0,0,7,0,0,0,200,200,200
366779,5,25,0,0,0,1,9,5,0,0,0,0,0,0,6,7,200,200,200,200,200
366779,1,25,0,0,0,1,9,5,0,0,0,0,0,200,200,200,200,200,200,200,200
366780,0,40,0,0,0,4,12,5,0,0,0,21,200,0,6,200,4,200,0,200,200
366780,0,40,0,0,0,4,12,5,0,0,0,21,200,1,5,200,0,200,200,200,200
366783,0,30,0,0,0,3,2,5,0,0,0,0,200,0,200,200,200,200,200,200,200
366783,1,30,0,0,0,3,2,5,0,0,0,0,200,0,5,0,200,200,200,200,200
366784,0,35,0,0,0,1,10,5,0,0,0,18,200,1,200,200,3,0,0,200,200
366784,0,35,0,0,0,1,10,5,0,0,0,18,200,0,7,0,0,0,0,200,200
366791,0,30,1,2,0,1,14,5,0,0,0,0,0,0,4,0,7,0,0,200,200
366791,0,30,1,2,0,1,14,5,0,0,0,0,0,1,5,0,0,4,0,200,200
366798,0,30,3,200,0,4,12,5,0,0,0,0,200,0,7,200,200,200,200,200,200
366798,0,30,3,200,0,4,12,5,0,0,0,0,200,0,7,200,0,200,0,200,200
366798,1,30,3,200,0,4,12,5,0,0,0,0,200,1,200,200,200,200,200,200,200
366798,1,30,3,200,0,4,12,5,0,0,0,0,200,0,200,200,200,200,200,200,200
366807,0,25,0,0,0,3,7,5,0,0,0,0,11,0,200,200,200,200,200,200,200