RD_NO,PERSON_TYPE,POSTED_SPEED_LIMIT,TRAFFIC_CONTROL_DEVICE,DEVICE_CONDITION,WEATHER_CONDITION,LIGHTING_CONDITION,FIRST_CRASH_TYPE,TRAFFICWAY_TYPE,ALIGNMENT,ROADWAY_SURFACE_COND,ROAD_DEFECT,PRIM_CONTRIBUTORY_CAUSE,SEC_CONTRIBUTORY_CAUSE,SEX,AGE,SAFETY_EQUIPMENT,DRIVER_ACTION,DRIVER_VISION,PHYSICAL_CONDITION,BAC_RESULT VALUE,CELL_PHONE_USE
366812,0,30,0,0,0,3,10,5,0,0,0,18,0,2,200,200,200,200,200,200,200
366812,0,30,0,0,0,3,10,5,0,0,0,18,0,0,5,200,0,0,0,200,200
366816,0,0,0,0,0,3,7,7,0,0,0,0,0,0,6,0,200,0,0,200,200
366820,0,35,0,2,0,1,7,6,0,0,0,20,35,0,6,200,6,0,200,200,200
366822,0,30,0,0,0,1,7,5,0,0,200,0,200,1,200,200,10,200,200,200,200
366826,0,35,0,0,0,3,8,2,0,0,0,200,200,1,5,0,12,0,0,200,200
366826,4,35,0,0,0,3,8,2,0,0,0,200,200,1,6,7,0,0,0,200,200
366837,0,20,0,0,0,200,2,12,0,200,200,200,200,0,200,200,200,200,200,200,200
366842,0,30,1,2,0,3,12,2,0,0,0,0,200,0,6,200,200,200,0,200,200
366842,0,30,1,2,0,3,12,2,0,0,0,0,200,1,5,200,200,0,0,200,200
366842,1,30,1,2,0,3,12,2,0,0,0,0,200,0,6,200,200,200,200,200,200
366842,1,30,1,2,0,3,12,2,0,0,0,0,200,0,7,7,200,200,200,200,200
366842,1,30,1,2,0,3,12,2,0,0,0,0,200,0,6,7,200,200,200,200,200
366842,1,30,1,2,0,3,12,2,0,0,0,0,200,0,4,200,200,200,200,200,200
366847,0,25,2,2,0,1,14,5,0,0,200,0,0,0,7,0,6,200,200,200,200
366847,0,25,2,2,0,1,14,5,0,0,200,0,0,0,4,0,0,0,0,200,200
366847,1,25,2,2,0,1,14,5,0,0,200,0,0,200,200,200,200,200,200,200,200
366847,1,25,2,2,0,1,14,5,0,0,200,0,0,200,200,200,200,200,200,200,200
366847,1,25,2,2,0,1,14,5,0,0,200,0,0,200,200,0,200,200,200,200,200
366851,0,30,2,2,0,3,12,5,0,0,200,22,0,0,7,200,2,200,200,200,200
366851,0,30,2,2,0,3,12,5,0,0,200,22,0,0,5,0,200,200,200,200,200
366851,1,30,2,2,0,3,12,5,0,0,200,22,0,0,200,200,200,200,200,200,200
366858,0,30,2,2,0,4,10,5,0,0,0,18,14,1,6,200,3,200,200,200,200
366858,0,30,2,2,0,4,10,5,0,0,0,18,14,1,5,200,0,0,0,200,200
366858,1,30,2,2,0,4,10,5,0,0,0,18,14,0,5,200,200,200,200,200,200
366863,0,35,0,0,0,3,7,5,0,0,0,200,200,1,200,200,200,200,200,200,200
366865,0,25,200,0,200,200,7,7,0,200,200,20,200,2,200,200,200,200,200,200,200
366871,0,30,1,2,0,3,10,2,0,0,0,18,18,1,6,0,3,0,0,200,200
366871,0,30,1,2,0,3,10,2,0,0,0,18,18,0,6,0,0,0,0,200,200
366873,0,35,0,0,0,1,12,5,0,0,0,22,21,1,6,200,4,0,200,200,200
366873,0,35,0,0,0,1,12,5,0,0,0,22,21,1,6,200,0,0,0,200,200
366877,0,30,0,0,0,3,7,7,0,0,0,0,0,2,200,200,200,200,200,200,200
366879,0,30,1,2,0,1,14,5,0,0,0,23,6,1,4,0,7,0,0,200,200
366879,0,30,1,2,0,1,14,5,0,0,0,23,6,0,5,0,0,0,0,200,200
366879,1,30,1,2,0,1,14,5,0,0,0,23,6,0,200,200,200,200,200,200,200
366881,0,30,2,2,0,3,0,5,0,0,0,5,200,0,6,200,5,0,0,200,200
366881,0,30,2,2,0,3,0,5,0,0,0,5,200,0,6,200,200,0,0,200,200
366883,0,35,1,2,0,3,3,2,0,0,0,23,6,1,5,0,7,0,0,200,200
366883,0,35,1,2,0,3,3,2,0,0,0,23,6,0,6,0,0,0,0,200,200
366887,4,30,0,0,0,3,8,6,0,0,0,22,200,0,5,200,2,0,0,200,200
366887,0,30,0,0,0,3,8,6,0,0,0,22,200,0,200,200,200,200,200,200,200
366920,0,30,1,2,0,3,0,1,0,0,0,0,0,0,6,0,200,0,0,200,200
366920,0,30,1,2,0,3,0,1,0,0,0,0,0,0,6,0,14,0,0,200,200
366929,0,30,0,0,0,1,12,5,0,0,0,22,23,0,6,200,4,200,200,200,200
366929,0,30,0,0,0,1,12,5,0,0,0,22,23,1,5,200,200,200,0,200,200
366930,0,30,1,2,0,3,0,3,0,0,0,6,200,0,5,0,5,0,0,200,200
366930,0,30,1,2,0,3,0,3,0,0,0,6,200,0,6,0,0,0,0,200,200
366937,4,20,2,2,0,3,8,6,1,0,0,0,200,1,4,7,200,0,0,200,200
366939,0,30,1,2,0,3,2,3,0,0,0,0,200,2,200,200,200,200,200,200,200
366944,0,30,0,0,0,3,7,6,0,0,0,11,200,1,7,200,200,0,0,200,200
366952,0,35,0,0,0,1,7,5,0,0,0,0,0,2,200,200,200,200,200,200,200
366954,0,30,200,200,0,1,10,5,0,0,0,200,0,2,200,200,200,200,200,200,200
366954,0,30,200,200,0,1,10,5,0,0,0,200,0,0,7,200,200,200,7,200,200
366959,0,0,0,0,0,3,7,6,0,0,0,0,200,2,200,200,200,200,200,200,200
366967,0,30,1,2,0,3,8,1,0,200,200,18,18,0,200,200,3,200,200,200,200
366967,4,30,1,2,0,3,8,1,0,200,200,18,18,0,5,3,12,0,200,200,200
366984,0,30,1,2,0,3,10,5,0,0,0,0,200,2,200,200,200,200,200,200,200
366984,0,30,1,2,0,3,10,5,0,0,0,0,200,0,5,200,0,0,0,200,200
366984,0,30,1,2,0,3,10,5,0,0,0,0,200,1,5,200,0,0,0,200,200
366984,1,30,1,2,0,3,10,5,0,0,0,0,200,1,6,200,200,200,200,200,200
366984,1,30,1,2,0,3,10,5,0,0,0,0,200,1,2,200,200,200,200,200,200
366984,1,30,1,2,0,3,10,5,0,0,0,0,200,0,2,200,200,200,200,200,200
366984,1,30,1,2,0,3,10,5,0,0,0,0,200,0,2,200,200,200,200,200,200
366984,1,30,1,2,0,3,10,5,0,0,0,0,200,0,1,200,200,200,200,200,200
366996,0,0,0,0,0,1,7,7,0,0,0,0,200,2,200,200,200,200,200,200,200
366999,0,30,1,2,0,3,0,3,0,1,0,6,6,0,7,0,200,0,0,200,200
366999,0,30,1,2,0,3,0,3,0,1,0,6,6,1,5,0,5,0,0,200,200
367015,0,30,0,0,0,3,7,6,0,0,0,0,0,2,200,200,200,200,200,200,200
367021,0,35,1,2,0,3,3,5,0,0,0,32,6,1,5,0,5,0,5,0.19,200
367021,0,35,1,2,0,3,3,5,0,0,0,32,6,0,6,200,0,0,0,200,200
367034,0,15,0,0,0,3,0,7,0,200,200,20,200,0,8,200,6,200,7,200,200
367034,0,15,0,0,0,3,0,7,0,200,200,20,200,0,6,200,0,200,0,200,200
367046,0,30,0,200,200,1,12,2,0,200,200,22,22,2,200,200,2,200,200,200,200
367046,0,30,0,200,200,1,12,2,0,200,200,22,22,0,6,0,12,200,200,200,200
367049,0,30,200,200,0,3,2,6,0,0,0,0,0,0,7,0,200,200,0,200,200
367052,0,25,0,0,0,0,7,5,0,0,3,32,10,0,7,200,9,0,5,200,200
367066,0,35,0,0,0,0,2,2,0,0,0,16,0,0,6,0,12,0,0,200,200
367068,0,30,200,200,200,3,0,2,0,200,200,17,16,1,200,200,200,200,200,200,200
367068,0,30,200,200,200,3,0,2,0,200,200,17,16,0,200,200,0,200,200,200,200
367068,1,30,200,200,200,3,0,2,0,200,200,17,16,0,6,0,200,200,200,200,200
367068,1,30,200,200,200,3,0,2,0,200,200,17,16,0,200,200,200,200,200,200,200
367071,0,30,1,2,0,3,10,3,0,0,0,0,200,2,200,200,200,200,200,200,200
367071,0,30,1,2,0,3,10,3,0,0,0,0,200,1,7,200,0,0,0,200,200
367078,0,30,1,2,0,3,6,8,3,0,0,0,0,2,200,200,200,200,200,200,200
367080,0,30,1,2,0,3,0,5,0,0,0,6,200,0,200,200,200,200,200,200,200
367080,0,30,1,2,0,3,0,5,0,0,0,6,200,0,7,0,0,0,0,200,200
367093,0,30,0,0,0,3,2,8,4,0,0,0,200,0,200,200,200,200,200,200,200
367093,1,30,0,0,0,3,2,8,4,0,0,0,200,0,200,200,200,200,200,200,200
367093,1,30,0,0,0,3,2,8,4,0,0,0,200,0,200,200,200,200,200,200,200
367097,0,30,1,200,0,3,10,5,0,0,200,0,0,0,200,200,200,200,200,200,200
367097,0,30,1,200,0,3,10,5,0,0,200,0,0,0,6,200,200,200,200,200,200
367102,0,30,0,0,0,3,7,5,0,0,0,0,200,0,6,200,12,200,2,200,200
367109,0,30,0,0,0,200,14,2,0,0,0,0,0,0,6,200,200,200,0,200,200
367109,0,30,0,0,0,200,14,2,0,0,0,0,0,0,7,200,200,200,0,200,200
367109,1,30,0,0,0,200,14,2,0,0,0,0,0,1,5,200,200,200,200,200,200
367112,0,30,1,12,0,1,14,5,0,0,0,17,200,0,7,0,1,0,0,200,200
367112,0,30,1,12,0,1,14,5,0,0,0,17,200,1,7,0,200,0,0,200,200
367123,0,30,0,0,0,1,14,5,0,0,0,18,200,0,6,0,3,0,0,200,200
367123,0,30,0,0,0,1,14,5,0,0,0,18,200,1,5,0,0,0,0,200,200
367129,0,20,0,0,0,1,0,6,0,0,0,0,0,1,5,0,6,0,0,200,200
367129,0,20,0,0,0,1,0,6,0,0,0,0,0,1,6,0,0,0,0,200,200
367137,0,35,1,2,0,1,12,5,0,0,0,0,0,1,200,200,200,200,0,200,200
367137,0,35,1,2,0,1,12,5,0,0,0,0,0,1,7,0,0,0,0,200,200
367141,0,25,2,2,0,1,14,8,0,0,0,11,21,0,6,0,4,12,0,200,200
367141,0,25,2,2,0,1,14,8,0,0,0,11,21,0,6,0,0,0,0,200,200
367143,0,30,1,2,0,1,12,5,0,0,0,22,0,0,5,0,0,0,0,200,200
367143,0,30,1,2,0,1,12,5,0,0,0,22,0,0,200,200,2,200,200,200,200
367146,0,30,0,0,0,1,12,200,0,0,0,17,22,0,200,200,1,200,200,200,200
367146,0,30,0,0,0,1,12,200,0,0,0,17,22,0,5,200,0,0,0,200,200
367146,1,30,0,0,0,1,12,200,0,0,0,17,22,0,4,200,200,200,200,200,200
367147,0,35,0,0,0,1,10,5,0,0,0,16,7,0,6,0,12,0,0,200,200
367147,0,35,0,0,0,1,10,5,0,0,0,16,7,0,6,0,0,0,0,200,200
367147,1,35,0,0,0,1,10,5,0,0,0,16,7,0,0,5,200,200,200,200,200
367150,0,30,0,0,0,3,7,2,0,0,0,0,0,2,200,200,200,200,200,200,200
367152,0,0,2,2,0,1,14,12,0,0,0,11,200,1,7,200,1,0,0,200,200
367152,0,0,2,2,0,1,14,12,0,0,0,11,200,0,6,200,0,0,0,200,200
367152,1,0,2,2,0,1,14,12,0,0,0,11,200,1,7,200,200,200,200,200,200
367152,1,0,2,2,0,1,14,12,0,0,0,11,200,0,7,200,200,200,200,200,200
367160,0,30,1,2,0,1,8,2,0,0,200,17,0,1,200,200,1,200,200,200,200
367160,4,30,1,2,0,1,8,2,0,0,200,17,0,0,6,3,0,200,0,200,200
367161,0,30,2,2,0,1,0,5,0,0,0,5,17,2,200,200,1,200,200,200,200
367161,0,30,2,2,0,1,0,5,0,0,0,5,17,1,7,0,0,0,0,200,200
367165,0,30,1,2,0,1,14,3,0,0,200,22,23,0,6,200,7,200,200,200,200
367165,0,30,1,2,0,1,14,3,0,0,200,22,23,0,6,0,0,0,0,200,200
367170,0,35,0,0,0,1,12,5,0,0,0,17,200,0,5,0,1,200,0,200,200
367170,0,35,0,0,0,1,12,5,0,0,0,17,200,1,5,0,0,200,0,200,200
367172,0,30,1,2,0,1,8,6,0,0,0,0,0,1,6,0,12,0,0,200,200
367172,4,30,1,2,0,1,8,6,0,0,0,0,0,1,6,3,12,0,0,200,200
367175,0,25,0,0,0,1,7,0,0,0,0,11,0,0,3,0,6,0,0,200,200
367175,1,25,0,0,0,1,7,0,0,0,0,11,0,200,5,0,200,200,200,200,200
367181,0,0,0,0,0,1,0,7,0,0,0,0,0,0,6,200,6,200,0,200,200
367181,0,0,0,0,0,1,0,7,0,0,0,0,0,0,7,200,12,200,0,200,200
367184,0,30,1,2,0,1,14,5,0,0,0,23,200,0,5,0,0,0,0,200,200
367184,0,30,1,2,0,1,14,5,0,0,0,23,200,1,6,7,7,0,0,200,200
367202,0,30,1,2,0,1,12,5,0,0,0,21,200,1,7,0,4,200,0,200,200
367202,0,30,1,2,0,1,12,5,0,0,0,21,200,1,5,0,0,200,0,200,200
367206,4,30,1,2,0,1,8,2,0,0,0,6,200,0,7,7,5,200,12,200,200
367206,0,30,1,2,0,1,8,2,0,0,0,6,200,1,6,200,0,0,0,200,200
367206,0,30,1,2,0,1,8,2,0,0,0,6,200,0,7,200,0,0,0,200,200
367208,0,30,1,2,0,1,10,3,0,0,0,16,0,1,6,200,3,200,0,200,200
367208,0,30,1,2,0,1,10,3,0,0,0,16,0,0,6,200,0,0,0,200,200
367211,0,20,1,2,0,1,0,5,0,0,0,15,200,0,7,0,5,0,0,200,200
367211,0,20,1,2,0,1,0,5,0,0,0,15,200,1,7,0,0,0,0,200,200
367215,0,30,1,2,0,1,14,3,0,0,0,17,17,0,6,0,7,0,0,200,200
367215,0,30,1,2,0,1,14,3,0,0,0,17,17,0,7,0,0,0,0,200,200
367221,0,30,0,0,0,1,10,5,0,0,0,18,200,1,6,200,3,200,200,200,200
367221,0,30,0,0,0,1,10,5,0,0,0,18,200,1,6,0,0,0,0,200,200
367222,0,30,2,2,0,1,0,5,0,0,0,5,200,0,4,0,5,0,0,200,200
367222,0,30,2,2,0,1,0,5,0,0,0,5,200,1,7,0,0,0,0,200,200
367227,0,30,2,2,0,1,12,6,0,0,200,21,17,0,200,200,4,200,200,200,200
367227,0,30,2,2,0,1,12,6,0,0,200,21,17,0,6,0,0,0,0,200,200
367229,0,30,200,0,0,1,10,12,0,0,0,18,18,1,200,200,3,200,0,200,200
367229,0,30,200,0,0,1,10,12,0,0,0,18,18,0,7,200,0,200,0,200,200
367230,0,30,1,2,0,1,12,2,0,0,0,14,0,0,200,200,200,200,200,200,200
367230,0,30,1,2,0,1,12,2,0,0,0,14,0,0,200,200,200,200,200,200,200
367230,0,30,1,2,0,1,12,2,0,0,0,14,0,1,5,200,200,200,0,200,200
367230,1,30,1,2,0,1,12,2,0,0,0,14,0,1,1,200,200,200,200,200,200
367230,1,30,1,2,0,1,12,2,0,0,0,14,0,1,2,200,200,200,200,200,200
367233,0,30,0,0,0,1,14,2,0,0,0,17,17,0,200,200,1,200,200,200,200
367233,0,30,0,0,0,1,14,2,0,0,0,17,17,0,5,0,0,0,0,200,200
367238,0,30,1,2,0,1,10,5,0,0,0,18,16,1,8,0,3,3,0,200,200
367238,0,30,1,2,0,1,10,5,0,0,0,18,16,0,6,0,0,0,0,200,200
367259,0,30,2,2,0,1,0,5,0,0,12,28,200,1,6,0,0,12,0,200,200
367259,0,30,2,2,0,1,0,5,0,0,12,28,200,1,6,0,0,0,0,200,200
367266,0,30,0,0,0,1,10,5,0,0,0,18,200,0,8,0,3,0,0,200,200
367266,0,30,0,0,0,1,10,5,0,0,0,18,200,0,5,0,0,0,0,200,200
367266,1,30,0,0,0,1,10,5,0,0,0,18,200,1,8,0,200,200,200,200,200
367267,0,30,2,2,0,1,10,2,0,0,0,18,18,1,6,0,3,0,0,200,200
367267,0,30,2,2,0,1,10,2,0,0,0,18,18,1,7,0,0,0,0,200,200
367271,0,30,0,0,0,1,9,5,0,0,0,25,200,0,200,200,12,200,200,200,200
367271,5,30,0,0,0,1,9,5,0,0,0,25,200,1,7,200,0,12,0,200,200
367271,1,30,0,0,0,1,9,5,0,0,0,25,200,0,200,200,200,200,200,200,200
367273,0,10,0,0,0,1,0,7,0,0,0,0,200,0,8,200,6,200,0,200,200
367273,0,10,0,0,0,1,0,7,0,0,0,0,200,0,6,200,6,200,0,200,200
367276,0,30,0,0,0,1,10,5,0,0,0,0,0,0,6,200,200,200,200,200,200
367276,0,30,0,0,0,1,10,5,0,0,0,0,0,1,7,200,200,200,200,200,200
367282,0,30,0,0,0,1,10,7,0,0,200,18,16,1,6,200,3,200,200,200,200
367282,0,30,0,0,0,1,10,7,0,0,200,18,16,1,8,0,0,0,0,200,200
367282,1,30,0,0,0,1,10,7,0,0,200,18,16,1,7,0,200,200,200,200,200
367285,0,30,0,0,0,1,12,5,0,0,0,0,0,0,5,200,12,200,0,200,200
367285,0,30,0,0,0,1,12,5,0,0,0,0,0,0,8,0,0,200,0,200,200
367286,0,30,1,2,0,1,10,3,0,0,0,16,0,1,5,0,8,0,0,200,200
367286,0,30,1,2,0,1,10,3,0,0,0,16,0,0,6,0,0,0,0,200,200
367293,0,25,0,0,0,200,7,6,0,0,0,0,0,2,200,200,200,200,200,200,200
367298,0,30,0,0,0,1,7,5,0,0,0,0,0,1,200,200,200,200,200,200,200
367306,0,25,2,2,0,1,10,5,0,0,0,18,200,0,6,0,3,0,0,200,200
367306,0,25,2,2,0,1,10,5,0,0,0,18,200,0,7,0,0,0,0,200,200
367309,0,30,0,0,0,1,7,5,0,0,0,11,22,1,4,200,2,0,0,200,200
367313,0,30,0,0,0,1,7,6,0,0,200,23,17,1,200,200,7,200,200,200,200
367313,1,30,0,0,0,1,7,6,0,0,200,23,17,200,200,0,200,200,200,200,200
367322,1,30,1,2,0,1,10,3,0,0,0,16,21,1,6,200,200,200,200,200,200
367322,1,30,1,2,0,1,10,3,0,0,0,16,21,0,2,200,200,200,200,200,200
367322,0,30,1,2,0,1,10,3,0,0,0,16,21,1,6,200,3,200,0,200,200
367322,0,30,1,2,0,1,10,3,0,0,0,16,21,1,5,200,0,0,0,200,200
367322,1,30,1,2,0,1,10,3,0,0,0,16,21,1,200,200,200,200,200,200,200
367322,1,30,1,2,0,1,10,3,0,0,0,16,21,1,200,200,200,200,200,200,200
367322,1,30,1,2,0,1,10,3,0,0,0,16,21,200,200,200,200,200,200,200,200
367322,1,30,1,2,0,1,10,3,0,0,0,16,21,200,200,200,200,200,200,200,200
367322,1,30,1,2,0,1,10,3,0,0,0,16,21,200,200,200,200,200,200,200,200
367322,1,30,1,2,0,1,10,3,0,0,0,16,21,200,1,200,200,200,200,200,200
367322,1,30,1,2,0,1,10,3,0,0,0,16,21,0,2,200,200,200,200,200,200
367322,1,30,1,2,0,1,10,3,0,0,0,16,21,200,2,200,200,200,200,200,200
367331,0,30,0,0,0,0,7,5,0,0,0,0,0,2,200,200,200,200,200,200,200
367335,0,30,1,2,0,1,10,2,0,0,0,0,0,1,5,200,200,200,200,200,200
367335,0,30,1,2,0,1,10,2,0,0,0,0,0,1,7,0,200,0,0,200,200
367337,0,30,0,0,0,1,7,6,0,0,0,21,0,0,6,0,12,0,0,200,200
367338,0,25,0,200,200,200,12,3,0,200,200,22,0,0,3,200,2,200,200,200,200
367338,0,25,0,200,200,200,12,3,0,200,200,22,0,0,6,200,12,200,200,200,200
367340,0,30,1,2,0,1,10,5,0,0,0,0,0,0,200,200,200,200,200,200,200
367340,0,30,1,2,0,1,10,5,0,0,0,0,0,1,7,200,200,200,200,200,200
367340,0,30,1,2,0,1,10,5,0,0,0,0,0,0,200,200,200,200,200,200,200
367343,0,30,0,0,0,1,7,5,0,0,0,0,200,2,200,200,0,200,200,200,200
367349,0,30,1,2,0,1,10,5,0,0,0,6,2,1,5,0,5,0,0,200,1
367349,0,30,1,2,0,1,10,5,0,0,0,6,2,1,6,0,0,0,0,200,200
367350,0,0,2,2,0,1,9,2,0,0,0,16,200,0,200,200,5,200,200,200,200
367350,5,0,2,2,0,1,9,2,0,0,0,16,200,0,6,200,200,200,200,200,200
367351,0,30,12,2,0,1,2,12,0,0,0,0,200,0,7,200,12,0,0,200,200
367355,0,30,0,0,0,1,12,5,0,0,0,0,0,2,200,200,12,200,200,200,200
367355,0,30,0,0,0,1,12,5,0,0,0,0,0,1,6,200,0,0,0,200,200
367356,0,30,1,2,0,1,10,2,0,0,0,16,16,0,200,200,1,200,200,200,200
367356,0,30,1,2,0,1,10,2,0,0,0,16,16,1,8,0,0,0,0,200,200
367358,0,20,0,0,200,1,7,5,0,200,0,0,0,2,200,200,200,200,200,200,200
367359,0,30,1,2,0,1,12,2,0,0,0,22,200,0,200,200,2,200,200,200,200
367359,0,30,1,2,0,1,12,2,0,0,0,22,200,1,6,0,0,0,0,200,200
367365,0,30,1,2,0,1,10,6,0,0,0,18,21,0,200,0,3,0,0,200,200
367365,0,30,1,2,0,1,10,6,0,0,0,18,21,1,5,0,0,0,0,200,200
367365,1,30,1,2,0,1,10,6,0,0,0,18,21,1,200,0,200,200,200,200,200
367372,0,30,1,2,0,1,14,5,0,0,0,200,200,2,200,200,200,200,200,200,200
367372,0,30,1,2,0,1,14,5,0,0,0,200,200,0,7,0,200,200,0,200,200
367372,1,30,1,2,0,1,14,5,0,0,0,200,200,1,7,0,200,200,200,200,200
367382,0,30,1,2,0,1,7,5,0,0,0,11,0,1,6,0,7,0,0,200,200
367387,0,25,0,0,0,1,7,6,0,0,0,11,0,0,6,200,1,200,0,200,200
367391,0,30,0,0,0,1,7,6,0,0,0,20,0,0,7,200,6,0,0,200,200
367395,0,30,1,2,0,1,14,2,0,0,0,22,200,0,200,200,2,200,200,200,200
367395,0,30,1,2,0,1,14,2,0,0,0,22,200,0,4,0,12,0,0,200,200
367395,1,30,1,2,0,1,14,2,0,0,0,22,200,1,6,0,200,200,200,200,200
367395,1,30,1,2,0,1,14,2,0,0,0,22,200,0,7,0,200,200,200,200,200
367395,1,30,1,2,0,1,14,2,0,0,0,22,200,1,2,0,200,200,200,200,200
367397,0,30,0,0,0,1,12,5,0,0,0,18,18,0,7,0,1,0,0,200,200
367397,0,30,0,0,0,1,12,5,0,0,0,18,18,1,6,0,0,0,0,200,200
367406,0,35,1,2,0,1,12,2,0,0,0,0,200,0,7,0,4,0,0,200,200
367406,0,35,1,2,0,1,12,2,0,0,0,0,200,0,5,0,0,0,0,200,200
367406,1,35,1,2,0,1,12,2,0,0,0,0,200,0,5,0,200,200,200,200,200
367412,0,30,0,0,0,1,14,2,0,0,0,18,0,0,9,0,3,200,0,200,200
367412,0,30,0,0,0,1,14,2,0,0,0,18,0,1,6,0,0,0,0,200,200
367412,1,30,0,0,0,1,14,2,0,0,0,18,0,0,0,0,200,200,200,200,200
367417,0,30,1,2,0,1,14,2,0,0,0,3,0,0,5,200,200,0,0,200,200
367417,0,30,1,2,0,1,14,2,0,0,0,3,0,1,6,200,200,0,0,200,200
367418,0,30,0,0,0,1,7,5,0,0,200,0,200,0,6,0,6,12,0,200,200
367418,1,30,0,0,0,1,7,5,0,0,200,0,200,0,6,0,200,200,200,200,200
367418,1,30,0,0,0,1,7,5,0,0,200,0,200,0,5,0,200,200,200,200,200
367420,0,30,1,200,200,200,12,5,0,200,200,18,200,0,6,200,3,200,200,200,200
367420,0,30,1,200,200,200,12,5,0,200,200,18,200,1,5,200,200,200,200,200,200
367420,1,30,1,200,200,200,12,5,0,200,200,18,200,1,1,200,200,200,200,200,200
367421,0,30,0,0,0,1,7,5,0,0,0,0,0,0,200,0,0,0,0,200,200
367433,0,30,0,0,0,1,7,5,0,0,0,0,0,0,200,200,200,200,200,200,200
367434,0,30,0,0,0,3,10,5,0,0,0,22,200,2,200,200,1,200,200,200,200
367434,0,30,0,0,0,3,10,5,0,0,0,22,200,1,5,0,0,0,0,200,200
367438,0,30,0,0,0,1,7,6,0,0,0,0,200,2,200,200,200,200,200,200,200
367441,0,30,1,2,0,1,10,5,0,0,0,18,200,0,4,0,3,200,200,200,200
367441,0,30,1,2,0,1,10,5,0,0,0,18,200,1,5,0,0,0,0,200,200
367445,0,25,1,2,0,1,10,6,2,0,0,18,200,1,6,1,3,0,0,200,200
367445,0,25,1,2,0,1,10,6,2,0,0,18,200,0,7,200,200,0,0,200,200
367445,0,25,1,2,0,1,10,6,2,0,0,18,200,0,7,200,0,0,0,200,200
367456,0,30,0,0,0,1,0,7,0,0,0,0,0,0,200,200,200,200,200,200,200
367456,0,30,0,0,0,1,0,7,0,0,0,0,0,0,6,200,200,200,200,200,200
367457,0,15,0,0,0,1,5,0,0,0,0,13,200,1,6,0,0,0,0,200,200
367457,1,15,0,0,0,1,5,0,0,0,0,13,200,1,6,0,200,200,200,200,200
367458,0,30,0,0,0,1,2,5,0,0,0,11,4,1,6,0,12,0,0,200,200
367465,0,25,2,2,0,1,14,2,0,0,0,22,22,0,4,0,2,0,0,200,200
367465,0,25,2,2,0,1,14,2,0,0,0,22,22,0,5,0,0,0,0,200,200
367465,1,25,2,2,0,1,14,2,0,0,0,22,22,0,200,0,200,200,200,200,200
367467,0,30,1,2,0,1,14,2,0,0,0,23,0,0,4,200,7,0,0,200,200
367467,0,30,1,2,0,1,14,2,0,0,0,23,0,1,7,200,12,0,0,200,200
367467,1,30,1,2,0,1,14,2,0,0,0,23,0,0,4,200,200,200,200,200,200
367468,0,15,0,0,0,1,7,7,0,0,0,200,200,2,200,200,200,200,200,200,200
367483,0,30,0,0,0,1,7,5,0,0,200,23,0,1,6,0,7,200,200,200,200
367489,0,30,1,2,0,1,12,5,0,0,0,0,200,1,200,200,200,200,200,200,200
367489,0,30,1,2,0,1,12,5,0,0,0,0,200,0,7,0,200,0,0,200,200
367490,0,30,0,0,0,3,2,2,0,0,0,17,17,0,5,0,1,0,200,200,200
367490,1,30,0,0,0,3,2,2,0,0,0,17,17,0,5,0,200,200,200,200,200
367490,1,30,0,0,0,3,2,2,0,0,0,17,17,0,200,0,200,200,200,200,200
367490,1,30,0,0,0,3,2,2,0,0,0,17,17,0,200,0,200,200,200,200,200
367494,0,25,10,0,0,1,8,2,0,0,0,11,4,0,9,200,1,0,0,200,200
367494,4,25,10,0,0,1,8,2,0,0,0,11,4,0,5,2,12,0,0,200,200
367494,1,25,10,0,0,1,8,2,0,0,0,11,4,1,8,200,200,200,200,200,200
367498,0,30,0,0,0,1,7,7,0,0,0,0,0,0,200,200,12,200,200,200,200
367503,0,0,1,2,0,1,12,2,0,0,0,22,21,0,7,200,4,200,200,200,200
367503,0,0,1,2,0,1,12,2,0,0,0,22,21,1,6,0,0,0,0,200,200
367503,1,0,1,2,0,1,12,2,0,0,0,22,21,0,4,0,200,200,200,200,200
367507,0,30,0,0,0,1,8,5,0,0,0,21,17,1,200,200,2,200,200,200,200
367507,4,30,0,0,0,1,8,5,0,0,0,21,17,1,6,200,0,0,0,200,200
367508,0,35,0,0,0,1,12,3,0,0,0,0,200,2,200,200,200,200,200,200,200
367508,0,35,0,0,0,1,12,3,0,0,0,0,200,1,5,0,0,0,0,200,200
367510,0,30,1,2,0,1,14,5,0,0,0,33,200,0,6,0,12,12,0,200,200
367510,0,30,1,2,0,1,14,5,0,0,0,33,200,1,6,0,0,0,0,200,200
367510,1,30,1,2,0,1,14,5,0,0,0,33,200,200,3,0,200,200,200,200,200
367510,1,30,1,2,0,1,14,5,0,0,0,33,200,1,2,5,200,200,200,200,200
367510,1,30,1,2,0,1,14,5,0,0,0,33,200,0,1,0,200,200,200,200,200
367512,0,30,0,0,0,1,7,5,0,0,0,0,11,2,200,200,200,200,200,200,200
367518,0,30,1,2,0,1,10,5,0,0,0,20,200,0,7,0,6,0,0,200,200