RD_NO,PERSON_TYPE,POSTED_SPEED_LIMIT,TRAFFIC_CONTROL_DEVICE,DEVICE_CONDITION,WEATHER_CONDITION,LIGHTING_CONDITION,FIRST_CRASH_TYPE,TRAFFICWAY_TYPE,ALIGNMENT,ROADWAY_SURFACE_COND,ROAD_DEFECT,PRIM_CONTRIBUTORY_CAUSE,SEC_CONTRIBUTORY_CAUSE,SEX,AGE,SAFETY_EQUIPMENT,DRIVER_ACTION,DRIVER_VISION,PHYSICAL_CONDITION,BAC_RESULT VALUE,CELL_PHONE_USE
367518,0,30,1,2,0,1,10,5,0,0,0,20,200,0,7,0,0,0,0,200,200
367518,1,30,1,2,0,1,10,5,0,0,0,20,200,0,7,0,200,200,200,200,200
367521,0,30,0,0,0,1,14,5,2,0,0,23,17,0,7,200,7,0,0,200,200
367521,0,30,0,0,0,1,14,5,2,0,0,23,17,1,8,200,0,0,0,200,200
367522,0,30,0,0,0,1,7,5,0,0,0,0,0,0,200,200,200,200,200,200,200
367525,0,5,0,0,0,1,7,7,0,0,0,0,0,2,200,200,200,200,200,200,200
367529,0,30,2,2,0,1,14,2,0,0,0,0,35,0,8,0,0,0,0,200,200
367529,0,30,2,2,0,1,14,2,0,0,0,0,35,0,7,0,0,0,0,200,200
367530,5,30,0,0,0,1,9,2,0,0,0,200,200,0,2,7,12,200,0,200,200
367530,0,30,0,0,0,1,9,2,0,0,0,200,200,0,200,0,0,12,0,200,200
367532,0,30,0,0,0,1,7,6,0,0,0,0,0,2,200,200,200,200,200,200,200
367533,0,35,0,0,200,200,10,6,0,200,200,18,200,0,7,200,3,200,200,200,200
367533,0,35,0,0,200,200,10,6,0,200,200,18,200,0,7,200,0,200,0,200,200
367537,0,30,0,0,0,1,7,5,0,0,0,0,200,0,3,200,200,200,200,200,200
367541,0,30,0,0,0,1,5,5,0,0,0,0,0,0,200,0,0,0,0,200,200
367545,0,30,2,2,0,1,12,5,0,0,0,22,5,1,7,0,0,0,0,200,200
367545,0,30,2,2,0,1,12,5,0,0,0,22,5,0,200,200,0,200,200,200,200
367545,1,30,2,2,0,1,12,5,0,0,0,22,5,1,4,0,200,200,200,200,200
367545,1,30,2,2,0,1,12,5,0,0,0,22,5,1,3,0,200,200,200,200,200
367547,0,20,0,0,0,1,14,5,0,0,0,23,23,0,200,200,7,200,200,200,200
367547,0,20,0,0,0,1,14,5,0,0,0,23,23,0,9,0,0,0,0,200,200
367548,0,25,2,2,0,1,7,5,0,0,0,0,0,0,200,0,200,0,0,200,200
367552,0,25,0,0,0,1,12,5,0,0,200,17,0,0,7,0,1,0,0,200,200
367552,0,25,0,0,0,1,12,5,0,0,200,17,0,1,8,0,0,0,0,200,200
367556,0,30,2,2,0,1,0,5,0,0,200,16,200,0,6,0,1,200,0,200,200
367556,0,30,2,2,0,1,0,5,0,0,200,16,200,0,8,0,0,200,0,200,200
367556,1,30,2,2,0,1,0,5,0,0,200,16,200,1,6,0,200,200,200,200,200
367558,0,30,0,0,0,1,7,5,0,0,0,0,0,2,200,200,200,200,200,200,200
367563,0,25,1,200,0,1,10,5,0,200,200,18,12,1,200,200,3,200,200,200,200
367563,0,25,1,200,0,1,10,5,0,200,200,18,12,1,5,0,200,0,200,200,200
367564,0,30,2,2,0,1,0,2,0,0,0,17,200,0,7,0,1,0,0,200,200
367564,0,30,2,2,0,1,0,2,0,0,0,17,200,0,5,0,0,0,0,200,200
367569,0,30,0,0,0,1,7,5,0,0,0,27,200,0,5,0,12,0,4,200,200
367572,0,30,0,0,0,1,10,2,0,0,0,18,16,0,6,200,3,0,0,200,200
367572,0,30,0,0,0,1,10,2,0,0,0,18,16,1,6,200,0,0,0,200,200
367572,1,30,0,0,0,1,10,2,0,0,0,18,16,0,0,5,200,200,200,200,200
367572,1,30,0,0,0,1,10,2,0,0,0,18,16,1,1,5,200,200,200,200,200
367572,1,30,0,0,0,1,10,2,0,0,0,18,16,0,2,0,200,200,200,200,200
367586,0,30,0,0,0,1,12,3,0,0,0,17,16,0,200,200,1,0,0,200,200
367586,0,30,0,0,0,1,12,3,0,0,0,17,16,0,7,200,0,0,0,200,200
367588,0,30,0,0,0,1,12,2,0,0,0,22,200,0,7,7,2,0,0,200,200
367588,0,30,0,0,0,1,12,2,0,0,0,22,200,1,5,7,12,0,0,200,200
367590,0,30,200,200,0,1,10,2,0,0,200,18,200,1,5,200,3,200,0,200,200
367590,0,30,200,200,0,1,10,2,0,0,200,18,200,1,5,200,200,200,0,200,200
367612,0,30,0,0,0,1,12,5,0,0,0,17,20,0,8,0,6,0,0,200,200
367612,0,30,0,0,0,1,12,5,0,0,0,17,20,0,6,0,2,0,0,200,200
367613,0,35,1,2,0,1,10,5,0,0,0,0,0,1,5,200,200,200,0,200,200
367613,0,35,1,2,0,1,10,5,0,0,0,0,0,1,6,0,0,0,0,200,200
367615,0,30,1,2,0,1,14,2,0,0,0,21,17,0,7,200,12,200,0,200,200
367615,0,30,1,2,0,1,14,2,0,0,0,21,17,0,7,200,12,200,0,200,200
367616,0,30,2,2,0,1,12,5,0,0,0,0,0,1,200,200,200,200,200,200,200
367616,0,30,2,2,0,1,12,5,0,0,0,0,0,0,6,0,0,0,0,200,200
367626,0,30,1,2,0,1,10,2,0,0,0,18,17,1,6,0,3,0,0,200,200
367626,0,30,1,2,0,1,10,2,0,0,0,18,17,1,7,0,12,0,0,200,200
367626,1,30,1,2,0,1,10,2,0,0,0,18,17,1,3,0,200,200,200,200,200
367626,1,30,1,2,0,1,10,2,0,0,0,18,17,0,4,0,200,200,200,200,200
367626,1,30,1,2,0,1,10,2,0,0,0,18,17,0,2,0,200,200,200,200,200
367631,0,30,12,2,0,1,10,2,0,0,0,18,16,0,5,0,3,0,0,200,200
367631,0,30,12,2,0,1,10,2,0,0,0,18,16,1,6,0,0,0,0,200,200
367631,1,30,12,2,0,1,10,2,0,0,0,18,16,1,6,0,200,200,200,200,200
367631,1,30,12,2,0,1,10,2,0,0,0,18,16,0,0,5,200,200,200,200,200
367632,0,30,1,2,0,1,12,5,0,0,0,0,0,0,200,200,1,0,0,200,200
367632,0,30,1,2,0,1,12,5,0,0,0,0,0,1,200,0,0,0,0,200,200
367636,0,5,0,0,200,3,7,0,0,200,0,33,0,0,200,200,6,200,200,200,200
367637,0,30,0,0,0,1,7,7,0,0,0,0,200,0,7,0,12,0,0,200,200
367640,0,30,0,0,0,1,8,2,0,0,0,22,200,2,200,200,2,200,200,200,200
367640,4,30,0,0,0,1,8,2,0,0,0,22,200,0,0,7,0,0,0,200,200
367645,0,35,0,0,200,1,12,5,0,200,200,22,200,0,200,200,4,200,200,200,200
367645,0,35,0,0,200,1,12,5,0,200,200,22,200,0,7,200,0,200,0,200,200
367653,0,30,0,0,0,1,7,5,0,0,0,0,0,2,200,200,200,200,200,200,200
367654,0,30,0,0,0,1,12,8,2,0,0,0,200,1,200,200,4,200,200,200,200
367654,0,30,0,0,0,1,12,8,2,0,0,0,200,1,6,200,0,0,0,200,200
367661,0,30,0,0,0,1,10,5,0,0,0,20,0,0,4,0,6,0,0,200,200
367661,0,30,0,0,0,1,10,5,0,0,0,20,0,0,7,0,0,0,0,200,200
367661,1,30,0,0,0,1,10,5,0,0,0,20,0,0,4,0,200,200,200,200,200
367661,1,30,0,0,0,1,10,5,0,0,0,20,0,1,7,7,200,200,200,200,200
367664,0,30,2,2,0,1,14,5,0,0,0,23,23,0,200,200,7,0,0,200,200
367664,0,30,2,2,0,1,14,5,0,0,0,23,23,0,6,0,0,0,0,200,200
367668,0,30,0,0,0,1,10,7,0,0,0,17,200,0,9,0,1,0,0,200,200
367668,0,30,0,0,0,1,10,7,0,0,0,17,200,0,8,0,0,0,0,200,200
367673,0,30,1,2,0,1,10,2,0,0,0,0,200,0,6,200,200,0,0,200,200
367673,0,30,1,2,0,1,10,2,0,0,0,0,200,1,7,0,0,0,0,200,200
367673,1,30,1,2,0,1,10,2,0,0,0,0,200,1,5,0,200,200,200,200,200
367677,0,30,0,0,0,1,10,2,0,0,0,0,200,0,6,0,12,0,0,200,200
367677,0,30,0,0,0,1,10,2,0,0,0,0,200,0,6,0,12,0,0,200,200
367683,0,30,2,2,0,1,14,5,0,0,0,17,200,0,7,200,7,200,0,200,200
367683,0,30,2,2,0,1,14,5,0,0,0,17,200,1,7,200,0,0,0,200,200
367684,0,30,0,0,0,1,10,5,0,0,0,33,11,1,6,200,6,200,0,200,200
367684,0,30,0,0,0,1,10,5,0,0,0,33,11,1,6,200,0,0,0,200,200
367686,0,30,0,0,0,1,11,5,0,0,0,25,200,0,200,200,0,200,200,200,200
367686,0,30,0,0,0,1,11,5,0,0,0,25,200,0,6,7,0,0,0,200,200
367688,0,30,0,0,0,1,7,5,0,0,0,0,0,2,200,200,200,200,200,200,200
367690,0,30,7,2,0,1,10,2,0,0,0,18,16,0,6,200,3,0,0,200,200
367690,0,30,7,2,0,1,10,2,0,0,0,18,16,1,7,200,12,0,0,200,200
367691,0,30,0,0,0,1,14,5,0,0,0,17,200,0,7,200,12,0,0,200,200
367691,0,30,0,0,0,1,14,5,0,0,0,17,200,0,6,200,1,0,0,200,200
367694,4,30,0,0,0,1,8,2,0,0,0,33,200,0,5,7,0,200,0,200,200
367698,0,40,200,200,0,1,10,3,0,0,200,18,16,1,200,200,3,200,200,200,200
367698,0,40,200,200,0,1,10,3,0,0,200,18,16,1,7,0,0,0,0,200,200
367699,0,30,200,200,0,1,0,0,0,0,0,16,16,0,7,0,8,0,0,200,200
367699,0,30,200,200,0,1,0,0,0,0,0,16,16,0,6,200,0,200,200,200,200
367699,1,30,200,200,0,1,0,0,0,0,0,16,16,0,5,0,200,200,200,200,200
367699,1,30,200,200,0,1,0,0,0,0,0,16,16,0,5,0,200,200,200,200,200
367701,0,30,0,0,0,1,7,7,0,0,200,0,0,2,200,200,200,200,200,200,200
367707,0,30,0,0,200,200,14,2,0,200,200,17,200,1,200,200,7,200,200,200,200
367707,0,30,0,0,200,200,14,2,0,200,200,17,200,1,5,200,0,200,12,200,200
367710,0,30,0,0,0,1,7,6,0,0,0,12,0,0,6,200,0,0,0,200,200
367710,1,30,0,0,0,1,7,6,0,0,0,12,0,0,0,200,200,200,200,200,200
367713,0,30,0,0,0,1,7,2,0,0,0,0,0,0,200,200,200,200,200,200,200
367716,0,30,1,2,0,1,14,5,0,0,0,17,23,0,200,200,1,200,200,200,200
367716,0,30,1,2,0,1,14,5,0,0,0,17,23,1,7,0,0,0,0,200,200
367716,1,30,1,2,0,1,14,5,0,0,0,17,23,0,200,200,200,200,200,200,200
367721,0,30,0,0,0,1,10,5,0,0,0,0,0,0,200,200,200,200,200,200,200
367721,0,30,0,0,0,1,10,5,0,0,0,0,0,0,4,0,0,0,0,200,200
367721,1,30,0,0,0,1,10,5,0,0,0,0,0,200,200,0,200,200,200,200,200
367728,0,30,2,2,0,1,0,2,0,0,0,17,200,1,8,0,1,0,0,200,200
367728,0,30,2,2,0,1,0,2,0,0,0,17,200,0,6,0,0,0,0,200,200
367728,1,30,2,2,0,1,0,2,0,0,0,17,200,0,200,0,200,200,200,200,200
367728,1,30,2,2,0,1,0,2,0,0,0,17,200,200,5,0,200,200,200,200,200
367728,1,30,2,2,0,1,0,2,0,0,0,17,200,0,5,0,200,200,200,200,200
367728,1,30,2,2,0,1,0,2,0,0,0,17,200,1,5,0,200,200,200,200,200
367730,0,30,0,0,0,1,10,2,0,0,0,16,11,0,7,0,3,0,0,200,200
367730,0,30,0,0,0,1,10,2,0,0,0,16,11,0,7,0,0,0,0,200,200
367730,1,30,0,0,0,1,10,2,0,0,0,16,11,1,7,0,200,200,200,200,200
367734,0,30,0,0,0,1,10,7,0,0,0,20,0,0,200,200,0,200,200,200,200
367734,0,30,0,0,0,1,10,7,0,0,0,20,0,1,6,0,0,0,0,200,200
367737,0,30,0,0,0,1,10,2,0,0,0,16,200,1,7,0,12,0,0,200,200
367737,0,30,0,0,0,1,10,2,0,0,0,16,200,0,4,0,0,0,0,200,200
367737,0,30,0,0,0,1,10,2,0,0,0,16,200,1,6,0,0,0,0,200,200
367737,1,30,0,0,0,1,10,2,0,0,0,16,200,0,200,0,200,200,200,200,200
367737,1,30,0,0,0,1,10,2,0,0,0,16,200,0,200,0,200,200,200,200,200
367740,0,30,1,2,0,1,14,2,0,0,0,17,17,0,5,0,1,0,0,200,200
367740,0,30,1,2,0,1,14,2,0,0,0,17,17,0,7,0,0,0,0,200,200
367745,0,30,0,0,0,1,12,2,0,0,0,21,200,0,5,0,4,0,0,200,200
367745,0,30,0,0,0,1,12,2,0,0,0,21,200,0,7,0,0,0,0,200,200
367745,1,30,0,0,0,1,12,2,0,0,0,21,200,1,5,0,200,200,200,200,200
367745,1,30,0,0,0,1,12,2,0,0,0,21,200,0,0,5,200,200,200,200,200
367745,1,30,0,0,0,1,12,2,0,0,0,21,200,1,0,5,200,200,200,200,200
367750,0,30,0,0,0,1,10,2,0,0,200,18,35,1,6,200,3,200,0,200,200
367750,0,30,0,0,0,1,10,2,0,0,200,18,35,1,0,200,0,200,0,200,200
367751,0,30,2,2,0,1,0,5,0,0,0,0,0,2,200,200,200,200,200,200,200
367751,0,30,2,2,0,1,0,5,0,0,0,0,0,1,6,0,0,0,0,200,200
367751,1,30,2,2,0,1,0,5,0,0,0,0,0,0,200,0,200,200,200,200,200
367753,0,30,1,2,0,1,10,5,0,0,0,18,200,0,200,0,3,0,0,200,200
367753,0,30,1,2,0,1,10,5,0,0,0,18,200,1,5,0,0,0,0,200,200
367753,1,30,1,2,0,1,10,5,0,0,0,18,200,200,200,5,200,200,200,200,200
367754,0,30,0,0,0,1,7,4,0,0,0,35,200,1,7,200,1,200,0,200,200
367758,0,30,0,0,0,1,10,5,0,0,0,18,200,0,5,0,3,0,0,200,200
367758,0,30,0,0,0,1,10,5,0,0,0,18,200,0,5,0,0,0,0,200,200
367762,0,30,0,0,0,1,14,5,0,0,0,0,0,1,6,0,0,0,0,200,200
367762,0,30,0,0,0,1,14,5,0,0,0,0,0,0,6,0,0,0,0,200,200
367770,0,25,0,200,0,1,14,5,0,0,1,16,29,0,6,0,0,0,0,200,200
367770,0,25,0,200,0,1,14,5,0,0,1,16,29,0,200,200,2,200,200,200,200
367781,0,30,0,0,0,1,14,5,0,0,0,17,200,1,200,200,1,200,200,200,200
367781,0,30,0,0,0,1,14,5,0,0,0,17,200,1,5,0,0,0,0,200,200
367782,0,30,0,0,0,1,14,5,0,0,0,17,200,1,5,200,1,0,0,200,200
367782,0,30,0,0,0,1,14,5,0,0,0,17,200,1,9,200,0,0,0,200,200
367795,0,30,2,2,0,1,10,6,0,0,200,18,0,0,200,200,3,200,200,200,200
367795,0,30,2,2,0,1,10,6,0,0,200,18,0,0,6,0,0,0,0,200,200
367796,0,30,0,0,0,1,12,5,0,0,0,22,0,0,8,0,2,0,0,200,200
367796,0,30,0,0,0,1,12,5,0,0,0,22,0,0,4,0,2,0,0,200,200
367796,1,30,0,0,0,1,12,5,0,0,0,22,0,1,200,0,200,200,200,200,200
367798,0,20,0,0,0,3,7,7,0,0,0,11,200,1,6,0,12,0,0,200,200
367799,0,35,1,2,0,1,14,2,0,0,0,23,16,0,6,200,1,0,0,200,200
367799,0,35,1,2,0,1,14,2,0,0,0,23,16,0,6,200,200,0,0,200,200
367800,0,30,2,2,0,1,14,5,0,0,0,0,200,1,6,0,3,0,0,200,200
367800,0,30,2,2,0,1,14,5,0,0,0,0,200,1,6,0,0,0,0,200,200
367800,1,30,2,2,0,1,14,5,0,0,0,0,200,1,200,0,200,200,200,200,200
367800,1,30,2,2,0,1,14,5,0,0,0,0,200,1,200,0,200,200,200,200,200
367802,0,10,0,0,0,1,0,0,0,0,0,20,0,1,6,200,200,200,0,200,200
367802,0,10,0,0,0,1,0,0,0,0,0,20,0,1,6,0,0,0,0,200,200
367803,0,30,1,2,0,1,14,3,0,0,0,0,200,0,200,200,0,0,200,200,200
367803,0,30,1,2,0,1,14,3,0,0,0,0,200,0,4,0,0,0,0,200,200
367804,0,30,0,0,0,1,14,12,0,0,0,0,0,2,200,200,200,200,200,200,200
367804,0,30,0,0,0,1,14,12,0,0,0,0,0,1,4,0,0,0,0,200,200
367807,0,30,1,2,0,1,14,5,0,0,0,17,200,0,6,0,1,0,0,200,200
367807,0,30,1,2,0,1,14,5,0,0,0,17,200,0,6,0,0,0,0,200,200
367810,0,30,0,0,0,1,7,6,0,200,200,0,0,2,200,200,200,200,200,200,200
367811,0,30,0,0,0,1,14,5,0,0,0,0,0,0,200,200,12,200,0,200,200
367811,0,30,0,0,0,1,14,5,0,0,0,0,0,0,200,200,0,200,0,200,200
367814,0,10,0,0,0,1,10,0,0,0,0,20,8,1,4,200,0,0,0,200,200
367814,0,10,0,0,0,1,10,0,0,0,0,20,8,1,6,200,6,200,0,200,200
367817,0,20,0,0,0,1,7,12,3,0,0,22,200,1,6,0,2,0,0,200,200
367817,1,20,0,0,0,1,7,12,3,0,0,22,200,200,200,200,200,200,200,200,200
367817,1,20,0,0,0,1,7,12,3,0,0,22,200,0,200,200,200,200,200,200,200
367829,0,30,0,0,0,1,10,5,0,0,0,7,7,1,6,200,12,0,0,200,200
367829,0,30,0,0,0,1,10,5,0,0,0,7,7,1,7,200,0,0,0,200,200
367829,0,30,0,0,0,1,10,5,0,0,0,7,7,1,5,200,0,0,0,200,200
367838,0,30,0,200,0,1,7,5,2,0,200,0,200,2,200,200,200,200,200,200,200
367842,0,30,0,0,0,1,2,3,0,0,0,16,0,1,6,200,0,0,0,200,200
367847,0,10,0,0,0,1,12,7,0,0,0,0,0,0,200,200,12,200,200,200,200
367847,0,10,0,0,0,1,12,7,0,0,0,0,0,1,7,200,12,0,0,200,200
367847,1,10,0,0,0,1,12,7,0,0,0,0,0,0,6,200,200,200,200,200,200
367847,1,10,0,0,0,1,12,7,0,0,0,0,0,0,200,200,200,200,200,200,200
367847,1,10,0,0,0,1,12,7,0,0,0,0,0,0,200,200,200,200,200,200,200
367855,0,10,0,0,0,1,7,7,0,0,200,11,0,2,200,200,200,200,200,200,200
367859,0,30,0,0,0,0,12,5,0,0,0,17,200,0,8,0,200,0,0,200,200
367859,0,30,0,0,0,0,12,5,0,0,0,17,200,1,6,200,1,200,200,200,200
367860,0,30,0,0,0,1,10,5,0,0,0,0,0,1,3,0,0,0,0,200,200
367860,0,30,0,0,0,1,10,5,0,0,0,0,0,0,200,200,0,0,0,200,200
367863,0,30,1,2,0,1,12,2,0,0,12,0,200,1,6,200,200,0,0,200,200
367863,0,30,1,2,0,1,12,2,0,0,12,0,200,0,6,0,200,0,0,200,200
367863,1,30,1,2,0,1,12,2,0,0,12,0,200,1,200,200,200,200,200,200,200
367876,0,30,2,2,0,1,0,2,0,0,0,7,0,1,200,200,200,200,200,200,200
367876,0,30,2,2,0,1,0,2,0,0,0,7,0,1,5,0,0,0,0,200,200
367878,0,30,0,0,0,1,8,5,0,0,0,11,11,0,8,0,200,0,0,200,200
367878,4,30,0,0,0,1,8,5,0,0,0,11,11,0,6,7,1,200,200,200,200
367882,0,30,0,0,200,200,7,6,0,0,0,200,200,1,7,200,200,0,0,200,200
367887,0,35,0,0,0,1,7,5,0,0,0,0,0,1,6,0,0,0,0,200,200
367890,0,30,1,2,0,1,12,2,0,0,0,22,0,0,200,200,2,200,200,200,200
367890,0,30,1,2,0,1,12,2,0,0,0,22,0,1,6,0,12,0,0,200,200
367890,1,30,1,2,0,1,12,2,0,0,0,22,0,1,200,0,200,200,200,200,200
367894,0,30,0,0,0,1,10,2,0,0,0,0,200,1,6,0,0,0,0,200,200
367894,0,30,0,0,0,1,10,2,0,0,0,0,200,0,4,0,0,0,0,200,200
367895,0,30,0,200,0,1,10,5,0,0,0,16,200,2,200,200,1,200,200,200,200
367895,0,30,0,200,0,1,10,5,0,0,0,16,200,1,6,0,0,0,0,200,200
367895,1,30,0,200,0,1,10,5,0,0,0,16,200,0,6,200,200,200,200,200,200
367895,1,30,0,200,0,1,10,5,0,0,0,16,200,1,6,200,200,200,200,200,200
367901,0,40,0,0,0,1,12,3,5,0,0,21,200,1,7,0,4,0,0,200,200
367901,0,40,0,0,0,1,12,3,5,0,0,21,200,0,7,0,0,0,0,200,200
367902,0,30,0,0,0,1,7,7,0,0,12,0,0,2,200,200,200,200,200,200,200
367905,0,10,0,0,0,1,0,7,0,0,0,20,200,0,7,0,6,0,0,200,200
367905,0,10,0,0,0,1,0,7,0,0,0,20,200,0,6,0,0,0,0,200,200
367906,0,30,200,200,0,1,7,6,0,0,200,25,25,2,200,200,200,200,200,200,200
367908,0,30,0,0,0,1,12,5,0,0,0,12,0,1,9,0,12,0,0,200,200
367908,0,30,0,0,0,1,12,5,0,0,0,12,0,0,8,0,0,0,0,200,200
367909,0,30,200,0,0,1,10,200,0,0,0,0,200,2,200,200,0,200,200,200,200
367909,0,30,200,0,0,1,10,200,0,0,0,0,200,0,6,7,0,0,0,200,200
367911,0,15,0,0,0,1,9,7,0,0,0,0,200,1,200,200,1,200,200,200,200
367911,5,15,0,0,0,1,9,7,0,0,0,0,200,0,5,7,0,200,0,200,200
367915,0,15,0,0,1,1,7,7,0,0,0,0,0,2,200,200,200,200,200,200,200
367922,0,30,1,2,0,1,10,3,0,0,0,0,0,1,200,0,1,0,0,200,200
367922,0,30,1,2,0,1,10,3,0,0,0,0,0,1,200,0,0,0,0,200,200
367925,0,30,0,0,0,1,10,5,0,0,0,18,200,1,5,0,3,0,0,200,200
367925,0,30,0,0,0,1,10,5,0,0,0,18,200,1,5,0,0,0,0,200,200
367929,0,30,1,2,0,1,12,6,0,0,0,0,200,0,6,200,0,0,0,200,200
367929,0,30,1,2,0,1,12,6,0,0,0,0,200,0,7,200,0,0,0,200,200
367934,0,30,0,0,0,1,10,5,0,0,0,0,0,0,4,0,0,0,0,200,200
367934,0,30,0,0,0,1,10,5,0,0,0,0,0,0,200,200,0,0,0,200,200
367948,0,20,0,0,0,1,9,6,0,0,0,16,200,0,6,200,200,200,0,200,200
367948,5,20,0,0,0,1,9,6,0,0,0,16,200,1,2,7,12,200,0,200,200
367948,1,20,0,0,0,1,9,6,0,0,0,16,200,1,6,200,200,200,200,200,200
367948,1,20,0,0,0,1,9,6,0,0,0,16,200,1,7,200,200,200,200,200,200
367948,1,20,0,0,0,1,9,6,0,0,0,16,200,1,10,200,200,200,200,200,200
367948,1,20,0,0,0,1,9,6,0,0,0,16,200,1,10,200,200,200,200,200,200
367951,0,30,200,200,0,1,12,5,0,0,200,11,0,0,200,200,1,200,200,200,200
367951,0,30,200,200,0,1,12,5,0,0,200,11,0,0,9,0,0,0,0,200,200
367954,0,30,0,0,0,1,7,5,0,0,200,0,0,0,200,7,200,200,200,200,200
367957,0,30,2,2,0,1,14,5,0,0,0,23,200,0,8,200,7,200,200,200,200
367957,0,30,2,2,0,1,14,5,0,0,0,23,200,0,6,200,9,200,200,200,200
367957,1,30,2,2,0,1,14,5,0,0,0,23,200,1,200,200,200,200,200,200,200
367958,0,30,0,0,0,1,10,5,0,0,0,27,0,1,7,200,3,0,0,200,200
367958,0,30,0,0,0,1,10,5,0,0,0,27,0,1,5,200,0,0,0,200,200
367968,0,30,0,0,0,1,7,5,0,0,0,0,19,2,200,200,2,200,200,200,200
367969,0,30,12,0,0,1,10,2,0,0,200,18,200,2,200,200,1,200,200,200,200
367969,0,30,12,0,0,1,10,2,0,0,200,18,200,0,6,200,0,200,0,200,200
367970,4,30,1,2,0,1,8,3,0,0,0,6,0,0,6,7,5,200,0,200,200
367970,0,30,1,2,0,1,8,3,0,0,0,6,0,0,7,200,0,200,0,200,200
367970,1,30,1,2,0,1,8,3,0,0,0,6,0,0,200,200,200,200,200,200,200
367976,0,30,0,0,0,1,10,5,0,0,0,0,200,0,4,200,200,200,0,200,200
367976,0,30,0,0,0,1,10,5,0,0,0,0,200,1,7,7,0,200,0,200,200
367978,0,15,0,0,1,1,7,7,0,0,0,0,11,0,8,0,12,200,0,200,200
367978,1,15,0,0,1,1,7,7,0,0,0,0,11,1,6,0,200,200,200,200,200
367985,0,30,0,0,0,1,14,5,0,0,0,22,0,0,5,200,2,200,0,200,200
367985,0,30,0,0,0,1,14,5,0,0,0,22,0,1,5,200,0,200,0,200,200
367985,0,30,0,0,0,1,14,5,0,0,0,22,0,0,5,200,0,200,0,200,200
367985,1,30,0,0,0,1,14,5,0,0,0,22,0,0,5,200,200,200,200,200,200
367989,0,30,200,200,200,200,14,200,0,200,200,0,200,0,200,200,200,200,200,200,200
367989,0,30,200,200,200,200,14,200,0,200,200,0,200,1,7,0,200,200,200,200,200
367989,1,30,200,200,200,200,14,200,0,200,200,0,200,0,6,0,200,200,200,200,200
367993,0,30,1,2,0,1,10,5,0,0,0,16,0,0,200,200,200,200,200,200,200
367993,0,30,1,2,0,1,10,5,0,0,0,16,0,0,5,200,0,200,0,200,200
367997,0,30,0,0,0,1,10,5,0,0,0,0,0,0,200,200,200,200,200,200,200
367997,0,30,0,0,0,1,10,5,0,0,0,0,0,1,6,0,0,0,0,200,200
367997,1,30,0,0,0,1,10,5,0,0,0,0,0,1,200,0,200,200,200,200,200
367997,1,30,0,0,0,1,10,5,0,0,0,0,0,0,200,5,200,200,200,200,200
368000,0,30,0,0,0,1,10,5,0,0,0,18,7,1,6,0,0,0,0,200,200
368000,0,30,0,0,0,1,10,5,0,0,0,18,7,1,6,0,0,0,0,200,200
368003,0,35,0,0,200,1,7,200,0,200,200,18,200,0,5,200,3,200,0,200,200
368007,0,30,200,200,200,200,7,5,0,200,200,0,0,2,200,200,200,200,200,200,200
368017,0,30,0,0,200,200,7,6,0,200,0,0,0,2,200,200,200,200,200,200,200
368019,0,20,0,0,0,1,12,5,0,0,0,0,200,0,6,0,1,0,0,200,200
368019,0,20,0,0,0,1,12,5,0,0,0,0,200,1,6,0,1,0,0,200,200
368021,0,30,0,0,0,1,14,5,0,0,0,0,0,0,6,0,0,0,0,200,200
368021,0,30,0,0,0,1,14,5,0,0,0,0,0,0,200,200,0,0,0,200,200
368022,0,30,200,200,200,200,12,200,0,200,200,0,200,0,5,0,200,200,200,200,200
368022,0,30,200,200,200,200,12,200,0,200,200,0,200,0,7,200,200,200,200,200,200
368025,0,30,0,0,0,1,7,6,0,0,200,0,0,2,200,200,12,200,200,200,200
368035,0,0,1,2,0,1,10,5,0,0,0,0,0,0,200,200,200,200,200,200,200
368035,0,0,1,2,0,1,10,5,0,0,0,0,0,1,6,200,0,0,0,200,200
368036,0,20,0,0,0,1,14,5,0,0,0,0,0,0,6,0,200,0,0,200,200
368036,1,20,0,0,0,1,14,5,0,0,0,0,0,0,6,0,200,200,200,200,200
368036,1,20,0,0,0,1,14,5,0,0,0,0,0,1,7,0,200,200,200,200,200
368037,0,30,0,0,0,1,12,5,0,0,0,0,0,0,6,0,0,0,0,200,200
368037,0,30,0,0,0,1,12,5,0,0,0,0,0,0,6,0,0,0,0,200,200
368038,0,0,0,0,0,1,7,7,0,0,0,0,0,2,200,200,200,200,200,200,200
368043,0,30,0,0,0,1,10,5,0,0,0,18,200,0,5,0,3,0,200,200,200
368043,0,30,0,0,0,1,10,5,0,0,0,18,200,0,6,0,0,0,0,200,200
368043,1,30,0,0,0,1,10,5,0,0,0,18,200,1,200,0,200,200,200,200,200
368044,0,30,0,0,0,1,12,3,2,0,0,16,21,0,200,200,4,200,200,200,200
368044,0,30,0,0,0,1,12,3,2,0,0,16,21,0,7,0,0,0,0,200,200
368045,0,30,0,0,0,1,9,5,0,0,0,0,200,1,200,200,200,200,200,200,200