RD_NO,PERSON_TYPE,POSTED_SPEED_LIMIT,TRAFFIC_CONTROL_DEVICE,DEVICE_CONDITION,WEATHER_CONDITION,LIGHTING_CONDITION,FIRST_CRASH_TYPE,TRAFFICWAY_TYPE,ALIGNMENT,ROADWAY_SURFACE_COND,ROAD_DEFECT,PRIM_CONTRIBUTORY_CAUSE,SEC_CONTRIBUTORY_CAUSE,SEX,AGE,SAFETY_EQUIPMENT,DRIVER_ACTION,DRIVER_VISION,PHYSICAL_CONDITION,BAC_RESULT VALUE,CELL_PHONE_USE
368045,5,30,0,0,0,1,9,5,0,0,0,0,200,0,7,7,0,200,0,200,200
368046,0,30,1,2,0,4,10,5,0,0,0,18,200,1,9,0,3,0,0,200,200
368046,0,30,1,2,0,4,10,5,0,0,0,18,200,0,5,0,0,0,0,200,200
368048,0,30,0,0,0,1,7,7,0,0,0,0,200,0,8,200,200,0,200,200,200
368049,0,30,1,2,0,1,14,5,0,0,0,0,0,0,200,200,12,200,200,200,200
368049,0,30,1,2,0,1,14,5,0,0,0,0,0,0,200,200,0,200,0,200,200
368053,0,30,2,2,0,1,14,5,0,0,0,23,21,0,6,200,12,0,0,200,200
368053,0,30,2,2,0,1,14,5,0,0,0,23,21,1,6,200,7,0,0,200,200
368053,1,30,2,2,0,1,14,5,0,0,0,23,21,1,200,200,200,200,200,200,200
368053,1,30,2,2,0,1,14,5,0,0,0,23,21,1,200,200,200,200,200,200,200
368053,1,30,2,2,0,1,14,5,0,0,0,23,21,1,200,200,200,200,200,200,200
368057,4,30,0,0,0,1,8,5,0,0,0,0,0,1,5,7,200,0,0,200,200
368057,1,30,0,0,0,1,8,5,0,0,0,0,0,0,200,200,200,200,200,200,200
368059,0,30,1,2,0,1,14,2,0,0,0,17,0,2,200,200,1,200,200,200,200
368059,0,30,1,2,0,1,14,2,0,0,0,17,0,0,200,0,12,0,0,200,200
368065,0,30,0,0,0,1,0,0,0,0,0,17,200,1,6,0,1,0,0,200,200
368065,0,30,0,0,0,1,0,0,0,0,0,17,200,1,5,0,0,0,0,200,200
368069,0,30,1,2,0,1,10,3,5,0,0,16,18,0,5,0,3,0,0,200,200
368069,0,30,1,2,0,1,10,3,5,0,0,16,18,1,6,0,0,0,0,200,200
368069,1,30,1,2,0,1,10,3,5,0,0,16,18,1,5,0,200,200,200,200,200
368069,1,30,1,2,0,1,10,3,5,0,0,16,18,1,6,0,200,200,200,200,200
368076,0,30,1,2,0,1,12,2,0,0,0,21,200,1,6,200,4,0,0,200,200
368076,0,30,1,2,0,1,12,2,0,0,0,21,200,0,5,200,0,0,0,200,200
368076,1,30,1,2,0,1,12,2,0,0,0,21,200,0,5,200,200,200,200,200,200
368077,0,30,1,2,0,1,10,5,0,0,0,18,0,1,6,0,3,0,0,200,200
368077,0,30,1,2,0,1,10,5,0,0,0,18,0,1,6,0,0,0,0,200,200
368077,1,30,1,2,0,1,10,5,0,0,0,18,0,1,200,200,200,200,200,200,200
368077,1,30,1,2,0,1,10,5,0,0,0,18,0,200,200,200,200,200,200,200,200
368077,1,30,1,2,0,1,10,5,0,0,0,18,0,200,200,200,200,200,200,200,200
368077,1,30,1,2,0,1,10,5,0,0,0,18,0,200,200,200,200,200,200,200,200
368077,1,30,1,2,0,1,10,5,0,0,0,18,0,200,200,200,200,200,200,200,200
368079,0,30,1,2,0,1,10,5,0,0,0,0,0,0,6,0,200,0,0,200,200
368079,0,30,1,2,0,1,10,5,0,0,0,0,0,0,200,200,200,200,200,200,200
368079,1,30,1,2,0,1,10,5,0,0,0,0,0,0,200,0,200,200,200,200,200
368079,1,30,1,2,0,1,10,5,0,0,0,0,0,0,200,0,200,200,200,200,200
368079,1,30,1,2,0,1,10,5,0,0,0,0,0,1,200,200,200,200,200,200,200
368082,0,30,0,0,0,1,7,12,0,0,0,0,200,1,200,200,200,200,200,200,200
368085,0,30,0,0,0,3,7,6,0,0,0,0,200,2,200,200,200,200,200,200,200
368090,0,20,0,0,0,1,12,2,0,0,0,0,0,2,200,200,200,200,200,200,200
368090,0,20,0,0,0,1,12,2,0,0,0,0,0,0,7,200,0,200,0,200,200
368091,0,30,0,0,0,1,10,6,0,0,0,18,18,1,5,0,8,0,0,200,200
368091,0,30,0,0,0,1,10,6,0,0,0,18,18,1,7,0,0,0,0,200,200
368095,0,25,0,0,0,1,7,6,0,0,0,12,15,0,6,200,200,200,200,200,200
368097,0,30,1,2,0,1,10,6,0,0,0,18,200,0,7,200,3,200,0,200,200
368097,0,30,1,2,0,1,10,6,0,0,0,18,200,1,7,200,0,200,0,200,200
368102,0,0,0,0,0,1,7,5,0,0,0,0,0,0,7,200,12,200,0,200,200
368106,0,30,1,200,0,1,10,5,0,200,200,0,0,0,4,200,200,200,200,200,200
368106,0,30,1,200,0,1,10,5,0,200,200,0,0,1,5,0,0,0,0,200,200
368114,0,20,1,2,0,1,10,5,0,0,0,18,16,0,6,0,0,0,0,200,200
368114,0,20,1,2,0,1,10,5,0,0,0,18,16,0,6,200,3,200,0,200,200
368114,1,20,1,2,0,1,10,5,0,0,0,18,16,1,6,0,200,200,200,200,200
368115,0,30,0,0,0,1,12,2,0,0,0,17,16,1,5,200,1,0,0,200,200
368115,0,30,0,0,0,1,12,2,0,0,0,17,16,0,7,200,0,0,0,200,200
368118,0,35,1,2,0,1,14,2,0,200,200,14,15,2,200,200,200,200,200,200,200
368118,0,35,1,2,0,1,14,2,0,200,200,14,15,1,6,200,200,200,200,200,200
368118,0,35,1,2,0,1,14,2,0,200,200,14,15,0,5,200,200,200,200,200,200
368119,0,30,1,2,0,1,11,5,0,0,0,0,0,2,200,200,12,200,200,200,200
368119,0,30,1,2,0,1,11,5,0,0,0,0,0,1,200,200,0,0,0,200,200
368121,0,30,2,2,0,4,10,5,0,0,0,18,200,0,6,0,0,0,0,200,200
368121,0,30,2,2,0,4,10,5,0,0,0,18,200,0,6,0,0,0,0,200,200
368121,1,30,2,2,0,4,10,5,0,0,0,18,200,1,6,0,200,200,200,200,200
368121,1,30,2,2,0,4,10,5,0,0,0,18,200,0,6,0,200,200,200,200,200
368122,0,15,0,0,0,1,2,0,0,0,0,12,0,0,5,0,0,0,0,200,200
368127,0,30,0,0,0,1,7,6,0,0,0,0,200,0,5,7,0,200,0,200,200
368130,0,30,0,0,0,1,2,12,0,0,0,0,0,0,6,0,0,0,0,200,200
368133,0,5,0,0,0,1,7,7,0,0,0,20,200,1,200,200,6,200,200,200,200
368139,0,30,1,2,0,1,10,5,0,0,0,18,18,0,6,0,9,0,0,200,200
368139,0,30,1,2,0,1,10,5,0,0,0,18,18,1,6,0,0,0,0,200,200
368139,1,30,1,2,0,1,10,5,0,0,0,18,18,200,1,0,200,200,200,200,200
368139,1,30,1,2,0,1,10,5,0,0,0,18,18,200,0,7,200,200,200,200,200
368139,1,30,1,2,0,1,10,5,0,0,0,18,18,200,2,7,200,200,200,200,200
368144,0,30,0,0,0,1,14,5,0,0,0,0,0,1,6,0,200,0,0,200,200
368144,0,30,0,0,0,1,14,5,0,0,0,0,0,1,6,0,0,0,0,200,200
368147,0,30,0,0,0,1,10,5,0,0,0,18,18,0,6,7,0,0,0,200,200
368147,0,30,0,0,0,1,10,5,0,0,0,18,18,0,6,0,0,0,0,200,200
368151,0,35,0,0,200,200,12,200,0,200,200,17,200,0,6,200,0,200,0,200,200
368159,0,30,1,2,0,1,10,5,0,0,0,18,200,1,200,200,0,200,200,200,200
368159,0,30,1,2,0,1,10,5,0,0,0,18,200,1,7,0,0,0,0,200,200
368163,0,30,1,0,0,1,12,2,0,0,0,21,200,0,6,0,12,0,0,200,200
368163,0,30,1,0,0,1,12,2,0,0,0,21,200,0,6,0,0,0,0,200,200
368165,0,30,0,0,0,1,10,2,0,0,0,0,200,1,6,200,1,200,200,200,200
368165,0,30,0,0,0,1,10,2,0,0,0,0,200,1,5,200,0,0,200,200,200
368165,0,30,0,0,0,1,10,2,0,0,0,0,200,0,6,0,0,0,200,200,200
368167,0,30,0,0,0,1,7,7,0,0,0,0,0,1,4,0,0,0,0,200,200
368170,0,30,0,0,0,1,7,5,0,0,0,0,0,1,5,0,0,0,0,200,200
368171,0,30,0,0,0,3,7,6,0,0,0,0,0,2,200,200,200,200,200,200,200
368172,0,30,1,2,0,200,10,5,0,0,200,18,200,0,9,200,3,200,200,200,200
368172,0,30,1,2,0,200,10,5,0,0,200,18,200,1,5,200,0,200,0,200,200
368180,0,30,1,0,0,2,14,5,0,0,0,22,200,1,6,0,4,0,0,200,200
368180,0,30,1,0,0,2,14,5,0,0,0,22,200,0,7,0,0,0,0,200,200
368182,0,30,0,0,0,4,9,6,0,0,0,0,0,0,7,200,200,200,0,200,200
368182,5,30,0,0,0,4,9,6,0,0,0,0,0,0,9,7,200,200,7,200,200
368186,0,30,1,2,0,2,10,5,0,0,0,2,11,1,5,200,3,200,0,200,1
368186,0,30,1,2,0,2,10,5,0,0,0,2,11,1,6,0,0,0,0,200,200
368186,1,30,1,2,0,2,10,5,0,0,0,2,11,0,7,0,200,200,200,200,200
368200,4,30,0,0,0,1,8,5,0,0,0,0,0,0,3,200,0,0,0,200,200
368208,0,20,0,0,0,4,10,0,0,0,2,20,200,0,5,0,6,0,0,200,200
368208,0,20,0,0,0,4,10,0,0,0,2,20,200,1,6,0,0,0,0,200,200
368218,0,15,0,0,0,4,7,0,0,0,0,25,25,0,5,200,13,0,200,200,200
368218,1,15,0,0,0,4,7,0,0,0,0,25,25,1,5,200,200,200,200,200,200
368226,0,30,0,0,0,4,2,5,0,0,0,200,200,0,6,200,0,0,0,200,200
368226,1,30,0,0,0,4,2,5,0,0,0,200,200,0,200,200,200,200,200,200,200
368234,0,30,1,2,0,3,14,2,2,0,0,0,200,0,6,200,200,200,0,200,200
368234,0,30,1,2,0,3,14,2,2,0,0,0,200,0,5,200,0,200,0,200,200
368235,0,30,2,2,0,1,9,5,0,0,0,5,25,0,200,200,5,200,200,200,200
368235,5,30,2,2,0,1,9,5,0,0,0,5,25,1,4,7,0,0,0,200,200
368239,0,30,1,2,0,1,10,5,0,0,0,18,0,1,6,0,3,0,0,200,200
368239,0,30,1,2,0,1,10,5,0,0,0,18,0,0,6,0,0,0,0,200,200
368240,0,30,0,0,0,1,10,2,0,0,0,18,0,0,200,200,3,200,200,200,200
368240,0,30,0,0,0,1,10,2,0,0,0,18,0,1,5,0,0,0,0,200,200
368240,0,30,0,0,0,1,10,2,0,0,0,18,0,0,200,200,0,200,200,200,200
368241,0,30,1,2,0,1,14,12,0,0,0,23,11,1,6,0,7,0,0,200,200
368241,0,30,1,2,0,1,14,12,0,0,0,23,11,0,4,0,0,0,0,200,200
368242,0,25,0,0,0,3,7,6,0,0,200,0,0,1,5,200,200,200,0,200,200
368244,0,30,3,200,200,4,12,5,0,200,200,17,0,0,6,200,1,200,200,200,200
368244,0,30,3,200,200,4,12,5,0,200,200,17,0,0,5,200,200,200,0,200,200
368245,0,30,0,0,0,3,2,2,0,0,12,28,28,0,5,0,12,0,0,200,200
368249,0,20,0,0,0,1,7,5,0,0,0,17,200,0,200,200,1,200,200,200,200
368252,0,30,1,2,0,3,14,2,0,0,0,0,200,0,5,200,200,0,0,200,200
368252,0,30,1,2,0,3,14,2,0,0,0,0,200,0,7,200,200,0,0,200,200
368255,0,35,1,2,0,1,14,5,0,0,0,22,16,0,7,200,2,200,200,200,200
368255,0,35,1,2,0,1,14,5,0,0,0,22,16,1,5,0,0,0,0,200,200
368257,0,30,1,200,0,1,14,2,0,200,200,0,200,1,5,200,200,200,200,200,200
368257,0,30,1,200,0,1,14,2,0,200,200,0,200,1,6,0,0,200,200,200,200
368261,0,30,200,200,0,1,12,5,0,0,200,21,18,0,5,200,2,200,0,200,200
368261,0,30,200,200,0,1,12,5,0,0,200,21,18,0,5,200,200,200,0,200,200
368268,0,30,0,0,0,3,7,6,0,0,0,0,0,0,5,200,200,0,0,200,200
368268,1,30,0,0,0,3,7,6,0,0,0,0,0,0,6,200,200,200,200,200,200
368270,0,10,0,0,0,0,12,5,0,0,0,0,0,0,6,0,0,0,0,200,200
368270,0,10,0,0,0,0,12,5,0,0,0,0,0,0,5,0,0,0,0,200,200
368270,1,10,0,0,0,0,12,5,0,0,0,0,0,0,2,0,200,200,200,200,200
368274,4,30,1,2,0,1,8,6,0,0,0,0,0,0,5,200,12,0,0,200,200
368274,0,30,1,2,0,1,8,6,0,0,0,0,0,0,5,0,0,0,0,200,200
368277,0,30,0,0,0,0,10,5,0,0,0,20,0,1,6,1,6,0,0,200,200
368277,0,30,0,0,0,0,10,5,0,0,0,20,0,1,5,0,0,0,0,200,200
368277,1,30,0,0,0,0,10,5,0,0,0,20,0,200,6,0,200,200,200,200,200
368277,1,30,0,0,0,0,10,5,0,0,0,20,0,0,3,0,200,200,200,200,200
368277,1,30,0,0,0,0,10,5,0,0,0,20,0,0,2,0,200,200,200,200,200
368277,1,30,0,0,0,0,10,5,0,0,0,20,0,1,2,0,200,200,200,200,200
368284,0,30,1,2,200,3,10,2,0,200,200,16,0,1,5,200,200,200,200,200,200
368284,0,30,1,2,200,3,10,2,0,200,200,16,0,0,5,200,0,0,0,200,200
368302,0,30,1,2,0,3,14,5,0,0,3,23,23,0,5,200,7,200,0,200,200
368302,0,30,1,2,0,3,14,5,0,0,3,23,23,1,6,200,12,200,0,200,200
368305,0,30,1,2,0,0,14,5,0,0,0,17,17,0,5,200,200,200,0,200,200
368305,0,30,1,2,0,0,14,5,0,0,0,17,17,0,4,200,1,200,0,200,200
368328,0,30,1,2,0,3,10,5,0,0,200,0,0,0,6,0,3,0,0,200,200
368328,0,30,1,2,0,3,10,5,0,0,200,0,0,1,5,0,0,0,0,200,200
368328,1,30,1,2,0,3,10,5,0,0,200,0,0,2,200,200,200,200,200,200,200
368328,1,30,1,2,0,3,10,5,0,0,200,0,0,2,200,200,200,200,200,200,200
368328,1,30,1,2,0,3,10,5,0,0,200,0,0,2,200,200,200,200,200,200,200
368332,0,30,1,2,0,3,14,5,0,0,0,17,200,0,200,200,1,200,200,200,200
368332,0,30,1,2,0,3,14,5,0,0,0,17,200,1,4,200,12,0,0,200,200
368332,1,30,1,2,0,3,14,5,0,0,0,17,200,0,0,5,200,200,200,200,200
368333,0,30,0,0,0,4,0,6,0,0,0,17,200,0,7,0,1,0,0,200,200
368333,0,30,0,0,0,4,0,6,0,0,0,17,200,0,6,0,0,0,0,200,200
368333,1,30,0,0,0,4,0,6,0,0,0,17,200,0,4,200,200,200,200,200,200
368338,0,30,200,200,0,4,12,6,0,0,200,17,22,0,6,200,4,200,200,200,200
368338,0,30,200,200,0,4,12,6,0,0,200,17,22,0,7,0,200,200,0,200,200
368354,0,30,1,2,0,3,12,6,0,0,200,21,0,0,6,200,0,200,0,200,200
368354,0,30,1,2,0,3,12,6,0,0,200,21,0,0,7,200,2,200,0,200,200
368361,0,30,0,0,0,0,7,12,3,0,0,7,0,0,8,200,12,0,0,200,200
368366,0,35,0,0,0,3,9,2,0,12,1,25,25,0,5,0,12,0,0,200,200
368366,5,35,0,0,0,3,9,2,0,12,1,25,25,0,3,7,0,12,7,200,200
368366,1,35,0,0,0,3,9,2,0,12,1,25,25,0,5,0,200,200,200,200,200
368372,0,30,1,2,0,3,14,5,0,0,0,17,33,0,6,0,1,12,0,200,200
368372,0,30,1,2,0,3,14,5,0,0,0,17,33,0,6,0,14,0,0,200,200
368372,1,30,1,2,0,3,14,5,0,0,0,17,33,0,6,0,200,200,200,200,200
368372,1,30,1,2,0,3,14,5,0,0,0,17,33,0,2,0,200,200,200,200,200
368372,1,30,1,2,0,3,14,5,0,0,0,17,33,0,2,0,200,200,200,200,200
368372,1,30,1,2,0,3,14,5,0,0,0,17,33,0,6,0,200,200,200,200,200
368374,0,30,1,2,0,3,14,5,0,0,0,21,17,1,4,0,4,0,0,200,200
368374,0,30,1,2,0,3,14,5,0,0,0,21,17,0,5,0,0,0,0,200,200
368374,1,30,1,2,0,3,14,5,0,0,0,21,17,1,5,0,200,200,200,200,200
368375,0,30,1,2,0,3,11,5,0,0,200,0,0,0,5,200,200,200,200,200,200
368375,0,30,1,2,0,3,11,5,0,0,200,0,0,0,4,200,200,200,200,200,200
368375,1,30,1,2,0,3,11,5,0,0,200,0,0,200,200,200,200,200,200,200,200
368375,1,30,1,2,0,3,11,5,0,0,200,0,0,200,200,200,200,200,200,200,200
368378,0,30,0,0,0,0,8,5,0,0,0,23,200,0,200,200,7,200,200,200,200
368378,4,30,0,0,0,0,8,5,0,0,0,23,200,1,5,2,0,0,0,200,200
368382,0,35,1,2,0,3,14,5,2,0,0,17,32,0,6,200,1,200,5,200,200
368382,0,35,1,2,0,3,14,5,2,0,0,17,32,0,5,200,0,200,0,200,200
368384,0,30,200,200,0,3,10,5,0,0,0,18,200,2,200,200,3,200,200,200,200
368384,0,30,200,200,0,3,10,5,0,0,0,18,200,0,7,200,0,200,0,200,200
368384,1,30,200,200,0,3,10,5,0,0,0,18,200,1,7,200,200,200,200,200,200
368390,0,30,0,0,0,3,2,5,1,0,0,25,0,0,5,0,4,0,0,200,200
368394,0,30,200,200,200,3,7,5,0,200,200,0,0,2,200,200,200,200,200,200,200
368396,3,30,0,0,0,3,5,6,0,0,0,25,11,0,200,200,12,0,0,200,200
368400,0,30,0,0,0,3,12,5,0,0,0,21,17,0,6,200,10,0,0,200,200
368400,4,30,0,0,0,3,12,5,0,0,0,21,17,0,6,7,0,0,0,200,200
368400,1,30,0,0,0,3,12,5,0,0,0,21,17,0,5,200,200,200,200,200,200
368401,0,35,1,2,0,3,8,2,0,0,0,25,19,1,6,200,1,0,3,200,200
368401,4,35,1,2,0,3,8,2,0,0,0,25,19,1,5,2,0,0,0,200,200
368406,0,30,2,2,0,3,12,5,0,0,0,0,200,0,9,0,200,0,0,200,200
368406,0,30,2,2,0,3,12,5,0,0,0,0,200,1,6,0,200,0,0,200,200
368406,1,30,2,2,0,3,12,5,0,0,0,0,200,1,6,0,200,200,200,200,200
368408,0,30,0,0,0,3,12,5,0,0,0,22,0,0,7,200,2,200,0,200,200
368408,0,30,0,0,0,3,12,5,0,0,0,22,0,0,6,200,0,200,0,200,200
368413,0,20,0,200,0,3,7,6,0,0,0,32,16,1,5,200,12,200,5,0.21,200
368415,0,30,1,2,0,3,0,2,0,0,3,17,16,0,6,2,1,0,0,200,200
368415,0,30,1,2,0,3,0,2,0,0,3,17,16,1,6,0,12,0,0,200,200
368417,0,30,1,2,0,1,12,3,0,0,0,22,200,0,200,200,2,200,200,200,200
368417,0,30,1,2,0,1,12,3,0,0,0,22,200,1,6,0,0,0,0,200,200
368423,0,50,1,0,0,3,14,5,0,0,200,23,17,1,200,200,7,200,200,200,200
368423,0,50,1,0,0,3,14,5,0,0,200,23,17,1,6,200,0,200,200,200,200
368437,0,30,1,2,0,3,12,3,0,0,0,22,200,0,200,200,2,200,200,200,200
368437,0,30,1,2,0,3,12,3,0,0,0,22,200,1,7,0,0,0,0,200,200
368446,0,30,1,2,0,3,10,5,0,0,0,0,0,1,200,200,200,200,200,200,200
368446,0,30,1,2,0,3,10,5,0,0,0,0,0,1,5,200,12,0,0,200,200
368467,0,30,0,0,0,0,12,6,0,0,0,20,200,1,5,200,6,0,200,200,200
368467,0,30,0,0,0,0,12,6,0,0,0,20,200,1,5,0,0,0,0,200,200
368468,0,30,0,0,0,3,7,5,0,0,0,0,0,2,200,200,200,200,200,200,200
368474,0,30,0,0,0,3,7,6,0,0,0,20,200,0,6,0,6,0,0,200,200
368478,0,40,0,0,0,3,10,3,5,0,0,15,18,0,4,0,8,0,0,200,200
368478,0,40,0,0,0,3,10,3,5,0,0,15,18,1,5,0,0,0,0,200,200
368478,1,40,0,0,0,3,10,3,5,0,0,15,18,1,5,0,200,200,200,200,200
368492,0,30,200,200,1,3,10,5,0,0,200,0,0,0,6,200,1,200,0,200,200
368492,0,30,200,200,1,3,10,5,0,0,200,0,0,1,6,200,0,200,0,200,200
368493,0,30,0,0,0,3,12,5,0,0,0,15,14,2,200,200,8,200,200,200,200
368493,0,30,0,0,0,3,12,5,0,0,0,15,14,0,6,0,0,0,0,200,200
368504,0,30,0,0,0,3,2,5,3,0,0,15,11,0,200,0,8,0,0,200,200
368504,1,30,0,0,0,3,2,5,3,0,0,15,11,0,4,0,200,200,200,200,200
368506,5,30,0,0,0,3,14,12,0,0,0,0,0,0,7,7,0,0,0,200,200
368506,0,30,0,0,0,3,14,12,0,0,0,0,0,0,200,200,200,200,200,200,200
368506,0,30,0,0,0,3,14,12,0,0,0,0,0,1,4,200,200,200,0,200,200
368506,1,30,0,0,0,3,14,12,0,0,0,0,0,0,200,200,200,200,200,200,200
368511,0,35,0,0,0,3,11,5,0,0,0,10,21,2,200,200,9,200,200,200,200
368511,0,35,0,0,0,3,11,5,0,0,0,10,21,1,5,0,12,6,0,200,200
368512,0,30,0,0,0,3,7,5,0,0,0,0,200,2,200,200,200,200,200,200,200
368515,0,25,0,0,0,3,2,6,0,0,0,0,0,2,200,200,200,200,200,200,200
368523,0,15,200,0,0,3,10,7,0,0,200,20,33,2,200,200,6,200,200,200,200
368523,0,15,200,0,0,3,10,7,0,0,200,20,33,0,7,0,0,0,0,200,200
368527,0,35,1,2,0,3,14,5,0,0,0,6,16,1,5,200,5,200,200,200,200
368527,0,35,1,2,0,3,14,5,0,0,0,6,16,0,7,200,12,200,200,200,200
368527,1,35,1,2,0,3,14,5,0,0,0,6,16,0,4,200,200,200,200,200,200
368527,1,35,1,2,0,3,14,5,0,0,0,6,16,1,5,200,200,200,200,200,200
368538,0,30,1,2,0,3,14,5,0,0,0,17,16,0,5,0,1,0,0,200,200
368538,0,30,1,2,0,3,14,5,0,0,0,17,16,0,5,0,12,0,0,200,200
368540,0,30,0,200,0,3,2,5,0,0,200,0,200,2,200,200,200,200,200,200,200
368560,0,45,0,0,0,3,12,3,0,0,0,27,16,0,7,0,2,0,2,200,200
368560,0,45,0,0,0,3,12,3,0,0,0,27,16,0,5,0,0,0,0,200,200
368561,0,30,0,0,0,3,7,7,0,0,0,16,0,2,200,200,200,200,200,200,200
368561,1,30,0,0,0,3,7,7,0,0,0,16,0,200,200,200,200,200,200,200,200
368568,0,30,0,0,0,3,12,12,0,200,200,0,0,1,200,200,200,200,200,200,200
368568,0,30,0,0,0,3,12,12,0,200,200,0,0,0,6,0,0,0,0,200,200
368568,1,30,0,0,0,3,12,12,0,200,200,0,0,0,6,0,200,200,200,200,200
368575,0,30,2,2,0,3,0,5,0,0,0,5,0,0,7,0,5,0,0,200,200
368575,0,30,2,2,0,3,0,5,0,0,0,5,0,0,5,0,0,0,0,200,200
368576,0,30,1,1,0,3,10,5,0,0,0,18,200,0,200,200,3,200,200,200,200
368576,0,30,1,1,0,3,10,5,0,0,0,18,200,0,5,0,0,0,0,200,200
368576,1,30,1,1,0,3,10,5,0,0,0,18,200,1,6,0,200,200,200,200,200
368584,0,30,1,2,0,3,14,5,0,0,0,0,0,0,200,200,200,200,200,200,200
368584,0,30,1,2,0,3,14,5,0,0,0,0,0,1,5,200,200,200,0,200,200
368586,0,30,1,2,0,3,2,5,0,0,0,11,200,0,4,200,12,0,0,200,200
368586,1,30,1,2,0,3,2,5,0,0,0,11,200,0,200,200,200,200,200,200,200
368586,1,30,1,2,0,3,2,5,0,0,0,11,200,0,200,200,200,200,200,200,200
368590,0,30,2,0,0,3,0,5,0,0,0,0,200,1,200,200,200,200,200,200,200
368590,0,30,2,0,0,3,0,5,0,0,0,0,200,1,6,200,200,0,7,200,200
368590,1,30,2,0,0,3,0,5,0,0,0,0,200,1,0,200,200,200,200,200,200
368590,1,30,2,0,0,3,0,5,0,0,0,0,200,1,6,200,200,200,200,200,200
368590,1,30,2,0,0,3,0,5,0,0,0,0,200,1,6,0,200,200,200,200,200
368594,0,10,0,0,0,3,7,7,0,0,0,20,0,2,200,200,200,200,200,200,200
368594,1,10,0,0,0,3,7,7,0,0,0,20,0,1,5,7,200,200,200,200,200
368594,1,10,0,0,0,3,7,7,0,0,0,20,0,1,5,0,200,200,200,200,200
368599,0,20,0,0,0,2,7,5,0,0,0,0,0,1,5,0,200,0,0,200,200
368602,0,45,1,2,0,3,10,2,0,0,0,27,16,0,7,0,3,0,5,0.15,200
368602,0,45,1,2,0,3,10,2,0,0,0,27,16,0,6,0,0,0,0,200,200
368612,0,30,2,2,0,1,2,2,0,0,0,23,16,1,5,200,7,1,1,200,200
368628,0,30,0,0,0,200,2,12,0,0,0,0,200,2,200,200,12,200,200,200,200
368637,0,30,0,0,0,1,7,6,0,0,0,0,16,2,200,200,200,200,200,200,200
368640,0,30,0,0,0,1,12,6,0,0,1,25,21,0,200,200,12,200,200,200,200
368640,0,30,0,0,0,1,12,6,0,0,1,25,21,1,7,0,0,0,0,200,200
368640,1,30,0,0,0,1,12,6,0,0,1,25,21,1,200,200,200,200,200,200,200
368643,0,30,0,0,0,1,7,2,2,0,0,25,16,2,200,200,8,200,200,200,200
368650,0,30,1,2,0,3,10,2,0,0,0,18,0,0,7,0,3,0,0,200,200
368650,0,30,1,2,0,3,10,2,0,0,0,18,0,0,7,0,0,0,0,200,200
368660,0,20,0,0,0,1,7,6,0,0,0,0,200,2,200,200,200,200,200,200,200
368661,0,25,2,2,0,1,10,6,0,0,3,0,0,0,6,0,3,0,0,200,200
368661,0,25,2,2,0,1,10,6,0,0,3,0,0,1,6,0,0,0,0,200,200
368665,0,25,0,0,0,1,7,6,0,0,0,0,0,2,200,200,200,200,200,200,200
368672,0,30,0,0,0,1,11,3,2,0,0,10,16,0,200,200,4,200,200,200,200
368672,0,30,0,0,0,1,11,3,2,0,0,10,16,0,6,0,0,0,0,200,200
368679,0,35,0,0,0,1,12,7,2,0,0,18,18,0,5,200,3,0,0,200,200
368679,0,35,0,0,0,1,12,7,2,0,0,18,18,1,7,0,0,0,0,200,200
368681,0,30,1,2,0,1,0,5,0,0,0,14,6,0,6,0,5,0,0,200,200
368681,0,30,1,2,0,1,0,5,0,0,0,14,6,1,5,0,0,0,0,200,200
368682,0,0,0,0,0,1,7,5,0,0,0,27,200,1,6,0,12,0,0,200,200
368684,0,30,0,0,0,200,7,6,0,0,200,0,200,0,200,200,0,200,200,200,200
368685,0,30,1,2,0,1,14,5,0,0,0,22,22,1,5,200,2,200,0,200,200
368685,0,30,1,2,0,1,14,5,0,0,0,22,22,1,6,0,0,0,0,200,200
368686,0,30,0,0,0,1,10,5,0,0,0,18,200,0,6,0,3,0,0,200,200
368686,0,30,0,0,0,1,10,5,0,0,0,18,200,0,6,0,0,0,0,200,200
368686,0,30,0,0,0,1,10,5,0,0,0,18,200,0,7,0,0,0,0,200,200
368693,0,30,1,2,0,1,10,5,0,0,0,18,200,0,6,0,3,0,0,200,200
368693,0,30,1,2,0,1,10,5,0,0,0,18,200,1,6,0,0,0,0,200,200
368698,4,30,0,0,0,1,8,2,0,0,0,21,11,0,8,7,4,12,0,200,200
368698,0,30,0,0,0,1,8,2,0,0,0,21,11,1,5,200,0,0,0,200,200
368698,1,30,0,0,0,1,8,2,0,0,0,21,11,0,200,200,200,200,200,200,200
368698,1,30,0,0,0,1,8,2,0,0,0,21,11,0,200,200,200,200,200,200,200
368702,0,5,0,0,0,1,0,7,0,0,0,200,200,0,7,200,6,0,0,200,200
368702,0,5,0,0,0,1,0,7,0,0,0,200,200,0,6,7,0,0,0,200,200
368703,0,30,0,0,0,1,11,5,0,0,0,20,0,0,6,0,6,0,0,200,200
368703,0,30,0,0,0,1,11,5,0,0,0,20,0,0,5,0,0,0,0,200,200