RD_NO,PERSON_TYPE,POSTED_SPEED_LIMIT,TRAFFIC_CONTROL_DEVICE,DEVICE_CONDITION,WEATHER_CONDITION,LIGHTING_CONDITION,FIRST_CRASH_TYPE,TRAFFICWAY_TYPE,ALIGNMENT,ROADWAY_SURFACE_COND,ROAD_DEFECT,PRIM_CONTRIBUTORY_CAUSE,SEC_CONTRIBUTORY_CAUSE,SEX,AGE,SAFETY_EQUIPMENT,DRIVER_ACTION,DRIVER_VISION,PHYSICAL_CONDITION,BAC_RESULT VALUE,CELL_PHONE_USE
368706,0,30,2,2,0,3,7,2,0,0,0,0,0,2,200,200,200,200,200,200,200
368711,0,30,0,0,0,200,7,5,0,0,0,0,33,0,5,0,200,0,200,200,200
368713,0,30,0,0,0,2,2,7,0,0,0,14,0,1,6,0,12,0,0,200,200
368718,0,30,0,0,0,1,12,3,0,0,0,17,200,0,6,0,1,0,0,200,200
368718,0,30,0,0,0,1,12,3,0,0,0,17,200,0,5,0,0,0,0,200,200
368719,0,30,1,2,0,3,14,5,0,0,0,23,22,0,200,200,7,200,200,200,200
368719,0,30,1,2,0,3,14,5,0,0,0,23,22,1,7,0,0,0,0,200,200
368723,1,0,0,0,0,1,7,7,0,0,0,20,200,1,200,200,200,200,200,200,200
368723,0,0,0,0,0,1,7,7,0,0,0,20,200,1,200,200,6,200,200,200,200
368724,0,30,6,2,0,1,10,5,0,0,0,22,0,1,6,0,2,0,0,200,200
368724,0,30,6,2,0,1,10,5,0,0,0,22,0,0,8,0,0,0,0,200,200
368724,1,30,6,2,0,1,10,5,0,0,0,22,0,1,2,0,200,200,200,200,200
368725,0,30,0,2,0,1,10,5,0,0,0,18,200,0,6,200,3,0,0,200,200
368725,0,30,0,2,0,1,10,5,0,0,0,18,200,0,5,200,0,0,0,200,200
368728,0,30,0,0,0,1,10,2,0,0,0,18,0,0,6,0,3,200,0,200,200
368728,0,30,0,0,0,1,10,2,0,0,0,18,0,0,6,0,0,0,0,200,200
368731,0,30,200,200,200,200,7,6,0,200,200,200,200,2,200,200,200,200,200,200,200
368737,0,0,2,2,0,3,7,5,0,0,0,18,200,2,200,200,3,200,200,200,200
368741,0,30,0,0,0,1,12,6,0,0,0,200,200,1,5,0,200,0,0,200,200
368741,0,30,0,0,0,1,12,6,0,0,0,200,200,1,6,200,200,200,0,200,200
368742,0,30,0,0,0,1,2,6,0,0,0,25,200,0,200,200,12,200,200,200,200
368744,0,30,1,2,0,1,10,5,0,0,0,0,0,1,200,200,200,200,0,200,200
368744,0,30,1,2,0,1,10,5,0,0,0,0,0,1,7,0,0,0,0,200,200
368744,0,30,1,2,0,1,10,5,0,0,0,0,0,0,200,200,200,200,0,200,200
368744,1,30,1,2,0,1,10,5,0,0,0,0,0,1,200,0,200,200,200,200,200
368744,1,30,1,2,0,1,10,5,0,0,0,0,0,1,200,200,200,200,200,200,200
368745,0,30,0,0,0,1,0,5,0,0,0,200,200,0,6,0,12,12,0,200,200
368745,0,30,0,0,0,1,0,5,0,0,0,200,200,1,7,0,0,0,0,200,200
368746,0,30,0,0,0,1,7,5,0,0,0,0,200,2,200,200,200,200,200,200,200
368747,0,30,1,2,0,3,3,5,0,0,0,0,0,2,200,200,200,200,200,200,200
368747,0,30,1,2,0,3,3,5,0,0,0,0,0,0,4,0,0,0,0,200,200
368752,0,20,0,0,0,0,7,6,0,0,0,0,0,2,200,200,200,200,200,200,200
368762,0,25,0,0,0,1,7,5,0,0,0,12,200,1,5,0,6,12,0,200,200
368773,0,5,0,0,0,1,7,12,0,0,0,0,200,0,200,200,200,200,0,200,200
368773,1,5,0,0,0,1,7,12,0,0,0,0,200,1,0,5,200,200,200,200,200
368773,1,5,0,0,0,1,7,12,0,0,0,0,200,0,0,1,200,200,200,200,200
368778,0,30,0,0,0,1,0,5,0,0,0,17,0,0,9,0,1,200,0,200,200
368778,0,30,0,0,0,1,0,5,0,0,0,17,0,0,7,0,0,0,0,200,200
368789,0,30,0,0,0,200,7,6,0,200,0,0,0,2,200,200,200,200,200,200,200
368792,0,30,0,0,0,1,10,5,0,0,0,18,0,0,7,0,3,0,0,200,200
368792,0,30,0,0,0,1,10,5,0,0,0,18,0,1,7,0,12,0,0,200,200
368792,1,30,0,0,0,1,10,5,0,0,0,18,0,200,9,0,200,200,200,200,200
368801,0,30,0,0,0,3,10,2,0,0,0,0,0,0,200,200,12,200,200,200,200
368801,0,30,0,0,0,3,10,2,0,0,0,0,0,1,6,0,0,0,0,200,200
368801,0,30,0,0,0,3,10,2,0,0,0,0,0,1,5,0,0,0,0,200,200
368808,0,30,0,0,0,1,7,5,0,0,0,0,200,0,7,0,0,12,0,200,200
368812,0,30,1,2,0,1,10,5,0,0,0,18,11,0,4,200,3,200,200,200,200
368812,0,30,1,2,0,1,10,5,0,0,0,18,11,1,6,0,0,0,0,200,200
368815,0,30,2,2,0,1,0,2,0,0,0,17,200,0,6,200,1,200,0,200,200
368815,0,30,2,2,0,1,0,2,0,0,0,17,200,0,5,200,0,200,0,200,200
368815,1,30,2,2,0,1,0,2,0,0,0,17,200,0,1,5,200,200,200,200,200
368818,0,30,0,0,0,1,7,6,0,0,0,0,200,1,7,200,200,200,0,200,200
368818,1,30,0,0,0,1,7,6,0,0,0,0,200,0,200,200,200,200,200,200,200
368824,0,25,0,0,0,1,7,6,0,0,0,0,200,2,200,200,200,200,200,200,200
368826,0,10,0,0,0,1,0,7,0,0,0,0,0,0,6,0,200,0,0,200,200
368826,0,10,0,0,0,1,0,7,0,0,0,0,0,1,7,0,0,0,0,200,200
368827,0,30,2,2,0,1,10,5,0,0,0,16,200,1,4,200,8,0,0,200,200
368827,0,30,2,2,0,1,10,5,0,0,0,16,200,0,7,0,0,0,0,200,200
368827,1,30,2,2,0,1,10,5,0,0,0,16,200,0,200,0,200,200,200,200,200
368827,1,30,2,2,0,1,10,5,0,0,0,16,200,0,1,0,200,200,200,200,200
368830,0,30,0,0,0,1,14,2,0,0,0,17,23,1,9,0,7,200,200,200,200
368830,0,30,0,0,0,1,14,2,0,0,0,17,23,0,7,0,0,0,0,200,200
368833,0,30,0,0,0,1,9,5,0,0,0,17,200,0,7,200,1,0,0,200,200
368833,5,30,0,0,0,1,9,5,0,0,0,17,200,0,8,200,0,0,0,200,200
368834,0,30,1,2,0,1,12,6,0,0,0,17,11,1,200,200,1,200,200,200,200
368834,0,30,1,2,0,1,12,6,0,0,0,17,11,1,6,0,0,0,0,200,200
368838,0,30,1,0,0,1,12,5,0,0,0,0,0,0,7,0,4,0,0,200,200
368838,0,30,1,0,0,1,12,5,0,0,0,0,0,0,5,0,200,0,0,200,200
368856,0,30,1,2,0,1,14,12,0,0,0,23,11,2,200,200,7,200,200,200,200
368856,0,30,1,2,0,1,14,12,0,0,0,23,11,1,6,0,0,0,0,200,200
368860,0,30,2,2,0,1,10,5,0,0,0,16,0,0,200,200,3,200,200,200,200
368860,0,30,2,2,0,1,10,5,0,0,0,16,0,1,5,0,0,0,0,200,200
368860,1,30,2,2,0,1,10,5,0,0,0,16,0,0,5,0,200,200,200,200,200
368860,1,30,2,2,0,1,10,5,0,0,0,16,0,1,5,0,200,200,200,200,200
368862,0,20,0,0,0,1,7,5,0,0,0,20,200,1,7,200,6,200,0,200,200
368872,0,30,2,2,0,1,0,12,0,0,0,17,26,0,200,200,1,200,200,200,200
368872,0,30,2,2,0,1,0,12,0,0,0,17,26,0,7,0,0,0,0,200,200
368875,0,30,0,0,0,1,12,3,0,0,0,0,200,0,200,200,200,200,200,200,200
368875,0,30,0,0,0,1,12,3,0,0,0,0,200,1,6,0,0,0,0,200,200
368875,1,30,0,0,0,1,12,3,0,0,0,0,200,1,200,7,200,200,200,200,200
368875,1,30,0,0,0,1,12,3,0,0,0,0,200,0,200,7,200,200,200,200,200
368875,1,30,0,0,0,1,12,3,0,0,0,0,200,0,200,7,200,200,200,200,200
368878,0,30,1,2,0,1,10,6,0,0,0,0,0,0,200,200,200,200,200,200,200
368878,0,30,1,2,0,1,10,6,0,0,0,0,0,0,7,0,0,0,0,200,200
368884,0,30,1,0,0,1,10,5,0,0,0,16,17,0,200,200,1,200,200,200,200
368884,0,30,1,0,0,1,10,5,0,0,0,16,17,1,6,0,0,0,0,200,200
368888,0,35,0,0,200,1,7,5,0,0,0,0,0,1,6,0,200,0,0,200,200
368890,0,30,1,2,0,1,14,5,0,0,200,17,200,0,4,200,1,200,0,200,200
368890,0,30,1,2,0,1,14,5,0,0,200,17,200,0,6,200,0,200,0,200,200
368892,0,30,1,2,0,1,14,5,0,0,0,0,0,1,7,0,12,0,0,200,200
368892,0,30,1,2,0,1,14,5,0,0,0,0,0,1,6,0,12,0,0,200,200
368892,1,30,1,2,0,1,14,5,0,0,0,0,0,0,200,0,200,200,200,200,200
368892,1,30,1,2,0,1,14,5,0,0,0,0,0,0,0,5,200,200,200,200,200
368892,1,30,1,2,0,1,14,5,0,0,0,0,0,1,0,5,200,200,200,200,200
368892,1,30,1,2,0,1,14,5,0,0,0,0,0,0,1,0,200,200,200,200,200
368892,1,30,1,2,0,1,14,5,0,0,0,0,0,0,2,0,200,200,200,200,200
368900,0,30,0,0,0,1,7,5,0,0,0,20,200,1,6,0,6,200,1,200,200
368912,0,30,0,0,0,1,10,5,0,0,0,0,200,0,4,200,0,0,0,200,200
368912,0,30,0,0,0,1,10,5,0,0,0,0,200,0,1,0,0,0,0,200,200
368912,0,30,0,0,0,1,10,5,0,0,0,0,200,1,200,200,0,200,200,200,200
368912,1,30,0,0,0,1,10,5,0,0,0,0,200,0,200,0,200,200,200,200,200
368912,1,30,0,0,0,1,10,5,0,0,0,0,200,1,200,0,200,200,200,200,200
368913,0,30,0,0,200,200,7,6,0,200,200,0,200,2,200,200,200,200,200,200,200
368915,0,20,0,0,0,1,11,2,0,0,0,200,200,0,6,0,200,0,200,200,200
368915,0,20,0,0,0,1,11,2,0,0,0,200,200,1,7,0,200,0,0,200,200
368915,1,20,0,0,0,1,11,2,0,0,0,200,200,0,8,0,200,200,200,200,200
368916,0,30,0,0,0,1,7,2,0,0,0,21,200,0,5,200,12,200,200,200,200
368916,1,30,0,0,0,1,7,2,0,0,0,21,200,0,200,200,200,200,200,200,200
368921,0,30,1,2,0,0,0,12,0,0,0,11,0,2,200,200,12,200,200,200,200
368921,0,30,1,2,0,0,0,12,0,0,0,11,0,0,200,0,12,0,0,200,200
368922,0,30,1,2,0,1,12,6,0,0,0,22,22,2,6,200,4,200,200,200,200
368922,0,30,1,2,0,1,12,6,0,0,0,22,22,1,5,0,0,0,0,200,200
368923,0,30,0,0,0,1,12,5,0,0,0,0,0,0,5,0,1,0,0,200,200
368923,0,30,0,0,0,1,12,5,0,0,0,0,0,0,7,0,1,0,0,200,200
368931,0,15,0,0,0,1,0,12,0,0,0,17,200,1,6,0,1,5,0,200,200
368931,0,15,0,0,0,1,0,12,0,0,0,17,200,1,5,0,0,0,0,200,200
368932,0,30,0,0,0,1,0,7,0,0,0,20,200,1,6,0,6,0,0,200,200
368932,0,30,0,0,0,1,0,7,0,0,0,20,200,1,6,0,0,0,0,200,200
368932,1,30,0,0,0,1,0,7,0,0,0,20,200,1,200,0,200,200,200,200,200
368932,1,30,0,0,0,1,0,7,0,0,0,20,200,1,0,0,200,200,200,200,200
368935,0,30,0,0,200,1,7,6,0,200,200,0,0,2,200,200,200,200,200,200,200
368937,0,25,1,2,0,1,8,5,0,0,0,200,200,0,8,200,12,200,0,200,200
368937,4,25,1,2,0,1,8,5,0,0,0,200,200,1,5,7,9,200,7,200,200
368939,5,30,12,2,0,1,9,5,0,0,0,17,3,1,5,7,0,200,0,200,200
368939,0,30,12,2,0,1,9,5,0,0,0,17,3,2,200,200,1,200,200,200,200
368943,0,30,0,0,0,1,10,7,0,0,0,17,20,0,7,200,200,200,200,200,200
368943,0,30,0,0,0,1,10,7,0,0,0,17,20,1,7,0,200,0,0,200,200
368944,4,35,12,0,0,1,8,12,0,0,0,11,0,1,200,7,200,0,0,200,200
368944,0,35,12,0,0,1,8,12,0,0,0,11,0,0,200,7,12,0,0,200,200
368951,0,30,0,0,200,3,7,5,0,200,200,0,0,2,200,200,200,200,200,200,200
368953,0,40,0,0,0,1,2,3,0,0,0,11,200,1,6,0,12,0,0,200,200
368953,1,40,0,0,0,1,2,3,0,0,0,11,200,0,6,0,200,200,200,200,200
368954,0,30,200,200,200,1,10,5,0,200,200,0,0,0,200,200,200,200,200,200,200
368954,0,30,200,200,200,1,10,5,0,200,200,0,0,0,5,0,0,0,200,200,200
368957,0,30,2,2,0,1,0,2,0,0,200,0,200,1,6,200,200,200,200,200,200
368957,0,30,2,2,0,1,0,2,0,0,200,0,200,0,7,200,200,200,200,200,200
368957,1,30,2,2,0,1,0,2,0,0,200,0,200,1,7,200,200,200,200,200,200
368957,1,30,2,2,0,1,0,2,0,0,200,0,200,0,2,200,200,200,200,200,200
368957,1,30,2,2,0,1,0,2,0,0,200,0,200,1,6,200,200,200,200,200,200
368958,0,30,0,0,0,3,7,5,0,0,0,0,1,2,200,200,200,200,200,200,200
368958,1,30,0,0,0,3,7,5,0,0,0,0,1,1,7,0,200,200,200,200,200
368958,1,30,0,0,0,3,7,5,0,0,0,0,1,0,5,0,200,200,200,200,200
368959,0,30,1,2,0,1,14,5,0,0,0,17,6,1,6,200,5,200,200,200,200
368959,0,30,1,2,0,1,14,5,0,0,0,17,6,1,6,0,0,0,0,200,200
368959,1,30,1,2,0,1,14,5,0,0,0,17,6,1,200,0,200,200,200,200,200
368961,0,30,0,0,0,1,12,6,0,0,0,17,22,0,7,0,12,0,0,200,200
368961,0,30,0,0,0,1,12,6,0,0,0,17,22,1,6,0,0,0,0,200,200
368961,1,30,0,0,0,1,12,6,0,0,0,17,22,0,3,0,200,200,200,200,200
368961,1,30,0,0,0,1,12,6,0,0,0,17,22,1,2,0,200,200,200,200,200
368961,1,30,0,0,0,1,12,6,0,0,0,17,22,1,6,0,200,200,200,200,200
368963,0,30,0,0,0,1,10,5,0,0,0,18,200,0,6,0,3,200,0,200,200
368963,0,30,0,0,0,1,10,5,0,0,0,18,200,0,200,200,200,200,200,200,200
368969,0,30,0,0,0,1,12,2,0,0,0,0,200,1,9,0,200,0,0,200,200
368969,0,30,0,0,0,1,12,2,0,0,0,0,200,0,6,0,0,0,0,200,200
368969,1,30,0,0,0,1,12,2,0,0,0,0,200,0,200,0,200,200,200,200,200
368971,0,30,1,2,0,1,14,2,0,0,0,17,0,1,6,0,1,0,0,200,200
368971,0,30,1,2,0,1,14,2,0,0,0,17,0,2,200,200,0,200,200,200,200
368972,0,30,1,2,0,1,10,5,0,0,0,18,0,1,6,200,3,0,0,200,200
368972,0,30,1,2,0,1,10,5,0,0,0,18,0,0,6,200,0,0,0,200,200
368973,0,30,0,0,0,1,2,3,0,0,0,200,200,0,6,0,0,0,0,200,200
368974,0,30,1,2,0,1,10,5,0,0,0,18,200,0,7,0,3,0,0,200,200
368974,0,30,1,2,0,1,10,5,0,0,0,18,200,1,5,0,0,0,0,200,200
368980,0,30,0,0,0,1,10,2,0,0,200,0,0,0,200,200,200,200,200,200,200
368980,0,30,0,0,0,1,10,2,0,0,200,0,0,0,7,0,0,200,0,200,200
368981,0,30,1,2,0,1,10,5,0,0,0,0,0,0,4,200,200,200,200,200,200
368981,0,30,1,2,0,1,10,5,0,0,0,0,0,0,200,200,200,200,200,200,200
368981,0,30,1,2,0,1,10,5,0,0,0,0,0,0,6,0,200,200,200,200,200
368985,0,35,2,0,0,1,14,6,0,0,0,23,200,0,8,0,1,0,0,200,200
368985,0,35,2,0,0,1,14,6,0,0,0,23,200,0,6,0,12,0,0,200,200
368985,1,35,2,0,0,1,14,6,0,0,0,23,200,0,5,0,200,200,200,200,200
368986,0,15,3,12,0,1,7,7,0,0,0,22,0,1,4,0,2,0,0,200,200
368986,1,15,3,12,0,1,7,7,0,0,0,22,0,1,200,0,200,200,200,200,200
368987,0,30,1,2,0,1,12,5,0,0,0,21,17,1,4,0,4,0,0,200,200
368987,0,30,1,2,0,1,12,5,0,0,0,21,17,1,7,0,0,0,0,200,200
368989,0,35,0,0,0,1,12,5,0,0,0,21,200,0,5,0,4,0,0,200,200
368989,0,35,0,0,0,1,12,5,0,0,0,21,200,0,5,0,0,0,0,200,200
368990,0,30,0,0,0,1,14,5,0,0,0,17,200,1,5,0,1,0,0,200,200
368990,0,30,0,0,0,1,14,5,0,0,0,17,200,0,6,0,0,0,0,200,200
368991,0,30,0,0,0,1,2,12,0,0,12,0,200,0,6,0,12,12,0,200,200
368992,0,25,0,0,0,1,12,3,0,0,0,17,200,1,200,200,1,0,0,200,200
368992,0,25,0,0,0,1,12,3,0,0,0,17,200,1,6,0,0,0,0,200,200
368998,0,30,0,0,0,1,8,5,0,0,200,0,0,0,200,200,200,200,200,200,200
368998,4,30,0,0,0,1,8,5,0,0,200,0,0,0,5,2,0,0,0,200,200
369006,0,30,0,0,0,1,12,6,0,0,0,17,17,0,6,0,1,0,0,200,200
369006,0,30,0,0,0,1,12,6,0,0,0,17,17,1,6,0,0,0,0,200,200
369007,0,35,200,200,0,3,11,3,0,0,200,200,200,0,200,200,200,200,200,200,200
369007,0,35,200,200,0,3,11,3,0,0,200,200,200,1,6,0,12,200,0,200,200
369008,0,30,200,200,0,1,12,2,0,0,0,21,18,0,200,200,200,200,200,200,200
369008,0,30,200,200,0,1,12,2,0,0,0,21,18,1,3,200,0,200,0,200,200
369009,0,25,0,0,0,1,7,5,0,0,0,0,0,0,200,200,200,200,200,200,200
369009,1,25,0,0,0,1,7,5,0,0,0,0,0,1,2,200,200,200,200,200,200
369009,1,25,0,0,0,1,7,5,0,0,0,0,0,1,2,200,200,200,200,200,200
369011,0,30,1,2,0,1,10,3,0,0,0,18,0,0,6,0,3,0,0,200,200
369011,0,30,1,2,0,1,10,3,0,0,0,18,0,0,6,0,0,0,0,200,200
369017,0,5,0,0,0,1,7,7,0,0,0,0,0,2,200,200,200,200,200,200,200
369020,0,15,0,0,0,1,7,7,0,0,0,0,0,2,7,200,200,200,200,200,200
369021,0,15,0,0,0,1,14,6,0,200,200,0,0,0,5,200,200,200,0,200,200
369021,0,15,0,0,0,1,14,6,0,200,200,0,0,0,7,200,200,200,0,200,200
369021,1,15,0,0,0,1,14,6,0,200,200,0,0,0,200,200,200,200,200,200,200
369027,0,30,0,0,0,1,10,2,0,0,0,18,16,0,7,0,3,0,0,200,200
369027,0,30,0,0,0,1,10,2,0,0,0,18,16,1,4,0,0,0,0,200,200
369032,0,5,0,0,0,1,0,7,0,0,200,0,200,1,5,200,12,0,0,200,200
369032,0,5,0,0,0,1,0,7,0,0,200,0,200,1,8,0,0,0,0,200,200
369033,0,30,2,2,0,1,10,5,0,0,0,18,200,1,6,0,3,0,0,200,200
369033,0,30,2,2,0,1,10,5,0,0,0,18,200,1,7,0,0,0,0,200,200
369033,1,30,2,2,0,1,10,5,0,0,0,18,200,0,2,5,200,200,200,200,200
369033,1,30,2,2,0,1,10,5,0,0,0,18,200,0,1,5,200,200,200,200,200
369034,0,30,200,200,200,1,3,5,0,200,200,0,200,1,200,200,12,200,200,200,200
369034,0,30,200,200,200,1,3,5,0,200,200,0,200,1,6,0,0,0,0,200,200
369037,0,25,1,2,0,1,14,2,0,0,0,22,11,0,6,200,1,1,200,200,200
369037,0,25,1,2,0,1,14,2,0,0,0,22,11,0,7,0,0,0,200,200,200
369039,0,30,2,2,0,1,10,2,0,0,0,16,0,1,7,0,3,0,0,200,200
369039,0,30,2,2,0,1,10,2,0,0,0,16,0,0,5,0,0,0,0,200,200
369043,0,30,0,0,0,1,0,5,2,0,0,16,11,0,200,200,200,200,200,200,200
369043,0,30,0,0,0,1,0,5,2,0,0,16,11,0,8,0,0,0,0,200,200
369043,1,30,0,0,0,1,0,5,2,0,0,16,11,1,200,0,200,200,200,200,200
369045,0,30,1,2,0,1,0,5,0,0,200,17,200,0,200,200,1,200,200,200,200
369045,0,30,1,2,0,1,0,5,0,0,200,17,200,0,5,200,0,0,0,200,200
369045,1,30,1,2,0,1,0,5,0,0,200,17,200,1,5,200,200,200,200,200,200
369050,0,30,1,2,0,1,10,5,0,0,0,0,200,1,5,200,0,0,0,200,200
369050,0,30,1,2,0,1,10,5,0,0,0,0,200,0,5,200,0,0,0,200,200
369050,1,30,1,2,0,1,10,5,0,0,0,0,200,1,5,200,200,200,200,200,200
369053,0,30,1,200,0,1,10,5,0,0,200,18,200,2,200,200,3,200,200,200,200
369053,0,30,1,200,0,1,10,5,0,0,200,18,200,1,6,0,0,200,0,200,200
369053,0,30,1,200,0,1,10,5,0,0,200,18,200,1,200,200,200,200,200,200,200
369058,0,30,200,200,200,200,10,200,0,200,200,0,200,1,200,200,200,200,200,200,200
369058,0,30,200,200,200,200,10,200,0,200,200,0,200,1,8,0,15,200,200,200,200
369058,1,30,200,200,200,200,10,200,0,200,200,0,200,1,5,0,200,200,200,200,200
369059,0,30,1,200,0,1,14,5,0,0,200,23,11,0,7,200,1,200,0,200,0
369059,0,30,1,200,0,1,14,5,0,0,200,23,11,0,7,200,200,200,0,200,200
369059,1,30,1,200,0,1,14,5,0,0,200,23,11,1,5,200,200,200,200,200,200
369059,1,30,1,200,0,1,14,5,0,0,200,23,11,1,1,200,200,200,200,200,200
369059,1,30,1,200,0,1,14,5,0,0,200,23,11,1,1,200,200,200,200,200,200
369059,1,30,1,200,0,1,14,5,0,0,200,23,11,1,7,200,200,200,200,200,200
369066,0,30,1,2,0,1,9,1,0,0,0,0,200,1,6,200,1,200,0,200,200
369066,5,30,1,2,0,1,9,1,0,0,0,0,200,1,200,200,200,200,200,200,200
369068,0,30,0,0,0,1,12,6,0,0,0,17,200,0,6,0,0,0,0,200,200
369068,0,30,0,0,0,1,12,6,0,0,0,17,200,0,200,200,1,200,200,200,200
369071,0,30,0,0,0,1,7,6,0,0,0,0,0,2,200,200,12,200,200,200,200
369073,0,30,0,0,200,200,7,5,0,200,0,0,200,2,200,200,200,200,200,200,200
369077,0,30,1,2,0,1,10,2,0,0,0,18,16,0,8,7,3,0,0,200,200
369077,0,30,1,2,0,1,10,2,0,0,0,18,16,1,4,200,200,200,0,200,200
369077,0,30,1,2,0,1,10,2,0,0,0,18,16,1,7,200,0,200,0,200,200
369078,0,30,0,0,0,1,12,5,0,0,0,21,200,0,200,200,4,200,200,200,200
369078,0,30,0,0,0,1,12,5,0,0,0,21,200,0,5,0,0,0,0,200,200
369078,1,30,0,0,0,1,12,5,0,0,0,21,200,0,5,200,200,200,200,200,200
369078,1,30,0,0,0,1,12,5,0,0,0,21,200,0,200,200,200,200,200,200,200
369084,0,35,1,200,200,3,14,5,0,200,200,18,200,0,200,200,3,200,200,200,200
369084,0,35,1,200,200,3,14,5,0,200,200,18,200,0,5,0,0,0,0,200,200
369084,1,35,1,200,200,3,14,5,0,200,200,18,200,0,1,0,200,200,200,200,200
369084,1,35,1,200,200,3,14,5,0,200,200,18,200,0,0,0,200,200,200,200,200
369088,0,30,0,0,0,1,2,0,0,12,12,4,28,0,5,200,12,200,0,200,200
369088,1,30,0,0,0,1,2,0,0,12,12,4,28,0,5,200,200,200,200,200,200
369088,1,30,0,0,0,1,2,0,0,12,12,4,28,0,6,200,200,200,200,200,200
369090,0,30,0,0,200,1,10,2,0,200,200,18,200,0,7,200,3,200,200,200,200
369090,0,30,0,0,200,1,10,2,0,200,200,18,200,1,200,200,200,200,200,200,200
369097,0,30,2,2,0,1,0,6,0,0,0,5,16,0,5,200,1,0,0,200,200
369097,0,30,2,2,0,1,0,6,0,0,0,5,16,0,6,200,0,0,0,200,200
369097,1,30,2,2,0,1,0,6,0,0,0,5,16,200,200,200,200,200,200,200,200
369098,0,30,2,2,0,1,0,5,0,0,0,17,0,0,6,0,12,0,0,200,200
369098,0,30,2,2,0,1,0,5,0,0,0,17,0,1,5,0,1,0,0,200,200
369098,5,30,2,2,0,1,0,5,0,0,0,17,0,0,5,7,200,200,7,200,200
369098,1,30,2,2,0,1,0,5,0,0,0,17,0,0,3,0,200,200,200,200,200
369100,0,30,0,0,0,1,14,6,0,0,200,17,200,1,4,0,12,0,0,200,200
369100,0,30,0,0,0,1,14,6,0,0,200,17,200,0,6,200,0,0,0,200,200
369100,1,30,0,0,0,1,14,6,0,0,200,17,200,1,5,0,200,200,200,200,200
369107,0,35,1,2,0,1,10,5,0,0,0,0,200,0,200,200,12,200,200,200,200
369107,0,35,1,2,0,1,10,5,0,0,0,0,200,0,6,0,12,0,0,200,200
369107,1,35,1,2,0,1,10,5,0,0,0,0,200,1,3,0,200,200,200,200,200
369112,0,30,2,2,0,1,14,5,0,0,0,0,200,0,7,0,1,0,0,200,200
369112,0,30,2,2,0,1,14,5,0,0,0,0,200,0,8,0,0,0,0,200,200
369118,0,30,0,0,0,1,10,3,0,0,0,16,200,0,5,0,12,0,0,200,200
369118,0,30,0,0,0,1,10,3,0,0,0,16,200,1,4,0,0,0,0,200,200
369118,0,30,0,0,0,1,10,3,0,0,0,16,200,0,5,0,0,0,0,200,200
369123,0,30,1,2,0,1,10,5,0,0,0,18,200,0,7,0,3,200,0,200,200
369123,0,30,1,2,0,1,10,5,0,0,0,18,200,0,7,0,0,0,0,200,200
369123,1,30,1,2,0,1,10,5,0,0,0,18,200,0,6,0,200,200,200,200,200
369126,0,30,0,0,0,1,7,5,0,0,0,200,200,0,6,200,0,0,0,200,200
369128,0,30,0,0,0,1,10,6,0,0,0,0,0,1,200,200,0,200,200,200,200
369128,0,30,0,0,0,1,10,6,0,0,0,0,0,1,200,200,0,0,0,200,200
369131,0,30,1,2,0,1,10,5,0,0,0,0,0,1,200,200,200,200,200,200,200
369131,0,30,1,2,0,1,10,5,0,0,0,0,0,0,6,0,0,0,0,200,200
369131,1,30,1,2,0,1,10,5,0,0,0,0,0,0,200,0,200,200,200,200,200
369135,0,20,0,0,0,1,2,7,0,0,0,0,0,0,5,0,0,0,0,200,200
369140,0,30,2,2,0,1,0,2,0,0,0,17,22,0,5,0,1,0,0,200,200
369140,0,30,2,2,0,1,0,2,0,0,0,17,22,0,7,0,12,0,0,200,200
369142,0,30,1,2,0,1,10,5,0,0,0,0,0,0,6,200,200,0,0,200,200
369142,0,30,1,2,0,1,10,5,0,0,0,0,0,1,6,0,0,0,1,200,200
369150,5,30,0,0,0,1,9,5,0,0,0,0,0,0,5,7,12,0,5,200,200
369150,0,30,0,0,0,1,9,5,0,0,0,0,0,0,5,7,12,0,0,200,200
369150,1,30,0,0,0,1,9,5,0,0,0,0,0,0,5,0,200,200,200,200,200
369156,0,30,1,2,0,1,10,5,0,0,0,18,200,1,7,0,3,0,0,200,200
369156,0,30,1,2,0,1,10,5,0,0,0,18,200,0,4,0,0,0,0,200,200
369158,4,30,200,200,0,1,8,3,0,200,200,23,0,0,0,200,15,200,0,200,1
369158,0,30,200,200,0,1,8,3,0,200,200,23,0,0,6,200,0,200,0,200,200
369164,0,15,0,0,200,200,0,0,0,200,200,17,200,1,200,200,1,200,200,200,200
369164,0,15,0,0,200,200,0,0,0,200,200,17,200,0,5,0,0,0,0,200,200
369165,0,30,1,2,0,1,10,5,0,0,0,200,200,0,6,0,12,0,0,200,200
369165,0,30,1,2,0,1,10,5,0,0,0,200,200,0,6,0,0,0,0,200,200
369175,0,30,1,2,0,1,10,5,0,0,200,0,200,0,6,200,200,200,0,200,200