RD_NO,PERSON_TYPE,POSTED_SPEED_LIMIT,TRAFFIC_CONTROL_DEVICE,DEVICE_CONDITION,WEATHER_CONDITION,LIGHTING_CONDITION,FIRST_CRASH_TYPE,TRAFFICWAY_TYPE,ALIGNMENT,ROADWAY_SURFACE_COND,ROAD_DEFECT,PRIM_CONTRIBUTORY_CAUSE,SEC_CONTRIBUTORY_CAUSE,SEX,AGE,SAFETY_EQUIPMENT,DRIVER_ACTION,DRIVER_VISION,PHYSICAL_CONDITION,BAC_RESULT VALUE,CELL_PHONE_USE
369175,0,30,1,2,0,1,10,5,0,0,200,0,200,0,5,200,200,200,0,200,200
369176,0,30,1,2,0,1,12,6,0,0,0,17,0,1,200,200,1,0,0,200,200
369176,0,30,1,2,0,1,12,6,0,0,0,17,0,1,200,0,0,0,0,200,200
369177,0,30,200,200,0,1,11,7,0,0,0,0,200,1,200,0,200,200,200,200,200
369177,0,30,200,200,0,1,11,7,0,0,0,0,200,0,7,0,200,200,0,200,200
369182,0,30,0,0,0,1,10,5,0,0,0,18,18,1,7,200,0,200,200,200,200
369191,0,30,1,2,0,3,0,5,0,0,200,6,200,1,200,200,5,200,200,200,200
369191,0,30,1,2,0,3,0,5,0,0,200,6,200,1,6,0,0,0,0,200,200
369192,0,25,1,2,0,1,14,5,0,0,0,20,200,1,5,200,6,200,200,200,200
369192,0,25,1,2,0,1,14,5,0,0,0,20,200,1,7,0,0,0,0,200,200
369192,1,25,1,2,0,1,14,5,0,0,0,20,200,0,3,0,200,200,200,200,200
369198,0,30,0,0,0,1,12,5,0,0,0,0,0,1,5,0,0,0,0,200,200
369198,0,30,0,0,0,1,12,5,0,0,0,0,0,1,7,200,200,200,200,200,200
369198,1,30,0,0,0,1,12,5,0,0,0,0,0,1,200,0,200,200,200,200,200
369198,1,30,0,0,0,1,12,5,0,0,0,0,0,1,200,5,200,200,200,200,200
369201,0,30,0,0,0,1,12,5,0,0,0,21,200,2,200,200,12,200,200,200,200
369201,0,30,0,0,0,1,12,5,0,0,0,21,200,0,6,0,0,0,0,200,200
369201,1,30,0,0,0,1,12,5,0,0,0,21,200,1,200,0,200,200,200,200,200
369201,1,30,0,0,0,1,12,5,0,0,0,21,200,1,200,0,200,200,200,200,200
369201,1,30,0,0,0,1,12,5,0,0,0,21,200,1,200,0,200,200,200,200,200
369206,0,30,2,0,0,1,10,6,0,0,0,0,200,1,7,200,200,200,200,200,200
369206,0,30,2,0,0,1,10,6,0,0,0,0,200,0,7,200,0,0,0,200,200
369206,1,30,2,0,0,1,10,6,0,0,0,0,200,1,9,200,200,200,200,200,200
369208,0,30,0,0,0,1,8,5,0,0,0,0,0,1,200,0,200,0,0,200,200
369208,4,30,0,0,0,1,8,5,0,0,0,0,0,0,200,200,200,200,0,200,200
369218,0,25,0,0,0,1,7,5,5,0,0,0,200,0,200,200,10,200,200,200,200
369226,0,30,0,0,0,1,10,2,0,0,0,18,200,1,5,0,3,0,0,200,200
369226,0,30,0,0,0,1,10,2,0,0,0,18,200,1,6,0,0,0,0,200,200
369235,0,30,1,2,0,1,14,2,0,0,0,21,16,1,200,200,7,0,0,200,200
369235,0,30,1,2,0,1,14,2,0,0,0,21,16,1,5,200,0,0,0,200,200
369235,1,30,1,2,0,1,14,2,0,0,0,21,16,0,200,200,200,200,200,200,200
369235,1,30,1,2,0,1,14,2,0,0,0,21,16,0,5,200,200,200,200,200,200
369235,1,30,1,2,0,1,14,2,0,0,0,21,16,0,1,200,200,200,200,200,200
369239,0,30,200,200,0,1,12,3,0,200,200,21,0,0,200,200,4,200,200,200,200
369239,0,30,200,200,0,1,12,3,0,200,200,21,0,0,9,200,200,200,0,200,200
369243,0,30,0,0,200,200,7,6,0,0,200,200,200,2,200,200,200,200,200,200,200
369244,0,30,0,0,0,0,7,6,0,0,0,0,0,2,200,200,200,200,200,200,200
369245,0,30,0,0,0,1,12,5,0,0,0,17,0,1,200,0,0,0,0,200,200
369245,0,30,0,0,0,1,12,5,0,0,0,17,0,1,200,0,1,0,0,200,200
369246,0,30,200,200,0,1,14,5,0,0,0,0,200,0,7,0,1,200,0,200,200
369246,0,30,200,200,0,1,14,5,0,0,0,0,200,0,5,0,200,200,0,200,200
369249,0,10,3,2,0,1,7,7,0,0,0,21,0,2,200,200,1,200,200,200,200
369250,0,30,0,0,0,1,10,5,0,0,0,18,200,0,6,0,3,0,0,200,200
369250,0,30,0,0,0,1,10,5,0,0,0,18,200,1,5,0,0,0,0,200,200
369250,1,30,0,0,0,1,10,5,0,0,0,18,200,0,6,0,200,200,200,200,200
369250,1,30,0,0,0,1,10,5,0,0,0,18,200,1,5,0,200,200,200,200,200
369257,0,20,0,0,0,1,7,5,0,0,0,200,200,0,7,0,0,0,0,200,200
369257,1,20,0,0,0,1,7,5,0,0,0,200,200,1,200,0,200,200,200,200,200
369257,1,20,0,0,0,1,7,5,0,0,0,200,200,0,200,0,200,200,200,200,200
369257,1,20,0,0,0,1,7,5,0,0,0,200,200,1,200,0,200,200,200,200,200
369257,1,20,0,0,0,1,7,5,0,0,0,200,200,0,200,200,200,200,200,200,200
369258,0,30,0,0,0,1,10,5,0,0,0,11,200,0,3,200,12,200,0,200,200
369258,0,30,0,0,0,1,10,5,0,0,0,11,200,1,8,200,0,200,0,200,200
369258,1,30,0,0,0,1,10,5,0,0,0,11,200,0,8,200,200,200,200,200,200
369261,0,30,0,0,0,1,7,5,0,0,0,0,0,1,8,200,200,200,200,200,200
369261,1,30,0,0,0,1,7,5,0,0,0,0,0,1,200,0,200,200,200,200,200
369261,1,30,0,0,0,1,7,5,0,0,0,0,0,1,200,0,200,200,200,200,200
369261,1,30,0,0,0,1,7,5,0,0,0,0,0,0,200,0,200,200,200,200,200
369262,0,30,0,0,0,200,7,5,0,0,0,0,200,2,200,200,200,200,200,200,200
369263,0,30,2,2,0,1,0,2,0,0,0,22,17,0,7,0,1,1,0,200,200
369263,0,30,2,2,0,1,0,2,0,0,0,22,17,0,200,200,2,200,200,200,200
369266,0,30,1,2,0,1,10,3,0,0,0,18,11,0,6,200,12,0,0,200,200
369266,0,30,1,2,0,1,10,3,0,0,0,18,11,0,6,0,0,0,0,200,200
369266,1,30,1,2,0,1,10,3,0,0,0,18,11,1,200,0,200,200,200,200,200
369271,0,25,0,0,0,1,7,6,0,0,0,0,200,2,200,200,200,200,200,200,200
369273,0,30,0,0,0,1,7,6,0,0,0,16,200,1,3,0,12,0,0,200,200
369277,0,30,1,2,0,1,12,5,0,0,0,22,200,0,200,200,2,12,200,200,200
369277,0,30,1,2,0,1,12,5,0,0,0,22,200,0,6,0,0,0,0,200,200
369278,0,30,1,2,0,1,10,2,0,0,0,16,18,0,5,200,3,200,0,200,200
369278,0,30,1,2,0,1,10,2,0,0,0,16,18,1,6,200,200,200,0,200,200
369279,0,25,0,0,0,1,7,5,0,0,0,0,0,1,6,200,12,0,0,200,200
369284,0,30,2,2,0,1,0,2,0,0,0,17,200,0,6,0,1,0,0,200,200
369284,0,30,2,2,0,1,0,2,0,0,0,17,200,1,5,0,0,0,0,200,200
369285,0,30,1,2,0,1,14,5,0,0,0,23,200,0,6,200,7,200,200,200,200
369285,0,30,1,2,0,1,14,5,0,0,0,23,200,1,4,0,0,0,0,200,200
369285,1,30,1,2,0,1,14,5,0,0,0,23,200,1,200,0,200,200,200,200,200
369287,0,30,0,0,0,2,7,2,0,0,0,0,0,2,200,200,200,200,200,200,200
369289,0,30,0,0,0,4,10,5,0,0,0,200,200,1,200,200,200,200,200,200,200
369289,0,30,0,0,0,4,10,5,0,0,0,200,200,1,9,200,200,200,0,200,200
369297,0,30,0,0,0,1,7,5,0,0,0,0,0,0,6,0,0,0,0,200,200
369297,1,30,0,0,0,1,7,5,0,0,0,0,0,1,200,0,200,200,200,200,200
369297,1,30,0,0,0,1,7,5,0,0,0,0,0,0,200,0,200,200,200,200,200
369297,1,30,0,0,0,1,7,5,0,0,0,0,0,1,200,0,200,200,200,200,200
369301,0,35,1,0,0,1,10,3,0,0,0,200,200,0,200,200,200,200,200,200,200
369301,0,35,1,0,0,1,10,3,0,0,0,200,200,1,4,0,12,200,0,200,200
369301,0,35,1,0,0,1,10,3,0,0,0,200,200,1,5,200,200,200,0,200,200
369302,0,30,0,0,0,1,2,12,0,0,0,11,200,0,5,200,7,0,0,200,200
369309,0,20,0,0,0,0,7,6,0,1,0,0,0,2,200,200,200,200,200,200,200
369315,0,30,12,12,0,1,7,0,0,0,0,0,200,2,200,200,200,200,200,200,200
369316,0,25,0,0,0,1,7,6,0,0,0,0,200,0,200,200,200,200,200,200,200
369317,0,10,200,200,0,1,7,7,0,0,0,27,200,1,6,200,200,0,4,200,200
369324,0,30,0,0,0,1,7,6,0,0,0,11,200,0,5,0,0,0,0,200,200
369324,1,30,0,0,0,1,7,6,0,0,0,11,200,1,5,0,200,200,200,200,200
369330,0,20,0,0,0,1,7,6,0,0,200,0,200,0,200,200,12,200,200,200,200
369330,1,20,0,0,0,1,7,6,0,0,200,0,200,0,6,7,200,200,200,200,200
369330,1,20,0,0,0,1,7,6,0,0,200,0,200,0,200,200,200,200,200,200,200
369330,1,20,0,0,0,1,7,6,0,0,200,0,200,0,200,0,200,200,200,200,200
369334,0,30,0,0,0,200,7,6,0,0,0,200,200,2,200,200,200,200,200,200,200
369336,0,10,0,0,0,1,0,7,0,0,0,0,0,1,200,200,1,200,200,200,200
369336,0,10,0,0,0,1,0,7,0,0,0,0,0,1,8,0,0,0,0,200,200
369336,1,10,0,0,0,1,0,7,0,0,0,0,0,1,8,0,200,200,200,200,200
369347,0,20,0,0,0,1,0,7,0,0,200,20,0,0,6,0,6,0,0,200,200
369347,0,20,0,0,0,1,0,7,0,0,200,20,0,0,7,0,0,0,0,200,200
369348,0,30,1,2,0,1,10,5,0,0,0,18,200,0,7,0,3,0,0,200,200
369348,0,30,1,2,0,1,10,5,0,0,0,18,200,0,6,0,0,0,0,200,200
369360,4,30,0,0,0,1,8,5,0,0,0,0,200,0,5,7,1,0,0,200,200
369360,0,30,0,0,0,1,8,5,0,0,0,0,200,0,8,200,0,0,0,200,200
369360,1,30,0,0,0,1,8,5,0,0,0,0,200,1,200,200,200,200,200,200,200
369365,0,30,1,2,0,1,10,5,0,0,0,0,0,1,5,0,200,0,0,200,200
369365,0,30,1,2,0,1,10,5,0,0,0,0,0,1,5,0,0,0,0,200,200
369365,1,30,1,2,0,1,10,5,0,0,0,0,0,0,8,0,200,200,200,200,200
369366,0,30,0,0,0,1,7,6,0,0,0,0,0,0,200,200,200,200,200,200,200
369370,4,30,0,0,0,1,8,5,0,0,0,0,0,0,200,200,200,200,200,200,200
369370,1,30,0,0,0,1,8,5,0,0,0,0,0,0,200,0,200,200,200,200,200
369370,1,30,0,0,0,1,8,5,0,0,0,0,0,1,200,0,200,200,200,200,200
369370,1,30,0,0,0,1,8,5,0,0,0,0,0,0,200,0,200,200,200,200,200
369374,0,30,0,0,0,1,14,5,0,0,0,23,200,0,6,200,8,200,200,200,200
369374,0,30,0,0,0,1,14,5,0,0,0,23,200,1,6,0,0,0,0,200,200
369378,0,35,200,200,0,1,7,12,0,0,200,200,200,2,200,200,200,200,200,200,200
369381,0,30,0,0,0,1,12,5,0,0,200,22,200,0,200,200,2,200,200,200,200
369381,0,30,0,0,0,1,12,5,0,0,200,22,200,0,6,0,0,0,0,200,200
369381,1,30,0,0,0,1,12,5,0,0,200,22,200,0,2,0,200,200,200,200,200
369381,1,30,0,0,0,1,12,5,0,0,200,22,200,0,6,0,200,200,200,200,200
369381,1,30,0,0,0,1,12,5,0,0,200,22,200,0,0,0,200,200,200,200,200
369383,0,30,0,0,0,1,12,5,0,0,0,0,200,0,7,0,1,0,0,200,200
369383,0,30,0,0,0,1,12,5,0,0,0,0,200,1,6,0,0,0,0,200,200
369383,1,30,0,0,0,1,12,5,0,0,0,0,200,1,200,0,200,200,200,200,200
369383,1,30,0,0,0,1,12,5,0,0,0,0,200,0,200,0,200,200,200,200,200
369383,1,30,0,0,0,1,12,5,0,0,0,0,200,1,200,0,200,200,200,200,200
369383,1,30,0,0,0,1,12,5,0,0,0,0,200,0,200,0,200,200,200,200,200
369383,1,30,0,0,0,1,12,5,0,0,0,0,200,1,200,0,200,200,200,200,200
369386,0,30,0,0,0,1,7,7,0,0,0,25,200,2,200,200,1,200,200,200,200
369387,0,30,200,200,0,1,10,7,0,0,200,0,200,1,8,200,200,200,0,200,200
369387,0,30,200,200,0,1,10,7,0,0,200,0,200,0,7,200,200,200,0,200,200
369393,0,30,0,0,0,1,12,5,0,0,0,16,16,0,200,200,1,200,200,200,200
369393,0,30,0,0,0,1,12,5,0,0,0,16,16,1,5,0,0,0,0,200,200
369393,1,30,0,0,0,1,12,5,0,0,0,16,16,0,200,200,200,200,200,200,200
369399,0,30,0,0,0,1,8,5,0,0,0,200,200,1,7,200,200,0,0,200,200
369399,4,30,0,0,0,1,8,5,0,0,0,200,200,0,5,7,0,0,0,200,200
369400,0,25,0,0,0,1,11,2,0,0,0,20,17,1,5,200,1,0,0,200,200
369400,0,25,0,0,0,1,11,2,0,0,0,20,17,0,6,200,6,0,0,200,200
369402,0,30,1,2,0,1,10,3,0,0,200,0,0,0,6,200,200,200,200,200,200
369402,0,30,1,2,0,1,10,3,0,0,200,0,0,0,7,0,0,200,0,200,200
369404,4,35,0,0,0,1,8,3,0,0,0,0,0,0,7,2,0,0,200,200,200
369404,0,35,0,0,0,1,8,3,0,0,0,0,0,1,7,0,0,0,0,200,200
369405,0,30,200,200,200,200,10,200,0,200,200,0,200,0,200,200,200,200,200,200,200
369405,0,30,200,200,200,200,10,200,0,200,200,0,200,0,9,0,200,200,200,200,200
369407,0,20,1,2,0,1,14,5,0,0,0,0,0,1,6,0,200,0,0,200,200
369407,0,20,1,2,0,1,14,5,0,0,0,0,0,0,7,0,200,0,0,200,200
369407,1,20,1,2,0,1,14,5,0,0,0,0,0,1,7,0,200,200,200,200,200
369407,1,20,1,2,0,1,14,5,0,0,0,0,0,0,2,0,200,200,200,200,200
369407,1,20,1,2,0,1,14,5,0,0,0,0,0,1,1,0,200,200,200,200,200
369410,0,10,0,0,0,1,7,7,0,0,0,0,0,1,8,200,12,200,200,200,200
369411,0,30,1,2,0,1,10,2,0,0,200,200,200,1,6,0,200,200,0,200,200
369411,0,30,1,2,0,1,10,2,0,0,200,200,200,0,8,0,200,200,0,200,200
369411,1,30,1,2,0,1,10,2,0,0,200,200,200,0,3,0,200,200,200,200,200
369411,1,30,1,2,0,1,10,2,0,0,200,200,200,0,5,0,200,200,200,200,200
369411,1,30,1,2,0,1,10,2,0,0,200,200,200,0,3,0,200,200,200,200,200
369415,0,30,0,0,0,1,10,5,0,0,0,0,200,1,7,200,1,200,0,200,200
369415,0,30,0,0,0,1,10,5,0,0,0,0,200,0,7,0,0,0,0,200,200
369419,0,30,0,0,0,1,14,2,0,0,0,23,23,1,7,0,0,0,0,200,200
369419,0,30,0,0,0,1,14,2,0,0,0,23,23,1,8,0,7,0,0,200,200
369422,0,30,0,0,0,1,7,5,0,0,0,0,0,0,5,0,0,0,0,200,200
369425,0,35,0,0,0,1,10,3,0,0,0,18,200,1,5,200,3,200,0,200,200
369425,0,35,0,0,0,1,10,3,0,0,0,18,200,0,6,200,0,0,0,200,200
369428,0,30,2,2,0,1,0,2,0,0,0,5,200,0,7,0,5,0,0,200,200
369428,0,30,2,2,0,1,0,2,0,0,0,5,200,0,7,0,0,0,0,200,200
369438,0,5,0,0,0,1,7,0,0,0,0,20,200,0,5,200,6,200,0,200,200
369439,0,25,0,0,0,1,7,6,0,0,0,0,200,2,200,200,200,200,200,200,200
369451,0,30,0,0,0,4,14,6,0,0,0,17,11,0,5,0,1,0,0,200,200
369451,0,30,0,0,0,4,14,6,0,0,0,17,11,1,6,0,0,0,0,200,200
369454,0,30,0,0,0,1,11,5,0,0,0,0,0,1,5,200,200,200,200,200,200
369454,0,30,0,0,0,1,11,5,0,0,0,0,0,0,7,0,0,0,0,200,200
369458,0,30,1,2,0,1,10,5,0,0,0,18,16,0,200,200,1,200,200,200,200
369458,0,30,1,2,0,1,10,5,0,0,0,18,16,0,5,0,0,0,0,200,200
369462,0,30,0,0,0,1,12,3,0,0,200,21,27,1,7,200,2,200,200,200,200
369462,0,30,0,0,0,1,12,3,0,0,200,21,27,1,5,200,12,200,200,200,200
369464,0,30,0,0,0,1,7,5,0,0,200,0,200,1,200,200,200,200,200,200,200
369464,1,30,0,0,0,1,7,5,0,0,200,0,200,2,200,200,200,200,200,200,200
369469,0,30,0,0,0,1,14,5,0,0,0,0,0,0,200,200,200,200,200,200,200
369469,0,30,0,0,0,1,14,5,0,0,0,0,0,0,4,0,200,200,200,200,200
369470,0,20,0,0,0,1,7,6,0,0,0,0,200,2,200,200,200,200,200,200,200
369475,0,30,0,0,0,4,10,5,0,0,0,0,0,0,4,0,0,0,0,200,200
369475,0,30,0,0,0,4,10,5,0,0,0,0,0,0,7,0,0,0,0,200,200
369476,0,35,1,200,0,1,14,3,0,0,200,200,200,0,6,0,7,200,12,200,200
369476,0,35,1,200,0,1,14,3,0,0,200,200,200,1,4,0,12,200,0,200,200
369476,1,35,1,200,0,1,14,3,0,0,200,200,200,2,200,0,200,200,200,200,200
369476,1,35,1,200,0,1,14,3,0,0,200,200,200,2,200,0,200,200,200,200,200
369476,1,35,1,200,0,1,14,3,0,0,200,200,200,2,200,0,200,200,200,200,200
369476,1,35,1,200,0,1,14,3,0,0,200,200,200,2,200,0,200,200,200,200,200
369490,0,35,1,2,0,4,10,3,0,0,0,0,200,0,7,0,200,0,0,200,200
369490,0,35,1,2,0,4,10,3,0,0,0,0,200,1,7,0,0,0,0,200,200
369490,1,35,1,2,0,4,10,3,0,0,0,0,200,1,200,0,200,200,200,200,200
369498,0,30,0,0,0,3,7,5,0,0,0,0,200,0,9,0,200,0,0,200,200
369500,0,30,1,2,0,3,10,5,0,0,0,18,0,0,7,0,8,0,0,200,200
369500,0,30,1,2,0,3,10,5,0,0,0,18,0,0,6,0,0,0,0,200,200
369500,1,30,1,2,0,3,10,5,0,0,0,18,0,1,6,0,200,200,200,200,200
369504,0,35,0,0,0,3,10,5,0,0,0,22,200,0,6,0,3,0,0,200,200
369504,0,35,0,0,0,3,10,5,0,0,0,22,200,0,6,0,0,0,0,200,200
369504,1,35,0,0,0,3,10,5,0,0,0,22,200,1,5,0,200,200,200,200,200
369504,1,35,0,0,0,3,10,5,0,0,0,22,200,0,5,0,200,200,200,200,200
369504,1,35,0,0,0,3,10,5,0,0,0,22,200,1,6,0,200,200,200,200,200
369512,0,30,0,0,0,3,12,2,0,0,0,22,0,0,6,0,2,0,0,200,200
369512,0,30,0,0,0,3,12,2,0,0,0,22,0,1,7,0,0,0,0,200,200
369512,1,30,0,0,0,3,12,2,0,0,0,22,0,0,6,0,200,200,200,200,200
369512,1,30,0,0,0,3,12,2,0,0,0,22,0,0,200,0,200,200,200,200,200
369512,1,30,0,0,0,3,12,2,0,0,0,22,0,1,7,0,200,200,200,200,200
369517,0,30,1,2,0,1,7,5,0,0,0,0,200,0,6,0,12,0,0,200,200
369520,0,30,0,0,0,2,7,5,0,0,200,0,200,0,200,200,12,200,200,200,200
369523,0,5,0,0,0,3,10,7,0,0,0,16,200,0,4,200,3,0,0,200,200
369523,0,5,0,0,0,3,10,7,0,0,0,16,200,1,6,200,0,0,0,200,200
369523,1,5,0,0,0,3,10,7,0,0,0,16,200,1,1,200,200,200,200,200,200
369523,1,5,0,0,0,3,10,7,0,0,0,16,200,0,1,200,200,200,200,200,200
369523,1,5,0,0,0,3,10,7,0,0,0,16,200,0,4,200,200,200,200,200,200
369523,1,5,0,0,0,3,10,7,0,0,0,16,200,0,4,200,200,200,200,200,200
369523,1,5,0,0,0,3,10,7,0,0,0,16,200,0,4,200,200,200,200,200,200
369523,1,5,0,0,0,3,10,7,0,0,0,16,200,0,3,200,200,200,200,200,200
369524,0,20,0,0,0,1,12,3,0,0,200,22,200,0,3,200,2,200,0,200,200
369524,0,20,0,0,0,1,12,3,0,0,200,22,200,1,7,200,0,0,0,200,200
369534,0,30,0,0,0,3,7,6,0,0,0,20,200,1,7,200,6,0,0,200,200
369537,0,35,0,0,0,3,10,7,0,0,200,20,25,0,200,200,200,200,200,200,200
369537,0,35,0,0,0,3,10,7,0,0,200,20,25,1,5,200,200,200,0,200,200
369537,1,35,0,0,0,3,10,7,0,0,200,20,25,0,200,200,200,200,200,200,200
369537,1,35,0,0,0,3,10,7,0,0,200,20,25,1,5,200,200,200,200,200,200
369542,0,30,2,0,0,0,12,2,0,0,0,22,21,0,200,200,200,200,200,200,200
369542,0,30,2,0,0,0,12,2,0,0,0,22,21,0,7,7,0,200,0,200,200
369546,0,30,1,2,2,3,0,6,0,0,0,6,0,0,4,0,5,0,0,200,200
369546,0,30,1,2,2,3,0,6,0,0,0,6,0,0,6,7,0,0,0,200,200
369546,1,30,1,2,2,3,0,6,0,0,0,6,0,1,7,200,200,200,200,200,200
369555,0,30,0,0,0,3,7,6,0,0,0,20,11,2,200,200,6,200,200,200,200
369556,0,30,3,2,0,0,7,5,0,0,0,21,0,0,6,0,4,0,0,200,200
369558,0,20,0,0,0,1,7,6,0,0,0,20,0,0,6,0,6,0,0,200,200
369559,0,30,0,0,0,1,12,2,0,0,0,0,200,2,200,200,4,200,200,200,200
369559,0,30,0,0,0,1,12,2,0,0,0,0,200,1,5,0,0,0,0,200,200
369571,0,30,0,0,0,3,12,5,0,0,0,22,0,0,7,200,2,200,0,200,200
369571,0,30,0,0,0,3,12,5,0,0,0,22,0,0,9,200,12,200,0,200,200
369571,1,30,0,0,0,3,12,5,0,0,0,22,0,1,7,200,200,200,200,200,200
369582,0,30,1,2,0,3,14,2,0,0,0,0,0,0,6,2,200,200,200,200,200
369588,0,30,200,200,0,0,10,5,0,0,0,18,18,1,5,200,3,0,0,200,200
369588,0,30,200,200,0,0,10,5,0,0,0,18,18,0,5,200,0,0,0,200,200
369589,0,30,0,0,0,1,10,6,0,0,0,20,0,0,7,0,6,200,0,200,200
369589,0,30,0,0,0,1,10,6,0,0,0,20,0,1,5,0,0,0,0,200,200
369589,1,30,0,0,0,1,10,6,0,0,0,20,0,1,6,0,200,200,200,200,200
369589,1,30,0,0,0,1,10,6,0,0,0,20,0,1,4,0,200,200,200,200,200
369591,0,30,1,2,0,3,0,5,0,0,0,6,0,1,7,0,5,200,0,200,200
369591,0,30,1,2,0,3,0,5,0,0,0,6,0,1,6,0,0,0,0,200,200
369591,1,30,1,2,0,3,0,5,0,0,0,6,0,1,3,0,200,200,200,200,200
369591,1,30,1,2,0,3,0,5,0,0,0,6,0,0,2,0,200,200,200,200,200
369591,1,30,1,2,0,3,0,5,0,0,0,6,0,0,8,0,200,200,200,200,200
369591,1,30,1,2,0,3,0,5,0,0,0,6,0,1,8,0,200,200,200,200,200
369591,1,30,1,2,0,3,0,5,0,0,0,6,0,1,2,0,200,200,200,200,200
369591,1,30,1,2,0,3,0,5,0,0,0,6,0,0,6,0,200,200,200,200,200
369595,0,25,0,0,0,0,7,5,0,0,0,0,200,0,5,200,200,0,0,200,200
369595,1,25,0,0,0,0,7,5,0,0,0,0,200,1,3,200,200,200,200,200,200
369596,0,30,1,2,0,0,10,6,0,0,0,18,200,2,200,200,3,200,200,200,200
369596,0,30,1,2,0,0,10,6,0,0,0,18,200,1,7,0,0,0,0,200,200
369596,1,30,1,2,0,0,10,6,0,0,0,18,200,0,200,0,200,200,200,200,200
369597,0,30,1,2,0,0,14,5,0,0,0,17,17,1,5,200,1,0,0,200,200
369597,0,30,1,2,0,0,14,5,0,0,0,17,17,0,7,200,0,0,0,200,200
369602,0,30,0,0,0,3,5,5,0,0,4,0,0,0,6,0,0,0,0,200,200
369607,0,30,1,2,0,3,10,2,0,0,0,18,0,0,7,0,3,0,0,200,200
369607,0,30,1,2,0,3,10,2,0,0,0,18,0,0,6,0,0,0,0,200,200
369616,0,30,1,2,0,0,10,5,0,0,0,18,18,1,6,200,3,0,0,200,200
369616,0,30,1,2,0,0,10,5,0,0,0,18,18,1,6,200,0,0,0,200,200
369619,0,15,0,0,0,4,7,0,0,0,0,0,200,2,200,200,200,200,200,200,200
369622,0,30,1,2,0,3,8,2,0,0,0,17,200,0,8,200,1,0,0,200,200
369622,4,30,1,2,0,3,8,2,0,0,0,17,200,0,200,3,0,200,200,200,200
369625,0,30,2,2,0,3,14,5,0,0,0,17,200,2,200,200,1,200,200,200,200
369625,0,30,2,2,0,3,14,5,0,0,0,17,200,0,5,0,0,0,0,200,200
369625,1,30,2,2,0,3,14,5,0,0,0,17,200,0,5,0,200,200,200,200,200
369625,1,30,2,2,0,3,14,5,0,0,0,17,200,1,5,0,200,200,200,200,200
369625,1,30,2,2,0,3,14,5,0,0,0,17,200,0,6,0,200,200,200,200,200
369625,1,30,2,2,0,3,14,5,0,0,0,17,200,200,200,200,200,200,200,200,200
369626,0,35,0,0,0,3,9,2,0,0,200,16,0,1,200,200,1,200,200,200,200
369626,5,35,0,0,0,3,9,2,0,0,200,16,0,1,6,7,0,200,7,200,200
369628,0,30,0,0,0,3,7,6,0,0,0,25,200,0,5,200,200,200,200,200,200
369629,4,30,200,200,200,3,8,2,0,200,200,0,0,1,200,7,200,200,200,200,200
369629,0,30,200,200,200,3,8,2,0,200,200,0,0,1,6,200,0,200,200,200,200
369630,0,35,0,0,0,3,7,5,0,0,0,0,0,2,200,200,200,200,200,200,200
369630,1,35,0,0,0,3,7,5,0,0,0,0,0,1,6,200,200,200,200,200,200
369631,0,30,0,0,0,3,11,2,0,0,0,0,200,2,200,200,8,200,200,200,200
369631,0,30,0,0,0,3,11,2,0,0,0,0,200,0,6,7,0,0,0,200,200
369631,1,30,0,0,0,3,11,2,0,0,0,0,200,1,6,200,200,200,200,200,200
369635,0,30,1,2,0,3,10,2,0,0,0,16,200,0,200,200,200,200,200,200,200
369635,0,30,1,2,0,3,10,2,0,0,0,16,200,0,7,0,0,0,0,200,200
369635,1,30,1,2,0,3,10,2,0,0,0,16,200,1,6,0,200,200,200,200,200
369643,0,30,1,200,0,3,14,5,0,200,200,23,21,0,5,200,7,200,200,200,200
369643,0,30,1,200,0,3,14,5,0,200,200,23,21,0,5,200,0,200,0,200,200
369649,0,30,0,0,0,3,12,5,0,0,0,22,25,2,200,200,8,200,200,200,200
369649,0,30,0,0,0,3,12,5,0,0,0,22,25,1,7,0,0,0,0,200,200
369653,0,30,0,0,0,0,9,5,0,0,0,17,200,0,9,200,1,200,0,200,200
369653,5,30,0,0,0,0,9,5,0,0,0,17,200,0,4,200,200,200,7,200,200
369653,1,30,0,0,0,0,9,5,0,0,0,17,200,0,6,200,200,200,200,200,200
369653,1,30,0,0,0,0,9,5,0,0,0,17,200,1,6,200,200,200,200,200,200
369654,0,30,1,2,0,3,12,5,0,0,0,23,22,0,7,0,2,0,0,200,200
369654,0,30,1,2,0,3,12,5,0,0,0,23,22,0,5,0,0,0,0,200,200
369657,0,45,0,0,0,3,12,3,0,0,0,17,21,0,7,0,4,0,0,200,200
369657,0,45,0,0,0,3,12,3,0,0,0,17,21,0,5,0,1,0,0,200,200
369665,0,30,1,2,0,3,14,3,0,0,0,6,200,1,7,0,7,0,0,200,200