RD_NO,PERSON_TYPE,POSTED_SPEED_LIMIT,TRAFFIC_CONTROL_DEVICE,DEVICE_CONDITION,WEATHER_CONDITION,LIGHTING_CONDITION,FIRST_CRASH_TYPE,TRAFFICWAY_TYPE,ALIGNMENT,ROADWAY_SURFACE_COND,ROAD_DEFECT,PRIM_CONTRIBUTORY_CAUSE,SEC_CONTRIBUTORY_CAUSE,SEX,AGE,SAFETY_EQUIPMENT,DRIVER_ACTION,DRIVER_VISION,PHYSICAL_CONDITION,BAC_RESULT VALUE,CELL_PHONE_USE
369665,0,30,1,2,0,3,14,3,0,0,0,6,200,1,5,0,0,0,0,200,200
369671,0,30,0,0,0,0,14,5,0,0,0,23,200,0,5,0,7,0,0,200,200
369671,0,30,0,0,0,0,14,5,0,0,0,23,200,0,6,200,0,0,0,200,200
369671,1,30,0,0,0,0,14,5,0,0,0,23,200,1,5,0,200,200,200,200,200
369674,0,35,0,0,0,3,14,5,0,0,0,14,14,0,200,200,200,200,200,200,200
369674,0,35,0,0,0,3,14,5,0,0,0,14,14,0,7,200,0,0,0,200,200
369680,0,10,0,0,0,3,0,7,0,0,0,0,200,0,200,200,200,200,200,200,200
369680,0,10,0,0,0,3,0,7,0,0,0,0,200,0,7,0,200,0,0,200,200
369682,0,30,0,0,0,3,12,6,0,0,0,7,200,0,7,0,12,0,0,200,200
369682,0,30,0,0,0,3,12,6,0,0,0,7,200,1,6,0,0,0,0,200,200
369682,1,30,0,0,0,3,12,6,0,0,0,7,200,0,6,0,200,200,200,200,200
369686,0,30,1,2,0,4,9,2,0,0,0,17,0,0,5,200,1,0,0,200,200
369686,5,30,1,2,0,4,9,2,0,0,0,17,0,1,5,7,200,0,200,200,200
369691,0,30,2,2,0,3,14,5,0,0,0,14,32,0,5,0,12,0,5,0.11,200
369691,0,30,2,2,0,3,14,5,0,0,0,14,32,0,6,0,1,0,0,200,200
369691,1,30,2,2,0,3,14,5,0,0,0,14,32,200,200,200,200,200,200,200,200
369694,0,30,200,200,0,0,3,5,0,0,0,10,16,0,3,1,9,200,200,200,200
369694,0,30,200,200,0,0,3,5,0,0,0,10,16,0,4,1,9,200,200,200,200
369694,1,30,200,200,0,0,3,5,0,0,0,10,16,0,3,1,200,200,200,200,200
369694,1,30,200,200,0,0,3,5,0,0,0,10,16,1,4,1,200,200,200,200,200
369700,0,25,0,0,0,3,10,5,0,0,200,18,0,0,6,200,3,0,0,200,200
369700,0,25,0,0,0,3,10,5,0,0,200,18,0,0,6,200,0,0,0,200,200
369700,1,25,0,0,0,3,10,5,0,0,200,18,0,0,6,200,200,200,200,200,200
369707,0,30,0,0,0,3,7,12,0,0,0,16,200,1,200,200,12,200,200,200,200
369715,0,30,0,0,0,3,12,5,0,0,0,17,200,0,7,0,1,0,0,200,200
369715,0,30,0,0,0,3,12,5,0,0,0,17,200,0,5,0,0,0,0,200,200
369717,0,30,1,2,0,3,10,2,0,0,0,0,0,0,6,0,3,0,0,200,200
369717,0,30,1,2,0,3,10,2,0,0,0,0,0,0,200,200,0,0,0,200,200
369721,0,30,0,0,0,3,5,5,0,0,0,0,200,1,4,0,200,0,0,200,200
369727,4,30,0,0,0,3,8,5,0,0,0,200,200,1,200,7,200,200,200,200,200
369727,1,30,0,0,0,3,8,5,0,0,0,200,200,0,200,200,200,200,200,200,200
369727,1,30,0,0,0,3,8,5,0,0,0,200,200,1,6,7,200,200,200,200,200
369728,0,30,0,0,0,1,2,5,0,0,0,25,16,0,6,200,13,200,200,200,200
369728,1,30,0,0,0,1,2,5,0,0,0,25,16,0,200,1,200,200,200,200,200
369729,0,30,0,0,0,3,14,5,0,0,200,11,0,0,200,200,12,200,200,200,200
369729,0,30,0,0,0,3,14,5,0,0,200,11,0,1,4,0,12,200,200,200,200
369729,1,30,0,0,0,3,14,5,0,0,200,11,0,1,3,0,200,200,200,200,200
369736,0,30,2,2,0,3,14,5,0,0,0,25,23,0,200,200,1,200,200,200,200
369736,0,30,2,2,0,3,14,5,0,0,0,25,23,0,4,0,0,0,0,200,200
369736,1,30,2,2,0,3,14,5,0,0,0,25,23,1,200,0,200,200,200,200,200
369736,1,30,2,2,0,3,14,5,0,0,0,25,23,0,200,0,200,200,200,200,200
369736,1,30,2,2,0,3,14,5,0,0,0,25,23,1,200,0,200,200,200,200,200
369739,0,25,0,0,0,3,7,6,0,0,0,20,200,0,6,200,6,0,0,200,200
369742,0,20,0,12,0,3,10,6,0,0,3,19,11,0,200,200,3,200,5,200,200
369742,0,20,0,12,0,3,10,6,0,0,3,19,11,0,6,200,0,0,0,200,200
369744,0,30,0,0,0,3,3,5,1,0,0,32,25,0,6,200,12,0,5,200,200
369744,0,30,0,0,0,3,3,5,1,0,0,32,25,0,9,200,0,0,0,200,200
369744,0,30,0,0,0,3,3,5,1,0,0,32,25,0,6,200,200,0,0,200,200
369744,0,30,0,0,0,3,3,5,1,0,0,32,25,0,7,200,0,0,0,200,200
369744,1,30,0,0,0,3,3,5,1,0,0,32,25,200,200,200,200,200,200,200,200
369744,1,30,0,0,0,3,3,5,1,0,0,32,25,0,7,200,200,200,200,200,200
369744,1,30,0,0,0,3,3,5,1,0,0,32,25,1,7,200,200,200,200,200,200
369745,0,30,0,0,0,3,3,5,0,0,0,20,25,2,200,200,6,200,200,200,200
369745,0,30,0,0,0,3,3,5,0,0,0,20,25,0,6,0,0,0,0,200,200
369746,0,30,1,2,0,3,12,5,0,0,200,17,8,0,4,0,1,200,200,200,200
369746,0,30,1,2,0,3,12,5,0,0,200,17,8,0,5,0,0,200,200,200,200
369746,1,30,1,2,0,3,12,5,0,0,200,17,8,1,200,0,200,200,200,200,200
369746,1,30,1,2,0,3,12,5,0,0,200,17,8,1,200,0,200,200,200,200,200
369749,0,30,0,0,0,3,12,6,0,0,0,23,21,1,5,200,4,0,0,200,200
369749,0,30,0,0,0,3,12,6,0,0,0,23,21,0,6,200,0,0,0,200,200
369749,1,30,0,0,0,3,12,6,0,0,0,23,21,1,5,200,200,200,200,200,200
369752,0,30,1,0,0,3,7,2,0,0,0,14,16,1,5,200,8,0,0,200,200
369752,1,30,1,0,0,3,7,2,0,0,0,14,16,1,7,200,200,200,200,200,200
369753,0,30,0,0,0,3,2,3,0,0,0,0,200,1,4,0,0,0,0,200,200
369756,0,30,1,2,0,3,10,6,0,0,0,200,200,2,200,200,200,200,200,200,200
369756,0,30,1,2,0,3,10,6,0,0,0,200,200,0,7,200,200,0,0,200,200
369761,0,30,0,0,0,3,0,12,0,0,0,16,200,0,200,200,8,200,200,200,200
369761,0,30,0,0,0,3,0,12,0,0,0,16,200,1,5,200,12,200,0,200,200
369767,0,20,1,2,0,3,14,2,0,0,0,18,0,0,7,200,3,200,200,200,200
369767,0,20,1,2,0,3,14,2,0,0,0,18,0,1,5,0,0,0,0,200,200
369768,0,30,0,0,0,3,6,12,0,0,0,21,200,0,5,200,12,1,7,200,200
369772,0,30,2,2,0,0,7,5,0,0,0,32,19,0,6,200,12,0,5,200,200
369777,0,30,1,2,0,3,12,5,0,0,0,21,200,0,5,200,4,200,200,200,200
369777,0,30,1,2,0,3,12,5,0,0,0,21,200,0,6,0,0,0,0,200,200
369777,1,30,1,2,0,3,12,5,0,0,0,21,200,1,200,200,200,200,200,200,200
369784,0,30,0,0,0,3,12,5,0,0,0,0,200,1,200,200,200,200,200,200,200
369784,0,30,0,0,0,3,12,5,0,0,0,0,200,1,7,0,200,0,0,200,200
369789,0,25,0,0,0,3,7,6,0,0,0,0,0,2,200,200,200,200,200,200,200
369792,0,30,1,2,0,3,0,5,0,0,0,200,200,0,5,200,200,200,0,200,200
369792,0,30,1,2,0,3,0,5,0,0,0,200,200,0,4,200,200,200,0,200,200
369805,0,10,0,0,0,1,7,5,0,0,0,16,0,1,200,200,6,200,200,200,200
369814,0,30,2,2,0,3,14,5,0,0,0,16,11,1,5,0,1,0,0,200,200
369814,0,30,2,2,0,3,14,5,0,0,0,16,11,0,5,0,0,0,0,200,200
369822,0,30,0,0,0,3,9,6,0,0,0,11,17,1,200,200,1,200,200,200,200
369822,5,30,0,0,0,3,9,6,0,0,0,11,17,1,7,7,0,0,0,200,200
369823,0,30,9,0,0,3,2,12,0,0,0,25,0,0,200,200,12,200,200,200,200
369828,0,35,1,2,0,200,0,5,0,0,0,6,3,0,5,0,5,0,0,200,200
369828,0,35,1,2,0,200,0,5,0,0,0,6,3,1,6,0,0,0,0,200,200
369828,1,35,1,2,0,200,0,5,0,0,0,6,3,0,6,0,200,200,200,200,200
369828,1,35,1,2,0,200,0,5,0,0,0,6,3,0,2,0,200,200,200,200,200
369828,1,35,1,2,0,200,0,5,0,0,0,6,3,1,2,0,200,200,200,200,200
369828,1,35,1,2,0,200,0,5,0,0,0,6,3,1,1,0,200,200,200,200,200
369829,0,30,0,0,0,3,2,5,0,0,0,16,0,0,8,0,8,200,200,200,200
369830,0,30,200,200,0,3,7,6,0,200,200,0,0,1,5,200,200,200,200,200,200
369835,0,25,0,0,0,3,7,6,0,0,0,0,0,0,7,200,200,0,0,200,200
369840,0,35,0,0,0,0,7,5,0,0,0,0,0,0,6,0,12,0,0,200,200
369849,1,30,0,0,0,3,14,2,0,0,0,0,0,1,3,200,200,200,200,200,200
369849,0,30,0,0,0,3,14,2,0,0,0,0,0,0,6,0,7,0,0,200,200
369849,0,30,0,0,0,3,14,2,0,0,0,0,0,1,6,200,0,0,0,200,200
369849,1,30,0,0,0,3,14,2,0,0,0,0,0,0,5,0,200,200,200,200,200
369849,1,30,0,0,0,3,14,2,0,0,0,0,0,1,4,200,200,200,200,200,200
369854,0,30,0,0,0,3,12,6,0,200,200,22,200,1,200,200,200,200,200,200,200
369854,0,30,0,0,0,3,12,6,0,200,200,22,200,0,6,0,0,0,0,200,200
369859,0,5,0,0,0,3,2,7,0,0,0,20,20,0,200,0,6,0,0,200,200
369861,0,30,0,0,0,3,7,5,0,0,0,22,200,1,6,200,8,0,0,200,200
369861,1,30,0,0,0,3,7,5,0,0,0,22,200,0,6,200,200,200,200,200,200
369863,0,30,2,0,0,3,7,6,0,0,200,16,16,1,4,200,8,12,1,200,200
369863,1,30,2,0,0,3,7,6,0,0,200,16,16,1,200,200,200,200,200,200,200
369863,1,30,2,0,0,3,7,6,0,0,200,16,16,1,2,200,200,200,200,200,200
369863,1,30,2,0,0,3,7,6,0,0,200,16,16,200,200,200,200,200,200,200,200
369865,0,30,1,2,0,3,0,2,0,0,0,16,0,1,5,0,14,0,0,200,200
369865,0,30,1,2,0,3,0,2,0,0,0,16,0,1,6,0,13,0,0,200,200
369867,0,30,200,200,0,3,10,5,0,0,0,27,16,0,6,0,12,200,2,200,200
369867,0,30,200,200,0,3,10,5,0,0,0,27,16,0,6,200,200,0,0,200,200
369874,0,30,0,0,0,3,7,3,0,0,0,0,200,0,6,0,200,200,200,200,200
369874,0,30,0,0,0,3,7,3,0,0,0,0,200,0,7,0,200,200,200,200,200
369876,0,25,0,0,0,3,10,5,0,0,0,17,17,0,5,0,1,0,0,200,200
369876,0,25,0,0,0,3,10,5,0,0,0,17,17,1,7,0,0,0,0,200,200
369879,0,30,0,0,0,3,7,2,0,0,0,0,0,0,6,200,200,0,2,200,200
369883,0,30,0,200,0,3,5,5,0,0,0,0,0,0,6,200,200,200,200,200,200
369885,0,30,1,2,0,4,0,5,0,0,0,6,200,2,200,200,200,200,200,200,200
369885,0,30,1,2,0,4,0,5,0,0,0,6,200,0,5,200,0,200,0,200,200
369895,0,30,0,0,0,2,2,5,0,0,0,0,200,0,4,200,200,200,5,0.06,200
369895,1,30,0,0,0,2,2,5,0,0,0,0,200,1,5,200,200,200,200,200,200
369905,0,30,0,0,0,200,7,5,0,0,0,0,0,2,200,200,200,200,200,200,200
369908,0,35,0,0,0,1,7,6,0,0,0,21,21,0,6,0,4,0,2,200,200
369914,0,30,0,0,200,200,7,6,0,200,0,0,200,1,200,200,200,200,200,200,200
369919,0,30,2,2,0,1,14,12,0,0,0,5,11,1,5,200,5,5,200,200,200
369919,0,30,2,2,0,1,14,12,0,0,0,5,11,0,8,0,0,0,0,200,200
369919,1,30,2,2,0,1,14,12,0,0,0,5,11,1,4,200,200,200,200,200,200
369919,1,30,2,2,0,1,14,12,0,0,0,5,11,0,200,200,200,200,200,200,200
369924,0,30,1,2,0,1,14,5,0,0,0,17,200,1,5,200,1,200,0,200,200
369924,0,30,1,2,0,1,14,5,0,0,0,17,200,1,6,200,200,200,0,200,200
369928,0,30,0,0,0,1,0,5,0,0,0,17,16,0,200,200,1,200,200,200,200
369928,0,30,0,0,0,1,0,5,0,0,0,17,16,0,4,0,0,0,0,200,200
369930,0,25,200,2,0,1,10,5,0,0,0,17,0,0,6,200,1,200,0,200,200
369930,0,25,200,2,0,1,10,5,0,0,0,17,0,0,5,200,200,200,0,200,200
369935,0,30,1,2,0,1,14,5,0,0,0,17,11,1,5,0,1,0,0,200,200
369935,0,30,1,2,0,1,14,5,0,0,0,17,11,0,6,0,0,0,0,200,200
369935,1,30,1,2,0,1,14,5,0,0,0,17,11,1,5,0,200,200,200,200,200
369935,1,30,1,2,0,1,14,5,0,0,0,17,11,1,4,0,200,200,200,200,200
369953,0,30,1,2,0,1,10,5,0,0,0,0,200,0,5,0,12,0,0,200,200
369953,0,30,1,2,0,1,10,5,0,0,0,0,200,1,7,0,0,0,0,200,200
369953,1,30,1,2,0,1,10,5,0,0,0,0,200,1,200,0,200,200,200,200,200
369954,0,30,0,0,0,1,7,2,0,0,0,33,0,2,200,200,12,200,200,200,200
369957,0,30,200,12,0,1,7,6,0,0,0,0,200,2,200,200,200,200,200,200,200
369962,0,30,0,0,0,3,7,5,0,0,0,0,0,1,5,200,12,200,200,200,200
369963,0,0,0,0,0,1,7,5,0,200,200,0,0,2,200,200,200,200,200,200,200
369972,0,30,0,0,0,2,7,6,0,0,0,200,200,2,200,200,6,200,200,200,200
369972,1,30,0,0,0,2,7,6,0,0,0,200,200,2,200,200,200,200,200,200,200
369978,0,10,2,2,0,1,7,7,0,0,0,17,200,0,200,200,1,200,200,200,200
369978,1,10,2,2,0,1,7,7,0,0,0,17,200,1,6,0,200,200,200,200,200
369984,0,30,0,0,0,200,7,6,0,0,0,0,200,0,200,200,10,200,200,200,200
369988,0,20,0,0,200,3,7,5,0,200,0,0,0,2,200,200,200,200,200,200,200
369989,0,15,0,0,0,1,7,5,0,0,0,21,200,0,6,0,1,0,0,200,200
369990,0,35,1,2,0,1,10,12,0,0,0,11,0,0,200,0,12,0,0,200,200
369990,0,35,1,2,0,1,10,12,0,0,0,11,0,0,200,0,12,0,0,200,200
370000,0,20,0,0,0,1,7,6,0,0,0,18,11,0,8,200,3,0,0,200,200
370008,0,30,0,0,0,1,14,5,0,0,0,23,200,1,9,200,7,200,200,200,200
370008,0,30,0,0,0,1,14,5,0,0,0,23,200,0,5,200,0,200,200,200,200
370020,0,30,1,2,0,1,10,5,0,0,0,18,16,0,6,0,3,0,0,200,200
370020,0,30,1,2,0,1,10,5,0,0,0,18,16,0,8,0,0,0,0,200,200
370027,0,30,0,0,200,3,12,6,0,200,0,12,0,0,200,200,200,200,200,200,200
370027,1,30,0,0,200,3,12,6,0,200,0,12,0,0,200,200,200,200,200,200,200
370029,0,30,1,2,0,1,14,5,0,0,0,6,0,1,5,0,5,0,0,200,200
370029,0,30,1,2,0,1,14,5,0,0,0,6,0,1,6,0,0,0,0,200,200
370029,1,30,1,2,0,1,14,5,0,0,0,6,0,1,7,0,200,200,200,200,200
370029,1,30,1,2,0,1,14,5,0,0,0,6,0,1,8,0,200,200,200,200,200
370029,1,30,1,2,0,1,14,5,0,0,0,6,0,1,0,5,200,200,200,200,200
370029,1,30,1,2,0,1,14,5,0,0,0,6,0,1,7,0,200,200,200,200,200
370049,0,30,1,2,0,1,14,2,0,0,0,0,0,2,200,200,1,200,200,200,200
370049,0,30,1,2,0,1,14,2,0,0,0,0,0,1,9,0,12,0,0,200,200
370050,0,15,0,0,0,1,7,7,0,0,0,20,200,1,9,0,6,0,0,200,200
370054,0,30,0,0,0,1,10,5,1,0,0,18,0,0,5,0,3,0,0,200,200
370054,0,30,0,0,0,1,10,5,1,0,0,18,0,0,6,0,0,0,0,200,200
370055,0,30,0,0,0,3,5,5,0,0,0,0,0,0,5,0,200,0,0,200,200
370056,0,30,0,0,0,1,2,3,0,0,0,3,0,0,5,200,12,0,0,200,200
370062,0,35,1,2,0,1,14,12,0,0,0,11,0,0,200,7,12,0,0,200,200
370062,0,35,1,2,0,1,14,12,0,0,0,11,0,1,200,7,12,0,0,200,200
370066,0,30,0,0,0,3,7,6,0,0,0,21,0,2,200,200,200,200,200,200,200
370069,0,20,0,0,0,1,14,2,0,0,0,200,200,1,6,0,4,0,0,200,200
370069,0,20,0,0,0,1,14,2,0,0,0,200,200,0,6,0,0,0,0,200,200
370069,1,20,0,0,0,1,14,2,0,0,0,200,200,1,200,0,200,200,200,200,200
370069,1,20,0,0,0,1,14,2,0,0,0,200,200,1,6,0,200,200,200,200,200
370074,0,30,1,2,0,1,14,2,0,0,0,0,16,0,4,0,7,200,0,200,200
370074,0,30,1,2,0,1,14,2,0,0,0,0,16,0,200,0,0,0,0,200,200
370074,1,30,1,2,0,1,14,2,0,0,0,0,16,1,3,0,200,200,200,200,200
370076,0,30,0,0,0,1,7,6,2,0,0,0,20,1,6,0,200,0,0,200,200
370087,0,30,0,0,0,1,10,2,0,0,0,17,18,0,5,0,1,0,0,200,200
370087,0,30,0,0,0,1,10,2,0,0,0,17,18,1,6,0,0,0,0,200,200
370098,0,30,0,0,0,1,7,7,0,0,0,20,11,0,200,200,6,200,200,200,200
370099,0,30,1,2,0,1,14,5,0,0,0,17,18,0,200,200,1,200,200,200,200
370099,0,30,1,2,0,1,14,5,0,0,0,17,18,0,7,0,0,0,0,200,200
370105,0,30,0,0,0,1,11,5,0,0,0,21,200,1,6,200,1,0,0,200,200
370105,0,30,0,0,0,1,11,5,0,0,0,21,200,0,7,7,0,0,0,200,200
370115,0,20,2,2,0,1,0,5,0,0,0,5,11,1,6,200,5,0,0,200,200
370115,0,20,2,2,0,1,0,5,0,0,0,5,11,1,5,200,0,0,0,200,200
370119,0,15,0,0,0,1,7,7,0,0,0,0,0,0,6,0,200,0,0,200,200
370119,1,15,0,0,0,1,7,7,0,0,0,0,0,1,6,0,200,200,200,200,200
370121,0,30,1,2,0,1,12,5,0,0,0,0,0,0,7,200,200,0,0,200,200
370121,0,30,1,2,0,1,12,5,0,0,0,0,0,0,5,200,200,0,0,200,200
370121,1,30,1,2,0,1,12,5,0,0,0,0,0,0,200,200,200,200,200,200,200
370121,1,30,1,2,0,1,12,5,0,0,0,0,0,0,200,200,200,200,200,200,200
370124,0,30,2,2,0,1,2,5,0,0,0,23,0,1,3,0,7,0,0,200,200
370127,0,30,0,0,1,1,12,5,0,0,0,25,22,0,200,200,2,200,200,200,200
370127,0,30,0,0,1,1,12,5,0,0,0,25,22,0,5,0,0,0,0,200,200
370127,1,30,0,0,1,1,12,5,0,0,0,25,22,1,5,0,200,200,200,200,200
370127,1,30,0,0,1,1,12,5,0,0,0,25,22,0,0,5,200,200,200,200,200
370133,0,30,0,0,0,1,10,12,0,1,0,20,200,0,5,0,6,0,0,200,200
370133,0,30,0,0,0,1,10,12,0,1,0,20,200,1,6,0,0,0,0,200,200
370134,0,20,0,0,0,1,0,2,0,0,0,200,200,0,200,200,1,200,200,200,200
370134,0,20,0,0,0,1,0,2,0,0,0,200,200,0,7,0,0,0,0,200,200
370136,0,30,0,0,0,1,12,6,0,0,0,17,22,0,6,200,2,0,0,200,200
370136,0,30,0,0,0,1,12,6,0,0,0,17,22,0,5,200,0,0,0,200,200
370146,0,30,0,0,0,1,12,7,0,0,0,0,0,0,6,0,12,0,0,200,200
370146,0,30,0,0,0,1,12,7,0,0,0,0,0,1,5,0,12,0,0,200,200
370148,0,35,0,0,0,1,14,5,0,0,0,0,0,1,5,200,200,0,0,200,200
370148,0,35,0,0,0,1,14,5,0,0,0,0,0,0,7,0,0,0,0,200,200
370151,0,30,0,0,0,1,8,5,0,0,12,20,11,0,200,200,6,200,200,200,200
370151,4,30,0,0,0,1,8,5,0,0,12,20,11,0,5,200,12,0,0,200,200
370157,0,30,2,2,0,1,10,2,0,0,0,0,0,0,7,200,200,200,200,200,200
370157,0,30,2,2,0,1,10,2,0,0,0,0,0,0,6,0,0,0,0,200,200
370162,0,25,0,0,0,1,12,2,0,0,0,200,200,1,5,0,4,0,0,200,200
370162,0,25,0,0,0,1,12,2,0,0,0,200,200,0,7,0,0,200,200,200,200
370177,0,30,2,2,0,1,10,5,0,1,0,0,0,0,200,200,3,200,200,200,200
370177,0,30,2,2,0,1,10,5,0,1,0,0,0,0,7,0,0,0,0,200,200
370177,1,30,2,2,0,1,10,5,0,1,0,0,0,1,200,0,200,200,200,200,200
370184,0,30,2,2,0,1,10,5,0,0,0,18,16,1,5,200,3,200,0,200,200
370184,0,30,2,2,0,1,10,5,0,0,0,18,16,0,5,0,0,0,0,200,200
370184,1,30,2,2,0,1,10,5,0,0,0,18,16,1,200,0,200,200,200,200,200
370185,0,30,0,0,0,1,14,5,0,0,0,23,11,0,200,200,7,200,200,200,200
370185,0,30,0,0,0,1,14,5,0,0,0,23,11,0,6,0,0,0,0,200,200
370188,0,30,1,2,0,1,2,2,0,0,12,29,16,0,5,0,0,0,0,200,200
370189,0,30,0,0,0,1,14,5,0,0,0,23,16,1,200,200,7,0,0,200,200
370189,0,30,0,0,0,1,14,5,0,0,0,23,16,1,200,0,0,0,0,200,200
370189,1,30,0,0,0,1,14,5,0,0,0,23,16,1,200,0,200,200,200,200,200
370196,0,30,200,200,0,1,12,6,0,0,0,200,200,1,7,0,1,200,0,200,200
370196,0,30,200,200,0,1,12,6,0,0,0,200,200,0,5,0,0,0,0,200,200
370201,0,30,200,200,200,200,7,5,0,200,200,0,200,2,200,200,200,200,200,200,200
370208,0,30,0,0,0,1,0,6,0,0,0,0,0,1,6,200,200,200,200,200,200
370208,0,30,0,0,0,1,0,6,0,0,0,0,0,0,6,0,0,0,200,200,200
370211,0,30,0,0,0,1,14,2,0,0,200,200,200,1,200,200,7,200,200,200,200
370211,0,30,0,0,0,1,14,2,0,0,200,200,200,1,7,0,0,200,0,200,200
370215,0,30,0,0,0,1,8,5,0,0,0,25,0,1,5,0,12,200,0,200,200
370215,4,30,0,0,0,1,8,5,0,0,0,25,0,0,6,3,0,0,0,200,200
370217,0,30,0,0,0,1,7,2,0,0,0,0,0,2,200,200,200,200,200,200,200
370218,0,30,200,200,0,1,7,6,0,0,200,0,200,2,200,200,200,200,200,200,200
370223,0,30,0,0,0,1,8,5,2,0,0,16,200,1,5,0,200,0,0,200,200
370223,4,30,0,0,0,1,8,5,2,0,0,16,200,0,2,7,1,0,0,200,200
370225,0,30,1,2,1,1,14,5,0,0,0,17,200,0,6,0,1,0,0,200,200
370225,0,30,1,2,1,1,14,5,0,0,0,17,200,0,4,0,0,0,0,200,200
370225,1,30,1,2,1,1,14,5,0,0,0,17,200,1,6,0,200,200,200,200,200
370228,0,35,2,2,0,1,0,2,0,0,0,5,0,1,9,0,1,0,0,200,200
370228,0,35,2,2,0,1,0,2,0,0,0,5,0,0,7,200,0,200,200,200,200
370228,1,35,2,2,0,1,0,2,0,0,0,5,0,200,200,200,200,200,200,200,200
370230,0,35,2,2,0,1,12,5,0,0,0,0,200,1,9,0,0,0,0,200,200
370230,0,35,2,2,0,1,12,5,0,0,0,0,200,1,6,0,0,0,0,200,200
370230,1,35,2,2,0,1,12,5,0,0,0,0,200,1,200,0,200,200,200,200,200
370233,0,30,0,0,0,1,7,7,0,0,0,200,200,0,200,200,200,200,200,200,200
370233,1,30,0,0,0,1,7,7,0,0,0,200,200,1,200,200,200,200,200,200,200
370234,0,55,0,0,0,1,12,6,0,0,0,21,200,0,200,200,4,200,0,200,200
370234,0,55,0,0,0,1,12,6,0,0,0,21,200,0,6,0,0,0,0,200,200
370234,1,55,0,0,0,1,12,6,0,0,0,21,200,0,6,0,200,200,200,200,200
370236,0,30,1,2,0,1,10,2,0,0,200,18,0,0,200,200,3,200,200,200,200
370236,0,30,1,2,0,1,10,2,0,0,200,18,0,0,8,0,0,0,0,200,200
370238,0,30,0,0,0,1,12,3,0,0,0,17,17,0,6,0,1,0,0,200,200
370238,0,30,0,0,0,1,12,3,0,0,0,17,17,0,6,0,0,0,0,200,200
370249,0,30,200,200,200,200,3,7,0,200,200,20,17,1,6,200,6,200,200,200,200
370249,0,30,200,200,200,200,3,7,0,200,200,20,17,0,7,200,12,200,200,200,200
370250,0,30,2,2,0,1,11,2,0,0,0,22,7,0,6,0,2,0,0,200,200
370250,0,30,2,2,0,1,11,2,0,0,0,22,7,0,5,0,0,0,0,200,200
370250,1,30,2,2,0,1,11,2,0,0,0,22,7,1,200,0,200,200,200,200,200
370250,1,30,2,2,0,1,11,2,0,0,0,22,7,0,200,0,200,200,200,200,200
370250,1,30,2,2,0,1,11,2,0,0,0,22,7,0,200,0,200,200,200,200,200
370250,1,30,2,2,0,1,11,2,0,0,0,22,7,1,200,0,200,200,200,200,200
370250,1,30,2,2,0,1,11,2,0,0,0,22,7,1,200,0,200,200,200,200,200
370250,1,30,2,2,0,1,11,2,0,0,0,22,7,1,200,0,200,200,200,200,200
370260,0,30,2,2,0,1,0,5,0,0,0,17,0,0,9,7,1,0,0,200,200
370260,0,30,2,2,0,1,0,5,0,0,0,17,0,1,5,0,0,0,0,200,200
370262,0,30,1,2,0,1,10,5,0,0,0,18,200,0,7,0,3,0,0,200,200
370262,0,30,1,2,0,1,10,5,0,0,0,18,200,0,6,0,0,0,0,200,200
370262,0,30,1,2,0,1,10,5,0,0,0,18,200,0,7,0,0,0,0,200,200
370263,0,30,2,2,0,1,8,12,0,0,0,0,200,0,200,0,1,0,0,200,200
370263,4,30,2,2,0,1,8,12,0,0,0,0,200,0,7,3,1,0,0,200,200
370263,1,30,2,2,0,1,8,12,0,0,0,0,200,0,7,0,200,200,200,200,200
370268,0,30,1,2,0,1,14,5,0,0,0,0,0,0,7,0,0,0,0,200,200
370268,0,30,1,2,0,1,14,5,0,0,0,0,0,0,200,200,200,200,200,200,200
370268,1,30,1,2,0,1,14,5,0,0,0,0,0,1,7,0,200,200,200,200,200
370270,0,30,1,2,0,1,14,3,0,0,0,23,0,0,200,200,7,0,0,200,200
370270,0,30,1,2,0,1,14,3,0,0,0,23,0,0,200,0,0,0,0,200,200
370273,0,30,2,2,0,1,8,12,0,0,0,17,200,0,6,0,0,0,0,200,200
370273,4,30,2,2,0,1,8,12,0,0,0,17,200,0,4,7,12,0,0,200,200
370274,0,30,200,200,0,1,12,200,0,0,200,200,200,0,200,200,1,200,200,200,200
370274,0,30,200,200,0,1,12,200,0,0,200,200,200,1,9,0,0,0,0,200,200
370279,0,30,0,0,200,200,7,6,0,200,200,200,200,2,200,200,200,200,200,200,200
370282,0,25,0,0,0,1,0,5,0,0,0,0,200,0,8,0,1,0,0,200,200
370282,0,25,0,0,0,1,0,5,0,0,0,0,200,1,5,0,0,0,0,200,200
370283,0,30,0,0,0,1,7,7,0,0,0,0,200,2,200,200,200,200,200,200,200
370285,0,30,0,0,0,1,12,200,0,0,0,22,200,1,7,200,4,200,200,200,200
370285,0,30,0,0,0,1,12,200,0,0,0,22,200,0,6,0,0,0,0,200,200
370287,0,30,1,2,0,1,10,2,0,0,0,16,18,0,5,7,3,0,0,200,200
370287,0,30,1,2,0,1,10,2,0,0,0,16,18,0,6,7,0,0,0,200,200