RD_NO,PERSON_TYPE,POSTED_SPEED_LIMIT,TRAFFIC_CONTROL_DEVICE,DEVICE_CONDITION,WEATHER_CONDITION,LIGHTING_CONDITION,FIRST_CRASH_TYPE,TRAFFICWAY_TYPE,ALIGNMENT,ROADWAY_SURFACE_COND,ROAD_DEFECT,PRIM_CONTRIBUTORY_CAUSE,SEC_CONTRIBUTORY_CAUSE,SEX,AGE,SAFETY_EQUIPMENT,DRIVER_ACTION,DRIVER_VISION,PHYSICAL_CONDITION,BAC_RESULT VALUE,CELL_PHONE_USE
370292,0,30,1,2,0,3,10,5,0,0,0,200,200,0,200,200,200,200,200,200,200
370292,0,30,1,2,0,3,10,5,0,0,0,200,200,0,7,0,0,0,0,200,200
370295,0,30,0,0,0,1,0,7,0,0,0,20,20,1,5,0,6,0,0,200,200
370295,0,30,0,0,0,1,0,7,0,0,0,20,20,0,5,0,0,0,0,200,200
370300,0,30,0,0,0,1,10,2,0,0,0,16,18,0,6,0,3,0,0,200,200
370300,0,30,0,0,0,1,10,2,0,0,0,16,18,1,4,0,0,0,0,200,200
370300,0,30,0,0,0,1,10,2,0,0,0,16,18,1,6,0,0,0,0,200,200
370300,1,30,0,0,0,1,10,2,0,0,0,16,18,1,7,0,200,200,200,200,200
370300,1,30,0,0,0,1,10,2,0,0,0,16,18,0,3,0,200,200,200,200,200
370300,1,30,0,0,0,1,10,2,0,0,0,16,18,1,2,0,200,200,200,200,200
370300,1,30,0,0,0,1,10,2,0,0,0,16,18,0,2,0,200,200,200,200,200
370301,0,30,1,2,0,1,0,5,0,0,0,6,200,0,5,0,5,0,0,200,200
370301,0,30,1,2,0,1,0,5,0,0,0,6,200,0,5,0,0,0,0,200,200
370303,0,30,0,0,0,1,10,5,0,0,0,18,200,0,5,0,3,0,0,200,200
370303,0,30,0,0,0,1,10,5,0,0,0,18,200,0,6,0,0,0,0,200,200
370303,1,30,0,0,0,1,10,5,0,0,0,18,200,1,200,200,200,200,200,200,200
370309,0,20,0,0,0,1,12,6,0,0,0,17,21,1,5,0,0,0,0,200,200
370309,0,20,0,0,0,1,12,6,0,0,0,17,21,0,200,200,4,200,200,200,200
370309,1,20,0,0,0,1,12,6,0,0,0,17,21,1,200,200,200,200,200,200,200
370317,0,30,200,200,0,1,7,200,0,0,0,200,13,2,200,200,200,200,200,200,200
370321,0,30,1,2,0,1,10,5,0,0,0,18,0,1,6,200,200,0,0,200,200
370321,0,30,1,2,0,1,10,5,0,0,0,18,0,0,8,200,200,0,0,200,200
370321,1,30,1,2,0,1,10,5,0,0,0,18,0,1,3,200,200,200,200,200,200
370321,1,30,1,2,0,1,10,5,0,0,0,18,0,0,0,5,200,200,200,200,200
370324,0,30,0,0,0,1,9,6,0,0,0,17,11,0,6,0,1,0,0,200,200
370324,5,30,0,0,0,1,9,6,0,0,0,17,11,0,5,7,0,200,200,200,200
370328,0,30,2,2,0,1,0,5,0,0,0,17,200,0,7,0,1,0,0,200,200
370328,0,30,2,2,0,1,0,5,0,0,0,17,200,0,5,0,0,0,0,200,200
370328,1,30,2,2,0,1,0,5,0,0,0,17,200,1,3,0,200,200,200,200,200
370333,0,30,2,2,0,1,10,6,0,0,0,20,0,0,200,200,6,200,200,200,200
370333,0,30,2,2,0,1,10,6,0,0,0,20,0,1,6,0,0,0,0,200,200
370334,0,30,1,2,0,1,10,2,0,0,0,0,200,0,6,0,3,0,0,200,200
370334,0,30,1,2,0,1,10,2,0,0,0,0,200,0,6,0,0,0,0,200,200
370334,1,30,1,2,0,1,10,2,0,0,0,0,200,1,200,0,200,200,200,200,200
370334,1,30,1,2,0,1,10,2,0,0,0,0,200,1,200,5,200,200,200,200,200
370334,1,30,1,2,0,1,10,2,0,0,0,0,200,1,200,0,200,200,200,200,200
370334,1,30,1,2,0,1,10,2,0,0,0,0,200,0,200,0,200,200,200,200,200
370334,1,30,1,2,0,1,10,2,0,0,0,0,200,1,200,0,200,200,200,200,200
370334,1,30,1,2,0,1,10,2,0,0,0,0,200,1,200,0,200,200,200,200,200
370335,0,30,0,0,0,1,4,2,0,0,0,200,200,1,7,200,0,0,0,200,200
370337,0,30,1,2,0,1,12,2,0,0,0,0,0,2,200,200,200,200,200,200,200
370337,0,30,1,2,0,1,12,2,0,0,0,0,0,0,6,0,0,0,0,200,200
370341,0,30,0,0,0,1,7,5,0,0,0,0,200,0,200,200,200,200,200,200,200
370354,0,30,0,0,0,1,12,5,0,0,0,0,0,0,5,0,200,0,0,200,200
370354,0,30,0,0,0,1,12,5,0,0,0,0,0,0,7,200,0,0,0,200,200
370354,1,30,0,0,0,1,12,5,0,0,0,0,0,1,200,0,200,200,200,200,200
370357,0,10,0,0,0,1,7,7,0,0,200,0,0,0,200,200,200,200,200,200,200
370359,0,30,2,2,0,1,0,5,0,0,0,0,200,1,5,0,1,0,0,200,200
370359,0,30,2,2,0,1,0,5,0,0,0,0,200,1,5,0,0,0,0,200,200
370359,1,30,2,2,0,1,0,5,0,0,0,0,200,1,6,0,200,200,200,200,200
370359,1,30,2,2,0,1,0,5,0,0,0,0,200,0,6,0,200,200,200,200,200
370360,0,30,200,200,0,1,11,7,0,0,200,0,200,1,7,200,200,200,0,200,200
370360,0,30,200,200,0,1,11,7,0,0,200,0,200,1,6,200,200,200,0,200,200
370362,0,30,0,0,0,1,10,2,0,0,0,18,16,1,6,0,3,0,0,200,200
370362,0,30,0,0,0,1,10,2,0,0,0,18,16,0,6,0,0,0,0,200,200
370367,0,30,1,2,0,1,10,3,0,0,0,0,200,0,6,200,12,200,200,200,200
370367,0,30,1,2,0,1,10,3,0,0,0,0,200,0,5,200,200,0,0,200,200
370369,0,30,0,0,0,1,14,2,0,0,0,17,200,0,200,200,6,200,200,200,200
370369,0,30,0,0,0,1,14,2,0,0,0,17,200,1,6,200,0,0,0,200,200
370370,0,35,0,0,0,1,10,5,0,0,0,22,22,1,6,0,2,0,0,200,200
370370,0,35,0,0,0,1,10,5,0,0,0,22,22,0,5,0,0,0,0,200,200
370370,0,35,0,0,0,1,10,5,0,0,0,22,22,1,5,0,0,0,0,200,200
370377,0,30,0,0,0,1,12,5,0,0,0,0,200,2,200,200,200,200,200,200,200
370377,0,30,0,0,0,1,12,5,0,0,0,0,200,0,6,0,0,0,0,200,200
370378,0,30,0,0,0,1,10,3,0,0,0,16,200,0,200,200,1,200,200,200,200
370378,0,30,0,0,0,1,10,3,0,0,0,16,200,0,6,200,0,200,0,200,200
370383,0,30,0,0,0,1,9,5,0,0,0,14,0,0,200,200,200,200,200,200,200
370383,5,30,0,0,0,1,9,5,0,0,0,14,0,0,5,200,0,200,200,200,200
370383,1,30,0,0,0,1,9,5,0,0,0,14,0,2,200,200,200,200,200,200,200
370385,0,30,0,0,0,1,10,5,0,0,0,7,200,1,5,0,12,0,0,200,200
370385,0,30,0,0,0,1,10,5,0,0,0,7,200,0,6,0,0,0,0,200,200
370388,0,30,200,200,0,1,4,5,0,0,0,0,0,1,6,200,200,200,200,200,200
370395,0,10,0,0,0,1,7,7,0,0,0,0,200,2,200,200,0,200,200,200,200
370401,0,30,0,0,1,1,7,5,0,0,200,0,0,0,6,200,200,0,0,200,200
370411,0,30,1,2,0,1,12,5,0,0,0,0,0,0,6,0,1,0,0,200,200
370411,0,30,1,2,0,1,12,5,0,0,0,0,0,1,7,0,0,0,0,200,200
370413,0,30,0,0,0,1,14,5,0,0,0,23,0,0,7,0,7,0,0,200,200
370413,0,30,0,0,0,1,14,5,0,0,0,23,0,0,5,0,0,0,0,200,200
370414,0,30,1,2,2,1,11,5,0,1,0,22,34,1,4,0,0,0,0,200,200
370414,0,30,1,2,2,1,11,5,0,1,0,22,34,0,200,200,12,200,200,200,200
370416,0,30,1,1,0,1,10,2,0,0,0,18,200,1,6,200,3,200,200,200,200
370416,0,30,1,1,0,1,10,2,0,0,0,18,200,1,7,200,0,0,0,200,200
370417,0,15,0,0,0,1,0,7,0,0,0,0,200,1,200,200,1,200,200,200,200
370417,0,15,0,0,0,1,0,7,0,0,0,0,200,1,6,200,0,0,0,200,200
370420,0,25,0,0,0,1,7,5,0,0,0,200,200,0,5,0,12,0,0,200,200
370426,0,30,0,0,0,1,7,7,0,0,0,200,200,1,200,200,200,200,200,200,200
370426,1,30,0,0,0,1,7,7,0,0,0,200,200,0,200,200,200,200,200,200,200
370427,0,25,1,2,0,200,7,2,0,0,200,200,200,2,200,200,200,200,200,200,200
370428,0,30,0,0,0,1,14,2,0,0,0,0,0,1,6,200,200,0,0,200,200
370428,0,30,0,0,0,1,14,2,0,0,0,0,0,1,4,200,200,0,0,200,200
370428,1,30,0,0,0,1,14,2,0,0,0,0,0,0,3,200,200,200,200,200,200
370428,1,30,0,0,0,1,14,2,0,0,0,0,0,0,0,5,200,200,200,200,200
370439,0,30,0,0,0,1,7,12,0,0,0,0,0,2,200,200,200,200,200,200,200
370445,0,25,200,200,0,1,7,6,0,0,0,22,200,1,200,200,2,200,0,200,200
370446,0,25,0,200,0,1,0,6,0,0,200,17,14,0,6,200,1,200,200,200,200
370446,0,25,0,200,0,1,0,6,0,0,200,17,14,0,200,7,0,200,0,200,200
370449,0,30,0,0,0,1,2,6,0,0,0,0,200,1,5,200,200,200,200,200,200
370450,0,20,0,0,0,1,7,5,0,0,0,20,0,1,5,0,10,0,0,200,200
370457,0,30,0,0,0,1,12,5,0,0,0,0,0,0,200,200,200,0,200,200,200
370457,0,30,0,0,0,1,12,5,0,0,0,0,0,1,200,0,200,0,0,200,200
370458,0,15,0,0,0,1,2,0,0,0,0,0,0,1,200,200,200,200,200,200,200
370458,1,15,0,0,0,1,2,0,0,0,0,0,0,1,200,200,200,200,200,200,200
370460,0,30,1,2,0,1,0,12,0,0,0,6,11,1,6,0,5,12,0,200,200
370460,0,30,1,2,0,1,0,12,0,0,0,6,11,1,5,0,0,0,0,200,200
370460,0,30,1,2,0,1,0,12,0,0,0,6,11,0,8,0,0,0,0,200,200
370460,1,30,1,2,0,1,0,12,0,0,0,6,11,0,6,0,200,200,200,200,200
370460,1,30,1,2,0,1,0,12,0,0,0,6,11,1,3,0,200,200,200,200,200
370460,1,30,1,2,0,1,0,12,0,0,0,6,11,1,5,0,200,200,200,200,200
370460,1,30,1,2,0,1,0,12,0,0,0,6,11,1,5,0,200,200,200,200,200
370460,1,30,1,2,0,1,0,12,0,0,0,6,11,0,5,0,200,200,200,200,200
370460,1,30,1,2,0,1,0,12,0,0,0,6,11,1,200,200,200,200,200,200,200
370470,0,30,1,2,1,1,10,5,0,0,0,0,0,1,200,200,200,200,200,200,200
370470,0,30,1,2,1,1,10,5,0,0,0,0,0,1,5,0,0,0,0,200,200
370474,0,30,1,2,0,1,10,5,0,0,0,20,200,0,5,200,6,0,0,200,200
370474,0,30,1,2,0,1,10,5,0,0,0,20,200,1,8,200,0,0,0,200,200
370474,1,30,1,2,0,1,10,5,0,0,0,20,200,1,3,200,200,200,200,200,200
370474,1,30,1,2,0,1,10,5,0,0,0,20,200,1,200,200,200,200,200,200,200
370483,0,30,0,0,0,1,14,5,0,0,0,17,200,0,200,200,7,200,200,200,200
370483,0,30,0,0,0,1,14,5,0,0,0,17,200,0,6,0,0,0,0,200,200
370483,1,30,0,0,0,1,14,5,0,0,0,17,200,0,200,0,200,200,200,200,200
370488,0,30,0,0,0,1,14,5,0,0,0,0,200,0,7,0,7,0,0,200,200
370488,0,30,0,0,0,1,14,5,0,0,0,0,200,0,6,0,0,0,0,200,200
370488,1,30,0,0,0,1,14,5,0,0,0,0,200,0,200,0,200,200,200,200,200
370488,1,30,0,0,0,1,14,5,0,0,0,0,200,1,200,0,200,200,200,200,200
370488,1,30,0,0,0,1,14,5,0,0,0,0,200,1,200,0,200,200,200,200,200
370510,0,30,0,0,0,1,11,5,0,0,200,0,0,1,200,200,200,200,200,200,200
370510,0,30,0,0,0,1,11,5,0,0,200,0,0,0,6,0,0,200,200,200,200
370513,0,30,1,2,0,1,10,3,0,0,0,20,200,1,200,200,6,200,200,200,200
370513,0,30,1,2,0,1,10,3,0,0,0,20,200,1,6,0,0,0,0,200,200
370517,0,30,1,2,0,1,14,5,0,0,0,6,200,1,5,200,5,0,0,200,200
370517,0,30,1,2,0,1,14,5,0,0,0,6,200,0,6,7,0,0,0,200,200
370520,0,25,1,2,0,1,10,5,0,0,0,18,200,2,200,200,3,200,200,200,200
370520,0,25,1,2,0,1,10,5,0,0,0,18,200,0,5,0,0,0,0,200,200
370520,1,25,1,2,0,1,10,5,0,0,0,18,200,1,7,0,200,200,200,200,200
370526,0,30,1,2,0,1,10,2,0,0,0,18,16,2,200,200,200,200,200,200,200
370526,0,30,1,2,0,1,10,2,0,0,0,18,16,0,6,200,0,0,0,200,200
370528,0,20,1,2,0,1,10,12,0,0,0,18,18,0,5,200,8,200,0,200,200
370528,0,20,1,2,0,1,10,12,0,0,0,18,18,0,5,0,0,0,0,200,200
370528,1,20,1,2,0,1,10,12,0,0,0,18,18,0,200,200,200,200,200,200,200
370536,0,20,0,0,0,1,0,6,0,0,0,17,33,0,5,200,0,0,0,200,200
370536,0,20,0,0,0,1,0,6,0,0,0,17,33,0,9,200,1,5,0,200,200
370538,0,30,0,0,0,1,7,0,0,0,0,18,200,0,7,0,3,0,0,200,200
370541,0,30,0,0,0,4,7,2,0,0,0,18,200,0,7,0,6,0,0,200,200
370546,0,30,0,0,0,1,10,2,0,0,0,0,200,2,200,200,200,200,200,200,200
370546,0,30,0,0,0,1,10,2,0,0,0,0,200,0,6,200,200,200,0,200,200
370549,0,30,0,0,0,1,7,7,0,0,0,0,0,2,200,200,200,200,200,200,200
370552,0,30,0,0,0,1,7,6,0,0,0,20,200,1,200,200,6,200,200,200,200
370555,0,30,0,0,200,200,14,5,0,200,200,0,0,0,6,200,200,200,0,200,200
370555,0,30,0,0,200,200,14,5,0,200,200,0,0,0,200,200,200,200,200,200,200
370559,0,30,0,0,0,1,7,6,0,0,0,0,200,0,0,200,200,200,0,200,200
370560,0,30,200,200,0,1,7,5,0,0,0,0,0,2,200,200,200,200,200,200,200
370561,0,30,0,0,200,200,7,12,0,200,200,0,0,0,200,200,200,200,200,200,200
370563,0,30,1,2,0,1,0,5,0,0,0,0,0,0,200,200,12,200,200,200,200
370563,0,30,1,2,0,1,0,5,0,0,0,0,0,1,200,200,0,0,0,200,200
370574,0,30,1,2,0,1,0,5,0,0,0,6,0,0,8,0,5,0,0,200,200
370574,0,30,1,2,0,1,0,5,0,0,0,6,0,1,4,0,0,0,0,200,200
370574,1,30,1,2,0,1,0,5,0,0,0,6,0,1,9,0,200,200,200,200,200
370574,1,30,1,2,0,1,0,5,0,0,0,6,0,1,4,0,200,200,200,200,200
370574,1,30,1,2,0,1,0,5,0,0,0,6,0,1,4,0,200,200,200,200,200
370579,0,30,200,200,0,2,10,5,0,200,200,18,16,0,7,200,3,200,200,200,200
370579,0,30,200,200,0,2,10,5,0,200,200,18,16,0,5,200,0,200,200,200,200
370580,0,0,0,0,0,1,7,5,0,0,0,11,0,0,5,200,200,200,200,200,200
370580,1,0,0,0,0,1,7,5,0,0,0,11,0,0,8,200,200,200,200,200,200
370580,1,0,0,0,0,1,7,5,0,0,0,11,0,1,5,200,200,200,200,200,200
370580,1,0,0,0,0,1,7,5,0,0,0,11,0,0,8,200,200,200,200,200,200
370585,0,30,2,2,0,1,14,5,2,0,0,23,200,0,7,0,7,0,0,200,200
370585,0,30,2,2,0,1,14,5,2,0,0,23,200,1,5,0,0,0,0,200,200
370591,0,30,2,2,0,1,14,5,0,0,0,0,0,1,4,0,12,0,0,200,200
370591,0,30,2,2,0,1,14,5,0,0,0,0,0,1,4,0,0,0,0,200,200
370592,0,30,0,0,0,1,10,5,0,0,0,0,200,2,200,200,200,200,200,200,200
370592,0,30,0,0,0,1,10,5,0,0,0,0,200,0,9,0,0,0,0,200,200
370592,1,30,0,0,0,1,10,5,0,0,0,0,200,0,9,0,200,200,200,200,200
370592,1,30,0,0,0,1,10,5,0,0,0,0,200,1,9,0,200,200,200,200,200
370592,1,30,0,0,0,1,10,5,0,0,0,0,200,1,8,0,200,200,200,200,200
370594,0,30,0,0,0,1,10,5,0,0,0,18,200,0,200,200,200,0,0,200,200
370594,0,30,0,0,0,1,10,5,0,0,0,18,200,0,6,200,0,0,0,200,200
370605,0,30,0,0,0,1,7,6,0,0,0,25,16,0,200,200,8,200,200,200,200
370622,0,30,1,2,0,1,10,5,0,0,200,0,0,0,200,200,200,200,200,200,200
370622,0,30,1,2,0,1,10,5,0,0,200,0,0,0,8,0,0,0,0,200,200
370622,1,30,1,2,0,1,10,5,0,0,200,0,0,0,200,200,200,200,200,200,200
370622,1,30,1,2,0,1,10,5,0,0,200,0,0,1,7,0,200,200,200,200,200
370639,0,30,0,0,0,1,8,5,0,0,0,17,200,0,5,0,1,12,0,200,200
370639,4,30,0,0,0,1,8,5,0,0,0,17,200,1,5,3,0,12,0,200,200
370642,0,30,0,0,0,1,7,6,0,0,0,0,200,2,200,200,200,200,200,200,200
370644,0,25,0,0,0,1,7,5,0,0,0,0,0,2,200,200,200,200,200,200,200
370646,0,30,0,0,0,1,7,6,0,0,0,0,200,1,200,200,0,200,200,200,200
370652,0,30,0,0,0,1,10,5,0,0,0,18,0,0,200,200,3,200,200,200,200
370652,0,30,0,0,0,1,10,5,0,0,0,18,0,0,9,0,0,0,0,200,200
370652,1,30,0,0,0,1,10,5,0,0,0,18,0,1,200,0,200,200,200,200,200
370671,0,30,0,0,0,0,7,2,0,0,0,25,200,1,5,200,12,0,0,200,200
370672,0,30,1,2,0,1,3,5,0,0,0,25,16,0,5,0,0,0,0,200,200
370672,0,30,1,2,0,1,3,5,0,0,0,25,16,0,3,200,12,0,0,200,200
370672,1,30,1,2,0,1,3,5,0,0,0,25,16,0,5,200,200,200,200,200,200
370672,1,30,1,2,0,1,3,5,0,0,0,25,16,0,3,200,200,200,200,200,200
370679,0,30,0,0,0,1,7,5,0,0,0,16,0,0,200,200,1,200,200,200,200
370682,0,35,0,0,0,1,8,5,0,0,0,0,0,2,200,200,1,200,200,200,200
370682,4,35,0,0,0,1,8,5,0,0,0,0,0,0,6,2,200,200,5,200,200
370685,0,30,0,0,0,1,7,200,0,0,0,25,20,1,200,200,10,200,200,200,200
370695,0,15,200,200,0,1,7,6,0,0,0,0,0,2,200,200,200,200,200,200,200
370703,0,35,1,2,0,4,14,3,0,0,0,17,200,0,0,200,1,0,0,200,200
370703,0,35,1,2,0,4,14,3,0,0,0,17,200,1,5,200,200,0,0,200,200
370703,1,35,1,2,0,4,14,3,0,0,0,17,200,1,6,200,200,200,200,200,200
370703,1,35,1,2,0,4,14,3,0,0,0,17,200,0,3,200,200,200,200,200,200
370703,1,35,1,2,0,4,14,3,0,0,0,17,200,0,1,200,200,200,200,200,200
370703,1,35,1,2,0,4,14,3,0,0,0,17,200,1,3,200,200,200,200,200,200
370711,0,35,3,2,2,4,7,5,0,0,0,20,200,0,6,0,6,0,0,200,200
370714,0,30,1,2,0,0,0,2,0,0,0,0,0,1,5,200,1,0,0,200,200
370714,0,30,1,2,0,0,0,2,0,0,0,0,0,0,200,200,14,0,0,200,200
370714,1,30,1,2,0,0,0,2,0,0,0,0,0,1,5,200,200,200,200,200,200
370714,1,30,1,2,0,0,0,2,0,0,0,0,0,0,200,200,200,200,200,200,200
370720,0,30,1,2,0,200,0,5,0,200,200,21,23,1,3,200,7,200,200,200,200
370720,0,30,1,2,0,200,0,5,0,200,200,21,23,0,200,200,0,200,200,200,200
370729,0,30,0,0,0,3,9,5,0,0,0,0,0,0,6,200,12,200,200,200,200
370729,5,30,0,0,0,3,9,5,0,0,0,0,0,0,2,200,0,200,0,200,200
370736,0,30,0,0,0,4,7,6,0,0,0,27,0,0,6,200,200,200,200,200,200
370772,0,30,3,2,0,3,14,5,0,0,0,17,17,0,5,0,7,0,0,200,200
370772,0,30,3,2,0,3,14,5,0,0,0,17,17,0,7,0,0,0,0,200,200
370772,1,30,3,2,0,3,14,5,0,0,0,17,17,0,5,0,200,200,200,200,200
370772,1,30,3,2,0,3,14,5,0,0,0,17,17,0,5,0,200,200,200,200,200
370772,1,30,3,2,0,3,14,5,0,0,0,17,17,1,200,0,200,200,200,200,200
370779,0,30,2,2,0,3,0,5,0,0,0,17,11,0,200,0,1,0,0,200,200
370779,0,30,2,2,0,3,0,5,0,0,0,17,11,0,4,0,0,0,0,200,200
370779,1,30,2,2,0,3,0,5,0,0,0,17,11,1,5,0,200,200,200,200,200
370783,0,30,1,2,0,3,14,5,0,0,0,23,200,0,6,0,7,0,0,200,200
370783,0,30,1,2,0,3,14,5,0,0,0,23,200,0,6,0,0,0,0,200,200
370783,1,30,1,2,0,3,14,5,0,0,0,23,200,1,6,0,200,200,200,200,200
370783,1,30,1,2,0,3,14,5,0,0,0,23,200,1,6,0,200,200,200,200,200
370789,0,30,2,2,0,3,0,5,0,0,0,17,200,0,6,200,1,200,0,200,200
370789,0,30,2,2,0,3,0,5,0,0,0,17,200,1,6,200,0,200,0,200,200
370789,0,30,2,2,0,3,0,5,0,0,0,17,200,1,6,200,0,200,0,200,200
370789,1,30,2,2,0,3,0,5,0,0,0,17,200,1,6,200,200,200,200,200,200
370789,1,30,2,2,0,3,0,5,0,0,0,17,200,1,3,200,200,200,200,200,200
370789,1,30,2,2,0,3,0,5,0,0,0,17,200,1,1,200,200,200,200,200,200
370789,1,30,2,2,0,3,0,5,0,0,0,17,200,1,2,5,200,200,200,200,200
370797,0,30,0,0,0,1,2,5,0,0,0,11,8,0,5,0,8,12,0,200,200
370798,0,30,0,0,0,3,10,5,0,0,0,18,16,0,5,200,3,0,0,200,200
370798,0,30,0,0,0,3,10,5,0,0,0,18,16,0,7,200,3,0,0,200,200
370798,1,30,0,0,0,3,10,5,0,0,0,18,16,1,7,200,200,200,200,200,200
370803,0,30,0,0,0,3,14,5,0,0,0,17,200,1,6,0,1,0,0,200,200
370803,0,30,0,0,0,3,14,5,0,0,0,17,200,0,5,0,0,0,0,200,200
370803,1,30,0,0,0,3,14,5,0,0,0,17,200,1,4,0,200,200,200,200,200
370803,1,30,0,0,0,3,14,5,0,0,0,17,200,1,3,0,200,200,200,200,200
370803,1,30,0,0,0,3,14,5,0,0,0,17,200,1,2,0,200,200,200,200,200
370809,0,30,1,2,0,3,12,5,0,0,0,22,200,0,200,200,4,200,0,200,200
370809,0,30,1,2,0,3,12,5,0,0,0,22,200,1,5,200,200,200,200,200,200
370812,0,30,0,0,0,3,14,5,0,0,0,8,8,0,6,0,7,0,0,200,200
370812,0,30,0,0,0,3,14,5,0,0,0,8,8,0,7,0,0,0,0,200,200
370812,1,30,0,0,0,3,14,5,0,0,0,8,8,1,200,0,200,200,200,200,200
370812,1,30,0,0,0,3,14,5,0,0,0,8,8,1,200,0,200,200,200,200,200
370812,1,30,0,0,0,3,14,5,0,0,0,8,8,0,200,7,200,200,200,200,200
370812,1,30,0,0,0,3,14,5,0,0,0,8,8,0,200,0,200,200,200,200,200
370812,1,30,0,0,0,3,14,5,0,0,0,8,8,0,6,0,200,200,200,200,200
370821,0,0,1,2,0,1,2,12,0,0,0,0,0,0,7,0,12,0,0,200,200
370829,0,20,0,0,0,0,7,6,0,0,0,0,200,2,200,200,200,200,200,200,200
370833,0,30,1,2,0,3,8,6,0,0,0,200,200,0,7,200,200,0,0,200,200
370833,4,30,1,2,0,3,8,6,0,0,0,200,200,0,5,200,200,0,0,200,200
370855,0,10,0,0,0,0,10,7,0,0,0,20,17,0,200,200,6,200,200,200,200
370855,0,10,0,0,0,0,10,7,0,0,0,20,17,1,5,200,0,0,0,200,200
370857,0,30,0,0,0,3,10,2,0,0,0,0,200,0,8,200,12,200,200,200,200
370857,0,30,0,0,0,3,10,2,0,0,0,0,200,0,4,0,0,0,0,200,200
370858,0,35,1,2,0,3,14,2,0,0,0,17,15,0,6,0,1,0,0,200,200
370858,0,35,1,2,0,3,14,2,0,0,0,17,15,1,6,0,12,0,0,200,200
370858,0,35,1,2,0,3,14,2,0,0,0,17,15,0,6,0,12,0,0,200,200
370859,0,30,2,2,0,3,14,6,0,0,200,22,21,0,200,200,2,200,200,200,200
370859,0,30,2,2,0,3,14,6,0,0,200,22,21,1,6,0,0,200,0,200,200
370859,1,30,2,2,0,3,14,6,0,0,200,22,21,1,200,0,200,200,200,200,200
370859,1,30,2,2,0,3,14,6,0,0,200,22,21,200,200,0,200,200,200,200,200
370860,0,30,0,0,0,3,14,5,0,0,0,0,0,2,200,200,200,200,200,200,200
370860,0,30,0,0,0,3,14,5,0,0,0,0,0,1,6,0,200,0,0,200,200
370880,0,30,1,2,0,1,10,2,0,200,200,18,16,1,200,200,5,200,200,200,200
370880,0,30,1,2,0,1,10,2,0,200,200,18,16,0,3,200,0,200,0,200,200
370883,0,30,0,0,0,3,12,6,0,0,0,22,0,0,6,200,2,200,200,200,200
370883,0,30,0,0,0,3,12,6,0,0,0,22,0,0,5,200,12,0,0,200,200
370884,0,30,1,200,0,3,10,5,0,0,200,0,200,0,200,200,200,200,200,200,200
370884,0,30,1,200,0,3,10,5,0,0,200,0,200,0,6,0,0,200,0,200,200
370890,0,30,0,0,0,3,7,6,0,0,0,0,200,2,200,200,200,200,200,200,200
370892,0,30,0,0,0,1,12,5,0,0,0,17,0,1,6,0,200,0,0,200,200
370892,0,30,0,0,0,1,12,5,0,0,0,17,0,0,7,0,0,0,200,200,200
370899,0,25,0,0,0,1,10,6,0,0,200,18,0,2,200,200,3,200,200,200,200
370899,0,25,0,0,0,1,10,6,0,0,200,18,0,1,6,0,3,0,0,200,200
370899,0,25,0,0,0,1,10,6,0,0,200,18,0,0,9,200,0,0,200,200,200
370912,0,30,1,2,0,3,0,5,0,0,0,6,200,0,6,200,5,0,0,200,200
370912,0,30,1,2,0,3,0,5,0,0,0,6,200,0,6,0,0,0,0,200,200
370920,0,45,0,0,0,3,12,3,2,0,2,21,22,1,6,0,4,0,0,200,200
370920,0,45,0,0,0,3,12,3,2,0,2,21,22,1,5,0,4,0,0,200,200
370926,0,30,1,2,0,3,10,5,0,0,0,200,200,1,6,200,200,200,200,200,200
370926,0,30,1,2,0,3,10,5,0,0,0,200,200,1,6,200,0,0,0,200,200
370926,1,30,1,2,0,3,10,5,0,0,0,200,200,1,200,200,200,200,200,200,200
370931,0,20,0,12,0,3,7,5,0,0,0,16,0,0,5,200,200,0,0,200,200
370932,0,30,0,0,200,200,7,2,0,200,200,0,0,2,200,200,200,200,200,200,200
370957,0,30,0,0,0,3,10,5,0,0,0,0,0,0,7,200,200,0,12,200,200
370957,0,30,0,0,0,3,10,5,0,0,0,0,0,1,3,0,0,0,0,200,200
370960,0,30,1,2,0,3,14,2,0,0,0,17,200,0,4,0,1,0,0,200,200
370960,0,30,1,2,0,3,14,2,0,0,0,17,200,1,6,0,12,0,0,200,200
370960,1,30,1,2,0,3,14,2,0,0,0,17,200,1,4,0,200,200,200,200,200
370969,0,30,0,0,0,3,7,6,0,0,0,200,200,1,6,200,200,200,200,0.21,200
370971,0,30,0,0,0,3,7,6,0,0,0,11,200,0,5,1,12,0,0,200,200
370971,1,30,0,0,0,3,7,6,0,0,0,11,200,1,5,0,200,200,200,200,200
370979,0,25,1,200,0,0,0,2,0,0,200,0,0,0,4,200,200,200,200,200,200
370979,0,25,1,200,0,0,0,2,0,0,200,0,0,0,200,200,200,200,200,200,200
370979,1,25,1,200,0,0,0,2,0,0,200,0,0,0,4,200,200,200,200,200,200