RD_NO,PERSON_TYPE,POSTED_SPEED_LIMIT,TRAFFIC_CONTROL_DEVICE,DEVICE_CONDITION,WEATHER_CONDITION,LIGHTING_CONDITION,FIRST_CRASH_TYPE,TRAFFICWAY_TYPE,ALIGNMENT,ROADWAY_SURFACE_COND,ROAD_DEFECT,PRIM_CONTRIBUTORY_CAUSE,SEC_CONTRIBUTORY_CAUSE,SEX,AGE,SAFETY_EQUIPMENT,DRIVER_ACTION,DRIVER_VISION,PHYSICAL_CONDITION,BAC_RESULT VALUE,CELL_PHONE_USE
370979,1,25,1,200,0,0,0,2,0,0,200,0,0,0,200,200,200,200,200,200,200
370981,0,30,1,2,0,3,10,2,0,0,0,16,18,0,5,0,3,0,0,200,200
370981,0,30,1,2,0,3,10,2,0,0,0,16,18,1,7,0,3,0,0,200,200
370981,1,30,1,2,0,3,10,2,0,0,0,16,18,0,6,0,200,200,200,200,200
370981,1,30,1,2,0,3,10,2,0,0,0,16,18,0,7,0,200,200,200,200,200
370993,0,30,1,2,0,3,10,5,0,0,0,32,32,1,5,200,1,200,5,200,200
370993,0,30,1,2,0,3,10,5,0,0,0,32,32,0,6,0,0,200,200,200,200
370993,1,30,1,2,0,3,10,5,0,0,0,32,32,1,5,200,200,200,200,200,200
370999,0,30,0,0,0,3,7,5,0,0,0,0,0,2,200,200,200,200,200,200,200
371000,0,30,0,2,0,0,10,2,0,0,200,0,200,0,6,200,200,200,0,200,200
371000,0,30,0,2,0,0,10,2,0,0,200,0,200,1,200,200,200,200,200,200,200
371002,0,15,0,0,0,3,2,0,0,0,0,0,25,2,200,200,200,200,200,200,200
371006,0,30,0,3,0,3,5,3,3,0,0,14,0,2,200,200,200,200,200,200,200
371010,0,15,0,0,0,3,2,0,0,0,0,0,200,2,200,200,200,200,200,200,200
371011,0,30,0,0,0,3,2,7,0,0,0,25,19,1,5,1,200,200,200,200,200
371014,0,30,1,2,0,3,9,5,0,0,0,0,200,1,7,200,1,0,0,200,200
371014,5,30,1,2,0,3,9,5,0,0,0,0,200,0,5,7,0,0,0,200,200
371020,0,30,0,0,0,3,7,2,0,0,0,16,200,0,5,200,8,0,0,200,200
371020,1,30,0,0,0,3,7,2,0,0,0,16,200,1,5,200,200,200,200,200,200
371026,0,35,200,200,0,3,7,2,0,0,200,0,200,2,200,200,200,200,200,200,200
371027,0,45,0,0,0,3,2,3,0,0,0,0,0,2,200,200,200,200,200,200,200
371035,0,30,0,0,0,3,2,5,0,0,0,32,32,0,4,200,200,200,0,200,200
371049,0,30,0,0,0,3,7,6,0,0,0,16,200,0,6,0,8,200,200,200,200
371052,0,35,1,200,0,3,0,5,0,0,0,0,0,0,5,200,200,0,0,200,200
371052,0,35,1,200,0,3,0,5,0,0,0,0,0,0,6,200,200,0,0,200,200
371056,0,30,0,0,0,3,2,0,0,0,0,0,0,0,5,0,12,0,0,200,200
371059,0,30,2,2,0,3,0,2,0,0,0,17,0,2,200,200,1,200,200,200,200
371059,0,30,2,2,0,3,0,2,0,0,0,17,0,0,5,0,14,200,0,200,200
371059,1,30,2,2,0,3,0,2,0,0,0,17,0,1,6,0,200,200,200,200,200
371064,5,30,0,0,0,0,9,5,0,0,200,0,0,1,3,200,200,200,0,200,200
371064,0,30,0,0,0,0,9,5,0,0,200,0,0,2,200,200,200,200,200,200,200
371070,0,45,0,0,0,2,5,2,0,0,200,0,0,0,7,200,12,200,0,200,200
371071,0,30,1,2,0,1,14,5,0,0,0,17,200,0,6,1,200,0,0,200,200
371071,0,30,1,2,0,1,14,5,0,0,0,17,200,0,7,0,200,0,0,200,200
371097,0,25,0,0,0,0,7,5,0,0,0,14,200,2,200,200,200,200,200,200,200
371098,0,30,1,2,0,1,2,5,0,0,0,18,18,0,5,0,200,0,0,200,200
371098,0,30,1,2,0,1,2,5,0,0,0,18,18,1,7,0,0,0,0,200,200
371100,0,0,0,0,0,1,5,3,2,0,0,12,200,0,6,200,0,0,0,200,200
371100,1,0,0,0,0,1,5,3,2,0,0,12,200,0,5,200,200,200,200,200,200
371106,0,30,2,2,0,1,14,5,0,0,0,17,200,0,5,0,1,0,0,200,200
371106,0,30,2,2,0,1,14,5,0,0,0,17,200,0,7,0,0,0,0,200,200
371106,1,30,2,2,0,1,14,5,0,0,0,17,200,1,5,0,200,200,200,200,200
371108,0,30,1,2,0,1,14,5,0,0,0,23,17,0,200,200,7,0,0,200,200
371108,0,30,1,2,0,1,14,5,0,0,0,23,17,0,6,0,0,0,0,200,200
371108,1,30,1,2,0,1,14,5,0,0,0,23,17,0,200,0,200,200,200,200,200
371111,0,30,2,2,0,1,12,5,0,0,0,0,0,1,7,200,0,12,200,200,200
371111,0,30,2,2,0,1,12,5,0,0,0,0,0,0,7,0,0,0,0,200,200
371113,0,30,0,0,0,1,7,6,0,0,0,0,200,1,5,200,10,200,200,200,200
371116,0,35,0,0,0,1,2,5,0,0,0,0,0,1,200,200,200,200,200,200,200
371117,0,30,2,2,0,1,10,5,0,0,0,0,0,2,200,200,200,200,200,200,200
371117,0,30,2,2,0,1,10,5,0,0,0,0,0,0,7,200,0,0,0,200,200
371120,0,25,0,0,0,1,12,12,3,0,0,22,200,1,200,200,2,200,200,200,200
371120,0,25,0,0,0,1,12,12,3,0,0,22,200,1,5,0,0,0,0,200,200
371122,0,30,0,0,0,1,14,2,0,0,0,18,0,2,200,200,3,200,200,200,200
371122,0,30,0,0,0,1,14,2,0,0,0,18,0,0,7,0,0,0,0,200,200
371126,0,30,2,2,0,1,14,5,0,0,0,0,0,2,200,200,5,200,200,200,200
371126,0,30,2,2,0,1,14,5,0,0,0,0,0,0,6,0,0,0,0,200,200
371128,0,30,1,2,0,1,14,5,0,0,0,0,0,1,7,1,200,0,0,200,200
371128,0,30,1,2,0,1,14,5,0,0,0,0,0,0,5,200,200,200,200,200,200
371128,1,30,1,2,0,1,14,5,0,0,0,0,0,1,5,200,200,200,200,200,200
371133,0,25,0,0,200,200,7,5,0,200,200,21,0,2,200,200,4,200,200,200,200
371140,0,30,1,2,0,1,10,5,0,0,0,0,27,1,7,0,12,0,12,200,200
371140,0,30,1,2,0,1,10,5,0,0,0,0,27,1,7,200,0,0,0,200,200
371140,1,30,1,2,0,1,10,5,0,0,0,0,27,1,6,200,200,200,200,200,200
371142,0,35,1,2,0,1,10,5,0,0,0,33,200,0,6,0,12,6,0,200,200
371142,1,35,1,2,0,1,10,5,0,0,0,33,200,1,4,200,200,200,200,200,200
371144,0,30,1,2,0,1,2,5,0,0,0,0,0,0,6,200,12,200,200,200,200
371144,0,30,1,2,0,1,2,5,0,0,0,0,0,1,7,0,0,0,0,200,200
371146,0,0,0,0,0,1,7,5,0,0,0,21,21,0,200,200,2,200,200,200,200
371147,0,30,0,0,0,1,3,5,0,0,0,20,0,0,7,200,6,200,200,200,200
371147,0,30,0,0,0,1,3,5,0,0,0,20,0,0,6,0,0,0,0,200,200
371157,0,30,2,200,200,200,7,5,0,0,0,0,200,2,200,200,200,200,200,200,200
371161,0,15,0,0,200,200,7,7,0,200,0,0,200,2,200,200,200,200,200,200,200
371166,0,30,1,1,0,1,12,5,0,0,0,0,0,0,7,200,200,200,200,200,200
371166,0,30,1,1,0,1,12,5,0,0,0,0,0,0,6,200,200,200,200,200,200
371172,0,20,0,0,0,1,7,5,0,0,0,7,200,0,6,0,12,0,0,200,200
371181,0,25,0,0,0,1,7,5,0,0,0,0,200,0,5,7,6,0,0,200,200
371183,0,15,0,0,200,200,7,7,0,200,0,0,200,0,200,200,200,200,200,200,200
371183,1,15,0,0,200,200,7,7,0,200,0,0,200,200,200,200,200,200,200,200,200
371186,0,30,0,0,0,1,10,5,0,0,0,18,200,1,5,0,3,0,0,200,200
371186,0,30,0,0,0,1,10,5,0,0,0,18,200,0,7,0,0,0,0,200,200
371186,1,30,0,0,0,1,10,5,0,0,0,18,200,0,200,0,200,200,200,200,200
371189,0,30,0,0,0,1,7,7,0,0,0,33,0,0,6,1,12,0,0,200,200
371195,0,30,2,0,0,1,11,2,0,1,0,0,200,0,200,200,1,200,200,200,200
371195,0,30,2,0,0,1,11,2,0,1,0,0,200,1,6,0,0,0,0,200,200
371202,0,30,0,0,0,1,12,5,0,0,0,0,200,1,5,0,0,0,0,200,200
371202,0,30,0,0,0,1,12,5,0,0,0,0,200,1,200,200,0,200,200,200,200
371203,0,30,0,0,0,1,12,3,0,0,0,17,200,0,5,200,1,0,0,200,200
371203,0,30,0,0,0,1,12,3,0,0,0,17,200,1,5,0,0,0,0,200,200
371203,1,30,0,0,0,1,12,3,0,0,0,17,200,200,200,0,200,200,200,200,200
371203,1,30,0,0,0,1,12,3,0,0,0,17,200,1,0,0,200,200,200,200,200
371203,1,30,0,0,0,1,12,3,0,0,0,17,200,0,0,0,200,200,200,200,200
371203,1,30,0,0,0,1,12,3,0,0,0,17,200,0,200,200,200,200,200,200,200
371203,1,30,0,0,0,1,12,3,0,0,0,17,200,0,200,200,200,200,200,200,200
371204,0,30,0,0,0,1,10,5,0,0,0,18,0,0,7,200,3,200,200,200,200
371204,0,30,0,0,0,1,10,5,0,0,0,18,0,1,7,0,0,0,0,200,200
371204,1,30,0,0,0,1,10,5,0,0,0,18,0,1,5,0,200,200,200,200,200
371205,0,30,0,0,0,1,0,5,0,0,0,0,0,0,200,200,200,200,200,200,200
371205,0,30,0,0,0,1,0,5,0,0,0,0,0,1,4,0,0,0,0,200,200
371206,4,30,0,0,0,1,8,6,0,0,0,21,0,0,5,3,200,0,0,200,200
371206,0,30,0,0,0,1,8,6,0,0,0,21,0,0,6,0,0,0,0,200,200
371209,0,30,1,2,0,1,12,2,0,0,0,21,22,1,5,0,2,0,0,200,200
371209,0,30,1,2,0,1,12,2,0,0,0,21,22,1,6,200,0,0,0,200,200
371210,0,30,1,2,0,1,14,2,0,0,0,18,0,0,200,0,8,0,0,200,200
371210,0,30,1,2,0,1,14,2,0,0,0,18,0,1,6,0,0,0,0,200,200
371219,0,30,0,0,0,1,7,6,0,0,0,0,0,0,200,200,200,200,200,200,200
371220,0,30,1,2,0,1,10,5,0,0,0,0,0,1,5,0,4,0,0,200,200
371220,0,30,1,2,0,1,10,5,0,0,0,0,0,1,5,0,0,0,0,200,200
371220,1,30,1,2,0,1,10,5,0,0,0,0,0,1,5,0,200,200,200,200,200
371223,0,30,1,0,0,1,10,3,0,0,0,17,17,0,6,200,1,200,200,200,200
371223,0,30,1,0,0,1,10,3,0,0,0,17,17,0,7,0,0,0,0,200,200
371224,0,30,2,2,0,3,9,6,0,0,0,17,200,2,200,200,1,200,200,200,200
371224,5,30,2,2,0,3,9,6,0,0,0,17,200,1,5,7,0,200,200,200,200
371233,0,20,0,0,0,1,7,6,0,0,0,0,0,2,200,200,200,200,200,200,200
371237,0,30,0,0,0,1,12,5,0,0,0,21,0,1,200,200,4,200,200,200,200
371237,0,30,0,0,0,1,12,5,0,0,0,21,0,1,7,0,0,0,0,200,200
371245,0,30,0,0,0,1,7,5,0,0,0,33,20,0,7,0,6,12,0,200,200
371251,0,30,1,2,0,1,0,12,0,0,0,6,6,1,5,0,5,6,0,200,200
371251,0,30,1,2,0,1,0,12,0,0,0,6,6,1,6,0,0,0,0,200,200
371266,0,20,0,0,0,1,12,2,0,0,0,17,22,0,200,200,1,0,200,200,200
371266,0,20,0,0,0,1,12,2,0,0,0,17,22,0,6,200,0,0,0,200,200
371279,0,30,0,0,0,1,10,2,0,0,0,200,200,0,6,0,12,0,0,200,200
371279,0,30,0,0,0,1,10,2,0,0,0,200,200,1,6,0,0,0,0,200,200
371279,1,30,0,0,0,1,10,2,0,0,0,200,200,0,6,0,200,200,200,200,200
371288,0,30,0,0,200,200,7,3,0,200,200,0,200,2,200,200,200,200,200,200,200
371291,0,25,2,2,0,1,12,5,0,0,0,22,22,0,200,200,2,200,200,200,200
371291,0,25,2,2,0,1,12,5,0,0,0,22,22,0,6,0,0,0,0,200,200
371294,0,30,0,0,0,3,7,5,0,0,0,0,0,2,200,200,200,200,200,200,200
371300,0,10,0,0,0,1,7,7,0,0,0,0,11,1,200,200,6,200,200,200,200
371301,0,30,0,0,0,1,7,12,2,0,0,0,0,0,5,200,12,0,0,200,200
371301,1,30,0,0,0,1,7,12,2,0,0,0,0,200,200,1,200,200,200,200,200
371302,0,30,0,0,0,1,7,6,0,0,0,0,200,1,6,0,8,200,0,200,200
371312,0,30,0,0,0,0,7,2,0,0,0,0,200,2,200,200,200,200,200,200,200
371314,0,30,1,2,200,1,14,5,0,200,200,0,0,2,200,200,1,200,200,200,200
371314,0,30,1,2,200,1,14,5,0,200,200,0,0,1,7,200,0,200,0,200,200
371324,0,30,0,0,0,1,10,5,0,0,0,17,0,0,6,0,7,0,0,200,200
371324,0,30,0,0,0,1,10,5,0,0,0,17,0,0,5,0,0,0,0,200,200
371326,0,30,1,2,0,1,10,1,0,0,0,18,200,1,6,0,3,0,0,200,200
371326,0,30,1,2,0,1,10,1,0,0,0,18,200,1,7,0,0,0,0,200,200
371326,1,30,1,2,0,1,10,1,0,0,0,18,200,0,1,5,200,200,200,200,200
371326,1,30,1,2,0,1,10,1,0,0,0,18,200,0,1,5,200,200,200,200,200
371326,1,30,1,2,0,1,10,1,0,0,0,18,200,1,0,5,200,200,200,200,200
371336,0,30,0,0,0,3,14,5,0,0,0,22,10,2,200,200,200,200,200,200,200
371336,0,30,0,0,0,3,14,5,0,0,0,22,10,0,6,0,0,0,0,200,200
371338,0,0,0,0,0,1,7,7,0,0,0,20,200,0,5,200,6,200,0,200,200
371339,0,25,2,0,0,1,7,6,0,0,0,0,200,0,6,200,0,0,0,200,200
371342,0,15,0,0,200,200,7,5,0,200,0,0,0,2,200,200,200,200,200,200,200
371345,0,35,0,0,0,1,7,5,0,0,0,0,0,2,200,200,0,200,200,200,200
371348,0,30,1,2,0,1,14,5,0,0,0,23,17,1,5,0,7,0,0,200,200
371348,0,30,1,2,0,1,14,5,0,0,0,23,17,0,7,0,0,0,0,200,200
371348,1,30,1,2,0,1,14,5,0,0,0,23,17,1,7,0,200,200,200,200,200
371348,1,30,1,2,0,1,14,5,0,0,0,23,17,0,3,0,200,200,200,200,200
371352,0,30,2,2,0,3,0,5,0,0,0,17,0,2,200,200,1,200,200,200,200
371352,0,30,2,2,0,3,0,5,0,0,0,17,0,0,6,0,0,0,0,200,200
371353,0,30,0,0,0,0,7,5,0,0,0,0,200,1,5,200,12,200,200,200,200
371355,0,30,0,0,0,1,7,6,0,0,0,0,200,2,200,200,200,200,200,200,200
371362,0,30,0,0,0,3,7,5,0,0,0,0,0,2,200,200,200,200,200,200,200
371371,0,30,0,0,0,1,10,1,0,0,0,18,16,0,6,0,3,0,0,200,200
371371,0,30,0,0,0,1,10,1,0,0,0,18,16,0,5,0,0,0,0,200,200
371373,0,25,0,0,200,1,7,6,0,200,0,11,200,0,200,200,7,200,200,200,200
371379,0,30,0,0,0,1,10,5,0,0,0,0,200,0,200,200,200,200,200,200,200
371379,0,30,0,0,0,1,10,5,0,0,0,0,200,1,5,0,0,0,0,200,200
371382,0,0,0,0,0,1,7,5,0,0,0,33,0,1,5,0,6,5,0,200,200
371386,0,30,0,0,0,1,2,7,0,0,0,200,200,2,200,200,200,200,200,200,200
371386,0,30,0,0,0,1,2,7,0,0,0,200,200,2,200,200,200,200,200,200,200
371390,0,30,1,2,0,1,10,5,0,0,0,0,18,0,7,0,3,0,0,200,200
371390,0,30,1,2,0,1,10,5,0,0,0,0,18,0,0,0,12,0,0,200,200
371395,0,30,0,0,0,1,0,12,0,0,0,17,200,0,200,200,1,200,200,200,200
371395,0,30,0,0,0,1,0,12,0,0,0,17,200,0,6,7,0,0,0,200,200
371397,0,15,0,0,0,1,10,7,0,0,0,20,200,0,6,0,6,0,0,200,200
371397,0,15,0,0,0,1,10,7,0,0,0,20,200,1,7,0,0,0,0,200,200
371400,0,30,0,0,0,1,0,2,0,0,0,0,200,0,200,200,200,200,200,200,200
371400,0,30,0,0,0,1,0,2,0,0,0,0,200,0,5,0,0,0,0,200,200
371409,0,30,12,2,0,1,7,7,0,0,0,0,0,2,200,200,200,200,200,200,200
371415,0,30,0,0,0,1,10,6,0,0,0,0,200,1,6,0,200,0,0,200,200
371415,0,30,0,0,0,1,10,6,0,0,0,0,200,0,6,0,200,0,0,200,200
371415,1,30,0,0,0,1,10,6,0,0,0,0,200,1,6,0,200,200,200,200,200
371415,1,30,0,0,0,1,10,6,0,0,0,0,200,0,200,0,200,200,200,200,200
371417,0,20,0,0,0,1,11,5,0,0,0,22,0,1,7,200,2,200,200,200,200
371417,0,20,0,0,0,1,11,5,0,0,0,22,0,1,7,0,0,0,0,200,200
371418,0,30,0,0,0,1,10,6,0,0,3,18,200,0,6,0,3,0,0,200,200
371418,0,30,0,0,0,1,10,6,0,0,3,18,200,0,8,0,0,0,0,200,200
371418,1,30,0,0,0,1,10,6,0,0,3,18,200,1,6,0,200,200,200,200,200
371418,1,30,0,0,0,1,10,6,0,0,3,18,200,200,200,5,200,200,200,200,200
371418,1,30,0,0,0,1,10,6,0,0,3,18,200,200,200,5,200,200,200,200,200
371418,1,30,0,0,0,1,10,6,0,0,3,18,200,200,200,0,200,200,200,200,200
371420,0,30,0,0,0,1,0,5,0,0,0,21,0,0,200,200,1,200,0,200,200
371420,0,30,0,0,0,1,0,5,0,0,0,21,0,0,8,0,0,0,0,200,200
371426,0,25,0,0,0,1,10,2,0,0,0,200,200,0,6,0,3,0,0,200,200
371426,0,25,0,0,0,1,10,2,0,0,0,200,200,0,200,200,0,200,200,200,200
371427,0,30,0,0,0,1,7,200,0,0,0,0,200,2,200,200,200,200,200,200,200
371429,0,30,0,0,0,1,14,5,0,0,0,23,0,1,7,0,7,1,0,200,200
371429,0,30,0,0,0,1,14,5,0,0,0,23,0,1,6,0,200,0,0,200,200
371429,1,30,0,0,0,1,14,5,0,0,0,23,0,0,8,0,200,200,200,200,200
371429,1,30,0,0,0,1,14,5,0,0,0,23,0,1,9,0,200,200,200,200,200
371429,1,30,0,0,0,1,14,5,0,0,0,23,0,0,2,0,200,200,200,200,200
371429,1,30,0,0,0,1,14,5,0,0,0,23,0,0,200,0,200,200,200,200,200
371432,0,20,0,0,0,1,8,0,0,0,0,17,200,2,200,200,1,200,200,200,200
371432,4,20,0,0,0,1,8,0,0,0,0,17,200,1,8,2,0,200,200,200,200
371438,0,30,0,0,0,3,7,6,0,0,0,0,200,2,200,200,200,200,200,200,200
371442,0,30,1,2,0,4,12,2,0,0,0,18,200,1,5,200,3,200,200,200,200
371442,0,30,1,2,0,4,12,2,0,0,0,18,200,0,7,200,12,0,0,200,200
371446,0,30,1,2,0,1,10,2,0,0,0,18,0,1,6,200,3,0,0,200,200
371446,0,30,1,2,0,1,10,2,0,0,0,18,0,0,5,200,0,0,0,200,200
371449,0,30,0,0,0,1,10,3,0,0,0,18,16,1,6,0,3,0,0,200,200
371449,0,30,0,0,0,1,10,3,0,0,0,18,16,1,9,0,0,0,0,200,200
371449,1,30,0,0,0,1,10,3,0,0,0,18,16,1,9,0,200,200,200,200,200
371449,1,30,0,0,0,1,10,3,0,0,0,18,16,1,9,0,200,200,200,200,200
371449,1,30,0,0,0,1,10,3,0,0,0,18,16,1,8,0,200,200,200,200,200
371451,0,30,0,0,0,2,0,5,0,0,0,33,17,0,6,200,1,1,0,200,200
371451,0,30,0,0,0,2,0,5,0,0,0,33,17,0,6,200,0,0,0,200,200
371455,0,30,1,2,0,1,10,5,0,0,0,18,200,0,4,200,1,0,200,200,200
371455,0,30,1,2,0,1,10,5,0,0,0,18,200,1,6,0,0,0,0,200,200
371457,0,30,0,0,0,1,10,5,0,0,0,0,0,0,5,0,1,0,0,200,200
371457,0,30,0,0,0,1,10,5,0,0,0,0,0,1,6,0,0,0,0,200,200
371459,0,25,0,0,200,200,7,5,0,200,200,0,0,2,200,200,200,200,200,200,200
371463,0,0,0,0,0,1,7,7,0,0,200,0,200,2,200,200,200,200,200,200,200
371467,0,30,0,0,200,200,7,6,0,200,200,0,200,2,200,200,200,200,200,200,200
371468,0,30,12,200,0,0,7,6,0,0,200,0,0,2,200,200,200,200,200,200,200
371470,0,30,1,2,0,1,0,3,0,0,0,6,16,0,4,0,5,0,0,200,200
371470,0,30,1,2,0,1,0,3,0,0,0,6,16,0,6,0,0,0,0,200,200
371470,1,30,1,2,0,1,0,3,0,0,0,6,16,1,4,0,200,200,200,200,200
371470,1,30,1,2,0,1,0,3,0,0,0,6,16,1,6,0,200,200,200,200,200
371470,1,30,1,2,0,1,0,3,0,0,0,6,16,1,2,0,200,200,200,200,200
371470,1,30,1,2,0,1,0,3,0,0,0,6,16,0,0,5,200,200,200,200,200
371475,0,30,0,0,0,1,7,6,0,0,0,0,0,2,200,200,200,200,200,200,200
371477,0,30,1,3,0,1,7,5,0,0,0,11,11,0,7,0,12,0,2,200,200
371480,0,30,0,0,0,1,10,6,0,0,0,18,200,0,7,0,3,0,0,200,200
371480,0,30,0,0,0,1,10,6,0,0,0,18,200,1,6,0,0,0,0,200,200
371480,0,30,0,0,0,1,10,6,0,0,0,18,200,0,8,0,0,0,0,200,200
371480,0,30,0,0,0,1,10,6,0,0,0,18,200,1,5,0,0,0,0,200,200
371483,0,30,0,0,0,1,10,5,2,0,0,16,200,1,7,200,12,0,0,200,200
371483,0,30,0,0,0,1,10,5,2,0,0,16,200,1,6,200,0,0,0,200,200
371487,0,30,0,0,0,1,7,5,0,0,0,11,200,0,4,0,10,0,0,200,200
371493,0,30,2,2,0,1,9,5,0,0,0,11,200,0,8,0,200,0,0,200,200
371493,5,30,2,2,0,1,9,5,0,0,0,11,200,0,5,3,0,0,0,200,200
371493,1,30,2,2,0,1,9,5,0,0,0,11,200,1,200,0,200,200,200,200,200
371498,0,30,1,2,0,1,0,2,0,0,0,6,16,1,6,0,5,0,0,200,200
371498,0,30,1,2,0,1,0,2,0,0,0,6,16,0,5,0,0,0,0,200,200
371498,1,30,1,2,0,1,0,2,0,0,0,6,16,1,6,0,200,200,200,200,200
371498,1,30,1,2,0,1,0,2,0,0,0,6,16,0,3,0,200,200,200,200,200
371501,0,0,1,2,0,3,14,5,0,0,0,17,31,1,200,200,7,200,200,200,200
371501,0,0,1,2,0,3,14,5,0,0,0,17,31,1,6,0,0,0,0,200,200
371501,1,0,1,2,0,3,14,5,0,0,0,17,31,0,200,0,200,200,200,200,200
371501,1,0,1,2,0,3,14,5,0,0,0,17,31,0,200,0,200,200,200,200,200
371502,0,30,0,0,0,200,7,6,0,0,0,0,200,2,200,200,200,200,200,200,200
371505,0,30,1,2,0,1,14,2,0,0,0,17,200,0,200,200,1,0,0,200,200
371505,0,30,1,2,0,1,14,2,0,0,0,17,200,1,7,0,0,0,0,200,200
371505,1,30,1,2,0,1,14,2,0,0,0,17,200,1,3,0,200,200,200,200,200
371509,0,30,1,2,0,1,10,5,0,0,0,20,20,0,7,200,6,200,200,200,200
371509,0,30,1,2,0,1,10,5,0,0,0,20,20,0,6,200,0,0,0,200,200
371516,0,25,0,0,0,1,7,5,0,0,0,20,200,1,200,200,200,200,200,200,200
371529,0,35,2,2,0,1,12,5,0,0,0,0,200,1,200,0,0,200,0,200,200
371529,0,35,2,2,0,1,12,5,0,0,0,0,200,1,200,0,200,200,0,200,200
371530,0,30,0,0,0,1,12,6,0,0,0,0,0,0,200,200,1,0,0,200,200
371530,0,30,0,0,0,1,12,6,0,0,0,0,0,0,200,0,0,0,0,200,200
371531,0,25,0,0,0,1,10,5,0,0,0,18,0,0,200,200,3,200,200,200,200
371531,0,25,0,0,0,1,10,5,0,0,0,18,0,0,8,200,0,0,0,200,200
371531,0,25,0,0,0,1,10,5,0,0,0,18,0,1,200,200,3,0,0,200,200
371533,0,25,1,2,0,3,10,5,0,0,0,18,200,1,200,200,3,200,200,200,200
371533,0,25,1,2,0,3,10,5,0,0,0,18,200,1,6,0,0,0,0,200,200
371535,0,15,0,0,0,1,0,7,0,0,0,0,200,0,6,0,6,0,0,200,200
371535,0,15,0,0,0,1,0,7,0,0,0,0,200,0,6,0,200,0,0,200,200
371535,1,15,0,0,0,1,0,7,0,0,0,0,200,0,9,0,200,200,200,200,200
371542,0,30,1,2,0,3,5,5,0,0,1,200,200,0,8,0,0,0,0,200,200
371554,0,10,0,0,0,1,7,7,0,0,0,20,0,1,4,0,6,0,0,200,200
371555,0,30,0,0,0,1,12,3,0,0,0,22,200,0,5,0,2,0,0,200,200
371555,0,30,0,0,0,1,12,3,0,0,0,22,200,0,7,0,0,0,0,200,200
371567,0,35,0,0,0,1,10,5,0,0,0,0,0,2,200,200,200,200,200,200,200
371567,0,35,0,0,0,1,10,5,0,0,0,0,0,1,7,0,0,0,0,200,200
371567,1,35,0,0,0,1,10,5,0,0,0,0,0,1,6,0,200,200,200,200,200
371567,1,35,0,0,0,1,10,5,0,0,0,0,0,1,6,0,200,200,200,200,200
371569,0,35,1,2,0,1,12,12,0,0,0,4,200,0,6,200,4,12,0,200,200
371569,0,35,1,2,0,1,12,12,0,0,0,4,200,1,7,200,0,0,0,200,200
371570,0,15,0,0,0,1,7,0,0,0,0,0,0,0,6,0,2,0,0,200,200
371573,0,30,0,0,0,1,12,2,0,0,200,17,11,1,7,0,1,0,0,200,200
371573,0,30,0,0,0,1,12,2,0,0,200,17,11,0,5,0,0,0,0,200,200
371573,1,30,0,0,0,1,12,2,0,0,200,17,11,1,5,7,200,200,200,200,200
371578,0,30,0,0,0,1,12,5,0,0,0,17,16,1,6,0,4,0,0,200,200
371578,0,30,0,0,0,1,12,5,0,0,0,17,16,1,6,0,0,0,0,200,200
371578,1,30,0,0,0,1,12,5,0,0,0,17,16,1,200,0,200,200,200,200,200
371590,0,30,0,200,1,1,2,200,0,0,1,0,200,0,9,7,0,0,0,200,200
371594,0,30,0,0,0,2,7,6,0,0,0,0,200,2,200,200,200,200,200,200,200
371595,0,30,0,0,0,1,14,5,0,0,0,17,0,1,5,200,1,0,0,200,200
371595,0,30,0,0,0,1,14,5,0,0,0,17,0,0,7,200,0,0,0,200,200
371595,1,30,0,0,0,1,14,5,0,0,0,17,0,1,5,200,200,200,200,200,200
371595,1,30,0,0,0,1,14,5,0,0,0,17,0,1,0,200,200,200,200,200,200
371595,1,30,0,0,0,1,14,5,0,0,0,17,0,1,5,200,200,200,200,200,200
371597,0,30,0,0,0,1,10,5,0,0,0,18,200,0,6,200,3,200,200,200,200
371597,0,30,0,0,0,1,10,5,0,0,0,18,200,0,6,0,0,0,0,200,200
371597,1,30,0,0,0,1,10,5,0,0,0,18,200,0,5,0,200,200,200,200,200
371597,1,30,0,0,0,1,10,5,0,0,0,18,200,1,7,0,200,200,200,200,200
371597,1,30,0,0,0,1,10,5,0,0,0,18,200,0,3,0,200,200,200,200,200
371605,0,20,0,0,0,1,7,5,0,0,0,200,200,0,200,200,12,200,200,200,200
371614,0,30,0,0,0,1,10,2,0,0,200,18,0,1,200,200,3,200,200,200,200
371614,0,30,0,0,0,1,10,2,0,0,200,18,0,0,9,0,0,0,0,200,200
371623,0,30,1,2,0,1,12,6,0,0,0,0,200,0,9,200,1,200,200,200,200
371623,0,30,1,2,0,1,12,6,0,0,0,0,200,1,6,0,0,0,0,200,200
371626,0,30,1,2,0,1,12,3,0,0,200,0,35,1,5,200,200,200,200,200,200
371626,0,30,1,2,0,1,12,3,0,0,200,0,35,0,6,200,200,200,200,200,200
371627,0,30,0,0,0,1,10,6,0,0,0,0,0,0,200,0,6,0,0,200,200
371627,0,30,0,0,0,1,10,6,0,0,0,0,0,0,200,0,0,0,0,200,200
371629,0,30,1,2,0,1,12,6,0,0,0,17,0,0,200,200,1,0,0,200,200
371629,0,30,1,2,0,1,12,6,0,0,0,17,0,1,200,0,0,0,0,200,200