RD_NO,PERSON_TYPE,POSTED_SPEED_LIMIT,TRAFFIC_CONTROL_DEVICE,DEVICE_CONDITION,WEATHER_CONDITION,LIGHTING_CONDITION,FIRST_CRASH_TYPE,TRAFFICWAY_TYPE,ALIGNMENT,ROADWAY_SURFACE_COND,ROAD_DEFECT,PRIM_CONTRIBUTORY_CAUSE,SEC_CONTRIBUTORY_CAUSE,SEX,AGE,SAFETY_EQUIPMENT,DRIVER_ACTION,DRIVER_VISION,PHYSICAL_CONDITION,BAC_RESULT VALUE,CELL_PHONE_USE
371631,0,30,0,200,0,1,8,5,0,0,0,200,200,1,5,0,0,0,0,200,200
371631,4,30,0,200,0,1,8,5,0,0,0,200,200,0,6,3,0,0,0,200,200
371637,0,20,0,0,0,1,7,6,0,0,0,0,0,2,200,200,200,200,200,200,200
371639,0,30,0,0,0,1,10,2,0,0,200,18,200,0,5,0,3,200,0,200,200
371639,0,30,0,0,0,1,10,2,0,0,200,18,200,1,5,0,0,0,0,200,200
371639,0,30,0,0,0,1,10,2,0,0,200,18,200,1,5,0,0,0,0,200,200
371639,0,30,0,0,0,1,10,2,0,0,200,18,200,0,5,0,0,0,0,200,200
371639,1,30,0,0,0,1,10,2,0,0,200,18,200,1,200,0,200,200,200,200,200
371642,0,30,1,2,0,1,14,6,0,0,0,23,21,0,6,200,7,0,0,200,200
371642,0,30,1,2,0,1,14,6,0,0,0,23,21,0,6,200,0,0,0,200,200
371656,0,30,2,2,0,1,7,2,0,0,0,0,0,1,8,0,200,200,0,200,200
371662,0,20,2,2,0,1,0,5,0,0,0,5,0,0,6,0,5,3,0,200,200
371662,0,20,2,2,0,1,0,5,0,0,0,5,0,0,4,0,0,0,0,200,200
371671,0,30,1,2,0,1,14,5,0,0,0,31,200,1,8,200,200,200,1,200,200
371671,0,30,1,2,0,1,14,5,0,0,0,31,200,1,6,0,0,0,0,200,200
371671,1,30,1,2,0,1,14,5,0,0,0,31,200,0,8,200,200,200,200,200,200
371671,1,30,1,2,0,1,14,5,0,0,0,31,200,0,1,5,200,200,200,200,200
371671,1,30,1,2,0,1,14,5,0,0,0,31,200,0,0,5,200,200,200,200,200
371671,1,30,1,2,0,1,14,5,0,0,0,31,200,0,1,5,200,200,200,200,200
371671,1,30,1,2,0,1,14,5,0,0,0,31,200,0,2,5,200,200,200,200,200
371676,0,30,0,0,0,1,7,5,0,0,0,17,200,0,8,3,0,0,0,200,200
371679,0,30,0,0,0,3,7,6,0,0,0,0,200,2,200,200,200,200,200,200,200
371681,0,30,0,0,0,1,7,2,0,0,0,22,200,0,6,200,2,200,0,200,200
371682,0,30,1,2,0,1,7,5,0,0,0,0,0,2,200,200,0,200,200,200,200
371689,0,30,0,0,0,1,14,5,0,0,0,23,16,1,3,7,7,0,0,200,200
371689,0,30,0,0,0,1,14,5,0,0,0,23,16,0,8,7,0,0,0,200,200
371704,0,30,1,2,0,1,10,5,0,0,0,18,17,1,7,0,1,0,0,200,200
371704,0,30,1,2,0,1,10,5,0,0,0,18,17,1,5,0,0,200,0,200,200
371706,0,30,1,2,0,1,12,5,0,0,0,0,200,0,7,200,200,0,0,200,200
371706,0,30,1,2,0,1,12,5,0,0,0,0,200,0,4,200,200,0,0,200,200
371708,0,20,0,0,0,3,7,5,0,0,0,0,0,0,200,200,200,200,200,200,200
371711,0,15,0,0,0,1,11,7,0,0,0,20,200,1,6,0,6,0,0,200,200
371711,0,15,0,0,0,1,11,7,0,0,0,20,200,0,8,0,0,0,0,200,200
371715,0,30,1,2,0,1,12,2,0,0,200,0,200,1,6,200,200,200,200,200,200
371715,0,30,1,2,0,1,12,2,0,0,200,0,200,1,6,200,200,200,200,200,200
371717,0,30,1,2,0,1,10,5,0,0,0,18,200,1,6,0,1,0,0,200,200
371717,0,30,1,2,0,1,10,5,0,0,0,18,200,0,6,0,0,0,0,200,200
371721,0,30,0,0,0,1,14,7,0,0,0,18,200,0,4,0,3,200,0,200,200
371721,0,30,0,0,0,1,14,7,0,0,0,18,200,1,6,0,0,0,0,200,200
371721,1,30,0,0,0,1,14,7,0,0,0,18,200,1,6,0,200,200,200,200,200
371723,0,30,0,0,0,1,14,5,0,0,0,21,200,0,5,0,12,0,0,200,200
371723,0,30,0,0,0,1,14,5,0,0,0,21,200,0,7,0,0,0,0,200,200
371724,0,30,0,0,0,1,7,5,0,0,0,0,0,0,200,200,200,200,200,200,200
371724,1,30,0,0,0,1,7,5,0,0,0,0,0,0,200,0,200,200,200,200,200
371727,0,20,0,0,200,200,7,6,0,200,200,0,200,2,200,200,200,200,200,200,200
371742,0,30,1,2,0,1,12,5,0,0,0,0,0,0,200,0,4,0,0,200,200
371742,0,30,1,2,0,1,12,5,0,0,0,0,0,0,200,0,0,0,0,200,200
371746,0,30,0,0,0,1,0,12,0,0,0,17,200,1,5,0,1,0,0,200,200
371746,0,30,0,0,0,1,0,12,0,0,0,17,200,0,7,0,0,0,0,200,200
371746,1,30,0,0,0,1,0,12,0,0,0,17,200,1,0,5,200,200,200,200,200
371746,1,30,0,0,0,1,0,12,0,0,0,17,200,1,1,5,200,200,200,200,200
371746,1,30,0,0,0,1,0,12,0,0,0,17,200,1,7,0,200,200,200,200,200
371746,1,30,0,0,0,1,0,12,0,0,0,17,200,0,5,0,200,200,200,200,200
371750,0,30,2,0,0,1,14,5,0,0,200,0,200,0,7,200,7,200,0,200,200
371750,0,30,2,0,0,1,14,5,0,0,200,0,200,0,5,200,1,200,0,200,200
371753,0,30,2,0,0,1,8,6,0,0,0,17,0,1,7,0,1,0,0,200,200
371753,4,30,2,0,0,1,8,6,0,0,0,17,0,0,8,7,7,1,0,200,200
371754,0,30,1,2,0,1,10,5,0,0,200,18,200,0,6,0,3,0,0,200,200
371754,0,30,1,2,0,1,10,5,0,0,200,18,200,1,5,200,0,0,0,200,200
371754,1,30,1,2,0,1,10,5,0,0,200,18,200,1,5,200,200,200,200,200,200
371754,1,30,1,2,0,1,10,5,0,0,200,18,200,0,6,200,200,200,200,200,200
371758,0,30,0,0,0,1,12,6,0,0,0,7,0,0,200,0,12,0,0,200,200
371758,0,30,0,0,0,1,12,6,0,0,0,7,0,1,200,0,0,0,0,200,200
371758,1,30,0,0,0,1,12,6,0,0,0,7,0,0,200,200,200,200,200,200,200
371765,0,30,0,0,0,1,7,6,0,0,0,200,200,2,200,200,0,200,200,200,200
371766,0,30,0,0,0,200,7,5,0,0,0,0,0,2,200,200,200,200,200,200,200
371767,0,30,0,0,0,1,10,2,0,0,0,16,200,0,5,0,12,0,0,200,200
371767,0,30,0,0,0,1,10,2,0,0,0,16,200,0,7,0,0,0,0,200,200
371772,0,30,0,0,0,1,14,6,0,0,0,0,200,1,6,7,0,0,0,200,200
371772,0,30,0,0,0,1,14,6,0,0,0,0,200,1,7,7,0,0,0,200,200
371774,0,30,0,0,0,1,0,12,0,0,0,20,16,0,200,200,6,0,3,200,200
371774,0,30,0,0,0,1,0,12,0,0,0,20,16,0,200,0,0,0,0,200,200
371777,0,30,0,0,0,1,10,5,0,0,0,18,18,0,5,0,3,0,0,200,200
371777,0,30,0,0,0,1,10,5,0,0,0,18,18,0,7,0,0,0,0,200,200
371777,0,30,0,0,0,1,10,5,0,0,0,18,18,1,6,0,0,0,0,200,200
371777,1,30,0,0,0,1,10,5,0,0,0,18,18,0,3,0,200,200,200,200,200
371778,0,30,1,2,0,1,14,6,0,0,0,23,17,0,5,0,7,0,0,200,200
371778,0,30,1,2,0,1,14,6,0,0,0,23,17,0,6,0,0,0,0,200,200
371780,0,30,0,0,0,1,14,12,0,0,0,20,33,0,7,200,6,200,0,200,200
371780,0,30,0,0,0,1,14,12,0,0,0,20,33,1,5,200,0,0,0,200,200
371783,0,0,0,0,0,1,0,7,0,0,0,200,200,1,8,0,0,0,0,200,200
371783,0,0,0,0,0,1,0,7,0,0,0,200,200,1,5,0,0,0,0,200,200
371783,1,0,0,0,0,1,0,7,0,0,0,200,200,0,1,5,200,200,200,200,200
371783,1,0,0,0,0,1,0,7,0,0,0,200,200,1,1,5,200,200,200,200,200
371784,0,30,0,0,0,1,10,2,0,0,0,18,18,0,6,0,3,0,0,200,200
371784,0,30,0,0,0,1,10,2,0,0,0,18,18,0,7,200,0,200,200,200,200
371786,0,30,0,0,0,200,7,6,0,0,0,0,0,2,200,200,200,200,200,200,200
371788,0,30,1,2,0,1,10,5,0,0,0,0,200,0,6,0,1,0,0,200,200
371788,0,30,1,2,0,1,10,5,0,0,0,0,200,1,7,0,0,0,0,200,200
371792,0,30,0,0,0,1,14,2,0,0,0,17,17,0,8,0,1,200,0,200,200
371792,0,30,0,0,0,1,14,2,0,0,0,17,17,0,7,0,0,0,0,200,200
371794,0,30,0,0,0,1,10,5,0,0,0,16,200,0,6,200,3,0,0,200,200
371794,0,30,0,0,0,1,10,5,0,0,0,16,200,0,5,200,3,0,0,200,200
371794,0,30,0,0,0,1,10,5,0,0,0,16,200,1,6,200,200,0,0,200,200
371794,1,30,0,0,0,1,10,5,0,0,0,16,200,0,5,200,200,200,200,200,200
371799,0,30,1,2,0,1,14,2,0,0,0,6,0,2,200,200,5,200,200,200,200
371799,0,30,1,2,0,1,14,2,0,0,0,6,0,1,6,0,0,0,0,200,200
371804,0,30,0,0,0,1,10,4,0,0,0,0,0,0,200,0,3,0,0,200,200
371804,0,30,0,0,0,1,10,4,0,0,0,0,0,0,200,0,0,0,0,200,200
371815,0,30,1,200,0,1,10,5,0,0,0,18,200,0,8,0,3,200,0,200,200
371815,0,30,1,200,0,1,10,5,0,0,0,18,200,0,6,0,200,200,0,200,200
371815,0,30,1,200,0,1,10,5,0,0,0,18,200,1,6,0,200,200,0,200,200
371818,0,30,1,2,0,1,14,1,0,0,0,0,0,0,8,0,12,0,0,200,200
371818,0,30,1,2,0,1,14,1,0,0,0,0,0,0,6,0,200,0,0,200,200
371818,1,30,1,2,0,1,14,1,0,0,0,0,0,0,3,0,200,200,200,200,200
371820,0,30,0,0,0,1,14,5,0,0,0,200,200,0,200,200,0,200,200,200,200
371820,0,30,0,0,0,1,14,5,0,0,0,200,200,0,5,7,0,0,0,200,200
371820,1,30,0,0,0,1,14,5,0,0,0,200,200,1,200,0,200,200,200,200,200
371835,0,30,0,0,0,1,7,5,0,0,0,33,11,0,6,200,2,5,0,200,200
371838,0,25,0,0,0,1,10,5,0,0,0,18,0,0,6,200,3,0,0,200,200
371838,0,25,0,0,0,1,10,5,0,0,0,18,0,1,4,200,0,0,0,200,200
371838,0,25,0,0,0,1,10,5,0,0,0,18,0,1,7,200,0,0,0,200,200
371838,1,25,0,0,0,1,10,5,0,0,0,18,0,1,4,200,200,200,200,200,200
371838,1,25,0,0,0,1,10,5,0,0,0,18,0,1,6,200,200,200,200,200,200
371839,0,30,0,0,0,1,12,6,0,0,0,0,0,0,6,0,12,0,0,200,200
371839,0,30,0,0,0,1,12,6,0,0,0,0,0,0,200,200,0,200,200,200,200
371842,0,30,0,200,0,1,10,2,0,0,200,16,200,0,6,200,12,200,0,200,200
371842,0,30,0,200,0,1,10,2,0,0,200,16,200,0,6,200,0,200,0,200,200
371844,0,30,200,200,200,1,10,5,0,0,0,18,200,1,200,200,3,200,200,200,200
371844,0,30,200,200,200,1,10,5,0,0,0,18,200,0,7,0,0,0,0,200,200
371845,0,30,0,0,0,1,12,5,0,0,0,0,0,1,200,200,4,200,200,200,200
371845,0,30,0,0,0,1,12,5,0,0,0,0,0,1,7,7,0,0,0,200,200
371846,0,30,0,0,0,1,12,5,0,0,0,16,200,0,6,0,8,0,0,200,200
371846,0,30,0,0,0,1,12,5,0,0,0,16,200,1,7,0,200,0,0,200,200
371846,1,30,0,0,0,1,12,5,0,0,0,16,200,0,5,0,200,200,200,200,200
371846,1,30,0,0,0,1,12,5,0,0,0,16,200,0,5,0,200,200,200,200,200
371846,1,30,0,0,0,1,12,5,0,0,0,16,200,0,6,0,200,200,200,200,200
371846,1,30,0,0,0,1,12,5,0,0,0,16,200,1,3,0,200,200,200,200,200
371846,1,30,0,0,0,1,12,5,0,0,0,16,200,1,3,0,200,200,200,200,200
371846,1,30,0,0,0,1,12,5,0,0,0,16,200,0,1,5,200,200,200,200,200
371849,0,30,0,0,0,1,10,5,0,0,0,18,200,0,6,200,3,200,200,200,200
371849,0,30,0,0,0,1,10,5,0,0,0,18,200,0,6,0,0,0,0,200,200
371849,1,30,0,0,0,1,10,5,0,0,0,18,200,0,200,0,200,200,200,200,200
371853,0,35,0,0,0,1,7,5,0,0,3,0,0,1,5,200,0,0,0,200,200
371855,0,30,1,2,0,1,10,5,0,0,0,18,0,2,200,200,3,200,200,200,200
371855,0,30,1,2,0,1,10,5,0,0,0,18,0,0,6,0,0,0,0,200,200
371857,0,30,0,0,0,1,10,2,0,0,0,0,0,2,200,200,200,200,200,200,200
371857,0,30,0,0,0,1,10,2,0,0,0,0,0,0,7,0,0,0,0,200,200
371857,0,30,0,0,0,1,10,2,0,0,0,0,0,0,6,0,0,0,0,200,200
371861,0,30,0,0,0,1,10,5,0,0,0,14,200,0,5,200,8,200,200,200,200
371861,0,30,0,0,0,1,10,5,0,0,0,14,200,0,7,0,0,0,0,200,200
371863,0,30,0,0,0,1,7,6,0,0,200,0,0,2,200,200,200,200,200,200,200
371869,0,30,0,0,0,1,7,5,0,0,0,0,200,0,6,200,6,0,0,200,200
371870,0,30,0,0,0,2,7,5,0,0,0,200,200,2,200,200,0,200,200,200,200
371871,0,30,1,2,0,1,0,1,0,0,0,17,0,0,4,200,1,0,0,200,200
371871,0,30,1,2,0,1,0,1,0,0,0,17,0,0,6,200,0,200,0,200,200
371871,0,30,1,2,0,1,0,1,0,0,0,17,0,0,5,200,0,200,0,200,200
371871,1,30,1,2,0,1,0,1,0,0,0,17,0,1,6,200,200,200,200,200,200
371872,0,30,0,0,0,1,12,5,0,0,0,0,200,0,6,0,4,200,200,200,200
371872,0,30,0,0,0,1,12,5,0,0,0,0,200,0,5,0,0,0,0,200,200
371872,1,30,0,0,0,1,12,5,0,0,0,0,200,1,200,7,200,200,200,200,200
371875,0,35,1,2,0,1,10,5,0,0,0,18,18,0,5,200,0,0,0,200,200
371875,0,35,1,2,0,1,10,5,0,0,0,18,18,0,7,200,12,0,0,200,200
371876,0,30,0,0,0,1,9,6,0,0,0,0,0,0,200,200,12,200,0,200,200
371876,5,30,0,0,0,1,9,6,0,0,0,0,0,1,4,7,0,0,0,200,200
371890,0,30,0,0,0,1,14,2,0,0,0,17,200,1,6,0,1,0,0,200,200
371890,0,30,0,0,0,1,14,2,0,0,0,17,200,0,5,0,8,0,0,200,200
371890,1,30,0,0,0,1,14,2,0,0,0,17,200,0,6,0,200,200,200,200,200
371899,0,30,1,2,0,1,14,2,0,0,200,23,0,2,200,200,7,200,200,200,200
371899,0,30,1,2,0,1,14,2,0,0,200,23,0,0,5,0,0,0,0,200,200
371910,0,30,1,2,0,1,10,2,0,0,200,0,0,0,7,200,200,200,200,200,200
371910,0,30,1,2,0,1,10,2,0,0,200,0,0,0,6,0,200,200,0,200,200
371919,0,30,2,2,0,1,10,5,0,0,0,16,16,2,200,200,200,200,200,200,200
371919,0,30,2,2,0,1,10,5,0,0,0,16,16,1,6,200,0,0,0,200,200
371919,0,30,2,2,0,1,10,5,0,0,0,16,16,0,7,200,0,0,0,200,200
371919,0,30,2,2,0,1,10,5,0,0,0,16,16,1,6,200,1,200,0,200,200
371920,0,30,0,0,0,1,14,2,0,0,200,0,200,0,200,200,12,200,200,200,200
371920,0,30,0,0,0,1,14,2,0,0,200,0,200,0,5,200,200,200,200,200,200
371924,0,30,0,0,0,1,12,2,0,0,0,22,22,2,200,200,2,200,200,200,200
371924,0,30,0,0,0,1,12,2,0,0,0,22,22,1,7,0,0,0,0,200,200
371925,0,30,0,0,0,1,10,3,0,0,0,18,18,1,6,0,0,0,0,200,200
371925,0,30,0,0,0,1,10,3,0,0,0,18,18,1,5,0,3,0,0,200,200
371931,0,30,0,0,0,1,12,5,0,0,0,21,0,0,200,200,0,200,200,200,200
371931,0,30,0,0,0,1,12,5,0,0,0,21,0,0,6,0,0,0,0,200,200
371936,0,15,0,0,0,1,14,5,0,0,0,17,0,1,7,0,1,0,0,200,200
371936,0,15,0,0,0,1,14,5,0,0,0,17,0,0,7,0,0,0,0,200,200
371937,0,30,1,2,0,1,10,5,0,0,0,18,16,0,200,200,3,200,200,200,200
371937,0,30,1,2,0,1,10,5,0,0,0,18,16,1,6,0,0,0,0,200,200
371940,0,30,0,0,0,1,7,5,0,0,0,0,0,0,8,200,200,0,0,200,200
371941,0,30,0,0,0,1,10,2,0,0,0,0,200,1,200,200,200,0,200,200,200
371941,0,30,0,0,0,1,10,2,0,0,0,0,200,1,6,0,0,0,0,200,200
371943,0,30,1,2,0,1,14,5,0,0,0,0,0,0,200,0,7,0,0,200,200
371943,0,30,1,2,0,1,14,5,0,0,0,0,0,1,200,0,0,0,0,200,200
371943,1,30,1,2,0,1,14,5,0,0,0,0,0,0,200,0,200,200,200,200,200
371945,0,30,1,2,0,1,10,2,0,0,0,18,200,0,200,200,3,200,200,200,200
371945,0,30,1,2,0,1,10,2,0,0,0,18,200,1,6,0,0,0,0,200,200
371945,1,30,1,2,0,1,10,2,0,0,0,18,200,0,200,200,200,200,200,200,200
371946,0,25,0,0,0,1,7,6,0,0,0,11,33,2,200,200,12,200,200,200,200
371951,0,30,0,0,0,1,14,5,0,0,0,23,22,0,6,200,7,200,200,200,200
371951,0,30,0,0,0,1,14,5,0,0,0,23,22,0,7,0,0,0,0,200,200
371953,3,30,1,2,0,1,4,2,0,0,1,29,0,200,200,7,12,12,12,200,200
371953,0,30,1,2,0,1,4,2,0,0,1,29,0,1,6,0,12,0,0,200,200
371953,1,30,1,2,0,1,4,2,0,0,1,29,0,0,200,5,200,200,200,200,200
371953,1,30,1,2,0,1,4,2,0,0,1,29,0,0,200,5,200,200,200,200,200
371958,0,25,2,0,0,1,10,6,0,0,0,18,11,1,5,0,1,0,0,200,200
371958,0,25,2,0,0,1,10,6,0,0,0,18,11,1,6,0,0,0,0,200,200
371960,0,30,1,2,0,2,10,2,0,0,0,200,200,0,7,200,200,0,0,200,200
371960,0,30,1,2,0,2,10,2,0,0,0,200,200,0,7,200,200,0,0,200,200
371960,1,30,1,2,0,2,10,2,0,0,0,200,200,1,6,200,200,200,200,200,200
371962,0,30,0,0,0,1,12,5,0,0,0,17,0,1,7,0,1,0,0,200,200
371962,0,30,0,0,0,1,12,5,0,0,0,17,0,0,6,0,0,0,0,200,200
371965,0,30,0,0,0,1,0,4,0,0,0,20,20,1,200,7,6,0,0,200,200
371965,0,30,0,0,0,1,0,4,0,0,0,20,20,1,7,0,0,0,0,200,200
371967,0,30,2,2,0,1,0,5,0,0,0,0,0,1,200,200,12,200,200,200,200
371967,0,30,2,2,0,1,0,5,0,0,0,0,0,1,200,200,0,0,0,200,200
371980,0,35,0,0,0,1,8,5,0,0,0,16,7,1,4,0,12,0,0,200,200
371980,4,35,0,0,0,1,8,5,0,0,0,16,7,0,6,3,0,0,0,200,200
371984,0,30,0,0,0,1,10,5,0,0,0,0,0,0,6,0,12,0,0,200,200
371984,0,30,0,0,0,1,10,5,0,0,0,0,0,1,9,0,12,0,0,200,200
371984,1,30,0,0,0,1,10,5,0,0,0,0,0,200,200,0,200,200,200,200,200
371984,1,30,0,0,0,1,10,5,0,0,0,0,0,200,200,1,200,200,200,200,200
371984,1,30,0,0,0,1,10,5,0,0,0,0,0,200,200,0,200,200,200,200,200
371991,0,30,0,0,0,1,10,5,0,0,0,18,200,0,200,200,3,200,200,200,200
371991,0,30,0,0,0,1,10,5,0,0,0,18,200,1,6,0,0,0,0,200,200
371991,0,30,0,0,0,1,10,5,0,0,0,18,200,1,0,0,0,0,0,200,200
371992,0,30,1,2,0,1,10,2,0,0,0,18,0,0,200,0,1,0,0,200,200
371992,0,30,1,2,0,1,10,2,0,0,0,18,0,1,6,0,0,0,0,200,200
371994,0,30,2,2,0,1,14,2,0,0,0,17,33,0,6,200,1,1,0,200,200
371994,0,30,2,2,0,1,14,2,0,0,0,17,33,0,4,200,0,1,0,200,200
371994,1,30,2,2,0,1,14,2,0,0,0,17,33,1,5,200,200,200,200,200,200
371996,0,30,2,2,1,1,10,5,0,0,0,0,0,0,7,0,200,0,0,200,200
371996,0,30,2,2,1,1,10,5,0,0,0,0,0,1,7,0,0,0,0,200,200
371999,0,35,0,0,0,1,10,1,0,0,0,18,16,1,6,0,3,0,0,200,200
371999,0,35,0,0,0,1,10,1,0,0,0,18,16,1,200,0,0,0,0,200,200
372002,0,30,10,2,0,1,10,2,0,0,0,0,0,1,4,200,12,200,200,200,200
372002,0,30,10,2,0,1,10,2,0,0,0,0,0,1,5,0,0,0,0,200,200
372008,0,30,2,2,0,1,7,5,0,0,0,0,200,2,200,200,200,200,200,200,200
372009,0,30,0,0,0,1,0,12,2,0,0,17,17,1,200,200,1,200,200,200,200
372009,0,30,0,0,0,1,0,12,2,0,0,17,17,1,5,0,0,0,0,200,200
372010,0,30,0,0,0,1,7,3,0,0,0,0,11,0,5,0,10,200,0,200,200
372010,1,30,0,0,0,1,7,3,0,0,0,0,11,0,6,0,200,200,200,200,200
372010,1,30,0,0,0,1,7,3,0,0,0,0,11,1,0,0,200,200,200,200,200
372013,0,30,2,2,0,1,12,2,0,0,0,21,22,0,6,200,9,0,0,200,200
372013,0,30,2,2,0,1,12,2,0,0,0,21,22,0,6,200,0,0,0,200,200
372013,1,30,2,2,0,1,12,2,0,0,0,21,22,0,6,200,200,200,200,200,200
372013,1,30,2,2,0,1,12,2,0,0,0,21,22,0,200,200,200,200,200,200,200
372017,0,15,0,0,0,1,2,0,0,0,0,0,0,1,200,200,200,200,200,200,200
372018,0,30,1,200,0,1,10,5,0,0,200,0,0,1,6,200,200,200,200,200,200
372018,0,30,1,200,0,1,10,5,0,0,200,0,0,1,7,0,0,200,200,200,200
372020,0,30,0,0,0,1,0,7,0,0,0,20,200,1,200,200,6,200,200,200,200
372020,0,30,0,0,0,1,0,7,0,0,0,20,200,0,6,0,200,200,0,200,200
372022,0,30,0,0,0,1,7,5,0,0,0,200,200,1,7,200,12,0,0,200,200
372029,0,30,0,0,0,1,7,6,0,0,0,0,0,2,200,200,200,200,200,200,200
372030,0,30,0,0,0,1,3,6,0,0,0,20,20,0,200,0,6,0,0,200,200
372030,0,30,0,0,0,1,3,6,0,0,0,20,20,0,5,0,0,0,0,200,200
372034,0,30,0,0,0,1,14,2,0,0,3,17,16,0,6,3,8,12,7,200,200
372034,0,30,0,0,0,1,14,2,0,0,3,17,16,1,6,0,1,0,0,200,200
372037,0,30,0,200,0,1,14,1,0,0,0,8,200,2,200,200,200,200,200,200,200
372037,0,30,0,200,0,1,14,1,0,0,0,8,200,0,5,7,0,0,0,200,200
372040,0,30,1,2,0,1,10,5,0,0,0,16,200,0,200,200,3,0,0,200,200
372040,0,30,1,2,0,1,10,5,0,0,0,16,200,1,200,0,0,0,0,200,200
372044,0,30,1,2,0,3,10,5,0,0,200,11,11,1,6,200,12,200,200,200,200
372044,0,30,1,2,0,3,10,5,0,0,200,11,11,0,6,0,0,0,0,200,200
372044,1,30,1,2,0,3,10,5,0,0,200,11,11,1,200,200,200,200,200,200,200
372044,1,30,1,2,0,3,10,5,0,0,200,11,11,1,200,200,200,200,200,200,200
372044,1,30,1,2,0,3,10,5,0,0,200,11,11,1,6,0,200,200,200,200,200
372044,1,30,1,2,0,3,10,5,0,0,200,11,11,0,1,5,200,200,200,200,200
372044,1,30,1,2,0,3,10,5,0,0,200,11,11,1,0,5,200,200,200,200,200
372045,0,30,0,0,0,1,12,5,0,0,0,200,200,1,200,200,0,200,200,200,200
372045,0,30,0,0,0,1,12,5,0,0,0,200,200,1,6,0,0,0,0,200,200
372059,0,20,0,0,0,1,7,5,0,0,0,0,0,0,5,0,10,0,0,200,200
372063,0,35,1,2,0,1,14,5,0,0,0,17,0,0,6,0,1,0,0,200,200
372063,0,35,1,2,0,1,14,5,0,0,0,17,0,0,200,0,0,0,0,200,200
372080,0,30,1,2,0,1,12,5,0,0,0,22,200,0,6,0,4,0,0,200,200
372080,0,30,1,2,0,1,12,5,0,0,0,22,200,0,4,0,0,0,0,200,200
372085,0,20,0,0,200,200,7,6,0,0,0,0,0,2,200,200,200,200,200,200,200
372086,0,30,0,0,0,1,8,5,0,0,0,17,0,0,6,7,1,0,0,200,200
372086,4,30,0,0,0,1,8,5,0,0,0,17,0,0,5,7,0,0,0,200,200
372088,0,30,1,2,0,1,9,5,0,0,0,33,0,0,5,0,1,6,0,200,200
372088,5,30,1,2,0,1,9,5,0,0,0,33,0,0,6,7,0,0,0,200,200
372089,0,30,1,2,0,1,10,2,0,0,0,16,18,1,5,200,3,0,0,200,200
372089,0,30,1,2,0,1,10,2,0,0,0,16,18,0,7,0,0,0,0,200,200
372092,0,30,0,0,0,1,10,2,0,0,200,18,11,1,6,0,3,0,0,200,200
372092,0,30,0,0,0,1,10,2,0,0,200,18,11,0,6,0,0,0,0,200,200
372096,0,30,1,2,0,1,10,5,0,0,0,16,200,0,3,0,12,0,0,200,200
372096,0,30,1,2,0,1,10,5,0,0,0,16,200,0,7,0,0,0,0,200,200
372098,0,15,0,0,0,1,2,0,0,0,0,23,23,1,6,200,7,0,0,200,200
372102,0,30,1,2,0,1,12,2,0,0,0,0,0,0,5,200,12,200,0,200,200
372102,0,30,1,2,0,1,12,2,0,0,0,0,0,0,5,200,12,200,0,200,200
372109,0,30,1,2,0,1,10,5,0,0,200,18,0,0,200,200,3,200,200,200,200
372109,0,30,1,2,0,1,10,5,0,0,200,18,0,0,7,0,0,0,0,200,200
372109,1,30,1,2,0,1,10,5,0,0,200,18,0,1,6,0,200,200,200,200,200
372111,0,30,0,0,0,1,12,5,0,0,0,0,200,0,5,0,4,0,0,200,200
372111,0,30,0,0,0,1,12,5,0,0,0,0,200,0,6,0,1,0,0,200,200
372117,0,30,0,0,0,1,7,2,0,0,0,0,0,2,200,200,0,200,200,200,200
372117,1,30,0,0,0,1,7,2,0,0,0,0,0,1,7,0,200,200,200,200,200
372118,0,30,1,2,200,1,14,5,0,200,0,0,0,1,5,0,200,200,200,200,200
372118,0,30,1,2,200,1,14,5,0,200,0,0,0,1,6,0,12,200,200,200,200
372122,0,30,1,2,0,1,10,5,0,0,200,18,200,1,200,0,200,200,200,200,200
372122,0,30,1,2,0,1,10,5,0,0,200,18,200,0,5,0,0,0,0,200,200
372124,0,30,0,0,0,1,12,3,0,0,0,21,21,0,5,200,4,0,0,200,200
372124,0,30,0,0,0,1,12,3,0,0,0,21,21,1,7,200,0,0,0,200,200
372126,0,20,0,0,0,1,7,2,0,0,0,0,0,2,200,200,200,200,200,200,200
372130,0,30,1,2,0,1,10,6,0,0,0,16,18,0,5,0,3,0,0,200,200
372130,0,30,1,2,0,1,10,6,0,0,0,16,18,1,6,0,0,0,0,200,200
372132,0,30,2,2,0,1,0,2,0,0,0,0,22,1,6,0,2,0,0,200,200
372132,0,30,2,2,0,1,0,2,0,0,0,0,22,1,0,0,12,0,0,200,200
372136,0,30,1,2,0,1,14,5,0,0,0,0,0,0,200,200,7,200,200,200,200
372136,0,30,1,2,0,1,14,5,0,0,0,0,0,0,6,0,0,0,0,200,200
372139,0,30,0,0,0,4,8,5,0,0,0,11,0,1,5,200,12,200,200,200,200
372139,4,30,0,0,0,4,8,5,0,0,0,11,0,1,5,200,12,200,0,200,200
372139,0,30,0,0,0,4,8,5,0,0,0,11,0,2,200,200,200,200,200,200,200
372151,0,35,3,2,0,1,0,1,0,0,0,17,33,0,4,0,1,12,0,200,200
372151,0,35,3,2,0,1,0,1,0,0,0,17,33,1,9,0,0,0,0,200,200
372154,0,30,1,2,0,1,10,2,0,0,200,18,0,0,7,0,3,200,0,200,200
372154,0,30,1,2,0,1,10,2,0,0,200,18,0,0,7,0,0,0,0,200,200