RD_NO,PERSON_TYPE,POSTED_SPEED_LIMIT,TRAFFIC_CONTROL_DEVICE,DEVICE_CONDITION,WEATHER_CONDITION,LIGHTING_CONDITION,FIRST_CRASH_TYPE,TRAFFICWAY_TYPE,ALIGNMENT,ROADWAY_SURFACE_COND,ROAD_DEFECT,PRIM_CONTRIBUTORY_CAUSE,SEC_CONTRIBUTORY_CAUSE,SEX,AGE,SAFETY_EQUIPMENT,DRIVER_ACTION,DRIVER_VISION,PHYSICAL_CONDITION,BAC_RESULT VALUE,CELL_PHONE_USE
372154,0,30,1,2,0,1,10,2,0,0,200,18,0,0,8,0,0,0,0,200,200
372159,0,25,0,0,0,1,7,6,0,0,0,0,0,1,8,0,0,0,0,200,200
372176,0,30,0,0,0,1,0,5,0,0,0,17,0,1,200,200,1,200,200,200,200
372176,0,30,0,0,0,1,0,5,0,0,0,17,0,0,5,0,0,0,0,200,200
372177,0,30,1,2,0,1,10,6,0,0,0,16,18,1,200,0,3,0,0,200,200
372177,0,30,1,2,0,1,10,6,0,0,0,16,18,0,6,0,0,0,0,200,200
372179,0,30,0,0,0,1,14,6,0,0,0,18,17,0,5,0,3,0,0,200,200
372183,0,30,1,200,0,4,0,5,0,0,200,17,6,2,200,200,1,200,200,200,200
372183,0,30,1,200,0,4,0,5,0,0,200,17,6,1,6,0,12,0,0,200,200
372187,0,30,0,0,0,1,9,2,0,0,0,17,17,0,8,0,1,0,0,200,200
372187,5,30,0,0,0,1,9,2,0,0,0,17,17,0,5,7,0,0,0,200,200
372193,0,30,9,2,0,4,7,6,0,0,0,10,200,0,6,0,9,0,0,200,200
372194,0,30,0,0,0,200,7,2,2,0,0,0,200,0,6,200,12,200,0,200,200
372195,0,30,12,200,0,3,9,5,2,0,200,17,200,0,7,200,1,200,200,200,200
372195,5,30,12,200,0,3,9,5,2,0,200,17,200,1,3,200,12,200,200,200,0
372195,1,30,12,200,0,3,9,5,2,0,200,17,200,1,200,200,200,200,200,200,200
372196,0,35,1,2,0,1,10,5,0,0,0,18,16,1,6,0,3,0,0,200,200
372196,0,35,1,2,0,1,10,5,0,0,0,18,16,0,8,0,0,0,0,200,200
372196,1,35,1,2,0,1,10,5,0,0,0,18,16,0,4,0,200,200,200,200,200
372196,1,35,1,2,0,1,10,5,0,0,0,18,16,1,5,0,200,200,200,200,200
372228,0,20,0,0,0,1,7,5,0,0,0,22,0,0,6,200,7,0,0,200,200
372231,0,30,1,2,0,1,14,2,0,0,0,0,0,1,0,0,12,12,0,200,200
372231,0,30,1,2,0,1,14,2,0,0,0,0,0,0,6,0,0,0,0,200,200
372251,0,30,2,0,0,1,14,5,0,0,200,0,0,0,5,200,200,200,200,200,200
372251,0,30,2,0,0,1,14,5,0,0,200,0,0,0,6,0,200,200,0,200,200
372288,0,30,0,0,0,3,2,7,3,0,0,0,200,2,200,200,11,200,200,200,200
372291,0,30,0,0,0,3,0,5,0,0,0,17,200,1,6,0,1,0,0,200,200
372291,0,30,0,0,0,3,0,5,0,0,0,17,200,0,9,0,0,0,0,200,200
372292,0,30,0,0,0,1,11,7,0,0,0,0,200,1,200,200,2,200,200,200,200
372292,0,30,0,0,0,1,11,7,0,0,0,0,200,1,6,0,0,0,0,200,200
372292,1,30,0,0,0,1,11,7,0,0,0,0,200,0,2,5,200,200,200,200,200
372292,1,30,0,0,0,1,11,7,0,0,0,0,200,0,200,5,200,200,200,200,200
372292,1,30,0,0,0,1,11,7,0,0,0,0,200,0,200,200,200,200,200,200,200
372303,0,30,1,2,0,0,10,2,0,0,0,8,18,0,7,200,3,0,0,200,200
372303,0,30,1,2,0,0,10,2,0,0,0,8,18,1,7,0,0,0,0,200,200
372303,1,30,1,2,0,0,10,2,0,0,0,8,18,1,9,0,200,200,200,200,200
372312,0,30,0,12,0,3,12,5,0,0,0,200,200,0,5,200,4,0,0,200,200
372312,0,30,0,12,0,3,12,5,0,0,0,200,200,1,6,200,0,0,0,200,200
372312,1,30,0,12,0,3,12,5,0,0,0,200,200,1,3,7,200,200,200,200,200
372313,0,30,1,2,0,1,12,5,0,0,200,0,0,0,200,200,200,200,200,200,200
372313,0,30,1,2,0,1,12,5,0,0,200,0,0,0,5,0,12,200,0,200,200
372318,0,40,1,2,0,3,12,5,0,0,0,0,0,0,7,200,200,0,7,200,200
372318,0,40,1,2,0,3,12,5,0,0,0,0,0,1,6,0,200,0,0,200,200
372323,0,30,2,200,200,200,7,5,0,200,0,0,200,2,200,200,200,200,200,200,200
372328,0,10,0,0,0,1,7,7,0,0,0,0,200,2,200,200,200,200,200,200,200
372331,0,25,0,0,0,0,2,12,5,200,12,33,200,0,6,0,12,3,0,200,200
372331,1,25,0,0,0,0,2,12,5,200,12,33,200,0,7,0,200,200,200,200,200
372332,0,30,0,0,0,1,0,12,0,200,200,17,16,1,5,200,1,200,200,200,200
372332,0,30,0,0,0,1,0,12,0,200,200,17,16,1,5,0,12,0,0,200,200
372333,0,30,1,2,0,1,8,2,0,0,0,17,0,2,200,200,200,200,200,200,200
372333,4,30,1,2,0,1,8,2,0,0,0,17,0,0,3,200,200,200,0,200,200
372334,0,30,0,0,0,3,7,6,0,0,0,0,0,2,200,200,200,200,200,200,200
372339,0,30,2,2,0,3,8,2,0,0,0,14,200,0,200,200,200,200,200,200,200
372339,4,30,2,2,0,3,8,2,0,0,0,14,200,0,7,2,0,0,0,200,200
372342,0,25,0,0,0,3,7,6,0,0,0,32,25,0,5,200,12,12,5,200,200
372361,0,30,1,2,0,3,7,5,0,0,0,23,0,0,4,200,7,0,200,200,200
372364,0,30,0,0,0,1,2,3,0,0,0,0,200,0,6,7,12,0,0,200,200
372364,1,30,0,0,0,1,2,3,0,0,0,0,200,0,6,7,200,200,200,200,200
372365,0,35,1,2,0,3,14,5,0,0,0,23,200,0,6,0,7,0,0,200,200
372365,0,35,1,2,0,3,14,5,0,0,0,23,200,0,6,0,0,0,0,200,200
372366,0,30,2,2,0,1,0,5,0,0,200,17,200,1,200,200,1,200,200,200,200
372366,0,30,2,2,0,1,0,5,0,0,200,17,200,0,7,0,0,0,0,200,200
372366,1,30,2,2,0,1,0,5,0,0,200,17,200,0,200,200,200,200,200,200,200
372366,1,30,2,2,0,1,0,5,0,0,200,17,200,0,200,200,200,200,200,200,200
372366,1,30,2,2,0,1,0,5,0,0,200,17,200,0,200,200,200,200,200,200,200
372382,0,40,0,0,0,3,10,3,0,0,200,18,200,2,200,200,3,200,200,200,200
372382,0,40,0,0,0,3,10,3,0,0,200,18,200,0,7,200,0,0,0,200,200
372383,0,30,1,2,0,3,10,2,0,0,0,0,200,0,200,200,200,200,200,200,200
372383,0,30,1,2,0,3,10,2,0,0,0,0,200,0,5,200,0,0,0,200,200
372385,0,30,0,0,0,3,10,5,0,0,0,0,0,0,5,200,4,200,200,200,200
372385,0,30,0,0,0,3,10,5,0,0,0,0,0,0,5,200,12,0,0,200,200
372391,0,30,1,2,200,3,12,2,0,200,200,16,0,2,200,200,200,200,200,200,200
372391,0,30,1,2,200,3,12,2,0,200,200,16,0,1,6,0,0,0,0,200,200
372397,0,30,1,200,0,1,10,2,0,0,0,20,200,0,200,200,6,200,200,200,200
372397,0,30,1,200,0,1,10,2,0,0,0,20,200,1,4,0,0,0,0,200,200
372397,1,30,1,200,0,1,10,2,0,0,0,20,200,0,200,0,200,200,200,200,200
372401,0,30,0,0,0,3,9,2,0,0,0,25,0,0,200,200,12,200,200,200,200
372401,5,30,0,0,0,3,9,2,0,0,0,25,0,1,3,7,200,200,0,200,200
372419,0,30,0,0,0,3,7,6,0,0,0,10,25,2,200,200,9,200,200,200,200
372421,0,30,0,0,0,3,0,12,0,0,0,6,200,1,6,200,5,0,0,200,200
372421,0,30,0,0,0,3,0,12,0,0,0,6,200,0,6,7,0,0,0,200,200
372436,0,25,0,0,0,3,7,5,0,0,0,20,20,2,200,200,6,200,200,200,200
372439,0,30,1,2,0,3,0,5,0,0,0,16,0,1,5,0,1,12,0,200,200
372439,0,30,1,2,0,3,0,5,0,0,0,16,0,1,6,0,0,0,0,200,0
372439,1,30,1,2,0,3,0,5,0,0,0,16,0,1,6,7,200,200,200,200,200
372439,1,30,1,2,0,3,0,5,0,0,0,16,0,0,5,200,200,200,200,200,200
372454,0,30,0,0,0,3,5,5,0,0,0,25,0,0,200,200,200,200,200,200,200
372462,0,30,1,2,0,3,10,5,0,0,200,11,0,0,7,200,3,0,2,200,200
372462,0,30,1,2,0,3,10,5,0,0,200,11,0,0,7,200,0,0,0,200,200
372462,1,30,1,2,0,3,10,5,0,0,200,11,0,200,200,200,200,200,200,200,200
372462,1,30,1,2,0,3,10,5,0,0,200,11,0,200,200,200,200,200,200,200,200
372466,0,30,3,0,0,3,7,7,0,0,0,200,200,2,200,200,200,200,200,200,200
372484,0,30,0,0,0,1,7,5,0,0,0,21,0,0,4,0,4,200,200,200,200
372491,0,30,1,2,0,1,0,2,0,0,0,6,200,0,6,0,5,200,0,200,200
372491,0,30,1,2,0,1,0,2,0,0,0,6,200,1,5,0,5,200,0,200,200
372504,0,30,1,200,0,0,14,5,0,0,0,0,200,0,200,200,200,200,200,200,200
372504,0,30,1,200,0,0,14,5,0,0,0,0,200,0,7,0,0,0,0,200,200
372508,0,30,0,0,0,1,3,5,0,0,0,0,0,0,200,200,200,200,200,200,200
372508,0,30,0,0,0,1,3,5,0,0,0,0,0,1,7,0,0,0,0,200,200
372511,0,30,0,0,1,1,7,5,0,0,0,21,16,1,7,0,2,0,0,200,200
372511,1,30,0,0,1,1,7,5,0,0,0,21,16,1,2,0,200,200,200,200,200
372517,0,30,1,2,0,1,14,2,0,0,0,12,10,1,5,0,9,1,0,200,200
372517,0,30,1,2,0,1,14,2,0,0,0,12,10,1,5,0,0,0,0,200,200
372517,1,30,1,2,0,1,14,2,0,0,0,12,10,1,200,0,200,200,200,200,200
372518,0,30,1,2,1,1,10,5,0,0,12,16,200,0,5,200,8,0,0,200,200
372518,0,30,1,2,1,1,10,5,0,0,12,16,200,0,6,200,200,0,0,200,200
372519,0,30,1,2,1,1,14,2,2,0,0,21,0,0,4,200,7,200,200,200,200
372519,0,30,1,2,1,1,14,2,2,0,0,21,0,0,6,0,0,0,0,200,200
372519,1,30,1,2,1,1,14,2,2,0,0,21,0,1,0,5,200,200,200,200,200
372521,0,10,0,0,0,1,3,0,0,0,0,0,0,0,5,200,1,0,0,200,200
372521,0,10,0,0,0,1,3,0,0,0,0,0,0,1,5,0,0,0,0,200,200
372526,0,30,0,0,0,1,2,5,0,0,0,11,11,1,6,0,12,0,0,200,200
372533,0,25,1,2,0,1,14,2,0,0,0,17,21,0,7,200,1,1,0,200,200
372533,0,25,1,2,0,1,14,2,0,0,0,17,21,0,7,200,12,0,0,200,200
372537,0,30,0,0,0,1,14,5,0,0,0,23,33,0,9,0,7,0,0,200,200
372537,0,30,0,0,0,1,14,5,0,0,0,23,33,0,8,0,0,12,0,200,200
372544,0,25,0,0,0,1,7,6,0,0,0,0,0,2,200,200,200,200,200,200,200
372548,0,30,0,0,0,1,10,3,0,0,0,0,200,0,7,200,3,200,200,200,200
372548,0,30,0,0,0,1,10,3,0,0,0,0,200,1,7,0,0,0,0,200,200
372561,0,35,1,2,1,1,12,2,0,0,0,22,200,0,5,0,1,0,0,200,200
372561,0,35,1,2,1,1,12,2,0,0,0,22,200,0,6,0,0,0,0,200,200
372562,0,0,0,0,0,1,2,7,0,0,0,0,200,0,6,200,12,200,0,200,200
372564,0,25,0,0,0,1,7,5,0,0,0,200,200,0,5,200,12,200,0,200,200
372564,1,25,0,0,0,1,7,5,0,0,0,200,200,1,7,200,200,200,200,200,200
372569,0,30,1,2,0,1,7,5,0,0,0,0,0,0,5,0,200,0,0,200,200
372569,1,30,1,2,0,1,7,5,0,0,0,0,0,1,6,0,200,200,200,200,200
372570,0,45,0,0,0,1,12,3,0,0,0,21,200,1,200,200,200,200,200,200,200
372570,0,45,0,0,0,1,12,3,0,0,0,21,200,1,5,0,0,0,0,200,200
372572,0,35,2,2,0,1,14,5,0,0,0,17,200,0,0,0,1,0,0,200,200
372572,0,35,2,2,0,1,14,5,0,0,0,17,200,0,6,0,0,0,0,200,200
372586,0,35,2,2,0,1,14,6,0,0,0,5,0,2,200,200,5,200,200,200,200
372586,0,35,2,2,0,1,14,6,0,0,0,5,0,0,5,200,0,0,0,200,200
372588,0,35,0,0,0,1,14,5,0,0,0,28,28,1,5,0,12,12,0,200,200
372588,0,35,0,0,0,1,14,5,0,0,0,28,28,0,5,0,0,200,0,200,200
372589,0,45,0,2,0,4,10,3,0,0,0,16,200,2,200,200,1,200,200,200,200
372589,0,45,0,2,0,4,10,3,0,0,0,16,200,1,5,0,0,0,0,200,200
372593,0,25,0,0,0,1,12,5,0,0,0,22,200,1,200,200,2,200,200,200,200
372593,0,25,0,0,0,1,12,5,0,0,0,22,200,1,8,0,0,0,0,200,200
372598,0,30,0,200,0,1,12,5,0,0,200,17,16,0,200,200,1,200,200,200,200
372598,0,30,0,200,0,1,12,5,0,0,200,17,16,0,6,0,0,0,0,200,200
372600,0,25,1,2,0,1,14,5,0,0,0,21,0,1,5,0,4,0,0,200,200
372600,0,25,1,2,0,1,14,5,0,0,0,21,0,1,200,0,0,0,0,200,200
372608,0,30,0,0,0,1,11,5,0,0,0,12,200,0,5,0,0,0,0,200,200
372608,0,30,0,0,0,1,11,5,0,0,0,12,200,0,7,0,0,0,0,200,200
372609,0,30,0,0,0,1,12,5,0,0,0,21,200,1,5,200,4,0,0,200,200
372609,0,30,0,0,0,1,12,5,0,0,0,21,200,1,6,200,0,0,0,200,200
372615,0,30,0,0,0,1,7,5,0,0,0,16,200,1,6,0,200,200,0,200,200
372615,1,30,0,0,0,1,7,5,0,0,0,16,200,1,5,0,200,200,200,200,200
372615,1,30,0,0,0,1,7,5,0,0,0,16,200,0,7,200,200,200,200,200,200
372615,1,30,0,0,0,1,7,5,0,0,0,16,200,0,0,5,200,200,200,200,200
372615,1,30,0,0,0,1,7,5,0,0,0,16,200,0,1,200,200,200,200,200,200
372615,1,30,0,0,0,1,7,5,0,0,0,16,200,0,1,200,200,200,200,200,200
372615,1,30,0,0,0,1,7,5,0,0,0,16,200,0,1,200,200,200,200,200,200
372617,0,30,0,0,0,1,7,6,0,0,0,22,200,0,200,200,2,200,200,200,200
372621,0,30,0,0,0,200,7,6,0,0,0,0,200,2,200,200,200,200,200,200,200
372625,0,30,0,0,1,2,7,5,0,0,0,0,0,0,5,200,0,0,0,200,200
372625,1,30,0,0,1,2,7,5,0,0,0,0,0,2,200,200,200,200,200,200,200
372625,1,30,0,0,1,2,7,5,0,0,0,0,0,0,200,0,200,200,200,200,200
372626,0,30,1,2,0,1,12,3,0,0,0,18,18,0,200,200,3,200,200,200,200
372626,0,30,1,2,0,1,12,3,0,0,0,18,18,0,200,200,0,0,0,200,200
372628,0,25,0,0,0,2,5,5,0,0,0,0,200,0,200,200,200,200,200,200,200
372629,0,10,0,0,0,1,0,7,0,0,0,0,200,1,200,200,200,200,200,200,200
372629,0,10,0,0,0,1,0,7,0,0,0,0,200,0,7,200,200,0,0,200,200
372630,0,30,0,0,0,200,7,6,0,0,0,21,200,2,200,200,12,200,200,200,200
372644,0,30,0,0,200,200,0,5,0,200,200,0,0,0,4,200,200,200,200,200,200
372644,0,30,0,0,200,200,0,5,0,200,200,0,0,0,5,200,200,200,0,200,200
372647,0,30,0,0,0,1,10,5,0,0,0,0,0,1,5,0,200,0,0,200,200
372647,0,30,0,0,0,1,10,5,0,0,0,0,0,0,6,0,200,0,0,200,200
372655,0,30,0,0,1,1,14,2,0,0,0,17,200,0,6,200,1,0,0,200,200
372655,0,30,0,0,1,1,14,2,0,0,0,17,200,0,6,200,0,0,0,200,200
372656,0,30,0,0,0,1,12,2,0,0,0,0,0,1,7,0,200,200,0,200,200
372656,0,30,0,0,0,1,12,2,0,0,0,0,0,1,200,0,200,0,0,200,200
372657,0,15,0,0,0,1,0,7,0,200,200,0,0,0,200,200,6,200,200,200,200
372657,0,15,0,0,0,1,0,7,0,200,200,0,0,0,6,0,0,0,0,200,200
372664,0,30,1,2,0,1,0,5,0,0,0,6,16,0,6,0,5,0,0,200,200
372664,0,30,1,2,0,1,0,5,0,0,0,6,16,0,7,0,0,0,0,200,200
372670,0,20,0,0,0,1,7,12,0,0,0,0,200,0,200,200,12,200,200,200,200
372673,0,30,0,0,1,1,2,5,0,0,0,11,11,0,7,0,12,0,0,200,200
372680,0,20,0,0,0,1,11,5,0,0,0,0,0,0,6,0,0,0,0,200,200
372680,0,20,0,0,0,1,11,5,0,0,0,0,0,0,5,0,0,0,0,200,200
372688,0,30,0,0,0,1,2,2,0,0,0,0,200,0,7,0,0,0,0,200,200
372692,0,30,0,0,0,1,10,3,0,0,0,17,18,0,200,200,1,200,200,200,200
372692,0,30,0,0,0,1,10,3,0,0,0,17,18,0,7,0,0,0,0,200,200
372699,0,30,0,0,0,1,12,5,0,0,0,0,0,1,7,0,4,0,0,200,200
372699,0,30,0,0,0,1,12,5,0,0,0,0,0,1,5,0,0,0,0,200,200
372708,0,30,0,0,0,1,10,5,0,0,0,21,20,0,5,200,4,200,0,200,200
372708,0,30,0,0,0,1,10,5,0,0,0,21,20,0,6,200,6,200,0,200,200
372715,0,30,0,0,0,1,5,6,0,0,1,28,28,0,9,0,0,0,0,200,200
372715,1,30,0,0,0,1,5,6,0,0,1,28,28,1,8,0,200,200,200,200,200
372721,0,30,0,0,0,1,10,5,0,0,0,0,200,1,5,0,200,200,1,200,200
372721,0,30,0,0,0,1,10,5,0,0,0,0,200,0,7,0,0,200,0,200,200
372734,0,30,1,2,0,1,2,2,0,0,0,27,200,0,5,0,12,0,2,200,200
372737,0,30,0,0,0,1,12,5,0,0,0,17,200,1,200,0,1,0,0,200,200
372737,0,30,0,0,0,1,12,5,0,0,0,17,200,0,5,0,0,0,0,200,200
372746,0,30,0,0,1,1,0,12,0,0,0,20,200,0,6,0,6,0,0,200,200
372746,0,30,0,0,1,1,0,12,0,0,0,20,200,0,6,0,0,0,0,200,200
372754,0,30,1,2,0,1,10,2,0,0,0,0,0,0,6,0,3,0,0,200,200
372754,0,30,1,2,0,1,10,2,0,0,0,0,0,0,6,0,0,0,0,200,200
372761,0,30,0,0,0,1,10,2,0,0,0,17,18,1,200,200,1,200,200,200,200
372761,0,30,0,0,0,1,10,2,0,0,0,17,18,1,6,0,0,0,0,200,200
372767,0,30,0,0,0,1,7,5,0,0,0,17,17,0,6,0,0,0,0,200,200
372769,0,30,0,0,0,1,8,6,0,0,0,0,0,0,7,200,12,0,0,200,200
372769,4,30,0,0,0,1,8,6,0,0,0,0,0,1,6,7,0,0,0,200,200
372771,1,30,0,0,0,1,7,3,0,0,0,18,200,1,5,200,200,200,200,200,200
372771,0,30,0,0,0,1,7,3,0,0,0,18,200,0,5,0,2,0,0,200,200
372771,1,30,0,0,0,1,7,3,0,0,0,18,200,1,5,0,200,200,200,200,200
372774,0,30,0,0,0,3,7,2,0,0,0,0,200,2,200,200,200,200,200,200,200
372777,0,30,2,3,0,1,14,6,0,0,0,23,0,0,7,200,7,0,0,200,200
372777,0,30,2,3,0,1,14,6,0,0,0,23,0,0,6,200,0,0,0,200,200
372779,4,30,2,2,0,1,8,6,0,0,0,33,5,0,5,3,12,0,0,200,200
372779,0,30,2,2,0,1,8,6,0,0,0,33,5,0,6,0,0,2,0,200,200
372783,0,25,0,0,0,0,7,7,0,0,0,0,200,2,200,200,200,200,200,200,200
372786,0,20,0,0,0,1,7,2,0,0,0,200,200,2,200,200,200,200,200,200,200
372787,0,35,1,2,0,1,14,5,0,0,0,17,17,1,8,0,1,0,0,200,200
372787,0,35,1,2,0,1,14,5,0,0,0,17,17,1,6,0,0,0,0,200,200
372789,0,40,0,0,200,1,10,2,0,200,200,0,0,0,8,200,200,200,0,200,200
372789,0,40,0,0,200,1,10,2,0,200,200,0,0,1,200,200,200,200,200,200,200
372790,0,15,0,0,0,1,3,7,0,0,0,20,0,0,7,0,6,200,0,200,200
372790,0,15,0,0,0,1,3,7,0,0,0,20,0,1,8,0,0,0,0,200,200
372802,0,35,1,2,0,1,10,5,0,0,0,18,200,0,200,0,3,0,0,200,200
372802,0,35,1,2,0,1,10,5,0,0,0,18,200,1,200,0,0,0,0,200,200
372806,0,30,12,2,0,1,12,2,0,0,0,22,25,2,200,200,2,200,200,200,200
372806,0,30,12,2,0,1,12,2,0,0,0,22,25,1,6,200,0,0,0,200,200
372806,1,30,12,2,0,1,12,2,0,0,0,22,25,0,6,200,200,200,200,200,200
372811,0,30,0,0,0,1,2,6,0,0,0,11,200,0,6,0,12,0,0,200,200
372811,1,30,0,0,0,1,2,6,0,0,0,11,200,0,5,0,200,200,200,200,200
372817,0,30,0,0,0,1,10,5,0,0,0,18,0,1,5,0,8,0,0,200,200
372817,0,30,0,0,0,1,10,5,0,0,0,18,0,1,200,200,0,200,200,200,200
372817,1,30,0,0,0,1,10,5,0,0,0,18,0,1,0,5,200,200,200,200,200
372825,0,30,0,0,0,3,7,3,0,0,0,0,0,2,200,200,6,200,200,200,200
372828,0,0,0,0,0,1,14,0,0,0,0,17,0,0,5,200,1,0,0,200,200
372828,0,0,0,0,0,1,14,0,0,0,0,17,0,1,6,0,0,0,0,200,200
372828,1,0,0,0,0,1,14,0,0,0,0,17,0,200,200,5,200,200,200,200,200
372835,0,30,0,0,200,200,7,7,0,2,1,11,200,2,200,200,200,200,200,200,200
372843,0,30,2,2,0,1,8,5,0,0,0,17,200,0,200,200,1,200,0,200,200
372843,4,30,2,2,0,1,8,5,0,0,0,17,200,1,5,3,0,0,0,200,200
372845,0,0,12,12,12,1,5,12,0,1,0,0,200,0,200,200,6,200,200,200,200
372846,0,30,2,2,0,1,14,5,0,0,0,0,0,0,7,200,200,200,0,200,200
372846,0,30,2,2,0,1,14,5,0,0,0,0,0,0,8,200,200,200,0,200,200
372852,0,30,0,0,0,1,12,5,0,0,0,0,0,0,6,0,1,0,0,200,200
372852,0,30,0,0,0,1,12,5,0,0,0,0,0,1,8,0,0,0,0,200,200
372860,0,30,2,2,0,1,0,5,0,0,0,17,5,0,200,200,5,200,200,200,200
372860,0,30,2,2,0,1,0,5,0,0,0,17,5,1,5,0,0,0,0,200,200
372865,0,30,0,0,0,1,11,6,0,0,0,0,0,1,5,0,12,0,0,200,200
372865,0,30,0,0,0,1,11,6,0,0,0,0,0,1,6,200,0,0,0,200,200
372866,0,30,2,200,0,1,10,2,0,200,200,0,200,2,200,200,3,200,200,200,200
372866,0,30,2,200,0,1,10,2,0,200,200,0,200,1,7,0,0,200,0,200,200
372874,0,30,0,0,0,1,10,5,0,0,12,18,0,0,4,200,3,200,200,200,200
372874,0,30,0,0,0,1,10,5,0,0,12,18,0,0,7,200,0,200,200,200,200
372874,1,30,0,0,0,1,10,5,0,0,12,18,0,0,5,200,200,200,200,200,200
372875,0,30,0,0,1,1,10,6,0,0,0,18,0,0,6,0,3,0,0,200,200
372875,0,30,0,0,1,1,10,6,0,0,0,18,0,0,6,0,0,0,0,200,200
372878,0,30,1,2,0,1,2,6,0,0,0,0,200,0,6,0,200,0,0,200,200
372882,0,40,0,0,200,0,12,3,0,200,200,21,22,2,200,200,4,200,200,200,200
372882,0,40,0,0,200,0,12,3,0,200,200,21,22,0,7,200,0,200,200,200,200
372897,0,30,0,0,0,1,14,5,0,0,0,23,200,1,6,0,7,0,0,200,200
372897,0,30,0,0,0,1,14,5,0,0,0,23,200,0,6,0,0,0,0,200,200
372898,0,30,0,0,0,1,7,5,0,0,0,0,200,2,200,200,200,200,200,200,200
372899,0,30,0,0,0,1,5,5,0,0,1,200,200,0,6,0,0,0,0,200,200
372899,1,30,0,0,0,1,5,5,0,0,1,200,200,1,6,0,200,200,200,200,200
372904,0,30,0,0,0,1,7,5,0,0,0,0,200,2,200,200,200,200,200,200,200
372914,0,30,2,2,1,1,11,5,0,0,12,0,200,0,8,0,12,200,0,200,200
372914,0,30,2,2,1,1,11,5,0,0,12,0,200,0,7,0,0,0,0,200,200
372918,0,30,12,12,1,1,5,5,0,0,0,0,200,0,7,200,0,0,0,200,200
372935,0,30,0,0,0,1,12,5,0,0,0,22,200,0,6,0,200,0,0,200,200
372935,0,30,0,0,0,1,12,5,0,0,0,22,200,0,8,0,0,0,0,200,200
372938,0,30,0,0,0,1,8,5,0,0,0,17,16,0,8,0,1,0,0,200,200
372938,4,30,0,0,0,1,8,5,0,0,0,17,16,1,6,2,0,0,0,200,200
372947,0,30,0,0,0,1,7,6,0,0,0,0,0,2,200,200,200,200,200,200,200
372949,0,30,0,0,0,1,7,5,0,0,0,0,16,0,5,200,12,0,0,200,200
372949,1,30,0,0,0,1,7,5,0,0,0,0,16,1,6,200,200,200,200,200,200
372956,0,30,0,0,0,1,7,5,0,0,200,0,0,1,200,200,200,200,0,200,200
372960,0,30,0,0,0,1,12,5,0,0,0,200,200,1,6,7,0,0,0,200,200
372960,0,30,0,0,0,1,12,5,0,0,0,200,200,1,6,7,0,0,0,200,200
372968,0,30,1,2,0,1,10,5,0,0,0,22,17,0,6,200,4,0,0,200,200
372968,0,30,1,2,0,1,10,5,0,0,0,22,17,0,8,0,0,0,0,200,200
372972,0,35,0,0,0,1,7,7,0,0,0,0,0,2,200,200,200,200,200,200,200
372974,0,30,0,0,0,1,12,5,0,200,200,23,0,0,6,200,4,200,0,200,200
372974,0,30,0,0,0,1,12,5,0,200,200,23,0,1,5,200,0,200,0,200,200
372974,1,30,0,0,0,1,12,5,0,200,200,23,0,0,5,200,200,200,200,200,200
372980,0,30,0,0,0,1,7,2,0,0,0,11,0,2,200,200,12,200,200,200,200
372981,0,25,0,0,0,1,7,0,0,0,0,20,0,0,200,200,6,200,200,200,200
372981,1,25,0,0,0,1,7,0,0,0,0,20,0,200,200,200,200,200,200,200,200
372981,1,25,0,0,0,1,7,0,0,0,0,20,0,200,200,200,200,200,200,200,200
372985,0,30,0,0,0,1,0,5,0,0,0,20,200,0,200,200,6,200,200,200,200
372985,0,30,0,0,0,1,0,5,0,0,0,20,200,0,6,200,0,0,0,200,200
372992,0,30,1,2,0,1,10,5,0,0,0,0,0,0,200,200,200,200,200,200,200
372992,0,30,1,2,0,1,10,5,0,0,0,0,0,1,6,0,0,0,0,200,200
372996,0,30,0,0,0,1,12,1,0,0,0,25,200,2,200,200,0,200,200,200,200
372998,0,0,0,0,0,1,7,7,0,0,0,200,200,2,200,200,200,200,200,200,200
373000,0,25,0,0,1,1,2,0,4,0,0,0,0,0,8,0,0,0,0,200,200
373009,0,35,2,2,0,1,14,5,0,0,0,0,0,0,5,200,200,0,0,200,200
373009,0,35,2,2,0,1,14,5,0,0,0,0,0,0,7,200,200,0,0,200,200
373009,0,35,2,2,0,1,14,5,0,0,0,0,0,0,6,200,0,0,0,200,200
373013,0,0,1,2,0,1,10,2,0,0,0,18,200,0,7,0,3,0,0,200,200
373013,0,0,1,2,0,1,10,2,0,0,0,18,200,0,9,0,0,0,0,200,200
373013,0,0,1,2,0,1,10,2,0,0,0,18,200,0,6,0,0,0,0,200,200
373018,0,30,0,200,0,2,12,5,0,0,0,16,200,1,6,0,4,200,0,200,200
373018,0,30,0,200,0,2,12,5,0,0,0,16,200,0,200,200,200,200,200,200,200
373020,4,30,0,0,0,1,8,5,0,0,0,13,17,0,6,200,1,0,0,200,200
373020,0,30,0,0,0,1,8,5,0,0,0,13,17,1,4,200,0,0,0,200,200
373021,0,30,200,200,0,1,10,5,0,200,200,0,200,1,6,200,200,200,0,200,200
373021,0,30,200,200,0,1,10,5,0,200,200,0,200,1,7,200,200,200,0,200,200
373026,0,30,1,2,0,1,10,5,0,0,0,18,17,0,200,200,1,200,200,200,200