RD_NO,PERSON_TYPE,POSTED_SPEED_LIMIT,TRAFFIC_CONTROL_DEVICE,DEVICE_CONDITION,WEATHER_CONDITION,LIGHTING_CONDITION,FIRST_CRASH_TYPE,TRAFFICWAY_TYPE,ALIGNMENT,ROADWAY_SURFACE_COND,ROAD_DEFECT,PRIM_CONTRIBUTORY_CAUSE,SEC_CONTRIBUTORY_CAUSE,SEX,AGE,SAFETY_EQUIPMENT,DRIVER_ACTION,DRIVER_VISION,PHYSICAL_CONDITION,BAC_RESULT VALUE,CELL_PHONE_USE
373026,0,30,1,2,0,1,10,5,0,0,0,18,17,1,6,0,0,0,0,200,200
373032,0,30,0,0,0,1,7,5,0,0,0,200,200,0,7,0,0,0,0,200,200
373032,1,30,0,0,0,1,7,5,0,0,0,200,200,1,200,1,200,200,200,200,200
373039,0,30,2,2,0,1,14,5,0,0,0,0,200,0,5,0,200,0,0,200,200
373039,0,30,2,2,0,1,14,5,0,0,0,0,200,0,5,0,200,0,0,200,200
373054,0,30,1,200,0,1,12,5,0,0,0,18,200,1,200,200,4,200,200,200,200
373054,0,30,1,200,0,1,12,5,0,0,0,18,200,0,6,0,200,200,0,200,200
373061,0,30,2,2,0,1,14,5,0,0,0,23,200,0,6,0,7,0,0,200,200
373061,0,30,2,2,0,1,14,5,0,0,0,23,200,0,8,0,0,0,0,200,200
373064,0,30,0,0,0,1,7,6,0,0,0,0,200,1,200,200,12,200,200,200,200
373069,0,30,0,0,0,1,10,5,0,0,0,18,16,1,200,200,3,200,200,200,200
373069,0,30,0,0,0,1,10,5,0,0,0,18,16,0,9,0,0,0,0,200,200
373076,0,10,0,0,0,1,11,7,0,0,0,22,11,2,200,200,2,200,200,200,200
373076,0,10,0,0,0,1,11,7,0,0,0,22,11,1,5,0,0,0,0,200,200
373077,0,0,0,0,200,1,7,7,0,0,0,20,200,0,4,200,6,0,0,200,200
373081,0,0,0,0,0,1,7,7,0,0,0,0,200,2,200,200,200,200,200,200,200
373085,0,30,0,0,0,1,12,2,0,0,0,21,200,0,200,200,4,0,200,200,200
373085,0,30,0,0,0,1,12,2,0,0,0,21,200,0,6,0,0,0,0,200,200
373085,1,30,0,0,0,1,12,2,0,0,0,21,200,1,4,0,200,200,200,200,200
373088,0,30,0,0,0,1,12,5,0,0,0,0,200,0,8,0,4,0,0,200,200
373088,0,30,0,0,0,1,12,5,0,0,0,0,200,0,5,7,0,0,0,200,200
373092,0,30,2,2,0,1,12,6,0,0,0,0,200,0,6,0,0,0,0,200,200
373092,0,30,2,2,0,1,12,6,0,0,0,0,200,0,6,0,0,0,0,200,200
373094,0,30,0,0,1,1,14,2,0,0,0,200,200,0,9,0,1,0,0,200,200
373094,0,30,0,0,1,1,14,2,0,0,0,200,200,0,7,0,12,0,0,200,200
373097,0,30,0,0,0,1,0,5,0,0,0,16,200,0,8,0,1,0,0,200,200
373097,0,30,0,0,0,1,0,5,0,0,0,16,200,1,6,0,0,0,0,200,200
373098,4,30,0,0,0,1,8,2,0,0,0,0,0,0,3,7,12,200,7,200,200
373098,0,30,0,0,0,1,8,2,0,0,0,0,0,0,7,0,0,0,0,200,200
373099,0,30,0,0,0,1,7,6,0,0,0,0,0,2,200,200,200,200,200,200,200
373103,0,35,1,2,1,1,10,2,0,0,0,18,200,1,6,200,3,0,0,200,200
373103,0,35,1,2,1,1,10,2,0,0,0,18,200,1,5,7,0,0,0,200,200
373103,1,35,1,2,1,1,10,2,0,0,0,18,200,1,5,0,200,200,200,200,200
373105,0,30,2,2,0,1,0,5,0,0,0,17,200,0,4,200,1,0,0,200,200
373105,0,30,2,2,0,1,0,5,0,0,0,17,200,0,6,0,0,0,0,200,200
373106,0,30,0,0,0,1,14,5,0,0,0,21,200,0,200,200,4,200,200,200,200
373106,0,30,0,0,0,1,14,5,0,0,0,21,200,1,6,0,200,200,0,200,200
373116,0,30,12,12,0,1,10,6,0,0,0,18,200,0,6,200,3,0,0,200,200
373116,0,30,12,12,0,1,10,6,0,0,0,18,200,0,6,200,0,0,0,200,200
373123,0,30,0,0,0,1,10,5,0,0,0,18,200,0,6,200,3,200,200,200,200
373123,0,30,0,0,0,1,10,5,0,0,0,18,200,1,5,200,0,200,200,200,200
373123,0,30,0,0,0,1,10,5,0,0,0,18,200,1,6,0,0,0,0,200,200
373127,0,30,0,0,0,3,7,5,0,0,0,0,0,2,200,200,200,200,200,200,200
373128,0,30,1,2,0,1,10,2,0,0,0,0,200,1,5,200,200,0,0,200,200
373128,0,30,1,2,0,1,10,2,0,0,0,0,200,0,6,200,200,0,0,200,200
373128,1,30,1,2,0,1,10,2,0,0,0,0,200,0,6,200,200,200,200,200,200
373130,0,30,0,0,0,1,14,5,0,0,0,17,16,0,200,0,1,0,0,200,200
373130,0,30,0,0,0,1,14,5,0,0,0,17,16,1,200,0,0,0,0,200,200
373130,1,30,0,0,0,1,14,5,0,0,0,17,16,1,200,5,200,200,200,200,200
373130,1,30,0,0,0,1,14,5,0,0,0,17,16,1,200,5,200,200,200,200,200
373131,0,30,0,0,0,1,12,5,0,0,0,200,200,0,6,0,0,0,0,200,200
373131,0,30,0,0,0,1,12,5,0,0,0,200,200,1,5,0,0,0,0,200,200
373132,0,30,1,2,0,1,10,2,0,0,0,7,7,1,6,0,12,0,0,200,200
373132,0,30,1,2,0,1,10,2,0,0,0,7,7,1,6,0,0,0,0,200,200
373133,0,35,1,2,0,1,10,5,0,0,200,18,0,0,200,200,3,200,200,200,200
373133,0,35,1,2,0,1,10,5,0,0,200,18,0,0,7,200,200,200,0,200,200
373134,0,30,0,0,0,1,10,2,0,0,0,0,200,0,200,200,200,200,200,200,200
373134,0,30,0,0,0,1,10,2,0,0,0,0,200,1,6,0,0,0,0,200,200
373134,1,30,0,0,0,1,10,2,0,0,0,0,200,1,8,0,200,200,200,200,200
373141,0,30,1,2,0,1,12,5,0,0,0,17,200,1,200,200,1,200,200,200,200
373141,0,30,1,2,0,1,12,5,0,0,0,17,200,0,8,0,0,0,0,200,200
373143,0,30,1,2,0,1,10,2,0,0,0,18,0,1,7,0,3,0,0,200,200
373143,0,30,1,2,0,1,10,2,0,0,0,18,0,0,6,0,12,0,0,200,200
373146,0,40,0,0,0,1,12,3,3,0,0,0,0,1,200,0,200,0,0,200,200
373146,0,40,0,0,0,1,12,3,3,0,0,0,0,0,200,0,200,0,0,200,200
373148,0,30,200,200,0,1,7,6,0,200,200,0,200,2,200,200,200,200,200,200,200
373150,0,30,0,0,0,1,14,2,0,0,3,17,200,0,6,0,1,0,0,200,200
373150,0,30,0,0,0,1,14,2,0,0,3,17,200,0,6,0,0,0,0,200,200
373150,1,30,0,0,0,1,14,2,0,0,3,17,200,200,200,0,200,200,200,200,200
373154,0,20,0,0,0,1,12,2,0,0,200,17,0,0,6,200,12,5,0,200,200
373154,0,20,0,0,0,1,12,2,0,0,200,17,0,0,7,200,1,200,0,200,200
373159,0,30,200,200,200,200,12,5,0,0,200,0,200,0,200,0,200,200,0,200,200
373159,0,30,200,200,200,200,12,5,0,0,200,0,200,0,200,0,0,200,0,200,200
373170,0,20,0,0,0,1,7,5,0,0,0,2,200,0,5,0,15,0,0,200,1
373170,1,20,0,0,0,1,7,5,0,0,0,2,200,1,5,0,200,200,200,200,200
373184,0,30,1,2,0,1,14,3,0,0,0,11,0,1,6,0,4,200,0,200,200
373184,0,30,1,2,0,1,14,3,0,0,0,11,0,0,6,0,200,200,0,200,200
373184,1,30,1,2,0,1,14,3,0,0,0,11,0,0,1,5,200,200,200,200,200
373193,0,30,0,0,0,1,8,5,0,0,0,0,0,1,200,200,0,200,200,200,200
373193,4,30,0,0,0,1,8,5,0,0,0,0,0,1,4,7,0,0,0,200,200
373194,0,30,0,0,0,1,7,6,0,0,0,23,11,1,200,200,12,0,0,200,200
373196,0,30,1,2,0,1,10,2,0,0,0,18,16,0,5,0,1,0,0,200,200
373196,0,30,1,2,0,1,10,2,0,0,0,18,16,1,4,0,0,0,0,200,200
373199,0,30,0,0,0,1,10,5,1,0,0,18,200,0,7,0,3,200,0,200,200
373199,0,30,0,0,0,1,10,5,1,0,0,18,200,0,6,0,200,200,0,200,200
373203,0,30,1,2,0,1,12,2,0,0,0,23,17,1,6,0,7,0,0,200,200
373203,0,30,1,2,0,1,12,2,0,0,0,23,17,1,6,0,0,0,0,200,200
373205,0,30,1,2,0,1,0,5,0,0,0,10,33,1,8,0,9,1,0,200,200
373205,0,30,1,2,0,1,0,5,0,0,0,10,33,0,5,0,0,0,0,200,200
373209,0,30,0,0,0,1,12,5,0,0,0,22,200,2,200,200,4,200,200,200,200
373209,0,30,0,0,0,1,12,5,0,0,0,22,200,0,6,200,0,0,0,200,200
373213,0,10,0,0,0,1,2,7,0,0,0,0,0,0,5,0,12,0,0,200,200
373213,1,10,0,0,0,1,2,7,0,0,0,0,0,0,200,0,200,200,200,200,200
373222,0,30,0,0,0,1,10,3,0,0,0,0,200,0,6,7,0,0,0,200,200
373222,0,30,0,0,0,1,10,3,0,0,0,0,200,1,200,7,0,0,0,200,200
373223,0,30,0,0,1,1,10,5,0,0,0,11,18,0,8,200,3,0,200,200,200
373223,0,30,0,0,1,1,10,5,0,0,0,11,18,1,7,200,0,0,0,200,200
373223,0,30,0,0,1,1,10,5,0,0,0,11,18,0,6,200,0,0,0,200,200
373223,1,30,0,0,1,1,10,5,0,0,0,11,18,0,7,200,200,200,200,200,200
373225,0,30,0,0,0,1,12,5,0,0,0,17,0,0,200,200,1,200,200,200,200
373225,0,30,0,0,0,1,12,5,0,0,0,17,0,1,7,200,0,200,0,200,200
373225,1,30,0,0,0,1,12,5,0,0,0,17,0,0,6,200,200,200,200,200,200
373227,0,30,1,2,0,1,10,5,0,0,0,18,16,0,7,200,3,200,0,200,200
373227,0,30,1,2,0,1,10,5,0,0,0,18,16,1,200,200,0,200,200,200,200
373227,0,30,1,2,0,1,10,5,0,0,0,18,16,0,6,0,0,0,0,200,200
373228,0,30,0,0,0,1,10,5,0,0,0,0,0,0,5,200,3,200,200,200,200
373228,0,30,0,0,0,1,10,5,0,0,0,0,0,1,6,0,0,0,0,200,200
373228,1,30,0,0,0,1,10,5,0,0,0,0,0,0,3,0,200,200,200,200,200
373228,1,30,0,0,0,1,10,5,0,0,0,0,0,1,0,5,200,200,200,200,200
373228,1,30,0,0,0,1,10,5,0,0,0,0,0,0,0,5,200,200,200,200,200
373228,1,30,0,0,0,1,10,5,0,0,0,0,0,1,2,5,200,200,200,200,200
373233,0,10,0,0,0,1,10,4,0,0,0,18,0,1,5,200,3,200,200,200,200
373233,0,10,0,0,0,1,10,4,0,0,0,18,0,1,6,0,0,0,0,200,200
373237,0,20,0,0,0,1,14,5,0,0,0,0,0,1,3,0,12,200,0,200,200
373237,0,20,0,0,0,1,14,5,0,0,0,0,0,1,6,0,0,200,0,200,200
373243,0,30,0,0,0,1,7,5,0,0,0,0,200,0,5,0,12,0,0,200,200
373247,0,35,2,0,0,1,0,2,0,0,0,17,16,0,8,0,1,0,0,200,200
373247,0,35,2,0,0,1,0,2,0,0,0,17,16,1,7,0,0,0,0,200,200
373247,1,35,2,0,0,1,0,2,0,0,0,17,16,1,8,0,200,200,200,200,200
373247,1,35,2,0,0,1,0,2,0,0,0,17,16,200,2,0,200,200,200,200,200
373247,1,35,2,0,0,1,0,2,0,0,0,17,16,0,200,0,200,200,200,200,200
373247,1,35,2,0,0,1,0,2,0,0,0,17,16,0,8,0,200,200,200,200,200
373250,0,30,1,2,2,1,10,5,0,1,0,34,18,1,5,0,3,0,0,200,200
373250,0,30,1,2,2,1,10,5,0,1,0,34,18,1,200,0,0,0,0,200,200
373256,0,30,0,0,0,1,10,5,0,0,0,0,0,2,200,200,200,200,200,200,200
373256,0,30,0,0,0,1,10,5,0,0,0,0,0,0,6,7,0,0,0,200,200
373259,0,25,0,0,1,1,7,5,0,0,200,0,0,0,5,200,200,200,200,200,200
373260,0,30,0,0,0,1,12,2,0,0,0,21,0,1,5,200,4,0,0,200,200
373260,0,30,0,0,0,1,12,2,0,0,0,21,0,1,6,200,0,0,0,200,200
373266,0,30,2,2,0,1,0,2,0,0,0,5,0,0,200,200,1,200,200,200,200
373266,0,30,2,2,0,1,0,2,0,0,0,5,0,0,6,0,0,0,0,200,200
373266,1,30,2,2,0,1,0,2,0,0,0,5,0,0,3,0,200,200,200,200,200
373267,0,25,2,2,0,1,14,6,0,0,0,25,17,0,200,200,9,200,12,200,200
373267,0,25,2,2,0,1,14,6,0,0,0,25,17,1,7,200,0,0,12,200,200
373267,0,25,2,2,0,1,14,6,0,0,0,25,17,0,5,0,0,0,0,200,200
373272,0,30,0,0,0,1,7,7,0,0,0,0,200,2,200,200,200,200,200,200,200
373273,0,30,1,2,1,1,14,5,0,0,0,17,200,1,3,0,1,0,0,200,200
373273,0,30,1,2,1,1,14,5,0,0,0,17,200,0,6,0,0,0,0,200,200
373273,1,30,1,2,1,1,14,5,0,0,0,17,200,0,3,0,200,200,200,200,200
373273,1,30,1,2,1,1,14,5,0,0,0,17,200,0,6,0,200,200,200,200,200
373279,0,25,2,2,0,1,0,5,0,0,0,33,21,0,8,0,4,1,0,200,200
373279,0,25,2,2,0,1,0,5,0,0,0,33,21,1,200,200,0,200,0,200,200
373280,0,30,0,0,0,1,7,5,0,0,0,0,0,0,200,200,200,200,200,200,200
373280,1,30,0,0,0,1,7,5,0,0,0,0,0,200,200,200,200,200,200,200,200
373282,0,30,0,0,0,1,12,6,0,0,0,22,21,0,5,0,2,0,0,200,200
373282,0,30,0,0,0,1,12,6,0,0,0,22,21,0,6,0,0,0,0,200,200
373288,0,30,1,2,0,1,14,1,0,0,0,23,200,0,4,200,7,1,0,200,200
373288,0,30,1,2,0,1,14,1,0,0,0,23,200,0,5,200,0,1,0,200,200
373290,0,30,1,2,0,1,12,5,0,0,0,0,0,1,200,200,12,200,200,200,200
373290,0,30,1,2,0,1,12,5,0,0,0,0,0,1,6,0,0,0,0,200,200
373296,0,30,1,2,2,1,10,5,0,1,0,16,34,0,7,0,8,0,0,200,200
373296,0,30,1,2,2,1,10,5,0,1,0,16,34,1,5,0,0,0,0,200,200
373296,0,30,1,2,2,1,10,5,0,1,0,16,34,1,5,0,0,0,0,200,200
373296,1,30,1,2,2,1,10,5,0,1,0,16,34,0,5,0,200,200,200,200,200
373296,1,30,1,2,2,1,10,5,0,1,0,16,34,0,2,0,200,200,200,200,200
373296,1,30,1,2,2,1,10,5,0,1,0,16,34,1,2,0,200,200,200,200,200
373296,1,30,1,2,2,1,10,5,0,1,0,16,34,1,0,5,200,200,200,200,200
373297,0,30,0,0,0,1,8,5,0,0,0,22,200,2,200,200,2,200,200,200,200
373297,4,30,0,0,0,1,8,5,0,0,0,22,200,0,5,3,0,0,0,200,200
373298,0,30,0,0,0,1,7,6,0,0,0,200,200,2,200,200,0,200,200,200,200
373307,0,30,0,0,0,1,10,7,0,0,0,0,200,1,200,200,200,200,200,200,200
373307,0,30,0,0,0,1,10,7,0,0,0,0,200,0,5,0,0,0,0,200,200
373307,1,30,0,0,0,1,10,7,0,0,0,0,200,1,0,0,200,200,200,200,200
373315,0,30,0,0,0,1,10,5,0,0,0,0,0,0,200,0,1,0,0,200,200
373315,0,30,0,0,0,1,10,5,0,0,0,0,0,1,6,0,0,0,0,200,200
373319,0,30,0,0,2,1,7,5,0,1,0,12,12,0,5,0,12,0,0,200,200
373319,1,30,0,0,2,1,7,5,0,1,0,12,12,1,5,200,200,200,200,200,200
373319,1,30,0,0,2,1,7,5,0,1,0,12,12,1,2,0,200,200,200,200,200
373319,1,30,0,0,2,1,7,5,0,1,0,12,12,1,2,5,200,200,200,200,200
373328,0,30,2,2,0,1,7,5,0,0,0,0,0,1,200,200,10,200,0,200,200
373328,1,30,2,2,0,1,7,5,0,0,0,0,0,0,200,200,200,200,200,200,200
373330,0,25,0,0,0,1,7,6,0,0,0,7,0,1,6,0,0,0,0,200,200
373337,0,30,0,0,0,3,7,5,0,0,0,0,200,2,200,200,200,200,200,200,200
373341,0,30,0,0,1,1,7,5,0,0,0,21,200,0,6,0,4,5,0,200,200
373344,0,30,0,0,0,1,7,6,0,0,0,20,200,2,200,200,6,200,200,200,200
373350,0,30,0,0,0,1,14,3,0,0,0,0,0,0,8,0,1,200,0,200,200
373350,0,30,0,0,0,1,14,3,0,0,0,0,0,0,5,0,0,200,0,200,200
373350,1,30,0,0,0,1,14,3,0,0,0,0,0,0,4,0,200,200,200,200,200
373356,0,30,1,0,0,1,12,5,0,0,200,0,0,1,7,0,200,200,200,200,200
373356,0,30,1,0,0,1,12,5,0,0,200,0,0,1,7,0,0,200,200,200,200
373359,0,30,0,0,0,1,0,4,0,0,0,33,200,0,4,0,1,5,0,200,200
373359,0,30,0,0,0,1,0,4,0,0,0,33,200,0,6,0,200,200,0,200,200
373365,0,35,1,2,0,1,10,5,0,0,0,7,0,1,5,0,3,0,0,200,200
373365,0,35,1,2,0,1,10,5,0,0,0,7,0,0,6,0,0,0,0,200,200
373365,1,35,1,2,0,1,10,5,0,0,0,7,0,0,1,0,200,200,200,200,200
373366,0,30,0,0,0,1,7,5,0,0,0,200,200,1,6,0,0,0,0,200,200
373366,1,30,0,0,0,1,7,5,0,0,0,200,200,1,3,0,200,200,200,200,200
373366,1,30,0,0,0,1,7,5,0,0,0,200,200,1,2,0,200,200,200,200,200
373366,1,30,0,0,0,1,7,5,0,0,0,200,200,0,6,0,200,200,200,200,200
373367,0,30,2,2,0,1,10,5,0,0,0,0,0,1,200,200,200,200,200,200,200
373367,0,30,2,2,0,1,10,5,0,0,0,0,0,0,7,0,200,200,7,200,200
373368,0,30,0,0,0,1,14,2,0,0,0,0,200,0,5,7,0,0,0,200,200
373368,0,30,0,0,0,1,14,2,0,0,0,0,200,0,7,7,0,0,0,200,200
373369,0,30,1,2,0,1,9,5,0,0,0,17,0,1,7,0,1,0,0,200,200
373369,5,30,1,2,0,1,9,5,0,0,0,17,0,1,5,7,0,0,0,200,200
373371,0,10,0,0,0,1,10,7,0,0,0,20,200,0,5,200,6,200,200,200,200
373371,0,10,0,0,0,1,10,7,0,0,0,20,200,1,7,0,0,0,0,200,200
373373,0,35,0,0,0,1,12,2,0,0,0,33,200,0,7,0,4,0,0,200,200
373373,0,35,0,0,0,1,12,2,0,0,0,33,200,0,5,0,0,0,0,200,200
373376,0,30,0,200,0,1,10,5,0,0,0,0,200,0,200,0,0,200,0,200,200
373376,0,30,0,200,0,1,10,5,0,0,0,0,200,1,200,0,200,200,0,200,200
373378,0,25,0,0,2,1,10,5,0,1,0,18,18,1,5,0,3,0,0,200,200
373378,0,25,0,0,2,1,10,5,0,1,0,18,18,0,6,0,0,0,0,200,200
373378,1,25,0,0,2,1,10,5,0,1,0,18,18,1,5,0,200,200,200,200,200
373379,0,30,1,2,1,1,12,5,0,0,0,0,0,1,200,200,200,200,200,200,200
373379,0,30,1,2,1,1,12,5,0,0,0,0,0,1,5,0,0,0,0,200,200
373379,1,30,1,2,1,1,12,5,0,0,0,0,0,0,2,0,200,200,200,200,200
373381,0,30,0,0,0,1,0,7,0,0,0,20,200,0,7,7,200,0,0,200,200
373381,0,30,0,0,0,1,0,7,0,0,0,20,200,1,6,7,200,0,0,200,200
373382,0,35,200,200,0,1,12,6,0,0,0,0,0,1,6,200,12,200,200,200,200
373382,0,35,200,200,0,1,12,6,0,0,0,0,0,0,8,200,200,200,0,200,200
373388,0,30,1,2,0,1,2,5,0,0,0,8,0,0,7,0,12,0,0,200,200
373388,0,30,1,2,0,1,2,5,0,0,0,8,0,0,4,0,0,0,0,200,200
373389,0,30,1,2,0,1,12,2,0,0,0,22,0,1,200,200,2,200,200,200,200
373389,0,30,1,2,0,1,12,2,0,0,0,22,0,0,5,0,0,0,0,200,200
373401,0,30,0,0,0,1,10,5,0,0,0,0,0,1,200,200,6,0,0,200,200
373401,0,30,0,0,0,1,10,5,0,0,0,0,0,0,200,0,0,0,0,200,200
373401,1,30,0,0,0,1,10,5,0,0,0,0,0,1,200,0,200,200,200,200,200
373406,0,30,1,2,0,1,12,5,0,0,0,21,200,1,200,200,4,200,200,200,200
373406,0,30,1,2,0,1,12,5,0,0,0,21,200,0,6,0,0,0,0,200,200
373412,0,30,0,0,0,1,7,5,0,0,0,0,200,2,200,200,200,200,200,200,200
373413,0,30,1,2,0,1,10,2,0,0,0,18,16,0,6,200,3,0,0,200,200
373413,0,30,1,2,0,1,10,2,0,0,0,18,16,0,5,200,0,0,0,200,200
373418,0,30,1,2,0,1,10,5,0,0,200,11,200,0,200,200,8,0,0,200,200
373422,0,30,0,0,0,1,0,12,0,0,0,0,0,1,8,0,200,0,0,200,200
373422,0,30,0,0,0,1,0,12,0,0,0,0,0,0,4,0,0,0,0,200,200
373427,0,20,0,0,0,1,7,6,0,0,0,20,11,1,200,200,10,200,200,200,200
373428,0,30,1,2,0,1,12,5,0,0,0,21,200,0,6,0,4,0,0,200,200
373428,0,30,1,2,0,1,12,5,0,0,0,21,200,0,7,0,0,0,0,200,200
373428,1,30,1,2,0,1,12,5,0,0,0,21,200,1,200,0,200,200,200,200,200
373428,1,30,1,2,0,1,12,5,0,0,0,21,200,1,200,7,200,200,200,200,200
373428,1,30,1,2,0,1,12,5,0,0,0,21,200,1,200,0,200,200,200,200,200
373428,1,30,1,2,0,1,12,5,0,0,0,21,200,1,200,7,200,200,200,200,200
373432,0,30,2,2,0,1,0,5,0,0,0,200,200,1,5,0,0,0,0,200,200
373432,0,30,2,2,0,1,0,5,0,0,0,200,200,1,7,0,0,0,0,200,200
373432,1,30,2,2,0,1,0,5,0,0,0,200,200,0,200,0,200,200,200,200,200
373434,0,35,0,0,0,1,12,3,0,0,0,21,21,1,6,0,4,0,0,200,200
373434,0,35,0,0,0,1,12,3,0,0,0,21,21,1,5,0,0,0,0,200,200
373434,1,35,0,0,0,1,12,3,0,0,0,21,21,0,6,0,200,200,200,200,200
373435,0,20,0,0,0,1,7,7,0,0,0,0,0,2,200,200,200,200,200,200,200
373438,0,30,0,0,0,1,10,6,0,0,0,20,200,0,6,0,6,0,0,200,200
373438,0,30,0,0,0,1,10,6,0,0,0,20,200,1,6,0,0,0,0,200,200
373441,0,30,0,0,2,1,10,5,0,1,0,18,11,0,5,0,3,0,0,200,200
373441,0,30,0,0,2,1,10,5,0,1,0,18,11,0,6,0,0,0,0,200,200
373441,1,30,0,0,2,1,10,5,0,1,0,18,11,1,0,0,200,200,200,200,200
373449,0,30,200,200,0,1,9,5,0,0,0,20,200,0,200,200,6,200,200,200,200
373449,5,30,200,200,0,1,9,5,0,0,0,20,200,1,5,7,0,0,0,200,200
373456,0,15,0,0,0,1,9,7,0,0,0,20,200,1,3,200,1,0,0,200,200
373456,5,15,0,0,0,1,9,7,0,0,0,20,200,0,7,7,0,0,0,200,200
373457,0,30,1,1,1,2,7,5,2,1,0,200,34,1,6,0,14,200,0,200,200
373457,1,30,1,1,1,2,7,5,2,1,0,200,34,0,6,0,200,200,200,200,200
373458,0,30,1,2,0,4,12,5,0,0,0,22,14,1,5,200,2,0,0,200,200
373458,0,30,1,2,0,4,12,5,0,0,0,22,14,0,6,200,0,0,0,200,200
373458,0,30,1,2,0,4,12,5,0,0,0,22,14,0,7,200,0,0,0,200,200
373459,0,30,1,1,0,1,14,6,0,0,0,0,0,0,200,0,3,0,0,200,200
373459,0,30,1,1,0,1,14,6,0,0,0,0,0,0,200,0,0,0,0,200,200
373478,0,10,0,0,0,1,7,7,0,0,0,0,200,0,200,200,7,0,0,200,200
373484,0,30,1,2,0,1,9,5,0,0,0,17,23,0,8,200,1,0,0,200,200
373484,5,30,1,2,0,1,9,5,0,0,0,17,23,0,9,7,0,0,0,200,200
373485,0,30,0,0,0,1,14,12,0,0,0,0,0,0,5,0,7,0,0,200,200
373485,0,30,0,0,0,1,14,12,0,0,0,0,0,0,6,0,0,0,0,200,200
373496,0,30,2,2,0,1,10,6,0,0,0,0,0,1,5,0,12,200,0,200,200
373496,0,30,2,2,0,1,10,6,0,0,0,0,0,1,7,0,0,0,0,200,200
373497,0,35,0,0,0,1,12,2,0,0,0,0,0,0,200,200,12,200,200,200,200
373497,0,35,0,0,0,1,12,2,0,0,0,0,0,1,5,0,200,0,0,200,200
373501,0,30,0,0,1,200,7,6,0,200,200,25,200,0,7,200,12,200,200,200,200
373512,0,30,0,0,0,1,7,200,0,0,0,0,200,1,7,0,200,0,0,200,200
373517,0,30,0,0,0,1,7,5,0,0,0,16,16,0,6,0,8,0,0,200,200
373532,0,30,0,0,0,1,12,5,3,0,0,21,200,1,6,7,3,0,0,200,200
373532,0,30,0,0,0,1,12,5,3,0,0,21,200,0,6,7,12,0,0,200,200
373535,0,30,0,0,0,1,0,7,0,0,0,17,200,1,7,0,1,200,0,200,200
373535,0,30,0,0,0,1,0,7,0,0,0,17,200,0,5,0,12,200,200,200,200
373536,0,30,2,2,200,200,7,5,0,0,0,0,0,2,200,200,200,200,200,200,200
373538,0,30,1,2,0,1,14,3,0,0,0,21,200,0,200,200,4,200,200,200,200
373538,0,30,1,2,0,1,14,3,0,0,0,21,200,1,6,0,0,0,0,200,200
373538,1,30,1,2,0,1,14,3,0,0,0,21,200,0,6,0,200,200,200,200,200
373538,1,30,1,2,0,1,14,3,0,0,0,21,200,1,2,5,200,200,200,200,200
373538,1,30,1,2,0,1,14,3,0,0,0,21,200,0,0,5,200,200,200,200,200
373538,1,30,1,2,0,1,14,3,0,0,0,21,200,0,200,0,200,200,200,200,200
373538,1,30,1,2,0,1,14,3,0,0,0,21,200,0,200,200,200,200,200,200,200
373547,0,30,0,0,0,1,0,3,0,0,0,0,0,1,200,200,0,200,200,200,200
373547,0,30,0,0,0,1,0,3,0,0,0,0,0,1,6,7,0,0,0,200,200
373556,0,35,0,0,0,4,11,3,0,0,0,21,11,0,6,0,2,0,0,200,200
373556,0,35,0,0,0,4,11,3,0,0,0,21,11,0,6,0,0,0,0,200,200
373571,0,30,0,0,0,1,11,5,0,0,0,11,0,0,200,200,12,200,200,200,200
373571,0,30,0,0,0,1,11,5,0,0,0,11,0,0,8,0,0,0,0,200,200
373577,0,30,1,200,0,3,9,2,0,0,200,17,200,1,5,0,1,200,0,200,200
373577,5,30,1,200,0,3,9,2,0,0,200,17,200,1,6,7,5,200,200,200,200
373578,0,30,1,2,0,4,14,2,0,0,0,23,17,1,200,0,7,0,0,200,200
373578,0,30,1,2,0,4,14,2,0,0,0,23,17,1,4,0,0,0,0,200,200
373585,0,20,0,0,0,1,10,2,0,0,200,18,18,0,9,200,200,200,200,200,200
373585,0,20,0,0,0,1,10,2,0,0,200,18,18,1,4,200,0,200,0,200,200
373587,0,30,2,1,0,1,0,12,2,0,0,5,17,1,6,200,1,0,0,200,200
373587,0,30,2,1,0,1,0,12,2,0,0,5,17,0,5,200,0,0,0,200,200
373614,0,30,0,0,0,1,7,5,0,0,0,0,200,2,200,200,200,200,200,200,200
373620,0,30,2,2,0,4,9,5,0,0,0,17,200,0,6,200,1,0,0,200,200
373620,5,30,2,2,0,4,9,5,0,0,0,17,200,1,7,200,0,0,0,200,200
373623,0,35,0,0,0,3,10,2,0,0,0,0,0,1,6,0,1,0,0,200,200
373623,0,35,0,0,0,3,10,2,0,0,0,0,0,0,200,0,0,0,0,200,200
373624,0,30,1,2,0,3,14,5,0,0,0,14,31,0,200,200,5,200,200,200,200
373624,0,30,1,2,0,3,14,5,0,0,0,14,31,1,6,0,0,0,0,200,200
373624,1,30,1,2,0,3,14,5,0,0,0,14,31,0,200,200,200,200,200,200,200
373626,0,20,0,0,0,3,8,6,0,0,0,0,200,0,200,200,1,200,200,200,200
373626,4,20,0,0,0,3,8,6,0,0,0,0,200,0,4,2,0,0,0,200,200
373636,0,30,1,200,0,3,10,5,0,0,0,18,16,0,7,0,0,0,0,200,200
373636,0,30,1,200,0,3,10,5,0,0,0,18,16,2,200,200,3,200,200,200,200
373645,0,30,0,0,0,1,7,7,0,0,0,0,0,1,200,200,200,200,200,200,200