RD_NO,PERSON_TYPE,POSTED_SPEED_LIMIT,TRAFFIC_CONTROL_DEVICE,DEVICE_CONDITION,WEATHER_CONDITION,LIGHTING_CONDITION,FIRST_CRASH_TYPE,TRAFFICWAY_TYPE,ALIGNMENT,ROADWAY_SURFACE_COND,ROAD_DEFECT,PRIM_CONTRIBUTORY_CAUSE,SEC_CONTRIBUTORY_CAUSE,SEX,AGE,SAFETY_EQUIPMENT,DRIVER_ACTION,DRIVER_VISION,PHYSICAL_CONDITION,BAC_RESULT VALUE,CELL_PHONE_USE
373648,0,0,0,0,0,4,7,7,0,0,0,25,20,0,200,200,0,200,200,200,200
373651,0,30,0,0,0,0,10,5,0,0,0,20,200,1,6,0,6,0,0,200,200
373651,0,30,0,0,0,0,10,5,0,0,0,20,200,0,5,0,0,0,0,200,200
373654,0,30,0,0,0,1,7,5,0,0,0,0,200,0,6,0,12,0,0,200,200
373657,0,30,0,0,0,3,12,6,0,0,200,17,0,1,200,200,1,200,200,200,200
373657,0,30,0,0,0,3,12,6,0,0,200,17,0,0,6,0,0,0,0,200,200
373667,0,30,0,0,0,3,12,5,0,0,0,22,200,2,200,200,2,200,200,200,200
373667,0,30,0,0,0,3,12,5,0,0,0,22,200,0,6,200,0,200,0,200,200
373667,1,30,0,0,0,3,12,5,0,0,0,22,200,1,6,200,200,200,200,200,200
373670,0,30,0,0,0,1,12,5,0,0,0,0,0,0,200,200,200,200,200,200,200
373670,0,30,0,0,0,1,12,5,0,0,0,0,0,1,6,0,0,0,0,200,200
373675,0,30,0,0,0,1,7,7,0,0,0,20,20,0,200,200,6,200,200,200,200
373676,0,30,0,0,0,0,10,5,0,0,0,200,200,1,5,200,200,0,0,200,200
373676,0,30,0,0,0,0,10,5,0,0,0,200,200,0,6,200,0,0,0,200,200
373681,0,30,0,0,0,3,7,6,0,0,0,0,0,0,200,200,6,200,200,200,200
373686,0,30,1,2,0,3,14,3,0,0,0,23,0,0,5,200,0,0,0,200,200
373686,0,30,1,2,0,3,14,3,0,0,0,23,0,0,4,200,7,0,0,200,200
373686,1,30,1,2,0,3,14,3,0,0,0,23,0,1,4,200,200,200,200,200,200
373695,0,5,0,0,0,3,9,0,0,0,0,200,200,0,6,0,12,0,0,200,200
373695,5,5,0,0,0,3,9,0,0,0,0,200,200,1,2,7,0,200,7,200,200
373695,1,5,0,0,0,3,9,0,0,0,0,200,200,0,2,0,200,200,200,200,200
373695,1,5,0,0,0,3,9,0,0,0,0,200,200,1,2,1,200,200,200,200,200
373704,0,30,0,0,0,4,7,5,0,0,0,16,200,0,0,0,8,200,200,200,200
373704,1,30,0,0,0,4,7,5,0,0,0,16,200,0,5,0,200,200,200,200,200
373704,1,30,0,0,0,4,7,5,0,0,0,16,200,0,5,0,200,200,200,200,200
373704,1,30,0,0,0,4,7,5,0,0,0,16,200,0,6,0,200,200,200,200,200
373706,0,30,0,0,0,3,7,5,0,0,0,0,200,0,200,200,200,0,0,200,200
373708,0,30,0,0,0,3,7,5,0,0,0,0,0,0,9,200,12,200,0,200,200
373709,0,30,0,0,0,3,7,3,0,0,0,0,0,2,200,200,200,200,200,200,200
373725,0,30,1,2,0,1,10,6,0,0,0,16,200,1,5,0,3,0,200,200,200
373725,0,30,1,2,0,1,10,6,0,0,0,16,200,0,5,0,0,0,0,200,200
373730,0,10,0,0,0,3,3,7,0,0,0,16,200,0,6,0,12,0,0,200,200
373730,0,10,0,0,0,3,3,7,0,0,0,16,200,0,7,0,12,0,0,200,200
373734,0,30,2,2,0,3,14,5,0,0,0,17,200,2,200,200,1,200,200,200,200
373734,0,30,2,2,0,3,14,5,0,0,0,17,200,0,6,0,0,0,0,200,200
373738,0,30,0,0,0,3,5,6,0,0,0,8,200,0,6,0,12,0,0,200,200
373755,0,30,0,0,0,1,14,2,0,0,0,17,16,0,200,200,1,200,200,200,200
373755,0,30,0,0,0,1,14,2,0,0,0,17,16,0,5,0,12,0,200,200,200
373755,1,30,0,0,0,1,14,2,0,0,0,17,16,1,200,0,200,200,200,200,200
373756,0,30,1,2,0,3,10,5,0,0,0,7,200,1,5,0,3,12,0,200,200
373756,0,30,1,2,0,3,10,5,0,0,0,7,200,1,6,0,0,0,0,200,200
373756,1,30,1,2,0,3,10,5,0,0,0,7,200,0,5,0,200,200,200,200,200
373762,0,30,0,0,0,3,12,6,0,0,0,0,0,0,6,200,200,0,0,200,200
373762,0,30,0,0,0,3,12,6,0,0,0,0,0,0,5,200,200,0,0,200,200
373762,1,30,0,0,0,3,12,6,0,0,0,0,0,1,200,7,200,200,200,200,200
373765,0,25,1,2,0,3,10,5,0,0,200,18,0,0,6,0,3,0,0,200,200
373765,0,25,1,2,0,3,10,5,0,0,200,18,0,0,5,0,0,0,0,200,200
373766,0,30,200,200,0,4,10,3,0,0,200,20,21,0,8,0,6,200,0,200,200
373766,0,30,200,200,0,4,10,3,0,0,200,20,21,0,6,0,0,200,0,200,200
373780,0,20,0,0,0,3,11,12,0,0,0,10,11,0,6,200,1,200,200,200,200
373780,0,20,0,0,0,3,11,12,0,0,0,10,11,0,6,0,0,0,0,200,200
373782,4,25,2,12,0,0,8,12,0,0,0,0,0,1,200,3,200,0,3,200,200
373782,0,25,2,12,0,0,8,12,0,0,0,0,0,2,200,200,200,200,200,200,200
373784,0,45,0,0,0,0,12,12,0,0,0,200,200,2,200,200,4,200,200,200,200
373784,0,45,0,0,0,0,12,12,0,0,0,200,200,0,6,0,0,0,0,200,200
373787,0,30,1,2,0,4,0,5,0,0,0,5,200,0,200,200,12,200,200,200,200
373787,0,30,1,2,0,4,0,5,0,0,0,5,200,0,6,0,0,0,0,200,200
373788,0,30,0,0,0,3,12,5,0,0,0,21,200,0,6,200,1,200,200,200,200
373788,0,30,0,0,0,3,12,5,0,0,0,21,200,0,5,200,0,0,0,200,200
373793,0,30,1,2,0,3,14,12,0,0,0,23,11,1,6,0,7,0,0,200,200
373793,0,30,1,2,0,3,14,12,0,0,0,23,11,1,0,0,0,0,0,200,200
373795,0,30,1,2,0,3,9,5,0,0,200,17,0,0,200,200,1,200,200,200,200
373795,5,30,1,2,0,3,9,5,0,0,200,17,0,0,5,200,200,200,0,200,200
373797,0,35,2,2,0,3,0,5,0,0,0,11,200,0,4,0,12,0,0,200,200
373797,0,35,2,2,0,3,0,5,0,0,0,11,200,0,6,0,0,0,0,200,200
373803,0,30,1,2,0,3,10,5,0,0,200,18,0,0,6,200,3,200,200,200,200
373803,0,30,1,2,0,3,10,5,0,0,200,18,0,1,6,0,1,0,0,200,200
373803,1,30,1,2,0,3,10,5,0,0,200,18,0,1,2,0,200,200,200,200,200
373803,1,30,1,2,0,3,10,5,0,0,200,18,0,0,2,0,200,200,200,200,200
373809,0,30,0,0,0,3,7,2,0,0,0,20,0,1,200,200,6,200,200,200,200
373809,1,30,0,0,0,3,7,2,0,0,0,20,0,1,200,200,200,200,200,200,200
373810,0,30,0,0,0,3,11,5,0,0,0,0,0,2,200,200,200,200,200,200,200
373810,0,30,0,0,0,3,11,5,0,0,0,0,0,1,5,200,0,0,0,200,200
373813,0,15,0,0,0,0,9,0,0,0,1,0,200,2,200,200,12,200,200,200,200
373813,5,15,0,0,0,0,9,0,0,0,1,0,200,0,6,7,200,200,200,200,200
373818,0,30,2,0,0,3,0,2,0,0,3,27,11,0,200,200,1,200,200,200,200
373818,0,30,2,0,0,3,0,2,0,0,3,27,11,0,6,200,0,200,200,200,200
373821,0,30,1,2,0,0,10,2,0,0,0,7,200,0,6,0,3,0,0,200,200
373821,0,30,1,2,0,0,10,2,0,0,0,7,200,0,5,0,0,0,0,200,200
373823,0,30,1,2,0,3,12,5,0,0,0,21,200,0,0,0,4,0,0,200,200
373823,0,30,1,2,0,3,12,5,0,0,0,21,200,0,5,0,0,0,0,200,200
373826,0,30,0,0,0,3,7,2,0,0,0,9,21,1,6,200,12,0,0,200,200
373828,0,5,0,0,0,3,7,7,0,0,0,0,0,0,5,0,200,200,200,200,200
373828,1,5,0,0,0,3,7,7,0,0,0,0,0,1,6,5,200,200,200,200,200
373830,0,30,0,0,0,3,2,0,0,0,0,19,200,0,200,200,12,0,5,200,200
373831,0,30,0,0,0,0,10,2,0,0,12,0,200,0,5,200,200,200,0,200,200
373831,0,30,0,0,0,0,10,2,0,0,12,0,200,0,6,200,200,200,0,200,200
373831,1,30,0,0,0,0,10,2,0,0,12,0,200,200,200,200,200,200,200,200,200
373853,0,30,1,2,0,3,14,5,0,0,0,0,11,0,6,200,12,0,0,200,200
373853,0,30,1,2,0,3,14,5,0,0,0,0,11,0,7,200,12,0,0,200,200
373863,0,30,1,0,0,3,12,5,0,0,3,0,200,0,200,200,200,200,200,200,200
373863,0,30,1,0,0,3,12,5,0,0,3,0,200,1,6,0,0,0,0,200,200
373863,1,30,1,0,0,3,12,5,0,0,3,0,200,1,6,0,200,200,200,200,200
373871,0,30,0,0,0,3,2,6,0,0,0,200,200,1,5,0,0,0,0,200,200
373871,0,30,0,0,0,3,2,6,0,0,0,200,200,2,200,200,200,200,200,200,200
373871,1,30,0,0,0,3,2,6,0,0,0,200,200,0,0,5,200,200,200,200,200
373873,0,30,1,2,0,3,14,1,0,0,0,0,200,0,6,0,12,0,0,200,200
373873,0,30,1,2,0,3,14,1,0,0,0,0,200,1,4,0,12,0,0,200,200
373873,1,30,1,2,0,3,14,1,0,0,0,0,200,0,3,0,200,200,200,200,200
373873,1,30,1,2,0,3,14,1,0,0,0,0,200,1,3,0,200,200,200,200,200
373882,0,25,0,0,0,3,7,5,0,0,0,7,11,1,5,200,12,0,0,200,200
373885,0,25,1,2,0,3,12,2,0,0,0,21,21,0,6,0,4,0,0,200,200
373885,0,25,1,2,0,3,12,2,0,0,0,21,21,1,5,0,0,0,0,200,200
373912,0,30,0,0,0,3,7,5,0,0,0,20,200,0,5,200,6,0,0,200,200
373912,1,30,0,0,0,3,7,5,0,0,0,20,200,0,200,200,200,200,200,200,200
373912,1,30,0,0,0,3,7,5,0,0,0,20,200,0,200,200,200,200,200,200,200
373922,0,25,0,0,200,3,7,6,0,200,0,19,0,1,200,200,10,200,5,200,200
373922,1,25,0,0,200,3,7,6,0,200,0,19,0,1,200,200,200,200,200,200,200
373922,1,25,0,0,200,3,7,6,0,200,0,19,0,1,5,0,200,200,200,200,200
373922,1,25,0,0,200,3,7,6,0,200,0,19,0,0,200,0,200,200,200,200,200
373922,1,25,0,0,200,3,7,6,0,200,0,19,0,0,200,0,200,200,200,200,200
373922,1,25,0,0,200,3,7,6,0,200,0,19,0,1,5,0,200,200,200,200,200
373926,0,35,0,0,0,3,7,5,0,0,0,14,20,1,6,0,200,0,0,200,200
373930,0,30,0,3,0,3,2,5,0,0,0,0,0,2,200,200,0,200,200,200,200
373945,0,30,0,0,0,3,10,5,0,0,0,18,0,0,6,0,3,0,0,200,200
373945,0,30,0,0,0,3,10,5,0,0,0,18,0,0,200,200,200,200,200,200,200
373945,1,30,0,0,0,3,10,5,0,0,0,18,0,1,6,0,200,200,200,200,200
373945,1,30,0,0,0,3,10,5,0,0,0,18,0,0,6,0,200,200,200,200,200
373959,0,30,200,0,0,3,7,5,0,0,0,200,200,2,200,200,200,200,200,200,200
373974,0,30,0,0,0,1,10,1,0,0,0,18,18,1,6,200,3,200,0,200,200
373974,0,30,0,0,0,1,10,1,0,0,0,18,18,0,6,200,12,200,0,200,200
373975,0,30,0,0,0,1,14,5,0,0,0,23,200,1,7,200,0,0,0,200,200
373975,0,30,0,0,0,1,14,5,0,0,0,23,200,0,7,200,7,1,0,200,200
373981,0,30,1,2,0,1,14,5,0,0,0,17,17,1,5,0,7,0,0,200,200
373981,0,30,1,2,0,1,14,5,0,0,0,17,17,0,5,0,0,0,0,200,200
373985,0,30,0,0,0,1,12,6,0,0,0,17,17,0,7,0,200,0,0,200,200
373985,0,30,0,0,0,1,12,6,0,0,0,17,17,1,6,0,200,0,0,200,200
373994,0,30,0,0,0,1,0,12,0,0,0,17,200,1,200,200,1,200,200,200,200
373994,0,30,0,0,0,1,0,12,0,0,0,17,200,1,5,0,0,0,0,200,200
373994,1,30,0,0,0,1,0,12,0,0,0,17,200,1,200,200,200,200,200,200,200
373994,1,30,0,0,0,1,0,12,0,0,0,17,200,1,6,0,200,200,200,200,200
373998,0,30,0,0,0,1,12,6,2,0,0,21,11,0,7,0,0,0,0,200,200
373998,0,30,0,0,0,1,12,6,2,0,0,21,11,0,7,0,4,12,0,200,200
373998,1,30,0,0,0,1,12,6,2,0,0,21,11,200,200,200,200,200,200,200,200
374003,0,30,1,2,0,1,14,5,0,0,0,17,22,0,7,0,1,200,0,200,200
374003,0,30,1,2,0,1,14,5,0,0,0,17,22,0,7,0,0,0,0,200,200
374004,0,55,10,2,0,1,12,3,0,0,0,22,200,1,6,0,2,0,0,200,200
374004,0,55,10,2,0,1,12,3,0,0,0,22,200,0,7,0,0,0,0,200,200
374011,0,35,1,2,0,1,14,5,0,0,0,17,200,0,5,0,1,0,0,200,200
374011,0,35,1,2,0,1,14,5,0,0,0,17,200,1,6,0,0,0,0,200,200
374013,0,35,1,2,0,1,10,2,0,0,200,0,200,1,5,0,12,0,0,200,200
374013,0,35,1,2,0,1,10,2,0,0,200,0,200,1,6,0,0,0,0,200,200
374014,0,30,1,2,0,3,10,5,0,0,0,18,0,1,6,0,3,200,200,200,200
374014,0,30,1,2,0,3,10,5,0,0,0,18,0,0,7,0,0,0,0,200,200
374014,1,30,1,2,0,3,10,5,0,0,0,18,0,1,0,5,200,200,200,200,200
374018,0,30,1,2,0,1,14,5,0,0,0,23,0,1,7,0,7,0,0,200,200
374018,0,30,1,2,0,1,14,5,0,0,0,23,0,1,6,0,0,0,0,200,200
374018,1,30,1,2,0,1,14,5,0,0,0,23,0,0,3,0,200,200,200,200,200
374019,4,30,1,2,0,1,8,5,0,0,0,21,200,0,8,2,4,0,0,200,200
374019,0,30,1,2,0,1,8,5,0,0,0,21,200,0,7,0,0,0,0,200,200
374027,0,30,0,0,0,1,10,5,0,0,0,18,200,0,7,0,3,200,0,200,200
374027,0,30,0,0,0,1,10,5,0,0,0,18,200,0,6,0,12,0,0,200,200
374027,0,30,0,0,0,1,10,5,0,0,0,18,200,0,6,0,12,0,0,200,200
374031,0,30,1,2,0,3,10,5,0,0,0,18,0,0,5,200,3,200,200,200,200
374031,0,30,1,2,0,3,10,5,0,0,0,18,0,0,6,0,0,0,0,200,200
374032,0,30,0,0,0,1,12,5,0,0,0,0,0,0,4,0,4,0,0,200,200
374032,0,30,0,0,0,1,12,5,0,0,0,0,0,0,7,200,4,0,0,200,200
374034,0,0,1,2,0,1,2,12,0,0,12,29,200,1,6,200,12,0,0,200,200
374034,0,0,1,2,0,1,2,12,0,0,12,29,200,0,7,200,0,0,0,200,200
374034,1,0,1,2,0,1,2,12,0,0,12,29,200,0,6,200,200,200,200,200,200
374034,1,0,1,2,0,1,2,12,0,0,12,29,200,0,0,5,200,200,200,200,200
374037,0,40,0,0,0,1,12,2,0,0,0,22,17,0,7,200,4,200,200,200,200
374037,0,40,0,0,0,1,12,2,0,0,0,22,17,0,7,0,0,0,0,200,200
374044,0,30,1,2,0,1,12,5,0,0,0,22,200,0,6,200,0,200,0,200,200
374044,0,30,1,2,0,1,12,5,0,0,0,22,200,0,7,200,1,200,0,200,200
374044,1,30,1,2,0,1,12,5,0,0,0,22,200,0,6,200,200,200,200,200,200
374045,0,30,0,0,200,200,7,6,0,200,200,0,0,0,200,200,200,200,200,200,200
374048,0,30,200,0,0,1,8,200,0,0,0,0,0,0,6,200,12,0,0,200,200
374048,4,30,200,0,0,1,8,200,0,0,0,0,0,0,5,7,12,0,0,200,200
374050,0,40,0,0,0,1,12,2,1,0,0,22,0,0,200,200,4,200,200,200,200
374050,0,40,0,0,0,1,12,2,1,0,0,22,0,1,6,0,0,0,0,200,200
374052,0,35,2,200,200,200,10,5,0,200,200,16,200,2,200,200,3,200,200,200,200
374052,0,35,2,200,200,200,10,5,0,200,200,16,200,0,6,200,0,200,200,200,200
374055,0,30,1,2,0,1,0,2,0,0,0,6,17,0,7,200,5,0,0,200,200
374055,0,30,1,2,0,1,0,2,0,0,0,6,17,0,8,200,0,0,0,200,200
374055,1,30,1,2,0,1,0,2,0,0,0,6,17,1,8,200,200,200,200,200,200
374058,0,25,0,0,0,1,7,5,0,0,0,13,200,0,7,0,12,0,0,200,200
374060,0,30,0,0,0,1,14,5,0,0,0,0,0,1,6,0,12,0,0,200,200
374060,0,30,0,0,0,1,14,5,0,0,0,0,0,1,6,0,12,0,0,200,200
374060,1,30,0,0,0,1,14,5,0,0,0,0,0,1,200,0,200,200,200,200,200
374060,1,30,0,0,0,1,14,5,0,0,0,0,0,1,1,5,200,200,200,200,200
374066,0,35,1,4,0,1,14,2,0,0,0,17,200,1,3,0,1,0,0,200,200
374066,0,35,1,4,0,1,14,2,0,0,0,17,200,0,7,0,0,0,0,200,200
374083,0,30,0,0,200,200,7,6,0,200,0,0,0,2,200,200,200,200,200,200,200
374086,0,30,2,2,0,1,10,5,0,0,0,18,7,1,200,200,3,200,200,200,200
374086,0,30,2,2,0,1,10,5,0,0,0,18,7,0,7,0,0,0,0,200,200
374086,1,30,2,2,0,1,10,5,0,0,0,18,7,1,9,0,200,200,200,200,200
374086,1,30,2,2,0,1,10,5,0,0,0,18,7,0,2,0,200,200,200,200,200
374086,1,30,2,2,0,1,10,5,0,0,0,18,7,0,2,0,200,200,200,200,200
374087,0,30,0,0,0,1,12,6,0,0,0,0,0,1,5,200,200,0,0,200,200
374087,0,30,0,0,0,1,12,6,0,0,0,0,0,1,5,200,200,0,0,200,200
374097,0,30,2,2,0,1,14,5,0,0,0,11,16,0,8,200,7,0,0,200,200
374097,0,30,2,2,0,1,14,5,0,0,0,11,16,0,9,200,0,0,0,200,200
374100,0,30,0,0,0,1,10,2,0,0,0,18,18,1,200,200,3,200,200,200,200
374100,0,30,0,0,0,1,10,2,0,0,0,18,18,1,5,0,0,0,0,200,200
374104,0,35,0,0,0,1,12,3,0,0,0,22,0,2,200,200,2,200,200,200,200
374104,0,35,0,0,0,1,12,3,0,0,0,22,0,0,6,0,0,0,0,200,200
374110,0,20,2,2,0,1,7,5,0,0,0,20,200,0,7,200,6,0,0,200,200
374116,0,25,2,2,0,1,0,2,0,0,3,0,0,0,200,200,200,200,200,200,200
374116,0,25,2,2,0,1,0,2,0,0,3,0,0,1,7,0,12,0,0,200,200
374117,0,30,2,2,0,1,0,12,0,0,0,0,0,1,5,0,1,1,0,200,200
374117,0,30,2,2,0,1,0,12,0,0,0,0,0,0,6,0,0,0,0,200,200
374118,0,30,1,2,0,1,10,5,0,0,0,18,0,1,7,0,12,0,0,200,200
374118,0,30,1,2,0,1,10,5,0,0,0,18,0,1,200,200,0,200,200,200,200
374121,0,30,1,2,0,1,12,1,0,0,0,21,16,0,6,200,4,0,0,200,200
374121,0,30,1,2,0,1,12,1,0,0,0,21,16,1,7,200,0,0,0,200,200
374122,0,30,1,2,0,1,14,2,0,0,0,17,200,0,7,200,1,200,0,200,200
374122,0,30,1,2,0,1,14,2,0,0,0,17,200,0,7,200,200,200,0,200,200
374122,1,30,1,2,0,1,14,2,0,0,0,17,200,1,2,0,200,200,200,200,200
374122,1,30,1,2,0,1,14,2,0,0,0,17,200,0,2,0,200,200,200,200,200
374124,0,15,0,0,0,1,5,0,0,0,0,23,200,0,6,200,7,0,0,200,200
374126,0,30,2,2,0,1,0,2,0,0,0,17,200,0,200,0,5,0,0,200,200
374126,0,30,2,2,0,1,0,2,0,0,0,17,200,1,200,0,0,0,0,200,200
374126,1,30,2,2,0,1,0,2,0,0,0,17,200,0,7,0,200,200,200,200,200
374130,0,35,2,2,0,1,0,12,0,0,0,11,200,1,4,200,1,200,0,200,200
374130,0,35,2,2,0,1,0,12,0,0,0,11,200,1,6,200,0,200,0,200,200
374135,0,30,2,2,0,1,0,5,0,0,0,17,11,1,9,0,1,5,0,200,200
374135,0,30,2,2,0,1,0,5,0,0,0,17,11,0,6,0,0,0,0,200,200
374136,0,30,1,2,0,1,14,2,0,0,0,0,11,1,6,0,200,0,0,200,200
374136,0,30,1,2,0,1,14,2,0,0,0,0,11,1,7,0,7,0,0,200,200
374137,0,30,0,0,0,1,12,6,0,0,0,17,17,0,6,0,1,0,0,200,200
374137,0,30,0,0,0,1,12,6,0,0,0,17,17,1,6,0,1,0,0,200,200
374142,0,30,1,2,0,1,10,6,0,0,0,18,11,2,200,200,3,200,200,200,200
374142,0,30,1,2,0,1,10,6,0,0,0,18,11,1,7,200,0,0,0,200,200
374154,0,30,0,0,0,1,10,2,0,0,200,20,28,0,6,200,6,200,0,200,200
374154,0,30,0,0,0,1,10,2,0,0,200,20,28,0,6,200,200,200,0,200,200
374154,1,30,0,0,0,1,10,2,0,0,200,20,28,1,6,200,200,200,200,200,200
374156,0,30,1,2,0,1,14,5,0,0,0,0,0,2,200,200,3,200,200,200,200
374156,0,30,1,2,0,1,14,5,0,0,0,0,0,1,8,0,0,0,0,200,200
374156,1,30,1,2,0,1,14,5,0,0,0,0,0,2,200,200,200,200,200,200,200
374157,4,30,1,2,0,1,8,3,0,0,200,18,200,0,200,7,3,200,0,200,200
374157,0,30,1,2,0,1,8,3,0,0,200,18,200,0,7,0,0,200,0,200,200
374162,0,30,2,2,0,1,0,5,0,0,0,17,200,0,5,200,1,3,0,200,200
374162,0,30,2,2,0,1,0,5,0,0,0,17,200,1,6,200,0,0,0,200,200
374163,0,20,0,0,0,1,10,7,0,0,0,20,200,1,200,200,1,200,200,200,200
374163,0,20,0,0,0,1,10,7,0,0,0,20,200,0,5,0,0,0,0,200,200
374164,0,30,1,2,0,1,12,5,0,0,0,0,0,0,200,200,2,200,200,200,200
374164,0,30,1,2,0,1,12,5,0,0,0,0,0,1,6,0,0,0,0,200,200
374166,0,35,0,0,0,1,14,5,0,0,0,17,200,1,5,0,1,0,0,200,200
374166,0,35,0,0,0,1,14,5,0,0,0,17,200,0,6,0,0,0,0,200,200
374166,1,35,0,0,0,1,14,5,0,0,0,17,200,200,200,0,200,200,200,200,200
374167,0,35,0,0,0,1,10,5,2,0,0,18,200,0,6,0,3,0,0,200,200
374167,0,35,0,0,0,1,10,5,2,0,0,18,200,0,5,0,0,0,0,200,200
374168,0,30,0,0,0,1,14,5,0,0,0,23,200,0,5,0,7,0,0,200,200
374168,0,30,0,0,0,1,14,5,0,0,0,23,200,0,6,200,0,0,0,200,200
374171,0,30,0,0,0,1,0,7,0,0,0,0,0,1,200,200,200,200,200,200,200
374171,0,30,0,0,0,1,0,7,0,0,0,0,0,0,6,0,200,0,0,200,200
374176,0,30,0,0,0,1,10,1,1,0,0,18,16,0,4,0,3,0,0,200,200
374176,0,30,0,0,0,1,10,1,1,0,0,18,16,1,5,0,0,0,0,200,200
374176,0,30,0,0,0,1,10,1,1,0,0,18,16,0,8,7,0,0,0,200,200
374176,0,30,0,0,0,1,10,1,1,0,0,18,16,0,6,0,0,0,0,200,200
374177,0,30,0,0,0,1,7,6,0,0,0,0,200,0,7,0,6,0,0,200,200
374178,0,0,1,2,0,1,12,5,0,0,0,21,22,0,200,200,200,200,200,200,200
374178,0,0,1,2,0,1,12,5,0,0,0,21,22,1,6,0,0,0,0,200,200
374179,0,20,1,2,0,1,10,5,0,0,0,16,18,0,5,0,12,0,0,200,200
374179,0,20,1,2,0,1,10,5,0,0,0,16,18,0,7,0,0,0,0,200,200
374183,0,30,0,0,0,1,12,5,0,0,0,23,200,0,4,0,4,0,0,200,200
374183,0,30,0,0,0,1,12,5,0,0,0,23,200,1,7,0,0,0,0,200,200
374185,4,35,1,2,0,1,8,5,0,0,0,21,200,0,200,2,200,200,200,200,200
374185,0,35,1,2,0,1,8,5,0,0,0,21,200,1,5,0,0,0,0,200,200
374208,0,35,1,2,0,1,10,5,0,0,0,22,0,2,200,200,2,200,200,200,200
374208,0,35,1,2,0,1,10,5,0,0,0,22,0,1,7,0,0,0,0,200,200
374208,1,35,1,2,0,1,10,5,0,0,0,22,0,1,7,7,200,200,200,200,200
374208,1,35,1,2,0,1,10,5,0,0,0,22,0,1,200,7,200,200,200,200,200
374213,0,30,0,0,0,1,7,5,0,0,0,21,200,0,6,200,12,200,0,200,200
374214,0,30,0,0,0,1,7,5,0,0,0,0,0,2,200,200,200,200,200,200,200
374215,0,30,0,200,200,200,7,5,0,200,200,0,200,2,200,200,200,200,200,200,200
374222,0,30,0,0,0,1,14,6,0,0,0,23,0,1,6,0,7,0,0,200,200
374222,0,30,0,0,0,1,14,6,0,0,0,23,0,1,6,0,12,0,0,200,200
374226,0,30,1,2,0,1,10,5,0,0,0,0,16,0,6,0,3,0,0,200,200
374226,0,30,1,2,0,1,10,5,0,0,0,0,16,0,200,200,0,0,0,200,200
374231,0,15,0,0,0,1,7,7,0,0,0,0,0,0,200,200,200,200,200,200,200
374234,0,10,0,0,0,1,10,7,0,0,0,0,200,1,8,0,6,0,0,200,200
374234,0,10,0,0,0,1,10,7,0,0,0,0,200,0,6,200,0,200,200,200,200
374241,0,30,0,0,0,1,12,5,0,0,0,0,0,1,5,200,12,0,0,200,200
374241,0,30,0,0,0,1,12,5,0,0,0,0,0,0,6,200,12,0,0,200,200
374242,0,30,1,2,0,1,12,6,0,0,0,22,200,0,7,0,1,0,0,200,200
374242,0,30,1,2,0,1,12,6,0,0,0,22,200,1,5,0,0,0,0,200,200
374256,0,30,0,0,0,3,7,6,0,0,0,0,200,2,200,200,200,200,200,200,200
374257,0,30,0,0,0,1,0,0,0,0,0,20,17,0,7,200,6,200,0,200,200
374257,0,30,0,0,0,1,0,0,0,0,0,20,17,0,6,200,200,200,0,200,200
374257,1,30,0,0,0,1,0,0,0,0,0,20,17,1,200,200,200,200,200,200,200
374260,0,30,1,2,0,1,14,5,0,0,0,0,0,0,4,200,200,0,0,200,200
374260,0,30,1,2,0,1,14,5,0,0,0,0,0,0,8,200,200,0,0,200,200
374260,1,30,1,2,0,1,14,5,0,0,0,0,0,0,200,200,200,200,200,200,200
374260,1,30,1,2,0,1,14,5,0,0,0,0,0,1,200,200,200,200,200,200,200
374264,0,10,0,0,0,1,7,7,0,0,0,0,0,2,200,200,200,200,200,200,200
374266,0,30,0,0,0,1,10,5,0,0,0,18,200,1,5,0,3,200,0,200,200
374266,0,30,0,0,0,1,10,5,0,0,0,18,200,0,6,0,0,200,0,200,200
374270,0,30,0,0,0,1,7,6,0,0,0,0,200,0,6,0,12,0,0,200,200
374270,1,30,0,0,0,1,7,6,0,0,0,0,200,1,200,200,200,200,200,200,200
374270,1,30,0,0,0,1,7,6,0,0,0,0,200,0,7,0,200,200,200,200,200
374273,0,30,1,2,0,1,10,5,0,0,0,18,16,0,5,200,3,0,0,200,200
374273,0,30,1,2,0,1,10,5,0,0,0,18,16,0,5,0,0,0,0,200,200
374273,1,30,1,2,0,1,10,5,0,0,0,18,16,1,5,1,200,200,200,200,200
374273,1,30,1,2,0,1,10,5,0,0,0,18,16,0,5,200,200,200,200,200,200
374273,1,30,1,2,0,1,10,5,0,0,0,18,16,0,5,0,200,200,200,200,200
374277,0,30,0,0,0,1,10,3,0,0,0,200,200,0,6,0,0,0,0,200,200
374277,0,30,0,0,0,1,10,3,0,0,0,200,200,1,5,0,0,0,0,200,200
374278,0,30,0,0,0,1,10,7,0,0,0,200,200,1,5,200,200,200,200,200,200
374278,0,30,0,0,0,1,10,7,0,0,0,200,200,0,6,0,0,0,0,200,200
374279,0,30,0,0,0,1,10,5,0,0,0,18,200,0,5,0,3,0,0,200,200
374279,0,30,0,0,0,1,10,5,0,0,0,18,200,0,200,200,0,0,0,200,200
374281,0,30,1,2,0,1,0,5,0,0,0,12,16,0,7,200,12,0,0,200,200
374281,0,30,1,2,0,1,0,5,0,0,0,12,16,0,6,200,0,0,0,200,200