RD_NO,PERSON_TYPE,POSTED_SPEED_LIMIT,TRAFFIC_CONTROL_DEVICE,DEVICE_CONDITION,WEATHER_CONDITION,LIGHTING_CONDITION,FIRST_CRASH_TYPE,TRAFFICWAY_TYPE,ALIGNMENT,ROADWAY_SURFACE_COND,ROAD_DEFECT,PRIM_CONTRIBUTORY_CAUSE,SEC_CONTRIBUTORY_CAUSE,SEX,AGE,SAFETY_EQUIPMENT,DRIVER_ACTION,DRIVER_VISION,PHYSICAL_CONDITION,BAC_RESULT VALUE,CELL_PHONE_USE
374284,0,20,0,0,0,1,2,8,0,0,0,20,11,0,6,0,6,6,0,200,200
374284,3,20,0,0,0,1,2,8,0,0,0,20,11,200,200,7,200,200,200,200,200
374285,0,30,1,2,0,1,14,5,0,0,0,17,200,0,5,200,0,0,0,200,200
374285,0,30,1,2,0,1,14,5,0,0,0,17,200,0,6,200,1,0,0,200,200
374293,0,30,0,0,0,1,7,5,0,0,0,0,0,1,7,0,12,5,0,200,200
374298,0,0,0,0,0,1,7,0,0,0,0,20,0,0,5,0,6,0,0,200,200
374302,0,30,0,0,0,1,14,6,0,0,0,21,0,0,7,0,7,0,0,200,200
374302,0,30,0,0,0,1,14,6,0,0,0,21,0,1,5,0,0,0,0,200,200
374302,1,30,0,0,0,1,14,6,0,0,0,21,0,1,5,0,200,200,200,200,200
374302,1,30,0,0,0,1,14,6,0,0,0,21,0,0,4,0,200,200,200,200,200
374302,1,30,0,0,0,1,14,6,0,0,0,21,0,200,200,0,200,200,200,200,200
374302,1,30,0,0,0,1,14,6,0,0,0,21,0,0,4,0,200,200,200,200,200
374302,1,30,0,0,0,1,14,6,0,0,0,21,0,0,4,0,200,200,200,200,200
374302,1,30,0,0,0,1,14,6,0,0,0,21,0,0,4,0,200,200,200,200,200
374302,1,30,0,0,0,1,14,6,0,0,0,21,0,0,4,0,200,200,200,200,200
374306,0,30,0,0,0,1,14,2,0,0,0,17,200,0,6,0,7,0,0,200,200
374306,0,30,0,0,0,1,14,2,0,0,0,17,200,0,7,0,0,0,0,200,200
374309,0,5,0,0,0,1,7,12,0,0,0,0,200,1,9,200,12,0,0,200,200
374312,0,30,1,2,0,1,10,5,0,0,0,18,200,0,200,200,3,0,0,200,200
374312,0,30,1,2,0,1,10,5,0,0,0,18,200,0,8,0,0,0,0,200,200
374318,0,30,0,0,0,1,14,5,0,0,0,17,200,0,200,200,1,0,0,200,200
374318,0,30,0,0,0,1,14,5,0,0,0,17,200,1,7,200,0,0,0,200,200
374325,0,30,1,2,0,1,14,5,0,0,3,0,200,0,7,200,200,0,0,200,200
374325,0,30,1,2,0,1,14,5,0,0,3,0,200,0,7,200,200,0,0,200,200
374325,0,30,1,2,0,1,14,5,0,0,3,0,200,0,9,200,0,0,0,200,200
374326,0,30,0,0,0,1,7,5,0,0,0,0,200,1,200,200,0,0,0,200,200
374327,0,30,2,2,0,1,10,2,0,0,0,2,0,0,200,200,15,200,200,200,1
374327,0,30,2,2,0,1,10,2,0,0,0,2,0,0,6,0,12,0,0,200,200
374328,0,30,2,2,0,1,0,5,0,0,0,17,18,1,6,0,3,0,0,200,200
374328,0,30,2,2,0,1,0,5,0,0,0,17,18,0,6,0,0,0,0,200,200
374330,0,0,1,2,0,1,10,5,0,0,0,18,0,0,5,0,3,0,0,200,200
374330,0,0,1,2,0,1,10,5,0,0,0,18,0,1,5,0,0,0,0,200,200
374335,0,5,0,0,200,1,7,7,0,200,0,20,200,0,6,200,6,200,200,200,200
374335,1,5,0,0,200,1,7,7,0,200,0,20,200,1,6,200,200,200,200,200,200
374336,0,45,1,2,0,1,12,3,0,0,0,0,0,0,4,0,200,0,0,200,200
374336,0,45,1,2,0,1,12,3,0,0,0,0,0,1,5,1,1,0,0,200,200
374341,0,30,0,0,0,1,14,2,0,0,0,21,200,0,6,200,2,200,0,200,200
374341,0,30,0,0,0,1,14,2,0,0,0,21,200,1,6,200,200,200,0,200,200
374341,1,30,0,0,0,1,14,2,0,0,0,21,200,1,1,0,200,200,200,200,200
374343,0,0,2,2,0,1,10,12,0,0,0,11,200,1,5,200,8,0,0,200,200
374343,0,0,2,2,0,1,10,12,0,0,0,11,200,1,6,200,12,0,0,200,200
374343,0,0,2,2,0,1,10,12,0,0,0,11,200,0,8,200,12,0,0,200,200
374357,0,30,1,2,0,1,10,5,0,0,0,18,200,0,8,200,3,200,0,200,200
374357,0,30,1,2,0,1,10,5,0,0,0,18,200,0,5,0,0,0,0,200,200
374363,0,35,2,2,0,1,10,5,0,0,0,8,200,0,6,200,3,0,0,200,200
374363,0,35,2,2,0,1,10,5,0,0,0,8,200,0,6,200,0,0,0,200,200
374363,0,35,2,2,0,1,10,5,0,0,0,8,200,0,8,200,0,0,0,200,200
374364,0,30,0,0,0,1,7,5,0,0,0,33,0,0,6,0,6,12,0,200,200
374366,0,30,0,0,0,0,7,5,0,0,200,0,0,1,200,200,12,200,0,200,200
374366,1,30,0,0,0,0,7,5,0,0,200,0,0,1,200,0,200,200,200,200,200
374366,1,30,0,0,0,0,7,5,0,0,200,0,0,1,200,200,200,200,200,200,200
374369,0,30,0,0,0,1,7,5,0,0,0,0,0,1,200,200,200,200,200,200,200
374369,1,30,0,0,0,1,7,5,0,0,0,0,0,0,6,200,200,200,200,200,200
374373,0,30,1,1,0,1,12,5,0,0,0,21,22,0,8,200,4,0,0,200,200
374373,0,30,1,1,0,1,12,5,0,0,0,21,22,0,6,0,0,0,0,200,200
374373,1,30,1,1,0,1,12,5,0,0,0,21,22,0,0,5,200,200,200,200,200
374373,1,30,1,1,0,1,12,5,0,0,0,21,22,1,1,5,200,200,200,200,200
374373,1,30,1,1,0,1,12,5,0,0,0,21,22,1,6,0,200,200,200,200,200
374375,0,30,0,0,0,1,12,5,0,0,0,0,0,0,200,200,1,200,200,200,200
374375,0,30,0,0,0,1,12,5,0,0,0,0,0,1,6,0,0,0,0,200,200
374394,0,30,2,2,0,1,0,5,0,0,0,17,200,1,200,200,1,200,200,200,200
374394,0,30,2,2,0,1,0,5,0,0,0,17,200,0,7,200,0,1,0,200,200
374394,1,30,2,2,0,1,0,5,0,0,0,17,200,1,200,200,200,200,200,200,200
374394,1,30,2,2,0,1,0,5,0,0,0,17,200,1,7,200,200,200,200,200,200
374394,1,30,2,2,0,1,0,5,0,0,0,17,200,1,1,200,200,200,200,200,200
374399,0,30,2,12,0,1,10,5,0,0,0,18,18,0,6,200,3,0,0,200,200
374399,0,30,2,12,0,1,10,5,0,0,0,18,18,1,8,0,0,0,0,200,200
374403,0,30,0,0,0,1,10,5,0,0,0,23,22,2,200,200,7,200,200,200,200
374403,0,30,0,0,0,1,10,5,0,0,0,23,22,1,6,0,0,0,0,200,200
374406,0,25,1,2,0,1,12,2,0,0,200,22,11,1,200,200,2,200,200,200,200
374406,0,25,1,2,0,1,12,2,0,0,200,22,11,1,6,0,0,0,0,200,200
374406,1,25,1,2,0,1,12,2,0,0,200,22,11,1,6,0,200,200,200,200,200
374406,1,25,1,2,0,1,12,2,0,0,200,22,11,0,2,0,200,200,200,200,200
374406,1,25,1,2,0,1,12,2,0,0,200,22,11,1,2,0,200,200,200,200,200
374406,1,25,1,2,0,1,12,2,0,0,200,22,11,0,200,200,200,200,200,200,200
374411,0,35,0,0,0,1,12,3,0,0,0,21,21,2,200,200,4,200,200,200,200
374411,0,35,0,0,0,1,12,3,0,0,0,21,21,2,200,200,0,200,200,200,200
374415,0,30,0,0,0,1,12,2,0,0,0,21,200,0,6,200,4,0,0,200,200
374415,0,30,0,0,0,1,12,2,0,0,0,21,200,1,6,0,0,0,0,200,200
374415,1,30,0,0,0,1,12,2,0,0,0,21,200,0,200,0,200,200,200,200,200
374415,1,30,0,0,0,1,12,2,0,0,0,21,200,0,200,0,200,200,200,200,200
374421,0,30,1,2,0,1,14,2,0,0,0,200,200,0,200,200,200,200,200,200,200
374425,0,35,0,0,0,1,12,3,0,0,0,22,200,1,200,0,1,0,0,200,200
374425,0,35,0,0,0,1,12,3,0,0,0,22,200,1,5,0,0,0,0,200,200
374430,0,30,0,0,0,1,12,5,0,0,0,17,0,0,200,200,1,200,200,200,200
374430,0,30,0,0,0,1,12,5,0,0,0,17,0,0,5,0,0,0,0,200,200
374430,1,30,0,0,0,1,12,5,0,0,0,17,0,1,200,200,200,200,200,200,200
374433,0,30,1,200,0,1,14,5,5,200,200,25,0,2,200,200,200,200,200,200,200
374433,0,30,1,200,0,1,14,5,5,200,200,25,0,1,7,200,0,200,0,200,200
374433,1,30,1,200,0,1,14,5,5,200,200,25,0,1,200,200,200,200,200,200,200
374436,0,35,1,2,0,1,14,2,0,0,0,17,33,0,5,0,0,0,0,200,200
374436,0,35,1,2,0,1,14,2,0,0,0,17,33,1,6,0,1,12,0,200,200
374436,1,35,1,2,0,1,14,2,0,0,0,17,33,1,5,0,200,200,200,200,200
374436,1,35,1,2,0,1,14,2,0,0,0,17,33,0,6,0,200,200,200,200,200
374436,1,35,1,2,0,1,14,2,0,0,0,17,33,1,2,0,200,200,200,200,200
374436,1,35,1,2,0,1,14,2,0,0,0,17,33,1,1,5,200,200,200,200,200
374437,0,30,1,2,0,1,14,200,0,0,0,18,200,0,5,0,0,0,0,200,200
374437,0,30,1,2,0,1,14,200,0,0,0,18,200,1,6,200,3,200,200,200,200
374441,0,30,9,12,0,1,0,6,0,0,0,0,0,0,6,0,200,200,0,200,200
374441,0,30,9,12,0,1,0,6,0,0,0,0,0,0,7,0,200,200,0,200,200
374441,1,30,9,12,0,1,0,6,0,0,0,0,0,1,5,200,200,200,200,200,200
374442,0,30,1,2,0,1,10,5,0,0,0,20,17,0,7,200,6,200,200,200,200
374442,0,30,1,2,0,1,10,5,0,0,0,20,17,1,7,200,0,200,0,200,200
374444,0,0,0,0,0,1,7,5,0,0,0,20,200,0,200,200,6,0,0,200,200
374447,0,15,0,0,0,1,7,6,0,0,0,0,0,2,200,200,200,200,200,200,200
374452,0,20,0,0,0,1,7,6,0,0,0,11,8,1,5,0,12,0,0,200,200
374452,1,20,0,0,0,1,7,6,0,0,0,11,8,1,200,0,200,200,200,200,200
374454,0,30,0,0,0,1,10,5,0,0,0,7,18,0,5,0,12,0,0,200,200
374454,0,30,0,0,0,1,10,5,0,0,0,7,18,1,8,0,0,0,0,200,200
374454,1,30,0,0,0,1,10,5,0,0,0,7,18,0,8,0,200,200,200,200,200
374462,0,30,1,2,0,1,12,1,0,0,0,17,0,1,200,0,0,0,0,200,200
374462,0,30,1,2,0,1,12,1,0,0,0,17,0,0,5,0,1,0,0,200,200
374462,1,30,1,2,0,1,12,1,0,0,0,17,0,1,4,0,200,200,200,200,200
374465,0,30,1,2,0,1,14,5,0,0,0,22,200,1,200,200,1,200,200,200,200
374465,0,30,1,2,0,1,14,5,0,0,0,22,200,1,6,0,0,0,0,200,200
374471,0,30,1,2,0,3,14,12,0,0,0,27,25,0,200,200,4,200,200,200,200
374471,0,30,1,2,0,3,14,12,0,0,0,27,25,1,9,200,0,0,0,200,200
374472,0,30,1,2,0,1,14,5,0,0,0,17,200,1,6,200,1,200,200,200,200
374472,0,30,1,2,0,1,14,5,0,0,0,17,200,0,6,0,0,0,0,200,200
374472,1,30,1,2,0,1,14,5,0,0,0,17,200,0,200,0,200,200,200,200,200
374485,0,0,0,0,0,1,7,7,0,0,0,21,200,0,7,200,2,200,0,200,200
374485,1,0,0,0,0,1,7,7,0,0,0,21,200,0,6,200,200,200,200,200,200
374487,5,30,0,0,0,1,9,6,0,0,0,14,200,1,3,200,0,200,0,200,200
374487,0,30,0,0,0,1,9,6,0,0,0,14,200,0,6,0,8,0,0,200,200
374494,0,30,1,2,0,1,14,5,0,0,0,21,200,2,200,200,4,200,200,200,200
374494,0,30,1,2,0,1,14,5,0,0,0,21,200,1,6,0,0,0,0,200,200
374494,1,30,1,2,0,1,14,5,0,0,0,21,200,2,200,200,200,200,200,200,200
374494,1,30,1,2,0,1,14,5,0,0,0,21,200,2,200,200,200,200,200,200,200
374494,1,30,1,2,0,1,14,5,0,0,0,21,200,2,200,200,200,200,200,200,200
374494,1,30,1,2,0,1,14,5,0,0,0,21,200,2,200,200,200,200,200,200,200
374500,0,30,0,0,0,1,10,5,0,0,0,0,0,1,6,0,0,0,0,200,200
374500,0,30,0,0,0,1,10,5,0,0,0,0,0,0,5,200,200,200,200,200,200
374500,1,30,0,0,0,1,10,5,0,0,0,0,0,0,200,0,200,200,200,200,200
374501,0,30,0,0,0,1,0,7,0,0,0,0,0,1,6,0,0,0,0,200,200
374501,0,30,0,0,0,1,0,7,0,0,0,0,0,0,6,0,12,0,0,200,200
374503,0,30,12,12,0,1,7,2,0,0,0,23,17,0,6,0,1,0,0,200,200
374505,0,30,0,0,0,1,12,2,0,0,0,17,200,1,5,0,1,0,0,200,200
374505,0,30,0,0,0,1,12,2,0,0,0,17,200,0,7,0,0,0,0,200,200
374505,1,30,0,0,0,1,12,2,0,0,0,17,200,1,6,0,200,200,200,200,200
374509,0,30,1,2,0,1,10,5,0,0,0,0,200,1,200,200,200,200,200,200,200
374509,0,30,1,2,0,1,10,5,0,0,0,0,200,0,9,0,0,0,0,200,200
374510,0,30,0,0,0,1,4,8,1,0,0,12,0,0,6,0,6,0,0,200,200
374515,0,30,0,0,0,1,7,5,0,200,200,0,0,2,200,200,200,200,200,200,200
374517,0,30,0,0,0,200,7,6,0,0,0,0,200,2,200,200,200,200,200,200,200
374543,0,30,200,200,0,1,12,2,0,0,12,21,0,0,4,200,4,200,0,200,200
374543,0,30,200,200,0,1,12,2,0,0,12,21,0,0,7,200,2,200,0,200,200
374551,0,30,1,12,0,1,0,5,0,0,0,17,200,1,6,0,1,0,0,200,200
374551,0,30,1,12,0,1,0,5,0,0,0,17,200,0,5,0,0,0,0,200,200
374551,1,30,1,12,0,1,0,5,0,0,0,17,200,1,1,5,200,200,200,200,200
374551,1,30,1,12,0,1,0,5,0,0,0,17,200,0,6,0,200,200,200,200,200
374553,0,30,0,0,0,1,14,1,0,0,0,17,200,0,7,200,1,1,0,200,200
374553,0,30,0,0,0,1,14,1,0,0,0,17,200,1,7,200,0,0,0,200,200
374553,1,30,0,0,0,1,14,1,0,0,0,17,200,1,4,200,200,200,200,200,200
374556,0,30,0,0,0,1,2,7,0,0,0,33,200,0,7,200,12,12,0,200,200
374559,0,15,0,0,0,1,7,12,0,0,0,23,200,1,6,200,7,200,0,200,200
374559,0,15,0,0,0,1,7,12,0,0,0,23,200,1,6,200,7,200,0,200,200
374559,0,15,0,0,0,1,7,12,0,0,0,23,200,1,6,200,7,200,0,200,200
374559,1,15,0,0,0,1,7,12,0,0,0,23,200,0,5,200,200,200,200,200,200
374565,0,5,0,0,0,1,10,7,0,0,0,20,200,0,5,0,0,4,0,200,200
374565,0,5,0,0,0,1,10,7,0,0,0,20,200,0,200,200,6,200,200,200,200
374566,0,35,0,0,0,1,12,5,0,0,0,200,200,0,200,200,200,200,200,200,200
374566,0,35,0,0,0,1,12,5,0,0,0,200,200,0,6,0,0,0,0,200,200
374568,0,35,0,0,0,3,7,7,0,0,0,0,0,2,200,200,200,200,200,200,200
374571,4,25,0,0,0,1,8,5,0,0,0,17,200,0,5,7,0,0,0,200,200
374571,0,25,0,0,0,1,8,5,0,0,0,17,200,1,7,0,1,0,0,200,200
374571,0,25,0,0,0,1,8,5,0,0,0,17,200,1,7,0,1,0,0,200,200
374571,0,25,0,0,0,1,8,5,0,0,0,17,200,1,7,0,1,0,0,200,200
374571,0,25,0,0,0,1,8,5,0,0,0,17,200,1,7,0,1,0,0,200,200
374571,0,25,0,0,0,1,8,5,0,0,0,17,200,1,7,0,1,0,0,200,200
374571,1,25,0,0,0,1,8,5,0,0,0,17,200,1,5,0,200,200,200,200,200
374572,0,30,3,2,0,1,12,3,0,0,0,0,0,2,200,200,4,200,200,200,200
374572,0,30,3,2,0,1,12,3,0,0,0,0,0,1,7,0,0,0,0,200,200
374573,0,30,1,0,0,1,10,5,0,0,0,18,200,1,6,0,0,0,0,200,200
374573,0,30,1,0,0,1,10,5,0,0,0,18,200,0,6,0,0,0,0,200,200
374573,0,30,1,0,0,1,10,5,0,0,0,18,200,0,7,0,3,0,0,200,200
374576,0,30,0,0,0,1,7,6,0,0,200,0,0,2,200,200,200,200,200,200,200
374577,0,20,0,0,0,1,7,6,0,0,0,200,200,1,7,0,12,0,0,200,200
374578,0,30,0,0,1,1,12,5,0,0,0,33,33,0,6,0,200,5,0,200,200
374578,0,30,0,0,1,1,12,5,0,0,0,33,33,0,6,0,12,5,0,200,200
374585,0,20,0,0,0,1,2,7,0,0,0,8,8,1,200,200,12,12,0,200,200
374585,1,20,0,0,0,1,2,7,0,0,0,8,8,1,5,200,200,200,200,200,200
374585,1,20,0,0,0,1,2,7,0,0,0,8,8,1,1,200,200,200,200,200,200
374588,0,25,0,0,0,1,7,7,0,0,0,20,20,0,200,200,200,200,200,200,200
374592,0,30,1,2,0,1,14,2,1,0,0,0,0,0,7,0,0,0,0,200,200
374592,0,30,1,2,0,1,14,2,1,0,0,0,0,0,5,0,200,0,0,200,200
374594,0,35,1,2,0,1,14,5,0,0,0,6,200,0,200,200,5,200,200,200,200
374594,0,35,1,2,0,1,14,5,0,0,0,6,200,0,6,200,0,0,0,200,200
374596,0,40,0,0,0,1,2,2,0,0,0,0,0,0,7,200,200,200,7,200,200
374602,0,30,1,2,0,1,12,5,0,0,0,0,0,0,200,200,200,200,200,200,200
374602,0,30,1,2,0,1,12,5,0,0,0,0,0,1,5,0,0,0,0,200,200
374602,1,30,1,2,0,1,12,5,0,0,0,0,0,2,200,200,200,200,200,200,200
374603,0,35,4,0,0,1,14,2,0,0,0,17,17,1,6,0,1,0,0,200,200
374603,0,35,4,0,0,1,14,2,0,0,0,17,17,1,5,0,1,0,0,200,200
374603,1,35,4,0,0,1,14,2,0,0,0,17,17,0,5,0,200,200,200,200,200
374604,0,30,0,0,0,1,0,7,0,0,0,0,0,0,7,0,6,0,0,200,200
374604,0,30,0,0,0,1,0,7,0,0,0,0,0,0,6,0,0,0,0,200,200
374604,1,30,0,0,0,1,0,7,0,0,0,0,0,0,200,0,200,200,200,200,200
374609,0,30,1,2,0,1,12,5,0,0,0,0,21,0,5,7,0,0,0,200,200
374609,0,30,1,2,0,1,12,5,0,0,0,0,21,2,200,200,4,200,200,200,200
374609,1,30,1,2,0,1,12,5,0,0,0,0,21,1,4,7,200,200,200,200,200
374614,0,30,1,2,0,1,10,2,0,200,200,22,22,1,8,0,12,200,200,200,200
374614,0,30,1,2,0,1,10,2,0,200,200,22,22,0,200,200,2,200,200,200,200
374614,1,30,1,2,0,1,10,2,0,200,200,22,22,0,200,200,200,200,200,200,200
374615,0,30,1,2,0,1,10,5,0,0,0,18,0,0,200,200,3,200,200,200,200
374615,0,30,1,2,0,1,10,5,0,0,0,18,0,1,6,200,0,0,0,200,200
374617,0,10,0,0,1,1,2,7,0,0,200,12,12,0,200,200,0,200,0,200,200
374619,0,35,0,0,0,1,12,5,0,0,0,21,0,0,6,0,0,0,0,200,200
374619,0,35,0,0,0,1,12,5,0,0,0,21,0,1,4,0,4,0,0,200,200
374627,0,30,0,2,0,1,14,6,0,0,0,23,21,0,7,0,0,0,0,200,200
374627,0,30,0,2,0,1,14,6,0,0,0,23,21,2,200,200,7,200,200,200,200
374628,0,30,200,200,0,1,10,6,0,0,200,18,200,0,200,200,200,200,200,200,200
374628,0,30,200,200,0,1,10,6,0,0,200,18,200,1,6,200,200,200,0,200,200
374629,0,15,0,0,0,1,7,7,0,0,0,16,200,0,200,200,12,0,0,200,200
374631,0,35,0,0,0,1,7,2,0,0,0,0,200,2,200,200,200,200,200,200,200
374633,0,30,200,200,200,1,12,2,0,0,200,22,0,1,5,200,2,200,0,200,200
374633,0,30,200,200,200,1,12,2,0,0,200,22,0,1,200,200,2,200,200,200,200
374635,0,30,1,2,0,1,10,5,0,0,0,0,0,1,4,200,3,200,0,200,200
374635,0,30,1,2,0,1,10,5,0,0,0,0,0,1,6,200,200,200,0,200,200
374635,1,30,1,2,0,1,10,5,0,0,0,0,0,1,6,200,200,200,200,200,200
374635,1,30,1,2,0,1,10,5,0,0,0,0,0,1,6,200,200,200,200,200,200
374636,0,30,0,200,0,1,7,5,0,0,0,0,200,0,200,200,200,200,200,200,200
374636,1,30,0,200,0,1,7,5,0,0,0,0,200,1,6,200,200,200,200,200,200
374636,1,30,0,200,0,1,7,5,0,0,0,0,200,1,5,200,200,200,200,200,200
374636,1,30,0,200,0,1,7,5,0,0,0,0,200,0,2,200,200,200,200,200,200
374636,1,30,0,200,0,1,7,5,0,0,0,0,200,200,200,200,200,200,200,200,200
374636,1,30,0,200,0,1,7,5,0,0,0,0,200,200,200,200,200,200,200,200,200
374636,1,30,0,200,0,1,7,5,0,0,0,0,200,200,200,200,200,200,200,200,200
374638,0,30,0,0,0,1,14,2,0,0,0,0,0,0,8,0,0,0,0,200,200
374638,0,30,0,0,0,1,14,2,0,0,0,0,0,1,7,0,12,0,0,200,200
374641,0,30,1,2,0,0,10,5,0,0,0,18,27,0,9,200,0,0,0,200,200
374641,0,30,1,2,0,0,10,5,0,0,0,18,27,0,6,200,3,0,0,200,200
374643,0,35,0,0,0,1,14,5,0,0,0,0,0,0,200,200,1,0,0,200,200
374643,0,35,0,0,0,1,14,5,0,0,0,0,0,1,6,200,0,0,0,200,200
374645,0,30,1,2,0,1,10,5,0,0,0,18,200,0,7,0,3,0,0,200,200
374645,0,30,1,2,0,1,10,5,0,0,0,18,200,0,5,0,0,0,0,200,200
374645,1,30,1,2,0,1,10,5,0,0,0,18,200,2,200,5,200,200,200,200,200
374646,0,30,0,0,0,1,12,5,0,0,0,17,0,0,5,0,1,0,0,200,200
374646,0,30,0,0,0,1,12,5,0,0,0,17,0,1,7,0,0,0,0,200,200
374652,0,25,0,0,2,1,7,2,0,0,0,0,200,1,200,200,200,200,200,200,200
374653,0,30,2,2,0,1,14,5,0,0,0,23,0,0,9,0,7,0,0,200,200
374653,0,30,2,2,0,1,14,5,0,0,0,23,0,0,5,0,7,0,0,200,200
374656,0,5,0,0,0,1,10,7,0,0,0,11,33,1,200,200,6,200,0,200,200
374656,0,5,0,0,0,1,10,7,0,0,0,11,33,0,6,200,0,0,0,200,200
374663,0,30,1,2,0,1,10,2,0,0,200,16,0,0,5,0,0,200,0,200,200
374663,0,30,1,2,0,1,10,2,0,0,200,16,0,1,7,200,200,200,200,200,200
374663,1,30,1,2,0,1,10,2,0,0,200,16,0,1,5,0,200,200,200,200,200
374663,1,30,1,2,0,1,10,2,0,0,200,16,0,1,2,0,200,200,200,200,200
374663,1,30,1,2,0,1,10,2,0,0,200,16,0,1,0,0,200,200,200,200,200
374666,0,30,1,200,200,1,14,1,0,0,200,0,200,0,7,200,200,200,200,200,200
374666,0,30,1,200,200,1,14,1,0,0,200,0,200,0,5,200,1,200,200,200,200
374667,0,30,200,200,200,1,14,2,0,200,200,200,200,1,5,200,200,200,0,200,200
374667,0,30,200,200,200,1,14,2,0,200,200,200,200,0,6,200,200,200,0,200,200
374667,0,30,200,200,200,1,14,2,0,200,200,200,200,0,6,200,200,200,0,200,200
374671,0,30,1,2,0,1,12,5,0,0,0,21,200,2,200,200,4,200,200,200,200
374671,0,30,1,2,0,1,12,5,0,0,0,21,200,1,6,0,0,0,0,200,200
374673,0,25,0,0,1,1,10,2,0,12,12,18,200,1,7,0,3,200,200,200,200
374673,0,25,0,0,1,1,10,2,0,12,12,18,200,0,4,0,0,0,0,200,200
374673,0,25,0,0,1,1,10,2,0,12,12,18,200,0,200,0,0,0,0,200,200
374673,1,25,0,0,1,1,10,2,0,12,12,18,200,1,5,0,200,200,200,200,200
374673,1,25,0,0,1,1,10,2,0,12,12,18,200,1,0,5,200,200,200,200,200
374676,0,30,1,2,0,1,12,5,0,0,0,17,0,1,6,0,1,0,0,200,200
374676,0,30,1,2,0,1,12,5,0,0,0,17,0,0,6,0,0,0,0,200,200
374682,0,30,2,2,2,1,0,5,0,1,0,0,0,0,5,0,0,0,0,200,200
374682,0,30,2,2,2,1,0,5,0,1,0,0,0,1,7,0,0,0,0,200,200
374683,0,30,0,0,0,1,7,5,0,0,0,20,200,0,9,200,6,200,200,200,200
374683,1,30,0,0,0,1,7,5,0,0,0,20,200,1,5,200,200,200,200,200,200
374684,0,30,2,2,0,1,12,5,0,200,200,22,22,0,7,0,7,200,200,200,200
374684,0,30,2,2,0,1,12,5,0,200,200,22,22,0,5,0,2,200,200,200,200
374686,0,35,0,0,0,1,2,3,0,0,0,0,200,0,7,0,0,0,0,200,200
374686,1,35,0,0,0,1,2,3,0,0,0,0,200,1,2,0,200,200,200,200,200
374689,0,30,1,2,0,1,7,5,0,0,0,0,200,0,6,200,200,0,0,200,200
374700,0,30,0,0,0,1,7,6,0,0,200,20,200,1,7,0,6,200,0,200,200
374701,0,35,1,2,2,1,10,2,0,1,0,34,18,1,6,0,0,0,0,200,200
374701,0,35,1,2,2,1,10,2,0,1,0,34,18,0,6,0,3,0,0,200,200
374705,0,30,0,0,0,1,14,5,0,0,0,11,200,0,6,0,7,5,0,200,200
374706,0,30,1,2,0,1,14,3,3,0,0,17,21,1,6,0,1,0,0,200,200
374706,0,30,1,2,0,1,14,3,3,0,0,17,21,1,4,0,4,0,0,200,200
374706,1,30,1,2,0,1,14,3,3,0,0,17,21,1,4,0,200,200,200,200,200
374707,0,25,1,2,0,1,0,5,0,0,0,21,17,0,6,0,0,0,0,200,200
374707,0,25,1,2,0,1,0,5,0,0,0,21,17,2,200,200,2,200,200,200,200
374707,0,25,1,2,0,1,0,5,0,0,0,21,17,2,200,200,7,200,200,200,200
374707,0,25,1,2,0,1,0,5,0,0,0,21,17,2,200,200,7,200,200,200,200
374717,0,30,0,0,1,1,0,2,0,0,0,17,17,0,6,0,1,0,0,200,200
374717,0,30,0,0,1,1,0,2,0,0,0,17,17,1,6,200,0,0,0,200,200
374717,1,30,0,0,1,1,0,2,0,0,0,17,17,1,2,0,200,200,200,200,200
374717,1,30,0,0,1,1,0,2,0,0,0,17,17,1,200,0,200,200,200,200,200
374718,4,30,2,2,0,1,8,5,0,0,200,0,200,0,4,2,12,200,200,200,200
374718,0,30,2,2,0,1,8,5,0,0,200,0,200,0,5,200,200,200,0,200,200
374720,0,25,2,2,0,1,0,2,0,0,0,17,0,0,8,200,200,200,0,200,200
374720,0,25,2,2,0,1,0,2,0,0,0,17,0,0,5,200,200,200,0,200,200
374720,0,25,2,2,0,1,0,2,0,0,0,17,0,0,6,200,1,200,0,200,200
374720,1,25,2,2,0,1,0,2,0,0,0,17,0,1,5,200,200,200,200,200,200
374723,0,30,1,2,0,1,12,3,0,0,0,0,200,1,5,0,12,0,0,200,200
374723,0,30,1,2,0,1,12,3,0,0,0,0,200,1,6,0,0,0,0,200,200
374723,1,30,1,2,0,1,12,3,0,0,0,0,200,1,200,0,200,200,200,200,200
374723,1,30,1,2,0,1,12,3,0,0,0,0,200,0,6,0,200,200,200,200,200
374727,0,30,0,0,0,1,12,2,0,0,0,0,200,0,6,200,200,0,0,200,200
374727,0,30,0,0,0,1,12,2,0,0,0,0,200,0,6,200,200,0,0,200,200
374729,0,30,2,2,0,1,14,5,0,0,0,17,200,0,5,0,0,200,0,200,200
374729,0,30,2,2,0,1,14,5,0,0,0,17,200,1,5,0,1,200,0,200,200
374731,0,30,1,2,0,1,0,2,0,0,0,17,200,0,5,0,1,1,200,200,200
374731,0,30,1,2,0,1,0,2,0,0,0,17,200,0,7,0,0,0,200,200,200