RD_NO,PERSON_TYPE,POSTED_SPEED_LIMIT,TRAFFIC_CONTROL_DEVICE,DEVICE_CONDITION,WEATHER_CONDITION,LIGHTING_CONDITION,FIRST_CRASH_TYPE,TRAFFICWAY_TYPE,ALIGNMENT,ROADWAY_SURFACE_COND,ROAD_DEFECT,PRIM_CONTRIBUTORY_CAUSE,SEC_CONTRIBUTORY_CAUSE,SEX,AGE,SAFETY_EQUIPMENT,DRIVER_ACTION,DRIVER_VISION,PHYSICAL_CONDITION,BAC_RESULT VALUE,CELL_PHONE_USE
374732,0,30,0,0,0,1,12,5,0,0,0,17,200,1,6,200,0,200,1,200,200
374732,0,30,0,0,0,1,12,5,0,0,0,17,200,1,5,200,1,200,0,200,200
374732,1,30,0,0,0,1,12,5,0,0,0,17,200,1,2,200,200,200,200,200,200
374733,0,15,0,0,0,200,7,6,0,0,0,0,200,2,200,200,200,200,200,200,200
374738,0,30,0,0,200,200,2,0,0,200,0,200,200,2,200,200,200,200,200,200,200
374739,0,30,0,0,0,2,10,5,0,0,3,0,0,1,6,0,0,200,0,200,200
374739,0,30,0,0,0,2,10,5,0,0,3,0,0,1,5,0,200,200,0,200,200
374739,1,30,0,0,0,2,10,5,0,0,3,0,0,1,4,0,200,200,200,200,200
374739,1,30,0,0,0,2,10,5,0,0,3,0,0,1,6,0,200,200,200,200,200
374739,1,30,0,0,0,2,10,5,0,0,3,0,0,1,1,0,200,200,200,200,200
374739,1,30,0,0,0,2,10,5,0,0,3,0,0,1,5,0,200,200,200,200,200
374739,1,30,0,0,0,2,10,5,0,0,3,0,0,1,2,0,200,200,200,200,200
374753,0,30,0,0,0,1,12,3,0,0,0,22,0,0,6,0,12,0,0,200,200
374753,0,30,0,0,0,1,12,3,0,0,0,22,0,1,5,0,2,0,0,200,200
374753,1,30,0,0,0,1,12,3,0,0,0,22,0,0,200,0,200,200,200,200,200
374753,1,30,0,0,0,1,12,3,0,0,0,22,0,0,200,0,200,200,200,200,200
374753,1,30,0,0,0,1,12,3,0,0,0,22,0,0,200,0,200,200,200,200,200
374774,0,30,0,0,0,1,10,5,0,200,200,7,7,1,6,200,12,200,200,200,200
374774,0,30,0,0,0,1,10,5,0,200,200,7,7,0,7,0,0,200,0,200,200
374779,0,35,200,200,200,1,12,3,0,1,200,0,0,0,7,0,0,0,0,200,200
374779,0,35,200,200,200,1,12,3,0,1,200,0,0,2,200,200,200,200,200,200,200
374784,4,20,2,2,0,1,8,6,0,0,0,5,23,0,7,1,5,0,0,200,200
374784,0,20,2,2,0,1,8,6,0,0,0,5,23,0,5,0,12,0,0,200,200
374785,0,35,0,0,0,1,0,5,0,0,0,17,23,1,6,200,1,0,0,200,200
374785,0,35,0,0,0,1,0,5,0,0,0,17,23,1,5,200,0,0,0,200,200
374790,0,30,0,0,0,1,2,2,2,0,0,0,200,0,7,200,12,12,0,200,200
374791,0,30,0,0,0,1,0,7,0,0,0,17,0,1,5,200,1,0,0,200,200
374791,0,30,0,0,0,1,0,7,0,0,0,17,0,0,4,200,0,0,0,200,200
374794,0,30,0,0,0,1,14,5,0,0,0,17,200,0,200,200,1,200,200,200,200
374794,0,30,0,0,0,1,14,5,0,0,0,17,200,1,7,0,0,0,0,200,200
374797,0,30,1,2,2,1,10,2,0,1,0,12,0,1,6,0,0,0,0,200,200
374797,0,30,1,2,2,1,10,2,0,1,0,12,0,1,6,0,0,0,0,200,200
374797,0,30,1,2,2,1,10,2,0,1,0,12,0,0,3,0,12,0,0,200,200
374797,0,30,1,2,2,1,10,2,0,1,0,12,0,0,5,0,0,0,0,200,200
374801,0,30,2,1,0,1,0,6,0,0,0,17,5,0,5,0,1,0,0,200,200
374801,0,30,2,1,0,1,0,6,0,0,0,17,5,0,6,0,1,0,0,200,200
374801,1,30,2,1,0,1,0,6,0,0,0,17,5,1,5,0,200,200,200,200,200
374801,1,30,2,1,0,1,0,6,0,0,0,17,5,200,200,0,200,200,200,200,200
374802,0,30,0,0,0,1,7,6,0,0,0,200,200,0,5,200,7,0,0,200,200
374802,1,30,0,0,0,1,7,6,0,0,0,200,200,0,7,200,200,200,200,200,200
374805,0,30,0,0,0,1,10,5,0,0,0,21,23,1,7,0,0,0,0,200,200
374805,0,30,0,0,0,1,10,5,0,0,0,21,23,1,7,0,0,0,0,200,200
374805,0,30,0,0,0,1,10,5,0,0,0,21,23,1,7,0,4,0,0,200,200
374808,0,30,1,2,0,1,10,6,0,0,0,21,21,0,200,0,0,0,0,200,200
374808,0,30,1,2,0,1,10,6,0,0,0,21,21,1,7,0,4,200,0,200,200
374810,0,30,200,200,0,1,11,5,0,200,200,0,0,0,6,200,0,200,0,200,200
374810,0,30,200,200,0,1,11,5,0,200,200,0,0,2,200,200,200,200,200,200,200
374813,0,30,0,0,0,1,10,5,0,0,0,0,0,1,200,0,0,0,0,200,200
374813,0,30,0,0,0,1,10,5,0,0,0,0,0,0,6,200,3,0,0,200,200
374815,0,10,0,0,0,1,7,7,0,0,0,20,200,0,9,0,0,0,0,200,200
374824,0,40,0,0,0,1,10,3,0,0,0,7,16,1,6,0,1,12,200,200,200
374824,0,40,0,0,0,1,10,3,0,0,0,7,16,1,6,0,0,0,200,200,200
374832,0,30,12,12,0,1,0,5,0,0,0,27,200,1,7,200,12,0,4,200,200
374832,0,30,12,12,0,1,0,5,0,0,0,27,200,0,6,200,0,0,0,200,200
374832,1,30,12,12,0,1,0,5,0,0,0,27,200,1,6,4,200,200,200,200,200
374837,0,30,1,2,0,1,10,5,0,0,0,18,0,0,7,200,0,0,0,200,200
374837,0,30,1,2,0,1,10,5,0,0,0,18,0,0,200,200,3,200,200,200,200
374840,0,30,0,0,0,1,10,0,0,0,0,25,20,0,6,200,6,0,0,200,200
374840,0,30,0,0,0,1,10,0,0,0,0,25,20,0,6,0,0,0,0,200,200
374846,0,30,1,200,200,1,10,6,0,200,200,20,200,2,200,200,6,200,200,200,200
374846,0,30,1,200,200,1,10,6,0,200,200,20,200,0,6,200,0,200,0,200,200
374847,0,30,1,2,0,1,8,2,0,0,0,0,200,0,4,0,12,0,0,200,200
374847,4,30,1,2,0,1,8,2,0,0,0,0,200,1,5,2,0,0,0,200,200
374851,0,15,0,0,200,200,7,0,0,200,0,0,0,2,200,200,200,200,200,200,200
374852,0,30,0,0,0,1,10,2,0,0,0,18,16,1,6,0,0,0,0,200,200
374852,0,30,0,0,0,1,10,2,0,0,0,18,16,0,7,0,3,0,0,200,200
374855,0,15,0,0,0,1,10,7,0,0,0,18,16,1,7,0,3,0,0,200,200
374855,0,15,0,0,0,1,10,7,0,0,0,18,16,1,6,0,0,0,0,200,200
374858,0,35,1,2,0,1,10,3,0,0,0,200,200,1,6,0,0,0,0,200,200
374858,0,35,1,2,0,1,10,3,0,0,0,200,200,1,200,200,200,200,200,200,200
374861,0,30,0,0,0,1,12,5,0,0,0,200,200,1,5,200,200,200,0,200,200
374861,0,30,0,0,0,1,12,5,0,0,0,200,200,1,200,200,0,0,0,200,200
374867,0,30,0,0,0,1,7,5,0,0,0,21,200,1,200,200,4,200,200,200,200
374882,0,30,0,0,0,1,0,5,0,0,200,0,0,0,7,0,200,200,200,200,200
374882,0,30,0,0,0,1,0,5,0,0,200,0,0,1,3,200,200,200,200,200,200
374885,0,30,2,2,0,1,8,5,0,0,0,17,200,1,200,200,1,200,200,200,200
374885,4,30,2,2,0,1,8,5,0,0,0,17,200,0,6,3,0,1,0,200,200
374887,0,30,2,2,0,1,14,2,0,0,200,17,200,0,3,200,0,200,0,200,200
374887,0,30,2,2,0,1,14,2,0,0,200,17,200,1,8,0,1,200,0,200,200
374891,0,30,0,0,0,1,12,5,0,0,0,20,200,0,6,200,0,0,0,200,200
374891,0,30,0,0,0,1,12,5,0,0,0,20,200,1,7,200,6,200,0,200,200
374896,0,30,0,0,0,1,2,5,0,0,0,23,0,1,5,200,4,200,4,200,200
374903,0,30,1,2,0,1,14,5,0,0,0,6,14,0,200,200,5,200,200,200,200
374903,0,30,1,2,0,1,14,5,0,0,0,6,14,0,5,200,0,200,0,200,200
374903,0,30,1,2,0,1,14,5,0,0,0,6,14,0,200,200,5,200,200,200,200
374907,0,30,200,200,0,1,12,200,0,0,0,17,17,1,6,200,1,200,200,200,200
374907,0,30,200,200,0,1,12,200,0,0,0,17,17,1,7,200,0,200,0,200,200
374919,0,30,0,0,200,200,7,7,0,200,200,0,0,0,200,200,200,200,200,200,200
374927,0,30,2,2,0,1,14,5,0,0,0,5,200,1,200,200,1,200,200,200,200
374927,0,30,2,2,0,1,14,5,0,0,0,5,200,1,6,0,0,0,0,200,200
374933,0,30,0,12,0,1,12,2,0,0,0,0,200,0,7,0,0,200,12,200,200
374933,0,30,0,12,0,1,12,2,0,0,0,0,200,1,6,0,200,200,0,200,200
374938,0,25,2,2,0,1,7,6,0,0,0,0,0,0,5,0,200,200,0,200,200
374941,0,30,0,0,0,1,7,2,0,0,0,22,200,0,7,0,4,0,0,200,200
374941,0,30,0,0,0,1,7,2,0,0,0,22,200,0,7,0,4,0,0,200,200
374950,4,30,1,2,0,1,8,6,0,0,0,17,23,0,6,7,1,0,0,200,200
374950,0,30,1,2,0,1,8,6,0,0,0,17,23,0,7,0,0,0,0,200,200
374953,0,30,200,200,0,1,12,2,0,0,200,22,200,2,200,200,2,200,200,200,200
374953,0,30,200,200,0,1,12,2,0,0,200,22,200,1,6,200,0,200,0,200,200
374963,0,30,0,0,1,1,10,3,0,0,0,0,0,0,0,200,200,200,200,200,200
374963,0,30,0,0,1,1,10,3,0,0,0,0,0,1,7,0,0,0,0,200,200
374973,0,15,0,0,0,1,0,7,0,0,0,20,200,1,6,0,6,0,0,200,200
374973,0,15,0,0,0,1,0,7,0,0,0,20,200,1,5,0,0,0,0,200,200
374979,0,30,1,2,0,1,0,5,0,0,0,6,14,0,6,200,0,0,0,200,200
374979,0,30,1,2,0,1,0,5,0,0,0,6,14,0,7,200,5,200,200,200,200
374982,0,25,0,0,0,1,12,5,0,0,0,22,11,1,5,0,1,0,0,200,200
374982,0,25,0,0,0,1,12,5,0,0,0,22,11,0,5,0,0,0,0,200,200
374982,1,25,0,0,0,1,12,5,0,0,0,22,11,1,5,0,200,200,200,200,200
374982,1,25,0,0,0,1,12,5,0,0,0,22,11,1,5,0,200,200,200,200,200
374984,0,30,0,0,0,1,14,5,0,0,200,23,0,1,6,200,0,200,200,200,200
374984,0,30,0,0,0,1,14,5,0,0,200,23,0,0,6,200,7,200,0,200,200
374985,0,30,1,2,0,1,14,2,0,0,0,21,200,0,6,200,7,200,0,200,200
374985,0,30,1,2,0,1,14,2,0,0,0,21,200,1,4,0,0,0,0,200,200
374985,1,30,1,2,0,1,14,2,0,0,0,21,200,1,5,0,200,200,200,200,200
374986,0,30,1,2,0,1,14,5,0,0,0,23,0,0,6,200,0,0,0,200,200
374986,0,30,1,2,0,1,14,5,0,0,0,23,0,0,4,200,7,0,0,200,200
374986,1,30,1,2,0,1,14,5,0,0,0,23,0,0,5,200,200,200,200,200,200
374989,0,30,1,2,0,1,0,2,0,0,0,17,0,2,200,200,200,200,200,200,200
374989,0,30,1,2,0,1,0,2,0,0,0,17,0,0,7,0,12,0,0,200,200
374992,0,30,0,0,0,1,9,2,0,0,0,21,14,0,5,200,1,0,0,200,200
374992,5,30,0,0,0,1,9,2,0,0,0,21,14,0,6,7,0,12,0,200,200
374992,1,30,0,0,0,1,9,2,0,0,0,21,14,0,6,200,200,200,200,200,200
374995,0,35,2,2,0,1,14,5,0,0,0,17,16,0,6,3,0,0,0,200,200
374995,0,35,2,2,0,1,14,5,0,0,0,17,16,0,5,0,1,0,0,200,200
374996,0,30,1,2,0,1,0,5,0,0,0,16,0,0,6,0,1,0,0,200,200
374996,0,30,1,2,0,1,0,5,0,0,0,16,0,0,6,0,0,0,0,200,200
375018,0,10,0,0,0,1,7,7,0,200,200,0,0,2,200,200,200,200,200,200,200
375043,0,30,0,0,0,1,14,5,0,0,0,0,0,0,6,0,1,0,0,200,200
375043,0,30,0,0,0,1,14,5,0,0,0,0,0,1,6,0,0,0,0,200,200
375048,0,30,1,2,0,4,0,12,0,0,0,0,200,1,200,200,12,200,0,200,200
375048,0,30,1,2,0,4,0,12,0,0,0,0,200,0,200,200,0,200,0,200,200
375048,1,30,1,2,0,4,0,12,0,0,0,0,200,0,200,200,200,200,200,200,200
375048,1,30,1,2,0,4,0,12,0,0,0,0,200,200,200,200,200,200,200,200,200
375048,1,30,1,2,0,4,0,12,0,0,0,0,200,0,200,200,200,200,200,200,200
375048,1,30,1,2,0,4,0,12,0,0,0,0,200,1,200,200,200,200,200,200,200
375048,1,30,1,2,0,4,0,12,0,0,0,0,200,0,200,200,200,200,200,200,200
375054,4,30,0,0,0,1,8,5,0,0,0,17,200,1,5,7,0,0,0,200,200
375054,0,30,0,0,0,1,8,5,0,0,0,17,200,0,5,0,1,0,0,200,200
375057,0,30,1,2,0,3,2,3,0,0,200,200,200,0,5,200,12,200,0,200,200
375060,0,30,0,0,0,1,0,6,0,0,0,20,0,1,6,200,6,200,0,200,200
375060,0,30,0,0,0,1,0,6,0,0,0,20,0,0,7,200,0,0,0,200,200
375061,0,25,0,0,0,3,7,6,0,0,200,0,0,2,200,200,200,200,200,200,200
375065,0,30,0,0,0,0,10,2,0,0,0,0,0,1,7,0,0,0,0,200,200
375065,0,30,0,0,0,0,10,2,0,0,0,0,0,0,6,0,0,0,0,200,200
375072,0,30,0,0,0,1,7,5,0,0,2,0,0,2,200,200,200,200,200,200,200
375084,0,30,0,0,0,1,12,3,0,0,0,21,25,1,6,200,4,200,200,200,200
375084,0,30,0,0,0,1,12,3,0,0,0,21,25,0,6,200,0,0,0,200,200
375089,0,40,0,0,0,1,10,3,0,0,0,18,0,0,5,0,3,0,0,200,200
375089,0,40,0,0,0,1,10,3,0,0,0,18,0,1,7,0,0,0,0,200,200
375089,1,40,0,0,0,1,10,3,0,0,0,18,0,1,4,0,200,200,200,200,200
375089,1,40,0,0,0,1,10,3,0,0,0,18,0,1,5,0,200,200,200,200,200
375089,1,40,0,0,0,1,10,3,0,0,0,18,0,1,5,0,200,200,200,200,200
375089,1,40,0,0,0,1,10,3,0,0,0,18,0,1,2,0,200,200,200,200,200
375089,1,40,0,0,0,1,10,3,0,0,0,18,0,1,3,0,200,200,200,200,200
375094,0,30,0,0,0,1,7,6,0,0,0,20,200,1,200,200,200,200,200,200,200
375098,0,30,0,0,0,3,12,5,0,0,0,22,0,0,6,7,0,0,0,200,200
375098,0,30,0,0,0,3,12,5,0,0,0,22,0,0,7,200,4,0,0,200,200
375105,0,5,0,0,0,4,7,5,0,0,0,0,19,1,200,200,200,0,0,200,200
375109,0,30,2,2,0,3,8,5,0,0,0,10,0,2,200,200,12,200,200,200,200
375109,0,30,2,2,0,3,8,5,0,0,0,10,0,1,5,0,12,0,0,200,200
375109,4,30,2,2,0,3,8,5,0,0,0,10,0,1,8,2,9,0,0,200,200
375113,0,20,0,0,200,3,7,6,0,200,3,0,11,2,200,200,200,200,200,200,200
375115,0,30,0,0,0,1,7,5,0,0,0,0,0,2,200,200,200,200,200,200,200
375121,0,30,1,2,0,3,14,2,0,0,0,16,200,0,7,0,12,0,0,200,200
375121,0,30,1,2,0,3,14,2,0,0,0,16,200,1,4,0,12,0,0,200,200
375121,1,30,1,2,0,3,14,2,0,0,0,16,200,1,5,0,200,200,200,200,200
375121,1,30,1,2,0,3,14,2,0,0,0,16,200,1,4,0,200,200,200,200,200
375121,1,30,1,2,0,3,14,2,0,0,0,16,200,1,2,0,200,200,200,200,200
375121,1,30,1,2,0,3,14,2,0,0,0,16,200,1,3,0,200,200,200,200,200
375122,0,25,0,0,200,200,7,0,0,200,200,0,0,0,200,200,200,200,200,200,200
375123,0,5,0,0,0,200,0,7,0,0,0,20,200,0,6,200,6,200,200,200,200
375123,0,5,0,0,0,200,0,7,0,0,0,20,200,1,5,0,0,0,0,200,200
375126,0,30,2,2,0,1,7,5,0,0,0,11,0,0,7,0,0,0,0,200,200
375126,1,30,2,2,0,1,7,5,0,0,0,11,0,1,200,200,200,200,200,200,200
375129,0,30,0,0,0,3,12,5,0,0,0,32,21,0,4,0,4,0,5,200,200
375129,0,30,0,0,0,3,12,5,0,0,0,32,21,1,5,0,0,0,0,200,200
375129,1,30,0,0,0,3,12,5,0,0,0,32,21,1,5,0,200,200,200,200,200
375129,1,30,0,0,0,3,12,5,0,0,0,32,21,1,5,0,200,200,200,200,200
375136,0,30,1,2,0,3,0,2,0,0,0,14,6,1,6,0,8,0,0,200,200
375136,0,30,1,2,0,3,0,2,0,0,0,14,6,1,5,0,0,0,0,200,200
375142,0,30,1,2,0,3,14,2,0,0,0,17,200,1,4,0,1,200,0,200,200
375142,0,30,1,2,0,3,14,2,0,0,0,17,200,0,4,0,0,200,0,200,200
375142,1,30,1,2,0,3,14,2,0,0,0,17,200,2,200,0,200,200,200,200,200
375142,1,30,1,2,0,3,14,2,0,0,0,17,200,2,200,0,200,200,200,200,200
375142,1,30,1,2,0,3,14,2,0,0,0,17,200,2,200,0,200,200,200,200,200
375142,1,30,1,2,0,3,14,2,0,0,0,17,200,2,200,0,200,200,200,200,200
375148,0,30,1,2,2,3,14,5,0,1,0,200,200,0,7,0,12,0,0,200,200
375148,0,30,1,2,2,3,14,5,0,1,0,200,200,1,6,0,200,0,0,200,200
375155,0,15,0,0,0,3,10,7,0,0,200,0,0,1,7,0,1,200,0,200,200
375155,0,15,0,0,0,3,10,7,0,0,200,0,0,0,6,7,8,200,0,200,200
375156,0,0,0,0,0,3,3,7,0,0,0,200,200,0,7,0,6,0,0,200,200
375156,0,0,0,0,0,3,3,7,0,0,0,200,200,0,6,0,6,0,0,200,200
375156,1,0,0,0,0,3,3,7,0,0,0,200,200,0,5,0,200,200,200,200,200
375156,1,0,0,0,0,3,3,7,0,0,0,200,200,1,6,0,200,200,200,200,200
375158,0,30,0,0,0,3,14,5,0,0,0,23,21,1,200,200,7,200,200,200,200
375158,0,30,0,0,0,3,14,5,0,0,0,23,21,0,4,0,0,0,0,200,200
375160,0,30,0,0,0,1,14,5,0,0,0,17,0,0,6,0,1,0,0,200,200
375160,0,30,0,0,0,1,14,5,0,0,0,17,0,1,4,0,0,0,0,200,200
375163,0,0,0,0,0,1,7,7,0,200,200,0,0,1,200,200,200,200,200,200,200
375182,0,15,0,200,0,3,7,7,0,0,0,0,0,0,7,0,6,200,5,200,200
375185,0,30,2,12,1,1,2,2,0,0,0,14,0,1,3,0,8,0,0,200,200
375189,0,30,0,0,0,3,0,5,0,200,200,0,0,0,200,200,1,200,200,200,200
375189,0,30,0,0,0,3,0,5,0,200,200,0,0,0,6,200,0,0,0,200,200
375194,0,35,1,2,0,3,4,1,0,0,0,16,0,0,6,2,7,200,200,200,200
375198,0,30,2,200,200,200,14,200,0,200,200,5,23,0,6,200,5,200,200,200,200
375198,0,30,2,200,200,200,14,200,0,200,200,5,23,0,6,200,0,200,200,200,200
375199,0,5,0,0,0,3,7,7,0,200,0,20,200,0,200,200,6,200,200,200,200
375203,0,30,1,2,0,1,10,6,0,0,0,7,7,0,200,0,12,0,0,200,200
375203,0,30,1,2,0,1,10,6,0,0,0,7,7,1,7,0,0,0,0,200,200
375206,0,10,0,0,0,1,12,12,0,0,200,11,0,0,7,0,0,0,200,200,200
375206,0,10,0,0,0,1,12,12,0,0,200,11,0,1,5,200,12,200,200,200,200
375218,0,30,1,2,0,3,14,5,0,0,0,17,200,0,4,0,1,0,0,200,200
375218,0,30,1,2,0,3,14,5,0,0,0,17,200,1,3,0,0,0,0,200,200
375221,0,30,3,200,0,3,12,5,0,200,200,0,200,0,6,200,200,200,0,200,200
375225,0,30,200,200,0,200,12,1,0,200,200,0,0,0,200,200,4,200,200,200,200
375225,0,30,200,200,0,200,12,1,0,200,200,0,0,0,0,0,0,200,200,200,200
375230,0,30,1,2,0,3,12,6,0,0,0,25,19,1,200,200,2,0,3,200,200
375230,0,30,1,2,0,3,12,6,0,0,0,25,19,1,7,0,0,0,0,200,200
375239,0,30,0,0,0,3,14,5,0,0,0,20,0,1,200,200,6,200,200,200,200
375239,0,30,0,0,0,3,14,5,0,0,0,20,0,1,5,0,0,0,0,200,200
375244,0,30,2,2,0,3,0,5,0,0,0,6,200,0,6,0,5,0,0,200,200
375244,0,30,2,2,0,3,0,5,0,0,0,6,200,0,6,0,0,0,0,200,200
375244,1,30,2,2,0,3,0,5,0,0,0,6,200,1,6,0,200,200,200,200,200
375244,1,30,2,2,0,3,0,5,0,0,0,6,200,0,200,0,200,200,200,200,200
375251,0,35,0,2,0,3,10,2,0,0,0,18,16,0,200,200,3,200,200,200,200
375251,0,35,0,2,0,3,10,2,0,0,0,18,16,0,5,0,0,0,0,200,200
375252,0,30,1,2,0,3,14,2,0,0,0,0,20,0,6,200,2,200,200,200,200
375252,0,30,1,2,0,3,14,2,0,0,0,0,20,0,5,0,0,0,0,200,200
375255,0,30,0,0,0,3,2,6,0,0,12,28,0,0,6,200,12,0,0,200,200
375258,0,30,0,200,0,3,7,6,0,0,200,0,0,0,4,7,200,200,0,200,200
375258,1,30,0,200,0,3,7,6,0,0,200,0,0,1,200,7,200,200,200,200,200
375265,0,30,2,0,0,4,10,5,0,0,0,18,16,0,6,200,3,200,200,200,200
375265,0,30,2,0,0,4,10,5,0,0,0,18,16,1,6,200,0,200,0,200,200
375265,1,30,2,0,0,4,10,5,0,0,0,18,16,1,200,200,200,200,200,200,200
375265,1,30,2,0,0,4,10,5,0,0,0,18,16,0,200,200,200,200,200,200,200
375266,0,30,0,0,0,3,2,3,0,0,0,200,200,0,5,200,12,200,0,200,200
375275,0,30,0,0,0,3,12,3,0,0,0,17,0,2,200,200,1,200,200,200,200
375275,0,30,0,0,0,3,12,3,0,0,0,17,0,0,4,0,0,0,0,200,200
375285,0,25,0,0,0,200,7,7,0,0,0,200,200,2,200,200,200,200,200,200,200
375286,0,30,0,0,0,1,7,7,0,0,0,22,22,2,200,200,2,200,200,200,200
375304,0,30,0,0,0,3,7,6,0,0,0,21,200,2,200,200,200,200,200,200,200
375306,0,45,1,2,0,3,10,2,0,0,200,11,0,0,5,200,6,0,200,200,200
375306,0,45,1,2,0,3,10,2,0,0,200,11,0,0,6,0,0,0,0,200,200
375308,0,15,0,200,0,0,3,0,0,0,0,0,0,0,6,200,200,200,200,200,200
375308,0,15,0,200,0,0,3,0,0,0,0,0,0,1,6,200,0,0,0,200,200
375314,0,30,0,0,0,3,7,6,0,0,0,25,16,0,200,200,13,200,200,200,200
375314,1,30,0,0,0,3,7,6,0,0,0,25,16,200,200,200,200,200,200,200,200
375314,1,30,0,0,0,3,7,6,0,0,0,25,16,200,200,200,200,200,200,200,200
375320,0,30,0,0,0,3,14,5,0,0,0,10,200,1,6,200,7,0,0,200,200
375320,0,30,0,0,0,3,14,5,0,0,0,10,200,1,5,200,0,0,0,200,200
375320,1,30,0,0,0,3,14,5,0,0,0,10,200,0,4,7,200,200,200,200,200
375324,0,30,0,0,200,3,7,6,0,200,200,12,12,0,6,0,200,0,0,200,200
375327,0,25,2,0,0,3,7,6,0,0,0,0,0,2,200,200,200,200,200,200,200
375327,1,25,2,0,0,3,7,6,0,0,0,0,0,0,6,200,200,200,200,200,200
375327,1,25,2,0,0,3,7,6,0,0,0,0,0,1,5,200,200,200,200,200,200
375328,0,30,1,2,0,1,12,5,0,0,0,22,11,0,4,0,2,0,0,200,200
375328,0,30,1,2,0,1,12,5,0,0,0,22,11,1,6,0,0,0,0,200,200
375334,0,10,0,0,0,1,0,6,0,0,0,0,0,1,200,200,0,200,200,200,200
375334,0,10,0,0,0,1,0,6,0,0,0,0,0,1,6,0,0,0,0,200,200
375336,0,30,0,0,0,3,2,5,0,0,0,0,0,2,200,200,200,200,200,200,200
375347,0,30,0,0,0,3,12,5,0,1,0,21,0,2,200,200,6,200,200,200,200
375347,0,30,0,0,0,3,12,5,0,1,0,21,0,0,6,0,0,0,0,200,200
375347,1,30,0,0,0,3,12,5,0,1,0,21,0,0,200,0,200,200,200,200,200
375347,1,30,0,0,0,3,12,5,0,1,0,21,0,1,200,0,200,200,200,200,200
375387,0,30,1,2,0,3,10,2,0,0,0,16,200,0,6,0,12,0,0,200,200
375387,0,30,1,2,0,3,10,2,0,0,0,16,200,0,7,0,0,0,0,200,200
375387,0,30,1,2,0,3,10,2,0,0,0,16,200,0,6,0,0,0,0,200,200
375387,1,30,1,2,0,3,10,2,0,0,0,16,200,0,7,0,200,200,200,200,200
375394,0,30,0,0,0,3,7,5,0,0,0,0,0,0,6,200,200,200,5,200,200
375421,0,10,0,0,0,3,7,7,0,0,0,16,20,0,6,200,6,200,0,200,200
375427,0,30,0,0,0,3,7,5,0,0,0,200,200,0,7,0,200,200,0,200,200
375440,0,30,1,2,0,1,14,6,0,0,0,21,200,0,6,0,7,200,0,200,200
375440,0,30,1,2,0,1,14,6,0,0,0,21,200,0,6,0,0,200,0,200,200
375444,0,30,0,0,0,1,12,3,0,0,0,17,17,0,6,0,1,0,0,200,200
375444,0,30,0,0,0,1,12,3,0,0,0,17,17,0,7,0,0,0,0,200,200
375445,0,35,1,2,0,2,0,5,0,0,0,0,0,0,200,200,200,200,200,200,200
375445,0,35,1,2,0,2,0,5,0,0,0,0,0,0,8,0,0,0,0,200,200
375448,0,45,1,2,0,1,12,2,0,0,0,0,0,0,7,0,200,0,0,200,200
375448,0,45,1,2,0,1,12,2,0,0,0,0,0,0,6,0,1,0,0,200,200
375452,0,25,0,0,200,1,14,5,0,200,200,15,8,0,6,200,12,200,1,200,200
375452,0,25,0,0,200,1,14,5,0,200,200,15,8,1,4,0,12,0,0,200,200
375452,1,25,0,0,200,1,14,5,0,200,200,15,8,0,4,0,200,200,200,200,200
375458,0,30,1,2,0,1,0,5,0,0,0,17,200,0,7,0,1,0,0,200,200
375458,0,30,1,2,0,1,0,5,0,0,0,17,200,0,6,0,0,0,0,200,200
375463,0,30,1,2,0,1,10,5,3,0,0,0,0,1,6,0,200,0,0,200,200
375463,0,30,1,2,0,1,10,5,3,0,0,0,0,0,7,0,0,0,0,200,200
375467,0,30,6,2,0,1,5,5,0,0,0,0,0,0,6,200,0,200,0,200,200
375475,0,40,1,2,0,1,14,5,0,0,3,10,21,1,5,0,9,0,0,200,200
375475,0,40,1,2,0,1,14,5,0,0,3,10,21,1,6,0,0,0,0,200,200
375477,0,30,0,0,0,1,0,5,0,0,0,17,200,0,6,0,1,0,0,200,200
375477,0,30,0,0,0,1,0,5,0,0,0,17,200,1,5,0,0,0,0,200,200
375477,1,30,0,0,0,1,0,5,0,0,0,17,200,200,3,0,200,200,200,200,200
375477,1,30,0,0,0,1,0,5,0,0,0,17,200,1,2,0,200,200,200,200,200
375485,0,30,0,0,0,1,7,2,0,0,0,22,200,1,5,200,2,0,0,200,200
375494,0,30,1,2,0,1,12,5,0,0,0,22,200,1,200,200,200,200,200,200,200
375494,0,30,1,2,0,1,12,5,0,0,0,22,200,0,7,0,200,0,0,200,200
375500,0,30,2,2,0,1,14,5,0,0,0,17,200,1,5,0,1,0,0,200,200
375500,0,30,2,2,0,1,14,5,0,0,0,17,200,0,8,0,0,0,0,200,200
375503,0,25,1,2,0,1,10,5,0,0,0,0,0,0,200,0,200,0,0,200,200
375503,0,25,1,2,0,1,10,5,0,0,0,0,0,1,200,0,200,0,0,200,200
375512,0,10,0,0,0,1,2,7,0,0,0,11,33,0,7,200,12,12,0,200,200
375517,0,25,1,2,0,1,12,6,0,0,200,21,0,0,6,200,4,200,0,200,200
375517,0,25,1,2,0,1,12,6,0,0,200,21,0,0,7,200,12,200,0,200,200
375520,0,20,0,0,200,200,7,6,0,200,0,200,200,2,200,200,200,200,200,200,200