RD_NO,PERSON_TYPE,POSTED_SPEED_LIMIT,TRAFFIC_CONTROL_DEVICE,DEVICE_CONDITION,WEATHER_CONDITION,LIGHTING_CONDITION,FIRST_CRASH_TYPE,TRAFFICWAY_TYPE,ALIGNMENT,ROADWAY_SURFACE_COND,ROAD_DEFECT,PRIM_CONTRIBUTORY_CAUSE,SEC_CONTRIBUTORY_CAUSE,SEX,AGE,SAFETY_EQUIPMENT,DRIVER_ACTION,DRIVER_VISION,PHYSICAL_CONDITION,BAC_RESULT VALUE,CELL_PHONE_USE
375523,0,30,0,0,0,1,8,5,0,0,0,33,33,0,5,200,12,0,0,200,200
375523,4,30,0,0,0,1,8,5,0,0,0,33,33,0,5,3,12,0,0,200,200
375534,0,30,0,0,0,1,10,2,0,0,0,0,0,1,5,200,0,0,0,200,200
375534,0,30,0,0,0,1,10,2,0,0,0,0,0,0,200,200,0,200,200,200,200
375535,0,15,0,0,0,3,7,7,0,0,0,20,11,1,7,0,6,0,0,200,200
375536,0,30,0,0,0,1,12,5,0,0,0,22,22,2,200,200,2,200,200,200,200
375536,0,30,0,0,0,1,12,5,0,0,0,22,22,0,6,0,0,0,0,200,200
375537,0,30,0,0,0,200,7,5,0,0,0,11,0,2,200,200,200,200,200,200,200
375545,0,30,1,2,0,1,12,1,0,0,0,0,0,1,7,0,4,0,0,200,200
375545,0,30,1,2,0,1,12,1,0,0,0,0,0,0,7,0,200,0,0,200,200
375546,0,20,0,0,0,3,7,5,0,0,0,0,200,2,200,200,200,200,200,200,200
375548,0,30,0,0,0,1,10,5,0,0,0,18,18,0,5,0,1,0,0,200,200
375548,0,30,0,0,0,1,10,5,0,0,0,18,18,0,8,0,0,0,0,200,200
375550,0,30,1,2,0,1,14,2,0,0,0,17,23,0,6,0,7,0,0,200,200
375550,0,30,1,2,0,1,14,2,0,0,0,17,23,0,5,0,0,0,0,200,200
375556,0,30,2,2,0,1,0,12,0,0,1,17,0,1,7,0,12,0,0,200,200
375556,0,30,2,2,0,1,0,12,0,0,1,17,0,1,6,0,12,0,0,200,200
375557,0,30,0,0,0,3,0,2,0,0,0,17,16,2,200,200,1,200,200,200,200
375557,0,30,0,0,0,3,0,2,0,0,0,17,16,0,6,0,0,0,0,200,200
375559,0,30,2,2,0,1,12,5,0,0,0,200,200,0,6,0,12,0,0,200,200
375559,0,30,2,2,0,1,12,5,0,0,0,200,200,1,6,0,0,0,0,200,200
375561,0,30,1,2,0,1,10,3,0,0,0,18,18,1,200,200,3,0,0,200,200
375561,0,30,1,2,0,1,10,3,0,0,0,18,18,1,6,0,0,0,0,200,200
375567,4,30,1,2,0,1,8,5,0,0,0,23,200,0,5,7,5,200,0,200,200
375567,0,30,1,2,0,1,8,5,0,0,0,23,200,1,5,200,0,200,0,200,200
375567,1,30,1,2,0,1,8,5,0,0,0,23,200,1,6,200,200,200,200,200,200
375569,0,35,12,0,0,1,12,3,0,0,0,28,0,0,200,200,200,200,200,200,200
375569,0,35,12,0,0,1,12,3,0,0,0,28,0,0,6,7,0,0,0,200,200
375575,0,30,0,0,0,1,7,6,0,0,0,0,0,2,200,200,200,200,200,200,200
375576,0,30,1,2,0,1,14,8,2,0,0,21,200,0,6,0,4,200,0,200,200
375576,0,30,1,2,0,1,14,8,2,0,0,21,200,0,5,0,0,200,0,200,200
375585,0,20,0,0,0,1,7,5,0,0,0,200,200,1,6,200,0,200,200,200,200
375585,1,20,0,0,0,1,7,5,0,0,0,200,200,0,6,0,200,200,200,200,200
375588,0,30,1,2,0,1,12,5,0,0,0,10,20,1,5,200,9,0,0,200,200
375588,0,30,1,2,0,1,12,5,0,0,0,10,20,1,7,0,0,0,0,200,200
375596,0,15,0,0,0,1,0,7,0,0,0,0,200,1,6,200,1,5,200,200,200
375596,0,15,0,0,0,1,0,7,0,0,0,0,200,1,8,0,0,0,0,200,200
375599,0,30,0,0,0,1,7,0,0,0,0,20,20,0,6,0,6,0,0,200,200
375609,0,30,0,0,0,1,7,7,0,0,0,18,0,1,200,200,3,0,0,200,200
375611,0,30,0,0,0,0,7,6,0,0,0,0,200,2,200,200,200,200,200,200,200
375614,0,30,0,0,0,1,7,6,0,0,0,7,200,0,7,0,12,0,0,200,200
375619,0,30,2,2,0,1,10,2,0,0,0,5,16,1,5,0,1,0,0,200,200
375619,0,30,2,2,0,1,10,2,0,0,0,5,16,1,7,0,0,0,0,200,200
375619,1,30,2,2,0,1,10,2,0,0,0,5,16,0,200,0,200,200,200,200,200
375620,0,30,1,2,0,1,12,5,0,0,0,17,22,0,6,200,1,200,200,200,200
375620,0,30,1,2,0,1,12,5,0,0,0,17,22,0,6,0,0,0,0,200,200
375620,1,30,1,2,0,1,12,5,0,0,0,17,22,0,200,0,200,200,200,200,200
375621,0,30,0,0,200,200,7,6,0,200,200,0,0,2,200,200,200,200,200,200,200
375623,0,30,0,0,0,1,11,5,0,0,0,21,16,1,6,200,9,0,0,200,200
375623,0,30,0,0,0,1,11,5,0,0,0,21,16,1,4,0,0,0,0,200,200
375623,1,30,0,0,0,1,11,5,0,0,0,21,16,1,4,0,200,200,200,200,200
375627,0,25,1,200,200,1,0,3,0,200,200,17,0,0,7,200,1,200,200,200,200
375627,0,25,1,200,200,1,0,3,0,200,200,17,0,1,5,200,4,200,200,200,200
375627,1,25,1,200,200,1,0,3,0,200,200,17,0,1,6,200,200,200,200,200,200
375627,1,25,1,200,200,1,0,3,0,200,200,17,0,0,0,200,200,200,200,200,200
375629,0,30,0,0,0,1,2,5,0,0,0,25,11,0,5,200,13,0,0,200,200
375630,0,30,0,0,0,1,7,7,0,0,200,0,0,0,7,200,200,200,0,200,200
375631,0,35,1,2,0,1,8,12,1,0,0,23,200,0,200,200,7,200,200,200,200
375631,4,35,1,2,0,1,8,12,1,0,0,23,200,1,3,3,0,200,0,200,200
375631,4,35,1,2,0,1,8,12,1,0,0,23,200,1,4,3,0,200,0,200,200
375633,0,30,1,2,0,1,10,6,0,0,200,20,200,0,7,0,6,200,0,200,200
375633,0,30,1,2,0,1,10,6,0,0,200,20,200,0,6,0,0,200,0,200,200
375633,1,30,1,2,0,1,10,6,0,0,200,20,200,0,6,0,200,200,200,200,200
375638,0,30,1,1,0,1,14,5,0,0,0,0,200,0,6,0,200,0,0,200,200
375638,0,30,1,1,0,1,14,5,0,0,0,0,200,0,6,0,200,0,0,200,200
375647,0,30,2,2,0,1,10,5,0,0,0,18,11,0,200,200,3,200,200,200,200
375647,0,30,2,2,0,1,10,5,0,0,0,18,11,1,7,0,0,0,0,200,200
375648,0,30,1,2,0,1,10,5,0,0,0,18,0,1,7,200,3,200,200,200,200
375648,0,30,1,2,0,1,10,5,0,0,0,18,0,0,7,0,0,0,0,200,200
375651,0,25,2,2,0,1,0,5,0,0,0,17,23,1,200,200,1,200,200,200,200
375651,0,25,2,2,0,1,0,5,0,0,0,17,23,0,7,0,0,0,0,200,200
375652,0,30,0,0,2,1,0,5,0,1,0,11,0,0,200,200,200,200,200,200,200
375652,0,30,0,0,2,1,0,5,0,1,0,11,0,0,5,0,12,0,0,200,200
375654,0,30,1,2,0,1,12,5,0,0,0,21,16,0,5,0,4,0,0,200,200
375654,0,30,1,2,0,1,12,5,0,0,0,21,16,0,6,0,0,0,0,200,200
375655,0,30,1,2,0,1,10,5,0,0,0,2,16,0,6,0,3,0,0,200,1
375655,0,30,1,2,0,1,10,5,0,0,0,2,16,0,5,0,0,0,0,200,200
375665,0,30,2,2,2,1,14,12,0,1,0,34,0,0,5,0,8,0,0,200,200
375665,0,30,2,2,2,1,14,12,0,1,0,34,0,1,6,0,0,0,0,200,200
375665,1,30,2,2,2,1,14,12,0,1,0,34,0,0,6,0,200,200,200,200,200
375670,0,30,12,0,0,1,12,12,0,0,0,11,0,0,200,0,4,0,0,200,200
375670,0,30,12,0,0,1,12,12,0,0,0,11,0,0,200,0,12,0,0,200,200
375671,0,30,0,0,0,1,12,12,0,0,0,11,0,1,6,0,12,0,0,200,200
375671,0,30,0,0,0,1,12,12,0,0,0,11,0,0,7,0,12,0,0,200,200
375673,0,5,0,0,0,1,7,0,0,0,0,17,0,0,8,0,1,0,0,200,200
375674,0,15,0,0,200,200,7,7,0,200,12,11,11,1,4,0,200,200,200,200,200
375675,0,30,2,2,0,1,0,5,0,0,0,5,14,0,6,200,5,200,0,200,200
375675,0,30,2,2,0,1,0,5,0,0,0,5,14,1,6,0,0,200,0,200,200
375675,1,30,2,2,0,1,0,5,0,0,0,5,14,0,2,0,200,200,200,200,200
375675,1,30,2,2,0,1,0,5,0,0,0,5,14,1,2,0,200,200,200,200,200
375675,1,30,2,2,0,1,0,5,0,0,0,5,14,1,1,0,200,200,200,200,200
375681,0,30,0,0,0,1,12,6,0,0,0,22,22,0,200,200,1,200,200,200,200
375681,0,30,0,0,0,1,12,6,0,0,0,22,22,0,6,0,12,0,0,200,200
375682,0,35,0,0,0,1,12,5,0,0,200,17,200,0,6,0,1,200,0,200,200
375682,0,35,0,0,0,1,12,5,0,0,200,17,200,0,9,0,0,200,0,200,200
375691,0,30,0,0,0,1,14,2,0,0,0,21,200,0,5,200,4,0,0,200,200
375691,0,30,0,0,0,1,14,2,0,0,0,21,200,0,6,200,0,0,0,200,200
375691,1,30,0,0,0,1,14,2,0,0,0,21,200,0,6,200,200,200,200,200,200
375691,1,30,0,0,0,1,14,2,0,0,0,21,200,1,6,200,200,200,200,200,200
375697,0,25,0,0,0,1,12,6,0,0,0,0,0,0,5,200,12,200,200,200,200
375697,0,25,0,0,0,1,12,6,0,0,0,0,0,1,200,0,0,0,0,200,200
375697,1,25,0,0,0,1,12,6,0,0,0,0,0,1,200,0,200,200,200,200,200
375697,1,25,0,0,0,1,12,6,0,0,0,0,0,0,200,0,200,200,200,200,200
375697,1,25,0,0,0,1,12,6,0,0,0,0,0,0,200,0,200,200,200,200,200
375698,0,30,1,2,0,1,12,5,0,0,0,0,200,0,7,0,12,0,0,200,200
375698,0,30,1,2,0,1,12,5,0,0,0,0,200,0,6,0,0,0,0,200,200
375700,0,30,1,2,0,1,14,5,0,0,0,17,21,0,6,0,7,0,0,200,200
375700,0,30,1,2,0,1,14,5,0,0,0,17,21,0,0,0,12,0,0,200,200
375702,0,30,0,0,0,0,7,5,0,0,0,0,0,2,200,200,200,200,200,200,200
375715,0,30,0,0,0,3,10,3,0,0,0,0,0,0,5,0,3,0,0,200,200
375715,0,30,0,0,0,3,10,3,0,0,0,0,0,2,200,200,0,200,200,200,200
375716,0,15,0,0,0,1,7,5,0,0,0,22,11,1,9,0,2,1,0,200,200
375717,0,25,0,0,0,1,7,5,0,0,0,25,0,0,5,200,200,200,0,200,200
375718,0,30,1,2,0,1,10,5,0,0,0,18,0,0,7,200,200,0,0,200,200
375718,0,30,1,2,0,1,10,5,0,0,0,18,0,1,6,0,0,0,0,200,200
375718,1,30,1,2,0,1,10,5,0,0,0,18,0,1,7,0,200,200,200,200,200
375718,1,30,1,2,0,1,10,5,0,0,0,18,0,0,3,0,200,200,200,200,200
375718,1,30,1,2,0,1,10,5,0,0,0,18,0,0,1,5,200,200,200,200,200
375723,0,45,1,2,0,3,10,3,0,0,0,16,16,1,6,200,3,0,0,200,200
375723,0,45,1,2,0,3,10,3,0,0,0,16,16,0,6,0,0,0,0,200,200
375725,0,15,0,0,0,1,7,7,0,0,0,0,0,2,200,200,200,200,200,200,200
375732,0,15,0,0,0,1,7,7,0,0,0,0,0,2,200,200,200,200,200,200,200
375733,0,25,2,2,0,1,7,12,0,0,0,11,0,0,200,0,12,0,0,200,200
375734,0,30,0,0,0,1,12,5,0,0,0,0,0,1,7,0,200,0,0,200,200
375734,0,30,0,0,0,1,12,5,0,0,0,0,0,1,5,0,0,0,0,200,200
375734,1,30,0,0,0,1,12,5,0,0,0,0,0,0,4,0,200,200,200,200,200
375735,0,25,2,12,0,1,8,6,0,0,0,0,0,1,200,200,200,200,200,200,200
375735,4,25,2,12,0,1,8,6,0,0,0,0,0,0,7,2,12,0,0,200,200
375738,0,30,1,2,0,1,14,3,0,0,200,21,22,0,8,200,200,200,0,200,200
375738,0,30,1,2,0,1,14,3,0,0,200,21,22,0,6,200,200,200,0,200,200
375750,0,30,1,2,0,1,10,12,0,0,0,11,0,0,200,0,1,0,0,200,200
375750,0,30,1,2,0,1,10,12,0,0,0,11,0,0,200,0,0,0,0,200,200
375753,0,30,0,0,0,1,7,6,0,0,0,11,0,0,6,0,12,0,0,200,200
375775,0,30,0,0,0,1,14,3,0,0,0,17,200,0,5,200,1,5,0,200,200
375775,0,30,0,0,0,1,14,3,0,0,0,17,200,1,4,200,0,5,0,200,200
375775,1,30,0,0,0,1,14,3,0,0,0,17,200,1,6,200,200,200,200,200,200
375777,0,30,0,0,0,2,10,6,0,0,0,18,18,2,200,200,1,200,200,200,200
375777,0,30,0,0,0,2,10,6,0,0,0,18,18,0,5,0,0,0,0,200,200
375779,0,30,1,2,0,1,7,5,0,0,0,0,0,2,200,200,200,200,200,200,200
375780,0,10,0,0,0,1,7,7,0,0,0,0,200,0,200,200,12,200,200,200,200
375780,1,10,0,0,0,1,7,7,0,0,0,0,200,1,5,0,200,200,200,200,200
375784,0,30,2,2,0,1,10,5,0,0,0,18,200,0,6,0,1,0,0,200,200
375784,0,30,2,2,0,1,10,5,0,0,0,18,200,0,7,0,0,0,0,200,200
375791,0,30,1,2,0,1,10,5,0,0,0,18,200,2,200,200,3,200,200,200,200
375791,0,30,1,2,0,1,10,5,0,0,0,18,200,1,5,0,0,0,0,200,200
375793,0,30,1,2,0,1,14,5,0,0,0,17,14,1,200,200,12,0,0,200,200
375793,0,30,1,2,0,1,14,5,0,0,0,17,14,0,200,0,0,0,0,200,200
375802,0,30,0,0,0,1,11,5,0,0,0,17,0,1,5,0,1,0,0,200,200
375802,0,30,0,0,0,1,11,5,0,0,0,17,0,1,4,0,0,0,0,200,200
375812,0,30,1,2,0,1,3,3,0,0,0,16,200,0,7,0,8,0,0,200,200
375812,0,30,1,2,0,1,3,3,0,0,0,16,200,0,7,0,0,0,0,200,200
375823,0,30,1,2,0,1,3,5,0,0,0,20,20,0,5,0,6,0,0,200,200
375823,0,30,1,2,0,1,3,5,0,0,0,20,20,0,6,0,0,0,0,200,200
375823,1,30,1,2,0,1,3,5,0,0,0,20,20,1,200,0,200,200,200,200,200
375824,0,30,2,2,2,1,8,5,0,1,0,0,11,1,7,0,12,1,0,200,200
375824,4,30,2,2,2,1,8,5,0,1,0,0,11,0,200,2,0,12,0,200,200
375830,0,30,2,0,0,1,0,12,0,0,0,33,5,0,5,0,5,5,0,200,200
375830,0,30,2,0,0,1,0,12,0,0,0,33,5,0,7,0,0,0,0,200,200
375830,1,30,2,0,0,1,0,12,0,0,0,33,5,0,4,0,200,200,200,200,200
375831,0,0,0,0,0,1,7,6,0,0,0,11,14,1,200,200,200,200,200,200,200
375835,0,30,1,2,0,1,12,2,0,0,0,16,16,1,7,0,12,200,200,200,200
375835,0,30,1,2,0,1,12,2,0,0,0,16,16,1,7,0,0,0,0,200,200
375838,4,30,2,12,0,1,8,5,2,0,0,0,0,0,7,7,9,0,1,200,200
375838,0,30,2,12,0,1,8,5,2,0,0,0,0,1,7,0,12,0,0,200,200
375843,0,30,0,0,0,1,10,5,0,0,0,17,200,0,200,200,1,200,200,200,200
375843,0,30,0,0,0,1,10,5,0,0,0,17,200,1,6,0,0,0,0,200,200
375844,0,35,0,0,0,1,10,2,0,0,0,18,200,1,200,200,3,200,0,200,200
375844,0,35,0,0,0,1,10,2,0,0,0,18,200,1,8,0,0,0,0,200,200
375845,0,30,0,0,0,1,7,6,0,0,0,0,200,2,200,200,200,200,200,200,200
375848,0,30,0,0,0,1,12,2,0,0,0,17,21,0,7,200,12,0,0,200,200
375848,0,30,0,0,0,1,12,2,0,0,0,17,21,0,9,200,0,0,0,200,200
375852,0,30,12,12,0,1,12,2,0,0,0,22,17,0,6,0,200,200,0,200,200
375852,0,30,12,12,0,1,12,2,0,0,0,22,17,0,6,0,200,200,0,200,200
375854,0,30,1,2,0,1,10,3,0,0,0,0,200,0,200,200,1,200,200,200,200
375854,0,30,1,2,0,1,10,3,0,0,0,0,200,1,8,0,0,0,0,200,200
375856,0,30,0,0,0,1,7,5,0,0,0,33,200,0,5,200,0,12,0,200,200
375856,1,30,0,0,0,1,7,5,0,0,0,33,200,1,6,200,200,200,200,200,200
375857,0,30,0,0,0,1,7,6,0,0,0,20,11,0,7,200,6,200,200,200,200
375858,0,30,0,0,0,1,7,6,0,0,0,20,0,0,200,200,6,200,0,200,200
375861,0,30,0,0,0,1,10,2,0,0,0,0,200,1,6,0,200,200,200,200,200
375861,0,30,0,0,0,1,10,2,0,0,0,0,200,0,6,0,0,0,200,200,200
375864,0,35,0,0,0,3,7,6,0,0,0,0,200,2,200,200,200,200,200,200,200
375869,0,35,1,2,0,1,2,3,2,0,0,12,200,0,7,0,0,0,0,200,200
375872,0,0,0,0,0,1,12,6,0,0,0,17,0,1,7,200,1,0,0,200,200
375872,0,0,0,0,0,1,12,6,0,0,0,17,0,0,6,200,0,0,0,200,200
375878,0,30,0,0,0,1,7,6,0,0,0,0,0,0,6,0,0,0,0,200,200
375880,0,30,1,2,0,1,10,2,0,0,0,18,200,1,3,0,3,0,0,200,200
375880,0,30,1,2,0,1,10,2,0,0,0,18,200,0,9,0,0,0,0,200,200
375884,0,30,0,0,0,1,10,7,0,0,0,0,0,0,6,200,200,200,200,200,200
375884,0,30,0,0,0,1,10,7,0,0,0,0,0,1,6,200,200,200,200,200,200
375892,0,25,0,0,0,1,12,3,0,0,0,21,200,0,5,0,0,0,0,200,200
375892,0,25,0,0,0,1,12,3,0,0,0,21,200,1,5,0,0,0,0,200,200
375893,0,30,1,2,0,1,10,5,0,0,0,18,200,1,7,200,3,200,200,200,200
375893,0,30,1,2,0,1,10,5,0,0,0,18,200,1,7,0,0,0,0,200,200
375894,0,30,0,0,0,1,14,2,0,0,0,17,200,1,9,0,1,0,0,200,200
375894,0,30,0,0,0,1,14,2,0,0,0,17,200,1,5,0,0,0,0,200,200
375896,0,30,0,0,0,1,12,6,0,0,0,17,200,1,200,200,1,200,200,200,200
375896,0,30,0,0,0,1,12,6,0,0,0,17,200,0,6,0,0,0,0,200,200
375896,1,30,0,0,0,1,12,6,0,0,0,17,200,0,6,0,200,200,200,200,200
375899,0,25,0,0,0,1,14,5,0,0,0,22,200,0,9,200,200,200,0,200,200
375899,0,25,0,0,0,1,14,5,0,0,0,22,200,1,5,200,0,200,0,200,200
375904,0,30,1,2,0,1,14,5,0,0,0,17,17,1,4,200,1,200,200,200,200
375904,0,30,1,2,0,1,14,5,0,0,0,17,17,1,6,0,0,0,0,200,200
375925,0,30,1,5,0,1,10,5,0,0,0,18,200,0,6,200,3,200,200,200,200
375925,0,30,1,5,0,1,10,5,0,0,0,18,200,0,6,0,0,0,0,200,200
375926,0,30,1,2,0,1,12,3,0,0,0,23,0,2,200,200,4,200,200,200,200
375926,0,30,1,2,0,1,12,3,0,0,0,23,0,0,6,0,0,0,0,200,200
375929,0,15,0,0,0,1,2,7,0,0,0,20,20,1,6,0,6,0,0,200,200
375930,0,30,0,0,0,1,10,6,0,0,0,0,0,0,200,200,200,200,200,200,200
375930,0,30,0,0,0,1,10,6,0,0,0,0,0,0,6,0,0,0,0,200,200
375937,0,10,0,0,0,1,7,7,0,0,0,0,0,2,200,200,200,200,200,200,200
375940,0,30,0,0,0,1,10,5,0,0,0,18,18,0,5,200,3,200,0,200,200
375940,0,30,0,0,0,1,10,5,0,0,0,18,18,0,7,200,0,200,0,200,200
375942,0,30,1,2,0,1,0,5,0,0,0,6,0,0,6,200,5,0,0,200,200
375942,0,30,1,2,0,1,0,5,0,0,0,6,0,0,6,200,0,0,0,200,200
375942,1,30,1,2,0,1,0,5,0,0,0,6,0,1,7,200,200,200,200,200,200
375942,1,30,1,2,0,1,0,5,0,0,0,6,0,1,6,200,200,200,200,200,200
375942,1,30,1,2,0,1,0,5,0,0,0,6,0,1,6,200,200,200,200,200,200
375942,1,30,1,2,0,1,0,5,0,0,0,6,0,1,6,200,200,200,200,200,200
375944,0,30,1,2,0,1,0,12,0,0,0,20,200,0,6,0,0,0,0,200,200
375944,0,30,1,2,0,1,0,12,0,0,0,20,200,0,5,0,0,0,0,200,200
375944,1,30,1,2,0,1,0,12,0,0,0,20,200,1,200,0,200,200,200,200,200
375951,0,30,0,0,0,1,11,5,0,200,200,22,22,2,200,200,2,200,200,200,200
375951,0,30,0,0,0,1,11,5,0,200,200,22,22,1,6,0,2,200,200,200,200
375952,0,30,0,0,0,1,8,5,0,0,0,13,0,0,7,200,12,0,0,200,200
375952,4,30,0,0,0,1,8,5,0,0,0,13,0,0,3,2,8,0,0,200,200
375953,0,30,1,2,0,1,12,6,0,0,12,17,0,0,5,0,1,0,0,200,200
375953,0,30,1,2,0,1,12,6,0,0,12,17,0,0,8,0,0,0,0,200,200
375954,0,30,0,0,0,1,0,7,0,0,0,20,17,0,5,7,6,0,0,200,200
375954,0,30,0,0,0,1,0,7,0,0,0,20,17,1,4,0,0,0,0,200,200
375957,0,30,0,0,0,1,14,5,0,0,0,22,23,1,200,200,7,200,200,200,200
375957,0,30,0,0,0,1,14,5,0,0,0,22,23,0,7,0,0,0,0,200,200
375957,1,30,0,0,0,1,14,5,0,0,0,22,23,1,6,0,200,200,200,200,200
375962,0,30,1,2,0,1,14,5,0,0,0,0,200,0,6,0,200,0,0,200,200
375962,0,30,1,2,0,1,14,5,0,0,0,0,200,0,7,0,0,0,0,200,200
375964,0,30,0,0,0,1,12,5,0,0,0,0,0,0,200,200,12,200,200,200,200
375964,0,30,0,0,0,1,12,5,0,0,0,0,0,1,6,0,0,0,0,200,200
375965,0,30,200,200,0,1,12,5,0,0,0,200,200,0,5,0,1,200,0,200,200
375965,0,30,200,200,0,1,12,5,0,0,0,200,200,1,6,0,0,200,0,200,200
375968,0,25,0,0,0,1,10,5,0,0,200,0,0,0,200,200,12,200,200,200,200
375968,0,25,0,0,0,1,10,5,0,0,200,0,0,0,6,0,0,0,0,200,200
375969,0,30,0,0,0,1,12,5,0,0,0,0,22,0,7,200,12,0,200,200,200
375969,0,30,0,0,0,1,12,5,0,0,0,0,22,0,7,200,200,0,0,200,200
375974,0,30,1,2,0,1,10,2,0,0,0,18,11,1,5,200,3,200,0,200,200
375974,0,30,1,2,0,1,10,2,0,0,0,18,11,1,5,200,200,0,0,200,200
375974,1,30,1,2,0,1,10,2,0,0,0,18,11,0,5,200,200,200,200,200,200
375974,1,30,1,2,0,1,10,2,0,0,0,18,11,1,3,200,200,200,200,200,200
375980,0,30,0,0,0,1,12,2,0,0,0,17,0,1,8,0,0,0,0,200,200
375980,0,30,0,0,0,1,12,2,0,0,0,17,0,1,6,0,1,0,0,200,200
375981,0,25,0,0,0,1,7,6,0,0,0,0,11,1,200,200,12,200,200,200,200
375982,0,30,0,0,0,1,7,2,0,0,0,0,0,2,200,200,200,200,200,200,200
375983,0,30,1,2,0,1,10,5,0,0,0,16,18,0,6,0,0,0,0,200,200
375983,0,30,1,2,0,1,10,5,0,0,0,16,18,1,6,0,0,0,0,200,200
375988,0,30,1,2,0,1,14,2,0,0,0,21,200,0,200,200,12,200,200,200,200
375988,0,30,1,2,0,1,14,2,0,0,0,21,200,1,6,0,1,0,0,200,200
375988,1,30,1,2,0,1,14,2,0,0,0,21,200,0,200,0,200,200,200,200,200
375990,0,25,0,3,0,0,7,6,0,0,0,0,0,2,200,200,200,200,200,200,200
375991,0,30,3,2,0,1,12,5,0,0,0,22,22,0,6,7,2,0,0,200,200
375991,0,30,3,2,0,1,12,5,0,0,0,22,22,0,6,0,0,0,0,200,200
375991,1,30,3,2,0,1,12,5,0,0,0,22,22,0,6,7,200,200,200,200,200
375991,1,30,3,2,0,1,12,5,0,0,0,22,22,0,6,7,200,200,200,200,200
375991,1,30,3,2,0,1,12,5,0,0,0,22,22,0,5,0,200,200,200,200,200
375993,0,30,0,0,0,1,12,3,0,0,0,0,200,0,5,200,4,200,0,200,200
375993,0,30,0,0,0,1,12,3,0,0,0,0,200,0,7,200,0,0,0,200,200
375997,0,30,0,0,0,1,7,7,0,0,0,0,200,1,7,200,12,200,12,200,200
376002,0,30,0,0,0,1,14,6,0,0,0,20,200,0,7,200,6,200,200,200,200
376002,0,30,0,0,0,1,14,6,0,0,0,20,200,0,6,0,0,0,0,200,200
376005,0,30,0,0,0,1,7,5,0,0,0,0,200,2,200,200,200,200,200,200,200
376006,0,30,200,200,0,1,10,5,0,200,200,0,0,0,7,200,200,0,200,200,200
376006,0,30,200,200,0,1,10,5,0,200,200,0,0,0,7,0,0,0,0,200,200
376011,0,30,0,0,0,1,7,5,0,0,0,0,200,2,200,200,200,200,200,200,200
376013,0,30,1,2,0,1,14,5,0,0,0,17,200,1,6,0,1,0,0,200,200
376013,0,30,1,2,0,1,14,5,0,0,0,17,200,0,6,0,0,0,0,200,200
376013,1,30,1,2,0,1,14,5,0,0,0,17,200,1,200,200,200,200,200,200,200
376014,0,30,0,0,0,1,10,5,0,0,0,18,7,0,5,0,3,0,0,200,200
376014,0,30,0,0,0,1,10,5,0,0,0,18,7,0,200,200,0,200,200,200,200
376018,0,30,1,2,0,1,10,5,0,0,0,0,0,1,200,200,200,200,200,200,200
376018,0,30,1,2,0,1,10,5,0,0,0,0,0,0,7,0,0,0,0,200,200
376020,0,30,0,0,0,1,10,2,0,0,0,16,18,0,6,200,3,0,0,200,200
376020,0,30,0,0,0,1,10,2,0,0,0,16,18,1,6,200,0,0,0,200,200
376020,1,30,0,0,0,1,10,2,0,0,0,16,18,0,200,0,200,200,200,200,200
376020,1,30,0,0,0,1,10,2,0,0,0,16,18,0,200,0,200,200,200,200,200
376020,1,30,0,0,0,1,10,2,0,0,0,16,18,1,200,0,200,200,200,200,200
376023,0,30,1,2,0,1,10,2,0,0,0,18,0,1,5,0,3,0,0,200,200
376023,0,30,1,2,0,1,10,2,0,0,0,18,0,1,5,0,1,0,0,200,200
376023,0,30,1,2,0,1,10,2,0,0,0,18,0,1,7,0,0,0,0,200,200
376024,0,30,1,2,0,1,12,5,0,0,0,0,0,1,6,0,200,0,0,200,200
376024,0,30,1,2,0,1,12,5,0,0,0,0,0,0,6,0,0,0,0,200,200
376024,1,30,1,2,0,1,12,5,0,0,0,0,0,1,0,5,200,200,200,200,200
376024,1,30,1,2,0,1,12,5,0,0,0,0,0,1,5,1,200,200,200,200,200
376025,0,30,0,0,0,1,10,3,0,0,0,16,18,1,5,0,3,0,0,200,200
376025,0,30,0,0,0,1,10,3,0,0,0,16,18,1,9,0,0,0,0,200,200
376025,0,30,0,0,0,1,10,3,0,0,0,16,18,1,6,0,0,0,0,200,200
376026,0,30,0,0,0,1,0,5,0,0,0,0,0,0,6,0,12,0,0,200,200
376026,0,30,0,0,0,1,0,5,0,0,0,0,0,1,5,0,0,0,0,200,200
376026,1,30,0,0,0,1,0,5,0,0,0,0,0,0,6,0,200,200,200,200,200
376027,0,25,1,2,0,1,12,5,0,0,0,22,0,1,200,200,4,200,200,200,200
376027,0,25,1,2,0,1,12,5,0,0,0,22,0,0,6,200,0,200,0,200,200
376029,0,25,0,0,0,1,12,5,0,0,0,17,200,0,6,200,1,200,200,200,200
376029,0,25,0,0,0,1,12,5,0,0,0,17,200,0,6,0,0,0,0,200,200
376035,0,30,0,0,0,1,0,7,0,0,0,20,200,0,200,200,6,200,200,200,200
376035,5,30,0,0,0,1,0,7,0,0,0,20,200,0,7,200,0,0,7,200,200
376035,0,30,0,0,0,1,0,7,0,0,0,20,200,1,9,200,0,0,0,200,200
376038,0,5,0,0,0,1,7,7,0,0,0,0,0,0,7,200,200,200,200,200,200
376043,0,30,2,2,0,1,0,5,0,0,0,11,200,0,200,200,1,200,200,200,200
376043,0,30,2,2,0,1,0,5,0,0,0,11,200,1,200,0,0,0,0,200,200
376048,0,10,0,0,0,1,9,7,0,0,0,17,15,1,4,200,1,0,200,200,200
376048,5,10,0,0,0,1,9,7,0,0,0,17,15,0,6,7,0,0,0,200,200