RD_NO,PERSON_TYPE,POSTED_SPEED_LIMIT,TRAFFIC_CONTROL_DEVICE,DEVICE_CONDITION,WEATHER_CONDITION,LIGHTING_CONDITION,FIRST_CRASH_TYPE,TRAFFICWAY_TYPE,ALIGNMENT,ROADWAY_SURFACE_COND,ROAD_DEFECT,PRIM_CONTRIBUTORY_CAUSE,SEC_CONTRIBUTORY_CAUSE,SEX,AGE,SAFETY_EQUIPMENT,DRIVER_ACTION,DRIVER_VISION,PHYSICAL_CONDITION,BAC_RESULT VALUE,CELL_PHONE_USE
376048,1,10,0,0,0,1,9,7,0,0,0,17,15,1,5,200,200,200,200,200,200
376051,0,30,12,12,0,1,7,6,0,0,0,20,20,1,5,0,6,0,0,200,200
376051,1,30,12,12,0,1,7,6,0,0,0,20,20,0,2,0,200,200,200,200,200
376051,1,30,12,12,0,1,7,6,0,0,0,20,20,0,1,0,200,200,200,200,200
376051,1,30,12,12,0,1,7,6,0,0,0,20,20,1,2,0,200,200,200,200,200
376051,1,30,12,12,0,1,7,6,0,0,0,20,20,0,200,0,200,200,200,200,200
376051,1,30,12,12,0,1,7,6,0,0,0,20,20,0,200,0,200,200,200,200,200
376052,0,30,2,0,0,1,0,5,0,0,0,0,200,0,7,7,0,12,200,200,200
376052,0,30,2,0,0,1,0,5,0,0,0,0,200,1,6,200,200,200,200,200,200
376056,0,30,1,2,0,1,10,5,0,0,0,18,200,0,6,0,0,0,0,200,200
376056,0,30,1,2,0,1,10,5,0,0,0,18,200,1,6,0,0,0,0,200,200
376056,1,30,1,2,0,1,10,5,0,0,0,18,200,1,1,5,200,200,200,200,200
376058,0,30,0,0,0,1,7,2,0,0,0,17,200,0,7,0,0,0,0,200,200
376058,1,30,0,0,0,1,7,2,0,0,0,17,200,1,200,0,200,200,200,200,200
376059,0,10,0,0,0,1,7,0,0,200,200,22,22,1,6,0,2,200,0,200,200
376065,0,30,200,200,0,3,12,5,0,0,200,200,200,0,200,200,200,200,200,200,200
376065,0,30,200,200,0,3,12,5,0,0,200,200,200,1,6,0,0,0,0,200,200
376069,0,30,0,0,0,1,10,4,0,0,200,20,200,0,7,200,6,200,200,200,200
376069,0,30,0,0,0,1,10,4,0,0,200,20,200,0,8,200,0,200,200,200,200
376069,1,30,0,0,0,1,10,4,0,0,200,20,200,0,8,200,200,200,200,200,200
376071,0,0,0,0,0,1,7,7,0,0,0,0,0,0,6,0,12,0,0,200,200
376071,1,0,0,0,0,1,7,7,0,0,0,0,0,0,200,200,200,200,200,200,200
376078,0,30,0,200,0,1,7,7,0,0,0,0,200,0,6,200,12,200,200,200,200
376080,0,30,0,0,0,1,10,5,0,0,0,16,200,1,5,200,1,0,0,200,200
376080,0,30,0,0,0,1,10,5,0,0,0,16,200,1,6,200,0,0,0,200,200
376082,0,10,0,0,0,1,10,7,0,0,200,0,0,0,5,200,1,200,200,200,200
376082,0,10,0,0,0,1,10,7,0,0,200,0,0,0,6,200,1,200,200,200,200
376086,0,30,200,200,0,1,14,200,0,200,200,17,200,1,200,200,1,200,0,200,200
376086,0,30,200,200,0,1,14,200,0,200,200,17,200,1,0,200,0,200,0,200,200
376091,0,30,0,0,0,1,14,6,0,0,0,17,200,1,6,0,1,0,0,200,200
376091,0,30,0,0,0,1,14,6,0,0,0,17,200,1,5,0,0,0,0,200,200
376099,0,30,200,200,200,200,10,5,0,200,200,0,0,0,9,200,200,200,200,200,200
376099,0,30,200,200,200,200,10,5,0,200,200,0,0,1,5,0,0,0,0,200,200
376099,1,30,200,200,200,200,10,5,0,200,200,0,0,1,7,0,200,200,200,200,200
376104,0,0,0,0,200,200,7,7,0,200,200,0,200,1,200,200,200,200,200,200,200
376105,0,30,0,0,0,1,14,2,0,0,0,20,200,0,6,0,6,0,0,200,200
376105,0,30,0,0,0,1,14,2,0,0,0,20,200,1,5,0,0,0,0,200,200
376109,0,30,200,200,0,1,10,3,0,0,0,18,200,0,7,0,3,0,0,200,200
376109,0,30,200,200,0,1,10,3,0,0,0,18,200,1,6,0,0,0,0,200,200
376110,0,30,0,0,0,1,7,5,0,0,0,0,200,0,6,0,12,200,200,200,200
376110,1,30,0,0,0,1,7,5,0,0,0,0,200,2,200,200,200,200,200,200,200
376114,0,25,0,0,0,1,12,3,0,0,0,18,200,0,200,200,3,200,200,200,200
376114,0,25,0,0,0,1,12,3,0,0,0,18,200,0,6,0,0,0,0,200,200
376116,0,30,0,0,0,1,0,7,0,0,0,17,200,1,6,0,1,5,0,200,200
376116,0,30,0,0,0,1,0,7,0,0,0,17,200,0,200,200,0,200,200,200,200
376122,0,30,200,200,0,1,10,5,0,0,200,18,200,0,5,200,3,200,0,200,200
376122,0,30,200,200,0,1,10,5,0,0,200,18,200,1,6,200,0,200,200,200,200
376123,0,30,0,0,0,1,7,6,0,0,200,0,0,2,200,200,200,200,200,200,200
376125,0,30,0,0,0,1,7,5,0,0,0,0,0,1,5,0,0,0,0,200,200
376131,0,30,1,2,0,1,12,5,0,0,0,22,200,0,6,200,1,200,200,200,200
376131,0,30,1,2,0,1,12,5,0,0,0,22,200,1,5,0,0,0,0,200,200
376131,1,30,1,2,0,1,12,5,0,0,0,22,200,0,6,0,200,200,200,200,200
376134,0,30,0,0,0,1,14,2,0,0,0,17,200,0,200,200,1,0,200,200,200
376134,0,30,0,0,0,1,14,2,0,0,0,17,200,1,7,0,0,0,0,200,200
376135,0,35,1,200,0,1,10,2,0,0,0,200,200,0,5,200,200,200,0,200,200
376135,0,35,1,200,0,1,10,2,0,0,0,200,200,1,4,200,200,200,0,200,200
376136,0,30,200,200,0,3,0,5,0,0,0,17,200,2,200,200,1,200,200,200,200
376136,0,30,200,200,0,3,0,5,0,0,0,17,200,1,4,0,0,0,0,200,200
376137,0,30,2,2,0,1,10,2,0,0,0,16,0,0,7,0,12,0,0,200,200
376137,0,30,2,2,0,1,10,2,0,0,0,16,0,1,6,0,0,0,0,200,200
376143,0,30,0,0,0,1,7,7,0,0,0,0,0,1,6,0,6,0,0,200,200
376145,0,30,1,2,0,1,12,6,0,0,0,21,200,0,6,0,4,0,0,200,200
376145,0,30,1,2,0,1,12,6,0,0,0,21,200,0,6,0,0,0,0,200,200
376146,0,30,0,0,0,1,7,7,0,0,0,0,200,2,200,200,200,200,200,200,200
376150,0,30,1,200,0,1,14,5,0,0,200,23,200,0,6,200,7,200,200,200,200
376150,0,30,1,200,0,1,14,5,0,0,200,23,200,1,8,200,0,200,0,200,200
376155,0,30,0,0,0,1,11,5,0,200,200,25,0,1,9,200,7,200,200,200,200
376155,0,30,0,0,0,1,11,5,0,200,200,25,0,0,8,0,12,200,0,200,200
376156,0,30,2,2,0,1,0,5,2,0,0,17,17,0,6,0,1,0,0,200,200
376156,0,30,2,2,0,1,0,5,2,0,0,17,17,0,5,0,0,0,0,200,200
376156,1,30,2,2,0,1,0,5,2,0,0,17,17,0,2,0,200,200,200,200,200
376156,1,30,2,2,0,1,0,5,2,0,0,17,17,0,0,0,200,200,200,200,200
376156,1,30,2,2,0,1,0,5,2,0,0,17,17,0,3,0,200,200,200,200,200
376158,0,30,0,0,0,1,0,7,0,0,0,0,200,1,7,0,12,0,0,200,200
376158,0,30,0,0,0,1,0,7,0,0,0,0,200,0,6,0,12,0,0,200,200
376159,0,30,0,0,0,1,9,5,0,0,200,0,200,1,5,0,200,12,0,200,200
376159,5,30,0,0,0,1,9,5,0,0,200,0,200,1,6,200,200,12,0,200,200
376161,0,30,0,0,0,1,10,7,0,0,0,20,0,0,200,200,6,200,200,200,200
376161,0,30,0,0,0,1,10,7,0,0,0,20,0,1,6,0,6,0,0,200,200
376165,0,30,0,0,0,1,12,5,0,200,200,0,0,0,6,0,200,0,0,200,200
376165,0,30,0,0,0,1,12,5,0,200,200,0,0,0,9,0,0,0,0,200,200
376165,1,30,0,0,0,1,12,5,0,200,200,0,0,1,6,0,200,200,200,200,200
376165,1,30,0,0,0,1,12,5,0,200,200,0,0,0,2,0,200,200,200,200,200
376165,1,30,0,0,0,1,12,5,0,200,200,0,0,1,2,0,200,200,200,200,200
376167,0,30,0,0,0,1,10,5,0,200,200,8,18,0,6,200,12,200,200,200,200
376167,0,30,0,0,0,1,10,5,0,200,200,8,18,0,6,0,200,200,0,200,200
376177,0,30,0,0,0,1,7,5,0,0,0,25,200,1,6,0,0,0,0,200,200
376177,1,30,0,0,0,1,7,5,0,0,0,25,200,0,6,7,200,200,200,200,200
376178,0,30,200,200,0,1,7,5,0,0,0,200,200,2,200,200,200,200,200,200,200
376182,0,30,0,0,0,1,12,3,0,0,0,18,200,0,200,200,3,200,200,200,200
376182,0,30,0,0,0,1,12,3,0,0,0,18,200,1,7,0,0,0,0,200,200
376182,1,30,0,0,0,1,12,3,0,0,0,18,200,0,5,0,200,200,200,200,200
376182,1,30,0,0,0,1,12,3,0,0,0,18,200,0,3,0,200,200,200,200,200
376186,0,25,1,2,0,1,11,5,0,0,200,4,11,1,5,200,9,200,200,200,200
376186,0,25,1,2,0,1,11,5,0,0,200,4,11,0,7,0,0,0,200,200,200
376187,0,30,1,200,0,1,11,2,0,0,0,0,200,2,200,200,200,200,200,200,200
376187,0,30,1,200,0,1,11,2,0,0,0,0,200,0,200,200,200,200,200,200,200
376187,1,30,1,200,0,1,11,2,0,0,0,0,200,1,4,200,200,200,200,200,200
376191,0,30,1,2,0,1,10,5,0,0,0,18,200,0,6,0,3,0,0,200,200
376191,0,30,1,2,0,1,10,5,0,0,0,18,200,0,5,0,0,0,0,200,200
376191,1,30,1,2,0,1,10,5,0,0,0,18,200,1,5,0,200,200,200,200,200
376192,0,25,1,2,0,1,9,5,0,0,0,0,0,1,200,200,1,200,200,200,200
376192,5,25,1,2,0,1,9,5,0,0,0,0,0,1,7,7,0,200,200,200,200
376193,0,30,0,0,0,1,7,5,0,0,0,200,200,1,6,0,200,0,0,200,200
376195,0,30,1,2,0,1,14,5,0,0,0,25,15,0,5,200,12,200,0,200,200
376195,0,30,1,2,0,1,14,5,0,0,0,25,15,1,8,0,0,0,0,200,200
376197,0,30,1,2,0,1,10,2,0,0,0,18,200,0,5,0,3,0,0,200,200
376197,0,30,1,2,0,1,10,2,0,0,0,18,200,0,6,0,0,0,0,200,200
376198,0,30,0,0,0,1,7,5,0,0,0,0,200,2,200,200,200,200,200,200,200
376201,0,30,1,2,0,1,14,5,0,0,0,17,0,0,5,0,1,0,0,200,200
376201,0,30,1,2,0,1,14,5,0,0,0,17,0,1,5,0,0,0,0,200,200
376205,0,30,1,2,0,1,10,5,0,0,0,0,200,0,5,200,200,200,200,200,200
376205,0,30,1,2,0,1,10,5,0,0,0,0,200,0,5,0,0,0,0,200,200
376209,0,30,1,2,0,1,0,12,0,0,0,6,0,1,6,0,5,0,0,200,200
376209,0,30,1,2,0,1,0,12,0,0,0,6,0,0,6,0,0,0,0,200,200
376210,0,30,1,2,0,1,10,2,1,0,0,16,200,1,6,0,8,0,0,200,200
376210,0,30,1,2,0,1,10,2,1,0,0,16,200,1,6,0,0,0,0,200,200
376210,0,30,1,2,0,1,10,2,1,0,0,16,200,0,6,0,0,0,0,200,200
376210,1,30,1,2,0,1,10,2,1,0,0,16,200,1,1,4,200,200,200,200,200
376211,0,30,0,0,0,1,3,2,0,0,0,21,17,1,6,0,4,0,0,200,200
376211,0,30,0,0,0,1,3,2,0,0,0,21,17,1,7,0,4,0,0,200,200
376211,1,30,0,0,0,1,3,2,0,0,0,21,17,1,3,0,200,200,200,200,200
376217,0,30,1,0,0,1,0,3,0,0,0,17,0,2,200,200,1,200,200,200,200
376217,0,30,1,0,0,1,0,3,0,0,0,17,0,0,5,0,0,0,0,200,200
376222,0,30,1,2,0,1,2,2,0,0,0,23,11,0,5,0,7,0,0,200,200
376223,0,30,1,2,0,1,10,2,0,0,0,0,200,1,200,200,12,200,200,200,200
376223,0,30,1,2,0,1,10,2,0,0,0,0,200,0,5,0,0,0,0,200,200
376224,0,30,0,0,0,1,10,5,0,0,0,18,200,0,5,0,3,0,0,200,200
376224,0,30,0,0,0,1,10,5,0,0,0,18,200,1,6,0,0,0,0,200,200
376228,0,30,0,0,0,1,10,3,0,0,0,18,200,1,5,0,0,0,0,200,200
376228,0,30,0,0,0,1,10,3,0,0,0,18,200,1,8,0,0,0,0,200,200
376230,0,30,0,0,0,1,7,6,0,0,0,0,0,2,200,200,8,200,200,200,200
376233,0,25,2,2,0,1,0,5,0,0,0,17,200,0,6,0,0,0,0,200,200
376233,0,25,2,2,0,1,0,5,0,0,0,17,200,0,8,0,0,0,0,200,200
376234,0,30,0,0,0,2,10,2,0,0,0,18,11,1,200,0,3,0,200,200,200
376234,0,30,0,0,0,2,10,2,0,0,0,18,11,1,7,0,0,0,0,200,200
376236,0,30,0,0,0,1,12,5,0,0,0,22,200,0,7,200,4,200,200,200,200
376236,0,30,0,0,0,1,12,5,0,0,0,22,200,0,7,0,0,0,0,200,200
376238,0,30,1,2,200,1,12,5,0,200,0,0,0,2,200,200,200,200,200,200,200
376238,0,30,1,2,200,1,12,5,0,200,0,0,0,0,7,200,0,200,0,200,200
376245,0,30,2,2,0,1,0,5,0,0,0,0,0,1,6,200,1,0,0,200,200
376245,0,30,2,2,0,1,0,5,0,0,0,0,0,1,4,0,0,0,0,200,200
376252,0,30,1,2,0,1,10,5,0,0,0,0,0,0,7,200,200,200,200,200,200
376252,0,30,1,2,0,1,10,5,0,0,0,0,0,1,7,0,200,200,200,200,200
376254,0,25,0,0,0,1,12,5,0,0,0,33,200,1,5,0,0,12,0,200,200
376254,0,25,0,0,0,1,12,5,0,0,0,33,200,1,5,0,0,0,0,200,200
376255,0,30,0,0,0,1,10,5,0,0,0,0,200,0,7,0,3,0,0,200,200
376255,0,30,0,0,0,1,10,5,0,0,0,0,200,0,5,0,0,0,0,200,200
376259,0,15,0,0,0,1,2,7,0,0,200,0,200,0,200,200,200,200,200,200,200
376260,0,30,0,0,0,1,10,5,0,0,0,18,200,0,4,200,0,200,200,200,200
376260,0,30,0,0,0,1,10,5,0,0,0,18,200,1,6,0,0,0,0,200,200
376265,0,30,2,2,0,1,0,2,0,0,0,0,200,1,7,0,12,0,0,200,200
376265,0,30,2,2,0,1,0,2,0,0,0,0,200,1,7,0,0,0,0,200,200
376272,0,30,2,12,0,1,10,2,0,0,0,18,0,0,200,200,1,200,200,200,200
376272,0,30,2,12,0,1,10,2,0,0,0,18,0,1,7,0,0,0,0,200,200
376273,0,35,200,200,0,1,10,5,0,0,0,0,0,0,9,200,200,0,0,200,200
376273,0,35,200,200,0,1,10,5,0,0,0,0,0,0,6,200,200,0,0,200,200
376276,0,35,2,0,0,1,7,5,0,0,0,13,0,0,6,0,12,0,0,200,200
376279,0,30,0,0,0,1,7,6,0,0,0,0,0,2,200,200,12,200,200,200,200
376279,1,30,0,0,0,1,7,6,0,0,0,0,0,1,200,200,200,200,200,200,200
376283,0,0,1,200,0,1,10,5,0,0,0,0,200,1,7,0,0,0,0,200,200
376283,0,0,1,200,0,1,10,5,0,0,0,0,200,1,6,0,0,0,0,200,200
376288,0,30,0,0,0,1,3,7,0,0,0,0,200,1,5,200,6,0,0,200,200
376288,0,30,0,0,0,1,3,7,0,0,0,0,200,0,5,0,0,0,0,200,200
376288,1,30,0,0,0,1,3,7,0,0,0,0,200,1,5,0,200,200,200,200,200
376288,1,30,0,0,0,1,3,7,0,0,0,0,200,0,0,5,200,200,200,200,200
376288,1,30,0,0,0,1,3,7,0,0,0,0,200,0,2,0,200,200,200,200,200
376288,1,30,0,0,0,1,3,7,0,0,0,0,200,2,200,200,200,200,200,200,200
376288,1,30,0,0,0,1,3,7,0,0,0,0,200,2,200,200,200,200,200,200,200
376292,0,30,200,200,0,1,12,5,0,0,200,0,0,0,5,0,200,200,200,200,200
376292,0,30,200,200,0,1,12,5,0,0,200,0,0,0,6,0,200,200,200,200,200
376297,4,0,1,2,0,1,8,5,0,0,0,0,200,0,2,200,200,200,0,200,200
376297,0,0,1,2,0,1,8,5,0,0,0,0,200,1,6,200,200,200,0,200,200
376301,0,30,2,2,0,1,0,5,0,0,0,17,0,1,5,0,1,0,0,200,200
376301,0,30,2,2,0,1,0,5,0,0,0,17,0,1,6,0,0,0,0,200,200
376306,0,30,1,2,0,1,12,5,0,0,0,22,200,1,6,200,4,200,200,200,200
376306,0,30,1,2,0,1,12,5,0,0,0,22,200,0,7,0,0,0,0,200,200
376308,0,30,0,0,0,1,7,6,0,0,0,0,0,2,200,200,200,200,200,200,200
376311,0,30,0,0,0,1,8,5,0,0,0,0,0,1,7,200,12,0,0,200,200
376311,4,30,0,0,0,1,8,5,0,0,0,0,0,0,200,200,200,0,0,200,200
376311,1,30,0,0,0,1,8,5,0,0,0,0,0,0,200,200,200,200,200,200,200
376311,1,30,0,0,0,1,8,5,0,0,0,0,0,0,6,200,200,200,200,200,200
376320,0,10,0,0,0,3,7,7,0,0,0,18,11,0,200,200,3,200,200,200,200
376323,0,30,0,0,0,1,14,12,0,0,200,25,200,0,5,200,13,0,200,200,200
376323,0,30,0,0,0,1,14,12,0,0,200,25,200,0,200,200,0,0,0,200,200
376323,1,30,0,0,0,1,14,12,0,0,200,25,200,0,5,200,200,200,200,200,200
376323,1,30,0,0,0,1,14,12,0,0,200,25,200,0,200,7,200,200,200,200,200
376323,1,30,0,0,0,1,14,12,0,0,200,25,200,1,5,200,200,200,200,200,200
376326,0,30,0,0,0,1,2,7,0,0,0,0,0,0,6,0,12,0,0,200,200
376327,0,30,2,0,0,1,0,3,0,0,0,17,0,0,6,200,1,0,0,200,200
376327,0,30,2,0,0,1,0,3,0,0,0,17,0,0,6,200,0,0,0,200,200
376327,0,30,2,0,0,1,0,3,0,0,0,17,0,1,6,200,0,0,0,200,200
376327,1,30,2,0,0,1,0,3,0,0,0,17,0,0,7,7,200,200,200,200,200
376330,0,30,1,2,0,1,10,5,0,0,0,18,200,1,4,0,3,0,0,200,200
376330,0,30,1,2,0,1,10,5,0,0,0,18,200,0,6,0,0,0,0,200,200
376333,0,35,1,2,0,1,14,5,0,0,0,17,0,1,5,0,1,0,0,200,200
376333,0,35,1,2,0,1,14,5,0,0,0,17,0,0,7,0,0,0,0,200,200
376333,1,35,1,2,0,1,14,5,0,0,0,17,0,1,5,0,200,200,200,200,200
376333,1,35,1,2,0,1,14,5,0,0,0,17,0,1,5,0,200,200,200,200,200
376333,1,35,1,2,0,1,14,5,0,0,0,17,0,0,4,0,200,200,200,200,200
376333,1,35,1,2,0,1,14,5,0,0,0,17,0,0,3,0,200,200,200,200,200
376334,0,30,0,0,0,1,10,5,0,0,0,0,0,1,7,0,200,0,0,200,200
376334,0,30,0,0,0,1,10,5,0,0,0,0,0,0,6,0,0,0,0,200,200
376334,1,30,0,0,0,1,10,5,0,0,0,0,0,1,200,0,200,200,200,200,200
376334,1,30,0,0,0,1,10,5,0,0,0,0,0,0,200,0,200,200,200,200,200
376336,0,30,1,2,0,1,10,2,0,0,0,18,200,0,6,7,0,0,0,200,200
376336,0,30,1,2,0,1,10,2,0,0,0,18,200,1,6,7,3,0,0,200,200
376342,0,15,0,0,200,1,7,7,0,200,200,0,0,0,200,200,6,200,200,200,200
376342,1,15,0,0,200,1,7,7,0,200,200,0,0,0,200,200,200,200,200,200,200
376347,0,30,2,2,0,1,0,5,0,0,0,5,200,1,200,200,1,200,200,200,200
376347,0,30,2,2,0,1,0,5,0,0,0,5,200,0,6,0,0,0,0,200,200
376348,0,30,0,0,0,1,0,5,0,0,0,0,0,1,6,0,0,0,0,200,200
376348,0,30,0,0,0,1,0,5,0,0,0,0,0,0,6,0,0,0,0,200,200
376348,1,30,0,0,0,1,0,5,0,0,0,0,0,1,200,0,200,200,200,200,200
376354,0,20,0,0,0,1,7,5,0,0,0,0,0,2,200,200,200,200,200,200,200
376357,0,30,0,0,0,1,12,5,0,0,0,0,0,1,4,0,0,0,0,200,200
376357,0,30,0,0,0,1,12,5,0,0,0,0,0,0,7,0,0,0,0,200,200
376361,0,30,0,0,0,1,7,5,0,0,0,0,0,2,200,200,200,200,200,200,200
376367,0,25,2,2,0,1,10,5,0,0,0,18,7,1,5,200,3,200,200,200,200
376367,0,25,2,2,0,1,10,5,0,0,0,18,7,1,6,200,0,200,200,200,200
376371,0,30,1,2,0,1,0,5,0,0,0,25,0,0,200,200,1,200,200,200,200
376371,0,30,1,2,0,1,0,5,0,0,0,25,0,1,5,0,0,0,0,200,200
376371,1,30,1,2,0,1,0,5,0,0,0,25,0,1,200,0,200,200,200,200,200
376376,0,30,0,0,0,1,7,2,0,0,0,0,0,2,200,200,200,200,200,200,200
376382,0,30,0,0,0,1,14,5,0,0,0,11,11,0,6,0,7,0,0,200,200
376382,0,30,0,0,0,1,14,5,0,0,0,11,11,0,6,0,0,0,0,200,200
376388,0,20,2,12,0,1,10,2,0,0,0,18,18,0,5,0,3,12,200,200,200
376388,0,20,2,12,0,1,10,2,0,0,0,18,18,1,6,0,0,0,0,200,200
376390,0,30,0,0,0,1,0,6,0,0,0,4,16,1,6,200,2,0,0,200,200
376390,0,30,0,0,0,1,0,6,0,0,0,4,16,0,7,200,0,0,0,200,200
376392,0,30,0,0,0,1,14,3,0,0,0,17,23,0,200,200,1,200,200,200,200
376392,0,30,0,0,0,1,14,3,0,0,0,17,23,1,6,0,0,0,0,200,200
376396,0,30,0,0,0,1,11,2,0,0,0,18,200,1,6,7,0,0,0,200,200
376396,0,30,0,0,0,1,11,2,0,0,0,18,200,2,200,200,3,200,200,200,200
376400,0,30,12,200,0,1,12,12,0,0,0,17,17,0,200,200,1,200,200,200,200
376400,0,30,12,200,0,1,12,12,0,0,0,17,17,1,6,200,0,200,0,200,200
376404,0,30,0,0,0,1,0,2,0,0,0,23,17,0,6,0,7,0,0,200,200
376404,0,30,0,0,0,1,0,2,0,0,0,23,17,0,6,0,0,0,0,200,200
376407,0,25,0,0,0,1,10,5,0,0,0,18,200,0,5,200,3,200,200,200,200
376407,0,25,0,0,0,1,10,5,0,0,0,18,200,0,200,200,0,200,200,200,200
376407,0,25,0,0,0,1,10,5,0,0,0,18,200,0,6,200,200,200,200,200,200
376409,0,30,1,2,0,1,12,5,0,0,0,200,200,1,5,0,200,0,0,200,200
376409,0,30,1,2,0,1,12,5,0,0,0,200,200,1,4,0,0,0,0,200,200
376410,0,30,0,0,0,1,0,2,0,0,0,0,200,0,200,0,12,0,0,200,200
376410,0,30,0,0,0,1,0,2,0,0,0,0,200,1,6,0,0,0,0,200,200
376412,0,30,0,0,0,4,10,2,0,0,0,27,27,1,8,0,12,0,0,200,200
376412,0,30,0,0,0,4,10,2,0,0,0,27,27,0,5,0,0,0,0,200,200
376412,0,30,0,0,0,4,10,2,0,0,0,27,27,1,7,7,0,0,0,200,200
376412,1,30,0,0,0,4,10,2,0,0,0,27,27,200,200,0,200,200,200,200,200
376416,0,30,1,2,0,0,9,5,0,0,0,0,0,1,200,200,200,200,200,200,200
376416,5,30,1,2,0,0,9,5,0,0,0,0,0,1,5,200,200,200,200,200,200
376422,0,30,0,0,0,1,12,5,0,0,0,0,0,2,200,200,200,200,200,200,200
376422,0,30,0,0,0,1,12,5,0,0,0,0,0,1,5,0,0,0,0,200,200
376425,0,30,1,2,0,1,8,5,0,0,0,0,0,0,6,200,200,200,200,200,200
376425,4,30,1,2,0,1,8,5,0,0,0,0,0,1,7,200,200,0,0,200,200
376427,0,30,1,2,0,1,8,5,0,0,0,0,0,0,200,200,200,200,200,200,200
376427,4,30,1,2,0,1,8,5,0,0,0,0,0,1,5,3,0,0,0,200,200
376429,0,30,200,200,0,1,0,5,0,0,0,200,200,2,200,200,200,200,200,200,200
376429,0,30,200,200,0,1,0,5,0,0,0,200,200,1,5,0,0,0,0,200,200
376432,0,30,0,0,0,1,10,2,0,0,200,18,0,0,8,200,3,200,0,200,200
376432,0,30,0,0,0,1,10,2,0,0,200,18,0,0,5,200,0,0,0,200,200
376433,0,30,0,0,0,1,2,5,0,0,0,0,27,0,6,0,200,0,4,200,200
376433,1,30,0,0,0,1,2,5,0,0,0,0,27,1,200,0,200,200,200,200,200
376433,1,30,0,0,0,1,2,5,0,0,0,0,27,0,200,0,200,200,200,200,200
376436,0,25,0,0,0,1,11,5,0,0,0,0,200,0,200,200,200,200,200,200,200
376436,0,25,0,0,0,1,11,5,0,0,0,0,200,1,5,0,0,0,0,200,200
376437,0,30,0,0,0,1,12,5,0,0,0,22,0,0,6,0,2,0,0,200,200
376437,0,30,0,0,0,1,12,5,0,0,0,22,0,0,7,0,0,0,0,200,200
376439,0,30,1,2,0,1,12,6,0,0,0,22,200,0,6,200,2,200,200,200,200
376439,0,30,1,2,0,1,12,6,0,0,0,22,200,0,7,0,0,0,0,200,200
376442,0,30,0,0,0,1,12,3,0,0,0,22,200,0,8,200,2,200,200,200,200
376442,0,30,0,0,0,1,12,3,0,0,0,22,200,0,7,7,0,0,0,200,200
376442,1,30,0,0,0,1,12,3,0,0,0,22,200,1,200,0,200,200,200,200,200
376447,0,30,0,0,0,1,14,2,0,0,0,17,200,0,6,0,1,4,0,200,200
376447,0,30,0,0,0,1,14,2,0,0,0,17,200,0,5,0,0,0,0,200,200
376459,0,30,1,2,0,1,2,5,0,0,2,14,25,0,5,1,8,200,0,200,200
376459,1,30,1,2,0,1,2,5,0,0,2,14,25,0,5,200,200,200,200,200,200
376465,0,30,0,0,0,2,7,6,0,0,0,16,0,2,200,200,200,200,200,200,200
376469,0,30,0,0,0,1,10,5,0,0,0,18,200,1,7,0,3,0,0,200,200
376469,0,30,0,0,0,1,10,5,0,0,0,18,200,0,7,0,0,0,0,200,200
376470,0,30,0,0,0,1,14,5,0,0,0,17,200,0,200,0,1,0,0,200,200
376470,0,30,0,0,0,1,14,5,0,0,0,17,200,0,4,0,200,0,0,200,200
376472,0,30,0,0,0,1,2,5,0,0,0,0,0,0,7,0,0,0,0,200,200
376476,0,30,0,0,0,1,10,5,0,0,0,0,200,0,200,0,200,200,0,200,200
376476,0,30,0,0,0,1,10,5,0,0,0,0,200,1,6,0,0,0,0,200,200
376477,0,30,0,0,0,1,7,7,0,0,0,22,22,1,200,200,0,0,0,200,200
376481,0,30,0,0,0,1,7,6,0,0,0,0,200,1,6,0,0,0,0,200,200
376481,1,30,0,0,0,1,7,6,0,0,0,0,200,1,6,0,200,200,200,200,200
376481,1,30,0,0,0,1,7,6,0,0,0,0,200,0,6,0,200,200,200,200,200
376481,1,30,0,0,0,1,7,6,0,0,0,0,200,0,3,1,200,200,200,200,200
376481,1,30,0,0,0,1,7,6,0,0,0,0,200,0,0,5,200,200,200,200,200
376484,0,30,0,0,0,1,14,2,0,0,200,0,0,1,7,0,0,0,200,200,200
376484,0,30,0,0,0,1,14,2,0,0,200,0,0,0,7,200,1,200,200,200,200
376485,0,30,1,200,200,200,10,5,0,200,200,18,200,1,7,200,3,200,200,200,200
376485,0,30,1,200,200,200,10,5,0,200,200,18,200,0,5,200,0,200,0,200,200
376493,0,30,0,0,0,1,7,5,0,0,0,200,200,2,200,200,200,200,200,200,200
376500,0,30,1,2,0,1,10,5,0,0,0,20,18,0,6,0,6,0,0,200,200
376500,0,30,1,2,0,1,10,5,0,0,0,20,18,0,5,7,0,0,0,200,200
376509,0,30,0,0,0,1,12,5,0,0,2,22,0,1,200,200,2,200,200,200,200
376509,0,30,0,0,0,1,12,5,0,0,2,22,0,0,5,200,0,0,0,200,200
376509,1,30,0,0,0,1,12,5,0,0,2,22,0,200,200,200,200,200,200,200,200
376509,1,30,0,0,0,1,12,5,0,0,2,22,0,0,5,200,200,200,200,200,200
376514,0,35,1,2,0,0,10,5,0,0,0,0,0,1,200,200,200,200,200,200,200