RD_NO,PERSON_TYPE,POSTED_SPEED_LIMIT,TRAFFIC_CONTROL_DEVICE,DEVICE_CONDITION,WEATHER_CONDITION,LIGHTING_CONDITION,FIRST_CRASH_TYPE,TRAFFICWAY_TYPE,ALIGNMENT,ROADWAY_SURFACE_COND,ROAD_DEFECT,PRIM_CONTRIBUTORY_CAUSE,SEC_CONTRIBUTORY_CAUSE,SEX,AGE,SAFETY_EQUIPMENT,DRIVER_ACTION,DRIVER_VISION,PHYSICAL_CONDITION,BAC_RESULT VALUE,CELL_PHONE_USE
376514,0,35,1,2,0,0,10,5,0,0,0,0,0,1,5,0,0,0,0,200,200
376516,0,30,0,0,0,1,7,6,0,0,0,200,200,2,200,200,200,200,200,200,200
376528,0,30,0,0,0,4,10,5,0,0,0,18,200,0,6,0,3,0,0,200,200
376528,0,30,0,0,0,4,10,5,0,0,0,18,200,1,6,0,0,0,0,200,200
376528,1,30,0,0,0,4,10,5,0,0,0,18,200,0,6,0,200,200,200,200,200
376528,1,30,0,0,0,4,10,5,0,0,0,18,200,1,2,0,200,200,200,200,200
376528,1,30,0,0,0,4,10,5,0,0,0,18,200,0,0,5,200,200,200,200,200
376528,1,30,0,0,0,4,10,5,0,0,0,18,200,0,2,5,200,200,200,200,200
376531,0,25,0,0,0,0,7,7,0,0,200,0,0,2,200,200,200,200,200,200,200
376536,0,30,0,0,0,4,7,7,0,0,0,20,0,1,200,200,6,200,200,200,200
376537,0,30,1,2,0,1,12,2,0,0,0,0,200,0,5,0,0,0,0,200,200
376537,0,30,1,2,0,1,12,2,0,0,0,0,200,1,8,0,0,0,0,200,200
376541,0,30,1,2,0,4,7,5,0,0,0,0,0,0,6,0,200,0,0,200,200
376545,0,30,1,2,0,1,0,5,0,0,0,200,200,0,8,200,12,200,200,200,200
376545,0,30,1,2,0,1,0,5,0,0,0,200,200,0,6,0,0,0,0,200,200
376548,0,45,0,0,0,1,12,2,0,0,0,200,200,0,200,200,4,200,200,200,200
376548,0,45,0,0,0,1,12,2,0,0,0,200,200,0,6,0,0,0,0,200,200
376552,0,30,0,0,0,3,12,5,0,0,0,21,0,1,200,200,4,200,200,200,200
376552,0,30,0,0,0,3,12,5,0,0,0,21,0,0,6,0,0,0,0,200,200
376552,1,30,0,0,0,3,12,5,0,0,0,21,0,0,5,0,200,200,200,200,200
376552,1,30,0,0,0,3,12,5,0,0,0,21,0,1,200,200,200,200,200,200,200
376559,0,30,0,0,0,1,10,2,0,0,0,22,200,0,7,0,3,0,0,200,200
376559,0,30,0,0,0,1,10,2,0,0,0,22,200,1,6,0,0,0,0,200,200
376563,0,30,1,2,0,1,12,3,0,0,0,23,0,0,200,200,4,200,200,200,200
376563,0,30,1,2,0,1,12,3,0,0,0,23,0,1,6,0,0,200,0,200,200
376570,0,25,0,0,0,3,12,5,0,0,200,22,0,0,7,0,4,0,0,200,200
376570,0,25,0,0,0,3,12,5,0,0,200,22,0,1,6,0,0,0,0,200,200
376577,0,45,0,0,0,0,4,5,0,0,1,200,200,1,4,200,0,200,200,200,200
376579,0,30,0,0,0,1,2,6,0,0,0,0,0,0,6,0,12,200,0,200,200
376579,1,30,0,0,0,1,2,6,0,0,0,0,0,1,200,200,200,200,200,200,200
376587,4,25,0,0,0,4,8,5,0,0,0,0,0,0,200,200,200,200,200,200,200
376587,1,25,0,0,0,4,8,5,0,0,0,0,0,1,200,200,200,200,200,200,200
376587,1,25,0,0,0,4,8,5,0,0,0,0,0,0,6,0,200,200,200,200,200
376589,0,30,0,0,0,3,9,5,0,0,0,11,200,0,8,200,12,200,12,200,200
376589,5,30,0,0,0,3,9,5,0,0,0,11,200,1,6,7,12,200,0,200,200
376590,0,35,1,2,0,3,14,5,0,0,0,23,200,0,6,200,200,200,200,200,200
376590,0,35,1,2,0,3,14,5,0,0,0,23,200,1,6,200,0,200,200,200,200
376592,0,30,0,0,0,1,10,5,0,0,200,0,200,1,7,200,200,0,0,200,200
376592,0,30,0,0,0,1,10,5,0,0,200,0,200,0,7,0,0,0,0,200,200
376596,0,30,0,0,0,3,12,5,0,0,0,0,0,0,6,200,200,200,200,200,200
376596,0,30,0,0,0,3,12,5,0,0,0,0,0,1,6,0,0,0,0,200,200
376599,0,30,1,2,0,0,14,1,0,0,0,14,6,1,5,0,0,0,7,200,200
376599,0,30,1,2,0,0,14,1,0,0,0,14,6,0,200,200,200,200,200,200,200
376599,1,30,1,2,0,0,14,1,0,0,0,14,6,0,200,200,200,200,200,200,200
376599,1,30,1,2,0,0,14,1,0,0,0,14,6,1,6,0,200,200,200,200,200
376599,1,30,1,2,0,0,14,1,0,0,0,14,6,0,200,200,200,200,200,200,200
376599,1,30,1,2,0,0,14,1,0,0,0,14,6,0,200,200,200,200,200,200,200
376600,0,30,0,0,0,3,12,5,0,0,0,17,0,0,6,0,1,0,0,200,200
376600,0,30,0,0,0,3,12,5,0,0,0,17,0,0,5,3,0,0,0,200,200
376601,0,30,0,0,0,3,0,5,0,0,0,17,0,1,6,200,200,200,0,200,200
376601,0,30,0,0,0,3,0,5,0,0,0,17,0,1,5,200,1,200,0,200,200
376601,1,30,0,0,0,3,0,5,0,0,0,17,0,1,6,200,200,200,200,200,200
376601,1,30,0,0,0,3,0,5,0,0,0,17,0,1,9,200,200,200,200,200,200
376603,0,30,0,0,0,3,7,6,0,0,0,17,200,0,200,200,12,200,200,200,200
376603,1,30,0,0,0,3,7,6,0,0,0,17,200,1,7,1,200,200,200,200,200
376604,0,30,0,2,0,1,7,5,0,0,0,22,11,0,200,200,1,200,200,200,200
376605,0,35,1,2,0,1,10,5,0,0,0,18,200,0,6,200,3,200,200,200,200
376605,0,35,1,2,0,1,10,5,0,0,0,18,200,1,5,0,0,0,0,200,200
376607,0,30,0,0,0,1,12,5,0,200,200,200,200,2,200,200,4,200,200,200,200
376607,0,30,0,0,0,1,12,5,0,200,200,200,200,0,5,200,0,200,200,200,200
376611,0,30,0,200,0,1,7,5,0,0,0,22,200,0,6,0,2,0,0,200,200
376618,0,25,1,2,0,3,14,8,0,0,200,21,0,0,200,200,7,200,200,200,200
376618,0,25,1,2,0,3,14,8,0,0,200,21,0,1,7,0,0,0,0,200,200
376623,0,35,1,2,0,3,14,2,0,0,0,17,0,0,5,0,1,200,0,200,200
376623,0,35,1,2,0,3,14,2,0,0,0,17,0,0,6,0,0,200,0,200,200
376627,0,30,0,200,0,1,10,5,0,0,0,18,200,0,200,200,1,200,200,200,200
376627,0,30,0,200,0,1,10,5,0,0,0,18,200,1,5,0,0,0,0,200,200
376632,0,30,200,200,0,3,12,6,0,0,200,0,200,0,8,200,200,200,200,200,200
376632,0,30,200,200,0,3,12,6,0,0,200,0,200,1,7,0,200,200,200,200,200
376636,0,30,1,2,0,3,14,5,0,0,200,0,0,0,7,200,200,200,200,200,200
376636,0,30,1,2,0,3,14,5,0,0,200,0,0,0,7,0,200,200,0,200,200
376636,1,30,1,2,0,3,14,5,0,0,200,0,0,1,200,0,200,200,200,200,200
376636,1,30,1,2,0,3,14,5,0,0,200,0,0,0,200,200,200,200,200,200,200
376636,1,30,1,2,0,3,14,5,0,0,200,0,0,1,200,0,200,200,200,200,200
376636,1,30,1,2,0,3,14,5,0,0,200,0,0,0,200,0,200,200,200,200,200
376640,0,30,0,0,0,3,7,2,0,0,0,0,200,2,200,200,200,200,200,200,200
376641,0,30,0,0,0,0,12,3,1,0,0,0,200,0,7,200,4,200,200,200,200
376641,0,30,0,0,0,0,12,3,1,0,0,0,200,0,6,200,0,200,200,200,200
376641,1,30,0,0,0,0,12,3,1,0,0,0,200,1,6,200,200,200,200,200,200
376644,0,30,0,0,0,1,7,5,0,200,200,20,0,0,200,200,6,200,200,200,200
376646,0,30,3,2,0,1,12,5,0,0,200,21,21,0,7,200,4,12,200,200,200
376646,0,30,3,2,0,1,12,5,0,0,200,21,21,1,7,200,12,0,0,200,200
376658,0,10,0,0,0,3,11,7,0,200,200,10,200,0,7,200,9,200,0,200,200
376658,0,10,0,0,0,3,11,7,0,200,200,10,200,0,5,200,0,200,0,200,200
376675,0,30,1,2,0,3,10,5,0,0,0,15,16,0,6,0,8,0,0,200,200
376675,0,30,1,2,0,3,10,5,0,0,0,15,16,0,6,0,0,0,0,200,200
376675,0,30,1,2,0,3,10,5,0,0,0,15,16,0,6,0,0,0,0,200,200
376680,0,30,1,2,0,3,10,5,0,0,0,18,200,1,6,0,3,200,0,200,200
376680,0,30,1,2,0,3,10,5,0,0,0,18,200,0,6,0,0,0,0,200,200
376680,1,30,1,2,0,3,10,5,0,0,0,18,200,1,6,0,200,200,200,200,200
376693,0,35,1,2,0,3,14,2,0,0,0,0,200,1,6,200,200,0,7,200,200
376693,0,35,1,2,0,3,14,2,0,0,0,0,200,0,7,200,0,0,0,200,200
376710,0,30,1,2,0,3,14,3,0,0,0,23,0,0,200,200,7,200,200,200,200
376710,0,30,1,2,0,3,14,3,0,0,0,23,0,0,0,0,0,0,0,200,200
376720,0,30,1,2,200,3,14,5,0,200,200,0,0,2,200,200,1,200,200,200,200
376720,0,30,1,2,200,3,14,5,0,200,200,0,0,0,6,200,0,200,0,200,200
376720,1,30,1,2,200,3,14,5,0,200,200,0,0,1,200,200,200,200,200,200,200
376720,1,30,1,2,200,3,14,5,0,200,200,0,0,2,200,200,200,200,200,200,200
376720,1,30,1,2,200,3,14,5,0,200,200,0,0,200,200,200,200,200,200,200,200
376722,0,30,1,2,0,3,10,3,0,0,0,3,21,1,4,0,4,0,0,200,200
376722,0,30,1,2,0,3,10,3,0,0,0,3,21,0,7,0,1,0,0,200,200
376722,1,30,1,2,0,3,10,3,0,0,0,3,21,1,3,0,200,200,200,200,200
376722,1,30,1,2,0,3,10,3,0,0,0,3,21,0,8,0,200,200,200,200,200
376722,1,30,1,2,0,3,10,3,0,0,0,3,21,1,7,0,200,200,200,200,200
376722,1,30,1,2,0,3,10,3,0,0,0,3,21,0,3,1,200,200,200,200,200
376722,1,30,1,2,0,3,10,3,0,0,0,3,21,0,7,0,200,200,200,200,200
376722,1,30,1,2,0,3,10,3,0,0,0,3,21,1,6,0,200,200,200,200,200
376722,1,30,1,2,0,3,10,3,0,0,0,3,21,0,5,0,200,200,200,200,200
376722,1,30,1,2,0,3,10,3,0,0,0,3,21,1,6,0,200,200,200,200,200
376722,1,30,1,2,0,3,10,3,0,0,0,3,21,0,5,0,200,200,200,200,200
376722,1,30,1,2,0,3,10,3,0,0,0,3,21,0,6,0,200,200,200,200,200
376734,0,30,0,0,0,3,12,6,0,0,0,0,0,2,200,200,200,200,200,200,200
376734,0,30,0,0,0,3,12,6,0,0,0,0,0,0,7,200,200,0,0,200,200
376738,0,45,0,0,0,0,2,2,0,0,0,200,200,2,200,200,200,200,200,200,200
376740,0,30,1,2,0,3,14,5,0,0,0,23,200,0,200,200,7,200,200,200,200
376740,0,30,1,2,0,3,14,5,0,0,0,23,200,1,7,0,0,0,0,200,200
376744,0,30,1,2,0,1,10,3,0,0,0,0,0,1,6,200,200,200,200,200,200
376744,0,30,1,2,0,1,10,3,0,0,0,0,0,1,5,0,0,0,0,200,200
376747,0,30,0,0,0,3,2,2,0,0,0,200,200,2,200,200,200,200,200,200,200
376751,4,30,0,0,0,1,8,5,0,0,0,0,0,1,7,7,0,0,0,200,200
376754,0,35,1,2,0,3,0,1,0,0,200,3,0,0,200,200,5,200,0,200,200
376754,0,35,1,2,0,3,0,1,0,0,200,3,0,0,7,200,0,200,0,200,200
376754,1,35,1,2,0,3,0,1,0,0,200,3,0,1,6,200,200,200,200,200,200
376754,1,35,1,2,0,3,0,1,0,0,200,3,0,1,5,200,200,200,200,200,200
376767,0,5,0,0,0,0,10,7,0,0,0,18,200,0,200,200,3,200,200,200,200
376767,0,5,0,0,0,0,10,7,0,0,0,18,200,0,5,200,0,200,200,200,200
376779,0,30,0,0,0,3,7,6,0,0,0,25,11,0,5,200,12,200,200,200,200
376779,1,30,0,0,0,3,7,6,0,0,0,25,11,200,200,200,200,200,200,200,200
376779,1,30,0,0,0,3,7,6,0,0,0,25,11,200,200,200,200,200,200,200,200
376779,1,30,0,0,0,3,7,6,0,0,0,25,11,200,200,200,200,200,200,200,200
376783,0,10,0,0,200,0,7,7,0,200,200,20,200,1,4,200,6,200,200,200,200
376795,0,35,0,0,0,3,7,5,0,0,0,16,200,1,200,200,12,0,0,200,200
376800,0,30,0,0,0,3,7,7,0,0,0,20,11,0,5,200,6,200,200,200,200
376803,0,30,0,0,0,3,12,5,0,0,200,21,0,1,5,200,4,200,200,200,200
376803,0,30,0,0,0,3,12,5,0,0,200,21,0,1,3,0,0,0,0,200,200
376808,0,30,1,2,0,0,12,3,2,0,0,0,200,0,200,200,3,200,200,200,200
376808,0,30,1,2,0,0,12,3,2,0,0,0,200,0,7,200,12,200,0,200,200
376808,1,30,1,2,0,0,12,3,2,0,0,0,200,1,200,200,200,200,200,200,200
376809,0,30,0,0,0,3,7,6,0,0,0,32,25,0,5,200,7,0,5,200,200
376810,0,35,1,2,0,3,10,5,0,0,0,18,200,1,200,200,3,200,200,200,200
376810,0,35,1,2,0,3,10,5,0,0,0,18,200,1,6,0,0,0,0,200,200
376810,1,35,1,2,0,3,10,5,0,0,0,18,200,1,3,0,200,200,200,200,200
376820,0,35,2,2,0,3,0,3,0,0,0,6,16,0,7,0,5,0,0,200,200
376820,0,35,2,2,0,3,0,3,0,0,0,6,16,0,200,200,0,200,200,200,200
376821,0,25,0,0,0,3,7,2,0,0,0,0,0,0,6,200,0,0,0,200,200
376821,1,25,0,0,0,3,7,2,0,0,0,0,0,1,6,200,200,200,200,200,200
376824,0,30,0,0,0,3,10,6,0,0,0,16,17,2,200,200,200,200,200,200,200
376824,0,30,0,0,0,3,10,6,0,0,0,16,17,0,6,200,0,0,0,200,200
376824,0,30,0,0,0,3,10,6,0,0,0,16,17,0,6,200,200,0,0,200,200
376824,1,30,0,0,0,3,10,6,0,0,0,16,17,0,200,200,200,200,200,200,200
376824,1,30,0,0,0,3,10,6,0,0,0,16,17,0,5,200,200,200,200,200,200
376838,0,30,1,2,0,3,14,5,0,0,0,6,6,0,200,200,5,200,200,200,200
376838,0,30,1,2,0,3,14,5,0,0,0,6,6,0,4,0,0,0,5,200,200
376842,0,25,1,2,0,0,12,12,0,0,0,200,200,0,6,0,3,0,0,200,200
376842,0,25,1,2,0,0,12,12,0,0,0,200,200,1,6,0,0,0,0,200,200
376843,0,25,9,2,0,3,2,3,3,0,0,32,25,0,6,2,8,0,5,200,200
376865,0,30,0,0,0,3,2,5,0,0,0,27,11,1,4,0,12,0,2,200,200
376868,0,35,2,2,0,3,2,2,0,0,200,0,0,1,5,200,200,200,200,200,200
376870,0,30,1,2,0,3,14,2,0,0,0,22,200,0,4,200,2,0,0,200,200
376870,0,30,1,2,0,3,14,2,0,0,0,22,200,0,7,200,0,0,0,200,200
376872,0,30,2,2,0,0,2,5,0,0,0,0,200,1,6,0,200,0,0,200,200
376872,1,30,2,2,0,0,2,5,0,0,0,0,200,0,6,200,200,200,200,200,200
376874,0,30,0,0,0,3,11,5,0,0,0,12,200,0,0,200,12,0,0,200,200
376874,0,30,0,0,0,3,11,5,0,0,0,12,200,0,5,200,0,0,0,200,200
376880,0,30,1,2,0,3,10,2,0,0,3,11,11,0,5,200,3,200,0,200,200
376880,0,30,1,2,0,3,10,2,0,0,3,11,11,1,6,200,0,200,0,200,200
376893,0,30,0,0,0,3,7,5,0,0,0,200,200,2,200,200,200,200,200,200,200
376896,0,30,0,0,0,3,7,5,0,0,200,0,0,2,200,200,12,200,200,200,200
376897,0,35,0,0,0,3,12,5,0,1,0,14,0,0,5,0,200,0,0,200,200
376897,0,35,0,0,0,3,12,5,0,1,0,14,0,0,7,0,0,0,0,200,200
376899,0,30,200,200,200,200,9,200,0,200,200,0,0,1,200,200,200,200,200,200,200
376899,5,30,200,200,200,200,9,200,0,200,200,0,0,1,6,7,0,200,7,200,200
376899,1,30,200,200,200,200,9,200,0,200,200,0,0,2,200,200,200,200,200,200,200
376899,1,30,200,200,200,200,9,200,0,200,200,0,0,2,200,200,200,200,200,200,200
376899,1,30,200,200,200,200,9,200,0,200,200,0,0,2,200,200,200,200,200,200,200
376899,1,30,200,200,200,200,9,200,0,200,200,0,0,2,200,200,200,200,200,200,200
376899,1,30,200,200,200,200,9,200,0,200,200,0,0,2,200,200,200,200,200,200,200
376900,0,30,2,2,0,3,2,5,0,0,200,32,21,0,6,200,12,0,5,0.24,200
376900,0,30,2,2,0,3,2,5,0,0,200,32,21,1,5,200,0,0,0,200,200
376900,1,30,2,2,0,3,2,5,0,0,200,32,21,1,200,200,200,200,200,200,200
376900,1,30,2,2,0,3,2,5,0,0,200,32,21,2,200,200,200,200,200,200,200
376920,0,30,0,0,0,3,12,5,0,0,0,17,200,2,200,200,4,200,200,200,200
376920,0,30,0,0,0,3,12,5,0,0,0,17,200,1,5,0,0,0,1,200,200
376929,0,30,0,0,0,1,12,3,0,0,0,17,17,1,6,0,1,0,0,200,200
376929,0,30,0,0,0,1,12,3,0,0,0,17,17,0,5,0,0,0,0,200,200
376939,0,20,2,2,0,2,14,2,0,0,0,200,200,1,6,0,9,0,0,200,200
376939,0,20,2,2,0,2,14,2,0,0,0,200,200,0,5,0,200,0,0,200,200
376948,0,25,0,200,200,0,7,12,0,200,200,0,0,2,200,200,200,200,200,200,200
376949,0,30,0,0,0,1,10,5,0,0,0,18,18,0,7,200,0,0,0,200,200
376949,0,30,0,0,0,1,10,5,0,0,0,18,18,0,5,200,0,0,0,200,200
376952,0,35,0,0,0,1,7,2,0,0,200,0,0,0,200,200,200,200,200,200,200
376955,0,35,1,2,0,1,14,2,0,0,0,23,18,1,5,200,7,0,0,200,200
376955,0,35,1,2,0,1,14,2,0,0,0,23,18,0,7,200,0,0,0,200,200
376957,0,30,0,0,0,200,7,5,0,0,0,0,200,2,200,200,200,200,200,200,200
376963,0,30,0,0,0,1,7,7,0,0,0,17,17,1,200,200,1,200,200,200,200
376964,0,30,2,2,0,1,0,2,0,0,0,5,5,0,9,200,5,0,0,200,200
376964,0,30,2,2,0,1,0,2,0,0,0,5,5,1,0,200,0,0,0,200,200
376964,1,30,2,2,0,1,0,2,0,0,0,5,5,0,6,200,200,200,200,200,200
376965,0,30,0,0,0,4,10,3,0,0,0,0,0,1,200,200,12,200,200,200,200
376965,0,30,0,0,0,4,10,3,0,0,0,0,0,0,6,0,12,0,0,200,200
376966,0,30,1,2,0,1,12,5,0,0,200,0,0,2,200,200,200,200,200,200,200
376966,0,30,1,2,0,1,12,5,0,0,200,0,0,0,8,0,0,0,0,200,200
376968,0,15,0,0,0,2,7,7,0,0,0,0,0,1,200,200,6,200,200,200,200
376968,1,15,0,0,0,2,7,7,0,0,0,0,0,200,200,200,200,200,200,200,200
376969,0,30,1,2,0,1,14,2,0,0,0,22,23,0,200,200,7,200,200,200,200
376969,0,30,1,2,0,1,14,2,0,0,0,22,23,0,7,200,0,0,0,200,200
376970,0,30,0,0,0,1,10,5,0,0,0,0,200,1,6,0,200,0,0,200,200
376970,0,30,0,0,0,1,10,5,0,0,0,0,200,0,7,0,0,0,0,200,200
376970,0,30,0,0,0,1,10,5,0,0,0,0,200,0,6,0,0,0,0,200,200
376974,0,20,0,0,0,1,12,12,0,0,0,18,11,1,5,0,3,1,0,200,200
376974,0,20,0,0,0,1,12,12,0,0,0,18,11,0,5,0,0,0,0,200,200
376978,0,30,0,0,0,1,10,5,0,0,0,0,0,1,6,200,3,0,0,200,200
376978,0,30,0,0,0,1,10,5,0,0,0,0,0,0,6,7,0,0,0,200,200
376978,1,30,0,0,0,1,10,5,0,0,0,0,0,0,200,200,200,200,200,200,200
376981,0,30,0,0,0,1,3,5,0,0,0,11,200,1,8,0,12,0,0,200,200
376981,0,30,0,0,0,1,3,5,0,0,0,11,200,0,200,0,0,0,0,200,200
376983,0,30,1,2,0,1,12,2,0,0,0,0,0,1,7,200,2,200,200,200,200
376983,0,30,1,2,0,1,12,2,0,0,0,0,0,1,5,0,0,200,0,200,200
376984,0,30,0,0,200,200,7,3,0,200,0,0,0,2,200,200,200,200,200,200,200
376986,1,30,1,2,0,0,14,5,0,0,0,21,0,1,6,200,200,200,200,200,200
376986,0,30,1,2,0,0,14,5,0,0,0,21,0,2,200,200,9,200,200,200,200
376986,0,30,1,2,0,0,14,5,0,0,0,21,0,0,6,200,0,0,0,200,200
376995,0,30,1,1,0,1,14,2,0,0,0,16,35,1,200,0,1,200,0,200,200
376995,0,30,1,1,0,1,14,2,0,0,0,16,35,1,200,0,12,200,0,200,200
376995,0,30,1,1,0,1,14,2,0,0,0,16,35,0,200,0,0,200,0,200,200
377007,0,30,0,0,0,1,7,6,0,0,0,12,0,1,7,0,0,0,0,200,200
377011,0,30,2,2,0,1,0,5,0,0,0,33,11,0,6,0,1,6,0,200,200
377011,0,30,2,2,0,1,0,5,0,0,0,33,11,1,200,0,0,0,0,200,200
377023,0,30,1,2,0,1,14,2,0,0,0,23,0,1,7,200,7,12,0,200,200
377023,0,30,1,2,0,1,14,2,0,0,0,23,0,0,7,200,12,12,0,200,200
377025,0,25,0,0,0,1,12,5,0,0,0,0,0,1,5,0,1,0,0,200,200
377025,0,25,0,0,0,1,12,5,0,0,0,0,0,1,7,0,0,0,0,200,200
377025,1,25,0,0,0,1,12,5,0,0,0,0,0,0,200,0,200,200,200,200,200
377031,0,30,0,0,0,1,7,6,0,0,200,0,200,0,200,200,200,200,200,200,200
377032,0,30,1,2,0,1,14,5,0,0,0,0,0,0,200,2,5,200,200,200,200
377032,0,30,1,2,0,1,14,5,0,0,0,0,0,0,7,0,0,0,0,200,200
377042,0,30,0,0,0,1,14,2,0,0,0,0,23,0,8,0,12,0,0,200,200
377042,0,30,0,0,0,1,14,2,0,0,0,0,23,1,7,0,7,0,0,200,200
377042,1,30,0,0,0,1,14,2,0,0,0,0,23,1,7,0,200,200,200,200,200
377043,0,30,1,2,0,1,14,5,0,0,0,0,200,0,7,200,12,200,200,200,200
377043,0,30,1,2,0,1,14,5,0,0,0,0,200,1,5,0,0,0,0,200,200
377043,1,30,1,2,0,1,14,5,0,0,0,0,200,0,2,0,200,200,200,200,200
377046,0,30,0,0,0,3,7,5,0,0,0,0,0,2,200,200,6,200,200,200,200
377048,0,30,0,0,0,1,12,5,0,0,0,22,200,1,6,0,0,0,0,200,200
377048,0,30,0,0,0,1,12,5,0,0,0,22,200,0,200,200,200,200,200,200,200
377048,1,30,0,0,0,1,12,5,0,0,0,22,200,1,3,0,200,200,200,200,200
377055,0,30,0,0,0,3,10,2,0,0,0,0,200,1,6,0,0,0,0,200,200
377055,0,30,0,0,0,3,10,2,0,0,0,0,200,0,6,200,0,0,0,200,200
377066,0,25,0,0,0,1,14,5,0,0,0,17,17,0,5,0,1,0,0,200,200
377066,0,25,0,0,0,1,14,5,0,0,0,17,17,0,6,0,0,0,0,200,200
377070,0,30,2,2,0,1,0,5,0,0,0,0,200,1,200,200,200,200,200,200,200
377070,0,30,2,2,0,1,0,5,0,0,0,0,200,0,200,200,200,200,0,200,200
377071,0,35,0,0,0,1,2,0,0,0,0,200,200,0,7,0,0,0,0,200,200
377072,0,25,1,2,200,2,10,5,0,0,0,18,200,0,6,200,3,200,0,200,200
377072,0,25,1,2,200,2,10,5,0,0,0,18,200,1,6,0,0,0,0,200,200
377073,0,35,0,0,0,1,2,5,0,0,0,27,27,0,9,0,200,200,7,200,200
377074,0,30,0,0,0,0,7,5,0,0,0,0,0,2,200,200,200,200,200,200,200
377076,0,25,4,200,200,0,10,6,0,200,0,18,17,2,200,200,3,200,200,200,200
377076,0,25,4,200,200,0,10,6,0,200,0,18,17,0,6,200,12,0,0,200,200
377076,0,25,4,200,200,0,10,6,0,200,0,18,17,1,200,200,200,200,200,200,200
377086,4,30,0,0,0,1,8,2,0,0,0,0,200,0,7,7,12,200,0,200,200
377086,0,30,0,0,0,1,8,2,0,0,0,0,200,1,5,200,0,200,0,200,200
377088,0,30,2,2,0,1,0,5,0,200,200,0,200,0,6,200,200,200,200,200,200
377088,0,30,2,2,0,1,0,5,0,200,200,0,200,0,5,200,0,200,200,200,200
377088,1,30,2,2,0,1,0,5,0,200,200,0,200,1,5,200,200,200,200,200,200
377089,0,30,0,0,0,1,7,5,0,0,200,0,0,2,200,200,200,200,200,200,200
377098,0,25,0,0,0,1,12,5,0,0,0,22,15,1,200,200,2,200,200,200,200
377098,0,25,0,0,0,1,12,5,0,0,0,22,15,1,7,0,0,0,0,200,200
377108,0,30,2,0,0,1,14,2,0,0,0,0,0,1,7,0,200,0,0,200,200
377108,0,30,2,0,0,1,14,2,0,0,0,0,0,1,8,0,0,0,0,200,200
377109,0,5,0,0,0,1,7,7,0,0,0,200,200,2,200,200,200,200,200,200,200
377111,0,0,0,0,0,1,7,5,0,0,0,0,0,0,7,200,200,200,0,200,200
377115,0,30,0,0,0,1,12,5,0,0,0,22,22,0,7,200,4,200,0,200,200
377115,0,30,0,0,0,1,12,5,0,0,0,22,22,1,7,200,0,200,0,200,200
377115,1,30,0,0,0,1,12,5,0,0,0,22,22,0,9,0,200,200,200,200,200
377116,0,30,0,0,0,1,7,3,0,0,0,12,0,2,200,200,12,200,200,200,200
377117,0,30,0,0,0,1,10,3,0,0,0,18,18,0,6,200,3,0,0,200,200
377117,0,30,0,0,0,1,10,3,0,0,0,18,18,0,6,0,0,0,0,200,200
377123,0,25,0,0,0,2,7,2,0,0,0,200,200,2,200,200,200,200,200,200,200
377125,0,30,0,0,0,1,10,5,0,0,200,0,0,1,6,200,200,200,0,200,200
377125,0,30,0,0,0,1,10,5,0,0,200,0,0,1,6,200,200,200,0,200,200
377127,0,30,0,0,0,1,12,2,0,0,0,17,0,1,7,200,1,200,200,200,200
377127,0,30,0,0,0,1,12,2,0,0,0,17,0,0,8,0,0,0,0,200,200
377129,0,30,2,2,0,1,10,2,0,0,0,0,18,0,6,0,3,0,0,200,200
377129,0,30,2,2,0,1,10,2,0,0,0,0,18,0,7,0,0,0,0,200,200
377130,0,30,0,0,0,1,7,6,0,0,0,21,200,0,6,0,4,0,0,200,200
377139,0,30,0,0,0,1,14,5,0,0,0,0,0,0,5,200,1,200,200,200,200
377139,0,30,0,0,0,1,14,5,0,0,0,0,0,0,5,0,0,0,0,200,200
377144,0,25,1,2,0,1,12,5,0,0,0,17,22,1,7,0,4,200,200,200,200
377144,0,25,1,2,0,1,12,5,0,0,0,17,22,1,5,0,0,0,0,200,200
377149,0,30,0,0,0,3,7,5,0,200,0,0,0,2,200,200,200,200,200,200,200
377152,0,30,0,0,0,200,7,2,0,0,0,200,200,2,200,200,200,200,200,200,200
377153,0,10,0,0,0,1,10,7,0,0,0,20,20,1,5,0,6,0,0,200,200
377153,0,10,0,0,0,1,10,7,0,0,0,20,20,0,5,0,0,0,0,200,200
377153,1,10,0,0,0,1,10,7,0,0,0,20,20,1,7,0,200,200,200,200,200
377163,0,30,0,0,0,1,7,6,0,0,0,0,0,1,5,200,0,0,0,200,200
377164,0,30,0,0,0,1,7,3,0,0,0,12,0,0,7,0,12,0,0,200,200
377169,0,30,0,0,0,1,12,3,0,0,0,22,0,0,5,0,4,0,0,200,200
377169,0,30,0,0,0,1,12,3,0,0,0,22,0,0,5,0,0,0,0,200,200