RD_NO,PERSON_TYPE,POSTED_SPEED_LIMIT,TRAFFIC_CONTROL_DEVICE,DEVICE_CONDITION,WEATHER_CONDITION,LIGHTING_CONDITION,FIRST_CRASH_TYPE,TRAFFICWAY_TYPE,ALIGNMENT,ROADWAY_SURFACE_COND,ROAD_DEFECT,PRIM_CONTRIBUTORY_CAUSE,SEC_CONTRIBUTORY_CAUSE,SEX,AGE,SAFETY_EQUIPMENT,DRIVER_ACTION,DRIVER_VISION,PHYSICAL_CONDITION,BAC_RESULT VALUE,CELL_PHONE_USE
377172,0,30,2,2,0,1,8,5,0,0,0,0,0,0,6,0,12,0,0,200,200
377172,4,30,2,2,0,1,8,5,0,0,0,0,0,1,200,0,12,200,0,200,200
377172,1,30,2,2,0,1,8,5,0,0,0,0,0,0,200,0,200,200,200,200,200
377181,0,30,1,2,0,1,10,5,0,0,0,0,0,0,6,7,200,200,200,200,200
377181,0,30,1,2,0,1,10,5,0,0,0,0,0,0,6,200,200,200,200,200,200
377181,1,30,1,2,0,1,10,5,0,0,0,0,0,1,8,200,200,200,200,200,200
377184,0,30,0,0,0,1,12,5,0,0,0,17,200,0,200,200,1,200,200,200,200
377184,0,30,0,0,0,1,12,5,0,0,0,17,200,1,7,0,1,0,0,200,200
377189,0,30,0,0,0,0,7,5,0,0,0,0,0,2,200,200,200,200,200,200,200
377192,0,30,1,2,0,1,10,5,0,0,0,0,0,0,7,200,200,200,0,200,200
377192,0,30,1,2,0,1,10,5,0,0,0,0,0,0,7,200,0,200,0,200,200
377192,1,30,1,2,0,1,10,5,0,0,0,0,0,0,9,200,200,200,200,200,200
377193,0,35,0,0,0,1,14,2,0,0,0,0,200,0,7,0,1,0,0,200,200
377193,0,35,0,0,0,1,14,2,0,0,0,0,200,0,7,1,4,0,0,200,200
377196,0,30,1,2,0,1,10,2,2,0,0,18,0,0,6,0,3,0,0,200,200
377196,0,30,1,2,0,1,10,2,2,0,0,18,0,0,8,200,0,200,200,200,200
377198,0,30,0,0,0,1,10,5,0,0,0,12,18,0,200,200,12,200,1,200,200
377198,0,30,0,0,0,1,10,5,0,0,0,12,18,0,6,0,0,0,0,200,200
377198,1,30,0,0,0,1,10,5,0,0,0,12,18,1,6,0,200,200,200,200,200
377200,0,30,0,0,0,1,7,6,0,0,0,0,200,0,200,200,10,200,200,200,200
377208,0,0,200,200,0,1,10,5,0,0,200,22,20,1,200,200,4,200,200,200,200
377208,0,0,200,200,0,1,10,5,0,0,200,22,20,1,7,0,0,200,0,200,200
377219,0,30,0,0,0,0,14,5,0,0,0,0,0,1,200,200,1,200,200,200,200
377219,0,30,0,0,0,0,14,5,0,0,0,0,0,1,5,0,0,0,0,200,200
377230,0,30,0,0,0,1,9,2,0,0,0,2,200,1,200,200,15,200,200,200,200
377230,5,30,0,0,0,1,9,2,0,0,0,2,200,1,7,7,0,200,0,200,200
377231,0,30,0,0,0,1,0,2,0,0,0,17,0,0,4,200,1,200,0,200,200
377231,0,30,0,0,0,1,0,2,0,0,0,17,0,0,5,200,0,200,0,200,200
377233,0,30,0,0,0,1,10,5,0,0,0,18,0,1,6,200,3,0,0,200,200
377233,0,30,0,0,0,1,10,5,0,0,0,18,0,0,6,200,0,0,0,200,200
377235,0,30,1,2,0,1,12,2,0,0,0,22,22,1,200,200,2,200,200,200,200
377235,0,30,1,2,0,1,12,2,0,0,0,22,22,0,6,0,0,0,0,200,200
377237,0,30,0,0,0,1,12,2,0,0,0,21,200,0,9,200,4,0,0,200,200
377237,0,30,0,0,0,1,12,2,0,0,0,21,200,0,6,200,0,0,0,200,200
377238,0,30,0,0,0,200,7,5,0,200,200,0,200,2,200,200,200,200,200,200,200
377260,0,30,0,0,0,1,7,5,0,0,0,0,200,2,200,200,200,200,200,200,200
377267,0,10,0,0,0,1,7,7,0,0,0,18,20,0,7,200,3,0,0,200,200
377268,0,30,0,0,0,1,7,5,0,0,0,0,200,0,7,0,0,0,0,200,200
377268,1,30,0,0,0,1,7,5,0,0,0,0,200,1,200,200,200,200,200,200,200
377270,0,30,2,0,0,1,0,2,0,0,0,16,17,0,200,200,1,200,200,200,200
377270,0,30,2,0,0,1,0,2,0,0,0,16,17,1,5,0,0,0,0,200,200
377270,1,30,2,0,0,1,0,2,0,0,0,16,17,1,200,0,200,200,200,200,200
377271,0,5,1,0,0,1,0,12,0,0,0,0,0,0,200,200,200,200,200,200,200
377271,0,5,1,0,0,1,0,12,0,0,0,0,0,0,200,0,200,200,200,200,200
377273,0,30,0,0,0,1,14,3,0,0,0,21,200,1,200,200,4,0,0,200,200
377273,0,30,0,0,0,1,14,3,0,0,0,21,200,0,8,0,0,0,0,200,200
377275,0,30,1,2,0,1,14,5,0,0,0,33,16,0,9,0,1,5,0,200,200
377275,0,30,1,2,0,1,14,5,0,0,0,33,16,0,7,0,0,5,0,200,200
377287,0,30,0,0,0,1,10,2,0,0,0,18,17,0,5,200,1,200,200,200,200
377287,0,30,0,0,0,1,10,2,0,0,0,18,17,0,6,0,0,0,0,200,200
377288,0,35,2,2,0,1,0,3,0,0,0,17,7,1,3,200,1,200,0,200,200
377288,0,35,2,2,0,1,0,3,0,0,0,17,7,1,6,200,200,200,0,200,200
377289,4,30,2,2,0,1,8,5,0,0,0,10,23,0,6,2,9,0,0,200,200
377289,0,30,2,2,0,1,8,5,0,0,0,10,23,0,5,0,0,0,0,200,200
377289,1,30,2,2,0,1,8,5,0,0,0,10,23,1,200,0,200,200,200,200,200
377291,0,30,1,2,0,1,14,200,0,0,0,17,0,1,200,200,7,200,200,200,200
377291,0,30,1,2,0,1,14,200,0,0,0,17,0,0,6,0,0,0,0,200,200
377298,0,5,0,0,0,1,7,7,0,0,0,0,200,0,8,200,1,0,200,200,200
377302,0,30,1,2,0,1,10,2,0,0,0,0,200,0,8,0,200,200,200,200,200
377302,0,30,1,2,0,1,10,2,0,0,0,0,200,1,7,0,0,0,0,200,200
377302,1,30,1,2,0,1,10,2,0,0,0,0,200,1,7,0,200,200,200,200,200
377302,1,30,1,2,0,1,10,2,0,0,0,0,200,1,6,0,200,200,200,200,200
377302,1,30,1,2,0,1,10,2,0,0,0,0,200,1,7,1,200,200,200,200,200
377302,1,30,1,2,0,1,10,2,0,0,0,0,200,1,0,5,200,200,200,200,200
377310,0,30,0,0,0,1,12,5,0,0,0,17,17,0,7,0,1,0,0,200,200
377310,0,30,0,0,0,1,12,5,0,0,0,17,17,1,6,0,0,0,0,200,200
377316,0,35,0,0,0,1,0,5,0,0,0,17,200,0,7,0,1,1,0,200,200
377316,0,35,0,0,0,1,0,5,0,0,0,17,200,0,5,0,0,0,0,200,200
377321,0,30,0,0,0,1,10,3,0,0,0,7,0,1,8,0,12,0,0,200,200
377321,0,30,0,0,0,1,10,3,0,0,0,7,0,0,7,200,0,0,0,200,200
377327,0,30,0,0,0,1,12,6,0,0,0,20,20,0,8,0,12,0,0,200,200
377327,0,30,0,0,0,1,12,6,0,0,0,20,20,0,5,0,0,0,0,200,200
377327,1,30,0,0,0,1,12,6,0,0,0,20,20,1,0,0,200,200,200,200,200
377330,0,30,0,0,0,1,12,5,0,0,0,17,200,0,8,200,1,0,0,200,200
377330,0,30,0,0,0,1,12,5,0,0,0,17,200,1,4,0,0,0,0,200,200
377336,0,15,0,0,0,1,7,2,0,0,0,200,200,2,200,200,200,200,200,200,200
377340,0,30,0,0,0,1,7,5,0,0,0,21,12,0,0,0,12,0,0,200,200
377342,0,35,0,0,0,1,9,7,0,0,0,17,200,0,6,0,1,200,0,200,200
377342,5,35,0,0,0,1,9,7,0,0,0,17,200,0,7,7,0,12,0,200,200
377355,0,30,1,2,0,1,12,5,0,0,0,22,200,1,200,200,2,200,200,200,200
377355,0,30,1,2,0,1,12,5,0,0,0,22,200,1,6,0,0,200,0,200,200
377361,0,30,0,0,0,1,7,5,0,0,0,0,0,2,200,200,200,200,200,200,200
377368,0,5,0,0,0,1,7,7,0,0,0,0,0,2,200,200,200,200,200,200,200
377371,0,30,1,2,0,1,12,5,0,0,0,0,0,0,6,200,200,200,200,200,200
377371,0,30,1,2,0,1,12,5,0,0,0,0,0,1,4,0,0,0,0,200,200
377378,0,30,0,0,0,1,7,3,0,0,0,20,200,0,7,0,6,0,0,200,200
377387,0,35,0,0,0,1,7,6,0,0,0,22,22,1,6,200,4,0,200,200,200
377407,0,30,0,0,0,1,14,2,0,0,0,17,21,0,6,0,1,0,0,200,200
377407,0,30,0,0,0,1,14,2,0,0,0,17,21,0,6,200,12,0,0,200,200
377410,0,30,0,0,0,1,10,6,0,0,0,20,200,1,200,200,6,200,200,200,200
377410,0,30,0,0,0,1,10,6,0,0,0,20,200,0,5,0,12,200,0,200,200
377411,0,30,1,2,0,1,0,12,0,0,0,6,0,1,6,200,5,200,200,200,200
377411,0,30,1,2,0,1,0,12,0,0,0,6,0,1,6,0,0,0,0,200,200
377413,0,35,2,2,0,1,0,2,0,0,0,17,200,0,9,0,1,1,0,200,200
377413,0,35,2,2,0,1,0,2,0,0,0,17,200,0,4,0,0,6,0,200,200
377413,0,35,2,2,0,1,0,2,0,0,0,17,200,0,7,0,0,0,0,200,200
377415,0,30,0,0,0,1,10,5,0,0,200,18,18,1,200,200,3,200,200,200,200
377415,0,30,0,0,0,1,10,5,0,0,200,18,18,1,7,200,0,200,0,200,200
377417,0,30,0,0,0,1,12,5,0,0,200,0,0,0,6,200,200,200,200,200,200
377417,0,30,0,0,0,1,12,5,0,0,200,0,0,1,7,0,200,200,200,200,200
377420,0,20,2,2,0,1,10,5,0,0,0,0,0,0,8,0,6,0,0,200,200
377420,0,20,2,2,0,1,10,5,0,0,0,0,0,0,7,0,0,0,0,200,200
377421,0,30,0,0,0,3,12,5,0,0,0,0,0,1,6,200,200,200,0,200,200
377421,0,30,0,0,0,3,12,5,0,0,0,0,0,0,6,0,0,0,0,200,200
377421,1,30,0,0,0,3,12,5,0,0,0,0,0,0,200,0,200,200,200,200,200
377426,0,30,0,0,0,1,10,2,0,0,200,0,0,1,200,200,200,200,200,200,200
377426,0,30,0,0,0,1,10,2,0,0,200,0,0,1,6,0,200,200,0,200,200
377428,0,30,0,0,0,1,7,5,0,0,0,0,200,2,200,200,200,200,200,200,200
377429,0,30,0,0,0,1,14,5,0,0,0,23,200,1,4,7,0,0,0,200,200
377429,1,30,0,0,0,1,14,5,0,0,0,23,200,0,200,0,200,200,200,200,200
377429,1,30,0,0,0,1,14,5,0,0,0,23,200,1,3,0,200,200,200,200,200
377429,1,30,0,0,0,1,14,5,0,0,0,23,200,0,200,0,200,200,200,200,200
377429,1,30,0,0,0,1,14,5,0,0,0,23,200,0,4,0,200,200,200,200,200
377431,0,30,0,0,0,1,10,5,0,0,0,0,0,0,5,200,200,0,0,200,200
377431,0,30,0,0,0,1,10,5,0,0,0,0,0,0,6,0,0,0,0,200,200
377437,0,30,0,0,0,1,10,5,0,0,0,7,16,1,6,0,15,0,0,200,200
377437,0,30,0,0,0,1,10,5,0,0,0,7,16,0,6,200,0,200,0,200,200
377438,0,30,200,200,2,1,10,2,0,0,0,18,200,0,4,0,1,200,0,200,200
377438,0,30,200,200,2,1,10,2,0,0,0,18,200,1,0,0,0,200,0,200,200
377445,0,20,0,0,0,1,4,5,0,0,0,0,0,0,6,0,12,0,0,200,200
377447,0,30,0,0,0,1,2,7,0,0,0,200,200,0,6,0,12,0,0,200,200
377450,0,30,1,2,0,1,12,2,0,0,0,0,200,0,200,200,200,200,200,200,200
377450,0,30,1,2,0,1,12,2,0,0,0,0,200,1,6,200,0,0,0,200,200
377453,0,30,0,0,0,1,11,7,0,0,0,11,0,0,8,200,6,0,0,200,200
377453,0,30,0,0,0,1,11,7,0,0,0,11,0,1,5,200,12,0,0,200,200
377458,0,30,1,2,0,1,12,1,0,0,0,22,21,1,4,0,4,0,0,200,200
377458,0,30,1,2,0,1,12,1,0,0,0,22,21,0,6,0,0,0,0,200,200
377458,1,30,1,2,0,1,12,1,0,0,0,22,21,0,6,0,200,200,200,200,200
377458,1,30,1,2,0,1,12,1,0,0,0,22,21,1,5,0,200,200,200,200,200
377458,1,30,1,2,0,1,12,1,0,0,0,22,21,1,5,0,200,200,200,200,200
377458,1,30,1,2,0,1,12,1,0,0,0,22,21,0,2,0,200,200,200,200,200
377458,1,30,1,2,0,1,12,1,0,0,0,22,21,0,2,0,200,200,200,200,200
377460,0,30,1,2,0,1,14,5,0,0,0,17,0,0,8,0,1,0,0,200,200
377460,0,30,1,2,0,1,14,5,0,0,0,17,0,0,8,7,1,0,0,200,200
377464,0,30,0,0,0,1,10,3,0,0,0,0,200,2,200,200,200,200,200,200,200
377464,0,30,0,0,0,1,10,3,0,0,0,0,200,1,6,200,0,0,0,200,200
377464,1,30,0,0,0,1,10,3,0,0,0,0,200,1,0,5,200,200,200,200,200
377465,0,35,0,0,0,1,11,7,0,0,0,20,20,1,200,200,6,200,200,200,200
377465,0,35,0,0,0,1,11,7,0,0,0,20,20,1,6,0,0,0,0,200,200
377467,0,30,0,0,0,1,10,5,0,200,200,18,11,0,5,0,3,200,0,200,200
377467,0,30,0,0,0,1,10,5,0,200,200,18,11,1,6,0,200,200,0,200,200
377468,0,30,2,2,0,1,11,5,0,0,0,17,200,1,6,0,1,0,0,200,200
377468,0,30,2,2,0,1,11,5,0,0,0,17,200,0,200,0,0,0,0,200,200
377478,0,30,0,0,0,1,7,5,0,0,0,0,200,2,200,200,15,200,200,200,200
377479,0,30,1,2,0,1,14,5,0,0,200,0,0,0,5,200,1,0,0,200,200
377479,0,30,1,2,0,1,14,5,0,0,200,0,0,0,6,0,12,0,0,200,200
377479,1,30,1,2,0,1,14,5,0,0,200,0,0,1,0,5,200,200,200,200,200
377480,0,35,0,0,0,1,14,2,0,0,0,18,0,0,9,0,3,200,0,200,200
377480,0,35,0,0,0,1,14,2,0,0,0,18,0,0,7,0,0,200,0,200,200
377489,0,30,1,2,0,1,9,2,0,0,0,16,20,0,6,200,1,0,0,200,200
377489,5,30,1,2,0,1,9,2,0,0,0,16,20,1,8,7,12,0,0,200,200
377491,0,30,1,2,0,1,10,12,0,0,0,18,200,0,7,0,3,0,0,200,200
377491,0,30,1,2,0,1,10,12,0,0,0,18,200,0,7,0,0,0,0,200,200
377493,0,30,0,0,0,1,7,6,0,0,0,8,200,0,6,0,3,0,0,200,200
377495,0,30,0,0,0,1,7,6,0,200,0,0,200,2,200,200,200,200,200,200,200
377498,0,30,0,0,0,1,12,2,0,0,0,0,200,0,6,0,4,12,0,200,200
377498,0,30,0,0,0,1,12,2,0,0,0,0,200,0,6,0,0,0,0,200,200
377501,0,30,1,2,0,1,10,5,0,0,0,18,18,1,200,200,8,200,200,200,200
377501,0,30,1,2,0,1,10,5,0,0,0,18,18,0,7,0,0,0,0,200,200
377507,0,30,2,2,0,1,14,5,0,0,0,0,0,0,6,0,3,200,200,200,200
377507,0,30,2,2,0,1,14,5,0,0,0,0,0,1,6,0,0,0,0,200,200
377514,0,30,0,0,0,1,14,5,0,0,0,20,16,0,200,200,6,200,0,200,200
377514,0,30,0,0,0,1,14,5,0,0,0,20,16,1,7,0,0,0,0,200,200
377522,0,10,0,0,0,1,7,7,0,0,0,200,200,2,200,200,200,200,200,200,200
377523,0,45,0,0,0,1,12,3,5,0,0,0,0,1,9,0,4,0,0,200,200
377523,0,45,0,0,0,1,12,3,5,0,0,0,0,0,7,0,0,0,0,200,200
377524,0,30,0,0,0,1,0,5,0,0,0,0,0,0,7,0,0,0,0,200,200
377524,0,30,0,0,0,1,0,5,0,0,0,0,0,0,7,0,0,0,0,200,200
377527,0,30,1,2,0,1,10,5,0,200,200,18,18,1,200,200,3,200,200,200,200
377527,0,30,1,2,0,1,10,5,0,200,200,18,18,0,5,0,200,200,200,200,200
377534,0,30,0,0,0,1,14,5,2,0,0,17,11,1,9,0,1,12,0,200,200
377534,0,30,0,0,0,1,14,5,2,0,0,17,11,1,6,0,0,0,0,200,200
377543,0,30,0,0,0,1,7,6,0,0,0,0,0,2,200,200,10,200,200,200,200
377544,0,30,0,0,0,1,7,5,0,0,0,21,200,2,200,200,12,200,200,200,200
377545,0,30,0,0,0,1,10,5,0,0,200,18,200,1,4,200,3,200,0,200,200
377545,0,30,0,0,0,1,10,5,0,0,200,18,200,0,8,200,0,200,0,200,200
377545,0,30,0,0,0,1,10,5,0,0,200,18,200,0,200,200,0,200,0,200,200
377551,0,30,0,0,0,1,14,2,0,0,200,23,23,0,200,200,7,200,200,200,200
377551,0,30,0,0,0,1,14,2,0,0,200,23,23,0,6,0,0,200,0,200,200
377553,0,30,1,2,0,1,10,5,0,0,0,20,200,0,3,0,12,0,0,200,200
377553,0,30,1,2,0,1,10,5,0,0,0,20,200,1,6,0,0,0,0,200,200
377553,1,30,1,2,0,1,10,5,0,0,0,20,200,1,6,0,200,200,200,200,200
377553,1,30,1,2,0,1,10,5,0,0,0,20,200,1,7,0,200,200,200,200,200
377554,0,30,1,2,0,1,14,5,0,0,0,17,200,0,6,0,1,0,0,200,200
377554,0,30,1,2,0,1,14,5,0,0,0,17,200,0,7,0,0,0,0,200,200
377560,0,30,1,2,0,1,10,5,0,0,0,18,200,0,200,0,200,200,200,200,200
377560,0,30,1,2,0,1,10,5,0,0,0,18,200,1,9,0,3,0,0,200,200
377561,0,30,1,2,0,1,14,5,0,0,0,22,21,0,7,200,7,200,0,200,200
377561,0,30,1,2,0,1,14,5,0,0,0,22,21,0,3,200,0,200,0,200,200
377561,1,30,1,2,0,1,14,5,0,0,0,22,21,1,200,200,200,200,200,200,200
377561,1,30,1,2,0,1,14,5,0,0,0,22,21,0,200,200,200,200,200,200,200
377564,0,30,0,0,0,200,0,5,0,0,0,18,200,1,7,0,3,0,0,200,200
377564,0,30,0,0,0,200,0,5,0,0,0,18,200,1,200,200,0,200,200,200,200
377567,0,30,1,2,0,1,10,2,0,0,0,16,11,1,5,0,0,0,0,200,200
377567,0,30,1,2,0,1,10,2,0,0,0,16,11,1,4,0,1,0,0,200,200
377573,0,40,1,2,0,1,12,3,0,0,0,21,17,0,200,200,4,200,200,200,200
377573,0,40,1,2,0,1,12,3,0,0,0,21,17,0,4,0,0,0,0,200,200
377573,0,40,1,2,0,1,12,3,0,0,0,21,17,1,6,200,3,0,0,200,200
377573,0,40,1,2,0,1,12,3,0,0,0,21,17,0,6,200,3,200,200,200,200
377573,1,40,1,2,0,1,12,3,0,0,0,21,17,1,200,200,200,200,200,200,200
377574,0,20,0,0,0,1,2,5,0,0,0,14,16,0,200,200,12,200,200,200,200
377575,0,30,1,2,0,1,10,2,0,200,200,18,0,1,9,200,200,200,200,200,200
377575,0,30,1,2,0,1,10,2,0,200,200,18,0,1,6,200,200,200,200,200,200
377575,0,30,1,2,0,1,10,2,0,200,200,18,0,1,7,0,200,200,0,200,200
377575,1,30,1,2,0,1,10,2,0,200,200,18,0,0,7,0,200,200,200,200,200
377578,0,30,0,0,0,1,12,5,0,0,0,0,0,0,7,0,2,0,0,200,200
377578,0,30,0,0,0,1,12,5,0,0,0,0,0,0,7,0,0,0,0,200,200
377581,0,30,1,2,0,1,14,5,0,0,0,33,11,0,8,0,12,12,0,200,200
377581,0,30,1,2,0,1,14,5,0,0,0,33,11,1,6,0,0,0,0,200,200
377582,0,30,2,2,0,1,8,5,0,0,0,0,200,0,200,0,200,200,200,200,200
377582,4,30,2,2,0,1,8,5,0,0,0,0,200,0,4,7,0,0,200,200,200
377585,0,30,0,0,0,1,7,5,0,0,0,0,200,2,200,200,200,200,200,200,200
377590,0,30,0,0,200,200,7,5,0,0,0,20,200,2,200,200,200,200,200,200,200
377592,0,35,0,0,0,1,7,3,0,0,0,0,0,0,6,200,200,0,0,200,200
377592,1,35,0,0,0,1,7,3,0,0,0,0,0,1,5,200,200,200,200,200,200
377596,0,30,0,0,0,1,7,7,0,0,0,20,200,0,7,0,6,0,0,200,200
377597,0,30,0,0,0,1,10,5,0,0,0,16,0,0,7,200,3,0,0,200,200
377597,0,30,0,0,0,1,10,5,0,0,0,16,0,1,5,200,0,0,0,200,200
377600,0,30,0,0,200,200,7,6,0,200,0,17,0,2,200,200,1,200,200,200,200
377605,0,10,0,0,0,1,8,5,0,200,200,22,22,0,6,0,2,200,200,200,200
377605,4,10,0,0,0,1,8,5,0,200,200,22,22,0,200,200,2,200,200,200,200
377606,0,30,1,2,0,1,12,2,0,0,0,21,200,0,6,200,4,200,0,200,200
377606,0,30,1,2,0,1,12,2,0,0,0,21,200,0,6,0,0,0,0,200,200
377606,1,30,1,2,0,1,12,2,0,0,0,21,200,1,200,0,200,200,200,200,200
377608,0,25,0,0,0,1,10,5,0,0,0,18,14,0,8,200,200,0,0,200,200
377608,0,25,0,0,0,1,10,5,0,0,0,18,14,1,6,200,0,0,0,200,200
377608,0,25,0,0,0,1,10,5,0,0,0,18,14,0,7,200,0,0,0,200,200
377609,0,20,1,2,0,1,10,2,0,0,0,18,18,0,7,200,200,200,200,200,200
377609,0,20,1,2,0,1,10,2,0,0,0,18,18,0,0,200,0,200,0,200,200
377616,0,30,1,2,0,1,0,2,0,0,0,20,200,0,6,0,6,0,0,200,200
377616,0,30,1,2,0,1,0,2,0,0,0,20,200,0,8,0,0,0,0,200,200
377616,1,30,1,2,0,1,0,2,0,0,0,20,200,1,7,0,200,200,200,200,200
377619,0,30,1,2,0,1,0,5,0,0,0,6,200,1,6,0,5,0,0,200,200
377619,0,30,1,2,0,1,0,5,0,0,0,6,200,1,8,0,0,0,0,200,200
377619,0,30,1,2,0,1,0,5,0,0,0,6,200,1,5,0,0,0,0,200,200
377619,1,30,1,2,0,1,0,5,0,0,0,6,200,1,6,0,200,200,200,200,200
377619,1,30,1,2,0,1,0,5,0,0,0,6,200,1,6,0,200,200,200,200,200
377619,1,30,1,2,0,1,0,5,0,0,0,6,200,1,200,0,200,200,200,200,200
377620,0,30,0,0,0,1,7,7,0,0,0,0,0,2,200,200,200,200,200,200,200
377627,0,30,1,2,0,0,12,5,0,0,0,21,200,0,200,200,4,200,200,200,200
377627,0,30,1,2,0,0,12,5,0,0,0,21,200,0,7,0,0,0,0,200,200
377633,5,30,0,0,0,1,9,3,0,0,0,200,200,1,0,200,200,200,200,200,200
377633,0,30,0,0,0,1,9,3,0,0,0,200,200,0,6,0,0,0,0,200,200
377634,0,30,1,2,0,1,14,3,0,0,0,31,17,1,4,0,1,0,0,200,200
377634,0,30,1,2,0,1,14,3,0,0,0,31,17,0,7,0,0,0,0,200,200
377634,1,30,1,2,0,1,14,3,0,0,0,31,17,0,5,0,200,200,200,200,200
377634,1,30,1,2,0,1,14,3,0,0,0,31,17,1,4,0,200,200,200,200,200
377638,0,30,1,2,0,1,10,5,0,0,0,18,200,0,5,0,3,0,0,200,200
377638,0,30,1,2,0,1,10,5,0,0,0,18,200,1,6,0,0,0,0,200,200
377638,0,30,1,2,0,1,10,5,0,0,0,18,200,0,8,0,0,0,0,200,200
377638,1,30,1,2,0,1,10,5,0,0,0,18,200,0,3,0,200,200,200,200,200
377642,0,15,0,0,0,1,7,7,0,0,0,0,0,2,200,200,200,200,200,200,200
377643,0,30,0,0,0,1,5,6,0,0,0,33,33,0,6,0,12,3,0,200,200
377643,1,30,0,0,0,1,5,6,0,0,0,33,33,0,6,0,200,200,200,200,200
377645,0,10,0,0,0,1,0,7,0,0,0,0,200,1,200,0,6,0,0,200,200
377645,0,10,0,0,0,1,0,7,0,0,0,0,200,1,7,0,0,0,0,200,200
377645,1,10,0,0,0,1,0,7,0,0,0,0,200,1,7,0,200,200,200,200,200
377651,0,30,0,0,0,1,7,6,0,0,0,0,0,2,200,200,1,200,200,200,200
377652,0,10,0,0,0,1,11,7,0,200,200,20,20,1,7,0,6,200,0,200,200
377652,0,10,0,0,0,1,11,7,0,200,200,20,20,1,6,200,6,200,200,200,200
377652,1,10,0,0,0,1,11,7,0,200,200,20,20,2,200,200,200,200,200,200,200
377653,0,30,0,0,0,1,10,5,0,0,0,0,0,0,200,200,200,200,200,200,200
377653,0,30,0,0,0,1,10,5,0,0,0,0,0,1,5,0,200,200,200,200,200
377655,0,30,0,0,0,1,7,5,0,0,0,22,22,2,200,200,4,0,0,200,200
377660,0,15,0,0,0,200,7,7,0,0,0,0,0,2,200,200,200,200,200,200,200
377663,0,30,0,0,0,1,7,6,0,0,200,23,0,2,200,200,7,200,200,200,200
377672,0,35,0,0,0,1,7,5,0,0,0,0,0,2,200,200,200,200,200,200,200
377674,0,30,0,0,0,1,12,5,0,0,0,16,20,0,7,200,1,200,200,200,200
377674,0,30,0,0,0,1,12,5,0,0,0,16,20,1,6,200,10,200,0,200,200
377675,0,30,2,2,0,1,10,5,0,0,0,20,200,0,6,0,6,200,200,200,200
377675,0,30,2,2,0,1,10,5,0,0,0,20,200,0,5,0,200,200,0,200,200
377679,0,30,0,0,0,1,12,5,0,0,0,22,200,1,6,0,2,0,0,200,200
377679,0,30,0,0,0,1,12,5,0,0,0,22,200,0,7,0,0,0,0,200,200
377680,0,30,1,2,0,1,10,2,0,0,0,0,0,0,5,0,0,0,0,200,200
377680,0,30,1,2,0,1,10,2,0,0,0,0,0,0,5,0,0,0,0,200,200
377680,1,30,1,2,0,1,10,2,0,0,0,0,0,0,6,0,200,200,200,200,200
377680,1,30,1,2,0,1,10,2,0,0,0,0,0,0,5,0,200,200,200,200,200
377682,0,30,0,0,0,1,7,5,0,0,0,0,0,1,6,0,7,0,0,200,200
377683,0,30,2,2,0,1,0,2,0,0,0,17,16,0,6,200,1,1,0,200,200
377683,0,30,2,2,0,1,0,2,0,0,0,17,16,1,6,0,0,200,7,200,200
377683,1,30,2,2,0,1,0,2,0,0,0,17,16,0,0,5,200,200,200,200,200
377683,1,30,2,2,0,1,0,2,0,0,0,17,16,1,0,5,200,200,200,200,200
377684,0,30,1,2,0,1,10,5,0,0,0,18,200,1,5,0,3,0,0,200,200
377684,0,30,1,2,0,1,10,5,0,0,0,18,200,1,7,0,0,0,0,200,200
377684,0,30,1,2,0,1,10,5,0,0,0,18,200,1,5,0,0,0,0,200,200
377687,0,30,0,0,0,1,7,7,0,0,0,0,16,1,200,200,10,0,0,200,200
377689,0,30,0,0,0,1,14,5,0,0,0,17,21,0,200,200,1,200,200,200,200
377689,0,30,0,0,0,1,14,5,0,0,0,17,21,0,6,0,0,0,0,200,200
377692,0,30,1,2,0,3,10,5,0,0,0,200,200,0,3,0,6,0,0,200,200
377692,0,30,1,2,0,3,10,5,0,0,0,200,200,1,5,0,0,0,0,200,200
377694,0,30,2,2,0,1,10,5,0,0,0,0,0,1,200,0,200,0,0,200,200
377694,0,30,2,2,0,1,10,5,0,0,0,0,0,0,5,0,0,0,0,200,200
377695,0,30,0,0,0,1,12,5,0,0,0,0,200,0,5,200,2,0,0,200,200
377695,0,30,0,0,0,1,12,5,0,0,0,0,200,1,6,0,0,0,0,200,200
377698,0,10,0,0,0,1,0,7,0,0,0,20,200,1,7,0,6,0,0,200,200
377698,0,10,0,0,0,1,0,7,0,0,0,20,200,0,7,0,0,0,0,200,200
377703,0,30,2,2,0,1,0,5,0,0,0,17,11,1,7,0,1,0,0,200,200
377703,0,30,2,2,0,1,0,5,0,0,0,17,11,1,6,0,0,0,0,200,200
377703,1,30,2,2,0,1,0,5,0,0,0,17,11,1,4,0,200,200,200,200,200
377703,1,30,2,2,0,1,0,5,0,0,0,17,11,0,6,0,200,200,200,200,200
377703,1,30,2,2,0,1,0,5,0,0,0,17,11,1,2,5,200,200,200,200,200
377703,1,30,2,2,0,1,0,5,0,0,0,17,11,1,5,0,200,200,200,200,200
377703,1,30,2,2,0,1,0,5,0,0,0,17,11,1,2,0,200,200,200,200,200
377704,0,30,0,0,0,1,12,2,0,0,0,21,200,0,200,200,4,200,200,200,200
377704,0,30,0,0,0,1,12,2,0,0,0,21,200,1,5,7,0,0,0,200,200
377711,0,30,0,0,0,1,0,2,0,0,0,0,0,0,6,7,1,200,0,200,200