RD_NO,PERSON_TYPE,POSTED_SPEED_LIMIT,TRAFFIC_CONTROL_DEVICE,DEVICE_CONDITION,WEATHER_CONDITION,LIGHTING_CONDITION,FIRST_CRASH_TYPE,TRAFFICWAY_TYPE,ALIGNMENT,ROADWAY_SURFACE_COND,ROAD_DEFECT,PRIM_CONTRIBUTORY_CAUSE,SEC_CONTRIBUTORY_CAUSE,SEX,AGE,SAFETY_EQUIPMENT,DRIVER_ACTION,DRIVER_VISION,PHYSICAL_CONDITION,BAC_RESULT VALUE,CELL_PHONE_USE
377711,0,30,0,0,0,1,0,2,0,0,0,0,0,1,8,200,0,200,0,200,200
377711,1,30,0,0,0,1,0,2,0,0,0,0,0,1,200,200,200,200,200,200,200
377711,1,30,0,0,0,1,0,2,0,0,0,0,0,2,200,200,200,200,200,200,200
377711,1,30,0,0,0,1,0,2,0,0,0,0,0,1,200,200,200,200,200,200,200
377719,0,30,1,2,0,1,14,12,0,0,0,17,16,1,4,200,1,0,0,200,200
377719,0,30,1,2,0,1,14,12,0,0,0,17,16,0,6,200,12,0,0,200,200
377724,0,30,1,2,0,1,10,5,0,0,0,0,0,0,200,200,200,200,200,200,200
377724,0,30,1,2,0,1,10,5,0,0,0,0,0,0,7,0,0,0,0,200,200
377725,0,30,0,0,0,1,8,5,0,0,0,17,200,1,200,200,12,200,200,200,200
377725,4,30,0,0,0,1,8,5,0,0,0,17,200,0,5,7,0,0,0,200,200
377729,0,30,0,0,0,1,7,2,0,0,0,20,200,1,5,0,6,0,0,200,200
377731,0,30,0,0,0,1,10,5,0,0,0,0,0,0,200,0,200,0,0,200,200
377731,0,30,0,0,0,1,10,5,0,0,0,0,0,0,6,0,0,0,0,200,200
377732,0,30,1,2,0,1,10,5,0,0,0,18,200,1,6,0,3,0,0,200,200
377732,0,30,1,2,0,1,10,5,0,0,0,18,200,1,200,200,0,200,200,200,200
377734,0,30,2,2,0,1,0,2,0,0,0,17,200,0,6,200,1,200,0,200,200
377734,0,30,2,2,0,1,0,2,0,0,0,17,200,1,5,200,0,200,0,200,200
377734,1,30,2,2,0,1,0,2,0,0,0,17,200,1,6,200,200,200,200,200,200
377735,0,30,0,0,0,3,10,3,0,0,0,18,18,0,200,200,3,200,200,200,200
377735,0,30,0,0,0,3,10,3,0,0,0,18,18,1,7,0,0,0,0,200,200
377738,0,30,0,0,0,1,2,2,0,0,200,200,200,1,5,200,200,200,12,200,200
377738,3,30,0,0,0,1,2,2,0,0,200,200,200,200,200,200,200,200,200,200,200
377740,0,30,0,0,0,1,7,6,0,0,0,0,16,1,6,0,200,0,200,200,200
377750,0,0,0,0,0,1,7,7,0,0,200,0,0,0,8,0,200,200,200,200,200
377751,0,30,0,0,0,1,7,5,0,0,0,21,200,0,7,200,2,0,0,200,200
377754,0,30,0,0,0,1,12,5,0,0,0,0,0,0,200,0,10,0,0,200,200
377754,0,30,0,0,0,1,12,5,0,0,0,0,0,1,7,0,0,0,0,200,200
377764,0,30,0,0,0,1,7,5,0,0,200,0,0,2,200,200,200,200,200,200,200
377765,0,30,0,0,0,0,2,0,0,0,0,0,200,0,200,200,200,200,200,200,200
377768,0,30,0,0,0,1,14,5,0,0,0,23,200,0,5,200,7,0,0,200,200
377768,0,30,0,0,0,1,14,5,0,0,0,23,200,0,6,0,0,0,0,200,200
377769,0,25,0,0,0,1,7,2,0,0,0,0,0,1,7,7,12,200,200,200,200
377771,0,30,2,0,0,1,0,5,0,0,0,0,200,0,200,200,200,200,200,200,200
377771,0,30,2,0,0,1,0,5,0,0,0,0,200,0,6,0,0,0,0,200,200
377778,0,30,0,0,0,1,0,7,0,0,0,20,200,0,7,200,6,200,200,200,200
377778,0,30,0,0,0,1,0,7,0,0,0,20,200,0,6,0,0,0,0,200,200
377779,0,30,1,2,0,1,10,5,0,0,0,21,200,0,200,0,12,0,0,200,200
377779,0,30,1,2,0,1,10,5,0,0,0,21,200,1,5,0,0,0,0,200,200
377779,1,30,1,2,0,1,10,5,0,0,0,21,200,1,5,0,200,200,200,200,200
377780,0,30,0,0,0,1,0,7,0,0,0,0,0,1,6,0,200,200,200,200,200
377780,0,30,0,0,0,1,0,7,0,0,0,0,0,0,7,0,200,200,200,200,200
377784,0,30,0,0,200,4,10,5,0,200,200,0,0,0,7,200,200,200,200,200,200
377784,0,30,0,0,200,4,10,5,0,200,200,0,0,1,5,0,0,0,200,200,200
377784,1,30,0,0,200,4,10,5,0,200,200,0,0,0,200,0,200,200,200,200,200
377785,0,30,0,0,0,1,2,5,0,0,0,0,0,0,4,0,200,200,200,200,200
377790,0,30,0,0,0,1,10,5,0,0,0,18,200,2,200,200,3,200,200,200,200
377790,0,30,0,0,0,1,10,5,0,0,0,18,200,1,6,0,0,0,0,200,200
377795,0,0,1,2,0,1,10,2,0,0,0,18,200,0,5,200,3,200,0,200,200
377795,0,0,1,2,0,1,10,2,0,0,0,18,200,1,6,200,12,200,0,200,200
377795,1,0,1,2,0,1,10,2,0,0,0,18,200,1,8,200,200,200,200,200,200
377795,1,0,1,2,0,1,10,2,0,0,0,18,200,0,0,5,200,200,200,200,200
377797,0,30,0,0,0,1,14,5,0,0,0,33,200,1,6,0,1,5,0,200,200
377797,0,30,0,0,0,1,14,5,0,0,0,33,200,1,7,0,0,200,0,200,200
377798,0,30,0,0,0,1,7,5,0,0,0,0,0,1,200,200,200,0,200,200,200
377799,0,30,2,12,0,1,0,5,0,0,0,11,0,0,200,200,200,200,200,200,200
377799,0,30,2,12,0,1,0,5,0,0,0,11,0,0,7,200,200,200,0,200,200
377799,1,30,2,12,0,1,0,5,0,0,0,11,0,2,200,200,200,200,200,200,200
377803,0,30,0,0,0,1,10,5,0,0,0,18,0,0,6,200,3,200,0,200,200
377803,0,30,0,0,0,1,10,5,0,0,0,18,0,1,6,0,0,0,0,200,200
377806,0,30,0,0,0,1,8,6,0,0,0,17,200,2,200,200,1,200,200,200,200
377806,4,30,0,0,0,1,8,6,0,0,0,17,200,0,3,0,0,0,0,200,200
377810,0,30,0,0,0,1,10,5,0,0,0,16,0,0,4,200,12,200,0,200,200
377810,0,30,0,0,0,1,10,5,0,0,0,16,0,1,7,200,0,200,0,200,200
377810,0,30,0,0,0,1,10,5,0,0,0,16,0,1,6,200,0,200,0,200,200
377810,1,30,0,0,0,1,10,5,0,0,0,16,0,1,1,5,200,200,200,200,200
377810,1,30,0,0,0,1,10,5,0,0,0,16,0,1,4,200,200,200,200,200,200
377815,0,30,2,2,0,1,0,5,0,0,0,17,17,1,7,0,1,0,0,200,200
377815,0,30,2,2,0,1,0,5,0,0,0,17,17,1,8,0,0,0,0,200,200
377816,0,30,1,2,0,1,12,2,0,0,0,21,200,1,6,0,1,0,200,200,200
377816,0,30,1,2,0,1,12,2,0,0,0,21,200,0,6,0,0,0,0,200,200
377817,0,30,0,0,0,1,12,2,0,0,0,21,11,1,5,200,4,200,0,200,200
377817,0,30,0,0,0,1,12,2,0,0,0,21,11,1,6,200,0,200,0,200,200
377818,0,30,0,0,0,1,10,5,0,0,0,0,0,0,0,200,1,0,0,200,200
377818,0,30,0,0,0,1,10,5,0,0,0,0,0,1,5,0,0,0,0,200,200
377821,0,30,1,2,0,1,12,5,0,0,0,13,200,1,5,0,12,0,0,200,200
377821,0,30,1,2,0,1,12,5,0,0,0,13,200,0,7,0,0,0,0,200,200
377822,0,20,0,0,0,1,7,2,0,0,200,200,200,2,200,200,200,200,200,200,200
377824,0,30,0,0,0,1,7,5,0,0,0,0,0,0,8,0,0,0,0,200,200
377824,1,30,0,0,0,1,7,5,0,0,0,0,0,0,6,0,200,200,200,200,200
377824,1,30,0,0,0,1,7,5,0,0,0,0,0,1,200,5,200,200,200,200,200
377829,0,30,2,200,0,1,0,3,0,0,2,5,17,1,7,200,1,0,0,200,200
377829,0,30,2,200,0,1,0,3,0,0,2,5,17,1,6,200,12,0,0,200,200
377831,0,30,0,0,0,1,7,3,0,0,0,0,200,1,200,200,1,200,200,200,200
377833,0,30,0,0,0,1,2,6,0,0,0,1,0,0,7,0,7,0,0,200,200
377834,0,30,12,0,0,1,7,7,0,0,0,0,0,2,200,200,200,200,200,200,200
377840,0,30,0,0,0,1,14,5,0,0,0,17,200,0,5,200,1,200,0,200,200
377840,0,30,0,0,0,1,14,5,0,0,0,17,200,1,6,200,0,200,0,200,200
377841,0,30,1,2,0,1,10,5,0,0,0,18,200,0,6,200,3,200,0,200,200
377841,0,30,1,2,0,1,10,5,0,0,0,18,200,0,5,0,0,0,0,200,200
377841,1,30,1,2,0,1,10,5,0,0,0,18,200,2,200,200,200,200,200,200,200
377841,1,30,1,2,0,1,10,5,0,0,0,18,200,2,200,200,200,200,200,200,200
377841,1,30,1,2,0,1,10,5,0,0,0,18,200,0,200,200,200,200,200,200,200
377841,1,30,1,2,0,1,10,5,0,0,0,18,200,1,200,0,200,200,200,200,200
377844,0,30,1,2,0,1,12,5,0,0,0,0,0,1,200,200,4,200,200,200,200
377844,0,30,1,2,0,1,12,5,0,0,0,0,0,1,6,0,0,0,0,200,200
377845,0,30,0,2,0,1,14,5,0,0,0,0,0,0,6,0,1,0,0,200,200
377845,0,30,0,2,0,1,14,5,0,0,0,0,0,1,8,0,0,0,0,200,200
377846,0,30,1,2,0,1,0,5,0,0,0,17,17,1,7,200,1,0,0,200,200
377846,0,30,1,2,0,1,0,5,0,0,0,17,17,0,7,0,0,0,0,200,200
377847,0,30,0,0,0,1,2,4,2,0,0,0,200,0,7,0,200,6,0,200,200
377854,0,30,1,2,0,1,10,5,0,0,0,18,18,2,200,200,1,200,200,200,200
377854,0,30,1,2,0,1,10,5,0,0,0,18,18,1,7,0,0,0,0,200,200
377856,0,30,1,2,0,1,14,2,0,0,0,25,200,0,200,200,1,200,200,200,200
377856,0,30,1,2,0,1,14,2,0,0,0,25,200,0,0,0,0,0,200,200,200
377859,0,30,0,0,0,1,0,5,0,0,0,17,200,1,5,0,1,0,0,200,200
377859,0,30,0,0,0,1,0,5,0,0,0,17,200,0,8,0,0,0,0,200,200
377859,0,30,0,0,0,1,0,5,0,0,0,17,200,0,5,0,0,0,0,200,200
377867,0,30,1,2,0,1,12,2,0,0,0,11,0,0,200,200,12,0,200,200,200
377867,0,30,1,2,0,1,12,2,0,0,0,11,0,0,6,0,0,0,0,200,200
377867,1,30,1,2,0,1,12,2,0,0,0,11,0,0,3,0,200,200,200,200,200
377868,0,30,1,2,0,1,10,5,0,0,0,0,0,0,200,200,12,200,0,200,200
377868,0,30,1,2,0,1,10,5,0,0,0,0,0,0,200,200,0,0,0,200,200
377869,0,30,2,2,0,1,14,5,0,0,0,17,200,1,6,0,1,0,0,200,200
377869,0,30,2,2,0,1,14,5,0,0,0,17,200,1,6,0,0,0,0,200,200
377872,0,30,0,0,0,1,8,2,0,0,0,25,33,0,7,200,12,200,0,200,200
377872,4,30,0,0,0,1,8,2,0,0,0,25,33,0,5,200,200,200,0,200,200
377874,4,15,0,0,0,1,8,0,0,0,0,17,200,200,200,2,1,2,200,200,200
377874,0,15,0,0,0,1,8,0,0,0,0,17,200,1,6,0,0,2,0,200,200
377895,0,30,1,2,0,1,10,5,0,0,0,18,200,0,7,0,3,0,0,200,200
377895,0,30,1,2,0,1,10,5,0,0,0,18,200,0,6,0,0,0,0,200,200
377897,0,30,0,0,0,1,7,6,0,0,0,0,200,0,5,0,200,0,0,200,200
377897,1,30,0,0,0,1,7,6,0,0,0,0,200,0,2,1,200,200,200,200,200
377897,1,30,0,0,0,1,7,6,0,0,0,0,200,0,2,1,200,200,200,200,200
377901,0,30,1,2,0,1,0,6,0,0,0,6,25,0,200,200,5,200,200,200,200
377901,0,30,1,2,0,1,0,6,0,0,0,6,25,0,6,0,0,0,0,200,200
377903,0,30,1,2,0,1,14,2,3,0,0,22,23,1,5,0,7,0,0,200,200
377903,0,30,1,2,0,1,14,2,3,0,0,22,23,1,5,1,0,0,0,200,200
377904,0,15,0,0,0,1,9,0,0,0,200,0,0,1,200,200,200,200,200,200,200
377904,5,15,0,0,0,1,9,0,0,0,200,0,0,0,7,200,200,200,2,200,200
377904,1,15,0,0,0,1,9,0,0,0,200,0,0,200,200,200,200,200,200,200,200
377910,0,30,0,0,0,1,0,5,0,0,0,17,0,1,7,0,0,0,0,200,200
377910,0,30,0,0,0,1,0,5,0,0,0,17,0,1,6,0,0,0,0,200,200
377910,1,30,0,0,0,1,0,5,0,0,0,17,0,1,200,0,200,200,200,200,200
377914,0,30,1,2,0,1,7,2,0,0,0,23,200,1,5,0,12,0,0,200,200
377914,1,30,1,2,0,1,7,2,0,0,0,23,200,0,200,0,200,200,200,200,200
377916,0,30,0,0,0,4,7,7,0,0,0,0,200,2,200,200,200,200,200,200,200
377917,0,30,0,0,0,1,12,2,0,0,200,0,0,0,5,0,200,200,0,200,200
377917,0,30,0,0,0,1,12,2,0,0,200,0,0,0,7,0,0,200,0,200,200
377918,0,30,0,0,0,1,14,2,0,0,0,18,16,1,5,200,2,0,0,200,200
377918,0,30,0,0,0,1,14,2,0,0,0,18,16,1,6,200,2,0,0,200,200
377929,0,15,0,0,0,1,7,0,0,0,0,0,200,0,200,200,200,200,200,200,200
377929,1,15,0,0,0,1,7,0,0,0,0,0,200,0,200,200,200,200,200,200,200
377934,0,25,0,0,0,1,7,5,0,0,0,0,200,2,200,200,200,200,200,200,200
377939,0,30,1,2,0,1,14,2,0,200,200,23,22,0,6,200,7,200,200,200,200
377939,0,30,1,2,0,1,14,2,0,200,200,23,22,1,5,0,200,200,0,200,200
377939,1,30,1,2,0,1,14,2,0,200,200,23,22,0,200,200,200,200,200,200,200
377939,1,30,1,2,0,1,14,2,0,200,200,23,22,0,200,200,200,200,200,200,200
377941,0,25,1,200,0,1,10,2,0,0,0,18,18,1,6,200,3,200,200,200,200
377941,0,25,1,200,0,1,10,2,0,0,0,18,18,1,7,0,0,0,0,200,200
377949,0,30,0,0,0,1,8,5,0,0,0,0,0,0,200,200,1,200,200,200,200
377949,4,30,0,0,0,1,8,5,0,0,0,0,0,0,5,3,0,0,0,200,200
377953,0,30,0,0,0,3,7,5,0,0,200,0,200,1,5,200,200,200,200,200,200
377953,1,30,0,0,0,3,7,5,0,0,200,0,200,200,200,200,200,200,200,200,200
377953,1,30,0,0,0,3,7,5,0,0,200,0,200,200,200,200,200,200,200,200,200
377964,0,30,0,0,0,1,7,5,0,0,0,200,200,0,6,0,200,0,0,200,200
377964,1,30,0,0,0,1,7,5,0,0,0,200,200,0,2,0,200,200,200,200,200
377966,0,30,0,0,0,1,7,6,0,200,200,0,200,2,200,200,200,200,200,200,200
377967,0,30,1,2,0,1,8,5,0,0,0,17,21,0,200,200,1,200,200,200,200
377967,4,30,1,2,0,1,8,5,0,0,0,17,21,0,6,3,0,0,0,200,200
377968,0,30,0,0,0,2,3,7,0,0,0,16,0,1,6,200,10,200,0,200,200
377968,0,30,0,0,0,2,3,7,0,0,0,16,0,0,5,200,0,200,0,200,200
377968,1,30,0,0,0,2,3,7,0,0,0,16,0,1,5,200,200,200,200,200,200
377968,1,30,0,0,0,2,3,7,0,0,0,16,0,0,5,200,200,200,200,200,200
377975,0,35,1,2,0,1,12,1,0,0,0,0,0,0,6,200,200,0,0,200,200
377975,0,35,1,2,0,1,12,1,0,0,0,0,0,0,5,200,0,0,0,200,200
377975,0,35,1,2,0,1,12,1,0,0,0,0,0,0,5,7,0,0,0,200,200
377978,0,30,0,0,0,4,14,2,0,0,200,17,200,2,200,200,200,200,200,200,200
377978,0,30,0,0,0,4,14,2,0,0,200,17,200,0,5,200,0,200,0,200,200
377978,0,30,0,0,0,4,14,2,0,0,200,17,200,0,5,200,0,200,0,200,200
377978,1,30,0,0,0,4,14,2,0,0,200,17,200,0,5,200,200,200,200,200,200
377979,0,30,0,0,0,1,12,5,0,0,0,23,200,1,6,7,0,0,0,200,200
377979,0,30,0,0,0,1,12,5,0,0,0,23,200,2,200,200,0,200,200,200,200
377984,0,35,0,0,0,3,10,3,0,0,0,18,0,1,7,0,3,0,0,200,200
377984,0,35,0,0,0,3,10,3,0,0,0,18,0,0,7,0,0,0,0,200,200
377987,0,15,0,0,0,4,0,7,0,200,200,0,200,0,7,200,6,200,200,200,200
377987,0,15,0,0,0,4,0,7,0,200,200,0,200,1,6,0,200,0,0,200,200
377995,0,30,0,12,0,1,14,5,0,0,0,23,200,0,200,200,7,200,200,200,200
377995,0,30,0,12,0,1,14,5,0,0,0,23,200,1,4,0,0,0,0,200,200
377995,1,30,0,12,0,1,14,5,0,0,0,23,200,1,4,0,200,200,200,200,200
377999,0,30,200,200,0,1,7,5,0,0,0,0,200,2,200,200,200,200,200,200,200
378003,0,30,0,0,0,1,2,2,0,0,200,13,0,0,6,0,0,200,0,200,200
378003,1,30,0,0,0,1,2,2,0,0,200,13,0,1,6,0,200,200,200,200,200
378005,0,30,0,0,0,3,10,2,0,0,0,0,0,1,5,0,3,0,0,200,200
378005,0,30,0,0,0,3,10,2,0,0,0,0,0,1,7,0,0,0,0,200,200
378007,0,30,1,2,0,4,10,6,0,0,0,18,200,0,7,0,3,0,0,200,200
378007,0,30,1,2,0,4,10,6,0,0,0,18,200,0,6,0,0,0,0,200,200
378008,0,30,1,2,0,1,7,6,0,0,0,22,200,0,6,200,12,200,200,200,200
378028,0,30,1,200,0,3,10,5,0,200,200,0,0,1,6,200,200,200,200,200,200
378028,0,30,1,200,0,3,10,5,0,200,200,0,0,1,7,0,0,0,0,200,200
378033,0,30,1,2,0,1,10,5,0,0,0,18,200,1,200,200,3,200,200,200,200
378033,0,30,1,2,0,1,10,5,0,0,0,18,200,1,7,0,200,200,0,200,200
378034,0,30,0,0,0,3,14,5,0,0,0,23,0,2,200,200,7,200,200,200,200
378034,0,30,0,0,0,3,14,5,0,0,0,23,0,1,6,0,0,0,0,200,200
378036,0,30,2,2,0,1,12,2,0,0,0,18,0,0,200,200,3,0,0,200,200
378036,0,30,2,2,0,1,12,2,0,0,0,18,0,0,6,0,12,0,0,200,200
378036,1,30,2,2,0,1,12,2,0,0,0,18,0,200,200,200,200,200,200,200,200
378036,1,30,2,2,0,1,12,2,0,0,0,18,0,2,200,200,200,200,200,200,200
378036,1,30,2,2,0,1,12,2,0,0,0,18,0,1,200,200,200,200,200,200,200
378038,0,5,12,1,0,0,2,7,0,0,0,3,200,0,5,0,12,0,0,200,200
378038,1,5,12,1,0,0,2,7,0,0,0,3,200,0,200,0,200,200,200,200,200
378045,0,15,200,200,0,200,2,7,0,0,0,200,200,0,6,0,200,0,0,200,200
378048,0,30,2,2,0,1,0,12,0,0,0,17,17,1,6,0,1,0,0,200,200
378048,0,30,2,2,0,1,0,12,0,0,0,17,17,0,7,0,0,0,0,200,200
378050,0,30,0,0,0,3,14,5,0,0,0,23,0,0,6,0,7,0,0,200,200
378050,0,30,0,0,0,3,14,5,0,0,0,23,0,0,4,0,0,0,0,200,200
378054,0,35,0,200,0,1,0,7,0,0,0,0,0,0,200,200,200,200,200,200,200
378054,0,35,0,200,0,1,0,7,0,0,0,0,0,0,3,0,12,0,0,200,200
378060,0,30,0,0,0,3,7,5,0,0,0,0,0,2,200,200,200,200,200,200,200
378065,0,30,0,0,0,3,2,5,0,0,0,16,16,1,7,0,10,0,0,200,200
378068,0,15,0,0,0,1,7,7,0,0,0,0,0,0,200,200,200,200,200,200,200
378070,0,30,2,2,0,1,0,6,0,0,0,17,16,0,7,0,1,0,0,200,200
378070,0,30,2,2,0,1,0,6,0,0,0,17,16,1,6,0,0,0,0,200,200
378070,1,30,2,2,0,1,0,6,0,0,0,17,16,0,7,7,200,200,200,200,200
378075,0,10,0,0,0,3,7,12,0,0,0,20,200,0,7,0,6,0,0,200,200
378075,1,10,0,0,0,3,7,12,0,0,0,20,200,0,3,0,200,200,200,200,200
378077,0,30,0,0,0,1,7,5,0,0,0,0,200,0,200,200,6,200,200,200,200
378077,1,30,0,0,0,1,7,5,0,0,0,0,200,2,200,200,200,200,200,200,200
378077,1,30,0,0,0,1,7,5,0,0,0,0,200,2,200,0,200,200,200,200,200
378082,0,35,1,2,0,0,14,6,0,0,0,0,0,0,6,0,200,0,0,200,200
378082,0,35,1,2,0,0,14,6,0,0,0,0,0,0,6,0,200,0,0,200,200
378086,0,30,0,0,0,2,14,5,0,0,0,17,200,0,9,0,1,0,0,200,200
378086,0,30,0,0,0,2,14,5,0,0,0,17,200,1,7,0,0,0,0,200,200
378089,0,30,2,2,0,0,0,6,0,0,0,17,0,0,6,200,1,0,0,200,200
378089,0,30,2,2,0,0,0,6,0,0,0,17,0,1,5,200,0,0,0,200,200
378091,0,30,0,0,0,1,10,5,0,0,0,20,0,1,5,200,6,0,0,200,200
378091,0,30,0,0,0,1,10,5,0,0,0,20,0,1,6,0,0,0,0,200,200
378094,0,30,0,0,0,1,7,5,0,0,0,0,0,2,200,200,200,200,200,200,200
378099,0,30,0,0,0,0,0,5,0,0,0,17,16,0,200,200,12,200,200,200,200
378099,0,30,0,0,0,0,0,5,0,0,0,17,16,0,200,0,0,0,0,200,200
378100,0,30,1,2,0,1,10,5,0,0,200,0,0,0,6,200,200,200,200,200,200
378100,0,30,1,2,0,1,10,5,0,0,200,0,0,1,6,0,0,200,0,200,200
378100,1,30,1,2,0,1,10,5,0,0,200,0,0,1,200,0,200,200,200,200,200
378100,1,30,1,2,0,1,10,5,0,0,200,0,0,1,200,0,200,200,200,200,200
378103,0,20,2,2,0,3,0,12,0,0,1,5,16,1,5,0,1,0,0,200,200
378103,0,20,2,2,0,3,0,12,0,0,1,5,16,0,5,0,0,0,0,200,200
378115,0,30,1,2,0,3,14,12,0,0,1,16,14,0,5,200,8,0,0,200,200
378115,0,30,1,2,0,3,14,12,0,0,1,16,14,0,8,200,0,0,0,200,200
378115,1,30,1,2,0,3,14,12,0,0,1,16,14,1,5,200,200,200,200,200,200
378119,0,40,1,2,0,3,5,3,0,0,0,33,200,0,5,0,0,12,0,200,200
378119,1,40,1,2,0,3,5,3,0,0,0,33,200,0,5,0,200,200,200,200,200
378122,0,30,0,0,0,0,2,3,0,0,0,11,0,0,7,200,12,0,0,200,200
378128,0,30,2,2,0,3,14,2,0,0,0,17,17,0,6,200,1,0,0,200,200
378128,0,30,2,2,0,3,14,2,0,0,0,17,17,0,6,200,12,0,0,200,200
378132,0,30,0,0,0,3,9,5,0,0,0,0,200,2,200,200,200,200,200,200,200
378132,5,30,0,0,0,3,9,5,0,0,0,0,200,0,6,7,0,0,5,200,200
378135,0,20,0,0,0,1,7,5,0,0,0,14,0,0,200,200,8,200,200,200,200
378139,0,30,1,2,0,3,14,2,0,0,200,23,200,1,200,200,7,200,200,200,200
378139,0,30,1,2,0,3,14,2,0,0,200,23,200,1,6,0,0,0,0,200,200
378144,0,30,0,0,0,3,7,5,0,0,0,27,200,0,8,0,200,0,12,200,200
378152,0,30,0,0,0,3,7,6,0,0,0,21,200,2,200,200,200,200,200,200,200
378156,0,30,0,0,0,0,7,6,0,0,0,16,200,1,5,200,6,200,0,200,200
378158,0,30,0,0,0,3,10,3,0,0,0,18,0,0,5,0,3,0,0,200,200
378158,0,30,0,0,0,3,10,3,0,0,0,18,0,0,7,0,0,0,0,200,200
378163,0,5,0,0,0,3,7,7,0,0,0,0,0,0,200,200,200,200,200,200,200
378163,1,5,0,0,0,3,7,7,0,0,0,0,0,0,7,200,200,200,200,200,200
378166,0,30,1,2,0,4,0,5,0,0,0,6,200,0,6,0,5,0,0,200,200
378166,0,30,1,2,0,4,0,5,0,0,0,6,200,0,6,0,0,0,0,200,200
378166,0,30,1,2,0,4,0,5,0,0,0,6,200,0,6,0,0,0,0,200,200
378166,1,30,1,2,0,4,0,5,0,0,0,6,200,0,8,0,200,200,200,200,200
378166,1,30,1,2,0,4,0,5,0,0,0,6,200,1,7,0,200,200,200,200,200
378166,1,30,1,2,0,4,0,5,0,0,0,6,200,1,5,0,200,200,200,200,200
378166,1,30,1,2,0,4,0,5,0,0,0,6,200,1,7,0,200,200,200,200,200
378166,1,30,1,2,0,4,0,5,0,0,0,6,200,1,6,0,200,200,200,200,200
378170,0,30,200,200,0,1,9,200,0,0,0,0,0,1,200,200,200,200,200,200,200
378170,5,30,200,200,0,1,9,200,0,0,0,0,0,1,5,7,0,200,200,200,200
378171,0,30,0,0,0,3,7,5,0,0,0,30,200,0,5,0,11,0,0,200,1
378180,0,30,0,0,0,3,12,5,0,0,0,17,200,0,200,200,200,200,200,200,200
378180,0,30,0,0,0,3,12,5,0,0,0,17,200,0,6,200,0,0,0,200,200
378180,1,30,0,0,0,3,12,5,0,0,0,17,200,1,200,200,200,200,200,200,200
378186,0,30,0,0,0,3,12,2,3,0,0,21,200,0,6,200,4,200,200,200,200
378186,0,30,0,0,0,3,12,2,3,0,0,21,200,0,7,200,0,0,0,200,200
378186,1,30,0,0,0,3,12,2,3,0,0,21,200,1,200,200,200,200,200,200,200
378199,0,30,0,2,0,0,2,5,0,0,0,25,32,0,4,200,200,200,5,0.17,200
378199,0,30,0,2,0,0,2,5,0,0,0,25,32,1,5,200,0,0,0,200,200
378199,0,30,0,2,0,0,2,5,0,0,0,25,32,0,5,200,0,0,0,200,200
378199,1,30,0,2,0,0,2,5,0,0,0,25,32,0,1,200,200,200,200,200,200
378199,1,30,0,2,0,0,2,5,0,0,0,25,32,1,6,200,200,200,200,200,200
378199,1,30,0,2,0,0,2,5,0,0,0,25,32,1,6,200,200,200,200,200,200
378203,0,30,2,2,0,3,0,5,0,0,0,0,0,0,200,200,1,200,200,200,200
378203,0,30,2,2,0,3,0,5,0,0,0,0,0,0,5,0,0,0,0,200,200
378206,0,30,0,0,0,3,11,5,0,0,0,21,0,0,5,200,4,200,0,200,200
378206,0,30,0,0,0,3,11,5,0,0,0,21,0,0,7,200,4,200,0,200,200
378208,0,35,2,2,0,3,0,5,0,0,0,17,0,0,7,200,200,200,0,200,200
378208,0,35,2,2,0,3,0,5,0,0,0,17,0,0,5,200,1,200,0,200,200
378208,1,35,2,2,0,3,0,5,0,0,0,17,0,1,200,200,200,200,200,200,200
378208,1,35,2,2,0,3,0,5,0,0,0,17,0,1,200,200,200,200,200,200,200
378208,1,35,2,2,0,3,0,5,0,0,0,17,0,0,200,200,200,200,200,200,200
378208,1,35,2,2,0,3,0,5,0,0,0,17,0,0,200,200,200,200,200,200,200
378209,0,30,0,0,0,3,8,5,0,0,0,7,200,0,6,0,10,0,0,200,200
378209,4,30,0,0,0,3,8,5,0,0,0,7,200,0,200,7,2,0,0,200,200
378219,0,5,0,0,0,0,7,6,0,0,0,0,0,2,200,200,200,200,200,200,200
378226,0,30,1,2,0,3,12,5,0,0,0,0,0,0,6,0,200,0,0,200,200
378226,0,30,1,2,0,3,12,5,0,0,0,0,0,0,6,0,0,0,0,200,200
378227,0,30,1,2,0,4,9,2,0,0,0,17,0,1,200,200,1,200,200,200,200
378227,5,30,1,2,0,4,9,2,0,0,0,17,0,1,6,7,0,12,12,200,200
378232,0,15,0,0,0,1,14,7,0,0,0,18,0,1,200,200,3,200,200,200,200
378232,0,15,0,0,0,1,14,7,0,0,0,18,0,1,7,0,0,0,0,200,200
378237,0,25,2,0,0,3,7,5,0,0,0,0,0,2,200,200,200,200,200,200,200
378242,0,30,1,2,0,0,10,5,0,0,0,18,0,1,6,0,0,0,0,200,200
378242,0,30,1,2,0,0,10,5,0,0,0,18,0,0,200,200,3,200,200,200,200
378242,1,30,1,2,0,0,10,5,0,0,0,18,0,0,200,0,200,200,200,200,200
378242,1,30,1,2,0,0,10,5,0,0,0,18,0,2,200,200,200,200,200,200,200
378244,0,30,1,2,0,3,12,2,0,0,0,0,200,0,200,200,200,200,200,200,200
378244,0,30,1,2,0,3,12,2,0,0,0,0,200,0,5,200,0,0,0,200,200