RD_NO,PERSON_TYPE,POSTED_SPEED_LIMIT,TRAFFIC_CONTROL_DEVICE,DEVICE_CONDITION,WEATHER_CONDITION,LIGHTING_CONDITION,FIRST_CRASH_TYPE,TRAFFICWAY_TYPE,ALIGNMENT,ROADWAY_SURFACE_COND,ROAD_DEFECT,PRIM_CONTRIBUTORY_CAUSE,SEC_CONTRIBUTORY_CAUSE,SEX,AGE,SAFETY_EQUIPMENT,DRIVER_ACTION,DRIVER_VISION,PHYSICAL_CONDITION,BAC_RESULT VALUE,CELL_PHONE_USE
378247,0,10,0,0,0,3,10,7,0,0,0,18,200,0,5,0,3,0,0,200,200
378247,0,10,0,0,0,3,10,7,0,0,0,18,200,1,7,0,0,0,0,200,200
378247,1,10,0,0,0,3,10,7,0,0,0,18,200,1,7,0,200,200,200,200,200
378253,0,10,0,0,0,3,0,7,0,0,200,17,0,1,5,0,6,200,0,200,200
378253,0,10,0,0,0,3,0,7,0,0,200,17,0,0,200,200,0,200,200,200,200
378254,0,35,1,2,0,3,12,3,0,0,0,22,200,2,200,200,4,200,200,200,200
378254,0,35,1,2,0,3,12,3,0,0,0,22,200,1,6,0,0,0,0,200,200
378254,0,35,1,2,0,3,12,3,0,0,0,22,200,0,8,0,0,0,0,200,200
378254,1,35,1,2,0,3,12,3,0,0,0,22,200,1,7,0,200,200,200,200,200
378254,1,35,1,2,0,3,12,3,0,0,0,22,200,2,200,5,200,200,200,200,200
378257,0,30,0,0,0,3,7,12,0,0,0,200,200,2,200,200,6,200,200,200,200
378259,0,30,1,2,0,3,0,5,0,0,0,6,200,2,200,200,5,200,200,200,200
378259,0,30,1,2,0,3,0,5,0,0,0,6,200,0,5,0,0,0,0,200,200
378260,0,30,0,0,0,3,12,2,0,0,0,22,200,2,200,200,2,200,200,200,200
378260,0,30,0,0,0,3,12,2,0,0,0,22,200,0,5,0,0,0,0,200,200
378265,0,30,2,1,0,0,10,2,0,0,0,18,200,2,200,200,3,200,200,200,200
378265,0,30,2,1,0,0,10,2,0,0,0,18,200,0,6,200,0,200,0,200,200
378266,0,30,0,0,0,3,10,6,0,0,200,18,0,0,200,200,3,200,200,200,200
378266,0,30,0,0,0,3,10,6,0,0,200,18,0,1,7,0,0,0,0,200,200
378271,0,30,0,0,0,3,14,2,0,0,0,23,200,0,4,200,7,200,200,200,200
378271,0,30,0,0,0,3,14,2,0,0,0,23,200,1,6,200,0,200,0,200,200
378273,0,30,0,0,0,0,7,6,0,0,200,0,200,0,6,200,200,200,0,200,200
378275,0,30,1,2,0,3,14,2,0,0,0,17,0,1,5,0,1,0,0,200,200
378275,0,30,1,2,0,3,14,2,0,0,0,17,0,0,5,0,0,0,0,200,200
378275,1,30,1,2,0,3,14,2,0,0,0,17,0,1,4,0,200,200,200,200,200
378275,1,30,1,2,0,3,14,2,0,0,0,17,0,200,200,0,200,200,200,200,200
378278,0,25,0,0,0,0,7,5,0,0,0,12,200,0,5,200,12,0,0,200,200
378290,0,25,0,0,0,3,4,5,0,0,3,200,200,0,6,200,0,200,0,200,200
378300,0,40,0,0,0,3,2,3,3,0,3,11,15,0,4,0,8,0,0,200,200
378302,0,30,0,0,0,3,7,2,0,0,0,0,0,0,5,200,200,200,200,200,200
378313,0,25,1,2,0,0,7,6,0,0,0,16,0,0,6,200,8,200,200,200,200
378316,0,35,0,0,0,3,7,5,0,0,0,0,200,0,6,200,200,0,0,200,200
378318,0,30,0,0,0,3,7,5,0,0,0,21,16,0,6,200,4,0,200,200,200
378324,0,25,2,2,0,3,7,6,0,0,0,200,200,0,5,7,12,12,12,200,200
378324,1,25,2,2,0,3,7,6,0,0,0,200,200,1,4,7,200,200,200,200,200
378326,0,30,1,1,2,3,10,3,0,0,0,18,18,0,200,200,1,200,200,200,200
378326,0,30,1,1,2,3,10,3,0,0,0,18,18,0,6,0,0,0,0,200,200
378328,4,30,0,0,0,3,8,6,0,0,3,17,0,0,5,2,1,0,3,200,200
378328,0,30,0,0,0,3,8,6,0,0,3,17,0,0,5,200,0,0,0,200,200
378332,0,30,0,0,0,3,12,2,0,0,0,17,200,0,6,200,12,200,0,200,200
378332,0,30,0,0,0,3,12,2,0,0,0,17,200,0,6,200,0,200,0,200,200
378362,0,30,1,2,0,3,0,12,0,0,0,6,16,1,5,200,5,200,200,200,200
378362,0,30,1,2,0,3,0,12,0,0,0,6,16,1,6,0,12,200,200,200,200
378362,0,30,1,2,0,3,0,12,0,0,0,6,16,1,5,0,12,0,0,200,200
378362,1,30,1,2,0,3,0,12,0,0,0,6,16,0,5,0,200,200,200,200,200
378362,1,30,1,2,0,3,0,12,0,0,0,6,16,1,6,0,200,200,200,200,200
378363,0,25,0,0,0,3,7,5,0,0,0,0,16,0,6,0,200,200,0,200,200
378371,0,30,0,0,0,3,14,2,0,0,0,17,0,1,5,0,1,200,0,200,200
378371,0,30,0,0,0,3,14,2,0,0,0,17,0,0,7,0,0,0,0,200,200
378377,0,30,0,0,0,3,10,2,0,0,0,18,200,0,200,200,200,200,200,200,200
378377,0,30,0,0,0,3,10,2,0,0,0,18,200,1,4,0,0,0,0,200,200
378377,1,30,0,0,0,3,10,2,0,0,0,18,200,200,200,0,200,200,200,200,200
378384,0,30,0,0,0,1,7,5,0,0,0,200,200,1,6,0,0,0,0,200,200
378385,0,35,2,2,0,3,0,3,0,0,0,17,200,0,5,0,1,0,0,200,200
378385,0,35,2,2,0,3,0,3,0,0,0,17,200,0,5,0,0,0,0,200,200
378385,1,35,2,2,0,3,0,3,0,0,0,17,200,200,200,0,200,200,200,200,200
378385,1,35,2,2,0,3,0,3,0,0,0,17,200,200,200,0,200,200,200,200,200
378385,1,35,2,2,0,3,0,3,0,0,0,17,200,200,200,0,200,200,200,200,200
378385,1,35,2,2,0,3,0,3,0,0,0,17,200,200,200,0,200,200,200,200,200
378386,0,30,2,2,0,3,7,6,0,0,0,200,200,2,200,200,15,200,200,200,200
378388,0,30,0,0,0,3,7,5,0,0,0,0,0,0,5,200,200,200,0,200,200
378389,0,10,0,0,0,0,7,7,0,0,0,20,17,1,200,200,6,0,0,200,200
378389,1,10,0,0,0,0,7,7,0,0,0,20,17,1,200,200,200,200,200,200,200
378389,1,10,0,0,0,0,7,7,0,0,0,20,17,0,200,200,200,200,200,200,200
378389,1,10,0,0,0,0,7,7,0,0,0,20,17,0,5,200,200,200,200,200,200
378398,0,30,3,2,0,3,12,2,0,0,0,18,16,1,3,200,3,200,200,200,200
378398,0,30,3,2,0,3,12,2,0,0,0,18,16,0,6,200,0,0,0,200,200
378398,1,30,3,2,0,3,12,2,0,0,0,18,16,0,5,200,200,200,200,200,200
378406,0,30,200,200,0,4,10,8,0,0,200,200,0,0,200,200,200,200,200,200,200
378406,0,30,200,200,0,4,10,8,0,0,200,200,0,0,200,200,200,200,200,200,200
378406,0,30,200,200,0,4,10,8,0,0,200,200,0,0,7,0,0,200,1,200,200
378406,1,30,200,200,0,4,10,8,0,0,200,200,0,200,200,0,200,200,200,200,200
378410,0,30,0,2,0,3,7,5,0,0,200,32,23,0,6,200,7,0,5,200,200
378412,0,30,0,0,0,3,7,5,0,0,0,21,16,0,6,200,4,200,0,200,200
378417,0,30,0,0,0,3,7,5,0,0,0,33,0,0,6,200,12,0,0,200,200
378420,0,30,1,2,0,3,14,5,0,0,0,17,200,0,6,200,200,200,200,200,200
378420,0,30,1,2,0,3,14,5,0,0,0,17,200,1,5,0,200,0,0,200,200
378420,1,30,1,2,0,3,14,5,0,0,0,17,200,1,5,0,200,200,200,200,200
378426,0,30,1,2,0,3,0,2,0,0,0,6,16,1,6,0,5,0,0,200,200
378426,0,30,1,2,0,3,0,2,0,0,0,6,16,1,6,0,0,0,0,200,200
378426,1,30,1,2,0,3,0,2,0,0,0,6,16,0,5,0,200,200,200,200,200
378426,1,30,1,2,0,3,0,2,0,0,0,6,16,0,4,0,200,200,200,200,200
378427,0,25,0,0,0,3,7,5,0,200,200,0,0,1,200,200,200,200,200,200,200
378429,0,30,2,2,0,3,0,12,0,0,0,16,200,0,200,200,200,200,200,200,200
378429,0,30,2,2,0,3,0,12,0,0,0,16,200,0,7,0,0,200,200,200,200
378432,0,30,0,0,0,3,7,5,0,0,0,200,200,1,6,200,12,0,0,200,200
378432,1,30,0,0,0,3,7,5,0,0,0,200,200,0,6,200,200,200,200,200,200
378434,0,30,1,2,0,3,7,5,0,0,0,0,200,0,6,0,0,0,0,200,200
378436,0,30,0,0,0,3,2,2,0,0,0,0,0,0,0,0,200,200,200,200,200
378439,0,30,0,0,0,3,2,12,0,0,0,0,0,0,6,0,200,0,200,200,200
378441,0,30,0,0,0,0,10,6,0,0,0,23,200,1,200,0,7,0,0,200,200
378441,0,30,0,0,0,0,10,6,0,0,0,23,200,0,6,0,0,0,0,200,200
378449,0,35,2,2,0,1,7,5,0,0,0,2,200,1,5,200,15,0,12,200,1
378465,0,30,0,0,0,1,7,5,0,0,0,200,200,2,200,200,200,200,200,200,200
378471,0,30,1,2,0,3,10,2,0,0,0,18,200,2,200,200,3,200,200,200,200
378471,0,30,1,2,0,3,10,2,0,0,0,18,200,0,6,200,0,4,0,200,200
378472,0,20,0,0,2,1,7,6,0,0,0,21,0,0,6,200,200,200,0,200,200
378474,0,30,0,0,0,3,7,2,0,0,0,0,200,0,200,200,1,200,200,200,200
378477,0,30,0,0,0,1,10,5,0,0,0,23,11,1,6,200,7,0,200,200,200
378477,0,30,0,0,0,1,10,5,0,0,0,23,11,1,6,0,1,0,200,200,200
378477,1,30,0,0,0,1,10,5,0,0,0,23,11,1,6,200,200,200,200,200,200
378479,0,30,0,0,0,3,7,6,0,0,0,0,0,2,200,200,200,200,200,200,200
378480,0,30,1,2,0,2,3,2,0,0,0,21,3,0,200,200,4,200,200,200,200
378480,0,30,1,2,0,2,3,2,0,0,0,21,3,0,7,0,0,0,0,200,200
378483,0,30,0,0,0,1,7,5,0,0,0,16,200,0,6,0,4,0,0,200,200
378487,0,30,1,2,0,2,14,8,3,0,0,23,23,0,200,200,7,200,200,200,200
378487,0,30,1,2,0,2,14,8,3,0,0,23,23,0,6,0,12,200,0,200,200
378492,0,30,1,2,0,1,0,2,0,0,0,6,200,0,7,0,5,200,0,200,200
378492,0,30,1,2,0,1,0,2,0,0,0,6,200,1,5,0,5,200,0,200,200
378492,1,30,1,2,0,1,0,2,0,0,0,6,200,0,200,0,200,200,200,200,200
378495,0,35,0,200,2,0,2,3,0,0,200,200,200,2,200,200,200,200,200,200,200
378503,0,30,0,0,0,1,14,5,0,0,0,21,11,0,7,200,7,0,0,200,200
378503,0,30,0,0,0,1,14,5,0,0,0,21,11,0,6,200,200,0,0,200,200
378509,0,55,0,0,0,2,2,2,0,0,0,11,0,2,200,200,200,200,200,200,200
378514,0,25,0,0,0,1,7,6,0,0,0,20,200,1,8,0,6,6,0,200,200
378516,0,35,1,2,0,2,10,5,0,0,0,0,0,0,200,200,3,200,200,200,200
378516,0,35,1,2,0,2,10,5,0,0,0,0,0,0,6,0,0,0,0,200,200
378516,1,35,1,2,0,2,10,5,0,0,0,0,0,1,6,0,200,200,200,200,200
378518,0,20,0,0,0,3,7,2,0,0,2,200,200,2,200,200,200,200,200,200,200
378520,0,30,0,0,0,3,0,5,0,0,0,17,200,2,200,200,1,200,200,200,200
378520,0,30,0,0,0,3,0,5,0,0,0,17,200,1,7,0,0,0,0,200,200
378534,0,30,0,0,0,1,7,2,0,0,0,0,0,2,200,200,200,200,200,200,200
378539,0,30,0,0,0,4,7,5,0,0,0,200,200,2,200,200,200,200,200,200,200
378541,0,30,0,0,0,1,7,2,0,0,0,0,0,2,200,200,200,200,200,200,200
378542,0,20,0,0,0,1,7,6,0,0,0,0,0,2,200,200,200,200,200,200,200
378548,0,30,1,2,0,0,10,12,0,0,0,11,0,1,200,200,1,200,200,200,200
378548,0,30,1,2,0,0,10,12,0,0,0,11,0,1,200,0,0,0,0,200,200
378549,0,30,4,2,0,3,10,2,0,0,0,18,200,1,200,200,3,200,200,200,200
378549,0,30,4,2,0,3,10,2,0,0,0,18,200,0,6,0,200,200,200,200,200
378549,1,30,4,2,0,3,10,2,0,0,0,18,200,1,6,0,200,200,200,200,200
378551,0,30,2,2,0,1,7,6,0,0,0,0,200,1,200,200,200,200,200,200,200
378551,1,30,2,2,0,1,7,6,0,0,0,0,200,0,200,200,200,200,200,200,200
378559,0,35,1,2,0,1,12,3,0,0,0,0,0,0,200,200,200,200,200,200,200
378559,0,35,1,2,0,1,12,3,0,0,0,0,0,1,5,0,0,0,0,200,200
378565,0,20,0,0,0,1,7,6,0,0,0,0,200,0,5,0,2,0,0,200,200
378568,0,30,1,2,0,1,12,3,0,0,0,17,200,0,6,0,1,0,0,200,200
378568,0,30,1,2,0,1,12,3,0,0,0,17,200,1,200,200,8,0,0,200,200
378572,0,30,1,2,0,1,0,5,0,200,200,0,200,1,200,200,1,200,200,200,200
378572,0,30,1,2,0,1,0,5,0,200,200,0,200,0,200,200,0,200,0,200,200
378580,0,30,1,2,0,1,10,5,0,0,0,200,200,0,6,0,3,0,0,200,200
378580,0,30,1,2,0,1,10,5,0,0,0,200,200,1,7,0,0,0,0,200,200
378580,1,30,1,2,0,1,10,5,0,0,0,200,200,1,8,0,200,200,200,200,200
378581,0,35,1,2,0,1,10,5,0,0,0,18,200,1,5,200,3,0,0,200,200
378581,0,35,1,2,0,1,10,5,0,0,0,18,200,0,5,200,0,0,0,200,200
378589,0,30,0,0,0,1,11,5,0,0,0,0,0,0,7,200,200,200,200,200,200
378589,0,30,0,0,0,1,11,5,0,0,0,0,0,0,7,200,200,200,200,200,200
378589,1,30,0,0,0,1,11,5,0,0,0,0,0,1,7,200,200,200,200,200,200
378596,0,30,2,2,0,1,0,5,0,0,0,5,200,0,5,0,1,0,0,200,200
378596,0,30,2,2,0,1,0,5,0,0,0,5,200,1,7,0,0,0,0,200,200
378597,0,30,0,0,0,1,14,5,0,0,0,23,17,2,200,200,2,200,200,200,200
378597,0,30,0,0,0,1,14,5,0,0,0,23,17,0,7,200,0,0,0,200,200
378597,1,30,0,0,0,1,14,5,0,0,0,23,17,0,6,200,200,200,200,200,200
378597,1,30,0,0,0,1,14,5,0,0,0,23,17,0,7,7,200,200,200,200,200
378597,1,30,0,0,0,1,14,5,0,0,0,23,17,0,6,200,200,200,200,200,200
378599,0,30,0,0,0,1,12,2,0,0,0,13,29,1,5,0,12,0,0,200,200
378599,0,30,0,0,0,1,12,2,0,0,0,13,29,0,6,0,0,0,0,200,200
378604,0,30,1,2,0,1,10,3,0,0,0,16,200,0,7,0,12,0,0,200,200
378604,0,30,1,2,0,1,10,3,0,0,0,16,200,1,8,0,0,0,0,200,200
378604,1,30,1,2,0,1,10,3,0,0,0,16,200,0,7,0,200,200,200,200,200
378609,0,30,0,0,0,1,14,5,0,0,0,33,200,0,6,0,0,12,0,200,200
378609,0,30,0,0,0,1,14,5,0,0,0,33,200,1,5,0,0,0,0,200,200
378621,0,10,2,0,0,1,7,7,0,0,0,200,200,1,5,0,6,200,0,200,200
378628,0,35,1,2,0,3,10,5,0,0,0,14,11,0,200,200,8,200,200,200,200
378628,0,35,1,2,0,3,10,5,0,0,0,14,11,0,7,0,0,0,200,200,200
378628,1,35,1,2,0,3,10,5,0,0,0,14,11,1,200,0,200,200,200,200,200
378629,0,20,0,0,0,1,7,6,0,0,0,0,0,2,200,200,200,200,200,200,200
378631,0,30,0,0,0,1,10,200,0,200,200,0,0,0,5,200,200,200,200,200,200
378631,0,30,0,0,0,1,10,200,0,200,200,0,0,0,8,0,0,0,0,200,200
378633,0,30,1,2,0,1,0,2,0,0,0,6,200,1,6,200,1,0,0,200,200
378633,0,30,1,2,0,1,0,2,0,0,0,6,200,1,6,200,0,0,0,200,200
378633,1,30,1,2,0,1,0,2,0,0,0,6,200,1,200,200,200,200,200,200,200
378633,1,30,1,2,0,1,0,2,0,0,0,6,200,200,200,200,200,200,200,200,200
378633,1,30,1,2,0,1,0,2,0,0,0,6,200,200,200,200,200,200,200,200,200
378639,0,30,0,0,0,0,12,12,0,200,200,0,200,2,200,200,200,200,200,200,200
378639,0,30,0,0,0,0,12,12,0,200,200,0,200,0,6,200,0,200,200,200,200
378650,0,25,0,0,0,1,12,5,0,0,0,0,0,0,7,0,200,0,0,200,200
378650,0,25,0,0,0,1,12,5,0,0,0,0,0,1,200,200,12,0,0,200,200
378655,0,30,1,2,0,3,10,3,0,0,0,0,0,1,6,0,200,0,0,200,200
378655,0,30,1,2,0,3,10,3,0,0,0,0,0,0,200,200,200,200,200,200,200
378655,1,30,1,2,0,3,10,3,0,0,0,0,0,0,4,0,200,200,200,200,200
378655,1,30,1,2,0,3,10,3,0,0,0,0,0,1,3,0,200,200,200,200,200
378655,1,30,1,2,0,3,10,3,0,0,0,0,0,1,3,0,200,200,200,200,200
378655,1,30,1,2,0,3,10,3,0,0,0,0,0,0,3,0,200,200,200,200,200
378657,0,25,0,0,0,1,7,6,0,0,0,0,200,2,200,200,200,200,200,200,200
378660,0,30,0,0,0,1,7,6,0,0,0,0,0,2,200,200,200,200,200,200,200
378668,0,20,2,2,0,1,9,5,0,0,0,17,0,0,8,0,1,0,0,200,200
378668,5,20,2,2,0,1,9,5,0,0,0,17,0,1,9,7,0,0,0,200,200
378677,0,30,12,0,0,1,10,5,0,0,0,18,18,1,6,0,3,200,200,200,200
378677,0,30,12,0,0,1,10,5,0,0,0,18,18,0,8,0,0,0,0,200,200
378683,0,30,2,2,0,1,3,6,0,0,0,0,200,0,200,200,6,200,200,200,200
378683,0,30,2,2,0,1,3,6,0,0,0,0,200,0,7,0,0,0,0,200,200
378683,1,30,2,2,0,1,3,6,0,0,0,0,200,0,3,0,200,200,200,200,200
378683,1,30,2,2,0,1,3,6,0,0,0,0,200,0,2,0,200,200,200,200,200
378683,1,30,2,2,0,1,3,6,0,0,0,0,200,0,200,5,200,200,200,200,200
378683,1,30,2,2,0,1,3,6,0,0,0,0,200,1,200,200,200,200,200,200,200
378683,1,30,2,2,0,1,3,6,0,0,0,0,200,2,200,200,200,200,200,200,200
378687,0,30,1,2,0,1,0,5,0,0,0,16,200,1,4,0,1,0,0,200,200
378687,0,30,1,2,0,1,0,5,0,0,0,16,200,1,5,0,0,0,0,200,200
378688,0,30,0,0,200,200,7,2,0,0,200,21,200,2,200,200,12,200,200,200,200
378698,0,20,0,0,0,3,7,5,0,0,0,0,0,2,200,200,200,200,200,200,200
378707,2,30,0,0,0,1,2,2,0,0,0,21,0,0,7,200,4,200,0,200,200
378707,0,30,0,0,0,1,2,2,0,0,0,21,0,0,6,200,200,200,0,200,200
378709,0,30,0,0,0,1,7,6,0,0,0,0,0,2,200,200,200,200,200,200,200
378717,0,5,0,0,0,1,7,7,0,0,0,20,200,0,5,200,6,200,200,200,200
378720,0,30,0,0,0,1,7,5,0,0,0,0,200,2,200,200,200,200,200,200,200
378722,0,30,2,2,200,200,7,6,0,200,0,0,0,2,200,200,200,200,200,200,200
378724,0,30,1,2,0,1,14,2,0,0,0,22,21,0,7,0,7,0,0,200,200
378724,0,30,1,2,0,1,14,2,0,0,0,22,21,1,6,0,0,0,0,200,200
378724,1,30,1,2,0,1,14,2,0,0,0,22,21,0,6,0,200,200,200,200,200
378724,1,30,1,2,0,1,14,2,0,0,0,22,21,1,6,0,200,200,200,200,200
378724,1,30,1,2,0,1,14,2,0,0,0,22,21,0,200,0,200,200,200,200,200
378729,0,30,0,0,0,1,7,5,0,0,0,0,200,2,200,200,200,200,200,200,200
378733,0,30,0,0,0,1,7,5,0,0,12,29,12,0,200,0,200,0,1,200,200
378741,0,30,1,2,0,1,14,5,0,0,0,3,200,0,6,200,9,200,0,200,200
378741,0,30,1,2,0,1,14,5,0,0,0,3,200,0,7,200,0,200,0,200,200
378741,0,30,1,2,0,1,14,5,0,0,0,3,200,0,7,200,0,200,0,200,200
378744,0,30,0,0,0,1,7,12,0,0,0,11,0,0,7,0,6,0,0,200,200
378748,0,0,0,0,0,3,7,2,0,0,0,0,200,2,200,200,200,200,200,200,200
378750,0,15,0,0,0,0,7,7,0,0,0,0,0,2,200,200,200,200,200,200,200
378753,0,30,0,0,0,1,10,2,0,0,0,17,18,0,5,200,1,0,0,200,200
378753,0,30,0,0,0,1,10,2,0,0,0,17,18,1,7,0,0,0,0,200,200
378754,0,30,2,0,0,1,0,2,0,0,0,10,200,0,6,0,9,5,0,200,200
378754,0,30,2,0,0,1,0,2,0,0,0,10,200,0,6,0,0,5,0,200,200
378758,0,30,0,0,0,1,1,2,0,0,0,1,200,0,7,0,0,0,0,200,200
378763,0,30,0,0,0,1,14,5,0,0,0,0,200,0,6,0,0,0,0,200,200
378763,0,30,0,0,0,1,14,5,0,0,0,0,200,1,6,0,0,0,0,200,200
378776,0,30,1,2,0,1,12,5,0,0,0,22,0,1,7,0,2,0,0,200,200
378776,0,30,1,2,0,1,12,5,0,0,0,22,0,1,7,0,0,0,0,200,200
378778,0,30,0,0,0,1,10,5,0,0,0,18,200,1,6,200,3,0,0,200,200
378778,0,30,0,0,0,1,10,5,0,0,0,18,200,1,6,200,0,0,0,200,200
378784,0,35,0,0,0,1,14,5,0,0,0,17,200,0,7,200,1,0,0,200,200
378784,0,35,0,0,0,1,14,5,0,0,0,17,200,0,6,200,0,0,0,200,200
378787,0,30,0,0,0,1,12,2,0,0,0,0,200,0,200,200,200,200,200,200,200
378787,0,30,0,0,0,1,12,2,0,0,0,0,200,0,7,0,200,200,200,200,200
378797,0,30,2,2,0,1,0,5,0,0,0,17,11,1,5,0,1,0,0,200,200
378797,0,30,2,2,0,1,0,5,0,0,0,17,11,0,6,0,0,0,0,200,200
378797,1,30,2,2,0,1,0,5,0,0,0,17,11,1,4,0,200,200,200,200,200
378802,0,30,2,2,0,1,0,5,0,0,0,17,5,1,5,0,1,200,0,200,200
378802,0,30,2,2,0,1,0,5,0,0,0,17,5,0,6,0,200,200,0,200,200
378804,0,30,0,0,0,0,14,5,0,0,0,22,0,0,7,200,12,200,200,200,200
378804,0,30,0,0,0,0,14,5,0,0,0,22,0,0,7,0,0,0,200,200,200
378805,0,30,0,0,0,1,11,7,0,0,200,0,200,1,6,0,200,0,0,200,200
378805,0,30,0,0,0,1,11,7,0,0,200,0,200,0,6,0,200,0,0,200,200
378805,1,30,0,0,0,1,11,7,0,0,200,0,200,1,3,0,200,200,200,200,200
378805,1,30,0,0,0,1,11,7,0,0,200,0,200,0,0,4,200,200,200,200,200
378805,1,30,0,0,0,1,11,7,0,0,200,0,200,1,6,0,200,200,200,200,200
378805,1,30,0,0,0,1,11,7,0,0,200,0,200,0,2,0,200,200,200,200,200
378805,1,30,0,0,0,1,11,7,0,0,200,0,200,1,3,0,200,200,200,200,200
378811,0,30,0,0,0,1,0,6,0,0,0,33,200,0,6,0,1,12,0,200,200
378811,0,30,0,0,0,1,0,6,0,0,0,33,200,0,6,0,0,0,0,200,200
378815,0,30,2,5,0,1,2,2,0,0,0,23,26,1,7,0,7,0,0,200,200
378832,0,30,2,2,0,1,14,5,0,0,0,17,16,1,7,200,1,200,200,200,200
378832,0,30,2,2,0,1,14,5,0,0,0,17,16,0,4,0,0,0,0,200,200
378835,0,30,1,2,0,1,0,5,0,0,0,17,17,0,200,200,1,200,200,200,200
378835,0,30,1,2,0,1,0,5,0,0,0,17,17,1,6,0,0,0,0,200,200
378838,0,0,0,0,0,1,7,7,0,0,0,20,200,1,200,200,6,200,200,200,200
378844,0,30,2,0,2,1,12,3,0,0,0,0,0,0,7,0,4,0,0,200,200
378844,0,30,2,0,2,1,12,3,0,0,0,0,0,1,6,0,9,0,0,200,200
378845,0,25,0,0,0,1,7,5,0,0,0,20,200,0,200,200,6,200,200,200,200
378848,0,0,0,0,0,3,11,7,0,0,0,20,0,0,8,0,6,0,0,200,200
378848,0,0,0,0,0,3,11,7,0,0,0,20,0,0,5,0,0,0,0,200,200
378849,1,10,0,0,0,1,0,7,0,0,0,0,0,1,200,0,200,200,200,200,200
378849,0,10,0,0,0,1,0,7,0,0,0,0,0,1,7,0,12,5,0,200,200
378849,0,10,0,0,0,1,0,7,0,0,0,0,0,0,7,0,0,0,0,200,200
378850,0,30,0,0,0,1,0,3,0,0,200,7,200,1,5,200,12,0,0,200,200
378850,0,30,0,0,0,1,0,3,0,0,200,7,200,1,7,200,0,0,0,200,200
378855,0,30,2,0,0,1,0,12,0,0,0,17,200,0,200,200,1,200,200,200,200
378855,0,30,2,0,0,1,0,12,0,0,0,17,200,0,5,0,0,0,0,200,200
378855,1,30,2,0,0,1,0,12,0,0,0,17,200,0,200,0,200,200,200,200,200
378855,1,30,2,0,0,1,0,12,0,0,0,17,200,1,5,0,200,200,200,200,200
378857,0,30,2,0,0,1,0,2,0,0,0,0,200,1,7,0,1,0,0,200,200
378857,0,30,2,0,0,1,0,2,0,0,0,0,200,1,6,0,200,0,0,200,200
378859,0,30,1,2,0,1,14,6,0,0,0,31,17,1,200,200,7,200,200,200,200
378859,0,30,1,2,0,1,14,6,0,0,0,31,17,0,8,0,0,0,0,200,200
378860,0,30,1,2,0,1,9,2,0,0,0,16,0,0,6,0,12,0,0,200,200
378860,5,30,1,2,0,1,9,2,0,0,0,16,0,0,4,7,12,0,0,200,200
378860,1,30,1,2,0,1,9,2,0,0,0,16,0,1,5,0,200,200,200,200,200
378863,0,30,1,2,0,1,12,2,0,0,0,22,16,2,200,200,2,200,200,200,200
378863,0,30,1,2,0,1,12,2,0,0,0,22,16,0,8,0,0,0,0,200,200
378865,0,30,0,0,0,1,7,6,0,0,0,21,22,2,200,200,10,200,200,200,200
378866,0,30,0,0,0,1,14,6,0,0,0,17,200,1,5,200,1,0,0,200,200
378866,0,30,0,0,0,1,14,6,0,0,0,17,200,0,7,200,0,0,0,200,200
378872,0,30,1,2,0,1,10,5,0,0,200,18,0,1,7,200,12,0,0,200,200
378872,0,30,1,2,0,1,10,5,0,0,200,18,0,1,5,0,0,0,0,200,200
378872,1,30,1,2,0,1,10,5,0,0,200,18,0,2,200,200,200,200,200,200,200
378874,0,15,0,0,0,1,7,5,0,0,0,27,0,0,8,200,12,200,2,200,200
378880,0,30,0,0,0,1,7,7,0,0,0,11,200,0,5,0,1,0,200,200,200
378880,1,30,0,0,0,1,7,7,0,0,0,11,200,0,7,0,200,200,200,200,200
378885,0,30,2,2,0,1,10,2,0,0,0,0,0,1,4,200,200,200,0,200,200
378885,0,30,2,2,0,1,10,2,0,0,0,0,0,0,7,0,0,200,0,200,200
378885,1,30,2,2,0,1,10,2,0,0,0,0,0,1,7,200,200,200,200,200,200
378888,0,30,0,0,0,3,12,2,0,0,0,11,0,1,200,200,0,0,0,200,200
378888,0,30,0,0,0,3,12,2,0,0,0,11,0,1,5,0,0,0,0,200,200
378888,1,30,0,0,0,3,12,2,0,0,0,11,0,1,5,0,200,200,200,200,200
378890,0,0,1,2,0,1,14,12,0,0,0,23,200,0,200,200,0,200,200,200,200
378890,0,0,1,2,0,1,14,12,0,0,0,23,200,1,4,0,0,0,0,200,200
378890,1,0,1,2,0,1,14,12,0,0,0,23,200,0,200,7,200,200,200,200,200
378892,0,30,1,2,0,1,14,5,0,0,0,0,200,1,7,200,200,200,0,200,200
378892,0,30,1,2,0,1,14,5,0,0,0,0,200,1,6,200,200,200,0,200,200
378892,1,30,1,2,0,1,14,5,0,0,0,0,200,1,2,200,200,200,200,200,200
378897,0,30,0,0,0,1,7,5,0,0,0,21,15,0,7,200,12,0,0,200,200
378898,0,30,1,200,0,1,10,5,0,200,200,18,200,0,5,200,3,200,0,200,200