RD_NO,PERSON_TYPE,POSTED_SPEED_LIMIT,TRAFFIC_CONTROL_DEVICE,DEVICE_CONDITION,WEATHER_CONDITION,LIGHTING_CONDITION,FIRST_CRASH_TYPE,TRAFFICWAY_TYPE,ALIGNMENT,ROADWAY_SURFACE_COND,ROAD_DEFECT,PRIM_CONTRIBUTORY_CAUSE,SEC_CONTRIBUTORY_CAUSE,SEX,AGE,SAFETY_EQUIPMENT,DRIVER_ACTION,DRIVER_VISION,PHYSICAL_CONDITION,BAC_RESULT VALUE,CELL_PHONE_USE
378898,0,30,1,200,0,1,10,5,0,200,200,18,200,1,6,200,0,200,0,200,200
378899,0,20,1,2,0,3,14,1,0,0,0,6,200,1,6,200,0,200,200,200,200
378899,0,20,1,2,0,3,14,1,0,0,0,6,200,1,200,200,5,200,200,200,200
378907,0,30,200,200,0,1,12,200,0,0,200,200,200,1,5,0,200,200,0,200,200
378907,0,30,200,200,0,1,12,200,0,0,200,200,200,1,5,200,200,200,200,200,200
378912,0,30,1,2,0,1,10,12,0,0,0,18,16,1,200,200,8,200,200,200,200
378912,0,30,1,2,0,1,10,12,0,0,0,18,16,0,8,0,12,0,0,200,200
378912,1,30,1,2,0,1,10,12,0,0,0,18,16,0,6,0,200,200,200,200,200
378913,4,30,0,0,0,1,8,2,0,0,12,21,200,0,5,3,12,0,0,200,200
378913,1,30,0,0,0,1,8,2,0,0,12,21,200,0,200,0,200,200,200,200,200
378913,1,30,0,0,0,1,8,2,0,0,12,21,200,1,5,0,200,200,200,200,200
378917,0,30,1,2,0,1,12,2,0,0,0,17,0,1,7,0,4,0,0,200,200
378917,0,30,1,2,0,1,12,2,0,0,0,17,0,0,7,0,12,0,0,200,200
378917,1,30,1,2,0,1,12,2,0,0,0,17,0,1,200,0,200,200,200,200,200
378921,0,25,1,200,0,3,14,5,0,200,200,0,0,1,6,0,200,0,0,200,200
378921,0,25,1,200,0,3,14,5,0,200,200,0,0,1,6,0,0,0,0,200,200
378926,0,30,1,2,0,1,10,5,0,0,0,0,0,0,6,0,12,0,0,200,200
378926,0,30,1,2,0,1,10,5,0,0,0,0,0,0,7,0,0,0,0,200,200
378926,1,30,1,2,0,1,10,5,0,0,0,0,0,1,200,0,200,200,200,200,200
378927,0,25,2,2,0,1,14,5,1,0,0,0,200,0,200,200,1,200,200,200,200
378927,0,25,2,2,0,1,14,5,1,0,0,0,200,0,6,0,0,0,0,200,200
378928,0,30,0,0,0,1,7,5,0,0,0,27,0,0,7,200,12,0,2,200,200
378936,0,30,0,0,0,1,7,5,0,0,0,0,0,2,200,200,200,200,200,200,200
378940,0,30,200,200,0,1,7,200,0,0,0,200,200,1,6,0,200,200,0,200,200
378942,0,30,0,0,0,1,0,5,0,0,0,17,17,0,200,200,200,200,200,200,200
378942,0,30,0,0,0,1,0,5,0,0,0,17,17,0,6,0,0,0,0,200,200
378943,0,30,1,2,0,1,14,2,0,0,0,17,200,0,6,0,1,0,0,200,200
378943,0,30,1,2,0,1,14,2,0,0,0,17,200,1,6,0,0,0,0,200,200
378947,0,30,1,2,0,1,0,2,0,0,0,6,16,0,7,200,200,200,0,200,200
378947,0,30,1,2,0,1,0,2,0,0,0,6,16,0,8,200,200,200,0,200,200
378948,0,30,1,200,0,1,10,5,0,0,0,20,0,0,200,200,6,200,200,200,200
378948,0,30,1,200,0,1,10,5,0,0,0,20,0,0,6,200,0,0,0,200,200
378950,0,30,1,2,0,1,14,3,0,0,0,21,200,0,200,200,12,200,200,200,200
378950,0,30,1,2,0,1,14,3,0,0,0,21,200,1,6,0,0,0,0,200,200
378953,0,30,1,2,0,1,14,12,0,0,0,17,200,0,200,200,1,200,200,200,200
378953,0,30,1,2,0,1,14,12,0,0,0,17,200,1,4,0,0,0,0,200,200
378954,0,30,1,2,0,1,10,3,0,0,200,18,18,0,200,200,1,0,0,200,200
378954,0,30,1,2,0,1,10,3,0,0,200,18,18,0,6,0,0,0,0,200,200
378954,1,30,1,2,0,1,10,3,0,0,200,18,18,0,200,200,200,200,200,200,200
378960,0,30,1,2,0,1,10,5,0,0,200,18,0,0,200,200,3,200,200,200,200
378960,0,30,1,2,0,1,10,5,0,0,200,18,0,1,6,0,0,0,0,200,200
378960,1,30,1,2,0,1,10,5,0,0,200,18,0,1,0,5,200,200,200,200,200
378970,0,30,0,0,0,1,14,7,0,0,0,0,200,1,3,0,6,0,0,200,200
378970,0,30,0,0,0,1,14,7,0,0,0,0,200,1,6,200,0,0,5,200,200
379007,0,30,0,0,0,1,12,5,0,0,0,21,0,1,7,200,4,0,0,200,200
379007,0,30,0,0,0,1,12,5,0,0,0,21,0,1,5,0,0,0,0,200,200
379008,0,30,1,2,0,1,12,5,0,0,0,17,200,0,5,200,0,0,0,200,200
379008,0,30,1,2,0,1,12,5,0,0,0,17,200,1,6,200,1,200,200,200,200
379009,0,30,1,2,0,1,7,5,0,200,200,16,200,1,6,0,1,200,0,200,200
379009,1,30,1,2,0,1,7,5,0,200,200,16,200,0,6,200,200,200,200,200,200
379013,0,30,0,0,0,1,10,2,0,0,200,18,200,0,200,200,3,200,200,200,200
379013,0,30,0,0,0,1,10,2,0,0,200,18,200,0,6,0,0,200,0,200,200
379014,0,30,0,0,0,1,12,5,0,0,0,0,200,1,8,0,4,0,0,200,200
379014,0,30,0,0,0,1,12,5,0,0,0,0,200,1,7,0,0,0,0,200,200
379022,0,30,0,0,0,1,12,2,0,0,0,22,17,0,4,0,2,0,0,200,200
379022,0,30,0,0,0,1,12,2,0,0,0,22,17,1,6,0,0,0,0,200,200
379022,1,30,0,0,0,1,12,2,0,0,0,22,17,1,3,0,200,200,200,200,200
379028,0,15,200,200,0,1,10,7,0,0,200,20,20,1,200,200,6,200,200,200,200
379028,0,15,200,200,0,1,10,7,0,0,200,20,20,0,5,200,200,0,0,200,200
379029,0,30,0,0,0,1,14,2,0,0,0,23,21,0,0,200,7,200,200,200,200
379029,0,30,0,0,0,1,14,2,0,0,0,23,21,0,0,200,0,200,200,200,200
379032,0,15,0,0,0,1,7,7,0,0,0,0,0,2,200,200,200,200,200,200,200
379037,0,30,0,0,0,1,7,6,0,0,0,0,200,2,200,200,200,200,200,200,200
379045,0,30,2,2,0,1,14,2,0,0,0,33,200,1,6,200,200,5,0,200,200
379045,0,30,2,2,0,1,14,2,0,0,0,33,200,1,5,200,0,0,0,200,200
379045,1,30,2,2,0,1,14,2,0,0,0,33,200,1,4,200,200,200,200,200,200
379047,0,30,0,0,0,1,0,7,0,0,0,0,0,1,200,0,6,0,0,200,200
379047,0,30,0,0,0,1,0,7,0,0,0,0,0,0,6,0,0,0,0,200,200
379048,0,35,1,2,0,1,14,5,0,0,200,0,0,1,6,200,200,200,200,200,200
379048,0,35,1,2,0,1,14,5,0,0,200,0,0,0,6,200,200,200,0,200,200
379052,0,30,0,0,0,1,7,6,0,0,0,11,200,0,5,0,0,0,0,200,200
379052,1,30,0,0,0,1,7,6,0,0,0,11,200,0,6,0,200,200,200,200,200
379054,0,25,0,0,0,1,12,6,0,0,0,22,200,0,200,200,1,200,200,200,200
379054,0,25,0,0,0,1,12,6,0,0,0,22,200,0,5,0,12,0,0,200,200
379058,0,30,0,0,0,1,14,3,0,0,0,23,200,0,6,0,7,0,0,200,200
379058,0,30,0,0,0,1,14,3,0,0,0,23,200,0,6,0,0,0,0,200,200
379061,0,30,1,2,0,1,12,5,0,0,0,21,200,1,7,0,4,0,0,200,200
379061,0,30,1,2,0,1,12,5,0,0,0,21,200,0,5,0,0,0,0,200,200
379061,1,30,1,2,0,1,12,5,0,0,0,21,200,1,200,0,200,200,200,200,200
379061,1,30,1,2,0,1,12,5,0,0,0,21,200,1,200,0,200,200,200,200,200
379064,0,30,200,200,0,1,12,200,0,0,0,200,200,1,6,0,1,0,0,200,200
379064,0,30,200,200,0,1,12,200,0,0,0,200,200,0,200,200,0,200,0,200,200
379069,0,30,0,0,0,1,7,5,0,0,0,22,200,0,4,200,2,200,200,200,200
379069,1,30,0,0,0,1,7,5,0,0,0,22,200,200,200,200,200,200,200,200,200
379070,0,45,0,0,0,1,12,3,0,0,0,21,200,1,9,0,200,0,0,200,200
379070,0,45,0,0,0,1,12,3,0,0,0,21,200,0,5,0,200,0,0,200,200
379071,0,15,0,0,0,1,0,7,0,0,0,17,17,1,200,200,1,200,0,200,200
379071,0,15,0,0,0,1,0,7,0,0,0,17,17,1,5,0,0,0,0,200,200
379073,4,30,1,2,0,1,8,5,0,0,0,10,200,1,7,3,12,0,0,200,200
379073,0,30,1,2,0,1,8,5,0,0,0,10,200,0,5,0,0,0,0,200,200
379079,0,10,0,2,0,1,7,2,0,0,0,200,200,1,200,200,6,200,0,200,200
379081,0,30,2,2,0,1,7,5,0,0,0,20,16,1,200,200,6,200,200,200,200
379084,0,20,0,0,0,1,0,6,0,0,0,17,200,1,8,200,1,200,0,200,200
379084,0,20,0,0,0,1,0,6,0,0,0,17,200,0,6,200,0,200,0,200,200
379085,0,30,1,2,0,1,14,3,0,0,0,17,21,0,5,200,1,200,200,200,200
379085,0,30,1,2,0,1,14,3,0,0,0,17,21,0,6,0,0,0,0,200,200
379090,0,20,0,0,0,1,12,6,0,0,0,17,200,1,7,200,1,0,0,200,200
379090,0,20,0,0,0,1,12,6,0,0,0,17,200,0,4,200,0,0,0,200,200
379096,0,30,0,0,0,1,7,5,0,0,0,0,0,2,200,200,200,200,200,200,200
379098,0,30,0,0,0,1,7,5,0,0,0,0,200,1,6,200,12,200,200,200,200
379098,1,30,0,0,0,1,7,5,0,0,0,0,200,1,6,0,200,200,200,200,200
379099,0,30,1,2,0,1,14,5,0,0,200,23,200,0,7,200,7,200,0,200,200
379099,0,30,1,2,0,1,14,5,0,0,200,23,200,1,5,200,0,200,0,200,200
379099,1,30,1,2,0,1,14,5,0,0,200,23,200,0,200,5,200,200,200,200,200
379109,0,30,200,200,0,1,0,5,0,0,0,200,200,0,5,0,0,0,0,200,200
379109,0,30,200,200,0,1,0,5,0,0,0,200,200,0,6,0,200,0,0,200,200
379111,0,30,1,2,0,1,10,3,0,0,0,0,200,0,200,200,200,200,200,200,200
379111,0,30,1,2,0,1,10,3,0,0,0,0,200,1,7,0,0,0,0,200,200
379111,1,30,1,2,0,1,10,3,0,0,0,0,200,1,9,0,200,200,200,200,200
379114,0,30,1,2,0,1,10,5,0,200,200,18,200,0,8,0,3,200,0,200,200
379114,0,30,1,2,0,1,10,5,0,200,200,18,200,0,200,200,0,200,200,200,200
379116,0,30,0,3,0,1,7,7,0,0,0,0,0,1,7,200,200,200,200,200,200
379117,0,20,2,200,200,200,7,6,0,200,200,0,200,2,200,200,200,200,200,200,200
379120,0,30,0,0,0,1,7,5,0,0,0,0,16,1,5,200,200,200,200,200,200
379120,0,30,0,0,0,1,7,5,0,0,0,0,16,0,7,200,200,200,0,200,200
379127,0,30,0,0,0,1,9,2,0,0,0,0,0,2,200,200,1,200,200,200,200
379127,5,30,0,0,0,1,9,2,0,0,0,0,0,0,7,7,12,0,0,200,200
379129,0,10,0,0,0,1,7,12,0,0,0,0,0,1,9,0,12,0,0,200,200
379129,1,10,0,0,0,1,7,12,0,0,0,0,0,0,7,0,200,200,200,200,200
379129,1,10,0,0,0,1,7,12,0,0,0,0,0,0,200,0,200,200,200,200,200
379142,0,30,1,2,0,1,10,5,0,0,0,18,16,0,200,200,3,200,200,200,200
379142,0,30,1,2,0,1,10,5,0,0,0,18,16,0,5,0,0,0,0,200,200
379143,0,55,0,0,0,1,12,5,0,200,200,22,200,0,5,200,4,12,0,200,200
379143,0,55,0,0,0,1,12,5,0,200,200,22,200,0,6,200,0,200,0,200,200
379145,0,30,0,0,0,1,7,7,0,0,0,0,0,2,200,200,200,200,200,200,200
379147,0,30,0,0,0,1,14,5,0,0,0,23,0,0,6,0,7,0,0,200,200
379147,0,30,0,0,0,1,14,5,0,0,0,23,0,0,6,0,6,0,0,200,200
379150,0,30,0,0,200,200,7,6,0,200,200,200,0,2,200,200,200,200,200,200,200
379153,0,15,0,0,0,1,7,7,0,0,0,0,0,2,200,200,200,200,200,200,200
379155,0,30,0,0,0,1,0,5,0,0,0,200,200,1,5,0,0,0,0,200,200
379155,0,30,0,0,0,1,0,5,0,0,0,200,200,0,6,0,200,0,0,200,200
379155,1,30,0,0,0,1,0,5,0,0,0,200,200,1,6,0,200,200,200,200,200
379158,0,30,0,0,0,1,14,2,0,0,0,23,17,0,6,0,7,0,0,200,200
379158,0,30,0,0,0,1,14,2,0,0,0,23,17,1,5,0,12,0,0,200,200
379158,1,30,0,0,0,1,14,2,0,0,0,23,17,0,6,0,200,200,200,200,200
379158,1,30,0,0,0,1,14,2,0,0,0,23,17,0,1,5,200,200,200,200,200
379161,0,20,0,0,200,2,5,7,0,200,200,200,200,2,200,200,200,200,200,200,200
379161,1,20,0,0,200,2,5,7,0,200,200,200,200,200,200,200,200,200,200,200,200
379161,1,20,0,0,200,2,5,7,0,200,200,200,200,200,200,200,200,200,200,200,200
379164,0,30,0,0,0,1,7,2,0,0,200,200,200,2,200,200,200,200,200,200,200
379172,0,30,0,0,0,1,0,7,0,0,0,20,200,0,4,200,6,200,200,200,200
379172,0,30,0,0,0,1,0,7,0,0,0,20,200,0,6,0,200,200,0,200,200
379174,0,30,0,0,0,1,0,5,0,0,0,22,200,0,5,0,8,0,0,200,200
379174,0,30,0,0,0,1,0,5,0,0,0,22,200,0,6,0,7,1,0,200,200
379177,0,30,1,2,0,1,14,2,0,2,0,22,21,0,200,200,7,200,200,200,200
379177,0,30,1,2,0,1,14,2,0,2,0,22,21,0,5,200,0,0,0,200,200
379178,0,30,200,200,200,200,12,6,0,200,200,27,0,1,8,200,200,200,200,200,200
379178,0,30,200,200,200,200,12,6,0,200,200,27,0,0,7,200,200,200,200,200,200
379182,0,30,1,2,0,1,12,2,0,0,0,17,22,0,7,0,1,0,0,200,200
379182,0,30,1,2,0,1,12,2,0,0,0,17,22,1,7,0,0,0,0,200,200
379182,1,30,1,2,0,1,12,2,0,0,0,17,22,1,200,0,200,200,200,200,200
379183,0,30,1,2,0,1,10,5,0,0,0,18,200,1,200,200,3,200,200,200,200
379183,0,30,1,2,0,1,10,5,0,0,0,18,200,0,7,0,0,0,0,200,200
379183,1,30,1,2,0,1,10,5,0,0,0,18,200,1,3,0,200,200,200,200,200
379183,1,30,1,2,0,1,10,5,0,0,0,18,200,1,5,0,200,200,200,200,200
379183,1,30,1,2,0,1,10,5,0,0,0,18,200,1,7,0,200,200,200,200,200
379185,0,30,1,2,0,1,2,6,0,0,0,29,200,1,7,0,0,0,0,200,200
379192,0,30,1,2,0,1,14,2,0,0,0,17,200,1,200,200,12,200,200,200,200
379192,0,30,1,2,0,1,14,2,0,0,0,17,200,1,0,0,1,0,0,200,200
379199,0,30,1,2,0,1,14,2,0,0,200,23,11,0,5,200,7,200,200,200,200
379199,0,30,1,2,0,1,14,2,0,0,200,23,11,0,8,0,0,0,0,200,200
379202,0,35,0,0,0,1,7,6,0,0,0,0,0,1,200,200,200,200,200,200,200
379204,0,15,0,0,0,1,7,7,0,0,0,0,200,1,0,200,200,0,4,200,200
379213,0,15,0,0,0,1,7,6,0,0,0,20,200,0,3,0,6,0,0,200,200
379222,0,30,0,0,0,1,10,5,0,0,0,18,200,1,5,0,1,0,0,200,200
379222,0,30,0,0,0,1,10,5,0,0,0,18,200,1,6,7,0,0,0,200,200
379224,0,30,2,2,0,1,10,2,0,0,0,16,18,0,5,200,12,0,0,200,200
379224,0,30,2,2,0,1,10,2,0,0,0,16,18,1,6,200,3,0,0,200,200
379224,0,30,2,2,0,1,10,2,0,0,0,16,18,0,5,200,0,0,0,200,200
379225,0,30,1,200,0,1,0,5,0,200,200,6,200,0,5,200,5,200,0,200,200
379225,0,30,1,200,0,1,0,5,0,200,200,6,200,0,7,200,0,200,0,200,200
379228,0,30,1,2,0,1,8,12,0,0,0,17,11,0,5,0,1,200,0,200,200
379228,4,30,1,2,0,1,8,12,0,0,0,17,11,0,5,2,0,0,0,200,200
379229,0,30,0,0,200,1,7,5,0,200,200,22,22,0,200,200,2,200,200,200,200
379235,0,30,0,0,0,200,7,5,0,0,0,0,200,2,200,200,10,200,200,200,200
379236,0,15,0,0,0,1,2,5,0,0,0,11,200,0,200,200,12,200,200,200,200
379238,0,20,2,0,0,1,0,6,0,0,0,17,200,1,4,0,1,0,0,200,200
379238,0,20,2,0,0,1,0,6,0,0,0,17,200,1,6,0,0,0,0,200,200
379238,1,20,2,0,0,1,0,6,0,0,0,17,200,0,3,0,200,200,200,200,200
379238,1,20,2,0,0,1,0,6,0,0,0,17,200,0,6,0,200,200,200,200,200
379246,0,30,0,0,0,1,7,5,0,0,0,20,200,2,200,200,12,200,200,200,200
379252,0,30,2,2,0,1,10,5,0,0,0,18,18,1,200,200,3,200,12,200,200
379252,0,30,2,2,0,1,10,5,0,0,0,18,18,0,6,0,0,0,0,200,200
379252,1,30,2,2,0,1,10,5,0,0,0,18,18,0,3,0,200,200,200,200,200
379253,0,30,0,0,0,1,10,5,0,0,200,18,16,0,5,200,3,200,0,200,200
379253,0,30,0,0,0,1,10,5,0,0,200,18,16,0,6,200,0,0,0,200,200
379253,1,30,0,0,0,1,10,5,0,0,200,18,16,0,5,200,200,200,200,200,200
379253,1,30,0,0,0,1,10,5,0,0,200,18,16,1,7,200,200,200,200,200,200
379253,1,30,0,0,0,1,10,5,0,0,200,18,16,1,7,200,200,200,200,200,200
379260,0,30,10,2,0,1,0,3,0,0,0,16,32,1,5,0,1,0,0,200,200
379260,0,30,10,2,0,1,0,3,0,0,0,16,32,1,5,0,0,0,0,200,200
379260,0,30,10,2,0,1,0,3,0,0,0,16,32,0,6,200,0,0,0,200,200
379260,1,30,10,2,0,1,0,3,0,0,0,16,32,1,6,0,200,200,200,200,200
379260,1,30,10,2,0,1,0,3,0,0,0,16,32,1,5,0,200,200,200,200,200
379261,0,30,0,0,0,1,12,5,0,0,0,0,0,0,7,0,1,0,0,200,200
379261,0,30,0,0,0,1,12,5,0,0,0,0,0,1,6,0,0,0,0,200,200
379263,0,30,0,0,200,200,7,5,0,200,0,0,200,2,200,200,200,200,200,200,200
379266,0,30,2,2,0,1,14,3,0,0,0,17,200,0,6,0,0,0,0,200,200
379266,0,30,2,2,0,1,14,3,0,0,0,17,200,1,6,0,1,0,0,200,200
379270,0,35,0,0,0,1,14,2,0,0,0,17,0,0,6,200,200,0,0,200,200
379270,0,35,0,0,0,1,14,2,0,0,0,17,0,0,5,200,2,200,200,200,200
379272,0,30,0,0,0,1,7,6,0,0,0,0,0,0,200,200,200,200,200,200,200
379276,0,30,1,2,0,1,14,5,0,0,0,17,200,0,5,200,1,200,200,200,200
379276,0,30,1,2,0,1,14,5,0,0,0,17,200,0,5,200,0,200,200,200,200
379276,1,30,1,2,0,1,14,5,0,0,0,17,200,1,6,200,200,200,200,200,200
379278,0,30,0,0,0,1,7,2,0,0,0,0,200,0,6,0,6,200,0,200,200
379278,1,30,0,0,0,1,7,2,0,0,0,0,200,1,200,0,200,200,200,200,200
379282,0,30,0,0,0,1,10,5,0,200,200,18,200,2,200,200,3,200,200,200,200
379282,0,30,0,0,0,1,10,5,0,200,200,18,200,1,200,7,0,200,0,200,200
379292,0,30,0,0,0,1,10,5,0,0,0,18,18,0,5,0,3,0,0,200,200
379292,0,30,0,0,0,1,10,5,0,0,0,18,18,1,6,0,0,0,0,200,200
379292,1,30,0,0,0,1,10,5,0,0,0,18,18,1,2,5,200,200,200,200,200
379293,0,10,0,0,0,3,7,7,0,0,0,0,200,2,200,200,200,200,200,200,200
379298,0,30,1,2,0,1,10,2,0,0,0,18,200,0,200,200,3,0,0,200,200
379298,0,30,1,2,0,1,10,2,0,0,0,18,200,0,8,0,0,0,0,200,200
379301,0,30,1,2,0,1,10,3,0,0,0,18,200,0,200,200,3,200,200,200,200
379301,0,30,1,2,0,1,10,3,0,0,0,18,200,1,5,0,0,0,0,200,200
379302,0,20,2,0,0,1,0,5,0,0,0,0,200,1,9,0,1,0,0,200,200
379302,0,20,2,0,0,1,0,5,0,0,0,0,200,1,9,0,0,0,0,200,200
379307,0,35,0,0,0,1,12,2,0,0,0,25,200,0,7,200,12,200,0,200,200
379307,0,35,0,0,0,1,12,2,0,0,0,25,200,1,7,200,0,200,0,200,200
379307,1,35,0,0,0,1,12,2,0,0,0,25,200,0,200,200,200,200,200,200,200
379311,0,30,1,2,0,1,10,3,0,0,0,0,0,0,200,200,3,200,200,200,200
379311,0,30,1,2,0,1,10,3,0,0,0,0,0,0,6,0,0,0,0,200,200
379311,1,30,1,2,0,1,10,3,0,0,0,0,0,0,7,0,200,200,200,200,200
379311,1,30,1,2,0,1,10,3,0,0,0,0,0,200,200,200,200,200,200,200,200
379311,1,30,1,2,0,1,10,3,0,0,0,0,0,200,200,200,200,200,200,200,200
379317,0,20,0,0,0,1,0,7,0,0,200,17,0,1,5,0,6,0,0,200,200
379317,0,20,0,0,0,1,0,7,0,0,200,17,0,0,6,0,0,0,0,200,200
379322,0,30,2,200,0,1,0,5,0,0,0,5,200,1,200,200,5,200,0,200,200
379322,0,30,2,200,0,1,0,5,0,0,0,5,200,1,6,0,0,0,0,200,200
379327,0,25,0,0,0,1,7,5,0,0,0,0,200,0,6,0,12,0,0,200,200
379335,0,30,0,0,0,1,0,2,0,1,0,0,0,0,6,7,1,200,0,200,200
379335,0,30,0,0,0,1,0,2,0,1,0,0,0,1,8,200,0,200,0,200,200
379338,0,20,0,0,0,1,2,0,0,0,0,0,11,0,200,200,200,200,200,200,200
379338,1,20,0,0,0,1,2,0,0,0,0,0,11,1,7,200,200,200,200,200,200
379339,0,30,1,2,0,1,12,5,0,0,0,17,0,0,6,0,4,0,0,200,200
379339,0,30,1,2,0,1,12,5,0,0,0,17,0,0,0,0,0,0,0,200,200
379339,1,30,1,2,0,1,12,5,0,0,0,17,0,0,200,0,200,200,200,200,200
379339,1,30,1,2,0,1,12,5,0,0,0,17,0,1,200,0,200,200,200,200,200
379339,1,30,1,2,0,1,12,5,0,0,0,17,0,1,200,0,200,200,200,200,200
379339,1,30,1,2,0,1,12,5,0,0,0,17,0,0,200,0,200,200,200,200,200
379341,0,30,1,2,0,1,12,5,0,0,0,18,22,0,5,0,3,0,0,200,200
379341,0,30,1,2,0,1,12,5,0,0,0,18,22,1,6,0,0,0,0,200,200
379343,0,30,1,2,0,1,0,5,0,0,0,6,14,0,200,200,5,200,200,200,200
379343,0,30,1,2,0,1,0,5,0,0,0,6,14,1,0,200,12,0,0,200,200
379343,0,30,1,2,0,1,0,5,0,0,0,6,14,0,5,200,12,0,0,200,200
379343,0,30,1,2,0,1,0,5,0,0,0,6,14,1,6,200,12,0,0,200,200
379343,1,30,1,2,0,1,0,5,0,0,0,6,14,1,5,200,200,200,200,200,200
379343,1,30,1,2,0,1,0,5,0,0,0,6,14,200,200,200,200,200,200,200,200
379349,0,30,0,0,0,1,10,5,0,0,200,0,0,0,5,200,200,200,200,200,200
379349,0,30,0,0,0,1,10,5,0,0,200,0,0,0,6,0,0,200,200,200,200
379349,1,30,0,0,0,1,10,5,0,0,200,0,0,1,6,0,200,200,200,200,200
379356,0,30,0,0,0,1,0,5,0,200,200,17,22,0,5,0,1,200,0,200,200
379356,0,30,0,0,0,1,0,5,0,200,200,17,22,0,5,0,12,200,0,200,200
379357,0,15,0,0,0,1,8,0,0,0,0,200,200,1,200,200,200,200,200,200,200
379357,4,15,0,0,0,1,8,0,0,0,0,200,200,0,0,7,200,200,7,200,200
379385,0,30,0,0,0,1,8,5,0,0,0,17,200,1,5,200,1,1,0,200,200
379385,4,30,0,0,0,1,8,5,0,0,0,17,200,0,5,7,0,0,0,200,200
379386,0,30,0,0,0,1,12,5,0,0,0,16,0,0,8,0,12,0,0,200,200
379386,0,30,0,0,0,1,12,5,0,0,0,16,0,2,200,200,0,200,200,200,200
379388,0,30,0,0,0,1,14,1,0,0,0,17,200,0,6,0,1,0,0,200,200
379388,0,30,0,0,0,1,14,1,0,0,0,17,200,1,5,200,0,0,0,200,200
379388,1,30,0,0,0,1,14,1,0,0,0,17,200,1,6,200,200,200,200,200,200
379388,1,30,0,0,0,1,14,1,0,0,0,17,200,0,0,5,200,200,200,200,200
379390,0,30,1,2,0,1,14,12,0,0,0,17,200,0,6,0,1,0,0,200,200
379390,0,30,1,2,0,1,14,12,0,0,0,17,200,1,7,0,0,0,0,200,200
379392,0,15,0,0,0,1,0,7,0,0,0,11,200,1,200,200,12,0,0,200,200
379392,0,15,0,0,0,1,0,7,0,0,0,11,200,0,6,0,0,0,0,200,200
379400,0,30,1,2,0,1,14,3,0,0,0,21,200,1,7,200,0,0,0,200,200
379400,0,30,1,2,0,1,14,3,0,0,0,21,200,0,6,0,7,0,0,200,0
379402,0,30,0,0,0,1,7,5,0,0,200,11,200,1,9,200,200,0,0,200,200
379403,0,30,0,0,0,200,12,5,0,200,200,17,200,0,8,200,1,200,0,200,200
379403,0,30,0,0,0,200,12,5,0,200,200,17,200,0,6,200,0,200,0,200,200
379408,0,30,0,0,0,1,2,5,0,0,0,0,0,0,6,0,200,200,200,200,200
379409,0,25,0,0,0,4,7,5,0,0,0,23,200,0,4,0,12,0,0,200,200
379415,0,30,0,0,200,200,7,6,0,200,200,0,0,2,200,200,200,200,200,200,200
379417,0,30,0,0,0,1,12,5,0,0,0,21,11,0,200,200,4,200,200,200,200
379417,0,30,0,0,0,1,12,5,0,0,0,21,11,0,5,0,0,0,0,200,200
379421,0,30,0,0,0,1,12,5,0,0,0,0,0,0,200,200,200,200,200,200,200
379421,0,30,0,0,0,1,12,5,0,0,0,0,0,1,7,0,200,0,0,200,200
379422,0,30,200,200,0,1,12,5,0,0,0,200,200,1,200,200,3,200,200,200,200
379422,0,30,200,200,0,1,12,5,0,0,0,200,200,0,6,0,200,0,0,200,200
379428,0,30,0,0,0,1,7,6,0,0,0,0,200,2,200,200,200,200,200,200,200
379429,0,30,1,2,0,1,10,2,0,0,12,200,200,0,5,200,200,200,200,200,200
379429,0,30,1,2,0,1,10,2,0,0,12,200,200,0,6,0,0,200,0,200,200
379430,0,30,0,0,0,1,14,5,0,0,0,23,17,0,2,200,200,200,0,200,200
379430,0,30,0,0,0,1,14,5,0,0,0,23,17,1,6,200,12,200,0,200,200
379430,1,30,0,0,0,1,14,5,0,0,0,23,17,0,5,200,200,200,200,200,200
379434,0,20,0,0,0,1,9,5,0,0,0,0,0,0,200,200,6,200,200,200,200
379434,5,20,0,0,0,1,9,5,0,0,0,0,0,1,3,7,200,200,0,200,200
379434,1,20,0,0,0,1,9,5,0,0,0,0,0,1,200,200,200,200,200,200,200
379446,0,30,0,0,0,1,12,2,0,0,0,21,11,1,6,0,12,0,0,200,200
379446,0,30,0,0,0,1,12,2,0,0,0,21,11,0,6,0,0,0,0,200,200
379448,0,30,0,0,0,1,7,5,0,0,200,12,0,1,5,200,10,200,0,200,200
379449,0,30,1,2,0,1,2,2,0,0,0,11,200,1,5,200,7,0,1,200,200
379450,0,20,1,2,0,1,12,1,0,0,0,21,200,2,200,200,4,200,200,200,200
379450,0,20,1,2,0,1,12,1,0,0,0,21,200,0,5,0,0,200,0,200,200
379450,1,20,1,2,0,1,12,1,0,0,0,21,200,0,7,7,200,200,200,200,200