RD_NO,PERSON_TYPE,POSTED_SPEED_LIMIT,TRAFFIC_CONTROL_DEVICE,DEVICE_CONDITION,WEATHER_CONDITION,LIGHTING_CONDITION,FIRST_CRASH_TYPE,TRAFFICWAY_TYPE,ALIGNMENT,ROADWAY_SURFACE_COND,ROAD_DEFECT,PRIM_CONTRIBUTORY_CAUSE,SEC_CONTRIBUTORY_CAUSE,SEX,AGE,SAFETY_EQUIPMENT,DRIVER_ACTION,DRIVER_VISION,PHYSICAL_CONDITION,BAC_RESULT VALUE,CELL_PHONE_USE
379453,0,30,1,2,0,4,12,2,0,0,0,17,0,1,4,0,1,0,0,200,200
379453,0,30,1,2,0,4,12,2,0,0,0,17,0,1,6,200,0,0,0,200,200
379453,1,30,1,2,0,4,12,2,0,0,0,17,0,1,4,0,200,200,200,200,200
379454,0,30,1,2,0,1,12,5,0,0,0,17,17,0,7,0,1,0,0,200,200
379454,0,30,1,2,0,1,12,5,0,0,0,17,17,0,5,200,1,0,0,200,200
379455,0,30,0,0,0,1,0,3,2,0,0,25,0,0,200,200,1,200,200,200,200
379455,0,30,0,0,0,1,0,3,2,0,0,25,0,1,6,200,200,0,0,200,200
379457,0,40,0,0,0,1,12,3,0,0,0,0,0,1,200,200,200,200,200,200,200
379457,0,40,0,0,0,1,12,3,0,0,0,0,0,1,5,0,0,0,0,200,200
379457,1,40,0,0,0,1,12,3,0,0,0,0,0,0,200,0,200,200,200,200,200
379461,4,30,0,0,0,1,8,2,0,0,0,0,0,0,6,7,12,0,0,200,200
379462,0,30,0,0,0,4,7,5,0,0,0,17,200,0,8,0,0,0,0,200,200
379464,5,15,0,0,0,1,9,12,0,0,0,17,200,0,2,7,1,0,0,200,200
379464,0,15,0,0,0,1,9,12,0,0,0,17,200,0,8,0,0,5,0,200,200
379471,0,30,0,0,0,4,10,2,0,0,0,0,0,0,6,200,200,200,0,200,200
379471,0,30,0,0,0,4,10,2,0,0,0,0,0,0,5,200,12,200,0,200,200
379480,0,35,0,0,0,3,12,5,0,0,0,21,200,2,200,200,4,200,200,200,200
379480,0,35,0,0,0,3,12,5,0,0,0,21,200,1,5,0,0,0,0,200,200
379481,0,30,2,2,0,1,5,5,0,0,0,200,200,0,200,200,6,200,200,200,200
379481,0,30,2,2,0,1,5,5,0,0,0,200,200,0,5,0,0,0,0,200,200
379490,0,30,0,0,0,1,14,5,0,0,200,23,0,0,5,0,200,0,0,200,200
379490,0,30,0,0,0,1,14,5,0,0,200,23,0,0,4,200,7,200,200,200,200
379491,0,30,1,2,0,3,14,5,0,0,0,23,0,0,200,200,200,200,200,200,200
379491,0,30,1,2,0,3,14,5,0,0,0,23,0,1,6,0,0,0,0,200,200
379491,1,30,1,2,0,3,14,5,0,0,0,23,0,1,6,0,200,200,200,200,200
379494,0,30,1,2,0,3,10,3,0,0,0,18,16,0,7,200,8,0,0,200,200
379494,0,30,1,2,0,3,10,3,0,0,0,18,16,0,5,200,0,0,0,200,200
379494,1,30,1,2,0,3,10,3,0,0,0,18,16,1,5,200,200,200,200,200,200
379494,1,30,1,2,0,3,10,3,0,0,0,18,16,1,2,200,200,200,200,200,200
379494,1,30,1,2,0,3,10,3,0,0,0,18,16,1,1,7,200,200,200,200,200
379494,1,30,1,2,0,3,10,3,0,0,0,18,16,1,200,200,200,200,200,200,200
379494,1,30,1,2,0,3,10,3,0,0,0,18,16,1,2,200,200,200,200,200,200
379496,0,30,1,2,0,3,10,2,0,0,0,18,11,0,6,0,3,200,0,200,200
379496,0,30,1,2,0,3,10,2,0,0,0,18,11,0,6,0,0,0,0,200,200
379496,1,30,1,2,0,3,10,2,0,0,0,18,11,0,6,0,200,200,200,200,200
379496,1,30,1,2,0,3,10,2,0,0,0,18,11,0,3,0,200,200,200,200,200
379496,1,30,1,2,0,3,10,2,0,0,0,18,11,1,2,0,200,200,200,200,200
379498,0,30,2,2,0,3,0,2,0,0,200,32,5,0,7,200,5,0,5,200,200
379498,0,30,2,2,0,3,0,2,0,0,200,32,5,1,4,200,0,0,0,200,200
379498,0,30,2,2,0,3,0,2,0,0,200,32,5,0,6,200,0,0,0,200,200
379498,1,30,2,2,0,3,0,2,0,0,200,32,5,0,4,200,200,200,200,200,200
379498,1,30,2,2,0,3,0,2,0,0,200,32,5,1,5,200,200,200,200,200,200
379498,1,30,2,2,0,3,0,2,0,0,200,32,5,0,6,200,200,200,200,200,200
379501,0,30,1,2,0,1,0,6,0,0,0,5,200,0,7,200,1,200,200,200,200
379501,0,30,1,2,0,1,0,6,0,0,0,5,200,0,6,0,200,0,200,200,200
379509,0,25,0,0,0,1,7,6,0,0,200,0,0,2,200,200,200,200,200,200,200
379510,0,25,0,0,0,3,2,5,0,0,0,20,16,0,200,200,12,200,200,200,200
379512,0,35,2,2,0,1,14,12,0,0,200,17,11,0,6,200,1,0,0,200,200
379512,0,35,2,2,0,1,14,12,0,0,200,17,11,1,5,200,0,0,0,200,200
379512,1,35,2,2,0,1,14,12,0,0,200,17,11,1,5,200,200,200,200,200,200
379512,1,35,2,2,0,1,14,12,0,0,200,17,11,1,200,200,200,200,200,200,200
379512,1,35,2,2,0,1,14,12,0,0,200,17,11,0,200,200,200,200,200,200,200
379512,1,35,2,2,0,1,14,12,0,0,200,17,11,1,200,200,200,200,200,200,200
379514,0,30,200,200,0,3,10,7,0,0,0,200,200,0,8,0,200,200,0,200,200
379514,0,30,200,200,0,3,10,7,0,0,0,200,200,0,200,200,200,200,200,200,200
379514,1,30,200,200,0,3,10,7,0,0,0,200,200,1,200,0,200,200,200,200,200
379520,0,30,1,2,0,1,12,5,0,0,0,18,200,0,200,200,4,200,200,200,200
379520,0,30,1,2,0,1,12,5,0,0,0,18,200,1,6,0,0,0,0,200,200
379529,0,25,0,0,0,3,14,2,0,0,0,17,17,0,6,0,1,0,0,200,200
379529,0,25,0,0,0,3,14,2,0,0,0,17,17,0,6,0,0,0,0,200,200
379530,0,35,1,200,0,4,3,2,3,200,200,0,200,0,200,200,200,200,200,200,200
379530,0,35,1,200,0,4,3,2,3,200,200,0,200,0,6,0,0,200,0,200,200
379532,0,30,1,2,0,3,11,3,0,0,0,0,0,0,6,200,200,200,0,200,200
379532,0,30,1,2,0,3,11,3,0,0,0,0,0,1,5,200,200,200,0,200,200
379532,1,30,1,2,0,3,11,3,0,0,0,0,0,0,6,200,200,200,200,200,200
379534,0,30,0,0,0,1,7,6,0,0,0,0,0,2,200,200,200,200,200,200,200
379544,0,30,2,2,0,3,0,12,0,0,0,16,14,0,5,200,1,0,0,200,200
379544,0,30,2,2,0,3,0,12,0,0,0,16,14,0,5,200,0,0,0,200,200
379544,1,30,2,2,0,3,0,12,0,0,0,16,14,0,5,200,200,200,200,200,200
379545,0,30,1,2,0,4,12,5,0,0,0,0,0,1,5,200,0,0,0,200,200
379545,0,30,1,2,0,4,12,5,0,0,0,0,0,1,5,200,0,0,0,200,200
379552,0,30,1,2,200,200,14,200,0,200,200,21,23,0,7,200,200,200,200,200,200
379552,0,30,1,2,200,200,14,200,0,200,200,21,23,0,5,200,7,200,200,200,200
379553,0,30,0,0,0,3,14,5,0,0,200,17,0,0,7,200,1,200,200,200,200
379553,0,30,0,0,0,3,14,5,0,0,200,17,0,0,6,0,0,200,200,200,200
379562,0,25,0,0,0,3,9,6,0,0,0,200,200,0,8,0,1,0,0,200,200
379562,5,25,0,0,0,3,9,6,0,0,0,200,200,1,5,7,0,0,0,200,200
379577,0,15,0,0,0,1,7,7,1,0,0,0,0,0,6,0,200,0,0,200,200
379579,0,30,1,2,0,3,14,1,0,0,0,17,200,1,8,0,1,200,0,200,200
379579,0,30,1,2,0,3,14,1,0,0,0,17,200,0,5,0,0,200,0,200,200
379582,0,30,1,2,0,0,14,2,0,0,0,17,200,0,7,0,1,0,0,200,200
379582,0,30,1,2,0,0,14,2,0,0,0,17,200,1,3,0,0,0,0,200,200
379582,0,30,1,2,0,0,14,2,0,0,0,17,200,0,6,0,0,0,0,200,200
379582,1,30,1,2,0,0,14,2,0,0,0,17,200,1,6,0,200,200,200,200,200
379582,1,30,1,2,0,0,14,2,0,0,0,17,200,200,1,0,200,200,200,200,200
379582,1,30,1,2,0,0,14,2,0,0,0,17,200,0,4,0,200,200,200,200,200
379585,0,5,0,0,0,4,3,7,0,0,0,0,0,0,5,0,12,200,0,200,200
379585,0,5,0,0,0,4,3,7,0,0,0,0,0,0,5,200,200,200,0,200,200
379588,0,30,2,2,0,3,0,6,0,0,0,22,200,0,5,200,2,0,0,200,200
379588,0,30,2,2,0,3,0,6,0,0,0,22,200,1,6,0,6,0,0,200,200
379588,1,30,2,2,0,3,0,6,0,0,0,22,200,1,200,200,200,200,200,200,200
379588,1,30,2,2,0,3,0,6,0,0,0,22,200,0,200,200,200,200,200,200,200
379591,0,30,1,2,0,3,14,5,0,0,0,0,0,1,200,200,200,200,200,200,200
379591,0,30,1,2,0,3,14,5,0,0,0,0,0,0,7,200,200,0,0,200,200
379596,0,30,1,2,0,3,12,5,0,0,0,0,0,0,200,200,200,200,200,200,200
379596,0,30,1,2,0,3,12,5,0,0,0,0,0,0,4,0,0,0,0,200,200
379599,0,50,12,0,0,3,12,5,0,0,200,22,0,2,200,200,2,200,200,200,200
379599,0,50,12,0,0,3,12,5,0,0,200,22,0,0,6,200,0,200,200,200,200
379602,0,30,1,200,0,3,14,5,0,200,200,0,0,0,200,200,5,200,200,200,200
379602,0,30,1,200,0,3,14,5,0,200,200,0,0,1,200,200,0,0,0,200,200
379617,0,30,0,0,0,3,12,3,0,0,0,11,25,0,5,200,200,200,0,200,200
379617,0,30,0,0,0,3,12,3,0,0,0,11,25,0,5,0,200,200,0,200,200
379617,1,30,0,0,0,3,12,3,0,0,0,11,25,1,4,0,200,200,200,200,200
379617,1,30,0,0,0,3,12,3,0,0,0,11,25,0,6,0,200,200,200,200,200
379621,0,30,200,200,0,3,9,2,0,0,200,25,200,0,200,200,12,200,200,200,200
379621,5,30,200,200,0,3,9,2,0,0,200,25,200,0,5,7,0,200,0,200,200
379622,0,35,1,2,0,3,8,2,0,0,1,35,0,0,5,200,0,0,0,200,200
379622,4,35,1,2,0,3,8,2,0,0,1,35,0,0,5,2,5,200,0,200,200
379629,0,30,1,2,0,3,14,1,0,0,0,15,14,0,5,0,1,0,0,200,200
379629,0,30,1,2,0,3,14,1,0,0,0,15,14,0,4,0,12,0,0,200,200
379629,1,30,1,2,0,3,14,1,0,0,0,15,14,0,200,200,200,200,200,200,200
379629,1,30,1,2,0,3,14,1,0,0,0,15,14,200,200,200,200,200,200,200,200
379629,1,30,1,2,0,3,14,1,0,0,0,15,14,0,200,200,200,200,200,200,200
379629,1,30,1,2,0,3,14,1,0,0,0,15,14,0,200,200,200,200,200,200,200
379635,0,30,1,2,0,3,14,6,0,0,0,200,200,0,6,200,2,200,200,200,200
379635,0,30,1,2,0,3,14,6,0,0,0,200,200,0,6,200,0,0,0,200,200
379638,0,30,1,2,0,3,14,6,0,0,0,17,21,0,5,200,1,0,0,200,200
379638,0,30,1,2,0,3,14,6,0,0,0,17,21,0,5,200,12,0,0,200,200
379638,1,30,1,2,0,3,14,6,0,0,0,17,21,1,5,200,200,200,200,200,200
379638,1,30,1,2,0,3,14,6,0,0,0,17,21,1,200,5,200,200,200,200,200
379647,0,30,0,0,0,3,12,3,0,0,0,0,0,2,200,200,200,200,200,200,200
379647,0,30,0,0,0,3,12,3,0,0,0,0,0,1,7,200,0,0,0,200,200
379652,0,10,0,0,0,0,0,7,0,0,0,20,17,1,6,200,6,0,0,200,200
379652,0,10,0,0,0,0,0,7,0,0,0,20,17,1,6,200,0,0,0,200,200
379658,0,30,1,2,200,200,14,2,0,200,200,17,0,1,4,200,5,200,200,200,200
379658,0,30,1,2,200,200,14,2,0,200,200,17,0,1,5,0,0,0,0,200,200
379658,1,30,1,2,200,200,14,2,0,200,200,17,0,0,5,0,200,200,200,200,200
379661,0,30,1,2,0,0,14,5,0,0,0,0,0,0,4,0,0,0,0,200,200
379661,0,30,1,2,0,0,14,5,0,0,0,0,0,0,5,0,0,0,0,200,200
379661,1,30,1,2,0,0,14,5,0,0,0,0,0,1,4,0,200,200,200,200,200
379661,1,30,1,2,0,0,14,5,0,0,0,0,0,1,3,0,200,200,200,200,200
379661,1,30,1,2,0,0,14,5,0,0,0,0,0,0,5,0,200,200,200,200,200
379662,0,30,1,1,0,0,9,5,0,0,0,0,27,1,9,0,1,0,200,200,200
379662,5,30,1,1,0,0,9,5,0,0,0,0,27,0,7,7,12,200,5,0.28,200
379665,0,15,0,0,0,1,11,7,0,0,200,0,0,1,200,200,6,200,200,200,200
379665,0,15,0,0,0,1,11,7,0,0,200,0,0,1,6,0,200,200,0,200,200
379667,0,30,0,0,0,3,7,5,0,0,200,32,30,0,5,200,11,200,5,200,1
379669,0,30,1,2,0,4,14,2,0,0,0,16,17,1,3,200,1,200,0,200,200
379669,5,30,1,2,0,4,14,2,0,0,0,16,17,1,7,200,200,200,200,200,200
379671,0,30,0,0,0,3,8,6,0,0,200,0,0,0,200,200,200,200,200,200,200
379671,4,30,0,0,0,3,8,6,0,0,200,0,0,0,2,7,0,0,0,200,200
379671,1,30,0,0,0,3,8,6,0,0,200,0,0,200,200,200,200,200,200,200,200
379679,0,30,0,0,0,3,7,6,0,0,0,0,200,2,200,200,200,200,200,200,200
379690,0,30,1,2,0,3,12,6,0,0,0,21,200,0,6,0,4,0,0,200,200
379690,0,30,1,2,0,3,12,6,0,0,0,21,200,1,6,0,0,0,0,200,200
379690,1,30,1,2,0,3,12,6,0,0,0,21,200,1,6,0,200,200,200,200,200
379690,1,30,1,2,0,3,12,6,0,0,0,21,200,1,5,0,200,200,200,200,200
379692,0,25,1,2,0,3,10,5,0,0,200,18,11,0,6,0,3,0,0,200,200
379692,0,25,1,2,0,3,10,5,0,0,200,18,11,0,6,0,0,0,0,200,200
379694,0,25,1,2,0,3,0,12,0,0,0,6,0,0,4,0,0,0,0,200,200
379694,0,25,1,2,0,3,0,12,0,0,0,6,0,0,6,0,5,0,200,200,200
379696,0,30,1,2,0,3,10,5,0,0,0,0,200,0,6,200,1,200,200,200,200
379696,0,30,1,2,0,3,10,5,0,0,0,0,200,0,5,0,0,0,0,200,200
379696,0,30,1,2,0,3,10,5,0,0,0,0,200,1,7,200,0,200,0,200,200
379696,1,30,1,2,0,3,10,5,0,0,0,0,200,0,5,0,200,200,200,200,200
379696,1,30,1,2,0,3,10,5,0,0,0,0,200,0,5,0,200,200,200,200,200
379696,1,30,1,2,0,3,10,5,0,0,0,0,200,1,5,0,200,200,200,200,200
379697,0,30,0,0,0,3,2,5,0,0,0,32,27,0,6,200,200,200,5,0.2,200
379704,0,25,0,0,0,3,14,5,0,0,0,23,21,1,5,7,7,200,0,200,200
379704,0,25,0,0,0,3,14,5,0,0,0,23,21,0,7,7,0,0,0,200,200
379704,1,25,0,0,0,3,14,5,0,0,0,23,21,1,7,0,200,200,200,200,200
379705,0,30,1,2,0,3,12,2,0,0,200,23,0,0,5,0,7,200,200,200,200
379705,0,30,1,2,0,3,12,2,0,0,200,23,0,1,5,0,0,0,0,200,200
379705,1,30,1,2,0,3,12,2,0,0,200,23,0,0,5,0,200,200,200,200,200
379707,0,15,0,0,0,3,10,7,0,0,0,0,0,0,200,200,200,200,200,200,200
379707,0,15,0,0,0,3,10,7,0,0,0,0,0,0,6,0,0,0,0,200,200
379707,1,15,0,0,0,3,10,7,0,0,0,0,0,200,200,0,200,200,200,200,200
379719,0,30,2,2,0,3,14,2,0,0,0,5,32,0,6,0,5,0,0,200,200
379719,0,30,2,2,0,3,14,2,0,0,0,5,32,0,6,0,0,0,5,200,200
379719,1,30,2,2,0,3,14,2,0,0,0,5,32,1,200,0,200,200,200,200,200
379720,0,30,0,0,0,3,7,5,0,0,0,7,200,0,7,200,8,0,0,200,200
379722,0,30,1,2,0,3,10,2,0,0,0,18,0,0,200,200,3,200,200,200,200
379722,0,30,1,2,0,3,10,2,0,0,0,18,0,0,6,0,0,0,0,200,200
379723,0,30,1,2,0,3,10,3,0,1,200,18,0,0,5,0,3,200,200,200,200
379723,0,30,1,2,0,3,10,3,0,1,200,18,0,0,7,200,200,200,200,200,200
379723,1,30,1,2,0,3,10,3,0,1,200,18,0,1,200,0,200,200,200,200,200
379723,1,30,1,2,0,3,10,3,0,1,200,18,0,1,200,0,200,200,200,200,200
379723,1,30,1,2,0,3,10,3,0,1,200,18,0,1,200,0,200,200,200,200,200
379723,1,30,1,2,0,3,10,3,0,1,200,18,0,1,200,0,200,200,200,200,200
379723,1,30,1,2,0,3,10,3,0,1,200,18,0,0,200,200,200,200,200,200,200
379723,1,30,1,2,0,3,10,3,0,1,200,18,0,0,200,200,200,200,200,200,200
379736,0,10,0,0,0,3,7,7,0,0,0,20,20,0,6,0,0,0,0,200,200
379747,0,30,1,2,0,3,10,5,0,0,0,18,18,0,200,200,3,200,200,200,200
379747,0,30,1,2,0,3,10,5,0,0,0,18,18,0,6,0,0,0,0,200,200
379749,0,30,0,0,0,3,10,5,0,0,12,18,200,0,7,200,3,200,0,200,200
379749,0,30,0,0,0,3,10,5,0,0,12,18,200,0,5,200,0,200,0,200,200
379750,0,30,0,2,0,3,14,5,0,0,0,200,200,2,200,200,200,200,200,200,200
379750,0,30,0,2,0,3,14,5,0,0,0,200,200,0,6,200,0,0,0,200,200
379757,0,30,1,2,0,3,14,5,0,0,0,200,200,0,200,200,200,200,200,200,200
379757,0,30,1,2,0,3,14,5,0,0,0,200,200,0,7,200,0,0,0,200,200
379760,0,35,1,2,0,3,14,5,0,0,0,17,0,0,5,0,200,200,0,200,200
379760,0,35,1,2,0,3,14,5,0,0,0,17,0,1,7,0,200,200,0,200,200
379760,1,35,1,2,0,3,14,5,0,0,0,17,0,0,6,0,200,200,200,200,200
379760,1,35,1,2,0,3,14,5,0,0,0,17,0,1,5,0,200,200,200,200,200
379760,1,35,1,2,0,3,14,5,0,0,0,17,0,1,5,0,200,200,200,200,200
379760,1,35,1,2,0,3,14,5,0,0,0,17,0,1,5,0,200,200,200,200,200
379760,1,35,1,2,0,3,14,5,0,0,0,17,0,1,7,0,200,200,200,200,200
379767,0,30,0,0,0,3,14,5,0,0,0,17,0,0,6,0,1,0,0,200,200
379767,0,30,0,0,0,3,14,5,0,0,0,17,0,1,5,0,0,0,0,200,200
379767,1,30,0,0,0,3,14,5,0,0,0,17,0,0,5,0,200,200,200,200,200
379767,1,30,0,0,0,3,14,5,0,0,0,17,0,1,6,0,200,200,200,200,200
379767,1,30,0,0,0,3,14,5,0,0,0,17,0,0,5,0,200,200,200,200,200
379768,0,25,0,0,0,3,7,6,2,0,0,0,200,0,200,200,12,200,200,200,200
379768,0,25,0,0,0,3,7,6,2,0,0,0,200,0,7,0,0,0,0,200,200
379768,1,25,0,0,0,3,7,6,2,0,0,0,200,200,200,200,200,200,200,200,200
379769,0,30,0,0,0,3,2,3,0,0,0,12,200,1,0,200,12,0,0,200,200
379769,1,30,0,0,0,3,2,3,0,0,0,12,200,1,6,200,200,200,200,200,200
379772,0,30,0,0,0,3,7,5,0,0,0,7,11,0,5,0,12,0,0,200,200
379777,0,30,2,2,0,3,0,5,0,0,0,17,32,1,5,200,1,0,5,0.14,200
379777,0,30,2,2,0,3,0,5,0,0,0,17,32,0,5,200,0,0,0,200,200
379777,1,30,2,2,0,3,0,5,0,0,0,17,32,1,5,200,200,200,200,200,200
379777,1,30,2,2,0,3,0,5,0,0,0,17,32,0,4,200,200,200,200,200,200
379777,1,30,2,2,0,3,0,5,0,0,0,17,32,1,5,200,200,200,200,200,200
379783,0,30,0,0,0,3,0,5,0,0,0,20,200,0,5,200,6,200,0,200,200
379783,0,30,0,0,0,3,0,5,0,0,0,20,200,0,6,0,0,0,0,200,200
379792,0,30,200,200,0,3,12,2,0,0,0,22,0,0,200,200,200,200,200,200,200
379792,0,30,200,200,0,3,12,2,0,0,0,22,0,0,6,200,200,0,0,200,200
379795,0,30,0,0,0,3,12,2,0,0,1,0,200,0,7,200,200,0,0,200,200
379795,0,30,0,0,0,3,12,2,0,0,1,0,200,1,5,200,200,0,0,200,200
379795,1,30,0,0,0,3,12,2,0,0,1,0,200,1,7,200,200,200,200,200,200
379795,1,30,0,0,0,3,12,2,0,0,1,0,200,1,3,200,200,200,200,200,200
379795,1,30,0,0,0,3,12,2,0,0,1,0,200,1,0,5,200,200,200,200,200
379801,0,25,2,2,0,3,2,5,0,0,0,12,200,1,5,0,12,0,0,200,200
379802,0,30,1,2,0,3,0,3,0,0,0,6,200,1,200,200,5,200,200,200,200
379802,0,30,1,2,0,3,0,3,0,0,0,6,200,2,200,200,0,200,200,200,200
379802,0,30,1,2,0,3,0,3,0,0,0,6,200,0,7,200,0,0,0,200,200
379809,0,30,1,2,0,3,7,6,0,0,0,16,25,0,5,200,8,200,200,200,200
379809,1,30,1,2,0,3,7,6,0,0,0,16,25,1,6,200,200,200,200,200,200
379813,0,30,0,200,0,0,10,2,0,0,200,20,21,0,5,200,6,200,200,200,200
379813,0,30,0,200,0,0,10,2,0,0,200,20,21,0,7,0,12,200,200,200,200
379824,0,30,200,200,200,200,12,6,0,200,200,17,22,0,6,200,0,200,200,200,200
379824,0,30,200,200,200,200,12,6,0,200,200,17,22,0,6,200,1,200,200,200,200
379828,0,30,1,2,0,3,10,2,0,0,0,18,16,0,6,200,8,200,200,200,200
379828,0,30,1,2,0,3,10,2,0,0,0,18,16,0,6,200,0,0,0,200,200
379830,0,30,0,0,0,3,12,5,0,0,0,21,0,0,200,200,4,200,200,200,200
379830,0,30,0,0,0,3,12,5,0,0,0,21,0,1,6,0,2,0,0,200,200
379832,0,30,1,2,0,3,10,3,0,0,0,0,0,1,6,200,8,200,200,200,200
379832,0,30,1,2,0,3,10,3,0,0,0,0,0,1,6,0,0,0,0,200,200
379833,0,35,0,0,0,3,10,5,0,0,12,18,0,0,200,200,3,200,200,200,200
379833,0,35,0,0,0,3,10,5,0,0,12,18,0,0,6,0,0,0,0,200,200
379834,0,30,1,2,0,0,0,5,0,0,0,0,200,1,5,200,200,200,200,200,200
379834,0,30,1,2,0,0,0,5,0,0,0,0,200,1,6,200,200,200,0,200,200
379834,1,30,1,2,0,0,0,5,0,0,0,0,200,0,6,200,200,200,200,200,200
379837,0,30,0,0,0,3,2,3,0,0,0,8,200,1,6,0,12,0,0,200,200
379837,1,30,0,0,0,3,2,3,0,0,0,8,200,0,6,0,200,200,200,200,200
379846,0,30,1,2,0,3,14,5,0,0,0,18,27,0,6,200,1,0,5,200,200
379846,0,30,1,2,0,3,14,5,0,0,0,18,27,0,0,200,0,0,0,200,200
379847,0,30,0,0,0,3,9,7,0,0,200,0,0,1,5,200,200,200,200,200,200
379847,5,30,0,0,0,3,9,7,0,0,200,0,0,1,200,200,200,200,200,200,200
379850,0,30,2,2,0,0,9,5,0,1,0,0,0,1,0,200,13,0,200,200,200
379850,5,30,2,2,0,0,9,5,0,1,0,0,0,1,6,0,200,0,0,200,200
379853,0,30,0,0,0,3,7,5,0,0,0,0,0,2,200,200,200,200,200,200,200
379868,0,30,0,0,0,3,0,5,0,0,200,17,0,0,6,0,1,200,200,200,200
379868,0,30,0,0,0,3,0,5,0,0,200,17,0,1,5,0,200,200,200,200,200
379868,1,30,0,0,0,3,0,5,0,0,200,17,0,1,200,0,200,200,200,200,200
379868,1,30,0,0,0,3,0,5,0,0,200,17,0,0,200,0,200,200,200,200,200
379868,1,30,0,0,0,3,0,5,0,0,200,17,0,1,200,0,200,200,200,200,200
379868,1,30,0,0,0,3,0,5,0,0,200,17,0,1,200,0,200,200,200,200,200
379879,0,30,1,2,0,0,10,2,0,0,0,0,0,2,200,200,12,200,200,200,200
379879,0,30,1,2,0,0,10,2,0,0,0,0,0,1,5,0,0,0,0,200,200
379880,0,30,2,2,0,0,12,5,0,0,0,0,200,0,6,0,1,0,0,200,200
379880,0,30,2,2,0,0,12,5,0,0,0,0,200,0,200,0,12,0,0,200,200
379880,1,30,2,2,0,0,12,5,0,0,0,0,200,0,200,0,200,200,200,200,200
379897,0,35,1,2,0,3,14,5,0,0,0,0,200,1,200,200,12,200,200,200,200
379897,0,35,1,2,0,3,14,5,0,0,0,0,200,0,7,0,0,0,0,200,200
379898,0,30,0,0,0,3,7,5,0,0,0,0,0,2,200,200,200,200,200,200,200
379904,0,30,0,0,0,3,7,5,0,0,200,32,16,0,7,0,200,200,5,0.15,200
379909,0,30,4,2,0,3,12,5,0,0,0,12,0,0,6,0,0,0,0,200,200
379909,0,30,4,2,0,3,12,5,0,0,0,12,0,0,7,0,0,0,0,200,200
379915,0,30,0,0,0,0,7,5,3,0,0,200,200,2,200,200,200,200,200,200,200
379919,0,30,0,0,0,3,7,2,0,0,0,10,16,0,6,200,200,200,200,200,200
379925,0,30,0,0,0,3,7,5,0,0,0,0,200,0,200,200,200,0,0,200,200
379930,0,30,0,0,0,2,7,5,0,0,0,0,27,1,5,0,12,0,2,200,200
379930,1,30,0,0,0,2,7,5,0,0,0,0,27,0,4,0,200,200,200,200,200
379933,0,30,0,0,0,2,7,1,0,0,200,0,0,0,5,200,12,0,200,200,200
379933,1,30,0,0,0,2,7,1,0,0,200,0,0,1,4,200,200,200,200,200,200
379935,0,30,1,2,0,1,14,5,0,0,0,16,200,1,200,200,1,200,200,200,200
379935,0,30,1,2,0,1,14,5,0,0,0,16,200,0,6,0,200,0,0,200,200
379941,0,30,1,2,0,1,14,6,0,0,0,17,17,1,5,200,7,200,0,200,200
379941,0,30,1,2,0,1,14,6,0,0,0,17,17,0,6,200,12,200,0,200,200
379941,1,30,1,2,0,1,14,6,0,0,0,17,17,0,5,200,200,200,200,200,200
379945,0,30,0,0,0,2,2,2,0,0,2,200,200,0,5,1,200,200,200,200,200
379957,0,35,1,2,0,1,10,5,0,0,0,16,18,1,200,200,3,200,200,200,200
379957,0,35,1,2,0,1,10,5,0,0,0,16,18,0,5,200,0,0,0,200,200
379958,0,30,0,0,0,1,7,2,0,0,0,15,15,0,5,0,200,0,0,200,200
379976,0,0,0,0,0,3,7,5,0,0,0,0,200,2,200,200,200,200,200,200,200
379980,0,20,0,0,0,1,12,6,0,0,0,0,0,0,7,0,12,0,0,200,200
379980,0,20,0,0,0,1,12,6,0,0,0,0,0,0,7,0,0,0,0,200,200
379985,0,30,0,0,0,3,7,2,0,0,0,0,200,2,200,200,200,200,200,200,200
379986,0,30,2,2,0,1,10,5,0,0,0,18,16,0,7,0,1,0,0,200,200
379986,0,30,2,2,0,1,10,5,0,0,0,18,16,1,7,0,0,0,0,200,200
380001,0,0,0,0,0,3,7,7,0,0,0,20,200,0,6,0,6,0,0,200,200
380001,1,0,0,0,0,3,7,7,0,0,0,20,200,1,6,0,200,200,200,200,200
380004,0,30,0,0,0,3,7,2,0,0,0,25,16,2,200,200,12,200,200,200,200
380008,0,15,0,0,0,1,7,5,0,0,0,0,200,2,200,200,200,200,200,200,200
380021,0,30,0,0,0,1,12,2,0,0,0,0,0,0,200,200,200,200,200,200,200
380021,0,30,0,0,0,1,12,2,0,0,0,0,0,0,6,0,0,0,0,200,200
380021,1,30,0,0,0,1,12,2,0,0,0,0,0,0,200,200,200,200,200,200,200
380021,1,30,0,0,0,1,12,2,0,0,0,0,0,0,200,200,200,200,200,200,200
380021,1,30,0,0,0,1,12,2,0,0,0,0,0,0,200,200,200,200,200,200,200