RD_NO,PERSON_TYPE,POSTED_SPEED_LIMIT,TRAFFIC_CONTROL_DEVICE,DEVICE_CONDITION,WEATHER_CONDITION,LIGHTING_CONDITION,FIRST_CRASH_TYPE,TRAFFICWAY_TYPE,ALIGNMENT,ROADWAY_SURFACE_COND,ROAD_DEFECT,PRIM_CONTRIBUTORY_CAUSE,SEC_CONTRIBUTORY_CAUSE,SEX,AGE,SAFETY_EQUIPMENT,DRIVER_ACTION,DRIVER_VISION,PHYSICAL_CONDITION,BAC_RESULT VALUE,CELL_PHONE_USE
380022,0,30,0,0,0,1,10,3,1,1,0,27,16,1,5,0,1,0,2,200,200
380022,0,30,0,0,0,1,10,3,1,1,0,27,16,0,7,0,0,0,0,200,200
380025,0,30,0,0,0,1,14,2,0,0,0,17,17,0,6,0,1,0,0,200,200
380025,0,30,0,0,0,1,14,2,0,0,0,17,17,0,200,200,0,200,200,200,200
380045,0,30,1,0,0,1,10,2,0,0,0,18,18,0,6,200,3,200,0,200,200
380045,0,30,1,0,0,1,10,2,0,0,0,18,18,1,7,200,0,0,0,200,200
380048,0,30,0,0,0,3,7,6,0,0,0,0,200,2,200,200,10,200,200,200,200
380056,0,35,1,2,1,1,9,3,0,0,0,17,0,1,6,0,1,0,0,200,200
380056,5,35,1,2,1,1,9,3,0,0,0,17,0,1,6,7,0,0,0,200,200
380091,0,15,0,0,0,1,7,0,0,0,0,0,0,0,6,0,200,0,0,200,200
380091,1,15,0,0,0,1,7,0,0,0,0,0,0,1,6,0,200,200,200,200,200
380091,1,15,0,0,0,1,7,0,0,0,0,0,0,0,2,0,200,200,200,200,200
380091,1,15,0,0,0,1,7,0,0,0,0,0,0,1,9,200,200,200,200,200,200
380098,0,30,0,0,0,1,7,2,0,0,0,200,200,2,200,200,200,200,200,200,200
380116,0,30,0,0,0,0,7,7,0,0,0,11,0,1,9,0,200,0,0,200,200
380118,0,30,0,0,0,3,7,5,0,0,0,0,0,2,200,200,200,200,200,200,200
380123,0,30,2,2,0,1,10,12,0,0,0,18,200,0,200,200,3,200,200,200,200
380123,0,30,2,2,0,1,10,12,0,0,0,18,200,0,6,0,0,0,0,200,200
380141,0,30,0,0,0,1,7,5,0,0,0,0,0,2,200,200,200,200,200,200,200
380144,0,30,1,2,0,1,2,5,0,0,0,0,0,1,6,0,12,200,4,200,200
380157,0,30,1,2,0,1,14,2,0,0,200,18,200,0,200,200,3,200,200,200,200
380157,0,30,1,2,0,1,14,2,0,0,200,18,200,0,5,0,0,0,0,200,200
380157,1,30,1,2,0,1,14,2,0,0,200,18,200,0,4,0,200,200,200,200,200
380169,0,30,12,2,0,1,14,6,2,0,0,17,8,0,5,0,1,0,0,200,200
380169,0,30,12,2,0,1,14,6,2,0,0,17,8,1,5,0,0,4,0,200,200
380172,0,15,0,0,200,1,7,0,0,200,200,0,0,1,7,200,10,200,200,200,200
380173,0,30,0,0,0,1,12,6,0,0,0,0,200,1,6,200,1,200,200,200,200
380173,0,30,0,0,0,1,12,6,0,0,0,0,200,1,6,0,0,0,0,200,200
380173,1,30,0,0,0,1,12,6,0,0,0,0,200,0,200,0,200,200,200,200,200
380173,1,30,0,0,0,1,12,6,0,0,0,0,200,1,200,200,200,200,200,200,200
380174,0,20,0,0,0,2,7,6,0,0,0,200,200,2,200,200,200,200,200,200,200
380186,0,10,0,0,0,1,10,7,0,0,0,200,200,0,3,200,200,200,0,200,200
380186,0,10,0,0,0,1,10,7,0,0,0,200,200,0,5,200,200,200,0,200,200
380191,0,25,0,0,0,1,7,7,0,0,0,0,0,2,200,200,200,200,200,200,200
380192,0,20,1,2,0,1,5,3,0,0,0,23,200,0,6,0,7,0,0,200,200
380193,0,30,0,0,0,1,7,2,0,0,0,0,0,0,200,200,200,200,200,200,200
380193,1,30,0,0,0,1,7,2,0,0,0,0,0,1,9,1,200,200,200,200,200
380193,1,30,0,0,0,1,7,2,0,0,0,0,0,1,9,0,200,200,200,200,200
380194,0,30,0,0,0,1,7,5,0,0,0,0,200,2,200,200,0,200,200,200,200
380196,0,30,1,0,0,1,10,5,0,0,0,18,16,1,5,0,0,0,0,200,200
380196,0,30,1,0,0,1,10,5,0,0,0,18,16,0,5,0,0,0,0,200,200
380202,0,30,0,0,0,1,10,2,0,0,0,0,0,1,200,200,3,200,200,200,200
380202,0,30,0,0,0,1,10,2,0,0,0,0,0,0,9,0,0,0,0,200,200
380202,1,30,0,0,0,1,10,2,0,0,0,0,0,1,8,0,200,200,200,200,200
380225,0,10,0,0,0,1,7,7,0,0,0,0,200,2,200,200,1,200,200,200,200
380226,0,30,0,0,0,1,7,5,0,0,0,0,200,2,200,200,200,200,200,200,200
380230,0,20,0,0,0,1,7,5,3,0,0,16,23,1,200,200,8,200,200,200,200
380234,0,30,1,2,0,1,12,2,0,0,0,17,22,0,7,200,4,0,0,200,200
380234,0,30,1,2,0,1,12,2,0,0,0,17,22,0,5,200,0,0,0,200,200
380241,0,30,1,2,0,1,10,5,0,0,0,18,16,1,9,0,1,0,0,200,200
380241,0,30,1,2,0,1,10,5,0,0,0,18,16,0,7,0,0,0,0,200,200
380241,1,30,1,2,0,1,10,5,0,0,0,18,16,1,8,0,200,200,200,200,200
380241,1,30,1,2,0,1,10,5,0,0,0,18,16,0,200,0,200,200,200,200,200
380245,0,30,1,2,0,1,12,5,0,0,0,22,0,0,7,200,200,200,200,200,200
380245,0,30,1,2,0,1,12,5,0,0,0,22,0,1,6,200,0,200,200,200,200
380247,0,30,0,0,0,1,10,5,0,0,0,0,0,0,6,200,200,0,0,200,200
380247,0,30,0,0,0,1,10,5,0,0,0,0,0,0,6,0,0,0,0,200,200
380247,1,30,0,0,0,1,10,5,0,0,0,0,0,2,200,200,200,200,200,200,200
380247,1,30,0,0,0,1,10,5,0,0,0,0,0,200,200,200,200,200,200,200,200
380255,0,30,12,0,200,1,7,5,0,0,0,11,20,0,200,200,6,200,200,200,200
380260,0,15,0,0,0,1,7,0,0,0,0,0,32,0,9,0,6,200,0,200,200
380265,0,30,0,0,0,1,10,5,0,0,0,18,16,1,5,200,3,0,0,200,200
380265,0,30,0,0,0,1,10,5,0,0,0,18,16,0,7,0,0,0,0,200,200
380265,1,30,0,0,0,1,10,5,0,0,0,18,16,1,4,0,200,200,200,200,200
380268,0,30,0,0,0,1,7,5,0,0,0,11,200,1,6,0,12,0,0,200,200
380276,0,0,1,2,0,1,12,6,0,0,0,0,200,1,4,0,2,0,0,200,200
380276,0,0,1,2,0,1,12,6,0,0,0,0,200,1,7,0,0,0,0,200,200
380278,0,25,1,2,0,1,0,5,0,0,0,20,0,1,200,200,6,200,200,200,200
380278,0,25,1,2,0,1,0,5,0,0,0,20,0,0,5,0,0,200,0,200,200
380278,1,25,1,2,0,1,0,5,0,0,0,20,0,0,5,200,200,200,200,200,200
380279,0,30,0,0,0,1,10,3,0,0,0,0,0,0,200,200,200,200,200,200,200
380279,0,30,0,0,0,1,10,3,0,0,0,0,0,1,7,0,200,0,0,200,200
380279,1,30,0,0,0,1,10,3,0,0,0,0,0,1,4,0,200,200,200,200,200
380279,1,30,0,0,0,1,10,3,0,0,0,0,0,0,4,0,200,200,200,200,200
380283,0,55,0,0,0,1,10,3,3,0,0,25,16,2,200,200,12,200,200,200,200
380283,0,55,0,0,0,1,10,3,3,0,0,25,16,0,6,0,0,0,0,200,200
380285,0,30,0,0,0,1,0,6,0,0,0,17,200,0,7,0,1,0,0,200,200
380285,0,30,0,0,0,1,0,6,0,0,0,17,200,0,7,0,0,0,0,200,200
380285,1,30,0,0,0,1,0,6,0,0,0,17,200,1,6,0,200,200,200,200,200
380290,0,30,1,2,0,1,0,12,0,0,0,6,6,0,7,200,12,200,200,200,200
380290,0,30,1,2,0,1,0,12,0,0,0,6,6,0,5,0,0,0,0,200,200
380293,5,25,0,0,0,1,9,5,0,0,0,5,5,0,5,200,0,200,0,200,200
380293,0,25,0,0,0,1,9,5,0,0,0,5,5,2,200,200,200,200,200,200,200
380300,0,30,0,0,0,1,7,6,0,0,0,0,200,2,200,200,200,200,200,200,200
380301,0,30,1,2,0,1,12,5,0,0,0,0,0,0,200,200,200,200,200,200,200
380301,0,30,1,2,0,1,12,5,0,0,0,0,0,1,6,0,0,0,0,200,200
380301,1,30,1,2,0,1,12,5,0,0,0,0,0,1,200,200,200,200,200,200,200
380301,1,30,1,2,0,1,12,5,0,0,0,0,0,2,200,200,200,200,200,200,200
380301,1,30,1,2,0,1,12,5,0,0,0,0,0,2,200,200,200,200,200,200,200
380306,0,15,0,0,0,3,5,0,0,0,0,20,0,2,200,200,6,200,200,200,200
380307,0,30,0,0,0,1,14,5,0,0,0,0,0,1,9,0,200,0,0,200,200
380307,0,30,0,0,0,1,14,5,0,0,0,0,0,1,6,0,0,0,0,200,200
380312,0,30,1,200,0,3,0,5,0,0,200,200,200,1,6,0,200,0,200,200,200
380312,0,30,1,200,0,3,0,5,0,0,200,200,200,1,5,0,0,0,0,200,200
380313,0,30,0,0,0,1,14,5,0,0,0,17,16,0,200,0,1,0,0,200,200
380313,0,30,0,0,0,1,14,5,0,0,0,17,16,0,200,0,0,0,0,200,200
380317,0,30,0,0,0,1,7,6,0,0,0,0,200,2,200,200,200,200,200,200,200
380322,0,30,2,2,0,3,0,5,0,0,0,5,16,0,200,200,1,200,200,200,200
380322,0,30,2,2,0,3,0,5,0,0,0,5,16,1,5,0,0,0,0,200,200
380322,1,30,2,2,0,3,0,5,0,0,0,5,16,1,200,0,200,200,200,200,200
380322,1,30,2,2,0,3,0,5,0,0,0,5,16,0,200,0,200,200,200,200,200
380322,1,30,2,2,0,3,0,5,0,0,0,5,16,0,200,0,200,200,200,200,200
380324,0,30,0,0,0,1,2,2,0,0,0,11,200,0,6,0,0,0,0,200,200
380324,1,30,0,0,0,1,2,2,0,0,0,11,200,0,200,0,200,200,200,200,200
380326,0,20,0,0,0,1,7,6,0,0,0,0,10,0,200,200,9,200,200,200,200
380334,4,35,2,0,0,1,8,6,0,0,0,10,0,0,3,7,9,0,0,200,200
380334,0,35,2,0,0,1,8,6,0,0,0,10,0,0,6,0,0,0,0,200,200
380341,2,30,1,2,0,1,5,5,0,0,0,200,200,200,200,200,200,200,200,200,200
380341,0,30,1,2,0,1,5,5,0,0,0,200,200,0,200,0,0,12,0,200,200
380344,0,10,0,0,0,1,7,7,0,0,0,0,200,0,200,0,200,0,0,200,200
380345,0,30,0,0,0,1,8,5,0,0,0,14,200,0,5,200,1,0,0,200,200
380345,4,30,0,0,0,1,8,5,0,0,0,14,200,0,5,200,0,0,0,200,200
380349,0,30,0,0,0,1,7,7,0,0,0,200,200,2,200,200,200,200,200,200,200
380361,0,30,1,2,0,1,14,5,0,0,0,0,0,0,200,0,1,0,0,200,200
380361,0,30,1,2,0,1,14,5,0,0,0,0,0,0,200,0,0,0,0,200,200
380361,1,30,1,2,0,1,14,5,0,0,0,0,0,1,200,0,200,200,200,200,200
380361,1,30,1,2,0,1,14,5,0,0,0,0,0,1,200,0,200,200,200,200,200
380362,0,35,0,0,0,1,12,2,0,0,0,21,21,0,200,200,4,200,200,200,200
380362,0,35,0,0,0,1,12,2,0,0,0,21,21,0,5,0,0,3,0,200,200
380363,0,30,2,2,0,1,14,5,0,0,0,17,200,1,200,200,1,200,200,200,200
380363,0,30,2,2,0,1,14,5,0,0,0,17,200,0,6,0,0,0,0,200,200
380364,0,30,1,2,0,1,10,2,0,0,0,0,200,1,8,200,12,200,200,200,200
380364,0,30,1,2,0,1,10,2,0,0,0,0,200,1,4,0,0,0,0,200,200
380364,1,30,1,2,0,1,10,2,0,0,0,0,200,0,3,0,200,200,200,200,200
380364,1,30,1,2,0,1,10,2,0,0,0,0,200,1,3,0,200,200,200,200,200
380378,0,30,12,0,0,1,12,12,0,0,0,18,16,0,200,200,200,200,200,200,200
380378,0,30,12,0,0,1,12,12,0,0,0,18,16,0,7,7,0,0,0,200,200
380381,0,30,1,2,0,1,14,2,0,0,0,17,200,1,5,0,1,0,0,200,200
380381,0,30,1,2,0,1,14,2,0,0,0,17,200,1,7,200,0,200,200,200,200
380385,0,0,0,0,0,1,7,200,0,200,200,0,200,0,200,200,200,200,200,200,200
380387,0,30,1,2,0,1,10,2,0,0,0,18,0,1,5,0,3,0,0,200,200
380387,0,30,1,2,0,1,10,2,0,0,0,18,0,0,7,0,12,0,0,200,200
380391,0,35,1,2,0,3,0,3,0,0,0,17,0,2,200,200,1,200,200,200,200
380391,0,35,1,2,0,3,0,3,0,0,0,17,0,0,6,0,0,0,0,200,200
380402,0,30,0,0,0,1,7,2,0,0,0,0,200,2,200,200,10,200,200,200,200
380412,0,30,0,0,200,200,7,6,0,200,0,0,0,2,200,200,200,200,200,200,200
380413,0,0,0,0,0,1,7,7,0,200,200,0,200,1,5,0,200,200,0,200,200
380413,1,0,0,0,0,1,7,7,0,200,200,0,200,1,6,200,200,200,200,200,200
380415,0,25,0,0,200,200,7,2,0,0,0,0,0,2,200,200,200,200,200,200,200
380418,0,30,0,0,0,3,14,5,0,0,0,17,200,2,200,200,12,200,200,200,200
380418,0,30,0,0,0,3,14,5,0,0,0,17,200,1,200,0,0,0,0,200,200
380419,0,30,0,3,0,1,10,2,0,0,0,16,16,0,4,0,3,0,0,200,200
380419,0,30,0,3,0,1,10,2,0,0,0,16,16,0,5,0,0,0,0,200,200
380424,0,25,0,0,0,1,12,6,0,0,0,17,33,1,5,200,1,200,0,200,200
380424,0,25,0,0,0,1,12,6,0,0,0,17,33,1,7,200,0,0,0,200,200
380430,0,15,0,0,0,1,7,7,0,0,0,20,16,1,8,0,6,0,0,200,200
380430,1,15,0,0,0,1,7,7,0,0,0,20,16,0,200,1,200,200,200,200,200
380430,1,15,0,0,0,1,7,7,0,0,0,20,16,0,200,0,200,200,200,200,200
380433,0,15,0,0,0,1,10,6,0,0,0,20,0,0,200,0,6,0,0,200,200
380433,0,15,0,0,0,1,10,6,0,0,0,20,0,0,5,0,0,0,0,200,200
380434,0,30,1,2,0,1,0,1,0,0,0,17,14,0,6,0,1,0,0,200,200
380434,0,30,1,2,0,1,0,1,0,0,0,17,14,1,200,0,0,0,0,200,200
380434,1,30,1,2,0,1,0,1,0,0,0,17,14,0,7,1,200,200,200,200,200
380434,1,30,1,2,0,1,0,1,0,0,0,17,14,200,5,1,200,200,200,200,200
380434,1,30,1,2,0,1,0,1,0,0,0,17,14,1,5,1,200,200,200,200,200
380434,1,30,1,2,0,1,0,1,0,0,0,17,14,0,4,1,200,200,200,200,200
380434,1,30,1,2,0,1,0,1,0,0,0,17,14,200,200,1,200,200,200,200,200
380434,1,30,1,2,0,1,0,1,0,0,0,17,14,200,200,1,200,200,200,200,200
380434,1,30,1,2,0,1,0,1,0,0,0,17,14,200,200,1,200,200,200,200,200
380434,1,30,1,2,0,1,0,1,0,0,0,17,14,200,200,1,200,200,200,200,200
380434,1,30,1,2,0,1,0,1,0,0,0,17,14,200,200,1,200,200,200,200,200
380434,1,30,1,2,0,1,0,1,0,0,0,17,14,200,200,1,200,200,200,200,200
380434,1,30,1,2,0,1,0,1,0,0,0,17,14,200,200,1,200,200,200,200,200
380434,1,30,1,2,0,1,0,1,0,0,0,17,14,200,200,1,200,200,200,200,200
380434,1,30,1,2,0,1,0,1,0,0,0,17,14,200,200,1,200,200,200,200,200
380434,1,30,1,2,0,1,0,1,0,0,0,17,14,200,200,1,200,200,200,200,200
380434,1,30,1,2,0,1,0,1,0,0,0,17,14,200,200,1,200,200,200,200,200
380434,1,30,1,2,0,1,0,1,0,0,0,17,14,200,200,1,200,200,200,200,200
380437,0,25,0,0,0,1,12,3,0,0,0,0,200,2,200,200,4,200,200,200,200
380437,0,25,0,0,0,1,12,3,0,0,0,0,200,0,9,0,0,0,0,200,200
380437,1,25,0,0,0,1,12,3,0,0,0,0,200,1,8,0,200,200,200,200,200
380445,0,10,0,0,0,0,7,7,0,200,200,20,20,1,200,200,6,200,200,200,200
380445,1,10,0,0,0,0,7,7,0,200,200,20,20,0,6,1,200,200,200,200,200
380445,1,10,0,0,0,0,7,7,0,200,200,20,20,1,200,200,200,200,200,200,200
380448,1,5,0,0,0,1,7,7,0,0,200,20,20,0,4,0,200,200,200,200,200
380448,0,5,0,0,0,1,7,7,0,0,200,20,20,2,200,200,6,200,200,200,200
380448,1,5,0,0,0,1,7,7,0,0,200,20,20,1,200,7,200,200,200,200,200
380458,1,30,2,200,0,1,3,5,0,200,200,0,200,1,5,200,200,200,200,200,200
380458,0,30,2,200,0,1,3,5,0,200,200,0,200,2,200,200,200,200,200,200,200
380458,0,30,2,200,0,1,3,5,0,200,200,0,200,0,6,200,200,0,0,200,200
380458,1,30,2,200,0,1,3,5,0,200,200,0,200,1,0,200,200,200,200,200,200
380459,0,30,1,2,0,1,12,2,0,0,0,22,0,0,6,0,2,0,0,200,200
380459,0,30,1,2,0,1,12,2,0,0,0,22,0,0,5,0,12,0,0,200,200
380461,0,30,0,0,0,1,7,5,0,200,200,22,22,1,200,200,2,200,200,200,200
380462,0,30,0,0,0,1,10,2,0,0,0,16,200,0,5,0,3,200,0,200,200
380462,0,30,0,0,0,1,10,2,0,0,0,16,200,1,5,0,0,200,0,200,200
380462,1,30,0,0,0,1,10,2,0,0,0,16,200,0,5,0,200,200,200,200,200
380462,1,30,0,0,0,1,10,2,0,0,0,16,200,1,0,200,200,200,200,200,200
380463,0,15,0,0,0,1,3,7,0,0,0,200,200,0,5,0,12,0,0,200,200
380463,0,15,0,0,0,1,3,7,0,0,0,200,200,1,6,0,12,0,0,200,200
380463,1,15,0,0,0,1,3,7,0,0,0,200,200,1,7,0,200,200,200,200,200
380464,0,30,1,2,0,3,11,5,0,0,0,22,200,1,200,200,12,200,200,200,200
380464,0,30,1,2,0,3,11,5,0,0,0,22,200,1,0,0,0,0,0,200,200
380464,1,30,1,2,0,3,11,5,0,0,0,22,200,0,4,1,200,200,200,200,200
380467,0,0,0,0,0,1,12,7,0,0,0,20,25,0,7,200,6,0,3,200,200
380467,0,0,0,0,0,1,12,7,0,0,0,20,25,1,6,200,12,0,0,200,200
380467,0,0,0,0,0,1,12,7,0,0,0,20,25,0,6,200,200,0,0,200,200
380476,0,35,0,0,0,1,11,5,0,0,0,27,0,0,7,200,9,0,200,200,200
380476,0,35,0,0,0,1,11,5,0,0,0,27,0,0,7,200,0,0,0,200,200
380476,0,35,0,0,0,1,11,5,0,0,0,27,0,0,6,200,0,0,0,200,200
380476,1,35,0,0,0,1,11,5,0,0,0,27,0,1,200,200,200,200,200,200,200
380476,1,35,0,0,0,1,11,5,0,0,0,27,0,1,8,200,200,200,200,200,200
380476,1,35,0,0,0,1,11,5,0,0,0,27,0,0,3,200,200,200,200,200,200
380476,1,35,0,0,0,1,11,5,0,0,0,27,0,1,6,200,200,200,200,200,200
380476,1,35,0,0,0,1,11,5,0,0,0,27,0,0,2,200,200,200,200,200,200
380482,0,35,0,0,0,1,12,3,0,0,0,18,11,0,200,200,3,200,200,200,200
380482,0,35,0,0,0,1,12,3,0,0,0,18,11,1,6,0,0,0,0,200,200
380484,0,15,0,0,0,1,7,5,0,0,0,20,11,0,3,200,6,200,0,200,200
380487,4,30,0,0,0,1,8,5,0,0,0,11,0,0,4,7,0,0,0,200,200
380491,0,30,1,2,0,1,10,2,0,0,0,18,0,0,5,0,3,0,0,200,200
380491,0,30,1,2,0,1,10,2,0,0,0,18,0,1,6,0,12,0,0,200,200
380501,0,30,200,200,0,1,7,5,0,0,0,200,200,2,200,200,200,200,200,200,200
380505,0,30,0,0,0,1,10,3,0,0,0,18,200,1,8,0,3,200,0,200,200
380505,0,30,0,0,0,1,10,3,0,0,0,18,200,0,5,0,0,200,0,200,200
380505,0,30,0,0,0,1,10,3,0,0,0,18,200,0,7,0,0,0,0,200,200
380505,1,30,0,0,0,1,10,3,0,0,0,18,200,1,5,0,200,200,200,200,200
380505,1,30,0,0,0,1,10,3,0,0,0,18,200,1,5,0,200,200,200,200,200
380506,0,30,0,0,0,1,14,5,0,0,0,17,0,0,6,0,1,0,0,200,200
380506,0,30,0,0,0,1,14,5,0,0,0,17,0,0,6,0,0,0,0,200,200
380508,0,10,0,0,0,1,0,7,0,0,0,0,0,1,5,0,12,0,0,200,200
380508,0,10,0,0,0,1,0,7,0,0,0,0,0,0,7,0,12,0,0,200,200
380510,0,30,2,0,0,1,14,6,0,0,0,7,200,0,7,0,200,0,0,200,200
380510,0,30,2,0,0,1,14,6,0,0,0,7,200,0,6,0,0,0,0,200,200
380514,0,30,0,0,0,0,7,6,0,0,0,0,0,0,200,200,200,200,200,200,200
380515,0,30,0,0,0,1,3,2,0,0,0,11,27,0,7,200,9,0,0,200,200
380515,0,30,0,0,0,1,3,2,0,0,0,11,27,0,5,200,0,0,0,200,200
380515,1,30,0,0,0,1,3,2,0,0,0,11,27,1,6,200,200,200,200,200,200
380515,1,30,0,0,0,1,3,2,0,0,0,11,27,1,9,200,200,200,200,200,200
380524,0,30,0,0,0,1,10,5,0,0,0,7,200,1,5,0,15,0,0,200,200
380524,0,30,0,0,0,1,10,5,0,0,0,7,200,0,6,0,0,0,0,200,200
380524,0,30,0,0,0,1,10,5,0,0,0,7,200,0,5,0,0,0,0,200,200
380524,1,30,0,0,0,1,10,5,0,0,0,7,200,0,5,0,200,200,200,200,200
380527,0,30,1,2,0,1,10,5,0,0,12,22,18,1,6,200,4,0,0,200,200
380527,0,30,1,2,0,1,10,5,0,0,12,22,18,1,7,3,0,0,0,200,200
380527,1,30,1,2,0,1,10,5,0,0,12,22,18,1,8,2,200,200,200,200,200
380532,0,30,200,200,200,200,12,7,0,200,200,200,200,1,200,200,200,200,200,200,200
380532,0,30,200,200,200,200,12,7,0,200,200,200,200,0,4,0,0,0,0,200,200
380532,1,30,200,200,200,200,12,7,0,200,200,200,200,0,200,0,200,200,200,200,200
380535,0,30,0,0,0,1,0,2,0,0,0,20,23,0,200,200,6,200,200,200,200
380535,0,30,0,0,0,1,0,2,0,0,0,20,23,0,6,0,0,0,0,200,200
380538,0,25,1,2,0,1,10,2,0,0,0,0,0,0,7,0,12,0,0,200,200
380538,0,25,1,2,0,1,10,2,0,0,0,0,0,0,200,200,200,200,200,200,200
380541,0,30,2,2,0,1,0,5,0,0,0,5,16,0,200,200,1,200,200,200,200
380541,0,30,2,2,0,1,0,5,0,0,0,5,16,0,8,0,0,0,0,200,200
380546,0,35,0,0,0,1,12,2,0,0,0,16,22,0,6,0,1,0,0,200,200
380546,0,35,0,0,0,1,12,2,0,0,0,16,22,0,7,0,0,0,0,200,200
380546,1,35,0,0,0,1,12,2,0,0,0,16,22,1,3,0,200,200,200,200,200
380546,1,35,0,0,0,1,12,2,0,0,0,16,22,1,5,0,200,200,200,200,200
380546,1,35,0,0,0,1,12,2,0,0,0,16,22,0,7,0,200,200,200,200,200
380546,1,35,0,0,0,1,12,2,0,0,0,16,22,0,6,0,200,200,200,200,200
380552,0,30,1,2,0,1,0,12,0,0,0,200,200,1,5,0,0,0,0,200,200
380552,0,30,1,2,0,1,0,12,0,0,0,200,200,1,6,0,0,0,0,200,200
380552,1,30,1,2,0,1,0,12,0,0,0,200,200,1,5,0,200,200,200,200,200
380558,0,30,0,0,0,1,3,5,0,0,0,20,0,1,4,200,6,0,0,200,200
380558,0,30,0,0,0,1,3,5,0,0,0,20,0,1,8,0,1,0,0,200,200
380560,0,30,1,2,0,1,10,5,0,0,0,18,16,0,5,200,3,200,0,200,200
380560,0,30,1,2,0,1,10,5,0,0,0,18,16,1,6,0,0,0,0,200,200
380560,1,30,1,2,0,1,10,5,0,0,0,18,16,0,200,0,200,200,200,200,200
380560,1,30,1,2,0,1,10,5,0,0,0,18,16,0,200,0,200,200,200,200,200
380564,0,30,1,2,0,1,10,5,0,200,200,18,18,0,5,200,3,200,200,200,200
380564,0,30,1,2,0,1,10,5,0,200,200,18,18,0,6,0,12,200,0,200,200
380564,1,30,1,2,0,1,10,5,0,200,200,18,18,0,200,200,200,200,200,200,200
380564,1,30,1,2,0,1,10,5,0,200,200,18,18,1,200,0,200,200,200,200,200
380567,0,30,200,200,0,1,12,5,0,0,0,200,200,1,200,200,1,200,200,200,200
380567,0,30,200,200,0,1,12,5,0,0,0,200,200,0,5,0,200,0,0,200,200
380567,1,30,200,200,0,1,12,5,0,0,0,200,200,1,7,7,200,200,200,200,200
380568,0,30,1,2,0,1,14,2,0,0,0,0,0,0,200,200,200,200,200,200,200
380568,0,30,1,2,0,1,14,2,0,0,0,0,0,0,6,200,0,200,0,200,200
380570,0,30,0,0,0,1,12,6,0,0,0,22,200,0,7,3,2,0,0,200,200
380570,0,30,0,0,0,1,12,6,0,0,0,22,200,0,7,0,0,0,0,200,200
380570,1,30,0,0,0,1,12,6,0,0,0,22,200,1,7,0,200,200,200,200,200
380570,1,30,0,0,0,1,12,6,0,0,0,22,200,1,5,0,200,200,200,200,200
380570,1,30,0,0,0,1,12,6,0,0,0,22,200,1,5,0,200,200,200,200,200
380573,0,15,0,0,0,1,7,5,0,0,0,0,200,2,200,200,200,200,200,200,200
380577,0,30,0,0,0,1,10,2,0,0,0,0,200,2,200,200,200,200,200,200,200
380577,0,30,0,0,0,1,10,2,0,0,0,0,200,1,6,0,200,200,200,200,200
380577,0,30,0,0,0,1,10,2,0,0,0,0,200,0,7,0,0,0,200,200,200
380580,0,30,1,2,0,1,10,2,0,0,0,18,0,0,200,0,3,0,0,200,200
380580,0,30,1,2,0,1,10,2,0,0,0,18,0,1,5,0,12,0,0,200,200
380580,1,30,1,2,0,1,10,2,0,0,0,18,0,0,200,0,200,200,200,200,200
380586,0,30,0,0,0,1,7,5,0,0,0,200,200,1,3,0,0,0,0,200,200
380595,0,20,0,0,0,1,8,0,0,0,0,33,33,1,6,0,200,2,0,200,200
380595,4,20,0,0,0,1,8,0,0,0,0,33,33,0,7,7,12,2,0,200,200
380597,0,30,200,200,200,200,10,5,0,0,0,0,200,0,5,200,200,200,200,200,200
380597,0,30,200,200,200,200,10,5,0,0,0,0,200,1,6,0,200,0,0,200,200
380598,0,30,0,0,0,1,7,2,0,0,0,11,200,1,5,0,12,0,0,200,200
380602,0,30,1,2,0,1,10,5,0,0,0,18,200,1,200,200,1,0,0,200,200
380602,0,30,1,2,0,1,10,5,0,0,0,18,200,1,6,0,0,0,0,200,200
380602,1,30,1,2,0,1,10,5,0,0,0,18,200,0,0,0,200,200,200,200,200
380603,0,30,1,2,0,1,10,5,0,0,0,18,200,1,6,0,3,0,0,200,200
380603,0,30,1,2,0,1,10,5,0,0,0,18,200,0,6,200,0,0,0,200,200
380603,1,30,1,2,0,1,10,5,0,0,0,18,200,0,2,0,200,200,200,200,200
380603,1,30,1,2,0,1,10,5,0,0,0,18,200,0,1,0,200,200,200,200,200
380603,1,30,1,2,0,1,10,5,0,0,0,18,200,0,6,200,200,200,200,200,200
380611,0,30,0,0,0,1,12,5,0,0,0,0,0,0,6,0,200,0,0,200,200
380611,0,30,0,0,0,1,12,5,0,0,0,0,0,1,5,0,200,0,0,200,200
380613,0,30,0,0,0,1,7,5,0,0,0,14,0,2,200,200,200,200,200,200,200
380618,0,5,0,0,0,1,7,7,0,0,0,20,200,1,200,200,6,200,200,200,200
380618,1,5,0,0,0,1,7,7,0,0,0,20,200,1,6,0,200,200,200,200,200
380627,0,30,2,2,0,1,0,5,0,0,0,17,16,0,9,0,1,0,0,200,200