RD_NO,PERSON_TYPE,POSTED_SPEED_LIMIT,TRAFFIC_CONTROL_DEVICE,DEVICE_CONDITION,WEATHER_CONDITION,LIGHTING_CONDITION,FIRST_CRASH_TYPE,TRAFFICWAY_TYPE,ALIGNMENT,ROADWAY_SURFACE_COND,ROAD_DEFECT,PRIM_CONTRIBUTORY_CAUSE,SEC_CONTRIBUTORY_CAUSE,SEX,AGE,SAFETY_EQUIPMENT,DRIVER_ACTION,DRIVER_VISION,PHYSICAL_CONDITION,BAC_RESULT VALUE,CELL_PHONE_USE
380627,0,30,2,2,0,1,0,5,0,0,0,17,16,1,5,0,0,0,0,200,200
380627,1,30,2,2,0,1,0,5,0,0,0,17,16,1,8,0,200,200,200,200,200
380627,1,30,2,2,0,1,0,5,0,0,0,17,16,1,4,0,200,200,200,200,200
380627,1,30,2,2,0,1,0,5,0,0,0,17,16,1,5,0,200,200,200,200,200
380627,1,30,2,2,0,1,0,5,0,0,0,17,16,1,4,0,200,200,200,200,200
380630,0,30,1,2,0,3,14,5,0,0,200,23,23,0,200,200,7,200,200,200,200
380630,0,30,1,2,0,3,14,5,0,0,200,23,23,1,5,0,0,0,0,200,200
380630,1,30,1,2,0,3,14,5,0,0,200,23,23,0,0,5,200,200,200,200,200
380639,0,30,0,0,0,0,7,2,0,0,0,0,200,2,200,200,200,200,200,200,200
380642,0,0,2,2,0,1,0,200,0,200,200,0,200,1,6,200,200,200,200,200,200
380642,0,0,2,2,0,1,0,200,0,200,200,0,200,0,5,0,200,200,0,200,200
380645,0,15,0,0,0,3,7,5,0,0,0,0,200,0,5,0,12,0,0,200,200
380646,0,30,1,2,0,1,10,5,0,0,0,18,200,1,7,0,3,0,0,200,200
380646,0,30,1,2,0,1,10,5,0,0,0,18,200,1,5,0,0,0,0,200,200
380661,0,30,0,0,0,3,12,2,0,0,0,17,200,1,200,200,1,200,200,200,200
380661,0,30,0,0,0,3,12,2,0,0,0,17,200,0,6,0,0,0,0,200,200
380662,0,30,0,0,0,1,10,3,0,0,0,0,200,1,200,200,0,200,200,200,200
380662,0,30,0,0,0,1,10,3,0,0,0,0,200,1,6,7,0,0,0,200,200
380662,1,30,0,0,0,1,10,3,0,0,0,0,200,1,200,7,200,200,200,200,200
380667,0,30,0,0,0,1,11,7,0,0,0,17,21,1,7,0,1,0,0,200,200
380667,0,30,0,0,0,1,11,7,0,0,0,17,21,0,6,0,1,0,0,200,200
380667,1,30,0,0,0,1,11,7,0,0,0,17,21,0,7,0,200,200,200,200,200
380670,0,30,2,2,0,1,14,5,0,0,0,0,0,2,200,200,200,200,200,200,200
380670,0,30,2,2,0,1,14,5,0,0,0,0,0,0,7,0,0,0,0,200,200
380670,1,30,2,2,0,1,14,5,0,0,0,0,0,0,7,0,200,200,200,200,200
380671,0,30,0,0,0,1,12,5,0,0,0,22,200,0,200,200,2,200,200,200,200
380671,0,30,0,0,0,1,12,5,0,0,0,22,200,0,7,0,0,0,0,200,200
380671,1,30,0,0,0,1,12,5,0,0,0,22,200,1,6,0,200,200,200,200,200
380671,1,30,0,0,0,1,12,5,0,0,0,22,200,0,3,0,200,200,200,200,200
380671,1,30,0,0,0,1,12,5,0,0,0,22,200,0,3,0,200,200,200,200,200
380674,0,30,1,2,0,0,12,5,0,0,0,200,200,0,200,200,200,200,200,200,200
380674,0,30,1,2,0,0,12,5,0,0,0,200,200,1,6,0,0,0,0,200,200
380674,1,30,1,2,0,0,12,5,0,0,0,200,200,0,200,200,200,200,200,200,200
380674,1,30,1,2,0,0,12,5,0,0,0,200,200,0,200,1,200,200,200,200,200
380674,1,30,1,2,0,0,12,5,0,0,0,200,200,0,200,200,200,200,200,200,200
380675,0,30,2,2,0,1,7,5,0,0,0,22,200,0,200,200,200,200,200,200,200
380680,0,30,0,0,0,3,11,5,0,0,0,0,200,0,6,200,12,200,0,200,200
380680,0,30,0,0,0,3,11,5,0,0,0,0,200,0,6,0,0,0,0,200,200
380680,1,30,0,0,0,3,11,5,0,0,0,0,200,0,200,0,200,200,200,200,200
380681,0,30,2,2,0,1,0,5,0,0,0,17,200,0,5,0,1,0,0,200,200
380681,0,30,2,2,0,1,0,5,0,0,0,17,200,0,7,0,0,0,0,200,200
380683,0,30,1,2,0,1,10,5,0,0,0,0,200,1,8,0,200,0,0,200,200
380683,0,30,1,2,0,1,10,5,0,0,0,0,200,1,5,0,200,0,0,200,200
380683,1,30,1,2,0,1,10,5,0,0,0,0,200,1,200,0,200,200,200,200,200
380683,1,30,1,2,0,1,10,5,0,0,0,0,200,1,5,0,200,200,200,200,200
380684,0,30,1,2,0,3,10,2,0,0,0,16,0,1,200,200,200,200,200,200,200
380684,0,30,1,2,0,3,10,2,0,0,0,16,0,1,5,0,0,0,0,200,200
380689,0,30,1,2,0,1,14,2,0,0,0,17,33,0,5,200,1,1,0,200,200
380689,0,30,1,2,0,1,14,2,0,0,0,17,33,0,4,200,0,0,0,200,200
380689,1,30,1,2,0,1,14,2,0,0,0,17,33,1,5,200,200,200,200,200,200
380689,1,30,1,2,0,1,14,2,0,0,0,17,33,0,3,200,200,200,200,200,200
380689,1,30,1,2,0,1,14,2,0,0,0,17,33,1,4,200,200,200,200,200,200
380691,0,25,0,0,0,1,7,6,0,0,0,0,0,1,5,0,12,0,0,200,200
380693,0,30,0,0,0,1,7,5,0,0,0,0,0,1,200,200,1,200,200,200,200
380695,0,30,0,0,0,1,7,7,0,0,0,20,20,1,5,0,6,0,0,200,200
380701,0,30,1,200,0,1,0,2,2,0,200,6,200,2,200,200,5,200,200,200,200
380701,0,30,1,200,0,1,0,2,2,0,200,6,200,1,6,0,0,0,0,200,200
380708,0,30,1,1,0,1,12,5,0,0,0,21,200,0,7,0,4,0,0,200,200
380708,0,30,1,1,0,1,12,5,0,0,0,21,200,0,6,0,0,0,0,200,200
380712,0,0,0,0,0,1,10,200,0,200,200,0,200,0,5,200,200,200,0,200,200
380712,0,0,0,0,0,1,10,200,0,200,200,0,200,0,5,0,15,200,0,200,200
380714,0,35,0,0,0,1,10,5,0,0,0,18,0,1,200,200,3,200,200,200,200
380714,0,35,0,0,0,1,10,5,0,0,0,18,0,1,6,0,0,0,0,200,200
380714,1,35,0,0,0,1,10,5,0,0,0,18,0,1,6,0,200,200,200,200,200
380717,0,30,0,0,0,1,14,5,0,0,0,17,0,0,200,200,7,200,200,200,200
380717,0,30,0,0,0,1,14,5,0,0,0,17,0,0,6,0,0,0,0,200,200
380717,1,30,0,0,0,1,14,5,0,0,0,17,0,200,200,0,200,200,200,200,200
380717,1,30,0,0,0,1,14,5,0,0,0,17,0,1,200,0,200,200,200,200,200
380717,1,30,0,0,0,1,14,5,0,0,0,17,0,1,200,0,200,200,200,200,200
380726,0,30,0,0,0,1,0,5,0,0,0,0,200,1,7,7,0,0,0,200,200
380726,0,30,0,0,0,1,0,5,0,0,0,0,200,0,200,200,0,200,200,200,200
380729,0,30,1,2,0,1,12,2,0,0,0,22,0,0,4,0,2,0,0,200,200
380729,0,30,1,2,0,1,12,2,0,0,0,22,0,1,4,0,0,0,0,200,200
380729,1,30,1,2,0,1,12,2,0,0,0,22,0,0,4,0,200,200,200,200,200
380729,1,30,1,2,0,1,12,2,0,0,0,22,0,0,4,0,200,200,200,200,200
380733,0,30,0,0,0,1,7,5,0,0,0,0,0,1,200,200,6,200,200,200,200
380739,0,10,0,0,0,1,7,7,0,0,0,0,0,0,6,200,200,200,0,200,200
380749,0,30,1,2,0,1,14,6,0,0,200,0,0,0,6,0,7,0,0,200,200
380749,0,30,1,2,0,1,14,6,0,0,200,0,0,0,5,0,0,0,0,200,200
380749,1,30,1,2,0,1,14,6,0,0,200,0,0,0,200,0,200,200,200,200,200
380749,1,30,1,2,0,1,14,6,0,0,200,0,0,0,200,0,200,200,200,200,200
380749,1,30,1,2,0,1,14,6,0,0,200,0,0,1,200,0,200,200,200,200,200
380749,1,30,1,2,0,1,14,6,0,0,200,0,0,1,200,0,200,200,200,200,200
380749,1,30,1,2,0,1,14,6,0,0,200,0,0,0,200,0,200,200,200,200,200
380749,1,30,1,2,0,1,14,6,0,0,200,0,0,1,200,0,200,200,200,200,200
380749,1,30,1,2,0,1,14,6,0,0,200,0,0,0,200,0,200,200,200,200,200
380754,0,20,0,0,0,1,7,7,0,0,0,0,0,2,200,200,200,200,200,200,200
380756,0,30,0,0,0,3,7,6,0,0,0,10,16,0,4,200,9,0,0,200,200
380757,0,35,1,12,0,1,10,3,0,0,0,18,7,0,6,0,1,0,2,200,200
380757,0,35,1,12,0,1,10,3,0,0,0,18,7,0,6,0,0,0,0,200,200
380765,0,15,0,0,0,1,10,5,0,0,0,0,200,1,6,0,6,200,0,200,200
380765,0,15,0,0,0,1,10,5,0,0,0,0,200,0,7,200,0,200,0,200,200
380765,1,15,0,0,0,1,10,5,0,0,0,0,200,1,7,7,200,200,200,200,200
380765,1,15,0,0,0,1,10,5,0,0,0,0,200,1,4,200,200,200,200,200,200
380765,1,15,0,0,0,1,10,5,0,0,0,0,200,1,6,0,200,200,200,200,200
380770,0,25,0,0,0,1,12,6,0,0,0,17,0,0,5,200,1,0,0,200,200
380770,0,25,0,0,0,1,12,6,0,0,0,17,0,0,6,200,12,0,0,200,200
380782,0,30,0,0,0,1,2,3,0,0,0,0,0,0,7,200,200,200,7,200,200
380787,0,30,0,0,0,1,12,6,0,0,0,23,23,0,8,0,7,0,0,200,200
380787,0,30,0,0,0,1,12,6,0,0,0,23,23,0,6,0,0,0,0,200,200
380787,1,30,0,0,0,1,12,6,0,0,0,23,23,0,200,0,200,200,200,200,200
380789,0,30,0,0,0,1,10,5,0,0,0,16,18,1,5,200,3,0,0,200,200
380789,0,30,0,0,0,1,10,5,0,0,0,16,18,1,7,200,0,0,1,200,200
380789,1,30,0,0,0,1,10,5,0,0,0,16,18,0,4,200,200,200,200,200,200
380789,1,30,0,0,0,1,10,5,0,0,0,16,18,1,4,200,200,200,200,200,200
380789,1,30,0,0,0,1,10,5,0,0,0,16,18,1,4,200,200,200,200,200,200
380789,1,30,0,0,0,1,10,5,0,0,0,16,18,2,1,200,200,200,200,200,200
380789,1,30,0,0,0,1,10,5,0,0,0,16,18,1,0,200,200,200,200,200,200
380789,1,30,0,0,0,1,10,5,0,0,0,16,18,0,7,200,200,200,200,200,200
380789,1,30,0,0,0,1,10,5,0,0,0,16,18,0,8,200,200,200,200,200,200
380790,0,35,1,2,0,1,10,5,0,0,200,18,0,0,6,200,3,200,0,200,200
380790,0,35,1,2,0,1,10,5,0,0,200,18,0,1,8,200,200,200,0,200,200
380791,0,30,0,0,0,4,10,2,1,0,0,0,0,0,6,0,200,0,0,200,200
380791,0,30,0,0,0,4,10,2,1,0,0,0,0,0,7,0,200,0,0,200,200
380792,0,30,0,0,200,200,7,7,0,200,200,200,200,2,200,200,200,200,200,200,200
380795,0,30,0,0,0,1,14,5,0,0,0,27,19,0,200,200,12,200,200,200,200
380795,0,30,0,0,0,1,14,5,0,0,0,27,19,0,6,0,0,0,0,200,200
380795,1,30,0,0,0,1,14,5,0,0,0,27,19,0,6,0,200,200,200,200,200
380805,0,30,1,2,0,1,10,5,0,0,0,18,18,0,200,200,1,200,200,200,200
380805,0,30,1,2,0,1,10,5,0,0,0,18,18,0,8,0,0,0,0,200,200
380809,0,25,0,0,0,1,5,12,0,0,0,28,25,0,200,200,12,200,200,200,200
380811,0,30,0,0,0,0,0,6,0,200,200,20,20,0,6,200,6,200,200,200,200
380811,0,30,0,0,0,0,0,6,0,200,200,20,20,0,8,0,12,200,200,200,200
380811,1,30,0,0,0,0,0,6,0,200,200,20,20,1,200,200,200,200,200,200,200
380812,0,30,0,0,0,1,7,6,0,0,0,0,0,1,200,200,200,200,200,200,200
380812,1,30,0,0,0,1,7,6,0,0,0,0,0,1,5,1,200,200,200,200,200
380812,1,30,0,0,0,1,7,6,0,0,0,0,0,1,5,7,200,200,200,200,200
380815,0,30,0,0,0,1,12,0,0,0,0,0,0,0,200,200,200,200,200,200,200
380815,0,30,0,0,0,1,12,0,0,0,0,0,0,1,7,0,200,200,200,200,200
380830,0,30,0,0,0,0,7,2,0,0,0,0,0,0,200,200,200,200,200,200,200
380834,0,30,1,2,0,4,10,5,0,0,0,25,200,0,200,200,13,200,200,200,200
380834,0,30,1,2,0,4,10,5,0,0,0,25,200,0,6,0,0,0,0,200,200
380834,1,30,1,2,0,4,10,5,0,0,0,25,200,0,4,200,200,200,200,200,200
380834,1,30,1,2,0,4,10,5,0,0,0,25,200,1,6,0,200,200,200,200,200
380834,1,30,1,2,0,4,10,5,0,0,0,25,200,1,2,0,200,200,200,200,200
380834,1,30,1,2,0,4,10,5,0,0,0,25,200,1,2,0,200,200,200,200,200
380834,1,30,1,2,0,4,10,5,0,0,0,25,200,200,3,0,200,200,200,200,200
380834,1,30,1,2,0,4,10,5,0,0,0,25,200,0,3,0,200,200,200,200,200
380834,1,30,1,2,0,4,10,5,0,0,0,25,200,0,3,0,200,200,200,200,200
380834,1,30,1,2,0,4,10,5,0,0,0,25,200,0,3,0,200,200,200,200,200
380836,0,30,0,0,0,1,7,5,0,0,0,0,0,0,200,200,7,0,0,200,200
380841,0,30,0,0,0,1,1,6,0,0,200,16,200,2,200,200,200,200,200,200,200
380844,0,15,0,0,0,1,2,0,0,0,0,7,200,0,6,200,200,200,0,200,200
380844,3,15,0,0,0,1,2,0,0,0,0,7,200,0,8,200,0,200,0,200,200
380849,0,30,0,0,0,4,2,5,0,0,0,200,200,0,5,0,8,0,0,200,200
380849,1,30,0,0,0,4,2,5,0,0,0,200,200,0,5,0,200,200,200,200,200
380859,0,30,0,0,2,0,2,0,0,0,0,0,200,0,7,200,200,200,200,200,200
380876,0,30,1,2,0,0,12,6,0,0,0,16,200,1,5,200,1,200,0,200,200
380876,0,30,1,2,0,0,12,6,0,0,0,16,200,1,6,200,0,200,0,200,200
380876,0,30,1,2,0,0,12,6,0,0,0,16,200,0,6,200,0,200,0,200,200
380876,0,30,1,2,0,0,12,6,0,0,0,16,200,0,6,200,0,200,0,200,200
380876,1,30,1,2,0,0,12,6,0,0,0,16,200,0,5,200,200,200,200,200,200
380879,0,25,0,0,0,1,7,5,0,0,0,0,0,2,200,200,200,200,200,200,200
380901,0,30,2,2,0,0,8,6,0,0,0,17,16,0,7,200,1,0,0,200,200
380901,4,30,2,2,0,0,8,6,0,0,0,17,16,1,5,7,0,0,0,200,200
380902,0,35,0,0,0,3,0,5,0,0,0,23,17,2,200,200,7,200,200,200,200
380902,0,35,0,0,0,3,0,5,0,0,0,23,17,0,5,200,0,0,0,200,200
380902,1,35,0,0,0,3,0,5,0,0,0,23,17,1,200,200,200,200,200,200,200
380912,0,30,1,2,0,3,14,5,0,0,0,20,0,0,8,0,6,0,0,200,200
380912,0,30,1,2,0,3,14,5,0,0,0,20,0,0,5,0,0,0,0,200,200
380912,1,30,1,2,0,3,14,5,0,0,0,20,0,200,200,0,200,200,200,200,200
380917,0,30,0,0,0,3,10,2,0,0,0,7,0,0,5,0,200,0,0,200,200
380917,0,30,0,0,0,3,10,2,0,0,0,7,0,1,4,0,0,0,0,200,200
380926,0,30,200,200,0,200,7,200,0,200,200,0,0,2,200,200,200,200,200,200,200
380936,0,30,1,2,0,3,3,2,0,0,0,0,0,1,5,200,200,0,0,200,200
380936,0,30,1,2,0,3,3,2,0,0,0,0,0,0,6,200,12,0,0,200,200
380940,0,30,0,0,0,2,10,5,0,0,0,0,0,0,3,0,200,0,0,200,200
380940,0,30,0,0,0,2,10,5,0,0,0,0,0,0,5,0,200,0,0,200,200
380942,0,30,0,0,0,3,10,5,0,0,0,2,16,0,6,0,15,0,0,200,1
380942,0,30,0,0,0,3,10,5,0,0,0,2,16,0,7,0,0,0,0,200,200
380942,1,30,0,0,0,3,10,5,0,0,0,2,16,1,8,0,200,200,200,200,200
380948,0,30,0,0,0,3,14,5,0,0,0,23,200,2,200,200,7,200,200,200,200
380948,0,30,0,0,0,3,14,5,0,0,0,23,200,0,8,200,0,0,0,200,200
380951,0,30,0,0,0,1,12,6,0,0,0,23,200,0,7,0,0,0,0,200,200
380951,0,30,0,0,0,1,12,6,0,0,0,23,200,0,5,0,11,0,0,200,200
380960,0,30,0,0,0,3,3,2,0,0,0,25,0,0,4,200,12,200,200,200,200
380960,0,30,0,0,0,3,3,2,0,0,0,25,0,1,5,0,0,0,0,200,200
380960,1,30,0,0,0,3,3,2,0,0,0,25,0,0,6,0,200,200,200,200,200
380961,0,30,1,2,0,0,10,6,0,0,0,18,0,1,200,200,3,200,200,200,200
380961,0,30,1,2,0,0,10,6,0,0,0,18,0,0,5,0,0,0,0,200,200
380961,1,30,1,2,0,0,10,6,0,0,0,18,0,1,200,0,200,200,200,200,200
380962,0,30,0,0,0,3,12,5,0,0,0,17,200,0,5,200,1,0,0,200,200
380962,0,30,0,0,0,3,12,5,0,0,0,17,200,0,6,200,0,0,0,200,200
380967,0,30,0,0,0,3,7,6,0,0,0,23,200,0,200,200,8,200,200,200,200
380975,0,30,1,2,0,3,0,5,0,0,0,0,11,0,6,0,0,0,0,200,200
380975,0,30,1,2,0,3,0,5,0,0,0,0,11,0,5,0,0,0,0,200,200
380975,1,30,1,2,0,3,0,5,0,0,0,0,11,0,200,0,200,200,200,200,200
380983,0,35,1,2,0,3,8,5,0,0,0,0,0,0,6,0,0,200,0,200,200
380983,4,35,1,2,0,3,8,5,0,0,0,0,0,1,5,3,0,200,0,200,200
380983,1,35,1,2,0,3,8,5,0,0,0,0,0,1,6,200,200,200,200,200,200
380983,1,35,1,2,0,3,8,5,0,0,0,0,0,0,5,200,200,200,200,200,200
380988,0,30,0,0,0,3,14,1,0,0,0,17,23,0,200,200,1,200,200,200,200
380988,0,30,0,0,0,3,14,1,0,0,0,17,23,0,0,0,0,0,0,200,200
380988,1,30,0,0,0,3,14,1,0,0,0,17,23,0,0,0,200,200,200,200,200
380990,0,30,0,0,0,200,8,0,0,0,200,16,17,2,200,200,1,200,200,200,200
380990,4,30,0,0,0,200,8,0,0,0,200,16,17,0,6,200,0,200,200,200,200
380993,0,35,2,2,0,3,14,5,0,0,0,17,200,0,6,0,1,0,0,200,200
380993,0,35,2,2,0,3,14,5,0,0,0,17,200,0,200,200,200,200,200,200,200
380993,1,35,2,2,0,3,14,5,0,0,0,17,200,1,6,0,200,200,200,200,200
380993,1,35,2,2,0,3,14,5,0,0,0,17,200,1,2,0,200,200,200,200,200
380993,1,35,2,2,0,3,14,5,0,0,0,17,200,0,0,0,200,200,200,200,200
380999,5,30,0,0,0,1,9,6,0,0,0,25,27,0,200,200,12,0,0,200,200
380999,0,30,0,0,0,1,9,6,0,0,0,25,27,0,5,1,13,0,200,200,200
381006,0,30,0,0,2,3,3,2,0,1,0,21,10,0,200,200,9,200,200,200,200
381006,0,30,0,0,2,3,3,2,0,1,0,21,10,0,4,0,0,0,0,200,200
381006,1,30,0,0,2,3,3,2,0,1,0,21,10,1,3,0,200,200,200,200,200
381006,1,30,0,0,2,3,3,2,0,1,0,21,10,0,6,0,200,200,200,200,200
381006,1,30,0,0,2,3,3,2,0,1,0,21,10,0,3,0,200,200,200,200,200
381006,1,30,0,0,2,3,3,2,0,1,0,21,10,0,3,7,200,200,200,200,200
381006,1,30,0,0,2,3,3,2,0,1,0,21,10,0,200,0,200,200,200,200,200
381009,0,25,0,0,0,3,7,2,0,0,0,32,21,0,6,200,200,0,5,200,200
381011,0,30,1,2,0,3,0,3,0,0,0,6,200,0,6,0,5,0,0,200,200
381011,0,30,1,2,0,3,0,3,0,0,0,6,200,1,5,0,0,0,0,200,200
381011,1,30,1,2,0,3,0,3,0,0,0,6,200,1,5,0,200,200,200,200,200
381011,1,30,1,2,0,3,0,3,0,0,0,6,200,0,5,0,200,200,200,200,200
381013,0,30,0,0,200,200,7,5,0,0,0,0,0,2,200,200,6,200,200,200,200
381014,0,15,0,200,0,200,7,6,0,0,200,200,200,2,200,200,200,200,200,200,200
381022,0,30,1,2,0,3,14,5,0,0,0,17,200,0,6,200,1,200,200,200,200
381022,0,30,1,2,0,3,14,5,0,0,0,17,200,0,5,200,200,200,0,200,200
381028,0,35,1,2,0,3,10,5,0,0,0,16,18,1,200,0,12,0,0,200,200
381028,0,35,1,2,0,3,10,5,0,0,0,16,18,0,5,7,0,0,0,200,200
381031,0,30,1,2,0,3,14,5,0,0,0,6,0,2,200,200,5,200,200,200,200
381031,0,30,1,2,0,3,14,5,0,0,0,6,0,0,6,200,0,0,0,200,200
381033,0,30,1,2,0,3,0,5,0,0,0,6,0,0,6,200,5,200,0,200,200
381033,0,30,1,2,0,3,0,5,0,0,0,6,0,0,7,200,200,0,0,200,200
381048,0,30,1,2,0,3,10,3,0,0,0,16,8,1,3,200,3,0,0,200,200
381048,0,30,1,2,0,3,10,3,0,0,0,16,8,0,5,200,0,0,0,200,200
381048,1,30,1,2,0,3,10,3,0,0,0,16,8,1,5,200,200,200,200,200,200
381049,0,30,0,0,0,3,5,5,0,0,1,28,0,0,6,0,0,0,0,200,200
381051,0,30,1,2,0,0,10,5,0,0,0,7,200,0,5,200,12,200,0,200,200
381051,0,30,1,2,0,0,10,5,0,0,0,7,200,1,5,200,0,200,0,200,200
381054,0,30,1,2,2,3,10,5,0,1,0,0,0,0,6,200,200,200,200,200,200
381054,0,30,1,2,2,3,10,5,0,1,0,0,0,0,7,3,0,0,0,200,200
381057,0,30,0,0,2,3,7,6,0,1,0,11,17,2,200,200,200,200,200,200,200
381061,0,30,1,2,0,3,12,5,0,0,0,22,200,0,5,200,12,0,0,200,200
381061,0,30,1,2,0,3,12,5,0,0,0,22,200,0,200,200,4,200,200,200,200
381063,0,30,1,2,0,3,14,1,0,0,0,21,18,1,200,200,4,200,200,200,200
381063,0,30,1,2,0,3,14,1,0,0,0,21,18,0,6,200,0,0,0,200,200
381065,0,35,1,2,0,3,14,1,0,0,0,17,0,0,4,200,1,0,0,200,200
381065,0,35,1,2,0,3,14,1,0,0,0,17,0,0,6,200,0,0,0,200,200
381065,1,35,1,2,0,3,14,1,0,0,0,17,0,0,4,200,200,200,200,200,200
381065,1,35,1,2,0,3,14,1,0,0,0,17,0,0,4,200,200,200,200,200,200
381065,1,35,1,2,0,3,14,1,0,0,0,17,0,1,4,200,200,200,200,200,200
381065,1,35,1,2,0,3,14,1,0,0,0,17,0,0,200,200,200,200,200,200,200
381065,1,35,1,2,0,3,14,1,0,0,0,17,0,0,6,200,200,200,200,200,200
381065,1,35,1,2,0,3,14,1,0,0,0,17,0,0,6,200,200,200,200,200,200
381074,0,35,1,2,0,3,10,5,0,0,0,18,11,1,6,0,0,0,0,200,200
381074,1,35,1,2,0,3,10,5,0,0,0,18,11,1,200,200,200,200,200,200,200
381082,0,30,0,200,2,3,14,2,0,0,200,0,0,0,5,200,200,0,200,200,200
381082,0,30,0,200,2,3,14,2,0,0,200,0,0,1,5,200,1,200,200,200,200
381085,4,30,0,0,0,3,8,2,0,0,0,0,0,0,200,200,200,200,200,200,200
381085,0,30,0,0,0,3,8,2,0,0,0,0,0,0,6,0,0,0,0,200,200
381087,0,30,0,0,0,3,2,5,0,0,0,23,0,0,5,0,7,0,0,200,200
381093,0,30,1,2,1,3,0,5,0,200,200,6,200,0,200,200,5,200,200,200,200
381093,0,30,1,2,1,3,0,5,0,200,200,6,200,0,5,200,200,200,0,200,200
381093,1,30,1,2,1,3,0,5,0,200,200,6,200,1,5,200,200,200,200,200,200
381093,1,30,1,2,1,3,0,5,0,200,200,6,200,1,5,200,200,200,200,200,200
381094,0,30,0,0,0,3,12,5,0,0,0,0,0,2,200,200,200,200,200,200,200
381094,0,30,0,0,0,3,12,5,0,0,0,0,0,1,5,0,0,0,0,200,200
381107,0,30,1,200,2,3,12,6,0,1,200,0,0,0,5,0,0,0,0,200,200
381107,0,30,1,200,2,3,12,6,0,1,200,0,0,1,4,200,200,200,200,200,200
381111,0,35,2,2,0,3,14,6,0,0,0,5,16,1,200,200,1,200,200,200,200
381111,0,35,2,2,0,3,14,6,0,0,0,5,16,0,9,0,0,0,0,200,200
381114,0,25,1,2,0,3,10,5,0,0,0,16,200,0,7,0,1,0,0,200,200
381114,0,25,1,2,0,3,10,5,0,0,0,16,200,0,6,200,0,0,1,200,200
381115,0,30,0,0,0,3,7,5,0,0,0,200,200,1,200,200,10,200,200,200,200
381128,0,25,0,0,0,3,7,6,0,0,0,0,0,0,5,200,200,200,200,200,200
381141,0,30,1,2,0,0,0,5,0,0,200,6,17,2,200,200,5,200,200,200,200
381141,0,30,1,2,0,0,0,5,0,0,200,6,17,1,4,200,0,200,0,200,200
381152,0,30,0,0,0,3,2,5,0,0,0,200,200,0,5,200,12,200,0,200,200
381152,1,30,0,0,0,3,2,5,0,0,0,200,200,1,5,200,200,200,200,200,200
381167,0,30,0,200,0,3,7,2,0,0,0,0,0,0,4,200,200,200,200,200,200
381173,0,30,0,200,0,3,2,2,0,0,1,29,200,1,6,200,200,200,200,200,200
381174,0,30,0,0,0,3,7,5,0,0,0,12,11,1,5,200,12,0,0,200,200
381176,0,35,1,1,0,3,10,5,0,0,0,7,18,1,5,0,3,0,0,200,200
381176,0,35,1,1,0,3,10,5,0,0,0,7,18,1,6,0,0,0,0,200,200
381176,1,35,1,1,0,3,10,5,0,0,0,7,18,1,4,0,200,200,200,200,200
381176,1,35,1,1,0,3,10,5,0,0,0,7,18,0,5,0,200,200,200,200,200
381176,1,35,1,1,0,3,10,5,0,0,0,7,18,1,4,0,200,200,200,200,200
381176,1,35,1,1,0,3,10,5,0,0,0,7,18,1,200,200,200,200,200,200,200
381176,1,35,1,1,0,3,10,5,0,0,0,7,18,1,200,200,200,200,200,200,200
381183,0,0,0,0,0,3,7,7,0,0,0,0,0,1,7,0,12,12,0,200,200
381186,0,35,0,0,0,3,7,5,0,0,0,27,0,0,0,200,200,0,2,200,200
381197,0,30,0,0,0,3,7,6,0,0,0,0,200,1,5,200,200,200,200,200,200
381209,0,30,0,0,0,3,14,5,0,0,0,22,22,0,200,200,1,200,200,200,200
381209,0,30,0,0,0,3,14,5,0,0,0,22,22,0,200,0,0,0,0,200,200
381210,0,30,1,2,2,3,10,5,0,1,0,200,200,0,7,7,12,0,2,200,200
381210,0,30,1,2,2,3,10,5,0,1,0,200,200,0,7,200,0,0,0,200,200
381210,1,30,1,2,2,3,10,5,0,1,0,200,200,1,6,0,200,200,200,200,200
381229,0,15,2,2,0,3,10,5,0,0,0,18,200,0,3,200,3,0,0,200,200
381229,0,15,2,2,0,3,10,5,0,0,0,18,200,0,5,0,0,0,0,200,200
381235,0,25,1,2,2,2,0,5,0,1,0,6,6,1,5,0,5,0,0,200,200
381235,0,25,1,2,2,2,0,5,0,1,0,6,6,0,5,0,0,0,0,200,200
381243,0,0,0,0,0,3,7,5,0,0,0,0,0,2,200,200,200,200,200,200,200
381244,0,30,0,0,1,2,7,5,0,0,0,0,0,0,5,200,1,0,2,200,200
381251,0,30,1,2,0,2,14,6,1,0,0,23,33,0,5,0,7,4,0,200,200
381251,0,30,1,2,0,2,14,6,1,0,0,23,33,0,6,0,0,0,0,200,200
381251,1,30,1,2,0,2,14,6,1,0,0,23,33,200,200,0,200,200,200,200,200
381253,0,30,0,0,0,1,7,5,0,0,0,0,200,0,6,0,12,200,0,200,200
381253,1,30,0,0,0,1,7,5,0,0,0,0,200,0,7,200,200,200,200,200,200
381255,0,30,0,0,0,1,7,2,0,0,0,22,200,0,6,0,2,0,0,200,200
381259,0,30,1,2,0,1,10,2,0,0,0,9,200,0,200,200,12,0,200,200,200