RD_NO,PERSON_TYPE,POSTED_SPEED_LIMIT,TRAFFIC_CONTROL_DEVICE,DEVICE_CONDITION,WEATHER_CONDITION,LIGHTING_CONDITION,FIRST_CRASH_TYPE,TRAFFICWAY_TYPE,ALIGNMENT,ROADWAY_SURFACE_COND,ROAD_DEFECT,PRIM_CONTRIBUTORY_CAUSE,SEC_CONTRIBUTORY_CAUSE,SEX,AGE,SAFETY_EQUIPMENT,DRIVER_ACTION,DRIVER_VISION,PHYSICAL_CONDITION,BAC_RESULT VALUE,CELL_PHONE_USE
381259,0,30,1,2,0,1,10,2,0,0,0,9,200,0,7,0,12,0,200,200,200
381261,0,30,1,2,1,1,0,2,0,1,0,6,10,1,5,0,5,0,0,200,200
381261,0,30,1,2,1,1,0,2,0,1,0,6,10,1,6,0,0,0,0,200,200
381262,0,35,1,2,1,1,14,5,0,0,0,23,200,1,5,0,7,0,0,200,200
381262,0,35,1,2,1,1,14,5,0,0,0,23,200,0,5,0,0,0,0,200,200
381262,1,35,1,2,1,1,14,5,0,0,0,23,200,0,6,0,200,200,200,200,200
381270,0,35,0,0,0,1,10,2,0,1,0,15,16,1,5,0,8,0,0,200,200
381270,0,35,0,0,0,1,10,2,0,1,0,15,16,0,6,0,0,0,0,200,200
381278,0,30,0,0,0,1,3,2,0,0,0,0,200,0,200,200,7,200,200,200,200
381278,0,30,0,0,0,1,3,2,0,0,0,0,200,0,5,200,0,200,0,200,200
381285,0,30,0,0,0,1,14,2,0,0,0,23,0,0,5,200,7,200,200,200,200
381285,0,30,0,0,0,1,14,2,0,0,0,23,0,0,7,0,0,0,0,200,200
381286,0,30,1,2,0,1,14,2,0,0,0,17,0,0,0,0,1,0,0,200,200
381286,0,30,1,2,0,1,14,2,0,0,0,17,0,1,7,0,0,0,0,200,200
381286,0,30,1,2,0,1,14,2,0,0,0,17,0,1,6,0,0,0,0,200,200
381286,1,30,1,2,0,1,14,2,0,0,0,17,0,1,5,0,200,200,200,200,200
381291,0,30,2,2,1,1,12,2,0,0,0,17,200,0,5,0,1,0,0,200,200
381291,0,30,2,2,1,1,12,2,0,0,0,17,200,0,7,0,0,0,0,200,200
381292,0,45,1,2,0,1,10,2,0,0,0,27,0,0,5,200,12,0,2,200,200
381292,0,45,1,2,0,1,10,2,0,0,0,27,0,0,7,200,0,0,0,200,200
381298,0,25,0,0,0,1,10,2,0,0,12,200,200,2,200,200,3,200,200,200,200
381298,0,25,0,0,0,1,10,2,0,0,12,200,200,1,6,0,0,0,0,200,200
381306,0,5,0,0,0,1,2,7,0,0,0,0,200,0,6,0,6,200,0,200,200
381307,4,35,2,2,1,1,8,2,0,1,0,5,0,0,7,3,5,0,0,200,200
381307,0,35,2,2,1,1,8,2,0,1,0,5,0,0,6,0,0,0,0,200,200
381308,0,30,0,0,0,3,7,6,0,0,0,0,200,2,200,200,200,200,200,200,200
381318,0,30,0,0,0,1,7,6,0,0,0,21,200,1,5,0,200,0,0,200,200
381318,1,30,0,0,0,1,7,6,0,0,0,21,200,0,5,7,200,200,200,200,200
381318,1,30,0,0,0,1,7,6,0,0,0,21,200,200,200,0,200,200,200,200,200
381326,0,20,0,0,1,1,12,6,0,0,0,21,0,0,200,200,4,200,200,200,200
381326,0,20,0,0,1,1,12,6,0,0,0,21,0,1,8,0,0,0,0,200,200
381326,1,20,0,0,1,1,12,6,0,0,0,21,0,1,200,200,200,200,200,200,200
381326,1,20,0,0,1,1,12,6,0,0,0,21,0,1,8,0,200,200,200,200,200
381326,1,20,0,0,1,1,12,6,0,0,0,21,0,0,2,0,200,200,200,200,200
381326,1,20,0,0,1,1,12,6,0,0,0,21,0,1,2,0,200,200,200,200,200
381337,0,15,0,0,0,1,7,7,0,0,0,17,17,1,7,0,1,0,0,200,200
381339,0,30,1,2,0,1,10,5,0,0,0,18,0,1,5,0,1,0,0,200,200
381339,0,30,1,2,0,1,10,5,0,0,0,18,0,0,6,0,0,0,0,200,200
381341,0,30,1,2,0,1,12,12,0,0,0,21,16,0,7,0,4,0,0,200,200
381341,0,30,1,2,0,1,12,12,0,0,0,21,16,0,6,0,0,0,0,200,200
381341,1,30,1,2,0,1,12,12,0,0,0,21,16,1,200,0,200,200,200,200,200
381342,0,30,200,2,2,1,14,3,0,1,0,17,0,0,6,200,1,200,0,200,200
381342,0,30,200,2,2,1,14,3,0,1,0,17,0,1,6,0,200,200,0,200,200
381345,0,25,0,0,1,1,10,5,0,0,0,25,27,0,7,200,200,200,12,200,200
381345,0,25,0,0,1,1,10,5,0,0,0,25,27,0,7,200,12,0,0,200,200
381349,0,30,0,0,2,1,0,5,0,1,0,17,34,0,9,0,1,0,0,200,200
381349,0,30,0,0,2,1,0,5,0,1,0,17,34,1,5,0,0,0,0,200,200
381349,1,30,0,0,2,1,0,5,0,1,0,17,34,1,9,0,200,200,200,200,200
381349,1,30,0,0,2,1,0,5,0,1,0,17,34,0,6,0,200,200,200,200,200
381352,0,30,1,2,0,0,10,5,0,0,0,0,200,0,200,200,1,200,200,200,200
381352,0,30,1,2,0,0,10,5,0,0,0,0,200,2,6,200,0,0,200,200,200
381359,0,25,2,0,0,1,0,5,0,0,0,17,200,1,5,200,0,0,0,200,200
381365,0,30,0,0,0,1,7,2,0,0,0,20,0,0,200,200,6,200,200,200,200
381370,0,30,2,2,0,1,0,5,0,0,0,5,0,0,200,200,5,200,200,200,200
381370,0,30,2,2,0,1,0,5,0,0,0,5,0,1,7,0,0,0,0,200,200
381370,1,30,2,2,0,1,0,5,0,0,0,5,0,0,8,0,200,200,200,200,200
381383,0,30,0,0,1,1,7,5,0,0,0,0,0,2,200,200,200,200,200,200,200
381392,0,30,0,0,0,1,12,6,0,0,0,0,0,0,200,200,200,200,200,200,200
381392,0,30,0,0,0,1,12,6,0,0,0,0,0,1,8,0,0,0,0,200,200
381394,0,30,2,2,0,1,0,6,0,0,0,5,16,0,6,200,1,200,200,200,200
381394,0,30,2,2,0,1,0,6,0,0,0,5,16,0,7,200,0,0,0,200,200
381394,1,30,2,2,0,1,0,6,0,0,0,5,16,1,200,200,200,200,200,200,200
381394,1,30,2,2,0,1,0,6,0,0,0,5,16,1,200,200,200,200,200,200,200
381394,1,30,2,2,0,1,0,6,0,0,0,5,16,1,200,200,200,200,200,200,200
381394,1,30,2,2,0,1,0,6,0,0,0,5,16,200,200,200,200,200,200,200,200
381396,0,30,0,0,2,1,14,5,0,1,0,0,0,0,5,0,200,5,0,200,200
381396,0,30,0,0,2,1,14,5,0,1,0,0,0,0,6,7,0,0,0,200,200
381399,0,25,0,0,200,200,7,6,0,200,0,0,200,2,200,200,200,200,200,200,200
381400,0,20,2,2,0,3,14,6,0,0,0,200,200,0,6,200,200,200,200,200,200
381400,0,20,2,2,0,3,14,6,0,0,0,200,200,1,6,0,200,200,200,200,200
381406,0,30,0,0,0,1,12,2,0,0,0,22,21,1,200,200,0,0,0,200,200
381406,0,30,0,0,0,1,12,2,0,0,0,22,21,1,200,200,2,200,0,200,200
381407,0,30,2,2,2,1,10,2,0,1,0,34,200,0,6,200,3,200,0,200,200
381407,0,30,2,2,2,1,10,2,0,1,0,34,200,0,6,200,0,200,0,200,200
381412,0,20,0,0,2,1,7,6,0,1,0,16,0,1,200,200,12,200,200,200,200
381420,0,30,0,0,2,1,12,2,0,1,0,17,21,0,4,0,1,0,0,200,200
381420,0,30,0,0,2,1,12,2,0,1,0,17,21,0,6,0,0,0,0,200,200
381424,0,10,0,0,2,1,0,7,0,1,0,20,25,1,5,0,6,0,0,200,200
381424,0,10,0,0,2,1,0,7,0,1,0,20,25,0,3,0,12,0,0,200,200
381424,1,10,0,0,2,1,0,7,0,1,0,20,25,0,200,0,200,200,200,200,200
381434,5,30,0,0,2,1,9,5,0,1,0,0,200,0,5,200,0,200,0,200,200
381434,0,30,0,0,2,1,9,5,0,1,0,0,200,0,6,0,0,0,0,200,200
381436,0,15,0,0,1,1,12,0,0,1,0,25,200,0,200,200,12,0,200,200,200
381436,0,15,0,0,1,1,12,0,0,1,0,25,200,0,6,0,12,0,0,200,200
381438,0,30,0,0,200,3,7,6,0,200,200,0,0,2,200,200,200,200,200,200,200
381439,0,30,1,2,0,1,14,5,0,0,0,0,200,2,200,200,200,200,200,200,200
381439,0,30,1,2,0,1,14,5,0,0,0,0,200,1,9,0,0,0,0,200,200
381446,0,30,0,0,2,1,12,2,0,1,0,0,200,0,6,0,12,0,0,200,200
381446,0,30,0,0,2,1,12,2,0,1,0,0,200,1,9,0,0,0,0,200,200
381448,0,35,1,2,2,1,10,3,3,1,0,34,16,1,5,0,1,0,0,200,200
381448,0,35,1,2,2,1,10,3,3,1,0,34,16,0,200,200,0,200,200,200,200
381449,0,30,0,0,2,1,10,2,0,0,0,18,200,0,5,0,3,0,0,200,200
381449,0,30,0,0,2,1,10,2,0,0,0,18,200,1,6,0,0,0,0,200,200
381450,0,35,1,2,0,1,10,2,0,1,0,18,11,0,4,0,3,0,0,200,200
381450,0,35,1,2,0,1,10,2,0,1,0,18,11,0,5,0,0,0,0,200,200
381450,1,35,1,2,0,1,10,2,0,1,0,18,11,1,5,0,200,200,200,200,200
381450,1,35,1,2,0,1,10,2,0,1,0,18,11,1,3,0,200,200,200,200,200
381456,0,30,0,0,2,1,10,5,0,1,0,34,34,0,4,7,12,0,0,200,200
381456,0,30,0,0,2,1,10,5,0,1,0,34,34,1,4,7,0,0,0,200,200
381459,0,30,0,0,0,3,7,5,0,0,0,200,200,2,200,200,200,200,200,200,200
381460,0,30,200,200,200,1,7,7,0,200,200,0,200,2,200,200,200,200,200,200,200
381461,0,30,2,2,2,1,0,2,0,1,12,17,16,1,6,0,1,12,0,200,200
381461,0,30,2,2,2,1,0,2,0,1,12,17,16,0,6,0,0,0,0,200,200
381461,1,30,2,2,2,1,0,2,0,1,12,17,16,1,3,0,200,200,200,200,200
381461,1,30,2,2,2,1,0,2,0,1,12,17,16,0,3,0,200,200,200,200,200
381468,0,5,0,0,0,1,0,7,0,0,0,17,11,1,6,0,1,1,0,200,200
381468,0,5,0,0,0,1,0,7,0,0,0,17,11,0,7,200,12,1,200,200,200
381479,0,30,0,0,0,3,0,200,0,3,200,0,0,1,200,200,200,200,200,200,200
381479,0,30,0,0,0,3,0,200,0,3,200,0,0,1,200,0,200,200,200,200,200
381479,1,30,0,0,0,3,0,200,0,3,200,0,0,0,200,0,200,200,200,200,200
381479,1,30,0,0,0,3,0,200,0,3,200,0,0,0,200,0,200,200,200,200,200
381479,1,30,0,0,0,3,0,200,0,3,200,0,0,0,200,0,200,200,200,200,200
381479,1,30,0,0,0,3,0,200,0,3,200,0,0,0,200,0,200,200,200,200,200
381481,0,30,1,2,2,1,12,3,0,1,200,0,200,2,200,200,4,200,200,200,200
381481,0,30,1,2,2,1,12,3,0,1,200,0,200,1,6,0,200,0,0,200,200
381485,0,30,0,0,2,1,10,5,0,1,0,34,200,0,7,0,3,0,0,200,200
381485,0,30,0,0,2,1,10,5,0,1,0,34,200,0,8,0,0,0,0,200,200
381493,0,30,0,0,2,1,7,6,0,1,0,21,0,0,200,200,12,0,0,200,200
381507,0,30,0,0,2,1,7,5,0,0,0,25,200,0,200,200,12,200,200,200,200
381513,0,30,1,2,1,1,10,2,0,1,0,18,200,0,200,200,3,200,200,200,200
381513,0,30,1,2,1,1,10,2,0,1,0,18,200,0,7,0,0,0,0,200,200
381520,0,30,2,2,0,0,10,5,0,0,0,18,200,0,200,200,3,200,200,200,200
381520,0,30,2,2,0,0,10,5,0,0,0,18,200,0,5,0,0,0,0,200,200
381521,0,30,2,2,2,1,7,5,0,1,0,21,200,0,5,0,4,0,0,200,200
381521,1,30,2,2,2,1,7,5,0,1,0,21,200,0,5,0,200,200,200,200,200
381524,0,30,1,2,0,1,10,5,0,0,200,0,0,0,200,200,1,200,0,200,200
381524,0,30,1,2,0,1,10,5,0,0,200,0,0,0,200,200,0,200,0,200,200
381528,0,35,1,2,0,1,10,5,0,0,0,11,11,0,7,0,3,0,0,200,200
381528,0,35,1,2,0,1,10,5,0,0,0,11,11,0,7,7,0,0,0,200,200
381533,0,30,0,0,200,1,7,6,0,1,0,0,200,0,200,200,200,200,200,200,200
381546,0,5,0,0,2,1,12,5,0,0,0,22,200,0,8,0,2,0,0,200,200
381546,0,5,0,0,2,1,12,5,0,0,0,22,200,1,9,0,0,0,0,200,200
381548,0,10,0,0,0,1,7,2,0,0,0,200,200,2,200,200,200,200,200,200,200
381549,0,30,1,200,200,200,0,5,0,200,200,0,200,0,6,200,1,200,200,200,200
381549,0,30,1,200,200,200,0,5,0,200,200,0,200,0,6,0,0,0,0,200,200
381550,0,30,1,2,2,1,14,2,0,1,0,23,200,1,5,0,7,200,0,200,200
381550,0,30,1,2,2,1,14,2,0,1,0,23,200,0,5,0,0,0,0,200,200
381551,0,30,0,0,2,1,14,2,0,1,0,34,0,1,5,200,200,200,0,200,200
381551,0,30,0,0,2,1,14,2,0,1,0,34,0,0,9,0,12,200,0,200,200
381567,0,30,1,2,1,1,10,5,0,0,0,18,11,1,4,0,3,0,0,200,200
381567,0,30,1,2,1,1,10,5,0,0,0,18,11,0,7,0,0,0,0,200,200
381574,0,30,0,0,2,1,12,5,0,1,0,11,17,0,200,200,12,0,0,200,200
381574,0,30,0,0,2,1,12,5,0,1,0,11,17,0,5,0,0,200,0,200,200
381576,0,30,0,0,2,1,14,5,0,1,0,0,200,0,9,7,0,0,0,200,200
381576,0,30,0,0,2,1,14,5,0,1,0,0,200,0,200,200,0,200,200,200,200
381578,0,30,0,0,0,1,7,5,0,0,0,200,200,2,200,200,200,200,200,200,200
381594,0,30,200,200,2,1,2,200,0,1,0,16,0,0,4,0,8,200,0,200,200
381594,1,30,200,200,2,1,2,200,0,1,0,16,0,1,3,0,200,200,200,200,200
381596,0,35,1,2,1,1,10,3,0,1,0,0,200,0,200,0,200,0,0,200,200
381596,0,35,1,2,1,1,10,3,0,1,0,0,200,0,200,7,0,0,0,200,200
381599,0,10,0,0,0,1,7,7,0,0,0,0,20,1,5,200,6,0,0,200,200
381600,0,15,0,0,200,200,7,7,0,0,0,0,200,2,200,200,200,200,200,200,200
381603,0,25,1,2,200,1,14,2,0,200,0,21,23,0,6,0,1,200,200,200,200
381603,0,25,1,2,200,1,14,2,0,200,0,21,23,1,6,0,0,0,0,200,200
381604,0,30,0,0,0,1,12,5,0,0,0,0,0,0,200,200,8,200,200,200,200
381604,0,30,0,0,0,1,12,5,0,0,0,0,0,0,6,7,0,0,0,200,200
381609,0,30,1,2,2,1,10,5,0,1,0,0,0,0,200,200,1,200,200,200,200
381609,0,30,1,2,2,1,10,5,0,1,0,0,0,0,6,0,0,0,0,200,200
381617,0,30,2,0,0,1,0,5,0,0,0,17,200,2,200,200,200,200,200,200,200
381617,0,30,2,0,0,1,0,5,0,0,0,17,200,0,5,0,0,0,0,200,200
381620,0,20,2,2,0,1,10,6,0,0,0,20,200,0,4,200,6,0,0,200,200
381620,0,20,2,2,0,1,10,6,0,0,0,20,200,0,6,200,0,0,0,200,200
381620,1,20,2,2,0,1,10,6,0,0,0,20,200,0,5,200,200,200,200,200,200
381625,0,20,1,2,0,1,10,5,0,0,0,18,0,0,200,200,3,200,200,200,200
381625,0,20,1,2,0,1,10,5,0,0,0,18,0,1,6,0,0,0,0,200,200
381627,0,5,0,0,200,1,2,0,0,0,200,0,200,0,7,0,200,200,0,200,200
381628,0,25,0,0,200,200,7,6,0,200,0,0,0,2,200,200,200,200,200,200,200
381633,0,30,2,2,0,1,10,5,0,0,0,16,0,1,7,200,3,0,0,200,200
381633,0,30,2,2,0,1,10,5,0,0,0,16,0,0,7,200,0,0,0,200,200
381635,0,30,0,2,0,1,0,5,0,0,0,0,200,0,5,0,6,0,0,200,200
381635,0,30,0,2,0,1,0,5,0,0,0,0,200,1,7,0,0,0,0,200,200
381636,0,30,0,0,1,1,10,5,0,0,0,18,16,1,5,0,1,200,0,200,200
381636,0,30,0,0,1,1,10,5,0,0,0,18,16,0,6,0,0,0,0,200,200
381637,0,30,0,0,0,1,10,5,0,0,200,0,0,0,200,200,200,200,200,200,200
381637,0,30,0,0,0,1,10,5,0,0,200,0,0,1,200,0,200,200,0,200,200
381639,0,35,0,0,1,1,2,3,3,1,0,200,200,0,6,0,12,0,0,200,200
381642,0,5,0,0,0,1,7,5,0,0,0,20,0,0,5,200,0,200,200,200,200
381646,0,30,0,0,0,1,12,2,0,0,0,22,0,0,200,0,2,200,200,200,200
381646,0,30,0,0,0,1,12,2,0,0,0,22,0,0,8,0,0,200,0,200,200
381665,0,30,2,2,0,1,11,2,0,0,0,6,16,0,7,0,6,0,0,200,200
381665,0,30,2,2,0,1,11,2,0,0,0,6,16,0,6,0,0,0,0,200,200
381669,0,30,0,0,0,1,12,2,0,0,0,11,11,0,200,0,4,0,0,200,200
381669,0,30,0,0,0,1,12,2,0,0,0,11,11,1,8,0,0,0,0,200,200
381669,1,30,0,0,0,1,12,2,0,0,0,11,11,1,200,0,200,200,200,200,200
381669,1,30,0,0,0,1,12,2,0,0,0,11,11,0,2,0,200,200,200,200,200
381688,0,30,1,2,0,1,8,5,0,0,0,31,0,0,200,200,7,200,200,200,200
381688,4,30,1,2,0,1,8,5,0,0,0,31,0,0,4,7,0,200,0,200,200
381693,0,30,1,2,0,1,7,5,0,0,0,0,200,0,7,200,200,200,0,200,200
381693,1,30,1,2,0,1,7,5,0,0,0,0,200,1,6,200,200,200,200,200,200
381693,1,30,1,2,0,1,7,5,0,0,0,0,200,1,7,200,200,200,200,200,200
381697,0,30,1,2,0,1,14,2,0,0,0,6,16,0,7,0,5,0,0,200,200
381697,0,30,1,2,0,1,14,2,0,0,0,6,16,1,7,0,0,0,0,200,200
381697,1,30,1,2,0,1,14,2,0,0,0,6,16,0,7,0,200,200,200,200,200
381698,0,30,0,2,200,1,10,5,0,200,0,200,0,0,7,200,1,200,200,200,200
381698,0,30,0,2,200,1,10,5,0,200,0,200,0,0,9,0,0,0,0,200,200
381698,1,30,0,2,200,1,10,5,0,200,0,200,0,200,200,200,200,200,200,200,200
381706,0,30,1,2,200,1,10,5,0,200,200,18,0,0,200,200,3,200,200,200,200
381706,0,30,1,2,200,1,10,5,0,200,200,18,0,0,6,0,12,0,200,200,200
381706,0,30,1,2,200,1,10,5,0,200,200,18,0,0,6,0,12,0,0,200,200
381708,0,30,0,200,1,1,2,2,0,200,200,0,0,1,6,200,12,200,0,200,200
381708,1,30,0,200,1,1,2,2,0,200,200,0,0,0,200,200,200,200,200,200,200
381710,0,30,0,0,0,1,7,5,0,0,0,0,200,0,6,0,6,0,0,200,200
381714,0,30,1,2,200,1,14,3,0,200,200,17,17,0,5,0,1,0,0,200,200
381714,0,30,1,2,200,1,14,3,0,200,200,17,17,1,6,0,0,0,0,200,200
381714,1,30,1,2,200,1,14,3,0,200,200,17,17,1,2,0,200,200,200,200,200
381715,0,30,1,2,0,1,8,5,0,0,0,0,200,0,200,200,200,200,200,200,200
381715,4,30,1,2,0,1,8,5,0,0,0,0,200,0,6,7,0,0,0,200,200
381723,0,30,2,2,0,1,0,5,0,0,0,5,5,0,4,200,5,0,0,200,200
381723,0,30,2,2,0,1,0,5,0,0,0,5,5,0,6,200,5,0,0,200,200
381723,0,30,2,2,0,1,0,5,0,0,0,5,5,0,6,200,0,0,0,200,200
381723,0,30,2,2,0,1,0,5,0,0,0,5,5,1,7,200,0,0,0,200,200
381723,1,30,2,2,0,1,0,5,0,0,0,5,5,1,5,200,200,200,200,200,200
381724,0,30,1,2,200,200,14,2,0,200,200,0,200,1,200,200,200,200,200,200,200
381724,0,30,1,2,200,200,14,2,0,200,200,0,200,0,6,0,200,0,0,200,200
381728,0,30,0,0,200,200,7,5,0,200,200,0,200,2,200,200,200,200,200,200,200
381744,0,40,0,0,0,1,12,3,0,0,0,0,200,0,5,200,12,0,0,200,200
381744,0,40,0,0,0,1,12,3,0,0,0,0,200,0,7,0,0,0,0,200,200
381745,0,30,1,2,0,1,10,200,0,0,0,18,200,1,200,200,3,200,200,200,200
381745,0,30,1,2,0,1,10,200,0,0,0,18,200,0,6,0,0,0,0,200,200
381747,0,30,1,2,1,1,10,5,0,1,200,18,18,2,200,200,3,200,200,200,200
381747,0,30,1,2,1,1,10,5,0,1,200,18,18,1,6,0,12,200,0,200,200
381747,1,30,1,2,1,1,10,5,0,1,200,18,18,0,200,5,200,200,200,200,200
381748,0,30,0,0,0,1,12,5,0,1,0,17,200,0,200,200,1,200,200,200,200
381748,0,30,0,0,0,1,12,5,0,1,0,17,200,0,7,0,0,0,0,200,200
381758,0,30,0,0,0,1,12,3,0,0,0,17,16,0,6,200,1,0,0,200,200
381758,0,30,0,0,0,1,12,3,0,0,0,17,16,0,7,200,0,0,0,200,200
381763,0,30,1,2,0,1,14,5,0,0,0,3,3,2,200,200,5,200,200,200,200
381763,0,30,1,2,0,1,14,5,0,0,0,3,3,1,4,0,0,0,0,200,200
381764,0,30,1,2,0,1,10,5,0,0,0,0,200,0,6,0,1,0,0,200,200
381764,0,30,1,2,0,1,10,5,0,0,0,0,200,0,7,0,0,0,0,200,200
381765,0,30,0,0,200,200,7,5,0,0,12,0,200,2,200,200,200,200,200,200,200
381769,0,30,2,2,1,1,0,5,0,0,0,17,200,0,5,200,1,0,0,200,200
381769,0,30,2,2,1,1,0,5,0,0,0,17,200,1,7,200,0,0,0,200,200
381772,0,30,0,0,0,1,11,7,0,0,0,0,0,1,6,0,0,0,0,200,200
381772,0,30,0,0,0,1,11,7,0,0,0,0,0,1,7,0,0,0,0,200,200
381772,1,30,0,0,0,1,11,7,0,0,0,0,0,1,200,0,200,200,200,200,200
381782,0,10,0,0,0,1,2,0,0,0,0,11,28,1,6,0,12,12,0,200,200
381785,0,30,1,200,200,1,10,2,0,200,200,0,200,0,7,0,200,200,0,200,200
381785,0,30,1,200,200,1,10,2,0,200,200,0,200,1,6,200,200,200,200,200,200
381790,0,30,0,0,0,1,2,7,0,0,0,11,200,0,7,200,12,0,0,200,200
381795,0,30,1,200,0,1,10,3,0,0,0,18,0,0,200,200,3,200,200,200,200
381795,0,30,1,200,0,1,10,3,0,0,0,18,0,1,7,200,0,0,0,200,200
381798,0,30,1,2,0,1,14,2,0,0,0,18,16,1,5,200,3,200,200,200,200
381798,0,30,1,2,0,1,14,2,0,0,0,18,16,1,6,0,0,0,0,200,200
381799,0,30,1,2,0,1,10,5,0,0,0,16,18,1,200,0,3,1,0,200,200
381799,0,30,1,2,0,1,10,5,0,0,0,16,18,0,8,0,0,1,0,200,200
381799,1,30,1,2,0,1,10,5,0,0,0,16,18,1,8,0,200,200,200,200,200
381808,0,30,0,0,0,1,10,5,0,0,0,0,0,1,200,200,200,200,200,200,200
381808,0,30,0,0,0,1,10,5,0,0,0,0,0,0,7,0,0,0,0,200,200
381809,0,30,0,200,0,1,7,3,0,0,0,20,200,1,6,0,6,0,0,200,200
381816,0,30,1,2,0,1,10,6,0,0,0,18,16,0,200,200,3,0,0,200,200
381816,0,30,1,2,0,1,10,6,0,0,0,18,16,0,7,200,0,0,0,200,200
381820,0,30,0,0,0,1,12,5,0,0,0,17,21,0,5,200,4,0,0,200,200
381820,0,30,0,0,0,1,12,5,0,0,0,17,21,0,6,0,0,0,0,200,200
381822,0,25,0,0,0,200,7,6,0,0,200,0,0,2,200,200,200,200,200,200,200
381828,0,30,1,2,0,2,14,5,0,0,200,17,200,1,4,200,1,200,0,200,200
381828,0,30,1,2,0,2,14,5,0,0,200,17,200,0,7,200,8,200,0,200,200
381828,1,30,1,2,0,2,14,5,0,0,200,17,200,0,4,200,200,200,200,200,200
381828,1,30,1,2,0,2,14,5,0,0,200,17,200,0,6,1,200,200,200,200,200
381837,0,30,3,2,0,1,14,12,0,0,0,17,16,2,200,200,8,200,200,200,200
381837,0,30,3,2,0,1,14,12,0,0,0,17,16,0,6,0,12,0,0,200,200
381846,0,30,5,12,0,1,7,2,0,0,0,0,0,2,200,200,200,200,200,200,200
381847,0,30,1,2,1,1,10,5,0,200,200,7,18,0,6,0,3,200,0,200,200
381847,0,30,1,2,1,1,10,5,0,200,200,7,18,1,5,0,200,200,0,200,200
381848,0,20,0,0,0,1,7,5,0,0,0,0,11,2,200,200,200,200,200,200,200
381848,1,20,0,0,0,1,7,5,0,0,0,0,11,0,5,1,200,200,200,200,200
381857,0,30,2,2,0,1,9,6,0,0,0,0,200,0,200,200,200,200,200,200,200
381857,5,30,2,2,0,1,9,6,0,0,0,0,200,1,6,7,200,200,5,200,200
381860,0,30,0,0,200,1,2,200,0,0,0,0,0,2,200,200,6,200,200,200,200
381861,0,30,2,2,2,1,0,2,0,1,0,17,200,1,7,200,1,200,200,200,200
381861,0,30,2,2,2,1,0,2,0,1,0,17,200,0,5,200,200,200,200,200,200
381861,1,30,2,2,2,1,0,2,0,1,0,17,200,1,9,200,200,200,200,200,200
381868,0,30,200,200,200,200,0,6,0,200,200,0,200,1,200,200,200,200,200,200,200
381868,0,30,200,200,200,200,0,6,0,200,200,0,200,1,5,200,200,200,200,200,200
381877,0,35,1,200,200,3,0,12,0,200,200,6,6,1,5,200,5,200,200,200,200
381877,0,35,1,200,200,3,0,12,0,200,200,6,6,0,5,200,0,200,200,200,200
381888,4,35,2,2,1,1,8,6,0,0,0,10,200,0,5,2,9,0,0,200,200
381888,0,35,2,2,1,1,8,6,0,0,0,10,200,0,6,0,0,0,0,200,200
381888,1,35,2,2,1,1,8,6,0,0,0,10,200,0,5,0,200,200,200,200,200
381895,0,30,0,0,0,1,11,5,0,0,0,21,200,1,7,0,12,0,0,200,200
381895,0,30,0,0,0,1,11,5,0,0,0,21,200,0,7,0,0,0,0,200,200
381895,1,30,0,0,0,1,11,5,0,0,0,21,200,0,3,0,200,200,200,200,200
381899,0,35,1,2,0,1,10,5,1,0,0,18,0,0,5,200,3,0,0,200,200
381899,0,35,1,2,0,1,10,5,1,0,0,18,0,1,7,200,3,0,0,200,200
381903,0,30,0,0,0,1,7,5,0,0,0,21,12,0,5,200,12,0,0,200,200
381907,0,30,0,0,1,1,0,5,0,0,0,20,0,0,200,200,6,200,200,200,200
381907,0,30,0,0,1,1,0,5,0,0,0,20,0,0,8,0,12,0,0,200,200
381914,0,30,0,0,1,1,10,2,0,0,0,18,200,0,8,0,3,0,0,200,200
381914,0,30,0,0,1,1,10,2,0,0,0,18,200,1,6,0,0,0,0,200,200
381914,0,30,0,0,1,1,10,2,0,0,0,18,200,1,6,0,0,0,0,200,200
381918,0,30,1,2,0,1,14,5,0,0,0,17,21,1,200,200,4,200,200,200,200
381918,0,30,1,2,0,1,14,5,0,0,0,17,21,1,6,0,0,0,0,200,200
381924,0,35,1,2,0,1,12,3,1,0,12,21,200,0,5,0,4,0,0,200,200
381924,0,35,1,2,0,1,12,3,1,0,12,21,200,0,6,0,0,0,0,200,200
381926,0,30,200,200,200,200,7,5,0,200,200,0,200,2,200,200,200,200,200,200,200
381936,0,30,0,0,0,1,7,7,0,0,0,0,200,1,5,0,0,0,0,200,200
381938,0,30,2,2,0,1,0,5,0,0,0,17,200,0,6,200,200,0,0,200,200
381938,0,30,2,2,0,1,0,5,0,0,0,17,200,1,6,200,200,0,0,200,200
381943,0,40,0,0,0,3,14,3,0,0,0,14,25,0,5,0,0,0,0,200,200
381943,0,40,0,0,0,3,14,3,0,0,0,14,25,2,200,200,2,200,200,200,200
381954,0,30,0,0,1,1,12,6,0,0,0,200,200,0,6,0,0,0,0,200,200
381954,0,30,0,0,1,1,12,6,0,0,0,200,200,0,7,0,0,0,0,200,200