RD_NO,PERSON_TYPE,POSTED_SPEED_LIMIT,TRAFFIC_CONTROL_DEVICE,DEVICE_CONDITION,WEATHER_CONDITION,LIGHTING_CONDITION,FIRST_CRASH_TYPE,TRAFFICWAY_TYPE,ALIGNMENT,ROADWAY_SURFACE_COND,ROAD_DEFECT,PRIM_CONTRIBUTORY_CAUSE,SEC_CONTRIBUTORY_CAUSE,SEX,AGE,SAFETY_EQUIPMENT,DRIVER_ACTION,DRIVER_VISION,PHYSICAL_CONDITION,BAC_RESULT VALUE,CELL_PHONE_USE
381954,1,30,0,0,1,1,12,6,0,0,0,200,200,0,200,200,200,200,200,200,200
381955,0,30,0,0,0,1,10,5,0,0,0,18,0,0,6,0,200,0,0,200,200
381955,0,30,0,0,0,1,10,5,0,0,0,18,0,0,6,0,0,0,0,200,200
381955,1,30,0,0,0,1,10,5,0,0,0,18,0,1,6,0,200,200,200,200,200
381962,0,30,0,0,0,1,11,5,0,0,0,0,200,0,6,200,0,12,0,200,200
381962,0,30,0,0,0,1,11,5,0,0,0,0,200,1,4,200,12,0,0,200,200
381966,0,20,0,0,0,1,7,6,0,0,0,0,0,2,200,200,200,200,200,200,200
381969,0,30,1,2,0,1,14,5,0,0,0,0,0,0,200,0,2,0,0,200,200
381969,0,30,1,2,0,1,14,5,0,0,0,0,0,1,200,0,0,0,0,200,200
381971,0,30,0,0,0,1,7,6,0,200,200,20,20,1,200,200,6,200,200,200,200
381975,0,35,200,200,0,1,7,2,0,200,200,0,200,1,4,200,200,200,200,200,200
381986,0,30,1,2,0,1,14,3,0,0,0,6,17,0,200,200,5,200,200,200,200
381986,0,30,1,2,0,1,14,3,0,0,0,6,17,1,4,0,0,0,0,200,200
381986,1,30,1,2,0,1,14,3,0,0,0,6,17,0,4,0,200,200,200,200,200
381986,1,30,1,2,0,1,14,3,0,0,0,6,17,1,3,0,200,200,200,200,200
381992,0,30,1,2,0,1,10,5,0,0,0,18,11,1,6,200,3,0,0,200,200
381992,0,30,1,2,0,1,10,5,0,0,0,18,11,1,6,200,0,0,0,200,200
381994,0,30,0,0,0,1,14,5,0,0,200,21,0,1,5,0,7,200,0,200,200
381994,0,30,0,0,0,1,14,5,0,0,200,21,0,1,6,0,0,0,0,200,200
381994,1,30,0,0,0,1,14,5,0,0,200,21,0,200,3,0,200,200,200,200,200
381995,0,30,1,2,0,1,10,5,0,0,0,0,0,0,6,0,0,0,0,200,200
381995,0,30,1,2,0,1,10,5,0,0,0,0,0,0,5,0,1,0,0,200,200
381995,1,30,1,2,0,1,10,5,0,0,0,0,0,1,200,0,200,200,200,200,200
382002,0,25,0,0,0,1,0,7,0,0,0,0,0,0,200,200,200,200,200,200,200
382002,0,25,0,0,0,1,0,7,0,0,0,0,0,1,7,0,0,0,0,200,200
382012,0,30,0,0,0,1,12,5,0,200,200,23,0,0,6,0,7,200,0,200,200
382012,0,30,0,0,0,1,12,5,0,200,200,23,0,0,6,0,0,0,0,200,200
382013,0,30,0,0,0,1,14,5,0,0,0,0,200,0,0,0,12,0,0,200,200
382013,0,30,0,0,0,1,14,5,0,0,0,0,200,0,5,0,0,0,0,200,200
382021,0,30,1,2,0,1,12,5,0,0,0,0,0,1,200,200,200,200,200,200,200
382021,0,30,1,2,0,1,12,5,0,0,0,0,0,1,6,0,0,0,0,200,200
382027,0,30,1,2,0,1,2,2,0,0,0,23,0,1,7,0,4,0,200,200,200
382029,0,30,1,2,1,1,14,5,0,0,0,17,200,0,0,0,7,0,0,200,200
382029,0,30,1,2,1,1,14,5,0,0,0,17,200,1,0,200,0,0,0,200,200
382029,1,30,1,2,1,1,14,5,0,0,0,17,200,1,7,200,200,200,200,200,200
382029,1,30,1,2,1,1,14,5,0,0,0,17,200,1,6,200,200,200,200,200,200
382029,1,30,1,2,1,1,14,5,0,0,0,17,200,0,5,200,200,200,200,200,200
382029,1,30,1,2,1,1,14,5,0,0,0,17,200,1,1,5,200,200,200,200,200
382032,0,30,0,1,0,1,12,3,0,0,0,0,200,0,4,200,200,200,200,200,200
382032,0,30,0,1,0,1,12,3,0,0,0,0,200,1,8,0,200,200,0,200,200
382033,0,10,0,0,0,1,7,7,0,0,0,0,0,0,200,200,200,0,0,200,200
382036,0,30,0,0,0,1,12,5,0,0,0,0,0,0,6,200,200,200,200,200,200
382036,0,30,0,0,0,1,12,5,0,0,0,0,0,0,3,0,0,0,0,200,200
382037,0,15,0,0,0,1,7,7,0,0,0,20,16,0,5,200,6,200,0,200,200
382037,1,15,0,0,0,1,7,7,0,0,0,20,16,0,200,0,200,200,200,200,200
382040,0,30,0,0,0,1,14,5,0,0,0,11,0,0,6,0,1,0,0,200,200
382040,0,30,0,0,0,1,14,5,0,0,0,11,0,0,200,200,0,200,200,200,200
382042,0,30,0,0,1,1,12,5,0,0,0,0,0,2,200,200,200,200,200,200,200
382042,0,30,0,0,1,1,12,5,0,0,0,0,0,0,6,0,12,0,0,200,200
382042,1,30,0,0,1,1,12,5,0,0,0,0,0,1,6,0,200,200,200,200,200
382046,0,30,1,2,0,1,14,6,0,0,0,21,6,0,4,200,4,0,0,200,200
382046,0,30,1,2,0,1,14,6,0,0,0,21,6,1,7,0,0,0,0,200,200
382047,0,30,1,2,0,1,12,6,0,0,200,0,0,1,6,0,12,0,0,200,200
382047,0,30,1,2,0,1,12,6,0,0,200,0,0,0,6,0,0,0,0,200,200
382050,0,30,1,2,0,1,10,5,0,0,0,18,16,0,4,200,3,0,0,200,200
382050,0,30,1,2,0,1,10,5,0,0,0,18,16,1,7,200,0,0,0,200,200
382060,0,30,1,2,200,4,10,2,0,200,0,16,200,1,7,200,12,200,200,200,200
382060,0,30,1,2,200,4,10,2,0,200,0,16,200,0,7,200,0,200,200,200,200
382060,1,30,1,2,200,4,10,2,0,200,0,16,200,200,200,200,200,200,200,200,200
382061,0,25,0,0,0,1,7,6,0,0,0,200,200,2,200,200,200,200,200,200,200
382062,0,30,1,2,0,1,10,6,0,0,0,16,0,0,3,200,12,200,0,200,200
382062,0,30,1,2,0,1,10,6,0,0,0,16,0,0,6,200,0,0,0,200,200
382062,1,30,1,2,0,1,10,6,0,0,0,16,0,1,3,200,200,200,200,200,200
382062,1,30,1,2,0,1,10,6,0,0,0,16,0,0,7,200,200,200,200,200,200
382062,1,30,1,2,0,1,10,6,0,0,0,16,0,1,7,200,200,200,200,200,200
382062,1,30,1,2,0,1,10,6,0,0,0,16,0,1,2,200,200,200,200,200,200
382062,1,30,1,2,0,1,10,6,0,0,0,16,0,1,9,200,200,200,200,200,200
382064,4,25,2,2,0,1,8,5,0,0,0,17,200,0,5,2,1,0,0,200,200
382064,0,25,2,2,0,1,8,5,0,0,0,17,200,0,6,0,0,0,0,200,200
382068,0,30,0,0,0,1,10,5,0,0,0,200,200,2,200,200,200,200,200,200,200
382068,0,30,0,0,0,1,10,5,0,0,0,200,200,1,6,0,0,0,0,200,200
382069,0,30,0,0,200,1,7,5,0,200,0,0,0,2,200,200,200,200,200,200,200
382070,0,30,0,0,0,1,7,5,0,0,0,0,0,0,7,200,200,200,200,200,200
382070,1,30,0,0,0,1,7,5,0,0,0,0,0,1,200,0,200,200,200,200,200
382077,0,30,0,0,0,1,14,5,0,0,0,17,33,1,200,0,1,1,0,200,200
382077,0,30,0,0,0,1,14,5,0,0,0,17,33,1,6,0,12,0,0,200,200
382084,0,30,1,2,0,1,10,5,0,0,0,17,18,0,8,0,0,0,0,200,200
382084,0,30,1,2,0,1,10,5,0,0,0,17,18,0,5,0,1,0,0,200,200
382084,1,30,1,2,0,1,10,5,0,0,0,17,18,1,6,0,200,200,200,200,200
382084,1,30,1,2,0,1,10,5,0,0,0,17,18,1,5,0,200,200,200,200,200
382092,0,30,1,0,0,1,12,5,0,0,0,22,22,1,8,7,0,0,0,200,200
382092,0,30,1,0,0,1,12,5,0,0,0,22,22,0,4,0,0,0,0,200,200
382092,1,30,1,0,0,1,12,5,0,0,0,22,22,1,200,0,200,200,200,200,200
382095,0,30,0,0,0,1,14,5,0,0,0,23,22,0,200,7,7,0,0,200,200
382095,0,30,0,0,0,1,14,5,0,0,0,23,22,0,7,0,200,0,0,200,200
382095,1,30,0,0,0,1,14,5,0,0,0,23,22,200,200,0,200,200,200,200,200
382122,0,20,0,0,0,1,7,6,0,0,0,13,0,0,6,200,12,0,0,200,200
382125,0,30,0,0,0,1,7,6,0,0,0,16,200,1,200,0,7,0,0,200,200
382127,0,30,0,0,0,1,12,5,0,0,0,11,11,1,5,0,0,0,0,200,200
382127,0,30,0,0,0,1,12,5,0,0,0,11,11,0,6,0,1,0,0,200,200
382128,0,30,2,2,0,1,0,5,0,0,0,5,200,0,200,200,1,200,200,200,200
382128,0,30,2,2,0,1,0,5,0,0,0,5,200,0,6,0,0,0,0,200,200
382130,0,35,1,2,0,1,12,3,0,0,0,200,200,2,200,200,200,200,200,200,200
382130,0,35,1,2,0,1,12,3,0,0,0,200,200,1,6,0,0,0,0,200,200
382130,1,35,1,2,0,1,12,3,0,0,0,200,200,2,200,200,200,200,200,200,200
382130,1,35,1,2,0,1,12,3,0,0,0,200,200,200,200,200,200,200,200,200,200
382130,1,35,1,2,0,1,12,3,0,0,0,200,200,200,200,200,200,200,200,200,200
382130,1,35,1,2,0,1,12,3,0,0,0,200,200,200,200,200,200,200,200,200,200
382130,1,35,1,2,0,1,12,3,0,0,0,200,200,200,200,200,200,200,200,200,200
382133,0,30,0,0,0,3,7,5,0,0,0,0,200,2,200,200,200,200,200,200,200
382134,0,25,2,2,0,1,0,5,0,0,0,0,0,1,6,0,1,0,0,200,200
382134,0,25,2,2,0,1,0,5,0,0,0,0,0,1,6,0,0,0,0,200,200
382134,1,25,2,2,0,1,0,5,0,0,0,0,0,1,1,5,200,200,200,200,200
382135,0,30,1,2,1,1,10,5,0,0,0,18,0,0,6,0,3,0,0,200,200
382135,0,30,1,2,1,1,10,5,0,0,0,18,0,1,6,0,12,0,0,200,200
382135,1,30,1,2,1,1,10,5,0,0,0,18,0,1,6,0,200,200,200,200,200
382136,0,30,0,0,0,3,7,5,0,0,0,0,0,2,200,200,200,200,200,200,200
382138,0,30,1,1,0,1,0,5,0,0,0,6,25,0,200,200,5,200,200,200,200
382138,0,30,1,1,0,1,0,5,0,0,0,6,25,0,8,200,0,0,0,200,200
382139,0,30,1,2,0,1,10,3,0,0,0,18,200,0,6,0,3,0,0,200,200
382139,0,30,1,2,0,1,10,3,0,0,0,18,200,1,5,0,0,0,0,200,200
382147,0,30,0,0,0,1,7,6,0,0,0,0,0,2,200,200,200,200,200,200,200
382152,0,30,1,2,1,0,10,5,0,1,0,12,18,0,7,200,3,0,0,200,200
382152,0,30,1,2,1,0,10,5,0,1,0,12,18,1,5,0,0,0,0,200,200
382153,0,30,0,0,0,1,10,2,0,0,0,18,0,1,5,0,3,0,0,200,200
382153,0,30,0,0,0,1,10,2,0,0,0,18,0,0,6,0,12,0,0,200,200
382154,0,30,200,200,0,1,10,5,0,200,200,200,200,0,7,200,200,200,0,200,200
382154,0,30,200,200,0,1,10,5,0,200,200,200,200,0,6,200,200,200,0,200,200
382166,0,30,1,200,0,1,7,2,0,0,0,21,200,2,200,200,7,200,200,200,200
382166,1,30,1,200,0,1,7,2,0,0,0,21,200,200,0,4,200,200,200,200,200
382166,1,30,1,200,0,1,7,2,0,0,0,21,200,0,200,0,200,200,200,200,200
382168,0,30,1,2,0,1,7,2,0,0,0,0,23,1,6,200,10,200,0,200,200
382172,0,30,0,0,0,2,7,5,0,0,0,0,200,2,200,200,200,200,200,200,200
382175,0,30,2,1,1,1,12,5,0,0,0,22,200,0,200,200,12,200,200,200,200
382175,0,30,2,1,1,1,12,5,0,0,0,22,200,1,7,0,200,0,0,200,200
382175,1,30,2,1,1,1,12,5,0,0,0,22,200,1,5,0,200,200,200,200,200
382175,1,30,2,1,1,1,12,5,0,0,0,22,200,0,3,0,200,200,200,200,200
382176,0,30,0,0,0,1,14,5,0,0,0,22,200,0,200,200,7,200,200,200,200
382176,0,30,0,0,0,1,14,5,0,0,0,22,200,1,4,0,0,0,0,200,200
382183,0,30,1,2,0,1,10,5,0,0,200,17,200,0,4,200,1,0,0,200,200
382183,0,30,1,2,0,1,10,5,0,0,200,17,200,1,6,200,0,0,0,200,200
382187,4,30,2,200,0,1,8,6,0,0,200,0,0,0,3,200,1,200,0,200,200
382187,0,30,2,200,0,1,8,6,0,0,200,0,0,1,6,0,0,0,0,200,200
382192,0,35,0,0,0,1,12,3,2,0,0,21,21,1,9,0,4,0,0,200,200
382192,0,35,0,0,0,1,12,3,2,0,0,21,21,0,6,0,0,0,0,200,200
382195,0,30,0,0,0,1,10,5,0,0,0,18,200,0,7,0,3,0,0,200,200
382195,0,30,0,0,0,1,10,5,0,0,0,18,200,1,5,0,0,0,0,200,200
382196,0,30,1,2,0,1,10,2,0,0,0,18,16,1,6,200,0,0,0,200,200
382196,0,30,1,2,0,1,10,2,0,0,0,18,16,1,6,200,0,0,0,200,200
382197,0,30,0,0,0,0,7,6,0,0,0,0,0,2,200,200,200,200,200,200,200
382198,0,30,1,2,0,1,12,2,0,0,0,11,200,1,7,0,0,0,0,200,200
382198,0,30,1,2,0,1,12,2,0,0,0,11,200,0,5,0,4,0,0,200,200
382199,0,30,1,2,0,1,10,5,0,0,0,0,0,0,6,200,200,200,200,200,200
382199,0,30,1,2,0,1,10,5,0,0,0,0,0,0,5,0,0,0,0,200,200
382202,0,15,0,0,0,1,7,5,0,0,0,0,0,0,8,0,200,0,0,200,200
382202,1,15,0,0,0,1,7,5,0,0,0,0,0,1,0,5,200,200,200,200,200
382206,0,30,2,2,0,1,10,2,0,0,200,16,200,1,7,200,3,200,200,200,200
382206,0,30,2,2,0,1,10,2,0,0,200,16,200,1,5,200,0,200,200,200,200
382206,1,30,2,2,0,1,10,2,0,0,200,16,200,0,5,200,200,200,200,200,200
382209,0,30,0,0,200,1,7,2,0,200,0,0,200,2,200,200,200,200,200,200,200
382214,0,30,0,0,0,0,2,7,0,0,0,0,200,0,5,0,9,0,0,200,200
382220,0,30,1,2,0,1,10,5,0,0,0,18,200,0,5,200,3,0,0,200,200
382220,0,30,1,2,0,1,10,5,0,0,0,18,200,0,6,7,0,0,0,200,200
382225,0,30,0,0,0,1,10,5,0,200,200,18,200,0,200,200,1,200,200,200,200
382225,0,30,0,0,0,1,10,5,0,200,200,18,200,1,5,200,0,200,0,200,200
382227,0,30,1,200,0,2,12,2,0,0,200,22,17,1,200,200,2,200,200,200,200
382227,0,30,1,200,0,2,12,2,0,0,200,22,17,0,6,200,0,200,0,200,200
382233,0,30,0,0,0,1,12,5,0,0,0,22,22,0,6,0,4,0,0,200,200
382233,0,30,0,0,0,1,12,5,0,0,0,22,22,0,5,0,0,0,0,200,200
382238,0,30,0,0,200,1,10,5,0,200,200,18,200,1,6,200,3,200,200,200,200
382238,0,30,0,0,200,1,10,5,0,200,200,18,200,0,5,200,12,200,200,200,200
382238,1,30,0,0,200,1,10,5,0,200,200,18,200,1,5,200,200,200,200,200,200
382238,1,30,0,0,200,1,10,5,0,200,200,18,200,1,0,200,200,200,200,200,200
382240,0,30,0,0,0,1,12,5,0,0,0,0,0,0,8,200,12,0,0,200,200
382240,0,30,0,0,0,1,12,5,0,0,0,0,0,0,6,0,200,0,0,200,200
382243,0,30,0,0,0,1,7,6,0,200,200,0,0,1,7,200,10,200,200,200,200
382245,0,25,2,2,2,3,7,6,0,1,0,200,200,2,200,200,200,200,200,200,200
382248,0,35,0,0,0,1,10,5,0,0,0,18,0,0,7,0,3,0,0,200,200
382248,0,35,0,0,0,1,10,5,0,0,0,18,0,0,5,0,0,0,0,200,200
382250,0,30,1,2,0,1,12,2,0,0,0,0,200,1,200,200,200,200,200,200,200
382250,0,30,1,2,0,1,12,2,0,0,0,0,200,1,6,0,0,0,0,200,200
382265,0,10,0,0,0,1,7,7,0,0,0,0,200,1,6,0,12,0,0,200,200
382268,0,30,1,2,1,1,10,5,0,0,0,18,0,0,6,0,3,0,0,200,200
382268,0,30,1,2,1,1,10,5,0,0,0,18,0,0,5,0,12,0,0,200,200
382273,0,35,0,0,0,1,14,5,0,0,0,0,200,0,200,0,0,200,0,200,200
382273,0,35,0,0,0,1,14,5,0,0,0,0,200,1,200,0,200,200,0,200,200
382274,0,30,0,0,0,1,0,6,0,0,0,17,0,0,200,200,1,200,200,200,200
382274,0,30,0,0,0,1,0,6,0,0,0,17,0,1,5,0,0,0,0,200,200
382283,0,30,0,0,0,1,12,3,0,0,0,0,200,0,200,200,12,200,200,200,200
382283,0,30,0,0,0,1,12,3,0,0,0,0,200,0,6,0,0,0,0,200,200
382283,1,30,0,0,0,1,12,3,0,0,0,0,200,0,6,0,200,200,200,200,200
382283,1,30,0,0,0,1,12,3,0,0,0,0,200,0,200,5,200,200,200,200,200
382283,1,30,0,0,0,1,12,3,0,0,0,0,200,2,200,200,200,200,200,200,200
382283,1,30,0,0,0,1,12,3,0,0,0,0,200,2,200,200,200,200,200,200,200
382289,0,35,0,0,0,1,7,2,0,0,0,0,200,0,5,0,200,0,0,200,200
382289,1,35,0,0,0,1,7,2,0,0,0,0,200,0,5,0,200,200,200,200,200
382295,0,30,2,2,0,1,14,5,0,0,0,3,200,0,5,200,5,200,200,200,200
382295,0,30,2,2,0,1,14,5,0,0,0,3,200,0,5,0,0,0,0,200,200
382307,0,30,0,0,0,1,5,5,0,0,12,200,200,1,6,0,0,0,0,200,200
382310,0,25,0,0,0,1,7,6,0,0,0,0,0,1,200,0,0,0,0,200,200
382321,0,30,0,0,0,1,0,0,0,0,0,22,17,0,200,200,1,0,0,200,200
382321,0,30,0,0,0,1,0,0,0,0,0,22,17,1,6,0,12,0,0,200,200
382325,0,30,1,2,0,1,10,5,0,0,0,18,200,0,6,0,3,0,0,200,200
382325,0,30,1,2,0,1,10,5,0,0,0,18,200,0,7,0,0,0,0,200,200
382325,1,30,1,2,0,1,10,5,0,0,0,18,200,1,6,0,200,200,200,200,200
382328,0,5,0,0,1,1,0,7,0,0,0,17,20,1,6,0,1,0,0,200,200
382328,0,5,0,0,1,1,0,7,0,0,0,17,20,1,6,0,12,0,0,200,200
382330,0,30,0,0,0,1,7,5,0,200,200,0,0,2,200,200,200,200,200,200,200
382333,0,25,0,0,0,1,3,6,0,0,0,0,200,0,200,200,6,200,0,200,200
382333,0,25,0,0,0,1,3,6,0,0,0,0,200,0,5,0,0,0,0,200,200
382333,1,25,0,0,0,1,3,6,0,0,0,0,200,200,200,0,200,200,200,200,200
382335,0,35,1,2,0,1,10,3,0,0,12,16,12,0,6,7,5,0,0,200,200
382335,0,35,1,2,0,1,10,3,0,0,12,16,12,1,7,0,0,0,0,200,200
382335,1,35,1,2,0,1,10,3,0,0,12,16,12,0,7,7,200,200,200,200,200
382335,1,35,1,2,0,1,10,3,0,0,12,16,12,1,7,0,200,200,200,200,200
382335,1,35,1,2,0,1,10,3,0,0,12,16,12,1,9,0,200,200,200,200,200
382336,0,30,0,0,0,1,7,5,0,0,0,16,14,0,6,200,8,200,0,200,200
382337,0,30,1,2,0,1,12,6,0,0,0,0,0,1,6,200,12,0,0,200,200
382337,0,30,1,2,0,1,12,6,0,0,0,0,0,0,7,200,200,0,0,200,200
382337,1,30,1,2,0,1,12,6,0,0,0,0,0,1,5,200,200,200,200,200,200
382337,1,30,1,2,0,1,12,6,0,0,0,0,0,1,6,200,200,200,200,200,200
382337,1,30,1,2,0,1,12,6,0,0,0,0,0,1,6,200,200,200,200,200,200
382338,0,30,0,0,2,1,14,5,0,1,0,16,200,0,7,0,1,0,0,200,200
382338,0,30,0,0,2,1,14,5,0,1,0,16,200,0,8,0,1,0,0,200,200
382339,0,30,0,0,0,1,11,0,0,0,0,20,200,0,200,0,6,0,0,200,200
382339,0,30,0,0,0,1,11,0,0,0,0,20,200,0,200,0,0,0,0,200,200
382339,1,30,0,0,0,1,11,0,0,0,0,20,200,1,200,0,200,200,200,200,200
382340,0,30,0,0,0,1,7,6,0,0,0,0,200,2,200,200,200,200,200,200,200
382344,0,15,0,0,0,1,7,5,0,0,0,0,0,1,5,200,200,200,200,200,200
382353,0,30,0,0,0,1,10,6,0,0,0,18,0,2,200,200,3,200,200,200,200
382353,0,30,0,0,0,1,10,6,0,0,0,18,0,1,6,0,0,0,0,200,200
382358,0,30,0,0,0,1,7,7,0,0,0,7,200,0,200,200,6,200,200,200,200
382375,0,25,0,2,0,4,9,5,0,0,0,20,200,0,7,200,6,200,0,200,200
382375,5,25,0,2,0,4,9,5,0,0,0,20,200,0,7,7,12,0,0,200,200
382381,0,30,1,0,0,1,12,6,0,0,0,21,0,0,6,0,4,0,0,200,200
382381,0,30,1,0,0,1,12,6,0,0,0,21,0,0,6,0,0,0,0,200,200
382384,0,30,0,0,0,1,14,5,0,0,0,0,0,0,200,200,12,200,0,200,200
382384,0,30,0,0,0,1,14,5,0,0,0,0,0,0,6,200,12,200,0,200,200
382384,1,30,0,0,0,1,14,5,0,0,0,0,0,1,5,200,200,200,200,200,200
382387,0,30,1,2,0,3,14,5,0,0,0,23,200,0,7,200,7,0,0,200,200
382387,0,30,1,2,0,3,14,5,0,0,0,23,200,0,6,200,0,0,0,200,200
382401,0,30,2,2,0,0,0,5,0,0,0,17,200,0,4,200,1,0,0,200,200
382401,0,30,2,2,0,0,0,5,0,0,0,17,200,0,9,200,0,0,0,200,200
382407,0,30,0,0,0,3,10,5,0,0,0,18,16,0,200,200,3,200,0,200,200
382407,0,30,0,0,0,3,10,5,0,0,0,18,16,0,6,0,0,0,0,200,200
382418,0,35,0,0,0,0,7,5,0,0,0,25,200,1,200,200,12,0,0,200,200
382420,0,35,0,0,0,1,7,2,0,0,0,0,0,0,200,200,0,200,200,200,200
382436,0,30,0,0,0,1,14,5,0,0,0,17,0,2,200,200,7,200,200,200,200
382436,0,30,0,0,0,1,14,5,0,0,0,17,0,1,6,200,0,0,0,200,200
382436,1,30,0,0,0,1,14,5,0,0,0,17,0,1,200,200,200,200,200,200,200
382438,0,30,0,0,0,1,12,5,0,0,0,17,16,1,200,200,1,200,0,200,200
382438,0,30,0,0,0,1,12,5,0,0,0,17,16,0,7,0,0,0,0,200,200
382439,0,30,2,2,0,1,8,5,0,0,0,17,200,0,5,7,1,200,200,200,200
382439,4,30,2,2,0,1,8,5,0,0,0,17,200,1,6,200,0,0,0,200,200
382440,0,20,2,2,0,1,10,5,0,0,0,0,0,2,200,200,12,200,200,200,200
382440,0,20,2,2,0,1,10,5,0,0,0,0,0,0,5,0,0,0,0,200,200
382446,0,30,0,0,0,1,7,5,0,0,0,22,22,1,5,200,0,0,0,200,200
382453,0,30,1,2,0,4,10,2,0,0,0,15,200,0,200,200,1,200,200,200,200
382453,0,30,1,2,0,4,10,2,0,0,0,15,200,0,8,0,0,0,0,200,200
382461,0,30,12,12,0,3,12,2,0,0,0,200,200,0,6,200,200,200,5,200,200
382461,0,30,12,12,0,3,12,2,0,0,0,200,200,1,7,200,200,200,0,200,200
382497,0,10,0,0,0,3,10,7,0,0,12,0,0,1,200,200,12,200,200,200,200
382497,0,10,0,0,0,3,10,7,0,0,12,0,0,1,6,200,12,0,0,200,200
382497,1,10,0,0,0,3,10,7,0,0,12,0,0,0,200,200,200,200,200,200,200
382497,1,10,0,0,0,3,10,7,0,0,12,0,0,0,200,200,200,200,200,200,200
382497,1,10,0,0,0,3,10,7,0,0,12,0,0,1,200,200,200,200,200,200,200
382497,1,10,0,0,0,3,10,7,0,0,12,0,0,0,200,200,200,200,200,200,200
382506,0,30,0,0,0,0,7,2,0,0,0,0,200,2,200,200,12,200,200,200,200
382524,0,30,0,200,0,3,5,5,0,0,0,25,14,0,3,200,13,0,200,200,200
382534,4,30,0,0,0,3,8,5,0,0,0,0,0,0,200,200,200,200,200,200,200
382536,0,30,0,0,0,0,7,5,0,0,0,200,200,2,200,200,200,200,200,200,200
382538,0,35,0,0,0,3,14,3,0,0,0,17,23,0,7,7,1,0,0,200,200
382538,0,35,0,0,0,3,14,3,0,0,0,17,23,0,6,0,0,0,0,200,200
382538,1,35,0,0,0,3,14,3,0,0,0,17,23,1,0,0,200,200,200,200,200
382538,1,35,0,0,0,3,14,3,0,0,0,17,23,0,5,0,200,200,200,200,200
382538,1,35,0,0,0,3,14,3,0,0,0,17,23,1,7,0,200,200,200,200,200
382538,1,35,0,0,0,3,14,3,0,0,0,17,23,1,4,0,200,200,200,200,200
382538,1,35,0,0,0,3,14,3,0,0,0,17,23,0,5,0,200,200,200,200,200
382556,0,45,0,0,0,3,12,3,0,0,200,21,0,0,5,0,4,200,200,200,200
382556,0,45,0,0,0,3,12,3,0,0,200,21,0,0,5,0,0,0,0,200,200
382556,1,45,0,0,0,3,12,3,0,0,200,21,0,1,5,0,200,200,200,200,200
382556,1,45,0,0,0,3,12,3,0,0,200,21,0,0,200,5,200,200,200,200,200
382557,0,30,1,2,0,0,0,5,0,0,0,17,200,1,5,200,1,0,0,200,200
382557,0,30,1,2,0,0,0,5,0,0,0,17,200,1,6,200,0,200,0,200,200
382564,0,35,0,0,0,1,7,6,0,0,0,0,0,2,200,200,200,200,200,200,200
382581,0,35,1,200,0,3,14,2,0,0,200,21,0,0,7,200,7,200,0,200,200
382581,0,35,1,200,0,3,14,2,0,0,200,21,0,0,6,200,200,200,0,200,200
382590,0,30,1,2,0,1,10,5,0,0,0,0,0,1,7,200,1,200,0,200,200
382590,0,30,1,2,0,1,10,5,0,0,0,0,0,1,7,0,0,0,0,200,200
382596,0,30,1,2,0,3,12,6,0,0,0,18,200,0,200,200,3,200,200,200,200
382596,0,30,1,2,0,3,12,6,0,0,0,18,200,1,6,200,12,200,200,200,200
382609,0,25,1,2,0,3,10,2,0,0,0,7,7,1,5,0,12,0,0,200,200
382609,0,25,1,2,0,3,10,2,0,0,0,7,7,0,5,0,0,0,0,200,200
382615,0,30,0,0,0,3,7,6,0,0,0,0,200,2,200,200,12,200,200,200,200
382627,0,15,0,0,0,0,2,0,0,0,0,11,11,1,7,200,12,0,0,200,200
382652,0,30,0,0,0,0,7,6,0,0,0,0,200,0,200,200,200,200,200,200,200
382653,0,30,1,2,0,3,0,12,0,0,0,6,0,0,200,200,5,200,200,200,200
382653,0,30,1,2,0,3,0,12,0,0,0,6,0,1,6,200,0,0,0,200,200
382653,1,30,1,2,0,3,0,12,0,0,0,6,0,1,6,200,200,200,200,200,200
382653,1,30,1,2,0,3,0,12,0,0,0,6,0,0,200,200,200,200,200,200,200
382663,0,30,0,0,0,3,3,5,0,0,0,16,5,1,6,200,1,200,0,200,200
382663,0,30,0,0,0,3,3,5,0,0,0,16,5,0,6,200,0,200,0,200,200
382663,1,30,0,0,0,3,3,5,0,0,0,16,5,0,5,200,200,200,200,200,200
382663,1,30,0,0,0,3,3,5,0,0,0,16,5,0,5,200,200,200,200,200,200
382702,0,35,3,2,0,3,2,12,0,0,0,11,0,0,6,200,12,0,0,200,200
382716,0,30,1,2,0,3,12,8,0,0,0,0,23,0,6,200,4,0,0,200,200
382716,0,30,1,2,0,3,12,8,0,0,0,0,23,0,7,200,0,0,0,200,200
382734,0,30,0,2,0,1,7,2,0,0,0,21,0,0,7,0,0,200,0,200,200
382737,0,30,1,2,0,1,10,3,0,0,0,18,16,0,200,200,3,0,200,200,200
382737,0,30,1,2,0,1,10,3,0,0,0,18,16,0,5,0,0,0,0,200,200
382744,0,15,200,200,0,2,10,0,0,0,0,16,200,0,6,200,200,200,200,200,200
382744,0,15,200,200,0,2,10,0,0,0,0,16,200,1,6,200,200,200,0,200,200