RD_NO,PERSON_TYPE,POSTED_SPEED_LIMIT,TRAFFIC_CONTROL_DEVICE,DEVICE_CONDITION,WEATHER_CONDITION,LIGHTING_CONDITION,FIRST_CRASH_TYPE,TRAFFICWAY_TYPE,ALIGNMENT,ROADWAY_SURFACE_COND,ROAD_DEFECT,PRIM_CONTRIBUTORY_CAUSE,SEC_CONTRIBUTORY_CAUSE,SEX,AGE,SAFETY_EQUIPMENT,DRIVER_ACTION,DRIVER_VISION,PHYSICAL_CONDITION,BAC_RESULT VALUE,CELL_PHONE_USE
382746,0,35,0,0,0,2,7,5,0,0,0,0,0,1,5,0,0,0,0,200,200
382747,0,30,2,2,0,1,9,5,0,0,3,200,200,1,6,0,12,0,0,200,200
382747,5,30,2,2,0,1,9,5,0,0,3,200,200,1,6,200,200,200,0,200,200
382748,0,30,1,2,0,1,12,5,0,0,0,0,0,1,200,0,200,0,0,200,200
382748,0,30,1,2,0,1,12,5,0,0,0,0,0,0,200,0,0,0,0,200,200
382750,0,30,0,0,0,1,10,1,0,0,0,18,200,1,5,0,3,0,0,200,200
382750,0,30,0,0,0,1,10,1,0,0,0,18,200,0,6,0,0,0,0,200,200
382753,0,30,1,2,0,1,14,5,0,0,200,0,0,0,5,200,200,200,200,200,200
382753,0,30,1,2,0,1,14,5,0,0,200,0,0,0,4,200,200,200,0,200,200
382756,0,30,0,0,0,2,14,2,0,0,0,23,0,0,200,200,7,200,200,200,200
382756,0,30,0,0,0,2,14,2,0,0,0,23,0,1,6,0,0,0,0,200,200
382764,0,30,1,2,0,1,14,5,0,0,0,6,0,0,6,0,5,0,0,200,200
382764,0,30,1,2,0,1,14,5,0,0,0,6,0,0,7,0,0,0,0,200,200
382765,0,30,3,2,0,1,12,3,5,0,0,21,21,0,5,0,4,0,0,200,200
382765,0,30,3,2,0,1,12,3,5,0,0,21,21,0,5,0,0,0,0,200,200
382766,0,30,1,200,200,200,14,5,0,200,200,0,200,0,5,200,200,200,200,200,200
382766,0,30,1,200,200,200,14,5,0,200,200,0,200,0,6,0,0,200,0,200,200
382766,1,30,1,200,200,200,14,5,0,200,200,0,200,1,7,200,200,200,200,200,200
382766,1,30,1,200,200,200,14,5,0,200,200,0,200,0,2,200,200,200,200,200,200
382766,1,30,1,200,200,200,14,5,0,200,200,0,200,1,2,200,200,200,200,200,200
382766,1,30,1,200,200,200,14,5,0,200,200,0,200,1,2,200,200,200,200,200,200
382771,0,30,1,2,0,1,14,2,0,0,0,23,200,1,7,0,7,0,0,200,200
382771,0,30,1,2,0,1,14,2,0,0,0,23,200,1,7,0,0,0,0,200,200
382777,0,30,10,2,0,1,2,3,0,0,0,3,200,0,6,200,12,200,0,200,200
382787,0,30,10,2,0,1,2,3,0,0,0,3,200,0,7,200,5,200,0,200,200
382790,0,30,1,2,0,1,14,2,0,0,0,22,22,0,5,0,7,0,0,200,200
382790,0,30,1,2,0,1,14,2,0,0,0,22,22,0,7,0,0,0,0,200,200
382791,0,30,2,2,0,1,10,2,0,0,0,20,0,1,6,0,6,12,0,200,200
382791,0,30,2,2,0,1,10,2,0,0,0,20,0,1,7,0,12,0,0,200,200
382794,0,30,0,0,0,1,0,5,0,0,0,22,200,0,200,200,1,200,200,200,200
382794,0,30,0,0,0,1,0,5,0,0,0,22,200,0,7,0,0,0,0,200,200
382794,1,30,0,0,0,1,0,5,0,0,0,22,200,1,200,200,200,200,200,200,200
382796,0,30,0,0,0,1,7,7,0,0,0,0,200,1,200,200,12,200,200,200,200
382802,0,30,10,2,0,1,2,3,0,0,0,3,200,0,7,200,12,200,0,200,200
382806,0,30,0,200,0,1,8,2,0,0,0,0,200,1,200,200,200,200,200,200,200
382806,4,30,0,200,0,1,8,2,0,0,0,0,200,0,7,7,0,0,0,200,200
382810,0,30,1,2,0,1,10,5,0,0,0,16,200,0,5,0,1,0,0,200,200
382810,0,30,1,2,0,1,10,5,0,0,0,16,200,1,7,0,0,0,0,200,200
382810,1,30,1,2,0,1,10,5,0,0,0,16,200,1,2,0,200,200,200,200,200
382810,1,30,1,2,0,1,10,5,0,0,0,16,200,0,0,0,200,200,200,200,200
382812,0,5,2,2,0,1,14,7,2,0,0,200,200,0,8,200,200,200,0,200,200
382812,0,5,2,2,0,1,14,7,2,0,0,200,200,0,8,200,0,0,0,200,200
382812,1,5,2,2,0,1,14,7,2,0,0,200,200,0,7,200,200,200,200,200,200
382818,0,25,0,0,0,1,11,7,0,0,0,11,20,0,6,7,1,0,0,200,200
382818,0,25,0,0,0,1,11,7,0,0,0,11,20,0,7,0,0,0,0,200,200
382823,0,30,0,0,0,1,7,7,0,0,0,0,200,2,200,200,200,200,200,200,200
382825,0,30,0,0,0,1,14,5,0,0,0,17,200,0,7,0,1,0,0,200,200
382825,0,30,0,0,0,1,14,5,0,0,0,17,200,0,6,0,200,0,0,200,200
382826,0,30,0,0,0,1,3,5,0,0,0,20,200,0,200,200,6,200,200,200,200
382826,0,30,0,0,0,1,3,5,0,0,0,20,200,1,6,200,0,0,0,200,200
382827,0,30,3,2,0,1,14,5,0,0,0,33,33,0,5,0,12,1,0,200,200
382827,0,30,3,2,0,1,14,5,0,0,0,33,33,0,6,0,12,1,0,200,200
382827,1,30,3,2,0,1,14,5,0,0,0,33,33,0,6,0,200,200,200,200,200
382830,0,30,4,0,0,1,9,5,0,0,0,17,200,1,6,0,1,0,0,200,200
382830,5,30,4,0,0,1,9,5,0,0,0,17,200,1,6,200,0,200,0,200,200
382834,0,35,3,2,0,1,12,2,0,0,0,21,0,0,9,0,12,0,0,200,200
382834,0,35,3,2,0,1,12,2,0,0,0,21,0,0,7,0,0,0,0,200,200
382835,0,35,0,0,0,1,5,3,0,0,0,0,0,0,8,0,0,0,0,200,200
382837,0,30,0,0,0,1,10,2,0,0,0,16,18,1,8,200,3,0,0,200,200
382837,0,30,0,0,0,1,10,2,0,0,0,16,18,0,8,200,0,0,0,200,200
382837,0,30,0,0,0,1,10,2,0,0,0,16,18,1,8,200,0,0,0,200,200
382837,1,30,0,0,0,1,10,2,0,0,0,16,18,1,5,200,200,200,200,200,200
382842,0,30,0,0,0,3,14,2,0,0,0,17,17,1,200,0,1,0,0,200,200
382842,0,30,0,0,0,3,14,2,0,0,0,17,17,0,5,0,0,0,0,200,200
382843,0,30,1,2,0,1,14,2,0,0,0,0,200,1,200,200,7,200,200,200,200
382843,0,30,1,2,0,1,14,2,0,0,0,0,200,0,6,0,7,0,0,200,200
382847,0,30,0,0,200,200,7,6,0,200,200,0,200,2,200,200,200,200,200,200,200
382851,0,40,0,0,0,4,12,8,0,0,0,17,200,1,5,0,0,0,0,200,200
382851,0,40,0,0,0,4,12,8,0,0,0,17,200,0,5,0,1,0,0,200,200
382855,0,30,0,0,0,1,12,5,0,0,0,21,17,0,7,0,4,200,0,200,200
382855,0,30,0,0,0,1,12,5,0,0,0,21,17,0,6,0,0,0,0,200,200
382855,1,30,0,0,0,1,12,5,0,0,0,21,17,0,6,0,200,200,200,200,200
382857,0,30,0,0,0,1,0,5,0,0,0,20,17,0,6,0,6,0,0,200,200
382857,0,30,0,0,0,1,0,5,0,0,0,20,17,0,6,0,0,12,0,200,200
382860,0,5,0,0,0,1,7,6,0,0,200,11,0,0,7,200,200,200,0,200,200
382869,0,30,0,0,0,1,7,7,0,0,0,200,200,0,4,0,12,0,0,200,200
382870,0,30,1,2,0,1,14,5,0,0,0,0,0,0,6,0,8,0,0,200,200
382870,0,30,1,2,0,1,14,5,0,0,0,0,0,0,4,0,0,0,0,200,200
382870,1,30,1,2,0,1,14,5,0,0,0,0,0,0,5,0,200,200,200,200,200
382873,0,20,0,0,200,3,7,6,0,200,0,0,200,2,200,200,200,200,200,200,200
382874,0,30,0,0,0,1,0,6,0,0,0,33,0,0,5,0,12,5,0,200,200
382874,0,30,0,0,0,1,0,6,0,0,0,33,0,0,4,0,200,5,0,200,200
382874,1,30,0,0,0,1,0,6,0,0,0,33,0,1,4,0,200,200,200,200,200
382876,0,30,0,0,0,1,10,2,0,0,0,0,200,0,6,0,12,0,0,200,200
382876,0,30,0,0,0,1,10,2,0,0,0,0,200,1,6,0,0,0,0,200,200
382876,0,30,0,0,0,1,10,2,0,0,0,0,200,1,7,0,0,0,0,200,200
382876,1,30,0,0,0,1,10,2,0,0,0,0,200,0,3,0,200,200,200,200,200
382876,1,30,0,0,0,1,10,2,0,0,0,0,200,0,0,5,200,200,200,200,200
382884,0,30,0,0,0,1,7,6,0,200,0,18,0,2,200,200,3,200,200,200,200
382888,0,15,0,0,200,3,2,0,0,200,200,20,200,0,6,200,6,200,200,200,200
382893,0,30,1,2,0,1,10,5,0,0,0,18,200,1,200,200,200,200,200,200,200
382893,0,30,1,2,0,1,10,5,0,0,0,18,200,0,5,200,0,0,0,200,200
382893,0,30,1,2,0,1,10,5,0,0,0,18,200,2,200,200,0,200,200,200,200
382893,1,30,1,2,0,1,10,5,0,0,0,18,200,1,0,5,200,200,200,200,200
382899,0,30,0,0,0,1,10,2,0,0,0,18,28,0,7,0,3,0,0,200,200
382899,0,30,0,0,0,1,10,2,0,0,0,18,28,0,7,0,4,0,0,200,200
382901,0,30,0,0,200,200,7,6,0,200,0,0,0,2,200,200,200,200,200,200,200
382903,0,20,0,0,0,1,9,2,0,0,0,0,0,0,9,0,200,200,0,200,200
382903,5,20,0,0,0,1,9,2,0,0,0,0,0,0,4,7,0,12,0,200,200
382906,0,0,0,0,0,1,7,7,0,0,0,20,200,0,7,200,4,200,0,200,200
382906,1,0,0,0,0,1,7,7,0,0,0,20,200,1,200,200,200,200,200,200,200
382908,0,30,1,2,0,1,10,3,0,0,0,18,18,1,6,0,3,0,0,200,200
382908,0,30,1,2,0,1,10,3,0,0,0,18,18,0,6,0,0,0,0,200,200
382910,0,30,0,0,0,1,3,5,0,200,200,0,0,0,200,200,12,200,200,200,200
382910,0,30,0,0,0,1,3,5,0,200,200,0,0,1,200,200,200,200,0,200,200
382911,0,30,1,2,0,1,10,5,0,0,200,0,200,0,200,200,1,200,200,200,200
382911,0,30,1,2,0,1,10,5,0,0,200,0,200,1,6,0,0,0,0,200,200
382911,1,30,1,2,0,1,10,5,0,0,200,0,200,2,200,200,200,200,200,200,200
382916,0,30,1,2,0,1,10,5,0,0,0,18,200,0,8,0,3,0,0,200,200
382916,0,30,1,2,0,1,10,5,0,0,0,18,200,0,4,0,0,0,0,200,200
382916,1,30,1,2,0,1,10,5,0,0,0,18,200,1,200,0,200,200,200,200,200
382917,0,10,0,0,200,200,7,7,0,0,0,0,200,2,200,200,200,200,200,200,200
382925,0,30,1,2,0,1,10,5,0,0,12,28,200,0,6,200,6,200,0,200,200
382925,0,30,1,2,0,1,10,5,0,0,12,28,200,1,6,200,12,0,0,200,200
382927,0,30,2,12,0,1,0,2,0,0,0,17,200,0,7,0,200,1,0,200,200
382927,0,30,2,12,0,1,0,2,0,0,0,17,200,0,6,0,200,0,0,200,200
382928,0,30,0,0,0,1,9,5,0,0,0,200,200,1,6,0,200,200,0,200,200
382928,5,30,0,0,0,1,9,5,0,0,0,200,200,0,8,7,0,12,0,200,200
382929,0,30,2,2,0,1,7,6,0,0,0,33,200,0,7,200,6,12,0,200,200
382929,1,30,2,2,0,1,7,6,0,0,0,33,200,0,6,200,200,200,200,200,200
382932,0,30,0,0,0,0,7,5,0,0,0,0,200,2,200,200,200,200,200,200,200
382940,0,30,0,0,0,1,7,5,0,0,0,18,200,0,200,200,3,200,200,200,200
382941,0,35,1,2,0,1,14,2,0,0,0,23,200,1,5,0,7,0,0,200,200
382941,0,35,1,2,0,1,14,2,0,0,0,23,200,0,6,0,0,0,0,200,200
382945,0,30,0,0,0,1,7,5,0,0,0,0,0,0,200,0,0,200,200,200,200
382946,0,10,0,0,0,1,7,7,0,0,0,0,0,2,200,200,200,200,200,200,200
382951,0,30,0,0,0,1,7,5,0,0,0,17,14,0,6,200,1,200,200,200,200
382953,0,25,0,0,200,4,7,5,0,200,200,200,200,2,200,200,200,200,200,200,200
382954,0,30,1,2,0,1,14,3,0,0,0,7,21,0,5,200,4,200,0,200,200
382954,0,30,1,2,0,1,14,3,0,0,0,7,21,1,6,200,0,0,0,200,200
382954,1,30,1,2,0,1,14,3,0,0,0,7,21,0,200,200,200,200,200,200,200
382956,0,30,2,2,0,1,14,5,0,0,0,200,200,1,7,0,200,0,0,200,200
382956,0,30,2,2,0,1,14,5,0,0,0,200,200,1,5,0,200,0,0,200,200
382973,0,30,2,2,0,1,0,5,0,0,0,17,200,0,200,200,200,200,200,200,200
382973,0,30,2,2,0,1,0,5,0,0,0,17,200,0,6,0,0,0,0,200,200
382973,1,30,2,2,0,1,0,5,0,0,0,17,200,2,200,200,200,200,200,200,200
382975,4,30,1,2,0,1,8,2,0,0,0,17,0,0,7,7,1,0,0,200,200
382975,0,30,1,2,0,1,8,2,0,0,0,17,0,0,6,200,0,0,0,200,200
382976,0,30,1,2,0,1,10,5,0,0,0,20,20,1,4,0,6,0,0,200,200
382976,0,30,1,2,0,1,10,5,0,0,0,20,20,1,6,0,0,0,0,200,200
382979,0,30,0,0,0,200,7,5,0,0,0,0,33,2,200,200,200,200,200,200,200
382983,0,15,10,0,0,1,7,12,0,0,0,0,0,2,200,200,200,200,200,200,200
382984,0,30,2,0,0,1,7,7,0,0,0,23,23,0,4,200,10,0,0,200,0
382985,0,10,0,0,0,1,7,7,0,0,200,0,0,2,200,200,200,200,200,200,200
382986,0,20,0,0,0,1,7,5,0,0,0,0,0,1,9,0,0,0,0,200,200
382995,0,40,0,0,0,1,10,6,0,0,0,22,200,0,200,200,2,200,0,200,200
382995,0,40,0,0,0,1,10,6,0,0,0,22,200,1,4,0,0,0,0,200,200
382999,0,35,1,2,0,1,10,5,0,0,0,18,18,0,200,200,6,200,200,200,200
382999,0,35,1,2,0,1,10,5,0,0,0,18,18,0,9,0,0,0,0,200,200
383000,0,20,0,0,0,1,10,6,1,0,12,18,200,0,200,200,3,200,200,200,200
383000,0,20,0,0,0,1,10,6,1,0,12,18,200,0,6,0,12,0,0,200,200
383004,0,30,0,0,0,1,7,2,0,0,0,17,17,1,200,200,1,200,200,200,200
383012,0,0,0,0,200,200,7,7,0,200,0,0,200,2,200,200,200,200,200,200,200
383013,0,10,0,0,0,1,7,7,2,0,0,18,200,1,4,200,3,0,200,200,200
383020,0,15,0,0,0,3,7,7,0,0,2,20,0,0,200,200,6,200,200,200,200
383020,1,15,0,0,0,3,7,7,0,0,2,20,0,0,200,200,200,200,200,200,200
383021,0,25,0,200,0,1,10,5,0,0,0,18,0,0,7,200,3,200,0,200,200
383021,0,25,0,200,0,1,10,5,0,0,0,18,0,1,7,200,200,200,0,200,200
383023,0,30,0,0,0,1,2,5,0,0,0,200,0,0,6,0,0,0,0,200,200
383028,0,30,2,2,0,1,9,5,0,0,0,17,17,0,7,0,1,1,0,200,200
383028,5,30,2,2,0,1,9,5,0,0,0,17,17,1,8,7,12,1,0,200,200
383036,0,30,1,2,0,1,0,5,0,0,0,3,9,1,4,0,5,0,0,200,200
383036,0,30,1,2,0,1,0,5,0,0,0,3,9,1,5,0,0,0,0,200,200
383047,0,20,0,0,0,4,2,0,0,0,0,0,200,2,200,200,6,200,200,200,200
383054,0,15,0,0,0,1,7,7,0,0,0,0,0,0,200,200,12,0,0,200,200
383056,0,30,1,2,0,1,14,2,0,0,0,0,0,0,7,0,200,0,0,200,200
383056,0,30,1,2,0,1,14,2,0,0,0,0,0,1,5,0,200,0,0,200,200
383056,1,30,1,2,0,1,14,2,0,0,0,0,0,1,7,0,200,200,200,200,200
383056,1,30,1,2,0,1,14,2,0,0,0,0,0,0,7,0,200,200,200,200,200
383056,1,30,1,2,0,1,14,2,0,0,0,0,0,1,0,5,200,200,200,200,200
383058,0,30,0,0,0,1,10,5,0,0,0,18,200,0,5,0,3,0,0,200,200
383058,0,30,0,0,0,1,10,5,0,0,0,18,200,0,6,0,0,0,0,200,200
383059,0,30,0,0,0,1,2,5,0,0,0,17,16,1,6,0,1,0,0,200,200
383059,0,30,0,0,0,1,2,5,0,0,0,17,16,1,7,0,0,0,0,200,200
383070,0,30,0,0,0,200,7,6,0,0,200,0,0,2,200,200,200,200,200,200,200
383082,0,30,12,12,0,1,2,12,0,0,0,200,200,0,200,200,12,200,12,200,200
383082,1,30,12,12,0,1,2,12,0,0,0,200,200,1,200,200,200,200,200,200,200
383085,0,15,0,0,0,1,7,7,0,0,0,0,0,1,200,200,200,200,200,200,200
383085,1,15,0,0,0,1,7,7,0,0,0,0,0,1,200,0,200,200,200,200,200
383086,0,30,0,0,0,1,12,5,0,0,0,22,11,1,200,200,4,200,200,200,200
383086,0,30,0,0,0,1,12,5,0,0,0,22,11,1,5,0,0,0,0,200,200
383091,0,15,0,0,0,1,7,5,0,0,0,0,0,0,6,0,12,200,0,200,200
383093,0,0,1,2,0,1,12,5,0,0,0,21,22,0,200,2,2,200,200,200,200
383093,0,0,1,2,0,1,12,5,0,0,0,21,22,0,7,0,0,0,0,200,200
383094,0,30,0,0,0,1,12,2,0,0,0,21,200,0,7,0,12,0,0,200,200
383094,0,30,0,0,0,1,12,2,0,0,0,21,200,1,8,0,0,0,0,200,200
383095,0,0,0,0,0,1,0,7,0,0,0,0,200,1,200,200,200,200,200,200,200
383095,0,0,0,0,0,1,0,7,0,0,0,0,200,1,8,0,200,200,0,200,200
383096,0,30,0,0,0,1,7,3,0,0,0,0,200,1,6,200,12,200,0,200,200
383096,1,30,0,0,0,1,7,3,0,0,0,0,200,1,5,200,200,200,200,200,200
383101,0,35,1,2,0,200,12,5,1,0,200,18,0,1,200,200,1,200,200,200,200
383101,0,35,1,2,0,200,12,5,1,0,200,18,0,1,5,0,0,200,200,200,200
383102,0,30,1,2,0,1,12,2,0,0,200,0,0,0,7,200,200,200,200,200,200
383102,0,30,1,2,0,1,12,2,0,0,200,0,0,1,6,0,0,0,0,200,200
383105,0,30,0,0,0,1,10,5,0,0,0,20,200,0,5,0,6,12,0,200,200
383105,0,30,0,0,0,1,10,5,0,0,0,20,200,0,8,0,0,0,0,200,200
383105,1,30,0,0,0,1,10,5,0,0,0,20,200,1,8,0,200,200,200,200,200
383106,0,30,1,2,0,1,10,2,0,0,0,18,200,1,7,0,3,6,0,200,200
383106,0,30,1,2,0,1,10,2,0,0,0,18,200,1,7,0,0,0,0,200,200
383107,0,5,0,0,0,1,7,7,0,0,0,0,200,2,200,200,200,200,200,200,200
383111,0,30,1,2,0,1,14,5,0,0,0,20,200,0,5,200,6,0,0,200,200
383111,0,30,1,2,0,1,14,5,0,0,0,20,200,0,7,0,0,0,0,200,200
383112,0,30,1,2,0,1,12,6,0,0,0,22,22,1,6,7,0,0,0,200,200
383112,0,30,1,2,0,1,12,6,0,0,0,22,22,1,6,0,12,0,0,200,200
383115,0,30,0,0,200,0,4,5,0,200,12,29,28,1,6,0,12,0,0,200,200
383118,0,30,0,0,0,1,7,2,0,0,0,11,200,2,200,200,12,200,200,200,200
383119,0,30,1,2,0,1,14,5,0,0,0,16,33,1,4,0,1,0,0,200,200
383119,0,30,1,2,0,1,14,5,0,0,0,16,33,0,6,0,0,0,0,200,200
383141,0,30,1,2,0,4,10,2,0,0,0,18,0,1,3,200,3,200,200,200,200
383141,0,30,1,2,0,4,10,2,0,0,0,18,0,1,7,0,0,0,0,200,200
383141,1,30,1,2,0,4,10,2,0,0,0,18,0,1,200,200,200,200,200,200,200
383141,1,30,1,2,0,4,10,2,0,0,0,18,0,1,200,200,200,200,200,200,200
383143,0,30,0,0,0,1,0,5,1,0,0,17,0,0,200,200,1,200,200,200,200
383143,0,30,0,0,0,1,0,5,1,0,0,17,0,0,6,0,0,0,0,200,200
383143,1,30,0,0,0,1,0,5,1,0,0,17,0,0,8,0,200,200,200,200,200
383146,0,30,0,0,0,1,7,5,0,0,0,0,200,2,200,200,1,200,200,200,200
383148,0,20,0,0,0,1,7,5,0,0,0,0,0,1,7,0,8,0,0,200,200
383154,0,30,1,2,0,1,7,5,0,0,0,0,200,0,7,0,10,0,0,200,200
383154,1,30,1,2,0,1,7,5,0,0,0,0,200,1,8,0,200,200,200,200,200
383154,1,30,1,2,0,1,7,5,0,0,0,0,200,1,7,0,200,200,200,200,200
383156,0,0,0,0,0,1,7,7,0,0,0,27,0,0,6,200,12,0,8,200,200
383158,0,20,2,0,0,1,0,5,0,0,0,5,200,0,3,200,12,0,0,200,200
383158,0,20,2,0,0,1,0,5,0,0,0,5,200,1,5,200,0,0,0,200,200
383160,0,35,1,2,1,1,14,5,0,0,0,0,200,1,9,0,200,200,0,200,200
383160,0,35,1,2,1,1,14,5,0,0,0,0,200,1,6,0,0,200,0,200,200
383167,0,30,0,0,0,1,12,6,0,0,0,22,200,0,6,0,2,0,0,200,200
383167,0,30,0,0,0,1,12,6,0,0,0,22,200,0,6,0,0,0,0,200,200
383167,1,30,0,0,0,1,12,6,0,0,0,22,200,1,5,0,200,200,200,200,200
383168,0,35,200,200,200,200,9,200,0,200,200,200,200,0,200,200,200,200,200,200,200
383168,5,35,200,200,200,200,9,200,0,200,200,200,200,0,4,200,0,200,0,200,200
383169,0,30,0,0,0,1,12,5,0,0,0,0,200,0,200,200,4,200,0,200,200
383169,0,30,0,0,0,1,12,5,0,0,0,0,200,1,200,200,200,200,0,200,200
383171,0,35,1,2,0,0,10,5,0,0,0,7,0,1,6,200,12,0,0,200,200
383171,0,35,1,2,0,0,10,5,0,0,0,7,0,1,6,0,0,0,0,200,200
383171,1,35,1,2,0,0,10,5,0,0,0,7,0,1,6,0,200,200,200,200,200
383171,1,35,1,2,0,0,10,5,0,0,0,7,0,200,200,200,200,200,200,200,200
383181,0,30,10,200,0,1,7,12,0,0,200,0,0,2,200,200,12,200,200,200,200
383186,0,20,2,2,0,1,14,5,0,0,0,20,0,0,200,200,6,200,200,200,200
383186,0,20,2,2,0,1,14,5,0,0,0,20,0,0,5,0,0,0,0,200,200
383191,0,30,0,0,0,1,10,5,0,0,0,18,18,1,8,0,1,0,0,200,200
383191,0,30,0,0,0,1,10,5,0,0,0,18,18,0,9,0,0,0,0,200,200
383191,1,30,0,0,0,1,10,5,0,0,0,18,18,1,8,0,200,200,200,200,200
383196,0,30,2,2,0,1,10,5,0,0,0,18,18,0,200,200,3,200,200,200,200
383196,0,30,2,2,0,1,10,5,0,0,0,18,18,0,7,0,3,0,0,200,200
383200,0,30,1,2,0,1,14,5,0,0,200,0,0,0,6,200,200,200,200,200,200
383200,0,30,1,2,0,1,14,5,0,0,200,0,0,0,200,200,200,200,200,200,200
383207,0,30,1,2,0,1,8,5,0,0,0,17,200,0,200,200,12,200,200,200,200
383207,4,30,1,2,0,1,8,5,0,0,0,17,200,0,5,2,0,0,0,200,200
383212,0,30,0,0,0,1,10,3,0,0,0,20,10,0,5,200,12,0,200,200,200
383212,0,30,0,0,0,1,10,3,0,0,0,20,10,0,6,0,0,0,0,200,200
383212,0,30,0,0,0,1,10,3,0,0,0,20,10,0,6,0,0,0,0,200,200
383212,0,30,0,0,0,1,10,3,0,0,0,20,10,1,6,0,0,0,0,200,200
383212,0,30,0,0,0,1,10,3,0,0,0,20,10,0,6,0,0,0,0,200,200
383212,1,30,0,0,0,1,10,3,0,0,0,20,10,0,6,0,200,200,200,200,200
383214,0,25,0,0,0,1,0,6,0,0,0,17,200,0,6,0,1,0,0,200,200
383214,0,25,0,0,0,1,0,6,0,0,0,17,200,0,5,0,1,0,0,200,200
383222,0,35,1,2,1,1,7,12,0,0,200,200,200,2,200,200,200,200,200,200,200
383223,0,30,1,2,0,1,12,6,0,0,0,0,0,0,8,0,1,0,0,200,200
383223,0,30,1,2,0,1,12,6,0,0,0,0,0,0,6,0,0,0,0,200,200
383223,1,30,1,2,0,1,12,6,0,0,0,0,0,1,6,0,200,200,200,200,200
383229,0,30,0,0,200,200,10,5,0,200,200,0,0,0,200,200,200,200,200,200,200
383229,0,30,0,0,200,200,10,5,0,200,200,0,0,0,7,200,0,200,200,200,200
383229,1,30,0,0,200,200,10,5,0,200,200,0,0,1,6,200,200,200,200,200,200
383231,0,30,0,0,0,1,7,5,0,0,0,200,200,2,200,200,0,200,200,200,200
383238,0,30,0,0,0,1,2,5,0,0,0,3,7,0,7,200,12,200,0,200,200
383240,0,30,0,0,0,1,3,5,0,0,0,20,0,0,200,200,6,200,0,200,200
383240,0,30,0,0,0,1,3,5,0,0,0,20,0,1,5,0,0,0,0,200,200
383240,1,30,0,0,0,1,3,5,0,0,0,20,0,1,200,200,200,200,200,200,200
383240,1,30,0,0,0,1,3,5,0,0,0,20,0,0,200,200,200,200,200,200,200
383250,0,35,0,0,1,1,10,2,0,200,200,18,18,0,200,200,3,200,200,200,200
383250,0,35,0,0,1,1,10,2,0,200,200,18,18,0,6,200,0,200,0,200,200
383254,0,30,0,0,0,1,7,6,0,0,0,20,200,1,6,200,6,200,0,200,200
383259,0,30,0,0,0,1,3,2,0,0,0,20,200,0,3,0,6,0,0,200,200
383259,0,30,0,0,0,1,3,2,0,0,0,20,200,0,7,0,0,0,0,200,200
383262,0,35,1,2,200,1,12,5,0,200,200,17,0,0,200,200,1,200,200,200,200
383262,0,35,1,2,200,1,12,5,0,200,200,17,0,1,6,200,0,200,0,200,200
383265,0,35,2,2,2,2,14,5,0,1,0,14,200,0,5,7,0,0,7,200,200
383265,0,35,2,2,2,2,14,5,0,1,0,14,200,0,7,200,1,0,0,200,200
383267,0,20,0,0,0,1,7,2,0,0,0,0,0,2,200,200,6,200,200,200,200
383274,0,30,1,2,2,1,12,5,0,1,0,22,34,1,5,0,2,12,0,200,200
383274,0,30,1,2,2,1,12,5,0,1,0,22,34,1,6,0,1,0,0,200,200
383280,0,30,1,2,2,1,0,2,0,1,0,17,21,1,5,200,1,0,0,200,200
383280,0,30,1,2,2,1,0,2,0,1,0,17,21,0,200,200,0,0,0,200,200
383280,1,30,1,2,2,1,0,2,0,1,0,17,21,0,200,200,200,200,200,200,200
383280,1,30,1,2,2,1,0,2,0,1,0,17,21,0,200,200,200,200,200,200,200
383280,1,30,1,2,2,1,0,2,0,1,0,17,21,0,200,200,200,200,200,200,200
383286,0,30,1,200,200,200,14,5,0,200,200,0,0,0,6,0,7,200,0,200,200
383286,0,30,1,200,200,200,14,5,0,200,200,0,0,0,5,0,0,200,0,200,200
383290,0,30,1,2,2,1,10,5,0,1,0,34,200,1,200,0,1,0,0,200,200
383290,0,30,1,2,2,1,10,5,0,1,0,34,200,1,200,0,0,0,0,200,200
383291,0,30,0,0,0,1,14,5,0,0,0,17,22,1,5,0,7,0,0,200,200
383291,0,30,0,0,0,1,14,5,0,0,0,17,22,0,8,0,0,0,0,200,200
383293,0,30,0,0,0,1,10,5,0,0,200,0,200,0,6,0,0,0,0,200,200
383293,0,30,0,0,0,1,10,5,0,0,200,0,200,1,200,200,200,200,200,200,200
383297,0,30,0,0,0,1,10,5,0,0,0,0,200,1,200,0,0,200,0,200,200
383297,0,30,0,0,0,1,10,5,0,0,0,0,200,0,200,0,200,200,0,200,200
383297,0,30,0,0,0,1,10,5,0,0,0,0,200,1,200,0,0,200,0,200,200
383298,0,30,0,0,0,1,10,5,0,0,0,200,200,2,200,200,200,200,200,200,200
383298,0,30,0,0,0,1,10,5,0,0,0,200,200,0,9,7,0,0,0,200,200
383303,0,30,0,0,0,1,0,5,0,0,0,0,0,2,200,200,4,200,200,200,200
383303,0,30,0,0,0,1,0,5,0,0,0,0,0,0,7,0,0,0,0,200,200
383306,0,30,1,2,0,1,12,5,0,0,0,22,0,0,5,200,2,0,0,200,200
383306,0,30,1,2,0,1,12,5,0,0,0,22,0,0,8,0,0,0,0,200,200