RD_NO,PERSON_TYPE,POSTED_SPEED_LIMIT,TRAFFIC_CONTROL_DEVICE,DEVICE_CONDITION,WEATHER_CONDITION,LIGHTING_CONDITION,FIRST_CRASH_TYPE,TRAFFICWAY_TYPE,ALIGNMENT,ROADWAY_SURFACE_COND,ROAD_DEFECT,PRIM_CONTRIBUTORY_CAUSE,SEC_CONTRIBUTORY_CAUSE,SEX,AGE,SAFETY_EQUIPMENT,DRIVER_ACTION,DRIVER_VISION,PHYSICAL_CONDITION,BAC_RESULT VALUE,CELL_PHONE_USE
383308,0,30,0,0,2,1,0,5,0,1,0,17,17,0,7,0,0,0,0,200,200
383308,0,30,0,0,2,1,0,5,0,1,0,17,17,1,5,0,1,0,0,200,200
383308,1,30,0,0,2,1,0,5,0,1,0,17,17,1,200,0,200,200,200,200,200
383314,0,30,0,0,200,1,7,5,0,200,200,0,200,2,200,200,200,200,12,200,200
383315,0,30,1,2,2,1,10,5,0,0,0,18,200,1,6,0,3,0,0,200,200
383315,0,30,1,2,2,1,10,5,0,0,0,18,200,0,6,0,0,0,0,200,200
383315,1,30,1,2,2,1,10,5,0,0,0,18,200,0,3,0,200,200,200,200,200
383318,0,30,0,0,2,1,14,2,0,1,0,17,200,0,7,200,1,0,0,200,200
383318,0,30,0,0,2,1,14,2,0,1,0,17,200,0,5,200,0,0,0,200,200
383319,0,30,2,2,2,1,14,5,0,1,0,34,200,0,5,0,7,0,0,200,200
383319,0,30,2,2,2,1,14,5,0,1,0,34,200,0,6,0,0,0,0,200,200
383319,1,30,2,2,2,1,14,5,0,1,0,34,200,0,200,5,200,200,200,200,200
383320,0,30,1,2,2,1,3,5,0,1,0,17,0,1,5,200,1,200,7,200,200
383320,0,30,1,2,2,1,3,5,0,1,0,17,0,0,6,0,0,200,0,200,200
383320,1,30,1,2,2,1,3,5,0,1,0,17,0,0,7,0,200,200,200,200,200
383322,0,30,1,200,0,1,10,5,0,0,200,18,200,0,200,200,4,200,200,200,200
383322,0,30,1,200,0,1,10,5,0,0,200,18,200,0,6,0,0,0,0,200,200
383324,0,20,0,0,0,1,2,12,0,0,3,0,0,0,200,200,3,200,200,200,200
383327,0,30,0,0,0,1,10,6,0,0,0,18,0,1,5,200,8,0,0,200,200
383327,0,30,0,0,0,1,10,6,0,0,0,18,0,0,6,200,200,0,0,200,200
383327,0,30,0,0,0,1,10,6,0,0,0,18,0,0,6,200,200,0,0,200,200
383327,1,30,0,0,0,1,10,6,0,0,0,18,0,0,200,200,200,200,200,200,200
383327,1,30,0,0,0,1,10,6,0,0,0,18,0,1,5,200,200,200,200,200,200
383333,0,40,0,0,0,1,12,8,0,0,0,21,0,1,6,0,4,0,0,200,200
383333,0,40,0,0,0,1,12,8,0,0,0,21,0,0,8,0,0,0,0,200,200
383333,1,40,0,0,0,1,12,8,0,0,0,21,0,1,8,0,200,200,200,200,200
383333,1,40,0,0,0,1,12,8,0,0,0,21,0,0,7,0,200,200,200,200,200
383334,0,30,1,2,2,1,14,3,0,1,0,22,200,0,7,1,7,0,0,200,200
383334,0,30,1,2,2,1,14,3,0,1,0,22,200,0,6,0,0,0,0,200,200
383335,0,30,3,2,2,1,14,5,0,1,0,33,0,0,7,0,7,12,0,200,200
383335,0,30,3,2,2,1,14,5,0,1,0,33,0,0,9,0,0,0,0,200,200
383342,0,30,200,200,200,200,10,5,0,200,200,0,0,0,5,200,200,200,200,200,200
383342,0,30,200,200,200,200,10,5,0,200,200,0,0,1,6,0,0,200,0,200,200
383342,1,30,200,200,200,200,10,5,0,200,200,0,0,1,6,0,200,200,200,200,200
383345,0,30,2,2,0,1,10,5,0,0,0,18,11,0,6,200,3,0,0,200,200
383345,0,30,2,2,0,1,10,5,0,0,0,18,11,1,5,200,12,0,0,200,200
383351,0,30,0,0,1,1,0,6,0,1,200,17,200,1,200,200,1,200,200,200,200
383351,0,30,0,0,1,1,0,6,0,1,200,17,200,1,4,200,0,200,0,200,200
383353,0,35,0,0,0,1,0,5,0,0,0,0,0,2,200,200,0,200,200,200,200
383353,0,35,0,0,0,1,0,5,0,0,0,0,0,0,6,0,0,0,0,200,200
383354,0,30,1,2,2,1,14,2,0,1,0,17,17,0,7,0,1,200,0,200,200
383354,0,30,1,2,2,1,14,2,0,1,0,17,17,0,6,0,0,0,0,200,200
383354,1,30,1,2,2,1,14,2,0,1,0,17,17,1,6,0,200,200,200,200,200
383356,0,30,0,2,1,1,9,6,0,0,0,0,0,0,200,200,1,200,200,200,200
383356,5,30,0,2,1,1,9,6,0,0,0,0,0,0,7,7,0,0,0,200,200
383361,0,30,1,2,2,1,12,6,0,1,0,22,0,0,7,200,4,200,200,200,200
383361,0,30,1,2,2,1,12,6,0,1,0,22,0,0,7,200,12,200,0,200,200
383364,0,30,0,0,0,1,10,6,0,0,200,20,200,1,6,200,6,200,0,200,200
383364,0,30,0,0,0,1,10,6,0,0,200,20,200,0,8,200,3,200,200,200,200
383365,0,30,1,0,2,1,14,5,0,1,0,17,200,0,7,0,200,0,0,200,200
383365,0,30,1,0,2,1,14,5,0,1,0,17,200,0,9,0,200,0,0,200,200
383365,0,30,1,0,2,1,14,5,0,1,0,17,200,1,5,0,0,0,0,200,200
383366,0,30,0,0,2,1,0,6,0,1,0,0,0,1,200,0,1,0,0,200,200
383366,0,30,0,0,2,1,0,6,0,1,0,0,0,0,200,0,0,0,0,200,200
383366,1,30,0,0,2,1,0,6,0,1,0,0,0,0,200,0,200,200,200,200,200
383374,0,30,0,0,0,1,7,5,0,0,0,0,200,1,5,0,12,0,0,200,200
383374,1,30,0,0,0,1,7,5,0,0,0,0,200,2,200,0,200,200,200,200,200
383376,0,35,1,2,2,0,10,3,0,1,200,15,34,0,6,200,8,0,0,200,200
383376,0,35,1,2,2,0,10,3,0,1,200,15,34,1,6,200,0,0,0,200,200
383387,0,30,2,2,2,1,0,5,0,1,0,17,17,1,5,200,1,0,0,200,200
383387,0,30,2,2,2,1,0,5,0,1,0,17,17,0,9,200,0,0,0,200,200
383388,0,30,0,0,0,3,2,5,0,0,0,4,4,1,6,0,0,0,0,200,200
383393,0,30,0,0,2,1,2,5,0,1,0,0,0,0,200,200,200,200,200,200,200
383395,0,25,0,0,2,1,10,2,0,1,0,7,18,1,5,0,3,0,0,200,200
383395,0,25,0,0,2,1,10,2,0,1,0,7,18,0,7,0,0,0,0,200,200
383398,0,35,0,0,0,1,10,2,0,0,0,0,0,0,200,200,200,200,200,200,200
383398,0,35,0,0,0,1,10,2,0,0,0,0,0,1,6,0,0,0,0,200,200
383401,0,35,0,0,2,1,12,3,1,1,0,16,17,0,5,0,1,0,0,200,200
383401,0,35,0,0,2,1,12,3,1,1,0,16,17,1,6,0,1,0,0,200,200
383403,0,30,0,0,2,1,10,5,0,1,200,34,0,1,6,200,1,4,0,200,200
383403,0,30,0,0,2,1,10,5,0,1,200,34,0,0,6,200,0,200,0,200,200
383403,1,30,0,0,2,1,10,5,0,1,200,34,0,1,6,200,200,200,200,200,200
383403,1,30,0,0,2,1,10,5,0,1,200,34,0,1,2,200,200,200,200,200,200
383403,1,30,0,0,2,1,10,5,0,1,200,34,0,0,1,200,200,200,200,200,200
383403,1,30,0,0,2,1,10,5,0,1,200,34,0,0,0,5,200,200,200,200,200
383403,1,30,0,0,2,1,10,5,0,1,200,34,0,1,0,5,200,200,200,200,200
383404,0,30,1,2,0,1,14,5,0,0,0,23,17,0,200,200,7,200,200,200,200
383404,0,30,1,2,0,1,14,5,0,0,0,23,17,1,6,200,0,0,0,200,200
383405,0,30,2,2,2,1,0,2,0,1,0,5,200,0,8,0,5,0,0,200,200
383405,0,30,2,2,2,1,0,2,0,1,0,5,200,1,6,0,0,0,0,200,200
383406,0,30,1,2,2,1,14,5,0,1,0,23,200,0,4,0,7,0,0,200,200
383406,0,30,1,2,2,1,14,5,0,1,0,23,200,0,6,0,0,0,0,200,200
383410,0,35,2,2,2,1,10,5,0,1,0,16,34,1,7,0,3,0,0,200,200
383410,0,35,2,2,2,1,10,5,0,1,0,16,34,1,4,0,0,0,0,200,200
383410,1,35,2,2,2,1,10,5,0,1,0,16,34,1,3,0,200,200,200,200,200
383410,1,35,2,2,2,1,10,5,0,1,0,16,34,1,3,0,200,200,200,200,200
383412,0,30,0,0,0,1,7,6,0,0,0,16,7,0,4,200,1,200,0,200,200
383414,0,30,1,2,2,1,9,5,0,1,0,0,34,2,200,200,200,200,200,200,200
383414,5,30,1,2,2,1,9,5,0,1,0,0,34,1,6,200,200,200,200,200,200
383415,0,30,0,0,2,1,7,7,0,1,0,0,200,2,200,200,200,200,200,200,200
383419,0,30,0,0,200,1,7,2,0,200,0,0,200,2,200,200,200,200,200,200,200
383421,0,30,1,2,2,1,9,5,0,1,0,17,34,0,5,0,1,4,0,200,200
383421,5,30,1,2,2,1,9,5,0,1,0,17,34,1,8,7,0,0,0,200,200
383421,1,30,1,2,2,1,9,5,0,1,0,17,34,0,200,200,200,200,200,200,200
383421,1,30,1,2,2,1,9,5,0,1,0,17,34,0,200,200,200,200,200,200,200
383421,1,30,1,2,2,1,9,5,0,1,0,17,34,1,200,200,200,200,200,200,200
383423,0,30,0,0,2,1,12,2,0,1,0,34,17,1,6,0,4,0,0,200,200
383423,0,30,0,0,2,1,12,2,0,1,0,34,17,0,6,0,0,0,0,200,200
383427,0,30,1,2,0,1,12,5,0,0,0,0,0,1,200,200,4,200,200,200,200
383427,0,30,1,2,0,1,12,5,0,0,0,0,0,1,6,0,0,0,0,200,200
383427,1,30,1,2,0,1,12,5,0,0,0,0,0,1,200,0,200,200,200,200,200
383427,1,30,1,2,0,1,12,5,0,0,0,0,0,0,3,5,200,200,200,200,200
383427,1,30,1,2,0,1,12,5,0,0,0,0,0,1,0,5,200,200,200,200,200
383427,1,30,1,2,0,1,12,5,0,0,0,0,0,1,2,0,200,200,200,200,200
383427,1,30,1,2,0,1,12,5,0,0,0,0,0,0,2,0,200,200,200,200,200
383428,0,30,0,0,2,1,11,5,0,1,0,0,200,2,200,200,200,200,200,200,200
383428,0,30,0,0,2,1,11,5,0,1,0,0,200,0,8,0,200,0,0,200,200
383428,1,30,0,0,2,1,11,5,0,1,0,0,200,1,200,0,200,200,200,200,200
383432,0,30,1,2,0,1,14,6,0,0,0,22,0,1,6,200,7,200,200,200,200
383432,0,30,1,2,0,1,14,6,0,0,0,22,0,1,7,200,12,200,0,200,200
383440,0,35,0,0,2,1,12,5,0,1,0,0,200,2,200,200,200,200,200,200,200
383440,0,35,0,0,2,1,12,5,0,1,0,0,200,0,200,0,200,0,0,200,200
383446,0,10,0,0,2,1,7,7,0,1,0,0,200,0,200,200,12,200,200,200,200
383453,0,30,1,2,2,1,10,3,0,1,0,18,34,0,5,0,3,200,0,200,200
383453,0,30,1,2,2,1,10,3,0,1,0,18,34,0,8,0,12,200,0,200,200
383458,0,30,0,0,2,1,12,2,0,1,0,0,0,0,6,0,12,0,0,200,200
383458,0,30,0,0,2,1,12,2,0,1,0,0,0,0,7,0,12,0,0,200,200
383459,0,30,0,0,0,1,7,6,0,0,0,20,11,0,5,200,6,200,200,200,200
383460,0,30,0,0,2,1,10,3,0,1,0,18,34,1,9,0,200,0,0,200,200
383460,0,30,0,0,2,1,10,3,0,1,0,18,34,0,200,200,0,200,200,200,200
383462,0,15,0,0,0,1,7,7,0,0,0,16,16,0,4,200,1,200,200,200,200
383463,0,30,1,2,2,1,10,5,0,1,0,15,18,1,6,200,8,0,0,200,200
383463,0,30,1,2,2,1,10,5,0,1,0,15,18,0,200,200,0,0,0,200,200
383463,0,30,1,2,2,1,10,5,0,1,0,15,18,1,6,200,0,0,0,200,200
383470,0,30,0,0,0,1,4,5,0,0,12,29,200,0,5,0,0,0,0,200,200
383474,0,20,0,0,2,1,7,6,0,1,200,0,200,1,200,200,200,200,200,200,200
383476,0,30,0,0,2,1,0,2,0,1,0,17,0,1,200,200,1,200,200,200,200
383476,0,30,0,0,2,1,0,2,0,1,0,17,0,0,7,0,0,12,0,200,200
383482,0,35,0,2,2,4,12,3,0,1,0,22,200,0,7,0,2,0,0,200,200
383482,0,35,0,2,2,4,12,3,0,1,0,22,200,0,7,0,0,0,0,200,200
383482,1,35,0,2,2,4,12,3,0,1,0,22,200,1,6,0,200,200,200,200,200
383486,0,30,0,0,0,1,10,5,0,0,200,21,0,1,7,0,4,200,0,200,200
383486,0,30,0,0,0,1,10,5,0,0,200,21,0,0,6,0,0,200,0,200,200
383487,0,30,0,0,0,1,10,2,0,0,0,18,200,0,200,200,1,200,200,200,200
383487,0,30,0,0,0,1,10,2,0,0,0,18,200,1,5,0,0,0,0,200,200
383489,0,30,1,2,2,1,10,5,0,1,0,18,0,0,8,200,3,200,200,200,200
383489,0,30,1,2,2,1,10,5,0,1,0,18,0,0,6,200,0,0,0,200,200
383489,1,30,1,2,2,1,10,5,0,1,0,18,0,1,6,200,200,200,200,200,200
383489,1,30,1,2,2,1,10,5,0,1,0,18,0,0,6,200,200,200,200,200,200
383492,0,30,0,0,2,1,0,5,0,1,200,200,200,1,5,200,200,200,0,200,200
383492,0,30,0,0,2,1,0,5,0,1,200,200,200,0,6,200,0,200,0,200,200
383492,0,30,0,0,2,1,0,5,0,1,200,200,200,1,6,200,0,0,0,200,200
383494,4,30,0,0,2,1,8,7,0,1,0,34,200,0,5,200,200,0,0,200,200
383494,0,30,0,0,2,1,8,7,0,1,0,34,200,1,7,200,12,0,0,200,200
383497,0,35,2,2,2,1,10,5,0,1,0,18,16,0,8,0,3,0,0,200,200
383497,0,35,2,2,2,1,10,5,0,1,0,18,16,1,6,0,0,0,0,200,200
383498,0,30,0,0,2,1,10,2,0,1,0,18,18,1,7,0,3,0,0,200,200
383498,0,30,0,0,2,1,10,2,0,1,0,18,18,1,6,0,12,0,0,200,200
383498,1,30,0,0,2,1,10,2,0,1,0,18,18,1,5,0,200,200,200,200,200
383498,1,30,0,0,2,1,10,2,0,1,0,18,18,1,1,0,200,200,200,200,200
383498,1,30,0,0,2,1,10,2,0,1,0,18,18,0,1,0,200,200,200,200,200
383504,0,30,1,2,0,1,10,2,0,0,0,16,200,0,6,0,3,0,0,200,200
383504,0,30,1,2,0,1,10,2,0,0,0,16,200,0,7,0,0,0,0,200,200
383505,0,20,0,0,2,1,0,12,0,1,0,17,200,0,7,200,0,0,0,200,200
383505,0,20,0,0,2,1,0,12,0,1,0,17,200,2,200,200,1,200,200,200,200
383506,0,30,0,0,2,1,2,7,0,1,0,0,0,1,9,200,200,200,200,200,200
383508,4,30,2,2,2,1,8,5,0,1,0,5,21,0,5,3,5,0,0,200,200
383510,0,30,1,2,2,1,0,6,0,1,0,0,0,1,200,0,6,0,0,200,200
383510,0,30,1,2,2,1,0,6,0,1,0,0,0,0,200,0,0,0,0,200,200
383510,1,30,1,2,2,1,0,6,0,1,0,0,0,0,200,0,200,200,200,200,200
383512,0,30,0,0,2,1,10,5,0,1,200,0,0,0,4,0,200,200,0,200,200
383512,0,30,0,0,2,1,10,5,0,1,200,0,0,1,6,0,0,0,0,200,200
383512,0,30,0,0,2,1,10,5,0,1,200,0,0,0,6,0,0,0,0,200,200
383514,0,0,1,2,2,1,9,2,0,1,0,0,34,0,200,200,200,200,200,200,200
383514,5,0,1,2,2,1,9,2,0,1,0,0,34,1,6,7,12,12,0,200,200
383522,0,20,0,0,2,1,7,6,0,1,0,0,0,1,5,200,0,200,200,200,200
383530,0,25,0,0,0,3,2,5,0,0,1,200,0,1,8,0,0,0,0,200,200
383534,0,30,1,2,1,1,10,2,0,1,0,6,25,1,200,200,5,200,200,200,200
383534,0,30,1,2,1,1,10,2,0,1,0,6,25,0,200,200,0,200,200,200,200
383534,0,30,1,2,1,1,10,2,0,1,0,6,25,0,6,200,0,0,0,200,200
383534,1,30,1,2,1,1,10,2,0,1,0,6,25,1,5,200,200,200,200,200,200
383534,1,30,1,2,1,1,10,2,0,1,0,6,25,0,200,200,200,200,200,200,200
383536,0,15,0,0,0,1,7,7,0,1,0,20,200,0,200,200,6,200,200,200,200
383537,0,30,0,0,2,1,10,5,5,1,0,34,16,0,6,0,1,0,0,200,200
383537,0,30,0,0,2,1,10,5,5,1,0,34,16,1,6,0,0,0,0,200,200
383537,0,30,0,0,2,1,10,5,5,1,0,34,16,0,6,7,0,0,0,200,200
383542,0,30,2,2,200,0,7,6,0,200,200,0,0,2,200,200,200,200,200,200,200
383544,0,35,0,0,2,1,10,5,0,1,0,0,0,0,4,0,200,0,0,200,200
383544,0,35,0,0,2,1,10,5,0,1,0,0,0,0,6,0,200,0,0,200,200
383548,0,30,2,2,0,1,0,2,0,0,0,21,16,0,6,0,12,0,0,200,200
383548,0,30,2,2,0,1,0,2,0,0,0,21,16,0,6,0,200,200,200,200,200
383554,0,30,2,2,0,1,0,2,0,0,0,17,200,0,6,0,1,0,0,200,200
383554,0,30,2,2,0,1,0,2,0,0,0,17,200,0,7,0,0,0,0,200,200
383556,0,30,0,0,0,1,0,5,0,0,200,17,200,0,6,0,1,200,0,200,200
383556,0,30,0,0,0,1,0,5,0,0,200,17,200,1,5,0,0,0,0,200,200
383560,0,30,0,0,0,1,7,6,0,0,0,0,200,2,200,200,0,200,200,200,200
383562,0,30,0,0,2,1,14,5,0,1,0,17,0,0,7,0,1,1,0,200,200
383562,0,30,0,0,2,1,14,5,0,1,0,17,0,1,6,0,12,0,0,200,200
383573,0,30,0,0,0,1,14,12,0,1,0,17,17,1,5,0,1,0,0,200,200
383573,0,30,0,0,0,1,14,12,0,1,0,17,17,1,7,0,1,0,0,200,200
383574,0,35,0,0,0,1,12,3,0,1,0,22,22,2,200,200,4,200,200,200,200
383574,0,35,0,0,0,1,12,3,0,1,0,22,22,1,6,0,0,0,0,200,200
383577,0,30,0,0,2,1,7,5,0,1,0,17,0,0,7,0,1,0,0,200,200
383577,1,30,0,0,2,1,7,5,0,1,0,17,0,1,6,0,200,200,200,200,200
383577,1,30,0,0,2,1,7,5,0,1,0,17,0,0,200,0,200,200,200,200,200
383577,1,30,0,0,2,1,7,5,0,1,0,17,0,0,0,5,200,200,200,200,200
383577,1,30,0,0,2,1,7,5,0,1,0,17,0,0,200,5,200,200,200,200,200
383577,1,30,0,0,2,1,7,5,0,1,0,17,0,0,5,0,200,200,200,200,200
383577,1,30,0,0,2,1,7,5,0,1,0,17,0,1,5,0,200,200,200,200,200
383579,0,30,1,200,2,1,0,5,0,200,200,200,200,0,7,200,200,200,200,200,200
383579,0,30,1,200,2,1,0,5,0,200,200,200,200,1,7,200,200,200,200,200,200
383579,1,30,1,200,2,1,0,5,0,200,200,200,200,1,6,200,200,200,200,200,200
383581,0,30,200,200,0,1,14,5,0,0,0,0,0,1,200,0,3,0,0,200,200
383581,0,30,200,200,0,1,14,5,0,0,0,0,0,1,200,0,0,0,0,200,200
383583,0,30,0,0,1,1,10,3,0,1,0,18,0,1,200,200,3,200,200,200,200
383583,0,30,0,0,1,1,10,3,0,1,0,18,0,0,7,200,0,200,0,200,200
383583,0,30,0,0,1,1,10,3,0,1,0,18,0,1,200,200,0,200,200,200,200
383584,0,30,2,2,12,1,10,6,0,1,0,5,0,0,3,200,12,200,12,200,200
383584,0,30,2,2,12,1,10,6,0,1,0,5,0,0,5,200,200,200,0,200,200
383584,1,30,2,2,12,1,10,6,0,1,0,5,0,1,5,200,200,200,200,200,200
383584,1,30,2,2,12,1,10,6,0,1,0,5,0,200,200,200,200,200,200,200,200
383585,0,25,0,0,2,1,9,5,0,1,0,200,200,0,6,200,0,200,0,200,200
383585,5,25,0,0,2,1,9,5,0,1,0,200,200,0,3,200,12,200,0,200,200
383586,0,50,1,2,0,2,10,3,0,1,0,16,0,0,7,200,1,200,200,200,200
383586,0,50,1,2,0,2,10,3,0,1,0,16,0,1,6,7,12,200,0,200,200
383587,0,30,200,200,200,200,10,200,0,200,200,0,200,0,7,200,200,200,200,200,200
383587,0,30,200,200,200,200,10,200,0,200,200,0,200,1,5,0,200,200,200,200,200
383592,0,30,0,0,2,1,12,5,0,1,0,21,17,0,6,0,1,0,0,200,200
383592,0,30,0,0,2,1,12,5,0,1,0,21,17,1,7,0,0,0,5,200,200
383593,0,30,0,0,2,1,14,3,0,1,200,33,0,1,4,0,1,4,0,200,200
383593,0,30,0,0,2,1,14,3,0,1,200,33,0,0,5,0,0,0,0,200,200
383593,1,30,0,0,2,1,14,3,0,1,200,33,0,1,5,0,200,200,200,200,200
383599,0,30,0,0,200,200,10,5,0,200,200,0,0,0,8,0,12,200,0,200,200
383599,0,30,0,0,200,200,10,5,0,200,200,0,0,0,7,0,0,200,0,200,200
383601,0,30,0,0,2,1,12,2,0,1,0,21,34,1,5,0,4,0,0,200,200
383601,0,30,0,0,2,1,12,2,0,1,0,21,34,1,6,0,0,0,0,200,200
383601,1,30,0,0,2,1,12,2,0,1,0,21,34,0,1,5,200,200,200,200,200
383601,1,30,0,0,2,1,12,2,0,1,0,21,34,0,5,0,200,200,200,200,200
383605,0,35,0,0,1,1,11,5,0,1,0,25,0,1,4,200,12,12,2,200,200
383605,0,35,0,0,1,1,11,5,0,1,0,25,0,1,7,200,0,0,0,200,200
383605,0,35,0,0,1,1,11,5,0,1,0,25,0,1,6,200,0,0,0,200,200
383612,0,30,0,0,0,1,7,5,0,0,0,200,200,2,200,200,200,200,200,200,200
383614,0,30,1,2,0,1,10,5,0,1,0,18,34,0,4,0,3,0,0,200,200
383614,0,30,1,2,0,1,10,5,0,1,0,18,34,0,6,0,0,0,0,200,200
383615,0,30,0,0,0,1,5,6,0,1,12,28,200,1,6,200,12,200,0,200,200
383616,0,30,0,0,0,1,0,2,0,1,0,33,0,0,3,0,1,12,0,200,200
383616,0,30,0,0,0,1,0,2,0,1,0,33,0,0,6,0,0,0,0,200,200
383623,0,30,0,0,2,1,14,3,0,1,0,14,17,2,200,200,1,200,200,200,200
383623,0,30,0,0,2,1,14,3,0,1,0,14,17,1,5,0,0,0,0,200,200
383624,0,35,1,2,2,1,10,5,0,1,0,0,0,1,6,200,200,200,200,200,200
383624,0,35,1,2,2,1,10,5,0,1,0,0,0,0,5,0,0,0,0,200,200
383626,0,5,0,0,2,1,11,7,0,1,0,0,200,1,6,0,12,0,0,200,200
383626,0,5,0,0,2,1,11,7,0,1,0,0,200,1,7,0,12,0,0,200,200
383631,0,30,0,0,2,1,10,5,0,1,0,34,12,0,6,0,0,0,0,200,200
383631,0,30,0,0,2,1,10,5,0,1,0,34,12,0,5,7,0,0,0,200,200
383631,0,30,0,0,2,1,10,5,0,1,0,34,12,1,8,0,0,0,0,200,200
383631,1,30,0,0,2,1,10,5,0,1,0,34,12,1,200,0,200,200,200,200,200
383632,0,30,0,0,0,1,3,2,0,0,0,16,17,1,5,7,1,0,0,200,200
383632,0,30,0,0,0,1,3,2,0,0,0,16,17,1,6,0,1,0,0,200,200
383633,4,30,1,2,0,4,8,5,0,0,0,17,200,0,200,200,1,200,200,200,200
383633,0,30,1,2,0,4,8,5,0,0,0,17,200,1,7,0,0,0,0,200,200
383639,0,30,0,0,200,3,0,7,0,200,200,0,200,0,200,200,200,200,200,200,200
383639,0,30,0,0,200,3,0,7,0,200,200,0,200,0,6,0,0,0,0,200,200
383644,0,30,1,0,0,1,0,5,0,0,0,6,6,1,4,0,1,0,0,200,200
383644,0,30,1,0,0,1,0,5,0,0,0,6,6,1,7,0,0,0,0,200,200
383644,1,30,1,0,0,1,0,5,0,0,0,6,6,1,3,0,200,200,200,200,200
383648,0,30,0,0,0,1,14,5,0,0,0,23,200,0,7,200,7,0,0,200,200
383648,0,30,0,0,0,1,14,5,0,0,0,23,200,1,5,200,0,0,0,200,200
383651,0,30,1,2,2,1,10,5,0,1,0,18,200,0,8,0,3,0,0,200,200
383651,0,30,1,2,2,1,10,5,0,1,0,18,200,0,200,200,0,200,200,200,200
383656,0,30,0,0,0,1,12,5,0,0,0,0,0,0,200,0,200,0,0,200,200
383656,0,30,0,0,0,1,12,5,0,0,0,0,0,0,200,0,200,0,0,200,200
383665,0,30,0,0,0,1,2,5,0,0,0,200,200,1,6,7,0,0,0,200,200
383666,0,30,1,2,1,1,10,2,0,1,0,18,200,0,200,200,3,200,200,200,200
383666,0,30,1,2,1,1,10,2,0,1,0,18,200,1,6,0,0,0,0,200,200
383666,1,30,1,2,1,1,10,2,0,1,0,18,200,2,200,200,200,200,200,200,200
383667,0,30,0,0,2,1,12,5,0,1,0,21,200,0,7,0,12,0,0,200,200
383667,0,30,0,0,2,1,12,5,0,1,0,21,200,0,6,0,0,0,0,200,200
383668,0,30,0,0,2,1,10,6,0,1,0,34,34,0,6,0,12,0,0,200,200
383668,0,30,0,0,2,1,10,6,0,1,0,34,34,0,5,0,0,0,0,200,200
383668,1,30,0,0,2,1,10,6,0,1,0,34,34,1,5,0,200,200,200,200,200
383673,0,30,1,2,2,1,10,3,0,1,200,18,15,0,6,200,3,200,200,200,200
383673,0,30,1,2,2,1,10,3,0,1,200,18,15,0,5,0,0,0,0,200,200
383673,0,30,1,2,2,1,10,3,0,1,200,18,15,0,200,200,200,200,200,200,200
383675,0,20,0,0,0,1,0,5,0,0,200,23,0,0,7,200,7,200,200,200,200
383675,0,20,0,0,0,1,0,5,0,0,200,23,0,1,5,200,0,200,0,200,200
383675,1,20,0,0,0,1,0,5,0,0,200,23,0,0,4,200,200,200,200,200,200
383675,1,20,0,0,0,1,0,5,0,0,200,23,0,0,4,200,200,200,200,200,200
383675,1,20,0,0,0,1,0,5,0,0,200,23,0,0,200,200,200,200,200,200,200
383675,1,20,0,0,0,1,0,5,0,0,200,23,0,1,200,200,200,200,200,200,200
383677,0,30,1,2,0,1,12,5,0,0,0,21,0,0,7,0,12,0,0,200,200
383677,0,30,1,2,0,1,12,5,0,0,0,21,0,0,7,0,0,0,0,200,200
383678,0,25,1,2,1,1,12,5,0,0,0,21,11,1,200,200,4,200,200,200,200
383678,0,25,1,2,1,1,12,5,0,0,0,21,11,1,6,0,12,0,0,200,200
383680,0,30,0,0,2,1,10,5,0,1,0,0,200,0,6,0,200,0,0,200,200
383680,0,30,0,0,2,1,10,5,0,1,0,0,200,2,200,200,0,200,200,200,200
383681,0,40,0,0,0,1,12,3,0,200,0,11,200,1,200,0,1,0,0,200,200
383681,0,40,0,0,0,1,12,3,0,200,0,11,200,0,200,0,0,0,0,200,200
383683,0,30,0,0,0,1,10,2,0,0,0,0,200,0,200,200,12,200,200,200,200
383683,0,30,0,0,0,1,10,2,0,0,0,0,200,0,6,0,0,200,200,200,200
383683,1,30,0,0,0,1,10,2,0,0,0,0,200,1,200,200,200,200,200,200,200
383686,0,30,0,0,0,1,7,7,0,0,200,0,0,2,200,200,200,200,200,200,200
383688,0,40,0,0,0,1,2,3,3,1,0,27,0,0,7,200,12,0,4,200,200
383688,1,40,0,0,0,1,2,3,3,1,0,27,0,0,5,200,200,200,200,200,200
383688,1,40,0,0,0,1,2,3,3,1,0,27,0,1,5,200,200,200,200,200,200
383691,0,30,0,0,0,1,7,5,0,0,0,200,200,1,200,200,0,200,200,200,200
383704,0,15,0,0,0,1,7,7,0,0,0,0,200,2,200,200,200,200,200,200,200
383715,0,30,0,0,0,1,1,5,0,0,0,5,200,1,9,7,12,0,0,200,200
383715,5,30,0,0,0,1,1,5,0,0,0,5,200,1,7,7,12,0,0,200,200
383718,0,30,1,2,1,1,10,5,5,1,0,16,15,0,6,0,8,0,0,200,200
383718,0,30,1,2,1,1,10,5,5,1,0,16,15,1,6,0,0,0,0,200,200
383718,0,30,1,2,1,1,10,5,5,1,0,16,15,1,7,0,0,0,0,200,200
383722,0,30,0,0,0,1,12,6,0,0,0,20,17,0,6,200,6,200,0,200,200
383722,0,30,0,0,0,1,12,6,0,0,0,20,17,1,5,200,200,200,0,200,200
383722,1,30,0,0,0,1,12,6,0,0,0,20,17,0,5,200,200,200,200,200,200