RD_NO,PERSON_TYPE,POSTED_SPEED_LIMIT,TRAFFIC_CONTROL_DEVICE,DEVICE_CONDITION,WEATHER_CONDITION,LIGHTING_CONDITION,FIRST_CRASH_TYPE,TRAFFICWAY_TYPE,ALIGNMENT,ROADWAY_SURFACE_COND,ROAD_DEFECT,PRIM_CONTRIBUTORY_CAUSE,SEC_CONTRIBUTORY_CAUSE,SEX,AGE,SAFETY_EQUIPMENT,DRIVER_ACTION,DRIVER_VISION,PHYSICAL_CONDITION,BAC_RESULT VALUE,CELL_PHONE_USE
383722,1,30,0,0,0,1,12,6,0,0,0,20,17,1,4,200,200,200,200,200,200
383722,1,30,0,0,0,1,12,6,0,0,0,20,17,1,3,200,200,200,200,200,200
383722,1,30,0,0,0,1,12,6,0,0,0,20,17,1,0,200,200,200,200,200,200
383722,1,30,0,0,0,1,12,6,0,0,0,20,17,1,4,200,200,200,200,200,200
383725,0,35,2,2,2,1,14,2,0,1,0,17,23,0,5,200,1,200,200,200,200
383725,0,35,2,2,2,1,14,2,0,1,0,17,23,0,7,0,0,0,0,200,200
383728,0,30,1,2,2,1,2,3,0,1,0,11,34,0,5,0,200,0,0,200,200
383732,0,35,0,0,2,1,10,3,1,1,0,18,200,1,5,200,3,200,200,200,200
383732,0,35,0,0,2,1,10,3,1,1,0,18,200,0,6,200,0,0,0,200,200
383733,0,30,0,0,0,1,7,5,0,0,0,12,0,0,5,200,12,0,0,200,200
383733,1,30,0,0,0,1,7,5,0,0,0,12,0,1,8,7,200,200,200,200,200
383734,0,30,2,2,0,1,14,5,0,0,0,17,11,0,5,0,1,0,0,200,200
383734,0,30,2,2,0,1,14,5,0,0,0,17,11,0,7,0,12,0,0,200,200
383734,1,30,2,2,0,1,14,5,0,0,0,17,11,1,5,0,200,200,200,200,200
383736,0,30,0,0,0,1,14,5,0,0,0,17,17,0,5,200,1,200,0,200,200
383736,0,30,0,0,0,1,14,5,0,0,0,17,17,0,6,200,0,200,0,200,200
383738,0,30,0,0,0,1,7,2,0,0,0,200,200,2,200,200,200,200,200,200,200
383739,0,30,1,2,0,1,10,3,0,12,0,0,200,1,5,0,12,12,0,200,200
383739,0,30,1,2,0,1,10,3,0,12,0,0,200,1,7,0,0,12,0,200,200
383739,1,30,1,2,0,1,10,3,0,12,0,0,200,0,5,0,200,200,200,200,200
383740,0,40,1,2,0,1,10,3,0,0,0,16,200,1,200,200,200,200,200,200,200
383740,0,40,1,2,0,1,10,3,0,0,0,16,200,0,5,200,0,200,0,200,200
383740,0,40,1,2,0,1,10,3,0,0,0,16,200,2,200,200,0,200,200,200,200
383745,0,40,0,0,0,1,10,3,0,0,0,0,200,0,6,0,12,1,0,200,200
383745,0,40,0,0,0,1,10,3,0,0,0,0,200,0,6,0,12,0,0,200,200
383747,0,30,0,0,0,1,10,5,0,1,0,0,0,1,5,0,200,0,0,200,200
383747,0,30,0,0,0,1,10,5,0,1,0,0,0,1,6,0,0,0,0,200,200
383747,1,30,0,0,0,1,10,5,0,1,0,0,0,1,3,0,200,200,200,200,200
383747,1,30,0,0,0,1,10,5,0,1,0,0,0,0,5,0,200,200,200,200,200
383747,1,30,0,0,0,1,10,5,0,1,0,0,0,0,0,0,200,200,200,200,200
383753,0,20,0,0,0,1,0,7,0,0,0,20,20,1,200,0,12,0,0,200,200
383753,0,20,0,0,0,1,0,7,0,0,0,20,20,1,7,7,12,0,0,200,200
383755,0,30,0,0,2,1,12,5,0,0,0,17,200,0,200,200,1,200,200,200,200
383755,0,30,0,0,2,1,12,5,0,0,0,17,200,1,9,0,0,0,0,200,200
383764,0,30,1,200,2,1,10,5,2,1,200,18,16,0,6,200,3,200,200,200,200
383764,0,30,1,200,2,1,10,5,2,1,200,18,16,0,5,200,12,200,200,200,200
383764,1,30,1,200,2,1,10,5,2,1,200,18,16,1,6,200,200,200,200,200,200
383774,0,30,0,0,0,1,10,2,0,0,0,0,0,1,6,0,200,0,0,200,200
383774,0,30,0,0,0,1,10,2,0,0,0,0,0,0,7,0,0,0,0,200,200
383777,0,25,2,2,0,1,0,6,0,1,200,17,200,0,6,200,1,200,0,200,200
383777,0,25,2,2,0,1,0,6,0,1,200,17,200,0,5,200,0,200,0,200,200
383782,0,30,0,0,0,1,14,2,0,0,0,16,200,2,200,200,12,200,200,200,200
383782,0,30,0,0,0,1,14,2,0,0,0,16,200,0,8,0,0,0,0,200,200
383784,0,30,1,2,0,1,10,5,0,0,0,18,200,1,6,0,3,0,0,200,200
383784,0,30,1,2,0,1,10,5,0,0,0,18,200,0,6,0,0,0,0,200,200
383789,0,20,0,0,0,1,0,7,0,0,200,0,0,1,200,200,6,200,200,200,200
383789,0,20,0,0,0,1,0,7,0,0,200,0,0,1,6,0,0,200,200,200,200
383789,1,20,0,0,0,1,0,7,0,0,200,0,0,1,200,0,200,200,200,200,200
383792,0,30,1,2,1,1,0,5,0,0,0,25,6,0,5,200,5,200,200,200,200
383792,0,30,1,2,1,1,0,5,0,0,0,25,6,1,6,0,0,200,0,200,200
383792,0,30,1,2,1,1,0,5,0,0,0,25,6,0,6,0,0,200,0,200,200
383794,0,10,0,0,0,1,7,7,0,0,0,20,200,1,5,200,6,200,200,200,200
383794,1,10,0,0,0,1,7,7,0,0,0,20,200,1,200,0,200,200,200,200,200
383795,0,30,1,2,0,1,12,5,0,0,0,22,22,0,200,200,4,200,200,200,200
383795,0,30,1,2,0,1,12,5,0,0,0,22,22,0,0,0,0,0,0,200,200
383796,0,35,2,2,0,1,7,5,0,1,0,200,200,2,200,200,200,200,200,200,200
383799,0,30,0,0,0,3,7,2,0,0,0,200,200,0,200,200,200,200,200,200,200
383800,0,30,0,0,0,0,10,5,0,1,0,0,200,0,200,200,3,200,200,200,200
383800,0,30,0,0,0,0,10,5,0,1,0,0,200,0,5,0,0,0,0,200,200
383802,0,30,2,2,0,4,0,5,0,0,0,17,16,1,5,0,1,200,0,200,200
383802,0,30,2,2,0,4,0,5,0,0,0,17,16,0,6,0,12,0,0,200,200
383804,0,30,0,0,0,1,7,5,0,0,200,0,200,2,200,200,200,200,200,200,200
383810,0,30,1,2,0,1,14,3,0,0,0,0,0,2,200,200,200,200,200,200,200
383810,0,30,1,2,0,1,14,3,0,0,0,0,0,1,5,0,0,0,0,200,200
383819,0,15,0,0,0,4,7,7,0,0,0,20,16,1,6,0,6,0,0,200,200
383820,0,30,2,2,0,4,0,5,0,0,0,17,200,1,5,200,1,200,0,200,200
383820,0,30,2,2,0,4,0,5,0,0,0,17,200,1,6,200,0,200,0,200,200
383825,0,20,0,0,0,1,11,6,0,0,200,0,0,1,7,0,12,0,0,200,200
383825,0,20,0,0,0,1,11,6,0,0,200,0,0,0,6,0,200,0,0,200,200
383830,0,25,0,0,0,1,12,6,0,0,0,0,200,1,6,200,4,0,0,200,200
383830,0,25,0,0,0,1,12,6,0,0,0,0,200,1,6,0,0,0,0,200,200
383836,0,25,0,0,0,1,9,5,0,1,0,17,23,0,200,200,1,200,200,200,200
383836,5,25,0,0,0,1,9,5,0,1,0,17,23,1,8,200,0,0,0,200,200
383837,0,30,0,0,2,1,7,5,0,200,200,0,0,2,200,200,200,200,200,200,200
383839,0,30,0,0,0,4,5,6,0,1,12,28,0,0,6,200,12,0,0,200,200
383841,0,30,1,2,2,1,10,5,0,1,0,18,200,1,6,0,3,0,0,200,200
383841,0,30,1,2,2,1,10,5,0,1,0,18,200,1,5,0,0,0,0,200,200
383841,1,30,1,2,2,1,10,5,0,1,0,18,200,0,200,0,200,200,200,200,200
383844,0,5,0,0,0,1,12,7,0,0,0,0,0,0,200,0,12,0,0,200,200
383844,0,5,0,0,0,1,12,7,0,0,0,0,0,0,200,0,9,0,0,200,200
383856,0,30,0,0,0,1,12,2,0,0,0,21,21,0,200,200,12,200,200,200,200
383856,0,30,0,0,0,1,12,2,0,0,0,21,21,1,5,0,0,0,0,200,200
383861,0,30,0,0,0,1,7,5,0,0,0,200,200,1,200,200,200,200,200,200,200
383866,0,30,0,0,0,1,12,5,0,0,0,21,0,1,200,200,4,200,200,200,200
383866,0,30,0,0,0,1,12,5,0,0,0,21,0,1,6,0,0,0,0,200,200
383869,0,30,1,0,0,3,10,5,0,0,0,7,18,1,200,0,15,0,0,200,200
383869,0,30,1,0,0,3,10,5,0,0,0,7,18,1,5,0,1,0,0,200,200
383869,0,30,1,0,0,3,10,5,0,0,0,7,18,0,7,0,0,0,0,200,200
383870,0,30,0,0,0,3,12,3,0,0,200,21,0,0,6,0,1,0,0,200,200
383870,0,30,0,0,0,3,12,3,0,0,200,21,0,1,7,0,4,0,0,200,200
383880,0,35,0,0,200,3,12,6,0,200,200,0,0,0,7,200,12,200,200,200,200
383880,0,35,0,0,200,3,12,6,0,200,200,0,0,0,5,200,12,200,0,200,200
383886,0,30,2,2,0,3,14,5,0,0,200,10,5,0,3,7,7,200,200,200,200
383886,0,30,2,2,0,3,14,5,0,0,200,10,5,0,6,200,0,200,0,200,200
383886,0,30,2,2,0,3,14,5,0,0,200,10,5,2,200,200,5,200,200,200,200
383886,1,30,2,2,0,3,14,5,0,0,200,10,5,0,200,200,200,200,200,200,200
383886,1,30,2,2,0,3,14,5,0,0,200,10,5,0,200,200,200,200,200,200,200
383891,0,30,1,2,0,3,14,5,0,0,0,6,200,0,7,0,1,0,0,200,200
383891,0,30,1,2,0,3,14,5,0,0,0,6,200,0,6,0,200,0,0,200,200
383891,1,30,1,2,0,3,14,5,0,0,0,6,200,0,5,0,200,200,200,200,200
383891,1,30,1,2,0,3,14,5,0,0,0,6,200,1,0,5,200,200,200,200,200
383891,1,30,1,2,0,3,14,5,0,0,0,6,200,1,5,0,200,200,200,200,200
383891,1,30,1,2,0,3,14,5,0,0,0,6,200,1,7,0,200,200,200,200,200
383891,1,30,1,2,0,3,14,5,0,0,0,6,200,0,6,0,200,200,200,200,200
383902,0,30,1,2,0,3,14,5,0,0,0,0,200,0,6,0,12,0,0,200,200
383902,0,30,1,2,0,3,14,5,0,0,0,0,200,1,7,0,8,0,0,200,200
383903,0,0,0,0,0,1,7,7,0,0,0,0,0,0,6,0,6,0,0,200,200
383936,0,10,0,0,0,0,7,5,0,0,0,0,0,1,7,0,0,0,0,200,200
383939,0,30,0,0,0,3,12,6,0,0,0,8,0,0,7,200,12,0,0,200,200
383939,1,30,0,0,0,3,12,6,0,0,0,8,0,1,4,200,200,200,200,200,200
383939,1,30,0,0,0,3,12,6,0,0,0,8,0,200,200,200,200,200,200,200,200
383943,0,30,2,2,0,3,14,5,0,0,0,5,16,0,200,200,5,200,200,200,200
383943,0,30,2,2,0,3,14,5,0,0,0,5,16,0,5,0,0,0,0,200,200
383943,1,30,2,2,0,3,14,5,0,0,0,5,16,0,200,200,200,200,200,200,200
383943,1,30,2,2,0,3,14,5,0,0,0,5,16,0,200,200,200,200,200,200,200
383943,1,30,2,2,0,3,14,5,0,0,0,5,16,0,200,200,200,200,200,200,200
383943,1,30,2,2,0,3,14,5,0,0,0,5,16,1,6,0,200,200,200,200,200
383943,1,30,2,2,0,3,14,5,0,0,0,5,16,0,6,0,200,200,200,200,200
383950,0,30,0,0,0,3,10,5,0,0,0,18,0,0,6,200,3,0,0,200,200
383950,0,30,0,0,0,3,10,5,0,0,0,18,0,0,6,200,0,0,0,200,200
383950,1,30,0,0,0,3,10,5,0,0,0,18,0,1,1,0,200,200,200,200,200
383953,0,30,0,0,0,3,14,5,0,0,0,23,23,1,6,0,12,0,0,200,200
383953,0,30,0,0,0,3,14,5,0,0,0,23,23,0,4,0,7,0,0,200,200
383953,1,30,0,0,0,3,14,5,0,0,0,23,23,1,9,7,200,200,200,200,200
383953,1,30,0,0,0,3,14,5,0,0,0,23,23,0,6,7,200,200,200,200,200
383953,1,30,0,0,0,3,14,5,0,0,0,23,23,0,5,7,200,200,200,200,200
383953,1,30,0,0,0,3,14,5,0,0,0,23,23,1,4,0,200,200,200,200,200
383953,1,30,0,0,0,3,14,5,0,0,0,23,23,1,5,0,200,200,200,200,200
383953,1,30,0,0,0,3,14,5,0,0,0,23,23,1,4,0,200,200,200,200,200
383953,1,30,0,0,0,3,14,5,0,0,0,23,23,1,4,0,200,200,200,200,200
383953,1,30,0,0,0,3,14,5,0,0,0,23,23,0,4,0,200,200,200,200,200
383967,0,30,0,0,0,3,2,5,0,0,0,20,200,0,6,0,6,12,0,200,200
383975,0,30,1,2,0,3,11,6,0,0,0,0,0,0,6,200,12,200,0,200,200
383975,0,30,1,2,0,3,11,6,0,0,0,0,0,1,6,200,12,200,0,200,200
383975,1,30,1,2,0,3,11,6,0,0,0,0,0,0,200,200,200,200,200,200,200
383983,0,30,0,0,0,3,14,2,0,0,0,22,17,2,200,200,200,200,200,200,200
383983,0,30,0,0,0,3,14,2,0,0,0,22,17,0,4,0,0,0,0,200,200
383984,0,15,0,0,0,4,7,6,0,0,0,11,0,0,4,200,200,200,0,200,200
383986,0,30,1,200,0,3,9,2,0,0,200,17,11,0,8,0,1,200,0,200,200
383986,5,30,1,200,0,3,9,2,0,0,200,17,11,1,6,7,0,200,0,200,200
383995,0,20,0,0,0,1,10,6,0,0,0,17,18,1,7,200,1,200,200,200,200
383995,0,20,0,0,0,1,10,6,0,0,0,17,18,1,6,0,0,0,0,200,200
384004,0,35,0,0,0,1,12,1,0,0,0,22,22,0,6,200,4,0,0,200,200
384004,0,35,0,0,0,1,12,1,0,0,0,22,22,0,5,200,0,0,0,200,200
384006,0,30,1,2,0,3,10,6,0,0,0,16,0,0,9,200,1,200,0,200,200
384006,0,30,1,2,0,3,10,6,0,0,0,16,0,0,5,0,0,200,0,200,200
384006,0,30,1,2,0,3,10,6,0,0,0,16,0,0,6,0,0,0,0,200,200
384006,0,30,1,2,0,3,10,6,0,0,0,16,0,0,200,0,0,0,0,200,200
384006,0,30,1,2,0,3,10,6,0,0,0,16,0,0,200,0,0,0,0,200,200
384008,0,30,0,0,0,3,0,2,0,0,3,11,11,1,6,200,7,200,200,200,200
384008,0,30,0,0,0,3,0,2,0,0,3,11,11,1,8,0,0,200,0,200,200
384010,0,30,1,2,0,3,10,5,0,0,0,0,0,1,6,200,8,200,2,200,200
384014,5,30,0,0,0,3,9,12,0,0,200,6,0,2,200,200,12,200,200,200,200
384014,0,30,0,0,0,3,9,12,0,0,200,6,0,0,5,0,0,0,0,200,200
384014,1,30,0,0,0,3,9,12,0,0,200,6,0,1,5,0,200,200,200,200,200
384018,0,25,0,0,0,3,7,6,0,200,200,16,22,2,200,200,200,200,200,200,200
384021,0,30,1,2,0,3,0,5,2,0,200,25,0,0,200,200,200,200,200,200,200
384021,0,30,1,2,0,3,0,5,2,0,200,25,0,1,6,200,200,200,0,200,200
384034,0,30,1,2,0,3,0,2,0,0,0,6,16,0,5,0,5,0,0,200,200
384034,0,30,1,2,0,3,0,2,0,0,0,6,16,0,5,0,14,0,0,200,200
384034,1,30,1,2,0,3,0,2,0,0,0,6,16,1,3,0,200,200,200,200,200
384034,1,30,1,2,0,3,0,2,0,0,0,6,16,1,3,0,200,200,200,200,200
384034,1,30,1,2,0,3,0,2,0,0,0,6,16,0,3,0,200,200,200,200,200
384034,1,30,1,2,0,3,0,2,0,0,0,6,16,1,3,0,200,200,200,200,200
384034,1,30,1,2,0,3,0,2,0,0,0,6,16,1,6,0,200,200,200,200,200
384045,0,30,0,0,0,3,7,6,0,0,200,0,0,1,3,200,200,0,0,200,200
384056,0,25,0,0,0,3,7,5,3,0,0,200,200,1,5,200,200,200,0,200,200
384058,0,30,1,2,0,3,8,5,0,0,0,17,0,2,200,200,1,200,200,200,200
384058,4,30,1,2,0,3,8,5,0,0,0,17,0,0,5,7,0,200,0,200,200
384071,0,9,2,2,0,3,0,2,0,0,0,0,200,1,6,200,200,0,0,200,200
384071,1,9,2,2,0,3,0,2,0,0,0,0,200,0,200,200,200,200,200,200,200
384076,0,30,1,200,200,3,0,5,0,200,200,6,17,0,7,200,5,200,0,200,200
384076,0,30,1,200,200,3,0,5,0,200,200,6,17,0,5,200,0,200,0,200,200
384086,0,30,1,2,2,3,7,5,0,1,0,34,0,0,5,0,12,0,0,200,200
384092,0,30,1,2,12,3,0,12,0,1,0,6,0,0,4,200,5,200,0,200,200
384092,0,30,1,2,12,3,0,12,0,1,0,6,0,1,6,200,0,200,7,200,200
384092,1,30,1,2,12,3,0,12,0,1,0,6,0,0,5,200,200,200,200,200,200
384092,1,30,1,2,12,3,0,12,0,1,0,6,0,0,5,200,200,200,200,200,200
384105,0,30,1,2,0,3,12,1,0,0,0,21,0,1,6,200,4,200,0,200,200
384105,0,30,1,2,0,3,12,1,0,0,0,21,0,0,6,200,0,0,0,200,200
384105,1,30,1,2,0,3,12,1,0,0,0,21,0,1,5,200,200,200,200,200,200
384113,0,25,0,0,0,0,2,0,0,1,0,33,200,0,6,0,12,3,0,200,200
384113,1,25,0,0,0,0,2,0,0,1,0,33,200,0,5,0,200,200,200,200,200
384126,0,30,0,0,0,3,2,12,0,0,0,20,200,1,6,200,6,0,0,200,200
384140,0,30,0,0,0,3,12,5,0,0,0,0,22,2,200,200,2,200,200,200,200
384140,0,30,0,0,0,3,12,5,0,0,0,0,22,0,6,0,12,0,0,200,200
384145,0,30,1,2,0,3,0,3,0,0,0,6,16,1,5,0,12,200,0,200,200
384145,0,30,1,2,0,3,0,3,0,0,0,6,16,1,5,0,200,200,0,200,200
384145,1,30,1,2,0,3,0,3,0,0,0,6,16,1,2,0,200,200,200,200,200
384145,1,30,1,2,0,3,0,3,0,0,0,6,16,0,0,0,200,200,200,200,200
384145,1,30,1,2,0,3,0,3,0,0,0,6,16,1,5,0,200,200,200,200,200
384151,0,30,0,0,2,3,7,2,0,1,0,0,200,0,7,0,7,0,0,200,200
384151,1,30,0,0,2,3,7,2,0,1,0,0,200,1,6,0,200,200,200,200,200
384164,0,30,0,0,0,3,7,2,0,0,0,0,0,0,6,200,200,200,200,200,200
384165,0,30,1,2,0,3,2,5,0,0,0,8,200,0,0,1,12,200,200,200,200
384165,1,30,1,2,0,3,2,5,0,0,0,8,200,1,5,200,200,200,200,200,200
384165,1,30,1,2,0,3,2,5,0,0,0,8,200,0,4,200,200,200,200,200,200
384165,1,30,1,2,0,3,2,5,0,0,0,8,200,1,5,200,200,200,200,200,200
384165,1,30,1,2,0,3,2,5,0,0,0,8,200,0,5,200,200,200,200,200,200
384180,0,30,5,200,0,3,8,5,0,0,4,0,200,2,200,200,200,200,200,200,200
384180,4,30,5,200,0,3,8,5,0,0,4,0,200,0,7,200,200,200,200,200,200
384185,0,30,0,0,0,2,7,6,0,0,0,25,14,1,200,200,200,200,200,200,200
384188,0,25,1,2,0,0,14,5,0,0,0,17,200,0,200,200,1,200,200,200,200
384188,0,25,1,2,0,0,14,5,0,0,0,17,200,0,5,0,1,0,0,200,0
384196,0,30,0,0,0,0,0,12,0,200,0,0,0,0,7,0,1,0,0,200,200
384196,0,30,0,0,0,0,0,12,0,200,0,0,0,0,7,0,1,200,0,200,200
384212,0,30,2,0,0,1,14,5,0,0,0,17,0,1,5,0,1,200,0,200,200
384212,0,30,2,0,0,1,14,5,0,0,0,17,0,0,7,0,0,200,0,200,200
384212,1,30,2,0,0,1,14,5,0,0,0,17,0,1,6,0,200,200,200,200,200
384225,0,30,1,2,0,1,14,3,1,0,0,22,200,0,6,200,2,200,0,200,200
384225,0,30,1,2,0,1,14,3,1,0,0,22,200,1,6,200,0,200,0,200,200
384230,0,30,0,0,0,1,7,5,0,0,200,21,0,2,200,200,4,200,200,200,200
384235,0,30,0,0,0,1,12,5,0,0,0,0,0,0,200,200,200,200,200,200,200
384235,0,30,0,0,0,1,12,5,0,0,0,0,0,0,7,0,0,0,0,200,200
384249,0,30,0,0,0,1,10,5,0,0,0,18,18,0,200,200,1,200,0,200,200
384249,0,30,0,0,0,1,10,5,0,0,0,18,18,1,5,200,0,0,0,200,200
384253,0,30,0,0,0,1,0,5,0,0,0,0,0,0,7,0,1,0,0,200,200
384253,0,30,0,0,0,1,0,5,0,0,0,0,0,0,5,0,0,0,0,200,200
384253,1,30,0,0,0,1,0,5,0,0,0,0,0,1,200,0,200,200,200,200,200
384259,0,30,0,0,0,1,7,5,0,0,0,200,200,0,7,0,0,0,0,200,200
384263,0,35,2,200,0,1,0,5,0,0,200,11,0,2,200,200,200,200,200,200,200
384263,0,35,2,200,0,1,0,5,0,0,200,11,0,0,7,0,0,200,0,200,200
384264,0,30,1,2,0,1,10,2,0,1,0,0,0,0,6,0,200,200,200,200,200
384264,0,30,1,2,0,1,10,2,0,1,0,0,0,0,7,0,0,0,0,200,200
384269,0,30,1,2,0,1,12,2,0,0,0,22,21,0,6,0,4,200,0,200,200
384269,0,30,1,2,0,1,12,2,0,0,0,22,21,0,5,0,0,0,0,200,200
384269,1,30,1,2,0,1,12,2,0,0,0,22,21,1,3,0,200,200,200,200,200
384269,1,30,1,2,0,1,12,2,0,0,0,22,21,1,2,0,200,200,200,200,200
384269,1,30,1,2,0,1,12,2,0,0,0,22,21,1,2,0,200,200,200,200,200
384269,1,30,1,2,0,1,12,2,0,0,0,22,21,0,1,4,200,200,200,200,200
384269,1,30,1,2,0,1,12,2,0,0,0,22,21,1,0,5,200,200,200,200,200
384285,0,30,0,0,0,1,7,5,0,0,200,0,0,1,200,200,2,0,200,200,200
384285,1,30,0,0,0,1,7,5,0,0,200,0,0,0,7,200,200,200,200,200,200
384289,0,40,0,0,0,1,10,2,0,0,0,0,0,1,6,200,3,0,0,200,200
384289,0,40,0,0,0,1,10,2,0,0,0,0,0,1,6,0,0,0,0,200,200
384289,1,40,0,0,0,1,10,2,0,0,0,0,0,1,200,0,200,200,200,200,200
384293,0,30,0,0,0,1,14,5,0,0,0,17,23,0,5,0,1,5,0,200,200
384293,0,30,0,0,0,1,14,5,0,0,0,17,23,0,0,0,0,0,0,200,200
384295,0,25,0,0,0,1,7,5,0,0,0,0,0,2,200,200,200,200,200,200,200
384296,0,30,1,2,0,1,9,5,0,0,0,0,0,0,9,200,0,0,0,200,200
384296,5,30,1,2,0,1,9,5,0,0,0,0,0,0,200,200,200,200,200,200,200
384301,0,25,0,0,0,1,14,5,0,0,0,17,16,1,6,0,1,0,0,200,200
384301,0,25,0,0,0,1,14,5,0,0,0,17,16,0,8,0,200,0,0,200,200
384301,1,25,0,0,0,1,14,5,0,0,0,17,16,0,7,0,200,200,200,200,200
384302,0,30,1,2,0,1,11,5,0,0,12,28,200,1,7,0,12,12,0,200,200
384302,0,30,1,2,0,1,11,5,0,0,12,28,200,0,7,0,0,0,0,200,200
384303,0,30,0,0,0,1,10,5,0,0,0,18,200,0,5,0,3,0,0,200,200
384303,0,30,0,0,0,1,10,5,0,0,0,18,200,0,6,0,0,0,0,200,200
384305,0,0,0,0,2,3,7,5,0,1,0,0,0,2,200,200,200,200,200,200,200
384321,0,30,0,200,0,1,2,12,0,0,0,0,200,0,200,200,200,200,200,200,200
384322,0,15,0,0,0,1,7,5,0,0,0,0,0,0,8,200,200,200,200,200,200
384322,1,15,0,0,0,1,7,5,0,0,0,0,0,1,5,0,200,200,200,200,200
384326,0,30,2,2,2,1,12,5,0,0,0,21,0,0,8,0,4,0,0,200,200
384326,0,30,2,2,2,1,12,5,0,0,0,21,0,0,200,200,12,200,200,200,200
384331,0,30,0,0,200,1,7,5,0,0,0,11,200,1,200,200,12,200,200,200,200
384336,0,30,0,0,1,1,12,5,0,0,0,0,0,0,6,0,1,0,0,200,200
384336,0,30,0,0,1,1,12,5,0,0,0,0,0,0,8,0,0,0,0,200,200
384339,0,30,0,0,0,1,10,2,0,0,0,16,18,0,8,200,3,200,0,200,200
384339,0,30,0,0,0,1,10,2,0,0,0,16,18,1,5,200,0,200,0,200,200
384340,0,15,0,0,0,1,7,7,0,0,0,0,0,1,8,200,200,200,0,200,200
384342,0,30,0,0,2,1,10,5,0,1,0,0,0,0,200,200,0,200,200,200,200
384342,0,30,0,0,2,1,10,5,0,1,0,0,0,0,5,0,0,0,0,200,200
384343,0,30,0,0,0,1,7,5,0,0,0,20,20,0,6,1,6,0,0,200,200
384344,0,30,10,2,2,1,2,2,0,1,0,3,200,0,7,200,12,12,0,200,200
384359,0,30,0,0,0,1,7,5,0,0,0,0,200,0,7,200,0,0,0,200,200
384359,1,30,0,0,0,1,7,5,0,0,0,0,200,1,200,200,200,200,200,200,200
384364,0,30,1,2,0,1,9,5,0,0,0,0,200,2,200,200,200,200,200,200,200
384364,5,30,1,2,0,1,9,5,0,0,0,0,200,0,7,7,0,0,0,200,200
384366,0,30,1,2,0,3,9,2,0,1,0,0,0,0,6,200,200,0,0,200,200
384366,5,30,1,2,0,3,9,2,0,1,0,0,0,1,6,7,200,0,0,200,200
384369,0,30,0,0,1,1,12,5,0,0,0,0,200,0,5,0,2,0,0,200,200
384369,0,30,0,0,1,1,12,5,0,0,0,0,200,0,7,0,0,0,0,200,200
384371,0,30,0,0,0,3,5,5,0,0,1,28,200,0,7,0,0,0,0,200,200
384377,0,30,2,2,2,1,0,2,0,1,0,5,17,0,6,0,5,0,0,200,200
384377,0,30,2,2,2,1,0,2,0,1,0,5,17,1,6,0,0,0,0,200,200
384379,0,30,0,0,0,1,7,3,2,0,200,17,200,2,200,200,1,200,200,200,200
384381,0,25,1,2,0,1,12,3,0,0,0,22,22,0,7,0,2,0,0,200,200
384381,0,25,1,2,0,1,12,3,0,0,0,22,22,1,6,0,1,0,0,200,200
384390,0,30,0,0,0,1,14,2,0,0,0,21,11,0,4,0,4,0,0,200,200
384390,0,30,0,0,0,1,14,2,0,0,0,21,11,0,6,0,0,0,0,200,200
384395,0,35,0,0,2,1,7,5,0,1,0,8,200,0,5,200,12,0,0,200,200
384398,0,30,200,200,200,1,14,2,0,200,200,200,200,1,200,200,200,200,200,200,200
384398,0,30,200,200,200,1,14,2,0,200,200,200,200,1,200,0,0,200,200,200,200
384413,0,15,0,0,0,1,2,0,0,0,0,0,200,1,6,0,0,0,0,200,200
384415,0,0,0,0,0,1,7,5,0,0,0,22,18,0,5,200,200,200,0,200,200
384417,0,30,1,1,0,3,14,2,0,0,0,17,23,0,0,200,1,0,0,200,0
384417,0,30,1,1,0,3,14,2,0,0,0,17,23,1,6,200,0,0,0,200,200
384417,1,30,1,1,0,3,14,2,0,0,0,17,23,0,6,200,200,200,200,200,200
384417,1,30,1,1,0,3,14,2,0,0,0,17,23,1,0,200,200,200,200,200,200
384417,1,30,1,1,0,3,14,2,0,0,0,17,23,0,6,200,200,200,200,200,200
384417,1,30,1,1,0,3,14,2,0,0,0,17,23,1,6,200,200,200,200,200,200
384418,0,30,1,2,0,1,10,5,0,0,0,0,0,1,200,200,12,200,200,200,200
384418,0,30,1,2,0,1,10,5,0,0,0,0,0,1,8,0,0,0,0,200,200
384427,0,15,0,0,200,200,7,7,0,0,0,20,0,2,200,200,6,200,200,200,200
384429,0,30,0,0,200,200,7,5,0,200,0,0,200,2,200,200,200,200,200,200,200
384432,0,25,200,200,0,1,10,2,0,0,200,18,0,0,200,200,3,200,200,200,200
384432,0,25,200,200,0,1,10,2,0,0,200,18,0,0,6,200,200,200,0,200,200
384433,0,10,0,0,0,1,0,7,0,0,0,0,0,1,6,200,1,200,200,200,200
384433,0,10,0,0,0,1,0,7,0,0,0,0,0,1,6,0,0,0,0,200,200
384441,0,30,0,0,0,1,12,5,0,0,0,0,0,0,200,0,200,0,0,200,200
384441,0,30,0,0,0,1,12,5,0,0,0,0,0,1,200,0,0,0,0,200,200
384450,0,10,0,0,200,1,14,7,0,200,0,17,200,0,5,200,1,200,200,200,200
384450,0,10,0,0,200,1,14,7,0,200,0,17,200,1,7,0,0,0,0,200,200
384450,1,10,0,0,200,1,14,7,0,200,0,17,200,0,200,200,200,200,200,200,200