RD_NO,PERSON_TYPE,POSTED_SPEED_LIMIT,TRAFFIC_CONTROL_DEVICE,DEVICE_CONDITION,WEATHER_CONDITION,LIGHTING_CONDITION,FIRST_CRASH_TYPE,TRAFFICWAY_TYPE,ALIGNMENT,ROADWAY_SURFACE_COND,ROAD_DEFECT,PRIM_CONTRIBUTORY_CAUSE,SEC_CONTRIBUTORY_CAUSE,SEX,AGE,SAFETY_EQUIPMENT,DRIVER_ACTION,DRIVER_VISION,PHYSICAL_CONDITION,BAC_RESULT VALUE,CELL_PHONE_USE
384456,0,30,0,0,0,1,10,5,0,0,0,0,200,0,200,200,200,200,200,200,200
384456,0,30,0,0,0,1,10,5,0,0,0,0,200,0,6,0,0,0,0,200,200
384456,1,30,0,0,0,1,10,5,0,0,0,0,200,0,200,0,200,200,200,200,200
384458,0,30,0,0,0,1,0,5,0,0,0,20,200,0,7,200,6,5,0,200,200
384458,0,30,0,0,0,1,0,5,0,0,0,20,200,0,6,200,12,5,0,200,200
384466,0,30,1,2,0,1,9,5,0,0,0,17,200,0,0,200,1,0,0,200,200
384466,5,30,1,2,0,1,9,5,0,0,0,17,200,0,7,7,0,0,0,200,200
384469,0,30,0,0,1,1,10,2,0,1,0,0,0,0,6,0,12,0,0,200,200
384469,0,30,0,0,1,1,10,2,0,1,0,0,0,1,8,0,12,0,0,200,200
384469,1,30,0,0,1,1,10,2,0,1,0,0,0,1,1,5,200,200,200,200,200
384469,1,30,0,0,1,1,10,2,0,1,0,0,0,0,1,5,200,200,200,200,200
384473,0,30,0,0,0,1,7,12,0,0,0,11,0,0,200,200,12,200,200,200,200
384483,0,25,0,0,0,1,2,6,0,0,0,11,200,1,5,0,200,0,0,200,200
384484,0,20,0,0,0,1,7,3,0,0,0,0,200,0,6,0,12,200,0,200,200
384485,0,10,0,0,0,3,7,7,0,0,0,20,0,2,200,200,6,200,200,200,200
384491,0,30,0,0,1,1,12,3,0,0,0,22,200,0,6,0,2,0,0,200,200
384491,0,30,0,0,1,1,12,3,0,0,0,22,200,1,6,0,0,0,0,200,200
384493,0,30,0,0,0,1,12,2,0,0,0,17,200,1,7,0,1,0,0,200,200
384493,0,30,0,0,0,1,12,2,0,0,0,17,200,1,6,2,0,0,0,200,200
384494,0,30,0,0,0,1,0,5,0,0,0,17,200,0,200,200,200,200,200,200,200
384494,0,30,0,0,0,1,0,5,0,0,0,17,200,1,5,0,1,0,0,200,200
384494,1,30,0,0,0,1,0,5,0,0,0,17,200,0,5,0,200,200,200,200,200
384499,0,15,0,0,0,1,2,4,0,0,0,0,0,0,4,200,12,200,200,200,200
384508,0,30,1,2,0,1,10,5,0,0,0,18,25,0,5,7,1,0,0,200,200
384508,0,30,1,2,0,1,10,5,0,0,0,18,25,0,6,0,0,0,0,200,200
384516,0,30,0,2,0,1,7,7,0,0,0,11,200,1,200,200,10,200,200,200,200
384516,1,30,0,2,0,1,7,7,0,0,0,11,200,1,8,200,200,200,200,200,200
384518,0,30,1,2,0,1,10,5,0,0,0,18,0,1,5,200,3,200,200,200,200
384518,0,30,1,2,0,1,10,5,0,0,0,18,0,0,6,0,12,0,0,200,200
384520,0,30,0,0,0,2,7,6,0,0,0,0,0,0,200,0,10,0,0,200,200
384527,0,30,0,0,0,1,7,2,0,0,0,22,200,0,7,0,2,0,0,200,200
384527,1,30,0,0,0,1,7,2,0,0,0,22,200,0,6,0,200,200,200,200,200
384527,1,30,0,0,0,1,7,2,0,0,0,22,200,1,6,1,200,200,200,200,200
384527,1,30,0,0,0,1,7,2,0,0,0,22,200,0,7,1,200,200,200,200,200
384528,0,25,0,0,0,1,10,5,0,0,0,0,18,0,200,200,200,200,200,200,200
384528,0,25,0,0,0,1,10,5,0,0,0,0,18,1,7,0,0,0,0,200,200
384528,0,25,0,0,0,1,10,5,0,0,0,0,18,1,200,200,200,200,200,200,200
384528,0,25,0,0,0,1,10,5,0,0,0,0,18,2,200,200,200,200,200,200,200
384531,0,35,1,2,0,1,14,5,0,0,0,26,200,0,7,0,7,0,0,200,200
384531,0,35,1,2,0,1,14,5,0,0,0,26,200,0,5,0,0,0,0,200,200
384542,0,30,1,2,2,1,10,5,0,1,0,18,34,0,7,0,1,0,0,200,200
384542,0,30,1,2,2,1,10,5,0,1,0,18,34,0,8,0,0,0,0,200,200
384549,0,20,0,0,0,1,7,6,0,0,0,22,200,0,8,0,12,0,0,200,200
384549,1,20,0,0,0,1,7,6,0,0,0,22,200,0,200,0,200,200,200,200,200
384550,0,30,1,2,0,1,12,5,0,0,0,18,22,0,200,200,3,200,200,200,200
384550,0,30,1,2,0,1,12,5,0,0,0,18,22,0,5,0,0,0,0,200,200
384559,0,20,0,0,0,1,12,7,0,0,0,18,17,1,7,0,6,0,0,200,200
384559,0,20,0,0,0,1,12,7,0,0,0,18,17,0,6,0,0,0,0,200,200
384575,0,30,0,200,200,200,7,6,0,200,200,200,200,2,200,200,200,200,200,200,200
384576,0,40,0,0,0,1,2,3,5,0,0,14,11,1,5,0,8,0,0,200,200
384584,0,30,0,0,0,1,11,5,0,0,0,0,200,0,5,0,12,0,0,200,200
384584,0,30,0,0,0,1,11,5,0,0,0,0,200,0,6,0,12,0,0,200,200
384586,0,30,0,0,0,1,7,6,0,0,200,0,0,0,200,200,200,200,0,200,200
384590,0,25,0,0,0,1,12,5,0,0,0,17,17,1,200,0,1,0,0,200,200
384590,0,25,0,0,0,1,12,5,0,0,0,17,17,0,7,0,0,0,0,200,200
384591,0,25,0,0,0,1,7,6,0,0,0,0,200,0,5,0,12,0,0,200,200
384597,0,30,1,2,0,1,12,1,0,0,200,17,0,1,5,0,1,0,0,200,200
384597,0,30,1,2,0,1,12,1,0,0,200,17,0,1,5,0,0,0,0,200,200
384597,1,30,1,2,0,1,12,1,0,0,200,17,0,1,7,0,200,200,200,200,200
384597,1,30,1,2,0,1,12,1,0,0,200,17,0,0,1,5,200,200,200,200,200
384597,1,30,1,2,0,1,12,1,0,0,200,17,0,1,0,5,200,200,200,200,200
384599,0,10,0,0,0,1,7,7,0,0,0,0,200,0,5,200,12,200,0,200,200
384601,0,30,2,200,0,1,0,12,0,200,200,0,0,1,6,0,200,5,0,200,200
384601,0,30,2,200,0,1,0,12,0,200,200,0,0,0,8,0,0,5,0,200,200
384604,0,35,0,0,0,1,14,5,0,0,0,0,0,1,6,0,0,0,0,200,200
384604,0,35,0,0,0,1,14,5,0,0,0,0,0,0,9,0,0,0,0,200,200
384604,1,35,0,0,0,1,14,5,0,0,0,0,0,0,6,7,200,200,200,200,200
384604,1,35,0,0,0,1,14,5,0,0,0,0,0,2,200,200,200,200,200,200,200
384604,1,35,0,0,0,1,14,5,0,0,0,0,0,2,200,200,200,200,200,200,200
384606,0,30,1,2,0,1,8,2,0,0,0,2,2,1,6,0,15,0,0,200,200
384606,4,30,1,2,0,1,8,2,0,0,0,2,2,0,6,3,0,0,0,200,200
384609,0,10,12,0,200,1,12,12,0,200,0,0,0,0,9,200,200,0,0,200,200
384609,0,10,12,0,200,1,12,12,0,200,0,0,0,1,8,200,0,0,0,200,200
384609,1,10,12,0,200,1,12,12,0,200,0,0,0,1,8,200,200,200,200,200,200
384611,0,30,9,2,0,1,10,2,0,0,200,28,18,0,200,200,3,200,200,200,200
384611,0,30,9,2,0,1,10,2,0,0,200,28,18,0,6,0,0,0,0,200,200
384611,1,30,9,2,0,1,10,2,0,0,200,28,18,1,200,200,200,200,200,200,200
384611,1,30,9,2,0,1,10,2,0,0,200,28,18,2,200,200,200,200,200,200,200
384617,5,30,1,2,0,1,9,5,0,0,0,17,0,0,0,7,0,0,0,200,200
384617,0,30,1,2,0,1,9,5,0,0,0,17,0,0,5,0,1,0,0,200,200
384621,0,30,0,0,0,1,7,7,0,0,200,16,0,2,200,200,8,200,200,200,200
384622,0,30,1,1,0,1,14,5,0,0,0,23,17,0,7,200,7,0,0,200,200
384622,0,30,1,1,0,1,14,5,0,0,0,23,17,0,5,200,200,0,0,200,200
384631,0,25,1,2,0,1,14,2,0,0,0,20,18,1,6,0,3,0,0,200,200
384631,0,25,1,2,0,1,14,2,0,0,0,20,18,0,7,0,6,0,0,200,200
384634,0,30,0,0,200,200,7,5,0,200,0,0,0,2,200,200,200,200,200,200,200
384637,0,30,0,0,0,0,14,5,0,0,0,0,0,0,200,200,7,200,200,200,200
384637,0,30,0,0,0,0,14,5,0,0,0,0,0,1,5,0,0,0,0,200,200
384637,1,30,0,0,0,0,14,5,0,0,0,0,0,1,200,0,200,200,200,200,200
384637,1,30,0,0,0,0,14,5,0,0,0,0,0,1,200,0,200,200,200,200,200
384642,0,35,0,0,0,1,12,3,0,0,0,0,0,1,7,0,200,0,0,200,200
384642,0,35,0,0,0,1,12,3,0,0,0,0,0,0,6,0,0,0,0,200,200
384642,1,35,0,0,0,1,12,3,0,0,0,0,0,1,6,0,200,200,200,200,200
384643,0,35,1,2,0,1,8,5,0,0,200,16,0,0,6,7,1,200,0,200,200
384643,4,35,1,2,0,1,8,5,0,0,200,16,0,0,5,7,1,200,0,200,200
384647,0,30,2,2,0,1,10,5,0,0,0,18,0,0,8,0,3,0,0,200,200
384647,0,30,2,2,0,1,10,5,0,0,0,18,0,0,7,0,0,0,0,200,200
384647,0,30,2,2,0,1,10,5,0,0,0,18,0,0,5,0,0,0,0,200,200
384647,1,30,2,2,0,1,10,5,0,0,0,18,0,1,5,0,200,200,200,200,200
384647,1,30,2,2,0,1,10,5,0,0,0,18,0,1,5,0,200,200,200,200,200
384649,0,30,0,0,0,1,7,5,0,0,200,200,200,1,200,0,0,0,0,200,200
384649,1,30,0,0,0,1,7,5,0,0,200,200,200,200,200,7,200,200,200,200,200
384654,0,10,0,0,0,1,2,0,0,0,0,0,0,2,200,200,200,200,200,200,200
384656,0,5,0,0,0,1,7,7,0,0,0,0,200,2,200,200,200,200,200,200,200
384661,0,30,1,2,0,1,14,1,0,0,0,6,200,0,4,0,5,0,0,200,200
384661,0,30,1,2,0,1,14,1,0,0,0,6,200,0,8,0,0,0,0,200,200
384661,1,30,1,2,0,1,14,1,0,0,0,6,200,1,9,0,200,200,200,200,200
384662,0,30,1,2,0,1,12,5,0,0,0,21,17,1,200,200,4,200,200,200,200
384662,0,30,1,2,0,1,12,5,0,0,0,21,17,0,6,0,0,0,0,200,200
384663,0,30,1,2,200,1,10,5,0,200,200,18,200,1,5,0,200,0,0,200,200
384663,0,30,1,2,200,1,10,5,0,200,200,18,200,0,200,200,0,200,200,200,200
384663,1,30,1,2,200,1,10,5,0,200,200,18,200,1,2,0,200,200,200,200,200
384666,0,30,1,200,0,1,10,200,0,200,200,18,30,0,200,200,3,200,200,200,200
384666,0,30,1,200,0,1,10,200,0,200,200,18,30,0,6,200,0,200,0,200,200
384666,1,30,1,200,0,1,10,200,0,200,200,18,30,1,6,200,200,200,200,200,200
384668,0,0,0,0,0,1,7,7,0,0,0,20,200,0,7,200,6,0,0,200,200
384669,0,20,0,0,0,3,7,5,0,0,0,25,200,2,200,200,12,200,200,200,200
384675,0,10,0,0,0,1,0,7,0,0,0,0,0,2,200,200,200,200,200,200,200
384675,0,10,0,0,0,1,0,7,0,0,0,0,0,0,5,0,0,0,0,200,200
384680,0,25,0,0,0,1,9,5,0,0,0,0,200,0,6,200,6,200,0,200,200
384680,5,25,0,0,0,1,9,5,0,0,0,0,200,1,5,7,12,200,0,200,200
384681,0,30,200,200,200,200,9,5,0,200,200,0,200,1,200,200,200,200,200,200,200
384681,5,30,200,200,200,200,9,5,0,200,200,0,200,1,7,200,200,200,200,200,200
384682,0,30,1,2,0,1,10,5,0,0,0,18,0,1,200,0,3,0,0,200,200
384682,0,30,1,2,0,1,10,5,0,0,0,18,0,0,9,0,12,0,0,200,200
384689,0,30,0,0,0,1,14,6,0,200,200,21,0,1,8,200,7,200,200,200,200
384689,0,30,0,0,0,1,14,6,0,200,200,21,0,0,6,200,0,200,200,200,200
384693,0,30,200,200,0,1,10,6,0,0,0,18,16,0,7,200,3,0,0,200,200
384693,0,30,200,200,0,1,10,6,0,0,0,18,16,0,6,200,0,0,0,200,200
384694,0,30,1,2,0,1,12,6,0,0,0,0,200,1,4,0,12,0,0,200,200
384694,0,30,1,2,0,1,12,6,0,0,0,0,200,1,5,0,0,0,0,200,200
384694,1,30,1,2,0,1,12,6,0,0,0,0,200,0,0,5,200,200,200,200,200
384695,0,15,0,0,200,3,2,0,0,200,200,0,0,2,200,200,200,200,200,200,200
384698,0,30,1,200,0,1,3,5,0,200,200,20,200,1,200,200,200,200,200,200,200
384698,0,30,1,200,0,1,3,5,0,200,200,20,200,0,6,200,0,0,0,200,200
384713,0,30,0,0,0,1,7,5,0,0,0,0,0,0,200,200,200,200,200,200,200
384718,0,30,0,0,0,1,10,6,0,0,0,200,200,0,200,200,200,200,200,200,200
384718,0,30,0,0,0,1,10,6,0,0,0,200,200,0,7,200,1,0,0,200,200
384723,0,30,0,200,0,1,14,5,0,0,0,23,11,0,6,0,7,0,0,200,200
384723,0,30,0,200,0,1,14,5,0,0,0,23,11,1,5,0,0,0,0,200,200
384723,1,30,0,200,0,1,14,5,0,0,0,23,11,1,5,5,200,200,200,200,200
384723,1,30,0,200,0,1,14,5,0,0,0,23,11,0,0,5,200,200,200,200,200
384724,0,30,2,2,0,1,10,5,0,0,0,0,0,1,200,0,3,0,0,200,200
384724,0,30,2,2,0,1,10,5,0,0,0,0,0,0,200,0,0,0,0,200,200
384728,0,30,0,0,0,1,14,5,0,0,0,17,200,0,4,200,1,0,0,200,200
384728,0,30,0,0,0,1,14,5,0,0,0,17,200,0,6,200,0,0,0,200,200
384728,1,30,0,0,0,1,14,5,0,0,0,17,200,1,5,200,200,200,200,200,200
384732,0,55,200,0,0,1,12,3,0,0,0,0,200,2,200,200,200,200,200,200,200
384732,0,55,200,0,0,1,12,3,0,0,0,0,200,1,6,200,0,0,0,200,200
384740,0,30,0,0,0,1,12,3,0,0,0,0,200,0,6,0,200,0,0,200,200
384740,0,30,0,0,0,1,12,3,0,0,0,0,200,0,6,0,200,0,0,200,200
384740,1,30,0,0,0,1,12,3,0,0,0,0,200,1,6,0,200,200,200,200,200
384740,1,30,0,0,0,1,12,3,0,0,0,0,200,1,2,0,200,200,200,200,200
384740,1,30,0,0,0,1,12,3,0,0,0,0,200,1,2,0,200,200,200,200,200
384743,0,30,1,2,0,1,14,5,0,0,0,17,200,0,7,0,1,0,0,200,200
384743,0,30,1,2,0,1,14,5,0,0,0,17,200,0,7,0,1,12,0,200,200
384745,0,30,0,0,0,1,14,3,0,0,0,0,200,0,200,0,200,0,0,200,200
384745,0,30,0,0,0,1,14,3,0,0,0,0,200,0,7,7,0,0,0,200,200
384749,0,30,0,0,0,1,10,5,0,0,200,18,0,0,6,200,3,0,0,200,200
384749,0,30,0,0,0,1,10,5,0,0,200,18,0,0,6,0,0,0,0,200,200
384749,1,30,0,0,0,1,10,5,0,0,200,18,0,0,200,200,200,200,200,200,200
384754,0,30,1,2,0,1,12,5,0,0,0,17,21,1,200,200,3,200,200,200,200
384754,0,30,1,2,0,1,12,5,0,0,0,17,21,0,6,0,0,0,0,200,200
384755,0,35,1,2,0,1,10,2,0,0,0,0,0,0,6,0,200,0,0,200,200
384755,0,35,1,2,0,1,10,2,0,0,0,0,0,0,6,0,0,0,0,200,200
384755,0,35,1,2,0,1,10,2,0,0,0,0,0,0,6,0,200,0,0,200,200
384766,0,30,0,0,0,1,7,5,0,0,0,0,200,1,200,200,200,200,200,200,200
384772,0,35,0,0,0,1,10,5,0,0,0,0,0,0,6,0,0,0,0,200,200
384772,0,35,0,0,0,1,10,5,0,0,0,0,0,0,8,0,1,0,0,200,200
384772,1,35,0,0,0,1,10,5,0,0,0,0,0,1,8,7,200,200,200,200,200
384772,1,35,0,0,0,1,10,5,0,0,0,0,0,0,200,7,200,200,200,200,200
384775,0,30,0,0,0,1,7,6,0,0,0,200,200,2,200,200,200,200,200,200,200
384777,0,30,1,2,2,1,10,5,0,1,0,0,200,0,5,0,1,0,0,200,200
384777,0,30,1,2,2,1,10,5,0,1,0,0,200,0,6,0,0,0,0,200,200
384789,0,30,1,2,0,1,12,2,0,0,0,21,200,0,6,0,4,0,0,200,200
384789,0,30,1,2,0,1,12,2,0,0,0,21,200,0,9,0,0,0,0,200,200
384790,0,35,1,200,200,1,10,2,0,200,200,18,18,1,200,200,3,200,200,200,200
384790,0,35,1,200,200,1,10,2,0,200,200,18,18,0,9,0,0,200,0,200,200
384793,0,35,1,2,0,1,7,5,0,0,0,25,0,0,200,200,12,200,200,200,200
384793,1,35,1,2,0,1,7,5,0,0,0,25,0,1,200,1,200,200,200,200,200
384793,1,35,1,2,0,1,7,5,0,0,0,25,0,200,200,200,200,200,200,200,200
384793,1,35,1,2,0,1,7,5,0,0,0,25,0,1,0,5,200,200,200,200,200
384809,0,30,1,2,0,1,14,5,0,0,0,0,0,1,5,200,2,0,0,200,200
384809,0,30,1,2,0,1,14,5,0,0,0,0,0,0,6,200,0,200,0,200,200
384823,0,25,0,0,0,1,9,6,0,0,0,0,200,0,7,0,0,0,0,200,200
384823,5,25,0,0,0,1,9,6,0,0,0,0,200,0,2,7,200,0,0,200,200
384829,0,30,200,200,0,1,10,2,0,200,200,0,0,0,5,200,4,200,200,200,1
384829,0,30,200,200,0,1,10,2,0,200,200,0,0,0,6,0,0,0,0,200,200
384833,0,30,1,2,0,1,0,2,0,0,0,6,200,1,5,0,5,0,0,200,200
384833,0,30,1,2,0,1,0,2,0,0,0,6,200,0,200,200,0,0,0,200,200
384833,1,30,1,2,0,1,0,2,0,0,0,6,200,1,0,0,200,200,200,200,200
384834,0,5,0,0,0,1,0,6,0,0,0,20,17,1,200,200,6,200,200,200,200
384834,0,5,0,0,0,1,0,6,0,0,0,20,17,1,6,0,12,0,0,200,200
384837,0,30,2,12,0,1,0,5,0,0,0,0,200,1,7,0,200,0,0,200,200
384837,0,30,2,12,0,1,0,5,0,0,0,0,200,0,6,0,0,0,0,200,200
384837,1,30,2,12,0,1,0,5,0,0,0,0,200,1,200,0,200,200,200,200,200
384839,0,30,0,0,0,1,5,5,0,0,0,12,200,0,6,0,200,0,0,200,200
384839,1,30,0,0,0,1,5,5,0,0,0,12,200,1,6,0,200,200,200,200,200
384844,0,20,0,0,0,1,7,6,0,0,0,12,11,1,4,200,12,200,1,200,200
384846,0,30,0,0,200,2,2,12,0,200,12,29,29,0,6,200,0,0,0,200,200
384854,0,15,0,0,0,200,14,0,0,1,0,23,23,0,200,200,7,200,200,200,200
384854,0,15,0,0,0,200,14,0,0,1,0,23,23,0,5,0,0,0,0,200,200
384865,0,30,1,2,0,1,0,5,0,0,0,17,0,1,6,0,1,0,0,200,200
384865,0,30,1,2,0,1,0,5,0,0,0,17,0,1,7,0,0,0,0,200,200
384867,0,35,0,0,0,1,7,7,0,0,0,20,200,0,7,200,6,0,0,200,200
384873,0,30,1,2,0,1,7,3,0,0,0,23,0,0,200,200,7,200,200,200,200
384873,1,30,1,2,0,1,7,3,0,0,0,23,0,1,7,0,200,200,200,200,200
384874,0,30,0,0,0,1,7,6,0,0,0,21,12,0,6,0,12,0,0,200,200
384874,1,30,0,0,0,1,7,6,0,0,0,21,12,0,2,0,200,200,200,200,200
384874,1,30,0,0,0,1,7,6,0,0,0,21,12,0,2,5,200,200,200,200,200
384874,1,30,0,0,0,1,7,6,0,0,0,21,12,1,200,0,200,200,200,200,200
384882,0,30,200,200,0,1,10,5,0,0,0,16,0,1,6,200,1,200,200,200,200
384882,0,30,200,200,0,1,10,5,0,0,0,16,0,1,5,0,0,0,0,200,200
384882,1,30,200,200,0,1,10,5,0,0,0,16,0,1,6,0,200,200,200,200,200
384882,1,30,200,200,0,1,10,5,0,0,0,16,0,0,4,0,200,200,200,200,200
384882,1,30,200,200,0,1,10,5,0,0,0,16,0,0,1,0,200,200,200,200,200
384885,0,30,0,0,0,1,10,5,0,0,0,16,11,0,4,0,1,0,0,200,200
384885,0,30,0,0,0,1,10,5,0,0,0,16,11,0,5,0,0,0,0,200,200
384886,0,30,0,0,0,1,7,2,0,0,0,0,200,0,6,0,0,0,0,200,200
384886,1,30,0,0,0,1,7,2,0,0,0,0,200,1,7,0,200,200,200,200,200
384891,0,35,0,0,0,1,7,3,0,0,0,0,0,0,7,0,200,0,0,200,200
384894,0,30,2,2,0,1,0,5,0,0,0,0,0,0,6,200,200,200,200,200,200
384894,0,30,2,2,0,1,0,5,0,0,0,0,0,0,7,200,200,200,200,200,200
384894,1,30,2,2,0,1,0,5,0,0,0,0,0,0,7,200,200,200,200,200,200
384898,0,30,1,2,0,1,10,2,0,0,0,16,200,0,6,200,3,200,0,200,200
384898,0,30,1,2,0,1,10,2,0,0,0,16,200,0,7,200,0,200,0,200,200
384906,0,30,1,2,0,1,12,5,0,0,0,22,11,0,200,200,4,200,200,200,200
384906,0,30,1,2,0,1,12,5,0,0,0,22,11,0,6,0,12,0,0,200,200
384908,0,30,1,200,0,1,10,2,0,0,0,16,0,0,6,0,8,0,0,200,200
384908,0,30,1,200,0,1,10,2,0,0,0,16,0,0,7,0,0,0,0,200,200
384908,0,30,1,200,0,1,10,2,0,0,0,16,0,1,6,0,0,0,0,200,200
384912,0,30,0,0,0,1,8,5,0,0,200,17,200,0,4,200,12,0,0,200,200
384912,4,30,0,0,0,1,8,5,0,0,200,17,200,0,5,3,0,0,0,200,200
384916,0,35,0,0,0,1,10,2,0,0,0,0,0,1,4,0,200,0,0,200,200
384916,0,35,0,0,0,1,10,2,0,0,0,0,0,1,7,0,200,0,0,200,200
384917,0,30,1,2,0,1,10,5,0,0,0,200,200,0,200,200,12,200,200,200,200
384917,0,30,1,2,0,1,10,5,0,0,0,200,200,1,8,0,0,0,0,200,200
384920,0,30,0,0,0,1,7,5,0,200,200,0,200,1,6,200,200,200,0,200,200
384920,1,30,0,0,0,1,7,5,0,200,200,0,200,1,5,200,200,200,200,200,200
384926,0,30,1,2,0,1,12,5,0,0,0,0,0,1,4,0,4,200,0,200,200
384926,0,30,1,2,0,1,12,5,0,0,0,0,0,1,6,0,0,0,0,200,200
384938,0,30,1,2,0,1,10,2,0,0,0,0,0,0,7,0,12,0,0,200,200
384938,0,30,1,2,0,1,10,2,0,0,0,0,0,0,6,0,0,0,0,200,200
384941,0,30,1,2,0,1,10,5,0,0,200,18,0,0,6,200,3,0,0,200,200
384941,0,30,1,2,0,1,10,5,0,0,200,18,0,0,8,0,0,0,0,200,200
384941,1,30,1,2,0,1,10,5,0,0,200,18,0,1,200,200,200,200,200,200,200
384941,1,30,1,2,0,1,10,5,0,0,200,18,0,0,200,200,200,200,200,200,200
384941,1,30,1,2,0,1,10,5,0,0,200,18,0,0,200,200,200,200,200,200,200
384942,0,30,200,200,0,1,10,200,0,200,200,20,200,1,8,200,6,200,0,200,200
384942,0,30,200,200,0,1,10,200,0,200,200,20,200,0,7,200,0,200,0,200,200
384942,1,30,200,200,0,1,10,200,0,200,200,20,200,1,8,200,200,200,200,200,200
384942,1,30,200,200,0,1,10,200,0,200,200,20,200,200,200,200,200,200,200,200,200
384945,0,30,0,0,0,1,7,6,0,0,0,11,0,2,200,200,200,200,200,200,200
384946,0,30,1,2,0,1,10,5,0,0,0,18,200,0,7,0,3,0,0,200,200
384946,0,30,1,2,0,1,10,5,0,0,0,18,200,0,6,0,0,0,0,200,200
384951,0,25,2,2,0,1,7,5,0,0,0,0,0,2,200,200,200,200,200,200,200
384951,1,25,2,2,0,1,7,5,0,0,0,0,0,0,200,200,200,200,200,200,200
384951,1,25,2,2,0,1,7,5,0,0,0,0,0,0,200,200,200,200,200,200,200
384955,0,30,0,0,0,1,7,5,0,0,0,0,0,2,200,200,200,200,200,200,200
384957,0,35,1,2,0,1,7,2,0,0,0,21,200,0,5,0,12,0,0,200,200
384965,0,30,0,0,0,1,10,7,0,0,0,21,10,0,200,200,6,200,200,200,200
384965,0,30,0,0,0,1,10,7,0,0,0,21,10,1,8,0,0,0,0,200,200
384966,0,30,0,0,0,1,7,5,0,0,0,0,0,0,5,200,200,200,200,200,200
384967,0,30,0,0,0,1,12,5,0,0,0,22,200,0,6,0,200,0,0,200,200
384967,0,30,0,0,0,1,12,5,0,0,0,22,200,0,5,0,200,0,0,200,200
384967,1,30,0,0,0,1,12,5,0,0,0,22,200,2,200,200,200,200,200,200,200
384967,1,30,0,0,0,1,12,5,0,0,0,22,200,2,200,200,200,200,200,200,200
384968,0,35,0,0,0,1,12,5,0,0,0,0,0,0,8,0,200,0,0,200,200
384968,0,35,0,0,0,1,12,5,0,0,0,0,0,0,6,0,200,200,200,200,200
384976,0,30,0,0,0,1,10,5,0,200,200,0,200,1,5,200,3,0,0,200,200
384976,0,30,0,0,0,1,10,5,0,200,200,0,200,0,6,200,200,0,0,200,200
384980,0,30,200,200,0,1,12,5,0,0,0,0,19,0,6,200,200,200,200,200,200
384980,0,30,200,200,0,1,12,5,0,0,0,0,19,0,7,200,200,200,200,200,200
384981,0,30,0,0,0,1,0,5,0,0,0,0,200,0,8,0,200,0,0,200,200
384981,0,30,0,0,0,1,0,5,0,0,0,0,200,0,5,0,0,0,0,200,200
384986,0,30,0,0,0,1,12,5,0,0,0,0,0,2,200,200,200,200,200,200,200
384986,0,30,0,0,0,1,12,5,0,0,0,0,0,0,5,0,0,0,0,200,200
384988,0,35,0,0,200,1,12,2,0,200,200,0,0,1,8,200,4,200,200,200,200
384988,0,35,0,0,200,1,12,2,0,200,200,0,0,0,7,200,0,200,0,200,200
384990,0,30,1,2,200,1,10,5,0,200,0,18,0,1,6,200,3,0,0,200,200
384990,0,30,1,2,200,1,10,5,0,200,0,18,0,0,5,200,0,0,0,200,200
384998,0,15,2,200,0,1,0,12,0,200,200,0,200,1,5,200,200,200,200,200,200
384998,0,15,2,200,0,1,0,12,0,200,200,0,200,1,4,200,200,200,200,200,200
385001,0,30,2,2,0,1,10,5,0,0,0,0,0,0,200,0,200,0,0,200,200
385001,0,30,2,2,0,1,10,5,0,0,0,0,0,0,6,0,0,0,0,200,200
385002,0,0,0,0,0,1,7,7,0,0,0,200,200,1,200,200,0,200,200,200,200
385002,1,0,0,0,0,1,7,7,0,0,0,200,200,1,7,0,200,200,200,200,200
385002,1,0,0,0,0,1,7,7,0,0,0,200,200,0,9,0,200,200,200,200,200
385002,1,0,0,0,0,1,7,7,0,0,0,200,200,1,7,0,200,200,200,200,200
385008,0,35,1,2,0,1,10,3,0,0,0,18,200,1,5,0,3,0,0,200,200
385008,0,35,1,2,0,1,10,3,0,0,0,18,200,1,5,1,0,0,0,200,200
385008,1,35,1,2,0,1,10,3,0,0,0,18,200,1,2,0,200,200,200,200,200
385015,0,30,0,0,0,1,10,5,0,200,200,16,0,0,200,200,3,200,200,200,200
385015,0,30,0,0,0,1,10,5,0,200,200,16,0,0,6,200,12,200,0,200,200
385015,1,30,0,0,0,1,10,5,0,200,200,16,0,1,200,200,200,200,200,200,200
385015,1,30,0,0,0,1,10,5,0,200,200,16,0,0,200,5,200,200,200,200,200
385022,0,30,0,0,0,1,7,2,0,0,0,200,4,2,200,200,12,200,200,200,200
385025,0,30,0,0,0,1,7,5,0,0,0,0,0,2,200,200,200,200,200,200,200
385044,0,30,0,0,0,1,12,5,0,200,200,0,200,1,6,200,4,200,0,200,200
385044,0,30,0,0,0,1,12,5,0,200,200,0,200,1,7,200,0,200,200,200,200