RD_NO,PERSON_TYPE,POSTED_SPEED_LIMIT,TRAFFIC_CONTROL_DEVICE,DEVICE_CONDITION,WEATHER_CONDITION,LIGHTING_CONDITION,FIRST_CRASH_TYPE,TRAFFICWAY_TYPE,ALIGNMENT,ROADWAY_SURFACE_COND,ROAD_DEFECT,PRIM_CONTRIBUTORY_CAUSE,SEC_CONTRIBUTORY_CAUSE,SEX,AGE,SAFETY_EQUIPMENT,DRIVER_ACTION,DRIVER_VISION,PHYSICAL_CONDITION,BAC_RESULT VALUE,CELL_PHONE_USE
385044,1,30,0,0,0,1,12,5,0,200,200,0,200,1,0,5,200,200,200,200,200
385050,0,25,200,2,0,1,12,5,0,0,0,18,22,1,200,200,3,200,200,200,200
385050,0,25,200,2,0,1,12,5,0,0,0,18,22,1,4,200,200,0,0,200,200
385050,1,25,200,2,0,1,12,5,0,0,0,18,22,0,200,200,200,200,200,200,200
385050,1,25,200,2,0,1,12,5,0,0,0,18,22,0,200,200,200,200,200,200,200
385050,1,25,200,2,0,1,12,5,0,0,0,18,22,1,200,200,200,200,200,200,200
385050,1,25,200,2,0,1,12,5,0,0,0,18,22,2,200,200,200,200,200,200,200
385050,1,25,200,2,0,1,12,5,0,0,0,18,22,1,5,200,200,200,200,200,200
385052,0,30,0,0,0,1,7,5,0,0,0,200,200,0,5,200,12,200,200,200,200
385052,0,30,0,0,0,1,7,5,0,0,0,200,200,1,6,0,12,200,0,200,200
385052,1,30,0,0,0,1,7,5,0,0,0,200,200,0,5,0,200,200,200,200,200
385052,1,30,0,0,0,1,7,5,0,0,0,200,200,0,1,5,200,200,200,200,200
385052,1,30,0,0,0,1,7,5,0,0,0,200,200,0,5,200,200,200,200,200,200
385053,0,30,0,0,0,1,14,0,0,0,0,0,0,0,5,200,200,200,200,200,200
385053,0,30,0,0,0,1,14,0,0,0,0,0,0,1,7,200,200,200,200,200,200
385054,0,25,0,0,0,1,12,6,0,0,0,25,18,1,200,200,3,200,200,200,200
385054,0,25,0,0,0,1,12,6,0,0,0,25,18,1,6,200,200,200,0,200,200
385056,0,30,0,0,0,1,14,5,0,0,0,20,200,0,8,200,7,0,0,200,200
385056,0,30,0,0,0,1,14,5,0,0,0,20,200,1,6,7,0,0,0,200,200
385056,1,30,0,0,0,1,14,5,0,0,0,20,200,0,200,200,200,200,200,200,200
385056,1,30,0,0,0,1,14,5,0,0,0,20,200,0,200,200,200,200,200,200,200
385059,0,30,1,2,0,1,14,3,3,0,0,0,0,0,5,200,4,0,0,200,200
385059,0,30,1,2,0,1,14,3,3,0,0,0,0,0,6,200,0,0,0,200,200
385059,0,30,1,2,0,1,14,3,3,0,0,0,0,0,7,200,0,0,0,200,200
385059,1,30,1,2,0,1,14,3,3,0,0,0,0,0,5,200,200,200,200,200,200
385061,0,30,1,2,0,1,10,2,0,0,0,18,11,0,5,200,3,0,0,200,200
385061,0,30,1,2,0,1,10,2,0,0,0,18,11,1,6,0,0,0,0,200,200
385063,0,20,0,0,0,1,7,7,0,0,0,0,0,0,200,200,10,200,200,200,200
385063,1,20,0,0,0,1,7,7,0,0,0,0,0,0,6,0,200,200,200,200,200
385064,0,35,0,0,0,1,10,5,0,0,0,0,0,2,200,200,200,200,200,200,200
385064,0,35,0,0,0,1,10,5,0,0,0,0,0,0,7,0,0,0,0,200,200
385066,0,30,200,200,0,1,12,5,0,0,0,6,21,0,7,0,4,0,0,200,200
385066,0,30,200,200,0,1,12,5,0,0,0,6,21,1,6,0,0,0,0,200,200
385068,0,30,0,0,0,200,7,200,0,200,200,20,200,1,5,200,6,200,200,200,200
385070,0,30,0,0,0,1,7,2,0,0,0,4,17,0,0,0,0,0,0,200,200
385071,0,30,1,2,0,1,10,5,0,0,0,0,0,1,200,200,3,200,200,200,200
385071,0,30,1,2,0,1,10,5,0,0,0,0,0,0,200,0,0,0,0,200,200
385071,0,30,1,2,0,1,10,5,0,0,0,0,0,0,200,0,0,0,0,200,200
385071,1,30,1,2,0,1,10,5,0,0,0,0,0,1,200,0,200,200,200,200,200
385075,0,30,1,2,0,1,14,5,0,0,200,17,200,1,5,7,1,200,0,200,200
385075,0,30,1,2,0,1,14,5,0,0,200,17,200,0,4,0,0,200,0,200,200
385078,0,30,1,200,0,1,10,5,0,200,200,0,200,1,200,200,200,200,200,200,200
385078,0,30,1,200,0,1,10,5,0,200,200,0,200,1,7,200,0,200,200,200,200
385087,0,30,0,0,0,1,0,5,0,0,0,16,11,0,200,200,1,200,200,200,200
385087,0,30,0,0,0,1,0,5,0,0,0,16,11,0,6,0,0,0,0,200,200
385091,0,30,0,0,0,1,7,6,0,0,0,200,200,2,200,200,200,200,200,200,200
385093,0,30,0,0,0,1,14,5,0,0,0,22,23,1,6,0,2,0,0,200,200
385093,0,30,0,0,0,1,14,5,0,0,0,22,23,0,7,0,7,0,0,200,200
385098,0,30,1,2,0,1,10,2,0,0,0,18,11,0,200,200,3,200,200,200,200
385098,0,30,1,2,0,1,10,2,0,0,0,18,11,1,6,0,0,0,0,200,200
385098,1,30,1,2,0,1,10,2,0,0,0,18,11,1,200,200,200,200,200,200,200
385098,1,30,1,2,0,1,10,2,0,0,0,18,11,1,200,200,200,200,200,200,200
385098,1,30,1,2,0,1,10,2,0,0,0,18,11,1,7,0,200,200,200,200,200
385098,1,30,1,2,0,1,10,2,0,0,0,18,11,1,2,0,200,200,200,200,200
385098,1,30,1,2,0,1,10,2,0,0,0,18,11,1,2,0,200,200,200,200,200
385098,1,30,1,2,0,1,10,2,0,0,0,18,11,1,2,0,200,200,200,200,200
385099,0,30,2,2,0,1,10,5,0,0,0,18,16,1,6,0,3,0,0,200,200
385099,0,30,2,2,0,1,10,5,0,0,0,18,16,1,6,0,0,0,0,200,200
385104,0,30,2,2,0,1,14,2,0,0,0,0,0,0,9,0,1,0,0,200,200
385104,0,30,2,2,0,1,14,2,0,0,0,0,0,0,200,200,200,200,200,200,200
385109,0,45,1,2,0,1,10,3,0,0,200,18,0,0,6,0,8,0,0,200,200
385109,0,45,1,2,0,1,10,3,0,0,200,18,0,0,6,0,0,0,0,200,200
385109,1,45,1,2,0,1,10,3,0,0,200,18,0,1,6,0,200,200,200,200,200
385109,1,45,1,2,0,1,10,3,0,0,200,18,0,1,9,0,200,200,200,200,200
385114,0,30,1,2,0,1,14,5,0,0,0,18,200,0,200,200,3,200,200,200,200
385114,0,30,1,2,0,1,14,5,0,0,0,18,200,0,6,0,0,0,0,200,200
385124,4,30,2,2,0,1,8,5,0,0,0,0,200,0,6,7,1,0,0,200,200
385124,0,30,2,2,0,1,8,5,0,0,0,0,200,0,6,200,2,0,0,200,200
385126,0,30,1,2,0,1,10,5,0,0,0,0,200,1,6,200,200,200,200,200,200
385126,0,30,1,2,0,1,10,5,0,0,0,0,200,1,6,0,0,0,0,200,200
385128,0,30,0,0,0,1,7,5,0,0,0,0,0,2,200,200,200,200,200,200,200
385129,0,30,0,200,0,200,12,200,0,200,200,18,200,0,7,200,3,200,200,200,200
385129,0,30,0,200,0,200,12,200,0,200,200,18,200,0,6,200,0,200,0,200,200
385129,1,30,0,200,0,200,12,200,0,200,200,18,200,0,5,200,200,200,200,200,200
385131,4,35,1,2,0,1,8,12,0,0,0,17,200,0,6,7,1,0,0,200,200
385131,0,35,1,2,0,1,8,12,0,0,0,17,200,0,7,0,0,0,0,200,200
385134,0,20,0,0,0,1,10,2,0,0,200,18,18,0,8,200,1,200,200,200,200
385134,0,20,0,0,0,1,10,2,0,0,200,18,18,0,6,0,0,200,0,200,200
385137,0,30,1,2,0,1,10,5,0,0,0,0,0,0,200,200,200,200,200,200,200
385137,0,30,1,2,0,1,10,5,0,0,0,0,0,1,5,0,0,0,200,200,200
385137,1,30,1,2,0,1,10,5,0,0,0,0,0,1,200,200,200,200,200,200,200
385146,0,35,1,2,0,1,10,3,0,0,200,25,200,2,200,200,4,200,200,200,200
385146,0,35,1,2,0,1,10,3,0,0,200,25,200,0,5,0,0,0,0,200,200
385149,0,30,0,0,0,1,7,7,0,0,0,20,20,1,200,0,6,0,0,200,200
385153,0,30,1,2,0,1,10,6,0,0,0,0,0,0,200,0,200,0,0,200,200
385153,0,30,1,2,0,1,10,6,0,0,0,0,0,0,200,200,200,200,200,200,200
385153,1,30,1,2,0,1,10,6,0,0,0,0,0,1,200,0,200,200,200,200,200
385154,0,15,0,0,0,4,0,7,0,0,0,0,0,1,5,0,0,0,0,200,200
385154,0,15,0,0,0,4,0,7,0,0,0,0,0,1,6,0,0,0,0,200,200
385154,1,15,0,0,0,4,0,7,0,0,0,0,0,0,2,0,200,200,200,200,200
385154,1,15,0,0,0,4,0,7,0,0,0,0,0,1,200,0,200,200,200,200,200
385158,0,30,1,0,0,1,10,2,0,0,0,16,18,1,5,0,3,0,0,200,200
385158,0,30,1,0,0,1,10,2,0,0,0,16,18,1,7,0,0,0,0,200,200
385158,1,30,1,0,0,1,10,2,0,0,0,16,18,0,1,0,200,200,200,200,200
385158,1,30,1,0,0,1,10,2,0,0,0,16,18,0,2,0,200,200,200,200,200
385158,1,30,1,0,0,1,10,2,0,0,0,16,18,1,5,0,200,200,200,200,200
385159,0,30,0,0,0,1,12,5,0,0,0,17,200,0,9,0,1,0,0,200,200
385159,0,30,0,0,0,1,12,5,0,0,0,17,200,0,5,0,1,0,0,200,200
385165,0,30,200,200,0,1,12,5,0,0,0,0,0,1,200,200,200,200,200,200,200
385165,0,30,200,200,0,1,12,5,0,0,0,0,0,1,6,200,200,200,200,200,200
385176,0,30,200,200,200,200,10,200,0,200,200,0,200,1,9,0,200,200,200,200,200
385176,0,30,200,200,200,200,10,200,0,200,200,0,200,1,200,200,200,200,200,200,200
385176,1,30,200,200,200,200,10,200,0,200,200,0,200,1,9,0,200,200,200,200,200
385181,0,30,0,0,0,4,2,5,0,0,12,200,200,0,6,0,0,0,0,200,200
385184,0,35,0,0,0,1,10,2,0,0,0,18,0,0,5,0,3,0,0,200,200
385184,0,35,0,0,0,1,10,2,0,0,0,18,0,1,7,0,0,200,0,200,200
385189,0,30,1,2,0,1,10,5,0,0,0,18,200,0,200,200,3,200,200,200,200
385189,0,30,1,2,0,1,10,5,0,0,0,18,200,0,6,0,0,0,0,200,200
385194,0,30,1,200,0,4,10,5,0,200,200,0,0,1,5,0,3,0,200,200,200
385194,0,30,1,200,0,4,10,5,0,200,200,0,0,0,6,0,0,0,0,200,200
385195,0,30,0,0,0,1,14,2,0,0,0,17,23,1,200,200,7,200,200,200,200
385195,0,30,0,0,0,1,14,2,0,0,0,17,23,0,5,0,0,0,0,200,200
385197,0,20,0,0,0,1,7,6,1,0,12,11,8,1,7,200,12,200,0,200,200
385201,0,30,0,0,0,1,10,5,0,0,0,0,200,0,6,200,1,0,0,200,200
385201,0,30,0,0,0,1,10,5,0,0,0,0,200,0,6,0,0,0,0,200,200
385201,1,30,0,0,0,1,10,5,0,0,0,0,200,0,200,0,200,200,200,200,200
385201,1,30,0,0,0,1,10,5,0,0,0,0,200,0,200,0,200,200,200,200,200
385205,0,30,0,0,0,1,11,5,0,0,0,17,200,1,6,0,1,0,0,200,200
385205,0,30,0,0,0,1,11,5,0,0,0,17,200,0,5,0,1,0,0,200,200
385207,0,30,0,0,0,1,14,5,0,0,0,0,200,1,5,7,0,0,0,200,200
385207,0,30,0,0,0,1,14,5,0,0,0,0,200,1,5,7,0,0,0,200,200
385208,0,30,0,0,0,1,12,3,0,0,0,0,0,1,200,200,200,200,200,200,200
385208,0,30,0,0,0,1,12,3,0,0,0,0,0,1,6,200,0,200,0,200,200
385208,1,30,0,0,0,1,12,3,0,0,0,0,0,1,6,200,200,200,200,200,200
385209,0,30,1,2,0,1,10,6,0,0,200,18,16,0,7,200,3,200,200,200,200
385209,0,30,1,2,0,1,10,6,0,0,200,18,16,0,7,0,0,0,0,200,200
385209,0,30,1,2,0,1,10,6,0,0,200,18,16,0,200,200,0,200,200,200,200
385210,0,30,0,200,0,1,14,5,0,0,0,200,200,1,9,0,1,0,0,200,200
385210,0,30,0,200,0,1,14,5,0,0,0,200,200,1,8,0,0,0,0,200,200
385210,1,30,0,200,0,1,14,5,0,0,0,200,200,0,8,0,200,200,200,200,200
385214,0,30,1,2,0,1,12,5,0,0,0,22,200,0,200,200,4,200,200,200,200
385214,0,30,1,2,0,1,12,5,0,0,0,22,200,0,6,0,0,0,0,200,200
385215,0,30,1,2,0,1,10,2,0,0,0,18,200,1,7,0,3,0,0,200,200
385215,0,30,1,2,0,1,10,2,0,0,0,18,200,0,6,0,0,0,0,200,200
385216,0,30,1,200,0,1,14,6,0,0,200,0,0,1,200,200,200,200,200,200,200
385216,0,30,1,200,0,1,14,6,0,0,200,0,0,0,6,0,200,0,0,200,200
385217,0,30,0,0,200,1,10,2,0,200,200,0,200,0,5,200,12,200,200,200,200
385217,0,30,0,0,200,1,10,2,0,200,200,0,200,0,8,200,0,200,200,200,200
385218,0,30,1,2,0,0,3,2,0,0,0,0,0,0,200,200,200,200,200,200,200
385218,0,30,1,2,0,0,3,2,0,0,0,0,0,1,4,0,0,0,0,200,200
385225,0,30,0,0,200,200,7,5,0,200,0,0,0,2,200,200,200,200,200,200,200
385227,0,30,0,200,0,1,12,5,0,0,200,0,0,0,200,200,2,200,200,200,200
385227,0,30,0,200,0,1,12,5,0,0,200,0,0,1,6,200,200,200,0,200,200
385230,0,30,1,2,0,1,12,5,0,0,0,0,0,1,6,200,200,200,0,200,200
385230,0,30,1,2,0,1,12,5,0,0,0,0,0,0,7,200,0,200,0,200,200
385234,0,30,0,0,0,1,7,6,0,0,0,0,0,2,200,200,200,200,200,200,200
385238,0,30,2,2,0,1,9,5,0,0,0,0,0,0,6,200,1,200,200,200,200
385238,5,30,2,2,0,1,9,5,0,0,0,0,0,1,6,7,0,0,0,200,200
385241,0,30,0,0,0,1,10,5,0,0,0,0,0,0,200,0,4,0,0,200,200
385241,0,30,0,0,0,1,10,5,0,0,0,0,0,0,200,0,0,0,0,200,200
385244,0,0,0,0,0,1,7,7,0,0,0,0,0,0,6,200,200,200,200,200,200
385245,0,30,0,0,0,1,14,0,0,0,0,17,25,0,200,200,1,200,200,200,200
385245,0,30,0,0,0,1,14,0,0,0,0,17,25,1,6,200,0,0,0,200,200
385245,1,30,0,0,0,1,14,0,0,0,0,17,25,2,200,200,200,200,200,200,200
385245,1,30,0,0,0,1,14,0,0,0,0,17,25,2,200,200,200,200,200,200,200
385245,1,30,0,0,0,1,14,0,0,0,0,17,25,2,200,200,200,200,200,200,200
385246,0,30,0,0,0,1,14,5,0,0,0,21,21,0,6,200,8,200,200,200,200
385246,0,30,0,0,0,1,14,5,0,0,0,21,21,1,7,0,0,0,0,200,200
385247,0,30,0,0,0,1,12,2,0,0,0,17,11,0,5,0,4,0,0,200,200
385247,0,30,0,0,0,1,12,2,0,0,0,17,11,2,200,200,0,200,200,200,200
385249,0,30,0,0,0,1,14,5,0,200,200,17,200,1,6,200,200,200,0,200,200
385249,0,30,0,0,0,1,14,5,0,200,200,17,200,1,7,200,0,0,0,200,200
385249,1,30,0,0,0,1,14,5,0,200,200,17,200,0,0,200,200,200,200,200,200
385249,1,30,0,0,0,1,14,5,0,200,200,17,200,1,0,200,200,200,200,200,200
385261,0,30,1,2,0,1,10,6,0,0,0,18,200,0,6,200,3,0,0,200,200
385261,0,30,1,2,0,1,10,6,0,0,0,18,200,1,6,0,0,0,0,200,200
385264,0,30,1,200,0,4,10,5,0,200,200,18,0,0,200,200,200,200,200,200,200
385264,0,30,1,200,0,4,10,5,0,200,200,18,0,1,7,0,0,0,0,200,200
385273,0,30,2,0,0,1,0,2,2,0,200,25,0,0,7,200,200,0,0,200,200
385273,0,30,2,0,0,1,0,2,2,0,200,25,0,1,200,200,200,200,200,200,200
385275,0,30,0,0,0,4,10,5,0,0,0,18,18,0,4,200,3,200,200,200,200
385275,0,30,0,0,0,4,10,5,0,0,0,18,18,0,4,7,0,0,0,200,200
385279,0,30,0,0,0,200,7,5,0,0,200,22,200,1,5,200,2,200,0,200,200
385282,0,30,1,2,0,4,12,5,0,0,0,0,200,1,6,200,200,200,200,200,200
385282,0,30,1,2,0,4,12,5,0,0,0,0,200,0,7,0,0,0,0,200,200
385286,0,30,0,0,0,0,7,6,0,0,0,0,0,2,200,200,200,0,200,200,200
385291,0,30,1,2,0,3,12,5,0,0,0,22,200,0,200,200,2,200,200,200,200
385291,0,30,1,2,0,3,12,5,0,0,0,22,200,0,6,0,0,0,0,200,200
385295,0,30,0,0,0,1,10,5,0,0,0,18,200,1,5,0,3,0,0,200,200
385295,0,30,0,0,0,1,10,5,0,0,0,18,200,1,5,0,12,0,0,200,200
385295,1,30,0,0,0,1,10,5,0,0,0,18,200,1,200,0,200,200,200,200,200
385295,1,30,0,0,0,1,10,5,0,0,0,18,200,0,200,1,200,200,200,200,200
385295,1,30,0,0,0,1,10,5,0,0,0,18,200,1,200,0,200,200,200,200,200
385295,1,30,0,0,0,1,10,5,0,0,0,18,200,1,6,0,200,200,200,200,200
385296,0,30,0,0,0,1,7,6,0,0,0,15,16,0,200,200,12,200,200,200,200
385296,1,30,0,0,0,1,7,6,0,0,0,15,16,0,200,200,200,200,200,200,200
385297,0,30,0,0,0,1,7,5,0,0,0,27,20,1,3,0,6,200,0,200,200
385307,0,35,0,0,0,1,7,3,0,0,0,22,11,2,200,200,2,200,200,200,200
385309,5,5,0,0,0,1,9,7,0,0,0,0,0,1,6,200,0,0,0,200,200
385309,0,5,0,0,0,1,9,7,0,0,0,0,0,1,200,200,8,200,200,200,200
385309,1,5,0,0,0,1,9,7,0,0,0,0,0,0,200,200,200,200,200,200,200
385309,1,5,0,0,0,1,9,7,0,0,0,0,0,0,200,200,200,200,200,200,200
385309,1,5,0,0,0,1,9,7,0,0,0,0,0,0,200,200,200,200,200,200,200
385312,0,30,0,0,0,1,7,5,0,0,0,21,21,2,200,200,200,200,200,200,200
385319,0,30,1,2,0,1,10,5,0,0,200,18,200,0,7,200,3,200,200,200,200
385319,0,30,1,2,0,1,10,5,0,0,200,18,200,0,6,0,0,0,0,200,200
385322,0,30,1,2,0,1,10,5,0,0,0,16,11,1,6,0,1,0,0,200,200
385322,0,30,1,2,0,1,10,5,0,0,0,16,11,1,7,0,0,0,0,200,200
385328,0,25,0,0,0,1,7,5,0,0,0,20,200,1,7,200,200,200,0,200,200
385342,0,10,0,0,200,1,7,12,0,200,200,0,0,2,200,200,200,200,200,200,200
385344,0,35,0,0,0,0,12,3,2,0,0,0,200,1,5,200,4,200,0,200,200
385344,0,35,0,0,0,0,12,3,2,0,0,0,200,1,5,200,0,200,200,200,200
385351,0,10,12,12,200,4,7,12,0,0,200,0,0,2,200,200,200,200,200,200,200
385355,4,30,0,0,0,2,8,2,0,0,0,0,200,0,5,7,200,0,0,200,200
385359,0,30,2,2,0,4,10,5,0,0,0,0,0,0,6,200,200,200,200,200,200
385359,0,30,2,2,0,4,10,5,0,0,0,0,0,0,6,0,0,0,0,200,200
385367,0,10,0,0,200,200,7,7,5,200,0,0,0,2,200,200,200,200,200,200,200
385369,4,30,1,2,0,0,8,6,0,0,0,4,200,1,6,7,12,0,0,200,200
385369,0,30,1,2,0,0,8,6,0,0,0,4,200,0,6,0,0,0,0,200,200
385376,0,30,0,0,0,1,7,6,0,0,0,0,0,1,200,200,200,200,200,200,200
385378,0,30,0,0,0,3,12,2,0,0,0,16,200,0,6,0,4,0,0,200,200
385378,0,30,0,0,0,3,12,2,0,0,0,16,200,0,7,0,0,0,0,200,200
385382,0,30,0,0,0,3,7,2,0,0,0,0,0,1,200,200,12,200,200,200,200
385393,0,30,0,0,0,0,12,12,0,0,200,0,0,1,9,200,12,200,0,200,200
385393,0,30,0,0,0,0,12,12,0,0,200,0,0,0,6,200,0,200,0,200,200
385393,1,30,0,0,0,0,12,12,0,0,200,0,0,0,8,200,200,200,200,200,200
385401,0,30,0,0,0,3,10,2,0,0,0,18,200,0,7,0,1,0,0,200,200
385401,0,30,0,0,0,3,10,2,0,0,0,18,200,0,7,0,0,0,0,200,200
385420,0,30,0,0,0,3,7,5,0,0,0,0,0,2,200,200,200,200,200,200,200
385427,0,30,0,0,0,3,7,3,0,0,0,22,200,0,200,200,12,200,200,200,200
385428,0,30,0,0,0,3,0,2,0,0,0,0,0,0,200,200,1,200,200,200,200
385428,0,30,0,0,0,3,0,2,0,0,0,0,0,1,5,0,0,0,0,200,200
385430,0,30,0,0,0,3,10,5,0,0,0,18,200,0,6,0,0,0,0,200,200
385430,0,30,0,0,0,3,10,5,0,0,0,18,200,1,6,0,0,0,0,200,200
385430,1,30,0,0,0,3,10,5,0,0,0,18,200,1,8,0,200,200,200,200,200
385430,1,30,0,0,0,3,10,5,0,0,0,18,200,0,1,5,200,200,200,200,200
385435,0,30,2,2,0,3,10,5,0,0,0,18,200,1,6,0,3,0,0,200,200
385435,0,30,2,2,0,3,10,5,0,0,0,18,200,0,7,0,0,0,0,200,200
385448,0,30,3,2,0,3,12,12,0,0,0,4,15,2,200,200,2,200,200,200,200
385448,0,30,3,2,0,3,12,12,0,0,0,4,15,1,5,0,12,0,0,200,200
385451,0,25,0,0,0,3,12,6,0,0,0,7,25,0,5,0,12,0,0,200,200
385451,0,25,0,0,0,3,12,6,0,0,0,7,25,1,6,0,0,0,0,200,200
385451,1,25,0,0,0,3,12,6,0,0,0,7,25,1,200,200,200,200,200,200,200
385451,1,25,0,0,0,3,12,6,0,0,0,7,25,0,200,200,200,200,200,200,200
385451,1,25,0,0,0,3,12,6,0,0,0,7,25,0,2,5,200,200,200,200,200
385451,1,25,0,0,0,3,12,6,0,0,0,7,25,1,2,5,200,200,200,200,200
385453,0,30,2,2,0,3,10,5,0,0,0,0,200,1,6,200,1,200,200,200,200
385453,0,30,2,2,0,3,10,5,0,0,0,0,200,0,8,0,0,0,0,200,200
385455,0,35,1,2,0,3,10,5,0,0,0,18,200,1,6,0,3,0,0,200,200
385455,0,35,1,2,0,3,10,5,0,0,0,18,200,0,6,0,0,0,0,200,200
385455,1,35,1,2,0,3,10,5,0,0,0,18,200,1,4,0,200,200,200,200,200
385456,0,30,0,0,0,3,7,5,0,0,0,0,0,1,6,0,7,200,0,200,200
385456,1,30,0,0,0,3,7,5,0,0,0,0,0,1,7,0,200,200,200,200,200
385456,1,30,0,0,0,3,7,5,0,0,0,0,0,0,200,0,200,200,200,200,200
385461,0,30,0,0,0,3,7,5,0,0,0,12,200,0,6,0,12,0,0,200,200
385462,0,30,2,2,0,3,3,5,0,0,0,0,10,2,200,200,200,200,200,200,200
385462,0,30,2,2,0,3,3,5,0,0,0,0,10,0,7,0,0,0,0,200,200
385465,0,30,2,2,0,3,0,6,0,0,0,17,0,0,5,0,1,12,0,200,200
385465,0,30,2,2,0,3,0,6,0,0,0,17,0,0,7,0,12,0,0,200,200
385469,0,30,1,2,0,3,10,2,0,0,3,19,11,1,200,200,3,200,200,200,200
385469,0,30,1,2,0,3,10,2,0,0,3,19,11,0,6,0,0,200,0,200,200
385470,0,30,1,2,0,3,14,5,0,0,0,17,200,1,6,0,1,0,0,200,200
385470,0,30,1,2,0,3,14,5,0,0,0,17,200,0,6,0,0,0,0,200,200
385470,1,30,1,2,0,3,14,5,0,0,0,17,200,1,200,200,200,200,200,200,200
385470,1,30,1,2,0,3,14,5,0,0,0,17,200,1,200,200,200,200,200,200,200
385488,0,30,1,200,0,0,10,2,0,0,0,0,0,0,5,200,200,0,0,200,200
385488,0,30,1,200,0,0,10,2,0,0,0,0,0,0,7,200,200,0,0,200,200
385488,1,30,1,200,0,0,10,2,0,0,0,0,0,0,6,200,200,200,200,200,200
385488,1,30,1,200,0,0,10,2,0,0,0,0,0,0,5,200,200,200,200,200,200
385488,1,30,1,200,0,0,10,2,0,0,0,0,0,200,200,200,200,200,200,200,200
385515,0,30,1,2,0,3,14,1,0,0,0,6,16,0,200,200,5,200,200,200,200
385515,0,30,1,2,0,3,14,1,0,0,0,6,16,0,7,200,0,0,0,200,200
385517,0,30,2,2,0,3,7,6,0,0,0,200,0,0,6,0,8,200,0,200,200
385518,0,30,0,0,0,3,12,5,0,0,0,21,0,0,5,200,4,0,0,200,200
385518,0,30,0,0,0,3,12,5,0,0,0,21,0,0,6,200,200,0,0,200,200
385526,0,30,1,2,0,3,0,3,0,0,200,17,17,2,200,200,200,200,200,200,200
385526,0,30,1,2,0,3,0,3,0,0,200,17,17,0,6,200,12,0,0,200,200
385532,0,35,1,2,0,3,0,5,0,0,0,17,17,0,6,0,1,0,0,200,200
385532,0,35,1,2,0,3,0,5,0,0,0,17,17,0,6,0,0,0,0,200,200
385532,1,35,1,2,0,3,0,5,0,0,0,17,17,0,6,0,200,200,200,200,200
385532,1,35,1,2,0,3,0,5,0,0,0,17,17,1,6,0,200,200,200,200,200
385536,0,30,2,2,0,3,14,5,0,0,0,0,200,1,6,0,200,0,0,200,200
385536,0,30,2,2,0,3,14,5,0,0,0,0,200,0,5,0,200,200,0,200,200
385537,0,35,0,0,0,3,14,5,0,0,0,22,18,0,5,0,2,0,0,200,200
385537,0,35,0,0,0,3,14,5,0,0,0,22,18,0,5,0,0,0,0,200,200
385537,1,35,0,0,0,3,14,5,0,0,0,22,18,0,6,0,200,200,200,200,200
385537,1,35,0,0,0,3,14,5,0,0,0,22,18,0,200,0,200,200,200,200,200
385562,0,30,1,2,0,0,10,5,0,0,0,18,0,2,200,200,3,200,200,200,200
385562,0,30,1,2,0,0,10,5,0,0,0,18,0,1,6,0,0,0,0,200,200
385583,0,30,1,2,0,1,9,5,0,0,0,0,0,2,200,200,200,200,200,200,200
385583,5,30,1,2,0,1,9,5,0,0,0,0,0,1,8,7,0,200,0,200,200
385585,0,30,0,0,0,3,7,5,0,0,0,0,0,2,200,200,200,200,200,200,200
385593,0,30,1,2,0,3,0,5,0,0,0,6,16,1,6,200,5,0,5,200,200
385593,0,30,1,2,0,3,0,5,0,0,0,6,16,0,6,200,0,0,0,200,200
385597,0,25,2,0,0,3,7,6,0,0,0,200,200,0,200,200,200,200,200,200,200
385636,0,30,1,2,0,3,2,8,3,0,0,0,0,2,200,200,200,200,200,200,200
385653,0,30,1,2,0,2,14,12,0,0,0,33,17,0,5,1,1,1,0,200,200
385653,0,30,1,2,0,2,14,12,0,0,0,33,17,0,7,0,0,0,0,200,200
385659,0,30,2,2,0,1,14,5,0,0,0,17,11,1,5,200,1,0,0,200,200
385659,0,30,2,2,0,1,14,5,0,0,0,17,11,0,8,2,0,0,0,200,200
385660,0,30,1,2,0,1,3,5,0,0,0,17,17,1,5,0,1,200,0,200,200
385660,0,30,1,2,0,1,3,5,0,0,0,17,17,0,5,2,0,0,0,200,200
385662,0,30,0,0,0,3,2,5,2,0,0,3,200,1,7,0,12,0,0,200,200
385665,0,30,0,0,0,2,0,5,0,0,0,17,0,0,200,200,1,200,200,200,200
385665,0,30,0,0,0,2,0,5,0,0,0,17,0,1,5,200,0,0,0,200,200
385680,0,30,1,2,0,1,8,2,0,0,0,17,7,0,7,0,1,0,0,200,200
385680,4,30,1,2,0,1,8,2,0,0,0,17,7,1,6,3,0,0,0,200,200
385681,0,30,1,2,0,1,14,2,0,0,0,0,200,0,5,0,200,0,0,200,200
385681,0,30,1,2,0,1,14,2,0,0,0,0,200,1,6,0,200,0,0,200,200
385681,1,30,1,2,0,1,14,2,0,0,0,0,200,1,3,0,200,200,200,200,200
385687,0,30,1,2,0,1,10,5,0,0,0,7,18,0,7,200,12,0,0,200,200