RD_NO,PERSON_TYPE,POSTED_SPEED_LIMIT,TRAFFIC_CONTROL_DEVICE,DEVICE_CONDITION,WEATHER_CONDITION,LIGHTING_CONDITION,FIRST_CRASH_TYPE,TRAFFICWAY_TYPE,ALIGNMENT,ROADWAY_SURFACE_COND,ROAD_DEFECT,PRIM_CONTRIBUTORY_CAUSE,SEC_CONTRIBUTORY_CAUSE,SEX,AGE,SAFETY_EQUIPMENT,DRIVER_ACTION,DRIVER_VISION,PHYSICAL_CONDITION,BAC_RESULT VALUE,CELL_PHONE_USE
385687,0,30,1,2,0,1,10,5,0,0,0,7,18,0,7,200,0,0,0,200,200
385687,1,30,1,2,0,1,10,5,0,0,0,7,18,1,200,200,200,200,200,200,200
385692,0,30,0,0,0,3,7,6,0,0,0,0,21,2,200,200,8,200,200,200,200
385694,0,30,1,2,0,1,14,6,0,0,0,21,0,1,5,0,4,0,0,200,200
385694,0,30,1,2,0,1,14,6,0,0,0,21,0,0,5,0,0,0,0,200,200
385694,1,30,1,2,0,1,14,6,0,0,0,21,0,0,5,0,200,200,200,200,200
385696,0,30,0,0,0,1,14,1,0,0,0,17,17,0,6,0,1,0,0,200,200
385696,0,30,0,0,0,1,14,1,0,0,0,17,17,1,6,0,0,0,0,200,200
385698,0,10,0,3,0,1,7,0,0,0,0,25,20,0,200,200,13,0,0,200,200
385698,1,10,0,3,0,1,7,0,0,0,0,25,20,0,3,200,200,200,200,200,200
385698,1,10,0,3,0,1,7,0,0,0,0,25,20,0,3,200,200,200,200,200,200
385707,0,30,1,2,0,1,14,2,0,0,0,17,200,1,6,0,12,200,0,200,200
385707,0,30,1,2,0,1,14,2,0,0,0,17,200,0,0,0,1,200,0,200,200
385715,0,45,1,2,0,1,14,1,0,0,0,22,0,0,200,200,4,200,200,200,200
385715,0,45,1,2,0,1,14,1,0,0,0,22,0,1,6,0,0,0,0,200,200
385717,0,25,1,2,0,1,12,6,0,0,0,0,18,0,7,0,12,0,0,200,200
385717,0,25,1,2,0,1,12,6,0,0,0,0,18,0,6,0,0,0,0,200,200
385721,0,30,1,2,0,1,14,3,0,0,0,17,200,1,5,0,1,0,0,200,200
385721,0,30,1,2,0,1,14,3,0,0,0,17,200,0,6,0,0,0,0,200,200
385724,0,30,0,0,0,1,12,6,0,0,0,17,17,1,5,200,1,0,0,200,200
385724,0,30,0,0,0,1,12,6,0,0,0,17,17,1,5,0,0,0,0,200,200
385726,0,30,0,0,0,1,7,5,0,0,0,0,200,0,5,0,7,0,0,200,200
385726,1,30,0,0,0,1,7,5,0,0,0,0,200,0,5,0,200,200,200,200,200
385730,0,30,1,2,0,1,14,5,0,0,0,0,0,1,6,200,200,0,0,200,200
385730,0,30,1,2,0,1,14,5,0,0,0,0,0,1,6,200,200,0,0,200,200
385732,0,25,0,0,0,1,7,5,0,0,0,27,200,0,6,200,200,0,4,200,200
385739,0,30,0,0,0,1,7,5,0,200,200,20,200,0,8,200,6,200,200,200,200
385741,1,30,0,0,0,1,12,6,0,0,0,0,0,0,200,0,200,200,200,200,200
385741,0,30,0,0,0,1,12,6,0,0,0,0,0,0,6,0,0,0,0,200,200
385741,0,30,0,0,0,1,12,6,0,0,0,0,0,1,7,0,200,0,0,200,200
385741,1,30,0,0,0,1,12,6,0,0,0,0,0,1,200,0,200,200,200,200,200
385744,0,30,1,2,0,1,12,6,0,0,0,0,200,0,6,0,200,0,0,200,200
385744,0,30,1,2,0,1,12,6,0,0,0,0,200,0,5,0,200,0,0,200,200
385750,0,15,0,0,0,200,2,0,0,0,0,0,200,2,200,200,200,200,200,200,200
385754,0,30,0,0,0,3,7,2,0,0,0,0,200,2,200,200,200,200,200,200,200
385765,0,30,0,0,0,1,7,5,0,0,0,0,200,1,6,0,12,0,0,200,200
385782,0,30,2,2,0,1,0,5,0,0,0,0,200,0,5,0,1,1,0,200,200
385782,0,30,2,2,0,1,0,5,0,0,0,0,200,0,6,200,200,200,200,200,200
385790,0,30,1,2,0,1,14,2,0,1,0,11,0,0,6,200,1,0,0,200,200
385790,0,30,1,2,0,1,14,2,0,1,0,11,0,0,7,0,0,0,0,200,200
385796,0,30,0,0,0,1,12,5,0,0,0,200,200,1,8,200,7,200,0,200,200
385796,0,30,0,0,0,1,12,5,0,0,0,200,200,0,9,200,200,0,0,200,200
385796,1,30,0,0,0,1,12,5,0,0,0,200,200,200,200,200,200,200,200,200,200
385796,1,30,0,0,0,1,12,5,0,0,0,200,200,0,8,200,200,200,200,200,200
385807,0,15,0,0,0,1,3,0,0,0,0,20,0,0,6,200,6,200,200,200,200
385807,0,15,0,0,0,1,3,0,0,0,0,20,0,2,6,0,0,200,0,200,200
385811,0,30,0,0,0,1,14,2,0,0,0,17,200,1,200,0,1,0,0,200,200
385811,0,30,0,0,0,1,14,2,0,0,0,17,200,0,7,0,0,0,0,200,200
385818,0,30,0,0,0,1,14,5,0,0,0,17,11,0,6,0,0,0,0,200,200
385818,0,30,0,0,0,1,14,5,0,0,0,17,11,0,3,0,1,0,0,200,200
385818,1,30,0,0,0,1,14,5,0,0,0,17,11,1,5,0,200,200,200,200,200
385820,0,25,1,3,0,1,10,5,0,200,200,0,0,0,200,200,200,200,200,200,200
385820,0,25,1,3,0,1,10,5,0,200,200,0,0,1,5,0,0,0,0,200,200
385836,0,30,0,0,0,1,12,5,0,0,0,22,22,2,200,200,200,200,200,200,200
385836,0,30,0,0,0,1,12,5,0,0,0,22,22,0,7,0,0,0,0,200,200
385852,0,30,0,0,0,1,7,7,0,0,0,17,17,2,200,200,1,200,200,200,200
385857,0,35,0,0,0,1,7,7,0,0,0,20,0,1,200,200,6,200,200,200,200
385859,0,30,0,0,0,1,7,2,0,0,0,200,200,2,200,200,200,200,200,200,200
385864,0,15,0,0,0,3,2,7,0,0,4,28,20,1,7,0,6,200,200,200,200
385866,0,30,1,2,0,1,10,5,0,0,0,0,0,1,200,200,8,200,200,200,200
385866,0,30,1,2,0,1,10,5,0,0,0,0,0,0,5,0,0,0,0,200,200
385866,1,30,1,2,0,1,10,5,0,0,0,0,0,0,7,0,200,200,200,200,200
385883,0,30,12,12,0,1,12,12,0,0,0,11,0,0,200,0,12,0,0,200,200
385883,0,30,12,12,0,1,12,12,0,0,0,11,0,0,200,0,12,0,0,200,200
385897,0,30,0,0,0,1,0,2,0,0,0,33,200,0,8,200,1,0,0,200,200
385897,0,30,0,0,0,1,0,2,0,0,0,33,200,1,6,200,0,0,0,200,200
385901,0,30,12,2,0,1,10,2,0,0,0,18,200,0,6,0,3,0,0,200,200
385901,0,30,12,2,0,1,10,2,0,0,0,18,200,0,6,0,0,0,0,200,200
385909,0,30,0,0,0,1,7,5,0,0,0,16,22,0,7,0,2,200,0,200,200
385914,0,35,2,2,0,1,10,5,0,0,0,5,23,1,200,200,5,200,200,200,200
385914,0,35,2,2,0,1,10,5,0,0,0,5,23,0,6,0,0,0,0,200,200
385914,0,35,2,2,0,1,10,5,0,0,0,5,23,0,5,0,0,0,0,200,200
385916,0,30,0,0,0,1,12,5,0,0,0,11,0,0,5,0,1,0,0,200,200
385916,0,30,0,0,0,1,12,5,0,0,0,11,0,0,200,200,200,200,200,200,200
385916,1,30,0,0,0,1,12,5,0,0,0,11,0,0,200,0,200,200,200,200,200
385918,0,30,0,2,0,1,12,2,0,0,0,4,17,0,200,200,1,200,200,200,200
385918,0,30,0,2,0,1,12,2,0,0,0,4,17,0,6,0,0,0,0,200,200
385921,0,25,0,0,0,1,7,6,0,0,0,0,0,2,200,200,200,200,200,200,200
385922,0,15,200,200,0,1,7,7,0,0,0,27,0,0,9,200,12,0,0,200,200
385922,1,15,200,200,0,1,7,7,0,0,0,27,0,0,6,7,200,200,200,200,200
385928,0,10,0,0,0,1,0,7,0,0,0,17,17,1,7,200,1,0,0,200,200
385928,0,10,0,0,0,1,0,7,0,0,0,17,17,0,6,0,0,0,0,200,200
385935,0,30,0,0,0,1,10,5,0,0,0,18,0,1,200,200,3,200,200,200,200
385935,0,30,0,0,0,1,10,5,0,0,0,18,0,0,6,2,0,0,0,200,200
385939,0,30,0,0,0,1,7,1,0,0,0,25,200,0,5,0,12,0,0,200,200
385942,0,30,0,0,0,1,14,5,0,0,0,18,200,2,200,200,3,200,200,200,200
385942,0,30,0,0,0,1,14,5,0,0,0,18,200,0,8,0,0,0,0,200,200
385952,0,30,9,2,0,1,12,5,0,0,12,17,22,0,6,0,1,0,0,200,200
385952,0,30,9,2,0,1,12,5,0,0,12,17,22,0,7,0,0,0,0,200,200
385973,0,30,1,2,0,1,14,5,0,0,0,17,16,0,6,0,1,1,0,200,200
385973,0,30,1,2,0,1,14,5,0,0,0,17,16,1,5,0,0,1,0,200,200
385973,1,30,1,2,0,1,14,5,0,0,0,17,16,1,5,1,200,200,200,200,200
385979,0,10,0,0,0,1,7,0,0,0,200,0,200,0,200,200,200,200,200,200,200
385983,0,30,0,0,0,1,7,5,0,0,0,12,200,0,6,0,12,0,0,200,200
385984,0,15,0,0,0,1,0,7,0,200,0,20,0,1,6,200,2,200,0,200,200
385984,0,15,0,0,0,1,0,7,0,200,0,20,0,1,4,200,0,200,0,200,200
385993,0,15,0,0,0,1,10,7,0,0,0,20,0,0,6,200,6,0,0,200,200
385993,0,15,0,0,0,1,10,7,0,0,0,20,0,1,7,0,0,0,0,200,200
386006,0,30,0,0,0,3,3,6,0,0,0,0,0,1,200,200,12,200,200,200,200
386006,0,30,0,0,0,3,3,6,0,0,0,0,0,0,200,0,0,0,0,200,200
386011,0,30,0,0,0,1,7,5,0,0,0,12,21,0,5,200,12,200,0,200,200
386016,0,30,1,2,0,1,14,2,0,0,0,0,200,1,6,0,12,1,0,200,200
386016,0,30,1,2,0,1,14,2,0,0,0,0,200,0,7,0,12,1,0,200,200
386016,1,30,1,2,0,1,14,2,0,0,0,0,200,1,7,0,200,200,200,200,200
386016,1,30,1,2,0,1,14,2,0,0,0,0,200,1,0,5,200,200,200,200,200
386016,1,30,1,2,0,1,14,2,0,0,0,0,200,0,1,0,200,200,200,200,200
386016,1,30,1,2,0,1,14,2,0,0,0,0,200,1,1,0,200,200,200,200,200
386018,0,30,0,0,0,1,12,2,0,0,0,17,200,0,6,0,1,0,0,200,200
386018,0,30,0,0,0,1,12,2,0,0,0,17,200,0,6,0,0,0,0,200,200
386018,1,30,0,0,0,1,12,2,0,0,0,17,200,0,200,0,200,200,200,200,200
386024,0,30,1,2,0,1,14,2,0,0,0,0,0,1,5,0,12,0,0,200,200
386024,0,30,1,2,0,1,14,2,0,0,0,0,0,0,8,0,0,0,0,200,200
386024,1,30,1,2,0,1,14,2,0,0,0,0,0,0,5,0,200,200,200,200,200
386035,0,30,0,0,0,1,5,5,0,0,1,29,29,1,6,0,0,0,0,200,200
386038,0,30,0,0,0,1,7,6,0,0,0,20,200,0,200,200,6,200,200,200,200
386039,0,30,0,0,0,1,7,0,0,0,0,0,0,1,200,200,6,200,200,200,200
386042,0,30,1,2,0,1,14,5,0,0,0,17,200,0,6,0,1,0,0,200,200
386042,0,30,1,2,0,1,14,5,0,0,0,17,200,0,6,0,0,0,0,200,200
386043,0,30,0,0,0,1,10,5,0,0,0,18,25,1,3,200,3,0,12,200,200
386043,0,30,0,0,0,1,10,5,0,0,0,18,25,1,7,200,0,0,0,200,200
386045,0,30,0,3,0,1,7,6,0,0,0,0,0,2,200,200,200,200,200,200,200
386052,0,35,0,0,200,1,12,5,0,200,0,21,200,2,200,200,4,200,200,200,200
386052,0,35,0,0,200,1,12,5,0,200,0,21,200,0,7,200,0,200,0,200,200
386053,0,30,1,2,0,1,10,5,0,0,0,18,21,0,4,200,4,0,0,200,200
386053,0,30,1,2,0,1,10,5,0,0,0,18,21,1,8,0,0,0,0,200,200
386053,1,30,1,2,0,1,10,5,0,0,0,18,21,0,4,200,200,200,200,200,200
386059,0,35,0,0,0,1,10,5,0,0,0,18,200,0,5,0,3,200,0,200,200
386059,0,35,0,0,0,1,10,5,0,0,0,18,200,1,7,0,0,200,0,200,200
386059,1,35,0,0,0,1,10,5,0,0,0,18,200,1,6,0,200,200,200,200,200
386060,0,30,0,0,0,1,0,0,0,0,0,20,0,0,7,0,6,0,0,200,200
386060,0,30,0,0,0,1,0,0,0,0,0,20,0,0,6,0,0,0,0,200,200
386067,0,25,0,0,0,1,8,6,0,0,0,11,200,0,6,200,200,200,0,200,200
386067,4,25,0,0,0,1,8,6,0,0,0,11,200,0,6,200,200,200,0,200,200
386071,0,30,1,2,0,1,12,5,0,0,0,200,200,0,200,200,200,200,200,200,200
386071,0,30,1,2,0,1,12,5,0,0,0,200,200,0,5,200,0,0,0,200,200
386071,1,30,1,2,0,1,12,5,0,0,0,200,200,1,200,200,200,200,200,200,200
386074,0,30,0,0,0,1,12,5,0,0,0,0,200,0,6,0,12,0,0,200,200
386074,0,30,0,0,0,1,12,5,0,0,0,0,200,0,6,0,0,0,0,200,200
386075,0,30,1,2,0,1,12,5,0,0,0,0,200,1,8,0,12,200,200,200,200
386075,0,30,1,2,0,1,12,5,0,0,0,0,200,0,6,0,0,0,0,200,200
386075,1,30,1,2,0,1,12,5,0,0,0,0,200,1,8,0,200,200,200,200,200
386076,0,30,1,2,0,1,10,2,0,0,0,6,18,1,8,200,0,200,200,200,200
386076,0,30,1,2,0,1,10,2,0,0,0,6,18,1,6,0,5,0,0,200,200
386077,0,30,0,200,0,1,2,0,0,0,200,25,14,0,3,200,13,200,200,200,200
386077,1,30,0,200,0,1,2,0,0,0,200,25,14,1,4,200,200,200,200,200,200
386088,0,30,1,2,0,1,10,5,0,0,0,8,16,0,200,200,12,12,0,200,200
386088,0,30,1,2,0,1,10,5,0,0,0,8,16,0,200,0,0,0,0,200,200
386088,1,30,1,2,0,1,10,5,0,0,0,8,16,1,4,200,200,200,200,200,200
386088,1,30,1,2,0,1,10,5,0,0,0,8,16,1,5,7,200,200,200,200,200
386088,1,30,1,2,0,1,10,5,0,0,0,8,16,0,6,7,200,200,200,200,200
386088,1,30,1,2,0,1,10,5,0,0,0,8,16,0,7,7,200,200,200,200,200
386088,1,30,1,2,0,1,10,5,0,0,0,8,16,0,6,7,200,200,200,200,200
386088,1,30,1,2,0,1,10,5,0,0,0,8,16,1,5,7,200,200,200,200,200
386088,1,30,1,2,0,1,10,5,0,0,0,8,16,0,5,7,200,200,200,200,200
386089,0,15,0,0,0,1,5,7,0,0,0,200,200,0,5,0,6,0,0,200,200
386100,0,30,0,0,0,1,14,5,0,0,0,17,0,1,6,200,1,200,0,200,200
386100,0,30,0,0,0,1,14,5,0,0,0,17,0,0,5,200,200,0,0,200,200
386100,1,30,0,0,0,1,14,5,0,0,0,17,0,1,2,200,200,200,200,200,200
386100,1,30,0,0,0,1,14,5,0,0,0,17,0,0,1,200,200,200,200,200,200
386100,1,30,0,0,0,1,14,5,0,0,0,17,0,0,1,200,200,200,200,200,200
386100,1,30,0,0,0,1,14,5,0,0,0,17,0,1,5,200,200,200,200,200,200
386105,5,20,1,2,2,1,9,2,0,0,200,0,0,0,200,200,1,200,200,200,200
386105,0,20,1,2,2,1,9,2,0,0,200,0,0,1,0,0,0,200,0,200,200
386111,0,30,1,2,200,1,10,5,0,200,0,18,200,0,200,200,3,0,0,200,200
386111,0,30,1,2,200,1,10,5,0,200,0,18,200,0,7,0,0,0,0,200,200
386113,0,30,0,0,0,3,7,5,0,0,0,18,200,1,7,200,3,0,0,200,200
386114,0,30,0,0,0,1,10,5,0,0,0,18,200,1,200,200,3,200,200,200,200
386114,0,30,0,0,0,1,10,5,0,0,0,18,200,1,5,200,0,0,200,200,200
386114,0,30,0,0,0,1,10,5,0,0,0,18,200,0,6,0,0,0,0,200,200
386114,0,30,0,0,0,1,10,5,0,0,0,18,200,1,200,200,0,200,200,200,200
386115,0,30,2,2,0,1,0,5,0,0,200,16,200,0,6,0,1,0,0,200,200
386115,0,30,2,2,0,1,0,5,0,0,200,16,200,0,6,0,0,0,0,200,200
386115,0,30,2,2,0,1,0,5,0,0,200,16,200,0,8,0,0,200,0,200,200
386117,0,30,0,0,0,1,14,12,0,0,0,4,200,0,7,200,12,0,0,200,200
386117,0,30,0,0,0,1,14,12,0,0,0,4,200,0,7,200,200,0,0,200,200
386118,0,30,1,2,0,1,7,5,0,0,0,0,0,0,7,200,12,200,200,200,200
386120,0,30,0,0,0,1,14,5,0,0,0,25,16,1,200,200,9,200,200,200,200
386120,0,30,0,0,0,1,14,5,0,0,0,25,16,0,5,0,0,0,0,200,200
386120,1,30,0,0,0,1,14,5,0,0,0,25,16,0,5,0,200,200,200,200,200
386121,0,30,0,0,2,1,12,3,0,1,0,17,200,1,200,200,1,200,200,200,200
386121,0,30,0,0,2,1,12,3,0,1,0,17,200,1,5,200,0,0,0,200,200
386121,1,30,0,0,2,1,12,3,0,1,0,17,200,0,2,5,200,200,200,200,200
386122,0,30,1,2,0,1,10,5,0,0,0,18,200,0,200,200,3,200,200,200,0
386122,0,30,1,2,0,1,10,5,0,0,0,18,200,1,6,0,0,0,0,200,200
386130,0,30,0,0,0,1,14,5,0,0,0,0,11,1,6,0,1,0,0,200,200
386130,0,30,0,0,0,1,14,5,0,0,0,0,11,0,6,0,0,0,0,200,200
386130,1,30,0,0,0,1,14,5,0,0,0,0,11,1,2,0,200,200,200,200,200
386130,1,30,0,0,0,1,14,5,0,0,0,0,11,1,2,0,200,200,200,200,200
386130,1,30,0,0,0,1,14,5,0,0,0,0,11,1,3,0,200,200,200,200,200
386130,1,30,0,0,0,1,14,5,0,0,0,0,11,0,3,0,200,200,200,200,200
386131,0,30,0,0,0,1,7,7,0,0,0,0,200,1,6,0,12,200,0,200,200
386132,0,30,1,2,0,1,12,3,0,0,0,21,0,1,7,200,4,0,0,200,200
386132,0,30,1,2,0,1,12,3,0,0,0,21,0,1,5,200,0,0,0,200,200
386145,0,30,0,0,0,1,7,2,0,0,0,0,0,0,200,200,200,200,200,200,200
386150,0,30,2,2,0,1,12,2,0,0,0,22,18,0,9,0,3,0,0,200,200
386150,0,30,2,2,0,1,12,2,0,0,0,22,18,0,7,0,0,0,0,200,200
386155,0,35,200,200,200,200,10,3,0,200,200,0,200,0,3,200,200,200,200,200,200
386155,0,35,200,200,200,200,10,3,0,200,200,0,200,1,7,200,200,200,200,200,200
386155,1,35,200,200,200,200,10,3,0,200,200,0,200,0,200,200,200,200,200,200,200
386158,0,30,2,0,0,1,12,12,0,0,0,200,0,1,5,0,200,200,0,200,200
386158,0,30,2,0,0,1,12,12,0,0,0,200,0,0,7,0,200,0,0,200,200
386158,1,30,2,0,0,1,12,12,0,0,0,200,0,1,200,0,200,200,200,200,200
386162,0,30,0,0,0,3,7,6,0,0,0,200,200,2,200,200,0,200,200,200,200
386163,0,30,0,0,0,1,7,2,0,0,0,11,200,1,7,0,0,0,0,200,200
386164,0,25,1,2,0,1,2,5,0,0,0,11,11,1,6,0,12,0,0,200,200
386164,1,25,1,2,0,1,2,5,0,0,0,11,11,1,7,0,200,200,200,200,200
386165,0,30,0,0,0,1,7,12,0,0,0,11,0,1,200,200,7,200,0,200,200
386168,0,30,0,0,0,1,14,12,0,0,0,0,200,0,200,200,12,200,200,200,200
386168,0,30,0,0,0,1,14,12,0,0,0,0,200,1,6,0,0,0,0,200,200
386168,1,30,0,0,0,1,14,12,0,0,0,0,200,0,200,200,200,200,200,200,200
386168,1,30,0,0,0,1,14,12,0,0,0,0,200,0,6,0,200,200,200,200,200
386170,0,30,0,0,0,1,7,5,0,0,0,22,200,2,200,200,2,200,200,200,200
386172,0,30,0,0,0,1,0,5,0,200,200,20,20,0,5,200,6,200,200,200,200
386172,0,30,0,0,0,1,0,5,0,200,200,20,20,1,5,0,12,200,0,200,200
386175,0,0,0,0,200,1,7,12,0,200,0,0,0,2,200,200,200,200,200,200,200
386179,0,25,1,2,0,1,12,5,0,0,200,0,0,0,6,0,200,0,0,200,200
386179,0,25,1,2,0,1,12,5,0,0,200,0,0,0,7,0,0,0,0,200,200
386181,0,30,0,0,0,1,10,5,0,0,0,18,200,0,200,200,200,200,200,200,200
386181,0,30,0,0,0,1,10,5,0,0,0,18,200,1,7,0,0,0,0,200,200
386188,0,30,0,0,0,1,2,5,0,0,1,200,200,0,5,0,0,0,0,200,200
386189,0,30,0,0,0,1,12,5,0,0,0,17,16,0,4,0,1,0,0,200,200
386189,0,30,0,0,0,1,12,5,0,0,0,17,16,1,200,0,200,0,0,200,200
386191,0,35,1,2,0,1,10,5,0,0,0,16,18,0,7,0,3,0,0,200,200
386191,0,35,1,2,0,1,10,5,0,0,0,16,18,1,6,200,0,200,0,200,200
386196,0,30,1,2,0,1,14,5,0,0,0,21,200,0,7,0,7,0,0,200,200
386196,0,30,1,2,0,1,14,5,0,0,0,21,200,1,7,0,0,0,0,200,200
386198,0,30,0,0,0,1,10,5,0,0,0,18,0,0,6,0,3,0,0,200,200
386198,0,30,0,0,0,1,10,5,0,0,0,18,0,1,5,0,0,0,0,200,200
386198,1,30,0,0,0,1,10,5,0,0,0,18,0,0,6,0,200,200,200,200,200
386201,0,20,0,0,0,200,7,6,0,0,200,0,200,2,200,200,200,200,200,200,200
386204,0,30,0,0,0,1,12,2,0,0,200,0,0,0,8,0,200,200,0,200,200
386204,0,30,0,0,0,1,12,2,0,0,200,0,0,0,7,0,0,200,0,200,200
386206,0,20,1,0,0,1,10,2,0,0,0,18,18,1,5,0,3,200,0,200,200
386206,0,20,1,0,0,1,10,2,0,0,0,18,18,0,7,0,0,0,0,200,200
386209,0,30,0,0,0,1,7,12,0,0,200,0,0,2,200,200,200,200,200,200,200
386218,0,30,1,2,0,1,14,5,0,0,0,17,0,0,5,0,7,0,5,200,200
386218,0,30,1,2,0,1,14,5,0,0,0,17,0,0,7,0,0,0,0,200,200
386224,0,30,0,0,0,1,10,5,0,0,0,200,200,0,7,0,0,0,0,200,200
386224,0,30,0,0,0,1,10,5,0,0,0,200,200,0,6,200,200,200,200,200,200
386225,0,30,0,0,0,1,7,3,0,0,0,21,200,0,6,0,0,0,0,200,200
386233,0,25,2,2,0,1,11,5,0,0,0,0,0,0,5,0,200,0,0,200,200
386233,0,25,2,2,0,1,11,5,0,0,0,0,0,1,8,0,200,0,0,200,200
386238,0,25,0,0,0,1,7,5,0,0,0,33,33,2,200,200,200,200,200,200,200
386240,0,30,1,2,0,1,10,2,0,0,0,18,200,0,200,200,3,200,200,200,200
386240,0,30,1,2,0,1,10,2,0,0,0,18,200,1,6,0,0,0,0,200,200
386241,0,45,0,0,0,1,14,3,3,0,0,31,17,0,200,200,7,200,200,200,200
386241,0,45,0,0,0,1,14,3,3,0,0,31,17,1,5,200,0,0,0,200,200
386242,0,25,0,0,0,1,7,5,0,0,0,200,200,2,200,200,200,200,200,200,200
386245,0,20,0,0,0,1,7,5,0,0,0,11,0,2,200,200,200,200,200,200,200
386247,0,30,1,2,0,1,10,5,0,0,0,3,200,0,8,0,5,0,7,200,200
386247,0,30,1,2,0,1,10,5,0,0,0,3,200,0,6,0,0,0,0,200,200
386250,0,25,2,200,0,1,10,3,0,0,0,18,0,1,200,200,3,200,200,200,200
386250,0,25,2,200,0,1,10,3,0,0,0,18,0,1,6,0,0,0,0,200,200
386254,0,10,0,0,0,1,7,12,0,0,0,11,11,1,3,0,12,0,0,200,200
386254,1,10,0,0,0,1,7,12,0,0,0,11,11,1,200,0,200,200,200,200,200
386259,0,30,1,2,0,1,14,2,0,0,200,0,0,1,3,200,1,200,200,200,200
386259,0,30,1,2,0,1,14,2,0,0,200,0,0,0,7,0,200,200,0,200,200
386268,0,30,0,0,0,0,2,12,0,0,0,200,200,1,6,0,12,0,0,200,200
386269,0,10,0,0,0,1,10,6,0,0,0,18,11,1,200,200,3,200,200,200,200
386269,0,10,0,0,0,1,10,6,0,0,0,18,11,0,7,0,0,0,0,200,200
386273,0,30,0,0,0,1,2,5,0,0,1,11,200,0,8,0,0,0,0,200,200
386279,0,30,0,0,0,1,7,6,0,0,200,20,200,1,200,200,6,200,200,200,200
386280,0,30,7,12,0,1,10,5,0,0,0,0,0,0,6,0,200,0,0,200,200
386280,0,30,7,12,0,1,10,5,0,0,0,0,0,1,8,0,0,0,0,200,200
386284,4,30,0,0,0,1,8,2,0,0,200,10,16,2,200,7,1,200,200,200,200
386284,0,30,0,0,0,1,8,2,0,0,200,10,16,0,5,200,0,200,0,200,200
386296,0,30,0,0,0,1,7,6,0,0,0,200,200,2,200,200,200,200,200,200,200
386298,0,35,1,2,0,1,0,5,0,0,0,6,15,1,200,200,5,200,200,200,200
386298,0,35,1,2,0,1,0,5,0,0,0,6,15,1,7,200,0,0,0,200,200
386300,4,30,0,0,0,1,8,5,0,0,0,200,200,0,5,7,200,0,0,200,200
386304,0,30,2,12,0,1,8,6,0,0,0,16,200,1,6,200,1,0,0,200,200
386304,4,30,2,12,0,1,8,6,0,0,0,16,200,0,3,7,0,0,0,200,200
386305,0,20,0,0,0,1,7,5,0,0,0,27,11,0,9,0,12,0,0,200,200
386312,0,35,0,0,0,1,12,3,0,0,0,22,18,0,5,1,4,0,0,200,200
386312,0,35,0,0,0,1,12,3,0,0,0,22,18,0,7,0,4,0,0,200,200
386317,0,30,0,0,0,1,7,6,0,0,0,0,0,2,200,200,200,200,200,200,200
386318,0,5,0,0,0,1,0,7,0,0,0,11,200,0,9,0,12,0,0,200,200
386318,0,5,0,0,0,1,0,7,0,0,0,11,200,1,6,0,0,0,0,200,200
386333,0,30,1,2,0,1,14,5,0,0,200,11,200,0,7,200,7,200,200,200,200
386333,0,30,1,2,0,1,14,5,0,0,200,11,200,1,4,0,0,0,0,200,200
386334,0,30,0,0,0,1,10,12,2,0,0,20,11,0,6,200,6,12,0,200,200
386334,0,30,0,0,0,1,10,12,2,0,0,20,11,0,7,200,0,0,0,200,200
386335,0,30,0,0,0,1,7,7,0,0,0,200,200,0,4,200,200,200,200,200,200
386340,0,10,0,0,0,1,12,12,0,0,0,22,200,0,200,200,12,200,200,200,200
386340,0,10,0,0,0,1,12,12,0,0,0,22,200,1,5,0,0,0,0,200,200
386340,1,10,0,0,0,1,12,12,0,0,0,22,200,1,200,0,200,200,200,200,200
386340,1,10,0,0,0,1,12,12,0,0,0,22,200,0,200,0,200,200,200,200,200
386340,1,10,0,0,0,1,12,12,0,0,0,22,200,1,200,0,200,200,200,200,200
386344,0,35,1,2,0,1,14,6,0,0,0,21,0,0,6,0,2,0,0,200,200
386344,0,35,1,2,0,1,14,6,0,0,0,21,0,0,6,0,0,0,0,200,200
386347,0,30,0,0,0,1,2,0,0,0,0,0,200,0,6,0,12,0,0,200,200
386351,0,30,0,0,0,1,7,5,0,0,0,0,200,2,200,200,12,200,200,200,200
386355,0,30,0,0,0,1,7,5,0,0,0,20,11,0,4,0,6,0,0,200,200
386356,0,30,1,2,0,1,12,12,0,0,0,0,0,1,5,0,0,200,0,200,200
386356,0,30,1,2,0,1,12,12,0,0,0,0,0,1,0,7,0,200,0,200,200
386356,1,30,1,2,0,1,12,12,0,0,0,0,0,0,6,0,200,200,200,200,200
386357,0,30,1,2,0,1,8,5,0,0,0,0,200,0,5,0,0,0,0,200,200
386357,4,30,1,2,0,1,8,5,0,0,0,0,200,0,7,3,200,0,0,200,200
386357,1,30,1,2,0,1,8,5,0,0,0,0,200,1,5,0,200,200,200,200,200
386365,0,30,0,0,0,1,7,7,0,0,0,20,11,0,7,0,1,0,0,200,200
386365,1,30,0,0,0,1,7,7,0,0,0,20,11,1,200,0,200,200,200,200,200
386365,1,30,0,0,0,1,7,7,0,0,0,20,11,1,6,0,200,200,200,200,200
386369,0,30,0,0,0,1,7,5,2,0,0,8,11,0,3,0,12,0,0,200,200
386369,1,30,0,0,0,1,7,5,2,0,0,8,11,1,6,0,200,200,200,200,200