RD_NO,PERSON_TYPE,POSTED_SPEED_LIMIT,TRAFFIC_CONTROL_DEVICE,DEVICE_CONDITION,WEATHER_CONDITION,LIGHTING_CONDITION,FIRST_CRASH_TYPE,TRAFFICWAY_TYPE,ALIGNMENT,ROADWAY_SURFACE_COND,ROAD_DEFECT,PRIM_CONTRIBUTORY_CAUSE,SEC_CONTRIBUTORY_CAUSE,SEX,AGE,SAFETY_EQUIPMENT,DRIVER_ACTION,DRIVER_VISION,PHYSICAL_CONDITION,BAC_RESULT VALUE,CELL_PHONE_USE
386370,0,30,0,0,0,1,10,2,0,0,0,0,0,0,6,200,200,200,0,200,200
386370,0,30,0,0,0,1,10,2,0,0,0,0,0,1,200,200,0,200,200,200,200
386372,0,30,0,0,0,1,14,2,2,0,0,17,14,1,5,200,0,200,0,200,200
386380,0,5,12,2,0,1,12,12,0,0,1,0,0,1,6,200,200,0,0,200,200
386380,0,5,12,2,0,1,12,12,0,0,1,0,0,0,8,0,200,1,0,200,200
386381,0,15,0,0,0,1,0,7,0,0,0,17,200,1,7,0,1,0,0,200,200
386381,0,15,0,0,0,1,0,7,0,0,0,17,200,0,6,0,0,0,0,200,200
386384,0,30,2,1,0,1,0,3,0,0,0,17,0,1,4,200,5,0,0,200,200
386384,0,30,2,1,0,1,0,3,0,0,0,17,0,0,5,200,0,0,0,200,200
386386,0,30,0,0,0,1,10,6,0,0,0,16,30,1,5,200,3,200,200,200,1
386386,0,30,0,0,0,1,10,6,0,0,0,16,30,0,6,0,0,0,0,200,200
386388,0,30,0,0,0,1,10,5,0,0,0,18,200,1,5,0,3,0,0,200,200
386388,0,30,0,0,0,1,10,5,0,0,0,18,200,1,5,0,0,0,0,200,200
386389,0,30,0,0,0,1,9,6,0,0,0,21,0,0,8,0,4,0,0,200,200
386389,5,30,0,0,0,1,9,6,0,0,0,21,0,1,9,7,0,0,0,200,200
386390,0,30,0,0,0,1,12,5,0,0,0,17,0,0,5,200,1,0,0,200,200
386390,0,30,0,0,0,1,12,5,0,0,0,17,0,1,5,0,0,0,0,200,200
386392,0,30,200,200,0,1,14,5,0,0,0,22,200,0,200,200,9,200,200,200,200
386392,0,30,200,200,0,1,14,5,0,0,0,22,200,1,5,0,0,0,0,200,200
386393,0,30,0,0,2,1,10,5,0,1,0,18,200,0,6,0,3,0,0,200,200
386393,0,30,0,0,2,1,10,5,0,1,0,18,200,1,5,0,12,0,0,200,200
386393,1,30,0,0,2,1,10,5,0,1,0,18,200,0,5,0,200,200,200,200,200
386395,0,30,2,2,0,1,0,5,0,0,0,0,0,0,6,0,200,0,0,200,200
386395,0,30,2,2,0,1,0,5,0,0,0,0,0,1,6,0,200,0,0,200,200
386395,1,30,2,2,0,1,0,5,0,0,0,0,0,1,5,0,200,200,200,200,200
386396,0,30,0,0,0,1,10,5,0,0,200,0,200,0,6,200,3,200,200,200,200
386396,0,30,0,0,0,1,10,5,0,0,200,0,200,1,6,0,0,0,0,200,200
386397,0,20,0,0,0,1,2,2,0,0,1,0,0,0,6,0,200,200,0,200,0
386404,0,30,0,0,0,1,14,5,0,0,0,17,14,0,7,200,1,200,0,200,200
386404,0,30,0,0,0,1,14,5,0,0,0,17,14,1,4,200,0,0,0,200,200
386406,0,20,1,3,0,1,14,5,0,0,0,0,0,0,6,0,12,0,0,200,200
386406,0,20,1,3,0,1,14,5,0,0,0,0,0,1,6,0,12,0,0,200,200
386406,1,20,1,3,0,1,14,5,0,0,0,0,0,0,0,5,200,200,200,200,200
386406,1,20,1,3,0,1,14,5,0,0,0,0,0,1,0,5,200,200,200,200,200
386407,0,30,1,2,0,1,12,5,0,0,0,22,200,1,6,200,2,200,200,200,200
386407,0,30,1,2,0,1,12,5,0,0,0,22,200,1,6,0,0,0,0,200,200
386410,0,20,0,0,0,1,7,2,0,0,200,0,0,2,200,200,200,200,200,200,200
386411,0,35,2,2,0,1,0,5,0,0,0,10,200,0,9,0,9,0,0,200,200
386411,0,35,2,2,0,1,0,5,0,0,0,10,200,0,5,0,0,0,0,200,200
386411,1,35,2,2,0,1,0,5,0,0,0,10,200,0,9,0,200,200,200,200,200
386411,1,35,2,2,0,1,0,5,0,0,0,10,200,1,5,200,200,200,200,200,200
386411,1,35,2,2,0,1,0,5,0,0,0,10,200,1,4,200,200,200,200,200,200
386414,0,30,0,0,0,1,12,5,0,200,200,22,21,1,6,200,4,200,0,200,200
386414,0,30,0,0,0,1,12,5,0,200,200,22,21,0,6,200,0,200,0,200,200
386416,0,30,0,0,0,1,7,5,0,0,0,0,0,2,200,200,200,200,200,200,200
386420,0,30,0,0,0,1,14,5,0,0,0,200,200,1,7,200,1,0,0,200,200
386420,0,30,0,0,0,1,14,5,0,0,0,200,200,0,6,200,200,0,0,200,200
386424,0,30,0,0,0,1,10,5,0,0,0,0,0,2,200,200,200,200,200,200,200
386424,0,30,0,0,0,1,10,5,0,0,0,0,0,0,8,0,0,0,0,200,200
386424,1,30,0,0,0,1,10,5,0,0,0,0,0,0,7,0,200,200,200,200,200
386426,0,30,0,0,0,1,12,5,0,0,0,0,200,0,6,200,200,200,200,200,200
386426,0,30,0,0,0,1,12,5,0,0,0,0,200,1,5,0,200,0,0,200,200
386427,0,30,0,0,0,1,9,5,0,0,0,200,200,0,6,0,0,0,0,200,200
386427,5,30,0,0,0,1,9,5,0,0,0,200,200,0,5,200,0,0,0,200,200
386429,0,30,1,2,0,1,10,5,0,0,200,16,18,0,200,200,3,200,200,200,200
386429,0,30,1,2,0,1,10,5,0,0,200,16,18,0,5,200,0,200,0,200,200
386432,0,30,0,0,0,1,7,6,0,0,0,32,16,0,6,200,12,0,5,200,200
386435,0,30,0,0,0,1,7,5,0,0,0,17,0,0,7,0,0,0,0,200,200
386435,1,30,0,0,0,1,7,5,0,0,0,17,0,0,200,0,200,200,200,200,200
386435,1,30,0,0,0,1,7,5,0,0,0,17,0,0,200,1,200,200,200,200,200
386436,0,0,0,0,0,1,7,7,0,200,200,0,200,2,200,200,200,200,200,200,200
386438,0,30,1,2,0,1,14,6,0,0,0,18,200,1,6,200,1,0,200,200,200
386438,0,30,1,2,0,1,14,6,0,0,0,18,200,0,6,200,0,0,0,200,200
386444,0,30,2,2,0,1,10,3,0,0,200,18,200,1,7,200,3,200,0,200,200
386444,0,30,2,2,0,1,10,3,0,0,200,18,200,1,8,200,0,200,0,200,200
386444,0,30,2,2,0,1,10,3,0,0,200,18,200,0,6,200,0,200,0,200,200
386445,0,10,0,0,0,1,11,7,0,0,200,11,0,0,200,200,200,200,200,200,200
386445,0,10,0,0,0,1,11,7,0,0,200,11,0,1,6,0,0,0,0,200,200
386445,1,10,0,0,0,1,11,7,0,0,200,11,0,0,200,200,200,200,200,200,200
386457,0,25,1,2,0,1,10,5,0,0,0,18,0,0,7,0,3,0,0,200,200
386457,0,25,1,2,0,1,10,5,0,0,0,18,0,1,4,0,0,0,0,200,200
386467,0,30,0,0,0,1,7,3,0,0,0,27,200,0,5,0,12,0,2,200,200
386468,0,30,1,2,0,1,12,5,0,0,0,22,200,2,200,200,2,200,200,200,200
386468,0,30,1,2,0,1,12,5,0,0,0,22,200,0,6,0,0,0,0,200,200
386475,0,30,0,0,0,1,12,5,0,0,0,17,11,0,6,0,1,0,0,200,200
386475,0,30,0,0,0,1,12,5,0,0,0,17,11,0,6,0,0,0,0,200,200
386480,0,30,1,2,0,1,10,2,0,0,0,0,0,0,6,200,200,200,0,200,200
386480,0,30,1,2,0,1,10,2,0,0,0,0,0,0,7,200,0,200,0,200,200
386480,1,30,1,2,0,1,10,2,0,0,0,0,0,0,200,200,200,200,200,200,200
386481,0,30,0,0,0,1,10,3,0,0,0,18,200,0,200,200,3,200,200,200,200
386481,0,30,0,0,0,1,10,3,0,0,0,18,200,1,8,0,0,0,0,200,200
386481,1,30,0,0,0,1,10,3,0,0,0,18,200,0,200,200,200,200,200,200,200
386481,1,30,0,0,0,1,10,3,0,0,0,18,200,0,200,200,200,200,200,200,200
386481,1,30,0,0,0,1,10,3,0,0,0,18,200,0,200,4,200,200,200,200,200
386492,0,40,0,0,0,1,12,3,0,0,0,200,200,0,4,200,8,0,0,200,200
386492,0,40,0,0,0,1,12,3,0,0,0,200,200,1,7,200,0,0,0,200,200
386492,1,40,0,0,0,1,12,3,0,0,0,200,200,0,5,200,200,200,200,200,200
386501,0,30,1,2,0,1,12,6,0,0,0,0,200,1,6,200,12,0,0,200,200
386501,0,30,1,2,0,1,12,6,0,0,0,0,200,0,5,200,12,0,0,200,200
386504,0,30,1,2,0,4,14,5,0,0,0,3,200,1,6,200,4,0,0,200,200
386504,0,30,1,2,0,4,14,5,0,0,0,3,200,1,200,200,0,0,0,200,200
386504,1,30,1,2,0,4,14,5,0,0,0,3,200,0,3,200,200,200,200,200,200
386508,0,30,0,0,0,1,11,5,0,0,0,0,0,0,200,200,200,200,200,200,200
386508,0,30,0,0,0,1,11,5,0,0,0,0,0,0,6,0,0,0,0,200,200
386508,1,30,0,0,0,1,11,5,0,0,0,0,0,1,6,0,200,200,200,200,200
386508,1,30,0,0,0,1,11,5,0,0,0,0,0,1,2,0,200,200,200,200,200
386508,1,30,0,0,0,1,11,5,0,0,0,0,0,1,2,0,200,200,200,200,200
386509,0,30,1,2,0,1,7,5,0,0,0,200,200,2,200,200,200,200,200,200,200
386510,0,30,1,2,0,1,0,12,0,0,0,6,7,1,6,0,5,0,0,200,200
386510,0,30,1,2,0,1,0,12,0,0,0,6,7,0,6,0,12,0,0,200,200
386510,1,30,1,2,0,1,0,12,0,0,0,6,7,0,200,0,200,200,200,200,200
386513,0,30,0,0,0,1,11,5,0,0,0,18,200,0,7,200,3,200,0,200,200
386513,0,30,0,0,0,1,11,5,0,0,0,18,200,1,7,200,0,200,0,200,200
386513,1,30,0,0,0,1,11,5,0,0,0,18,200,1,7,200,200,200,200,200,200
386514,0,30,2,2,0,1,14,5,0,0,0,17,0,0,5,0,1,12,0,200,200
386514,0,30,2,2,0,1,14,5,0,0,0,17,0,0,4,0,0,0,0,200,200
386514,1,30,2,2,0,1,14,5,0,0,0,17,0,1,6,0,200,200,200,200,200
386517,0,30,0,0,0,1,7,5,0,0,0,0,0,0,200,200,6,0,200,200,200
386518,0,35,2,200,1,1,14,5,0,0,200,17,200,0,7,200,1,200,200,200,200
386518,0,35,2,200,1,1,14,5,0,0,200,17,200,1,6,200,200,200,200,200,200
386520,0,30,0,0,0,1,14,5,2,0,200,17,200,0,4,200,7,0,0,200,200
386520,0,30,0,0,0,1,14,5,2,0,200,17,200,0,7,200,0,0,0,200,200
386525,0,10,0,0,0,3,7,7,0,0,0,20,200,0,6,200,6,200,200,200,200
386525,1,10,0,0,0,3,7,7,0,0,0,20,200,1,6,0,200,200,200,200,200
386526,0,35,1,2,0,1,10,6,0,0,0,18,0,0,5,0,8,0,0,200,200
386526,0,35,1,2,0,1,10,6,0,0,0,18,0,0,5,0,0,0,0,200,200
386540,0,15,0,0,2,1,7,12,0,1,12,0,0,2,200,200,6,200,200,200,200
386542,0,30,1,2,0,1,0,12,0,0,0,17,16,0,200,200,1,200,200,200,200
386542,0,30,1,2,0,1,0,12,0,0,0,17,16,1,6,0,12,0,0,200,200
386547,0,30,0,0,0,1,10,6,0,0,0,0,0,0,200,200,12,200,12,200,200
386547,0,30,0,0,0,1,10,6,0,0,0,0,0,0,7,0,0,0,0,200,200
386547,1,30,0,0,0,1,10,6,0,0,0,0,0,1,6,0,200,200,200,200,200
386550,0,30,2,2,0,1,8,2,0,0,0,0,0,1,6,0,1,200,0,200,200
386550,4,30,2,2,0,1,8,2,0,0,0,0,0,0,6,3,0,200,0,200,200
386553,0,30,2,2,0,1,14,12,0,0,0,17,17,1,5,0,1,0,0,200,200
386553,0,30,2,2,0,1,14,12,0,0,0,17,17,1,5,0,12,0,0,200,200
386556,0,30,1,200,2,1,10,2,0,1,200,0,200,0,200,200,200,200,200,200,200
386556,0,30,1,200,2,1,10,2,0,1,200,0,200,0,7,200,200,200,0,200,200
386558,0,30,1,2,0,1,12,5,0,0,0,22,22,1,8,0,2,200,0,200,200
386558,0,30,1,2,0,1,12,5,0,0,0,22,22,1,5,0,0,0,0,200,200
386558,1,30,1,2,0,1,12,5,0,0,0,22,22,1,3,0,200,200,200,200,200
386559,0,30,1,2,2,1,14,12,0,1,0,17,200,0,7,200,1,200,200,200,200
386559,0,30,1,2,2,1,14,12,0,1,0,17,200,0,7,0,0,0,0,200,200
386561,0,30,1,2,0,2,14,5,0,0,0,14,200,0,200,200,5,200,200,200,200
386561,0,30,1,2,0,2,14,5,0,0,0,14,200,1,5,0,0,0,0,200,200
386575,0,30,0,0,0,1,12,5,0,0,0,22,21,2,200,200,2,200,200,200,200
386575,0,30,0,0,0,1,12,5,0,0,0,22,21,0,9,0,0,0,0,200,200
386576,0,30,0,0,0,1,8,6,0,0,0,17,200,0,5,200,1,0,0,200,200
386576,4,30,0,0,0,1,8,6,0,0,0,17,200,1,6,7,0,0,0,200,200
386577,0,30,0,0,0,1,10,5,0,0,0,16,7,1,4,0,3,0,0,200,200
386577,0,30,0,0,0,1,10,5,0,0,0,16,7,1,6,0,0,200,0,200,200
386584,0,30,0,0,0,1,0,5,0,0,0,0,200,0,7,0,1,1,0,200,200
386584,0,30,0,0,0,1,0,5,0,0,0,0,200,0,6,0,0,0,0,200,200
386585,0,30,0,0,0,1,8,6,1,1,0,0,0,0,7,200,7,0,0,200,200
386585,4,30,0,0,0,1,8,6,1,1,0,0,0,0,5,2,0,0,0,200,200
386586,0,30,1,2,0,1,7,2,0,0,0,0,0,2,200,200,200,200,200,200,200
386588,0,0,200,200,200,200,12,200,0,200,200,0,200,1,7,200,200,200,200,200,200
386588,0,0,200,200,200,200,12,200,0,200,200,0,200,0,7,0,200,200,0,200,200
386595,0,30,1,2,0,1,14,12,5,0,0,17,17,1,7,200,7,0,0,200,200
386595,0,30,1,2,0,1,14,12,5,0,0,17,17,0,200,200,0,0,0,200,200
386596,0,30,1,2,0,1,12,5,0,0,0,22,0,1,6,0,1,0,0,200,200
386596,0,30,1,2,0,1,12,5,0,0,0,22,0,1,6,0,0,0,0,200,200
386597,0,30,0,0,0,1,12,5,0,0,200,0,0,1,200,200,200,200,200,200,200
386597,0,30,0,0,0,1,12,5,0,0,200,0,0,1,8,200,200,200,0,200,200
386604,0,20,0,0,0,1,10,6,0,0,0,20,0,0,200,0,0,0,0,200,200
386604,0,20,0,0,0,1,10,6,0,0,0,20,0,0,6,0,0,0,0,200,200
386606,0,30,2,1,0,1,14,5,0,0,0,16,0,1,200,200,200,200,200,200,200
386606,0,30,2,1,0,1,14,5,0,0,0,16,0,0,7,200,200,0,0,200,200
386611,0,30,0,0,0,1,10,7,0,0,200,200,11,1,6,0,1,0,0,200,200
386611,0,30,0,0,0,1,10,7,0,0,200,200,11,1,6,0,0,0,0,200,200
386617,0,30,0,0,0,3,14,2,0,0,0,23,21,1,6,0,4,0,0,200,200
386617,0,30,0,0,0,3,14,2,0,0,0,23,21,0,7,0,0,0,0,200,200
386618,0,30,0,0,0,1,7,5,0,0,0,200,200,2,200,200,200,200,200,200,200
386618,1,30,0,0,0,1,7,5,0,0,0,200,200,0,6,200,200,200,200,200,200
386619,0,30,0,0,0,1,12,5,0,0,0,0,0,0,200,200,200,200,200,200,200
386619,0,30,0,0,0,1,12,5,0,0,0,0,0,1,5,200,200,200,0,200,200
386619,1,30,0,0,0,1,12,5,0,0,0,0,0,0,5,200,200,200,200,200,200
386620,0,35,1,2,0,1,14,5,0,0,3,0,0,1,5,200,200,0,0,200,200
386620,0,35,1,2,0,1,14,5,0,0,3,0,0,1,6,200,0,0,0,200,200
386621,0,20,0,0,0,1,7,5,0,200,200,0,21,1,200,200,200,200,200,200,200
386626,0,30,1,3,0,1,10,2,0,0,0,20,11,0,6,7,1,0,0,200,200
386626,0,30,1,3,0,1,10,2,0,0,0,20,11,1,7,1,0,0,0,200,200
386627,0,30,2,2,0,1,0,3,0,0,0,0,200,0,5,0,1,0,0,200,200
386627,0,30,2,2,0,1,0,3,0,0,0,0,200,0,5,0,0,0,0,200,200
386629,0,30,0,0,0,1,10,5,0,0,0,18,200,1,200,200,3,200,200,200,200
386629,0,30,0,0,0,1,10,5,0,0,0,18,200,0,5,0,0,0,0,200,200
386631,0,30,1,2,0,1,10,5,2,0,0,16,200,0,200,200,200,200,200,200,200
386631,0,30,1,2,0,1,10,5,2,0,0,16,200,1,6,0,0,0,0,200,200
386631,1,30,1,2,0,1,10,5,2,0,0,16,200,0,6,200,200,200,200,200,200
386631,1,30,1,2,0,1,10,5,2,0,0,16,200,0,5,200,200,200,200,200,200
386635,0,30,1,2,0,1,10,5,0,0,200,18,200,0,6,200,3,200,200,200,200
386635,0,30,1,2,0,1,10,5,0,0,200,18,200,1,6,0,0,0,0,200,200
386636,0,30,0,0,0,4,12,5,0,0,0,0,200,2,200,200,1,200,200,200,200
386636,0,30,0,0,0,4,12,5,0,0,0,0,200,0,6,200,0,0,0,200,200
386642,0,30,0,0,0,1,7,2,0,0,200,0,0,1,200,200,6,200,200,200,200
386644,0,30,1,2,0,3,0,5,0,0,0,6,200,1,5,200,5,200,200,200,200
386644,0,30,1,2,0,3,0,5,0,0,0,6,200,0,5,200,0,0,0,200,200
386644,1,30,1,2,0,3,0,5,0,0,0,6,200,0,5,200,200,200,200,200,200
386644,1,30,1,2,0,3,0,5,0,0,0,6,200,0,5,200,200,200,200,200,200
386646,0,30,1,2,0,1,9,5,0,0,0,23,11,0,6,200,7,200,0,200,200
386646,5,30,1,2,0,1,9,5,0,0,0,23,11,0,8,200,200,200,0,200,200
386647,0,30,0,0,1,1,11,5,0,200,200,21,22,2,200,200,2,200,200,200,200
386647,0,30,0,0,1,1,11,5,0,200,200,21,22,0,5,0,12,200,0,200,200
386650,0,30,0,0,0,1,12,5,0,0,0,22,22,0,200,200,2,200,200,200,200
386650,0,30,0,0,0,1,12,5,0,0,0,22,22,0,6,2,0,0,0,200,200
386657,0,15,0,0,0,3,10,7,0,0,200,33,200,0,5,0,1,0,0,200,200
386657,0,15,0,0,0,3,10,7,0,0,200,33,200,0,5,0,0,0,0,200,200
386659,0,30,0,0,0,1,12,5,0,0,0,22,22,1,7,200,2,200,200,200,200
386659,0,30,0,0,0,1,12,5,0,0,0,22,22,0,6,200,0,200,0,200,200
386661,0,30,0,0,0,1,0,5,0,0,0,17,200,0,7,200,1,200,200,200,200
386661,0,30,0,0,0,1,0,5,0,0,0,17,200,1,7,0,0,0,0,200,200
386663,0,35,1,2,0,4,14,12,0,0,0,6,200,0,7,0,5,0,0,200,200
386663,0,35,1,2,0,4,14,12,0,0,0,6,200,1,6,0,0,0,0,200,200
386664,0,0,2,2,0,1,8,3,0,200,200,0,200,1,200,200,200,200,200,200,200
386664,4,0,2,2,0,1,8,3,0,200,200,0,200,1,5,3,200,200,0,200,200
386666,0,30,0,0,0,1,2,5,0,0,12,0,0,1,6,0,0,0,0,200,200
386666,1,30,0,0,0,1,2,5,0,0,12,0,0,1,7,0,200,200,200,200,200
386670,0,30,1,2,0,0,10,2,0,0,0,0,0,0,200,200,200,200,200,200,200
386670,0,30,1,2,0,0,10,2,0,0,0,0,0,0,6,0,0,0,0,200,200
386670,1,30,1,2,0,0,10,2,0,0,0,0,0,1,4,0,200,200,200,200,200
386686,0,30,0,0,2,0,10,5,0,1,0,18,34,0,6,200,3,0,0,200,200
386686,0,30,0,0,2,0,10,5,0,1,0,18,34,1,7,200,0,0,0,200,200
386691,0,30,0,0,0,4,7,5,0,0,0,0,0,1,6,200,12,200,200,200,200
386692,0,30,0,0,0,3,10,7,0,0,0,20,0,1,5,200,6,0,0,200,200
386692,0,30,0,0,0,3,10,7,0,0,0,20,0,0,6,200,0,0,0,200,200
386693,0,30,0,0,0,4,10,5,0,0,0,18,200,0,6,200,3,0,0,200,200
386693,0,30,0,0,0,4,10,5,0,0,0,18,200,1,5,0,0,0,0,200,200
386693,1,30,0,0,0,4,10,5,0,0,0,18,200,0,200,200,200,200,200,200,200
386697,0,30,1,2,2,3,10,2,0,1,0,18,200,0,200,200,3,200,200,200,200
386697,0,30,1,2,2,3,10,2,0,1,0,18,200,0,6,0,0,0,0,200,200
386701,0,30,2,2,2,3,2,5,0,1,0,32,15,0,6,0,8,200,5,200,200
386702,0,30,0,0,2,0,10,5,0,1,0,0,200,1,4,200,200,200,0,200,200
386702,0,30,0,0,2,0,10,5,0,1,0,0,200,0,6,200,200,200,0,200,200
386705,0,30,1,2,2,3,10,2,0,1,0,15,11,1,6,0,8,0,0,200,200
386705,0,30,1,2,2,3,10,2,0,1,0,15,11,1,6,0,0,0,0,200,200
386712,0,30,0,0,12,3,9,5,0,1,0,17,200,1,200,200,1,200,200,200,200
386712,5,30,0,0,12,3,9,5,0,1,0,17,200,0,7,7,12,200,200,200,200
386723,0,30,6,2,0,1,14,2,0,0,0,23,27,1,5,0,7,0,0,200,200
386723,0,30,6,2,0,1,14,2,0,0,0,23,27,0,7,0,0,0,0,200,200
386726,0,30,2,2,2,3,14,5,0,1,0,17,17,1,6,200,1,12,0,200,200
386726,0,30,2,2,2,3,14,5,0,1,0,17,17,0,8,200,0,200,0,200,200
386726,1,30,2,2,2,3,14,5,0,1,0,17,17,1,2,5,200,200,200,200,200
386726,1,30,2,2,2,3,14,5,0,1,0,17,17,1,0,5,200,200,200,200,200
386729,0,30,1,0,2,0,14,5,0,1,0,17,200,2,200,200,1,200,200,200,200
386729,0,30,1,0,2,0,14,5,0,1,0,17,200,0,5,200,0,0,0,200,200
386730,0,30,2,2,0,3,14,5,0,1,0,17,200,1,5,0,7,0,0,200,200
386730,0,30,2,2,0,3,14,5,0,1,0,17,200,1,5,0,0,0,0,200,200
386732,4,30,1,2,0,3,8,5,0,1,0,6,11,0,5,7,5,0,1,200,200
386732,0,30,1,2,0,3,8,5,0,1,0,6,11,0,5,0,0,0,0,200,200
386733,0,30,0,200,2,3,10,5,0,1,200,34,18,0,6,0,3,200,0,200,200
386733,0,30,0,200,2,3,10,5,0,1,200,34,18,1,6,200,0,200,0,200,200
386733,1,30,0,200,2,3,10,5,0,1,200,34,18,1,7,200,200,200,200,200,200
386733,1,30,0,200,2,3,10,5,0,1,200,34,18,0,6,200,200,200,200,200,200
386733,1,30,0,200,2,3,10,5,0,1,200,34,18,1,0,5,200,200,200,200,200
386735,0,30,0,0,0,1,12,5,0,0,0,0,0,1,5,0,4,0,200,200,200
386735,0,30,0,0,0,1,12,5,0,0,0,0,0,0,5,0,0,0,0,200,200
386738,0,30,1,2,2,3,0,5,0,1,0,0,0,0,200,200,200,200,200,200,200
386738,0,30,1,2,2,3,0,5,0,1,0,0,0,0,5,200,12,0,0,200,200
386738,1,30,1,2,2,3,0,5,0,1,0,0,0,1,5,200,200,200,200,200,200
386738,1,30,1,2,2,3,0,5,0,1,0,0,0,0,2,200,200,200,200,200,200
386738,1,30,1,2,2,3,0,5,0,1,0,0,0,1,2,200,200,200,200,200,200
386740,0,30,0,0,2,3,10,5,0,1,0,200,0,2,200,200,200,200,200,200,200
386740,0,30,0,0,2,3,10,5,0,1,0,200,0,0,8,0,12,0,0,200,200
386740,0,30,0,0,2,3,10,5,0,1,0,200,0,1,6,0,0,0,0,200,200
386740,1,30,0,0,2,3,10,5,0,1,0,200,0,0,2,0,200,200,200,200,200
386742,0,30,1,2,200,3,14,5,0,1,0,0,200,0,7,0,200,0,0,200,200
386742,0,30,1,2,200,3,14,5,0,1,0,0,200,0,6,0,200,0,0,200,200
386742,1,30,1,2,200,3,14,5,0,1,0,0,200,0,6,0,200,200,200,200,200
386743,0,30,0,0,2,4,7,5,0,1,0,0,0,2,200,200,200,200,200,200,200
386744,0,20,0,0,2,3,10,5,0,1,0,19,25,0,7,200,12,0,5,200,200
386744,0,20,0,0,2,3,10,5,0,1,0,19,25,0,6,200,0,0,0,200,200
386744,1,20,0,0,2,3,10,5,0,1,0,19,25,1,5,200,200,200,200,200,200
386749,0,30,0,0,0,1,7,5,0,0,0,0,0,0,200,200,200,200,200,200,200
386749,1,30,0,0,0,1,7,5,0,0,0,0,0,0,200,200,200,200,200,200,200
386749,1,30,0,0,0,1,7,5,0,0,0,0,0,0,200,200,200,200,200,200,200
386753,0,35,1,200,0,3,10,5,0,0,200,0,0,0,5,0,200,200,0,200,200
386753,0,35,1,200,0,3,10,5,0,0,200,0,0,0,7,0,200,12,0,200,200
386756,0,30,1,2,0,3,10,2,0,0,0,0,0,0,200,200,200,200,200,200,200
386756,0,30,1,2,0,3,10,2,0,0,0,0,0,1,6,0,0,0,0,200,200
386757,0,30,0,0,2,3,12,5,0,1,0,22,200,2,200,200,200,200,200,200,200
386757,0,30,0,0,2,3,12,5,0,1,0,22,200,0,5,200,0,200,0,200,200
386759,0,30,1,2,0,3,12,5,0,0,0,22,0,0,5,0,4,0,0,200,200
386759,0,30,1,2,0,3,12,5,0,0,0,22,0,1,6,0,0,0,0,200,200
386762,0,40,1,2,0,0,2,3,0,0,0,200,200,1,6,200,200,0,0,200,200
386762,1,40,1,2,0,0,2,3,0,0,0,200,200,0,7,200,200,200,200,200,200
386763,0,30,0,0,0,1,7,5,0,0,200,0,0,2,200,200,200,200,200,200,200
386765,0,30,0,0,0,0,3,5,0,0,0,21,21,0,7,200,9,0,200,200,200
386765,0,30,0,0,0,0,3,5,0,0,0,21,21,0,8,200,0,0,0,200,200
386771,0,30,0,0,2,3,10,5,0,200,200,0,0,1,6,200,200,200,200,200,200
386771,0,30,0,0,2,3,10,5,0,200,200,0,0,1,0,200,0,200,200,200,200
386773,0,30,0,0,2,3,7,6,0,1,0,32,25,0,0,200,12,0,5,200,200
386780,0,30,1,2,0,3,2,5,0,1,12,28,200,0,4,0,0,0,0,200,200
386787,1,5,0,0,0,1,0,7,0,0,0,0,0,0,8,0,200,200,200,200,200
386787,0,5,0,0,0,1,0,7,0,0,0,0,0,1,200,0,0,0,0,200,200
386787,0,5,0,0,0,1,0,7,0,0,0,0,0,1,6,0,0,0,0,200,200
386787,1,5,0,0,0,1,0,7,0,0,0,0,0,1,7,0,200,200,200,200,200
386787,1,5,0,0,0,1,0,7,0,0,0,0,0,0,3,0,200,200,200,200,200
386787,1,5,0,0,0,1,0,7,0,0,0,0,0,1,2,0,200,200,200,200,200
386789,0,30,1,2,2,3,2,5,0,1,0,0,200,0,8,0,200,0,0,200,200
386794,0,35,0,0,0,0,12,3,2,0,0,0,200,0,5,200,4,200,200,200,200
386794,0,35,0,0,0,0,12,3,2,0,0,0,200,0,6,200,0,200,0,200,200
386794,1,35,0,0,0,0,12,3,2,0,0,0,200,1,5,200,200,200,200,200,200
386794,1,35,0,0,0,0,12,3,2,0,0,0,200,1,2,200,200,200,200,200,200
386795,0,30,0,0,0,0,3,2,0,1,0,16,0,2,200,200,200,200,200,200,200
386795,0,30,0,0,0,0,3,2,0,1,0,16,0,0,6,0,0,0,0,200,200
386802,0,30,0,0,2,0,12,5,0,1,0,21,200,0,7,200,4,200,200,200,200
386802,0,30,0,0,2,0,12,5,0,1,0,21,200,1,7,0,0,0,0,200,200
386806,0,30,1,200,2,3,3,2,0,1,200,17,15,1,7,200,1,200,0,200,200
386806,0,30,1,200,2,3,3,2,0,1,200,17,15,1,5,200,12,200,0,200,200
386823,0,35,1,2,0,3,8,5,0,0,0,16,200,1,5,0,12,12,0,200,200
386823,4,35,1,2,0,3,8,5,0,0,0,16,200,0,5,7,12,0,0,200,200
386829,0,30,1,2,0,3,9,5,0,1,0,0,200,2,200,200,200,200,200,200,200
386829,5,30,1,2,0,3,9,5,0,1,0,0,200,0,8,200,200,200,0,200,200
386839,0,35,2,0,2,0,10,5,0,1,0,18,200,0,5,200,3,0,0,200,200