RD_NO,PERSON_TYPE,POSTED_SPEED_LIMIT,TRAFFIC_CONTROL_DEVICE,DEVICE_CONDITION,WEATHER_CONDITION,LIGHTING_CONDITION,FIRST_CRASH_TYPE,TRAFFICWAY_TYPE,ALIGNMENT,ROADWAY_SURFACE_COND,ROAD_DEFECT,PRIM_CONTRIBUTORY_CAUSE,SEC_CONTRIBUTORY_CAUSE,SEX,AGE,SAFETY_EQUIPMENT,DRIVER_ACTION,DRIVER_VISION,PHYSICAL_CONDITION,BAC_RESULT VALUE,CELL_PHONE_USE
386839,0,35,2,0,2,0,10,5,0,1,0,18,200,1,6,200,0,0,0,200,200
386839,1,35,2,0,2,0,10,5,0,1,0,18,200,1,5,0,200,200,200,200,200
386839,1,35,2,0,2,0,10,5,0,1,0,18,200,0,5,0,200,200,200,200,200
386839,1,35,2,0,2,0,10,5,0,1,0,18,200,1,5,0,200,200,200,200,200
386841,0,30,1,2,2,3,11,5,0,1,0,21,0,1,7,200,12,200,0,200,200
386841,0,30,1,2,2,3,11,5,0,1,0,21,0,0,6,200,0,0,0,200,200
386841,1,30,1,2,2,3,11,5,0,1,0,21,0,200,200,200,200,200,200,200,200
386846,0,30,0,0,1,3,7,2,0,200,0,200,200,0,6,200,10,0,0,200,200
386848,0,30,2,2,0,1,14,5,0,0,0,0,0,0,6,0,1,0,0,200,200
386848,0,30,2,2,0,1,14,5,0,0,0,0,0,0,6,0,0,0,0,200,200
386849,0,30,0,0,0,3,2,5,0,1,0,34,200,0,6,0,12,0,0,200,200
386859,0,30,0,0,0,1,0,6,0,0,0,17,200,1,7,200,1,200,0,200,200
386859,0,30,0,0,0,1,0,6,0,0,0,17,200,0,0,0,0,0,0,200,200
386859,1,30,0,0,0,1,0,6,0,0,0,17,200,1,200,200,200,200,200,200,200
386861,0,30,1,2,0,0,7,2,0,1,0,19,0,0,6,200,200,200,200,200,200
386865,0,30,0,0,0,3,12,5,0,1,0,0,0,1,200,200,15,200,200,200,1
386865,0,30,0,0,0,3,12,5,0,1,0,0,0,1,6,200,0,0,0,200,200
386867,0,35,0,0,1,3,12,3,3,1,0,25,34,2,200,200,200,200,200,200,200
386867,0,35,0,0,1,3,12,3,3,1,0,25,34,1,4,0,0,0,0,200,200
386880,0,25,2,2,2,3,14,6,0,1,0,0,0,0,5,0,7,0,0,200,200
386880,0,25,2,2,2,3,14,6,0,1,0,0,0,1,6,0,0,0,0,200,200
386880,1,25,2,2,2,3,14,6,0,1,0,0,0,1,5,0,200,200,200,200,200
386880,1,25,2,2,2,3,14,6,0,1,0,0,0,1,3,0,200,200,200,200,200
386905,0,15,0,0,0,3,7,7,0,0,0,12,200,1,6,7,12,0,0,200,200
386906,0,30,0,0,0,3,10,7,3,200,0,0,0,0,6,200,200,200,200,200,200
386906,0,30,0,0,0,3,10,7,3,200,0,0,0,1,6,0,0,0,0,200,200
386908,0,30,0,0,0,1,0,0,0,0,200,200,200,0,6,200,200,0,0,200,200
386908,0,30,0,0,0,1,0,0,0,0,200,200,200,1,200,200,200,200,0,200,200
386911,0,15,0,0,1,0,9,0,0,0,200,200,200,0,7,200,12,0,3,200,200
386911,5,15,0,0,1,0,9,0,0,0,200,200,200,0,8,7,12,12,3,200,200
386911,1,15,0,0,1,0,9,0,0,0,200,200,200,0,7,200,200,200,200,200,200
386915,0,30,1,2,0,3,14,6,0,0,0,21,0,0,200,200,4,200,200,200,200
386915,0,30,1,2,0,3,14,6,0,0,0,21,0,0,6,0,0,0,0,200,200
386919,0,30,0,0,0,0,7,5,0,1,0,16,0,0,5,200,12,0,0,200,200
386923,0,20,2,0,2,1,10,5,0,1,0,15,34,1,6,200,8,0,0,200,200
386923,0,20,2,0,2,1,10,5,0,1,0,15,34,1,5,200,0,0,0,200,200
386943,0,5,0,0,0,0,12,8,0,0,0,0,0,1,200,0,0,0,0,200,200
386943,0,5,0,0,0,0,12,8,0,0,0,0,0,1,6,0,0,0,0,200,200
386948,0,30,1,2,0,3,14,2,0,1,0,6,0,0,200,200,5,200,200,200,200
386948,0,30,1,2,0,3,14,2,0,1,0,6,0,0,5,0,0,0,0,200,200
386948,1,30,1,2,0,3,14,2,0,1,0,6,0,1,5,0,200,200,200,200,200
386952,0,30,1,2,0,3,0,5,0,0,0,6,0,1,5,0,5,0,7,200,200
386952,0,30,1,2,0,3,0,5,0,0,0,6,0,0,6,0,200,0,0,200,200
386964,0,30,1,2,0,3,2,5,0,0,0,0,0,2,200,200,200,200,200,200,200
386971,0,30,1,2,0,3,2,5,0,0,0,23,200,0,200,200,7,200,200,200,200
386982,0,30,0,0,0,3,10,5,0,0,0,16,200,0,5,0,3,200,0,200,200
386982,0,30,0,0,0,3,10,5,0,0,0,16,200,0,7,0,0,200,0,200,200
386993,0,30,0,0,0,3,2,5,0,0,0,25,13,0,6,200,12,0,12,200,200
387007,0,35,1,2,0,3,10,2,0,0,2,16,18,0,6,0,3,0,0,200,200
387007,0,35,1,2,0,3,10,2,0,0,2,16,18,0,8,0,0,0,0,200,200
387008,0,30,0,0,0,3,12,5,0,0,0,0,0,0,6,200,200,0,0,200,200
387008,0,30,0,0,0,3,12,5,0,0,0,0,0,0,6,200,200,0,0,200,200
387022,0,30,0,0,2,3,2,0,0,1,0,23,34,0,6,0,7,0,0,200,200
387022,1,30,0,0,2,3,2,0,0,1,0,23,34,0,200,0,200,200,200,200,200
387032,0,30,0,0,0,1,7,6,0,0,0,17,17,1,6,0,1,0,0,200,200
387037,0,30,0,0,0,1,12,2,0,0,12,17,22,0,200,200,1,200,200,200,200
387037,0,30,0,0,0,1,12,2,0,0,12,17,22,0,7,0,0,0,0,200,200
387038,0,30,1,2,0,1,10,2,0,0,0,16,200,1,7,0,3,0,0,200,200
387038,0,30,1,2,0,1,10,2,0,0,0,16,200,0,6,0,0,0,0,200,200
387038,0,30,1,2,0,1,10,2,0,0,0,16,200,0,7,0,0,0,0,200,200
387038,0,30,1,2,0,1,10,2,0,0,0,16,200,0,7,0,0,0,0,200,200
387038,0,30,1,2,0,1,10,2,0,0,0,16,200,0,5,0,0,0,0,200,200
387039,0,30,0,0,0,1,7,5,0,0,0,0,200,2,200,200,200,200,200,200,200
387040,0,30,0,0,0,1,7,6,0,0,0,0,0,0,7,0,12,0,0,200,200
387040,1,30,0,0,0,1,7,6,0,0,0,0,0,0,6,0,200,200,200,200,200
387040,1,30,0,0,0,1,7,6,0,0,0,0,0,0,5,0,200,200,200,200,200
387042,0,15,0,0,0,1,2,0,0,0,0,0,0,1,200,200,6,200,200,200,200
387052,0,30,0,0,0,1,7,5,0,0,0,17,17,2,200,200,1,200,200,200,200
387053,0,30,0,0,0,1,11,6,0,0,0,20,0,0,200,200,6,200,200,200,200
387053,0,30,0,0,0,1,11,6,0,0,0,20,0,0,5,0,0,0,0,200,200
387056,0,25,0,0,0,1,7,5,0,0,0,0,200,2,200,200,200,200,200,200,200
387059,0,30,1,2,0,1,2,2,0,0,0,0,200,0,6,200,200,200,0,200,200
387064,0,30,1,2,0,1,10,2,0,0,0,0,0,0,7,0,3,0,0,200,200
387064,0,30,1,2,0,1,10,2,0,0,0,0,0,0,6,0,0,0,0,200,200
387064,1,30,1,2,0,1,10,2,0,0,0,0,0,1,200,0,200,200,200,200,200
387066,0,35,0,0,0,1,12,5,0,0,0,200,200,0,7,0,12,0,0,200,200
387066,0,35,0,0,0,1,12,5,0,0,0,200,200,1,7,0,0,0,0,200,200
387071,0,30,0,0,0,1,2,5,0,0,1,28,29,1,7,0,0,0,0,200,200
387077,0,30,1,2,0,1,12,5,0,0,0,0,0,0,8,200,200,200,200,200,200
387077,0,30,1,2,0,1,12,5,0,0,0,0,0,0,6,200,200,200,200,200,200
387082,0,35,1,2,0,1,10,3,0,0,0,18,18,0,200,200,3,0,0,200,200
387082,0,35,1,2,0,1,10,3,0,0,0,18,18,1,200,0,0,0,0,200,200
387085,0,30,0,0,0,1,10,5,0,0,200,17,20,0,4,0,1,200,0,200,200
387085,0,30,0,0,0,1,10,5,0,0,200,17,20,0,6,0,0,0,0,200,200
387091,0,30,1,2,0,1,10,5,0,0,0,27,0,0,5,0,12,0,4,200,200
387091,0,30,1,2,0,1,10,5,0,0,0,27,0,1,5,0,0,0,0,200,200
387096,0,30,1,2,0,1,10,5,0,0,0,0,0,0,6,200,200,200,200,200,200
387096,0,30,1,2,0,1,10,5,0,0,0,0,0,0,6,0,12,0,0,200,200
387096,1,30,1,2,0,1,10,5,0,0,0,0,0,2,200,0,200,200,200,200,200
387098,0,30,3,1,0,1,8,2,0,0,0,22,25,2,200,200,2,200,200,200,200
387098,4,30,3,1,0,1,8,2,0,0,0,22,25,0,6,0,0,0,0,200,200
387103,0,25,0,0,0,1,7,6,0,0,0,21,0,0,6,0,4,0,0,200,200
387105,0,30,1,2,0,1,10,3,0,0,0,18,0,0,4,0,3,0,0,200,200
387105,0,30,1,2,0,1,10,3,0,0,0,18,0,0,6,0,0,0,0,200,200
387107,0,15,0,0,0,1,7,12,0,0,0,27,0,0,200,200,200,200,200,200,200
387111,0,35,0,0,0,1,12,5,0,0,0,11,0,0,8,0,1,200,0,200,200
387111,0,35,0,0,0,1,12,5,0,0,0,11,0,1,7,0,0,200,0,200,200
387113,0,30,1,2,0,0,14,2,0,1,0,0,0,1,200,200,200,200,200,200,200
387113,0,30,1,2,0,0,14,2,0,1,0,0,0,0,6,1,0,0,0,200,200
387122,0,30,0,0,0,1,12,6,0,0,0,21,22,2,200,200,4,200,200,200,200
387122,0,30,0,0,0,1,12,6,0,0,0,21,22,1,6,200,0,0,0,200,200
387125,0,30,1,2,0,1,0,2,0,0,0,17,0,0,6,200,1,12,0,200,200
387125,0,30,1,2,0,1,0,2,0,0,0,17,0,0,6,200,0,0,0,200,200
387125,1,30,1,2,0,1,0,2,0,0,0,17,0,0,6,200,200,200,200,200,200
387126,0,30,0,0,0,1,12,5,0,0,0,17,0,1,6,0,1,0,0,200,200
387126,0,30,0,0,0,1,12,5,0,0,0,17,0,1,6,0,0,0,0,200,200
387127,0,25,0,0,0,1,10,2,0,0,0,200,200,0,6,0,8,0,0,200,200
387127,0,25,0,0,0,1,10,2,0,0,0,200,200,0,6,0,0,4,0,200,200
387129,0,5,0,0,200,200,2,12,0,200,200,0,0,1,6,0,12,200,200,200,200
387134,0,15,0,0,0,1,0,7,0,0,0,0,0,0,5,0,6,0,0,200,200
387134,0,15,0,0,0,1,0,7,0,0,0,0,0,0,9,0,0,0,0,200,200
387138,0,30,0,0,0,1,14,1,0,0,0,23,200,0,7,200,7,0,0,200,200
387138,0,30,0,0,0,1,14,1,0,0,0,23,200,0,5,200,0,0,0,200,200
387141,0,30,0,0,0,1,2,5,0,0,0,21,200,0,6,0,1,0,0,200,200
387149,0,30,1,2,0,1,10,3,0,0,0,16,18,0,0,200,12,0,0,200,200
387149,0,30,1,2,0,1,10,3,0,0,0,16,18,1,6,0,0,0,0,200,200
387149,1,30,1,2,0,1,10,3,0,0,0,16,18,0,3,200,200,200,200,200,200
387162,0,10,0,0,0,1,10,7,0,0,0,0,0,1,6,200,6,200,200,200,200
387162,0,10,0,0,0,1,10,7,0,0,0,0,0,0,5,0,0,0,0,200,200
387169,0,30,12,2,0,1,12,2,0,0,0,11,200,1,6,200,12,200,0,200,200
387169,0,30,12,2,0,1,12,2,0,0,0,11,200,2,200,200,200,200,200,200,200
387170,0,30,0,0,0,1,7,2,0,0,0,27,200,1,5,0,12,200,2,200,200
387180,0,30,0,0,0,1,14,5,0,0,0,16,0,1,6,200,12,0,0,200,200
387180,0,30,0,0,0,1,14,5,0,0,0,16,0,1,5,200,0,0,0,200,200
387181,0,35,1,2,0,0,14,2,0,0,0,23,0,0,200,200,200,200,200,200,200
387181,0,35,1,2,0,0,14,2,0,0,0,23,0,1,6,0,0,0,0,200,200
387196,0,30,0,0,0,1,10,5,0,0,0,18,0,1,4,0,3,0,0,200,200
387196,0,30,0,0,0,1,10,5,0,0,0,18,0,1,200,200,0,200,200,200,200
387197,0,35,1,2,0,1,10,5,0,0,0,18,200,0,6,200,3,0,0,200,200
387197,0,35,1,2,0,1,10,5,0,0,0,18,200,0,6,7,0,0,0,200,200
387200,0,30,0,0,0,1,10,2,0,0,0,18,11,0,8,200,3,0,0,200,200
387200,0,30,0,0,0,1,10,2,0,0,0,18,11,0,7,200,0,0,0,200,200
387203,0,30,0,0,0,1,12,5,0,0,0,0,200,0,8,0,0,0,0,200,200
387203,0,30,0,0,0,1,12,5,0,0,0,0,200,0,6,0,0,0,0,200,200
387209,0,30,2,2,0,1,10,6,0,0,0,18,18,0,5,0,3,0,0,200,200
387209,0,30,2,2,0,1,10,6,0,0,0,18,18,0,200,200,0,200,200,200,200
387214,0,0,1,2,0,1,14,5,0,0,0,23,200,0,6,0,7,0,0,200,200
387214,0,0,1,2,0,1,14,5,0,0,0,23,200,1,6,0,12,0,0,200,200
387214,1,0,1,2,0,1,14,5,0,0,0,23,200,0,6,0,200,200,200,200,200
387222,0,30,0,0,0,1,3,6,0,0,0,0,0,0,200,0,6,0,0,200,200
387222,0,30,0,0,0,1,3,6,0,0,0,0,0,1,200,0,0,0,0,200,200
387225,0,30,0,0,0,1,7,5,0,0,0,0,0,2,200,200,200,200,200,200,200
387226,0,30,2,200,0,1,0,5,0,0,0,0,200,0,6,200,1,200,200,200,200
387226,0,30,2,200,0,1,0,5,0,0,0,0,200,1,5,0,200,0,0,200,200
387234,0,30,0,0,0,200,7,6,0,0,0,200,200,2,200,200,200,200,200,200,200
387236,0,30,0,0,0,0,7,2,0,0,0,0,0,2,200,200,200,200,200,200,200
387237,0,30,0,0,0,1,7,5,0,0,0,20,0,0,6,0,6,200,0,200,200
387237,1,30,0,0,0,1,7,5,0,0,0,20,0,1,6,0,200,200,200,200,200
387244,0,30,2,2,0,1,7,2,0,0,0,23,200,0,8,0,12,0,0,200,200
387246,0,30,2,2,0,1,14,12,0,0,0,23,22,0,5,200,7,200,200,200,200
387246,0,30,2,2,0,1,14,12,0,0,0,23,22,0,7,0,0,0,0,200,200
387251,0,30,0,200,0,1,10,2,0,0,0,18,200,1,8,0,3,200,0,200,200
387251,0,30,0,200,0,1,10,2,0,0,0,18,200,1,6,0,0,200,0,200,200
387251,0,30,0,200,0,1,10,2,0,0,0,18,200,1,6,0,0,0,0,200,200
387251,1,30,0,200,0,1,10,2,0,0,0,18,200,1,200,0,200,200,200,200,200
387251,1,30,0,200,0,1,10,2,0,0,0,18,200,1,7,0,200,200,200,200,200
387269,0,15,0,0,0,1,2,0,0,0,0,23,200,0,6,0,7,0,0,200,200
387278,0,35,0,0,0,1,12,2,0,0,0,0,200,1,6,0,10,0,0,200,200
387278,0,35,0,0,0,1,12,2,0,0,0,0,200,1,6,0,0,0,0,200,200
387278,1,35,0,0,0,1,12,2,0,0,0,0,200,1,1,5,200,200,200,200,200
387279,0,30,1,2,0,1,10,6,0,0,0,0,200,1,6,0,12,0,0,200,200
387279,0,30,1,2,0,1,10,6,0,0,0,0,200,1,6,0,0,0,0,200,200
387279,0,30,1,2,0,1,10,6,0,0,0,0,200,1,6,0,0,0,0,200,200
387279,1,30,1,2,0,1,10,6,0,0,0,0,200,1,3,0,200,200,200,200,200
387279,1,30,1,2,0,1,10,6,0,0,0,0,200,0,2,0,200,200,200,200,200
387279,1,30,1,2,0,1,10,6,0,0,0,0,200,1,2,0,200,200,200,200,200
387283,0,20,1,2,0,1,0,5,0,0,0,17,33,1,6,0,1,1,0,200,200
387283,0,20,1,2,0,1,0,5,0,0,0,17,33,1,7,0,0,12,0,200,200
387290,0,30,0,0,0,1,12,5,0,0,0,0,0,0,0,0,200,0,0,200,200
387290,0,30,0,0,0,1,12,5,0,0,0,0,0,0,200,200,0,200,0,200,200
387294,1,15,0,0,0,1,14,5,0,0,0,33,33,0,3,200,200,200,200,200,200
387294,0,15,0,0,0,1,14,5,0,0,0,33,33,1,5,200,7,200,0,200,200
387294,0,15,0,0,0,1,14,5,0,0,0,33,33,0,7,200,200,0,0,200,200
387294,0,15,0,0,0,1,14,5,0,0,0,33,33,1,5,200,0,0,0,200,200
387294,1,15,0,0,0,1,14,5,0,0,0,33,33,0,3,200,200,200,200,200,200
387294,1,15,0,0,0,1,14,5,0,0,0,33,33,0,3,200,200,200,200,200,200
387294,1,15,0,0,0,1,14,5,0,0,0,33,33,0,3,200,200,200,200,200,200
387294,1,15,0,0,0,1,14,5,0,0,0,33,33,0,3,200,200,200,200,200,200
387294,1,15,0,0,0,1,14,5,0,0,0,33,33,0,200,0,200,200,200,200,200
387296,0,30,0,0,0,1,14,3,0,0,0,0,0,0,4,0,200,200,200,200,200
387296,0,30,0,0,0,1,14,3,0,0,0,0,0,1,7,0,200,200,200,200,200
387296,1,30,0,0,0,1,14,3,0,0,0,0,0,0,200,0,200,200,200,200,200
387296,1,30,0,0,0,1,14,3,0,0,0,0,0,0,200,0,200,200,200,200,200
387297,0,30,0,0,0,1,12,2,0,0,0,17,0,1,4,0,1,0,0,200,200
387297,0,30,0,0,0,1,12,2,0,0,0,17,0,1,6,0,0,0,0,200,200
387297,1,30,0,0,0,1,12,2,0,0,0,17,0,0,4,0,200,200,200,200,200
387300,0,30,0,0,0,1,7,5,0,0,0,0,0,1,200,200,7,200,200,200,200
387300,1,30,0,0,0,1,7,5,0,0,0,0,0,1,4,0,200,200,200,200,200
387300,1,30,0,0,0,1,7,5,0,0,0,0,0,1,7,0,200,200,200,200,200
387302,0,30,0,0,0,1,7,2,0,0,0,7,200,1,5,0,12,0,0,200,200
387302,1,30,0,0,0,1,7,2,0,0,0,7,200,1,2,5,200,200,200,200,200
387303,0,30,0,0,0,1,2,0,0,0,1,25,8,1,6,200,6,12,1,200,200
387312,0,30,1,2,0,1,10,2,0,0,0,0,0,1,6,0,0,0,0,200,200
387312,0,30,1,2,0,1,10,2,0,0,0,0,0,0,7,0,0,0,0,200,200
387312,1,30,1,2,0,1,10,2,0,0,0,0,0,0,3,0,200,200,200,200,200
387312,1,30,1,2,0,1,10,2,0,0,0,0,0,0,2,0,200,200,200,200,200
387312,1,30,1,2,0,1,10,2,0,0,0,0,0,1,200,0,200,200,200,200,200
387316,0,30,0,0,0,0,7,2,0,0,0,0,0,2,200,200,2,200,200,200,200
387318,0,35,0,0,0,1,11,7,0,0,0,0,200,1,7,0,200,0,0,200,200
387318,0,35,0,0,0,1,11,7,0,0,0,0,200,1,6,0,200,0,0,200,200
387318,1,35,0,0,0,1,11,7,0,0,0,0,200,0,7,0,200,200,200,200,200
387321,0,30,0,0,0,1,2,5,0,0,0,20,16,0,200,200,6,200,200,200,200
387324,0,30,0,0,0,1,7,6,0,0,0,0,11,2,200,200,6,200,200,200,200
387325,0,25,0,0,0,1,12,5,0,0,0,0,200,2,200,200,200,200,200,200,200
387325,0,25,0,0,0,1,12,5,0,0,0,0,200,0,6,200,0,0,0,200,200
387333,0,30,0,0,0,1,7,2,0,0,0,20,200,0,7,200,6,0,200,200,200
387333,1,30,0,0,0,1,7,2,0,0,0,20,200,0,200,0,200,200,200,200,200
387336,0,30,1,2,0,1,10,5,0,0,0,18,200,0,5,0,3,0,0,200,200
387336,0,30,1,2,0,1,10,5,0,0,0,18,200,0,5,0,0,0,0,200,200
387336,1,30,1,2,0,1,10,5,0,0,0,18,200,0,6,200,200,200,200,200,200
387336,1,30,1,2,0,1,10,5,0,0,0,18,200,0,6,200,200,200,200,200,200
387351,0,30,0,0,200,1,12,5,0,200,200,17,33,1,6,200,1,12,200,200,200
387351,0,30,0,0,200,1,12,5,0,200,200,17,33,1,5,200,0,200,0,200,200
387362,0,30,1,2,0,1,10,5,0,0,0,27,16,0,8,0,12,0,4,200,200
387362,0,30,1,2,0,1,10,5,0,0,0,27,16,0,6,0,0,0,0,200,200
387362,1,30,1,2,0,1,10,5,0,0,0,27,16,1,8,0,200,200,200,200,200
387363,0,30,0,0,0,4,0,5,0,0,0,17,0,0,8,0,1,0,0,200,200
387363,0,30,0,0,0,4,0,5,0,0,0,17,0,0,6,0,0,0,0,200,200
387364,0,25,0,0,0,1,7,5,0,0,0,21,200,1,8,0,200,0,0,200,200
387368,0,30,0,0,0,1,12,2,0,0,0,21,200,1,9,0,200,0,0,200,200
387368,0,30,0,0,0,1,12,2,0,0,0,21,200,1,7,0,200,0,0,200,200
387372,0,30,1,2,0,1,14,5,0,0,0,16,0,1,7,200,0,200,200,200,200
387372,0,30,1,2,0,1,14,5,0,0,0,16,0,0,6,200,0,0,0,200,200
387373,0,30,0,0,200,3,12,5,0,200,200,0,0,0,6,200,2,200,200,200,200
387373,0,30,0,0,200,3,12,5,0,200,200,0,0,0,4,200,4,200,0,200,200
387383,0,30,2,2,0,1,0,2,0,0,0,5,0,0,5,200,5,200,200,200,200
387383,0,30,2,2,0,1,0,2,0,0,0,5,0,0,6,0,0,0,0,200,200
387383,1,30,2,2,0,1,0,2,0,0,0,5,0,0,200,200,200,200,200,200,200
387383,1,30,2,2,0,1,0,2,0,0,0,5,0,0,200,0,200,200,200,200,200
387395,0,25,0,0,0,1,12,5,0,0,0,17,17,0,6,0,1,0,0,200,200
387395,0,25,0,0,0,1,12,5,0,0,0,17,17,0,6,0,0,0,0,200,200
387398,0,30,2,2,0,1,14,5,0,0,0,23,22,0,7,0,4,0,0,200,200
387398,0,30,2,2,0,1,14,5,0,0,0,23,22,1,8,0,0,0,0,200,200
387398,1,30,2,2,0,1,14,5,0,0,0,23,22,0,200,0,200,200,200,200,200
387399,0,30,0,0,0,1,9,5,0,0,0,7,0,1,200,200,1,12,12,200,200
387399,5,30,0,0,0,1,9,5,0,0,0,7,0,1,0,7,200,200,200,200,200
387402,0,0,0,0,0,1,7,6,0,0,0,20,200,1,5,0,6,0,0,200,200
387402,1,0,0,0,0,1,7,6,0,0,0,20,200,1,7,0,200,200,200,200,200
387403,0,25,0,0,0,1,12,5,0,0,0,21,0,0,9,0,12,0,0,200,200
387403,0,25,0,0,0,1,12,5,0,0,0,21,0,0,7,0,1,0,0,200,200
387404,0,5,0,0,0,1,7,6,0,0,0,17,11,0,200,200,1,200,200,200,200
387410,0,30,1,2,0,1,11,5,0,0,3,0,200,0,5,0,200,200,0,200,200
387410,0,30,1,2,0,1,11,5,0,0,3,0,200,0,200,200,200,200,200,200,200
387411,0,35,0,0,0,1,7,5,0,0,0,0,0,2,200,200,200,200,200,200,200
387417,0,30,1,2,0,1,14,6,0,1,0,0,0,0,6,0,200,0,0,200,200
387417,0,30,1,2,0,1,14,6,0,1,0,0,0,1,6,1,0,0,0,200,200
387426,0,30,0,0,0,1,7,6,0,0,0,21,200,0,7,200,1,0,0,200,200
387426,1,30,0,0,0,1,7,6,0,0,0,21,200,0,6,7,200,200,200,200,200
387426,1,30,0,0,0,1,7,6,0,0,0,21,200,0,5,7,200,200,200,200,200
387429,0,30,0,0,0,1,12,2,0,0,0,22,16,0,200,200,0,200,200,200,200
387429,0,30,0,0,0,1,12,2,0,0,0,22,16,1,8,0,0,0,0,200,200
387435,0,30,0,0,0,1,10,6,0,0,0,0,200,0,4,0,12,0,0,200,200
387435,0,30,0,0,0,1,10,6,0,0,0,0,200,1,7,0,0,0,0,200,200
387435,1,30,0,0,0,1,10,6,0,0,0,0,200,1,3,0,200,200,200,200,200
387437,0,35,1,2,0,1,14,3,0,0,0,6,0,0,6,0,200,0,0,200,200
387437,0,35,1,2,0,1,14,3,0,0,0,6,0,0,5,0,200,0,0,200,200
387439,0,30,1,2,0,0,12,2,0,0,200,22,200,2,200,200,2,200,200,200,200
387439,0,30,1,2,0,0,12,2,0,0,200,22,200,0,5,0,0,0,0,200,200
387440,0,25,0,0,200,200,7,5,0,200,200,0,0,2,200,200,200,200,200,200,200
387449,0,30,0,0,0,1,14,2,0,0,0,17,21,2,200,200,1,200,200,200,200
387449,0,30,0,0,0,1,14,2,0,0,0,17,21,1,6,0,0,0,0,200,200
387451,0,30,200,200,0,1,11,5,0,0,0,200,200,0,6,200,200,200,200,200,200
387451,0,30,200,200,0,1,11,5,0,0,0,200,200,0,5,0,0,0,0,200,200
387451,1,30,200,200,0,1,11,5,0,0,0,200,200,1,6,0,200,200,200,200,200
387452,5,25,3,2,0,1,9,5,0,0,200,20,200,1,7,7,0,200,0,200,200
387452,0,25,3,2,0,1,9,5,0,0,200,20,200,0,200,200,6,200,200,200,200
387452,1,25,3,2,0,1,9,5,0,0,200,20,200,1,200,200,200,200,200,200,200
387453,0,10,0,0,0,1,7,7,0,0,0,0,200,0,200,200,12,200,0,200,200
387453,1,10,0,0,0,1,7,7,0,0,0,0,200,1,200,200,200,200,200,200,200
387454,0,30,1,2,0,1,10,5,0,0,0,0,0,0,200,200,200,200,200,200,200
387454,0,30,1,2,0,1,10,5,0,0,0,0,0,0,6,0,0,0,0,200,200
387454,0,30,1,2,0,1,10,5,0,0,0,0,0,0,7,0,0,0,0,200,200
387462,0,30,0,0,0,1,12,2,0,0,0,22,200,1,4,200,2,12,0,200,200
387462,0,30,0,0,0,1,12,2,0,0,0,22,200,1,7,200,0,200,0,200,200
387467,0,30,1,2,0,1,10,5,0,0,0,0,0,1,6,0,200,200,200,200,200
387467,0,30,1,2,0,1,10,5,0,0,0,0,0,0,5,0,0,0,0,200,200
387467,1,30,1,2,0,1,10,5,0,0,0,0,0,1,5,0,200,200,200,200,200
387467,1,30,1,2,0,1,10,5,0,0,0,0,0,1,3,0,200,200,200,200,200
387467,1,30,1,2,0,1,10,5,0,0,0,0,0,1,6,0,200,200,200,200,200
387469,0,30,1,2,0,1,10,3,0,0,200,16,200,1,5,0,3,0,0,200,200
387469,0,30,1,2,0,1,10,3,0,0,200,16,200,0,5,0,0,200,0,200,200
387469,1,30,1,2,0,1,10,3,0,0,200,16,200,0,5,0,200,200,200,200,200
387469,1,30,1,2,0,1,10,3,0,0,200,16,200,1,7,0,200,200,200,200,200
387469,1,30,1,2,0,1,10,3,0,0,200,16,200,0,2,0,200,200,200,200,200
387469,1,30,1,2,0,1,10,3,0,0,200,16,200,1,0,0,200,200,200,200,200
387473,0,30,0,0,0,1,9,2,0,0,0,17,16,0,5,0,1,0,0,200,200
387473,5,30,0,0,0,1,9,2,0,0,0,17,16,0,5,3,0,0,0,200,200
387473,1,30,0,0,0,1,9,2,0,0,0,17,16,1,5,0,200,200,200,200,200
387474,0,30,0,0,0,1,9,6,0,0,0,16,200,0,7,0,1,0,0,200,200
387474,5,30,0,0,0,1,9,6,0,0,0,16,200,1,4,200,200,0,0,200,200
387475,0,15,0,0,0,1,7,7,0,0,0,0,0,2,200,200,200,200,200,200,200
387478,0,45,1,2,0,1,10,6,2,0,200,18,0,2,200,200,0,200,200,200,200
387478,0,45,1,2,0,1,10,6,2,0,200,18,0,0,7,0,3,0,0,200,200
387480,0,30,1,2,0,1,14,5,0,0,0,17,16,1,200,200,1,200,200,200,200
387480,0,30,1,2,0,1,14,5,0,0,0,17,16,1,5,200,0,0,0,200,200
387480,1,30,1,2,0,1,14,5,0,0,0,17,16,0,2,200,200,200,200,200,200
387487,0,30,1,2,0,1,10,2,0,0,0,16,18,0,4,200,3,0,0,200,200
387487,0,30,1,2,0,1,10,2,0,0,0,16,18,1,7,200,0,0,0,200,200
387487,1,30,1,2,0,1,10,2,0,0,0,16,18,200,200,200,200,200,200,200,200
387489,0,30,0,0,0,1,2,7,0,0,0,0,200,0,200,200,200,200,200,200,200
387491,0,30,1,2,0,1,14,5,0,0,0,17,200,0,5,200,1,200,0,200,200
387491,0,30,1,2,0,1,14,5,0,0,0,17,200,1,6,200,200,0,0,200,200
387491,1,30,1,2,0,1,14,5,0,0,0,17,200,200,2,200,200,200,200,200,200
387491,1,30,1,2,0,1,14,5,0,0,0,17,200,1,2,200,200,200,200,200,200
387493,0,30,0,0,0,1,7,6,0,0,0,0,0,2,200,200,200,200,200,200,200
387498,0,30,1,2,0,1,10,5,0,0,0,0,0,1,6,200,200,200,200,200,200
387498,0,30,1,2,0,1,10,5,0,0,0,0,0,0,6,0,0,0,0,200,200