RD_NO,PERSON_TYPE,POSTED_SPEED_LIMIT,TRAFFIC_CONTROL_DEVICE,DEVICE_CONDITION,WEATHER_CONDITION,LIGHTING_CONDITION,FIRST_CRASH_TYPE,TRAFFICWAY_TYPE,ALIGNMENT,ROADWAY_SURFACE_COND,ROAD_DEFECT,PRIM_CONTRIBUTORY_CAUSE,SEC_CONTRIBUTORY_CAUSE,SEX,AGE,SAFETY_EQUIPMENT,DRIVER_ACTION,DRIVER_VISION,PHYSICAL_CONDITION,BAC_RESULT VALUE,CELL_PHONE_USE
387499,0,35,0,0,0,1,7,5,0,0,0,0,200,2,200,200,200,200,200,200,200
387505,0,15,0,0,0,1,7,7,0,0,0,0,0,2,200,200,200,200,200,200,200
387512,0,30,0,0,200,200,7,6,0,200,200,0,0,2,200,200,200,200,200,200,200
387519,0,30,200,200,2,3,0,5,0,1,0,200,200,0,4,0,200,0,0,200,200
387519,0,30,200,200,2,3,0,5,0,1,0,200,200,1,5,0,200,0,0,200,200
387519,1,30,200,200,2,3,0,5,0,1,0,200,200,1,0,0,200,200,200,200,200
387519,1,30,200,200,2,3,0,5,0,1,0,200,200,0,2,0,200,200,200,200,200
387519,1,30,200,200,2,3,0,5,0,1,0,200,200,0,1,0,200,200,200,200,200
387519,1,30,200,200,2,3,0,5,0,1,0,200,200,0,1,0,200,200,200,200,200
387523,0,30,0,0,0,1,2,7,0,0,0,0,0,0,8,0,0,0,0,200,200
387527,0,30,0,0,0,1,12,3,0,0,0,22,200,0,200,200,4,200,200,200,200
387527,0,30,0,0,0,1,12,3,0,0,0,22,200,1,6,0,0,0,0,200,200
387538,0,30,0,0,0,1,7,5,0,0,0,0,0,0,6,200,2,0,0,200,200
387540,0,30,0,0,0,1,10,5,0,0,0,200,200,2,200,200,0,200,200,200,200
387540,0,30,0,0,0,1,10,5,0,0,0,200,200,1,7,0,0,0,0,200,200
387543,0,30,0,0,0,1,7,5,0,0,0,0,0,0,5,200,200,200,200,200,200
387543,1,30,0,0,0,1,7,5,0,0,0,0,0,1,200,7,200,200,200,200,200
387545,0,30,0,0,0,1,0,5,0,0,0,17,0,1,200,200,1,200,200,200,200
387545,0,30,0,0,0,1,0,5,0,0,0,17,0,1,5,0,0,0,0,200,200
387548,0,30,1,2,0,1,10,3,0,0,0,22,0,0,6,0,0,0,0,200,200
387548,0,30,1,2,0,1,10,3,0,0,0,22,0,0,5,0,0,0,0,200,200
387549,0,30,0,0,0,1,12,2,0,0,0,0,0,0,4,0,0,0,0,200,200
387549,1,30,0,0,0,1,12,2,0,0,0,0,0,0,5,0,200,200,200,200,200
387552,0,30,2,2,0,1,0,5,0,0,0,200,200,0,6,200,12,200,200,200,200
387552,0,30,2,2,0,1,0,5,0,0,0,200,200,1,7,0,200,0,0,200,200
387553,0,30,0,0,0,1,14,12,2,0,200,0,200,1,6,200,200,0,0,200,200
387553,0,30,0,0,0,1,14,12,2,0,200,0,200,1,7,200,200,0,0,200,200
387556,0,30,1,2,0,1,10,6,2,0,0,18,200,1,5,200,0,0,0,200,200
387556,0,30,1,2,0,1,10,6,2,0,0,18,200,1,9,0,0,0,0,200,200
387556,0,30,1,2,0,1,10,6,2,0,0,18,200,0,200,200,200,200,200,200,200
387556,1,30,1,2,0,1,10,6,2,0,0,18,200,1,3,0,200,200,200,200,200
387559,0,30,1,2,0,1,10,5,0,0,0,18,0,0,6,200,3,200,200,200,200
387559,0,30,1,2,0,1,10,5,0,0,0,18,0,1,6,0,0,200,0,200,200
387559,1,30,1,2,0,1,10,5,0,0,0,18,0,0,200,200,200,200,200,200,200
387559,1,30,1,2,0,1,10,5,0,0,0,18,0,0,5,0,200,200,200,200,200
387571,0,30,1,2,0,1,14,5,0,0,0,17,6,1,200,200,5,0,0,200,200
387571,0,30,1,2,0,1,14,5,0,0,0,17,6,0,200,0,0,0,0,200,200
387576,0,30,1,2,0,1,12,6,0,0,0,0,200,0,6,0,12,0,0,200,200
387576,0,30,1,2,0,1,12,6,0,0,0,0,200,0,0,0,12,200,0,200,200
387580,0,30,0,0,0,1,7,5,0,0,0,0,0,2,200,200,200,200,200,200,200
387581,0,30,1,2,0,1,14,5,0,0,0,0,0,0,7,0,200,0,0,200,200
387581,0,30,1,2,0,1,14,5,0,0,0,0,0,1,6,0,200,0,0,200,200
387581,1,30,1,2,0,1,14,5,0,0,0,0,0,1,200,7,200,200,200,200,200
387582,0,30,0,0,0,1,12,5,0,0,0,200,200,0,200,200,0,200,200,200,200
387582,0,30,0,0,0,1,12,5,0,0,0,200,200,0,7,0,0,0,0,200,200
387582,1,30,0,0,0,1,12,5,0,0,0,200,200,0,200,0,200,200,200,200,200
387582,1,30,0,0,0,1,12,5,0,0,0,200,200,0,200,0,200,200,200,200,200
387584,0,30,1,2,0,1,10,2,0,0,200,0,0,0,6,200,200,200,200,200,200
387584,0,30,1,2,0,1,10,2,0,0,200,0,0,0,6,0,200,0,0,200,200
387587,0,25,0,0,0,1,12,5,0,0,0,17,0,0,5,200,1,0,0,200,200
387587,0,25,0,0,0,1,12,5,0,0,0,17,0,1,6,200,0,0,0,200,200
387590,0,35,0,0,0,1,12,2,0,0,0,0,200,1,8,200,200,0,0,200,200
387590,0,35,0,0,0,1,12,2,0,0,0,0,200,0,7,200,12,0,0,200,200
387591,0,30,0,0,0,1,10,5,0,0,0,200,200,0,7,0,0,0,0,200,200
387591,0,30,0,0,0,1,10,5,0,0,0,200,200,1,200,200,200,200,200,200,200
387595,0,30,0,0,0,1,10,5,0,0,0,7,200,1,9,200,12,0,200,200,200
387595,0,30,0,0,0,1,10,5,0,0,0,7,200,1,7,0,0,0,0,200,200
387603,0,30,1,2,0,1,12,5,0,0,200,21,18,0,200,200,4,200,200,200,200
387603,0,30,1,2,0,1,12,5,0,0,200,21,18,1,5,200,0,0,0,200,200
387603,1,30,1,2,0,1,12,5,0,0,200,21,18,0,200,200,200,200,200,200,200
387608,0,30,0,0,0,1,12,5,0,0,0,200,200,1,5,200,0,0,0,200,200
387608,0,30,0,0,0,1,12,5,0,0,0,200,200,1,6,7,0,0,0,200,200
387609,0,30,0,0,0,1,10,5,0,0,0,18,200,0,200,200,3,200,200,200,200
387609,0,30,0,0,0,1,10,5,0,0,0,18,200,1,6,0,0,0,0,200,200
387609,0,30,0,0,0,1,10,5,0,0,0,18,200,0,7,0,0,0,0,200,200
387609,1,30,0,0,0,1,10,5,0,0,0,18,200,200,7,0,200,200,200,200,200
387617,0,30,1,2,0,1,14,5,2,0,200,6,0,0,6,200,5,200,0,200,200
387617,0,30,1,2,0,1,14,5,2,0,200,6,0,1,5,0,0,200,0,200,200
387617,0,30,1,2,0,1,14,5,2,0,200,6,0,0,5,0,0,200,0,200,200
387617,1,30,1,2,0,1,14,5,2,0,200,6,0,1,200,0,200,200,200,200,200
387617,1,30,1,2,0,1,14,5,2,0,200,6,0,0,0,6,200,200,200,200,200
387617,1,30,1,2,0,1,14,5,2,0,200,6,0,0,1,6,200,200,200,200,200
387618,0,30,0,0,0,1,7,6,0,12,200,18,200,0,6,200,3,200,200,200,200
387618,1,30,0,0,0,1,7,6,0,12,200,18,200,2,200,200,200,200,200,200,200
387622,0,30,0,0,0,1,14,5,0,0,0,200,200,0,9,0,0,0,0,200,200
387622,0,30,0,0,0,1,14,5,0,0,0,200,200,0,8,0,0,0,0,200,200
387624,0,30,6,200,0,1,2,5,0,0,4,28,200,0,6,200,0,0,0,200,200
387628,0,30,200,200,0,1,10,7,0,0,0,200,200,0,7,0,6,0,0,200,200
387628,0,30,200,200,0,1,10,7,0,0,0,200,200,0,4,0,200,0,0,200,200
387629,0,30,0,0,0,1,12,5,0,0,0,21,200,1,200,200,4,0,0,200,200
387629,0,30,0,0,0,1,12,5,0,0,0,21,200,0,200,0,0,0,0,200,200
387629,1,30,0,0,0,1,12,5,0,0,0,21,200,0,200,200,200,200,200,200,200
387629,1,30,0,0,0,1,12,5,0,0,0,21,200,0,200,0,200,200,200,200,200
387629,1,30,0,0,0,1,12,5,0,0,0,21,200,0,200,0,200,200,200,200,200
387629,1,30,0,0,0,1,12,5,0,0,0,21,200,1,200,0,200,200,200,200,200
387631,0,30,0,0,0,1,10,0,0,0,0,20,200,0,7,0,0,0,0,200,200
387631,0,30,0,0,0,1,10,0,0,0,0,20,200,0,6,0,10,0,0,200,200
387632,0,30,1,2,0,1,12,5,0,0,0,21,23,2,200,200,7,200,200,200,200
387632,0,30,1,2,0,1,12,5,0,0,0,21,23,0,0,200,0,0,0,200,200
387637,0,30,0,0,0,1,12,5,0,0,0,17,200,0,5,200,1,0,0,200,200
387637,0,30,0,0,0,1,12,5,0,0,0,17,200,1,6,0,0,0,0,200,200
387641,0,30,1,2,0,1,10,2,0,0,0,0,200,1,7,1,12,0,0,200,200
387641,0,30,1,2,0,1,10,2,0,0,0,0,200,0,7,0,0,0,0,200,200
387643,0,30,0,0,0,1,2,4,0,0,0,11,200,0,6,200,5,200,0,200,200
387643,4,30,0,0,0,1,2,4,0,0,0,11,200,0,4,200,0,200,0,200,200
387643,1,30,0,0,0,1,2,4,0,0,0,11,200,1,200,200,200,200,200,200,200
387644,0,30,0,0,0,3,7,5,0,0,0,0,200,2,200,200,200,200,200,200,200
387647,0,35,2,2,0,1,0,5,0,0,0,0,200,0,200,0,200,200,0,200,200
387647,0,35,2,2,0,1,0,5,0,0,0,0,200,1,200,0,0,200,0,200,200
387649,0,30,1,2,0,1,10,6,0,0,0,18,0,0,6,200,3,200,200,200,200
387649,0,30,1,2,0,1,10,6,0,0,0,18,0,0,7,0,0,0,0,200,200
387649,1,30,1,2,0,1,10,6,0,0,0,18,0,1,200,0,200,200,200,200,200
387649,1,30,1,2,0,1,10,6,0,0,0,18,0,1,200,0,200,200,200,200,200
387651,0,30,1,200,0,1,12,2,0,0,0,0,0,1,7,200,200,200,200,200,200
387651,0,30,1,200,0,1,12,2,0,0,0,0,0,0,7,200,200,200,0,200,200
387653,0,20,0,0,0,1,10,6,0,0,0,0,0,0,5,0,12,0,0,200,200
387653,0,20,0,0,0,1,10,6,0,0,0,0,0,1,6,200,0,0,0,200,200
387658,0,25,0,0,200,200,7,6,0,200,200,0,0,2,200,200,200,200,200,200,200
387659,0,35,0,0,0,1,14,2,0,0,0,23,22,1,7,200,7,0,0,200,200
387659,0,35,0,0,0,1,14,2,0,0,0,23,22,1,6,200,0,0,0,200,200
387665,4,30,0,0,0,1,8,5,2,0,0,200,200,0,200,7,200,200,200,200,200
387665,0,30,0,0,0,1,8,5,2,0,0,200,200,1,5,0,0,0,0,200,200
387665,1,30,0,0,0,1,8,5,2,0,0,200,200,1,0,5,200,200,200,200,200
387683,0,30,2,2,0,1,7,2,0,0,0,11,200,2,200,200,12,200,200,200,200
387691,0,25,0,0,0,1,7,6,0,0,0,0,200,0,3,0,200,0,0,200,200
387691,1,25,0,0,0,1,7,6,0,0,0,0,200,1,6,1,200,200,200,200,200
387691,1,25,0,0,0,1,7,6,0,0,0,0,200,0,7,1,200,200,200,200,200
387695,0,30,0,0,0,1,12,5,0,0,0,0,0,0,7,0,200,200,0,200,200
387695,0,30,0,0,0,1,12,5,0,0,0,0,0,1,8,0,0,0,0,200,200
387700,0,30,1,2,0,1,14,5,0,0,0,17,200,0,6,200,1,0,0,200,200
387700,0,30,1,2,0,1,14,5,0,0,0,17,200,0,7,0,0,0,0,200,200
387701,0,30,0,0,200,200,7,6,0,200,200,8,22,0,6,0,2,200,200,200,200
387704,0,30,0,0,0,1,12,5,0,0,0,0,0,2,200,200,200,200,200,200,200
387704,0,30,0,0,0,1,12,5,0,0,0,0,0,0,7,0,0,0,0,200,200
387705,0,30,0,0,0,1,10,2,0,0,0,18,200,0,7,0,3,200,0,200,200
387705,0,30,0,0,0,1,10,2,0,0,0,18,200,1,7,0,3,200,0,200,200
387705,0,30,0,0,0,1,10,2,0,0,0,18,200,0,7,0,0,200,0,200,200
387706,0,30,1,2,0,1,14,5,0,0,0,11,200,0,6,0,12,0,0,200,200
387706,0,30,1,2,0,1,14,5,0,0,0,11,200,0,6,0,0,0,0,200,200
387713,0,20,2,2,0,1,7,6,0,0,0,0,0,1,200,200,200,200,200,200,200
387716,0,15,0,0,0,3,7,7,0,0,200,22,0,0,7,200,2,200,200,200,200
387717,0,30,0,0,0,1,12,5,0,0,0,200,200,1,200,200,12,200,200,200,200
387717,0,30,0,0,0,1,12,5,0,0,0,200,200,0,5,0,0,0,0,200,200
387720,0,40,0,0,0,3,5,5,0,0,0,200,200,0,7,0,0,0,0,200,200
387722,0,30,2,2,0,1,0,2,0,0,0,0,200,1,8,0,1,0,0,200,200
387722,0,30,2,2,0,1,0,2,0,0,0,0,200,1,7,0,0,0,0,200,200
387723,0,30,1,200,0,200,10,200,0,200,200,18,200,1,6,200,3,200,0,200,200
387723,0,30,1,200,0,200,10,200,0,200,200,18,200,1,7,200,0,200,0,200,200
387726,0,30,1,2,0,1,12,5,0,0,0,22,22,2,200,200,2,200,200,200,200
387726,0,30,1,2,0,1,12,5,0,0,0,22,22,1,6,0,0,0,0,200,200
387727,0,30,0,0,0,1,14,5,0,0,0,0,0,1,5,200,7,0,0,200,200
387727,0,30,0,0,0,1,14,5,0,0,0,0,0,0,6,0,0,0,0,200,200
387730,0,30,0,0,0,1,10,5,0,0,0,7,200,1,7,0,200,0,0,200,200
387730,0,30,0,0,0,1,10,5,0,0,0,7,200,1,6,0,0,0,0,200,200
387733,0,30,0,0,0,1,12,5,0,0,0,0,0,1,6,200,1,0,0,200,200
387733,0,30,0,0,0,1,12,5,0,0,0,0,0,0,6,0,0,0,0,200,200
387742,0,30,0,0,0,1,7,6,0,0,0,7,200,1,6,0,200,0,0,200,200
387743,0,35,0,0,0,1,7,5,0,0,0,0,200,2,200,200,200,200,200,200,200
387744,0,30,200,200,0,1,7,2,0,200,200,200,200,2,200,200,200,200,200,200,200
387746,0,30,1,2,0,1,10,6,0,0,0,13,200,1,6,0,200,0,0,200,200
387746,0,30,1,2,0,1,10,6,0,0,0,13,200,1,7,0,0,0,0,200,200
387746,1,30,1,2,0,1,10,6,0,0,0,13,200,0,2,0,200,200,200,200,200
387746,1,30,1,2,0,1,10,6,0,0,0,13,200,0,2,0,200,200,200,200,200
387755,0,30,1,2,0,1,9,6,0,0,0,0,200,1,6,200,1,0,0,200,200
387755,5,30,1,2,0,1,9,6,0,0,0,0,200,1,3,7,12,0,0,200,200
387760,5,30,2,1,0,1,9,6,0,0,0,28,200,0,6,200,12,0,0,200,200
387760,0,30,2,1,0,1,9,6,0,0,0,28,200,0,6,0,0,0,0,200,200
387761,0,30,0,0,0,1,8,6,0,0,0,200,200,1,5,0,12,0,0,200,200
387761,4,30,0,0,0,1,8,6,0,0,0,200,200,0,6,3,0,0,0,200,200
387763,0,35,0,0,0,1,12,5,0,0,0,0,0,1,6,200,0,0,0,200,200
387763,0,35,0,0,0,1,12,5,0,0,0,0,0,0,0,200,0,0,0,200,200
387763,1,35,0,0,0,1,12,5,0,0,0,0,0,1,5,200,200,200,200,200,200
387763,1,35,0,0,0,1,12,5,0,0,0,0,0,1,5,7,200,200,200,200,200
387765,0,30,0,0,0,1,10,2,0,0,0,7,200,0,6,0,3,0,0,200,200
387765,0,30,0,0,0,1,10,2,0,0,0,7,200,1,5,0,0,0,0,200,200
387770,0,15,0,0,0,1,12,2,0,0,0,17,16,0,6,200,12,5,0,200,200
387770,0,15,0,0,0,1,12,2,0,0,0,17,16,1,6,200,200,200,0,200,200
387775,0,30,0,0,0,1,0,5,0,0,0,17,200,1,200,200,1,0,0,200,200
387775,0,30,0,0,0,1,0,5,0,0,0,17,200,1,200,0,0,0,0,200,200
387777,0,30,0,0,0,200,12,200,0,200,200,22,200,0,6,200,2,200,0,200,200
387777,0,30,0,0,0,200,12,200,0,200,200,22,200,1,6,200,0,200,0,200,200
387777,1,30,0,0,0,200,12,200,0,200,200,22,200,0,6,200,200,200,200,200,200
387778,0,30,200,200,0,1,12,5,0,0,0,200,200,0,200,200,200,200,200,200,200
387778,0,30,200,200,0,1,12,5,0,0,0,200,200,1,6,0,0,0,0,200,200
387779,0,30,0,0,0,1,12,5,0,0,0,21,0,0,5,0,200,0,0,200,200
387779,0,30,0,0,0,1,12,5,0,0,0,21,0,0,200,200,12,200,200,200,200
387782,4,35,1,2,0,1,8,5,0,0,0,16,200,0,5,7,2,0,0,200,200
387782,0,35,1,2,0,1,8,5,0,0,0,16,200,0,6,0,0,0,0,200,200
387783,0,30,2,2,0,1,0,5,0,0,0,17,200,0,5,0,1,5,0,200,200
387783,0,30,2,2,0,1,0,5,0,0,0,17,200,1,6,0,0,0,0,200,200
387783,1,30,2,2,0,1,0,5,0,0,0,17,200,1,3,0,200,200,200,200,200
387788,0,30,1,2,0,1,14,2,0,0,0,21,6,1,200,200,5,200,200,200,200
387788,0,30,1,2,0,1,14,2,0,0,0,21,6,0,6,0,0,0,0,200,200
387789,0,30,0,0,0,1,0,5,0,0,0,17,200,0,6,200,1,0,0,200,200
387789,0,30,0,0,0,1,0,5,0,0,0,17,200,0,7,200,0,0,0,200,200
387790,0,30,0,0,0,1,0,5,0,0,0,17,0,0,200,200,1,200,200,200,200
387790,0,30,0,0,0,1,0,5,0,0,0,17,0,1,7,200,0,0,0,200,200
387792,0,30,0,0,0,1,7,12,0,0,0,0,200,0,7,0,12,0,0,200,200
387794,0,35,0,0,0,1,14,5,0,0,0,22,22,0,5,0,2,0,0,200,200
387794,0,35,0,0,0,1,14,5,0,0,0,22,22,1,7,0,0,0,0,200,200
387795,0,35,2,2,0,1,14,5,0,0,0,17,200,1,5,0,1,0,0,200,200
387795,0,35,2,2,0,1,14,5,0,0,0,17,200,0,6,0,0,0,0,200,200
387795,1,35,2,2,0,1,14,5,0,0,0,17,200,1,5,0,200,200,200,200,200
387797,0,30,2,2,0,1,0,2,0,0,0,0,0,1,200,200,1,200,200,200,200
387797,0,30,2,2,0,1,0,2,0,0,0,0,0,1,8,0,0,200,0,200,200
387800,0,30,1,2,0,1,10,5,0,0,0,18,14,1,6,0,3,0,0,200,200
387800,0,30,1,2,0,1,10,5,0,0,0,18,14,1,6,0,0,0,0,200,200
387802,0,10,0,0,0,1,7,7,0,0,0,20,0,1,200,200,6,200,200,200,200
387802,1,10,0,0,0,1,7,7,0,0,0,20,0,1,200,200,200,200,200,200,200
387807,0,30,1,2,0,1,10,3,0,0,0,18,16,0,5,200,3,200,0,200,200
387807,0,30,1,2,0,1,10,3,0,0,0,18,16,0,8,200,0,200,0,200,200
387811,0,30,0,0,0,1,7,6,0,0,0,0,0,0,200,200,1,0,0,200,200
387815,0,30,0,0,0,3,11,0,0,0,0,10,0,0,200,200,9,200,200,200,200
387815,0,30,0,0,0,3,11,0,0,0,0,10,0,1,6,200,0,0,0,200,200
387816,0,30,0,0,0,1,12,3,0,0,0,22,21,2,200,200,4,200,200,200,200
387816,0,30,0,0,0,1,12,3,0,0,0,22,21,1,6,200,0,0,0,200,200
387818,0,30,0,0,0,0,7,6,0,0,0,0,200,2,200,200,200,200,200,200,200
387819,0,30,0,0,0,1,12,6,0,0,0,0,0,1,5,0,12,0,0,200,200
387819,0,30,0,0,0,1,12,6,0,0,0,0,0,1,5,0,0,0,0,200,200
387824,0,30,0,0,0,1,10,5,0,0,0,18,200,0,200,200,3,200,200,200,200
387824,0,30,0,0,0,1,10,5,0,0,0,18,200,1,7,0,0,0,0,200,200
387825,0,30,200,200,0,1,12,6,0,0,1,200,200,0,200,200,0,200,200,200,200
387829,0,30,0,0,0,1,12,5,0,0,0,0,0,1,200,200,200,200,200,200,200
387829,0,30,0,0,0,1,12,5,0,0,0,0,0,1,6,0,0,0,0,200,200
387830,0,30,0,0,0,1,10,5,0,0,0,18,16,1,200,200,3,0,0,200,200
387830,0,30,0,0,0,1,10,5,0,0,0,18,16,0,200,0,0,0,0,200,200
387831,0,40,0,0,0,1,10,3,0,0,0,18,200,1,5,0,3,0,0,200,200
387831,0,40,0,0,0,1,10,3,0,0,0,18,200,1,6,0,0,0,0,200,200
387833,0,30,1,2,0,1,14,2,0,0,200,17,17,1,9,0,7,200,0,200,200
387833,0,30,1,2,0,1,14,2,0,0,200,17,17,0,9,0,12,200,0,200,200
387833,1,30,1,2,0,1,14,2,0,0,200,17,17,1,7,0,200,200,200,200,200
387837,0,30,2,2,0,1,0,6,0,0,0,17,0,1,7,200,1,0,0,200,200
387837,0,30,2,2,0,1,0,6,0,0,0,17,0,2,200,200,0,200,200,200,200
387842,0,30,2,2,0,1,14,5,0,0,0,17,17,0,6,0,1,0,0,200,200
387842,0,30,2,2,0,1,14,5,0,0,0,17,17,1,7,0,0,0,0,200,200
387846,0,30,0,0,0,1,7,12,0,0,0,12,0,1,7,0,12,0,0,200,200
387848,0,25,2,2,0,1,0,5,0,0,0,14,200,0,5,0,8,0,0,200,200
387848,0,25,2,2,0,1,0,5,0,0,0,14,200,1,5,0,0,0,0,200,200
387848,1,25,2,2,0,1,0,5,0,0,0,14,200,200,1,0,200,200,200,200,200
387849,0,30,0,0,0,1,12,5,0,0,0,22,200,0,200,200,2,200,200,200,200
387849,0,30,0,0,0,1,12,5,0,0,0,22,200,0,5,200,0,200,0,200,200
387852,0,30,0,0,0,1,5,5,0,0,0,200,200,1,8,0,0,0,0,200,200
387856,0,30,1,2,0,1,10,5,0,0,0,16,200,2,200,200,200,200,200,200,200
387856,0,30,1,2,0,1,10,5,0,0,0,16,200,1,5,0,0,0,0,200,200
387858,0,30,0,0,0,1,12,5,0,0,0,18,200,1,200,200,3,200,200,200,200
387858,0,30,0,0,0,1,12,5,0,0,0,18,200,1,0,0,0,0,0,200,200
387860,0,30,0,0,0,1,7,6,0,0,0,0,0,2,200,200,200,200,200,200,200
387863,0,25,0,0,0,1,14,2,0,0,1,0,19,0,7,200,4,200,0,200,200
387863,0,25,0,0,0,1,14,2,0,0,1,0,19,0,7,200,0,0,0,200,200
387868,0,25,1,2,0,1,12,2,0,0,0,0,200,0,200,0,200,1,0,200,200
387868,0,25,1,2,0,1,12,2,0,0,0,0,200,1,5,0,0,1,0,200,200
387870,0,30,0,0,0,1,12,5,0,0,0,0,200,0,6,0,12,0,0,200,200
387870,0,30,0,0,0,1,12,5,0,0,0,0,200,1,5,0,0,0,0,200,200
387875,0,15,0,0,0,1,2,0,0,0,0,11,8,1,6,0,12,0,0,200,200
387878,0,35,1,2,0,1,0,3,0,0,0,6,11,2,200,200,5,200,200,200,200
387878,0,35,1,2,0,1,0,3,0,0,0,6,11,0,5,0,0,0,0,200,200
387879,0,30,0,0,0,1,14,5,0,0,0,0,0,0,6,0,0,0,0,200,200
387879,0,30,0,0,0,1,14,5,0,0,0,0,0,0,7,0,0,0,0,200,200
387885,0,30,0,0,0,1,10,5,0,1,0,18,16,0,200,200,3,0,0,200,200
387885,0,30,0,0,0,1,10,5,0,1,0,18,16,1,200,0,0,0,0,200,200
387887,0,35,0,0,0,1,8,5,0,0,0,11,200,0,7,200,200,12,0,200,200
387887,4,35,0,0,0,1,8,5,0,0,0,11,200,1,0,7,0,0,0,200,200
387887,1,35,0,0,0,1,8,5,0,0,0,11,200,1,0,200,200,200,200,200,200
387888,0,30,0,0,0,1,7,7,0,0,0,13,200,0,6,0,12,0,0,200,200
387888,1,30,0,0,0,1,7,7,0,0,0,13,200,1,6,0,200,200,200,200,200
387890,0,35,0,0,0,1,7,5,0,0,0,0,0,2,200,200,200,200,200,200,200
387892,0,30,0,0,0,1,10,5,0,0,0,30,200,1,6,200,11,200,0,200,200
387892,0,30,0,0,0,1,10,5,0,0,0,30,200,0,7,0,0,0,0,200,200
387892,0,30,0,0,0,1,10,5,0,0,0,30,200,1,8,0,0,0,0,200,200
387892,1,30,0,0,0,1,10,5,0,0,0,30,200,1,5,0,200,200,200,200,200
387893,0,35,2,200,0,1,8,5,0,0,0,0,200,0,6,200,1,200,0,200,200
387893,4,35,2,200,0,1,8,5,0,0,0,0,200,0,7,7,0,200,0,200,200
387903,0,30,1,2,0,1,12,5,0,0,200,0,0,0,5,200,200,200,0,200,200
387903,0,30,1,2,0,1,12,5,0,0,200,0,0,0,7,200,200,200,0,200,200
387905,0,30,1,2,0,1,12,5,0,0,0,0,0,1,200,200,200,200,200,200,200
387905,0,30,1,2,0,1,12,5,0,0,0,0,0,0,7,0,0,200,200,200,200
387905,1,30,1,2,0,1,12,5,0,0,0,0,0,0,200,0,200,200,200,200,200
387907,0,30,1,2,0,1,10,2,0,0,0,0,200,1,3,200,200,200,2,200,200
387907,0,30,1,2,0,1,10,2,0,0,0,0,200,0,6,0,0,0,0,200,200
387910,0,30,2,2,0,1,11,5,0,0,0,17,200,0,4,0,6,0,0,200,200
387910,0,30,2,2,0,1,11,5,0,0,0,17,200,0,7,0,0,0,0,200,200
387911,0,30,1,2,0,1,10,5,2,0,200,200,200,1,200,200,12,0,0,200,200
387911,0,30,1,2,0,1,10,5,2,0,200,200,200,1,6,200,0,0,0,200,200
387912,0,20,0,200,200,200,7,5,0,200,0,0,11,2,200,200,200,200,200,200,200
387913,0,30,0,0,2,1,14,5,0,0,0,23,4,0,4,0,7,0,0,200,200
387913,0,30,0,0,2,1,14,5,0,0,0,23,4,0,6,3,0,0,0,200,200
387920,0,30,0,0,0,1,10,3,0,0,0,18,200,1,7,200,3,0,0,200,200
387920,0,30,0,0,0,1,10,3,0,0,0,18,200,1,7,200,0,0,0,200,200
387920,1,30,0,0,0,1,10,3,0,0,0,18,200,1,7,200,200,200,200,200,200
387922,0,30,2,2,2,0,0,5,0,1,200,17,22,1,5,200,5,200,200,200,200
387922,0,30,2,2,2,0,0,5,0,1,200,17,22,1,6,0,12,200,200,200,200
387922,1,30,2,2,2,0,0,5,0,1,200,17,22,1,200,0,200,200,200,200,200
387928,0,0,1,2,0,1,12,2,0,0,0,21,200,1,6,0,4,0,0,200,200
387928,0,0,1,2,0,1,12,2,0,0,0,21,200,1,6,0,0,0,0,200,200
387929,0,30,1,2,0,1,12,2,2,0,0,22,11,0,4,200,2,200,0,200,200
387929,0,30,1,2,0,1,12,2,2,0,0,22,11,0,5,0,0,0,0,200,200
387929,1,30,1,2,0,1,12,2,2,0,0,22,11,1,200,0,200,200,200,200,200
387929,1,30,1,2,0,1,12,2,2,0,0,22,11,1,200,0,200,200,200,200,200
387929,1,30,1,2,0,1,12,2,2,0,0,22,11,0,200,0,200,200,200,200,200
387929,1,30,1,2,0,1,12,2,2,0,0,22,11,0,200,0,200,200,200,200,200
387930,0,30,1,2,0,1,7,5,0,0,0,16,23,0,7,200,0,0,0,200,200
387931,0,30,200,200,0,1,12,5,0,0,0,200,200,0,200,200,200,200,200,200,200
387931,0,30,200,200,0,1,12,5,0,0,0,200,200,0,5,200,200,200,200,200,200
387934,0,30,0,0,0,1,12,6,0,0,0,17,11,0,6,0,1,0,0,200,200
387934,0,30,0,0,0,1,12,6,0,0,0,17,11,0,5,0,0,0,0,200,200
387935,0,30,0,0,0,1,10,5,0,0,0,8,200,0,5,200,12,0,0,200,200
387935,0,30,0,0,0,1,10,5,0,0,0,8,200,0,6,200,0,0,0,200,200
387938,0,15,0,0,0,1,9,7,0,0,0,25,25,2,200,200,1,200,200,200,200
387938,5,15,0,0,0,1,9,7,0,0,0,25,25,0,8,7,12,12,7,200,200
387938,1,15,0,0,0,1,9,7,0,0,0,25,25,1,200,200,200,200,200,200,200
387938,1,15,0,0,0,1,9,7,0,0,0,25,25,1,200,200,200,200,200,200,200
387944,0,30,0,0,0,1,10,8,0,0,0,18,18,0,5,200,3,200,0,200,200
387944,0,30,0,0,0,1,10,8,0,0,0,18,18,0,7,0,0,0,0,200,200