RD_NO,PERSON_TYPE,POSTED_SPEED_LIMIT,TRAFFIC_CONTROL_DEVICE,DEVICE_CONDITION,WEATHER_CONDITION,LIGHTING_CONDITION,FIRST_CRASH_TYPE,TRAFFICWAY_TYPE,ALIGNMENT,ROADWAY_SURFACE_COND,ROAD_DEFECT,PRIM_CONTRIBUTORY_CAUSE,SEC_CONTRIBUTORY_CAUSE,SEX,AGE,SAFETY_EQUIPMENT,DRIVER_ACTION,DRIVER_VISION,PHYSICAL_CONDITION,BAC_RESULT VALUE,CELL_PHONE_USE
387950,0,30,1,2,0,1,14,1,0,0,0,23,0,1,5,200,7,200,200,200,200
387950,0,30,1,2,0,1,14,1,0,0,0,23,0,1,5,0,0,0,0,200,200
387950,1,30,1,2,0,1,14,1,0,0,0,23,0,0,200,0,200,200,200,200,200
387952,0,30,0,0,0,1,0,5,0,0,0,17,0,0,200,200,1,200,200,200,200
387952,0,30,0,0,0,1,0,5,0,0,0,17,0,1,6,0,0,0,0,200,200
387956,0,30,1,2,0,1,12,1,0,0,0,22,11,1,6,0,1,200,0,200,200
387956,0,30,1,2,0,1,12,1,0,0,0,22,11,0,6,0,0,0,0,200,200
387959,0,15,0,0,0,1,7,5,0,0,200,7,0,0,7,200,12,200,200,200,200
387960,0,30,0,0,0,1,10,5,0,0,0,18,200,1,5,0,3,0,0,200,200
387960,0,30,0,0,0,1,10,5,0,0,0,18,200,1,6,0,0,0,0,200,200
387960,0,30,0,0,0,1,10,5,0,0,0,18,200,0,6,0,0,0,0,200,200
387960,1,30,0,0,0,1,10,5,0,0,0,18,200,0,3,0,200,200,200,200,200
387960,1,30,0,0,0,1,10,5,0,0,0,18,200,1,6,0,200,200,200,200,200
387960,1,30,0,0,0,1,10,5,0,0,0,18,200,0,3,0,200,200,200,200,200
387961,0,30,0,0,0,1,0,2,0,0,0,17,17,0,5,200,1,0,0,200,200
387961,0,30,0,0,0,1,0,2,0,0,0,17,17,2,200,200,0,200,200,200,200
387962,0,30,0,0,0,1,10,5,0,0,0,0,200,1,5,200,200,0,0,200,200
387962,0,30,0,0,0,1,10,5,0,0,0,0,200,0,5,200,0,0,0,200,200
387962,0,30,0,0,0,1,10,5,0,0,0,0,200,1,200,200,0,200,200,200,200
387967,0,30,0,0,0,1,14,3,0,0,0,23,21,0,5,200,7,1,0,200,200
387967,0,30,0,0,0,1,14,3,0,0,0,23,21,1,6,200,12,5,0,200,200
387968,0,30,0,0,0,1,7,5,0,0,0,11,15,0,3,200,12,0,0,200,200
387969,0,30,2,2,0,1,0,5,0,0,0,5,0,0,9,200,5,0,0,200,200
387969,0,30,2,2,0,1,0,5,0,0,0,5,0,1,4,200,0,0,0,200,200
387969,1,30,2,2,0,1,0,5,0,0,0,5,0,0,8,200,200,200,200,200,200
387969,1,30,2,2,0,1,0,5,0,0,0,5,0,1,7,200,200,200,200,200,200
387969,1,30,2,2,0,1,0,5,0,0,0,5,0,1,1,7,200,200,200,200,200
387973,0,30,1,2,0,1,10,5,0,0,0,0,0,1,5,200,200,200,0,200,200
387973,0,30,1,2,0,1,10,5,0,0,0,0,0,0,0,200,200,200,0,200,200
387973,1,30,1,2,0,1,10,5,0,0,0,0,0,0,5,200,200,200,200,200,200
387978,0,30,0,0,0,1,10,5,0,0,0,0,0,0,200,200,200,200,200,200,200
387978,0,30,0,0,0,1,10,5,0,0,0,0,0,0,5,0,200,200,200,200,200
387979,0,30,0,0,0,200,7,6,0,200,0,0,200,0,200,200,200,200,200,200,200
387984,0,30,1,2,0,1,0,2,0,0,0,200,200,0,7,0,200,0,0,200,200
387984,0,30,1,2,0,1,0,2,0,0,0,200,200,1,6,0,15,0,0,200,200
387989,0,0,0,0,0,1,7,4,0,0,0,16,200,1,9,7,0,0,0,200,200
387989,1,0,0,0,0,1,7,4,0,0,0,16,200,1,7,200,200,200,200,200,200
387991,0,30,0,0,0,1,12,2,0,0,200,17,33,1,5,0,1,1,0,200,200
387991,0,30,0,0,0,1,12,2,0,0,200,17,33,1,5,0,0,0,200,200,200
387997,0,30,1,2,0,1,14,5,0,0,0,18,0,0,5,0,1,0,0,200,200
387997,0,30,1,2,0,1,14,5,0,0,0,18,0,1,5,200,0,0,0,200,200
387999,0,30,0,0,0,1,12,5,0,0,0,22,200,1,6,200,12,200,200,200,200
387999,0,30,0,0,0,1,12,5,0,0,0,22,200,1,6,0,0,0,0,200,200
388002,0,30,0,0,0,1,7,5,0,0,0,0,16,2,200,200,200,200,200,200,200
388002,1,30,0,0,0,1,7,5,0,0,0,0,16,0,200,200,200,200,200,200,200
388003,0,30,0,0,0,1,2,12,0,0,0,200,200,0,200,200,13,200,200,200,200
388005,0,30,200,200,0,1,7,5,0,0,0,200,200,2,200,200,200,200,200,200,200
388008,0,30,12,200,0,1,4,7,0,0,0,200,200,1,0,0,0,0,200,200,200
388016,0,30,0,0,0,1,2,6,0,0,0,32,16,0,6,200,12,200,6,200,200
388017,0,30,1,2,0,1,9,2,0,0,0,0,0,1,5,200,200,200,200,200,200
388017,5,30,1,2,0,1,9,2,0,0,0,0,0,1,5,200,12,0,0,200,200
388018,0,30,1,2,0,1,10,5,1,0,0,18,16,0,200,200,3,0,0,200,200
388018,0,30,1,2,0,1,10,5,1,0,0,18,16,1,200,0,0,0,0,200,200
388018,0,30,1,2,0,1,10,5,1,0,0,18,16,0,200,0,0,0,0,200,200
388026,0,30,0,0,0,2,7,1,0,0,0,200,200,2,200,200,200,200,200,200,200
388039,0,30,0,0,0,1,12,5,0,0,0,0,0,1,7,200,200,200,200,200,200
388039,0,30,0,0,0,1,12,5,0,0,0,0,0,0,5,200,200,200,200,200,200
388043,0,30,2,2,0,4,0,6,0,0,0,5,200,0,6,0,5,0,0,200,200
388043,0,30,2,2,0,4,0,6,0,0,0,5,200,1,3,0,0,0,0,200,200
388043,1,30,2,2,0,4,0,6,0,0,0,5,200,1,3,0,200,200,200,200,200
388048,0,30,0,0,0,1,10,5,0,0,0,18,200,0,8,0,3,0,0,200,200
388048,0,30,0,0,0,1,10,5,0,0,0,18,200,1,7,0,0,0,0,200,200
388056,0,30,2,2,0,4,0,5,0,0,0,5,200,2,200,200,5,200,200,200,200
388056,0,30,2,2,0,4,0,5,0,0,0,5,200,1,6,0,0,0,0,200,200
388057,5,30,1,2,0,1,9,5,0,0,0,9,200,0,6,7,0,0,0,200,200
388057,0,30,1,2,0,1,9,5,0,0,0,9,200,1,200,200,200,200,200,200,200
388057,1,30,1,2,0,1,9,5,0,0,0,9,200,0,200,200,200,200,200,200,200
388079,0,30,0,0,2,1,10,5,0,1,0,18,0,1,6,0,3,0,0,200,200
388079,0,30,0,0,2,1,10,5,0,1,0,18,0,0,200,200,0,200,200,200,200
388085,0,30,1,2,0,1,10,2,0,200,200,16,11,1,200,200,3,200,200,200,200
388085,0,30,1,2,0,1,10,2,0,200,200,16,11,0,5,0,0,0,0,200,200
388086,0,30,0,0,0,0,3,5,0,0,200,27,27,0,7,0,12,12,2,200,200
388086,0,30,0,0,0,0,3,5,0,0,200,27,27,0,5,0,200,200,0,200,200
388086,1,30,0,0,0,0,3,5,0,0,200,27,27,1,5,0,200,200,200,200,200
388086,1,30,0,0,0,0,3,5,0,0,200,27,27,0,0,5,200,200,200,200,200
388088,0,30,2,2,0,3,0,2,0,0,0,17,5,1,7,0,1,0,0,200,200
388088,0,30,2,2,0,3,0,2,0,0,0,17,5,1,9,0,0,0,0,200,200
388092,0,30,0,0,0,3,12,5,0,0,0,0,0,0,6,0,5,0,0,200,200
388092,0,30,0,0,0,3,12,5,0,0,0,0,0,0,7,0,0,0,0,200,200
388097,0,30,0,0,0,2,14,5,0,0,0,18,23,0,4,200,7,0,0,200,200
388097,0,30,0,0,0,2,14,5,0,0,0,18,23,0,4,0,0,0,0,200,200
388103,0,30,1,2,0,1,14,1,0,0,0,0,200,0,7,200,200,200,0,200,200
388103,0,30,1,2,0,1,14,1,0,0,0,0,200,1,6,200,200,0,0,200,200
388113,0,30,0,0,0,1,7,6,0,0,0,16,0,2,200,200,8,200,200,200,200
388116,0,30,0,0,0,3,7,6,0,0,0,23,11,0,6,0,7,0,0,200,200
388120,0,30,1,2,0,3,10,2,0,0,0,18,14,0,200,200,200,200,200,200,200
388120,0,30,1,2,0,3,10,2,0,0,0,18,14,0,6,0,0,0,0,200,200
388134,0,30,1,2,0,4,4,5,0,0,0,0,200,1,7,200,12,0,0,200,200
388134,3,30,1,2,0,4,4,5,0,0,0,0,200,0,6,7,0,12,12,200,200
388148,0,35,0,0,0,3,12,5,0,0,0,11,27,0,200,200,2,200,5,200,200
388148,0,35,0,0,0,3,12,5,0,0,0,11,27,0,4,200,0,200,0,200,200
388151,0,30,2,2,0,1,10,6,0,0,0,0,0,0,6,200,200,200,200,200,200
388151,0,30,2,2,0,1,10,6,0,0,0,0,0,1,6,0,0,0,0,200,200
388151,1,30,2,2,0,1,10,6,0,0,0,0,0,1,200,0,200,200,200,200,200
388155,0,35,0,0,0,0,12,6,0,0,0,0,0,1,200,200,200,200,200,200,200
388155,0,35,0,0,0,0,12,6,0,0,0,0,0,1,5,0,0,0,0,200,200
388157,0,30,0,0,0,0,11,2,0,0,0,21,16,0,200,200,9,200,200,200,200
388157,0,30,0,0,0,0,11,2,0,0,0,21,16,0,7,200,0,0,0,200,200
388157,0,30,0,0,0,0,11,2,0,0,0,21,16,0,6,200,0,0,0,200,200
388157,1,30,0,0,0,0,11,2,0,0,0,21,16,0,5,200,200,200,200,200,200
388162,0,30,200,200,200,3,14,2,0,200,200,23,23,0,200,200,7,200,200,200,200
388162,0,30,200,200,200,3,14,2,0,200,200,23,23,1,200,200,200,200,200,200,200
388164,0,30,1,2,0,3,7,2,0,0,0,23,21,2,200,200,12,200,200,200,200
388164,1,30,1,2,0,3,7,2,0,0,0,23,21,0,6,1,200,200,200,200,200
388164,1,30,1,2,0,3,7,2,0,0,0,23,21,1,7,1,200,200,200,200,200
388172,0,30,0,0,0,1,10,5,0,0,0,0,0,0,5,0,8,200,200,200,200
388172,0,30,0,0,0,1,10,5,0,0,0,0,0,1,6,0,0,0,0,200,200
388174,0,30,0,0,200,3,10,2,0,200,0,16,18,0,5,200,3,200,200,200,200
388174,0,30,0,0,200,3,10,2,0,200,0,16,18,1,5,200,0,0,0,200,200
388177,0,30,1,2,0,3,14,2,0,0,0,23,17,1,5,200,7,200,0,200,200
388177,0,30,1,2,0,3,14,2,0,0,0,23,17,0,5,200,0,0,200,200,200
388177,4,30,1,2,0,3,14,2,0,0,0,23,17,1,5,7,12,0,0,200,200
388177,1,30,1,2,0,3,14,2,0,0,0,23,17,1,5,200,200,200,200,200,200
388177,1,30,1,2,0,3,14,2,0,0,0,23,17,1,5,200,200,200,200,200,200
388183,0,30,0,0,0,4,7,6,0,0,0,0,0,2,200,200,200,200,200,200,200
388197,0,30,0,0,0,1,12,5,0,0,0,21,0,1,8,200,200,200,200,200,200
388197,0,30,0,0,0,1,12,5,0,0,0,21,0,0,7,200,0,0,0,200,200
388198,0,35,0,0,0,3,7,6,0,0,0,11,200,1,200,200,10,200,200,200,200
388201,0,30,0,0,0,3,14,5,0,0,0,0,0,0,6,200,200,200,200,200,200
388201,0,30,0,0,0,3,14,5,0,0,0,0,0,0,7,200,12,200,200,200,200
388202,0,30,1,2,0,3,0,5,0,0,0,6,14,0,6,200,13,0,200,200,200
388202,0,30,1,2,0,3,0,5,0,0,0,6,14,1,8,200,200,200,200,200,200
388205,0,30,0,0,0,3,12,5,0,0,0,0,0,0,200,200,200,0,0,200,200
388205,0,30,0,0,0,3,12,5,0,0,0,0,0,0,6,200,12,200,200,200,200
388206,0,30,0,0,0,4,7,5,0,0,0,0,0,0,6,200,200,200,200,200,200
388208,0,30,0,0,0,3,7,5,0,0,0,25,0,1,7,200,12,200,0,200,200
388210,0,30,0,0,0,4,0,5,0,0,0,0,0,0,200,200,200,200,200,200,200
388210,0,30,0,0,0,4,0,5,0,0,0,0,0,0,6,0,0,200,0,200,200
388212,0,25,0,0,0,3,2,6,0,0,0,200,200,2,200,200,200,200,200,200,200
388213,0,30,1,1,0,4,2,2,0,0,0,21,200,2,200,200,12,200,200,200,200
388220,0,30,1,2,0,3,14,5,0,0,0,23,21,1,6,200,7,200,200,200,200
388220,0,30,1,2,0,3,14,5,0,0,0,23,21,0,7,200,0,200,200,200,200
388220,1,30,1,2,0,3,14,5,0,0,0,23,21,0,6,200,200,200,200,200,200
388224,0,35,0,12,0,1,7,7,0,0,200,0,0,1,200,200,200,200,200,200,200
388244,0,35,2,2,2,3,14,5,0,0,200,21,200,0,5,200,0,200,0,200,200
388244,0,35,2,2,2,3,14,5,0,0,200,21,200,0,7,200,7,200,1,200,200
388246,0,30,200,200,0,0,14,5,0,0,0,16,0,1,200,200,4,200,200,200,200
388246,0,30,200,200,0,0,14,5,0,0,0,16,0,0,5,0,0,0,0,200,200
388256,0,30,1,2,0,3,12,5,0,0,0,21,200,0,7,200,4,0,0,200,200
388256,0,30,1,2,0,3,12,5,0,0,0,21,200,1,3,0,0,0,0,200,200
388273,0,30,1,2,0,3,0,5,0,0,0,0,0,1,200,200,5,200,200,200,200
388273,0,30,1,2,0,3,0,5,0,0,0,0,0,1,5,0,0,0,0,200,200
388273,1,30,1,2,0,3,0,5,0,0,0,0,0,1,200,0,200,200,200,200,200
388274,0,30,1,2,0,3,8,5,0,0,0,23,200,0,7,200,7,200,0,200,200
388274,4,30,1,2,0,3,8,5,0,0,0,23,200,1,5,3,0,200,7,200,200
388281,0,35,0,0,0,3,10,5,0,0,0,20,200,0,6,0,6,0,0,200,200
388281,0,35,0,0,0,3,10,5,0,0,0,20,200,1,6,0,0,0,0,200,200
388298,0,30,1,200,0,3,14,5,0,0,0,0,200,1,200,200,200,200,200,200,200
388298,0,30,1,200,0,3,14,5,0,0,0,0,200,0,5,200,0,200,0,200,200
388299,0,30,1,2,0,3,12,5,0,0,0,21,200,0,6,0,4,0,0,200,200
388299,0,30,1,2,0,3,12,5,0,0,0,21,200,0,7,1,0,0,0,200,200
388299,1,30,1,2,0,3,12,5,0,0,0,21,200,0,200,0,200,200,200,200,200
388305,0,30,0,0,0,3,14,5,0,0,0,0,0,0,3,0,0,0,0,200,200
388305,0,30,0,0,0,3,14,5,0,0,0,0,0,0,4,200,200,200,200,200,200
388312,0,25,0,0,0,3,7,6,0,0,0,16,16,2,200,200,0,200,200,200,200
388322,0,30,1,2,0,1,10,5,0,0,0,18,200,1,5,200,3,0,0,200,200
388322,0,30,1,2,0,1,10,5,0,0,0,18,200,1,5,0,3,0,0,200,200
388325,0,30,1,2,0,3,14,2,0,0,0,14,17,0,200,200,8,200,200,200,200
388325,0,30,1,2,0,3,14,2,0,0,0,14,17,0,5,0,0,0,0,200,200
388325,1,30,1,2,0,3,14,2,0,0,0,14,17,0,6,0,200,200,200,200,200
388334,0,35,0,0,0,3,2,3,3,0,0,14,200,0,5,200,8,0,7,200,200
388336,0,30,0,0,0,3,7,6,0,0,0,0,0,2,200,200,200,200,200,200,200
388337,0,30,0,0,0,3,7,2,0,0,200,0,0,0,200,200,12,200,200,200,200
388341,0,30,0,0,0,3,7,7,0,0,0,20,200,1,6,0,6,0,0,200,200
388343,0,25,1,2,0,3,0,5,0,0,200,6,11,1,6,0,5,0,0,200,200
388343,0,25,1,2,0,3,0,5,0,0,200,6,11,0,7,0,0,0,0,200,200
388365,0,30,1,2,0,3,14,2,0,0,0,21,200,0,6,200,12,0,0,200,200
388365,0,30,1,2,0,3,14,2,0,0,0,21,200,0,6,200,12,0,0,200,200
388365,1,30,1,2,0,3,14,2,0,0,0,21,200,1,200,200,200,200,200,200,200
388365,1,30,1,2,0,3,14,2,0,0,0,21,200,0,200,200,200,200,200,200,200
388369,0,30,0,0,0,3,7,6,0,0,200,12,16,0,5,0,200,200,0,200,200
388375,0,10,0,0,0,3,7,0,0,0,0,0,200,2,200,200,200,200,200,200,200
388383,0,30,200,200,0,2,10,2,1,0,200,22,22,0,6,200,4,200,200,200,200
388383,0,30,200,200,0,2,10,2,1,0,200,22,22,0,6,200,0,200,200,200,200
388386,0,30,1,2,0,1,10,5,0,0,0,18,200,0,6,0,1,0,0,200,200
388386,0,30,1,2,0,1,10,5,0,0,0,18,200,1,200,0,0,0,0,200,200
388388,0,30,1,2,0,3,10,3,0,0,0,0,0,2,200,200,200,200,200,200,200
388388,0,30,1,2,0,3,10,3,0,0,0,0,0,0,7,0,0,200,0,200,200
388388,1,30,1,2,0,3,10,3,0,0,0,0,0,1,6,0,200,200,200,200,200
388388,1,30,1,2,0,3,10,3,0,0,0,0,0,0,6,0,200,200,200,200,200
388400,0,30,0,0,0,0,14,3,0,0,0,23,200,0,7,0,7,0,0,200,200
388400,0,30,0,0,0,0,14,3,0,0,0,23,200,0,6,0,0,0,0,200,200
388402,0,30,2,2,0,3,10,5,0,0,0,0,0,1,200,200,200,200,200,200,200
388402,0,30,2,2,0,3,10,5,0,0,0,0,0,1,5,0,0,0,0,200,200
388403,0,30,0,0,0,1,7,6,0,0,0,23,21,2,200,200,7,200,200,200,200
388407,0,30,1,2,0,3,14,6,0,0,0,11,200,1,6,200,12,0,0,200,200
388407,0,30,1,2,0,3,14,6,0,0,0,11,200,0,6,200,0,200,0,200,200
388407,1,30,1,2,0,3,14,6,0,0,0,11,200,0,5,200,200,200,200,200,200
388413,0,30,200,200,0,4,14,5,0,0,200,0,200,2,200,200,200,200,200,200,200
388413,0,30,200,200,0,4,14,5,0,0,200,0,200,1,6,0,200,200,0,200,200
388413,1,30,200,200,0,4,14,5,0,0,200,0,200,0,6,0,200,200,200,200,200
388414,0,30,0,0,0,3,7,5,0,0,0,0,200,2,200,200,200,200,200,200,200
388417,0,30,0,0,0,3,7,12,0,0,0,0,0,2,200,200,200,200,200,200,200
388425,0,30,1,2,0,3,10,5,0,0,200,11,0,0,200,200,12,200,200,200,200
388425,0,30,1,2,0,3,10,5,0,0,200,11,0,1,5,0,12,0,0,200,200
388433,0,30,2,0,0,3,0,5,0,0,0,17,200,0,5,1,1,0,0,200,200
388433,0,30,2,0,0,3,0,5,0,0,0,17,200,1,5,200,0,0,0,200,200
388433,1,30,2,0,0,3,0,5,0,0,0,17,200,0,6,1,200,200,200,200,200
388437,0,30,2,2,0,3,2,5,0,0,0,16,0,0,5,200,200,200,200,200,200
388439,0,30,1,2,0,0,14,3,0,0,0,23,17,1,7,200,1,200,200,200,200
388439,0,30,1,2,0,0,14,3,0,0,0,23,17,0,5,200,12,200,200,200,200
388439,1,30,1,2,0,0,14,3,0,0,0,23,17,1,7,200,200,200,200,200,200
388439,1,30,1,2,0,0,14,3,0,0,0,23,17,0,5,200,200,200,200,200,200
388441,0,30,0,0,0,3,2,2,0,0,0,12,200,0,6,200,200,0,0,200,200
388463,0,30,0,0,0,3,2,2,0,0,0,16,11,0,5,200,12,200,0,200,200
388472,0,35,2,2,0,0,12,5,0,0,0,0,0,0,5,0,200,0,0,200,200
388472,0,35,2,2,0,0,12,5,0,0,0,0,0,0,5,0,0,0,0,200,200
388472,1,35,2,2,0,0,12,5,0,0,0,0,0,1,200,0,200,200,200,200,200
388473,0,30,0,0,0,3,7,6,0,0,0,0,200,2,200,200,200,200,200,200,200
388474,0,30,0,0,0,3,14,5,0,0,0,0,0,0,6,0,4,0,0,200,200
388474,0,30,0,0,0,3,14,5,0,0,0,0,0,0,6,0,0,0,0,200,200
388474,1,30,0,0,0,3,14,5,0,0,0,0,0,1,5,0,200,200,200,200,200
388482,0,35,1,2,0,3,10,3,0,0,0,16,16,1,7,200,1,200,0,200,200
388482,0,35,1,2,0,3,10,3,0,0,0,16,16,0,6,200,12,200,0,200,200
388487,0,30,1,2,0,3,14,5,0,0,0,10,23,0,5,0,7,0,0,200,0
388487,0,30,1,2,0,3,14,5,0,0,0,10,23,1,4,0,0,0,0,200,200
388488,0,30,0,0,0,0,2,5,0,0,0,4,200,0,6,0,12,0,0,200,200
388509,0,30,1,2,0,2,14,2,0,0,0,6,0,2,200,200,5,200,200,200,200
388509,0,30,1,2,0,2,14,2,0,0,0,6,0,0,5,0,0,0,0,200,200
388509,1,30,1,2,0,2,14,2,0,0,0,6,0,0,5,0,200,200,200,200,200
388509,1,30,1,2,0,2,14,2,0,0,0,6,0,0,5,0,200,200,200,200,200
388510,0,20,2,2,0,2,7,6,0,0,0,16,200,0,6,200,12,200,200,200,200
388513,0,35,0,0,0,2,12,6,0,0,0,13,28,0,9,0,0,0,0,200,200
388513,0,35,0,0,0,2,12,6,0,0,0,13,28,0,5,0,0,0,0,200,200
388516,0,30,200,200,0,2,2,2,0,0,200,27,23,1,5,200,7,200,2,200,200
388516,1,30,200,200,0,2,2,2,0,0,200,27,23,1,6,200,200,200,200,200,200
388516,1,30,200,200,0,2,2,2,0,0,200,27,23,1,6,200,200,200,200,200,200
388518,0,30,0,0,0,2,7,6,0,0,200,7,200,0,7,200,12,200,200,200,200
388518,1,30,0,0,0,2,7,6,0,0,200,7,200,2,5,200,200,200,200,200,200
388520,0,30,2,2,0,1,12,5,0,0,0,0,0,0,7,200,200,0,0,200,200
388520,0,30,2,2,0,1,12,5,0,0,0,0,0,0,5,200,200,0,0,200,200
388525,0,30,1,2,0,1,0,2,0,0,0,6,17,0,6,200,5,0,5,200,200
388525,0,30,1,2,0,1,0,2,0,0,0,6,17,1,6,0,0,0,0,200,200
388526,0,30,0,0,0,2,14,2,0,0,0,23,25,1,5,200,1,0,0,200,200
388526,0,30,0,0,0,2,14,2,0,0,0,23,25,1,6,200,0,0,0,200,200
388528,0,30,0,0,0,2,2,3,0,0,0,11,0,0,7,0,12,0,0,200,200
388534,0,30,0,0,0,1,7,5,0,0,0,0,0,0,5,200,200,200,0,200,200
388534,0,30,0,0,0,1,7,5,0,0,0,0,0,0,6,0,0,0,0,200,200
388538,0,30,1,2,0,1,10,5,0,0,0,0,200,0,6,0,200,0,0,200,200
388538,0,30,1,2,0,1,10,5,0,0,0,0,200,0,6,0,0,0,0,200,200
388538,0,30,1,2,0,1,10,5,0,0,0,0,200,0,7,0,0,0,0,200,200
388542,0,20,0,0,0,1,7,6,0,0,0,23,11,0,7,0,7,0,0,200,200
388546,0,30,0,0,0,1,12,6,0,0,0,0,200,2,200,200,200,200,200,200,200
388546,0,30,0,0,0,1,12,6,0,0,0,0,200,0,6,0,0,0,0,200,200
388555,0,30,1,2,0,1,12,2,0,0,0,22,16,0,6,0,4,0,0,200,200
388555,0,30,1,2,0,1,12,2,0,0,0,22,16,1,6,0,0,0,0,200,200
388581,0,20,0,0,0,3,7,2,0,0,0,200,200,1,200,200,200,200,200,200,200
388583,0,30,0,0,0,1,2,5,0,0,0,200,200,0,7,0,12,0,0,200,200
388591,0,30,1,2,0,1,0,2,0,0,0,3,11,0,6,0,5,0,0,200,200
388591,0,30,1,2,0,1,0,2,0,0,0,3,11,1,6,0,0,1,0,200,200
388591,1,30,1,2,0,1,0,2,0,0,0,3,11,0,6,0,200,200,200,200,200
388599,0,30,0,0,0,200,7,5,0,0,0,0,0,0,200,200,200,200,200,200,200
388609,0,2,0,0,0,1,7,12,0,0,0,0,200,0,7,200,12,200,200,200,200
388612,0,30,0,0,0,0,7,6,0,0,0,0,0,0,200,200,200,200,200,200,200
388621,0,30,1,2,0,1,8,2,0,0,0,0,19,0,6,200,7,200,200,200,200
388621,4,30,1,2,0,1,8,2,0,0,0,0,19,0,6,3,0,200,0,200,200
388625,0,10,0,0,0,4,7,7,0,0,0,21,200,0,6,200,2,200,200,200,200
388634,0,15,0,0,0,1,7,7,0,0,0,0,0,2,200,200,200,200,200,200,200
388635,0,30,1,2,0,1,14,12,3,0,0,31,16,2,200,200,200,200,200,200,200
388635,0,30,1,2,0,1,14,12,3,0,0,31,16,0,7,0,0,0,0,200,200
388635,0,30,1,2,0,1,14,12,3,0,0,31,16,0,5,3,0,0,0,200,200
388638,0,30,0,0,0,1,11,5,0,0,0,22,200,1,4,200,2,200,0,200,200
388638,0,30,0,0,0,1,11,5,0,0,0,22,200,1,6,200,200,200,0,200,200
388638,1,30,0,0,0,1,11,5,0,0,0,22,200,1,3,200,200,200,200,200,200
388638,1,30,0,0,0,1,11,5,0,0,0,22,200,0,2,200,200,200,200,200,200
388638,1,30,0,0,0,1,11,5,0,0,0,22,200,1,2,200,200,200,200,200,200
388640,0,35,0,0,0,200,7,5,0,0,0,0,200,2,200,200,200,200,200,200,200
388641,0,0,0,0,0,1,7,7,0,0,0,0,200,2,200,200,200,200,200,200,200
388650,0,30,0,0,0,1,7,6,0,0,0,0,200,2,200,200,200,200,200,200,200
388657,0,20,0,2,200,200,7,5,0,200,0,0,200,2,200,200,200,200,200,200,200
388659,0,30,1,2,0,1,12,5,0,0,0,0,0,1,6,0,12,0,0,200,200
388659,0,30,1,2,0,1,12,5,0,0,0,0,0,0,7,0,0,0,0,200,200
388659,1,30,1,2,0,1,12,5,0,0,0,0,0,1,200,0,200,200,200,200,200
388665,0,30,0,0,0,1,7,5,0,0,12,21,200,0,7,200,2,200,0,200,200
388667,0,30,0,0,0,1,14,5,0,0,0,16,200,1,7,0,3,0,0,200,200
388667,0,30,0,0,0,1,14,5,0,0,0,16,200,1,6,0,0,0,0,200,200
388669,4,30,0,0,0,1,8,2,2,0,0,200,200,0,7,7,0,0,0,200,200
388678,0,30,2,2,0,1,0,2,0,0,0,23,200,1,5,0,7,5,0,200,200
388678,0,30,2,2,0,1,0,2,0,0,0,23,200,1,7,0,0,0,0,200,200
388678,1,30,2,2,0,1,0,2,0,0,0,23,200,1,5,7,200,200,200,200,200
388680,0,0,0,0,0,1,0,7,0,0,0,33,0,1,7,0,6,5,0,200,200
388680,0,0,0,0,0,1,0,7,0,0,0,33,0,1,7,0,0,0,0,200,200
388682,0,30,1,2,0,1,0,5,0,0,0,17,200,1,200,200,1,200,200,200,200
388682,0,30,1,2,0,1,0,5,0,0,0,17,200,0,6,0,0,0,0,200,200
388682,1,30,1,2,0,1,0,5,0,0,0,17,200,200,200,0,200,200,200,200,200
388695,0,30,1,2,0,1,10,5,0,0,0,27,0,1,5,0,12,200,4,200,200
388695,0,30,1,2,0,1,10,5,0,0,0,27,0,1,7,0,0,200,0,200,200
388695,1,30,1,2,0,1,10,5,0,0,0,27,0,0,1,5,200,200,200,200,200
388695,1,30,1,2,0,1,10,5,0,0,0,27,0,1,4,0,200,200,200,200,200
388698,0,30,1,2,0,1,14,5,0,0,0,0,0,0,6,0,7,0,0,200,200
388698,0,30,1,2,0,1,14,5,0,0,0,0,0,0,7,0,0,0,0,200,200
388699,0,30,0,0,0,1,7,5,0,0,0,0,200,2,200,200,200,200,200,200,200
388701,0,10,0,0,0,200,0,7,0,0,0,20,200,0,7,200,12,0,0,200,200
388701,0,10,0,0,0,200,0,7,0,0,0,20,200,1,7,200,12,200,200,200,200
388705,0,30,12,12,0,1,10,5,0,0,200,0,0,1,4,200,1,200,0,200,200
388705,0,30,12,12,0,1,10,5,0,0,200,0,0,0,6,200,0,200,0,200,200
388710,0,30,1,2,0,1,10,2,0,0,0,18,18,0,7,0,3,0,2,200,200
388710,0,30,1,2,0,1,10,2,0,0,0,18,18,0,6,0,0,0,0,200,200
388711,0,30,2,2,0,1,7,5,0,0,0,18,25,1,200,200,3,200,200,200,200
388713,0,30,1,2,0,1,14,2,0,0,0,0,200,1,5,200,12,0,0,200,200
388713,0,30,1,2,0,1,14,2,0,0,0,0,200,1,9,200,0,0,0,200,200
388715,0,30,0,0,0,1,11,5,0,0,0,0,0,0,200,200,13,200,200,200,200
388715,0,30,0,0,0,1,11,5,0,0,0,0,0,0,7,0,0,0,0,200,200