RD_NO,PERSON_TYPE,POSTED_SPEED_LIMIT,TRAFFIC_CONTROL_DEVICE,DEVICE_CONDITION,WEATHER_CONDITION,LIGHTING_CONDITION,FIRST_CRASH_TYPE,TRAFFICWAY_TYPE,ALIGNMENT,ROADWAY_SURFACE_COND,ROAD_DEFECT,PRIM_CONTRIBUTORY_CAUSE,SEC_CONTRIBUTORY_CAUSE,SEX,AGE,SAFETY_EQUIPMENT,DRIVER_ACTION,DRIVER_VISION,PHYSICAL_CONDITION,BAC_RESULT VALUE,CELL_PHONE_USE
388715,1,30,0,0,0,1,11,5,0,0,0,0,0,0,200,200,200,200,200,200,200
388715,1,30,0,0,0,1,11,5,0,0,0,0,0,2,200,7,200,200,200,200,200
388717,0,20,0,0,0,1,7,2,0,0,0,0,200,0,6,0,200,0,0,200,200
388724,0,30,0,0,0,0,7,6,2,0,0,0,0,2,200,200,12,200,200,200,200
388726,0,30,2,2,0,1,9,2,0,0,1,0,0,0,8,0,5,200,0,200,200
388726,5,30,2,2,0,1,9,2,0,0,1,0,0,1,5,200,0,200,0,200,200
388726,5,30,2,2,0,1,9,2,0,0,1,0,0,1,8,7,200,200,0,200,200
388728,0,30,2,2,0,1,0,5,0,0,0,17,5,1,5,0,5,0,0,200,200
388728,0,30,2,2,0,1,0,5,0,0,0,17,5,1,5,0,12,0,0,200,200
388733,0,30,1,2,0,1,10,2,0,0,0,18,0,1,6,0,3,0,0,200,200
388733,0,30,1,2,0,1,10,2,0,0,0,18,0,0,6,0,12,0,0,200,200
388733,1,30,1,2,0,1,10,2,0,0,0,18,0,1,0,5,200,200,200,200,200
388736,0,25,0,0,0,2,10,2,0,0,0,200,200,1,200,0,3,0,8,200,200
388736,0,25,0,0,0,2,10,2,0,0,0,200,200,1,7,0,0,0,0,200,200
388739,0,25,2,0,0,1,14,5,0,0,0,17,0,0,6,200,1,200,200,200,200
388739,0,25,2,0,0,1,14,5,0,0,0,17,0,0,7,0,200,0,0,200,200
388740,0,35,4,2,0,1,10,3,0,0,0,18,18,1,6,0,1,0,0,200,200
388740,0,35,4,2,0,1,10,3,0,0,0,18,18,1,4,0,0,0,0,200,200
388741,0,25,0,0,0,1,10,5,4,0,0,0,0,1,200,200,3,0,0,200,200
388741,0,25,0,0,0,1,10,5,4,0,0,0,0,1,200,200,0,0,0,200,200
388748,0,25,200,200,0,1,7,2,0,0,200,0,200,2,200,200,200,200,200,200,200
388753,0,30,0,0,0,1,7,7,0,0,0,23,200,2,200,200,7,200,200,200,200
388756,0,20,2,2,0,1,14,5,0,0,0,23,23,2,200,200,2,200,200,200,200
388756,0,20,2,2,0,1,14,5,0,0,0,23,23,1,7,0,0,0,0,200,200
388757,0,25,2,2,0,1,12,2,0,0,0,17,200,0,8,0,1,0,0,200,200
388757,0,25,2,2,0,1,12,2,0,0,0,17,200,0,5,0,0,0,0,200,200
388761,0,15,0,0,0,1,7,7,0,0,0,20,200,2,200,200,6,200,200,200,200
388766,0,0,0,0,0,1,10,2,0,0,0,0,200,1,6,200,8,0,0,200,200
388766,0,0,0,0,0,1,10,2,0,0,0,0,200,0,7,0,0,0,0,200,200
388767,0,30,2,2,0,1,14,3,0,0,0,5,0,1,200,200,5,200,200,200,200
388767,0,30,2,2,0,1,14,3,0,0,0,5,0,1,7,0,0,0,7,200,200
388773,0,30,0,3,0,1,14,2,0,0,0,0,0,0,200,200,2,200,200,200,200
388773,0,30,0,3,0,1,14,2,0,0,0,0,0,0,6,0,0,200,0,200,200
388773,1,30,0,3,0,1,14,2,0,0,0,0,0,1,200,0,200,200,200,200,200
388773,1,30,0,3,0,1,14,2,0,0,0,0,0,1,200,0,200,200,200,200,200
388773,1,30,0,3,0,1,14,2,0,0,0,0,0,0,200,0,200,200,200,200,200
388776,0,20,0,200,2,1,7,5,0,1,200,16,0,1,4,200,1,0,0,200,200
388778,0,30,1,2,0,1,14,200,0,0,0,23,11,0,4,0,4,0,0,200,200
388778,0,30,1,2,0,1,14,200,0,0,0,23,11,0,8,0,0,0,0,200,200
388778,1,30,1,2,0,1,14,200,0,0,0,23,11,0,200,0,200,200,200,200,200
388785,0,15,0,0,0,1,0,7,0,0,0,11,0,1,7,0,6,12,0,200,200
388785,0,15,0,0,0,1,0,7,0,0,0,11,0,1,6,0,0,0,0,200,200
388785,1,15,0,0,0,1,0,7,0,0,0,11,0,0,2,0,200,200,200,200,200
388785,1,15,0,0,0,1,0,7,0,0,0,11,0,0,2,0,200,200,200,200,200
388785,1,15,0,0,0,1,0,7,0,0,0,11,0,1,3,0,200,200,200,200,200
388785,1,15,0,0,0,1,0,7,0,0,0,11,0,1,2,0,200,200,200,200,200
388785,1,15,0,0,0,1,0,7,0,0,0,11,0,0,2,0,200,200,200,200,200
388791,0,30,0,0,0,1,7,6,0,0,0,0,16,2,200,200,200,200,200,200,200
388796,0,10,0,0,0,1,7,7,0,0,200,11,200,1,7,200,12,200,0,200,200
388800,0,30,2,2,0,1,10,5,0,0,0,18,18,0,6,0,3,0,0,200,200
388800,0,30,2,2,0,1,10,5,0,0,0,18,18,0,200,0,0,0,0,200,200
388808,0,30,2,2,0,1,0,7,0,0,0,0,0,2,200,200,200,200,200,200,200
388808,0,30,2,2,0,1,0,7,0,0,0,0,0,0,5,0,200,0,0,200,200
388809,0,45,0,0,0,1,10,3,0,0,0,18,18,1,200,200,3,0,0,200,200
388809,0,45,0,0,0,1,10,3,0,0,0,18,18,0,8,0,0,0,0,200,200
388813,0,25,0,0,0,1,12,6,0,1,0,0,0,1,200,200,200,200,0,200,200
388813,0,25,0,0,0,1,12,6,0,1,0,0,0,1,7,200,200,0,0,200,200
388813,1,25,0,0,0,1,12,6,0,1,0,0,0,1,200,200,200,200,200,200,200
388813,1,25,0,0,0,1,12,6,0,1,0,0,0,1,200,5,200,200,200,200,200
388813,1,25,0,0,0,1,12,6,0,1,0,0,0,1,200,200,200,200,200,200,200
388814,0,25,0,0,0,1,12,2,0,0,0,200,200,0,200,0,1,200,0,200,200
388814,0,25,0,0,0,1,12,2,0,0,0,200,200,0,8,0,0,0,0,200,200
388815,0,30,1,2,0,1,10,2,0,0,0,16,25,0,6,200,1,0,0,200,200
388815,0,30,1,2,0,1,10,2,0,0,0,16,25,0,5,0,0,0,0,200,200
388818,0,30,0,0,0,1,0,5,0,0,0,0,200,0,3,7,0,0,0,200,200
388818,0,30,0,0,0,1,0,5,0,0,0,0,200,1,6,7,0,0,0,200,200
388818,1,30,0,0,0,1,0,5,0,0,0,0,200,1,200,0,200,200,200,200,200
388818,1,30,0,0,0,1,0,5,0,0,0,0,200,1,3,0,200,200,200,200,200
388824,0,30,0,0,0,1,14,5,0,0,200,0,0,1,200,200,1,200,0,200,200
388824,0,30,0,0,0,1,14,5,0,0,200,0,0,0,200,200,0,200,0,200,200
388826,0,40,0,0,0,1,12,3,0,0,0,11,200,0,4,0,12,0,0,200,200
388826,0,40,0,0,0,1,12,3,0,0,0,11,200,1,4,0,0,0,0,200,200
388826,1,40,0,0,0,1,12,3,0,0,0,11,200,1,6,0,200,200,200,200,200
388826,1,40,0,0,0,1,12,3,0,0,0,11,200,1,200,0,200,200,200,200,200
388827,0,0,0,0,0,1,5,3,0,0,1,29,200,0,9,0,0,0,0,200,200
388830,0,30,0,0,0,1,12,6,0,0,0,0,0,1,6,0,12,0,0,200,200
388830,0,30,0,0,0,1,12,6,0,0,0,0,0,1,6,0,0,0,0,200,200
388833,0,30,1,2,0,1,10,5,0,0,0,0,0,0,8,200,200,200,200,200,200
388833,0,30,1,2,0,1,10,5,0,0,0,0,0,0,6,200,200,200,200,200,200
388834,0,25,0,0,0,1,12,5,0,0,0,0,0,0,6,0,0,0,0,200,200
388834,0,25,0,0,0,1,12,5,0,0,0,0,0,0,6,0,0,0,0,200,200
388837,0,30,0,0,0,1,12,5,0,0,0,0,0,0,200,200,200,0,0,200,200
388837,0,30,0,0,0,1,12,5,0,0,0,0,0,0,7,0,200,0,0,200,200
388838,0,30,2,2,0,0,10,5,0,0,0,0,200,1,7,200,1,200,200,200,200
388838,0,30,2,2,0,0,10,5,0,0,0,0,200,1,6,0,0,0,0,200,200
388838,1,30,2,2,0,0,10,5,0,0,0,0,200,2,200,200,200,200,200,200,200
388838,1,30,2,2,0,0,10,5,0,0,0,0,200,2,200,200,200,200,200,200,200
388839,0,30,0,0,0,1,12,2,0,0,0,22,0,1,6,200,2,0,0,200,200
388839,0,30,0,0,0,1,12,2,0,0,0,22,0,1,200,200,12,200,200,200,200
388839,1,30,0,0,0,1,12,2,0,0,0,22,0,0,0,5,200,200,200,200,200
388839,1,30,0,0,0,1,12,2,0,0,0,22,0,1,2,5,200,200,200,200,200
388839,1,30,0,0,0,1,12,2,0,0,0,22,0,0,1,5,200,200,200,200,200
388842,0,30,0,0,0,1,10,1,0,0,0,18,200,1,6,7,3,0,0,200,200
388842,0,30,0,0,0,1,10,1,0,0,0,18,200,1,6,0,0,0,0,200,200
388842,1,30,0,0,0,1,10,1,0,0,0,18,200,0,6,0,200,200,200,200,200
388842,1,30,0,0,0,1,10,1,0,0,0,18,200,1,4,0,200,200,200,200,200
388850,0,30,0,0,0,4,10,5,0,0,0,18,200,0,200,200,200,200,200,200,200
388850,0,30,0,0,0,4,10,5,0,0,0,18,200,0,8,0,0,0,0,200,200
388850,1,30,0,0,0,4,10,5,0,0,0,18,200,1,200,0,200,200,200,200,200
388850,1,30,0,0,0,4,10,5,0,0,0,18,200,0,200,200,200,200,200,200,200
388851,0,15,200,200,0,1,14,7,0,0,200,0,200,1,200,200,200,200,200,200,200
388851,0,15,200,200,0,1,14,7,0,0,200,0,200,0,7,200,200,200,200,200,200
388855,0,30,0,0,0,1,12,5,0,0,0,17,200,1,200,200,1,200,200,200,200
388855,0,30,0,0,0,1,12,5,0,0,0,17,200,0,5,0,0,0,0,200,200
388855,1,30,0,0,0,1,12,5,0,0,0,17,200,1,4,0,200,200,200,200,200
388856,0,30,1,2,0,1,10,5,0,0,0,18,200,0,6,200,3,0,0,200,200
388856,0,30,1,2,0,1,10,5,0,0,0,18,200,1,7,200,0,0,0,200,200
388860,0,0,0,0,0,1,7,7,0,0,0,0,200,2,200,200,200,200,200,200,200
388865,0,30,1,2,0,1,12,5,0,0,12,21,0,0,6,200,4,200,200,200,200
388865,0,30,1,2,0,1,12,5,0,0,12,21,0,0,8,0,0,0,0,200,200
388865,1,30,1,2,0,1,12,5,0,0,12,21,0,1,7,0,200,200,200,200,200
388871,5,30,0,0,0,1,9,5,0,0,0,200,200,0,2,7,0,200,200,200,200
388871,0,30,0,0,0,1,9,5,0,0,0,200,200,1,6,200,0,0,0,200,200
388877,0,30,0,0,0,1,14,6,0,0,0,21,16,1,6,0,7,0,0,200,200
388877,0,30,0,0,0,1,14,6,0,0,0,21,16,0,7,0,0,0,0,200,200
388883,0,30,0,0,200,200,7,6,0,0,200,21,200,2,200,200,200,200,200,200,200
388884,0,30,2,2,0,1,14,5,0,0,0,0,0,0,5,200,200,200,200,200,200
388884,0,30,2,2,0,1,14,5,0,0,0,0,0,0,6,0,200,200,0,200,200
388885,0,30,0,0,0,1,10,5,0,0,0,18,0,0,6,0,3,0,0,200,200
388885,0,30,0,0,0,1,10,5,0,0,0,18,0,0,6,0,0,0,0,200,200
388885,1,30,0,0,0,1,10,5,0,0,0,18,0,1,3,0,200,200,200,200,200
388885,1,30,0,0,0,1,10,5,0,0,0,18,0,0,3,0,200,200,200,200,200
388885,1,30,0,0,0,1,10,5,0,0,0,18,0,1,6,0,200,200,200,200,200
388886,0,30,1,2,0,1,10,2,0,0,0,16,25,0,200,200,1,200,200,200,200
388886,0,30,1,2,0,1,10,2,0,0,0,16,25,1,0,0,0,0,0,200,200
388892,0,30,0,0,0,1,14,5,0,0,0,0,200,0,5,0,7,5,0,200,200
388892,0,30,0,0,0,1,14,5,0,0,0,0,200,1,6,0,0,0,0,200,200
388893,0,30,1,2,0,1,7,5,0,0,0,18,200,0,8,0,3,0,0,200,200
388894,0,30,1,2,0,1,10,5,0,0,0,18,16,1,200,200,1,200,200,200,200
388894,0,30,1,2,0,1,10,5,0,0,0,18,16,1,8,0,0,0,0,200,200
388896,0,30,0,0,0,1,7,5,0,0,0,0,200,2,200,200,200,200,200,200,200
388897,0,30,1,3,0,1,14,5,0,0,0,200,200,1,200,200,2,0,200,200,200
388897,0,30,1,3,0,1,14,5,0,0,0,200,200,0,6,200,12,0,0,200,200
388901,0,0,0,0,0,1,10,6,0,0,0,20,200,1,6,0,0,0,0,200,200
388901,0,0,0,0,0,1,10,6,0,0,0,20,200,0,5,0,0,0,0,200,200
388904,0,30,0,0,0,1,9,5,0,0,0,17,200,0,6,0,1,0,0,200,200
388904,5,30,0,0,0,1,9,5,0,0,0,17,200,0,6,7,12,0,0,200,200
388906,0,20,0,0,0,1,12,5,0,0,0,0,200,0,200,200,12,200,200,200,200
388906,0,20,0,0,0,1,12,5,0,0,0,0,200,0,6,0,0,200,0,200,200
388908,0,30,0,0,0,1,9,5,0,0,0,17,200,0,7,200,1,0,0,200,200
388908,5,30,0,0,0,1,9,5,0,0,0,17,200,1,6,7,12,0,0,200,200
388908,5,30,0,0,0,1,9,5,0,0,0,17,200,1,2,7,1,0,0,200,200
388910,0,25,0,0,0,1,10,7,0,0,0,20,200,0,7,0,6,0,0,200,200
388910,0,25,0,0,0,1,10,7,0,0,0,20,200,1,7,0,0,0,0,200,200
388913,0,30,1,2,0,1,12,2,0,0,0,22,16,1,7,0,2,0,0,200,200
388913,0,30,1,2,0,1,12,2,0,0,0,22,16,0,6,0,0,0,0,200,200
388913,0,30,1,2,0,1,12,2,0,0,0,22,16,1,5,0,0,0,0,200,200
388913,1,30,1,2,0,1,12,2,0,0,0,22,16,1,3,0,200,200,200,200,200
388918,0,15,0,0,0,1,7,7,0,0,0,20,200,1,4,200,6,200,200,200,200
388918,1,15,0,0,0,1,7,7,0,0,0,20,200,200,200,200,200,200,200,200,200
388919,0,20,0,0,0,4,0,7,0,0,0,20,0,0,7,200,0,0,0,200,200
388919,0,20,0,0,0,4,0,7,0,0,0,20,0,0,8,200,0,0,0,200,200
388922,4,30,1,2,0,1,8,5,2,0,0,17,200,0,200,2,1,0,0,200,200
388922,0,30,1,2,0,1,8,5,2,0,0,17,200,0,6,0,0,0,0,200,200
388922,1,30,1,2,0,1,8,5,2,0,0,17,200,1,6,0,200,200,200,200,200
388922,1,30,1,2,0,1,8,5,2,0,0,17,200,1,1,0,200,200,200,200,200
388922,1,30,1,2,0,1,8,5,2,0,0,17,200,1,0,0,200,200,200,200,200
388925,0,30,1,2,0,1,10,5,0,0,0,18,200,0,200,200,3,200,200,200,200
388925,0,30,1,2,0,1,10,5,0,0,0,18,200,0,6,0,0,0,0,200,200
388925,1,30,1,2,0,1,10,5,0,0,0,18,200,1,3,0,200,200,200,200,200
388925,1,30,1,2,0,1,10,5,0,0,0,18,200,1,200,0,200,200,200,200,200
388927,0,30,1,2,0,1,0,5,0,0,0,0,0,2,200,200,1,200,200,200,200
388927,0,30,1,2,0,1,0,5,0,0,0,0,0,1,5,0,0,0,0,200,200
388934,0,30,0,0,0,1,12,6,0,0,0,0,0,1,5,0,12,0,0,200,200
388934,0,30,0,0,0,1,12,6,0,0,0,0,0,1,6,200,0,0,0,200,200
388937,0,30,0,0,0,1,7,5,0,0,0,0,200,0,6,0,200,0,0,200,200
388937,1,30,0,0,0,1,7,5,0,0,0,0,200,0,200,0,200,200,200,200,200
388937,1,30,0,0,0,1,7,5,0,0,0,0,200,1,6,0,200,200,200,200,200
388937,1,30,0,0,0,1,7,5,0,0,0,0,200,1,6,0,200,200,200,200,200
388942,0,0,0,0,0,1,0,200,0,200,200,0,200,0,0,0,200,200,0,200,200
388942,0,0,0,0,0,1,0,200,0,200,200,0,200,1,6,200,200,200,200,200,200
388942,1,0,0,0,0,1,0,200,0,200,200,0,200,1,5,0,200,200,200,200,200
388945,0,30,0,0,0,1,0,5,0,0,0,17,200,0,200,200,1,200,200,200,200
388945,0,30,0,0,0,1,0,5,0,0,0,17,200,0,8,0,0,0,0,200,200
388948,0,5,0,0,0,1,0,7,0,0,0,17,20,0,6,0,1,0,0,200,200
388948,0,5,0,0,0,1,0,7,0,0,0,17,20,1,7,0,12,0,0,200,200
388957,0,10,200,200,0,3,7,7,0,0,0,0,200,0,7,200,200,0,0,200,200
388957,1,10,200,200,0,3,7,7,0,0,0,0,200,200,200,200,200,200,200,200,200
388960,0,30,1,2,0,1,14,5,0,0,0,200,200,0,8,0,6,0,0,200,200
388960,0,30,1,2,0,1,14,5,0,0,0,200,200,1,6,0,0,0,0,200,200
388967,0,5,12,0,0,1,14,7,0,0,0,23,200,0,5,200,7,200,200,200,200
388967,0,5,12,0,0,1,14,7,0,0,0,23,200,1,7,0,0,0,0,200,200
388973,0,35,1,2,0,1,0,5,0,0,0,17,200,0,5,0,1,0,0,200,200
388973,0,35,1,2,0,1,0,5,0,0,0,17,200,0,6,0,0,0,0,200,200
388977,0,30,0,0,0,1,10,3,0,0,0,0,200,0,5,200,3,200,0,200,200
388977,0,30,0,0,0,1,10,3,0,0,0,0,200,1,5,200,0,200,0,200,200
388981,0,0,1,2,0,1,12,5,0,0,0,0,0,0,200,200,200,200,200,200,200
388981,0,0,1,2,0,1,12,5,0,0,0,0,0,1,9,200,0,0,0,200,200
388981,1,0,1,2,0,1,12,5,0,0,0,0,0,1,9,200,200,200,200,200,200
388981,1,0,1,2,0,1,12,5,0,0,0,0,0,0,8,7,200,200,200,200,200
388982,0,30,1,2,0,1,0,2,0,0,0,16,3,1,5,0,5,200,0,200,200
388982,0,30,1,2,0,1,0,2,0,0,0,16,3,0,7,0,0,200,0,200,200
388984,0,30,0,0,0,0,14,5,0,0,0,0,0,2,200,200,200,200,200,200,200
388984,0,30,0,0,0,0,14,5,0,0,0,0,0,1,5,0,0,0,0,200,200
388989,0,30,1,2,0,0,10,5,0,200,200,6,18,0,200,200,5,200,200,200,200
388989,0,30,1,2,0,0,10,5,0,200,200,6,18,1,5,0,0,200,0,200,200
388991,0,30,0,0,0,1,11,2,0,0,200,17,21,0,7,0,1,1,0,200,200
388991,0,30,0,0,0,1,11,2,0,0,200,17,21,0,8,0,0,0,0,200,200
388991,1,30,0,0,0,1,11,2,0,0,200,17,21,0,6,0,200,200,200,200,200
388994,0,30,0,0,0,1,12,2,0,0,200,0,0,0,5,200,200,200,200,200,200
388994,0,30,0,0,0,1,12,2,0,0,200,0,0,1,5,0,200,200,0,200,200
388996,0,0,0,0,0,1,0,5,0,0,0,11,0,2,200,200,9,200,200,200,200
388996,0,0,0,0,0,1,0,5,0,0,0,11,0,1,6,200,0,0,0,200,200
388997,4,30,1,2,0,1,8,5,1,0,0,17,200,0,6,3,0,0,0,200,200
388997,0,30,1,2,0,1,8,5,1,0,0,17,200,0,7,0,1,0,0,200,200
389003,0,30,1,2,0,1,0,5,0,0,0,0,200,1,200,200,200,200,200,200,200
389003,0,30,1,2,0,1,0,5,0,0,0,0,200,0,5,0,0,0,0,200,200
389005,0,30,1,2,0,1,10,5,0,0,0,18,0,0,200,200,3,200,200,200,200
389005,0,30,1,2,0,1,10,5,0,0,0,18,0,0,0,200,0,0,0,200,200
389008,4,30,1,2,0,1,8,2,0,0,0,0,200,0,200,200,1,200,200,200,200
389008,0,30,1,2,0,1,8,2,0,0,0,0,200,0,5,0,200,0,0,200,200
389008,1,30,1,2,0,1,8,2,0,0,0,0,200,0,200,200,200,200,200,200,200
389010,0,35,0,0,0,1,10,5,0,0,200,0,0,0,200,200,0,200,200,200,200
389010,0,35,0,0,0,1,10,5,0,0,200,0,0,1,0,0,0,0,0,200,200
389010,1,35,0,0,0,1,10,5,0,0,200,0,0,1,0,0,200,200,200,200,200
389012,0,30,0,0,0,1,10,5,0,0,0,200,200,0,4,0,0,0,0,200,200
389012,0,30,0,0,0,1,10,5,0,0,0,200,200,0,6,7,0,0,0,200,200
389012,1,30,0,0,0,1,10,5,0,0,0,200,200,0,200,0,200,200,200,200,200
389012,1,30,0,0,0,1,10,5,0,0,0,200,200,0,200,5,200,200,200,200,200
389013,0,30,1,2,0,1,10,5,0,0,0,18,200,0,6,0,3,0,0,200,200
389013,0,30,1,2,0,1,10,5,0,0,0,18,200,1,6,0,0,0,0,200,200
389016,0,0,0,0,200,200,7,200,0,200,200,0,200,2,200,200,200,200,200,200,200
389019,0,10,0,0,0,1,7,7,0,0,0,21,11,2,200,200,1,200,200,200,200
389021,0,30,1,2,0,1,12,5,0,0,0,0,0,0,6,200,200,200,200,200,200
389021,0,30,1,2,0,1,12,5,0,0,0,0,0,0,7,0,0,0,0,200,200
389027,0,30,0,0,0,1,12,5,0,0,0,22,200,0,200,200,2,200,200,200,200
389027,0,30,0,0,0,1,12,5,0,0,0,22,200,1,7,0,0,0,0,200,200
389028,0,30,0,0,0,1,0,7,0,200,200,0,200,0,7,200,6,5,0,200,200
389028,0,30,0,0,0,1,0,7,0,200,200,0,200,1,200,200,200,200,200,200,200
389033,0,30,0,0,0,4,10,2,0,0,0,0,0,0,7,200,200,200,200,200,200
389033,0,30,0,0,0,4,10,2,0,0,0,0,0,1,8,0,0,0,0,200,200
389034,0,30,2,2,0,1,12,5,0,0,0,18,18,1,5,200,3,200,0,200,200
389034,0,30,2,2,0,1,12,5,0,0,0,18,18,0,7,0,0,0,0,200,200
389034,1,30,2,2,0,1,12,5,0,0,0,18,18,1,200,200,200,200,200,200,200
389034,1,30,2,2,0,1,12,5,0,0,0,18,18,1,200,0,200,200,200,200,200
389037,0,30,1,2,0,1,14,1,0,0,0,11,0,0,4,0,1,1,0,200,200
389037,0,30,1,2,0,1,14,1,0,0,0,11,0,0,7,0,0,0,0,200,200
389043,0,0,0,0,0,1,14,200,0,200,200,0,200,1,200,200,200,200,200,200,200
389043,0,0,0,0,0,1,14,200,0,200,200,0,200,0,7,0,200,200,0,200,200
389043,1,0,0,0,0,1,14,200,0,200,200,0,200,0,200,200,200,200,200,200,200
389043,1,0,0,0,0,1,14,200,0,200,200,0,200,0,200,200,200,200,200,200,200
389049,0,10,0,0,0,1,11,0,0,0,0,200,200,0,6,0,0,0,0,200,200
389050,0,25,0,0,0,1,10,5,0,0,0,0,0,0,6,200,6,0,0,200,200
389050,0,25,0,0,0,1,10,5,0,0,0,0,0,0,7,200,0,0,0,200,200
389051,0,30,0,0,0,1,0,5,0,0,200,23,0,0,7,0,1,200,0,200,200
389051,0,30,0,0,0,1,0,5,0,0,200,23,0,1,4,0,0,0,0,200,200
389053,0,30,0,0,0,1,7,5,0,0,0,0,0,2,200,200,200,200,200,200,200
389054,0,30,2,200,0,1,7,200,0,200,200,200,200,2,200,200,200,200,200,200,200
389058,0,35,0,0,0,1,12,5,0,0,0,22,0,1,5,200,2,200,200,200,200
389058,0,35,0,0,0,1,12,5,0,0,0,22,0,1,5,0,0,0,0,200,200
389063,0,0,1,2,0,1,10,5,0,0,0,0,0,1,7,200,200,200,0,200,200
389063,0,0,1,2,0,1,10,5,0,0,0,0,0,0,5,200,0,0,0,200,200
389063,1,0,1,2,0,1,10,5,0,0,0,0,0,0,5,200,200,200,200,200,200
389064,0,30,200,200,0,1,10,5,0,0,0,0,200,0,200,200,3,200,200,200,200
389064,0,30,200,200,0,1,10,5,0,0,0,0,200,1,0,0,0,0,0,200,200
389067,0,30,0,0,0,1,10,2,0,0,0,18,0,2,200,200,200,200,200,200,200
389067,0,30,0,0,0,1,10,2,0,0,0,18,0,2,200,200,200,200,200,200,200
389069,0,30,1,2,0,1,14,5,0,0,0,17,200,0,200,0,1,1,0,200,200
389069,0,30,1,2,0,1,14,5,0,0,0,17,200,0,200,0,12,1,0,200,200
389069,1,30,1,2,0,1,14,5,0,0,0,17,200,1,200,0,200,200,200,200,200
389070,0,30,0,0,0,1,12,3,0,0,0,17,200,0,5,0,1,0,0,200,200
389070,0,30,0,0,0,1,12,3,0,0,0,17,200,1,7,0,0,0,0,200,200
389070,1,30,0,0,0,1,12,3,0,0,0,17,200,0,4,0,200,200,200,200,200
389070,1,30,0,0,0,1,12,3,0,0,0,17,200,1,7,0,200,200,200,200,200
389070,1,30,0,0,0,1,12,3,0,0,0,17,200,0,7,0,200,200,200,200,200
389070,1,30,0,0,0,1,12,3,0,0,0,17,200,0,4,0,200,200,200,200,200
389070,1,30,0,0,0,1,12,3,0,0,0,17,200,0,7,0,200,200,200,200,200
389073,0,10,0,0,0,1,7,5,0,0,0,200,200,1,6,0,200,0,0,200,200
389076,0,30,2,2,0,1,10,1,0,0,0,32,0,1,5,200,200,200,5,0.11,200
389076,0,30,2,2,0,1,10,1,0,0,0,32,0,0,6,200,200,200,0,200,200
389076,1,30,2,2,0,1,10,1,0,0,0,32,0,0,200,200,200,200,200,200,200
389077,0,15,0,0,0,1,7,5,0,0,0,0,0,2,200,200,200,200,200,200,200
389078,0,30,1,2,0,1,10,5,0,0,0,0,200,0,200,200,200,200,200,200,200
389078,0,30,1,2,0,1,10,5,0,0,0,0,200,1,7,0,0,0,0,200,200
389078,1,30,1,2,0,1,10,5,0,0,0,0,200,1,9,0,200,200,200,200,200
389079,0,30,0,0,0,1,10,3,0,0,0,18,200,0,7,200,200,0,0,200,200
389079,0,30,0,0,0,1,10,3,0,0,0,18,200,1,6,200,200,200,200,200,200
389079,0,30,0,0,0,1,10,3,0,0,0,18,200,0,200,200,0,200,200,200,200
389081,0,35,1,2,1,1,0,2,0,0,0,0,200,1,7,0,5,0,1,200,200
389081,0,35,1,2,1,1,0,2,0,0,0,0,200,1,6,0,0,0,0,200,200
389089,0,25,0,0,0,1,0,0,0,0,0,20,200,0,6,200,6,200,0,200,200
389089,0,25,0,0,0,1,0,0,0,0,0,20,200,1,6,200,0,200,0,200,200
389090,0,0,200,200,0,1,10,2,0,0,0,18,0,1,6,200,3,0,0,200,200
389090,0,0,200,200,0,1,10,2,0,0,0,18,0,1,5,200,200,200,200,200,200
389095,0,30,0,12,0,1,10,5,0,0,0,14,21,1,5,0,12,0,0,200,200
389107,0,30,1,2,0,1,8,2,0,0,0,17,200,1,6,0,1,0,0,200,200
389107,4,30,1,2,0,1,8,2,0,0,0,17,200,0,3,7,0,0,0,200,200
389111,0,30,0,12,0,1,10,2,0,0,0,16,18,1,5,0,0,0,0,200,200
389111,1,30,0,12,0,1,10,2,0,0,0,16,18,1,7,0,200,200,200,200,200
389111,1,30,0,12,0,1,10,2,0,0,0,16,18,0,3,0,200,200,200,200,200
389111,1,30,0,12,0,1,10,2,0,0,0,16,18,1,3,0,200,200,200,200,200
389111,1,30,0,12,0,1,10,2,0,0,0,16,18,1,6,0,200,200,200,200,200
389121,0,30,0,0,0,1,7,5,0,0,0,200,200,1,5,0,200,200,0,200,200
389122,0,30,0,0,0,1,7,7,0,0,0,0,200,2,200,200,200,200,200,200,200
389126,0,35,2,2,0,1,10,2,0,0,0,18,0,0,200,200,5,200,0,200,200
389126,0,35,2,2,0,1,10,2,0,0,0,18,0,0,6,0,0,0,0,200,200
389131,0,30,0,0,0,1,7,5,0,0,0,0,200,2,200,200,200,200,200,200,200
389137,0,30,0,0,0,1,14,2,0,0,0,23,17,0,6,7,7,0,0,200,200
389137,0,30,0,0,0,1,14,2,0,0,0,23,17,1,6,0,0,0,0,200,200
389141,0,30,0,0,0,1,12,5,0,0,0,0,0,0,6,200,4,0,0,200,200
389141,0,30,0,0,0,1,12,5,0,0,0,0,0,0,7,0,0,0,0,200,200
389146,0,30,2,200,0,1,0,12,0,0,200,17,17,1,4,200,1,200,0,200,200
389146,0,30,2,200,0,1,0,12,0,0,200,17,17,0,5,200,0,200,0,200,200
389151,0,30,0,0,0,1,7,5,2,0,0,0,200,0,6,200,200,200,200,200,200