RD_NO,PERSON_TYPE,POSTED_SPEED_LIMIT,TRAFFIC_CONTROL_DEVICE,DEVICE_CONDITION,WEATHER_CONDITION,LIGHTING_CONDITION,FIRST_CRASH_TYPE,TRAFFICWAY_TYPE,ALIGNMENT,ROADWAY_SURFACE_COND,ROAD_DEFECT,PRIM_CONTRIBUTORY_CAUSE,SEC_CONTRIBUTORY_CAUSE,SEX,AGE,SAFETY_EQUIPMENT,DRIVER_ACTION,DRIVER_VISION,PHYSICAL_CONDITION,BAC_RESULT VALUE,CELL_PHONE_USE
389160,0,30,0,0,0,1,10,2,0,0,0,18,18,1,6,200,3,200,0,200,200
389160,0,30,0,0,0,1,10,2,0,0,0,18,18,1,8,200,0,200,0,200,200
389160,1,30,0,0,0,1,10,2,0,0,0,18,18,1,8,200,200,200,200,200,200
389160,1,30,0,0,0,1,10,2,0,0,0,18,18,1,7,200,200,200,200,200,200
389160,1,30,0,0,0,1,10,2,0,0,0,18,18,1,7,200,200,200,200,200,200
389161,0,30,0,0,0,1,8,5,0,0,0,0,0,0,6,200,200,200,200,200,200
389161,4,30,0,0,0,1,8,5,0,0,0,0,0,0,4,3,200,200,0,200,200
389167,0,30,0,0,0,1,10,6,0,0,0,18,200,0,200,200,3,200,200,200,200
389167,0,30,0,0,0,1,10,6,0,0,0,18,200,1,5,0,0,0,0,200,200
389167,1,30,0,0,0,1,10,6,0,0,0,18,200,1,5,0,200,200,200,200,200
389167,1,30,0,0,0,1,10,6,0,0,0,18,200,1,5,0,200,200,200,200,200
389171,0,30,0,0,0,1,14,5,0,0,0,23,0,1,4,0,1,0,0,200,200
389171,0,30,0,0,0,1,14,5,0,0,0,23,0,1,5,0,0,0,0,200,200
389171,1,30,0,0,0,1,14,5,0,0,0,23,0,1,4,0,200,200,200,200,200
389175,0,15,0,0,0,1,7,5,0,0,0,0,0,0,200,200,12,200,200,200,200
389178,0,30,0,0,0,1,10,5,0,0,0,200,200,0,200,200,0,0,0,200,200
389178,0,30,0,0,0,1,10,5,0,0,0,200,200,0,5,0,0,0,0,200,200
389178,0,30,0,0,0,1,10,5,0,0,0,200,200,0,200,200,0,200,200,200,200
389184,0,15,0,0,0,1,7,6,0,0,0,0,0,2,200,200,200,200,200,200,200
389187,0,30,1,2,0,1,10,5,0,0,0,18,16,0,200,0,3,0,0,200,200
389187,0,30,1,2,0,1,10,5,0,0,0,18,16,0,200,0,0,0,0,200,200
389188,0,30,0,0,0,1,14,5,0,0,0,17,0,1,6,0,1,0,0,200,200
389188,0,30,0,0,0,1,14,5,0,0,0,17,0,0,7,0,12,0,0,200,200
389191,0,0,0,0,0,1,10,200,0,200,200,0,200,0,7,0,200,200,0,200,200
389191,0,0,0,0,0,1,10,200,0,200,200,0,200,1,6,0,200,200,0,200,200
389191,1,0,0,0,0,1,10,200,0,200,200,0,200,1,7,0,200,200,200,200,200
389192,0,30,0,0,0,1,7,5,0,0,0,200,200,1,6,0,200,200,0,200,200
389192,1,30,0,0,0,1,7,5,0,0,0,200,200,1,200,0,200,200,200,200,200
389196,0,30,2,0,0,1,14,6,0,0,0,10,10,0,5,200,200,200,200,200,200
389196,0,30,2,0,0,1,14,6,0,0,0,10,10,0,6,200,0,0,0,200,200
389197,0,30,0,0,0,1,0,5,0,0,0,0,200,1,6,0,200,0,0,200,200
389197,0,30,0,0,0,1,0,5,0,0,0,0,200,0,5,0,6,0,0,200,200
389199,0,15,0,0,0,1,10,7,0,0,0,0,200,1,6,200,200,200,0,200,200
389199,0,15,0,0,0,1,10,7,0,0,0,0,200,1,6,200,200,200,0,200,200
389209,0,30,0,0,0,1,11,5,0,0,0,0,0,0,200,200,200,200,200,200,200
389209,0,30,0,0,0,1,11,5,0,0,0,0,0,0,7,0,200,200,0,200,200
389211,0,10,0,0,0,1,7,7,0,0,0,0,200,0,200,200,200,200,200,200,200
389211,1,10,0,0,0,1,7,7,0,0,0,0,200,1,7,0,200,200,200,200,200
389212,0,0,1,2,0,1,10,2,0,0,0,18,200,0,5,7,3,0,0,200,200
389212,0,0,1,2,0,1,10,2,0,0,0,18,200,1,6,7,0,0,0,200,200
389213,0,30,0,0,0,1,7,6,0,0,200,0,0,0,6,200,200,200,7,200,200
389214,0,30,1,2,0,1,9,2,0,0,0,33,200,0,200,200,1,1,0,200,200
389214,5,30,1,2,0,1,9,2,0,0,0,33,200,0,200,200,200,200,0,200,200
389214,5,30,1,2,0,1,9,2,0,0,0,33,200,1,200,200,200,200,200,200,200
389214,1,30,1,2,0,1,9,2,0,0,0,33,200,0,200,200,200,200,200,200,200
389216,0,30,0,0,0,1,10,6,0,0,0,18,18,0,7,0,0,0,0,200,200
389216,0,30,0,0,0,1,10,6,0,0,0,18,18,0,6,0,3,0,0,200,200
389216,1,30,0,0,0,1,10,6,0,0,0,18,18,1,200,0,200,200,200,200,200
389216,1,30,0,0,0,1,10,6,0,0,0,18,18,1,200,0,200,200,200,200,200
389216,1,30,0,0,0,1,10,6,0,0,0,18,18,0,200,0,200,200,200,200,200
389223,0,0,0,0,0,1,7,5,0,0,0,0,0,0,200,200,200,200,200,200,200
389224,0,30,0,0,0,1,7,6,0,0,0,20,200,1,200,200,6,200,200,200,200
389225,0,40,0,0,0,1,10,3,0,0,0,18,16,0,7,0,3,0,0,200,200
389225,0,40,0,0,0,1,10,3,0,0,0,18,16,0,5,0,0,0,0,200,200
389232,0,30,200,200,0,1,14,2,0,0,0,0,0,0,200,200,200,200,200,200,200
389232,0,30,200,200,0,1,14,2,0,0,0,0,0,0,5,200,200,200,0,200,200
389235,0,30,0,0,0,1,10,2,0,0,0,21,0,0,5,200,10,0,0,200,200
389235,0,30,0,0,0,1,10,2,0,0,0,21,0,1,6,200,200,200,0,200,200
389235,1,30,0,0,0,1,10,2,0,0,0,21,0,1,6,200,200,200,200,200,200
389235,1,30,0,0,0,1,10,2,0,0,0,21,0,1,5,200,200,200,200,200,200
389235,1,30,0,0,0,1,10,2,0,0,0,21,0,0,3,200,200,200,200,200,200
389239,0,30,0,0,0,1,14,6,0,0,0,17,0,0,7,0,1,0,0,200,200
389239,0,30,0,0,0,1,14,6,0,0,0,17,0,0,5,0,0,0,0,200,200
389239,1,30,0,0,0,1,14,6,0,0,0,17,0,1,5,0,200,200,200,200,200
389239,1,30,0,0,0,1,14,6,0,0,0,17,0,1,1,5,200,200,200,200,200
389243,0,20,0,0,0,1,7,6,0,0,0,0,0,2,200,200,200,200,200,200,200
389245,0,30,1,2,0,1,12,5,0,0,0,21,200,1,6,0,12,0,0,200,200
389245,0,30,1,2,0,1,12,5,0,0,0,21,200,0,6,0,0,0,0,200,200
389247,0,35,1,2,0,1,10,2,0,0,0,18,0,2,200,200,200,200,200,200,200
389247,0,35,1,2,0,1,10,2,0,0,0,18,0,0,6,0,0,0,0,200,200
389247,0,35,1,2,0,1,10,2,0,0,0,18,0,1,3,0,0,0,0,200,200
389259,0,0,0,0,0,1,7,200,0,0,0,20,0,1,6,200,6,200,0,200,200
389264,0,30,0,0,0,1,10,6,0,0,0,11,200,0,200,0,12,0,0,200,200
389264,0,30,0,0,0,1,10,6,0,0,0,11,200,0,200,0,0,0,0,200,200
389266,0,30,200,200,0,1,7,2,0,0,200,0,0,2,200,200,200,200,200,200,200
389267,0,30,1,2,0,1,10,5,0,0,0,18,0,0,200,200,3,200,200,200,200
389267,0,30,1,2,0,1,10,5,0,0,0,18,0,1,6,0,12,0,0,200,200
389285,0,35,0,0,0,1,10,2,0,0,0,18,0,1,6,0,3,0,0,200,200
389285,0,35,0,0,0,1,10,2,0,0,0,18,0,0,5,0,0,0,0,200,200
389285,0,35,0,0,0,1,10,2,0,0,0,18,0,2,200,200,200,200,200,200,200
389285,1,35,0,0,0,1,10,2,0,0,0,18,0,1,5,7,200,200,200,200,200
389286,0,30,0,0,0,1,9,6,0,0,0,0,200,1,6,0,0,0,0,200,200
389286,5,30,0,0,0,1,9,6,0,0,0,0,200,1,7,7,0,200,0,200,200
389287,0,30,0,0,0,1,7,6,0,0,0,17,0,0,6,200,0,0,0,200,200
389288,0,30,0,0,0,1,10,12,0,1,0,0,200,1,5,0,12,0,0,200,200
389288,0,30,0,0,0,1,10,12,0,1,0,0,200,2,200,200,0,200,200,200,200
389288,1,30,0,0,0,1,10,12,0,1,0,0,200,0,200,0,200,200,200,200,200
389292,0,25,1,2,0,1,14,5,0,0,0,22,23,0,6,200,7,0,0,200,200
389292,0,25,1,2,0,1,14,5,0,0,0,22,23,0,5,200,0,0,0,200,200
389293,0,30,0,0,0,1,7,7,0,0,0,0,200,0,200,200,6,200,200,200,200
389294,0,30,0,0,0,1,0,5,0,0,0,20,0,1,7,0,6,0,0,200,200
389294,0,30,0,0,0,1,0,5,0,0,0,20,0,1,5,0,12,0,0,200,200
389294,1,30,0,0,0,1,0,5,0,0,0,20,0,0,6,0,200,200,200,200,200
389295,0,30,0,0,0,1,10,5,0,0,0,32,18,1,6,200,3,0,5,200,200
389295,0,30,0,0,0,1,10,5,0,0,0,32,18,1,6,0,0,0,1,200,200
389300,0,30,1,2,0,1,10,5,0,0,0,18,200,2,200,200,3,200,200,200,200
389300,0,30,1,2,0,1,10,5,0,0,0,18,200,1,8,0,0,0,0,200,200
389302,0,15,0,0,0,1,0,5,0,0,0,200,200,1,7,0,0,0,0,200,200
389302,0,15,0,0,0,1,0,5,0,0,0,200,200,0,6,200,0,0,0,200,200
389302,1,15,0,0,0,1,0,5,0,0,0,200,200,0,5,0,200,200,200,200,200
389303,0,30,0,0,0,1,10,2,3,0,0,0,0,0,5,0,3,0,0,200,200
389303,0,30,0,0,0,1,10,2,3,0,0,0,0,1,5,0,0,0,0,200,200
389303,1,30,0,0,0,1,10,2,3,0,0,0,0,0,5,0,200,200,200,200,200
389308,0,35,0,0,0,1,7,5,0,0,0,11,200,0,5,200,4,0,0,200,200
389309,0,30,0,0,0,1,7,5,0,0,200,21,0,2,200,200,4,200,200,200,200
389310,0,30,1,2,0,1,14,5,0,0,0,17,11,1,7,0,12,0,0,200,200
389310,0,30,1,2,0,1,14,5,0,0,0,17,11,0,6,0,2,0,0,200,200
389310,1,30,1,2,0,1,14,5,0,0,0,17,11,1,6,0,200,200,200,200,200
389321,0,15,0,0,0,3,7,7,0,0,0,0,0,0,8,200,200,0,0,200,200
389323,0,20,0,0,0,1,7,7,0,0,0,0,200,0,6,200,10,200,200,200,200
389325,0,30,1,2,0,1,2,5,0,0,0,27,19,0,5,200,12,200,5,200,200
389337,0,0,0,0,0,1,7,7,0,0,12,12,0,1,6,200,12,0,0,200,200
389338,0,30,0,0,0,1,7,2,0,0,0,22,200,1,6,0,2,0,0,200,200
389340,0,30,0,0,0,0,7,5,0,0,0,0,0,2,200,200,200,200,200,200,200
389341,0,30,0,0,0,1,12,6,0,0,0,200,200,1,200,200,12,200,200,200,200
389341,0,30,0,0,0,1,12,6,0,0,0,200,200,0,5,0,0,0,0,200,200
389349,0,30,0,0,0,1,3,5,0,0,0,21,200,0,6,200,9,0,0,200,200
389349,0,30,0,0,0,1,3,5,0,0,0,21,200,0,4,0,0,0,0,200,200
389358,0,30,1,2,0,1,14,5,0,0,0,17,0,0,5,200,5,0,0,200,200
389358,0,30,1,2,0,1,14,5,0,0,0,17,0,1,5,200,12,0,0,200,200
389358,1,30,1,2,0,1,14,5,0,0,0,17,0,0,1,200,200,200,200,200,200
389358,1,30,1,2,0,1,14,5,0,0,0,17,0,0,0,200,200,200,200,200,200
389364,0,35,0,12,0,1,7,5,0,0,0,25,0,0,5,200,13,0,0,200,200
389371,0,30,1,2,0,4,10,5,0,0,0,18,0,0,200,200,3,200,200,200,200
389371,0,30,1,2,0,4,10,5,0,0,0,18,0,1,200,0,0,0,0,200,200
389374,0,15,0,0,0,1,0,7,0,0,0,17,200,1,200,0,1,0,0,200,200
389374,0,15,0,0,0,1,0,7,0,0,0,17,200,0,0,0,0,0,0,200,200
389378,0,30,2,2,0,1,14,2,0,0,0,11,11,1,3,0,1,1,0,200,200
389378,0,30,2,2,0,1,14,2,0,0,0,11,11,0,4,0,0,0,0,200,200
389378,1,30,2,2,0,1,14,2,0,0,0,11,11,0,4,0,200,200,200,200,200
389380,0,30,0,0,0,1,12,2,0,0,0,14,200,0,6,0,2,0,0,200,200
389380,0,30,0,0,0,1,12,2,0,0,0,14,200,1,6,0,0,0,0,200,200
389387,0,30,1,2,0,4,14,12,0,0,0,6,17,0,7,200,1,0,0,200,200
389387,0,30,1,2,0,4,14,12,0,0,0,6,17,0,7,200,5,0,0,200,200
389387,1,30,1,2,0,4,14,12,0,0,0,6,17,1,7,1,200,200,200,200,200
389391,0,30,0,12,0,4,10,5,0,0,0,0,0,0,200,200,8,200,200,200,200
389391,0,30,0,12,0,4,10,5,0,0,0,0,0,1,6,0,0,0,0,200,200
389391,1,30,0,12,0,4,10,5,0,0,0,0,0,1,2,0,200,200,200,200,200
389391,1,30,0,12,0,4,10,5,0,0,0,0,0,1,4,0,200,200,200,200,200
389393,0,30,0,0,0,4,10,2,0,0,0,17,17,2,200,200,1,200,200,200,200
389393,0,30,0,0,0,4,10,2,0,0,0,17,17,0,9,200,200,0,0,200,200
389403,0,30,1,2,0,1,2,5,0,0,0,0,0,0,6,200,200,200,200,200,200
389403,1,30,1,2,0,1,2,5,0,0,0,0,0,1,6,200,200,200,200,200,200
389404,0,30,1,2,0,1,14,2,0,0,0,17,11,0,8,7,1,0,0,200,200
389404,0,30,1,2,0,1,14,2,0,0,0,17,11,0,6,200,0,200,0,200,200
389404,1,30,1,2,0,1,14,2,0,0,0,17,11,1,6,7,200,200,200,200,200
389404,1,30,1,2,0,1,14,2,0,0,0,17,11,0,6,7,200,200,200,200,200
389404,1,30,1,2,0,1,14,2,0,0,0,17,11,0,6,7,200,200,200,200,200
389406,0,30,0,0,0,1,2,5,0,0,0,200,200,0,6,0,200,0,0,200,200
389406,1,30,0,0,0,1,2,5,0,0,0,200,200,1,6,0,200,200,200,200,200
389410,0,30,0,0,0,4,12,2,0,0,0,22,200,0,6,0,2,0,0,200,200
389410,0,30,0,0,0,4,12,2,0,0,0,22,200,0,6,0,0,0,0,200,200
389411,0,30,0,0,0,4,8,6,0,0,0,200,200,1,7,200,12,0,0,200,200
389411,4,30,0,0,0,4,8,6,0,0,0,200,200,0,7,7,12,0,200,200,200
389425,0,30,1,2,0,4,14,5,0,0,0,17,16,0,200,200,1,200,200,200,200
389425,0,30,1,2,0,4,14,5,0,0,0,17,16,0,200,0,0,0,0,200,200
389425,1,30,1,2,0,4,14,5,0,0,0,17,16,0,200,0,200,200,200,200,200
389430,0,30,2,2,0,0,10,5,0,0,0,0,0,0,7,200,200,200,200,200,200
389430,0,30,2,2,0,0,10,5,0,0,0,0,0,1,7,200,200,200,200,200,200
389436,0,30,0,200,0,3,10,2,3,0,0,16,200,0,7,0,3,200,0,200,200
389436,0,30,0,200,0,3,10,2,3,0,0,16,200,0,4,0,1,0,0,200,200
389436,1,30,0,200,0,3,10,2,3,0,0,16,200,1,4,0,200,200,200,200,200
389439,0,35,2,2,0,3,10,2,0,0,0,20,20,0,7,7,6,0,0,200,200
389439,0,35,2,2,0,3,10,2,0,0,0,20,20,1,6,0,12,0,0,200,200
389445,0,25,0,0,0,3,12,8,0,0,0,22,200,1,200,200,4,200,200,200,200
389445,0,25,0,0,0,3,12,8,0,0,0,22,200,1,6,0,0,0,0,200,200
389447,0,15,0,0,0,1,14,7,0,0,0,23,200,0,200,200,7,200,200,200,200
389447,0,15,0,0,0,1,14,7,0,0,0,23,200,1,5,0,0,0,0,200,200
389451,0,30,1,2,0,3,12,5,0,0,0,21,200,0,7,200,4,0,0,200,200
389451,0,30,1,2,0,3,12,5,0,0,0,21,200,1,5,0,0,0,0,200,200
389453,0,30,0,0,0,1,10,6,0,0,0,16,200,1,5,0,12,0,0,200,200
389453,0,30,0,0,0,1,10,6,0,0,0,16,200,1,7,0,0,0,0,200,200
389453,1,30,0,0,0,1,10,6,0,0,0,16,200,1,7,0,200,200,200,200,200
389456,0,10,0,0,0,1,0,7,0,0,0,0,200,1,6,200,200,200,200,200,200
389456,0,10,0,0,0,1,0,7,0,0,0,0,200,1,5,0,0,0,0,200,200
389456,1,10,0,0,0,1,0,7,0,0,0,0,200,1,3,0,200,200,200,200,200
389457,0,30,0,0,0,1,3,5,0,0,200,21,22,1,4,200,2,200,200,200,200
389457,0,30,0,0,0,1,3,5,0,0,200,21,22,0,5,0,0,200,200,200,200
389461,0,10,0,0,0,3,0,7,0,0,0,20,17,1,5,200,6,0,0,200,200
389461,0,10,0,0,0,3,0,7,0,0,0,20,17,0,6,200,0,0,0,200,200
389461,1,10,0,0,0,3,0,7,0,0,0,20,17,1,200,200,200,200,200,200,200
389461,1,10,0,0,0,3,0,7,0,0,0,20,17,0,200,200,200,200,200,200,200
389465,0,35,1,2,0,3,14,6,0,0,0,21,200,1,5,200,4,200,200,200,200
389465,0,35,1,2,0,3,14,6,0,0,0,21,200,0,5,0,0,0,0,200,200
389465,1,35,1,2,0,3,14,6,0,0,0,21,200,1,5,0,200,200,200,200,200
389467,0,35,1,2,0,3,7,5,0,0,0,0,200,1,200,200,200,200,0,200,200
389467,1,35,1,2,0,3,7,5,0,0,0,0,200,1,200,200,200,200,200,200,200
389468,0,30,0,0,0,3,10,5,0,0,0,18,0,1,5,200,3,200,0,200,200
389468,0,30,0,0,0,3,10,5,0,0,0,18,0,1,6,200,12,200,0,200,200
389468,0,30,0,0,0,3,10,5,0,0,0,18,0,0,6,200,12,200,0,200,200
389468,0,30,0,0,0,3,10,5,0,0,0,18,0,0,6,200,12,200,0,200,200
389468,0,30,0,0,0,3,10,5,0,0,0,18,0,1,200,200,12,200,200,200,200
389468,1,30,0,0,0,3,10,5,0,0,0,18,0,0,1,200,200,200,200,200,200
389468,1,30,0,0,0,3,10,5,0,0,0,18,0,0,0,200,200,200,200,200,200
389468,1,30,0,0,0,3,10,5,0,0,0,18,0,1,6,200,200,200,200,200,200
389468,1,30,0,0,0,3,10,5,0,0,0,18,0,0,2,0,200,200,200,200,200
389468,1,30,0,0,0,3,10,5,0,0,0,18,0,0,1,0,200,200,200,200,200
389474,0,30,1,2,0,3,10,5,0,0,0,25,200,0,6,200,12,0,0,200,200
389474,0,30,1,2,0,3,10,5,0,0,0,25,200,0,7,0,0,0,0,200,200
389474,1,30,1,2,0,3,10,5,0,0,0,25,200,2,200,200,200,200,200,200,200
389478,0,30,1,2,0,0,14,5,0,0,0,17,0,0,7,200,1,200,200,200,200
389478,0,30,1,2,0,0,14,5,0,0,0,17,0,1,5,200,0,200,200,200,200
389478,1,30,1,2,0,0,14,5,0,0,0,17,0,1,7,200,200,200,200,200,200
389478,1,30,1,2,0,0,14,5,0,0,0,17,0,200,5,7,200,200,200,200,200
389478,1,30,1,2,0,0,14,5,0,0,0,17,0,0,0,7,200,200,200,200,200
389491,0,30,2,2,0,3,14,5,0,0,0,32,16,0,6,200,1,0,5,0.07,200
389491,0,30,2,2,0,3,14,5,0,0,0,32,16,0,6,0,0,0,0,200,200
389491,1,30,2,2,0,3,14,5,0,0,0,32,16,200,200,200,200,200,200,200,200
389493,0,30,1,2,0,3,14,6,0,0,0,23,23,0,7,200,7,0,0,200,200
389493,0,30,1,2,0,3,14,6,0,0,0,23,23,1,5,200,12,0,0,200,200
389495,0,35,1,2,0,3,0,5,0,0,0,6,14,0,200,200,5,200,200,200,200
389495,0,35,1,2,0,3,0,5,0,0,0,6,14,1,6,200,0,0,0,200,200
389495,1,35,1,2,0,3,0,5,0,0,0,6,14,1,6,200,200,200,200,200,200
389499,0,25,0,0,0,1,7,6,0,0,0,20,200,1,0,0,6,0,0,200,200
389513,0,30,0,0,0,3,12,2,0,0,0,23,200,0,6,200,4,200,0,200,200
389513,0,30,0,0,0,3,12,2,0,0,0,23,200,1,5,200,0,200,0,200,200
389513,1,30,0,0,0,3,12,2,0,0,0,23,200,1,200,200,200,200,200,200,200
389515,0,30,2,2,0,3,0,2,0,0,200,17,14,0,200,200,1,200,200,200,200
389515,0,30,2,2,0,3,0,2,0,0,200,17,14,1,6,0,0,200,0,200,200
389519,0,30,2,2,0,0,14,3,0,0,0,22,31,2,200,200,7,200,200,200,200
389519,0,30,2,2,0,0,14,3,0,0,0,22,31,1,5,0,0,0,200,200,200
389523,0,30,1,2,0,3,2,5,0,0,0,0,200,0,6,0,12,0,0,200,200
389527,0,30,2,2,0,3,0,5,0,0,0,17,0,0,5,0,1,0,0,200,200
389527,0,30,2,2,0,3,0,5,0,0,0,17,0,0,6,0,0,0,0,200,200
389530,0,30,0,0,0,0,10,12,0,0,0,18,0,0,5,200,3,200,2,200,200
389530,0,30,0,0,0,0,10,12,0,0,0,18,0,0,6,200,0,0,0,200,200
389530,1,30,0,0,0,0,10,12,0,0,0,18,0,1,5,200,200,200,200,200,200
389530,1,30,0,0,0,0,10,12,0,0,0,18,0,1,6,200,200,200,200,200,200
389531,0,30,1,2,200,3,10,5,0,0,12,18,0,0,6,200,3,200,200,200,200
389531,0,30,1,2,200,3,10,5,0,0,12,18,0,1,7,200,12,0,0,200,200
389532,0,25,0,0,0,3,7,5,0,0,0,0,0,2,200,200,200,200,200,200,200
389540,0,30,0,2,0,0,10,3,0,0,0,16,200,0,5,0,12,0,0,200,200
389540,0,30,0,2,0,0,10,3,0,0,0,16,200,0,5,200,0,0,0,200,200
389540,1,30,0,2,0,0,10,3,0,0,0,16,200,1,5,200,200,200,200,200,200
389546,0,15,0,0,0,3,5,6,0,0,0,0,200,0,6,0,12,200,0,200,200
389548,0,30,0,0,0,3,12,5,0,0,0,0,0,0,5,0,8,0,0,200,200
389548,0,30,0,0,0,3,12,5,0,0,0,0,0,0,7,0,12,5,0,200,200
389548,1,30,0,0,0,3,12,5,0,0,0,0,0,0,200,0,200,200,200,200,200
389548,1,30,0,0,0,3,12,5,0,0,0,0,0,1,200,0,200,200,200,200,200
389549,0,30,0,0,0,3,8,6,0,0,200,17,0,1,200,200,200,200,200,200,200
389549,4,30,0,0,0,3,8,6,0,0,200,17,0,0,2,200,200,200,0,200,200
389549,4,30,0,0,0,3,8,6,0,0,200,17,0,0,3,200,200,200,0,200,200
389552,0,35,1,2,2,3,10,3,0,0,0,18,18,2,200,200,3,200,200,200,200
389552,0,35,1,2,2,3,10,3,0,0,0,18,18,0,8,200,200,0,0,200,200
389552,0,35,1,2,2,3,10,3,0,0,0,18,18,1,6,200,0,0,0,200,200
389554,0,30,1,200,0,3,14,5,0,200,200,0,200,0,6,0,12,200,0,200,200
389554,0,30,1,200,0,3,14,5,0,200,200,0,200,1,200,200,12,200,200,200,200
389555,0,30,0,0,0,3,12,5,0,0,0,25,200,0,200,200,4,200,200,200,200
389555,0,30,0,0,0,3,12,5,0,0,0,25,200,0,0,0,0,0,0,200,200
389557,0,30,0,0,0,3,7,5,0,0,0,0,0,2,200,200,200,200,200,200,200
389558,0,30,4,0,0,0,8,5,0,0,0,17,0,0,200,200,1,0,0,200,200
389558,4,30,4,0,0,0,8,5,0,0,0,17,0,1,0,3,0,200,0,200,200
389561,0,30,1,2,0,3,12,5,0,0,0,21,0,1,6,0,4,0,0,200,200
389561,0,30,1,2,0,3,12,5,0,0,0,21,0,0,7,0,0,0,0,200,200
389561,1,30,1,2,0,3,12,5,0,0,0,21,0,2,200,0,200,200,200,200,200
389561,1,30,1,2,0,3,12,5,0,0,0,21,0,1,200,0,200,200,200,200,200
389561,1,30,1,2,0,3,12,5,0,0,0,21,0,0,200,0,200,200,200,200,200
389561,1,30,1,2,0,3,12,5,0,0,0,21,0,1,200,0,200,200,200,200,200
389562,0,30,2,200,0,3,10,5,0,0,200,16,200,0,4,200,200,200,0,200,200
389562,0,30,2,200,0,3,10,5,0,0,200,16,200,0,5,200,200,200,0,200,200
389568,0,30,1,2,0,3,0,5,0,0,0,6,0,0,200,200,5,200,200,200,200
389568,0,30,1,2,0,3,0,5,0,0,0,6,0,0,7,0,0,0,0,200,200
389568,1,30,1,2,0,3,0,5,0,0,0,6,0,0,200,200,200,200,200,200,200
389568,1,30,1,2,0,3,0,5,0,0,0,6,0,0,5,200,200,200,200,200,200
389570,0,30,2,2,0,1,10,12,0,0,0,18,0,1,8,0,3,0,0,200,200
389570,0,30,2,2,0,1,10,12,0,0,0,18,0,1,7,0,0,0,0,200,200
389586,0,30,1,2,0,0,10,2,0,0,0,0,200,0,200,200,200,200,200,200,200
389586,0,30,1,2,0,0,10,2,0,0,0,0,200,1,5,0,0,200,0,200,200
389586,1,30,1,2,0,0,10,2,0,0,0,0,200,0,4,0,200,200,200,200,200
389591,0,30,1,2,0,3,10,5,0,0,0,18,18,0,5,200,3,200,200,200,200
389591,0,30,1,2,0,3,10,5,0,0,0,18,18,0,6,200,12,0,0,200,200
389604,0,30,0,200,0,3,7,3,0,0,200,0,200,2,200,200,200,200,200,200,200
389605,0,40,0,0,0,3,10,3,1,0,0,18,16,1,5,0,3,0,0,200,200
389605,0,40,0,0,0,3,10,3,1,0,0,18,16,0,5,0,3,0,0,200,200
389605,0,40,0,0,0,3,10,3,1,0,0,18,16,2,200,200,12,200,200,200,200
389605,1,40,0,0,0,3,10,3,1,0,0,18,16,0,5,0,200,200,200,200,200
389605,1,40,0,0,0,3,10,3,1,0,0,18,16,0,0,5,200,200,200,200,200
389609,0,30,200,200,0,4,10,5,0,0,200,18,200,0,5,200,200,200,200,200,200
389609,0,30,200,200,0,4,10,5,0,0,200,18,200,1,5,0,200,200,0,200,200
389609,1,30,200,200,0,4,10,5,0,0,200,18,200,0,200,0,200,200,200,200,200
389610,0,30,0,0,0,3,0,12,0,0,0,10,16,0,6,0,9,0,0,200,200
389610,0,30,0,0,0,3,0,12,0,0,0,10,16,1,6,0,0,0,0,200,200
389610,1,30,0,0,0,3,0,12,0,0,0,10,16,0,200,0,200,200,200,200,200
389615,0,35,0,200,0,3,7,5,0,0,0,0,0,1,200,200,200,200,200,200,200
389617,0,15,0,0,0,3,7,5,0,0,0,200,200,2,200,200,200,200,200,200,200
389622,0,30,1,2,0,3,0,2,0,0,0,6,200,2,200,200,5,200,200,200,200
389622,0,30,1,2,0,3,0,2,0,0,0,6,200,0,5,200,0,0,0,200,200
389622,1,30,1,2,0,3,0,2,0,0,0,6,200,0,5,200,200,200,200,200,200
389622,1,30,1,2,0,3,0,2,0,0,0,6,200,1,200,200,200,200,200,200,200
389628,0,30,0,0,0,3,0,3,0,0,0,0,0,1,7,0,0,0,0,200,200
389628,0,30,0,0,0,3,0,3,0,0,0,0,0,1,5,0,200,0,0,200,200
389628,0,30,0,0,0,3,0,3,0,0,0,0,0,0,5,0,200,0,0,200,200
389628,1,30,0,0,0,3,0,3,0,0,0,0,0,1,200,0,200,200,200,200,200
389633,0,30,0,0,0,3,14,2,0,0,0,17,11,0,7,0,1,0,0,200,200
389633,0,30,0,0,0,3,14,2,0,0,0,17,11,1,6,0,0,0,0,200,200
389633,1,30,0,0,0,3,14,2,0,0,0,17,11,0,6,0,200,200,200,200,200
389634,0,30,0,0,0,3,7,5,0,0,0,16,200,0,5,7,0,0,0,200,200
389640,0,30,0,0,0,3,9,5,0,0,0,16,17,1,200,200,200,200,200,200,200
389640,5,30,0,0,0,3,9,5,0,0,0,16,17,0,7,200,0,200,7,200,200
389648,0,30,200,200,200,200,10,200,0,200,200,20,0,0,200,200,6,200,200,200,200
389648,0,30,200,200,200,200,10,200,0,200,200,20,0,1,5,0,0,200,0,200,200
389652,0,30,0,0,0,3,11,5,0,0,0,8,0,0,5,0,200,0,0,200,200