RD_NO,PERSON_TYPE,POSTED_SPEED_LIMIT,TRAFFIC_CONTROL_DEVICE,DEVICE_CONDITION,WEATHER_CONDITION,LIGHTING_CONDITION,FIRST_CRASH_TYPE,TRAFFICWAY_TYPE,ALIGNMENT,ROADWAY_SURFACE_COND,ROAD_DEFECT,PRIM_CONTRIBUTORY_CAUSE,SEC_CONTRIBUTORY_CAUSE,SEX,AGE,SAFETY_EQUIPMENT,DRIVER_ACTION,DRIVER_VISION,PHYSICAL_CONDITION,BAC_RESULT VALUE,CELL_PHONE_USE
389652,0,30,0,0,0,3,11,5,0,0,0,8,0,0,6,0,0,0,0,200,200
389652,1,30,0,0,0,3,11,5,0,0,0,8,0,1,200,0,200,200,200,200,200
389653,0,30,0,0,0,3,7,5,0,0,0,0,200,1,5,0,12,0,200,200,200
389655,0,35,200,200,0,3,8,6,0,0,0,32,17,0,8,200,1,200,5,200,200
389655,4,35,200,200,0,3,8,6,0,0,0,32,17,0,200,7,200,0,0,200,200
389672,0,30,2,0,0,3,7,6,0,0,0,0,0,2,200,200,0,200,200,200,200
389674,0,10,0,0,0,3,2,7,0,0,0,32,32,0,5,200,8,0,5,0.27,200
389677,4,30,1,2,0,3,8,5,0,0,0,18,200,200,200,200,2,200,0,200,200
389677,0,30,1,2,0,3,8,5,0,0,0,18,200,0,5,200,0,0,0,200,200
389678,0,30,0,0,0,3,10,2,0,0,0,2,18,1,200,200,15,200,200,200,1
389678,0,30,0,0,0,3,10,2,0,0,0,2,18,0,6,0,0,0,0,200,200
389678,1,30,0,0,0,3,10,2,0,0,0,2,18,1,6,0,200,200,200,200,200
389679,0,0,0,0,0,3,7,7,0,0,0,0,200,2,200,200,200,200,200,200,200
389680,0,40,0,0,0,3,2,2,0,0,0,11,200,1,5,200,12,200,0,200,200
389684,0,30,1,2,0,3,10,5,0,0,0,14,0,0,200,200,8,200,200,200,200
389684,0,30,1,2,0,3,10,5,0,0,0,14,0,1,5,200,0,0,0,200,200
389684,0,30,1,2,0,3,10,5,0,0,0,14,0,0,6,200,0,0,0,200,200
389685,0,30,0,0,0,3,10,5,0,0,200,0,0,0,7,0,200,200,200,200,200
389685,0,30,0,0,0,3,10,5,0,0,200,0,0,0,5,0,200,200,200,200,200
389688,0,30,1,2,0,3,10,12,0,0,0,16,18,0,7,0,0,0,0,200,200
389688,0,30,1,2,0,3,10,12,0,0,0,16,18,0,200,200,3,200,200,200,200
389689,4,25,1,2,0,3,8,5,0,0,0,27,19,0,7,7,12,0,3,200,200
389690,0,30,1,2,0,3,14,5,0,0,0,17,200,0,8,0,1,0,0,200,200
389690,0,30,1,2,0,3,14,5,0,0,0,17,200,0,5,0,0,0,0,200,200
389694,0,30,1,2,0,3,10,5,0,0,200,18,18,0,7,0,3,0,0,200,200
389694,0,30,1,2,0,3,10,5,0,0,200,18,18,0,6,200,12,200,200,200,200
389697,0,25,1,2,0,3,10,2,0,0,0,22,0,0,200,200,2,200,200,200,200
389697,0,25,1,2,0,3,10,2,0,0,0,22,0,0,8,0,0,0,0,200,200
389700,0,25,0,0,0,3,10,6,0,0,0,18,16,2,200,200,3,200,200,200,200
389700,0,25,0,0,0,3,10,6,0,0,0,18,16,0,5,200,0,0,0,200,200
389700,1,25,0,0,0,3,10,6,0,0,0,18,16,1,5,200,200,200,200,200,200
389703,0,30,0,0,0,3,7,5,0,0,0,32,14,0,5,200,8,0,3,200,200
389706,0,30,0,0,0,3,10,3,0,0,0,0,0,0,7,0,200,0,0,200,200
389706,0,30,0,0,0,3,10,3,0,0,0,0,0,1,7,0,200,0,0,200,200
389706,0,30,0,0,0,3,10,3,0,0,0,0,0,0,5,0,200,0,0,200,200
389712,0,30,1,2,0,3,9,5,0,0,0,0,200,0,7,0,200,0,0,200,200
389712,5,30,1,2,0,3,9,5,0,0,0,0,200,0,6,200,0,200,5,200,200
389713,0,30,0,0,0,3,10,5,2,0,0,20,200,0,6,200,6,0,0,200,200
389713,0,30,0,0,0,3,10,5,2,0,0,20,200,1,200,200,0,0,0,200,200
389713,1,30,0,0,0,3,10,5,2,0,0,20,200,1,5,200,200,200,200,200,200
389719,0,30,0,0,0,3,12,5,0,0,0,0,0,2,4,200,200,0,0,200,200
389719,0,30,0,0,0,3,12,5,0,0,0,0,0,0,4,200,200,0,0,200,200
389729,0,30,0,0,0,3,12,5,0,0,200,21,0,0,5,200,2,12,0,200,200
389729,0,30,0,0,0,3,12,5,0,0,200,21,0,1,7,200,0,200,0,200,200
389739,0,30,1,2,0,3,14,2,0,0,0,16,200,2,200,200,3,200,200,200,200
389739,0,30,1,2,0,3,14,2,0,0,0,16,200,1,6,200,0,0,0,200,200
389752,0,30,1,2,0,3,7,5,0,0,0,16,0,1,0,7,8,0,0,200,200
389757,0,30,2,200,0,3,0,6,0,0,200,5,17,1,200,200,200,200,200,200,200
389757,0,30,2,200,0,3,0,6,0,0,200,5,17,1,5,200,200,200,0,200,200
389759,0,30,0,0,0,3,7,5,0,0,0,32,27,0,6,0,200,0,5,200,200
389764,0,30,200,200,0,3,9,5,0,0,200,32,14,0,5,200,1,200,5,0.07,200
389764,5,30,200,200,0,3,9,5,0,0,200,32,14,1,7,7,0,200,200,200,200
389764,1,30,200,200,0,3,9,5,0,0,200,32,14,0,4,200,200,200,200,200,200
389764,1,30,200,200,0,3,9,5,0,0,200,32,14,0,5,200,200,200,200,200,200
389768,0,30,0,0,0,3,3,5,0,0,0,0,0,1,5,0,0,0,0,200,200
389768,0,30,0,0,0,3,3,5,0,0,0,0,0,0,5,0,0,0,0,200,200
389768,1,30,0,0,0,3,3,5,0,0,0,0,0,1,5,0,200,200,200,200,200
389768,1,30,0,0,0,3,3,5,0,0,0,0,0,0,5,0,200,200,200,200,200
389777,0,30,0,0,0,3,12,5,0,0,0,17,200,0,6,200,0,0,0,200,200
389777,0,30,0,0,0,3,12,5,0,0,0,17,200,2,200,200,1,200,200,200,200
389785,0,30,0,0,0,3,7,6,0,0,0,2,0,0,6,200,15,0,2,200,1
389793,0,30,0,0,0,3,7,5,0,0,0,200,200,0,6,7,12,200,200,200,200
389793,1,30,0,0,0,3,7,5,0,0,0,200,200,1,6,200,200,200,200,200,200
389797,0,20,0,0,0,3,7,6,0,0,0,0,0,0,200,200,200,200,200,200,200
389800,0,30,0,0,0,3,2,5,0,0,200,25,14,0,5,200,5,200,200,200,200
389817,0,5,0,0,0,0,2,7,0,0,0,11,0,2,200,200,200,200,200,200,200
389819,0,20,9,2,0,3,7,6,0,0,0,10,3,2,200,200,5,200,200,200,200
389828,0,35,1,2,0,3,2,3,0,0,0,0,16,1,5,0,200,200,0,200,200
389831,0,30,0,0,0,3,7,5,0,0,0,0,200,1,200,200,200,200,200,200,200
389835,0,30,0,0,0,1,7,5,0,0,0,12,200,0,5,200,12,0,0,200,200
389836,0,25,0,0,0,2,7,5,0,0,0,32,16,0,5,0,12,200,5,200,200
389837,0,30,2,2,0,3,10,2,0,0,0,18,16,1,5,0,3,0,0,200,200
389837,0,30,2,2,0,3,10,2,0,0,0,18,16,0,6,0,12,0,0,200,200
389837,0,30,2,2,0,3,10,2,0,0,0,18,16,0,6,0,0,12,0,200,200
389837,1,30,2,2,0,3,10,2,0,0,0,18,16,0,200,7,200,200,200,200,200
389840,0,30,0,0,0,3,10,5,0,0,0,0,15,0,200,200,200,200,200,200,200
389840,0,30,0,0,0,3,10,5,0,0,0,0,15,0,7,0,200,0,0,200,200
389840,0,30,0,0,0,3,10,5,0,0,0,0,15,0,9,0,0,0,0,200,200
389841,0,30,0,0,0,1,12,3,0,200,200,0,0,1,4,200,200,200,0,200,200
389841,0,30,0,0,0,1,12,3,0,200,200,0,0,1,8,200,200,200,0,200,200
389841,0,30,0,0,0,1,12,3,0,200,200,0,0,0,9,200,200,200,0,200,200
389842,0,30,0,0,0,3,7,200,0,0,0,0,0,1,5,200,200,200,0,200,200
389844,0,35,0,200,0,2,2,2,0,0,0,0,200,0,0,0,200,12,0,200,200
389849,0,30,0,0,0,1,14,5,0,0,0,17,17,0,200,200,1,200,200,200,200
389849,0,30,0,0,0,1,14,5,0,0,0,17,17,0,7,0,12,0,0,200,200
389855,0,20,0,0,0,1,0,12,0,0,0,17,11,0,7,0,1,0,0,200,200
389855,0,20,0,0,0,1,0,12,0,0,0,17,11,0,6,7,0,0,0,200,200
389857,0,20,0,0,0,2,14,5,0,0,0,17,200,0,5,0,1,200,0,200,200
389857,0,20,0,0,0,2,14,5,0,0,0,17,200,1,4,0,0,200,0,200,200
389862,0,30,0,0,0,3,7,6,0,0,0,0,0,2,200,200,200,200,200,200,200
389863,0,30,0,0,0,3,7,5,0,0,0,0,0,2,200,200,200,200,200,200,200
389864,0,30,0,0,0,2,10,3,0,0,0,17,200,2,200,200,1,200,0,200,200
389864,0,30,0,0,0,2,10,3,0,0,0,17,200,0,6,0,0,0,0,200,200
389870,0,30,0,0,0,3,7,6,0,0,0,0,0,0,6,200,200,0,200,200,200
389882,0,30,1,2,0,0,14,2,0,0,0,18,0,0,200,200,3,200,200,200,200
389882,0,30,1,2,0,0,14,2,0,0,0,18,0,0,0,0,0,0,0,200,200
389888,0,30,0,0,0,1,7,5,0,0,0,1,11,1,5,200,12,0,0,200,200
389890,0,30,0,0,0,1,7,5,0,0,0,0,0,2,200,200,200,200,200,200,200
389894,0,30,0,0,200,1,14,2,0,200,200,0,0,0,8,200,200,200,200,200,200
389894,0,30,0,0,200,1,14,2,0,200,200,0,0,1,4,0,0,0,0,200,200
389896,0,30,0,0,0,1,2,5,0,0,0,0,0,1,6,0,12,0,0,200,200
389903,0,30,0,0,0,1,7,6,0,0,0,0,200,0,200,200,200,200,200,200,200
389907,0,30,2,2,0,2,14,6,0,0,0,18,0,0,7,200,12,0,0,200,200
389907,0,30,2,2,0,2,14,6,0,0,0,18,0,2,200,200,7,200,200,200,200
389909,0,30,0,0,0,1,12,5,0,0,1,29,13,0,6,0,12,0,0,200,200
389909,0,30,0,0,0,1,12,5,0,0,1,29,13,0,8,0,0,0,0,200,200
389912,0,30,1,2,0,1,10,5,0,0,0,18,200,1,6,0,0,200,0,200,200
389912,0,30,1,2,0,1,10,5,0,0,0,18,200,0,5,0,3,200,200,200,200
389914,0,30,1,2,0,1,0,12,0,0,0,200,200,1,8,200,5,200,0,200,200
389914,0,30,1,2,0,1,0,12,0,0,0,200,200,0,7,200,0,0,0,200,200
389916,0,30,0,0,0,3,7,6,2,0,0,0,16,2,200,200,200,200,200,200,200
389919,0,25,1,2,0,1,0,12,0,0,200,6,7,0,7,0,5,0,0,200,200
389919,0,25,1,2,0,1,0,12,0,0,200,6,7,1,6,0,0,0,0,200,200
389919,1,25,1,2,0,1,0,12,0,0,200,6,7,1,9,0,200,200,200,200,200
389922,0,25,0,0,0,1,7,6,0,0,0,0,0,2,200,200,200,200,200,200,200
389923,0,20,2,0,0,1,7,6,0,0,0,200,200,2,200,200,200,200,200,200,200
389927,0,30,0,0,0,0,10,3,0,0,200,21,200,0,200,200,4,200,200,200,200
389927,0,30,0,0,0,0,10,3,0,0,200,21,200,1,6,0,0,0,200,200,200
389927,1,30,0,0,0,0,10,3,0,0,200,21,200,0,200,200,200,200,200,200,200
389927,1,30,0,0,0,0,10,3,0,0,200,21,200,0,200,200,200,200,200,200,200
389946,0,30,0,200,0,3,5,5,0,0,0,0,200,2,200,200,200,200,200,200,200
389946,3,30,0,200,0,3,5,5,0,0,0,0,200,0,7,7,0,200,0,200,200
389948,0,30,0,0,0,1,12,5,0,0,0,17,17,1,200,200,1,0,0,200,200
389948,0,30,0,0,0,1,12,5,0,0,0,17,17,1,6,0,0,0,0,200,200
389951,0,30,0,0,0,3,5,4,0,0,0,0,200,2,200,200,200,200,200,200,200
389951,3,30,0,0,0,3,5,4,0,0,0,0,200,0,7,7,0,200,0,200,200
389963,0,30,1,2,0,1,8,5,0,0,0,17,200,0,200,200,1,200,200,200,200
389963,4,30,1,2,0,1,8,5,0,0,0,17,200,0,7,7,0,0,0,200,200
389964,0,30,1,2,0,1,14,6,0,0,0,0,0,1,9,0,200,0,0,200,200
389964,0,30,1,2,0,1,14,6,0,0,0,0,0,1,9,0,0,0,0,200,200
389974,0,35,1,200,200,3,9,5,2,200,200,17,0,2,200,200,1,200,200,200,200
389974,5,35,1,200,200,3,9,5,2,200,200,17,0,1,7,200,200,0,0,200,200
389976,0,30,0,0,0,1,7,2,0,0,0,0,0,2,200,200,200,200,200,200,200
389978,0,30,1,2,200,3,10,5,0,200,200,0,0,0,200,200,12,200,200,200,200
389978,0,30,1,2,200,3,10,5,0,200,200,0,0,0,6,200,0,200,0,200,200
389984,0,30,0,0,0,1,10,2,0,200,200,0,0,1,6,200,200,200,200,200,200
389984,0,30,0,0,0,1,10,2,0,200,200,0,0,1,5,0,0,0,0,200,200
389984,1,30,0,0,0,1,10,2,0,200,200,0,0,1,200,0,200,200,200,200,200
389984,1,30,0,0,0,1,10,2,0,200,200,0,0,1,200,0,200,200,200,200,200
389984,1,30,0,0,0,1,10,2,0,200,200,0,0,0,200,0,200,200,200,200,200
389984,1,30,0,0,0,1,10,2,0,200,200,0,0,1,200,0,200,200,200,200,200
389984,1,30,0,0,0,1,10,2,0,200,200,0,0,1,200,0,200,200,200,200,200
389989,0,30,2,2,0,1,0,12,0,0,0,17,0,0,7,0,1,0,0,200,200
389989,0,30,2,2,0,1,0,12,0,0,0,17,0,0,6,0,0,0,0,200,200
389992,0,25,0,0,200,200,7,5,0,200,200,22,200,2,200,200,2,200,200,200,200
389998,0,30,1,2,0,1,10,5,0,0,200,0,20,2,200,200,6,200,200,200,200
389998,0,30,1,2,0,1,10,5,0,0,200,0,20,1,6,0,200,200,0,200,200
390008,0,30,1,2,0,1,10,5,0,0,0,33,200,1,5,200,12,0,0,200,200
390008,0,30,1,2,0,1,10,5,0,0,0,33,200,1,6,200,0,0,0,200,200
390008,0,30,1,2,0,1,10,5,0,0,0,33,200,0,5,200,0,0,0,200,200
390009,0,40,0,0,0,1,12,3,0,0,0,21,11,2,200,200,200,200,200,200,200
390009,0,40,0,0,0,1,12,3,0,0,0,21,11,0,7,0,0,0,0,200,200
390020,0,30,0,0,0,4,7,2,0,0,0,0,0,2,200,200,200,200,200,200,200
390021,0,30,1,2,0,1,14,6,0,0,0,0,0,1,200,200,200,200,200,200,200
390021,0,30,1,2,0,1,14,6,0,0,0,0,0,1,6,0,0,0,0,200,200
390021,1,30,1,2,0,1,14,6,0,0,0,0,0,0,3,0,200,200,200,200,200
390022,0,35,1,2,0,1,10,5,0,0,0,18,11,0,4,0,3,0,0,200,200
390022,0,35,1,2,0,1,10,5,0,0,0,18,11,0,7,0,0,0,0,200,200
390024,0,30,0,0,0,3,9,2,0,0,0,0,0,2,200,200,200,200,200,200,200
390024,5,30,0,0,0,3,9,2,0,0,0,0,0,0,6,7,200,200,0,200,200
390027,0,30,1,2,0,3,14,5,0,0,0,23,23,0,5,0,12,0,0,200,200
390027,0,30,1,2,0,3,14,5,0,0,0,23,23,1,5,0,0,0,0,200,200
390037,0,30,2,2,0,1,0,5,0,0,0,17,200,1,9,0,1,0,0,200,200
390037,0,30,2,2,0,1,0,5,0,0,0,17,200,1,6,0,0,0,0,200,200
390039,0,30,1,2,0,0,12,2,0,0,0,0,200,1,5,0,4,0,200,200,200
390039,0,30,1,2,0,0,12,2,0,0,0,0,200,1,7,0,0,0,200,200,200
390039,1,30,1,2,0,0,12,2,0,0,0,0,200,0,200,0,200,200,200,200,200
390039,1,30,1,2,0,0,12,2,0,0,0,0,200,1,3,0,200,200,200,200,200
390048,0,30,2,2,0,1,10,6,0,0,0,20,200,0,5,0,6,200,0,200,200
390048,0,30,2,2,0,1,10,6,0,0,0,20,200,1,7,0,0,0,0,200,200
390050,0,20,2,2,0,1,0,5,0,0,0,0,0,0,6,200,200,200,0,200,200
390050,0,20,2,2,0,1,0,5,0,0,0,0,0,1,5,200,200,200,0,200,200
390050,1,20,2,2,0,1,0,5,0,0,0,0,0,0,5,200,200,200,200,200,200
390064,0,25,2,0,0,1,14,5,0,0,0,5,23,0,5,200,1,200,200,200,200
390064,0,25,2,0,0,1,14,5,0,0,0,5,23,1,5,0,0,0,0,200,200
390064,1,25,2,0,0,1,14,5,0,0,0,5,23,1,200,7,200,200,200,200,200
390081,0,30,0,0,200,200,7,6,0,200,0,0,200,2,200,200,200,200,200,200,200
390082,4,30,4,2,0,1,8,5,2,0,0,17,200,1,5,3,1,0,0,200,200
390082,0,30,4,2,0,1,8,5,2,0,0,17,200,0,6,0,0,0,0,200,200
390083,0,30,1,2,0,1,10,2,0,0,0,7,200,1,6,0,12,0,0,200,200
390083,0,30,1,2,0,1,10,2,0,0,0,7,200,0,6,0,0,0,0,200,200
390085,0,30,2,2,0,1,12,5,0,0,0,0,0,1,7,200,200,0,0,200,200
390085,0,30,2,2,0,1,12,5,0,0,0,0,0,0,6,200,15,0,0,200,200
390090,0,30,0,0,0,200,7,5,0,0,0,17,18,2,200,200,200,200,200,200,200
390091,0,30,1,2,0,1,10,5,0,0,0,11,200,0,4,200,12,0,0,200,200
390091,0,30,1,2,0,1,10,5,0,0,0,11,200,1,4,200,0,0,0,200,200
390091,0,30,1,2,0,1,10,5,0,0,0,11,200,1,6,200,0,0,0,200,200
390091,1,30,1,2,0,1,10,5,0,0,0,11,200,1,4,200,200,200,200,200,200
390094,0,30,0,0,0,1,7,2,0,0,0,0,200,1,6,0,0,0,0,200,200
390104,0,30,0,0,0,1,14,5,0,0,0,0,0,0,9,200,200,200,200,200,200
390104,0,30,0,0,0,1,14,5,0,0,0,0,0,1,6,200,200,200,200,200,200
390104,1,30,0,0,0,1,14,5,0,0,0,0,0,200,200,200,200,200,200,200,200
390104,1,30,0,0,0,1,14,5,0,0,0,0,0,0,9,200,200,200,200,200,200
390104,1,30,0,0,0,1,14,5,0,0,0,0,0,1,8,200,200,200,200,200,200
390104,1,30,0,0,0,1,14,5,0,0,0,0,0,1,2,5,200,200,200,200,200
390108,0,30,0,0,0,1,10,5,0,0,0,0,200,0,6,7,0,0,0,200,200
390108,0,30,0,0,0,1,10,5,0,0,0,0,200,1,200,7,0,0,0,200,200
390108,1,30,0,0,0,1,10,5,0,0,0,0,200,200,200,7,200,200,200,200,200
390108,1,30,0,0,0,1,10,5,0,0,0,0,200,200,200,0,200,200,200,200,200
390110,0,25,0,0,0,3,7,6,0,0,0,0,0,2,200,200,200,200,200,200,200
390112,0,30,0,0,0,1,7,5,0,0,0,0,0,2,200,200,200,200,200,200,200
390113,0,30,1,2,0,1,12,1,2,0,12,0,34,1,5,0,12,0,0,200,200
390113,0,30,1,2,0,1,12,1,2,0,12,0,34,0,5,0,0,0,0,200,200
390114,0,30,0,0,0,1,10,6,0,0,0,0,0,0,200,200,6,200,200,200,200
390114,0,30,0,0,0,1,10,6,0,0,0,0,0,1,200,0,200,200,200,200,200
390120,0,30,1,2,0,1,0,2,0,0,0,0,200,1,7,0,200,0,0,200,200
390120,0,30,1,2,0,1,0,2,0,0,0,0,200,0,9,0,0,0,0,200,200
390120,1,30,1,2,0,1,0,2,0,0,0,0,200,1,200,0,200,200,200,200,200
390120,1,30,1,2,0,1,0,2,0,0,0,0,200,1,7,0,200,200,200,200,200
390120,1,30,1,2,0,1,0,2,0,0,0,0,200,1,8,0,200,200,200,200,200
390121,0,20,0,0,0,1,7,5,0,0,0,17,200,2,200,200,200,200,200,200,200
390123,0,30,2,2,0,1,0,12,3,0,0,5,16,0,7,200,1,0,0,200,200
390123,0,30,2,2,0,1,0,12,3,0,0,5,16,1,6,0,0,0,0,200,200
390123,1,30,2,2,0,1,0,12,3,0,0,5,16,1,7,0,200,200,200,200,200
390123,1,30,2,2,0,1,0,12,3,0,0,5,16,0,2,0,200,200,200,200,200
390123,1,30,2,2,0,1,0,12,3,0,0,5,16,0,1,0,200,200,200,200,200
390123,1,30,2,2,0,1,0,12,3,0,0,5,16,0,5,0,200,200,200,200,200
390123,1,30,2,2,0,1,0,12,3,0,0,5,16,0,200,0,200,200,200,200,200
390123,1,30,2,2,0,1,0,12,3,0,0,5,16,1,200,0,200,200,200,200,200
390135,0,30,0,200,0,1,14,7,0,0,0,10,200,0,200,200,9,200,200,200,200
390135,0,30,0,200,0,1,14,7,0,0,0,10,200,0,200,0,0,12,0,200,200
390138,0,30,0,0,200,200,7,5,0,0,0,0,200,2,200,200,200,200,200,200,200
390145,0,30,1,2,0,2,14,1,0,0,0,11,200,0,8,0,6,0,0,200,200
390145,0,30,1,2,0,2,14,1,0,0,0,11,200,0,7,0,0,0,0,200,200
390147,0,30,0,0,0,1,5,5,0,0,0,0,200,1,7,0,0,0,0,200,200
390147,0,30,0,0,0,1,5,5,0,0,0,0,200,1,6,0,0,0,0,200,200
390147,1,30,0,0,0,1,5,5,0,0,0,0,200,0,5,0,200,200,200,200,200
390154,0,30,1,2,0,1,10,2,0,0,0,18,17,1,4,0,1,0,0,200,200
390154,0,30,1,2,0,1,10,2,0,0,0,18,17,1,6,0,0,0,0,200,200
390157,0,30,1,2,0,1,14,3,0,0,0,23,0,1,6,0,7,0,0,200,200
390157,0,30,1,2,0,1,14,3,0,0,0,23,0,1,7,0,0,0,0,200,200
390157,1,30,1,2,0,1,14,3,0,0,0,23,0,1,6,0,200,200,200,200,200
390157,1,30,1,2,0,1,14,3,0,0,0,23,0,0,7,0,200,200,200,200,200
390157,1,30,1,2,0,1,14,3,0,0,0,23,0,0,3,0,200,200,200,200,200
390158,0,30,0,0,0,1,12,3,0,0,0,0,0,1,200,200,200,200,200,200,200
390158,0,30,0,0,0,1,12,3,0,0,0,0,0,1,7,0,200,0,0,200,200
390160,0,30,0,0,0,3,7,6,0,0,200,0,20,0,200,200,200,200,200,200,200
390166,0,30,2,2,0,1,0,5,0,0,0,17,200,1,3,0,1,0,0,200,200
390166,0,30,2,2,0,1,0,5,0,0,0,17,200,0,6,200,200,0,0,200,200
390167,0,30,0,0,0,1,7,6,0,0,0,25,200,0,200,200,12,200,200,200,200
390167,1,30,0,0,0,1,7,6,0,0,0,25,200,2,200,200,200,200,200,200,200
390167,1,30,0,0,0,1,7,6,0,0,0,25,200,2,200,200,200,200,200,200,200
390167,1,30,0,0,0,1,7,6,0,0,0,25,200,2,200,200,200,200,200,200,200
390171,0,30,0,0,0,1,12,5,0,0,0,21,0,0,7,0,4,200,0,200,200
390171,0,30,0,0,0,1,12,5,0,0,0,21,0,0,7,0,1,200,0,200,200
390172,0,0,0,0,0,1,10,7,0,0,0,0,0,1,200,200,6,200,200,200,200
390172,0,0,0,0,0,1,10,7,0,0,0,0,0,0,4,0,0,0,0,200,200
390175,0,30,0,0,0,1,10,2,0,0,0,18,200,0,6,200,3,0,0,200,200
390175,0,30,0,0,0,1,10,2,0,0,0,18,200,0,5,7,0,0,0,200,200
390175,0,30,0,0,0,1,10,2,0,0,0,18,200,0,4,200,0,0,0,200,200
390175,1,30,0,0,0,1,10,2,0,0,0,18,200,1,200,200,200,200,200,200,200
390183,0,30,0,0,200,200,7,6,0,200,0,20,200,1,200,200,6,200,200,200,200
390184,0,30,1,2,0,1,10,5,0,200,200,18,18,0,6,200,3,200,200,200,200
390184,0,30,1,2,0,1,10,5,0,200,200,18,18,1,5,0,12,200,0,200,200
390184,0,30,1,2,0,1,10,5,0,200,200,18,18,0,5,0,12,200,0,200,200
390184,1,30,1,2,0,1,10,5,0,200,200,18,18,1,5,0,200,200,200,200,200
390191,0,20,0,0,0,1,7,5,0,0,0,0,0,2,200,200,200,200,200,200,200
390192,0,30,0,0,0,1,7,6,0,0,0,200,200,2,200,200,200,200,200,200,200
390194,0,30,1,2,0,1,0,3,0,0,0,0,0,0,5,0,200,0,0,200,200
390194,0,30,1,2,0,1,0,3,0,0,0,0,0,0,6,0,200,0,0,200,200
390194,1,30,1,2,0,1,0,3,0,0,0,0,0,1,5,0,200,200,200,200,200
390194,1,30,1,2,0,1,0,3,0,0,0,0,0,1,1,0,200,200,200,200,200
390194,1,30,1,2,0,1,0,3,0,0,0,0,0,1,2,0,200,200,200,200,200
390194,1,30,1,2,0,1,0,3,0,0,0,0,0,0,2,0,200,200,200,200,200
390194,1,30,1,2,0,1,0,3,0,0,0,0,0,1,6,0,200,200,200,200,200
390194,1,30,1,2,0,1,0,3,0,0,0,0,0,0,3,0,200,200,200,200,200
390196,0,30,2,0,0,1,0,5,0,0,0,17,200,1,7,200,1,0,0,200,200
390196,0,30,2,0,0,1,0,5,0,0,0,17,200,1,6,200,0,0,0,200,200
390199,0,30,0,0,0,1,2,0,0,0,0,16,200,0,9,200,8,0,0,200,200
390199,1,30,0,0,0,1,2,0,0,0,0,16,200,1,9,200,200,200,200,200,200
390201,0,30,0,0,0,0,10,2,0,0,0,0,0,0,200,200,200,200,200,200,200
390201,0,30,0,0,0,0,10,2,0,0,0,0,0,1,6,0,0,0,200,200,200
390201,1,30,0,0,0,0,10,2,0,0,0,0,0,0,2,0,200,200,200,200,200
390204,0,5,0,0,0,1,7,7,0,0,0,0,0,0,200,0,0,0,0,200,200
390204,1,5,0,0,0,1,7,7,0,0,0,0,0,0,200,0,200,200,200,200,200
390207,0,30,0,0,0,1,0,5,0,0,0,17,16,0,5,1,1,0,0,200,200
390207,0,30,0,0,0,1,0,5,0,0,0,17,16,0,0,0,0,0,0,200,200
390207,1,30,0,0,0,1,0,5,0,0,0,17,16,1,200,0,200,200,200,200,200
390210,0,30,1,2,0,1,12,5,0,0,0,17,22,0,200,200,4,200,200,200,200
390210,0,30,1,2,0,1,12,5,0,0,0,17,22,1,6,0,0,0,0,200,200
390210,1,30,1,2,0,1,12,5,0,0,0,17,22,1,200,5,200,200,200,200,200
390210,1,30,1,2,0,1,12,5,0,0,0,17,22,1,200,5,200,200,200,200,200
390211,0,20,0,0,0,1,11,5,0,0,0,12,25,2,200,200,12,200,200,200,200
390211,0,20,0,0,0,1,11,5,0,0,0,12,25,0,5,0,0,0,0,200,200
390212,0,30,1,2,0,1,12,5,0,0,0,17,200,1,200,200,4,200,200,200,200
390212,0,30,1,2,0,1,12,5,0,0,0,17,200,0,6,0,0,0,0,200,200
390214,0,30,1,2,0,1,12,3,0,0,0,0,0,0,6,200,7,200,200,200,200
390214,0,30,1,2,0,1,12,3,0,0,0,0,0,0,7,200,200,200,0,200,200
390230,0,30,1,2,0,1,0,5,0,0,0,6,6,0,7,0,5,0,0,200,200
390230,0,30,1,2,0,1,0,5,0,0,0,6,6,0,6,0,0,0,0,200,200
390230,1,30,1,2,0,1,0,5,0,0,0,6,6,1,5,0,200,200,200,200,200
390230,1,30,1,2,0,1,0,5,0,0,0,6,6,1,7,0,200,200,200,200,200
390230,1,30,1,2,0,1,0,5,0,0,0,6,6,1,5,0,200,200,200,200,200
390235,0,30,3,2,0,1,7,5,0,0,0,0,0,1,200,200,12,200,200,200,200
390254,0,30,1,2,0,1,10,2,0,0,0,7,200,1,5,0,12,0,0,200,200
390254,0,30,1,2,0,1,10,2,0,0,0,7,200,1,5,0,0,0,0,200,200
390254,0,30,1,2,0,1,10,2,0,0,0,7,200,0,6,0,0,0,0,200,200
390257,0,30,0,0,0,4,10,5,0,0,0,200,200,2,200,200,0,200,200,200,200
390257,0,30,0,0,0,4,10,5,0,0,0,200,200,0,5,0,0,0,0,200,200
390258,0,30,0,0,0,1,7,7,0,0,0,17,16,1,5,200,10,200,0,200,200
390258,1,30,0,0,0,1,7,7,0,0,0,17,16,1,200,1,200,200,200,200,200
390259,0,30,2,2,0,1,0,4,0,0,0,17,0,0,6,200,1,0,0,200,200
390259,0,30,2,2,0,1,0,4,0,0,0,17,0,0,6,2,0,0,0,200,200