RD_NO,PERSON_TYPE,POSTED_SPEED_LIMIT,TRAFFIC_CONTROL_DEVICE,DEVICE_CONDITION,WEATHER_CONDITION,LIGHTING_CONDITION,FIRST_CRASH_TYPE,TRAFFICWAY_TYPE,ALIGNMENT,ROADWAY_SURFACE_COND,ROAD_DEFECT,PRIM_CONTRIBUTORY_CAUSE,SEC_CONTRIBUTORY_CAUSE,SEX,AGE,SAFETY_EQUIPMENT,DRIVER_ACTION,DRIVER_VISION,PHYSICAL_CONDITION,BAC_RESULT VALUE,CELL_PHONE_USE
390261,0,30,0,0,0,1,7,6,0,0,0,0,0,2,200,200,200,200,200,200,200
390264,0,30,1,2,0,3,10,5,0,0,0,18,0,1,6,200,3,200,200,200,200
390264,0,30,1,2,0,3,10,5,0,0,0,18,0,1,6,200,0,0,0,200,200
390264,1,30,1,2,0,3,10,5,0,0,0,18,0,0,200,200,200,200,200,200,200
390264,1,30,1,2,0,3,10,5,0,0,0,18,0,1,200,200,200,200,200,200,200
390264,1,30,1,2,0,3,10,5,0,0,0,18,0,2,200,200,200,200,200,200,200
390264,1,30,1,2,0,3,10,5,0,0,0,18,0,2,200,200,200,200,200,200,200
390267,0,30,1,2,0,1,10,5,0,0,200,11,200,0,200,200,1,200,200,200,200
390267,0,30,1,2,0,1,10,5,0,0,200,11,200,1,5,0,0,0,0,200,200
390270,0,25,0,0,0,1,7,5,0,0,0,0,0,2,200,200,0,200,200,200,200
390271,0,30,0,0,0,1,7,7,0,0,200,0,0,2,200,200,200,200,200,200,200
390273,0,35,1,2,0,1,10,6,0,0,0,18,200,1,6,0,0,0,0,200,200
390273,0,35,1,2,0,1,10,6,0,0,0,18,200,0,200,200,3,200,200,200,200
390273,1,35,1,2,0,1,10,6,0,0,0,18,200,1,200,200,200,200,200,200,200
390277,0,30,0,0,0,1,7,5,0,0,0,0,200,0,6,200,200,200,200,200,200
390282,0,30,200,200,200,1,7,7,0,200,200,0,0,2,200,200,200,200,200,200,200
390283,0,30,1,2,0,1,14,5,1,0,0,23,0,0,8,0,7,200,0,200,200
390283,0,30,1,2,0,1,14,5,1,0,0,23,0,1,3,0,0,0,0,200,200
390284,0,30,0,0,0,1,8,3,0,0,0,13,13,0,5,0,12,0,0,200,200
390284,4,30,0,0,0,1,8,3,0,0,0,13,13,0,6,7,12,0,200,200,200
390286,0,20,0,0,0,0,7,5,0,0,200,0,0,1,200,200,200,200,200,200,200
390295,0,30,1,2,0,3,10,5,0,0,0,0,0,0,200,200,4,200,200,200,200
390295,0,30,1,2,0,3,10,5,0,0,0,0,0,0,7,0,0,0,0,200,200
390300,0,0,0,0,0,1,12,6,0,0,0,0,0,0,6,200,200,200,0,200,200
390300,0,0,0,0,0,1,12,6,0,0,0,0,0,1,6,200,0,0,0,200,200
390302,0,30,2,2,0,1,14,5,0,0,0,23,17,1,6,200,7,200,0,200,200
390302,0,30,2,2,0,1,14,5,0,0,0,23,17,0,5,0,0,0,0,200,200
390304,0,35,1,2,0,1,14,12,0,0,0,6,3,0,6,0,5,0,0,200,200
390304,0,35,1,2,0,1,14,12,0,0,0,6,3,0,4,0,12,0,0,200,200
390307,0,30,0,0,0,1,14,2,0,0,0,23,11,1,9,0,4,0,0,200,200
390307,0,30,0,0,0,1,14,2,0,0,0,23,11,0,6,0,0,0,0,200,200
390310,0,30,0,0,0,1,7,2,0,0,0,0,0,2,200,200,200,200,200,200,200
390311,0,30,2,2,0,1,12,6,0,0,0,0,200,1,200,200,200,200,200,200,200
390311,0,30,2,2,0,1,12,6,0,0,0,0,200,0,6,0,0,0,0,200,200
390311,1,30,2,2,0,1,12,6,0,0,0,0,200,1,5,0,200,200,200,200,200
390311,1,30,2,2,0,1,12,6,0,0,0,0,200,0,1,5,200,200,200,200,200
390311,1,30,2,2,0,1,12,6,0,0,0,0,200,1,1,5,200,200,200,200,200
390311,1,30,2,2,0,1,12,6,0,0,0,0,200,0,6,0,200,200,200,200,200
390312,0,30,0,0,0,1,7,7,0,0,0,200,200,1,200,200,200,200,200,200,200
390314,0,30,2,2,0,1,0,5,0,0,0,0,200,0,7,200,5,0,200,200,200
390314,0,30,2,2,0,1,0,5,0,0,0,0,200,1,5,0,0,0,0,200,200
390319,0,30,0,0,0,1,12,5,0,200,200,0,200,1,6,200,4,0,0,200,200
390319,0,30,0,0,0,1,12,5,0,200,200,0,200,1,4,200,0,0,0,200,200
390319,1,30,0,0,0,1,12,5,0,200,200,0,200,0,2,200,200,200,200,200,200
390319,1,30,0,0,0,1,12,5,0,200,200,0,200,1,6,200,200,200,200,200,200
390319,1,30,0,0,0,1,12,5,0,200,200,0,200,1,7,200,200,200,200,200,200
390325,0,15,0,0,0,1,7,7,0,0,0,23,16,1,200,200,7,200,200,200,200
390325,1,15,0,0,0,1,7,7,0,0,0,23,16,0,200,0,200,200,200,200,200
390325,1,15,0,0,0,1,7,7,0,0,0,23,16,0,200,5,200,200,200,200,200
390326,0,30,0,0,0,1,7,2,0,0,0,0,0,0,7,0,200,0,0,200,200
390326,1,30,0,0,0,1,7,2,0,0,0,0,0,200,200,200,200,200,200,200,200
390326,1,30,0,0,0,1,7,2,0,0,0,0,0,200,200,200,200,200,200,200,200
390326,1,30,0,0,0,1,7,2,0,0,0,0,0,200,200,200,200,200,200,200,200
390326,1,30,0,0,0,1,7,2,0,0,0,0,0,200,200,200,200,200,200,200,200
390326,1,30,0,0,0,1,7,2,0,0,0,0,0,200,200,200,200,200,200,200,200
390326,1,30,0,0,0,1,7,2,0,0,0,0,0,200,200,200,200,200,200,200,200
390326,1,30,0,0,0,1,7,2,0,0,0,0,0,200,200,200,200,200,200,200,200
390329,0,30,1,2,0,1,9,5,0,0,0,16,6,0,7,0,5,0,0,200,200
390329,5,30,1,2,0,1,9,5,0,0,0,16,6,0,5,7,0,0,0,200,200
390331,0,30,0,0,0,1,14,5,0,0,0,23,200,0,5,200,7,200,0,200,200
390331,0,30,0,0,0,1,14,5,0,0,0,23,200,0,6,0,0,200,0,200,200
390331,1,30,0,0,0,1,14,5,0,0,0,23,200,1,6,200,200,200,200,200,200
390331,1,30,0,0,0,1,14,5,0,0,0,23,200,1,0,200,200,200,200,200,200
390335,0,30,2,2,0,1,10,2,0,0,0,16,200,2,200,200,5,200,200,200,200
390335,0,30,2,2,0,1,10,2,0,0,0,16,200,1,6,0,0,0,0,200,200
390340,0,30,1,2,0,1,8,6,0,0,0,17,16,1,8,200,1,200,0,200,200
390340,4,30,1,2,0,1,8,6,0,0,0,17,16,0,2,200,0,200,0,200,200
390341,0,0,0,0,0,1,7,7,0,0,0,20,0,0,6,200,6,200,0,200,200
390348,0,30,1,2,0,1,14,5,0,0,200,0,200,1,6,200,1,200,200,200,200
390348,0,30,1,2,0,1,14,5,0,0,200,0,200,0,7,0,12,0,0,200,200
390351,0,30,1,2,0,1,10,2,0,0,0,0,0,0,5,0,200,200,0,200,200
390351,0,30,1,2,0,1,10,2,0,0,0,0,0,0,6,0,200,200,0,200,200
390356,0,30,0,0,0,0,10,5,0,0,0,17,0,1,6,0,1,0,0,200,200
390356,0,30,0,0,0,0,10,5,0,0,0,17,0,0,200,200,0,200,200,200,200
390368,0,30,0,0,0,1,10,2,0,0,0,7,16,0,5,200,12,12,0,200,200
390368,0,30,0,0,0,1,10,2,0,0,0,7,16,1,7,200,0,0,0,200,200
390368,1,30,0,0,0,1,10,2,0,0,0,7,16,0,200,200,200,200,200,200,200
390370,0,30,0,0,0,1,10,5,0,0,0,16,200,0,6,0,12,200,0,200,200
390370,0,30,0,0,0,1,10,5,0,0,0,16,200,1,5,0,0,200,0,200,200
390370,0,30,0,0,0,1,10,5,0,0,0,16,200,1,5,0,0,200,0,200,200
390370,0,30,0,0,0,1,10,5,0,0,0,16,200,0,7,0,0,200,0,200,200
390381,0,0,0,0,0,1,7,7,0,0,0,0,200,2,200,200,200,200,200,200,200
390383,0,30,1,0,0,1,10,5,0,0,0,18,200,0,5,0,3,0,0,200,200
390383,0,30,1,0,0,1,10,5,0,0,0,18,200,0,6,0,0,0,0,200,200
390383,1,30,1,0,0,1,10,5,0,0,0,18,200,0,7,0,200,200,200,200,200
390383,1,30,1,0,0,1,10,5,0,0,0,18,200,1,200,7,200,200,200,200,200
390385,0,10,0,0,0,1,7,7,0,0,200,0,0,1,8,0,10,200,0,200,200
390385,1,10,0,0,0,1,7,7,0,0,200,0,0,0,3,0,200,200,200,200,200
390387,0,0,0,0,0,1,0,7,0,200,200,0,0,1,6,200,200,200,200,200,200
390387,0,0,0,0,0,1,0,7,0,200,200,0,0,0,6,0,0,0,0,200,200
390390,0,30,1,2,0,1,10,3,0,0,0,18,0,2,200,200,3,200,200,200,200
390390,0,30,1,2,0,1,10,3,0,0,0,18,0,1,3,0,0,0,0,200,200
390391,0,30,0,0,0,1,10,3,0,0,0,18,18,0,200,200,3,200,200,200,200
390391,0,30,0,0,0,1,10,3,0,0,0,18,18,1,5,0,0,0,0,200,200
390391,1,30,0,0,0,1,10,3,0,0,0,18,18,0,200,200,200,200,200,200,200
390391,1,30,0,0,0,1,10,3,0,0,0,18,18,0,200,200,200,200,200,200,200
390392,0,30,1,2,0,1,14,5,0,0,0,0,0,1,6,0,0,0,0,200,200
390392,0,30,1,2,0,1,14,5,0,0,0,0,0,0,5,0,0,0,0,200,200
390394,0,0,0,0,0,4,12,2,0,0,0,0,0,0,9,200,200,0,0,200,200
390396,0,30,0,0,0,1,10,5,0,0,0,18,200,0,7,200,1,0,3,200,200
390396,0,30,0,0,0,1,10,5,0,0,0,18,200,1,6,200,0,0,0,200,200
390396,1,30,0,0,0,1,10,5,0,0,0,18,200,1,9,200,200,200,200,200,200
390402,0,15,0,0,0,1,2,0,0,0,0,0,0,2,200,200,200,200,200,200,200
390402,3,15,0,0,0,1,2,0,0,0,0,0,0,0,8,200,12,12,12,200,200
390407,0,30,4,0,0,1,10,2,0,0,0,18,18,0,200,200,3,0,0,200,200
390407,0,30,4,0,0,1,10,2,0,0,0,18,18,1,7,0,0,0,0,200,200
390409,0,30,0,0,0,1,10,7,0,0,0,0,0,1,200,200,200,200,200,200,200
390409,0,30,0,0,0,1,10,7,0,0,0,0,0,0,8,0,0,0,0,200,200
390412,0,30,0,0,0,1,10,5,0,0,0,18,0,0,200,200,200,200,200,200,200
390412,0,30,0,0,0,1,10,5,0,0,0,18,0,0,7,200,200,0,0,200,200
390426,0,30,1,2,0,1,10,5,0,0,0,0,0,0,200,0,3,0,0,200,200
390426,0,30,1,2,0,1,10,5,0,0,0,0,0,0,200,0,0,0,0,200,200
390427,0,30,1,2,0,1,10,5,0,0,0,0,0,1,200,200,3,0,0,200,200
390427,0,30,1,2,0,1,10,5,0,0,0,0,0,0,6,200,0,0,0,200,200
390429,0,30,1,1,0,1,12,5,0,0,0,22,200,0,5,0,2,0,0,200,200
390429,0,30,1,1,0,1,12,5,0,0,0,22,200,1,7,0,0,0,0,200,200
390429,1,30,1,1,0,1,12,5,0,0,0,22,200,1,7,0,200,200,200,200,200
390429,1,30,1,1,0,1,12,5,0,0,0,22,200,0,2,200,200,200,200,200,200
390429,1,30,1,1,0,1,12,5,0,0,0,22,200,1,2,200,200,200,200,200,200
390429,1,30,1,1,0,1,12,5,0,0,0,22,200,1,8,200,200,200,200,200,200
390431,0,30,0,0,0,1,10,7,0,0,0,200,200,0,4,0,0,0,0,200,200
390431,0,30,0,0,0,1,10,7,0,0,0,200,200,1,6,0,0,0,0,200,200
390433,0,30,2,2,0,1,10,6,0,0,200,0,200,0,6,200,200,200,200,200,200
390433,0,30,2,2,0,1,10,6,0,0,200,0,200,0,6,200,200,200,0,200,200
390436,0,30,1,2,0,3,14,3,0,0,0,17,0,1,7,0,1,0,0,200,200
390436,0,30,1,2,0,3,14,3,0,0,0,17,0,0,7,0,0,0,0,200,200
390436,1,30,1,2,0,3,14,3,0,0,0,17,0,0,6,0,200,200,200,200,200
390436,1,30,1,2,0,3,14,3,0,0,0,17,0,0,200,0,200,200,200,200,200
390440,0,30,0,0,0,1,2,5,0,0,0,0,0,0,6,200,1,200,0,200,200
390440,1,30,0,0,0,1,2,5,0,0,0,0,0,1,200,200,200,200,200,200,200
390444,0,15,200,200,0,0,10,5,0,0,0,0,0,0,7,200,3,0,0,200,200
390444,0,15,200,200,0,0,10,5,0,0,0,0,0,0,5,200,0,0,0,200,200
390445,0,30,0,0,0,1,12,2,0,200,200,17,17,1,200,200,1,200,200,200,200
390445,0,30,0,0,0,1,12,2,0,200,200,17,17,1,6,0,12,200,0,200,200
390445,1,30,0,0,0,1,12,2,0,200,200,17,17,1,3,0,200,200,200,200,200
390447,0,20,0,0,0,1,8,5,0,0,0,17,0,0,8,0,1,0,1,200,200
390447,4,20,0,0,0,1,8,5,0,0,0,17,0,0,2,2,0,0,7,200,200
390451,0,45,0,0,0,3,10,3,3,200,200,0,200,2,200,200,1,200,200,200,200
390451,0,45,0,0,0,3,10,3,3,200,200,0,200,1,5,0,0,200,0,200,200
390460,0,0,2,2,0,1,10,2,0,0,0,18,0,0,200,200,3,200,200,200,200
390460,0,0,2,2,0,1,10,2,0,0,0,18,0,0,6,200,0,0,0,200,200
390461,0,35,0,0,0,1,7,2,0,0,0,0,27,2,200,200,200,200,200,200,200
390462,0,30,2,2,0,1,0,5,0,0,0,12,12,1,6,0,1,200,0,200,200
390462,0,30,2,2,0,1,0,5,0,0,0,12,12,0,5,0,12,200,0,200,200
390462,1,30,2,2,0,1,0,5,0,0,0,12,12,1,2,0,200,200,200,200,200
390468,0,30,1,200,200,200,14,5,0,200,200,0,0,1,0,200,7,200,200,200,200
390468,0,30,1,200,200,200,14,5,0,200,200,0,0,1,6,0,0,0,0,200,200
390468,1,30,1,200,200,200,14,5,0,200,200,0,0,1,200,200,200,200,200,200,200
390470,0,30,2,2,0,1,0,2,0,0,0,17,16,0,5,0,1,0,0,200,200
390470,0,30,2,2,0,1,0,2,0,0,0,17,16,0,5,0,0,0,0,200,200
390476,0,30,0,0,200,200,7,5,0,200,0,0,200,2,200,200,200,200,200,200,200
390480,0,30,0,0,0,0,14,5,0,0,0,17,200,0,6,200,1,200,200,200,200
390480,0,30,0,0,0,0,14,5,0,0,0,17,200,0,7,0,0,0,0,200,200
390486,0,20,0,0,0,1,10,6,0,0,0,20,200,2,200,200,6,200,200,200,200
390486,0,20,0,0,0,1,10,6,0,0,0,20,200,0,6,200,0,200,0,200,200
390491,0,15,0,0,0,1,7,7,0,0,0,0,0,1,200,200,6,200,200,200,200
390491,1,15,0,0,0,1,7,7,0,0,0,0,0,0,7,200,200,200,200,200,200
390498,0,30,1,2,0,1,10,5,0,0,0,18,200,0,5,200,3,0,0,200,200
390498,0,30,1,2,0,1,10,5,0,0,0,18,200,0,6,0,0,0,0,200,200
390498,1,30,1,2,0,1,10,5,0,0,0,18,200,0,200,200,200,200,200,200,200
390498,1,30,1,2,0,1,10,5,0,0,0,18,200,0,200,200,200,200,200,200,200
390501,0,30,0,0,0,1,7,3,0,0,0,11,11,0,7,200,200,0,0,200,200
390505,0,30,1,2,0,1,10,5,0,0,0,18,200,1,5,200,3,0,0,200,200
390505,0,30,1,2,0,1,10,5,0,0,0,18,200,1,6,0,0,0,0,200,200
390508,0,15,0,0,0,1,10,7,0,0,0,17,0,1,6,200,1,200,0,200,200
390508,0,15,0,0,0,1,10,7,0,0,0,17,0,0,8,0,0,0,0,200,200
390511,0,30,0,0,0,1,10,5,0,0,0,18,7,0,6,0,3,0,0,200,200
390511,0,30,0,0,0,1,10,5,0,0,0,18,7,0,6,0,0,0,0,200,200
390513,0,10,0,0,0,1,7,7,0,200,200,20,20,0,7,0,6,200,0,200,200
390517,0,25,0,0,0,1,7,5,0,0,0,0,0,1,200,200,12,200,200,200,200
390520,0,35,0,0,0,1,14,3,0,0,0,17,33,1,6,0,7,1,0,200,200
390520,0,35,0,0,0,1,14,3,0,0,0,17,33,1,8,0,0,0,0,200,200
390524,0,15,0,0,0,1,14,7,0,0,0,0,200,0,200,200,200,200,200,200,200
390524,0,15,0,0,0,1,14,7,0,0,0,0,200,0,6,0,0,0,0,200,200
390524,1,15,0,0,0,1,14,7,0,0,0,0,200,1,200,200,200,200,200,200,200
390524,1,15,0,0,0,1,14,7,0,0,0,0,200,1,200,200,200,200,200,200,200
390528,0,30,0,0,0,1,10,5,0,0,0,18,0,0,5,0,3,0,0,200,200
390528,0,30,0,0,0,1,10,5,0,0,0,18,0,0,5,0,0,0,0,200,200
390530,0,30,1,2,0,1,14,3,0,0,0,17,23,0,6,200,7,0,0,200,200
390530,0,30,1,2,0,1,14,3,0,0,0,17,23,1,5,200,0,0,0,200,200
390530,1,30,1,2,0,1,14,3,0,0,0,17,23,1,5,200,200,200,200,200,200
390530,1,30,1,2,0,1,14,3,0,0,0,17,23,0,8,200,200,200,200,200,200
390530,1,30,1,2,0,1,14,3,0,0,0,17,23,0,0,200,200,200,200,200,200
390530,1,30,1,2,0,1,14,3,0,0,0,17,23,0,2,200,200,200,200,200,200
390530,1,30,1,2,0,1,14,3,0,0,0,17,23,0,1,200,200,200,200,200,200
390530,1,30,1,2,0,1,14,3,0,0,0,17,23,1,0,200,200,200,200,200,200
390535,0,30,0,0,0,1,12,5,0,0,0,23,200,1,5,0,1,0,0,200,200
390535,0,30,0,0,0,1,12,5,0,0,0,23,200,1,5,0,0,0,0,200,200
390540,0,25,2,2,0,1,14,6,0,0,0,18,10,0,200,200,3,200,200,200,200
390540,0,25,2,2,0,1,14,6,0,0,0,18,10,1,6,200,0,0,0,200,200
390545,0,30,1,2,0,1,9,2,0,0,0,17,0,0,6,200,1,0,0,200,200
390545,5,30,1,2,0,1,9,2,0,0,0,17,0,0,8,7,0,0,0,200,200
390545,1,30,1,2,0,1,9,2,0,0,0,17,0,1,5,200,200,200,200,200,200
390545,1,30,1,2,0,1,9,2,0,0,0,17,0,1,0,5,200,200,200,200,200
390547,0,45,0,0,0,1,10,3,0,0,200,18,0,0,6,200,3,0,0,200,200
390547,0,45,0,0,0,1,10,3,0,0,200,18,0,0,6,0,0,0,0,200,200
390547,1,45,0,0,0,1,10,3,0,0,200,18,0,1,7,0,200,200,200,200,200
390550,0,30,1,2,0,1,2,5,0,0,0,16,11,0,6,200,7,0,0,200,200
390551,0,30,0,0,2,1,12,6,0,0,0,17,16,1,200,200,1,0,0,200,200
390551,0,30,0,0,2,1,12,6,0,0,0,17,16,0,200,0,0,0,0,200,200
390555,0,30,200,200,0,1,10,5,2,0,0,25,25,2,200,200,13,200,200,200,200
390555,0,30,200,200,0,1,10,5,2,0,0,25,25,1,6,200,0,0,0,200,200
390555,0,30,200,200,0,1,10,5,2,0,0,25,25,1,6,200,0,0,0,200,200
390555,0,30,200,200,0,1,10,5,2,0,0,25,25,0,7,0,0,0,0,200,200
390558,0,30,0,0,0,1,7,7,0,0,0,11,200,2,200,200,200,200,200,200,200
390559,0,0,2,2,0,1,10,5,0,0,0,0,0,0,5,200,200,200,0,200,200
390559,0,0,2,2,0,1,10,5,0,0,0,0,0,1,8,200,0,0,0,200,200
390560,0,30,12,0,0,1,9,2,0,0,0,17,200,0,6,200,6,0,0,200,200
390560,5,30,12,0,0,1,9,2,0,0,0,17,200,0,6,7,0,12,0,200,200
390567,0,30,0,0,0,1,2,3,0,0,0,13,13,0,7,7,12,12,0,200,200
390576,0,20,0,0,0,1,7,6,0,0,0,0,0,0,6,0,12,200,0,200,200
390577,0,30,1,2,0,1,14,5,0,0,0,23,200,0,4,0,7,0,0,200,200
390577,0,30,1,2,0,1,14,5,0,0,0,23,200,0,5,0,0,0,0,200,200
390577,1,30,1,2,0,1,14,5,0,0,0,23,200,1,200,7,200,200,200,200,200
390577,1,30,1,2,0,1,14,5,0,0,0,23,200,0,200,7,200,200,200,200,200
390577,1,30,1,2,0,1,14,5,0,0,0,23,200,1,200,7,200,200,200,200,200
390579,0,30,2,2,0,1,8,5,0,0,0,17,200,0,6,0,1,1,0,200,200
390579,4,30,2,2,0,1,8,5,0,0,0,17,200,0,5,7,0,0,0,200,200
390580,0,30,1,2,0,1,10,5,0,0,0,0,0,1,5,0,200,0,0,200,200
390580,0,30,1,2,0,1,10,5,0,0,0,0,0,0,6,0,0,0,0,200,200
390582,0,30,0,0,0,1,12,5,0,0,0,17,17,1,0,200,1,200,0,200,200
390582,0,30,0,0,0,1,12,5,0,0,0,17,17,0,5,200,0,12,0,200,200
390583,0,35,0,0,0,1,7,5,0,0,0,0,0,2,200,200,200,200,200,200,200
390595,0,20,1,2,0,1,10,2,0,0,200,18,18,0,200,200,3,200,200,200,200
390595,0,20,1,2,0,1,10,2,0,0,200,18,18,0,7,0,200,200,0,200,200
390600,0,35,1,2,0,1,0,2,0,0,0,17,0,0,4,0,1,200,200,200,200
390600,0,35,1,2,0,1,0,2,0,0,0,17,0,1,5,0,0,0,0,200,200
390601,0,30,0,0,0,200,7,2,0,0,200,200,200,2,200,200,200,200,200,200,200
390604,0,15,0,0,0,1,0,6,0,0,0,17,17,0,5,200,1,5,0,200,200
390604,0,15,0,0,0,1,0,6,0,0,0,17,17,1,6,200,0,0,0,200,200
390604,1,15,0,0,0,1,0,6,0,0,0,17,17,0,4,200,200,200,200,200,200
390606,0,30,0,0,0,4,12,5,0,0,0,17,200,0,4,0,1,0,0,200,200
390606,0,30,0,0,0,4,12,5,0,0,0,17,200,0,5,0,0,0,0,200,200
390614,0,35,0,0,0,1,12,6,0,0,0,7,0,0,6,0,12,0,0,200,200
390614,0,35,0,0,0,1,12,6,0,0,0,7,0,1,6,0,0,0,0,200,200
390614,1,35,0,0,0,1,12,6,0,0,0,7,0,0,6,0,200,200,200,200,200
390614,1,35,0,0,0,1,12,6,0,0,0,7,0,1,0,5,200,200,200,200,200
390614,1,35,0,0,0,1,12,6,0,0,0,7,0,0,200,200,200,200,200,200,200
390614,1,35,0,0,0,1,12,6,0,0,0,7,0,1,200,200,200,200,200,200,200
390615,0,25,0,0,0,1,0,5,0,0,0,17,0,0,200,200,1,200,200,200,200
390615,0,25,0,0,0,1,0,5,0,0,0,17,0,1,6,0,0,0,0,200,200
390622,0,30,0,0,0,1,12,5,0,0,0,0,0,1,6,0,1,0,0,200,200
390622,0,30,0,0,0,1,12,5,0,0,0,0,0,1,6,7,0,0,0,200,200
390623,0,30,0,0,0,1,12,6,0,0,0,18,16,1,6,200,3,0,0,200,200
390623,0,30,0,0,0,1,12,6,0,0,0,18,16,0,200,200,0,0,0,200,200
390630,0,30,0,0,0,1,10,5,0,0,0,18,0,0,200,200,3,200,200,200,200
390630,0,30,0,0,0,1,10,5,0,0,0,18,0,0,4,0,0,0,0,200,200
390630,1,30,0,0,0,1,10,5,0,0,0,18,0,0,4,0,200,200,200,200,200
390630,1,30,0,0,0,1,10,5,0,0,0,18,0,0,5,0,200,200,200,200,200
390630,1,30,0,0,0,1,10,5,0,0,0,18,0,0,5,0,200,200,200,200,200
390630,1,30,0,0,0,1,10,5,0,0,0,18,0,0,5,0,200,200,200,200,200
390633,0,30,0,0,0,4,12,2,0,0,0,18,18,0,200,200,3,200,200,200,200
390633,0,30,0,0,0,4,12,2,0,0,0,18,18,0,6,0,0,0,0,200,200
390633,1,30,0,0,0,4,12,2,0,0,0,18,18,200,6,0,200,200,200,200,200
390633,1,30,0,0,0,4,12,2,0,0,0,18,18,0,3,0,200,200,200,200,200
390641,0,35,0,0,0,1,0,5,0,0,0,17,0,0,8,200,1,200,200,200,200
390641,0,35,0,0,0,1,0,5,0,0,0,17,0,0,6,0,0,0,0,200,200
390641,1,35,0,0,0,1,0,5,0,0,0,17,0,0,6,0,200,200,200,200,200
390647,0,30,0,0,0,1,7,6,0,0,0,0,200,2,200,200,200,200,200,200,200
390651,0,30,0,0,0,1,8,3,0,0,0,18,200,0,200,200,3,200,200,200,200
390651,4,30,0,0,0,1,8,3,0,0,0,18,200,1,5,3,0,0,0,200,200
390656,0,25,0,0,0,4,7,12,0,0,0,27,0,0,8,0,12,0,0,200,200
390657,0,25,1,2,0,1,10,5,0,0,0,18,16,1,0,200,1,0,0,200,200
390657,0,25,1,2,0,1,10,5,0,0,0,18,16,1,6,200,0,0,0,200,200
390657,1,25,1,2,0,1,10,5,0,0,0,18,16,1,6,200,200,200,200,200,200
390661,0,30,1,2,0,1,10,6,2,0,0,16,0,0,0,7,12,12,0,200,200
390661,0,30,1,2,0,1,10,6,2,0,0,16,0,0,6,200,0,0,0,200,200
390661,0,30,1,2,0,1,10,6,2,0,0,16,0,1,4,200,0,0,0,200,200
390661,1,30,1,2,0,1,10,6,2,0,0,16,0,1,6,200,200,200,200,200,200
390661,1,30,1,2,0,1,10,6,2,0,0,16,0,1,1,200,200,200,200,200,200
390661,1,30,1,2,0,1,10,6,2,0,0,16,0,0,5,200,200,200,200,200,200
390668,0,30,200,200,0,2,7,7,0,200,200,0,200,2,200,200,200,200,200,200,200
390673,0,30,2,2,0,1,14,5,0,0,0,22,25,0,200,200,200,200,200,200,200
390673,0,30,2,2,0,1,14,5,0,0,0,22,25,0,6,0,12,0,0,200,200
390674,0,30,0,0,0,1,12,5,0,0,0,0,200,0,5,200,4,200,200,200,200
390674,0,30,0,0,0,1,12,5,0,0,0,0,200,1,7,0,0,0,0,200,200
390677,0,30,1,2,0,1,12,5,0,0,0,22,200,2,200,200,2,200,200,200,200
390677,0,30,1,2,0,1,12,5,0,0,0,22,200,1,7,0,0,0,0,200,200
390677,1,30,1,2,0,1,12,5,0,0,0,22,200,1,200,200,200,200,200,200,200
390677,1,30,1,2,0,1,12,5,0,0,0,22,200,0,200,200,200,200,200,200,200
390679,0,30,2,2,0,1,10,5,0,0,0,18,0,1,7,0,12,0,0,200,200
390679,0,30,2,2,0,1,10,5,0,0,0,18,0,1,6,0,0,0,0,200,200
390679,1,30,2,2,0,1,10,5,0,0,0,18,0,0,6,0,200,200,200,200,200
390679,1,30,2,2,0,1,10,5,0,0,0,18,0,0,0,5,200,200,200,200,200
390679,1,30,2,2,0,1,10,5,0,0,0,18,0,1,2,0,200,200,200,200,200
390679,1,30,2,2,0,1,10,5,0,0,0,18,0,0,2,0,200,200,200,200,200
390680,0,0,0,0,0,1,10,7,0,0,200,0,0,1,9,0,15,200,200,200,200
390680,0,0,0,0,0,1,10,7,0,0,200,0,0,1,7,0,200,200,200,200,200
390681,0,20,1,2,0,1,10,2,0,0,200,18,18,0,200,200,200,200,200,200,200
390681,0,20,1,2,0,1,10,2,0,0,200,18,18,1,5,0,0,200,0,200,200
390685,0,30,2,2,0,3,14,2,0,0,0,21,16,0,200,0,4,0,0,200,200
390685,0,30,2,2,0,3,14,2,0,0,0,21,16,0,6,0,0,0,0,200,200
390692,0,35,1,2,0,1,10,2,0,0,0,18,17,0,6,0,3,0,0,200,200
390692,0,35,1,2,0,1,10,2,0,0,0,18,17,0,7,0,0,0,0,200,200
390692,0,35,1,2,0,1,10,2,0,0,0,18,17,1,6,0,0,0,0,200,200
390692,0,35,1,2,0,1,10,2,0,0,0,18,17,0,5,0,0,0,0,200,200
390692,1,35,1,2,0,1,10,2,0,0,0,18,17,1,7,0,200,200,200,200,200
390692,1,35,1,2,0,1,10,2,0,0,0,18,17,1,6,0,200,200,200,200,200
390692,1,35,1,2,0,1,10,2,0,0,0,18,17,0,3,0,200,200,200,200,200
390692,1,35,1,2,0,1,10,2,0,0,0,18,17,1,5,0,200,200,200,200,200
390692,1,35,1,2,0,1,10,2,0,0,0,18,17,0,0,5,200,200,200,200,200
390695,0,30,1,2,0,1,8,2,0,0,0,21,200,0,200,200,2,200,200,200,200