RD_NO,PERSON_TYPE,POSTED_SPEED_LIMIT,TRAFFIC_CONTROL_DEVICE,DEVICE_CONDITION,WEATHER_CONDITION,LIGHTING_CONDITION,FIRST_CRASH_TYPE,TRAFFICWAY_TYPE,ALIGNMENT,ROADWAY_SURFACE_COND,ROAD_DEFECT,PRIM_CONTRIBUTORY_CAUSE,SEC_CONTRIBUTORY_CAUSE,SEX,AGE,SAFETY_EQUIPMENT,DRIVER_ACTION,DRIVER_VISION,PHYSICAL_CONDITION,BAC_RESULT VALUE,CELL_PHONE_USE
390695,4,30,1,2,0,1,8,2,0,0,0,21,200,0,6,200,200,0,200,200,200
390711,0,30,2,2,0,0,0,6,0,0,200,17,0,2,200,200,1,200,200,200,200
390711,0,30,2,2,0,0,0,6,0,0,200,17,0,1,6,0,0,0,0,200,200
390712,0,30,0,0,0,1,7,5,0,0,0,200,200,0,7,0,0,0,0,200,200
390726,0,30,2,2,0,3,14,5,0,0,0,17,21,0,200,200,1,200,200,200,200
390726,0,30,2,2,0,3,14,5,0,0,0,17,21,0,6,0,0,0,0,200,200
390726,1,30,2,2,0,3,14,5,0,0,0,17,21,1,6,0,200,200,200,200,200
390726,1,30,2,2,0,3,14,5,0,0,0,17,21,200,200,200,200,200,200,200,200
390728,0,30,1,2,0,4,10,5,0,0,0,18,0,0,200,200,3,200,200,200,200
390728,0,30,1,2,0,4,10,5,0,0,0,18,0,1,6,0,0,0,0,200,200
390728,0,30,1,2,0,4,10,5,0,0,0,18,0,0,6,0,0,0,0,200,200
390728,1,30,1,2,0,4,10,5,0,0,0,18,0,1,200,200,200,200,200,200,200
390728,1,30,1,2,0,4,10,5,0,0,0,18,0,1,6,0,200,200,200,200,200
390728,1,30,1,2,0,4,10,5,0,0,0,18,0,1,2,0,200,200,200,200,200
390728,1,30,1,2,0,4,10,5,0,0,0,18,0,1,7,0,200,200,200,200,200
390728,1,30,1,2,0,4,10,5,0,0,0,18,0,0,3,0,200,200,200,200,200
390728,1,30,1,2,0,4,10,5,0,0,0,18,0,0,3,0,200,200,200,200,200
390728,1,30,1,2,0,4,10,5,0,0,0,18,0,1,2,0,200,200,200,200,200
390728,1,30,1,2,0,4,10,5,0,0,0,18,0,1,2,0,200,200,200,200,200
390728,1,30,1,2,0,4,10,5,0,0,0,18,0,1,1,0,200,200,200,200,200
390734,0,30,0,0,0,1,7,5,0,0,0,20,200,2,200,200,6,200,200,200,200
390741,0,25,0,0,0,4,7,5,0,0,0,11,0,1,4,200,6,0,0,200,200
390742,0,15,0,0,0,3,7,7,0,0,0,16,200,2,200,200,200,200,200,200,200
390747,0,20,2,2,0,3,8,5,0,0,0,17,0,0,7,200,200,0,0,200,200
390747,4,20,2,2,0,3,8,5,0,0,0,17,0,1,7,200,1,200,200,200,200
390751,0,35,1,2,0,0,0,5,0,0,0,0,0,0,7,0,5,0,0,200,200
390751,0,35,1,2,0,0,0,5,0,0,0,0,0,1,7,0,0,0,0,200,200
390751,1,35,1,2,0,0,0,5,0,0,0,0,0,0,4,0,200,200,200,200,200
390755,0,25,0,0,0,1,12,5,0,0,0,22,25,2,200,200,13,200,200,200,200
390755,0,25,0,0,0,1,12,5,0,0,0,22,25,0,5,0,0,0,0,200,200
390759,0,30,2,2,0,3,7,6,0,0,0,0,0,2,200,200,200,200,200,200,200
390764,0,30,1,2,0,3,0,2,0,0,0,17,23,0,5,200,7,0,0,200,200
390764,0,30,1,2,0,3,0,2,0,0,0,17,23,0,6,200,0,0,0,200,200
390764,0,30,1,2,0,3,0,2,0,0,0,17,23,0,6,0,0,0,0,200,200
390769,0,30,0,0,0,4,7,6,0,0,0,12,0,0,5,0,12,0,0,200,200
390774,0,30,0,0,0,4,12,5,0,0,0,16,0,0,200,200,12,200,200,200,200
390774,0,30,0,0,0,4,12,5,0,0,0,16,0,1,6,0,0,0,0,200,200
390778,0,30,200,200,200,200,12,6,0,200,200,25,0,1,200,200,2,200,200,200,200
390778,0,30,200,200,200,200,12,6,0,200,200,25,0,0,6,0,0,200,200,200,200
390778,1,30,200,200,200,200,12,6,0,200,200,25,0,200,200,0,200,200,200,200,200
390778,1,30,200,200,200,200,12,6,0,200,200,25,0,200,200,0,200,200,200,200,200
390788,0,30,1,200,0,3,10,5,0,200,200,200,200,0,7,200,200,200,200,200,200
390788,0,30,1,200,0,3,10,5,0,200,200,200,200,1,6,200,0,200,0,200,200
390805,0,30,0,0,0,0,11,7,0,0,0,20,0,1,200,0,6,0,0,200,200
390805,0,30,0,0,0,0,11,7,0,0,0,20,0,1,6,0,0,0,0,200,200
390806,0,25,0,0,0,3,10,2,0,0,0,8,16,1,5,0,3,0,0,200,200
390806,0,25,0,0,0,3,10,2,0,0,0,8,16,1,5,0,0,0,0,200,200
390809,0,30,1,2,0,3,12,5,0,0,0,0,0,0,200,200,200,200,200,200,200
390809,0,30,1,2,0,3,12,5,0,0,0,0,0,1,6,0,200,0,0,200,200
390817,0,30,1,2,0,3,12,2,0,0,0,22,200,0,200,200,4,200,200,200,200
390817,0,30,1,2,0,3,12,2,0,0,0,22,200,0,6,200,0,0,200,200,200
390817,1,30,1,2,0,3,12,2,0,0,0,22,200,0,7,200,200,200,200,200,200
390820,0,30,0,0,0,3,7,6,0,0,0,16,200,2,200,200,8,200,200,200,200
390822,0,30,2,2,0,3,0,5,0,0,0,0,200,0,6,200,200,0,0,200,200
390822,0,30,2,2,0,3,0,5,0,0,0,0,200,0,8,200,200,0,0,200,200
390822,1,30,2,2,0,3,0,5,0,0,0,0,200,1,6,200,200,200,200,200,200
390822,1,30,2,2,0,3,0,5,0,0,0,0,200,1,1,5,200,200,200,200,200
390825,0,30,0,0,0,3,14,5,0,0,0,17,23,0,6,200,0,0,0,200,200
390825,0,30,0,0,0,3,14,5,0,0,0,17,23,0,200,200,1,200,200,200,200
390826,0,30,0,0,0,3,9,5,0,0,0,200,200,1,6,200,12,0,0,200,200
390826,5,30,0,0,0,3,9,5,0,0,0,200,200,0,7,7,12,0,0,200,200
390826,1,30,0,0,0,3,9,5,0,0,0,200,200,1,7,0,200,200,200,200,200
390829,0,30,0,0,0,3,7,5,0,0,0,21,200,0,3,200,8,0,0,200,200
390829,1,30,0,0,0,3,7,5,0,0,0,21,200,0,200,200,200,200,200,200,200
390838,0,35,0,0,0,3,11,12,0,0,200,0,200,2,200,200,200,200,200,200,200
390838,0,35,0,0,0,3,11,12,0,0,200,0,200,1,7,200,200,200,0,200,200
390842,0,30,1,2,0,3,14,2,0,0,0,17,16,0,5,200,1,0,0,200,200
390842,0,30,1,2,0,3,14,2,0,0,0,17,16,1,5,200,0,0,0,200,200
390842,1,30,1,2,0,3,14,2,0,0,0,17,16,1,7,200,200,200,200,200,200
390843,0,25,0,0,0,3,7,5,0,0,0,20,21,0,6,200,6,200,200,200,200
390846,0,30,0,0,0,3,7,6,0,0,0,0,11,1,5,0,7,200,0,200,200
390849,0,30,1,200,200,200,10,2,0,200,200,18,200,1,200,200,3,200,200,200,200
390849,0,30,1,200,200,200,10,2,0,200,200,18,200,0,5,200,0,200,200,200,200
390863,0,30,1,2,0,4,10,5,0,0,200,0,0,1,200,200,12,200,200,200,200
390863,0,30,1,2,0,4,10,5,0,0,200,0,0,1,4,0,12,0,0,200,200
390863,1,30,1,2,0,4,10,5,0,0,200,0,0,0,200,0,200,200,200,200,200
390863,1,30,1,2,0,4,10,5,0,0,200,0,0,1,200,5,200,200,200,200,200
390868,0,30,0,0,0,3,7,2,0,0,0,16,200,2,200,200,200,200,200,200,200
390887,0,30,0,0,0,3,10,3,0,0,0,7,18,1,5,0,3,0,0,200,200
390887,0,30,0,0,0,3,10,3,0,0,0,7,18,1,7,0,0,0,0,200,200
390889,0,30,0,0,0,3,7,5,0,0,0,10,200,2,200,200,9,200,200,200,200
390899,0,20,1,2,0,3,10,5,0,0,200,0,0,0,5,200,200,200,200,200,200
390899,0,20,1,2,0,3,10,5,0,0,200,0,0,1,5,0,0,200,0,200,200
390899,1,20,1,2,0,3,10,5,0,0,200,0,0,0,200,200,200,200,200,200,200
390899,1,20,1,2,0,3,10,5,0,0,200,0,0,0,200,200,200,200,200,200,200
390899,1,20,1,2,0,3,10,5,0,0,200,0,0,0,200,200,200,200,200,200,200
390899,1,20,1,2,0,3,10,5,0,0,200,0,0,1,200,0,200,200,200,200,200
390900,0,30,0,0,0,3,7,7,0,0,200,27,0,0,200,200,12,200,200,200,200
390903,0,30,1,2,0,3,14,1,0,0,0,23,200,2,200,200,7,200,200,200,200
390903,0,30,1,2,0,3,14,1,0,0,0,23,200,0,4,200,0,0,0,200,200
390910,0,30,0,0,0,3,7,6,0,0,0,0,200,2,200,200,200,200,200,200,200
390917,0,30,0,0,0,3,7,6,0,0,0,0,11,2,200,200,200,200,200,200,200
390920,0,30,1,2,0,3,14,2,0,0,0,16,17,0,5,0,1,1,0,200,200
390920,0,30,1,2,0,3,14,2,0,0,0,16,17,1,4,0,0,1,0,200,200
390926,0,30,1,2,0,2,9,3,0,0,0,200,0,2,200,200,200,200,200,200,200
390926,5,30,1,2,0,2,9,3,0,0,0,200,0,1,8,1,5,12,0,200,200
390928,0,30,1,2,0,3,14,2,3,0,3,11,11,1,9,200,7,200,200,200,200
390928,0,30,1,2,0,3,14,2,3,0,3,11,11,0,5,0,0,200,0,200,200
390934,0,30,1,2,0,3,0,5,0,0,0,6,5,0,4,0,5,0,0,200,200
390934,0,30,1,2,0,3,0,5,0,0,0,6,5,0,200,200,5,200,200,200,200
390934,1,30,1,2,0,3,0,5,0,0,0,6,5,1,4,0,200,200,200,200,200
390958,0,30,1,2,0,3,10,3,0,0,0,0,0,1,5,0,1,0,0,200,200
390958,0,30,1,2,0,3,10,3,0,0,0,0,0,0,6,0,0,0,0,200,200
390958,1,30,1,2,0,3,10,3,0,0,0,0,0,1,6,0,200,200,200,200,200
390963,0,35,0,0,0,3,0,200,0,0,0,200,200,0,7,200,0,0,0,200,200
390963,0,35,0,0,0,3,0,200,0,0,0,200,200,1,4,200,200,0,0,200,200
390968,0,30,0,0,0,3,7,6,0,0,0,0,200,2,200,200,200,200,200,200,200
390987,0,30,1,2,0,1,10,5,0,0,200,0,0,0,6,200,200,200,200,200,200
390987,0,30,1,2,0,1,10,5,0,0,200,0,0,0,6,0,0,200,0,200,200
390989,0,30,0,0,0,3,7,3,0,0,0,0,0,2,200,200,200,200,200,200,200
390992,0,40,0,0,0,3,10,3,0,0,0,16,19,0,5,0,8,0,5,200,200
390992,0,40,0,0,0,3,10,3,0,0,0,16,19,0,6,0,0,0,0,200,200
390992,1,40,0,0,0,3,10,3,0,0,0,16,19,1,3,0,200,200,200,200,200
390992,1,40,0,0,0,3,10,3,0,0,0,16,19,1,4,0,200,200,200,200,200
390992,1,40,0,0,0,3,10,3,0,0,0,16,19,1,4,0,200,200,200,200,200
390992,1,40,0,0,0,3,10,3,0,0,0,16,19,1,4,0,200,200,200,200,200
390992,1,40,0,0,0,3,10,3,0,0,0,16,19,1,4,0,200,200,200,200,200
390996,0,25,0,0,0,3,7,1,0,0,0,21,12,1,6,0,4,0,200,200,200
391004,0,25,2,2,0,3,7,5,0,0,0,11,23,0,5,200,200,0,2,200,200
391008,0,35,1,2,0,3,10,3,0,0,0,18,200,2,200,200,200,200,200,200,200
391008,0,35,1,2,0,3,10,3,0,0,0,18,200,0,7,200,0,0,0,200,200
391008,1,35,1,2,0,3,10,3,0,0,0,18,200,0,200,200,200,200,200,200,200
391008,1,35,1,2,0,3,10,3,0,0,0,18,200,1,200,200,200,200,200,200,200
391019,0,35,0,0,0,3,2,2,0,0,0,25,200,2,200,200,12,0,200,200,200
391019,1,35,0,0,0,3,2,2,0,0,0,25,200,2,200,200,200,200,200,200,200
391040,0,30,200,200,200,200,0,5,0,200,200,0,0,1,6,0,200,0,200,200,200
391040,0,30,200,200,200,200,0,5,0,200,200,0,0,1,5,0,0,200,200,200,200
391047,0,30,1,2,0,3,10,5,0,0,0,15,0,1,200,200,8,200,200,200,200
391047,0,30,1,2,0,3,10,5,0,0,0,15,0,0,6,0,0,0,0,200,200
391047,1,30,1,2,0,3,10,5,0,0,0,15,0,0,200,200,200,200,200,200,200
391047,1,30,1,2,0,3,10,5,0,0,0,15,0,1,200,200,200,200,200,200,200
391047,1,30,1,2,0,3,10,5,0,0,0,15,0,0,200,200,200,200,200,200,200
391053,0,25,0,0,0,3,7,6,0,0,0,0,0,0,200,200,200,200,200,200,200
391064,0,30,2,2,0,3,0,5,0,0,0,5,17,2,200,200,1,200,200,200,200
391064,0,30,2,2,0,3,0,5,0,0,0,5,17,0,7,0,0,0,0,200,200
391064,1,30,2,2,0,3,0,5,0,0,0,5,17,1,5,0,200,200,200,200,200
391064,1,30,2,2,0,3,0,5,0,0,0,5,17,1,5,1,200,200,200,200,200
391064,1,30,2,2,0,3,0,5,0,0,0,5,17,0,5,200,200,200,200,200,200
391064,1,30,2,2,0,3,0,5,0,0,0,5,17,0,5,0,200,200,200,200,200
391069,0,15,0,0,0,0,2,0,0,0,0,11,0,1,6,200,12,0,1,200,200
391075,0,30,0,0,0,3,7,5,0,0,0,33,23,1,4,200,7,4,0,200,200
391077,0,30,1,2,0,3,10,5,0,0,200,0,200,0,200,200,200,200,200,200,200
391077,0,30,1,2,0,3,10,5,0,0,200,0,200,0,6,200,0,200,0,200,200
391088,0,35,0,0,0,0,7,5,0,0,0,0,0,2,200,200,200,200,200,200,200
391092,0,30,0,0,0,3,2,5,0,0,0,0,200,0,6,200,200,200,2,200,200
391107,0,30,1,2,6,2,14,5,0,0,0,17,200,0,5,0,1,0,0,200,200
391107,0,30,1,2,6,2,14,5,0,0,0,17,200,0,6,0,0,200,0,200,200
391107,1,30,1,2,6,2,14,5,0,0,0,17,200,0,6,0,200,200,200,200,200
391107,1,30,1,2,6,2,14,5,0,0,0,17,200,1,6,0,200,200,200,200,200
391109,0,30,2,2,0,1,0,2,0,0,0,5,200,1,6,0,1,0,0,200,200
391109,0,30,2,2,0,1,0,2,0,0,0,5,200,1,7,0,0,0,0,200,200
391111,0,30,0,0,0,1,0,6,0,0,0,20,200,0,6,0,6,0,0,200,200
391111,0,30,0,0,0,1,0,6,0,0,0,20,200,1,5,0,0,0,0,200,200
391115,0,35,0,0,0,1,12,3,3,0,0,14,21,1,200,200,200,200,200,200,200
391115,0,35,0,0,0,1,12,3,3,0,0,14,21,0,6,0,0,0,0,200,200
391116,0,30,1,2,6,1,14,1,0,0,0,17,200,0,6,0,1,0,0,200,200
391116,0,30,1,2,6,1,14,1,0,0,0,17,200,0,7,0,0,0,0,200,200
391121,0,30,1,2,0,1,2,2,0,0,0,14,200,0,5,7,8,200,0,200,200
391138,0,30,1,2,0,1,10,5,0,0,0,18,200,1,6,0,1,0,0,200,200
391138,0,30,1,2,0,1,10,5,0,0,0,18,200,1,5,0,0,0,0,200,200
391140,0,30,2,0,0,1,14,5,0,0,0,200,0,1,6,7,200,200,0,200,200
391140,0,30,2,0,0,1,14,5,0,0,0,200,0,0,6,200,0,200,0,200,200
391143,0,25,0,0,6,1,12,5,1,0,0,22,22,1,8,0,2,0,0,200,200
391143,0,25,0,0,6,1,12,5,1,0,0,22,22,0,6,0,0,0,0,200,200
391149,0,30,1,2,0,1,14,3,0,0,0,0,200,0,6,0,200,200,0,200,200
391149,0,30,1,2,0,1,14,3,0,0,0,0,200,0,7,0,200,0,0,200,200
391156,0,30,0,0,0,0,7,6,0,0,0,0,200,0,7,0,12,0,200,200,200
391157,0,30,1,2,0,1,10,6,0,0,0,18,0,0,5,200,12,200,0,200,200
391157,0,30,1,2,0,1,10,6,0,0,0,18,0,1,6,200,0,0,0,200,200
391157,1,30,1,2,0,1,10,6,0,0,0,18,0,1,6,200,200,200,200,200,200
391161,0,30,1,2,0,1,7,2,0,0,0,21,200,0,5,0,4,0,0,200,200
391162,0,35,0,0,0,1,12,2,0,0,0,21,200,1,200,200,4,200,200,200,200
391162,0,35,0,0,0,1,12,2,0,0,0,21,200,1,6,0,0,0,0,200,200
391169,0,35,0,0,0,1,12,5,0,0,0,22,200,1,200,200,2,200,200,200,200
391169,0,35,0,0,0,1,12,5,0,0,0,22,200,1,6,0,0,0,0,200,200
391183,0,30,1,2,0,1,0,2,0,0,0,0,200,2,200,200,7,200,200,200,200
391183,0,30,1,2,0,1,0,2,0,0,0,0,200,0,8,0,0,0,200,200,200
391185,0,20,2,2,200,200,7,5,0,0,0,0,0,2,200,200,200,200,200,200,200
391186,0,30,1,2,0,1,14,5,0,0,0,23,200,0,5,0,4,0,0,200,200
391186,0,30,1,2,0,1,14,5,0,0,0,23,200,0,7,0,0,0,0,200,200
391186,1,30,1,2,0,1,14,5,0,0,0,23,200,0,200,0,200,200,200,200,200
391190,0,30,0,0,0,1,7,5,0,0,0,0,200,2,200,200,200,200,200,200,200
391191,0,30,0,0,0,3,7,5,0,0,0,20,200,0,7,0,6,0,0,200,200
391193,0,30,0,0,200,200,7,5,0,200,200,0,200,2,200,200,200,200,200,200,200
391196,0,30,0,0,0,1,2,5,0,0,0,20,200,0,6,200,6,200,0,200,200
391199,0,30,0,0,0,1,7,5,0,0,0,0,0,2,200,200,200,200,200,200,200
391205,0,30,0,0,0,1,12,2,0,200,200,0,0,1,200,200,200,200,200,200,200
391205,0,30,0,0,0,1,12,2,0,200,200,0,0,1,0,0,0,0,0,200,200
391210,0,35,0,0,0,1,11,5,0,0,0,17,200,0,7,200,1,200,200,200,200
391210,0,35,0,0,0,1,11,5,0,0,0,17,200,0,7,0,0,0,0,200,200
391211,0,30,1,2,0,1,10,2,0,0,0,18,200,0,7,0,3,0,0,200,200
391211,0,30,1,2,0,1,10,2,0,0,0,18,200,0,6,0,0,0,0,200,200
391212,0,30,1,2,0,1,10,2,0,0,0,18,200,0,7,0,3,0,0,200,200
391212,0,30,1,2,0,1,10,2,0,0,0,18,200,0,5,0,200,0,0,200,200
391216,0,30,0,0,0,1,10,2,0,0,0,18,17,1,5,0,1,0,0,200,200
391216,0,30,0,0,0,1,10,2,0,0,0,18,17,1,6,200,0,0,0,200,200
391217,0,15,0,0,0,1,7,6,0,0,0,0,0,2,200,200,200,200,200,200,200
391218,0,30,1,2,0,1,10,5,0,0,0,0,18,0,200,200,3,0,0,200,200
391218,0,30,1,2,0,1,10,5,0,0,0,0,18,1,7,0,0,0,0,200,200
391221,0,25,1,2,0,1,0,12,0,0,0,0,200,1,6,0,200,0,0,200,200
391221,0,25,1,2,0,1,0,12,0,0,0,0,200,0,7,0,200,0,0,200,200
391221,5,25,1,2,0,1,0,12,0,0,0,0,200,0,6,7,200,200,7,200,200
391221,1,25,1,2,0,1,0,12,0,0,0,0,200,0,6,0,200,200,200,200,200
391222,0,30,2,2,0,1,10,2,0,0,0,11,0,0,6,0,12,0,0,200,200
391222,0,30,2,2,0,1,10,2,0,0,0,11,0,1,6,0,0,0,0,200,200
391225,0,25,0,0,200,200,7,5,0,200,0,0,0,2,200,200,200,200,200,200,200
391227,0,30,2,1,0,1,0,2,0,0,0,0,200,0,6,200,200,0,0,200,200
391227,0,30,2,1,0,1,0,2,0,0,0,0,200,0,200,0,200,0,0,200,200
391228,0,20,1,2,0,1,7,5,0,0,0,16,0,0,6,0,12,0,0,200,200
391233,0,30,2,2,0,1,10,2,0,0,0,18,0,2,200,200,200,200,200,200,200
391233,0,30,2,2,0,1,10,2,0,0,0,18,0,0,7,0,0,0,0,200,200
391239,0,30,0,0,0,1,12,5,0,0,0,17,17,1,5,0,1,0,0,200,200
391239,0,30,0,0,0,1,12,5,0,0,0,17,17,1,7,0,0,0,0,200,200
391240,0,30,1,2,0,1,10,2,0,0,0,18,16,0,7,0,3,0,0,200,200
391240,0,30,1,2,0,1,10,2,0,0,0,18,16,0,6,0,0,0,0,200,200
391244,0,25,0,0,0,1,7,5,0,0,0,17,200,2,200,200,1,200,200,200,200
391245,0,30,0,0,0,1,2,6,0,0,0,0,200,0,6,0,12,12,0,200,200
391246,0,25,1,2,0,1,10,5,0,0,0,0,0,0,200,200,200,200,200,200,200
391246,0,25,1,2,0,1,10,5,0,0,0,0,0,1,5,0,0,0,0,200,200
391246,1,25,1,2,0,1,10,5,0,0,0,0,0,1,1,0,200,200,200,200,200
391248,0,30,1,2,0,1,0,12,0,0,0,200,200,1,6,0,0,0,0,200,200
391248,0,30,1,2,0,1,0,12,0,0,0,200,200,1,6,0,0,0,0,200,200
391251,0,25,0,0,0,1,7,2,0,0,0,200,200,0,6,0,12,0,0,200,200
391256,0,30,1,2,0,1,14,5,0,0,0,0,0,0,5,0,7,0,0,200,200
391256,0,30,1,2,0,1,14,5,0,0,0,0,0,0,6,0,0,0,0,200,200
391257,0,30,0,0,0,3,7,6,0,0,0,0,0,2,200,200,200,200,200,200,200
391259,0,30,1,2,0,1,8,5,0,0,0,0,0,0,200,200,1,200,200,200,200
391259,4,30,1,2,0,1,8,5,0,0,0,0,0,1,3,200,0,0,0,200,200
391260,0,30,0,0,0,1,7,6,0,0,0,22,0,0,7,0,4,0,0,200,200
391262,0,30,0,0,0,1,12,5,0,0,200,16,22,0,200,200,8,200,200,200,200
391262,0,30,0,0,0,1,12,5,0,0,200,16,22,0,6,0,0,0,0,200,200
391263,0,30,1,2,0,1,14,2,0,0,0,17,17,0,6,0,12,0,0,200,200
391263,0,30,1,2,0,1,14,2,0,0,0,17,17,0,5,0,12,0,0,200,200
391269,0,30,1,2,0,1,0,5,0,0,0,6,17,0,200,200,1,200,200,200,200
391269,0,30,1,2,0,1,0,5,0,0,0,6,17,0,7,0,0,0,0,200,200
391272,0,25,0,0,0,1,0,6,0,0,0,17,200,1,6,200,1,0,0,200,200
391272,0,25,0,0,0,1,0,6,0,0,0,17,200,1,5,200,0,0,0,200,200
391272,1,25,0,0,0,1,0,6,0,0,0,17,200,0,6,200,200,200,200,200,200
391272,1,25,0,0,0,1,0,6,0,0,0,17,200,0,1,5,200,200,200,200,200
391272,1,25,0,0,0,1,0,6,0,0,0,17,200,0,2,0,200,200,200,200,200
391272,1,25,0,0,0,1,0,6,0,0,0,17,200,1,5,200,200,200,200,200,200
391276,0,30,0,0,0,1,7,5,0,0,0,0,21,0,200,200,200,200,200,200,200
391287,0,30,1,2,0,1,10,5,0,0,0,16,0,1,200,200,12,200,200,200,200
391287,0,30,1,2,0,1,10,5,0,0,0,16,0,1,6,0,12,0,0,200,200
391287,0,30,1,2,0,1,10,5,0,0,0,16,0,1,6,0,12,0,0,200,200
391287,1,30,1,2,0,1,10,5,0,0,0,16,0,0,1,5,200,200,200,200,200
391288,0,15,0,0,0,1,2,0,3,0,1,0,200,0,0,200,200,0,0,200,200
391289,0,30,3,2,0,1,12,5,0,0,0,0,0,1,6,0,200,0,0,200,200
391289,0,30,3,2,0,1,12,5,0,0,0,0,0,0,7,0,0,0,0,200,200
391289,1,30,3,2,0,1,12,5,0,0,0,0,0,1,200,0,200,200,200,200,200
391297,0,30,0,0,0,3,7,6,0,0,0,200,200,2,200,200,200,200,200,200,200
391302,0,30,1,2,0,1,14,5,0,0,0,11,200,0,7,200,7,0,0,200,200
391302,0,30,1,2,0,1,14,5,0,0,0,11,200,1,7,200,0,0,0,200,200
391302,1,30,1,2,0,1,14,5,0,0,0,11,200,1,200,200,200,200,200,200,200
391305,0,30,0,0,0,1,12,6,0,0,2,17,17,1,5,0,1,0,0,200,200
391305,0,30,0,0,0,1,12,6,0,0,2,17,17,1,5,0,0,0,0,200,200
391309,0,30,2,2,0,1,0,5,0,0,0,17,0,0,200,200,200,200,200,200,200
391309,0,30,2,2,0,1,0,5,0,0,0,17,0,1,7,0,1,0,0,200,200
391318,0,30,1,2,0,1,10,2,0,0,0,18,0,0,6,0,3,200,0,200,200
391318,0,30,1,2,0,1,10,2,0,0,0,18,0,0,5,0,0,200,0,200,200
391318,1,30,1,2,0,1,10,2,0,0,0,18,0,0,200,0,200,200,200,200,200
391323,0,0,0,0,0,1,7,4,0,0,0,20,200,0,7,200,6,0,0,200,200
391327,0,30,0,0,0,1,7,7,0,0,0,20,0,0,200,200,6,0,0,200,200
391339,0,30,0,0,0,1,12,3,0,0,0,21,0,1,6,0,4,0,0,200,200
391339,0,30,0,0,0,1,12,3,0,0,0,21,0,0,6,0,0,0,0,200,200
391341,0,25,0,0,0,1,7,6,0,0,0,0,0,2,200,200,200,200,200,200,200
391343,0,30,2,2,0,1,10,5,0,0,0,16,200,1,5,0,5,0,0,200,200
391343,0,30,2,2,0,1,10,5,0,0,0,16,200,0,5,0,0,0,0,200,200
391343,1,30,2,2,0,1,10,5,0,0,0,16,200,1,6,0,200,200,200,200,200
391349,0,30,0,0,0,1,10,5,0,0,0,0,0,1,4,200,200,200,200,200,200
391349,0,30,0,0,0,1,10,5,0,0,0,0,0,0,6,200,200,200,200,200,200
391349,1,30,0,0,0,1,10,5,0,0,0,0,0,1,6,200,200,200,200,200,200
391349,1,30,0,0,0,1,10,5,0,0,0,0,0,0,6,200,200,200,200,200,200
391351,0,15,0,0,0,1,0,7,0,0,0,0,0,0,200,200,200,200,200,200,200
391351,0,15,0,0,0,1,0,7,0,0,0,0,0,0,6,0,0,0,0,200,200
391354,0,30,1,2,0,1,12,2,0,0,0,0,0,0,200,200,12,200,200,200,200
391354,0,30,1,2,0,1,12,2,0,0,0,0,0,0,8,0,0,0,0,200,200
391361,0,20,0,0,0,1,0,6,0,0,0,20,0,0,5,0,0,0,0,200,200
391361,0,20,0,0,0,1,0,6,0,0,0,20,0,0,6,0,0,0,0,200,200
391373,0,0,0,0,0,1,0,5,0,0,0,11,200,0,5,200,1,5,0,200,200
391373,0,0,0,0,0,1,0,5,0,0,0,11,200,1,6,200,0,0,0,200,200
391373,1,0,0,0,0,1,0,5,0,0,0,11,200,0,2,200,200,200,200,200,200
391373,1,0,0,0,0,1,0,5,0,0,0,11,200,0,1,5,200,200,200,200,200
391376,0,30,1,2,0,1,12,2,0,0,0,11,11,0,9,0,12,0,0,200,200
391376,0,30,1,2,0,1,12,2,0,0,0,11,11,1,5,0,0,0,0,200,200
391376,1,30,1,2,0,1,12,2,0,0,0,11,11,1,200,0,200,200,200,200,200
391377,0,30,1,2,0,1,10,5,0,0,0,18,16,0,5,200,3,0,0,200,200
391377,0,30,1,2,0,1,10,5,0,0,0,18,16,0,8,200,0,0,0,200,200
391377,1,30,1,2,0,1,10,5,0,0,0,18,16,1,200,200,200,200,200,200,200
391378,0,40,0,0,0,1,12,5,0,0,0,22,0,0,200,200,12,200,200,200,200
391378,0,40,0,0,0,1,12,5,0,0,0,22,0,0,7,0,12,0,0,200,200
391378,1,40,0,0,0,1,12,5,0,0,0,22,0,0,200,0,200,200,200,200,200
391378,1,40,0,0,0,1,12,5,0,0,0,22,0,1,200,0,200,200,200,200,200
391379,0,20,0,0,0,1,10,6,0,0,0,18,0,0,7,0,0,0,0,200,200
391379,0,20,0,0,0,1,10,6,0,0,0,18,0,1,6,200,3,200,0,200,200
391381,0,30,1,2,0,1,14,1,0,0,0,23,200,2,200,200,7,200,200,200,200
391381,0,30,1,2,0,1,14,1,0,0,0,23,200,1,6,0,0,0,0,200,200
391383,0,30,2,2,0,1,14,5,0,0,0,0,0,1,6,200,200,200,200,200,200
391383,0,30,2,2,0,1,14,5,0,0,0,0,0,0,7,0,200,200,0,200,200
391383,1,30,2,2,0,1,14,5,0,0,0,0,0,2,200,200,200,200,200,200,200
391388,0,30,0,0,0,1,12,5,0,0,0,19,0,0,200,200,200,200,200,200,200
391388,0,30,0,0,0,1,12,5,0,0,0,19,0,0,7,200,200,200,0,200,200
391389,0,30,0,0,0,1,10,2,0,0,0,20,0,1,6,0,6,0,0,200,200