RD_NO,PERSON_TYPE,POSTED_SPEED_LIMIT,TRAFFIC_CONTROL_DEVICE,DEVICE_CONDITION,WEATHER_CONDITION,LIGHTING_CONDITION,FIRST_CRASH_TYPE,TRAFFICWAY_TYPE,ALIGNMENT,ROADWAY_SURFACE_COND,ROAD_DEFECT,PRIM_CONTRIBUTORY_CAUSE,SEC_CONTRIBUTORY_CAUSE,SEX,AGE,SAFETY_EQUIPMENT,DRIVER_ACTION,DRIVER_VISION,PHYSICAL_CONDITION,BAC_RESULT VALUE,CELL_PHONE_USE
391389,0,30,0,0,0,1,10,2,0,0,0,20,0,1,200,200,0,200,200,200,200
391390,0,30,0,0,0,1,7,6,0,0,0,20,20,1,200,200,6,0,0,200,200
391396,0,30,2,2,0,1,10,5,0,0,200,0,0,0,200,200,12,200,200,200,200
391396,0,30,2,2,0,1,10,5,0,0,200,0,0,0,7,200,0,200,0,200,200
391402,0,30,1,2,0,1,14,1,0,0,0,17,200,0,5,0,1,200,0,200,200
391402,0,30,1,2,0,1,14,1,0,0,0,17,200,0,6,0,1,200,0,200,200
391407,0,35,0,0,0,1,10,3,0,0,0,18,0,0,5,7,3,0,0,200,200
391407,0,35,0,0,0,1,10,3,0,0,0,18,0,1,6,7,0,0,0,200,200
391408,0,30,0,0,0,200,7,2,0,0,0,0,200,2,200,200,200,200,200,200,200
391409,0,30,0,0,0,1,10,5,0,0,0,0,200,1,5,200,200,200,0,200,200
391409,0,30,0,0,0,1,10,5,0,0,0,0,200,1,8,200,200,200,0,200,200
391410,0,25,1,2,0,1,12,5,0,0,0,17,200,0,6,200,1,200,200,200,200
391410,0,25,1,2,0,1,12,5,0,0,0,17,200,1,5,0,0,0,0,200,200
391413,0,30,0,0,0,1,12,6,0,0,0,0,200,1,5,0,200,0,0,200,200
391413,0,30,0,0,0,1,12,6,0,0,0,0,200,0,6,200,200,200,0,200,200
391413,1,30,0,0,0,1,12,6,0,0,0,0,200,0,5,0,200,200,200,200,200
391420,0,30,2,2,0,1,0,5,0,0,0,200,200,0,7,200,200,0,0,200,200
391420,0,30,2,2,0,1,0,5,0,0,0,200,200,0,6,200,0,0,0,200,200
391423,0,30,1,2,0,1,12,5,0,0,0,0,0,0,8,200,200,0,0,200,200
391423,0,30,1,2,0,1,12,5,0,0,0,0,0,0,5,200,200,0,0,200,200
391427,0,30,0,0,0,1,14,12,0,0,0,0,0,0,5,200,200,200,0,200,200
391427,0,30,0,0,0,1,14,12,0,0,0,0,0,1,6,0,200,0,0,200,200
391429,0,30,0,0,0,1,12,3,0,0,0,0,0,2,200,200,200,200,200,200,200
391429,0,30,0,0,0,1,12,3,0,0,0,0,0,0,8,0,0,0,0,200,200
391440,0,20,0,0,0,1,7,7,0,0,200,0,0,2,200,200,200,200,200,200,200
391448,0,30,0,0,0,1,10,2,0,0,0,18,200,0,200,200,3,200,200,200,200
391448,0,30,0,0,0,1,10,2,0,0,0,18,200,1,6,0,0,0,0,200,200
391449,0,30,0,0,0,1,10,2,0,0,0,18,200,0,7,0,3,0,0,200,200
391449,0,30,0,0,0,1,10,2,0,0,0,18,200,0,7,0,0,0,0,200,200
391451,0,30,0,0,0,1,2,5,0,0,0,11,0,0,5,0,12,0,0,200,200
391451,1,30,0,0,0,1,2,5,0,0,0,11,0,1,5,0,200,200,200,200,200
391456,0,30,0,0,200,200,0,12,0,200,200,0,0,1,200,200,200,200,200,200,200
391456,0,30,0,0,200,200,0,12,0,200,200,0,0,1,5,0,0,0,0,200,200
391456,1,30,0,0,200,200,0,12,0,200,200,0,0,1,6,0,200,200,200,200,200
391458,0,30,0,0,0,1,7,5,0,0,0,0,0,0,200,200,0,200,200,200,200
391462,0,5,10,2,0,1,2,7,0,0,0,7,200,1,7,0,10,0,0,200,200
391467,0,35,1,2,0,1,10,5,0,0,12,18,18,0,200,200,3,200,200,200,200
391467,0,35,1,2,0,1,10,5,0,0,12,18,18,0,200,200,0,200,0,200,200
391468,0,30,1,2,0,1,12,2,0,0,0,22,200,1,5,200,200,200,0,200,200
391468,0,30,1,2,0,1,12,2,0,0,0,22,200,0,8,0,0,0,0,200,200
391481,0,5,0,0,0,1,7,12,0,0,0,200,200,2,200,200,200,200,200,200,200
391485,0,30,1,2,0,1,12,2,0,0,0,22,200,1,8,0,4,0,0,200,200
391485,0,30,1,2,0,1,12,2,0,0,0,22,200,0,6,0,200,0,0,200,200
391485,1,30,1,2,0,1,12,2,0,0,0,22,200,1,2,5,200,200,200,200,200
391485,1,30,1,2,0,1,12,2,0,0,0,22,200,0,2,5,200,200,200,200,200
391485,1,30,1,2,0,1,12,2,0,0,0,22,200,0,2,5,200,200,200,200,200
391485,1,30,1,2,0,1,12,2,0,0,0,22,200,1,1,5,200,200,200,200,200
391486,0,30,0,0,0,1,7,5,0,0,0,27,200,2,200,200,200,200,200,200,200
391491,0,30,1,2,0,1,10,1,0,0,0,22,0,0,6,200,4,0,200,200,200
391491,0,30,1,2,0,1,10,1,0,0,0,22,0,0,9,200,0,0,200,200,200
391492,0,35,1,2,0,1,10,5,0,0,0,18,9,0,5,0,3,0,0,200,200
391492,0,35,1,2,0,1,10,5,0,0,0,18,9,0,6,0,0,0,0,200,200
391492,0,35,1,2,0,1,10,5,0,0,0,18,9,1,6,0,0,0,0,200,200
391493,0,30,0,0,0,1,12,5,0,0,0,17,17,0,5,200,1,200,200,200,200
391493,0,30,0,0,0,1,12,5,0,0,0,17,17,0,5,0,0,0,0,200,200
391493,1,30,0,0,0,1,12,5,0,0,0,17,17,1,5,0,200,200,200,200,200
391499,0,5,0,0,0,1,7,7,0,0,0,0,0,2,200,200,200,200,200,200,200
391515,0,25,2,2,0,1,8,5,0,0,0,8,200,0,6,200,12,0,0,200,200
391515,4,25,2,2,0,1,8,5,0,0,0,8,200,1,5,7,12,0,0,200,200
391516,0,30,1,2,0,1,10,2,0,0,0,0,0,0,200,200,3,200,200,200,200
391516,0,30,1,2,0,1,10,2,0,0,0,0,0,1,6,0,0,0,0,200,200
391518,0,25,0,0,0,1,7,5,0,0,0,11,200,1,7,0,12,0,0,200,200
391529,0,25,0,0,200,200,7,5,0,200,0,0,200,2,200,200,200,200,200,200,200
391533,4,30,1,2,0,1,8,6,0,0,0,18,200,0,3,7,3,0,0,200,200
391533,0,30,1,2,0,1,8,6,0,0,0,18,200,1,200,200,4,200,200,200,200
391533,1,30,1,2,0,1,8,6,0,0,0,18,200,1,200,200,200,200,200,200,200
391537,0,30,0,0,0,3,10,5,0,0,0,0,0,0,7,200,200,200,200,200,200
391537,0,30,0,0,0,3,10,5,0,0,0,0,0,0,6,200,200,200,200,200,200
391537,1,30,0,0,0,3,10,5,0,0,0,0,0,2,200,200,200,200,200,200,200
391547,0,25,2,2,0,1,14,2,0,0,0,22,23,2,200,200,2,200,200,200,200
391547,0,25,2,2,0,1,14,2,0,0,0,22,23,0,6,0,0,0,0,200,200
391549,0,30,0,0,5,1,7,12,0,0,0,200,200,0,6,200,0,0,0,200,200
391550,0,25,0,0,0,1,14,2,0,0,0,17,17,1,6,0,1,0,0,200,200
391550,0,25,0,0,0,1,14,2,0,0,0,17,17,1,5,0,0,0,0,200,200
391551,0,20,0,0,0,1,7,5,0,0,0,20,200,0,200,200,6,200,200,200,200
391558,0,30,1,2,0,1,12,6,0,0,0,17,200,0,6,200,1,0,0,200,200
391558,0,30,1,2,0,1,12,6,0,0,0,17,200,0,6,200,200,0,0,200,200
391560,0,30,0,0,0,1,7,5,0,0,0,200,0,0,6,0,7,0,0,200,200
391560,1,30,0,0,0,1,7,5,0,0,0,200,0,0,6,1,200,200,200,200,200
391561,0,20,1,2,0,1,12,2,0,0,0,22,18,1,4,200,2,0,200,200,200
391561,0,20,1,2,0,1,12,2,0,0,0,22,18,0,6,0,0,0,0,200,200
391561,1,20,1,2,0,1,12,2,0,0,0,22,18,1,4,1,200,200,200,200,200
391561,1,20,1,2,0,1,12,2,0,0,0,22,18,1,5,1,200,200,200,200,200
391563,0,30,0,0,0,1,12,5,0,0,0,22,200,0,6,0,2,0,0,200,200
391563,0,30,0,0,0,1,12,5,0,0,0,22,200,0,5,200,0,0,0,200,200
391565,0,30,1,2,0,1,10,2,0,0,0,20,20,0,6,0,6,0,0,200,200
391565,0,30,1,2,0,1,10,2,0,0,0,20,20,0,6,0,0,0,0,200,200
391569,0,30,1,2,0,1,10,5,0,0,0,0,0,0,5,200,200,0,0,200,200
391569,0,30,1,2,0,1,10,5,0,0,0,0,0,1,6,0,0,0,0,200,200
391575,0,30,1,2,0,1,10,5,0,0,0,12,0,1,8,200,12,200,200,200,200
391575,0,30,1,2,0,1,10,5,0,0,0,12,0,0,200,200,12,200,200,200,200
391576,0,15,3,12,0,1,7,7,0,0,0,0,0,2,200,200,200,200,200,200,200
391578,0,30,1,2,0,1,14,5,0,0,0,0,200,2,200,200,0,200,200,200,200
391578,0,30,1,2,0,1,14,5,0,0,0,0,200,1,200,0,0,0,0,200,200
391579,0,15,0,0,0,1,7,0,0,0,0,0,200,2,200,200,200,200,200,200,200
391580,0,30,1,2,0,1,10,3,0,200,200,11,18,0,5,0,3,200,200,200,200
391580,0,30,1,2,0,1,10,3,0,200,200,11,18,0,8,0,200,200,200,200,200
391587,0,30,1,2,0,1,10,5,0,0,12,18,11,0,6,0,3,0,0,200,200
391587,0,30,1,2,0,1,10,5,0,0,12,18,11,0,7,0,12,0,0,200,200
391588,0,30,0,0,0,1,14,6,0,0,0,21,200,0,6,200,7,0,0,200,200
391588,0,30,0,0,0,1,14,6,0,0,0,21,200,0,7,200,0,0,0,200,200
391588,1,30,0,0,0,1,14,6,0,0,0,21,200,1,5,200,200,200,200,200,200
391588,1,30,0,0,0,1,14,6,0,0,0,21,200,1,7,200,200,200,200,200,200
391588,1,30,0,0,0,1,14,6,0,0,0,21,200,200,200,200,200,200,200,200,200
391594,0,30,1,2,0,1,10,2,0,0,0,18,0,0,200,200,3,200,200,200,200
391594,0,30,1,2,0,1,10,2,0,0,0,18,0,1,5,0,12,0,0,200,200
391594,1,30,1,2,0,1,10,2,0,0,0,18,0,1,200,0,200,200,200,200,200
391603,0,35,1,2,0,1,12,5,0,0,0,200,200,0,7,0,200,0,0,200,200
391603,0,35,1,2,0,1,12,5,0,0,0,200,200,0,0,0,200,0,0,200,200
391606,0,30,1,2,0,1,10,5,0,0,12,18,18,0,7,0,1,0,0,200,200
391606,0,30,1,2,0,1,10,5,0,0,12,18,18,1,6,0,0,0,0,200,200
391606,1,30,1,2,0,1,10,5,0,0,12,18,18,1,7,0,200,200,200,200,200
391606,1,30,1,2,0,1,10,5,0,0,12,18,18,1,2,0,200,200,200,200,200
391606,1,30,1,2,0,1,10,5,0,0,12,18,18,1,2,0,200,200,200,200,200
391607,0,35,0,0,0,3,7,6,0,0,0,0,0,2,200,200,200,200,200,200,200
391608,0,30,2,2,0,1,8,6,0,0,0,17,200,0,6,200,1,0,0,200,200
391608,4,30,2,2,0,1,8,6,0,0,0,17,200,1,5,3,0,0,0,200,200
391610,0,30,0,0,0,1,7,5,0,0,0,0,200,2,200,200,200,200,200,200,200
391615,0,20,0,0,200,200,2,0,0,200,0,0,0,2,200,200,200,200,200,200,200
391618,0,30,0,0,0,1,12,5,0,0,0,17,17,0,200,200,1,200,200,200,200
391618,0,30,0,0,0,1,12,5,0,0,0,17,17,1,5,0,0,0,0,200,200
391618,1,30,0,0,0,1,12,5,0,0,0,17,17,1,200,0,200,200,200,200,200
391621,0,30,1,2,0,1,10,5,0,0,0,18,200,0,6,0,3,0,0,200,200
391621,0,30,1,2,0,1,10,5,0,0,0,18,200,0,6,0,0,0,0,200,200
391621,0,30,1,2,0,1,10,5,0,0,0,18,200,1,7,0,0,0,0,200,200
391621,1,30,1,2,0,1,10,5,0,0,0,18,200,0,9,0,200,200,200,200,200
391621,1,30,1,2,0,1,10,5,0,0,0,18,200,0,0,0,200,200,200,200,200
391621,1,30,1,2,0,1,10,5,0,0,0,18,200,1,6,0,200,200,200,200,200
391636,0,30,0,0,0,1,2,12,0,0,0,0,20,2,200,200,6,200,200,200,200
391638,0,30,1,2,0,1,14,2,0,0,0,0,0,1,6,200,12,0,0,200,200
391638,0,30,1,2,0,1,14,2,0,0,0,0,0,0,6,200,12,0,0,200,200
391640,0,30,0,0,0,1,10,2,0,0,0,18,200,0,6,0,3,0,0,200,200
391640,0,30,0,0,0,1,10,2,0,0,0,18,200,0,6,0,0,0,0,200,200
391642,0,30,2,2,0,1,0,5,0,0,0,17,200,1,3,0,1,0,0,200,200
391642,0,30,2,2,0,1,0,5,0,0,0,17,200,0,6,0,0,0,0,200,200
391647,0,35,2,2,0,1,0,5,0,0,0,17,0,0,4,0,1,200,0,200,200
391647,0,35,2,2,0,1,0,5,0,0,0,17,0,0,6,0,0,0,0,200,200
391650,0,30,1,2,0,1,12,5,0,0,0,200,0,0,200,200,4,200,200,200,200
391650,0,30,1,2,0,1,12,5,0,0,0,200,0,1,6,0,0,0,0,200,200
391652,0,20,0,0,0,1,12,6,0,0,0,17,0,0,7,0,1,0,0,200,200
391652,0,20,0,0,0,1,12,6,0,0,0,17,0,0,9,0,0,0,0,200,200
391654,0,30,0,0,0,1,7,5,0,0,0,0,0,0,4,0,0,0,0,200,200
391659,0,30,1,2,0,1,10,5,0,0,0,18,0,1,200,200,200,200,200,200,200
391659,0,30,1,2,0,1,10,5,0,0,0,18,0,1,7,200,0,0,0,200,200
391659,1,30,1,2,0,1,10,5,0,0,0,18,0,1,200,200,200,200,200,200,200
391659,1,30,1,2,0,1,10,5,0,0,0,18,0,1,200,200,200,200,200,200,200
391659,1,30,1,2,0,1,10,5,0,0,0,18,0,2,200,200,200,200,200,200,200
391659,1,30,1,2,0,1,10,5,0,0,0,18,0,1,200,200,200,200,200,200,200
391662,0,30,0,0,0,1,10,5,0,0,0,28,28,1,6,0,200,0,0,200,200
391662,0,30,0,0,0,1,10,5,0,0,0,28,28,0,7,0,0,0,0,200,200
391666,0,30,0,0,0,1,10,2,0,12,12,18,16,0,200,200,3,200,200,200,200
391666,0,30,0,0,0,1,10,2,0,12,12,18,16,1,6,0,12,0,0,200,200
391666,1,30,0,0,0,1,10,2,0,12,12,18,16,0,2,0,200,200,200,200,200
391666,1,30,0,0,0,1,10,2,0,12,12,18,16,1,2,0,200,200,200,200,200
391666,1,30,0,0,0,1,10,2,0,12,12,18,16,1,0,0,200,200,200,200,200
391667,0,30,12,2,0,1,7,2,0,0,0,20,200,0,6,200,6,0,0,200,200
391675,0,30,2,2,0,1,0,5,0,0,0,0,200,0,6,0,200,0,0,200,200
391675,0,30,2,2,0,1,0,5,0,0,0,0,200,1,6,0,0,0,0,200,200
391678,0,25,1,2,0,1,7,6,0,0,0,0,0,0,200,200,200,200,200,200,200
391678,1,25,1,2,0,1,7,6,0,0,0,0,0,1,200,200,200,200,200,200,200
391680,0,30,2,2,0,1,0,2,0,0,0,11,0,0,5,0,1,200,0,200,200
391680,0,30,2,2,0,1,0,2,0,0,0,11,0,1,7,0,0,200,0,200,200
391680,1,30,2,2,0,1,0,2,0,0,0,11,0,0,6,0,200,200,200,200,200
391692,0,30,0,0,0,1,12,5,0,0,0,0,0,0,200,0,200,0,0,200,200
391692,0,30,0,0,0,1,12,5,0,0,0,0,0,0,200,200,200,0,0,200,200
391696,0,30,2,2,0,1,10,7,0,0,0,0,200,0,5,0,3,200,200,200,200
391696,0,30,2,2,0,1,10,7,0,0,0,0,200,1,7,0,0,0,0,200,200
391696,1,30,2,2,0,1,10,7,0,0,0,0,200,1,200,0,200,200,200,200,200
391705,0,30,0,0,0,1,14,5,0,0,0,21,200,0,200,200,12,200,0,200,200
391705,0,30,0,0,0,1,14,5,0,0,0,21,200,1,200,0,0,0,0,200,200
391705,1,30,0,0,0,1,14,5,0,0,0,21,200,1,200,0,200,200,200,200,200
391708,0,30,0,0,0,2,0,5,0,0,0,10,0,0,6,0,9,200,200,200,200
391708,0,30,0,0,0,2,0,5,0,0,0,10,0,1,5,7,12,200,200,200,200
391723,0,30,0,0,0,1,14,5,0,0,0,17,200,1,200,0,1,0,0,200,200
391723,0,30,0,0,0,1,14,5,0,0,0,17,200,2,200,200,0,200,200,200,200
391725,0,30,200,0,200,200,7,6,0,0,0,0,200,2,200,200,200,200,200,200,200
391740,0,30,0,0,0,1,10,2,0,0,0,20,200,1,200,200,10,200,200,200,200
391740,0,30,0,0,0,1,10,2,0,0,0,20,200,0,7,0,0,0,0,200,200
391741,0,35,0,0,0,1,10,2,0,0,0,0,0,1,200,200,200,200,200,200,200
391741,0,35,0,0,0,1,10,2,0,0,0,0,0,0,6,0,0,0,0,200,200
391746,0,35,0,0,0,1,10,5,0,0,0,18,0,0,5,200,3,200,200,200,200
391746,0,35,0,0,0,1,10,5,0,0,0,18,0,1,6,0,0,0,0,200,200
391749,0,30,0,0,0,1,14,5,0,0,0,23,16,0,6,200,1,0,200,200,200
391749,0,30,0,0,0,1,14,5,0,0,0,23,16,0,5,200,0,0,200,200,200
391751,0,35,0,0,0,1,12,2,0,0,0,0,0,1,6,0,200,200,0,200,200
391751,0,35,0,0,0,1,12,2,0,0,0,0,0,0,6,0,0,0,0,200,200
391751,1,35,0,0,0,1,12,2,0,0,0,0,0,1,7,0,200,200,200,200,200
391751,1,35,0,0,0,1,12,2,0,0,0,0,0,0,200,0,200,200,200,200,200
391753,0,35,1,2,0,1,10,5,0,0,0,18,0,0,8,0,3,200,200,200,200
391753,0,35,1,2,0,1,10,5,0,0,0,18,0,1,6,0,0,0,0,200,200
391756,0,30,1,2,0,1,14,5,0,0,0,0,0,0,6,0,0,0,0,200,200
391756,0,30,1,2,0,1,14,5,0,0,0,0,0,0,8,0,12,12,0,200,200
391761,0,30,0,0,0,3,7,6,0,0,0,0,0,2,200,200,200,200,200,200,200
391764,0,30,1,2,0,3,10,5,0,0,0,18,200,1,5,200,3,0,0,200,200
391764,0,30,1,2,0,3,10,5,0,0,0,18,200,1,7,0,0,0,0,200,200
391772,0,30,2,2,0,1,0,5,0,0,0,0,200,1,6,0,200,200,200,200,200
391772,0,30,2,2,0,1,0,5,0,0,0,0,200,1,5,0,200,200,0,200,200
391772,1,30,2,2,0,1,0,5,0,0,0,0,200,0,6,0,200,200,200,200,200
391772,1,30,2,2,0,1,0,5,0,0,0,0,200,1,0,0,200,200,200,200,200
391773,0,30,0,0,0,1,7,5,0,0,0,0,1,0,200,200,10,200,200,200,200
391774,0,30,2,2,0,1,14,2,0,0,0,5,17,1,200,0,5,0,0,200,200
391774,0,30,2,2,0,1,14,2,0,0,0,5,17,1,6,0,0,0,0,200,200
391774,1,30,2,2,0,1,14,2,0,0,0,5,17,1,200,200,200,200,200,200,200
391781,0,0,1,200,0,1,7,2,0,200,200,11,200,0,6,3,12,200,0,200,200
391784,0,30,0,0,0,1,0,6,0,0,0,17,0,0,5,200,1,200,200,200,200
391784,0,30,0,0,0,1,0,6,0,0,0,17,0,0,7,200,0,0,0,200,200
391788,4,30,0,0,0,1,8,2,0,0,0,16,0,0,5,2,1,0,7,200,200
391788,0,30,0,0,0,1,8,2,0,0,0,16,0,0,6,0,12,0,0,200,200
391789,0,20,1,0,0,3,10,5,0,0,200,18,18,0,200,200,3,200,200,200,200
391789,0,20,1,0,0,3,10,5,0,0,200,18,18,1,9,0,0,200,0,200,200
391789,1,20,1,0,0,3,10,5,0,0,200,18,18,200,200,0,200,200,200,200,200
391793,0,30,1,2,0,1,0,2,0,0,0,200,200,1,6,0,12,0,0,200,200
391793,0,30,1,2,0,1,0,2,0,0,0,200,200,0,6,0,0,0,0,200,200
391795,0,30,0,0,0,1,10,5,0,200,200,0,0,0,6,0,0,0,200,200,200
391795,0,30,0,0,0,1,10,5,0,200,200,0,0,0,5,0,0,0,200,200,200
391795,0,30,0,0,0,1,10,5,0,200,200,0,0,1,6,0,0,0,200,200,200
391797,0,30,1,2,0,1,12,5,0,0,0,17,22,1,7,200,1,0,0,200,200
391797,0,30,1,2,0,1,12,5,0,0,0,17,22,1,6,200,0,0,0,200,200
391803,0,30,0,0,0,0,11,2,0,0,0,0,200,1,6,200,1,200,200,200,200
391803,0,30,0,0,0,0,11,2,0,0,0,0,200,0,6,0,0,0,200,200,200
391807,0,30,1,2,0,1,3,2,0,0,200,0,200,1,200,200,200,200,200,200,200
391807,0,30,1,2,0,1,3,2,0,0,200,0,200,1,5,0,200,200,0,200,200
391811,0,30,2,2,0,1,10,5,0,0,0,0,0,2,200,200,1,200,200,200,200
391811,0,30,2,2,0,1,10,5,0,0,0,0,0,1,7,0,0,0,0,200,0
391816,0,30,0,0,0,1,7,5,0,0,0,20,200,0,5,7,6,0,0,200,200
391821,0,30,1,2,0,1,10,5,0,0,0,18,11,0,8,0,3,0,0,200,200
391821,0,30,1,2,0,1,10,5,0,0,0,18,11,0,7,0,12,0,0,200,200
391821,0,30,1,2,0,1,10,5,0,0,0,18,11,1,5,0,12,0,0,200,200
391821,1,30,1,2,0,1,10,5,0,0,0,18,11,0,3,0,200,200,200,200,200
391821,1,30,1,2,0,1,10,5,0,0,0,18,11,1,0,5,200,200,200,200,200
391821,1,30,1,2,0,1,10,5,0,0,0,18,11,0,2,0,200,200,200,200,200
391822,0,30,0,0,0,1,14,2,0,0,0,17,17,1,8,200,7,200,0,200,200
391822,0,30,0,0,0,1,14,2,0,0,0,17,17,0,6,0,0,0,0,200,200
391822,1,30,0,0,0,1,14,2,0,0,0,17,17,0,6,0,200,200,200,200,200
391822,1,30,0,0,0,1,14,2,0,0,0,17,17,1,5,0,200,200,200,200,200
391828,0,30,0,0,0,1,7,5,0,0,0,0,200,2,200,200,200,200,200,200,200
391829,0,10,0,0,0,1,3,7,0,200,200,0,200,1,200,200,200,200,200,200,200
391829,0,10,0,0,0,1,3,7,0,200,200,0,200,0,5,200,200,0,0,200,200
391830,0,30,0,0,0,1,7,5,0,0,0,0,0,2,200,200,6,200,200,200,200
391836,0,30,0,0,0,1,7,5,0,0,0,0,0,1,4,0,1,0,0,200,200
391838,0,30,0,0,0,1,14,2,0,0,0,17,23,2,200,200,1,200,200,200,200
391838,0,30,0,0,0,1,14,2,0,0,0,17,23,0,7,0,0,0,0,200,200
391839,0,30,0,0,0,1,12,5,0,0,0,18,200,0,200,200,3,200,200,200,200
391839,0,30,0,0,0,1,12,5,0,0,0,18,200,0,7,0,0,0,0,200,200
391841,0,30,1,2,0,1,12,5,2,0,200,0,0,0,4,200,0,0,7,200,200
391841,0,30,1,2,0,1,12,5,2,0,200,0,0,0,6,200,0,0,0,200,200
391842,0,30,0,0,0,1,10,5,0,0,0,18,16,0,200,0,3,0,0,200,200
391842,0,30,0,0,0,1,10,5,0,0,0,18,16,1,200,0,0,0,0,200,200
391842,1,30,0,0,0,1,10,5,0,0,0,18,16,0,200,5,200,200,200,200,200
391842,1,30,0,0,0,1,10,5,0,0,0,18,16,0,200,5,200,200,200,200,200
391842,1,30,0,0,0,1,10,5,0,0,0,18,16,1,200,0,200,200,200,200,200
391844,0,30,0,0,0,1,7,2,0,0,0,0,0,1,5,200,200,200,200,200,200
391844,1,30,0,0,0,1,7,2,0,0,0,0,0,1,6,0,200,200,200,200,200
391852,0,30,0,0,0,1,9,5,0,0,0,0,200,0,200,0,6,0,0,200,200
391852,5,30,0,0,0,1,9,5,0,0,0,0,200,0,6,7,0,0,0,200,200
391859,0,30,2,2,0,1,0,12,0,0,0,0,200,1,5,200,1,0,0,200,200
391859,0,30,2,2,0,1,0,12,0,0,0,0,200,1,5,0,200,0,0,200,200
391859,1,30,2,2,0,1,0,12,0,0,0,0,200,0,3,0,200,200,200,200,200
391861,0,30,0,0,0,1,14,5,0,0,0,18,11,1,7,0,3,0,0,200,200
391861,0,30,0,0,0,1,14,5,0,0,0,18,11,1,7,0,12,0,0,200,200
391861,1,30,0,0,0,1,14,5,0,0,0,18,11,0,4,0,200,200,200,200,200
391865,0,15,0,0,0,1,12,7,0,0,0,0,0,2,8,200,200,200,200,200,200
391865,0,15,0,0,0,1,12,7,0,0,0,0,0,0,8,0,0,0,0,200,200
391866,4,25,0,0,0,1,8,5,0,0,0,0,0,1,3,7,12,200,0,200,200
391867,0,30,0,0,0,1,7,5,0,0,0,0,200,0,200,200,6,200,200,200,200
391867,1,30,0,0,0,1,7,5,0,0,0,0,200,0,200,200,200,200,200,200,200
391867,1,30,0,0,0,1,7,5,0,0,0,0,200,0,200,200,200,200,200,200,200
391870,0,30,0,0,0,1,9,5,0,0,200,0,0,0,200,200,200,200,200,200,200
391870,5,30,0,0,0,1,9,5,0,0,200,0,0,0,3,7,12,200,12,200,200
391872,0,30,0,0,0,1,10,5,0,200,200,0,0,0,6,0,200,0,0,200,200
391872,0,30,0,0,0,1,10,5,0,200,200,0,0,1,5,0,200,0,200,200,200
391872,0,30,0,0,0,1,10,5,0,200,200,0,0,0,5,0,0,0,200,200,200
391872,1,30,0,0,0,1,10,5,0,200,200,0,0,1,200,0,200,200,200,200,200
391877,0,30,0,0,0,1,0,4,0,0,0,20,16,0,6,200,6,0,0,200,200
391877,0,30,0,0,0,1,0,4,0,0,0,20,16,0,200,200,0,0,0,200,200
391878,0,30,1,2,0,1,10,2,0,0,0,18,200,1,200,200,1,200,200,200,200
391878,0,30,1,2,0,1,10,2,0,0,0,18,200,1,6,0,0,0,0,200,200
391880,0,30,1,2,0,1,14,2,0,0,0,17,200,1,8,0,1,0,0,200,200
391880,0,30,1,2,0,1,14,2,0,0,0,17,200,1,7,0,0,0,0,200,200
391884,0,25,0,0,0,1,14,7,0,0,0,23,200,1,7,7,7,0,0,200,200
391884,0,25,0,0,0,1,14,7,0,0,0,23,200,2,200,200,0,200,200,200,200
391888,0,30,0,0,0,1,7,6,0,0,0,25,14,0,3,200,13,0,0,200,200
391888,1,30,0,0,0,1,7,6,0,0,0,25,14,0,3,200,200,200,200,200,200
391889,0,30,0,0,0,1,2,3,0,0,0,0,0,0,7,200,200,200,7,200,200
391901,0,25,1,2,0,1,3,3,0,0,0,11,0,0,7,0,12,200,0,200,200
391901,0,25,1,2,0,1,3,3,0,0,0,11,0,1,5,0,0,200,0,200,200
391901,1,25,1,2,0,1,3,3,0,0,0,11,0,1,5,0,200,200,200,200,200
391901,1,25,1,2,0,1,3,3,0,0,0,11,0,1,6,0,200,200,200,200,200
391901,1,25,1,2,0,1,3,3,0,0,0,11,0,1,5,0,200,200,200,200,200
391902,0,30,0,2,0,1,12,5,0,0,0,21,21,0,6,200,4,200,0,200,200
391902,0,30,0,2,0,1,12,5,0,0,0,21,21,1,6,200,0,0,0,200,200
391908,0,35,0,0,0,1,10,5,0,0,0,0,0,0,7,0,200,0,0,200,200
391908,0,35,0,0,0,1,10,5,0,0,0,0,0,1,6,0,200,0,0,200,200
391909,0,30,0,0,0,1,14,2,0,0,0,23,17,1,6,200,1,200,200,200,200
391909,0,30,0,0,0,1,14,2,0,0,0,23,17,1,8,200,0,200,0,200,200
391909,1,30,0,0,0,1,14,2,0,0,0,23,17,0,0,0,200,200,200,200,200
391913,0,30,0,0,0,1,3,5,0,0,0,20,11,0,200,200,6,200,200,200,200
391913,0,30,0,0,0,1,3,5,0,0,0,20,11,0,4,0,12,0,0,200,200
391914,0,30,0,0,0,1,12,5,0,200,200,22,22,1,200,200,2,200,200,200,200
391914,0,30,0,0,0,1,12,5,0,200,200,22,22,0,6,0,12,200,200,200,200
391915,0,30,1,2,0,1,10,5,0,0,0,18,0,0,5,0,3,0,0,200,200
391915,0,30,1,2,0,1,10,5,0,0,0,18,0,1,9,0,0,0,0,200,200
391918,0,30,1,2,0,1,2,2,0,0,4,0,200,0,6,200,200,200,0,200,200
391922,0,0,0,0,0,1,0,7,0,0,0,0,0,1,200,200,200,200,200,200,200