RD_NO,PERSON_TYPE,POSTED_SPEED_LIMIT,TRAFFIC_CONTROL_DEVICE,DEVICE_CONDITION,WEATHER_CONDITION,LIGHTING_CONDITION,FIRST_CRASH_TYPE,TRAFFICWAY_TYPE,ALIGNMENT,ROADWAY_SURFACE_COND,ROAD_DEFECT,PRIM_CONTRIBUTORY_CAUSE,SEC_CONTRIBUTORY_CAUSE,SEX,AGE,SAFETY_EQUIPMENT,DRIVER_ACTION,DRIVER_VISION,PHYSICAL_CONDITION,BAC_RESULT VALUE,CELL_PHONE_USE
391922,0,0,0,0,0,1,0,7,0,0,0,0,0,0,7,0,0,0,0,200,200
391929,0,30,0,0,0,1,7,5,0,0,0,0,200,1,5,0,0,0,0,200,200
391935,0,25,0,0,0,1,7,6,0,0,0,0,200,2,200,200,200,200,200,200,200
391936,0,30,1,2,0,1,10,5,0,0,0,0,0,2,200,200,1,200,200,200,200
391936,0,30,1,2,0,1,10,5,0,0,0,0,0,1,6,0,0,0,0,200,200
391938,0,30,0,0,0,1,14,5,0,0,200,17,200,2,200,200,1,200,200,200,200
391938,0,30,0,0,0,1,14,5,0,0,200,17,200,1,6,0,0,0,0,200,200
391939,0,30,0,0,0,1,7,3,0,0,12,29,200,0,8,200,12,200,0,200,200
391939,1,30,0,0,0,1,7,3,0,0,12,29,200,1,8,200,200,200,200,200,200
391939,1,30,0,0,0,1,7,3,0,0,12,29,200,0,6,200,200,200,200,200,200
391941,0,30,0,0,0,1,7,7,0,0,200,0,0,1,200,200,6,200,200,200,200
391942,4,30,2,2,0,1,8,5,0,200,200,22,22,0,6,3,2,200,200,200,200
391942,0,30,2,2,0,1,8,5,0,200,200,22,22,1,6,0,12,200,0,200,200
391942,1,30,2,2,0,1,8,5,0,200,200,22,22,1,3,0,200,200,200,200,200
391946,0,30,0,0,0,1,0,5,0,0,0,0,0,0,200,200,200,200,200,200,200
391946,0,30,0,0,0,1,0,5,0,0,0,0,0,0,6,200,200,200,200,200,200
391948,0,35,1,2,0,1,10,5,0,0,0,18,0,0,6,0,3,0,0,200,200
391948,0,35,1,2,0,1,10,5,0,0,0,18,0,1,200,0,0,200,200,200,200
391950,0,30,0,0,0,1,7,6,0,0,0,0,0,2,200,200,200,200,200,200,200
391953,5,35,0,0,0,1,9,3,0,0,0,0,0,0,7,7,12,200,200,200,200
391953,0,35,0,0,0,1,9,3,0,0,0,0,0,1,200,200,200,200,200,200,200
391953,1,35,0,0,0,1,9,3,0,0,0,0,0,200,200,200,200,200,200,200,200
391955,0,30,0,0,0,1,7,12,0,0,0,11,200,0,5,200,6,200,0,200,200
391963,0,30,1,2,0,1,12,5,0,0,2,22,200,1,5,200,3,0,0,200,0
391963,0,30,1,2,0,1,12,5,0,0,2,22,200,0,6,200,0,0,0,200,200
391965,0,10,0,0,0,1,7,7,0,0,0,0,200,2,200,200,200,200,200,200,200
391968,0,40,0,0,0,1,12,6,0,0,0,22,0,0,200,0,4,200,200,200,200
391968,0,40,0,0,0,1,12,6,0,0,0,22,0,1,6,0,0,0,0,200,200
391971,5,30,1,2,0,1,9,2,0,0,0,0,0,1,7,200,0,0,0,200,200
391971,0,30,1,2,0,1,9,2,0,0,0,0,0,1,6,200,1,0,0,200,200
391974,0,35,0,0,0,1,7,5,0,0,0,2,0,1,5,200,15,200,200,200,1
391978,0,30,0,0,0,1,10,5,0,0,200,18,0,0,8,200,3,0,0,200,200
391978,0,30,0,0,0,1,10,5,0,0,200,18,0,1,6,0,0,0,0,200,200
391981,0,30,200,200,0,1,10,2,0,0,0,18,16,0,6,200,3,200,200,200,200
391981,0,30,200,200,0,1,10,2,0,0,0,18,16,1,6,0,0,0,0,200,200
391981,1,30,200,200,0,1,10,2,0,0,0,18,16,1,200,0,200,200,200,200,200
391982,0,30,0,0,0,1,3,5,0,0,0,17,200,1,0,7,1,0,0,200,200
391982,0,30,0,0,0,1,3,5,0,0,0,17,200,0,7,0,1,0,0,200,200
391984,0,30,0,0,0,1,10,5,0,0,0,16,200,1,6,0,3,0,0,200,200
391984,0,30,0,0,0,1,10,5,0,0,0,16,200,1,6,0,0,0,0,200,200
391984,0,30,0,0,0,1,10,5,0,0,0,16,200,1,6,0,0,0,0,200,200
391985,0,35,1,2,0,3,10,5,0,0,0,18,0,1,200,200,3,200,200,200,200
391985,0,35,1,2,0,3,10,5,0,0,0,18,0,1,7,0,1,0,0,200,200
391992,0,30,0,0,0,1,7,5,0,200,200,0,0,1,200,200,200,200,200,200,200
391995,0,30,0,0,200,200,7,5,0,200,0,0,200,2,200,200,200,200,200,200,200
391996,0,30,2,2,0,1,14,2,5,0,0,0,0,0,6,0,200,200,0,200,200
391996,0,30,2,2,0,1,14,2,5,0,0,0,0,1,5,200,200,200,0,200,200
391996,1,30,2,2,0,1,14,2,5,0,0,0,0,0,3,0,200,200,200,200,200
392000,0,30,0,0,0,1,12,3,0,0,0,0,0,0,6,0,12,0,0,200,200
392000,0,30,0,0,0,1,12,3,0,0,0,0,0,1,5,0,0,0,0,200,200
392000,1,30,0,0,0,1,12,3,0,0,0,0,0,0,3,0,200,200,200,200,200
392000,1,30,0,0,0,1,12,3,0,0,0,0,0,1,5,0,200,200,200,200,200
392002,0,30,0,0,0,1,12,6,0,0,0,0,200,1,200,200,0,200,200,200,200
392002,0,30,0,0,0,1,12,6,0,0,0,0,200,1,6,0,200,0,0,200,200
392005,0,30,0,0,0,1,7,5,0,0,0,0,0,0,6,0,0,0,0,200,200
392015,0,30,0,3,0,1,2,12,0,0,0,25,20,1,6,0,6,0,0,200,200
392015,1,30,0,3,0,1,2,12,0,0,0,25,20,0,5,0,200,200,200,200,200
392018,0,30,0,0,0,0,12,5,0,200,200,22,22,0,200,200,2,200,200,200,200
392018,0,30,0,0,0,0,12,5,0,200,200,22,22,0,6,0,12,200,200,200,200
392021,0,30,1,2,0,1,14,3,0,0,0,17,200,0,5,0,1,0,0,200,200
392021,0,30,1,2,0,1,14,3,0,0,0,17,200,1,6,0,0,0,0,200,200
392021,1,30,1,2,0,1,14,3,0,0,0,17,200,0,0,0,200,200,200,200,200
392022,0,30,0,0,0,1,7,6,0,0,0,11,200,1,3,200,8,200,0,200,200
392022,1,30,0,0,0,1,7,6,0,0,0,11,200,1,3,200,200,200,200,200,200
392028,0,30,0,0,0,1,9,5,0,0,0,33,200,0,6,0,7,6,0,200,200
392028,5,30,0,0,0,1,9,5,0,0,0,33,200,1,6,7,0,12,0,200,200
392030,0,30,0,0,0,1,7,5,0,0,0,0,200,0,5,7,0,0,0,200,200
392036,0,30,1,2,0,1,14,5,0,0,0,23,200,1,5,200,7,0,0,200,200
392036,0,30,1,2,0,1,14,5,0,0,0,23,200,0,6,200,0,0,0,200,200
392036,1,30,1,2,0,1,14,5,0,0,0,23,200,0,8,200,200,200,200,200,200
392037,0,30,0,0,0,1,8,5,0,0,0,0,0,1,6,200,200,200,200,200,200
392037,4,30,0,0,0,1,8,5,0,0,0,0,0,0,5,3,0,4,0,200,200
392040,0,10,0,0,0,1,7,7,0,0,0,200,200,2,200,200,200,200,200,200,200
392043,0,5,0,0,0,1,7,7,0,0,0,0,0,2,200,200,200,200,200,200,200
392047,0,30,0,0,0,1,12,2,0,0,0,0,0,1,6,0,0,0,0,200,200
392047,0,30,0,0,0,1,12,2,0,0,0,0,0,0,5,2,0,0,0,200,200
392047,1,30,0,0,0,1,12,2,0,0,0,0,0,1,7,0,200,200,200,200,200
392049,0,30,0,0,0,1,8,5,0,0,0,7,200,0,7,200,0,0,0,200,200
392049,4,30,0,0,0,1,8,5,0,0,0,7,200,1,5,3,0,0,0,200,200
392049,1,30,0,0,0,1,8,5,0,0,0,7,200,1,9,7,200,200,200,200,200
392061,0,30,0,0,0,1,7,6,0,200,200,0,0,2,200,200,200,200,200,200,200
392067,0,35,0,0,0,1,12,5,0,0,0,22,0,0,6,0,12,0,0,200,200
392067,0,35,0,0,0,1,12,5,0,0,0,22,0,1,7,0,0,0,0,200,200
392073,0,30,0,0,0,1,14,2,0,0,0,23,200,1,200,0,7,0,0,200,200
392073,0,30,0,0,0,1,14,2,0,0,0,23,200,1,4,0,0,0,0,200,200
392074,0,30,1,2,0,1,10,3,0,0,0,18,16,0,6,200,3,0,0,200,200
392074,0,30,1,2,0,1,10,3,0,0,0,18,16,0,5,200,0,0,0,200,200
392076,0,30,1,2,0,1,10,5,0,0,0,0,0,0,6,0,0,0,0,200,200
392076,0,30,1,2,0,1,10,5,0,0,0,0,0,0,5,0,0,0,0,200,200
392080,0,30,2,2,0,1,10,6,0,0,0,18,16,1,200,0,3,0,0,200,200
392080,0,30,2,2,0,1,10,6,0,0,0,18,16,1,200,200,0,0,0,200,200
392091,4,30,0,0,0,1,8,5,0,0,0,5,200,0,3,200,1,200,200,200,200
392091,0,30,0,0,0,1,8,5,0,0,0,5,200,1,8,200,0,0,0,200,200
392095,0,30,2,2,0,1,0,2,0,0,0,17,5,0,200,200,1,200,200,200,200
392095,0,30,2,2,0,1,0,2,0,0,0,17,5,1,5,200,0,0,0,200,200
392096,0,30,0,0,0,1,0,5,0,0,0,17,200,1,5,0,1,0,0,200,200
392096,0,30,0,0,0,1,0,5,0,0,0,17,200,1,7,0,0,0,0,200,200
392096,1,30,0,0,0,1,0,5,0,0,0,17,200,200,200,0,200,200,200,200,200
392096,1,30,0,0,0,1,0,5,0,0,0,17,200,1,9,0,200,200,200,200,200
392097,0,30,0,200,0,1,10,5,0,0,200,18,200,1,7,200,3,200,0,200,200
392097,0,30,0,200,0,1,10,5,0,0,200,18,200,1,6,200,12,200,0,200,200
392105,0,15,1,2,0,1,14,5,0,0,0,17,17,0,7,200,1,0,0,200,200
392105,0,15,1,2,0,1,14,5,0,0,0,17,17,1,6,200,0,0,0,200,200
392108,0,30,2,2,0,1,14,2,0,0,200,0,0,1,6,0,1,0,0,200,200
392108,0,30,2,2,0,1,14,2,0,0,200,0,0,0,5,0,0,0,0,200,200
392108,1,30,2,2,0,1,14,2,0,0,200,0,0,1,3,0,200,200,200,200,200
392108,1,30,2,2,0,1,14,2,0,0,200,0,0,1,3,0,200,200,200,200,200
392110,0,30,0,0,0,1,7,5,0,200,200,0,200,0,200,200,200,200,200,200,200
392110,1,30,0,0,0,1,7,5,0,200,200,0,200,0,6,200,200,200,200,200,200
392121,0,30,1,2,0,1,10,5,0,200,200,20,20,0,200,200,6,200,200,200,200
392121,0,30,1,2,0,1,10,5,0,200,200,20,20,0,6,0,12,200,0,200,200
392123,0,30,1,2,0,1,14,5,0,0,0,12,0,0,8,200,5,200,0,200,200
392123,0,30,1,2,0,1,14,5,0,0,0,12,0,0,5,200,0,200,0,200,200
392123,1,30,1,2,0,1,14,5,0,0,0,12,0,1,5,200,200,200,200,200,200
392123,1,30,1,2,0,1,14,5,0,0,0,12,0,1,200,200,200,200,200,200,200
392123,1,30,1,2,0,1,14,5,0,0,0,12,0,0,200,200,200,200,200,200,200
392127,0,30,0,0,0,1,7,6,0,0,0,22,200,0,6,200,2,200,200,200,200
392131,0,30,0,0,0,1,0,3,0,0,0,0,200,0,8,7,0,0,0,200,200
392131,0,30,0,0,0,1,0,3,0,0,0,0,200,1,0,7,0,0,0,200,200
392134,0,30,1,2,0,1,12,5,0,0,0,0,0,1,6,0,0,0,0,200,200
392134,0,30,1,2,0,1,12,5,0,0,0,0,0,0,6,0,0,0,0,200,200
392139,0,15,0,0,0,1,5,0,0,0,1,200,200,0,7,0,0,0,0,200,200
392141,0,25,0,0,0,1,7,6,0,0,200,0,200,0,6,200,200,200,200,200,200
392143,0,30,1,2,0,1,10,2,0,0,0,18,0,1,4,200,3,200,200,200,200
392143,0,30,1,2,0,1,10,2,0,0,0,18,0,1,5,0,12,0,0,200,200
392146,0,30,2,2,0,1,12,3,0,0,0,18,200,0,200,200,3,200,200,200,200
392146,0,30,2,2,0,1,12,3,0,0,0,18,200,0,6,0,0,0,0,200,200
392146,1,30,2,2,0,1,12,3,0,0,0,18,200,1,200,0,200,200,200,200,200
392154,0,30,0,0,0,1,12,2,0,0,0,0,0,1,6,0,200,0,0,200,200
392154,0,30,0,0,0,1,12,2,0,0,0,0,0,1,6,0,200,0,0,200,200
392154,1,30,0,0,0,1,12,2,0,0,0,0,0,0,2,5,200,200,200,200,200
392158,0,30,1,2,0,1,10,5,0,0,12,27,27,1,6,0,1,0,8,200,200
392158,0,30,1,2,0,1,10,5,0,0,12,27,27,1,7,0,0,0,0,200,200
392159,0,30,0,0,0,1,12,6,0,0,0,25,22,0,5,200,12,200,0,200,200
392159,0,30,0,0,0,1,12,6,0,0,0,25,22,1,5,200,12,200,0,200,200
392159,0,30,0,0,0,1,12,6,0,0,0,25,22,0,6,200,12,200,0,200,200
392159,0,30,0,0,0,1,12,6,0,0,0,25,22,0,5,200,200,200,0,200,200
392159,1,30,0,0,0,1,12,6,0,0,0,25,22,200,200,200,200,200,200,200,200
392170,0,30,0,0,0,3,7,7,0,0,0,0,0,2,200,200,200,200,200,200,200
392171,0,30,1,2,0,1,10,5,0,0,0,18,200,0,8,0,3,0,0,200,200
392171,0,30,1,2,0,1,10,5,0,0,0,18,200,1,7,0,0,0,0,200,200
392174,0,35,0,0,0,1,7,5,0,0,0,0,0,0,7,0,200,0,0,200,200
392178,0,30,0,0,0,1,12,5,0,0,0,22,200,1,5,0,2,0,0,200,200
392178,0,30,0,0,0,1,12,5,0,0,0,22,200,0,6,200,0,0,0,200,200
392194,0,30,0,0,0,1,7,6,0,0,0,0,200,1,200,200,200,200,200,200,200
392196,0,30,1,2,0,1,12,6,0,0,0,0,0,0,200,200,1,0,0,200,200
392196,0,30,1,2,0,1,12,6,0,0,0,0,0,0,200,0,0,0,0,200,200
392197,0,25,0,0,0,1,3,5,0,0,0,20,0,1,6,0,6,0,0,200,200
392197,0,25,0,0,0,1,3,5,0,0,0,20,0,0,5,0,12,0,0,200,200
392201,0,15,0,0,0,1,0,7,0,0,0,17,17,1,6,0,1,200,0,200,200
392201,0,15,0,0,0,1,0,7,0,0,0,17,17,1,6,0,0,0,0,200,200
392205,0,30,1,2,0,1,12,2,0,0,0,22,200,2,200,200,200,200,200,200,200
392205,0,30,1,2,0,1,12,2,0,0,0,22,200,0,200,200,0,200,0,200,200
392206,0,30,200,200,200,200,0,200,0,200,200,0,200,0,200,1,200,200,200,200,200
392206,0,30,200,200,200,200,0,200,0,200,200,0,200,0,6,0,200,200,200,200,200
392206,1,30,200,200,200,200,0,200,0,200,200,0,200,1,200,200,200,200,200,200,200
392210,0,30,0,0,0,4,12,3,0,0,0,17,16,1,5,0,1,0,0,200,200
392210,0,30,0,0,0,4,12,3,0,0,0,17,16,0,6,0,0,0,0,200,200
392210,1,30,0,0,0,4,12,3,0,0,0,17,16,1,200,0,200,200,200,200,200
392214,0,30,1,2,0,1,10,2,0,0,0,16,0,0,6,0,8,200,200,200,200
392214,0,30,1,2,0,1,10,2,0,0,0,16,0,1,9,0,0,0,0,200,200
392214,1,30,1,2,0,1,10,2,0,0,0,16,0,0,6,0,200,200,200,200,200
392246,0,30,0,0,0,1,7,2,0,0,0,23,200,1,5,0,7,0,0,200,200
392252,0,30,0,0,0,1,7,5,0,0,0,0,0,2,200,200,1,200,200,200,200
392253,0,30,0,0,0,4,10,1,0,0,0,16,200,1,7,200,1,0,0,200,200
392253,0,30,0,0,0,4,10,1,0,0,0,16,200,0,6,200,0,0,0,200,200
392253,0,30,0,0,0,4,10,1,0,0,0,16,200,1,7,200,0,0,0,200,200
392258,0,30,1,2,0,3,0,5,0,0,0,16,0,0,5,0,1,0,0,200,200
392258,0,30,1,2,0,3,0,5,0,0,0,16,0,0,6,0,14,0,0,200,200
392258,1,30,1,2,0,3,0,5,0,0,0,16,0,0,6,7,200,200,200,200,200
392263,0,30,0,0,0,1,10,5,0,0,0,20,18,0,6,0,6,0,0,200,200
392263,0,30,0,0,0,1,10,5,0,0,0,20,18,1,7,0,3,0,0,200,200
392269,0,30,1,2,0,1,12,5,0,0,0,0,0,0,200,200,200,0,0,200,200
392269,0,30,1,2,0,1,12,5,0,0,0,0,0,1,200,0,0,0,0,200,200
392270,0,30,1,0,0,4,7,6,0,0,200,20,20,0,200,200,6,200,200,200,200
392271,0,30,1,2,0,3,12,2,0,0,0,11,11,0,5,0,200,0,0,200,200
392271,0,30,1,2,0,3,12,2,0,0,0,11,11,0,6,0,0,0,0,200,200
392282,0,25,0,0,0,4,7,6,0,0,0,0,0,0,6,0,200,200,0,200,200
392293,0,30,0,0,0,1,12,3,0,0,200,21,0,0,5,200,4,200,200,200,200
392293,0,30,0,0,0,1,12,3,0,0,200,21,0,1,6,0,0,0,200,200,200
392297,0,30,1,2,0,4,10,5,0,0,0,18,18,0,200,200,3,200,200,200,200
392297,0,30,1,2,0,4,10,5,0,0,0,18,18,0,7,200,0,0,0,200,200
392298,0,30,1,200,0,3,12,3,0,0,0,0,0,0,6,0,200,200,0,200,200
392298,0,30,1,200,0,3,12,3,0,0,0,0,0,0,7,0,200,200,0,200,200
392298,1,30,1,200,0,3,12,3,0,0,0,0,0,0,6,0,200,200,200,200,200
392298,1,30,1,200,0,3,12,3,0,0,0,0,0,0,6,0,200,200,200,200,200
392298,1,30,1,200,0,3,12,3,0,0,0,0,0,0,2,0,200,200,200,200,200
392298,1,30,1,200,0,3,12,3,0,0,0,0,0,0,6,0,200,200,200,200,200
392298,1,30,1,200,0,3,12,3,0,0,0,0,0,1,1,0,200,200,200,200,200
392310,0,35,0,0,0,3,7,6,0,0,0,23,0,1,6,0,7,0,0,200,200
392341,0,30,2,200,0,200,10,5,0,200,200,18,16,1,7,200,3,200,0,200,200
392341,0,30,2,200,0,200,10,5,0,200,200,18,16,0,7,200,0,0,0,200,200
392346,0,30,2,2,0,3,10,5,0,0,0,0,0,2,200,200,3,200,200,200,200
392346,0,30,2,2,0,3,10,5,0,0,0,0,0,1,5,0,0,0,0,200,200
392346,1,30,2,2,0,3,10,5,0,0,0,0,0,0,3,0,200,200,200,200,200
392346,1,30,2,2,0,3,10,5,0,0,0,0,0,0,4,0,200,200,200,200,200
392346,1,30,2,2,0,3,10,5,0,0,0,0,0,1,4,0,200,200,200,200,200
392347,0,30,2,0,0,4,10,5,0,0,0,18,200,0,200,200,3,200,200,200,200
392347,0,30,2,0,0,4,10,5,0,0,0,18,200,0,6,200,0,0,0,200,200
392347,0,30,2,0,0,4,10,5,0,0,0,18,200,0,7,200,0,200,0,200,200
392347,1,30,2,0,0,4,10,5,0,0,0,18,200,1,200,200,200,200,200,200,200
392347,1,30,2,0,0,4,10,5,0,0,0,18,200,0,200,200,200,200,200,200,200
392352,0,30,1,200,0,200,10,5,0,200,200,18,16,1,6,200,3,200,200,200,200
392352,0,30,1,200,0,200,10,5,0,200,200,18,16,0,5,0,0,200,0,200,200
392352,1,30,1,200,0,200,10,5,0,200,200,18,16,1,5,0,200,200,200,200,200
392355,0,30,1,2,0,1,14,5,0,0,0,23,0,0,4,0,0,0,0,200,200
392355,0,30,1,2,0,1,14,5,0,0,0,23,0,0,4,0,7,0,0,200,200
392361,0,30,0,0,0,3,7,5,0,0,0,0,200,1,200,200,200,200,200,200,200
392364,5,35,0,0,0,0,9,5,0,0,0,200,200,1,5,7,12,200,0,200,200
392364,5,35,0,0,0,0,9,5,0,0,0,200,200,0,5,7,12,12,0,200,200
392364,0,35,0,0,0,0,9,5,0,0,0,200,200,0,9,200,12,200,0,200,0
392376,0,30,0,0,0,0,7,5,0,0,0,0,0,0,200,200,2,200,200,200,200
392377,0,30,0,0,0,1,7,2,0,0,0,20,21,0,7,0,6,0,0,200,200
392377,5,30,0,0,0,1,7,2,0,0,0,20,21,1,6,200,12,12,0,200,200
392406,0,30,0,0,0,3,2,5,0,0,1,0,0,1,5,0,0,0,0,200,200
392417,0,30,1,2,0,0,10,5,0,0,0,18,200,0,200,200,3,200,200,200,200
392417,0,30,1,2,0,0,10,5,0,0,0,18,200,0,6,0,0,0,0,200,200
392420,0,35,1,1,0,3,10,5,3,0,0,25,0,2,200,200,200,200,200,200,200
392420,0,35,1,1,0,3,10,5,3,0,0,25,0,1,6,0,0,0,0,200,200
392420,0,35,1,1,0,3,10,5,3,0,0,25,0,0,6,0,0,0,0,200,200
392420,1,35,1,1,0,3,10,5,3,0,0,25,0,0,6,0,200,200,200,200,200
392420,1,35,1,1,0,3,10,5,3,0,0,25,0,0,6,0,200,200,200,200,200
392420,1,35,1,1,0,3,10,5,3,0,0,25,0,1,6,0,200,200,200,200,200
392420,1,35,1,1,0,3,10,5,3,0,0,25,0,1,5,0,200,200,200,200,200
392422,0,30,1,2,0,3,0,12,2,0,0,12,6,1,3,0,12,0,0,200,200
392422,0,30,1,2,0,3,0,12,2,0,0,12,6,0,5,0,0,0,0,200,200
392422,5,30,1,2,0,3,0,12,2,0,0,12,6,0,5,7,0,0,0,200,200
392422,1,30,1,2,0,3,0,12,2,0,0,12,6,0,6,0,200,200,200,200,200
392422,1,30,1,2,0,3,0,12,2,0,0,12,6,1,7,0,200,200,200,200,200
392422,1,30,1,2,0,3,0,12,2,0,0,12,6,1,3,0,200,200,200,200,200
392422,1,30,1,2,0,3,0,12,2,0,0,12,6,1,4,0,200,200,200,200,200
392424,4,30,1,2,0,0,8,2,0,0,200,0,200,1,0,2,5,200,0,200,200
392424,0,30,1,2,0,0,8,2,0,0,200,0,200,0,5,200,200,0,0,200,200
392426,0,10,200,200,0,0,2,0,0,200,0,0,0,2,200,200,200,200,200,200,200
392436,0,9,0,0,0,1,0,5,0,0,0,0,200,1,200,200,6,200,200,200,200
392436,0,9,0,0,0,1,0,5,0,0,0,0,200,1,7,0,0,0,0,200,200
392436,1,9,0,0,0,1,0,5,0,0,0,0,200,1,200,0,200,200,200,200,200
392445,0,30,1,2,0,3,10,5,0,0,0,18,16,0,3,0,3,0,0,200,200
392445,0,30,1,2,0,3,10,5,0,0,0,18,16,1,6,0,12,0,0,200,200
392445,1,30,1,2,0,3,10,5,0,0,0,18,16,1,2,0,200,200,200,200,200
392445,1,30,1,2,0,3,10,5,0,0,0,18,16,200,2,0,200,200,200,200,200
392445,1,30,1,2,0,3,10,5,0,0,0,18,16,1,2,0,200,200,200,200,200
392445,1,30,1,2,0,3,10,5,0,0,0,18,16,1,2,0,200,200,200,200,200
392446,0,15,0,0,0,3,10,7,0,0,0,17,18,0,5,200,1,0,0,200,200
392446,0,15,0,0,0,3,10,7,0,0,0,17,18,1,6,0,0,0,0,200,200
392458,0,30,2,2,0,3,14,12,0,0,0,23,23,0,0,0,7,0,0,200,200
392458,0,30,2,2,0,3,14,12,0,0,0,23,23,0,6,0,0,0,0,200,200
392460,0,30,2,2,0,3,14,5,3,0,0,14,0,0,200,200,12,200,200,200,200
392460,0,30,2,2,0,3,14,5,3,0,0,14,0,0,7,0,0,0,0,200,200
392460,0,30,2,2,0,3,14,5,3,0,0,14,0,1,6,0,0,0,0,200,200
392460,1,30,2,2,0,3,14,5,3,0,0,14,0,1,6,200,200,200,200,200,200
392460,1,30,2,2,0,3,14,5,3,0,0,14,0,0,200,200,200,200,200,200,200
392481,0,30,1,2,0,3,0,5,0,0,0,6,200,2,200,0,200,200,0,200,200
392481,0,30,1,2,0,3,0,5,0,0,0,6,200,0,5,200,1,0,0,200,200
392481,1,30,1,2,0,3,0,5,0,0,0,6,200,0,200,0,200,200,200,200,200
392481,1,30,1,2,0,3,0,5,0,0,0,6,200,0,6,200,200,200,200,200,200
392492,0,30,0,0,0,0,11,5,0,0,200,0,200,0,6,200,200,0,200,200,200
392492,0,30,0,0,0,0,11,5,0,0,200,0,200,0,5,200,200,0,200,200,200
392496,0,30,1,2,0,3,0,5,0,0,0,6,14,0,200,200,5,200,200,200,200
392496,0,30,1,2,0,3,0,5,0,0,0,6,14,0,7,0,0,0,0,200,200
392498,0,30,1,2,0,3,5,3,0,0,0,200,200,0,5,200,12,0,0,200,200
392502,0,30,1,2,0,3,10,8,0,0,0,200,200,2,200,200,200,200,200,200,200
392502,0,30,1,2,0,3,10,8,0,0,0,200,200,0,6,2,200,0,0,200,200
392505,0,20,0,0,0,3,7,6,0,0,0,20,16,1,7,200,6,200,200,200,200
392523,0,35,1,2,0,3,10,3,0,0,0,0,200,0,7,200,3,200,200,200,200
392523,0,35,1,2,0,3,10,3,0,0,0,0,200,0,5,200,0,0,0,200,200
392524,0,35,0,0,0,0,7,6,0,0,0,32,32,0,6,200,12,200,5,200,200
392538,0,45,1,2,0,3,0,3,0,0,0,6,200,0,6,0,5,0,1,200,200
392538,0,45,1,2,0,3,0,3,0,0,0,6,200,0,6,0,0,0,0,200,200
392538,1,45,1,2,0,3,0,3,0,0,0,6,200,0,200,200,200,200,200,200,200
392538,1,45,1,2,0,3,0,3,0,0,0,6,200,0,200,200,200,200,200,200,200
392558,0,30,0,0,0,3,7,7,0,0,0,20,200,0,200,200,6,200,200,200,200
392565,0,30,2,2,0,3,14,6,0,0,0,17,0,2,200,200,1,200,200,200,200
392565,0,30,2,2,0,3,14,6,0,0,0,17,0,0,8,200,0,0,0,200,200
392592,0,20,0,0,200,200,7,6,0,200,200,0,0,2,200,200,200,200,200,200,200
392594,0,30,1,2,0,3,0,2,0,0,0,6,0,2,200,200,200,200,200,200,200
392594,0,30,1,2,0,3,0,2,0,0,0,6,0,0,7,200,0,0,0,200,200
392597,0,35,0,0,0,3,2,5,0,0,0,200,200,0,6,200,12,0,0,200,200
392620,0,30,0,0,0,2,7,5,0,0,4,0,0,0,7,200,2,200,0,200,200
392621,0,30,1,2,0,2,14,1,0,0,0,17,17,1,6,200,1,200,200,200,200
392621,0,30,1,2,0,2,14,1,0,0,0,17,17,0,7,200,12,200,200,200,200
392621,1,30,1,2,0,2,14,1,0,0,0,17,17,0,6,200,200,200,200,200,200
392632,0,0,0,0,0,3,10,3,0,12,12,0,200,1,6,200,12,0,0,200,200
392632,0,0,0,0,0,3,10,3,0,12,12,0,200,1,4,200,0,200,200,200,200
392654,0,30,0,0,0,1,14,5,0,0,0,17,0,2,200,200,1,200,200,200,200
392654,0,30,0,0,0,1,14,5,0,0,0,17,0,0,6,0,0,0,0,200,200
392655,0,30,1,2,0,1,14,5,0,0,0,23,22,1,6,0,7,0,0,200,200
392655,0,30,1,2,0,1,14,5,0,0,0,23,22,1,6,0,0,0,0,200,200
392655,1,30,1,2,0,1,14,5,0,0,0,23,22,1,1,5,200,200,200,200,200
392656,0,35,2,0,0,1,14,5,0,0,0,7,0,1,5,200,12,200,200,200,200
392656,0,35,2,0,0,1,14,5,0,0,0,7,0,1,6,0,12,0,0,200,200
392659,0,30,1,2,0,1,12,3,0,0,0,23,200,1,7,0,7,0,0,200,200
392659,0,30,1,2,0,1,12,3,0,0,0,23,200,1,6,0,0,0,0,200,200
392666,0,30,0,0,0,1,10,5,0,0,0,18,200,0,7,200,3,200,0,200,200
392666,0,30,0,0,0,1,10,5,0,0,0,18,200,0,7,200,12,200,0,200,200
392669,0,30,0,0,0,1,12,2,0,0,2,21,200,1,6,200,1,200,0,200,200
392669,0,30,0,0,0,1,12,2,0,0,2,21,200,1,7,0,0,200,0,200,200
392670,0,30,0,0,0,1,7,5,0,0,0,0,0,0,6,0,200,200,0,200,200
392674,0,30,0,0,0,1,14,5,0,0,0,23,11,0,6,0,7,0,0,200,200
392674,0,30,0,0,0,1,14,5,0,0,0,23,11,0,5,0,0,0,0,200,200
392679,0,30,1,2,0,1,10,3,0,0,0,0,200,0,200,200,0,200,200,200,200
392679,0,30,1,2,0,1,10,3,0,0,0,0,200,1,7,0,0,0,0,200,200
392679,1,30,1,2,0,1,10,3,0,0,0,0,200,0,200,200,200,200,200,200,200
392681,0,30,0,0,0,1,12,2,0,0,0,17,22,0,6,0,1,0,0,200,200