RD_NO,PERSON_TYPE,POSTED_SPEED_LIMIT,TRAFFIC_CONTROL_DEVICE,DEVICE_CONDITION,WEATHER_CONDITION,LIGHTING_CONDITION,FIRST_CRASH_TYPE,TRAFFICWAY_TYPE,ALIGNMENT,ROADWAY_SURFACE_COND,ROAD_DEFECT,PRIM_CONTRIBUTORY_CAUSE,SEC_CONTRIBUTORY_CAUSE,SEX,AGE,SAFETY_EQUIPMENT,DRIVER_ACTION,DRIVER_VISION,PHYSICAL_CONDITION,BAC_RESULT VALUE,CELL_PHONE_USE
392681,0,30,0,0,0,1,12,2,0,0,0,17,22,0,6,0,0,0,0,200,200
392681,1,30,0,0,0,1,12,2,0,0,0,17,22,0,200,0,200,200,200,200,200
392682,0,30,1,2,0,4,10,2,0,0,0,18,0,0,200,200,3,200,200,200,200
392682,0,30,1,2,0,4,10,2,0,0,0,18,0,0,9,1,0,200,0,200,200
392682,1,30,1,2,0,4,10,2,0,0,0,18,0,1,200,0,200,200,200,200,200
392682,1,30,1,2,0,4,10,2,0,0,0,18,0,1,200,0,200,200,200,200,200
392683,0,30,2,2,0,1,10,2,0,0,0,11,0,1,6,0,3,0,0,200,200
392683,0,30,2,2,0,1,10,2,0,0,0,11,0,0,7,0,0,0,0,200,200
392695,0,0,0,0,2,1,7,5,0,0,0,20,0,0,5,0,12,0,0,200,200
392695,1,0,0,0,2,1,7,5,0,0,0,20,0,1,5,0,200,200,200,200,200
392696,0,30,1,2,0,1,10,5,0,0,0,18,200,1,5,0,3,0,0,200,200
392696,0,30,1,2,0,1,10,5,0,0,0,18,200,1,6,0,0,0,0,200,200
392700,0,20,0,0,0,1,7,5,0,0,0,7,18,0,200,200,3,200,200,200,200
392700,1,20,0,0,0,1,7,5,0,0,0,7,18,1,200,200,200,200,200,200,200
392706,0,30,2,2,0,1,0,2,0,0,0,17,0,1,6,0,1,0,0,200,200
392706,0,30,2,2,0,1,0,2,0,0,0,17,0,0,6,0,0,0,5,200,200
392706,1,30,2,2,0,1,0,2,0,0,0,17,0,0,5,0,200,200,200,200,200
392711,0,30,0,0,0,1,4,7,0,0,0,12,0,1,6,200,0,0,0,200,200
392718,0,30,0,0,0,1,10,5,0,0,200,18,0,0,200,200,3,200,200,200,200
392718,0,30,0,0,0,1,10,5,0,0,200,18,0,1,8,0,200,200,0,200,200
392724,0,30,1,2,0,1,8,2,0,0,0,17,11,1,5,0,1,0,0,200,200
392724,4,30,1,2,0,1,8,2,0,0,0,17,11,1,200,200,0,200,200,200,200
392727,0,20,0,0,0,1,7,6,0,0,0,0,0,2,200,200,200,200,200,200,200
392744,0,30,1,2,0,1,3,5,0,0,0,20,200,0,6,0,6,200,0,200,200
392744,0,30,1,2,0,1,3,5,0,0,0,20,200,0,4,0,0,0,0,200,200
392745,0,15,0,0,0,1,14,0,0,0,0,17,17,0,6,200,200,200,200,200,200
392745,0,15,0,0,0,1,14,0,0,0,0,17,17,0,6,200,1,200,200,200,200
392748,0,30,1,2,0,1,10,3,0,0,0,16,18,0,6,0,3,0,0,200,200
392748,0,30,1,2,0,1,10,3,0,0,0,16,18,1,8,0,0,0,0,200,200
392748,0,30,1,2,0,1,10,3,0,0,0,16,18,0,7,0,0,0,0,200,200
392748,1,30,1,2,0,1,10,3,0,0,0,16,18,1,7,0,200,200,200,200,200
392754,0,20,0,0,0,1,12,6,0,0,0,22,200,1,6,0,2,0,0,200,200
392754,0,20,0,0,0,1,12,6,0,0,0,22,200,0,7,0,0,0,0,200,200
392755,0,30,0,0,0,1,14,3,0,0,200,23,200,0,5,0,7,200,0,200,200
392755,0,30,0,0,0,1,14,3,0,0,200,23,200,0,6,0,0,200,0,200,200
392755,1,30,0,0,0,1,14,3,0,0,200,23,200,1,6,0,200,200,200,200,200
392755,1,30,0,0,0,1,14,3,0,0,200,23,200,1,8,0,200,200,200,200,200
392756,0,30,2,2,0,1,0,6,0,0,0,17,200,1,7,0,1,0,0,200,200
392756,0,30,2,2,0,1,0,6,0,0,0,17,200,0,5,0,0,0,0,200,200
392756,1,30,2,2,0,1,0,6,0,0,0,17,200,0,4,0,200,200,200,200,200
392756,1,30,2,2,0,1,0,6,0,0,0,17,200,0,5,0,200,200,200,200,200
392758,0,30,0,0,0,1,7,5,0,0,0,12,200,0,6,200,12,0,0,200,200
392758,1,30,0,0,0,1,7,5,0,0,0,12,200,0,6,200,200,200,200,200,200
392767,0,30,2,2,0,1,10,2,0,0,0,17,200,0,6,0,1,0,0,200,200
392767,0,30,2,2,0,1,10,2,0,0,0,17,200,1,6,0,0,0,0,200,200
392767,1,30,2,2,0,1,10,2,0,0,0,17,200,1,7,0,200,200,200,200,200
392767,1,30,2,2,0,1,10,2,0,0,0,17,200,1,2,0,200,200,200,200,200
392767,1,30,2,2,0,1,10,2,0,0,0,17,200,0,2,0,200,200,200,200,200
392775,0,25,0,0,0,1,7,5,0,0,0,200,200,2,200,200,200,200,200,200,200
392776,0,30,0,0,0,1,12,5,0,0,0,200,200,1,5,200,200,200,200,200,200
392776,0,30,0,0,0,1,12,5,0,0,0,200,200,0,5,200,200,200,0,200,200
392781,0,30,0,0,0,1,7,2,0,0,0,0,0,2,200,200,200,200,200,200,200
392787,0,25,0,0,0,1,14,5,0,0,0,17,200,1,5,0,1,0,0,200,200
392787,0,25,0,0,0,1,14,5,0,0,0,17,200,0,6,0,0,0,0,200,200
392788,0,45,1,2,0,1,10,3,0,0,0,16,200,1,200,2,12,0,0,200,200
392788,0,45,1,2,0,1,10,3,0,0,0,16,200,0,5,0,0,0,0,200,200
392788,1,45,1,2,0,1,10,3,0,0,0,16,200,200,200,0,200,200,200,200,200
392792,0,30,0,0,0,1,7,6,0,0,0,0,0,2,200,200,200,200,200,200,200
392802,0,25,0,0,0,1,7,5,0,0,0,0,0,1,0,200,200,200,0,200,200
392804,0,30,0,0,0,200,7,5,0,200,0,16,0,2,200,200,200,200,200,200,200
392805,0,30,1,2,0,1,14,5,0,0,0,18,0,1,200,200,8,200,200,200,200
392805,0,30,1,2,0,1,14,5,0,0,0,18,0,0,8,0,0,0,0,200,200
392818,0,30,0,0,0,1,7,12,0,0,0,0,200,0,200,200,12,200,200,200,200
392821,0,30,200,200,0,200,7,2,0,200,0,0,0,2,200,200,200,200,200,200,200
392830,0,15,0,0,0,1,2,0,0,12,0,11,200,0,7,200,12,12,0,200,200
392831,0,30,0,0,0,1,7,5,0,0,0,7,7,0,5,0,12,0,0,200,200
392834,0,25,0,0,0,1,7,6,0,0,0,0,0,0,200,200,200,200,200,200,200
392845,0,30,1,2,0,1,14,5,0,0,0,16,0,0,6,200,8,0,0,200,200
392845,0,30,1,2,0,1,14,5,0,0,0,16,0,1,6,200,12,0,0,200,200
392846,0,30,2,2,0,1,0,2,0,0,0,17,200,1,5,0,1,0,0,200,200
392846,0,30,2,2,0,1,0,2,0,0,0,17,200,0,6,0,200,0,0,200,200
392846,1,30,2,2,0,1,0,2,0,0,0,17,200,0,5,0,200,200,200,200,200
392849,0,15,0,0,0,1,7,5,0,0,0,23,200,1,9,0,7,0,0,200,200
392858,0,15,0,0,0,1,7,6,0,0,0,0,0,0,200,200,200,200,200,200,200
392873,0,30,0,0,0,1,10,2,0,0,0,7,200,1,5,200,12,200,0,200,200
392873,0,30,0,0,0,1,10,2,0,0,0,7,200,0,6,200,12,200,0,200,200
392873,1,30,0,0,0,1,10,2,0,0,0,7,200,1,7,200,200,200,200,200,200
392873,1,30,0,0,0,1,10,2,0,0,0,7,200,1,3,200,200,200,200,200,200
392873,1,30,0,0,0,1,10,2,0,0,0,7,200,1,2,200,200,200,200,200,200
392873,1,30,0,0,0,1,10,2,0,0,0,7,200,0,2,200,200,200,200,200,200
392873,1,30,0,0,0,1,10,2,0,0,0,7,200,1,0,200,200,200,200,200,200
392893,0,30,0,0,0,1,14,5,0,0,0,0,0,2,200,200,200,200,200,200,200
392893,0,30,0,0,0,1,14,5,0,0,0,0,0,0,6,200,200,200,200,200,200
392893,1,30,0,0,0,1,14,5,0,0,0,0,0,1,200,200,200,200,200,200,200
392900,0,30,0,0,0,1,7,5,0,0,0,0,0,2,200,200,200,200,200,200,200
392904,0,25,2,0,0,1,8,6,0,0,0,0,200,1,6,0,200,200,0,200,200
392904,4,25,2,0,0,1,8,6,0,0,0,0,200,0,200,7,0,200,200,200,200
392909,0,30,0,0,0,1,12,2,0,0,0,17,22,0,200,200,1,200,200,200,200
392909,0,30,0,0,0,1,12,2,0,0,0,17,22,0,6,0,0,0,0,200,200
392915,0,30,0,0,0,1,12,5,0,0,0,0,0,0,6,200,4,200,200,200,200
392915,0,30,0,0,0,1,12,5,0,0,0,0,0,0,9,200,200,200,200,200,200
392917,0,30,1,2,0,1,12,5,0,0,0,17,200,0,5,200,1,200,0,200,200
392917,0,30,1,2,0,1,12,5,0,0,0,17,200,1,6,200,0,200,0,200,200
392922,0,15,0,0,0,1,2,0,0,0,0,200,200,0,7,0,0,200,0,200,200
392922,1,15,0,0,0,1,2,0,0,0,0,200,200,0,7,0,200,200,200,200,200
392923,0,30,0,0,0,1,7,6,0,0,0,0,0,2,200,200,200,200,200,200,200
392926,0,30,0,0,0,3,7,6,0,200,0,0,200,2,200,200,200,200,200,200,200
392931,0,30,1,1,0,1,14,2,0,0,0,200,200,0,6,0,200,0,0,200,200
392931,0,30,1,1,0,1,14,2,0,0,0,200,200,0,6,0,200,0,0,200,200
392944,0,30,0,0,0,1,0,5,0,0,0,23,23,1,5,0,12,0,0,200,200
392944,0,30,0,0,0,1,0,5,0,0,0,23,23,1,5,0,0,0,0,200,200
392947,0,30,1,2,0,1,14,5,0,0,0,17,200,0,6,0,1,1,0,200,200
392947,0,30,1,2,0,1,14,5,0,0,0,17,200,0,6,0,0,0,0,200,200
392947,1,30,1,2,0,1,14,5,0,0,0,17,200,1,5,0,200,200,200,200,200
392948,0,25,0,0,0,1,3,7,3,0,0,0,0,0,7,200,200,200,200,200,200
392948,0,25,0,0,0,1,3,7,3,0,0,0,0,1,4,0,0,0,0,200,200
392949,0,25,2,2,0,1,14,5,3,0,0,23,23,0,7,0,7,200,0,200,200
392949,0,25,2,2,0,1,14,5,3,0,0,23,23,0,5,0,0,0,0,200,200
392951,0,10,0,0,0,1,5,0,0,0,0,0,200,0,200,200,200,200,200,200,200
392966,0,30,2,2,0,1,0,5,0,0,0,17,200,0,200,200,1,200,200,200,200
392966,0,30,2,2,0,1,0,5,0,0,0,17,200,0,9,0,0,0,0,200,200
392966,1,30,2,2,0,1,0,5,0,0,0,17,200,1,8,0,200,200,200,200,200
392968,0,30,0,2,0,1,10,5,0,0,0,0,200,1,200,200,200,200,200,200,200
392968,0,30,0,2,0,1,10,5,0,0,0,0,200,1,9,0,0,0,0,200,200
392969,0,30,0,0,0,2,10,6,0,0,0,16,200,0,5,0,3,0,0,200,200
392969,0,30,0,0,0,2,10,6,0,0,0,16,200,0,6,200,0,0,0,200,200
392978,0,35,1,2,0,1,14,2,0,0,0,23,200,0,8,200,7,12,0,200,200
392978,0,35,1,2,0,1,14,2,0,0,0,23,200,0,5,200,0,0,0,200,200
392980,0,30,0,0,0,1,12,5,0,0,0,0,200,1,7,200,3,0,0,200,200
392980,0,30,0,0,0,1,12,5,0,0,0,0,200,0,7,0,0,0,0,200,200
392980,1,30,0,0,0,1,12,5,0,0,0,0,200,0,200,0,200,200,200,200,200
392984,0,30,1,2,0,1,10,5,0,0,200,0,0,1,7,200,200,200,200,200,200
392984,0,30,1,2,0,1,10,5,0,0,200,0,0,1,200,0,0,0,0,200,200
392994,0,30,1,2,0,1,10,5,0,0,0,0,0,1,5,0,200,200,0,200,200
392994,0,30,1,2,0,1,10,5,0,0,0,0,0,0,6,0,200,200,0,200,200
392994,0,30,1,2,0,1,10,5,0,0,0,0,0,0,6,0,200,200,0,200,200
392994,1,30,1,2,0,1,10,5,0,0,0,0,0,0,5,0,200,200,200,200,200
392996,0,30,0,0,0,1,10,2,0,0,0,18,0,0,5,0,3,0,0,200,200
392996,0,30,0,0,0,1,10,2,0,0,0,18,0,0,6,0,0,0,0,200,200
392996,1,30,0,0,0,1,10,2,0,0,0,18,0,1,6,0,200,200,200,200,200
392996,1,30,0,0,0,1,10,2,0,0,0,18,0,1,5,0,200,200,200,200,200
392997,0,30,2,2,0,1,14,5,0,0,0,5,17,0,200,200,5,200,200,200,200
392997,0,30,2,2,0,1,14,5,0,0,0,5,17,1,6,0,0,0,0,200,200
392998,0,15,0,0,0,1,7,7,0,0,0,22,0,0,9,0,2,5,0,200,200
392999,0,30,0,0,0,3,0,5,0,0,0,0,0,2,200,200,200,200,200,200,200
392999,0,30,0,0,0,3,0,5,0,0,0,0,0,1,6,0,0,0,0,200,200
393002,0,30,1,2,0,1,14,5,0,0,0,0,0,0,6,0,200,0,0,200,200
393002,0,30,1,2,0,1,14,5,0,0,0,0,0,0,6,0,200,0,0,200,200
393006,0,30,1,2,0,1,12,5,0,0,0,0,200,0,7,0,200,0,0,200,200
393006,0,30,1,2,0,1,12,5,0,0,0,0,200,0,9,0,200,0,0,200,200
393006,1,30,1,2,0,1,12,5,0,0,0,0,200,1,7,0,200,200,200,200,200
393012,0,30,1,2,0,1,14,2,0,0,0,10,14,0,200,200,9,200,200,200,200
393012,0,30,1,2,0,1,14,2,0,0,0,10,14,1,5,0,0,0,0,200,200
393013,0,15,0,0,0,1,7,0,0,0,0,22,16,0,5,0,1,0,0,200,200
393015,0,30,0,0,0,1,10,12,0,0,0,18,0,0,3,0,3,0,0,200,200
393015,0,30,0,0,0,1,10,12,0,0,0,18,0,1,8,0,0,0,0,200,200
393020,0,30,0,0,0,1,12,3,0,0,0,21,200,1,3,200,4,200,0,200,200
393020,0,30,0,0,0,1,12,3,0,0,0,21,200,0,8,200,200,200,0,200,200
393020,1,30,0,0,0,1,12,3,0,0,0,21,200,1,5,200,200,200,200,200,200
393020,1,30,0,0,0,1,12,3,0,0,0,21,200,1,5,200,200,200,200,200,200
393020,1,30,0,0,0,1,12,3,0,0,0,21,200,0,1,200,200,200,200,200,200
393020,1,30,0,0,0,1,12,3,0,0,0,21,200,1,0,200,200,200,200,200,200
393020,1,30,0,0,0,1,12,3,0,0,0,21,200,0,0,200,200,200,200,200,200
393022,0,30,0,0,0,1,12,5,0,0,0,0,200,1,5,0,12,0,0,200,200
393022,0,30,0,0,0,1,12,5,0,0,0,0,200,1,5,200,0,0,0,200,200
393022,1,30,0,0,0,1,12,5,0,0,0,0,200,1,3,0,200,200,200,200,200
393022,1,30,0,0,0,1,12,5,0,0,0,0,200,0,0,5,200,200,200,200,200
393023,0,30,12,12,0,1,4,5,0,0,200,200,200,0,4,200,0,200,0,200,200
393023,0,30,12,12,0,1,4,5,0,0,200,200,200,0,6,200,0,200,0,200,200
393024,0,30,2,2,0,1,0,5,0,0,0,5,17,0,200,200,1,200,200,200,200
393024,0,30,2,2,0,1,0,5,0,0,0,5,17,1,7,200,0,4,0,200,200
393027,0,30,2,2,0,1,0,2,0,0,0,17,200,1,6,0,1,1,0,200,200
393027,0,30,2,2,0,1,0,2,0,0,0,17,200,0,5,0,0,0,0,200,200
393027,1,30,2,2,0,1,0,2,0,0,0,17,200,0,3,0,200,200,200,200,200
393031,0,30,0,0,0,1,7,5,0,0,0,16,200,0,200,0,0,0,12,200,200
393033,0,30,1,2,0,1,12,12,0,0,0,200,200,1,6,200,0,200,200,200,200
393033,0,30,1,2,0,1,12,12,0,0,0,200,200,0,5,0,0,0,0,200,200
393039,0,30,1,2,0,1,10,5,0,0,0,16,16,0,6,0,3,0,0,200,200
393039,0,30,1,2,0,1,10,5,0,0,0,16,16,0,6,0,0,0,0,200,200
393046,0,30,1,2,0,1,10,5,0,0,0,18,12,0,200,200,3,200,200,200,200
393046,0,30,1,2,0,1,10,5,0,0,0,18,12,0,7,0,12,0,0,200,200
393047,0,30,2,2,0,1,2,5,0,0,0,25,14,0,200,200,13,200,200,200,200
393047,1,30,2,2,0,1,2,5,0,0,0,25,14,0,3,200,200,200,200,200,200
393049,0,30,0,0,0,1,12,5,0,0,200,0,0,2,200,200,200,200,200,200,200
393049,0,30,0,0,0,1,12,5,0,0,200,0,0,1,5,0,200,0,0,200,200
393051,0,30,1,2,0,1,12,5,0,200,200,21,22,1,7,200,2,200,200,200,200
393051,0,30,1,2,0,1,12,5,0,200,200,21,22,0,6,0,12,200,0,200,200
393057,0,30,0,0,0,1,5,2,0,0,12,28,200,0,6,0,0,0,0,200,200
393058,0,30,0,0,0,1,7,5,0,200,200,0,200,2,200,200,200,200,200,200,200
393059,0,30,0,0,0,1,12,3,0,0,0,21,200,0,5,200,4,200,0,200,200
393059,0,30,0,0,0,1,12,3,0,0,0,21,200,1,6,200,0,200,0,200,200
393059,0,30,0,0,0,1,12,3,0,0,0,21,200,0,6,200,0,200,0,200,200
393059,0,30,0,0,0,1,12,3,0,0,0,21,200,2,200,200,0,200,200,200,200
393062,0,35,0,0,0,1,0,5,0,0,0,0,0,0,9,0,200,0,0,200,200
393062,0,35,0,0,0,1,0,5,0,0,0,0,0,0,6,0,200,0,0,200,200
393076,0,30,0,0,0,1,14,2,0,0,0,17,11,0,6,0,1,1,0,200,200
393076,0,30,0,0,0,1,14,2,0,0,0,17,11,0,6,0,0,0,0,200,200
393080,0,30,0,0,0,1,7,6,0,0,0,0,0,2,200,200,200,200,200,200,200
393082,0,30,0,0,0,1,11,5,0,0,0,200,200,1,6,0,12,200,7,200,200
393082,0,30,0,0,0,1,11,5,0,0,0,200,200,0,200,200,200,200,200,200,200
393083,0,30,0,0,0,1,12,2,0,0,0,18,200,1,200,200,12,200,200,200,200
393083,0,30,0,0,0,1,12,2,0,0,0,18,200,0,6,0,0,0,0,200,200
393084,0,15,0,0,0,1,12,7,0,0,0,200,200,1,200,200,10,200,0,200,200
393084,0,15,0,0,0,1,12,7,0,0,0,200,200,0,6,200,0,0,0,200,200
393085,0,30,0,0,0,3,7,5,0,0,0,0,200,2,200,200,200,200,200,200,200
393087,0,10,0,0,0,1,7,7,0,200,200,0,200,1,6,200,200,0,0,200,200
393088,0,20,0,0,0,1,7,6,0,0,0,0,0,1,8,0,200,200,7,200,200
393091,0,30,2,2,0,1,0,5,0,0,0,200,200,0,200,200,12,200,200,200,200
393091,0,30,2,2,0,1,0,5,0,0,0,200,200,1,8,0,0,0,0,200,200
393093,0,30,0,0,0,1,0,5,0,0,0,0,0,0,7,200,200,200,200,200,200
393093,0,30,0,0,0,1,0,5,0,0,0,0,0,0,6,0,0,0,0,200,200
393097,0,30,1,200,0,1,14,5,0,0,0,17,200,1,7,0,1,200,7,200,200
393097,0,30,1,200,0,1,14,5,0,0,0,17,200,0,8,0,0,0,0,200,200
393102,0,30,0,0,0,4,2,2,0,0,0,11,200,0,6,0,0,0,0,200,200
393105,0,15,0,0,0,1,7,0,0,0,0,25,200,2,200,200,12,200,200,200,200
393107,0,15,0,0,0,1,0,0,0,0,0,20,200,0,7,200,0,200,0,200,200
393107,0,15,0,0,0,1,0,0,0,0,0,20,200,1,0,200,0,200,0,200,200
393110,0,35,1,2,0,1,10,5,0,0,0,11,200,0,200,200,3,0,0,200,200
393110,0,35,1,2,0,1,10,5,0,0,0,11,200,0,8,0,0,0,0,200,200
393118,0,30,0,0,0,1,12,5,0,0,0,17,15,1,200,200,1,200,200,200,200
393118,0,30,0,0,0,1,12,5,0,0,0,17,15,1,6,200,8,200,0,200,200
393128,0,30,1,200,0,1,14,5,0,0,200,18,0,0,200,200,3,200,200,200,200
393128,0,30,1,200,0,1,14,5,0,0,200,18,0,0,7,200,200,200,0,200,200
393130,0,30,1,2,0,1,10,3,0,0,0,0,200,0,6,0,3,0,0,200,200
393130,0,30,1,2,0,1,10,3,0,0,0,0,200,0,9,0,0,0,0,200,200
393135,0,30,200,200,0,1,12,5,0,200,200,0,200,1,200,200,4,200,200,200,200
393135,0,30,200,200,0,1,12,5,0,200,200,0,200,0,6,200,0,0,0,200,200
393140,0,30,1,2,0,1,10,2,0,0,0,18,7,0,6,0,3,0,0,200,200
393140,0,30,1,2,0,1,10,2,0,0,0,18,7,1,6,0,0,0,0,200,200
393143,0,35,2,2,0,0,2,5,0,0,1,29,200,1,7,0,0,0,0,200,200
393146,0,30,1,2,0,1,14,5,0,0,0,18,200,0,6,0,3,0,0,200,200
393146,0,30,1,2,0,1,14,5,0,0,0,18,200,0,200,200,0,200,200,200,200
393149,0,30,0,0,0,1,7,5,0,0,0,0,0,2,200,200,200,200,200,200,200
393150,0,30,1,2,0,1,12,5,0,0,0,11,200,1,0,0,3,0,0,200,200
393150,0,30,1,2,0,1,12,5,0,0,0,11,200,0,6,0,0,0,0,200,200
393151,0,5,0,0,0,1,7,7,0,0,0,0,0,0,200,0,10,0,0,200,200
393162,0,30,1,2,0,1,12,5,0,200,200,0,0,1,9,0,200,200,0,200,200
393162,0,30,1,2,0,1,12,5,0,200,200,0,0,1,7,0,200,200,0,200,200
393165,0,30,1,2,0,1,9,5,0,0,0,17,200,1,6,0,1,0,0,200,200
393165,5,30,1,2,0,1,9,5,0,0,0,17,200,1,7,7,0,200,0,200,200
393174,0,30,0,0,0,1,10,5,0,200,200,0,200,0,4,200,200,0,0,200,200
393174,0,30,0,0,0,1,10,5,0,200,200,0,200,0,6,200,0,0,0,200,200
393175,0,30,2,200,200,1,0,2,0,0,200,5,200,0,7,0,0,200,0,200,200
393175,0,30,2,200,200,1,0,2,0,0,200,5,200,0,5,200,5,200,200,200,200
393179,0,30,0,0,0,3,10,2,0,0,200,18,200,0,200,200,0,200,200,200,200
393179,0,30,0,0,0,3,10,2,0,0,200,18,200,1,6,0,0,200,200,200,200
393180,0,15,0,0,0,1,7,7,0,0,0,20,16,0,9,200,6,200,0,200,200
393181,0,35,1,2,0,1,2,1,0,0,0,0,0,0,5,0,200,200,0,200,200
393184,0,30,1,2,0,1,14,5,0,0,0,23,23,0,200,200,7,200,200,200,200
393184,0,30,1,2,0,1,14,5,0,0,0,23,23,0,7,0,0,0,0,200,200
393185,0,20,2,2,0,1,14,5,0,0,0,11,0,0,6,200,7,0,0,200,200
393185,0,20,2,2,0,1,14,5,0,0,0,11,0,1,5,0,0,0,0,200,200
393195,0,0,0,0,0,1,0,7,0,0,200,0,0,1,6,0,0,0,0,200,200
393195,0,0,0,0,0,1,0,7,0,0,200,0,0,1,200,200,200,200,200,200,200
393213,0,15,0,0,0,1,2,0,0,0,0,25,200,0,200,200,8,200,200,200,200
393219,0,10,0,0,0,1,7,7,0,0,0,0,33,2,200,200,200,200,200,200,200
393226,0,30,0,0,0,1,7,2,0,0,0,15,0,0,200,200,200,200,200,200,200
393234,0,0,1,2,0,1,12,2,0,0,0,0,0,1,6,200,200,200,0,200,200
393234,0,0,1,2,0,1,12,2,0,0,0,0,0,1,6,200,0,200,0,200,200
393234,1,0,1,2,0,1,12,2,0,0,0,0,0,1,7,200,200,200,200,200,200
393234,1,0,1,2,0,1,12,2,0,0,0,0,0,0,1,5,200,200,200,200,200
393237,0,30,1,2,0,1,10,3,0,0,0,0,0,0,6,0,200,0,0,200,200
393237,0,30,1,2,0,1,10,3,0,0,0,0,0,0,5,0,0,0,0,200,200
393240,0,30,1,2,0,1,14,5,0,0,1,0,0,1,8,0,0,0,0,200,200
393240,0,30,1,2,0,1,14,5,0,0,1,0,0,0,6,200,7,0,0,200,200
393247,0,30,2,0,0,1,0,5,0,0,0,17,200,0,4,0,1,0,0,200,200
393247,0,30,2,0,0,1,0,5,0,0,0,17,200,1,3,0,0,0,0,200,200
393247,1,30,2,0,0,1,0,5,0,0,0,17,200,1,4,0,200,200,200,200,200
393251,0,30,0,0,0,1,7,7,0,0,0,0,200,2,200,200,200,200,200,200,200
393262,0,30,1,2,0,1,0,2,0,0,0,17,0,1,200,200,1,200,0,200,200
393262,0,30,1,2,0,1,0,2,0,0,0,17,0,1,8,0,0,0,0,200,200
393263,0,30,0,0,0,1,10,5,0,0,0,0,0,1,200,200,200,200,200,200,200
393263,0,30,0,0,0,1,10,5,0,0,0,0,0,0,7,0,0,0,0,200,200
393265,0,30,1,2,0,1,10,5,0,0,0,18,200,0,200,200,1,200,200,200,200
393265,0,30,1,2,0,1,10,5,0,0,0,18,200,0,5,0,0,0,0,200,200
393265,1,30,1,2,0,1,10,5,0,0,0,18,200,1,200,0,200,200,200,200,200
393265,1,30,1,2,0,1,10,5,0,0,0,18,200,1,200,0,200,200,200,200,200
393265,1,30,1,2,0,1,10,5,0,0,0,18,200,1,200,0,200,200,200,200,200
393265,1,30,1,2,0,1,10,5,0,0,0,18,200,1,200,0,200,200,200,200,200
393270,0,30,1,2,0,1,10,5,0,0,0,18,33,0,5,200,3,0,0,200,200
393270,0,30,1,2,0,1,10,5,0,0,0,18,33,1,7,7,0,0,0,200,200
393270,1,30,1,2,0,1,10,5,0,0,0,18,33,0,9,7,200,200,200,200,200
393289,0,30,2,0,0,1,0,2,0,0,0,17,200,0,5,200,0,0,0,200,200
393289,0,30,2,0,0,1,0,2,0,0,0,17,200,0,5,200,1,0,0,200,200
393291,0,30,0,0,0,1,12,5,0,0,0,22,0,0,200,200,1,200,200,200,200
393291,0,30,0,0,0,1,12,5,0,0,0,22,0,1,4,0,0,0,0,200,200
393292,0,30,2,2,0,1,10,5,0,0,200,0,0,1,200,200,1,200,200,200,200
393292,0,30,2,2,0,1,10,5,0,0,200,0,0,0,8,0,0,0,0,200,200
393292,1,30,2,2,0,1,10,5,0,0,200,0,0,1,200,0,200,200,200,200,200
393294,0,10,0,0,0,1,12,12,0,0,0,22,200,0,7,200,2,200,200,200,200
393294,0,10,0,0,0,1,12,12,0,0,0,22,200,0,6,0,0,0,0,200,200
393295,0,35,0,0,0,1,7,5,0,0,0,0,0,1,200,200,200,200,200,200,1
393299,0,30,0,0,0,1,10,7,0,0,0,0,0,1,7,0,12,0,0,200,200
393299,0,30,0,0,0,1,10,7,0,0,0,0,0,1,200,200,0,0,200,200,200
393300,0,20,0,0,0,1,0,7,0,0,0,20,200,1,6,200,6,0,0,200,200
393300,0,20,0,0,0,1,0,7,0,0,0,20,200,1,7,0,0,0,0,200,200
393302,0,30,0,0,0,1,2,12,0,0,0,0,0,0,6,0,12,3,0,200,200
393304,0,25,1,200,0,1,10,1,0,0,200,11,200,0,6,200,200,200,200,200,200
393304,0,25,1,200,0,1,10,1,0,0,200,11,200,0,5,0,0,0,0,200,200
393308,0,30,0,0,0,1,12,2,0,0,0,22,200,0,200,200,2,200,200,200,200
393308,0,30,0,0,0,1,12,2,0,0,0,22,200,0,5,0,0,0,0,200,200
393310,0,30,0,0,0,1,5,5,0,0,200,0,0,1,6,0,2,200,0,200,200
393311,0,30,200,200,0,1,10,5,0,200,200,18,200,0,6,200,3,200,200,200,200
393311,0,30,200,200,0,1,10,5,0,200,200,18,200,1,5,0,0,0,0,200,200
393311,1,30,200,200,0,1,10,5,0,200,200,18,200,1,200,0,200,200,200,200,200
393313,0,30,0,0,0,1,7,2,0,0,0,25,0,0,200,200,8,200,200,200,200
393316,0,30,0,0,0,1,0,6,0,0,0,0,0,1,7,200,6,0,0,200,200
393316,0,30,0,0,0,1,0,6,0,0,0,0,0,1,6,0,0,0,0,200,200
393323,0,30,0,0,0,1,14,2,0,0,0,4,16,0,7,200,4,0,0,200,200
393323,0,30,0,0,0,1,14,2,0,0,0,4,16,0,0,200,0,0,0,200,200
393323,1,30,0,0,0,1,14,2,0,0,0,4,16,0,200,200,200,200,200,200,200
393332,0,30,0,0,0,1,12,5,0,0,0,17,0,1,6,0,1,0,0,200,200
393332,0,30,0,0,0,1,12,5,0,0,0,17,0,0,5,0,200,0,0,200,200
393337,0,30,2,2,0,1,9,12,0,0,0,17,8,0,6,0,1,0,0,200,200