RD_NO,PERSON_TYPE,POSTED_SPEED_LIMIT,TRAFFIC_CONTROL_DEVICE,DEVICE_CONDITION,WEATHER_CONDITION,LIGHTING_CONDITION,FIRST_CRASH_TYPE,TRAFFICWAY_TYPE,ALIGNMENT,ROADWAY_SURFACE_COND,ROAD_DEFECT,PRIM_CONTRIBUTORY_CAUSE,SEC_CONTRIBUTORY_CAUSE,SEX,AGE,SAFETY_EQUIPMENT,DRIVER_ACTION,DRIVER_VISION,PHYSICAL_CONDITION,BAC_RESULT VALUE,CELL_PHONE_USE
393337,5,30,2,2,0,1,9,12,0,0,0,17,8,1,5,7,0,0,0,200,200
393341,0,30,0,0,0,1,7,2,0,0,200,0,0,2,200,200,200,200,200,200,200
393344,0,30,0,0,0,1,9,5,0,0,0,200,200,0,7,0,12,0,0,200,200
393344,5,30,0,0,0,1,9,5,0,0,0,200,200,1,200,7,0,200,200,200,200
393347,0,20,0,0,0,1,7,5,0,0,0,22,200,2,200,200,200,200,200,200,200
393350,0,30,0,0,0,1,10,5,0,0,0,18,12,1,4,0,3,0,0,200,200
393350,0,30,0,0,0,1,10,5,0,0,0,18,12,0,6,0,12,0,0,200,200
393350,1,30,0,0,0,1,10,5,0,0,0,18,12,1,7,0,200,200,200,200,200
393355,0,30,1,2,0,1,0,5,0,200,200,17,11,1,4,0,1,200,200,200,200
393355,0,30,1,2,0,1,0,5,0,200,200,17,11,1,9,200,200,200,200,200,200
393357,4,30,0,0,0,1,4,5,2,0,0,13,200,0,6,7,200,200,200,200,200
393357,0,30,0,0,0,1,4,5,2,0,0,13,200,2,200,200,200,200,200,200,200
393363,0,35,0,0,0,1,14,1,2,0,0,18,0,0,7,0,3,0,0,200,200
393363,0,35,0,0,0,1,14,1,2,0,0,18,0,0,7,0,0,0,0,200,200
393371,0,35,2,0,0,1,0,2,0,0,0,16,0,0,7,200,1,200,0,200,200
393371,0,35,2,0,0,1,0,2,0,0,0,16,0,0,5,200,0,200,0,200,200
393374,0,30,200,200,0,1,10,5,0,0,200,200,200,1,7,200,200,200,200,200,200
393374,0,30,200,200,0,1,10,5,0,0,200,200,200,1,8,0,0,0,0,200,200
393377,0,30,0,0,0,1,0,7,0,0,0,0,200,1,200,200,0,200,200,200,200
393377,0,30,0,0,0,1,0,7,0,0,0,0,200,1,6,7,0,0,0,200,200
393379,0,30,0,0,0,1,10,5,0,0,0,18,200,2,200,200,3,200,200,200,200
393379,0,30,0,0,0,1,10,5,0,0,0,18,200,1,6,200,3,0,0,200,200
393379,0,30,0,0,0,1,10,5,0,0,0,18,200,0,7,200,12,0,0,200,200
393379,1,30,0,0,0,1,10,5,0,0,0,18,200,1,4,200,200,200,200,200,200
393379,1,30,0,0,0,1,10,5,0,0,0,18,200,1,5,200,200,200,200,200,200
393383,0,30,2,2,0,1,0,5,0,0,0,17,0,0,8,0,1,0,0,200,200
393383,0,30,2,2,0,1,0,5,0,0,0,17,0,0,7,0,0,0,7,200,200
393387,0,30,1,2,0,1,10,5,0,0,0,18,18,0,4,0,3,0,0,200,200
393387,0,30,1,2,0,1,10,5,0,0,0,18,18,1,6,1,0,0,0,200,200
393395,0,25,2,2,0,1,0,6,0,0,0,17,0,1,5,0,1,0,0,200,200
393395,0,25,2,2,0,1,0,6,0,0,0,17,0,1,5,0,12,0,0,200,200
393399,0,0,0,0,0,1,8,2,0,0,0,17,33,0,7,0,12,1,0,200,200
393399,4,0,0,0,0,1,8,2,0,0,0,17,33,0,4,3,12,1,0,200,200
393400,0,15,0,0,0,1,11,0,0,200,200,0,0,1,5,200,6,200,200,200,200
393400,0,15,0,0,0,1,11,0,0,200,200,0,0,0,5,0,0,0,0,200,200
393401,0,30,0,0,0,1,7,5,0,0,0,0,0,2,200,200,1,200,200,200,200
393405,0,30,0,0,0,1,12,3,0,0,0,0,200,0,5,200,4,200,200,200,200
393405,0,30,0,0,0,1,12,3,0,0,0,0,200,1,6,0,0,0,0,200,200
393408,0,30,1,2,0,3,0,2,0,0,0,11,17,0,5,0,200,200,0,200,200
393408,0,30,1,2,0,3,0,2,0,0,0,11,17,0,6,0,0,0,0,200,200
393408,1,30,1,2,0,3,0,2,0,0,0,11,17,0,200,0,200,200,200,200,200
393408,1,30,1,2,0,3,0,2,0,0,0,11,17,1,200,0,200,200,200,200,200
393408,1,30,1,2,0,3,0,2,0,0,0,11,17,1,200,0,200,200,200,200,200
393408,1,30,1,2,0,3,0,2,0,0,0,11,17,1,200,0,200,200,200,200,200
393418,0,30,1,2,0,1,14,5,0,0,0,0,0,0,5,0,200,0,0,200,200
393418,0,30,1,2,0,1,14,5,0,0,0,0,0,0,4,0,0,0,0,200,200
393418,1,30,1,2,0,1,14,5,0,0,0,0,0,0,7,0,200,200,200,200,200
393418,1,30,1,2,0,1,14,5,0,0,0,0,0,1,0,5,200,200,200,200,200
393418,1,30,1,2,0,1,14,5,0,0,0,0,0,1,7,0,200,200,200,200,200
393418,1,30,1,2,0,1,14,5,0,0,0,0,0,200,5,0,200,200,200,200,200
393420,0,40,0,0,0,1,12,3,0,0,0,2,0,0,6,0,15,0,0,200,1
393420,0,40,0,0,0,1,12,3,0,0,0,2,0,1,6,0,0,0,0,200,200
393421,0,20,0,0,0,1,14,5,0,0,200,20,20,0,5,0,6,200,0,200,200
393421,0,20,0,0,0,1,14,5,0,0,200,20,20,1,6,0,0,200,0,200,200
393426,0,30,0,0,0,1,7,5,0,0,0,0,0,2,200,200,200,200,200,200,200
393430,0,30,0,0,0,0,10,5,0,200,200,18,18,1,5,200,3,200,200,200,200
393430,0,30,0,0,0,0,10,5,0,200,200,18,18,0,7,0,200,200,200,200,200
393430,1,30,0,0,0,0,10,5,0,200,200,18,18,1,7,0,200,200,200,200,200
393430,1,30,0,0,0,0,10,5,0,200,200,18,18,0,5,0,200,200,200,200,200
393431,0,30,200,200,0,1,12,5,0,0,0,200,200,1,200,200,200,200,200,200,200
393431,0,30,200,200,0,1,12,5,0,0,0,200,200,1,5,200,0,200,0,200,200
393433,0,30,1,2,0,1,14,6,0,0,0,17,0,0,8,0,1,0,0,200,200
393433,0,30,1,2,0,1,14,6,0,0,0,17,0,0,7,0,0,0,0,200,200
393434,0,30,0,0,0,1,12,6,0,0,0,17,22,0,6,0,4,0,0,200,200
393434,0,30,0,0,0,1,12,6,0,0,0,17,22,0,7,0,0,0,0,200,200
393437,0,15,0,0,0,1,10,7,0,0,0,20,16,0,5,200,6,0,0,200,200
393437,0,15,0,0,0,1,10,7,0,0,0,20,16,1,6,0,0,0,0,200,200
393442,0,35,0,0,0,1,14,2,0,0,0,23,200,0,8,0,7,200,0,200,200
393442,0,35,0,0,0,1,14,2,0,0,0,23,200,0,6,200,0,200,0,200,200
393442,1,35,0,0,0,1,14,2,0,0,0,23,200,1,5,200,200,200,200,200,200
393442,1,35,0,0,0,1,14,2,0,0,0,23,200,1,6,200,200,200,200,200,200
393443,0,30,0,0,0,1,10,5,0,0,200,18,0,0,200,200,12,200,200,200,200
393443,0,30,0,0,0,1,10,5,0,0,200,18,0,1,5,0,12,0,0,200,200
393444,0,30,0,0,0,1,7,5,0,0,0,20,200,2,200,200,200,200,200,200,200
393448,0,30,0,0,0,1,9,6,0,0,0,0,200,0,6,200,0,0,0,200,200
393448,5,30,0,0,0,1,9,6,0,0,0,0,200,0,7,7,0,0,200,200,200
393448,1,30,0,0,0,1,9,6,0,0,0,0,200,1,6,200,200,200,200,200,200
393455,0,30,1,2,0,1,14,2,0,0,0,0,0,1,5,0,12,200,0,200,200
393455,0,30,1,2,0,1,14,2,0,0,0,0,0,0,5,0,0,200,0,200,200
393455,1,30,1,2,0,1,14,2,0,0,0,0,0,0,6,0,200,200,200,200,200
393456,0,25,2,2,0,1,0,5,0,0,0,5,17,1,200,200,5,200,200,200,200
393456,0,25,2,2,0,1,0,5,0,0,0,5,17,0,5,0,12,0,0,200,200
393466,0,35,0,0,0,1,12,5,0,0,0,18,0,0,6,0,3,0,0,200,200
393466,0,35,0,0,0,1,12,5,0,0,0,18,0,0,6,0,0,0,0,200,200
393467,0,30,0,0,0,1,7,5,0,0,0,0,200,1,6,0,200,0,0,200,200
393472,0,30,0,0,0,1,7,6,0,0,0,0,0,0,200,0,10,0,0,200,200
393472,1,30,0,0,0,1,7,6,0,0,0,0,0,0,200,200,200,200,200,200,200
393480,0,30,1,2,0,1,10,6,0,0,0,18,200,1,5,0,200,0,0,200,200
393480,0,30,1,2,0,1,10,6,0,0,0,18,200,1,200,200,0,0,200,200,200
393481,0,30,0,0,0,1,12,5,0,0,0,22,22,1,6,7,0,0,0,200,200
393481,0,30,0,0,0,1,12,5,0,0,0,22,22,0,6,0,0,0,0,200,200
393483,0,30,0,0,0,1,3,6,0,0,0,20,0,0,200,200,6,200,200,200,200
393483,0,30,0,0,0,1,3,6,0,0,0,20,0,1,5,0,12,0,0,200,200
393484,0,30,0,0,0,1,14,5,0,0,0,17,23,0,5,0,1,0,0,200,200
393484,0,30,0,0,0,1,14,5,0,0,0,17,23,0,6,0,0,0,0,200,200
393491,0,30,1,2,0,1,14,12,0,0,0,0,0,0,200,200,1,200,200,200,200
393491,0,30,1,2,0,1,14,12,0,0,0,0,0,0,6,0,0,0,0,200,200
393494,0,30,0,0,0,1,10,6,0,0,0,21,200,0,6,0,0,0,0,200,200
393494,0,30,0,0,0,1,10,6,0,0,0,21,200,1,5,0,0,0,0,200,200
393501,0,20,0,0,1,1,7,0,0,0,0,0,200,0,6,200,12,0,0,200,200
393505,0,30,200,200,0,1,10,12,0,0,0,200,200,0,200,200,200,200,200,200,200
393505,0,30,200,200,0,1,10,12,0,0,0,200,200,0,200,0,200,200,0,200,200
393508,0,30,0,0,0,1,0,7,0,0,0,20,11,1,6,0,6,0,0,200,200
393508,0,30,0,0,0,1,0,7,0,0,0,20,11,1,5,0,12,0,0,200,200
393509,0,20,0,0,0,1,7,6,0,0,0,23,200,0,200,200,7,200,200,200,200
393512,0,35,0,0,0,4,12,5,0,0,0,0,0,0,200,200,200,200,200,200,200
393512,0,35,0,0,0,4,12,5,0,0,0,0,0,0,6,0,0,0,0,200,200
393517,0,30,0,0,0,1,12,2,0,0,0,0,0,1,5,200,200,200,200,200,200
393517,0,30,0,0,0,1,12,2,0,0,0,0,0,1,5,0,0,0,200,200,200
393518,0,45,0,0,0,1,10,2,0,0,0,18,0,0,6,0,3,0,0,200,200
393518,0,45,0,0,0,1,10,2,0,0,0,18,0,1,5,0,0,0,0,200,200
393518,0,45,0,0,0,1,10,2,0,0,0,18,0,0,6,200,0,0,0,200,200
393521,0,30,2,2,0,1,0,12,0,0,0,17,0,1,6,200,1,200,0,200,200
393521,0,30,2,2,0,1,0,12,0,0,0,17,0,0,6,200,0,200,0,200,200
393523,0,0,0,0,0,1,10,3,0,0,0,0,0,1,6,200,200,200,0,200,200
393523,0,0,0,0,0,1,10,3,0,0,0,0,0,1,6,200,0,0,0,200,200
393525,0,30,0,0,0,1,12,5,0,0,0,18,16,0,7,7,3,0,0,200,200
393525,0,30,0,0,0,1,12,5,0,0,0,18,16,0,5,0,0,0,0,200,200
393530,0,25,0,0,1,1,0,7,0,0,0,17,11,1,7,0,1,0,0,200,200
393530,0,25,0,0,1,1,0,7,0,0,0,17,11,0,4,0,12,0,0,200,200
393540,0,35,0,0,0,1,0,5,0,0,0,21,11,0,6,200,4,200,200,200,200
393540,0,35,0,0,0,1,0,5,0,0,0,21,11,0,6,200,0,200,200,200,200
393542,0,30,0,0,0,1,10,5,0,0,0,18,200,1,6,0,3,0,0,200,200
393542,0,30,0,0,0,1,10,5,0,0,0,18,200,1,5,200,0,0,0,200,200
393547,0,35,4,2,0,1,14,3,0,0,0,17,16,0,8,0,1,0,0,200,200
393547,0,35,4,2,0,1,14,3,0,0,0,17,16,0,6,0,0,0,0,200,200
393550,0,30,0,0,0,1,7,6,0,0,0,0,0,0,200,200,200,200,200,200,200
393552,0,5,0,0,1,1,7,7,0,0,0,11,0,1,200,200,12,200,200,200,200
393553,0,30,1,2,0,1,10,5,0,0,0,0,0,1,6,0,0,0,0,200,200
393553,0,30,1,2,0,1,10,5,0,0,0,0,0,0,5,0,0,0,0,200,200
393553,1,30,1,2,0,1,10,5,0,0,0,0,0,0,200,0,200,200,200,200,200
393553,1,30,1,2,0,1,10,5,0,0,0,0,0,1,200,0,200,200,200,200,200
393556,0,30,0,0,0,1,14,1,0,0,0,22,200,1,5,0,2,0,0,200,200
393556,0,30,0,0,0,1,14,1,0,0,0,22,200,1,7,0,0,0,0,200,200
393558,0,30,0,0,0,1,12,5,0,0,0,21,0,0,6,0,0,0,0,200,200
393558,0,30,0,0,0,1,12,5,0,0,0,21,0,0,5,0,0,0,0,200,200
393560,0,20,0,0,0,1,12,2,0,0,0,21,21,0,200,200,4,200,200,200,200
393560,0,20,0,0,0,1,12,2,0,0,0,21,21,1,7,0,0,0,0,200,200
393560,1,20,0,0,0,1,12,2,0,0,0,21,21,1,200,200,200,200,200,200,200
393561,0,30,2,2,0,1,10,6,0,0,200,18,16,0,7,200,3,200,200,200,200
393561,0,30,2,2,0,1,10,6,0,0,200,18,16,0,6,200,0,200,200,200,200
393561,1,30,2,2,0,1,10,6,0,0,200,18,16,1,5,200,200,200,200,200,200
393563,0,30,0,0,200,200,7,200,0,200,200,20,200,0,200,200,6,200,200,200,200
393566,0,30,1,2,0,1,12,5,0,0,0,21,21,1,200,200,12,200,200,200,200
393566,0,30,1,2,0,1,12,5,0,0,0,21,21,1,6,0,1,0,0,200,200
393566,1,30,1,2,0,1,12,5,0,0,0,21,21,0,3,0,200,200,200,200,200
393566,1,30,1,2,0,1,12,5,0,0,0,21,21,1,2,0,200,200,200,200,200
393568,0,30,200,200,200,200,7,5,0,0,0,200,200,2,200,200,200,200,200,200,200
393569,0,30,0,0,0,1,7,5,0,0,200,0,0,2,200,200,200,200,200,200,200
393571,0,30,0,0,0,1,8,2,0,0,0,0,200,2,200,200,200,200,200,200,200
393571,4,30,0,0,0,1,8,2,0,0,0,0,200,0,6,2,200,0,0,200,200
393579,0,35,1,0,0,1,10,2,0,0,0,7,11,1,5,0,15,0,0,200,1
393579,0,35,1,0,0,1,10,2,0,0,0,7,11,0,7,0,0,0,0,200,200
393581,0,30,1,2,0,1,10,2,0,0,0,16,0,0,6,200,6,0,0,200,200
393581,0,30,1,2,0,1,10,2,0,0,0,16,0,1,6,200,0,0,0,200,200
393581,0,30,1,2,0,1,10,2,0,0,0,16,0,1,6,200,0,0,0,200,200
393582,0,30,3,2,0,1,8,5,0,0,0,4,0,0,7,200,1,200,200,200,200
393582,4,30,3,2,0,1,8,5,0,0,0,4,0,1,5,200,0,0,0,200,200
393584,0,35,0,2,0,1,12,2,0,0,1,21,22,0,200,200,10,200,200,200,200
393584,0,35,0,2,0,1,12,2,0,0,1,21,22,1,6,0,12,0,0,200,200
393588,0,30,0,0,0,1,10,5,0,0,0,16,18,0,0,0,3,200,0,200,200
393588,0,30,0,0,0,1,10,5,0,0,0,16,18,1,8,0,12,0,0,200,200
393588,0,30,0,0,0,1,10,5,0,0,0,16,18,1,7,0,12,0,0,200,200
393589,0,30,1,200,0,1,0,2,0,200,200,20,200,2,200,200,6,200,200,200,200
393589,0,30,1,200,0,1,0,2,0,200,200,20,200,1,7,0,0,0,0,200,200
393592,0,30,1,200,0,1,10,3,0,200,200,18,200,0,200,200,3,200,200,200,200
393592,0,30,1,200,0,1,10,3,0,200,200,18,200,1,7,200,0,0,0,200,200
393592,1,30,1,200,0,1,10,3,0,200,200,18,200,0,200,200,200,200,200,200,200
393594,0,30,0,0,0,1,9,5,2,0,0,33,200,0,6,200,12,5,200,200,200
393594,5,30,0,0,0,1,9,5,2,0,0,33,200,0,2,7,0,0,0,200,200
393594,1,30,0,0,0,1,9,5,2,0,0,33,200,1,6,200,200,200,200,200,200
393596,0,30,1,2,0,4,10,6,0,0,0,16,0,0,6,0,200,0,0,200,200
393596,0,30,1,2,0,4,10,6,0,0,0,16,0,1,7,0,0,0,0,200,200
393597,0,30,1,2,0,1,7,5,0,0,0,200,35,2,200,200,200,200,200,200,200
393602,4,30,1,2,0,1,8,5,0,0,0,22,22,0,200,7,2,0,0,200,200
393602,0,30,1,2,0,1,8,5,0,0,0,22,22,1,5,0,0,0,0,200,200
393604,0,30,0,0,0,1,7,5,0,0,0,0,200,2,200,200,200,200,200,200,200
393608,0,30,2,200,0,1,10,3,0,0,0,0,0,1,6,200,3,200,200,200,200
393608,0,30,2,200,0,1,10,3,0,0,0,0,0,1,6,0,0,0,0,200,200
393611,0,30,0,0,0,3,0,7,0,200,200,0,0,0,5,0,200,200,0,200,200
393611,0,30,0,0,0,3,0,7,0,200,200,0,0,0,7,0,0,0,0,200,200
393614,0,30,0,0,0,1,10,5,0,0,0,18,0,2,200,200,3,200,200,200,200
393614,0,30,0,0,0,1,10,5,0,0,0,18,0,1,6,0,12,0,0,200,200
393614,1,30,0,0,0,1,10,5,0,0,0,18,0,0,3,0,200,200,200,200,200
393614,1,30,0,0,0,1,10,5,0,0,0,18,0,0,3,0,200,200,200,200,200
393619,0,30,0,0,0,1,14,2,0,0,0,23,200,0,6,0,0,0,0,200,200
393619,0,30,0,0,0,1,14,2,0,0,0,23,200,0,7,7,0,0,0,200,200
393619,1,30,0,0,0,1,14,2,0,0,0,23,200,200,200,7,200,200,200,200,200
393619,1,30,0,0,0,1,14,2,0,0,0,23,200,200,200,0,200,200,200,200,200
393619,1,30,0,0,0,1,14,2,0,0,0,23,200,200,200,0,200,200,200,200,200
393619,1,30,0,0,0,1,14,2,0,0,0,23,200,200,200,0,200,200,200,200,200
393619,1,30,0,0,0,1,14,2,0,0,0,23,200,200,200,0,200,200,200,200,200
393619,1,30,0,0,0,1,14,2,0,0,0,23,200,200,200,0,200,200,200,200,200
393620,0,30,0,0,0,1,10,5,0,0,0,16,0,0,6,200,200,200,0,200,200
393620,0,30,0,0,0,1,10,5,0,0,0,16,0,1,5,200,200,200,0,200,200
393624,0,30,200,200,0,1,12,5,0,0,200,200,200,1,200,200,200,200,200,200,200
393624,0,30,200,200,0,1,12,5,0,0,200,200,200,0,7,0,0,0,0,200,200
393628,0,30,1,2,0,1,10,5,0,0,0,18,0,0,7,0,3,0,0,200,200
393628,0,30,1,2,0,1,10,5,0,0,0,18,0,0,6,0,12,0,0,200,200
393630,0,30,1,2,0,4,7,2,0,0,0,0,0,0,200,200,200,200,200,200,200
393631,0,30,1,2,0,1,10,2,0,0,0,18,0,1,200,200,3,200,200,200,200
393631,0,30,1,2,0,1,10,2,0,0,0,18,0,0,6,0,12,0,0,200,200
393631,1,30,1,2,0,1,10,2,0,0,0,18,0,1,6,0,200,200,200,200,200
393633,0,30,0,0,0,1,14,0,0,0,0,0,200,2,200,200,0,200,200,200,200
393633,0,30,0,0,0,1,14,0,0,0,0,0,200,0,7,7,0,0,0,200,200
393634,0,40,0,0,0,1,10,3,0,0,0,0,200,0,5,200,1,200,200,200,200
393634,0,40,0,0,0,1,10,3,0,0,0,0,200,1,7,0,0,0,200,200,200
393634,1,40,0,0,0,1,10,3,0,0,0,0,200,0,5,0,200,200,200,200,200
393638,0,30,2,0,0,1,8,5,0,0,0,22,200,0,200,200,12,200,200,200,200
393638,4,30,2,0,0,1,8,5,0,0,0,22,200,1,200,3,0,0,0,200,200
393638,1,30,2,0,0,1,8,5,0,0,0,22,200,1,200,200,200,200,200,200,200
393638,1,30,2,0,0,1,8,5,0,0,0,22,200,200,200,200,200,200,200,200,200
393643,0,30,2,1,0,1,14,5,0,0,0,23,11,0,6,200,200,200,200,200,200
393643,0,30,2,1,0,1,14,5,0,0,0,23,11,0,5,200,200,0,0,200,200
393643,1,30,2,1,0,1,14,5,0,0,0,23,11,0,5,200,200,200,200,200,200
393655,0,30,200,200,0,1,10,5,0,0,200,200,200,1,200,200,3,200,200,200,200
393655,0,30,200,200,0,1,10,5,0,0,200,200,200,0,6,0,0,0,0,200,200
393656,0,30,2,2,0,1,14,2,0,0,200,23,23,0,5,0,7,0,0,200,200
393656,0,30,2,2,0,1,14,2,0,0,200,23,23,1,5,200,0,200,200,200,200
393656,1,30,2,2,0,1,14,2,0,0,200,23,23,1,200,0,200,200,200,200,200
393665,0,30,0,0,0,4,11,5,0,0,0,0,0,1,200,200,200,200,200,200,200
393665,0,30,0,0,0,4,11,5,0,0,0,0,0,0,6,0,0,0,0,200,200
393672,0,30,1,0,0,1,12,5,0,0,200,0,0,1,200,200,200,200,200,200,200
393672,0,30,1,0,0,1,12,5,0,0,200,0,0,1,7,0,0,200,200,200,200
393674,0,30,1,2,0,1,10,5,0,0,0,0,0,0,200,200,200,200,200,200,200
393674,0,30,1,2,0,1,10,5,0,0,0,0,0,0,6,200,0,200,0,200,200
393676,0,30,0,0,0,1,7,5,0,0,0,200,200,2,200,200,200,200,200,200,200
393677,0,30,0,0,0,1,12,3,0,0,0,11,0,0,200,200,200,0,0,200,200
393677,0,30,0,0,0,1,12,3,0,0,0,11,0,1,9,0,0,0,0,200,200
393683,0,30,0,0,0,4,0,200,0,200,200,17,200,0,5,200,1,200,0,200,200
393683,0,30,0,0,0,4,0,200,0,200,200,17,200,0,7,200,0,200,0,200,200
393699,0,30,0,0,0,3,7,6,0,0,200,23,23,0,200,200,7,200,200,200,200
393699,1,30,0,0,0,3,7,6,0,0,200,23,23,0,200,200,200,200,200,200,200
393699,1,30,0,0,0,3,7,6,0,0,200,23,23,0,5,200,200,200,200,200,200
393701,0,0,0,0,0,1,7,5,0,0,0,0,0,2,200,200,200,200,200,200,200
393705,0,35,0,2,0,1,7,5,0,0,12,25,11,0,3,200,12,0,0,200,200
393705,1,35,0,2,0,1,7,5,0,0,12,25,11,0,2,200,200,200,200,200,200
393720,0,30,0,0,0,1,14,5,0,0,200,23,0,0,5,200,12,0,0,200,200
393720,0,30,0,0,0,1,14,5,0,0,200,23,0,0,6,0,0,0,0,200,200
393720,1,30,0,0,0,1,14,5,0,0,200,23,0,0,200,200,200,200,200,200,200
393720,1,30,0,0,0,1,14,5,0,0,200,23,0,1,6,0,200,200,200,200,200
393720,1,30,0,0,0,1,14,5,0,0,200,23,0,1,6,0,200,200,200,200,200
393720,1,30,0,0,0,1,14,5,0,0,200,23,0,1,2,0,200,200,200,200,200
393720,1,30,0,0,0,1,14,5,0,0,200,23,0,1,2,0,200,200,200,200,200
393721,0,30,200,200,0,1,10,5,0,0,200,0,200,0,6,200,200,200,200,200,200
393721,0,30,200,200,0,1,10,5,0,0,200,0,200,1,5,200,200,200,200,200,200
393721,1,30,200,200,0,1,10,5,0,0,200,0,200,1,5,200,200,200,200,200,200
393723,0,10,0,0,0,4,0,7,0,0,0,20,200,0,5,200,6,0,0,200,200
393723,0,10,0,0,0,4,0,7,0,0,0,20,200,0,6,200,0,0,0,200,200
393746,0,30,1,2,0,3,10,5,0,0,0,16,18,1,6,0,3,0,0,200,200
393746,0,30,1,2,0,3,10,5,0,0,0,16,18,0,7,0,0,0,0,200,200
393746,1,30,1,2,0,3,10,5,0,0,0,16,18,0,3,0,200,200,200,200,200
393746,1,30,1,2,0,3,10,5,0,0,0,16,18,1,2,0,200,200,200,200,200
393746,1,30,1,2,0,3,10,5,0,0,0,16,18,0,2,0,200,200,200,200,200
393746,1,30,1,2,0,3,10,5,0,0,0,16,18,1,2,0,200,200,200,200,200
393757,0,30,0,0,0,3,2,2,0,0,0,200,200,0,200,200,200,200,200,200,200
393769,0,30,0,0,0,3,7,5,0,0,0,0,0,2,200,200,200,200,200,200,200
393769,1,30,0,0,0,3,7,5,0,0,0,0,0,0,1,5,200,200,200,200,200
393774,0,30,0,0,0,1,12,5,0,0,0,0,0,0,7,0,4,0,0,200,200
393774,0,30,0,0,0,1,12,5,0,0,0,0,0,0,7,200,200,200,200,200,200
393774,1,30,0,0,0,1,12,5,0,0,0,0,0,1,7,0,200,200,200,200,200
393785,0,30,0,0,0,200,7,2,0,0,0,0,200,2,200,200,12,200,200,200,200
393788,0,30,0,0,0,3,10,5,0,0,0,18,18,1,6,7,0,0,0,200,200
393788,0,30,0,0,0,3,10,5,0,0,0,18,18,1,6,0,0,0,0,200,200
393792,0,30,0,3,0,0,7,2,0,0,0,0,0,0,6,0,200,0,200,200,200
393798,0,30,0,0,0,3,7,2,0,0,0,12,200,1,5,200,200,200,0,200,200
393806,0,35,1,200,0,2,3,5,0,0,0,200,200,1,3,0,200,200,0,200,200
393806,0,35,1,200,0,2,3,5,0,0,0,200,200,1,5,0,0,200,0,200,200
393808,0,25,1,2,0,3,10,5,0,0,0,18,200,0,7,200,3,200,200,200,200
393808,0,25,1,2,0,3,10,5,0,0,0,18,200,0,6,0,0,0,0,200,200
393810,0,30,0,0,0,3,10,5,0,2,12,28,0,0,200,200,12,200,200,200,200
393810,0,30,0,0,0,3,10,5,0,2,12,28,0,1,6,0,12,0,0,200,200
393812,0,0,0,0,0,4,0,7,0,0,200,20,17,0,7,200,6,200,0,200,200
393812,0,0,0,0,0,4,0,7,0,0,200,20,17,0,5,200,0,200,0,200,200
393814,0,15,0,0,0,3,8,0,0,0,0,17,16,0,200,200,1,200,200,200,200
393814,4,15,0,0,0,3,8,0,0,0,0,17,16,0,3,7,0,0,0,200,200
393814,1,15,0,0,0,3,8,0,0,0,0,17,16,1,200,200,200,200,200,200,200
393822,0,30,0,0,0,1,7,5,0,0,0,20,200,0,200,200,6,200,200,200,200
393829,0,30,0,0,0,3,7,6,0,0,0,0,0,1,6,200,200,200,200,200,200
393840,0,30,0,0,0,3,10,5,0,0,0,16,200,1,3,200,3,0,0,200,200
393840,0,30,0,0,0,3,10,5,0,0,0,16,200,0,7,200,3,0,0,200,200
393840,0,30,0,0,0,3,10,5,0,0,0,16,200,1,6,200,0,0,0,200,200
393843,0,10,0,0,0,3,7,7,0,0,0,0,0,1,6,200,1,200,0,200,200
393847,0,30,0,0,0,1,10,3,5,0,0,0,200,1,6,200,3,0,200,200,200
393847,0,30,0,0,0,1,10,3,5,0,0,0,200,0,8,0,0,0,0,200,200
393855,0,25,2,2,0,3,0,6,0,0,0,17,0,1,6,0,1,0,0,200,200
393855,0,25,2,2,0,3,0,6,0,0,0,17,0,0,4,0,0,0,0,200,200
393865,0,15,0,0,0,3,7,5,0,0,0,13,200,0,6,0,14,12,0,200,200
393872,5,30,1,2,0,3,9,3,0,0,0,6,200,1,5,7,1,200,200,200,200
393872,0,30,1,2,0,3,9,3,0,0,0,6,200,0,4,0,200,0,0,200,200
393872,1,30,1,2,0,3,9,3,0,0,0,6,200,0,5,0,200,200,200,200,200
393877,0,30,0,0,0,3,10,5,0,0,0,18,21,0,200,200,200,200,200,200,200
393877,0,30,0,0,0,3,10,5,0,0,0,18,21,1,6,0,0,0,0,200,200
393883,0,30,1,1,0,3,14,5,0,0,0,0,200,0,7,0,200,0,0,200,200
393883,0,30,1,1,0,3,14,5,0,0,0,0,200,1,7,0,0,0,0,200,200
393892,0,30,1,2,0,3,10,5,0,0,0,18,0,1,200,200,3,200,200,200,200
393892,0,30,1,2,0,3,10,5,0,0,0,18,0,1,6,0,0,200,200,200,200
393893,0,30,4,2,0,3,10,5,0,0,0,0,0,0,200,200,200,200,200,200,200
393893,0,30,4,2,0,3,10,5,0,0,0,0,0,1,5,0,0,0,0,200,200
393897,0,30,1,2,0,3,10,5,0,0,0,0,0,0,6,0,200,0,200,200,200
393897,0,30,1,2,0,3,10,5,0,0,0,0,0,0,6,0,200,0,0,200,200
393897,1,30,1,2,0,3,10,5,0,0,0,0,0,1,6,0,200,200,200,200,200