RD_NO,PERSON_TYPE,POSTED_SPEED_LIMIT,TRAFFIC_CONTROL_DEVICE,DEVICE_CONDITION,WEATHER_CONDITION,LIGHTING_CONDITION,FIRST_CRASH_TYPE,TRAFFICWAY_TYPE,ALIGNMENT,ROADWAY_SURFACE_COND,ROAD_DEFECT,PRIM_CONTRIBUTORY_CAUSE,SEC_CONTRIBUTORY_CAUSE,SEX,AGE,SAFETY_EQUIPMENT,DRIVER_ACTION,DRIVER_VISION,PHYSICAL_CONDITION,BAC_RESULT VALUE,CELL_PHONE_USE
393897,1,30,1,2,0,3,10,5,0,0,0,0,0,1,0,0,200,200,200,200,200
393897,1,30,1,2,0,3,10,5,0,0,0,0,0,0,6,0,200,200,200,200,200
393897,1,30,1,2,0,3,10,5,0,0,0,0,0,0,5,0,200,200,200,200,200
393900,0,30,1,2,0,3,0,5,0,0,0,14,6,0,200,0,5,200,200,200,200
393900,0,30,1,2,0,3,0,5,0,0,0,14,6,0,6,0,0,0,0,200,200
393900,1,30,1,2,0,3,0,5,0,0,0,14,6,1,200,0,200,200,200,200,200
393900,1,30,1,2,0,3,0,5,0,0,0,14,6,1,200,0,200,200,200,200,200
393900,1,30,1,2,0,3,0,5,0,0,0,14,6,0,200,0,200,200,200,200,200
393902,0,30,4,2,0,3,12,5,0,0,0,0,0,1,200,200,200,200,200,200,200
393902,0,30,4,2,0,3,12,5,0,0,0,0,0,0,5,3,0,200,0,200,200
393904,0,30,1,2,0,3,14,1,0,0,0,21,4,0,6,200,4,200,0,200,200
393904,0,30,1,2,0,3,14,1,0,0,0,21,4,0,6,200,0,200,0,200,200
393904,1,30,1,2,0,3,14,1,0,0,0,21,4,1,6,200,200,200,200,200,200
393913,0,35,1,200,0,3,10,2,0,0,200,18,32,0,8,0,3,200,5,0.12,200
393913,0,35,1,200,0,3,10,2,0,0,200,18,32,0,6,0,12,0,0,200,200
393915,0,30,1,2,0,3,10,2,0,0,0,0,200,1,6,200,3,0,200,200,200
393915,0,30,1,2,0,3,10,2,0,0,0,0,200,0,7,0,0,0,0,200,200
393922,0,30,0,0,0,3,9,5,0,0,0,0,200,1,5,200,200,0,0,200,200
393922,5,30,0,0,0,3,9,5,0,0,0,0,200,1,7,200,200,200,0,200,200
393931,0,25,0,0,0,3,7,5,0,0,0,200,200,0,7,0,200,0,0,200,200
393934,0,30,1,2,0,3,14,3,0,0,0,0,0,1,5,200,1,0,0,200,200
393934,0,30,1,2,0,3,14,3,0,0,0,0,0,0,9,200,0,0,0,200,200
393934,0,30,1,2,0,3,14,3,0,0,0,0,0,1,5,200,0,0,0,200,200
393934,1,30,1,2,0,3,14,3,0,0,0,0,0,1,6,200,200,200,200,200,200
393934,1,30,1,2,0,3,14,3,0,0,0,0,0,0,5,200,200,200,200,200,200
393939,0,5,0,0,0,3,7,4,0,0,0,25,200,0,200,200,2,200,200,200,200
393943,0,30,0,0,0,3,12,5,0,0,0,22,0,2,200,200,200,200,200,200,200
393943,0,30,0,0,0,3,12,5,0,0,0,22,0,0,6,200,0,0,0,200,200
393950,0,30,200,200,0,1,7,6,0,0,0,0,0,2,200,200,200,200,200,200,200
393955,4,30,1,2,0,3,8,2,0,0,0,6,17,0,5,2,5,0,0,200,200
393955,0,30,1,2,0,3,8,2,0,0,0,6,17,0,6,0,0,0,0,200,200
393974,0,30,1,2,0,3,10,5,0,0,0,14,7,0,6,200,3,200,0,200,200
393974,0,30,1,2,0,3,10,5,0,0,0,14,7,0,5,200,0,200,0,200,200
393974,0,30,1,2,0,3,10,5,0,0,0,14,7,1,6,200,200,0,0,200,200
393978,0,35,0,0,0,3,7,5,0,0,0,32,27,0,6,200,8,200,5,0.23,200
393982,0,35,1,200,0,3,10,5,0,0,200,0,0,0,200,200,200,200,200,200,200
393982,0,35,1,200,0,3,10,5,0,0,200,0,0,1,6,200,0,200,0,200,200
393987,0,30,0,0,0,3,7,6,0,0,0,0,0,2,200,200,200,200,200,200,200
393994,0,30,1,200,0,3,2,3,0,200,200,15,200,0,3,200,8,200,200,200,200
394002,0,30,1,2,0,3,10,6,0,0,0,18,200,0,200,200,3,200,200,200,200
394002,0,30,1,2,0,3,10,6,0,0,0,18,200,0,7,0,0,0,0,200,200
394022,0,30,1,2,0,3,10,5,0,0,0,200,200,0,5,200,3,200,0,200,200
394022,0,30,1,2,0,3,10,5,0,0,0,200,200,0,7,200,0,200,0,200,200
394028,0,30,0,0,0,3,7,6,0,0,0,0,0,2,200,200,200,200,200,200,200
394045,0,30,1,2,0,3,10,5,0,0,0,17,23,0,6,0,1,0,0,200,200
394045,0,30,1,2,0,3,10,5,0,0,0,17,23,0,7,0,0,0,0,200,200
394045,1,30,1,2,0,3,10,5,0,0,0,17,23,1,7,0,200,200,200,200,200
394047,0,30,1,2,0,3,10,2,0,0,0,18,0,1,5,200,3,200,200,200,200
394047,0,30,1,2,0,3,10,2,0,0,0,18,0,0,5,0,0,0,0,200,200
394057,0,30,1,2,0,3,10,2,0,0,0,23,200,0,7,0,7,0,0,200,200
394057,0,30,1,2,0,3,10,2,0,0,0,23,200,0,6,0,0,0,0,200,200
394057,1,30,1,2,0,3,10,2,0,0,0,23,200,1,6,0,200,200,200,200,200
394057,1,30,1,2,0,3,10,2,0,0,0,23,200,0,6,0,200,200,200,200,200
394059,0,30,0,0,0,3,7,2,0,0,0,16,0,0,6,200,12,0,200,200,200
394059,1,30,0,0,0,3,7,2,0,0,0,16,0,0,5,200,200,200,200,200,200
394063,0,30,1,2,0,3,10,8,2,0,0,0,200,0,5,0,200,0,0,200,200
394063,0,30,1,2,0,3,10,8,2,0,0,0,200,0,5,0,0,0,0,200,200
394063,1,30,1,2,0,3,10,8,2,0,0,0,200,0,5,0,200,200,200,200,200
394073,0,30,9,2,0,3,7,3,0,12,4,11,16,1,4,0,5,0,0,200,200
394073,1,30,9,2,0,3,7,3,0,12,4,11,16,0,5,0,200,200,200,200,200
394073,1,30,9,2,0,3,7,3,0,12,4,11,16,1,5,200,200,200,200,200,200
394073,1,30,9,2,0,3,7,3,0,12,4,11,16,0,5,200,200,200,200,200,200
394073,1,30,9,2,0,3,7,3,0,12,4,11,16,1,5,200,200,200,200,200,200
394073,1,30,9,2,0,3,7,3,0,12,4,11,16,1,4,200,200,200,200,200,200
394073,1,30,9,2,0,3,7,3,0,12,4,11,16,0,5,200,200,200,200,200,200
394080,0,30,0,0,0,3,3,5,0,0,0,4,0,0,5,200,12,200,200,200,200
394080,0,30,0,0,0,3,3,5,0,0,0,4,0,0,6,200,0,0,0,200,200
394080,1,30,0,0,0,3,3,5,0,0,0,4,0,0,200,200,200,200,200,200,200
394082,0,30,0,0,0,1,10,5,0,0,0,0,18,1,4,7,0,0,0,200,200
394082,0,30,0,0,0,1,10,5,0,0,0,0,18,0,5,7,0,0,0,200,200
394088,0,30,0,0,0,1,7,5,0,0,0,200,200,0,8,200,200,200,0,200,200
394099,0,30,1,2,0,3,10,5,0,0,0,0,0,0,5,200,200,200,0,200,200
394099,0,30,1,2,0,3,10,5,0,0,0,0,0,1,6,0,200,200,0,200,200
394104,0,35,0,0,0,3,3,5,0,0,0,0,0,0,5,0,200,0,200,200,200
394104,0,35,0,0,0,3,3,5,0,0,0,0,0,1,5,0,0,0,0,200,200
394117,0,30,1,2,0,1,10,5,0,0,0,16,18,0,6,0,3,0,0,200,200
394117,0,30,1,2,0,1,10,5,0,0,0,16,18,1,7,0,0,0,0,200,200
394119,0,30,1,2,0,1,0,2,0,0,0,0,0,0,6,0,200,0,0,200,200
394119,0,30,1,2,0,1,0,2,0,0,0,0,0,0,6,0,200,0,0,200,200
394123,0,30,0,0,0,1,10,2,0,0,0,18,16,0,6,200,3,200,200,200,200
394123,0,30,0,0,0,1,10,2,0,0,0,18,16,0,8,200,0,200,200,200,200
394126,0,30,1,2,0,1,0,5,0,0,0,6,21,0,8,200,5,0,12,200,200
394126,0,30,1,2,0,1,0,5,0,0,0,6,21,0,6,0,0,0,0,200,200
394126,0,30,1,2,0,1,0,5,0,0,0,6,21,0,6,0,0,0,0,200,200
394138,0,30,0,0,0,1,14,2,0,0,0,23,0,0,8,200,1,0,200,200,200
394138,0,30,0,0,0,1,14,2,0,0,0,23,0,0,6,0,0,0,0,200,200
394142,0,30,0,0,0,1,12,3,0,0,0,17,22,0,200,200,1,200,200,200,200
394142,0,30,0,0,0,1,12,3,0,0,0,17,22,0,7,0,0,0,0,200,200
394145,0,30,1,2,0,1,0,5,0,0,0,0,0,1,9,200,1,200,200,200,200
394145,0,30,1,2,0,1,0,5,0,0,0,0,0,1,6,0,0,0,0,200,200
394149,0,30,0,0,0,1,7,5,0,0,0,8,200,0,6,0,12,0,0,200,200
394155,0,30,0,0,0,200,7,6,0,0,0,200,200,2,200,200,200,200,200,200,200
394159,0,30,0,0,0,2,7,6,0,0,0,0,200,2,200,200,200,200,200,200,200
394162,0,30,0,0,0,1,7,5,0,0,0,0,0,2,200,200,200,200,200,200,200
394167,0,30,0,0,0,1,14,2,0,0,0,0,0,1,6,200,200,200,0,200,200
394167,0,30,0,0,0,1,14,2,0,0,0,0,0,0,5,200,200,200,0,200,200
394169,0,30,1,2,1,1,10,2,0,0,0,18,11,0,200,200,3,200,200,200,200
394169,0,30,1,2,1,1,10,2,0,0,0,18,11,1,6,200,0,0,0,200,200
394171,0,30,1,2,0,1,14,5,0,0,0,23,23,0,0,200,7,200,0,200,200
394171,0,30,1,2,0,1,14,5,0,0,0,23,23,1,200,200,0,0,0,200,200
394173,0,20,0,0,0,1,7,7,0,0,0,20,11,0,0,0,6,5,0,200,200
394175,0,30,0,0,0,1,12,2,0,0,0,21,21,0,6,0,4,0,0,200,200
394175,0,30,0,0,0,1,12,2,0,0,0,21,21,1,6,0,0,0,0,200,200
394176,0,30,1,2,0,1,0,3,0,0,0,6,200,0,5,200,1,200,0,200,200
394176,0,30,1,2,0,1,0,3,0,0,0,6,200,0,7,200,0,200,0,200,200
394177,0,30,0,0,200,200,7,6,0,0,0,0,200,2,200,200,200,200,200,200,200
394186,0,30,0,0,0,1,2,6,0,0,0,7,16,0,6,200,8,12,0,200,200
394187,0,30,1,2,0,1,12,6,0,0,0,11,200,0,6,200,2,0,0,200,200
394187,0,30,1,2,0,1,12,6,0,0,0,11,200,0,7,200,0,0,0,200,200
394187,1,30,1,2,0,1,12,6,0,0,0,11,200,0,6,200,200,200,200,200,200
394188,0,25,1,2,0,1,12,5,0,0,0,17,17,0,6,0,1,0,0,200,200
394188,0,25,1,2,0,1,12,5,0,0,0,17,17,1,6,0,0,0,0,200,200
394189,0,15,0,0,0,1,7,7,0,0,0,0,0,1,6,0,10,0,0,200,200
394192,0,30,0,0,0,1,12,2,0,0,0,200,12,0,7,0,12,0,0,200,200
394192,0,30,0,0,0,1,12,2,0,0,0,200,12,0,6,0,200,0,0,200,200
394193,0,30,0,0,0,0,10,2,0,0,0,0,34,1,5,200,200,200,200,200,200
394193,0,30,0,0,0,0,10,2,0,0,0,0,34,0,7,0,1,200,0,200,200
394204,0,30,0,0,1,1,0,5,0,0,200,0,0,1,200,200,12,200,200,200,200
394204,0,30,0,0,1,1,0,5,0,0,200,0,0,1,8,200,0,200,0,200,200
394205,0,30,0,0,0,1,7,5,0,0,0,12,12,0,6,0,12,0,0,200,200
394209,0,30,0,0,0,1,10,2,0,0,0,7,200,1,6,200,12,200,0,200,200
394209,0,30,0,0,0,1,10,2,0,0,0,7,200,1,6,200,0,0,0,200,200
394212,0,30,0,0,0,1,12,2,0,0,0,27,200,0,6,0,4,0,2,200,200
394212,0,30,0,0,0,1,12,2,0,0,0,27,200,1,5,0,0,0,0,200,200
394212,0,30,0,0,0,1,12,2,0,0,0,27,200,0,6,0,0,0,0,200,200
394224,0,30,0,0,0,1,12,5,0,0,0,18,18,0,7,200,3,200,0,200,200
394224,0,30,0,0,0,1,12,5,0,0,0,18,18,0,5,200,0,0,0,200,200
394228,0,15,0,0,0,1,7,12,0,0,0,0,0,2,200,200,200,200,200,200,200
394232,0,30,0,0,0,0,7,5,0,0,0,0,5,0,200,0,6,0,0,200,200
394234,0,30,1,2,0,1,10,2,0,0,0,8,0,0,8,0,12,0,0,200,200
394234,0,30,1,2,0,1,10,2,0,0,0,8,0,0,6,0,0,0,0,200,200
394234,0,30,1,2,0,1,10,2,0,0,0,8,0,0,8,0,0,0,0,200,200
394234,1,30,1,2,0,1,10,2,0,0,0,8,0,0,1,5,200,200,200,200,200
394234,1,30,1,2,0,1,10,2,0,0,0,8,0,1,2,0,200,200,200,200,200
394234,1,30,1,2,0,1,10,2,0,0,0,8,0,1,3,0,200,200,200,200,200
394234,1,30,1,2,0,1,10,2,0,0,0,8,0,0,2,0,200,200,200,200,200
394236,0,30,0,0,0,4,7,5,0,0,0,0,200,2,200,200,200,200,200,200,200
394242,0,30,0,0,0,1,14,5,0,0,0,23,200,0,6,200,7,200,0,200,200
394242,0,30,0,0,0,1,14,5,0,0,0,23,200,0,6,0,200,200,0,200,200
394242,0,30,0,0,0,1,14,5,0,0,0,23,200,1,6,0,0,200,0,200,200
394242,0,30,0,0,0,1,14,5,0,0,0,23,200,0,5,0,0,200,0,200,200
394249,0,40,0,0,0,1,10,3,0,0,0,18,16,0,7,0,8,0,0,200,200
394249,0,40,0,0,0,1,10,3,0,0,0,18,16,0,6,0,0,0,0,200,200
394249,1,40,0,0,0,1,10,3,0,0,0,18,16,0,2,0,200,200,200,200,200
394249,1,40,0,0,0,1,10,3,0,0,0,18,16,1,7,0,200,200,200,200,200
394258,0,30,1,2,0,1,14,5,0,0,0,23,200,0,7,200,7,0,0,200,200
394258,0,30,1,2,0,1,14,5,0,0,0,23,200,0,6,200,0,0,0,200,200
394260,0,20,0,0,0,1,12,2,0,0,0,200,200,1,6,0,4,0,0,200,200
394260,0,20,0,0,0,1,12,2,0,0,0,200,200,0,200,200,0,200,200,200,200
394262,0,30,1,2,0,1,14,5,0,0,0,22,200,0,6,0,7,0,0,200,200
394262,0,30,1,2,0,1,14,5,0,0,0,22,200,0,6,0,12,0,0,200,200
394265,0,30,1,2,0,1,12,2,0,0,0,18,17,1,200,200,1,200,200,200,200
394265,0,30,1,2,0,1,12,2,0,0,0,18,17,1,7,0,0,0,0,200,200
394265,1,30,1,2,0,1,12,2,0,0,0,18,17,0,200,200,200,200,200,200,200
394269,0,30,1,2,0,1,14,6,0,0,0,0,0,0,6,200,12,0,0,200,200
394269,0,30,1,2,0,1,14,6,0,0,0,0,0,1,6,200,12,0,0,200,200
394271,0,35,1,2,0,1,11,6,0,0,0,10,0,2,200,200,9,200,200,200,200
394271,0,35,1,2,0,1,11,6,0,0,0,10,0,0,6,0,0,0,0,200,200
394272,0,30,1,2,0,1,14,2,0,0,0,22,21,1,200,200,4,200,200,200,200
394272,0,30,1,2,0,1,14,2,0,0,0,22,21,1,6,0,0,0,0,200,200
394274,0,25,0,0,1,1,12,5,0,0,0,0,0,0,6,0,0,0,0,200,200
394274,0,25,0,0,1,1,12,5,0,0,0,0,0,1,6,0,0,0,0,200,200
394277,0,30,0,0,0,0,14,5,0,0,0,0,200,2,200,200,0,200,200,200,200
394277,0,30,0,0,0,0,14,5,0,0,0,0,200,0,5,0,0,0,0,200,200
394279,0,30,0,0,0,1,7,2,0,0,0,0,200,1,5,0,12,0,0,200,200
394285,0,30,1,2,0,1,14,5,0,0,0,17,0,0,7,0,7,12,0,200,200
394285,0,30,1,2,0,1,14,5,0,0,0,17,0,0,5,0,0,0,0,200,200
394289,5,30,3,2,0,1,9,3,0,0,0,17,200,0,7,7,12,0,0,200,200
394289,0,30,3,2,0,1,9,3,0,0,0,17,200,0,6,0,0,0,0,200,200
394291,0,30,200,200,0,1,12,6,0,0,0,17,17,1,200,200,1,200,200,200,200
394291,0,30,200,200,0,1,12,6,0,0,0,17,17,0,6,200,0,0,0,200,200
394303,0,30,0,0,0,1,0,6,0,0,0,17,16,0,7,0,1,1,0,200,200
394303,0,30,0,0,0,1,0,6,0,0,0,17,16,0,6,0,0,1,0,200,200
394308,0,30,0,0,0,1,7,5,0,0,0,0,0,1,200,200,200,200,200,200,200
394308,1,30,0,0,0,1,7,5,0,0,0,0,0,0,6,0,200,200,200,200,200
394309,0,15,0,0,0,1,10,12,0,0,0,20,17,0,200,200,6,200,200,200,200
394309,0,15,0,0,0,1,10,12,0,0,0,20,17,1,7,0,0,0,200,200,200
394311,0,30,0,0,0,1,10,2,0,0,0,18,200,0,6,0,3,0,0,200,200
394311,0,30,0,0,0,1,10,2,0,0,0,18,200,1,5,0,0,0,0,200,200
394311,1,30,0,0,0,1,10,2,0,0,0,18,200,0,5,0,200,200,200,200,200
394312,0,30,1,2,0,1,10,2,0,0,0,18,0,1,6,0,3,0,0,200,200
394312,0,30,1,2,0,1,10,2,0,0,0,18,0,0,6,7,0,0,0,200,200
394333,0,30,1,2,0,1,14,2,0,0,0,23,200,0,7,0,7,0,0,200,200
394333,0,30,1,2,0,1,14,2,0,0,0,23,200,0,7,0,0,0,0,200,200
394333,1,30,1,2,0,1,14,2,0,0,0,23,200,1,7,0,200,200,200,200,200
394340,0,30,0,0,0,1,12,5,0,0,0,22,200,1,200,200,2,200,200,200,200
394340,0,30,0,0,0,1,12,5,0,0,0,22,200,1,6,0,0,0,0,200,200
394343,0,30,1,2,0,1,7,5,0,0,0,0,0,0,200,200,200,200,200,200,200
394347,0,30,1,2,1,1,14,2,0,0,0,17,11,1,9,0,1,0,0,200,200
394347,0,30,1,2,1,1,14,2,0,0,0,17,11,0,6,200,0,0,0,200,200
394347,1,30,1,2,1,1,14,2,0,0,0,17,11,1,9,200,200,200,200,200,200
394347,1,30,1,2,1,1,14,2,0,0,0,17,11,1,9,200,200,200,200,200,200
394351,0,15,0,0,0,1,10,7,0,0,0,20,200,1,6,200,6,200,0,200,200
394351,0,15,0,0,0,1,10,7,0,0,0,20,200,0,6,0,0,0,0,200,200
394351,1,15,0,0,0,1,10,7,0,0,0,20,200,1,200,0,200,200,200,200,200
394351,1,15,0,0,0,1,10,7,0,0,0,20,200,1,200,7,200,200,200,200,200
394351,1,15,0,0,0,1,10,7,0,0,0,20,200,0,200,0,200,200,200,200,200
394355,0,30,0,0,0,0,0,6,0,0,0,0,200,0,6,0,200,0,0,200,200
394355,0,30,0,0,0,0,0,6,0,0,0,0,200,0,200,200,200,200,200,200,200
394355,1,30,0,0,0,0,0,6,0,0,0,0,200,1,200,200,200,200,200,200,200
394361,0,30,2,2,0,1,14,5,0,0,0,5,0,0,6,0,0,0,0,200,200
394361,0,30,2,2,0,1,14,5,0,0,0,5,0,0,6,0,5,0,0,200,200
394361,1,30,2,2,0,1,14,5,0,0,0,5,0,1,6,0,200,200,200,200,200
394361,1,30,2,2,0,1,14,5,0,0,0,5,0,200,200,6,200,200,200,200,200
394361,1,30,2,2,0,1,14,5,0,0,0,5,0,1,2,6,200,200,200,200,200
394361,1,30,2,2,0,1,14,5,0,0,0,5,0,0,0,5,200,200,200,200,200
394361,1,30,2,2,0,1,14,5,0,0,0,5,0,1,3,0,200,200,200,200,200
394362,0,20,0,0,0,200,7,6,0,0,0,0,200,2,200,200,200,200,200,200,200
394368,0,30,1,2,0,1,14,1,3,0,0,22,0,0,200,200,7,200,200,200,200
394368,0,30,1,2,0,1,14,1,3,0,0,22,0,0,7,0,0,0,0,200,200
394374,0,30,1,2,0,1,10,2,0,0,0,18,200,1,5,200,3,200,200,200,200
394374,0,30,1,2,0,1,10,2,0,0,0,18,200,0,7,0,0,0,0,200,200
394378,0,30,0,0,1,1,7,7,0,0,0,23,26,1,200,200,7,200,200,200,200
394378,1,30,0,0,1,1,7,7,0,0,0,23,26,0,5,0,200,200,200,200,200
394378,1,30,0,0,1,1,7,7,0,0,0,23,26,0,2,0,200,200,200,200,200
394378,1,30,0,0,1,1,7,7,0,0,0,23,26,0,1,5,200,200,200,200,200
394383,0,10,0,0,1,1,7,7,0,0,0,11,200,0,7,7,12,12,0,200,200
394402,0,0,0,0,0,1,7,7,0,0,0,200,200,0,0,200,200,0,0,200,200
394404,0,30,1,2,0,1,14,5,0,0,0,21,0,1,200,200,200,200,200,200,200
394404,0,30,1,2,0,1,14,5,0,0,0,21,0,0,5,200,200,200,200,200,200
394418,0,30,2,2,0,1,8,5,0,0,0,17,17,0,200,200,1,200,200,200,200
394418,4,30,2,2,0,1,8,5,0,0,0,17,17,1,2,2,0,0,0,200,200
394419,0,25,0,0,0,1,12,3,0,0,0,22,0,1,5,0,2,0,0,200,200
394419,0,25,0,0,0,1,12,3,0,0,0,22,0,0,6,0,0,0,0,200,200
394420,0,30,0,0,0,1,12,6,0,0,0,21,17,0,8,0,4,0,0,200,200
394420,0,30,0,0,0,1,12,6,0,0,0,21,17,0,5,0,0,0,0,200,200
394422,0,15,0,0,200,200,7,6,0,200,0,0,0,2,200,200,200,200,200,200,200
394429,0,30,1,2,0,1,12,2,0,0,0,21,0,0,6,0,12,0,0,200,200
394429,0,30,1,2,0,1,12,2,0,0,0,21,0,1,6,0,1,0,0,200,200
394436,0,10,0,0,0,0,7,5,0,0,0,0,0,2,200,200,200,200,200,200,200
394437,0,0,0,0,0,1,7,7,0,0,0,23,200,0,6,0,12,0,0,200,200
394441,0,15,0,0,0,1,7,0,0,0,0,20,0,0,6,200,6,200,0,200,200
394441,1,15,0,0,0,1,7,0,0,0,0,20,0,0,7,200,200,200,200,200,200
394444,0,30,0,0,0,1,7,5,0,0,0,200,200,0,200,200,200,200,200,200,200
394446,0,30,1,2,0,1,12,5,0,0,0,17,17,0,200,200,3,0,200,200,200
394446,0,30,1,2,0,1,12,5,0,0,0,17,17,1,6,0,0,0,0,200,200
394449,0,30,0,0,0,1,10,5,0,0,0,0,200,0,5,0,12,0,0,200,200
394449,0,30,0,0,0,1,10,5,0,0,0,0,200,1,6,0,0,0,0,200,200
394462,0,35,0,0,0,1,7,5,0,0,0,11,0,2,200,200,12,200,200,200,200
394465,0,25,1,2,0,1,10,5,0,0,0,0,18,1,6,0,3,0,0,200,200
394465,0,25,1,2,0,1,10,5,0,0,0,0,18,1,8,0,0,0,0,200,200
394479,0,30,0,0,0,1,7,3,0,0,0,0,200,0,200,200,200,200,200,200,200
394482,0,30,1,2,0,1,10,3,0,0,0,18,0,0,200,0,3,200,0,200,200
394482,0,30,1,2,0,1,10,3,0,0,0,18,0,0,0,0,0,0,0,200,200
394482,0,30,1,2,0,1,10,3,0,0,0,18,0,0,200,0,0,0,0,200,200
394484,0,20,0,0,0,1,7,6,0,0,0,20,200,1,8,0,6,200,0,200,200
394484,1,20,0,0,0,1,7,6,0,0,0,20,200,1,5,200,200,200,200,200,200
394487,0,30,0,0,0,1,7,6,0,0,0,11,200,1,200,200,0,200,200,200,200
394490,0,30,0,0,0,1,12,5,0,0,0,22,17,0,8,200,1,0,0,200,200
394490,0,30,0,0,0,1,12,5,0,0,0,22,17,0,7,200,0,0,0,200,200
394493,0,30,0,0,0,1,10,0,0,0,0,0,0,1,5,200,10,200,200,200,200
394493,0,30,0,0,0,1,10,0,0,0,0,0,0,1,5,0,0,0,0,200,200
394495,0,30,0,0,0,1,14,2,0,0,0,17,200,0,4,0,1,1,0,200,200
394495,0,30,0,0,0,1,14,2,0,0,0,17,200,1,3,0,0,1,0,200,200
394495,1,30,0,0,0,1,14,2,0,0,0,17,200,1,8,0,200,200,200,200,200
394495,1,30,0,0,0,1,14,2,0,0,0,17,200,1,2,0,200,200,200,200,200
394495,1,30,0,0,0,1,14,2,0,0,0,17,200,1,4,0,200,200,200,200,200
394497,0,30,0,0,1,1,7,5,0,0,0,17,0,0,7,200,0,200,200,200,200
394497,1,30,0,0,1,1,7,5,0,0,0,17,0,0,8,1,200,200,200,200,200
394497,1,30,0,0,1,1,7,5,0,0,0,17,0,1,8,200,200,200,200,200,200
394497,1,30,0,0,1,1,7,5,0,0,0,17,0,0,200,200,200,200,200,200,200
394502,0,30,0,0,1,1,0,2,0,0,0,20,200,0,4,7,1,12,0,200,200
394502,0,30,0,0,1,1,0,2,0,0,0,20,200,0,6,0,0,0,0,200,200
394523,0,10,0,0,0,1,10,7,0,0,0,16,0,0,8,200,6,200,200,200,200
394523,0,10,0,0,0,1,10,7,0,0,0,16,0,1,7,0,0,0,0,200,200
394525,0,20,0,0,0,1,7,7,0,0,0,20,11,0,8,0,6,5,0,200,200
394526,0,30,1,2,0,1,12,5,0,0,0,200,200,1,7,200,0,0,0,200,200
394526,0,30,1,2,0,1,12,5,0,0,0,200,200,1,200,200,0,0,0,200,200
394527,0,30,0,0,0,1,0,5,0,0,0,17,17,0,4,0,1,0,0,200,200
394527,0,30,0,0,0,1,0,5,0,0,0,17,17,0,7,200,0,0,0,200,200
394530,0,30,1,2,0,1,10,5,0,0,0,18,16,1,6,200,3,200,0,200,200
394530,0,30,1,2,0,1,10,5,0,0,0,18,16,0,4,0,0,0,0,200,200
394530,0,30,1,2,0,1,10,5,0,0,0,18,16,0,200,200,0,200,200,200,200
394533,0,30,1,2,0,1,10,5,0,0,0,27,18,0,8,0,3,0,4,200,200
394533,0,30,1,2,0,1,10,5,0,0,0,27,18,0,9,0,0,0,0,200,200
394534,0,5,0,0,0,1,7,7,0,0,0,200,200,0,9,200,12,200,0,200,200
394535,0,30,0,0,0,1,2,2,0,0,0,14,15,0,200,200,8,200,200,200,200
394535,1,30,0,0,0,1,2,2,0,0,0,14,15,0,200,200,200,200,200,200,200
394537,0,30,0,0,0,1,14,5,0,0,0,200,200,0,200,200,0,200,200,200,200
394537,0,30,0,0,0,1,14,5,0,0,0,200,200,1,5,0,0,0,0,200,200
394537,1,30,0,0,0,1,14,5,0,0,0,200,200,0,200,0,200,200,200,200,200
394537,1,30,0,0,0,1,14,5,0,0,0,200,200,1,200,0,200,200,200,200,200
394537,1,30,0,0,0,1,14,5,0,0,0,200,200,2,200,200,200,200,200,200,200
394539,0,30,1,2,1,1,14,2,0,0,0,17,200,0,5,0,1,0,0,200,200
394539,0,30,1,2,1,1,14,2,0,0,0,17,200,0,4,0,200,0,0,200,200
394539,1,30,1,2,1,1,14,2,0,0,0,17,200,0,2,0,200,200,200,200,200
394554,0,30,1,2,0,1,10,5,0,200,200,0,0,0,6,200,12,200,200,200,200
394554,0,30,1,2,0,1,10,5,0,200,200,0,0,1,6,0,0,0,0,200,200
394572,0,30,2,2,0,1,7,5,0,0,0,18,200,0,7,0,3,0,0,200,200
394582,0,15,0,0,0,1,7,7,0,0,0,20,16,0,200,200,6,200,0,200,200
394582,1,15,0,0,0,1,7,7,0,0,0,20,16,1,200,1,200,200,200,200,200
394582,1,15,0,0,0,1,7,7,0,0,0,20,16,1,200,1,200,200,200,200,200
394582,1,15,0,0,0,1,7,7,0,0,0,20,16,2,200,5,200,200,200,200,200
394582,1,15,0,0,0,1,7,7,0,0,0,20,16,1,200,200,200,200,200,200,200
394589,0,35,0,0,0,1,12,5,0,0,0,0,0,1,8,0,200,0,0,200,200
394589,0,35,0,0,0,1,12,5,0,0,0,0,0,0,6,0,200,0,0,200,200
394591,0,30,0,0,0,1,10,2,0,0,0,18,16,0,6,200,3,200,0,200,200
394591,0,30,0,0,0,1,10,2,0,0,0,18,16,0,7,200,12,200,0,200,200
394591,0,30,0,0,0,1,10,2,0,0,0,18,16,2,200,200,200,200,200,200,200
394599,0,10,0,0,1,1,10,7,0,0,0,200,200,1,5,200,200,0,200,200,200
394599,0,10,0,0,1,1,10,7,0,0,0,200,200,1,8,0,0,0,0,200,200
394610,0,30,2,200,2,1,10,5,0,1,0,34,18,0,7,200,12,200,200,200,200
394610,0,30,2,200,2,1,10,5,0,1,0,34,18,1,6,0,0,0,0,200,200
394613,0,30,0,0,0,1,7,6,0,0,0,23,0,0,5,0,7,0,0,200,200
394625,0,30,0,0,1,1,14,5,0,0,200,0,0,0,200,200,1,200,200,200,200
394625,0,30,0,0,1,1,14,5,0,0,200,0,0,0,6,0,7,1,0,200,200