RD_NO,PERSON_TYPE,POSTED_SPEED_LIMIT,TRAFFIC_CONTROL_DEVICE,DEVICE_CONDITION,WEATHER_CONDITION,LIGHTING_CONDITION,FIRST_CRASH_TYPE,TRAFFICWAY_TYPE,ALIGNMENT,ROADWAY_SURFACE_COND,ROAD_DEFECT,PRIM_CONTRIBUTORY_CAUSE,SEC_CONTRIBUTORY_CAUSE,SEX,AGE,SAFETY_EQUIPMENT,DRIVER_ACTION,DRIVER_VISION,PHYSICAL_CONDITION,BAC_RESULT VALUE,CELL_PHONE_USE
394625,1,30,0,0,1,1,14,5,0,0,200,0,0,1,200,0,200,200,200,200,200
394629,0,0,0,0,0,1,12,7,0,0,0,0,200,0,6,200,12,0,0,200,200
394629,0,0,0,0,0,1,12,7,0,0,0,0,200,0,6,0,0,0,0,200,200
394634,0,30,0,0,0,1,14,2,0,0,0,23,23,1,5,200,7,1,200,200,200
394634,0,30,0,0,0,1,14,2,0,0,0,23,23,0,6,0,12,0,0,200,200
394648,0,30,2,0,0,1,0,5,0,0,0,17,200,0,5,200,1,0,0,200,200
394648,0,30,2,0,0,1,0,5,0,0,0,17,200,1,7,200,0,0,0,200,200
394656,4,30,2,2,0,1,8,3,0,0,0,3,5,0,200,200,200,200,200,200,200
394656,0,30,2,2,0,1,8,3,0,0,0,3,5,1,6,200,0,0,0,200,200
394657,0,30,0,0,0,1,7,5,0,0,0,0,0,0,6,200,200,200,0,200,200
394657,1,30,0,0,0,1,7,5,0,0,0,0,0,1,200,200,200,200,200,200,200
394658,0,30,1,2,0,1,10,2,0,0,0,0,200,1,6,0,200,0,0,200,200
394658,0,30,1,2,0,1,10,2,0,0,0,0,200,0,6,0,0,0,0,200,200
394661,0,25,1,2,2,1,10,3,0,1,0,18,0,0,5,0,3,0,0,200,200
394661,0,25,1,2,2,1,10,3,0,1,0,18,0,0,8,0,0,0,0,200,200
394661,1,25,1,2,2,1,10,3,0,1,0,18,0,1,8,0,200,200,200,200,200
394669,0,30,0,0,0,1,12,7,0,0,0,0,0,0,7,200,200,200,200,200,200
394669,0,30,0,0,0,1,12,7,0,0,0,0,0,0,7,7,0,0,0,200,200
394673,0,30,0,2,0,1,12,5,0,0,0,0,200,0,6,200,12,200,0,200,200
394673,0,30,0,2,0,1,12,5,0,0,0,0,200,1,7,0,0,0,0,200,200
394677,0,30,0,0,0,0,7,6,0,0,0,0,200,2,200,200,200,200,200,200,200
394678,0,30,0,0,2,1,12,5,0,1,0,34,200,1,6,0,12,0,0,200,200
394678,0,30,0,0,2,1,12,5,0,1,0,34,200,0,7,0,0,0,0,200,200
394680,0,30,2,2,0,1,11,6,0,0,0,17,200,0,6,0,1,0,0,200,200
394680,0,30,2,2,0,1,11,6,0,0,0,17,200,1,0,0,0,0,0,200,200
394681,0,30,2,0,0,1,14,5,0,0,0,23,200,0,5,0,7,0,0,200,200
394681,0,30,2,0,0,1,14,5,0,0,0,23,200,1,6,0,0,0,0,200,200
394681,1,30,2,0,0,1,14,5,0,0,0,23,200,0,5,0,200,200,200,200,200
394681,1,30,2,0,0,1,14,5,0,0,0,23,200,1,7,0,200,200,200,200,200
394683,0,30,0,0,0,1,10,2,2,0,200,18,0,0,5,200,3,200,0,200,200
394683,0,30,0,0,0,1,10,2,2,0,200,18,0,0,7,200,12,1,0,200,200
394683,0,30,0,0,0,1,10,2,2,0,200,18,0,0,4,200,3,200,0,200,200
394685,0,30,12,3,2,1,0,5,0,1,0,17,200,1,5,200,12,0,0,200,200
394685,0,30,12,3,2,1,0,5,0,1,0,17,200,0,200,200,12,200,200,200,200
394687,0,10,0,0,0,1,7,5,0,1,0,200,200,1,9,7,12,0,0,200,200
394688,0,30,1,2,0,1,10,5,0,1,200,18,34,0,5,200,3,0,0,200,200
394688,0,30,1,2,0,1,10,5,0,1,200,18,34,0,6,0,0,0,0,200,200
394689,0,30,0,0,0,1,12,2,0,0,0,17,23,0,6,0,1,0,0,200,200
394689,0,30,0,0,0,1,12,2,0,0,0,17,23,0,6,0,0,0,0,200,200
394692,0,20,0,0,0,1,2,6,0,0,200,33,33,0,7,0,12,3,0,200,200
394696,0,30,2,2,0,1,0,5,0,0,0,20,200,0,6,0,6,0,0,200,200
394696,0,30,2,2,0,1,0,5,0,0,0,20,200,0,5,0,0,0,0,200,200
394696,1,30,2,2,0,1,0,5,0,0,0,20,200,0,5,0,200,200,200,200,200
394698,0,30,0,0,0,1,12,5,0,0,0,0,200,0,6,0,12,0,0,200,200
394698,0,30,0,0,0,1,12,5,0,0,0,0,200,0,7,0,12,0,0,200,200
394702,0,15,0,0,0,1,0,7,0,0,0,17,200,0,6,0,1,0,0,200,200
394702,0,15,0,0,0,1,0,7,0,0,0,17,200,0,5,0,0,0,0,200,200
394703,0,30,1,2,0,1,10,2,0,0,0,18,16,1,200,200,200,200,200,200,200
394703,0,30,1,2,0,1,10,2,0,0,0,18,16,0,6,0,0,0,0,200,200
394704,0,25,1,2,0,1,10,5,0,0,0,0,0,1,5,200,200,200,200,200,200
394704,0,25,1,2,0,1,10,5,0,0,0,0,0,1,5,200,200,200,0,200,200
394705,0,30,0,0,0,1,7,5,0,0,0,0,200,0,5,0,7,0,0,200,200
394709,4,20,2,2,0,1,8,5,0,0,0,5,17,1,6,7,5,200,0,200,200
394709,0,20,2,2,0,1,8,5,0,0,0,5,17,0,7,200,0,0,0,200,200
394710,0,30,1,2,0,1,14,2,0,0,0,6,17,1,5,200,1,0,0,200,200
394710,0,30,1,2,0,1,14,2,0,0,0,6,17,1,6,200,0,0,0,200,200
394714,0,30,2,2,1,1,10,2,0,1,0,0,0,0,6,0,8,0,0,200,200
394714,0,30,2,2,1,1,10,2,0,1,0,0,0,0,4,0,0,0,0,200,200
394714,1,30,2,2,1,1,10,2,0,1,0,0,0,1,4,0,200,200,200,200,200
394716,0,30,1,2,1,1,12,2,0,0,0,21,0,0,6,0,12,0,0,200,200
394716,0,30,1,2,1,1,12,2,0,0,0,21,0,1,5,0,0,0,0,200,200
394716,1,30,1,2,1,1,12,2,0,0,0,21,0,1,6,0,200,200,200,200,200
394719,0,30,1,2,2,1,10,5,0,1,200,34,200,0,200,200,1,200,0,200,200
394719,0,30,1,2,2,1,10,5,0,1,200,34,200,0,8,0,0,0,0,200,200
394723,0,35,1,2,0,1,10,5,0,0,0,7,0,1,5,0,12,0,0,200,200
394723,0,35,1,2,0,1,10,5,0,0,0,7,0,0,6,0,0,0,0,200,200
394726,0,30,1,2,0,1,12,2,0,0,0,27,23,2,200,200,200,200,200,200,200
394726,0,30,1,2,0,1,12,2,0,0,0,27,23,0,6,0,12,0,0,200,200
394727,0,30,12,12,0,1,12,6,0,0,0,0,200,0,6,200,12,0,0,200,200
394727,0,30,12,12,0,1,12,6,0,0,0,0,200,0,7,200,12,0,0,200,200
394730,0,25,1,2,2,1,10,2,0,1,12,29,0,0,7,0,12,200,0,200,200
394730,0,25,1,2,2,1,10,2,0,1,12,29,0,0,200,200,0,200,200,200,200
394731,0,30,0,0,2,1,12,5,0,1,2,200,200,0,200,200,0,200,200,200,200
394731,0,30,0,0,2,1,12,5,0,1,2,200,200,1,6,7,0,0,0,200,200
394738,0,30,1,2,2,1,10,5,0,1,12,29,0,0,6,0,12,0,0,200,200
394738,0,30,1,2,2,1,10,5,0,1,12,29,0,1,6,0,0,0,0,200,200
394738,1,30,1,2,2,1,10,5,0,1,12,29,0,0,6,0,200,200,200,200,200
394740,0,30,0,0,0,1,10,5,0,0,0,0,200,0,6,0,200,200,0,200,200
394740,0,30,0,0,0,1,10,5,0,0,0,0,200,0,5,0,0,200,0,200,200
394754,0,30,1,2,0,1,12,5,0,0,200,11,200,0,0,0,2,200,200,200,200
394754,0,30,1,2,0,1,12,5,0,0,200,11,200,0,7,0,0,0,0,200,200
394755,0,30,1,2,0,1,14,5,0,0,0,23,21,0,200,200,4,200,200,200,200
394755,0,30,1,2,0,1,14,5,0,0,0,23,21,0,6,200,0,0,0,200,200
394760,0,35,1,2,0,1,14,2,0,0,0,6,0,0,8,200,1,200,0,200,200
394760,0,35,1,2,0,1,14,2,0,0,0,6,0,1,0,200,0,200,0,200,200
394761,0,30,0,0,0,1,14,12,0,0,0,0,200,1,5,0,0,0,0,200,200
394761,0,30,0,0,0,1,14,12,0,0,0,0,200,0,6,0,0,0,0,200,200
394761,1,30,0,0,0,1,14,12,0,0,0,0,200,0,6,0,200,200,200,200,200
394762,0,30,0,0,0,1,10,5,0,0,0,18,11,0,5,0,3,0,0,200,200
394762,0,30,0,0,0,1,10,5,0,0,0,18,11,1,7,0,0,0,0,200,200
394770,0,30,12,0,2,1,7,7,0,1,0,200,200,2,200,200,200,200,200,200,200
394771,0,35,0,0,0,1,14,1,0,0,0,17,0,0,9,200,1,0,0,200,200
394771,0,35,0,0,0,1,14,1,0,0,0,17,0,1,7,200,0,0,0,200,200
394771,1,35,0,0,0,1,14,1,0,0,0,17,0,1,8,200,200,200,200,200,200
394775,0,35,0,0,0,1,7,5,0,0,0,0,0,2,200,200,200,200,200,200,200
394777,0,30,0,0,0,1,10,5,0,0,0,18,16,0,5,200,3,200,0,200,200
394777,0,30,0,0,0,1,10,5,0,0,0,18,16,0,5,0,0,0,0,200,200
394786,0,30,0,0,0,1,10,2,0,0,200,20,0,1,200,200,6,200,200,200,200
394786,0,30,0,0,0,1,10,2,0,0,200,20,0,1,7,0,0,0,0,200,200
394787,0,20,0,0,0,1,7,5,0,0,0,22,200,0,3,200,12,200,0,200,200
394790,0,10,0,0,0,1,7,7,0,0,0,23,11,0,9,200,7,0,0,200,200
394790,1,10,0,0,0,1,7,7,0,0,0,23,11,0,7,0,200,200,200,200,200
394791,0,30,0,0,1,1,7,6,0,0,0,0,0,2,200,200,200,200,200,200,200
394793,0,35,1,2,0,1,9,12,0,0,0,17,0,2,200,200,1,200,200,200,200
394793,5,35,1,2,0,1,9,12,0,0,0,17,0,0,6,200,200,200,6,200,200
394802,0,10,0,0,0,1,10,7,0,0,0,0,16,1,5,200,1,200,200,200,200
394802,0,10,0,0,0,1,10,7,0,0,0,0,16,1,5,200,1,200,200,200,200
394806,0,30,0,0,0,1,12,5,0,0,0,17,200,1,6,200,1,0,0,200,200
394806,0,30,0,0,0,1,12,5,0,0,0,17,200,1,6,0,0,0,0,200,200
394808,0,30,1,200,0,1,14,2,0,0,200,0,200,0,6,200,200,200,0,200,200
394808,0,30,1,200,0,1,14,2,0,0,200,0,200,0,6,200,0,200,0,200,200
394809,0,30,0,0,0,1,10,5,0,200,200,18,200,0,7,200,3,200,0,200,200
394809,0,30,0,0,0,1,10,5,0,200,200,18,200,0,6,200,0,0,0,200,200
394812,0,30,0,0,1,1,10,5,0,1,0,8,200,0,6,0,3,0,0,200,200
394812,0,30,0,0,1,1,10,5,0,1,0,8,200,0,9,0,0,0,0,200,200
394813,0,25,0,0,0,1,10,5,0,0,200,16,11,1,7,0,3,0,0,200,200
394813,0,25,0,0,0,1,10,5,0,0,200,16,11,0,5,200,0,0,200,200,200
394813,1,25,0,0,0,1,10,5,0,0,200,16,11,200,200,200,200,200,200,200,200
394813,1,25,0,0,0,1,10,5,0,0,200,16,11,200,200,200,200,200,200,200,200
394813,1,25,0,0,0,1,10,5,0,0,200,16,11,200,200,200,200,200,200,200,200
394813,1,25,0,0,0,1,10,5,0,0,200,16,11,200,200,0,200,200,200,200,200
394813,1,25,0,0,0,1,10,5,0,0,200,16,11,200,200,0,200,200,200,200,200
394817,0,30,0,0,0,1,14,5,0,0,0,200,200,0,5,0,0,0,0,200,200
394817,0,30,0,0,0,1,14,5,0,0,0,200,200,0,7,0,0,0,0,200,200
394819,0,30,0,0,0,1,2,5,0,0,0,0,200,0,6,200,200,200,200,200,200
394819,1,30,0,0,0,1,2,5,0,0,0,0,200,2,200,200,200,200,200,200,200
394821,0,30,0,0,0,1,8,6,0,0,0,17,200,1,5,200,1,0,0,200,200
394821,4,30,0,0,0,1,8,6,0,0,0,17,200,0,6,7,0,0,0,200,200
394828,0,10,0,0,0,1,7,0,0,0,0,22,17,0,5,0,1,0,0,200,200
394829,0,30,0,0,0,1,10,2,0,0,0,27,18,1,5,7,3,200,1,200,200
394829,0,30,0,0,0,1,10,2,0,0,0,27,18,0,7,0,0,0,0,200,200
394829,1,30,0,0,0,1,10,2,0,0,0,27,18,2,200,200,200,200,200,200,200
394834,0,30,1,2,0,1,10,5,0,0,0,0,0,0,6,0,1,0,0,200,200
394834,0,30,1,2,0,1,10,5,0,0,0,0,0,1,7,0,0,0,0,200,200
394844,0,30,0,0,0,1,7,0,0,0,0,11,15,1,9,200,8,200,0,200,200
394844,1,30,0,0,0,1,7,0,0,0,0,11,15,0,3,200,200,200,200,200,200
394847,0,30,1,2,0,1,10,12,0,200,200,20,0,0,200,200,6,200,200,200,200
394847,0,30,1,2,0,1,10,12,0,200,200,20,0,0,6,0,0,0,200,200,200
394848,0,30,1,2,0,1,14,2,0,0,0,11,16,0,7,200,3,0,0,200,200
394848,0,30,1,2,0,1,14,2,0,0,0,11,16,1,4,200,0,0,0,200,200
394848,1,30,1,2,0,1,14,2,0,0,0,11,16,1,200,200,200,200,200,200,200
394852,0,30,1,1,0,1,10,5,0,0,0,18,200,0,200,200,1,200,200,200,200
394852,0,30,1,1,0,1,10,5,0,0,0,18,200,0,6,0,0,0,0,200,200
394853,0,30,1,2,0,1,10,3,2,0,0,16,11,1,5,200,200,200,200,200,200
394853,0,30,1,2,0,1,10,3,2,0,0,16,11,1,8,0,0,0,0,200,200
394856,0,30,0,0,0,1,14,3,0,0,0,22,200,1,5,0,2,0,0,200,200
394856,0,30,0,0,0,1,14,3,0,0,0,22,200,1,6,0,0,0,0,200,200
394856,1,30,0,0,0,1,14,3,0,0,0,22,200,0,8,0,200,200,200,200,200
394857,0,15,0,0,0,1,7,7,0,0,0,0,0,2,200,200,200,200,200,200,200
394861,0,30,0,0,0,2,12,5,0,0,0,200,200,1,5,0,0,0,0,200,200
394861,0,30,0,0,0,2,12,5,0,0,0,200,200,1,6,0,0,0,0,200,200
394869,0,30,2,2,2,1,10,5,0,1,200,34,200,1,200,200,6,200,200,200,200
394869,0,30,2,2,2,1,10,5,0,1,200,34,200,1,8,0,0,0,0,200,200
394874,0,30,0,0,0,1,7,5,0,200,200,0,0,1,7,200,200,200,200,200,200
394879,0,30,1,2,0,1,10,2,0,0,200,0,0,1,200,200,1,200,200,200,200
394879,0,30,1,2,0,1,10,2,0,0,200,0,0,1,7,0,0,0,0,200,200
394885,0,25,1,2,0,1,14,5,0,0,0,23,16,1,6,0,7,0,0,200,200
394885,0,25,1,2,0,1,14,5,0,0,0,23,16,1,6,0,0,0,0,200,200
394885,1,25,1,2,0,1,14,5,0,0,0,23,16,0,200,0,200,200,200,200,200
394885,1,25,1,2,0,1,14,5,0,0,0,23,16,1,200,0,200,200,200,200,200
394889,0,30,1,2,0,1,10,5,0,0,0,0,200,0,5,0,200,0,0,200,200
394889,0,30,1,2,0,1,10,5,0,0,0,0,200,1,6,0,12,0,0,200,200
394889,0,30,1,2,0,1,10,5,0,0,0,0,200,1,5,0,12,0,0,200,200
394893,0,0,0,0,0,1,7,7,0,0,200,20,0,0,5,200,6,200,0,200,200
394895,0,30,1,2,0,1,10,2,0,0,0,18,0,0,6,0,1,200,200,200,200
394895,0,30,1,2,0,1,10,2,0,0,0,18,0,0,6,0,0,200,0,200,200
394900,0,30,1,2,0,3,10,5,0,0,0,18,200,0,0,7,3,0,0,200,200
394900,0,30,1,2,0,3,10,5,0,0,0,18,200,0,6,3,0,0,0,200,200
394904,0,30,1,2,0,1,10,3,0,0,0,27,200,1,5,0,3,0,2,200,200
394904,0,30,1,2,0,1,10,3,0,0,0,27,200,0,7,0,0,0,0,200,200
394904,1,30,1,2,0,1,10,3,0,0,0,27,200,0,5,0,200,200,200,200,200
394904,1,30,1,2,0,1,10,3,0,0,0,27,200,1,1,0,200,200,200,200,200
394904,1,30,1,2,0,1,10,3,0,0,0,27,200,0,0,5,200,200,200,200,200
394904,1,30,1,2,0,1,10,3,0,0,0,27,200,1,9,0,200,200,200,200,200
394904,1,30,1,2,0,1,10,3,0,0,0,27,200,1,7,0,200,200,200,200,200
394910,0,30,2,2,0,1,14,2,0,0,0,17,5,0,200,200,7,200,200,200,200
394910,0,30,2,2,0,1,14,2,0,0,0,17,5,0,7,0,0,0,0,200,200
394911,0,30,1,2,0,1,0,2,0,0,0,6,17,0,5,0,1,0,0,200,200
394911,0,30,1,2,0,1,0,2,0,0,0,6,17,0,7,0,12,0,0,200,200
394916,0,30,2,2,0,1,8,6,0,0,0,16,17,0,200,200,1,200,200,200,200
394916,4,30,2,2,0,1,8,6,0,0,0,16,17,0,3,2,0,200,0,200,200
394919,0,10,0,0,0,1,7,7,0,0,0,0,0,1,5,0,200,0,0,200,200
394920,0,15,0,0,0,2,7,7,0,0,0,0,200,1,7,200,200,200,0,200,200
394921,0,30,0,0,0,1,7,5,0,0,0,20,200,1,5,200,6,0,0,200,200
394921,1,30,0,0,0,1,7,5,0,0,0,20,200,1,4,200,200,200,200,200,200
394925,0,25,0,0,0,1,7,6,0,0,200,0,200,0,6,200,200,200,0,200,200
394930,0,30,2,2,0,1,10,6,0,0,0,18,200,1,5,0,3,0,0,200,200
394930,0,30,2,2,0,1,10,6,0,0,0,18,200,1,5,0,0,0,0,200,200
394930,1,30,2,2,0,1,10,6,0,0,0,18,200,1,5,0,200,200,200,200,200
394930,1,30,2,2,0,1,10,6,0,0,0,18,200,0,7,0,200,200,200,200,200
394930,1,30,2,2,0,1,10,6,0,0,0,18,200,0,7,0,200,200,200,200,200
394930,1,30,2,2,0,1,10,6,0,0,0,18,200,0,5,0,200,200,200,200,200
394931,0,35,1,2,1,1,8,5,0,0,0,6,6,1,200,200,5,200,200,200,200
394931,4,35,1,2,1,1,8,5,0,0,0,6,6,1,6,7,0,0,0,200,200
394932,0,30,1,0,0,1,14,5,0,0,0,17,17,0,6,0,1,200,0,200,200
394932,0,30,1,0,0,1,14,5,0,0,0,17,17,1,4,0,0,0,0,200,200
394933,0,30,1,2,0,1,10,5,0,0,0,22,200,1,200,200,4,200,200,200,200
394933,0,30,1,2,0,1,10,5,0,0,0,22,200,0,6,0,0,0,0,200,200
394933,1,30,1,2,0,1,10,5,0,0,0,22,200,1,200,200,200,200,200,200,200
394936,0,30,0,0,0,1,7,2,0,0,0,0,200,1,200,7,0,200,5,200,200
394937,0,30,1,2,0,1,12,6,0,0,0,21,200,1,5,0,4,0,0,200,200
394937,0,30,1,2,0,1,12,6,0,0,0,21,200,1,6,0,0,0,0,200,200
394937,1,30,1,2,0,1,12,6,0,0,0,21,200,0,200,0,200,200,200,200,200
394937,1,30,1,2,0,1,12,6,0,0,0,21,200,2,200,0,200,200,200,200,200
394937,1,30,1,2,0,1,12,6,0,0,0,21,200,2,200,0,200,200,200,200,200
394937,1,30,1,2,0,1,12,6,0,0,0,21,200,2,200,0,200,200,200,200,200
394937,1,30,1,2,0,1,12,6,0,0,0,21,200,0,200,0,200,200,200,200,200
394957,0,30,0,0,0,1,7,6,0,0,0,0,200,2,200,200,200,200,200,200,200
394959,0,30,1,2,0,1,10,5,0,0,0,18,0,0,6,200,1,200,0,200,200
394959,0,30,1,2,0,1,10,5,0,0,0,18,0,1,6,200,0,200,0,200,200
394960,0,30,1,2,0,1,12,5,0,0,0,17,200,1,9,0,1,0,0,200,200
394960,0,30,1,2,0,1,12,5,0,0,0,17,200,0,5,0,0,0,0,200,200
394963,0,15,0,0,0,1,7,7,0,0,0,20,21,0,200,200,6,200,200,200,200
394964,0,30,0,0,0,2,14,5,0,0,0,200,200,1,200,200,0,200,200,200,200
394964,0,30,0,0,0,2,14,5,0,0,0,200,200,1,6,0,0,0,0,200,200
394976,0,30,0,0,0,1,12,6,0,0,0,0,0,0,6,200,200,0,0,200,200
394976,0,30,0,0,0,1,12,6,0,0,0,0,0,1,8,200,200,0,0,200,200
394984,0,30,0,0,0,4,10,5,0,0,0,18,7,0,6,0,3,0,0,200,200
394984,0,30,0,0,0,4,10,5,0,0,0,18,7,0,5,0,0,0,0,200,200
394990,0,30,1,2,0,1,10,5,0,200,200,16,0,0,6,0,0,0,200,200,200
394990,0,30,1,2,0,1,10,5,0,200,200,16,0,1,6,200,12,0,200,200,200
394993,0,30,0,0,0,1,7,7,0,0,0,200,200,0,200,200,200,200,200,200,200
394996,0,30,0,0,1,1,7,5,0,1,0,22,0,2,200,200,200,200,200,200,200
395007,0,30,1,200,0,1,10,5,0,0,200,0,0,1,6,0,200,200,200,200,200
395007,0,30,1,200,0,1,10,5,0,0,200,0,0,1,6,0,0,200,200,200,200
395014,0,30,0,0,200,3,7,6,0,0,0,0,200,2,200,200,200,200,200,200,200
395019,0,30,1,2,2,4,10,3,3,1,0,18,200,0,5,0,3,0,0,200,200
395019,0,30,1,2,2,4,10,3,3,1,0,18,200,1,6,0,0,0,0,200,200
395019,0,30,1,2,2,4,10,3,3,1,0,18,200,1,7,0,0,0,0,200,200
395019,1,30,1,2,2,4,10,3,3,1,0,18,200,1,5,0,200,200,200,200,200
395021,0,30,0,0,2,2,10,5,0,1,0,200,200,1,6,0,0,0,0,200,200
395021,0,30,0,0,2,2,10,5,0,1,0,200,200,0,7,0,0,0,0,200,200
395021,0,30,0,0,2,2,10,5,0,1,0,200,200,0,7,0,0,0,0,200,200
395022,0,30,1,2,0,1,14,6,0,0,0,22,200,1,200,200,2,200,200,200,200
395022,0,30,1,2,0,1,14,6,0,0,0,22,200,0,8,0,0,0,0,200,200
395027,0,35,0,0,2,1,10,3,0,1,0,18,34,1,5,0,3,0,0,200,200
395027,0,35,0,0,2,1,10,3,0,1,0,18,34,1,0,0,0,0,0,200,200
395030,0,25,2,2,1,1,0,5,0,0,0,5,17,0,200,200,5,200,200,200,200
395030,0,25,2,2,1,1,0,5,0,0,0,5,17,1,5,0,0,0,0,200,200
395033,0,30,0,0,0,0,10,6,0,0,0,18,18,0,200,7,0,0,0,200,200
395033,0,30,0,0,0,0,10,6,0,0,0,18,18,1,6,0,1,0,0,200,200
395047,0,30,1,2,0,1,12,2,0,0,0,11,200,0,8,0,12,0,0,200,200
395047,0,30,1,2,0,1,12,2,0,0,0,11,200,0,5,0,0,0,0,200,200
395052,0,30,0,0,2,4,7,6,0,1,0,0,0,2,200,200,200,200,200,200,200
395054,0,30,2,2,2,1,10,5,0,1,0,0,0,0,200,200,200,200,200,200,200
395054,0,30,2,2,2,1,10,5,0,1,0,0,0,1,6,200,200,200,0,200,200
395054,1,30,2,2,2,1,10,5,0,1,0,0,0,0,200,200,200,200,200,200,200
395064,0,30,1,2,0,1,14,2,0,0,0,23,0,0,200,200,7,200,200,200,200
395064,0,30,1,2,0,1,14,2,0,0,0,23,0,1,7,0,0,200,0,200,200
395089,0,30,1,2,2,2,8,2,0,1,0,20,0,0,200,200,6,200,200,200,200
395089,4,30,1,2,2,2,8,2,0,1,0,20,0,1,6,3,0,0,0,200,200
395089,1,30,1,2,2,2,8,2,0,1,0,20,0,2,200,200,200,200,200,200,200
395089,1,30,1,2,2,2,8,2,0,1,0,20,0,200,200,200,200,200,200,200,200
395089,1,30,1,2,2,2,8,2,0,1,0,20,0,200,200,200,200,200,200,200,200
395098,0,40,1,2,2,1,4,6,0,1,1,0,200,0,6,0,0,0,0,200,200
395099,0,25,0,0,0,1,14,5,0,0,0,200,200,2,200,200,200,200,200,200,200
395099,0,25,0,0,0,1,14,5,0,0,0,200,200,0,7,200,200,0,0,200,200
395099,1,25,0,0,0,1,14,5,0,0,0,200,200,0,200,200,200,200,200,200,200
395101,0,0,1,2,2,4,9,2,0,1,200,17,34,1,6,200,1,4,0,200,200
395101,5,0,1,2,2,4,9,2,0,1,200,17,34,1,7,7,0,200,200,200,200
395102,0,40,0,0,0,1,10,3,0,0,0,16,0,1,6,0,12,0,0,200,200
395102,0,40,0,0,0,1,10,3,0,0,0,16,0,1,5,0,12,0,0,200,200
395102,1,40,0,0,0,1,10,3,0,0,0,16,0,1,6,0,200,200,200,200,200
395112,0,30,0,0,2,4,7,6,0,1,0,21,200,2,200,200,200,200,200,200,200
395118,0,30,0,0,0,1,7,5,0,0,0,25,200,0,6,0,0,0,0,200,200
395118,1,30,0,0,0,1,7,5,0,0,0,25,200,0,200,200,200,200,200,200,200
395119,0,30,0,0,0,2,0,7,0,0,0,200,200,1,8,7,0,0,0,200,200
395119,0,30,0,0,0,2,0,7,0,0,0,200,200,1,6,0,0,0,0,200,200
395119,1,30,0,0,0,2,0,7,0,0,0,200,200,1,200,0,200,200,200,200,200
395119,1,30,0,0,0,2,0,7,0,0,0,200,200,0,200,0,200,200,200,200,200
395119,1,30,0,0,0,2,0,7,0,0,0,200,200,1,200,0,200,200,200,200,200
395119,1,30,0,0,0,2,0,7,0,0,0,200,200,0,200,0,200,200,200,200,200
395121,0,40,12,12,0,3,10,3,0,1,0,0,200,1,7,200,3,0,0,200,200
395121,0,40,12,12,0,3,10,3,0,1,0,0,200,0,7,200,200,0,0,200,200
395121,0,40,12,12,0,3,10,3,0,1,0,0,200,1,5,200,0,0,0,200,200
395122,0,30,1,2,2,4,14,5,0,1,0,17,200,0,4,0,1,0,0,200,200
395122,0,30,1,2,2,4,14,5,0,1,0,17,200,0,5,0,200,0,0,200,200
395125,0,30,1,2,0,1,10,12,2,0,0,16,11,0,200,200,200,200,200,200,200
395125,0,30,1,2,0,1,10,12,2,0,0,16,11,0,5,0,0,0,0,200,200
395129,0,30,1,2,0,1,10,5,0,0,200,11,200,0,6,200,1,0,0,200,200
395129,0,30,1,2,0,1,10,5,0,0,200,11,200,0,6,0,0,0,0,200,200
395132,0,30,0,0,0,2,10,5,0,0,0,200,200,0,200,200,0,200,200,200,200
395132,0,30,0,0,0,2,10,5,0,0,0,200,200,1,6,0,0,0,0,200,200
395137,0,35,1,2,0,4,14,1,0,0,0,11,11,1,5,0,12,0,0,200,200
395137,0,35,1,2,0,4,14,1,0,0,0,11,11,0,7,0,0,0,0,200,200
395139,0,30,1,2,2,3,0,2,0,1,0,6,6,0,5,200,0,0,0,200,200
395139,0,30,1,2,2,3,0,2,0,1,0,6,6,1,5,200,5,200,0,200,200
395139,1,30,1,2,2,3,0,2,0,1,0,6,6,0,200,200,200,200,200,200,200
395140,0,10,2,0,0,2,7,7,0,0,200,0,0,1,6,200,200,200,200,200,200
395142,0,30,2,2,0,4,2,6,0,0,0,10,16,0,5,200,9,0,0,200,200
395142,1,30,2,2,0,4,2,6,0,0,0,10,16,0,200,200,200,200,200,200,200
395142,1,30,2,2,0,4,2,6,0,0,0,10,16,200,200,200,200,200,200,200,200
395142,1,30,2,2,0,4,2,6,0,0,0,10,16,0,5,200,200,200,200,200,200
395146,0,30,0,0,0,1,7,2,0,0,0,22,16,2,200,200,2,200,200,200,200
395148,3,35,3,2,0,1,2,5,0,0,1,29,200,200,200,200,200,200,200,200,200
395148,0,35,3,2,0,1,2,5,0,0,1,29,200,1,7,200,0,0,0,200,200
395148,1,35,3,2,0,1,2,5,0,0,1,29,200,1,9,200,200,200,200,200,200
395155,0,30,0,0,0,1,12,5,0,0,0,200,200,0,5,200,0,0,0,200,200
395155,0,30,0,0,0,1,12,5,0,0,0,200,200,0,4,0,0,0,0,200,200
395158,0,30,0,0,0,1,2,5,0,0,1,200,200,0,6,0,0,0,0,200,200
395160,0,35,0,0,2,0,0,2,0,1,0,17,200,0,5,0,1,0,0,200,200
395160,0,35,0,0,2,0,0,2,0,1,0,17,200,0,5,0,0,0,0,200,200
395161,0,30,0,0,0,3,7,2,0,0,0,0,0,0,7,200,12,0,200,200,200
395164,0,30,0,0,200,200,7,2,0,0,0,11,200,2,200,200,12,200,200,200,200
395165,0,30,0,0,200,200,7,5,0,200,200,200,200,2,200,200,12,200,200,200,200