RD_NO,PERSON_TYPE,POSTED_SPEED_LIMIT,TRAFFIC_CONTROL_DEVICE,DEVICE_CONDITION,WEATHER_CONDITION,LIGHTING_CONDITION,FIRST_CRASH_TYPE,TRAFFICWAY_TYPE,ALIGNMENT,ROADWAY_SURFACE_COND,ROAD_DEFECT,PRIM_CONTRIBUTORY_CAUSE,SEC_CONTRIBUTORY_CAUSE,SEX,AGE,SAFETY_EQUIPMENT,DRIVER_ACTION,DRIVER_VISION,PHYSICAL_CONDITION,BAC_RESULT VALUE,CELL_PHONE_USE
395181,0,25,0,0,0,1,7,2,0,0,0,0,0,1,5,200,200,200,200,200,200
395183,0,35,1,2,2,3,10,2,0,1,0,20,0,0,6,0,6,0,0,200,200
395183,0,35,1,2,2,3,10,2,0,1,0,20,0,1,5,0,200,0,0,200,200
395183,1,35,1,2,2,3,10,2,0,1,0,20,0,0,200,0,200,200,200,200,200
395184,0,30,1,2,0,0,10,5,0,0,0,18,200,2,200,200,3,200,200,200,200
395184,0,30,1,2,0,0,10,5,0,0,0,18,200,1,6,0,3,0,0,200,200
395188,0,30,200,200,200,200,7,200,0,200,200,20,20,0,4,200,6,200,200,200,200
395190,0,30,1,2,2,2,9,2,0,1,0,34,200,1,6,200,1,12,0,200,200
395190,5,30,1,2,2,2,9,2,0,1,0,34,200,1,6,200,0,12,0,200,200
395192,0,30,0,0,0,3,14,5,0,0,0,17,23,0,6,200,1,0,0,200,200
395192,0,30,0,0,0,3,14,5,0,0,0,17,23,0,6,200,0,0,0,200,200
395193,0,30,0,0,0,1,10,5,0,200,200,0,200,2,200,200,1,200,200,200,200
395193,0,30,0,0,0,1,10,5,0,200,200,0,200,1,6,200,200,200,0,200,200
395200,0,30,1,2,0,3,12,6,0,0,0,21,200,0,6,200,4,0,0,200,200
395200,0,30,1,2,0,3,12,6,0,0,0,21,200,0,8,0,0,0,0,200,200
395213,0,30,0,0,2,3,2,3,5,1,0,34,0,0,6,0,200,200,0,200,200
395214,0,30,1,2,0,1,10,5,0,1,0,0,0,0,200,200,200,0,0,200,200
395214,0,30,1,2,0,1,10,5,0,1,0,0,0,1,6,0,0,0,0,200,200
395214,1,30,1,2,0,1,10,5,0,1,0,0,0,0,2,0,200,200,200,200,200
395221,0,30,0,0,2,1,10,5,0,1,0,18,0,0,5,200,3,200,200,200,200
395221,0,30,0,0,2,1,10,5,0,1,0,18,0,0,6,200,0,0,0,200,200
395223,0,30,1,2,0,1,7,5,0,0,0,0,200,0,200,200,12,200,200,200,200
395225,0,25,1,2,200,1,10,12,0,200,0,18,0,0,5,200,3,200,200,200,200
395225,0,25,1,2,200,1,10,12,0,200,0,18,0,0,6,0,0,0,0,200,200
395225,1,25,1,2,200,1,10,12,0,200,0,18,0,1,6,0,200,200,200,200,200
395225,1,25,1,2,200,1,10,12,0,200,0,18,0,1,1,0,200,200,200,200,200
395225,1,25,1,2,200,1,10,12,0,200,0,18,0,1,2,0,200,200,200,200,200
395225,1,25,1,2,200,1,10,12,0,200,0,18,0,1,2,0,200,200,200,200,200
395225,1,25,1,2,200,1,10,12,0,200,0,18,0,1,3,0,200,200,200,200,200
395235,0,30,0,0,0,4,10,2,0,0,0,9,0,0,0,0,11,0,0,200,200
395235,0,30,0,0,0,4,10,2,0,0,0,9,0,0,5,0,0,0,0,200,200
395237,0,25,1,2,2,3,10,5,2,1,0,18,200,0,7,0,3,0,0,200,200
395237,0,25,1,2,2,3,10,5,2,1,0,18,200,0,200,0,0,0,0,200,200
395237,1,25,1,2,2,3,10,5,2,1,0,18,200,0,7,0,200,200,200,200,200
395240,0,0,0,0,200,1,0,2,0,200,200,32,5,1,6,200,1,200,200,200,200
395240,0,0,0,0,200,1,0,2,0,200,200,32,5,0,7,200,200,200,0,200,200
395241,0,30,1,200,200,0,10,5,0,200,200,0,0,1,5,200,1,200,200,200,200
395241,0,30,1,200,200,0,10,5,0,200,200,0,0,0,6,0,0,0,0,200,200
395242,0,30,0,0,2,0,7,5,0,1,0,8,0,0,4,0,12,1,0,200,200
395251,0,30,0,0,2,3,7,6,0,1,0,20,7,1,6,0,6,0,1,200,200
395263,0,30,1,2,0,3,10,2,0,0,200,18,6,0,7,200,3,200,0,200,200
395263,0,30,1,2,0,3,10,2,0,0,200,18,6,1,6,200,5,200,0,200,200
395263,1,30,1,2,0,3,10,2,0,0,200,18,6,1,5,200,200,200,200,200,200
395263,1,30,1,2,0,3,10,2,0,0,200,18,6,1,4,200,200,200,200,200,200
395263,1,30,1,2,0,3,10,2,0,0,200,18,6,200,200,200,200,200,200,200,200
395270,0,30,1,2,2,3,0,6,0,1,0,22,200,1,200,200,7,200,200,200,200
395270,0,30,1,2,2,3,0,6,0,1,0,22,200,0,6,200,0,0,0,200,200
395270,0,30,1,2,2,3,0,6,0,1,0,22,200,0,5,0,0,0,0,200,200
395270,1,30,1,2,2,3,0,6,0,1,0,22,200,1,200,200,200,200,200,200,200
395270,1,30,1,2,2,3,0,6,0,1,0,22,200,1,200,200,200,200,200,200,200
395283,0,30,0,0,0,3,7,5,0,1,0,0,200,2,200,200,200,200,200,200,200
395297,0,25,0,0,0,3,7,6,0,0,0,200,200,2,200,200,200,200,200,200,200
395300,0,30,0,0,0,3,2,3,0,0,0,0,200,0,7,0,0,0,0,200,200
395313,0,30,0,0,0,3,7,7,0,0,0,20,200,2,200,200,6,200,200,200,200
395313,1,30,0,0,0,3,7,7,0,0,0,20,200,1,200,0,200,200,200,200,200
395313,1,30,0,0,0,3,7,7,0,0,0,20,200,1,200,0,200,200,200,200,200
395314,0,30,0,0,0,3,7,5,0,0,0,25,0,0,200,200,200,200,200,200,200
395325,0,10,0,0,0,3,2,0,0,0,200,8,200,0,6,0,12,200,0,200,200
395330,0,30,1,2,0,3,10,3,0,0,0,16,200,2,200,200,3,200,200,200,200
395330,0,30,1,2,0,3,10,3,0,0,0,16,200,0,5,200,0,0,0,200,200
395330,0,30,1,2,0,3,10,3,0,0,0,16,200,2,200,200,0,200,200,200,200
395333,0,35,2,2,0,3,0,5,0,0,0,17,11,0,6,200,1,0,0,200,200
395333,0,35,2,2,0,3,0,5,0,0,0,17,11,0,5,200,200,0,0,200,0
395333,1,35,2,2,0,3,0,5,0,0,0,17,11,0,7,200,200,200,200,200,200
395333,1,35,2,2,0,3,0,5,0,0,0,17,11,1,6,200,200,200,200,200,200
395335,0,30,0,3,2,0,14,5,0,1,0,25,16,2,200,200,12,200,200,200,200
395335,0,30,0,3,2,0,14,5,0,1,0,25,16,0,5,200,0,0,0,200,200
395337,0,30,0,0,1,3,7,6,0,1,0,21,200,0,7,200,7,0,0,200,200
395340,0,30,0,0,200,3,5,2,0,0,0,0,21,0,6,0,0,0,0,200,200
395345,0,30,1,2,0,0,14,5,0,0,0,0,0,0,200,200,200,200,200,200,200
395345,0,30,1,2,0,0,14,5,0,0,0,0,0,0,6,0,0,0,0,200,200
395347,0,30,1,2,0,3,0,3,0,0,200,0,0,0,5,200,200,200,1,200,200
395347,0,30,1,2,0,3,0,3,0,0,200,0,0,0,5,200,200,200,0,200,200
395347,0,30,1,2,0,3,0,3,0,0,200,0,0,0,7,200,200,200,0,200,200
395350,0,30,0,0,0,3,12,6,0,0,200,22,21,0,8,200,4,200,200,200,200
395350,0,30,0,0,0,3,12,6,0,0,200,22,21,1,6,0,0,0,0,200,200
395350,1,30,0,0,0,3,12,6,0,0,200,22,21,1,200,200,200,200,200,200,200
395350,1,30,0,0,0,3,12,6,0,0,200,22,21,1,7,0,200,200,200,200,200
395350,1,30,0,0,0,3,12,6,0,0,200,22,21,0,200,0,200,200,200,200,200
395350,1,30,0,0,0,3,12,6,0,0,200,22,21,0,200,0,200,200,200,200,200
395350,1,30,0,0,0,3,12,6,0,0,200,22,21,0,200,0,200,200,200,200,200
395350,1,30,0,0,0,3,12,6,0,0,200,22,21,0,200,0,200,200,200,200,200
395352,0,30,0,0,0,3,7,6,0,1,0,16,14,0,200,200,12,200,200,200,200
395358,0,20,0,0,0,3,7,7,0,0,0,0,200,0,200,200,6,200,200,200,200
395361,0,30,1,2,0,3,0,2,0,0,0,17,200,0,6,0,200,3,0,200,200
395361,0,30,1,2,0,3,0,2,0,0,0,17,200,0,5,0,1,3,0,200,200
395376,0,30,0,0,0,0,2,3,0,0,0,29,200,0,6,0,14,0,0,200,200
395388,0,30,1,2,0,3,10,3,0,0,0,16,11,0,5,200,12,0,0,200,200
395388,0,30,1,2,0,3,10,3,0,0,0,16,11,0,5,200,0,0,0,200,200
395388,1,30,1,2,0,3,10,3,0,0,0,16,11,1,200,200,200,200,200,200,200
395390,0,30,0,0,0,0,2,3,0,0,0,32,200,0,7,200,12,200,5,0.22,200
395398,0,35,1,2,0,3,0,3,0,0,0,0,0,1,5,200,200,200,0,200,200
395398,0,35,1,2,0,3,0,3,0,0,0,0,0,1,6,200,200,200,0,200,200
395398,1,35,1,2,0,3,0,3,0,0,0,0,0,0,5,200,200,200,200,200,200
395398,1,35,1,2,0,3,0,3,0,0,0,0,0,1,4,200,200,200,200,200,200
395413,0,30,2,0,0,3,12,5,0,0,0,25,0,1,6,200,200,200,0,200,200
395413,0,30,2,0,0,3,12,5,0,0,0,25,0,1,6,200,0,0,0,200,200
395432,0,30,0,0,0,3,7,5,2,0,200,25,0,1,200,200,6,200,200,200,200
395443,0,30,0,12,0,3,7,6,0,0,200,0,0,2,200,200,200,200,200,200,200
395456,0,20,0,0,0,3,2,0,0,0,0,20,200,0,5,0,6,0,0,200,200
395456,1,20,0,0,0,3,2,0,0,0,0,20,200,1,6,0,200,200,200,200,200
395462,0,30,0,0,0,3,2,3,3,0,0,20,200,2,200,200,6,200,200,200,200
395469,0,30,1,2,0,3,7,5,0,0,0,0,0,0,200,200,200,200,200,200,200
395471,0,35,0,0,0,0,10,5,0,0,0,18,0,0,7,0,3,0,0,200,200
395471,0,35,0,0,0,0,10,5,0,0,0,18,0,1,6,0,0,0,0,200,200
395489,0,30,1,0,0,1,7,5,0,0,0,21,21,1,5,0,12,0,0,200,200
395490,0,30,0,0,0,1,7,2,0,0,0,14,0,1,6,0,12,0,200,200,200
395493,0,30,1,2,1,1,14,2,2,0,0,17,3,0,7,0,1,0,0,200,200
395493,0,30,1,2,1,1,14,2,2,0,0,17,3,0,6,0,0,0,0,200,200
395496,0,35,1,2,0,1,14,5,0,0,0,21,200,0,7,0,7,0,0,200,200
395496,0,35,1,2,0,1,14,5,0,0,0,21,200,0,5,0,0,0,0,200,200
395499,0,30,0,0,0,1,7,5,0,0,0,0,0,1,200,200,200,200,200,200,200
395506,0,30,0,0,2,1,12,5,0,0,200,0,200,0,200,200,200,200,200,200,200
395506,0,30,0,0,2,1,12,5,0,0,200,0,200,0,6,0,0,0,0,200,200
395509,0,15,0,0,200,200,7,0,0,200,0,0,0,2,200,200,200,200,200,200,200
395510,0,30,1,2,0,1,10,2,0,0,0,25,18,0,200,200,3,200,200,200,200
395510,0,30,1,2,0,1,10,2,0,0,0,25,18,1,6,0,0,0,0,200,200
395519,0,30,1,2,0,1,0,2,0,0,0,6,0,0,5,200,200,200,0,200,200
395519,0,30,1,2,0,1,0,2,0,0,0,6,0,0,6,200,200,200,0,200,200
395530,0,30,2,2,1,1,0,2,0,0,0,17,16,1,5,0,1,0,0,200,200
395530,0,30,2,2,1,1,0,2,0,0,0,17,16,0,6,0,0,0,0,200,200
395532,0,30,0,0,0,1,14,3,0,0,0,33,200,0,6,200,12,5,0,200,200
395532,0,30,0,0,0,1,14,3,0,0,0,33,200,0,5,200,12,5,0,200,200
395538,0,30,1,2,0,1,12,2,0,0,0,0,0,1,5,0,1,0,0,200,200
395538,0,30,1,2,0,1,12,2,0,0,0,0,0,0,5,0,0,0,0,200,200
395539,0,0,1,2,0,1,0,2,0,0,0,6,200,0,4,200,5,0,0,200,200
395539,0,0,1,2,0,1,0,2,0,0,0,6,200,0,8,0,0,0,0,200,200
395541,0,25,0,0,0,0,7,12,0,0,0,200,0,2,200,200,200,200,200,200,200
395542,0,25,0,0,0,1,7,5,0,0,0,18,18,0,6,0,3,0,0,200,200
395542,1,25,0,0,0,1,7,5,0,0,0,18,18,0,6,0,200,200,200,200,200
395544,0,20,0,0,1,1,0,0,0,0,0,0,0,1,5,0,1,5,0,200,200
395544,0,20,0,0,1,1,0,0,0,0,0,0,0,1,6,0,0,0,0,200,200
395545,0,30,0,0,0,1,12,3,0,0,0,0,200,0,6,0,12,0,0,200,200
395545,0,30,0,0,0,1,12,3,0,0,0,0,200,2,200,200,200,200,200,200,200
395548,0,35,1,2,1,1,14,2,0,0,0,17,200,1,7,0,200,12,0,200,200
395548,0,35,1,2,1,1,14,2,0,0,0,17,200,0,6,0,0,12,0,200,200
395550,0,30,0,0,0,1,12,6,0,0,0,17,200,0,7,0,1,0,0,200,200
395550,0,30,0,0,0,1,12,6,0,0,0,17,200,0,5,0,0,0,0,200,200
395550,1,30,0,0,0,1,12,6,0,0,0,17,200,1,200,7,200,200,200,200,200
395573,0,0,2,2,1,1,0,5,0,0,0,17,16,0,6,0,1,0,0,200,200
395573,0,0,2,2,1,1,0,5,0,0,0,17,16,0,6,0,0,0,0,200,200
395573,1,0,2,2,1,1,0,5,0,0,0,17,16,0,5,0,200,200,200,200,200
395575,0,30,0,0,1,1,14,5,0,0,0,23,23,0,7,0,7,0,0,200,200
395575,0,30,0,0,1,1,14,5,0,0,0,23,23,0,5,0,7,0,0,200,200
395582,0,30,0,0,0,1,2,3,0,0,0,0,0,2,200,200,200,200,200,200,200
395596,0,30,0,0,0,1,7,6,0,0,2,25,16,2,200,200,200,200,200,200,200
395599,0,30,0,0,0,1,12,5,0,0,0,22,23,1,6,0,1,0,0,200,200
395599,0,30,0,0,0,1,12,5,0,0,0,22,23,1,6,0,4,0,0,200,200
395600,0,30,1,200,0,1,10,2,0,0,200,18,0,0,200,200,3,200,200,200,200
395600,0,30,1,200,0,1,10,2,0,0,200,18,0,0,6,200,0,200,0,200,200
395605,0,30,0,0,0,1,7,6,0,0,0,25,0,2,200,200,200,200,200,200,200
395608,0,30,1,200,0,1,10,6,0,0,0,16,200,1,6,0,1,0,0,200,200
395608,0,30,1,200,0,1,10,6,0,0,0,16,200,0,7,0,0,0,0,200,200
395616,0,30,2,2,0,1,9,3,0,0,0,17,17,1,6,0,1,0,0,200,200
395616,5,30,2,2,0,1,9,3,0,0,0,17,17,0,6,7,0,0,7,200,200
395626,0,25,1,2,2,1,10,5,0,1,0,18,0,0,7,0,3,0,0,200,200
395626,0,25,1,2,2,1,10,5,0,1,0,18,0,0,6,0,0,0,0,200,200
395627,0,30,0,0,0,1,14,5,0,0,0,0,200,1,5,0,12,12,0,200,200
395627,0,30,0,0,0,1,14,5,0,0,0,0,200,1,7,0,0,12,0,200,200
395627,1,30,0,0,0,1,14,5,0,0,0,0,200,0,5,0,200,200,200,200,200
395632,0,20,0,0,1,1,7,5,0,0,0,18,22,0,6,200,3,0,0,200,200
395632,1,20,0,0,1,1,7,5,0,0,0,18,22,0,6,200,200,200,200,200,200
395641,0,30,0,0,0,1,10,5,0,0,0,17,200,0,6,0,1,0,0,200,200
395641,0,30,0,0,0,1,10,5,0,0,0,17,200,1,6,200,1,0,0,200,200
395654,0,25,0,0,0,1,10,2,0,0,0,200,200,0,6,0,3,200,5,200,200
395654,0,25,0,0,0,1,10,2,0,0,0,200,200,1,6,0,0,0,0,200,200
395663,0,25,0,0,0,1,12,5,0,0,0,0,0,0,6,0,1,0,0,200,200
395663,0,25,0,0,0,1,12,5,0,0,0,0,0,0,7,7,0,0,0,200,200
395675,0,25,2,1,0,1,14,5,0,0,0,23,21,0,8,200,7,0,0,200,200
395675,0,25,2,1,0,1,14,5,0,0,0,23,21,1,7,0,0,0,0,200,200
395681,0,35,2,0,0,1,0,6,0,0,0,5,200,1,6,0,5,0,0,200,200
395681,0,35,2,0,0,1,0,6,0,0,0,5,200,0,9,0,0,0,0,200,200
395681,1,35,2,0,0,1,0,6,0,0,0,5,200,1,0,5,200,200,200,200,200
395682,0,30,0,0,0,1,10,2,0,0,0,18,7,0,6,0,3,0,0,200,200
395682,0,30,0,0,0,1,10,2,0,0,0,18,7,0,6,0,0,0,0,200,200
395682,1,30,0,0,0,1,10,2,0,0,0,18,7,1,6,0,200,200,200,200,200
395682,1,30,0,0,0,1,10,2,0,0,0,18,7,1,2,0,200,200,200,200,200
395682,1,30,0,0,0,1,10,2,0,0,0,18,7,0,2,0,200,200,200,200,200
395690,0,30,0,0,0,1,12,5,0,0,0,17,0,1,5,0,1,200,0,200,200
395690,0,30,0,0,0,1,12,5,0,0,0,17,0,0,5,0,0,200,0,200,200
395690,1,30,0,0,0,1,12,5,0,0,0,17,0,0,200,0,200,200,200,200,200
395690,1,30,0,0,0,1,12,5,0,0,0,17,0,0,200,0,200,200,200,200,200
395693,0,25,0,0,0,1,7,6,0,0,0,0,0,0,7,200,200,200,0,200,200
395696,0,30,1,2,1,1,10,2,0,0,0,25,16,0,200,200,8,200,200,200,200
395696,0,30,1,2,1,1,10,2,0,0,0,25,16,1,8,0,0,0,0,200,200
395703,0,30,1,2,0,1,10,2,0,0,0,18,0,0,200,200,3,200,200,200,200
395703,0,30,1,2,0,1,10,2,0,0,0,18,0,0,7,0,0,0,0,200,200
395714,0,15,0,0,1,3,7,6,0,0,0,25,0,2,200,200,200,200,200,200,200
395721,0,30,0,0,200,200,7,5,0,200,200,0,200,2,200,200,200,200,200,200,200
395727,0,30,1,2,0,1,14,6,0,0,0,21,200,0,6,0,7,0,0,200,200
395727,0,30,1,2,0,1,14,6,0,0,0,21,200,0,200,0,0,0,0,200,200
395729,0,25,2,2,0,1,14,5,0,0,200,23,33,1,200,200,7,200,200,200,200
395729,0,25,2,2,0,1,14,5,0,0,200,23,33,1,6,0,0,200,0,200,200
395753,0,10,0,0,0,1,7,7,0,0,0,0,200,0,200,200,200,200,200,200,200
395755,0,30,0,0,0,1,10,5,0,0,0,18,16,0,6,200,3,0,0,200,200
395755,0,30,0,0,0,1,10,5,0,0,0,18,16,0,7,0,0,0,0,200,200
395761,0,30,0,0,0,1,11,6,0,0,0,20,200,0,6,0,6,0,0,200,200
395761,0,30,0,0,0,1,11,6,0,0,0,20,200,0,7,0,0,0,0,200,200
395770,0,30,0,0,1,1,12,2,0,0,0,18,21,0,200,200,4,200,200,200,200
395770,0,30,0,0,1,1,12,2,0,0,0,18,21,1,6,0,0,0,0,200,200
395772,0,30,0,0,0,1,7,12,0,0,0,200,200,1,5,7,12,0,0,200,200
395773,0,30,0,0,0,1,10,3,0,0,0,0,0,1,200,200,200,200,200,200,200
395773,0,30,0,0,0,1,10,3,0,0,0,0,0,1,6,200,0,0,0,200,200
395775,0,30,0,0,0,1,8,12,0,0,0,0,0,0,200,200,1,200,200,200,200
395775,4,30,0,0,0,1,8,12,0,0,0,0,0,0,5,7,0,0,0,200,200
395781,0,30,0,0,0,1,0,2,0,0,0,17,200,0,6,0,1,5,0,200,200
395781,0,30,0,0,0,1,0,2,0,0,0,17,200,1,9,0,0,0,0,200,200
395784,0,30,0,0,0,1,10,6,0,0,200,0,200,1,200,200,1,200,200,200,200
395784,0,30,0,0,0,1,10,6,0,0,200,0,200,1,6,0,0,0,0,200,200
395788,0,30,1,2,0,1,14,6,0,0,0,23,17,0,6,200,7,0,0,200,200
395788,0,30,1,2,0,1,14,6,0,0,0,23,17,0,5,200,0,0,0,200,200
395799,0,30,1,2,0,1,12,5,0,0,0,17,14,0,200,200,1,200,200,200,200
395799,0,30,1,2,0,1,12,5,0,0,0,17,14,0,6,0,0,0,0,200,200
395801,0,30,0,0,0,1,10,7,2,0,0,18,16,0,7,0,3,0,0,200,200
395801,0,30,0,0,0,1,10,7,2,0,0,18,16,1,2,0,0,0,0,200,200
395803,0,30,2,2,0,1,5,6,0,0,0,12,0,0,7,7,6,0,0,200,200
395810,0,0,0,0,0,1,2,7,0,0,0,11,200,0,5,7,200,0,0,200,200
395816,0,25,0,0,0,1,7,5,0,0,12,28,200,0,5,200,12,0,0,200,200
395833,0,30,12,2,0,1,12,2,0,0,12,21,200,0,6,200,4,200,0,200,200
395833,0,30,12,2,0,1,12,2,0,0,12,21,200,0,7,200,200,200,0,200,200
395834,0,30,0,0,0,2,12,5,0,0,0,0,200,0,4,0,0,0,0,200,200
395834,0,30,0,0,0,2,12,5,0,0,0,0,200,0,6,0,0,0,0,200,200
395835,0,30,1,2,0,1,10,5,0,0,0,16,0,2,200,200,8,200,200,200,200
395835,0,30,1,2,0,1,10,5,0,0,0,16,0,0,6,0,0,0,0,200,200
395835,0,30,1,2,0,1,10,5,0,0,0,16,0,1,6,0,0,0,0,200,200
395835,0,30,1,2,0,1,10,5,0,0,0,16,0,1,7,0,0,0,0,200,200
395835,0,30,1,2,0,1,10,5,0,0,0,16,0,0,6,0,0,0,0,200,200
395846,0,30,0,0,0,1,7,6,0,0,0,20,0,2,200,200,6,200,200,200,200
395847,0,30,1,2,0,1,9,1,0,0,0,17,16,1,5,0,1,0,0,200,200
395847,5,30,1,2,0,1,9,1,0,0,0,17,16,1,5,7,0,0,0,200,200
395851,0,30,1,2,0,1,12,6,0,0,0,21,16,1,6,200,4,0,0,200,200
395851,0,30,1,2,0,1,12,6,0,0,0,21,16,0,6,200,0,0,0,200,200
395852,0,30,0,0,0,1,12,5,0,0,0,0,0,0,6,0,0,0,0,200,200
395852,0,30,0,0,0,1,12,5,0,0,0,0,0,0,7,7,0,0,0,200,200
395855,0,35,1,2,0,1,10,2,0,0,0,18,200,0,6,0,3,0,0,200,200
395855,0,35,1,2,0,1,10,2,0,0,0,18,200,0,5,0,0,0,0,200,200
395855,1,35,1,2,0,1,10,2,0,0,0,18,200,0,200,0,200,200,200,200,200
395857,0,25,0,0,200,200,7,5,0,200,0,0,200,2,200,200,200,200,200,200,200
395870,0,15,0,0,0,1,7,6,0,0,200,0,200,0,6,0,7,0,200,200,200
395872,0,30,0,0,0,1,7,2,0,0,200,0,200,1,200,200,12,200,200,200,200
395876,0,30,0,0,2,1,5,5,0,0,0,0,0,0,6,0,200,200,200,200,200
395883,0,30,1,2,1,1,12,5,0,0,0,21,18,2,200,200,4,200,200,200,200
395883,0,30,1,2,1,1,12,5,0,0,0,21,18,0,6,0,0,0,0,200,200
395887,0,30,0,0,0,1,2,5,0,0,0,0,200,0,7,200,200,0,200,200,200
395898,0,30,0,0,1,1,7,6,0,0,0,21,21,0,5,200,2,0,0,200,200
395899,0,30,1,2,0,1,10,2,0,0,0,18,0,1,6,0,3,0,0,200,200
395899,0,30,1,2,0,1,10,2,0,0,0,18,0,0,7,0,12,0,0,200,200
395899,1,30,1,2,0,1,10,2,0,0,0,18,0,1,8,0,200,200,200,200,200
395906,0,30,1,2,0,1,14,5,0,0,0,23,200,0,6,0,7,0,0,200,200
395906,0,30,1,2,0,1,14,5,0,0,0,23,200,0,8,0,0,0,0,200,200
395912,0,30,1,2,0,1,10,2,0,0,0,18,200,1,6,0,3,0,0,200,200
395912,0,30,1,2,0,1,10,2,0,0,0,18,200,0,7,0,0,0,0,200,200
395912,1,30,1,2,0,1,10,2,0,0,0,18,200,1,6,0,200,200,200,200,200
395912,1,30,1,2,0,1,10,2,0,0,0,18,200,0,1,5,200,200,200,200,200
395914,0,30,0,0,0,1,14,2,0,0,0,17,14,2,200,200,1,200,200,200,200
395914,0,30,0,0,0,1,14,2,0,0,0,17,14,0,8,200,0,0,0,200,200
395915,0,5,0,0,0,3,7,7,2,0,0,11,200,1,200,200,200,200,200,200,200
395919,0,30,1,2,0,1,0,3,0,0,0,6,200,0,6,0,0,0,0,200,200
395919,0,30,1,2,0,1,0,3,0,0,0,6,200,0,7,0,5,0,7,200,200
395919,1,30,1,2,0,1,0,3,0,0,0,6,200,0,6,0,200,200,200,200,200
395919,1,30,1,2,0,1,0,3,0,0,0,6,200,0,200,0,200,200,200,200,200
395923,0,30,2,0,0,1,0,5,0,0,0,17,22,1,5,200,1,0,0,200,200
395923,0,30,2,0,0,1,0,5,0,0,0,17,22,0,7,200,0,0,0,200,200
395938,0,30,0,0,0,1,12,6,0,0,0,21,200,0,200,200,4,200,1,200,200
395938,0,30,0,0,0,1,12,6,0,0,0,21,200,1,6,0,0,0,0,200,200
395946,0,30,1,2,0,1,10,5,0,0,200,18,18,0,8,200,1,0,0,200,200
395946,0,30,1,2,0,1,10,5,0,0,200,18,18,0,7,0,0,0,0,200,200
395952,0,30,1,2,0,1,10,5,0,0,200,18,0,0,6,200,3,0,0,200,200
395952,0,30,1,2,0,1,10,5,0,0,200,18,0,1,8,0,0,0,0,200,200
395952,1,30,1,2,0,1,10,5,0,0,200,18,0,0,200,200,200,200,200,200,200
395955,0,15,0,3,0,1,7,7,0,0,0,0,0,0,200,200,200,200,200,200,200
395957,0,30,1,2,0,1,12,6,0,0,0,22,200,0,4,200,2,12,200,200,200
395957,0,30,1,2,0,1,12,6,0,0,0,22,200,1,5,0,0,0,0,200,200
395966,0,30,0,0,0,1,7,5,0,0,0,20,200,1,0,7,6,0,0,200,200
395966,1,30,0,0,0,1,7,5,0,0,0,20,200,0,8,0,200,200,200,200,200
395968,0,25,0,0,0,1,12,5,0,0,0,200,200,1,3,0,200,6,0,200,200
395968,0,25,0,0,0,1,12,5,0,0,0,200,200,0,7,0,0,0,0,200,200
395970,0,30,0,0,0,1,10,7,0,0,0,20,16,1,200,200,6,200,0,200,200
395970,0,30,0,0,0,1,10,7,0,0,0,20,16,0,6,0,0,0,0,200,200
395985,0,30,1,200,0,1,12,6,0,0,0,11,0,0,6,200,4,0,0,200,200
395985,0,30,1,200,0,1,12,6,0,0,0,11,0,0,6,200,200,0,0,200,200
395990,0,30,0,0,0,1,7,6,0,0,0,8,11,1,6,200,12,0,0,200,200
395990,1,30,0,0,0,1,7,6,0,0,0,8,11,200,8,0,200,200,200,200,200
395991,0,30,0,0,0,1,2,3,0,0,0,28,25,0,6,0,0,0,0,200,200
395991,1,30,0,0,0,1,2,3,0,0,0,28,25,0,6,0,200,200,200,200,200
395992,0,35,0,0,0,1,7,6,0,0,0,0,0,2,200,200,200,200,200,200,200
395994,0,10,0,0,0,1,0,7,0,0,200,20,0,0,6,0,6,0,0,200,200
395994,0,10,0,0,0,1,0,7,0,0,200,20,0,1,6,0,0,0,0,200,200
395994,1,10,0,0,0,1,0,7,0,0,200,20,0,1,8,0,200,200,200,200,200
395994,1,10,0,0,0,1,0,7,0,0,200,20,0,0,6,0,200,200,200,200,200
395995,0,30,0,0,0,1,0,5,0,0,0,22,200,0,200,0,200,0,0,200,200
395995,0,30,0,0,0,1,0,5,0,0,0,22,200,0,6,0,0,0,0,200,200
396004,0,30,0,0,0,1,12,5,0,0,0,22,21,1,5,0,2,0,0,200,200
396004,0,30,0,0,0,1,12,5,0,0,0,22,21,0,5,0,0,0,0,200,200
396006,0,30,0,0,0,1,7,2,0,0,0,0,200,1,7,200,200,200,0,200,200
396006,1,30,0,0,0,1,7,2,0,0,0,0,200,0,7,200,200,200,200,200,200
396006,1,30,0,0,0,1,7,2,0,0,0,0,200,0,6,200,200,200,200,200,200
396008,0,30,0,0,0,1,7,7,0,0,0,200,200,1,200,200,0,200,200,200,200
396013,0,15,0,0,0,1,9,7,5,0,0,0,0,1,6,0,200,0,0,200,200
396013,5,15,0,0,0,1,9,7,5,0,0,0,0,1,6,7,12,0,0,200,200
396016,0,0,0,0,0,1,2,12,0,0,0,11,0,0,6,1,12,0,0,200,200
396020,0,30,0,0,0,1,12,2,0,0,200,22,11,1,5,0,2,0,0,200,200
396020,0,30,0,0,0,1,12,2,0,0,200,22,11,0,5,0,0,0,0,200,200
396021,0,35,0,0,0,1,10,3,0,0,0,18,16,1,6,200,3,0,200,200,200
396021,0,35,0,0,0,1,10,3,0,0,0,18,16,0,5,200,0,0,0,200,200