RD_NO,PERSON_TYPE,POSTED_SPEED_LIMIT,TRAFFIC_CONTROL_DEVICE,DEVICE_CONDITION,WEATHER_CONDITION,LIGHTING_CONDITION,FIRST_CRASH_TYPE,TRAFFICWAY_TYPE,ALIGNMENT,ROADWAY_SURFACE_COND,ROAD_DEFECT,PRIM_CONTRIBUTORY_CAUSE,SEC_CONTRIBUTORY_CAUSE,SEX,AGE,SAFETY_EQUIPMENT,DRIVER_ACTION,DRIVER_VISION,PHYSICAL_CONDITION,BAC_RESULT VALUE,CELL_PHONE_USE
396023,0,30,0,0,0,1,14,2,0,0,0,23,0,1,200,200,7,0,0,200,200
396023,0,30,0,0,0,1,14,2,0,0,0,23,0,1,6,200,0,0,0,200,200
396033,0,30,2,2,0,1,14,5,0,0,0,5,200,1,200,200,5,0,0,200,200
396033,0,30,2,2,0,1,14,5,0,0,0,5,200,1,5,0,0,0,0,200,200
396043,0,30,1,2,0,1,10,3,0,0,0,16,200,0,200,200,200,0,0,200,200
396043,0,30,1,2,0,1,10,3,0,0,0,16,200,1,7,0,0,0,0,200,200
396043,1,30,1,2,0,1,10,3,0,0,0,16,200,0,200,0,200,200,200,200,200
396043,1,30,1,2,0,1,10,3,0,0,0,16,200,0,200,0,200,200,200,200,200
396049,0,30,0,0,0,1,10,5,0,0,200,0,0,0,6,0,200,200,200,200,200
396049,0,30,0,0,0,1,10,5,0,0,200,0,0,1,8,0,0,200,200,200,200
396049,1,30,0,0,0,1,10,5,0,0,200,0,0,0,200,0,200,200,200,200,200
396057,0,30,0,0,0,1,10,5,0,0,0,18,0,1,5,0,3,0,0,200,200
396057,0,30,0,0,0,1,10,5,0,0,0,18,0,0,5,0,200,0,0,200,200
396060,0,30,1,2,0,1,12,6,0,0,0,21,21,0,7,0,4,0,0,200,200
396060,0,30,1,2,0,1,12,6,0,0,0,21,21,0,6,0,0,0,0,200,200
396068,0,30,0,0,0,1,14,2,2,0,0,21,11,0,200,200,4,200,200,200,200
396068,0,30,0,0,0,1,14,2,2,0,0,21,11,0,7,0,0,0,0,200,200
396071,0,30,0,0,0,1,0,7,0,0,0,17,200,0,200,0,6,6,0,200,200
396071,0,30,0,0,0,1,0,7,0,0,0,17,200,0,200,0,0,0,0,200,200
396071,1,30,0,0,0,1,0,7,0,0,0,17,200,1,200,0,200,200,200,200,200
396073,0,30,0,0,0,1,14,5,0,0,200,0,200,1,200,200,7,200,200,200,200
396073,0,30,0,0,0,1,14,5,0,0,200,0,200,0,6,200,200,200,0,200,200
396077,0,30,200,200,0,1,8,5,0,200,200,0,0,0,7,200,12,200,0,200,200
396077,4,30,200,200,0,1,8,5,0,200,200,0,0,1,7,2,0,200,0,200,200
396078,0,30,0,0,0,1,12,5,0,0,0,22,17,1,7,200,2,0,5,200,200
396078,0,30,0,0,0,1,12,5,0,0,0,22,17,0,7,200,0,0,0,200,200
396078,1,30,0,0,0,1,12,5,0,0,0,22,17,0,200,200,200,200,200,200,200
396079,0,35,0,0,0,1,14,3,0,0,0,0,200,0,5,0,4,0,0,200,200
396079,0,35,0,0,0,1,14,3,0,0,0,0,200,1,6,0,0,0,0,200,200
396080,0,30,1,2,0,1,12,5,0,0,200,22,22,2,200,200,2,200,200,200,200
396080,0,30,1,2,0,1,12,5,0,0,200,22,22,1,7,0,0,0,0,200,200
396084,0,25,1,2,0,1,8,2,0,0,0,31,18,0,6,0,1,0,0,200,200
396084,4,25,1,2,0,1,8,2,0,0,0,31,18,0,7,2,0,0,0,200,200
396092,0,20,200,200,0,1,2,6,0,0,0,0,23,2,200,200,200,200,200,200,200
396093,0,30,0,0,0,1,10,2,0,0,0,18,0,0,6,0,3,0,0,200,200
396093,0,30,0,0,0,1,10,2,0,0,0,18,0,0,8,0,12,0,0,200,200
396096,0,30,1,2,0,1,0,2,0,0,0,2,6,0,0,1,5,0,0,200,1
396096,0,30,1,2,0,1,0,2,0,0,0,2,6,0,6,0,0,0,0,200,200
396099,0,30,1,2,0,1,12,2,0,0,0,17,0,0,6,200,1,200,0,200,200
396099,0,30,1,2,0,1,12,2,0,0,0,17,0,0,7,200,0,200,0,200,200
396103,0,25,0,0,0,1,14,2,0,0,0,0,0,0,5,0,1,0,0,200,200
396103,0,25,0,0,0,1,14,2,0,0,0,0,0,0,7,0,0,0,0,200,200
396104,0,30,1,2,0,1,12,5,0,0,0,22,200,1,200,200,2,200,200,200,200
396104,0,30,1,2,0,1,12,5,0,0,0,22,200,1,6,0,0,0,0,200,200
396106,0,30,1,2,0,1,0,5,0,0,0,17,16,0,200,200,1,200,200,200,200
396106,0,30,1,2,0,1,0,5,0,0,0,17,16,0,5,0,0,0,0,200,200
396106,1,30,1,2,0,1,0,5,0,0,0,17,16,1,200,200,200,200,200,200,200
396107,0,10,0,0,0,1,0,0,0,0,0,17,11,0,200,200,1,200,200,200,200
396107,0,10,0,0,0,1,0,0,0,0,0,17,11,0,6,0,0,0,0,200,200
396110,0,30,0,0,0,1,12,12,0,0,0,17,21,0,200,200,1,200,200,200,200
396110,0,30,0,0,0,1,12,12,0,0,0,17,21,0,5,0,0,0,0,200,200
396119,0,30,1,200,0,1,12,5,0,0,200,17,200,1,5,0,1,0,0,200,200
396119,0,30,1,200,0,1,12,5,0,0,200,17,200,0,6,0,0,0,0,200,200
396119,1,30,1,200,0,1,12,5,0,0,200,17,200,1,200,0,200,200,200,200,200
396119,1,30,1,200,0,1,12,5,0,0,200,17,200,1,200,0,200,200,200,200,200
396126,0,30,0,0,0,1,7,6,0,0,0,11,200,0,5,200,12,0,0,200,200
396131,0,30,0,0,0,1,7,5,0,0,0,11,200,1,4,0,12,0,0,200,200
396131,1,30,0,0,0,1,7,5,0,0,0,11,200,1,5,0,200,200,200,200,200
396136,0,30,1,2,0,1,10,6,0,0,0,0,200,1,5,200,200,200,200,200,200
396136,0,30,1,2,0,1,10,6,0,0,0,0,200,0,6,0,0,0,0,200,200
396139,0,30,2,2,0,1,12,6,0,0,0,17,21,0,5,200,1,0,0,200,200
396139,0,30,2,2,0,1,12,6,0,0,0,17,21,0,6,0,0,0,0,200,200
396141,0,30,0,0,0,1,14,2,0,0,0,0,200,0,7,0,0,0,0,200,200
396141,0,30,0,0,0,1,14,2,0,0,0,0,200,0,5,0,0,0,0,200,200
396147,0,30,1,2,0,1,10,5,0,0,1,18,200,0,5,0,3,0,0,200,200
396147,0,30,1,2,0,1,10,5,0,0,1,18,200,0,6,0,0,0,0,200,200
396147,1,30,1,2,0,1,10,5,0,0,1,18,200,1,5,0,200,200,200,200,200
396148,0,30,1,2,0,1,10,5,0,0,0,18,200,1,6,1,3,0,0,200,200
396148,0,30,1,2,0,1,10,5,0,0,0,18,200,1,6,0,0,0,0,200,200
396150,4,35,0,0,0,1,8,1,0,0,0,17,200,0,6,2,12,0,0,200,200
396150,0,35,0,0,0,1,8,1,0,0,0,17,200,0,8,0,0,0,0,200,200
396151,0,30,0,0,0,1,8,5,0,0,0,10,16,2,200,200,200,200,200,200,200
396151,4,30,0,0,0,1,8,5,0,0,0,10,16,0,2,7,0,0,0,200,200
396153,0,30,1,2,0,1,0,5,0,0,0,6,200,1,6,0,5,0,0,200,200
396153,0,30,1,2,0,1,0,5,0,0,0,6,200,0,6,200,0,0,0,200,200
396153,1,30,1,2,0,1,0,5,0,0,0,6,200,1,6,0,200,200,200,200,200
396155,0,25,0,0,0,0,7,6,0,0,0,0,0,2,200,200,200,200,200,200,200
396157,0,30,200,200,0,1,14,5,0,0,200,200,200,0,6,200,12,200,0,200,200
396157,0,30,200,200,0,1,14,5,0,0,200,200,200,0,6,200,200,200,0,200,200
396157,1,30,200,200,0,1,14,5,0,0,200,200,200,1,5,200,200,200,200,200,200
396168,0,30,0,0,0,1,12,5,0,0,200,22,0,1,3,0,4,0,0,200,200
396168,0,30,0,0,0,1,12,5,0,0,200,22,0,0,6,0,0,0,0,200,200
396168,1,30,0,0,0,1,12,5,0,0,200,22,0,1,4,0,200,200,200,200,200
396169,0,30,1,2,0,1,12,6,0,0,0,0,200,0,8,0,200,0,0,200,200
396169,0,30,1,2,0,1,12,6,0,0,0,0,200,1,5,0,200,0,0,200,200
396170,0,30,1,2,0,1,14,5,0,0,0,17,23,0,3,200,1,200,0,200,200
396170,0,30,1,2,0,1,14,5,0,0,0,17,23,0,7,200,0,200,0,200,200
396170,1,30,1,2,0,1,14,5,0,0,0,17,23,1,4,200,200,200,200,200,200
396170,1,30,1,2,0,1,14,5,0,0,0,17,23,1,200,200,200,200,200,200,200
396172,0,40,0,0,0,1,10,8,2,0,0,18,200,1,5,0,3,0,0,200,200
396172,0,40,0,0,0,1,10,8,2,0,0,18,200,1,7,0,0,0,0,200,200
396172,0,40,0,0,0,1,10,8,2,0,0,18,200,1,7,0,0,0,0,200,200
396180,0,30,1,2,0,1,10,3,0,0,0,18,200,1,7,200,3,200,0,200,200
396180,0,30,1,2,0,1,10,3,0,0,0,18,200,0,8,200,0,200,0,200,200
396196,0,25,1,2,0,1,14,1,0,0,0,4,4,1,6,0,12,200,0,200,200
396196,0,25,1,2,0,1,14,1,0,0,0,4,4,0,5,0,12,200,0,200,200
396201,0,30,1,2,0,1,10,2,0,0,0,0,200,0,200,200,1,200,200,200,200
396201,0,30,1,2,0,1,10,2,0,0,0,0,200,0,7,0,0,0,0,200,200
396203,0,30,0,0,0,1,12,5,0,0,0,0,0,1,200,200,7,0,200,200,200
396203,0,30,0,0,0,1,12,5,0,0,0,0,0,1,6,0,0,0,0,200,200
396208,0,30,1,2,0,1,10,5,0,0,0,18,16,0,8,0,3,0,0,200,200
396208,0,30,1,2,0,1,10,5,0,0,0,18,16,1,7,0,0,0,0,200,200
396213,0,30,0,0,0,1,14,2,0,0,0,0,200,0,7,0,200,0,0,200,200
396213,0,30,0,0,0,1,14,2,0,0,0,0,200,0,5,0,200,0,0,200,200
396214,0,10,0,0,0,1,7,7,0,0,200,0,0,2,200,200,200,200,200,200,200
396218,4,30,0,0,0,1,8,4,0,0,0,11,200,0,3,7,12,0,0,200,200
396218,0,30,0,0,0,1,8,4,0,0,0,11,200,1,8,0,0,0,0,200,200
396221,0,30,2,2,0,1,10,5,0,0,0,18,16,0,200,200,3,0,0,200,200
396221,0,30,2,2,0,1,10,5,0,0,0,18,16,0,200,0,0,0,0,200,200
396221,0,30,2,2,0,1,10,5,0,0,0,18,16,0,200,200,0,0,0,200,200
396226,0,30,1,2,0,1,14,2,2,0,0,12,0,0,5,200,7,200,0,200,200
396226,0,30,1,2,0,1,14,2,2,0,0,12,0,0,6,200,12,0,0,200,200
396226,0,30,1,2,0,1,14,2,2,0,0,12,0,0,7,200,12,0,0,200,200
396226,1,30,1,2,0,1,14,2,2,0,0,12,0,0,5,200,200,200,200,200,200
396229,0,45,0,0,0,1,10,3,0,0,200,18,0,0,6,200,3,200,200,200,200
396229,0,45,0,0,0,1,10,3,0,0,200,18,0,1,5,0,0,0,0,200,200
396230,0,30,0,0,0,1,8,5,0,0,0,0,0,0,200,200,2,0,0,200,200
396230,4,30,0,0,0,1,8,5,0,0,0,0,0,0,6,3,0,0,0,200,200
396232,0,25,0,0,0,1,7,5,0,0,0,0,0,0,200,200,200,200,200,200,200
396232,1,25,0,0,0,1,7,5,0,0,0,0,0,1,200,200,200,200,200,200,200
396233,0,30,2,200,0,1,14,5,0,0,200,0,200,0,200,200,7,200,200,200,200
396233,0,30,2,200,0,1,14,5,0,0,200,0,200,0,5,200,200,200,0,200,200
396235,0,30,200,200,0,1,12,2,0,200,200,0,0,0,6,1,200,200,0,200,200
396235,0,30,200,200,0,1,12,2,0,200,200,0,0,0,7,0,200,200,0,200,200
396237,0,30,0,0,0,1,7,7,0,0,0,0,0,2,200,200,200,200,200,200,200
396239,0,35,1,2,0,1,14,2,0,0,0,17,0,1,8,200,7,0,0,200,200
396239,0,35,1,2,0,1,14,2,0,0,0,17,0,0,6,200,2,0,0,200,200
396239,1,35,1,2,0,1,14,2,0,0,0,17,0,1,8,200,200,200,200,200,200
396240,0,25,2,2,0,1,14,2,0,0,0,21,200,0,7,0,7,0,0,200,200
396240,0,25,2,2,0,1,14,2,0,0,0,21,200,0,6,0,0,3,0,200,200
396248,0,20,0,0,0,1,0,0,0,0,200,17,0,0,6,0,6,0,0,200,200
396248,0,20,0,0,0,1,0,0,0,0,200,17,0,0,5,0,0,0,0,200,200
396249,0,30,0,0,0,1,12,5,0,0,0,17,200,0,200,200,2,200,200,200,200
396249,0,30,0,0,0,1,12,5,0,0,0,17,200,1,5,0,0,0,0,200,200
396252,0,30,0,0,0,1,14,5,0,0,0,0,0,1,8,0,6,200,0,200,200
396252,0,30,0,0,0,1,14,5,0,0,0,0,0,0,6,0,0,0,0,200,200
396253,0,30,0,0,0,1,5,12,0,0,0,12,0,0,5,200,12,200,0,200,200
396253,1,30,0,0,0,1,5,12,0,0,0,12,0,0,4,200,200,200,200,200,200
396253,1,30,0,0,0,1,5,12,0,0,0,12,0,1,0,5,200,200,200,200,200
396253,1,30,0,0,0,1,5,12,0,0,0,12,0,0,0,5,200,200,200,200,200
396254,0,30,0,0,0,1,0,7,0,0,0,0,200,1,6,0,6,0,0,200,200
396254,0,30,0,0,0,1,0,7,0,0,0,0,200,1,6,200,0,0,0,200,200
396255,0,30,0,0,0,1,8,5,0,0,0,17,16,0,6,0,1,200,0,200,200
396255,4,30,0,0,0,1,8,5,0,0,0,17,16,0,7,2,200,200,0,200,200
396255,1,30,0,0,0,1,8,5,0,0,0,17,16,0,6,0,200,200,200,200,200
396255,1,30,0,0,0,1,8,5,0,0,0,17,16,1,6,0,200,200,200,200,200
396259,0,30,0,0,0,1,12,2,0,0,0,22,200,1,200,200,4,200,200,200,200
396259,0,30,0,0,0,1,12,2,0,0,0,22,200,1,6,200,0,200,0,200,200
396268,0,30,0,0,0,1,14,1,0,0,200,21,0,0,5,0,4,0,0,200,200
396268,0,30,0,0,0,1,14,1,0,0,200,21,0,1,6,0,0,0,0,200,200
396269,0,30,0,0,0,1,12,5,0,0,0,22,200,2,200,200,2,200,200,200,200
396269,0,30,0,0,0,1,12,5,0,0,0,22,200,1,6,0,0,0,0,200,200
396269,0,30,0,0,0,1,12,5,0,0,0,22,200,2,200,200,0,200,200,200,200
396270,0,30,2,2,0,1,0,5,0,0,0,17,16,0,6,0,1,0,7,200,200
396270,0,30,2,2,0,1,0,5,0,0,0,17,16,1,6,0,0,0,0,200,200
396270,1,30,2,2,0,1,0,5,0,0,0,17,16,0,6,0,200,200,200,200,200
396270,1,30,2,2,0,1,0,5,0,0,0,17,16,0,6,0,200,200,200,200,200
396270,1,30,2,2,0,1,0,5,0,0,0,17,16,1,200,0,200,200,200,200,200
396270,1,30,2,2,0,1,0,5,0,0,0,17,16,1,2,0,200,200,200,200,200
396270,1,30,2,2,0,1,0,5,0,0,0,17,16,1,0,5,200,200,200,200,200
396271,0,15,0,0,0,1,7,7,0,0,200,0,0,2,200,200,200,200,200,200,200
396273,0,15,0,0,0,1,7,7,0,0,0,0,0,2,200,200,200,200,200,200,200
396277,0,5,0,0,0,1,7,7,0,0,0,20,200,0,7,0,6,0,0,200,200
396284,0,35,0,0,0,1,10,2,0,0,0,18,0,0,6,7,3,0,200,200,200
396284,0,35,0,0,0,1,10,2,0,0,0,18,0,1,7,0,0,0,0,200,200
396290,0,30,0,0,0,1,10,5,0,0,0,18,200,0,200,200,3,0,0,200,200
396290,0,30,0,0,0,1,10,5,0,0,0,18,200,0,6,0,0,0,0,200,200
396295,0,30,2,2,0,1,0,5,0,200,200,17,17,0,5,0,1,3,0,200,200
396295,0,30,2,2,0,1,0,5,0,200,200,17,17,1,4,0,0,0,0,200,200
396295,1,30,2,2,0,1,0,5,0,200,200,17,17,1,3,0,200,200,200,200,200
396303,0,30,1,2,0,1,10,5,0,0,0,16,200,0,200,200,12,200,200,200,200
396303,0,30,1,2,0,1,10,5,0,0,0,16,200,0,7,0,0,0,0,200,200
396304,0,30,1,200,0,1,10,5,0,0,0,0,0,0,6,200,3,200,200,200,200
396304,0,30,1,200,0,1,10,5,0,0,0,0,0,1,5,7,0,0,200,200,200
396304,0,30,1,200,0,1,10,5,0,0,0,0,0,0,200,200,0,200,200,200,200
396306,0,30,0,0,0,1,14,5,0,0,0,17,11,1,6,0,1,0,0,200,200
396306,0,30,0,0,0,1,14,5,0,0,0,17,11,1,0,0,0,0,0,200,200
396311,0,30,0,0,0,1,12,2,0,0,0,0,0,1,6,0,1,200,0,200,200
396311,0,30,0,0,0,1,12,2,0,0,0,0,0,0,5,0,0,200,0,200,200
396314,0,15,2,2,0,1,14,6,0,0,0,17,200,0,7,0,1,0,0,200,200
396314,0,15,2,2,0,1,14,6,0,0,0,17,200,0,6,0,0,0,0,200,200
396320,0,30,1,2,0,1,8,6,0,0,0,0,200,0,6,200,200,0,0,200,200
396320,4,30,1,2,0,1,8,6,0,0,0,0,200,0,3,200,0,0,0,200,200
396321,0,30,1,2,0,1,14,5,0,0,0,17,200,0,200,200,1,200,200,200,200
396321,0,30,1,2,0,1,14,5,0,0,0,17,200,0,5,0,0,0,0,200,200
396323,0,30,1,2,0,1,10,5,0,0,0,18,200,1,7,200,3,200,200,200,200
396323,0,30,1,2,0,1,10,5,0,0,0,18,200,0,7,0,0,0,0,200,200
396323,1,30,1,2,0,1,10,5,0,0,0,18,200,200,200,200,200,200,200,200,200
396325,0,30,0,0,0,1,7,7,0,0,0,0,0,2,200,200,200,200,200,200,200
396326,0,30,0,0,0,1,0,5,0,0,0,0,0,0,200,0,5,0,0,200,200
396326,0,30,0,0,0,1,0,5,0,0,0,0,0,1,7,0,0,0,0,200,200
396328,0,30,2,2,0,1,14,6,0,200,200,17,15,0,6,0,1,200,0,200,200
396328,0,30,2,2,0,1,14,6,0,200,200,17,15,0,5,0,12,200,0,200,200
396328,1,30,2,2,0,1,14,6,0,200,200,17,15,1,5,0,200,200,200,200,200
396328,1,30,2,2,0,1,14,6,0,200,200,17,15,1,7,0,200,200,200,200,200
396335,0,30,1,2,0,1,11,2,0,0,0,20,0,0,200,200,6,200,200,200,200
396335,0,30,1,2,0,1,11,2,0,0,0,20,0,0,6,0,0,0,0,200,200
396349,0,10,0,0,0,1,7,7,0,0,0,0,200,2,200,200,200,200,200,200,200
396350,0,30,0,0,0,1,7,5,0,0,200,0,0,2,200,200,200,200,200,200,200
396350,1,30,0,0,0,1,7,5,0,0,200,0,0,1,5,200,200,200,200,200,200
396356,0,30,1,2,0,1,8,5,0,0,0,16,0,1,5,0,0,0,0,200,200
396356,4,30,1,2,0,1,8,5,0,0,0,16,0,0,5,3,0,0,0,200,200
396362,0,30,1,2,0,1,10,5,0,200,200,0,0,0,7,200,200,200,200,200,200
396362,0,30,1,2,0,1,10,5,0,200,200,0,0,0,5,200,200,200,200,200,200
396363,0,30,0,0,0,1,10,5,0,0,0,18,200,0,6,200,3,0,0,200,200
396363,0,30,0,0,0,1,10,5,0,0,0,18,200,0,6,200,0,200,7,200,200
396363,0,30,0,0,0,1,10,5,0,0,0,18,200,1,6,200,0,200,7,200,200
396363,1,30,0,0,0,1,10,5,0,0,0,18,200,1,6,200,200,200,200,200,200
396363,1,30,0,0,0,1,10,5,0,0,0,18,200,0,2,200,200,200,200,200,200
396363,1,30,0,0,0,1,10,5,0,0,0,18,200,0,2,200,200,200,200,200,200
396365,0,25,0,0,0,1,0,5,0,0,0,0,0,0,8,7,1,0,0,200,200
396365,0,25,0,0,0,1,0,5,0,0,0,0,0,0,6,7,0,0,0,200,200
396366,0,30,1,2,0,1,14,2,0,0,0,0,200,0,200,200,12,200,200,200,200
396366,0,30,1,2,0,1,14,2,0,0,0,0,200,1,5,0,0,0,0,200,200
396368,0,30,0,0,0,1,10,5,0,0,0,0,200,1,6,0,200,0,0,200,200
396368,0,30,0,0,0,1,10,5,0,0,0,0,200,1,200,200,200,200,200,200,200
396368,1,30,0,0,0,1,10,5,0,0,0,0,200,1,200,0,200,200,200,200,200
396374,0,30,2,2,0,1,10,2,0,0,200,20,0,0,200,200,6,200,200,200,200
396374,0,30,2,2,0,1,10,2,0,0,200,20,0,0,5,0,0,0,0,200,200
396386,0,30,2,2,0,1,0,5,0,0,0,17,200,1,6,0,12,0,0,200,200
396386,0,30,2,2,0,1,0,5,0,0,0,17,200,1,5,0,1,0,0,200,200
396394,5,35,0,0,0,1,9,5,0,0,0,17,0,0,7,7,1,0,0,200,200
396394,0,35,0,0,0,1,9,5,0,0,0,17,0,1,5,200,0,0,0,200,200
396394,1,35,0,0,0,1,9,5,0,0,0,17,0,1,7,200,200,200,200,200,200
396394,1,35,0,0,0,1,9,5,0,0,0,17,0,0,3,200,200,200,200,200,200
396394,1,35,0,0,0,1,9,5,0,0,0,17,0,1,1,5,200,200,200,200,200
396396,0,30,0,0,0,1,14,2,0,0,200,21,17,1,7,0,4,200,200,200,200
396396,0,30,0,0,0,1,14,2,0,0,200,21,17,0,6,0,0,0,0,200,200
396405,0,0,1,2,0,1,10,6,0,0,0,0,0,0,6,200,200,0,200,200,200
396405,0,0,1,2,0,1,10,6,0,0,0,0,0,0,8,0,0,0,0,200,200
396405,1,0,1,2,0,1,10,6,0,0,0,0,0,1,200,200,200,200,200,200,200
396405,1,0,1,2,0,1,10,6,0,0,0,0,0,0,200,200,200,200,200,200,200
396408,0,30,2,2,0,1,10,2,0,0,0,22,0,1,8,200,4,0,0,200,200
396408,0,30,2,2,0,1,10,2,0,0,0,22,0,0,4,200,0,0,0,200,200
396408,1,30,2,2,0,1,10,2,0,0,0,22,0,1,4,200,200,200,200,200,200
396409,0,20,0,0,0,1,12,7,0,0,0,0,0,1,200,200,0,200,0,200,200
396409,0,20,0,0,0,1,12,7,0,0,0,0,0,0,7,200,0,0,0,200,200
396410,0,30,1,2,0,1,10,2,0,0,0,0,200,0,6,200,200,0,0,200,200
396410,0,30,1,2,0,1,10,2,0,0,0,0,200,1,5,200,200,0,0,200,200
396413,0,15,0,0,0,4,10,7,0,0,0,20,16,0,4,0,6,0,0,200,200
396413,0,15,0,0,0,4,10,7,0,0,0,20,16,1,4,0,0,0,0,200,200
396413,1,15,0,0,0,4,10,7,0,0,0,20,16,1,200,1,200,200,200,200,200
396413,1,15,0,0,0,4,10,7,0,0,0,20,16,1,200,4,200,200,200,200,200
396413,1,15,0,0,0,4,10,7,0,0,0,20,16,1,200,4,200,200,200,200,200
396413,1,15,0,0,0,4,10,7,0,0,0,20,16,1,200,0,200,200,200,200,200
396413,1,15,0,0,0,4,10,7,0,0,0,20,16,2,200,5,200,200,200,200,200
396415,0,30,1,2,0,1,14,5,0,0,0,0,200,1,200,200,12,0,0,200,200
396415,0,30,1,2,0,1,14,5,0,0,0,0,200,1,200,0,12,0,0,200,200
396422,0,30,2,2,0,4,10,5,0,0,0,18,16,0,6,200,3,200,0,200,200
396422,0,30,2,2,0,4,10,5,0,0,0,18,16,0,6,0,0,0,0,200,200
396422,1,30,2,2,0,4,10,5,0,0,0,18,16,1,200,0,200,200,200,200,200
396432,0,30,1,2,0,1,10,3,0,0,0,18,200,0,6,200,3,0,0,200,200
396432,0,30,1,2,0,1,10,3,0,0,0,18,200,1,6,200,13,0,0,200,200
396432,1,30,1,2,0,1,10,3,0,0,0,18,200,0,6,200,200,200,200,200,200
396438,0,30,1,2,0,1,12,5,0,0,0,21,200,1,5,0,200,0,0,200,200
396438,0,30,1,2,0,1,12,5,0,0,0,21,200,0,6,0,0,0,0,200,200
396439,0,30,0,0,0,1,7,5,0,0,0,0,200,2,200,200,12,200,200,200,200
396440,0,30,1,2,0,1,14,5,0,0,0,17,0,1,5,0,1,0,0,200,200
396440,0,30,1,2,0,1,14,5,0,0,0,17,0,0,5,0,0,0,0,200,200
396440,1,30,1,2,0,1,14,5,0,0,0,17,0,1,6,0,200,200,200,200,200
396440,1,30,1,2,0,1,14,5,0,0,0,17,0,1,1,5,200,200,200,200,200
396440,1,30,1,2,0,1,14,5,0,0,0,17,0,0,1,4,200,200,200,200,200
396451,0,0,1,2,0,1,12,2,0,0,0,22,200,0,6,0,2,0,0,200,200
396451,0,0,1,2,0,1,12,2,0,0,0,22,200,1,200,200,200,200,200,200,200
396453,0,30,0,0,0,2,10,5,0,0,0,200,200,0,4,0,0,0,0,200,200
396453,0,30,0,0,0,2,10,5,0,0,0,200,200,0,8,0,0,0,0,200,200
396453,1,30,0,0,0,2,10,5,0,0,0,200,200,0,200,0,200,200,200,200,200
396457,0,30,2,2,0,1,0,5,0,0,0,17,16,0,7,7,1,0,0,200,200
396457,0,30,2,2,0,1,0,5,0,0,0,17,16,1,7,0,0,0,0,200,200
396457,1,30,2,2,0,1,0,5,0,0,0,17,16,1,7,0,200,200,200,200,200
396457,1,30,2,2,0,1,0,5,0,0,0,17,16,1,2,5,200,200,200,200,200
396462,0,35,1,2,0,1,10,2,0,0,0,7,18,0,6,0,3,0,0,200,200
396462,0,35,1,2,0,1,10,2,0,0,0,7,18,0,5,0,0,0,0,200,200
396483,0,15,0,0,0,1,2,0,0,0,0,0,200,1,9,200,200,0,0,200,200
396485,0,30,1,2,0,4,8,5,0,0,0,31,200,0,6,200,7,0,0,200,200
396485,4,30,1,2,0,4,8,5,0,0,0,31,200,0,7,7,0,0,0,200,200
396490,0,30,0,0,0,1,10,5,0,0,0,18,16,0,6,200,3,0,0,200,200
396490,0,30,0,0,0,1,10,5,0,0,0,18,16,1,5,200,0,0,0,200,200
396503,0,40,1,2,0,1,14,3,0,0,0,23,200,0,5,0,200,0,0,200,200
396503,0,40,1,2,0,1,14,3,0,0,0,23,200,0,6,0,0,0,0,200,200
396504,0,20,0,0,0,1,10,4,0,0,0,25,0,0,6,200,1,200,200,200,200
396504,0,20,0,0,0,1,10,4,0,0,0,25,0,1,6,200,0,0,0,200,200
396504,1,20,0,0,0,1,10,4,0,0,0,25,0,0,6,200,200,200,200,200,200
396512,0,30,0,0,0,4,2,5,0,0,0,7,7,0,7,0,12,0,0,200,200
396515,0,30,1,2,0,4,14,2,0,0,0,16,200,1,5,0,1,0,0,200,200
396515,0,30,1,2,0,4,14,2,0,0,0,16,200,0,7,200,0,0,0,200,200
396516,0,30,0,0,0,0,10,2,0,0,0,18,200,0,5,200,3,200,0,200,200
396516,0,30,0,0,0,0,10,2,0,0,0,18,200,1,6,0,0,0,0,200,200
396516,1,30,0,0,0,0,10,2,0,0,0,18,200,1,200,0,200,200,200,200,200
396517,0,30,0,0,0,4,12,5,0,0,0,22,21,0,5,0,2,0,0,200,200
396517,0,30,0,0,0,4,12,5,0,0,0,22,21,0,6,0,0,0,0,200,200
396517,1,30,0,0,0,4,12,5,0,0,0,22,21,1,6,0,200,200,200,200,200
396520,0,35,1,2,0,1,10,2,0,0,0,6,0,1,6,200,3,0,0,200,0
396520,0,35,1,2,0,1,10,2,0,0,0,6,0,1,6,200,0,0,0,200,200
396524,0,30,0,0,0,1,10,5,0,0,0,18,200,1,200,200,1,200,200,200,200
396524,0,30,0,0,0,1,10,5,0,0,0,18,200,0,7,0,0,0,0,200,200
396526,0,30,0,0,0,4,9,0,0,0,0,17,0,2,200,200,1,200,200,200,200
396526,5,30,0,0,0,4,9,0,0,0,0,17,0,0,6,7,0,0,0,200,200
396531,0,30,2,0,0,3,10,12,2,0,0,16,200,1,200,200,200,200,200,200,200
396531,0,30,2,0,0,3,10,12,2,0,0,16,200,1,5,0,0,0,0,200,200
396531,1,30,2,0,0,3,10,12,2,0,0,16,200,1,6,0,200,200,200,200,200
396532,0,5,0,0,0,1,5,7,0,0,0,200,200,1,0,0,0,0,0,200,200
396544,0,30,0,0,0,1,7,7,0,0,0,0,11,0,6,200,200,0,0,200,200
396552,0,25,2,2,0,3,0,5,0,0,0,5,200,1,6,0,1,0,0,200,200
396552,0,25,2,2,0,3,0,5,0,0,0,5,200,0,200,0,0,200,200,200,200
396555,4,35,0,0,0,3,8,2,0,0,0,17,0,0,6,3,200,0,0,200,200
396562,0,30,1,2,0,1,10,5,0,0,0,18,200,1,200,0,1,0,0,200,200