RD_NO,PERSON_TYPE,POSTED_SPEED_LIMIT,TRAFFIC_CONTROL_DEVICE,DEVICE_CONDITION,WEATHER_CONDITION,LIGHTING_CONDITION,FIRST_CRASH_TYPE,TRAFFICWAY_TYPE,ALIGNMENT,ROADWAY_SURFACE_COND,ROAD_DEFECT,PRIM_CONTRIBUTORY_CAUSE,SEC_CONTRIBUTORY_CAUSE,SEX,AGE,SAFETY_EQUIPMENT,DRIVER_ACTION,DRIVER_VISION,PHYSICAL_CONDITION,BAC_RESULT VALUE,CELL_PHONE_USE
396562,0,30,1,2,0,1,10,5,0,0,0,18,200,1,5,0,0,0,0,200,200
396562,1,30,1,2,0,1,10,5,0,0,0,18,200,1,6,0,200,200,200,200,200
396569,0,30,0,0,0,3,14,5,0,200,0,5,17,0,200,200,1,200,200,200,200
396569,0,30,0,0,0,3,14,5,0,200,0,5,17,1,5,0,0,0,0,200,200
396576,0,30,1,2,0,3,14,5,0,0,1,16,0,2,200,200,1,200,200,200,200
396576,0,30,1,2,0,3,14,5,0,0,1,16,0,0,5,200,200,200,0,200,200
396577,0,30,0,0,0,4,10,5,0,0,0,200,200,0,5,0,0,0,0,200,200
396577,0,30,0,0,0,4,10,5,0,0,0,200,200,0,6,0,0,0,0,200,200
396578,0,35,0,0,0,1,14,2,0,0,0,21,0,0,0,200,4,0,0,200,200
396578,0,35,0,0,0,1,14,2,0,0,0,21,0,0,6,0,0,0,0,200,200
396579,0,30,0,0,0,3,14,2,0,0,0,0,0,0,7,0,200,0,0,200,200
396579,0,30,0,0,0,3,14,2,0,0,0,0,0,1,7,0,200,0,0,200,200
396586,0,40,1,2,0,3,14,3,0,0,0,17,200,0,5,0,1,0,0,200,200
396586,0,40,1,2,0,3,14,3,0,0,0,17,200,1,5,0,0,0,0,200,200
396597,0,15,0,0,0,1,7,7,0,0,0,0,200,0,200,200,200,200,200,200,200
396606,0,30,0,0,0,3,14,5,0,0,0,200,200,0,7,200,200,200,0,200,200
396606,0,30,0,0,0,3,14,5,0,0,0,200,200,0,5,200,0,0,0,200,200
396606,1,30,0,0,0,3,14,5,0,0,0,200,200,1,200,200,200,200,200,200,200
396610,0,15,0,0,0,3,7,7,0,0,0,200,200,0,8,0,12,0,0,200,200
396615,0,30,1,2,0,3,12,5,0,0,0,0,0,1,7,200,200,0,0,200,200
396615,0,30,1,2,0,3,12,5,0,0,0,0,0,0,5,7,200,0,0,200,200
396623,0,30,0,200,0,3,0,5,0,0,0,200,200,1,6,200,200,0,0,200,200
396623,0,30,0,200,0,3,0,5,0,0,0,200,200,1,7,200,200,0,0,200,200
396631,0,35,0,0,0,3,10,2,0,0,0,18,16,0,6,0,3,0,0,200,200
396631,0,35,0,0,0,3,10,2,0,0,0,18,16,0,7,0,12,0,0,200,200
396639,0,40,0,2,0,0,12,3,0,0,0,0,200,2,200,200,200,200,200,200,200
396639,0,40,0,2,0,0,12,3,0,0,0,0,200,1,5,200,0,0,0,200,200
396644,0,30,1,2,0,3,14,2,0,0,0,0,0,0,7,0,200,0,0,200,200
396644,0,30,1,2,0,3,14,2,0,0,0,0,0,0,6,0,0,0,0,200,200
396644,1,30,1,2,0,3,14,2,0,0,0,0,0,0,6,0,200,200,200,200,200
396655,0,30,1,2,0,2,14,5,0,0,0,0,0,0,7,200,200,200,200,200,200
396655,0,30,1,2,0,2,14,5,0,0,0,0,0,0,4,200,200,200,200,200,200
396672,0,15,0,0,0,1,7,7,0,0,0,0,0,0,200,200,200,200,0,200,200
396690,0,30,1,2,0,3,10,5,0,0,200,0,0,1,5,200,200,200,200,200,200
396690,0,30,1,2,0,3,10,5,0,0,200,0,0,1,6,0,0,200,0,200,200
396690,1,30,1,2,0,3,10,5,0,0,200,0,0,0,200,0,200,200,200,200,200
396690,1,30,1,2,0,3,10,5,0,0,200,0,0,1,200,0,200,200,200,200,200
396690,1,30,1,2,0,3,10,5,0,0,200,0,0,0,200,0,200,200,200,200,200
396696,0,45,0,0,0,3,12,3,0,0,0,22,0,2,200,200,200,200,200,200,200
396696,0,45,0,0,0,3,12,3,0,0,0,22,0,1,5,0,0,200,200,200,200
396703,0,30,200,200,0,0,8,7,0,0,0,17,0,0,200,200,1,200,200,200,200
396703,4,30,200,200,0,0,8,7,0,0,0,17,0,1,5,200,0,0,0,200,200
396707,0,30,1,2,0,3,14,5,0,0,0,17,200,0,6,0,0,0,0,200,200
396707,0,30,1,2,0,3,14,5,0,0,0,17,200,0,6,0,1,0,0,200,200
396709,0,30,0,0,0,1,12,5,0,0,0,17,22,0,200,200,1,200,200,200,200
396709,0,30,0,0,0,1,12,5,0,0,0,17,22,1,6,0,0,0,0,200,200
396711,0,30,0,0,0,3,14,5,0,0,0,23,11,1,4,0,7,0,0,200,200
396711,0,30,0,0,0,3,14,5,0,0,0,23,11,0,6,0,0,0,0,200,200
396730,0,30,0,200,0,3,0,200,0,0,200,20,200,2,200,200,6,200,200,200,200
396730,0,30,0,200,0,3,0,200,0,0,200,20,200,1,5,200,200,200,0,200,200
396730,1,30,0,200,0,3,0,200,0,0,200,20,200,1,4,200,200,200,200,200,200
396737,0,30,0,2,0,3,2,5,0,0,0,8,21,1,6,200,0,0,0,200,200
396737,0,30,0,2,0,3,2,5,0,0,0,8,21,2,200,200,4,200,200,200,200
396753,0,35,1,2,2,3,0,5,0,1,0,6,15,2,200,200,200,200,200,200,200
396753,0,35,1,2,2,3,0,5,0,1,0,6,15,1,200,200,200,0,0,200,200
396757,0,35,1,2,2,3,8,1,0,1,0,34,11,0,5,0,1,4,0,200,200
396757,4,35,1,2,2,3,8,1,0,1,0,34,11,0,6,2,8,200,200,200,200
396759,0,30,2,2,200,3,2,5,0,200,0,25,14,2,200,200,13,200,200,200,200
396765,0,25,0,0,200,3,10,12,0,200,0,14,0,2,200,200,8,200,200,200,200
396765,0,25,0,0,200,3,10,12,0,200,0,14,0,0,6,0,0,0,0,200,200
396768,0,30,1,2,0,3,14,1,0,0,0,32,27,0,6,7,4,0,5,0.17,200
396768,0,30,1,2,0,3,14,1,0,0,0,32,27,1,5,0,0,0,0,200,200
396770,0,20,0,0,2,3,9,5,0,1,200,14,200,0,200,200,200,200,200,200,200
396770,5,20,0,0,2,3,9,5,0,1,200,14,200,1,6,200,200,200,200,200,200
396776,0,30,1,2,0,3,2,5,0,0,0,25,14,0,5,200,200,0,200,200,200
396776,1,30,1,2,0,3,2,5,0,0,0,25,14,0,5,200,200,200,200,200,200
396776,1,30,1,2,0,3,2,5,0,0,0,25,14,0,5,200,200,200,200,200,200
396783,0,30,0,0,2,3,3,5,0,1,0,22,21,0,6,200,2,1,200,200,200
396783,0,30,0,0,2,3,3,5,0,1,0,22,21,0,200,0,0,0,0,200,200
396792,0,30,1,2,2,3,14,2,0,1,0,34,16,0,200,0,8,200,200,200,200
396792,0,30,1,2,2,3,14,2,0,1,0,34,16,0,6,0,0,0,0,200,200
396799,0,30,1,2,2,3,10,2,0,1,0,20,200,1,200,0,6,4,0,200,200
396799,0,30,1,2,2,3,10,2,0,1,0,20,200,0,5,0,0,0,0,200,200
396799,1,30,1,2,2,3,10,2,0,1,0,20,200,1,200,0,200,200,200,200,200
396810,0,25,0,0,0,3,7,6,0,0,0,0,0,2,200,200,200,200,200,200,200
396829,0,30,0,200,2,3,7,6,0,1,200,0,4,2,200,200,200,200,200,200,200
396840,0,30,1,2,1,3,10,3,0,1,200,18,34,0,6,200,3,200,2,200,200
396840,0,30,1,2,1,3,10,3,0,1,200,18,34,0,6,200,12,0,0,200,200
396841,0,30,0,0,0,0,7,12,0,0,0,20,0,0,6,0,6,0,0,200,200
396842,0,30,2,2,2,3,0,5,0,1,0,5,17,2,200,200,5,200,200,200,200
396842,0,30,2,2,2,3,0,5,0,1,0,5,17,0,5,200,0,0,0,200,200
396844,0,30,0,0,2,1,10,5,0,1,0,18,18,0,6,0,3,0,0,200,200
396844,0,30,0,0,2,1,10,5,0,1,0,18,18,0,6,0,0,0,0,200,200
396848,0,30,0,0,0,3,2,6,0,0,0,32,32,0,0,200,12,0,5,200,200
396850,0,30,0,0,200,3,7,5,0,200,200,0,0,2,200,200,200,200,200,200,200
396856,0,30,0,0,0,1,12,6,0,0,0,0,200,0,6,200,200,0,0,200,200
396856,0,30,0,0,0,1,12,6,0,0,0,0,200,0,7,200,200,0,0,200,200
396856,1,30,0,0,0,1,12,6,0,0,0,0,200,1,200,200,200,200,200,200,200
396877,0,30,1,2,1,3,0,3,2,0,0,0,0,0,6,0,12,200,0,200,200
396877,0,30,1,2,1,3,0,3,2,0,0,0,0,0,6,0,0,200,0,200,200
396885,0,30,1,2,0,1,12,5,0,1,0,22,16,0,8,0,4,0,0,200,200
396885,0,30,1,2,0,1,12,5,0,1,0,22,16,1,7,0,0,0,0,200,200
396885,1,30,1,2,0,1,12,5,0,1,0,22,16,0,2,0,200,200,200,200,200
396887,0,30,0,3,2,1,12,6,0,0,0,17,17,0,200,200,1,200,200,200,200
396887,0,30,0,3,2,1,12,6,0,0,0,17,17,0,6,0,0,0,0,200,200
396892,2,30,0,0,0,1,0,2,0,1,0,17,200,0,6,0,1,0,0,200,200
396892,0,30,0,0,0,1,0,2,0,1,0,17,200,1,6,0,12,0,0,200,200
396892,0,30,0,0,0,1,0,2,0,1,0,17,200,0,6,0,0,0,0,200,200
396892,1,30,0,0,0,1,0,2,0,1,0,17,200,0,5,0,200,200,200,200,200
396894,0,35,1,2,0,1,14,3,3,1,0,0,0,0,7,200,200,200,0,200,200
396894,0,35,1,2,0,1,14,3,3,1,0,0,0,0,7,200,200,200,7,200,200
396894,0,35,1,2,0,1,14,3,3,1,0,0,0,1,5,200,200,200,7,200,200
396894,1,35,1,2,0,1,14,3,3,1,0,0,0,1,7,200,200,200,200,200,200
396909,0,20,0,0,2,3,7,5,0,1,0,0,0,2,200,200,200,200,200,200,200
396909,1,20,0,0,2,3,7,5,0,1,0,0,0,0,6,0,200,200,200,200,200
396919,0,30,0,0,0,1,4,2,0,12,0,200,200,0,200,3,3,0,0,200,200
396925,0,30,0,0,0,0,7,6,2,0,0,0,0,2,200,200,200,200,200,200,200
396944,0,30,0,0,0,1,7,3,0,1,0,22,16,0,5,0,4,0,0,200,200
396946,0,30,0,0,0,1,14,3,0,0,0,18,18,0,7,0,3,0,0,200,200
396946,0,30,0,0,0,1,14,3,0,0,0,18,18,0,5,0,0,0,0,200,200
396946,1,30,0,0,0,1,14,3,0,0,0,18,18,0,7,0,200,200,200,200,200
396955,0,30,1,2,0,1,12,6,0,0,0,21,16,1,7,0,0,0,0,200,200
396955,0,30,1,2,0,1,12,6,0,0,0,21,16,0,6,0,0,0,0,200,200
396955,1,30,1,2,0,1,12,6,0,0,0,21,16,1,5,0,200,200,200,200,200
396958,0,30,0,0,2,1,12,5,0,1,0,18,200,1,5,0,3,0,0,200,200
396958,0,30,0,0,2,1,12,5,0,1,0,18,200,0,7,0,0,0,0,200,200
396970,0,25,1,2,2,1,10,2,0,1,200,18,0,0,6,200,3,200,200,200,200
396970,0,25,1,2,2,1,10,2,0,1,200,18,0,1,6,200,0,200,200,200,200
396970,1,25,1,2,2,1,10,2,0,1,200,18,0,0,7,200,200,200,200,200,200
396972,0,30,0,0,0,1,0,5,0,0,200,0,200,1,5,0,200,200,0,200,200
396972,0,30,0,0,0,1,0,5,0,0,200,0,200,1,5,0,0,0,0,200,200
396972,1,30,0,0,0,1,0,5,0,0,200,0,200,1,200,5,200,200,200,200,200
396972,1,30,0,0,0,1,0,5,0,0,200,0,200,1,200,0,200,200,200,200,200
396973,0,30,1,2,0,1,12,5,0,0,0,0,0,1,200,200,200,200,200,200,200
396973,0,30,1,2,0,1,12,5,0,0,0,0,0,1,5,0,200,0,0,200,200
396973,1,30,1,2,0,1,12,5,0,0,0,0,0,0,6,0,200,200,200,200,200
396976,0,30,0,0,0,1,14,2,0,0,0,200,200,0,6,0,0,0,0,200,200
396976,0,30,0,0,0,1,14,2,0,0,0,200,200,0,7,7,0,0,0,200,200
396978,0,30,0,0,0,1,12,2,0,0,0,17,0,1,6,0,1,0,0,200,200
396978,0,30,0,0,0,1,12,2,0,0,0,17,0,0,6,0,12,0,0,200,200
396984,0,30,2,2,1,1,10,5,0,1,0,0,0,1,6,2,0,0,0,200,200
396984,0,30,2,2,1,1,10,5,0,1,0,0,0,0,200,200,200,200,200,200,200
396986,0,30,1,2,2,1,10,5,2,1,0,18,16,1,5,200,3,0,0,200,200
396986,0,30,1,2,2,1,10,5,2,1,0,18,16,1,7,200,0,0,0,200,200
396986,0,30,1,2,2,1,10,5,2,1,0,18,16,1,6,200,0,0,0,200,200
396990,0,0,0,0,0,1,7,7,0,0,0,0,0,2,200,200,0,200,200,200,200
396991,0,30,0,0,200,200,7,6,0,200,0,0,200,2,200,200,200,200,200,200,200
396993,0,30,1,2,0,1,5,2,0,0,0,0,0,0,6,0,200,0,0,200,200
397001,0,30,1,2,2,1,12,6,0,1,0,22,16,0,7,0,4,0,0,200,200
397001,0,30,1,2,2,1,12,6,0,1,0,22,16,0,6,0,0,0,0,200,200
397002,0,30,0,0,0,200,7,6,0,200,0,0,200,2,200,200,200,200,200,200,200
397007,0,40,0,0,0,1,10,3,0,0,0,18,17,0,5,0,3,0,0,200,200
397007,0,40,0,0,0,1,10,3,0,0,0,18,17,1,6,0,0,0,0,200,200
397010,0,30,1,2,0,1,14,5,3,1,0,23,21,0,0,7,0,0,0,200,200
397010,0,30,1,2,0,1,14,5,3,1,0,23,21,0,5,200,0,0,0,200,200
397012,0,30,0,0,1,1,12,2,0,0,0,0,200,0,7,0,200,0,0,200,200
397012,0,30,0,0,1,1,12,2,0,0,0,0,200,0,7,0,0,0,0,200,200
397018,0,30,0,0,1,1,14,5,0,200,0,16,0,0,5,200,8,200,0,200,200
397018,0,30,0,0,1,1,14,5,0,200,0,16,0,1,6,200,200,200,0,200,200
397018,1,30,0,0,1,1,14,5,0,200,0,16,0,0,6,200,200,200,200,200,200
397018,1,30,0,0,1,1,14,5,0,200,0,16,0,1,5,200,200,200,200,200,200
397018,1,30,0,0,1,1,14,5,0,200,0,16,0,1,0,5,200,200,200,200,200
397018,1,30,0,0,1,1,14,5,0,200,0,16,0,1,4,200,200,200,200,200,200
397019,0,30,1,2,1,1,12,3,0,0,0,22,16,1,5,0,2,0,0,200,200
397019,0,30,1,2,1,1,12,3,0,0,0,22,16,0,6,0,0,0,0,200,200
397022,0,30,1,2,1,1,10,5,0,1,0,16,200,1,6,0,12,0,0,200,200
397022,0,30,1,2,1,1,10,5,0,1,0,16,200,0,7,0,0,0,0,200,200
397033,0,30,0,0,0,1,12,6,0,0,0,17,200,0,7,0,1,0,0,200,200
397033,0,30,0,0,0,1,12,6,0,0,0,17,200,0,6,0,0,0,0,200,200
397034,0,30,1,2,2,1,14,5,0,1,0,23,200,0,7,0,7,0,0,200,200
397034,0,30,1,2,2,1,14,5,0,1,0,23,200,1,6,0,0,0,0,200,200
397034,1,30,1,2,2,1,14,5,0,1,0,23,200,0,5,0,200,200,200,200,200
397036,0,30,0,0,2,1,14,5,0,1,0,23,17,1,5,0,7,200,0,200,200
397036,0,30,0,0,2,1,14,5,0,1,0,23,17,0,6,0,0,0,0,200,200
397036,1,30,0,0,2,1,14,5,0,1,0,23,17,1,5,0,200,200,200,200,200
397036,1,30,0,0,2,1,14,5,0,1,0,23,17,1,0,5,200,200,200,200,200
397036,1,30,0,0,2,1,14,5,0,1,0,23,17,1,2,0,200,200,200,200,200
397036,1,30,0,0,2,1,14,5,0,1,0,23,17,0,2,0,200,200,200,200,200
397039,0,30,1,2,0,1,14,5,0,1,0,0,0,0,5,0,0,0,0,200,200
397039,0,30,1,2,0,1,14,5,0,1,0,0,0,0,7,0,12,0,0,200,200
397046,0,25,0,0,0,1,7,12,0,0,0,200,200,2,200,200,200,200,200,200,200
397056,0,30,0,0,0,1,10,6,0,0,0,18,18,0,200,200,1,200,200,200,200
397056,0,30,0,0,0,1,10,6,0,0,0,18,18,0,8,0,0,0,0,200,200
397056,1,30,0,0,0,1,10,6,0,0,0,18,18,200,200,0,200,200,200,200,200
397057,0,30,1,2,2,1,12,6,0,1,0,25,15,0,5,200,13,200,200,200,200
397057,0,30,1,2,2,1,12,6,0,1,0,25,15,0,6,7,0,0,0,200,200
397057,0,30,1,2,2,1,12,6,0,1,0,25,15,0,9,7,0,0,0,200,200
397057,0,30,1,2,2,1,12,6,0,1,0,25,15,0,7,200,0,0,0,200,200
397057,0,30,1,2,2,1,12,6,0,1,0,25,15,1,6,7,0,0,0,200,200
397057,0,30,1,2,2,1,12,6,0,1,0,25,15,0,6,7,0,3,0,200,200
397057,1,30,1,2,2,1,12,6,0,1,0,25,15,0,6,200,200,200,200,200,200
397060,0,30,1,2,2,1,12,2,0,1,0,21,0,1,8,0,4,0,0,200,200
397060,0,30,1,2,2,1,12,2,0,1,0,21,0,1,4,200,0,200,200,200,200
397060,1,30,1,2,2,1,12,2,0,1,0,21,0,2,200,200,200,200,200,200,200
397063,0,30,1,200,1,1,10,3,0,200,200,0,200,1,6,200,200,200,200,200,200
397063,0,30,1,200,1,1,10,3,0,200,200,0,200,1,6,200,200,200,200,200,200
397064,0,30,0,0,0,1,14,2,0,0,0,23,200,1,6,0,7,0,0,200,200
397064,0,30,0,0,0,1,14,2,0,0,0,23,200,0,6,0,0,0,0,200,200
397064,1,30,0,0,0,1,14,2,0,0,0,23,200,1,1,5,200,200,200,200,200
397067,0,30,3,2,0,1,12,3,0,0,0,17,200,0,6,200,1,200,0,200,200
397067,0,30,3,2,0,1,12,3,0,0,0,17,200,0,7,200,12,200,0,200,200
397075,0,35,1,2,0,1,14,2,0,1,0,17,23,0,7,0,7,0,0,200,200
397075,0,35,1,2,0,1,14,2,0,1,0,17,23,0,9,0,0,0,0,200,200
397080,0,30,0,0,1,1,10,5,0,0,0,18,18,1,5,0,3,0,0,200,200
397080,0,30,0,0,1,1,10,5,0,0,0,18,18,1,5,0,0,0,0,200,200
397080,0,30,0,0,1,1,10,5,0,0,0,18,18,1,5,0,0,0,0,200,200
397080,0,30,0,0,1,1,10,5,0,0,0,18,18,0,6,200,0,0,0,200,200
397080,1,30,0,0,1,1,10,5,0,0,0,18,18,0,5,0,200,200,200,200,200
397080,1,30,0,0,1,1,10,5,0,0,0,18,18,1,5,200,200,200,200,200,200
397080,1,30,0,0,1,1,10,5,0,0,0,18,18,0,5,0,200,200,200,200,200
397080,1,30,0,0,1,1,10,5,0,0,0,18,18,0,0,0,200,200,200,200,200
397087,0,30,0,0,0,1,7,6,0,0,0,21,16,0,5,0,7,0,200,200,200
397093,0,30,0,0,1,1,9,5,0,0,0,0,0,1,9,0,12,0,0,200,200
397093,5,30,0,0,1,1,9,5,0,0,0,0,0,0,7,7,200,200,200,200,200
397097,0,30,1,2,0,1,7,3,0,0,0,17,17,0,7,0,1,0,0,200,200
397100,0,30,0,0,0,1,7,6,0,0,0,200,200,1,5,0,6,0,0,200,200
397100,1,30,0,0,0,1,7,6,0,0,0,200,200,0,6,0,200,200,200,200,200
397101,0,30,0,0,0,1,14,6,0,1,0,16,21,0,0,0,7,0,0,200,200
397101,0,30,0,0,0,1,14,6,0,1,0,16,21,1,6,0,0,0,0,200,200
397104,0,30,0,0,1,1,0,7,0,0,0,20,8,0,6,0,6,0,0,200,200
397104,0,30,0,0,1,1,0,7,0,0,0,20,8,1,6,0,0,0,0,200,200
397104,1,30,0,0,1,1,0,7,0,0,0,20,8,1,5,0,200,200,200,200,200
397104,1,30,0,0,1,1,0,7,0,0,0,20,8,0,1,5,200,200,200,200,200
397104,1,30,0,0,1,1,0,7,0,0,0,20,8,1,1,5,200,200,200,200,200
397110,0,30,1,2,0,1,10,5,0,0,0,18,200,1,6,200,3,0,0,200,200
397110,0,30,1,2,0,1,10,5,0,0,0,18,200,0,6,200,0,0,0,200,200
397110,1,30,1,2,0,1,10,5,0,0,0,18,200,1,200,5,200,200,200,200,200
397115,0,30,0,0,0,1,10,5,0,0,0,0,200,1,8,0,200,200,0,200,200
397115,0,30,0,0,0,1,10,5,0,0,0,0,200,0,8,0,0,0,0,200,200
397115,1,30,0,0,0,1,10,5,0,0,0,0,200,0,7,200,200,200,200,200,200
397119,0,30,1,2,0,1,14,5,0,0,0,23,21,0,7,0,7,0,0,200,200
397119,0,30,1,2,0,1,14,5,0,0,0,23,21,0,7,0,200,0,0,200,200
397119,1,30,1,2,0,1,14,5,0,0,0,23,21,1,3,0,200,200,200,200,200
397119,1,30,1,2,0,1,14,5,0,0,0,23,21,1,7,0,200,200,200,200,200
397120,0,10,0,0,0,1,11,7,0,0,0,20,200,0,9,0,6,200,12,200,200
397120,0,10,0,0,0,1,11,7,0,0,0,20,200,1,6,0,0,0,0,200,200
397126,0,15,0,0,1,1,7,0,0,1,1,29,200,0,6,200,12,0,0,200,200
397128,0,30,0,0,200,3,7,7,0,200,200,0,0,1,7,200,6,200,200,200,200
397133,0,30,0,200,200,200,7,6,0,200,200,0,200,2,200,200,200,200,200,200,200
397140,0,30,1,2,0,1,8,5,0,0,0,17,17,0,200,200,1,200,200,200,200
397140,4,30,1,2,0,1,8,5,0,0,0,17,17,0,7,7,0,0,0,200,200
397143,0,30,0,0,0,1,2,1,0,0,3,12,12,0,5,0,12,0,0,200,200
397148,0,30,0,0,0,1,2,7,0,0,0,200,200,0,6,0,200,200,0,200,200
397149,0,30,0,0,1,1,7,5,0,0,0,0,0,0,7,0,0,0,0,200,200
397157,0,30,2,2,200,200,7,6,0,200,0,0,0,2,200,200,200,200,200,200,200
397158,0,30,0,0,0,1,12,5,0,0,0,21,200,1,5,0,4,0,0,200,200
397158,0,30,0,0,0,1,12,5,0,0,0,21,200,1,5,0,0,0,0,200,200
397158,1,30,0,0,0,1,12,5,0,0,0,21,200,1,4,200,200,200,200,200,200
397158,1,30,0,0,0,1,12,5,0,0,0,21,200,200,200,200,200,200,200,200,200
397159,0,25,0,0,200,200,7,5,0,200,0,0,0,2,200,200,200,200,200,200,200
397161,0,30,0,0,0,1,0,5,0,0,0,0,0,0,200,0,12,200,0,200,200
397161,0,30,0,0,0,1,0,5,0,0,0,0,0,0,200,0,0,0,0,200,200
397177,0,35,1,2,2,1,14,2,0,1,0,31,17,1,8,0,1,0,0,200,200
397177,0,35,1,2,2,1,14,2,0,1,0,31,17,1,200,0,0,0,5,200,200
397177,0,35,1,2,2,1,14,2,0,1,0,31,17,0,6,0,0,0,0,200,200
397186,0,30,0,2,1,1,7,5,0,12,12,28,29,0,5,0,200,0,0,200,200
397187,0,30,0,0,0,1,7,2,0,0,0,0,200,0,8,200,0,200,200,200,200
397191,0,30,0,0,0,1,12,5,0,0,0,17,200,0,5,0,1,0,0,200,200
397191,0,30,0,0,0,1,12,5,0,0,0,17,200,1,7,0,0,0,0,200,200
397195,0,30,1,2,0,1,10,5,0,0,0,0,200,1,5,200,200,200,200,200,200
397195,0,30,1,2,0,1,10,5,0,0,0,0,200,0,9,200,0,200,200,200,200
397199,0,30,0,0,0,1,2,5,0,0,0,14,11,1,3,0,8,0,1,200,200
397200,0,30,0,0,1,3,7,6,0,0,0,8,200,0,7,200,12,0,0,200,200
397205,0,30,0,0,0,1,12,5,0,0,0,17,21,2,200,200,1,200,200,200,200
397205,0,30,0,0,0,1,12,5,0,0,0,17,21,1,200,0,0,0,0,200,200
397216,0,30,0,0,0,1,12,5,0,0,0,22,17,0,200,200,4,200,200,200,200
397216,0,30,0,0,0,1,12,5,0,0,0,22,17,1,6,0,1,0,0,200,200
397216,1,30,0,0,0,1,12,5,0,0,0,22,17,0,200,200,200,200,200,200,200
397221,0,30,0,0,0,1,12,5,0,0,0,0,0,0,200,200,4,0,0,200,200
397221,0,30,0,0,0,1,12,5,0,0,0,0,0,1,6,0,0,0,0,200,200
397221,1,30,0,0,0,1,12,5,0,0,0,0,0,0,3,0,200,200,200,200,200
397221,1,30,0,0,0,1,12,5,0,0,0,0,0,0,4,0,200,200,200,200,200
397224,0,25,0,0,0,1,7,6,0,0,0,12,12,1,0,0,0,0,0,200,200
397230,0,30,1,2,0,1,10,3,0,0,0,18,18,0,200,200,3,200,200,200,200
397230,0,30,1,2,0,1,10,3,0,0,0,18,18,0,6,0,0,0,0,200,200
397235,0,25,0,0,0,1,12,2,0,0,0,200,200,0,200,0,2,200,200,200,200
397235,0,25,0,0,0,1,12,2,0,0,0,200,200,1,5,0,0,0,0,200,200
397240,0,30,2,2,0,1,0,2,0,0,0,17,5,0,200,200,1,200,200,200,200
397240,0,30,2,2,0,1,0,2,0,0,0,17,5,1,5,200,0,200,0,200,200
397247,0,30,9,2,1,1,12,2,0,0,0,22,17,0,7,0,1,0,0,200,200
397247,0,30,9,2,1,1,12,2,0,0,0,22,17,0,7,0,0,0,0,200,200
397247,1,30,9,2,1,1,12,2,0,0,0,22,17,1,7,0,200,200,200,200,200
397252,0,20,0,0,0,1,12,6,0,0,0,0,0,0,6,0,12,200,1,200,200
397252,0,20,0,0,0,1,12,6,0,0,0,0,0,1,6,0,12,200,0,200,200
397252,1,20,0,0,0,1,12,6,0,0,0,0,0,0,200,200,200,200,200,200,200
397252,1,20,0,0,0,1,12,6,0,0,0,0,0,1,200,200,200,200,200,200,200
397262,0,30,0,0,1,1,5,5,0,0,0,12,200,0,6,0,12,12,0,200,200
397267,0,30,0,0,0,1,7,6,0,0,0,11,200,0,5,0,2,0,0,200,200
397274,0,15,0,0,0,1,7,7,0,0,0,0,0,2,200,200,200,200,200,200,200
397275,0,30,0,0,0,1,7,2,0,0,0,0,0,1,200,0,200,200,0,200,200
397275,1,30,0,0,0,1,7,2,0,0,0,0,0,0,2,0,200,200,200,200,200
397275,1,30,0,0,0,1,7,2,0,0,0,0,0,1,200,0,200,200,200,200,200
397281,0,30,0,0,2,1,12,2,0,1,0,200,200,0,7,200,12,0,0,200,200
397281,0,30,0,0,2,1,12,2,0,1,0,200,200,1,7,0,0,0,0,200,200
397290,0,30,1,2,0,1,0,5,0,200,200,6,17,0,7,200,1,200,200,200,200
397290,0,30,1,2,0,1,0,5,0,200,200,6,17,0,9,0,12,200,200,200,200
397296,0,35,0,0,0,1,12,3,0,0,0,17,0,0,7,200,0,200,0,200,200
397296,0,35,0,0,0,1,12,3,0,0,0,17,0,0,6,200,1,200,0,200,200
397299,0,30,0,0,0,1,7,7,0,0,0,0,200,0,200,200,12,200,200,200,200
397300,0,30,2,200,1,1,0,5,0,0,200,0,0,0,6,200,200,200,0,200,200
397300,0,30,2,200,1,1,0,5,0,0,200,0,0,1,4,0,200,200,0,200,200
397301,0,30,0,0,0,1,7,5,0,0,0,0,0,0,200,200,200,0,0,200,200
397302,0,30,0,0,0,3,8,5,0,0,0,0,0,1,200,200,200,200,200,200,200
397302,4,30,0,0,0,3,8,5,0,0,0,0,0,0,6,2,0,0,0,200,200
397309,5,30,0,0,0,1,9,2,0,0,0,17,4,0,1,7,12,5,0,200,200
397309,0,30,0,0,0,1,9,2,0,0,0,17,4,0,3,0,0,5,0,200,200
397309,1,30,0,0,0,1,9,2,0,0,0,17,4,0,2,0,200,200,200,200,200
397312,0,35,1,2,0,1,14,6,0,0,0,0,0,0,7,0,12,0,0,200,200
397312,0,35,1,2,0,1,14,6,0,0,0,0,0,0,5,0,12,0,0,200,200
397322,0,30,0,0,0,1,7,7,0,0,0,200,200,0,5,7,0,0,0,200,200
397327,0,30,3,2,0,1,2,5,0,0,0,11,21,1,4,0,4,0,0,200,200
397330,0,30,1,2,0,1,0,2,0,0,0,11,0,0,8,0,0,0,0,200,200
397330,0,30,1,2,0,1,0,2,0,0,0,11,0,0,5,2,200,200,200,200,200
397332,0,30,0,0,0,1,12,5,0,0,0,0,200,0,6,200,1,200,12,200,200
397332,0,30,0,0,0,1,12,5,0,0,0,0,200,1,8,200,200,200,200,200,200