RD_NO,PERSON_TYPE,POSTED_SPEED_LIMIT,TRAFFIC_CONTROL_DEVICE,DEVICE_CONDITION,WEATHER_CONDITION,LIGHTING_CONDITION,FIRST_CRASH_TYPE,TRAFFICWAY_TYPE,ALIGNMENT,ROADWAY_SURFACE_COND,ROAD_DEFECT,PRIM_CONTRIBUTORY_CAUSE,SEC_CONTRIBUTORY_CAUSE,SEX,AGE,SAFETY_EQUIPMENT,DRIVER_ACTION,DRIVER_VISION,PHYSICAL_CONDITION,BAC_RESULT VALUE,CELL_PHONE_USE
397333,0,30,0,0,0,1,10,5,0,0,0,7,16,1,4,200,12,0,0,200,200
397333,0,30,0,0,0,1,10,5,0,0,0,7,16,0,7,200,0,0,0,200,200
397333,1,30,0,0,0,1,10,5,0,0,0,7,16,1,0,5,200,200,200,200,200
397335,0,30,1,2,0,1,10,3,0,0,0,0,200,1,200,200,1,200,200,200,200
397335,0,30,1,2,0,1,10,3,0,0,0,0,200,1,6,0,0,0,200,200,200
397338,0,30,0,0,0,1,12,5,0,0,0,0,0,1,200,200,200,200,200,200,200
397338,0,30,0,0,0,1,12,5,0,0,0,0,0,0,6,0,12,200,0,200,200
397342,0,30,0,0,0,1,10,7,0,0,0,200,200,0,9,0,0,0,0,200,200
397342,0,30,0,0,0,1,10,7,0,0,0,200,200,0,6,0,0,0,0,200,200
397350,0,30,1,2,0,1,14,3,0,0,0,23,22,0,7,0,7,0,0,200,200
397350,0,30,1,2,0,1,14,3,0,0,0,23,22,1,200,200,0,200,200,200,200
397354,0,30,0,0,0,1,10,5,0,0,0,18,200,0,7,0,3,0,0,200,200
397354,0,30,0,0,0,1,10,5,0,0,0,18,200,0,8,0,0,0,0,200,200
397354,1,30,0,0,0,1,10,5,0,0,0,18,200,0,6,0,200,200,200,200,200
397358,0,30,1,2,0,1,14,5,0,0,0,17,23,0,200,0,0,0,0,200,200
397358,0,30,1,2,0,1,14,5,0,0,0,17,23,1,200,0,1,0,0,200,200
397362,0,30,0,0,0,1,10,5,0,0,0,18,200,0,200,200,3,200,200,200,200
397362,0,30,0,0,0,1,10,5,0,0,0,18,200,1,0,0,0,0,0,200,200
397363,0,30,0,0,0,1,12,5,0,0,0,18,200,2,200,200,3,200,200,200,200
397363,0,30,0,0,0,1,12,5,0,0,0,18,200,0,7,0,0,0,0,200,200
397363,1,30,0,0,0,1,12,5,0,0,0,18,200,1,200,0,200,200,200,200,200
397363,1,30,0,0,0,1,12,5,0,0,0,18,200,1,200,0,200,200,200,200,200
397370,0,30,0,0,0,1,7,5,0,0,0,0,0,2,200,200,200,200,200,200,200
397373,0,30,0,0,0,1,12,2,0,0,200,21,200,1,200,200,4,200,200,200,200
397373,0,30,0,0,0,1,12,2,0,0,200,21,200,1,5,200,0,200,200,200,200
397373,1,30,0,0,0,1,12,2,0,0,200,21,200,0,6,200,200,200,200,200,200
397384,0,30,1,0,0,1,11,5,0,0,0,21,200,0,6,0,4,0,0,200,200
397384,0,30,1,0,0,1,11,5,0,0,0,21,200,0,6,0,0,0,0,200,200
397384,1,30,1,0,0,1,11,5,0,0,0,21,200,1,5,0,200,200,200,200,200
397389,0,0,0,0,1,1,2,12,0,0,0,20,200,0,6,200,6,0,0,200,200
397401,0,0,0,0,0,1,7,2,0,0,0,0,200,2,200,200,200,200,200,200,200
397402,0,20,0,0,1,1,7,6,0,0,0,25,0,0,200,200,7,200,200,200,200
397413,0,30,1,2,0,1,10,5,0,0,0,16,11,0,200,200,1,200,200,200,200
397413,0,30,1,2,0,1,10,5,0,0,0,16,11,0,200,200,3,200,200,200,200
397413,0,30,1,2,0,1,10,5,0,0,0,16,11,0,7,0,0,0,0,200,200
397414,0,0,0,0,0,1,9,5,0,0,0,200,200,0,6,0,0,0,0,200,200
397414,5,0,0,0,0,1,9,5,0,0,0,200,200,0,3,7,12,200,200,200,200
397415,0,30,1,2,0,1,12,6,0,0,0,0,0,0,200,200,7,200,200,200,200
397415,0,30,1,2,0,1,12,6,0,0,0,0,0,1,5,0,0,0,0,200,200
397421,0,30,1,2,0,1,14,2,0,0,0,22,0,1,7,0,0,0,0,200,200
397422,0,30,2,2,0,1,0,5,0,0,0,0,200,1,5,0,0,200,0,200,200
397422,0,30,2,2,0,1,0,5,0,0,0,0,200,1,6,0,0,200,0,200,200
397422,1,30,2,2,0,1,0,5,0,0,0,0,200,0,200,0,200,200,200,200,200
397423,0,30,0,0,0,1,14,5,0,0,0,17,23,2,200,200,1,200,200,200,200
397423,0,30,0,0,0,1,14,5,0,0,0,17,23,1,5,0,0,0,0,200,200
397426,0,30,1,2,0,1,10,5,0,0,0,18,200,1,5,0,3,0,0,200,200
397426,0,30,1,2,0,1,10,5,0,0,0,18,200,0,6,0,0,0,0,200,200
397426,0,30,1,2,0,1,10,5,0,0,0,18,200,0,6,0,0,0,0,200,200
397426,1,30,1,2,0,1,10,5,0,0,0,18,200,1,0,5,200,200,200,200,200
397426,1,30,1,2,0,1,10,5,0,0,0,18,200,1,6,0,200,200,200,200,200
397427,4,30,2,2,0,1,8,6,2,0,0,0,0,0,3,2,200,0,0,200,200
397427,0,30,2,2,0,1,8,6,2,0,0,0,0,1,5,0,200,0,0,200,200
397427,1,30,2,2,0,1,8,6,2,0,0,0,0,0,200,0,200,200,200,200,200
397429,0,45,3,2,0,1,12,3,0,0,0,11,21,0,5,0,4,0,0,200,200
397429,0,45,3,2,0,1,12,3,0,0,0,11,21,1,6,0,0,0,0,200,200
397432,0,30,0,0,0,1,10,5,0,0,0,200,200,0,200,0,12,12,0,200,200
397432,0,30,0,0,0,1,10,5,0,0,0,200,200,0,200,0,12,0,0,200,200
397435,0,30,0,0,0,1,12,5,0,0,0,0,0,0,7,200,200,200,200,200,200
397435,0,30,0,0,0,1,12,5,0,0,0,0,0,0,6,0,0,0,0,200,200
397437,0,35,0,0,0,1,2,5,0,0,1,0,200,0,200,0,200,200,0,200,200
397438,0,15,0,0,0,1,0,7,0,0,200,0,0,0,6,200,200,200,200,200,200
397438,0,15,0,0,0,1,0,7,0,0,200,0,0,0,7,0,0,0,0,200,200
397439,0,30,200,200,200,1,7,5,0,200,200,0,200,1,200,200,200,200,200,200,200
397443,0,30,0,0,0,1,7,5,0,0,0,22,200,1,7,0,7,0,0,200,200
397446,3,30,2,200,0,1,5,5,0,0,0,200,200,200,200,200,200,200,200,200,200
397446,0,30,2,200,0,1,5,5,0,0,0,200,200,0,5,0,0,0,0,200,200
397448,0,30,200,200,0,0,12,5,0,200,200,21,22,1,200,200,4,200,200,200,200
397448,0,30,200,200,0,0,12,5,0,200,200,21,22,0,6,0,12,200,200,200,200
397456,0,15,0,0,0,1,7,7,0,0,0,20,16,0,200,200,6,0,0,200,200
397456,1,15,0,0,0,1,7,7,0,0,0,20,16,0,200,0,200,200,200,200,200
397459,0,15,0,0,0,1,7,7,0,0,0,11,0,1,6,0,12,0,0,200,200
397459,1,15,0,0,0,1,7,7,0,0,0,11,0,1,6,0,200,200,200,200,200
397460,0,30,0,0,0,1,7,5,0,0,0,0,0,0,200,0,200,0,0,200,200
397460,1,30,0,0,0,1,7,5,0,0,0,0,0,1,200,0,200,200,200,200,200
397464,0,35,0,0,0,1,12,3,0,0,0,21,0,2,200,200,4,200,200,200,200
397464,0,35,0,0,0,1,12,3,0,0,0,21,0,0,5,0,0,0,0,200,200
397466,0,30,0,0,0,1,9,5,0,0,0,0,0,1,9,200,200,200,0,200,200
397466,5,30,0,0,0,1,9,5,0,0,0,0,0,0,8,7,200,200,0,200,200
397469,0,25,2,2,0,1,10,5,0,0,0,20,20,0,5,0,6,0,0,200,200
397469,0,25,2,2,0,1,10,5,0,0,0,20,20,1,6,0,0,0,0,200,200
397469,1,25,2,2,0,1,10,5,0,0,0,20,20,1,5,0,200,200,200,200,200
397469,1,25,2,2,0,1,10,5,0,0,0,20,20,1,6,5,200,200,200,200,200
397470,0,30,0,0,0,1,10,5,0,0,200,16,200,0,200,200,3,200,200,200,200
397470,0,30,0,0,0,1,10,5,0,0,200,16,200,0,6,200,0,200,0,200,200
397470,1,30,0,0,0,1,10,5,0,0,200,16,200,0,4,200,200,200,200,200,200
397474,0,30,0,0,0,1,7,6,0,0,0,16,200,1,6,200,200,200,0,200,200
397474,1,30,0,0,0,1,7,6,0,0,0,16,200,0,6,200,200,200,200,200,200
397475,0,15,0,0,0,1,2,0,0,0,0,8,0,0,6,0,12,0,0,200,200
397476,0,30,2,12,0,1,0,5,0,0,0,17,200,0,7,200,1,0,0,200,200
397476,0,30,2,12,0,1,0,5,0,0,0,17,200,0,6,200,0,0,0,200,200
397481,0,30,0,0,0,1,12,5,0,0,0,0,0,1,200,200,200,200,200,200,200
397481,0,30,0,0,0,1,12,5,0,0,0,0,0,0,5,0,0,4,0,200,200
397482,0,20,0,0,0,1,7,6,0,0,12,0,0,2,200,200,200,200,200,200,200
397485,0,30,1,200,0,1,10,2,0,200,200,0,200,0,200,200,3,200,200,200,200
397485,0,30,1,200,0,1,10,2,0,200,200,0,200,2,200,200,0,200,200,200,200
397485,0,30,1,200,0,1,10,2,0,200,200,0,200,0,7,200,0,200,7,200,200
397486,0,30,1,2,0,1,10,2,0,0,0,16,18,0,7,0,3,0,0,200,200
397486,0,30,1,2,0,1,10,2,0,0,0,16,18,0,5,0,0,0,0,200,200
397490,0,25,0,0,0,1,12,5,0,0,0,21,200,0,6,200,0,0,0,200,200
397490,0,25,0,0,0,1,12,5,0,0,0,21,200,0,6,200,4,0,0,200,200
397498,0,0,0,0,0,1,0,7,0,0,0,0,0,1,200,200,200,200,200,200,200
397498,0,0,0,0,0,1,0,7,0,0,0,0,0,1,6,200,0,0,0,200,200
397499,0,30,2,2,0,1,7,2,0,0,0,22,200,0,6,200,2,0,0,200,200
397500,0,30,0,0,0,1,12,5,0,0,0,25,0,0,200,200,2,200,200,200,200
397500,0,30,0,0,0,1,12,5,0,0,0,25,0,1,7,0,0,0,0,200,200
397503,0,30,0,0,0,1,2,5,0,0,0,0,0,1,9,0,200,200,0,200,200
397506,0,30,0,0,0,1,10,6,0,0,0,0,0,0,200,0,200,0,0,200,200
397506,0,30,0,0,0,1,10,6,0,0,0,0,0,1,200,0,200,0,0,200,200
397509,0,30,1,2,0,1,14,2,0,0,200,6,11,1,6,200,5,0,0,200,200
397509,0,30,1,2,0,1,14,2,0,0,200,6,11,1,5,200,0,0,0,200,200
397509,1,30,1,2,0,1,14,2,0,0,200,6,11,0,200,5,200,200,200,200,200
397510,0,30,1,2,0,3,10,2,0,0,0,16,200,1,200,200,5,200,200,200,200
397510,0,30,1,2,0,3,10,2,0,0,0,16,200,1,6,0,0,0,0,200,200
397515,0,30,1,2,0,1,10,2,0,0,0,18,200,0,7,200,3,200,0,200,200
397515,0,30,1,2,0,1,10,2,0,0,0,18,200,1,6,200,0,200,0,200,200
397519,0,30,2,2,0,1,0,5,0,0,0,17,200,1,5,0,1,0,0,200,200
397519,0,30,2,2,0,1,0,5,0,0,0,17,200,0,6,0,0,0,0,200,200
397519,1,30,2,2,0,1,0,5,0,0,0,17,200,1,200,0,200,200,200,200,200
397522,0,30,2,2,0,1,0,5,0,0,200,5,0,1,5,200,1,200,200,200,200
397522,0,30,2,2,0,1,0,5,0,0,200,5,0,0,6,200,0,200,0,200,200
397523,0,10,0,0,0,1,7,7,0,0,0,0,200,2,200,200,200,200,200,200,200
397523,1,10,0,0,0,1,7,7,0,0,0,0,200,1,8,200,200,200,200,200,200
397524,0,30,2,2,0,1,9,5,0,0,0,17,200,0,200,200,0,200,200,200,200
397524,5,30,2,2,0,1,9,5,0,0,0,17,200,0,6,2,0,200,0,200,200
397525,0,30,0,0,0,1,10,5,0,0,0,0,200,0,200,200,200,200,200,200,200
397525,0,30,0,0,0,1,10,5,0,0,0,0,200,0,6,200,0,0,0,200,200
397525,1,30,0,0,0,1,10,5,0,0,0,0,200,1,200,200,200,200,200,200,200
397529,0,30,2,2,0,1,10,5,0,0,0,0,200,0,7,0,0,0,0,200,200
397529,0,30,2,2,0,1,10,5,0,0,0,0,200,1,6,0,0,0,200,200,200
397533,4,30,0,0,0,1,8,5,0,0,0,0,0,0,6,2,200,0,7,200,200
397533,0,30,0,0,0,1,8,5,0,0,0,0,0,0,7,0,0,0,0,200,200
397533,1,30,0,0,0,1,8,5,0,0,0,0,0,1,7,0,200,200,200,200,200
397534,0,30,0,0,0,1,8,6,0,0,0,4,200,0,8,200,200,0,0,200,200
397534,4,30,0,0,0,1,8,6,0,0,0,4,200,0,7,2,200,0,0,200,200
397536,0,30,0,0,0,1,12,6,0,0,0,22,10,2,200,200,200,200,200,200,200
397536,0,30,0,0,0,1,12,6,0,0,0,22,10,0,6,0,0,0,0,200,200
397540,0,30,1,2,0,1,10,5,0,0,0,18,0,0,6,1,3,0,0,200,200
397540,0,30,1,2,0,1,10,5,0,0,0,18,0,0,6,0,0,0,0,200,200
397541,0,30,2,0,0,1,0,2,0,0,0,0,0,0,7,0,12,0,0,200,200
397541,0,30,2,0,0,1,0,2,0,0,0,0,0,0,6,0,0,0,0,200,200
397541,1,30,2,0,0,1,0,2,0,0,0,0,0,0,200,0,200,200,200,200,200
397541,1,30,2,0,0,1,0,2,0,0,0,0,0,200,200,0,200,200,200,200,200
397544,0,30,1,2,0,1,14,5,0,0,0,0,0,1,200,200,200,200,200,200,200
397544,0,30,1,2,0,1,14,5,0,0,0,0,0,0,5,0,0,0,0,200,200
397545,0,30,1,2,0,1,14,5,0,0,0,21,200,1,6,200,4,0,0,200,200
397545,0,30,1,2,0,1,14,5,0,0,0,21,200,0,6,0,12,0,0,200,200
397545,1,30,1,2,0,1,14,5,0,0,0,21,200,0,200,0,200,200,200,200,200
397545,1,30,1,2,0,1,14,5,0,0,0,21,200,0,200,0,200,200,200,200,200
397545,1,30,1,2,0,1,14,5,0,0,0,21,200,0,200,0,200,200,200,200,200
397548,0,30,2,2,0,1,10,6,0,200,200,18,18,0,6,0,3,200,0,200,200
397548,0,30,2,2,0,1,10,6,0,200,200,18,18,0,5,0,12,200,0,200,200
397548,1,30,2,2,0,1,10,6,0,200,200,18,18,1,5,0,200,200,200,200,200
397560,0,30,3,2,0,1,9,3,0,0,0,22,22,0,200,200,2,200,200,200,200
397560,5,30,3,2,0,1,9,3,0,0,0,22,22,0,7,7,12,1,0,200,200
397564,0,30,0,0,0,1,12,2,0,0,0,16,200,0,5,7,1,0,0,200,200
397564,0,30,0,0,0,1,12,2,0,0,0,16,200,0,5,7,0,0,0,200,200
397564,1,30,0,0,0,1,12,2,0,0,0,16,200,0,5,7,200,200,200,200,200
397567,0,30,0,0,0,1,10,5,0,0,0,18,16,2,200,200,3,200,200,200,200
397567,0,30,0,0,0,1,10,5,0,0,0,18,16,0,6,200,0,0,0,200,200
397573,0,20,2,2,0,1,0,12,0,0,0,200,200,0,200,200,12,12,0,200,200
397573,0,20,2,2,0,1,0,12,0,0,0,200,200,1,200,0,0,0,0,200,200
397575,0,30,2,0,0,1,10,5,0,0,0,18,200,0,6,0,3,0,0,200,200
397575,0,30,2,0,0,1,10,5,0,0,0,18,200,1,6,0,0,0,0,200,200
397577,0,30,1,2,0,1,10,5,0,0,0,18,16,1,200,0,3,0,0,200,200
397577,0,30,1,2,0,1,10,5,0,0,0,18,16,0,200,0,0,0,0,200,200
397590,4,30,1,2,0,1,5,5,0,0,0,16,0,0,5,7,1,0,0,200,200
397590,0,30,1,2,0,1,5,5,0,0,0,16,0,1,7,200,12,0,7,200,200
397595,0,30,1,2,0,2,14,5,0,0,0,17,200,0,5,200,1,0,200,200,200
397595,0,30,1,2,0,2,14,5,0,0,0,17,200,1,5,0,0,0,0,200,200
397597,0,30,0,0,0,1,7,6,0,0,0,21,14,2,200,200,12,200,200,200,200
397599,0,30,0,0,0,1,0,5,0,0,0,0,200,0,8,0,1,1,0,200,200
397599,0,30,0,0,0,1,0,5,0,0,0,0,200,0,5,0,2,1,0,200,200
397600,0,25,0,0,0,1,7,5,0,0,0,11,200,0,200,0,7,200,0,200,200
397607,0,30,2,2,0,1,14,5,0,0,0,0,0,1,7,0,0,200,0,200,200
397607,0,30,2,2,0,1,14,5,0,0,0,0,0,1,6,0,200,0,0,200,200
397608,0,30,1,2,0,1,14,5,0,0,0,23,200,0,7,200,7,200,200,200,200
397608,0,30,1,2,0,1,14,5,0,0,0,23,200,0,8,200,0,200,0,200,200
397609,0,30,1,2,0,1,12,5,0,0,0,0,0,1,5,0,200,0,0,200,200
397609,0,30,1,2,0,1,12,5,0,0,0,0,0,0,5,0,0,0,0,200,200
397610,0,35,0,0,0,1,10,2,0,0,0,18,16,1,7,0,3,0,0,200,200
397610,0,35,0,0,0,1,10,2,0,0,0,18,16,0,9,0,0,0,0,200,200
397610,0,35,0,0,0,1,10,2,0,0,0,18,16,1,9,0,0,0,0,200,200
397610,1,35,0,0,0,1,10,2,0,0,0,18,16,0,200,0,200,200,200,200,200
397613,0,30,1,2,0,1,10,5,0,0,0,16,11,0,6,0,1,0,0,200,200
397613,0,30,1,2,0,1,10,5,0,0,0,16,11,0,200,200,0,200,200,200,200
397621,0,35,0,0,0,1,10,2,0,0,3,18,16,0,7,200,3,0,0,200,200
397621,0,35,0,0,0,1,10,2,0,0,3,18,16,0,5,200,0,0,0,200,200
397622,0,15,0,0,0,1,10,5,0,0,0,11,200,0,3,200,8,0,0,200,200
397622,0,15,0,0,0,1,10,5,0,0,0,11,200,0,7,200,0,0,0,200,200
397622,1,15,0,0,0,1,10,5,0,0,0,11,200,0,5,200,200,200,200,200,200
397623,0,30,0,0,0,1,12,6,0,0,0,0,200,0,6,0,12,0,0,200,200
397623,0,30,0,0,0,1,12,6,0,0,0,0,200,0,6,0,0,0,0,200,200
397623,1,30,0,0,0,1,12,6,0,0,0,0,200,1,200,200,200,200,200,200,200
397624,0,30,0,0,0,1,14,5,0,0,0,200,200,0,7,0,0,0,0,200,200
397624,0,30,0,0,0,1,14,5,0,0,0,200,200,1,6,0,0,0,0,200,200
397626,0,30,1,2,0,1,0,12,0,0,0,6,200,0,200,200,5,200,200,200,200
397626,0,30,1,2,0,1,0,12,0,0,0,6,200,0,6,0,0,0,0,200,200
397628,0,0,0,0,0,1,7,5,0,0,0,0,0,2,200,200,200,200,200,200,200
397630,0,30,1,2,0,1,12,5,0,0,0,0,11,0,6,200,1,200,0,200,200
397630,0,30,1,2,0,1,12,5,0,0,0,0,11,1,5,200,200,200,0,200,200
397635,0,30,0,0,0,1,12,2,0,0,0,0,200,2,200,200,200,200,200,200,200
397635,0,30,0,0,0,1,12,2,0,0,0,0,200,1,6,0,200,200,0,200,200
397638,0,30,0,0,200,200,7,5,0,200,0,0,200,2,200,200,200,200,200,200,200
397640,0,30,1,200,0,1,10,5,0,0,200,0,0,0,5,0,200,200,200,200,200
397640,0,30,1,200,0,1,10,5,0,0,200,0,0,1,7,0,0,200,200,200,200
397645,0,30,1,2,0,1,10,2,0,0,0,16,11,1,6,0,1,0,0,200,200
397645,0,30,1,2,0,1,10,2,0,0,0,16,11,0,6,0,0,0,0,200,200
397647,0,30,1,2,0,1,14,5,0,0,0,17,14,0,5,0,1,0,0,200,200
397647,0,30,1,2,0,1,14,5,0,0,0,17,14,0,8,0,8,0,0,200,200
397654,0,30,1,2,0,1,12,2,0,0,0,23,200,2,200,200,7,200,200,200,200
397654,0,30,1,2,0,1,12,2,0,0,0,23,200,0,6,0,0,0,0,200,200
397656,0,30,1,2,0,1,14,5,0,0,0,0,200,0,7,200,12,0,0,200,200
397656,0,30,1,2,0,1,14,5,0,0,0,0,200,0,5,200,12,0,0,200,200
397657,0,30,1,2,0,1,10,5,0,0,0,18,200,0,200,200,3,200,200,200,200
397657,0,30,1,2,0,1,10,5,0,0,0,18,200,0,4,0,0,0,0,200,200
397657,1,30,1,2,0,1,10,5,0,0,0,18,200,1,200,0,200,200,200,200,200
397661,0,30,0,0,0,1,0,3,0,0,0,17,21,1,6,200,1,0,0,200,200
397661,0,30,0,0,0,1,0,3,0,0,0,17,21,0,5,200,12,0,0,200,200
397663,0,30,2,2,0,1,0,5,0,0,0,5,16,1,7,0,1,0,0,200,200
397663,0,30,2,2,0,1,0,5,0,0,0,5,16,0,5,0,1,0,0,200,200
397664,0,30,1,2,0,1,14,5,0,0,0,22,23,1,5,200,7,0,0,200,200
397664,0,30,1,2,0,1,14,5,0,0,0,22,23,0,7,7,0,0,0,200,200
397664,1,30,1,2,0,1,14,5,0,0,0,22,23,1,200,200,200,200,200,200,200
397665,0,30,0,0,0,1,7,6,0,0,0,0,200,2,200,200,200,200,200,200,200
397666,0,30,0,0,0,1,9,7,0,0,0,0,0,1,7,0,6,200,0,200,200
397666,5,30,0,0,0,1,9,7,0,0,0,0,0,1,7,7,0,200,0,200,200
397666,1,30,0,0,0,1,9,7,0,0,0,0,0,0,200,0,200,200,200,200,200
397668,0,0,1,2,0,1,12,2,0,0,0,0,0,0,6,200,200,200,0,200,200
397668,0,0,1,2,0,1,12,2,0,0,0,0,0,0,5,200,200,200,0,200,200
397668,1,0,1,2,0,1,12,2,0,0,0,0,0,2,200,200,200,200,200,200,200
397668,1,0,1,2,0,1,12,2,0,0,0,0,0,2,200,200,200,200,200,200,200
397668,1,0,1,2,0,1,12,2,0,0,0,0,0,2,200,200,200,200,200,200,200
397673,0,25,2,0,0,1,14,5,0,0,0,0,0,0,7,0,12,0,0,200,200
397673,0,25,2,0,0,1,14,5,0,0,0,0,0,0,6,200,0,0,0,200,200
397679,0,30,2,2,0,1,9,5,0,0,0,0,200,2,200,200,200,200,200,200,200
397679,5,30,2,2,0,1,9,5,0,0,0,0,200,0,3,7,0,0,0,200,200
397682,0,30,0,0,0,1,7,6,0,0,200,0,200,2,200,200,200,200,200,200,200
397684,0,30,1,200,0,1,12,6,0,200,200,0,0,2,200,200,200,200,200,200,200
397684,0,30,1,200,0,1,12,6,0,200,200,0,0,0,6,0,200,200,0,200,200
397686,0,30,2,2,0,1,10,3,0,0,0,0,0,2,200,200,200,200,200,200,200
397686,0,30,2,2,0,1,10,3,0,0,0,0,0,0,6,0,0,0,0,200,200
397690,0,30,2,2,0,1,0,2,0,0,0,17,200,1,7,0,1,0,0,200,200
397690,0,30,2,2,0,1,0,2,0,0,0,17,200,1,4,0,0,0,0,200,200
397693,0,30,1,2,0,1,10,5,0,0,0,18,18,0,4,0,3,0,0,200,200
397693,0,30,1,2,0,1,10,5,0,0,0,18,18,1,6,0,0,0,0,200,200
397694,0,30,2,2,0,1,14,2,0,0,0,17,0,1,6,0,1,0,0,200,200
397694,0,30,2,2,0,1,14,2,0,0,0,17,0,0,7,0,0,0,0,200,200
397694,1,30,2,2,0,1,14,2,0,0,0,17,0,0,5,0,200,200,200,200,200
397696,0,30,0,0,0,1,12,2,0,0,0,21,200,0,4,200,10,200,0,200,200
397696,0,30,0,0,0,1,12,2,0,0,0,21,200,1,6,0,0,0,0,200,200
397697,0,30,0,0,0,1,10,2,0,0,0,16,18,0,6,0,3,0,0,200,200
397697,0,30,0,0,0,1,10,2,0,0,0,16,18,0,6,0,0,0,0,200,200
397702,0,35,0,0,0,1,0,5,0,0,0,0,200,0,200,200,0,200,200,200,200
397702,0,35,0,0,0,1,0,5,0,0,0,0,200,1,200,0,200,200,0,200,200
397704,0,30,1,2,0,1,10,2,0,0,0,18,0,0,200,200,3,200,200,200,200
397704,0,30,1,2,0,1,10,2,0,0,0,18,0,1,6,0,0,0,0,200,200
397705,0,30,4,2,0,1,7,6,0,0,0,14,23,0,5,0,1,0,0,200,200
397708,0,30,2,2,0,1,14,5,0,0,0,23,200,0,200,0,12,0,0,200,200
397708,0,30,2,2,0,1,14,5,0,0,0,23,200,0,200,200,12,200,200,200,200
397711,0,30,0,0,0,4,5,5,0,0,0,200,200,0,6,0,0,0,0,200,200
397711,1,30,0,0,0,4,5,5,0,0,0,200,200,1,200,0,200,200,200,200,200
397711,1,30,0,0,0,4,5,5,0,0,0,200,200,1,200,5,200,200,200,200,200
397712,4,30,0,0,0,1,8,5,0,0,12,0,0,0,3,2,200,0,0,200,200
397712,0,30,0,0,0,1,8,5,0,0,12,0,0,0,6,200,12,0,0,200,200
397713,0,30,1,2,0,1,10,5,0,0,0,20,200,0,5,0,6,0,0,200,200
397713,0,30,1,2,0,1,10,5,0,0,0,20,200,0,6,0,0,0,0,200,200
397714,0,15,0,0,0,1,7,0,0,0,12,32,32,0,7,200,200,0,5,0.21,200
397716,0,30,2,2,0,2,0,5,0,0,0,5,17,0,5,0,0,0,0,200,200
397716,0,30,2,2,0,2,0,5,0,0,0,5,17,0,200,200,1,200,200,200,200
397716,1,30,2,2,0,2,0,5,0,0,0,5,17,1,200,200,200,200,200,200,200
397719,0,30,0,0,0,1,7,5,0,0,0,0,200,1,200,200,12,200,200,200,200
397719,1,30,0,0,0,1,7,5,0,0,0,0,200,1,7,0,200,200,200,200,200
397720,0,40,0,0,0,1,10,3,0,0,0,18,200,0,6,0,3,0,0,200,200
397720,0,40,0,0,0,1,10,3,0,0,0,18,200,1,6,0,0,0,0,200,200
397720,0,40,0,0,0,1,10,3,0,0,0,18,200,1,6,0,0,0,0,200,200
397720,0,40,0,0,0,1,10,3,0,0,0,18,200,1,5,200,0,0,0,200,200
397721,0,30,0,0,0,1,2,5,0,0,0,0,0,0,200,0,12,0,0,200,200
397721,1,30,0,0,0,1,2,5,0,0,0,0,0,0,200,0,200,200,200,200,200
397722,0,30,0,0,0,1,7,6,0,0,0,0,200,0,200,200,200,200,200,200,200
397722,1,30,0,0,0,1,7,6,0,0,0,0,200,0,200,4,200,200,200,200,200
397724,0,15,200,200,0,1,9,4,0,200,200,0,200,0,200,200,200,200,200,200,200
397724,5,15,200,200,0,1,9,4,0,200,200,0,200,0,7,7,200,200,12,200,200
397727,0,30,1,200,0,1,14,5,0,0,200,0,0,0,6,0,200,200,200,200,200
397727,0,30,1,200,0,1,14,5,0,0,200,0,0,1,9,0,0,200,200,200,200
397728,0,30,0,0,0,2,14,2,0,0,200,17,200,1,6,200,1,12,0,200,200
397728,0,30,0,0,0,2,14,2,0,0,200,17,200,0,7,200,0,12,0,200,200
397728,1,30,0,0,0,2,14,2,0,0,200,17,200,0,6,200,200,200,200,200,200
397728,1,30,0,0,0,2,14,2,0,0,200,17,200,1,2,200,200,200,200,200,200
397728,1,30,0,0,0,2,14,2,0,0,200,17,200,1,2,200,200,200,200,200,200
397728,1,30,0,0,0,2,14,2,0,0,200,17,200,1,1,200,200,200,200,200,200
397728,1,30,0,0,0,2,14,2,0,0,200,17,200,0,6,200,200,200,200,200,200
397729,0,30,0,0,0,1,12,3,0,0,0,0,200,1,6,7,200,0,0,200,200
397729,0,30,0,0,0,1,12,3,0,0,0,0,200,0,7,0,0,0,0,200,200
397729,1,30,0,0,0,1,12,3,0,0,0,0,200,2,200,7,200,200,200,200,200
397730,0,30,0,0,0,1,10,2,0,0,200,7,0,0,6,200,11,200,200,200,200
397730,0,30,0,0,0,1,10,2,0,0,200,7,0,0,5,0,0,0,0,200,200
397735,0,30,0,0,0,1,12,6,0,0,0,0,200,0,9,0,12,0,0,200,200
397735,0,30,0,0,0,1,12,6,0,0,0,0,200,0,5,0,0,0,0,200,200
397735,1,30,0,0,0,1,12,6,0,0,0,0,200,1,9,0,200,200,200,200,200
397735,1,30,0,0,0,1,12,6,0,0,0,0,200,0,6,0,200,200,200,200,200
397739,0,30,3,2,0,1,12,1,0,0,0,0,0,1,5,200,12,0,1,200,200
397739,0,30,3,2,0,1,12,1,0,0,0,0,0,1,200,200,8,200,200,200,200
397744,0,30,1,2,0,1,10,5,0,0,0,200,200,1,6,0,12,0,0,200,200
397744,0,30,1,2,0,1,10,5,0,0,0,200,200,0,200,200,0,200,200,200,200