RD_NO,PERSON_TYPE,POSTED_SPEED_LIMIT,TRAFFIC_CONTROL_DEVICE,DEVICE_CONDITION,WEATHER_CONDITION,LIGHTING_CONDITION,FIRST_CRASH_TYPE,TRAFFICWAY_TYPE,ALIGNMENT,ROADWAY_SURFACE_COND,ROAD_DEFECT,PRIM_CONTRIBUTORY_CAUSE,SEC_CONTRIBUTORY_CAUSE,SEX,AGE,SAFETY_EQUIPMENT,DRIVER_ACTION,DRIVER_VISION,PHYSICAL_CONDITION,BAC_RESULT VALUE,CELL_PHONE_USE
397750,0,15,0,0,0,1,7,7,0,0,0,0,0,0,5,0,200,0,0,200,200
397753,0,30,0,0,0,1,14,5,0,0,0,21,200,1,5,0,4,0,0,200,200
397753,0,30,0,0,0,1,14,5,0,0,0,21,200,1,6,0,0,0,0,200,200
397759,0,30,1,2,0,1,0,2,0,0,0,17,200,0,4,0,1,1,0,200,200
397759,0,30,1,2,0,1,0,2,0,0,0,17,200,0,5,0,0,0,0,200,200
397759,0,30,1,2,0,1,0,2,0,0,0,17,200,0,6,0,0,0,0,200,200
397759,1,30,1,2,0,1,0,2,0,0,0,17,200,0,5,0,200,200,200,200,200
397759,1,30,1,2,0,1,0,2,0,0,0,17,200,1,5,0,200,200,200,200,200
397761,0,30,1,2,0,1,10,2,0,0,0,16,18,0,200,0,3,0,0,200,200
397761,0,30,1,2,0,1,10,2,0,0,0,16,18,0,6,0,0,0,0,200,200
397765,0,15,0,0,0,1,7,6,0,0,0,0,0,0,200,200,200,200,200,200,200
397769,0,35,1,2,0,1,10,3,0,0,0,25,0,0,5,0,4,0,0,200,200
397769,0,35,1,2,0,1,10,3,0,0,0,25,0,0,6,0,0,0,0,200,200
397770,0,30,1,2,0,1,14,6,0,0,200,23,200,0,200,200,7,200,200,200,200
397770,0,30,1,2,0,1,14,6,0,0,200,23,200,0,6,200,0,200,200,200,200
397770,1,30,1,2,0,1,14,6,0,0,200,23,200,0,6,200,200,200,200,200,200
397779,0,10,0,0,0,1,7,7,0,0,0,0,200,2,200,200,200,200,200,200,200
397782,0,0,0,0,0,1,7,2,0,0,200,0,0,2,200,200,200,200,200,200,200
397786,0,15,0,0,0,1,7,12,0,0,0,0,200,0,200,200,6,200,2,200,200
397793,0,30,2,2,0,4,9,12,0,0,0,17,27,0,6,200,1,200,200,200,200
397793,5,30,2,2,0,4,9,12,0,0,0,17,27,1,5,7,0,200,0,200,200
397797,0,15,0,0,0,1,9,7,0,0,200,0,0,1,6,200,200,200,0,200,200
397797,5,15,0,0,0,1,9,7,0,0,200,0,0,0,2,7,0,200,7,200,200
397797,1,15,0,0,0,1,9,7,0,0,200,0,0,0,0,5,200,200,200,200,200
397798,0,30,1,2,0,1,10,2,0,0,0,18,0,0,5,0,3,0,0,200,200
397798,0,30,1,2,0,1,10,2,0,0,0,18,0,0,6,0,0,0,0,200,200
397798,1,30,1,2,0,1,10,2,0,0,0,18,0,1,5,0,200,200,200,200,200
397800,0,30,2,2,0,1,1,5,0,0,0,0,200,1,200,200,200,200,200,200,200
397814,0,10,0,0,0,1,0,7,0,0,0,20,11,1,5,0,6,0,0,200,200
397814,0,10,0,0,0,1,0,7,0,0,0,20,11,0,200,200,0,200,200,200,200
397820,0,30,1,2,0,4,12,5,0,0,0,22,200,1,6,0,1,0,0,200,200
397820,0,30,1,2,0,4,12,5,0,0,0,22,200,0,5,0,0,0,0,200,200
397820,1,30,1,2,0,4,12,5,0,0,0,22,200,1,200,0,200,200,200,200,200
397821,0,30,1,2,0,1,10,5,0,0,0,16,18,1,6,200,12,0,0,200,200
397821,0,30,1,2,0,1,10,5,0,0,0,16,18,0,5,200,0,0,0,200,200
397821,0,30,1,2,0,1,10,5,0,0,0,16,18,1,7,200,0,0,0,200,200
397821,1,30,1,2,0,1,10,5,0,0,0,16,18,0,1,5,200,200,200,200,200
397821,1,30,1,2,0,1,10,5,0,0,0,16,18,1,2,5,200,200,200,200,200
397826,0,30,0,0,0,1,7,5,0,0,0,0,0,1,200,200,200,200,200,200,200
397830,0,30,0,0,0,4,12,3,0,0,0,17,0,0,5,0,1,0,0,200,200
397830,0,30,0,0,0,4,12,3,0,0,0,17,0,1,7,0,0,0,0,200,200
397838,0,30,1,200,0,1,10,5,0,0,200,0,0,0,4,0,200,200,200,200,200
397838,0,30,1,200,0,1,10,5,0,0,200,0,0,1,4,200,0,200,200,200,200
397842,0,30,0,0,0,1,7,5,0,0,0,0,200,2,200,200,200,200,200,200,200
397850,0,5,0,0,0,1,7,7,0,0,0,0,200,0,5,200,200,200,200,200,200
397853,0,30,1,2,0,4,12,3,0,0,0,18,0,1,6,200,4,0,0,200,200
397853,0,30,1,2,0,4,12,3,0,0,0,18,0,0,6,200,0,0,0,200,200
397854,0,30,1,2,0,4,14,2,0,0,0,23,17,0,6,0,7,1,0,200,200
397854,0,30,1,2,0,4,14,2,0,0,0,23,17,1,6,0,0,1,0,200,200
397854,1,30,1,2,0,4,14,2,0,0,0,23,17,1,3,0,200,200,200,200,200
397854,1,30,1,2,0,4,14,2,0,0,0,23,17,1,2,0,200,200,200,200,200
397854,1,30,1,2,0,4,14,2,0,0,0,23,17,1,1,0,200,200,200,200,200
397855,0,35,2,2,0,4,0,5,0,0,0,17,0,1,4,200,1,200,200,200,200
397855,0,35,2,2,0,4,0,5,0,0,0,17,0,1,6,200,0,200,200,200,200
397855,1,35,2,2,0,4,0,5,0,0,0,17,0,0,4,200,200,200,200,200,200
397855,1,35,2,2,0,4,0,5,0,0,0,17,0,0,4,200,200,200,200,200,200
397855,1,35,2,2,0,4,0,5,0,0,0,17,0,1,5,200,200,200,200,200,200
397855,1,35,2,2,0,4,0,5,0,0,0,17,0,0,3,200,200,200,200,200,200
397855,1,35,2,2,0,4,0,5,0,0,0,17,0,0,1,200,200,200,200,200,200
397856,0,30,0,0,0,1,12,6,0,0,0,0,0,0,5,0,0,0,0,200,200
397856,0,30,0,0,0,1,12,6,0,0,0,0,0,1,6,0,200,0,0,200,200
397864,0,30,200,200,0,2,14,5,0,0,0,23,16,0,4,200,7,0,0,200,200
397864,0,30,200,200,0,2,14,5,0,0,0,23,16,1,6,200,0,0,0,200,200
397864,1,30,200,200,0,2,14,5,0,0,0,23,16,1,3,200,200,200,200,200,200
397867,0,25,0,0,0,1,10,5,0,0,0,200,200,1,200,200,200,200,0,200,200
397867,0,25,0,0,0,1,10,5,0,0,0,200,200,1,5,0,0,0,0,200,200
397868,0,5,0,0,0,4,7,7,0,0,0,0,0,0,200,200,6,200,200,200,200
397868,1,5,0,0,0,4,7,7,0,0,0,0,0,1,5,0,200,200,200,200,200
397868,1,5,0,0,0,4,7,7,0,0,0,0,0,1,5,0,200,200,200,200,200
397873,0,0,1,2,0,1,12,5,0,0,0,0,0,1,200,200,200,200,200,200,200
397873,0,0,1,2,0,1,12,5,0,0,0,0,0,1,6,200,0,0,0,200,200
397878,0,30,0,0,0,4,12,5,0,0,0,22,0,0,5,200,4,200,0,200,200
397878,0,30,0,0,0,4,12,5,0,0,0,22,0,0,5,200,12,200,0,200,200
397883,0,30,1,2,0,3,12,5,0,0,0,23,11,1,9,0,7,0,0,200,200
397883,0,30,1,2,0,3,12,5,0,0,0,23,11,0,5,0,0,0,0,200,200
397892,0,30,0,0,0,3,7,5,0,0,0,11,7,1,3,0,12,0,0,200,200
397892,1,30,0,0,0,3,7,5,0,0,0,11,7,0,5,0,200,200,200,200,200
397900,0,30,0,0,0,1,12,5,0,0,0,17,0,1,6,200,1,0,0,200,200
397900,0,30,0,0,0,1,12,5,0,0,0,17,0,1,7,200,0,0,0,200,200
397905,0,25,2,2,0,3,0,6,0,0,0,17,200,0,3,0,1,0,0,200,200
397905,0,25,2,2,0,3,0,6,0,0,0,17,200,1,5,0,0,0,0,200,200
397907,0,30,200,2,0,0,12,3,0,0,0,23,200,1,200,200,7,200,200,200,200
397907,0,30,200,2,0,0,12,3,0,0,0,23,200,0,7,0,0,0,0,200,200
397912,0,30,0,0,0,1,10,5,0,0,0,18,200,0,7,200,3,200,200,200,200
397912,0,30,0,0,0,1,10,5,0,0,0,18,200,1,7,0,0,0,0,200,200
397917,0,55,0,0,2,1,10,5,0,1,0,0,0,0,200,200,200,200,200,200,200
397917,0,55,0,0,2,1,10,5,0,1,0,0,0,0,6,0,0,0,0,200,200
397919,0,30,0,0,0,3,14,5,0,0,0,0,0,0,6,0,3,0,0,200,200
397919,0,30,0,0,0,3,14,5,0,0,0,0,0,0,6,0,0,0,0,200,200
397920,0,30,3,2,0,4,12,3,0,0,200,22,21,1,200,200,2,200,200,200,200
397920,0,30,3,2,0,4,12,3,0,0,200,22,21,0,6,200,12,0,0,200,200
397921,0,30,1,2,0,3,8,12,0,0,0,17,33,1,6,0,12,12,0,200,200
397921,4,30,1,2,0,3,8,12,0,0,0,17,33,0,7,7,0,200,0,200,200
397925,0,30,1,200,0,3,14,5,0,0,0,0,0,0,5,200,200,200,7,200,200
397925,0,30,1,200,0,3,14,5,0,0,0,0,0,0,0,200,200,200,200,200,200
397925,1,30,1,200,0,3,14,5,0,0,0,0,0,1,4,200,200,200,200,200,200
397925,1,30,1,200,0,3,14,5,0,0,0,0,0,1,6,200,200,200,200,200,200
397926,0,25,0,0,2,4,10,5,0,1,0,18,16,0,6,200,3,200,0,200,200
397926,0,25,0,0,2,4,10,5,0,1,0,18,16,1,6,200,0,0,0,200,200
397926,0,25,0,0,2,4,10,5,0,1,0,18,16,1,6,200,200,200,0,200,200
397931,0,30,1,2,0,3,2,5,0,1,0,12,0,0,6,0,14,0,0,200,200
397931,1,30,1,2,0,3,2,5,0,1,0,12,0,0,200,0,200,200,200,200,200
397937,0,30,200,200,0,3,7,5,0,0,200,200,200,2,4,200,6,0,0,200,200
397939,0,30,1,2,0,3,12,6,0,0,0,22,0,1,8,0,2,0,0,200,200
397939,0,30,1,2,0,3,12,6,0,0,0,22,0,0,6,0,0,0,0,200,200
397941,0,35,0,0,200,1,7,6,0,200,0,0,0,1,7,0,0,0,0,200,200
397941,1,35,0,0,200,1,7,6,0,200,0,0,0,0,7,0,200,200,200,200,200
397941,1,35,0,0,200,1,7,6,0,200,0,0,0,1,4,0,200,200,200,200,200
397967,0,30,1,2,0,1,12,6,0,0,0,21,200,0,200,200,4,0,0,200,200
397967,0,30,1,2,0,1,12,6,0,0,0,21,200,0,6,0,0,0,0,200,200
397968,0,30,2,2,200,3,8,12,0,1,0,0,0,1,5,200,200,200,0,200,200
397968,4,30,2,2,200,3,8,12,0,1,0,0,0,0,2,7,200,0,0,200,200
397970,0,20,0,0,2,3,8,2,0,1,0,17,0,0,200,200,1,200,200,200,200
397970,4,20,0,0,2,3,8,2,0,1,0,17,0,0,6,2,0,0,0,200,200
397980,0,30,0,0,0,1,7,6,0,0,0,25,11,1,200,200,12,200,200,200,200
397980,5,30,0,0,0,1,7,6,0,0,0,25,11,0,5,7,0,12,0,200,200
397980,1,30,0,0,0,1,7,6,0,0,0,25,11,1,0,5,200,200,200,200,200
397980,1,30,0,0,0,1,7,6,0,0,0,25,11,0,200,200,200,200,200,200,200
397980,1,30,0,0,0,1,7,6,0,0,0,25,11,1,200,200,200,200,200,200,200
397982,0,30,0,0,0,200,7,6,0,200,200,1,8,1,6,200,12,200,200,200,200
397988,0,25,1,2,200,3,12,12,0,200,0,22,0,0,5,0,4,0,0,200,200
397988,0,25,1,2,200,3,12,12,0,200,0,22,0,0,6,0,0,0,0,200,200
397989,0,30,0,0,0,3,10,2,0,0,0,16,18,0,6,200,200,200,200,200,200
397989,0,30,0,0,0,3,10,2,0,0,0,16,18,1,5,200,0,0,0,200,200
397989,1,30,0,0,0,3,10,2,0,0,0,16,18,200,200,200,200,200,200,200,200
397995,0,35,0,0,2,3,0,2,0,1,0,0,0,0,6,200,200,200,0,200,200
397995,0,35,0,0,2,3,0,2,0,1,0,0,0,0,6,200,200,200,0,200,200
397995,1,35,0,0,2,3,0,2,0,1,0,0,0,0,7,200,200,200,200,200,200
397995,1,35,0,0,2,3,0,2,0,1,0,0,0,1,7,200,200,200,200,200,200
397997,0,30,1,2,0,3,12,12,0,0,0,21,200,0,6,0,4,0,0,200,200
397997,0,30,1,2,0,3,12,12,0,0,0,21,200,1,6,0,0,0,0,200,200
397998,0,40,0,0,2,3,10,1,0,1,0,18,200,1,6,0,3,0,0,200,200
397998,0,40,0,0,2,3,10,1,0,1,0,18,200,0,7,0,0,0,0,200,200
398005,0,35,0,0,0,3,7,7,0,0,0,0,200,2,200,200,6,200,200,200,200
398007,0,30,0,0,0,3,10,2,0,0,0,12,0,1,6,0,0,0,0,200,200
398007,0,30,0,0,0,3,10,2,0,0,0,12,0,1,5,0,12,0,0,200,200
398007,1,30,0,0,0,3,10,2,0,0,0,12,0,1,4,0,200,200,200,200,200
398007,1,30,0,0,0,3,10,2,0,0,0,12,0,0,4,0,200,200,200,200,200
398012,0,30,0,0,2,3,7,2,0,1,3,34,15,0,5,0,8,4,0,200,200
398015,0,40,0,0,2,3,12,3,0,1,0,21,16,0,200,200,4,200,200,200,200
398015,0,40,0,0,2,3,12,3,0,1,0,21,16,0,9,0,200,200,0,200,200
398015,1,40,0,0,2,3,12,3,0,1,0,21,16,1,200,0,200,200,200,200,200
398018,0,30,0,0,0,1,12,5,0,0,0,0,0,0,200,200,200,200,200,200,200
398018,0,30,0,0,0,1,12,5,0,0,0,0,0,1,6,200,0,0,0,200,200
398020,0,25,0,0,2,3,7,6,0,1,0,0,200,2,200,200,200,200,200,200,200
398028,0,30,0,0,0,3,7,2,0,0,0,0,0,1,5,200,12,0,1,200,200
398030,0,30,1,2,0,1,14,2,0,200,0,17,16,0,7,0,200,200,200,200,200
398030,0,30,1,2,0,1,14,2,0,200,0,17,16,0,6,200,200,200,200,200,200
398033,0,30,0,0,0,3,8,12,0,0,0,0,0,0,8,0,200,0,0,200,200
398033,4,30,0,0,0,3,8,12,0,0,0,0,0,0,6,7,200,200,0,200,200
398046,0,30,2,2,0,3,0,5,0,0,0,5,0,1,7,0,1,0,0,200,200
398046,0,30,2,2,0,3,0,5,0,0,0,5,0,1,9,0,0,0,0,200,200
398047,0,30,1,2,0,3,14,5,0,0,0,6,200,1,5,200,5,0,0,200,200
398047,0,30,1,2,0,3,14,5,0,0,0,6,200,1,5,200,0,0,0,200,200
398050,0,30,1,2,0,3,10,200,0,0,0,7,200,0,6,200,200,200,0,200,200
398050,0,30,1,2,0,3,10,200,0,0,0,7,200,1,6,200,0,200,0,200,200
398050,1,30,1,2,0,3,10,200,0,0,0,7,200,0,200,200,200,200,200,200,200
398068,0,30,1,2,0,3,10,2,0,0,0,32,14,1,5,200,3,0,5,0.24,200
398068,0,30,1,2,0,3,10,2,0,0,0,32,14,0,6,0,12,0,0,200,200
398068,0,30,1,2,0,3,10,2,0,0,0,32,14,2,200,200,0,200,200,200,200
398070,0,30,1,2,0,3,7,6,0,0,200,21,0,0,5,0,7,200,0,200,200
398070,1,30,1,2,0,3,7,6,0,0,200,21,0,1,200,0,200,200,200,200,200
398070,1,30,1,2,0,3,7,6,0,0,200,21,0,0,200,0,200,200,200,200,200
398075,0,40,0,0,0,3,12,3,0,1,0,11,11,0,6,0,4,0,0,200,200
398075,0,40,0,0,0,3,12,3,0,1,0,11,11,0,7,0,0,0,0,200,200
398075,1,40,0,0,0,3,12,3,0,1,0,11,11,1,6,0,200,200,200,200,200
398075,1,40,0,0,0,3,12,3,0,1,0,11,11,0,5,0,200,200,200,200,200
398080,0,30,1,2,200,3,12,2,0,1,200,0,200,0,200,200,200,200,200,200,200
398080,0,30,1,2,200,3,12,2,0,1,200,0,200,1,6,200,0,0,0,200,200
398085,0,35,0,0,0,3,12,5,0,0,0,22,16,2,200,200,4,200,200,200,200
398085,0,35,0,0,0,3,12,5,0,0,0,22,16,0,6,0,0,0,0,200,200
398085,1,35,0,0,0,3,12,5,0,0,0,22,16,200,200,200,200,200,200,200,200
398085,1,35,0,0,0,3,12,5,0,0,0,22,16,200,200,0,200,200,200,200,200
398087,0,20,0,0,0,3,12,7,0,0,0,0,200,0,200,200,1,200,200,200,200
398087,0,20,0,0,0,3,12,7,0,0,0,0,200,0,7,0,0,0,0,200,200
398087,1,20,0,0,0,3,12,7,0,0,0,0,200,1,7,0,200,200,200,200,200
398094,0,35,8,200,0,3,10,5,0,0,0,18,200,0,6,200,3,0,200,200,200
398094,0,35,8,200,0,3,10,5,0,0,0,18,200,0,6,200,200,0,0,200,200
398095,0,20,2,0,0,3,0,2,0,0,0,15,0,1,5,200,0,0,200,200,200
398095,0,20,2,0,0,3,0,2,0,0,0,15,0,2,200,200,8,200,200,200,200
398095,1,20,2,0,0,3,0,2,0,0,0,15,0,1,5,200,200,200,200,200,200
398097,0,30,1,2,0,0,10,5,0,0,0,0,0,0,4,0,0,0,0,200,200
398097,0,30,1,2,0,0,10,5,0,0,0,0,0,0,7,0,0,0,0,200,200
398097,1,30,1,2,0,0,10,5,0,0,0,0,0,1,6,0,200,200,200,200,200
398097,1,30,1,2,0,0,10,5,0,0,0,0,0,0,2,0,200,200,200,200,200
398097,1,30,1,2,0,0,10,5,0,0,0,0,0,1,2,0,200,200,200,200,200
398098,0,30,0,0,0,3,10,5,0,1,0,18,16,0,5,200,3,0,0,200,200
398098,0,30,0,0,0,3,10,5,0,1,0,18,16,0,5,200,12,200,0,200,200
398103,0,30,1,2,0,0,12,6,0,0,0,21,200,0,6,200,2,0,0,200,200
398103,0,30,1,2,0,0,12,6,0,0,0,21,200,0,5,200,0,0,0,200,200
398103,1,30,1,2,0,0,12,6,0,0,0,21,200,1,5,200,200,200,200,200,200
398103,1,30,1,2,0,0,12,6,0,0,0,21,200,200,200,200,200,200,200,200,200
398107,0,30,1,2,0,3,12,5,0,0,0,22,200,0,8,200,200,200,0,200,200
398107,0,30,1,2,0,3,12,5,0,0,0,22,200,0,5,200,200,200,0,200,200
398108,0,35,1,2,0,3,14,5,0,0,0,32,27,0,9,200,7,200,5,0.15,200
398108,0,35,1,2,0,3,14,5,0,0,0,32,27,1,5,0,12,0,0,200,0
398108,1,35,1,2,0,3,14,5,0,0,0,32,27,1,6,200,200,200,200,200,200
398108,1,35,1,2,0,3,14,5,0,0,0,32,27,1,6,200,200,200,200,200,200
398109,0,25,2,0,0,3,7,12,0,0,0,10,10,1,5,200,9,0,0,200,200
398109,1,25,2,0,0,3,7,12,0,0,0,10,10,1,5,0,200,200,200,200,200
398116,0,30,200,200,0,4,8,5,0,0,200,0,200,1,6,0,200,200,1,200,200
398116,4,30,200,200,0,4,8,5,0,0,200,0,200,0,200,200,200,200,200,200,200
398136,0,30,1,2,0,3,10,5,0,0,0,16,18,1,5,0,1,0,0,200,200
398136,0,30,1,2,0,3,10,5,0,0,0,16,18,1,6,0,0,0,0,200,200
398143,0,30,1,2,0,0,10,5,0,0,0,0,0,2,200,200,200,200,200,200,200
398143,0,30,1,2,0,0,10,5,0,0,0,0,0,0,6,0,0,0,0,200,200
398143,1,30,1,2,0,0,10,5,0,0,0,0,0,1,200,0,200,200,200,200,200
398148,0,30,2,0,0,3,12,2,0,0,0,0,0,1,6,0,200,0,0,200,200
398148,0,30,2,0,0,3,12,2,0,0,0,0,0,0,8,0,200,0,0,200,200
398164,0,30,0,0,0,3,12,5,0,0,0,0,200,0,5,200,200,200,0,200,200
398164,0,30,0,0,0,3,12,5,0,0,0,0,200,1,5,200,0,0,0,200,200
398164,1,30,0,0,0,3,12,5,0,0,0,0,200,200,200,7,200,200,200,200,200
398164,1,30,0,0,0,3,12,5,0,0,0,0,200,0,200,200,200,200,200,200,200
398165,0,30,200,200,0,4,12,5,0,0,200,0,200,0,5,200,200,200,0,200,200
398165,0,30,200,200,0,4,12,5,0,0,200,0,200,0,6,200,200,200,0,200,200
398168,0,0,0,0,0,3,7,7,0,0,0,0,0,2,200,200,200,200,200,200,200
398171,0,30,1,2,0,3,10,5,0,0,0,200,200,2,200,200,200,200,200,200,200
398171,0,30,1,2,0,3,10,5,0,0,0,200,200,0,7,200,200,200,0,200,200
398172,0,30,1,2,0,3,14,3,0,0,0,17,200,1,5,0,1,0,0,200,200
398172,0,30,1,2,0,3,14,3,0,0,0,17,200,0,7,0,12,0,0,200,200
398172,0,30,1,2,0,3,14,3,0,0,0,17,200,0,7,0,12,0,0,200,200
398172,1,30,1,2,0,3,14,3,0,0,0,17,200,0,6,0,200,200,200,200,200
398176,0,30,0,0,0,3,10,5,0,0,0,0,200,2,200,200,200,200,200,200,200
398176,0,30,0,0,0,3,10,5,0,0,0,0,200,0,6,200,0,0,0,200,200
398189,0,30,0,0,0,3,8,2,0,0,200,32,16,0,5,200,12,0,5,200,200
398189,4,30,0,0,0,3,8,2,0,0,200,32,16,0,6,2,0,0,7,200,200
398194,0,30,0,0,0,3,2,2,0,0,0,15,14,0,7,0,8,0,4,200,200
398216,0,40,0,0,0,3,2,3,0,0,0,32,16,0,5,200,12,12,5,0.21,200
398216,1,40,0,0,0,3,2,3,0,0,0,32,16,1,5,200,200,200,200,200,200
398220,0,30,1,2,0,3,10,5,0,0,200,16,18,0,6,0,200,200,0,200,200
398220,0,30,1,2,0,3,10,5,0,0,200,16,18,0,8,0,0,200,0,200,200
398220,1,30,1,2,0,3,10,5,0,0,200,16,18,1,6,0,200,200,200,200,200
398220,1,30,1,2,0,3,10,5,0,0,200,16,18,0,6,0,200,200,200,200,200
398220,1,30,1,2,0,3,10,5,0,0,200,16,18,1,7,0,200,200,200,200,200
398220,1,30,1,2,0,3,10,5,0,0,200,16,18,1,9,0,200,200,200,200,200
398228,0,35,0,0,0,3,7,5,0,0,0,21,32,1,6,200,12,200,3,200,200
398234,0,30,0,0,0,3,7,6,0,0,0,0,11,1,5,200,200,200,200,200,200
398235,0,30,1,2,0,3,10,5,0,0,0,16,18,0,200,200,3,200,0,200,200
398235,0,30,1,2,0,3,10,5,0,0,0,16,18,0,7,0,0,0,0,200,200
398235,1,30,1,2,0,3,10,5,0,0,0,16,18,2,200,200,200,200,200,200,200
398235,1,30,1,2,0,3,10,5,0,0,0,16,18,2,200,200,200,200,200,200,200
398246,0,15,0,0,0,3,2,0,0,0,0,16,200,0,4,200,12,0,0,200,200
398249,0,20,0,0,0,3,7,5,0,0,0,12,12,0,4,200,12,200,0,200,200
398249,1,20,0,0,0,3,7,5,0,0,0,12,12,1,3,200,200,200,200,200,200
398256,0,30,0,0,0,3,12,5,0,0,0,0,0,0,6,0,12,0,0,200,200
398256,0,30,0,0,0,3,12,5,0,0,0,0,0,0,6,0,12,0,0,200,200
398256,1,30,0,0,0,3,12,5,0,0,0,0,0,0,5,0,200,200,200,200,200
398261,0,30,0,0,0,3,3,3,0,0,0,21,0,0,0,200,9,0,0,200,200
398261,0,30,0,0,0,3,3,3,0,0,0,21,0,1,5,200,200,0,0,200,200
398261,1,30,0,0,0,3,3,3,0,0,0,21,0,0,5,0,200,200,200,200,200
398269,0,30,1,2,0,3,14,5,0,200,200,0,0,0,200,200,1,200,200,200,200
398269,0,30,1,2,0,3,14,5,0,200,200,0,0,1,6,0,200,200,0,200,200
398270,0,35,0,0,0,3,2,3,0,0,200,0,0,2,200,200,200,200,200,200,200
398276,0,25,0,0,0,3,7,5,0,0,0,0,0,2,200,200,200,200,200,200,200
398277,0,30,0,0,0,3,7,5,0,0,0,0,200,0,200,200,200,200,200,200,200
398278,0,35,0,2,0,3,2,5,0,0,0,0,0,0,8,200,12,0,2,200,200
398278,1,35,0,2,0,3,2,5,0,0,0,0,0,0,5,7,200,200,200,200,200
398281,0,30,1,2,0,3,7,5,0,0,0,6,200,0,5,200,0,0,0,200,200
398285,0,25,1,2,0,3,12,5,0,0,0,0,0,0,200,200,200,200,200,200,200
398285,0,25,1,2,0,3,12,5,0,0,0,0,0,1,6,0,0,0,0,200,200
398285,1,25,1,2,0,3,12,5,0,0,0,0,0,0,200,200,200,200,200,200,200
398300,4,30,0,0,0,2,8,2,0,0,0,10,0,0,7,7,9,0,0,200,200
398300,0,30,0,0,0,2,8,2,0,0,0,10,0,2,200,200,200,200,200,200,200
398308,0,30,1,2,0,1,10,2,0,0,0,0,200,0,6,0,200,0,0,200,200
398308,0,30,1,2,0,1,10,2,0,0,0,0,200,1,7,0,0,0,0,200,200
398311,0,30,1,200,0,1,9,5,0,200,200,25,16,0,200,200,12,200,200,200,200
398311,5,30,1,200,0,1,9,5,0,200,200,25,16,0,5,7,0,12,0,200,200
398311,1,30,1,200,0,1,9,5,0,200,200,25,16,0,200,200,200,200,200,200,200
398311,1,30,1,200,0,1,9,5,0,200,200,25,16,0,200,200,200,200,200,200,200
398313,0,35,200,200,0,2,7,5,0,0,0,200,200,2,200,200,200,200,200,200,200
398324,0,30,0,0,0,1,2,2,0,0,12,28,28,1,6,0,0,0,0,200,200
398329,0,45,1,2,0,1,10,3,0,0,0,16,18,0,200,200,3,200,200,200,200
398329,0,45,1,2,0,1,10,3,0,0,0,16,18,0,7,0,0,0,0,200,200
398329,1,45,1,2,0,1,10,3,0,0,0,16,18,1,200,200,200,200,200,200,200
398336,0,30,0,0,0,1,10,5,0,0,0,22,18,1,0,0,3,0,0,200,200
398336,0,30,0,0,0,1,10,5,0,0,0,22,18,0,0,0,0,0,0,200,200
398336,1,30,0,0,0,1,10,5,0,0,0,22,18,1,0,200,200,200,200,200,200
398338,0,30,0,0,0,1,10,5,0,0,0,18,200,0,5,0,3,0,0,200,200
398338,0,30,0,0,0,1,10,5,0,0,0,18,200,0,7,0,0,0,0,200,200
398338,1,30,0,0,0,1,10,5,0,0,0,18,200,0,6,0,200,200,200,200,200
398338,1,30,0,0,0,1,10,5,0,0,0,18,200,1,7,0,200,200,200,200,200
398341,0,40,0,0,0,1,2,3,0,0,0,11,0,0,5,0,4,0,0,200,200
398341,1,40,0,0,0,1,2,3,0,0,0,11,0,0,5,0,200,200,200,200,200
398341,1,40,0,0,0,1,2,3,0,0,0,11,0,0,3,0,200,200,200,200,200
398341,1,40,0,0,0,1,2,3,0,0,0,11,0,0,3,0,200,200,200,200,200
398345,0,30,1,2,0,1,14,1,0,0,0,0,200,0,7,200,7,200,0,200,200
398345,0,30,1,2,0,1,14,1,0,0,0,0,200,1,5,200,0,200,0,200,200
398352,0,30,0,0,0,1,7,6,0,0,0,12,0,1,6,200,12,0,0,200,200
398356,0,30,1,200,0,1,14,5,0,0,200,25,11,2,200,200,200,200,200,200,200
398356,0,30,1,200,0,1,14,5,0,0,200,25,11,0,6,200,200,200,200,200,200
398363,0,20,0,0,0,2,2,5,0,0,0,27,0,0,7,0,12,0,2,200,200
398371,0,35,1,2,0,1,9,5,0,0,0,200,200,1,6,7,12,0,0,200,200
398371,5,35,1,2,0,1,9,5,0,0,0,200,200,1,6,7,0,0,0,200,200
398372,0,30,0,0,200,1,7,6,0,200,200,0,200,1,200,200,2,200,200,200,200
398376,4,30,2,2,0,1,8,5,0,0,200,17,200,0,200,3,200,200,200,200,200
398376,0,30,2,2,0,1,8,5,0,0,200,17,200,1,0,0,200,200,200,200,200
398376,1,30,2,2,0,1,8,5,0,0,200,17,200,0,2,0,200,200,200,200,200
398379,0,30,0,0,0,1,7,5,0,0,0,0,0,2,200,200,200,200,200,200,200
398389,0,15,0,0,0,1,0,7,0,0,0,20,200,1,200,200,6,200,200,200,200
398389,0,15,0,0,0,1,0,7,0,0,0,20,200,1,6,0,0,0,0,200,200
398394,0,40,0,0,0,2,14,2,0,0,0,0,0,0,5,200,1,0,0,200,200
398394,0,40,0,0,0,2,14,2,0,0,0,0,0,0,6,200,0,0,0,200,200