RD_NO,PERSON_TYPE,POSTED_SPEED_LIMIT,TRAFFIC_CONTROL_DEVICE,DEVICE_CONDITION,WEATHER_CONDITION,LIGHTING_CONDITION,FIRST_CRASH_TYPE,TRAFFICWAY_TYPE,ALIGNMENT,ROADWAY_SURFACE_COND,ROAD_DEFECT,PRIM_CONTRIBUTORY_CAUSE,SEC_CONTRIBUTORY_CAUSE,SEX,AGE,SAFETY_EQUIPMENT,DRIVER_ACTION,DRIVER_VISION,PHYSICAL_CONDITION,BAC_RESULT VALUE,CELL_PHONE_USE
398395,0,0,200,200,0,1,12,5,0,0,0,0,0,0,7,0,0,200,0,200,200
398395,0,0,200,200,0,1,12,5,0,0,0,0,0,0,6,0,0,200,0,200,200
398402,0,30,1,2,0,3,12,5,0,0,0,22,0,0,4,200,2,200,200,200,200
398402,0,30,1,2,0,3,12,5,0,0,0,22,0,0,6,0,0,0,0,200,200
398404,0,5,0,0,0,1,10,7,0,0,0,0,0,0,8,0,3,0,0,200,200
398404,0,5,0,0,0,1,10,7,0,0,0,0,0,1,7,0,0,0,0,200,200
398411,0,15,0,0,1,1,0,7,0,0,0,20,11,0,6,0,6,0,0,200,200
398411,0,15,0,0,1,1,0,7,0,0,0,20,11,0,6,0,0,0,0,200,200
398422,0,30,200,200,0,3,2,5,3,0,0,0,0,0,200,200,200,200,200,200,200
398422,1,30,200,200,0,3,2,5,3,0,0,0,0,0,200,200,200,200,200,200,200
398424,0,20,0,0,0,1,7,5,0,0,0,23,0,0,200,200,7,200,200,200,200
398426,0,30,1,2,0,1,0,2,0,0,0,0,200,0,6,200,200,0,0,200,200
398426,0,30,1,2,0,1,0,2,0,0,0,0,200,0,7,200,200,200,0,200,200
398428,0,25,1,2,0,1,1,6,0,0,0,16,1,2,200,200,200,200,200,200,200
398428,3,25,1,2,0,1,1,6,0,0,0,16,1,0,1,7,0,0,0,200,200
398430,0,30,0,0,200,1,10,6,0,200,200,0,0,1,200,200,200,200,200,200,200
398430,0,30,0,0,200,1,10,6,0,200,200,0,0,0,5,0,12,200,200,200,200
398430,1,30,0,0,200,1,10,6,0,200,200,0,0,1,5,0,200,200,200,200,200
398430,1,30,0,0,200,1,10,6,0,200,200,0,0,200,200,0,200,200,200,200,200
398435,0,30,0,0,0,1,7,6,0,0,0,200,200,1,5,0,7,0,0,200,200
398435,1,30,0,0,0,1,7,6,0,0,0,200,200,1,2,5,200,200,200,200,200
398438,0,30,1,200,0,1,14,2,0,200,200,0,0,0,7,200,7,200,200,200,200
398438,0,30,1,200,0,1,14,2,0,200,200,0,0,1,7,0,0,0,0,200,200
398442,0,30,0,0,0,1,7,7,0,0,0,20,200,0,7,0,6,200,0,200,200
398444,0,30,1,2,0,1,14,5,0,0,0,11,0,0,6,200,7,0,0,200,200
398444,0,30,1,2,0,1,14,5,0,0,0,11,0,0,6,0,0,0,0,200,200
398444,1,30,1,2,0,1,14,5,0,0,0,11,0,1,200,0,200,200,200,200,200
398444,1,30,1,2,0,1,14,5,0,0,0,11,0,0,200,0,200,200,200,200,200
398455,0,30,0,0,1,1,7,6,0,0,0,11,0,1,6,0,7,0,0,200,200
398455,1,30,0,0,1,1,7,6,0,0,0,11,0,1,200,0,200,200,200,200,200
398456,0,30,1,2,0,1,14,5,0,0,0,6,16,0,6,200,5,0,0,200,200
398456,0,30,1,2,0,1,14,5,0,0,0,6,16,1,4,200,0,0,0,200,200
398456,1,30,1,2,0,1,14,5,0,0,0,6,16,1,6,200,200,200,200,200,200
398459,0,25,1,2,0,1,10,5,0,0,200,0,0,0,4,0,200,0,0,200,200
398459,0,25,1,2,0,1,10,5,0,0,200,0,0,1,4,0,0,0,0,200,200
398459,0,25,1,2,0,1,10,5,0,0,200,0,0,1,5,0,0,0,0,200,200
398468,0,30,0,0,0,1,7,5,0,0,0,0,200,0,200,200,200,200,200,200,200
398469,0,30,0,0,0,1,12,5,0,0,0,22,11,2,200,200,4,200,200,200,200
398469,0,30,0,0,0,1,12,5,0,0,0,22,11,1,6,0,0,0,0,200,200
398471,4,30,2,2,0,1,8,12,0,0,0,200,200,0,4,7,12,0,0,200,200
398471,0,30,2,2,0,1,8,12,0,0,0,200,200,0,5,200,0,0,0,200,200
398479,4,30,1,2,0,1,8,5,0,0,0,6,200,0,5,7,5,0,0,200,200
398479,0,30,1,2,0,1,8,5,0,0,0,6,200,0,5,0,0,0,0,200,200
398484,0,25,0,0,200,200,7,5,0,200,0,0,0,2,200,200,200,200,200,200,200
398489,0,30,0,0,0,4,12,2,0,0,0,14,16,1,200,200,1,200,0,200,200
398489,0,30,0,0,0,4,12,2,0,0,0,14,16,1,5,200,0,200,0,200,200
398494,0,30,0,0,0,1,12,5,0,0,0,0,0,1,6,0,0,0,0,200,200
398494,0,30,0,0,0,1,12,5,0,0,0,0,0,0,6,200,200,200,200,200,200
398494,1,30,0,0,0,1,12,5,0,0,0,0,0,1,3,0,200,200,200,200,200
398494,1,30,0,0,0,1,12,5,0,0,0,0,0,1,3,0,200,200,200,200,200
398497,0,30,0,0,0,1,10,2,0,0,0,18,0,0,200,200,3,0,0,200,200
398497,0,30,0,0,0,1,10,2,0,0,0,18,0,1,6,0,0,200,0,200,200
398514,0,25,0,0,0,1,14,12,0,0,0,18,200,2,200,200,3,200,200,200,200
398514,0,25,0,0,0,1,14,12,0,0,0,18,200,1,6,200,0,0,0,200,200
398517,0,25,0,0,0,1,0,2,0,0,0,200,200,0,5,0,0,0,0,200,200
398517,0,25,0,0,0,1,0,2,0,0,0,200,200,0,6,0,1,4,0,200,200
398532,0,30,0,0,0,1,7,6,0,0,0,200,200,1,8,200,0,0,0,200,200
398545,0,35,1,2,0,1,10,2,0,0,0,15,16,0,200,0,8,0,0,200,200
398545,0,35,1,2,0,1,10,2,0,0,0,15,16,0,7,0,0,0,0,200,200
398549,0,30,0,0,0,1,7,5,0,0,0,20,0,2,200,200,6,200,200,200,200
398552,0,30,2,2,0,1,14,2,0,0,0,17,200,0,6,0,1,0,0,200,200
398552,0,30,2,2,0,1,14,2,0,0,0,17,200,0,5,0,0,0,0,200,200
398560,0,20,0,0,0,1,10,5,0,0,0,16,16,1,8,200,3,200,200,200,200
398560,0,20,0,0,0,1,10,5,0,0,0,16,16,1,6,200,0,200,200,200,200
398560,0,20,0,0,0,1,10,5,0,0,0,16,16,0,4,200,0,200,200,200,200
398562,0,30,0,0,0,1,2,6,0,0,0,15,200,0,3,200,1,0,0,200,200
398562,1,30,0,0,0,1,2,6,0,0,0,15,200,0,0,200,200,200,200,200,200
398562,1,30,0,0,0,1,2,6,0,0,0,15,200,0,3,200,200,200,200,200,200
398564,0,10,0,0,0,1,11,7,0,0,0,0,0,0,200,0,200,200,0,200,200
398564,0,10,0,0,0,1,11,7,0,0,0,0,0,1,6,0,0,0,0,200,200
398566,0,15,0,200,1,3,7,7,0,0,0,200,200,1,200,200,200,200,200,200,200
398569,0,15,0,0,0,1,7,0,0,0,0,14,16,0,3,200,13,0,0,200,200
398569,1,15,0,0,0,1,7,0,0,0,0,14,16,0,3,200,200,200,200,200,200
398569,1,15,0,0,0,1,7,0,0,0,0,14,16,0,3,200,200,200,200,200,200
398569,1,15,0,0,0,1,7,0,0,0,0,14,16,0,3,200,200,200,200,200,200
398572,0,15,0,0,0,1,7,7,0,0,200,16,0,0,6,200,12,200,0,200,200
398576,0,30,0,0,0,4,7,6,0,0,200,20,200,0,200,200,6,0,0,200,200
398578,0,30,0,0,1,1,7,6,0,0,0,0,0,2,200,200,200,200,200,200,200
398581,0,30,2,2,0,1,12,5,0,0,0,17,16,1,6,0,1,0,0,200,200
398581,0,30,2,2,0,1,12,5,0,0,0,17,16,0,6,0,0,0,0,200,200
398583,0,30,1,2,0,1,0,6,0,0,0,6,6,0,7,0,14,0,0,200,200
398583,0,30,1,2,0,1,0,6,0,0,0,6,6,1,4,200,5,0,0,200,200
398583,1,30,1,2,0,1,0,6,0,0,0,6,6,1,6,0,200,200,200,200,200
398583,1,30,1,2,0,1,0,6,0,0,0,6,6,1,3,0,200,200,200,200,200
398583,1,30,1,2,0,1,0,6,0,0,0,6,6,1,3,0,200,200,200,200,200
398583,1,30,1,2,0,1,0,6,0,0,0,6,6,1,3,0,200,200,200,200,200
398583,1,30,1,2,0,1,0,6,0,0,0,6,6,0,2,1,200,200,200,200,200
398584,0,30,0,0,0,1,8,6,0,0,0,0,0,1,6,0,10,0,0,200,200
398584,4,30,0,0,0,1,8,6,0,0,0,0,0,1,6,7,0,0,0,200,200
398586,0,25,2,2,0,1,14,6,0,0,0,21,22,0,7,200,7,200,0,200,200
398586,0,25,2,2,0,1,14,6,0,0,0,21,22,0,5,200,12,200,0,200,200
398586,1,25,2,2,0,1,14,6,0,0,0,21,22,0,6,200,200,200,200,200,200
398586,1,25,2,2,0,1,14,6,0,0,0,21,22,0,5,200,200,200,200,200,200
398589,0,30,0,0,1,1,7,5,0,0,0,25,0,1,6,0,12,0,0,200,200
398590,0,30,2,2,0,1,0,5,0,0,0,17,200,0,3,0,1,200,0,200,200
398590,0,30,2,2,0,1,0,5,0,0,0,17,200,0,7,0,200,200,0,200,200
398590,1,30,2,2,0,1,0,5,0,0,0,17,200,0,3,0,200,200,200,200,200
398590,1,30,2,2,0,1,0,5,0,0,0,17,200,0,3,0,200,200,200,200,200
398593,0,30,0,0,0,0,7,2,0,0,0,0,0,2,200,200,200,200,200,200,200
398596,0,30,0,0,1,1,12,2,0,0,0,18,200,0,6,0,200,0,0,200,200
398596,0,30,0,0,1,1,12,2,0,0,0,18,200,1,7,0,12,0,0,200,200
398606,0,30,1,2,1,1,12,3,0,0,0,21,200,1,5,0,4,0,0,200,200
398606,0,30,1,2,1,1,12,3,0,0,0,21,200,0,7,0,0,0,0,200,200
398612,0,30,1,200,0,4,10,2,0,1,200,0,200,0,200,200,3,0,200,200,200
398612,0,30,1,200,0,4,10,2,0,1,200,0,200,0,6,0,0,0,200,200,200
398617,0,30,1,2,0,1,12,2,0,0,0,0,200,0,4,0,200,0,0,200,200
398617,0,30,1,2,0,1,12,2,0,0,0,0,200,1,5,0,0,0,0,200,200
398619,0,30,1,2,0,2,14,5,0,0,0,0,0,0,200,200,200,200,200,200,200
398619,0,30,1,2,0,2,14,5,0,0,0,0,0,1,6,0,0,0,0,200,200
398619,1,30,1,2,0,2,14,5,0,0,0,0,0,1,200,0,200,200,200,200,200
398619,1,30,1,2,0,2,14,5,0,0,0,0,0,1,200,0,200,200,200,200,200
398619,1,30,1,2,0,2,14,5,0,0,0,0,0,1,200,0,200,200,200,200,200
398619,1,30,1,2,0,2,14,5,0,0,0,0,0,1,200,0,200,200,200,200,200
398619,1,30,1,2,0,2,14,5,0,0,0,0,0,1,200,0,200,200,200,200,200
398623,0,35,0,0,0,1,7,6,0,0,0,15,16,1,200,0,8,0,0,200,200
398629,0,30,1,2,0,1,10,2,2,0,0,18,200,2,200,200,200,200,200,200,200
398629,0,30,1,2,0,1,10,2,2,0,0,18,200,0,7,0,0,0,0,200,200
398631,0,45,0,0,0,1,10,3,1,0,0,18,200,0,5,0,3,0,0,200,200
398631,0,45,0,0,0,1,10,3,1,0,0,18,200,0,6,0,0,0,0,200,200
398631,1,45,0,0,0,1,10,3,1,0,0,18,200,1,6,0,200,200,200,200,200
398635,0,30,0,0,0,1,12,6,0,0,200,17,200,1,7,200,1,0,0,200,200
398635,0,30,0,0,0,1,12,6,0,0,200,17,200,0,7,0,0,0,0,200,200
398635,1,30,0,0,0,1,12,6,0,0,200,17,200,2,200,0,200,200,200,200,200
398635,1,30,0,0,0,1,12,6,0,0,200,17,200,0,200,0,200,200,200,200,200
398637,0,30,1,2,0,1,12,5,0,0,200,0,200,0,6,0,200,200,200,200,200
398637,0,30,1,2,0,1,12,5,0,0,200,0,200,0,6,0,200,200,200,200,200
398643,0,30,1,2,0,1,14,2,0,0,0,21,11,0,7,0,7,0,0,200,200
398643,0,30,1,2,0,1,14,2,0,0,0,21,11,1,5,0,0,0,0,200,200
398643,1,30,1,2,0,1,14,2,0,0,0,21,11,1,9,0,200,200,200,200,200
398643,1,30,1,2,0,1,14,2,0,0,0,21,11,1,9,0,200,200,200,200,200
398643,1,30,1,2,0,1,14,2,0,0,0,21,11,1,0,5,200,200,200,200,200
398644,0,30,0,0,0,1,10,5,0,0,0,18,8,1,3,0,3,0,0,200,200
398644,0,30,0,0,0,1,10,5,0,0,0,18,8,1,7,0,12,0,0,200,200
398645,0,25,2,2,0,1,7,6,0,0,0,0,200,2,200,200,200,200,200,200,200
398646,0,30,0,0,0,1,12,5,0,0,0,0,0,0,6,0,200,200,0,200,200
398646,0,30,0,0,0,1,12,5,0,0,0,0,0,1,7,0,200,200,0,200,200
398646,1,30,0,0,0,1,12,5,0,0,0,0,0,0,5,0,200,200,200,200,200
398646,1,30,0,0,0,1,12,5,0,0,0,0,0,0,200,0,200,200,200,200,200
398656,4,30,1,2,0,1,8,12,0,0,0,6,0,1,7,3,5,200,7,200,200
398656,0,30,1,2,0,1,8,12,0,0,0,6,0,1,5,0,12,0,0,200,200
398656,1,30,1,2,0,1,8,12,0,0,0,6,0,0,5,0,200,200,200,200,200
398657,0,35,1,2,0,1,10,3,0,0,0,18,200,0,6,0,3,0,0,200,200
398657,0,35,1,2,0,1,10,3,0,0,0,18,200,1,6,0,0,0,0,200,200
398658,0,35,1,2,0,1,14,5,0,0,0,23,0,0,6,0,7,0,0,200,200
398658,0,35,1,2,0,1,14,5,0,0,0,23,0,0,5,0,0,0,0,200,200
398658,1,35,1,2,0,1,14,5,0,0,0,23,0,0,5,0,200,200,200,200,200
398661,0,15,0,0,0,1,7,5,0,0,0,20,11,0,4,0,6,0,0,200,200
398663,0,30,2,12,0,1,9,6,0,0,0,5,0,1,5,0,2,0,0,200,200
398663,5,30,2,12,0,1,9,6,0,0,0,5,0,1,7,7,12,12,0,200,200
398666,0,30,1,2,0,1,12,5,0,0,0,0,0,1,200,200,200,200,200,200,200
398666,0,30,1,2,0,1,12,5,0,0,0,0,0,1,7,0,0,0,0,200,200
398671,0,30,0,0,0,1,10,5,0,0,200,11,200,1,7,200,6,0,0,200,200
398671,0,30,0,0,0,1,10,5,0,0,200,11,200,1,6,0,0,0,0,200,200
398676,0,30,0,0,0,1,7,6,0,200,200,11,11,0,5,0,12,200,200,200,200
398676,1,30,0,0,0,1,7,6,0,200,200,11,11,1,5,200,200,200,200,200,200
398676,1,30,0,0,0,1,7,6,0,200,200,11,11,0,200,200,200,200,200,200,200
398676,1,30,0,0,0,1,7,6,0,200,200,11,11,1,200,200,200,200,200,200,200
398677,0,30,0,0,0,1,7,7,0,0,0,200,200,0,7,0,0,0,0,200,200
398677,1,30,0,0,0,1,7,7,0,0,0,200,200,1,200,200,200,200,200,200,200
398680,0,30,1,2,0,1,14,5,0,0,0,0,0,1,6,0,12,0,0,200,200
398680,0,30,1,2,0,1,14,5,0,0,0,0,0,0,6,0,0,0,0,200,200
398680,1,30,1,2,0,1,14,5,0,0,0,0,0,1,6,0,200,200,200,200,200
398680,1,30,1,2,0,1,14,5,0,0,0,0,0,1,0,0,200,200,200,200,200
398680,1,30,1,2,0,1,14,5,0,0,0,0,0,1,2,0,200,200,200,200,200
398680,1,30,1,2,0,1,14,5,0,0,0,0,0,0,1,0,200,200,200,200,200
398684,0,15,0,0,0,1,7,7,0,0,0,20,200,1,5,0,6,0,0,200,200
398685,0,15,0,0,0,1,7,200,0,0,200,21,0,0,5,200,7,200,200,200,200
398687,0,25,1,2,0,1,10,5,0,0,0,0,200,1,6,200,12,0,0,200,200
398687,0,25,1,2,0,1,10,5,0,0,0,0,200,1,6,200,0,0,0,200,200
398689,0,30,0,0,0,1,7,2,0,0,0,0,0,1,200,200,12,200,200,200,200
398690,0,30,0,0,0,1,10,5,3,0,0,18,200,0,200,200,3,200,200,200,200
398690,0,30,0,0,0,1,10,5,3,0,0,18,200,1,6,0,0,0,0,200,200
398690,1,30,0,0,0,1,10,5,3,0,0,18,200,0,6,0,200,200,200,200,200
398695,0,25,0,0,0,1,7,6,0,0,0,0,0,2,200,200,200,200,200,200,200
398697,0,30,1,2,0,1,10,5,0,0,0,18,200,0,200,200,3,200,200,200,200
398697,0,30,1,2,0,1,10,5,0,0,0,18,200,1,7,0,0,0,0,200,200
398703,0,30,0,0,0,200,7,6,0,0,200,0,200,2,200,200,200,200,200,200,200
398704,0,30,0,0,0,1,7,5,0,0,0,0,200,2,200,200,200,200,200,200,200
398705,0,30,0,0,0,0,7,5,0,200,0,0,0,2,200,200,200,200,200,200,200
398706,0,30,0,0,1,1,7,6,0,0,0,0,200,0,200,200,200,200,200,200,200
398707,0,30,0,0,0,1,11,5,0,0,0,0,200,2,200,200,200,200,200,200,200
398707,0,30,0,0,0,1,11,5,0,0,0,0,200,1,5,0,0,0,0,200,200
398715,0,30,0,0,0,1,10,2,0,0,0,18,11,1,6,200,3,0,0,200,200
398715,0,30,0,0,0,1,10,2,0,0,0,18,11,1,7,200,0,0,0,200,200
398715,1,30,0,0,0,1,10,2,0,0,0,18,11,0,3,200,200,200,200,200,200
398719,0,30,0,0,0,1,10,2,0,0,0,0,0,0,8,0,0,0,0,200,200
398719,0,30,0,0,0,1,10,2,0,0,0,0,0,0,5,0,0,0,0,200,200
398727,0,30,0,0,0,1,10,5,0,0,0,18,200,0,5,200,3,0,0,200,200
398727,0,30,0,0,0,1,10,5,0,0,0,18,200,1,6,200,0,0,0,200,200
398727,0,30,0,0,0,1,10,5,0,0,0,18,200,1,5,200,0,0,0,200,200
398727,1,30,0,0,0,1,10,5,0,0,0,18,200,1,4,200,200,200,200,200,200
398727,1,30,0,0,0,1,10,5,0,0,0,18,200,0,3,200,200,200,200,200,200
398727,1,30,0,0,0,1,10,5,0,0,0,18,200,1,1,200,200,200,200,200,200
398728,0,30,0,0,0,1,10,7,0,0,0,200,200,1,200,200,0,200,200,200,200
398728,0,30,0,0,0,1,10,7,0,0,0,200,200,1,7,0,0,0,0,200,200
398728,1,30,0,0,0,1,10,7,0,0,0,200,200,1,200,0,200,200,200,200,200
398732,0,30,0,0,0,1,7,5,0,0,0,0,200,0,9,200,12,200,200,200,200
398734,5,30,0,0,0,1,9,6,0,0,0,17,15,0,2,7,1,5,0,200,200
398734,0,30,0,0,0,1,9,6,0,0,0,17,15,2,200,200,2,200,200,200,200
398735,0,30,0,0,0,1,14,5,0,0,0,17,0,0,4,1,1,6,0,200,200
398735,0,30,0,0,0,1,14,5,0,0,0,17,0,1,6,200,0,200,200,200,200
398739,0,30,1,2,0,1,10,5,0,0,0,0,0,0,6,0,12,0,0,200,200
398739,0,30,1,2,0,1,10,5,0,0,0,0,0,1,5,0,0,0,0,200,200
398741,0,30,0,0,0,1,14,2,0,0,0,17,23,0,5,0,7,0,0,200,200
398741,0,30,0,0,0,1,14,2,0,0,0,17,23,0,6,0,0,0,0,200,200
398741,1,30,0,0,0,1,14,2,0,0,0,17,23,1,5,0,200,200,200,200,200
398741,1,30,0,0,0,1,14,2,0,0,0,17,23,0,5,0,200,200,200,200,200
398741,1,30,0,0,0,1,14,2,0,0,0,17,23,1,5,200,200,200,200,200,200
398741,1,30,0,0,0,1,14,2,0,0,0,17,23,0,6,200,200,200,200,200,200
398741,1,30,0,0,0,1,14,2,0,0,0,17,23,0,2,0,200,200,200,200,200
398741,1,30,0,0,0,1,14,2,0,0,0,17,23,1,1,0,200,200,200,200,200
398741,1,30,0,0,0,1,14,2,0,0,0,17,23,1,6,0,200,200,200,200,200
398744,0,30,1,2,0,1,10,5,0,0,0,18,11,0,0,200,3,0,0,200,200
398744,0,30,1,2,0,1,10,5,0,0,0,18,11,0,9,200,0,0,0,200,200
398744,1,30,1,2,0,1,10,5,0,0,0,18,11,0,200,200,200,200,200,200,200
398747,0,30,0,0,0,1,10,3,0,0,0,18,12,1,6,200,3,0,0,200,200
398747,0,30,0,0,0,1,10,3,0,0,0,18,12,0,6,0,0,0,0,200,200
398747,1,30,0,0,0,1,10,3,0,0,0,18,12,1,5,0,200,200,200,200,200
398748,0,15,0,0,0,3,7,6,0,0,0,0,0,2,200,200,200,200,200,200,200
398751,0,30,1,2,0,3,10,2,0,0,200,18,200,1,6,200,3,200,200,200,200
398751,0,30,1,2,0,3,10,2,0,0,200,18,200,0,5,200,0,200,200,200,200
398751,1,30,1,2,0,3,10,2,0,0,200,18,200,0,5,200,200,200,200,200,200
398752,0,30,0,0,0,1,7,6,0,0,200,0,0,2,200,200,200,200,200,200,200
398758,0,30,0,0,0,1,10,5,0,0,0,0,200,1,5,7,0,0,0,200,200
398758,0,30,0,0,0,1,10,5,0,0,0,0,200,1,8,7,0,0,0,200,200
398760,0,30,1,200,0,2,14,5,0,0,200,6,200,0,6,0,5,200,0,200,200
398760,0,30,1,200,0,2,14,5,0,0,200,6,200,0,4,0,0,200,0,200,200
398761,0,0,0,0,0,1,7,7,0,0,0,0,0,1,200,200,200,200,200,200,200
398765,0,30,0,0,0,1,3,6,0,0,0,20,20,2,200,200,6,200,200,200,200
398765,0,30,0,0,0,1,3,6,0,0,0,20,20,1,5,0,12,0,0,200,200
398767,0,30,0,0,0,3,10,5,0,0,0,0,0,0,5,0,3,0,0,200,200
398767,0,30,0,0,0,3,10,5,0,0,0,0,0,1,200,200,200,200,200,200,200
398767,0,30,0,0,0,3,10,5,0,0,0,0,0,0,200,200,200,200,200,200,200
398769,0,20,0,0,0,1,12,5,1,0,200,17,0,0,5,0,1,200,200,200,200
398769,0,20,0,0,0,1,12,5,1,0,200,17,0,1,6,0,0,0,200,200,200
398778,0,35,0,0,0,1,0,7,0,0,0,20,0,1,5,0,6,0,0,200,200
398778,0,35,0,0,0,1,0,7,0,0,0,20,0,0,5,0,0,0,0,200,200
398778,1,35,0,0,0,1,0,7,0,0,0,20,0,1,5,0,200,200,200,200,200
398788,0,30,2,2,0,1,10,5,0,0,0,18,16,0,0,200,3,0,0,200,200
398788,0,30,2,2,0,1,10,5,0,0,0,18,16,0,0,200,0,0,0,200,200
398788,1,30,2,2,0,1,10,5,0,0,0,18,16,1,5,200,200,200,200,200,200
398791,0,30,0,0,0,1,14,5,0,0,0,17,22,1,5,0,7,200,0,200,200
398791,0,30,0,0,0,1,14,5,0,0,0,17,22,1,5,0,0,0,0,200,200
398791,1,30,0,0,0,1,14,5,0,0,0,17,22,0,3,0,200,200,200,200,200
398791,1,30,0,0,0,1,14,5,0,0,0,17,22,1,7,0,200,200,200,200,200
398791,1,30,0,0,0,1,14,5,0,0,0,17,22,1,0,0,200,200,200,200,200
398797,0,30,0,0,0,1,10,5,0,0,0,18,16,0,9,0,3,200,0,200,200
398797,0,30,0,0,0,1,10,5,0,0,0,18,16,0,6,0,0,0,0,200,200
398797,1,30,0,0,0,1,10,5,0,0,0,18,16,1,6,0,200,200,200,200,200
398798,0,30,0,0,0,1,11,5,0,0,0,0,0,1,200,200,200,200,200,200,200
398798,0,30,0,0,0,1,11,5,0,0,0,0,0,1,5,0,0,0,0,200,200
398798,1,30,0,0,0,1,11,5,0,0,0,0,0,0,200,200,200,200,200,200,200
398798,1,30,0,0,0,1,11,5,0,0,0,0,0,1,4,0,200,200,200,200,200
398801,0,30,1,2,0,1,10,5,0,0,0,18,200,0,6,0,0,0,0,200,200
398801,0,30,1,2,0,1,10,5,0,0,0,18,200,0,6,0,3,0,0,200,200
398801,1,30,1,2,0,1,10,5,0,0,0,18,200,1,3,0,200,200,200,200,200
398801,1,30,1,2,0,1,10,5,0,0,0,18,200,1,7,0,200,200,200,200,200
398801,1,30,1,2,0,1,10,5,0,0,0,18,200,0,4,0,200,200,200,200,200
398801,1,30,1,2,0,1,10,5,0,0,0,18,200,1,4,0,200,200,200,200,200
398801,1,30,1,2,0,1,10,5,0,0,0,18,200,0,6,0,200,200,200,200,200
398804,0,30,1,2,0,1,8,12,0,0,0,0,200,1,200,200,3,200,200,200,200
398804,4,30,1,2,0,1,8,12,0,0,0,0,200,0,5,200,0,0,0,200,200
398814,0,30,1,2,200,3,12,3,0,200,0,22,200,2,200,200,4,200,200,200,200
398814,0,30,1,2,200,3,12,3,0,200,0,22,200,0,7,0,0,0,0,200,200
398816,0,30,1,2,0,1,14,5,0,200,200,23,22,0,7,0,7,200,0,200,200
398816,0,30,1,2,0,1,14,5,0,200,200,23,22,0,7,0,7,200,0,200,200
398819,0,30,1,2,0,1,14,5,0,0,0,22,200,0,7,200,2,0,0,200,200
398819,0,30,1,2,0,1,14,5,0,0,0,22,200,1,6,0,0,0,0,200,200
398823,4,30,2,200,0,1,8,5,0,0,200,23,0,0,3,2,7,200,0,200,200
398823,0,30,2,200,0,1,8,5,0,0,200,23,0,1,6,200,200,200,0,200,200
398824,0,30,0,0,0,1,14,5,0,0,0,33,0,2,200,200,7,200,200,200,200
398824,0,30,0,0,0,1,14,5,0,0,0,33,0,0,5,2,0,0,0,200,200
398827,0,5,0,0,2,1,7,7,0,0,0,20,35,0,7,200,6,200,0,200,200
398832,0,15,0,0,0,1,12,7,0,0,0,21,0,0,7,200,4,200,200,200,200
398832,0,15,0,0,0,1,12,7,0,0,0,21,0,1,5,0,0,0,0,200,200
398836,0,30,0,0,0,1,14,5,0,0,0,23,200,1,7,200,7,200,200,200,200
398836,0,30,0,0,0,1,14,5,0,0,0,23,200,0,5,0,0,0,0,200,200
398838,0,0,0,0,0,0,10,7,0,0,0,200,200,0,200,200,200,200,200,200,200
398838,0,0,0,0,0,0,10,7,0,0,0,200,200,0,5,0,0,0,0,200,200
398843,0,30,1,2,0,1,12,5,0,0,200,17,200,0,9,0,1,0,0,200,200
398843,0,30,1,2,0,1,12,5,0,0,200,17,200,0,8,0,0,0,0,200,200
398846,0,5,0,0,0,3,7,7,0,0,0,0,5,2,200,200,200,200,200,200,200
398850,0,30,1,2,0,1,14,5,0,0,0,23,200,1,200,0,7,200,200,200,200
398850,0,30,1,2,0,1,14,5,0,0,0,23,200,1,7,0,0,0,0,200,200
398865,0,35,0,0,0,1,10,5,0,0,0,18,18,0,5,200,3,200,0,200,200
398865,0,35,0,0,0,1,10,5,0,0,0,18,18,0,6,7,0,200,5,200,200
398865,1,35,0,0,0,1,10,5,0,0,0,18,18,1,200,0,200,200,200,200,200
398866,0,15,0,0,0,1,7,0,0,0,0,14,14,1,6,200,12,0,1,200,200
398868,0,30,2,200,0,1,0,5,0,0,0,0,200,0,200,200,200,200,200,200,200
398868,0,30,2,200,0,1,0,5,0,0,0,0,200,0,7,200,200,200,0,200,200
398869,0,25,2,2,0,1,14,5,0,0,0,17,200,1,5,200,1,0,0,200,200
398869,0,25,2,2,0,1,14,5,0,0,0,17,200,1,4,200,0,0,0,200,200
398872,0,30,1,2,0,1,14,3,0,0,0,17,17,0,7,0,0,0,0,200,200
398872,0,30,1,2,0,1,14,3,0,0,0,17,17,0,5,200,1,0,0,200,200
398881,0,35,0,0,0,1,12,5,0,0,0,0,0,0,4,0,0,0,0,200,200
398881,0,35,0,0,0,1,12,5,0,0,0,0,0,1,5,0,0,0,0,200,200
398889,0,30,1,2,0,1,12,5,0,0,200,17,200,1,6,0,12,200,200,200,200
398889,0,30,1,2,0,1,12,5,0,0,200,17,200,1,3,0,0,0,0,200,200
398889,1,30,1,2,0,1,12,5,0,0,200,17,200,1,3,0,200,200,200,200,200
398889,1,30,1,2,0,1,12,5,0,0,200,17,200,0,7,0,200,200,200,200,200
398889,1,30,1,2,0,1,12,5,0,0,200,17,200,0,2,0,200,200,200,200,200
398889,1,30,1,2,0,1,12,5,0,0,200,17,200,0,1,0,200,200,200,200,200
398889,1,30,1,2,0,1,12,5,0,0,200,17,200,0,0,0,200,200,200,200,200
398898,0,25,0,0,0,1,4,5,0,0,0,0,0,0,8,200,0,0,0,200,200