RD_NO,PERSON_TYPE,POSTED_SPEED_LIMIT,TRAFFIC_CONTROL_DEVICE,DEVICE_CONDITION,WEATHER_CONDITION,LIGHTING_CONDITION,FIRST_CRASH_TYPE,TRAFFICWAY_TYPE,ALIGNMENT,ROADWAY_SURFACE_COND,ROAD_DEFECT,PRIM_CONTRIBUTORY_CAUSE,SEC_CONTRIBUTORY_CAUSE,SEX,AGE,SAFETY_EQUIPMENT,DRIVER_ACTION,DRIVER_VISION,PHYSICAL_CONDITION,BAC_RESULT VALUE,CELL_PHONE_USE
398900,0,30,0,0,0,1,14,2,0,0,0,0,200,0,7,0,200,0,0,200,200
398900,0,30,0,0,0,1,14,2,0,0,0,0,200,0,7,0,0,0,0,200,200
398902,0,30,0,0,0,1,10,5,0,0,0,18,200,0,8,0,3,0,0,200,200
398902,0,30,0,0,0,1,10,5,0,0,0,18,200,1,7,0,0,0,0,200,200
398902,0,30,0,0,0,1,10,5,0,0,0,18,200,0,7,0,0,0,0,200,200
398903,0,5,0,0,200,200,7,7,0,200,200,0,200,2,200,200,12,200,200,200,200
398908,0,10,0,0,0,0,12,7,3,0,0,18,23,2,200,200,200,200,200,200,200
398908,0,10,0,0,0,0,12,7,3,0,0,18,23,0,6,0,0,0,0,200,200
398908,1,10,0,0,0,0,12,7,3,0,0,18,23,1,6,0,200,200,200,200,200
398909,0,35,0,0,200,200,14,5,0,200,200,200,200,0,200,200,200,200,200,200,200
398909,0,35,0,0,200,200,14,5,0,200,200,200,200,1,7,0,0,200,200,200,200
398909,1,35,0,0,200,200,14,5,0,200,200,200,200,1,200,200,200,200,200,200,200
398913,0,30,0,0,0,1,7,5,0,0,0,27,16,0,8,200,2,0,200,200,200
398913,1,30,0,0,0,1,7,5,0,0,0,27,16,0,6,1,200,200,200,200,200
398921,0,35,2,3,0,1,9,2,0,0,0,33,16,1,6,0,12,1,0,200,200
398921,5,35,2,3,0,1,9,2,0,0,0,33,16,1,9,7,0,0,0,200,200
398926,0,15,0,0,0,3,2,0,0,200,0,0,0,2,200,200,200,200,200,200,200
398928,0,0,0,0,0,1,0,7,0,0,0,0,0,1,7,200,200,200,0,200,200
398928,0,0,0,0,0,1,0,7,0,0,0,0,0,1,7,200,0,0,0,200,200
398933,0,30,0,0,0,1,14,2,0,0,0,17,22,1,5,200,1,0,0,200,200
398933,0,30,0,0,0,1,14,2,0,0,0,17,22,0,6,200,0,0,0,200,200
398934,0,30,0,0,0,1,8,5,0,0,0,0,0,0,200,0,12,0,0,200,200
398934,4,30,0,0,0,1,8,5,0,0,0,0,0,0,200,7,1,0,0,200,200
398934,1,30,0,0,0,1,8,5,0,0,0,0,0,0,200,0,200,200,200,200,200
398936,0,30,0,0,0,3,2,5,0,0,0,0,0,2,200,200,200,200,200,200,200
398940,0,30,0,0,0,1,10,5,0,0,0,0,0,1,200,200,200,200,200,200,200
398940,0,30,0,0,0,1,10,5,0,0,0,0,0,0,6,0,0,0,0,200,200
398940,1,30,0,0,0,1,10,5,0,0,0,0,0,0,6,0,200,200,200,200,200
398942,0,5,0,0,0,1,7,7,0,0,0,20,200,0,7,7,6,200,0,200,200
398945,0,30,0,0,0,1,0,5,0,0,0,33,0,0,6,200,200,3,0,200,200
398945,0,30,0,0,0,1,0,5,0,0,0,33,0,0,7,200,0,0,0,200,200
398953,0,30,0,0,0,1,7,6,0,0,0,0,0,0,200,200,200,200,200,200,200
398955,0,30,2,2,0,1,0,2,0,0,0,0,0,1,6,0,0,0,0,200,200
398955,0,30,2,2,0,1,0,2,0,0,0,0,0,0,200,200,200,200,200,200,200
398957,0,30,0,0,0,1,7,5,0,0,0,11,11,1,6,0,8,0,0,200,200
398959,0,30,0,0,0,1,12,3,0,0,0,22,200,0,7,200,4,0,0,200,200
398959,0,30,0,0,0,1,12,3,0,0,0,22,200,0,5,200,0,0,0,200,200
398959,1,30,0,0,0,1,12,3,0,0,0,22,200,1,5,200,200,200,200,200,200
398964,0,30,0,0,0,1,12,5,0,0,0,21,17,0,6,200,4,200,200,200,200
398964,0,30,0,0,0,1,12,5,0,0,0,21,17,0,6,0,0,0,0,200,200
398973,0,30,0,0,0,1,14,5,0,200,200,23,22,0,6,0,7,200,0,200,200
398973,0,30,0,0,0,1,14,5,0,200,200,23,22,0,6,0,3,200,0,200,200
398973,1,30,0,0,0,1,14,5,0,200,200,23,22,0,200,0,200,200,200,200,200
398973,1,30,0,0,0,1,14,5,0,200,200,23,22,0,200,0,200,200,200,200,200
398973,1,30,0,0,0,1,14,5,0,200,200,23,22,0,200,0,200,200,200,200,200
398978,0,30,1,2,0,1,2,5,0,0,0,27,200,0,7,200,12,200,4,200,200
398978,1,30,1,2,0,1,2,5,0,0,0,27,200,1,3,200,200,200,200,200,200
398982,0,35,0,2,0,1,0,5,0,0,0,17,0,0,6,200,1,200,200,200,200
398982,0,35,0,2,0,1,0,5,0,0,0,17,0,1,6,0,0,0,0,200,200
398983,0,30,12,12,0,1,9,5,0,0,0,25,0,1,200,0,1,200,1,200,200
398983,5,30,12,12,0,1,9,5,0,0,0,25,0,1,6,0,0,12,1,200,200
398983,1,30,12,12,0,1,9,5,0,0,0,25,0,1,6,0,200,200,200,200,200
398984,0,30,0,200,0,1,10,5,0,0,200,18,0,0,6,200,3,200,0,200,200
398984,0,30,0,200,0,1,10,5,0,0,200,18,0,0,4,200,0,200,0,200,200
398991,0,35,0,0,0,1,7,5,0,0,0,20,0,2,200,200,200,200,200,200,200
398994,0,30,1,2,0,1,10,2,2,0,0,16,32,0,6,200,12,200,5,200,200
398994,0,30,1,2,0,1,10,2,2,0,0,16,32,0,200,200,0,0,0,200,200
398994,0,30,1,2,0,1,10,2,2,0,0,16,32,1,200,200,0,0,0,200,200
398994,0,30,1,2,0,1,10,2,2,0,0,16,32,1,3,200,0,0,0,200,200
398994,0,30,1,2,0,1,10,2,2,0,0,16,32,1,7,200,0,0,0,200,200
398994,0,30,1,2,0,1,10,2,2,0,0,16,32,0,200,200,0,0,0,200,200
398994,1,30,1,2,0,1,10,2,2,0,0,16,32,0,6,200,200,200,200,200,200
398994,1,30,1,2,0,1,10,2,2,0,0,16,32,0,3,200,200,200,200,200,200
398994,1,30,1,2,0,1,10,2,2,0,0,16,32,1,3,200,200,200,200,200,200
398994,1,30,1,2,0,1,10,2,2,0,0,16,32,0,3,200,200,200,200,200,200
398994,1,30,1,2,0,1,10,2,2,0,0,16,32,0,3,200,200,200,200,200,200
398994,1,30,1,2,0,1,10,2,2,0,0,16,32,0,3,200,200,200,200,200,200
398994,1,30,1,2,0,1,10,2,2,0,0,16,32,0,2,200,200,200,200,200,200
398994,1,30,1,2,0,1,10,2,2,0,0,16,32,0,2,200,200,200,200,200,200
398994,1,30,1,2,0,1,10,2,2,0,0,16,32,1,200,200,200,200,200,200,200
398995,0,30,0,0,0,1,12,5,0,0,200,8,8,1,200,200,12,200,200,200,200
398995,0,30,0,0,0,1,12,5,0,0,200,8,8,1,5,0,0,200,0,200,200
398996,0,30,0,200,0,1,7,5,0,0,0,11,0,0,4,200,200,0,0,200,200
398997,0,30,1,2,0,1,10,5,0,0,0,18,16,0,200,200,3,200,200,200,200
398997,0,30,1,2,0,1,10,5,0,0,0,18,16,1,200,0,0,0,0,200,200
398997,1,30,1,2,0,1,10,5,0,0,0,18,16,0,200,0,200,200,200,200,200
398997,1,30,1,2,0,1,10,5,0,0,0,18,16,0,200,0,200,200,200,200,200
398997,1,30,1,2,0,1,10,5,0,0,0,18,16,1,200,0,200,200,200,200,200
399001,0,0,0,0,0,1,7,7,0,0,0,0,0,1,200,200,200,200,200,200,200
399005,0,10,0,0,0,1,0,7,0,0,0,17,17,1,3,0,1,0,0,200,200
399005,0,10,0,0,0,1,0,7,0,0,0,17,17,1,6,0,0,0,0,200,200
399005,1,10,0,0,0,1,0,7,0,0,0,17,17,1,3,0,200,200,200,200,200
399005,1,10,0,0,0,1,0,7,0,0,0,17,17,1,200,0,200,200,200,200,200
399007,0,20,0,0,0,1,7,6,0,0,3,11,200,0,7,0,10,0,0,200,200
399007,1,20,0,0,0,1,7,6,0,0,3,11,200,0,6,200,200,200,200,200,200
399009,0,15,200,200,0,1,10,12,0,200,12,0,200,0,200,200,200,200,200,200,200
399009,0,15,200,200,0,1,10,12,0,200,12,0,200,1,6,200,200,200,200,200,200
399009,1,15,200,200,0,1,10,12,0,200,12,0,200,0,1,200,200,200,200,200,200
399010,0,30,1,200,0,1,14,5,0,0,0,11,0,0,6,0,7,200,0,200,200
399010,0,30,1,200,0,1,14,5,0,0,0,11,0,0,5,0,0,0,0,200,200
399011,0,30,2,2,0,1,0,5,0,0,0,17,200,0,7,200,1,0,0,200,200
399011,0,30,2,2,0,1,0,5,0,0,0,17,200,0,5,0,0,0,0,200,200
399014,0,30,1,2,0,1,2,5,0,0,0,0,0,1,6,200,0,200,0,200,200
399014,0,30,1,2,0,1,2,5,0,0,0,0,0,2,200,200,200,200,200,200,200
399015,0,30,2,2,0,1,14,5,0,0,0,17,23,0,6,200,1,200,200,200,200
399015,0,30,2,2,0,1,14,5,0,0,0,17,23,1,8,200,0,0,0,200,200
399015,1,30,2,2,0,1,14,5,0,0,0,17,23,2,200,200,200,200,200,200,200
399019,0,25,1,2,0,1,10,5,0,0,0,0,200,0,6,200,12,0,0,200,200
399019,0,25,1,2,0,1,10,5,0,0,0,0,200,0,6,7,0,0,0,200,200
399025,0,30,1,2,0,1,10,2,0,0,0,18,18,2,200,200,200,200,200,200,200
399025,0,30,1,2,0,1,10,2,0,0,0,18,18,0,6,0,12,0,0,200,200
399026,4,30,1,2,0,1,8,5,2,0,0,0,200,0,6,200,12,0,0,200,200
399026,0,30,1,2,0,1,8,5,2,0,0,0,200,0,6,200,0,12,0,200,200
399035,0,30,1,2,0,1,10,5,0,0,0,0,0,0,7,0,0,0,0,200,200
399035,0,30,1,2,0,1,10,5,0,0,0,0,0,1,7,0,0,0,0,200,200
399035,1,30,1,2,0,1,10,5,0,0,0,0,0,0,200,0,200,200,200,200,200
399036,0,30,0,0,0,2,7,6,0,0,200,0,200,1,4,200,1,200,0,200,200
399037,0,25,2,2,0,1,12,5,0,0,0,21,11,1,7,0,4,0,0,200,200
399037,0,25,2,2,0,1,12,5,0,0,0,21,11,0,4,0,12,0,0,200,200
399042,0,30,1,2,0,1,10,2,0,0,0,16,200,1,200,200,5,200,200,200,200
399042,0,30,1,2,0,1,10,2,0,0,0,16,200,1,6,0,0,0,0,200,200
399042,1,30,1,2,0,1,10,2,0,0,0,16,200,1,200,200,200,200,200,200,200
399042,1,30,1,2,0,1,10,2,0,0,0,16,200,0,200,200,200,200,200,200,200
399046,0,30,0,0,0,1,7,6,0,0,0,0,200,1,6,0,200,0,0,200,200
399047,0,45,0,0,0,1,10,3,0,200,200,25,18,0,200,200,3,200,200,200,200
399047,0,45,0,0,0,1,10,3,0,200,200,25,18,1,6,0,200,200,0,200,200
399047,1,45,0,0,0,1,10,3,0,200,200,25,18,0,200,200,200,200,200,200,200
399047,1,45,0,0,0,1,10,3,0,200,200,25,18,1,8,0,200,200,200,200,200
399047,1,45,0,0,0,1,10,3,0,200,200,25,18,1,5,0,200,200,200,200,200
399049,0,35,0,0,0,1,10,5,0,0,0,16,18,0,8,0,3,0,0,200,200
399049,0,35,0,0,0,1,10,5,0,0,0,16,18,0,8,0,0,0,0,200,200
399052,0,30,1,2,0,1,14,2,0,0,0,17,200,0,4,0,1,0,0,200,200
399052,0,30,1,2,0,1,14,2,0,0,0,17,200,1,4,0,1,0,0,200,200
399052,0,30,1,2,0,1,14,2,0,0,0,17,200,0,8,0,0,0,0,200,200
399054,0,30,1,200,0,1,12,3,0,0,200,22,0,0,6,0,4,200,0,200,200
399054,0,30,1,200,0,1,12,3,0,0,200,22,0,1,7,0,0,0,0,200,200
399054,1,30,1,200,0,1,12,3,0,0,200,22,0,200,200,0,200,200,200,200,200
399054,1,30,1,200,0,1,12,3,0,0,200,22,0,1,8,0,200,200,200,200,200
399057,0,30,0,0,0,1,12,5,0,0,0,0,0,2,200,200,200,200,200,200,200
399057,0,30,0,0,0,1,12,5,0,0,0,0,0,0,4,0,200,0,0,200,200
399057,1,30,0,0,0,1,12,5,0,0,0,0,0,0,200,0,200,200,200,200,200
399057,1,30,0,0,0,1,12,5,0,0,0,0,0,0,4,0,200,200,200,200,200
399057,1,30,0,0,0,1,12,5,0,0,0,0,0,0,4,0,200,200,200,200,200
399057,1,30,0,0,0,1,12,5,0,0,0,0,0,0,200,0,200,200,200,200,200
399058,0,30,0,0,0,1,7,5,0,0,0,0,0,0,200,0,8,200,200,200,200
399065,0,35,0,0,0,1,7,5,0,0,0,14,0,1,200,200,8,0,0,200,200
399066,0,30,0,0,0,1,12,5,0,0,0,21,14,1,200,200,8,200,200,200,200
399066,0,30,0,0,0,1,12,5,0,0,0,21,14,0,5,200,4,0,0,200,200
399066,1,30,0,0,0,1,12,5,0,0,0,21,14,1,5,200,200,200,200,200,200
399068,0,30,0,0,0,1,7,5,0,0,0,0,0,0,200,200,200,200,200,200,200
399074,0,30,0,0,0,1,10,5,0,0,0,18,16,0,200,200,3,0,0,200,200
399074,0,30,0,0,0,1,10,5,0,0,0,18,16,0,200,0,0,0,0,200,200
399074,1,30,0,0,0,1,10,5,0,0,0,18,16,1,200,0,200,200,200,200,200
399078,0,35,0,200,0,1,7,5,0,0,0,20,200,0,6,200,6,200,0,200,200
399078,1,35,0,200,0,1,7,5,0,0,0,20,200,1,7,200,200,200,200,200,200
399081,0,20,0,0,0,1,7,5,0,0,0,11,0,1,200,200,10,0,200,200,200
399082,0,25,0,0,0,1,7,5,0,0,0,0,200,1,6,200,200,200,200,200,200
399084,0,30,0,0,0,1,0,7,0,0,200,20,200,1,7,200,6,200,200,200,200
399084,0,30,0,0,0,1,0,7,0,0,200,20,200,1,6,200,0,200,200,200,200
399087,0,35,200,200,0,1,10,5,0,0,0,0,200,0,200,0,200,200,0,200,200
399087,0,35,200,200,0,1,10,5,0,0,0,0,200,1,200,7,200,200,0,200,200
399090,0,10,0,0,0,1,7,7,0,0,0,0,200,0,6,0,12,0,0,200,200
399109,0,30,0,0,0,1,10,5,0,0,0,27,16,1,6,0,1,0,1,200,200
399109,0,30,0,0,0,1,10,5,0,0,0,27,16,1,6,0,0,0,0,200,200
399109,0,30,0,0,0,1,10,5,0,0,0,27,16,0,6,0,0,0,0,200,200
399109,1,30,0,0,0,1,10,5,0,0,0,27,16,1,2,0,200,200,200,200,200
399109,1,30,0,0,0,1,10,5,0,0,0,27,16,1,2,0,200,200,200,200,200
399109,1,30,0,0,0,1,10,5,0,0,0,27,16,1,5,0,200,200,200,200,200
399109,1,30,0,0,0,1,10,5,0,0,0,27,16,1,200,0,200,200,200,200,200
399109,1,30,0,0,0,1,10,5,0,0,0,27,16,0,200,0,200,200,200,200,200
399109,1,30,0,0,0,1,10,5,0,0,0,27,16,0,2,0,200,200,200,200,200
399109,1,30,0,0,0,1,10,5,0,0,0,27,16,1,2,0,200,200,200,200,200
399110,0,30,0,0,0,1,10,3,0,0,0,0,0,0,200,0,3,0,0,200,200
399110,0,30,0,0,0,1,10,3,0,0,0,0,0,0,200,0,0,0,0,200,200
399110,1,30,0,0,0,1,10,3,0,0,0,0,0,1,200,0,200,200,200,200,200
399112,0,30,0,0,0,1,7,5,0,0,0,17,0,0,200,200,0,200,200,200,200
399112,1,30,0,0,0,1,7,5,0,0,0,17,0,1,200,200,200,200,200,200,200
399113,0,30,1,2,0,1,10,5,0,0,0,0,200,0,200,200,200,200,200,200,200
399113,0,30,1,2,0,1,10,5,0,0,0,0,200,0,7,1,0,0,0,200,200
399113,0,30,1,2,0,1,10,5,0,0,0,0,200,0,7,0,0,0,0,200,200
399113,1,30,1,2,0,1,10,5,0,0,0,0,200,1,7,0,200,200,200,200,200
399113,1,30,1,2,0,1,10,5,0,0,0,0,200,1,7,0,200,200,200,200,200
399115,0,30,0,0,0,1,10,2,0,0,0,18,16,0,6,200,3,0,0,200,200
399115,0,30,0,0,0,1,10,2,0,0,0,18,16,0,5,200,0,0,0,200,200
399115,1,30,0,0,0,1,10,2,0,0,0,18,16,0,5,200,200,200,200,200,200
399117,0,25,0,0,0,1,10,5,0,0,0,18,200,0,4,0,3,0,0,200,200
399117,0,25,0,0,0,1,10,5,0,0,0,18,200,0,5,0,0,0,0,200,200
399117,0,25,0,0,0,1,10,5,0,0,0,18,200,0,6,0,0,0,0,200,200
399117,1,25,0,0,0,1,10,5,0,0,0,18,200,1,5,0,200,200,200,200,200
399117,1,25,0,0,0,1,10,5,0,0,0,18,200,1,4,0,200,200,200,200,200
399118,1,30,2,0,0,1,9,5,0,0,200,23,0,200,200,200,200,200,200,200,200
399118,0,30,2,0,0,1,9,5,0,0,200,23,0,1,200,200,7,200,200,200,200
399118,5,30,2,0,0,1,9,5,0,0,200,23,0,1,5,200,0,200,0,200,200
399120,0,30,1,2,0,1,14,5,0,0,0,0,0,1,200,200,7,200,200,200,200
399120,0,30,1,2,0,1,14,5,0,0,0,0,0,1,6,0,0,0,0,200,200
399131,0,30,0,0,0,3,7,5,0,0,0,0,0,0,200,200,200,200,200,200,200
399131,1,30,0,0,0,3,7,5,0,0,0,0,0,0,6,0,200,200,200,200,200
399133,0,30,0,0,200,200,7,6,0,200,200,0,200,2,200,200,200,200,200,200,200
399136,1,30,1,2,0,1,12,2,0,0,0,21,200,1,200,200,200,200,200,200,200
399136,0,30,1,2,0,1,12,2,0,0,0,21,200,2,200,200,200,200,200,200,200
399136,0,30,1,2,0,1,12,2,0,0,0,21,200,0,0,0,200,0,0,200,200
399139,0,30,1,2,0,1,14,5,0,0,0,0,0,1,5,200,200,200,0,200,200
399139,0,30,1,2,0,1,14,5,0,0,0,0,0,0,6,200,0,0,0,200,200
399141,0,15,0,0,0,1,2,0,0,0,0,8,200,0,6,200,14,0,0,200,200
399146,0,30,1,200,0,1,10,6,0,0,200,0,0,1,5,0,200,200,200,200,200
399146,0,30,1,200,0,1,10,6,0,0,200,0,0,1,7,0,200,200,200,200,200
399146,0,30,1,200,0,1,10,6,0,0,200,0,0,1,6,0,200,200,200,200,200
399146,1,30,1,200,0,1,10,6,0,0,200,0,0,0,200,200,200,200,200,200,200
399152,0,30,2,2,0,1,12,2,0,0,0,11,11,1,5,200,12,0,0,200,200
399152,0,30,2,2,0,1,12,2,0,0,0,11,11,0,6,200,0,0,0,200,200
399154,0,25,0,0,0,1,0,2,0,0,0,17,200,0,200,200,0,200,200,200,200
399154,0,25,0,0,0,1,0,2,0,0,0,17,200,0,5,0,0,0,0,200,200
399154,1,25,0,0,0,1,0,2,0,0,0,17,200,1,200,200,200,200,200,200,200
399154,1,25,0,0,0,1,0,2,0,0,0,17,200,0,200,200,200,200,200,200,200
399154,1,25,0,0,0,1,0,2,0,0,0,17,200,0,6,0,200,200,200,200,200
399161,0,30,0,0,0,4,7,6,0,0,0,200,200,0,0,200,12,200,0,200,200
399175,0,30,2,2,0,3,10,2,0,0,0,18,200,1,6,0,3,0,0,200,200
399175,0,30,2,2,0,3,10,2,0,0,0,18,200,1,6,0,0,0,0,200,200
399177,0,30,0,0,0,2,10,7,0,0,0,200,200,1,200,200,0,200,200,200,200
399177,0,30,0,0,0,2,10,7,0,0,0,200,200,1,6,0,0,0,0,200,200
399180,0,30,0,0,0,1,10,5,0,0,0,20,200,0,6,200,6,200,200,200,200
399180,0,30,0,0,0,1,10,5,0,0,0,20,200,0,7,0,0,0,0,200,200
399180,1,30,0,0,0,1,10,5,0,0,0,20,200,0,9,0,200,200,200,200,200
399180,1,30,0,0,0,1,10,5,0,0,0,20,200,1,7,0,200,200,200,200,200
399181,0,30,0,0,0,4,12,5,0,0,0,21,11,0,6,0,2,0,0,200,200
399181,0,30,0,0,0,4,12,5,0,0,0,21,11,0,8,0,4,0,0,200,200
399185,0,30,1,2,0,1,10,5,0,0,0,18,16,0,6,200,3,200,200,200,200
399185,0,30,1,2,0,1,10,5,0,0,0,18,16,0,6,200,0,0,0,200,200
399185,1,30,1,2,0,1,10,5,0,0,0,18,16,1,6,200,200,200,200,200,200
399185,1,30,1,2,0,1,10,5,0,0,0,18,16,1,1,200,200,200,200,200,200
399185,1,30,1,2,0,1,10,5,0,0,0,18,16,1,3,200,200,200,200,200,200
399185,1,30,1,2,0,1,10,5,0,0,0,18,16,1,200,200,200,200,200,200,200
399185,1,30,1,2,0,1,10,5,0,0,0,18,16,0,2,200,200,200,200,200,200
399185,1,30,1,2,0,1,10,5,0,0,0,18,16,0,2,200,200,200,200,200,200
399192,0,35,0,0,0,1,12,5,0,0,0,21,16,1,5,0,4,0,0,200,200
399192,0,35,0,0,0,1,12,5,0,0,0,21,16,0,4,0,4,0,0,200,200
399192,1,35,0,0,0,1,12,5,0,0,0,21,16,1,200,200,200,200,200,200,200
399202,0,30,0,0,0,4,12,5,0,0,0,200,200,0,200,200,0,200,200,200,200
399202,0,30,0,0,0,4,12,5,0,0,0,200,200,1,5,1,0,0,0,200,200
399202,1,30,0,0,0,4,12,5,0,0,0,200,200,1,200,0,200,200,200,200,200
399202,1,30,0,0,0,4,12,5,0,0,0,200,200,2,200,0,200,200,200,200,200
399203,0,30,1,200,0,1,10,5,0,200,200,18,16,1,6,200,1,200,200,200,200
399203,0,30,1,200,0,1,10,5,0,200,200,18,16,0,7,200,0,0,0,200,200
399205,0,45,0,0,0,3,10,3,0,0,0,21,200,0,6,200,4,0,0,200,200
399205,0,45,0,0,0,3,10,3,0,0,0,21,200,0,8,200,0,0,0,200,200
399209,0,30,1,2,0,1,10,5,0,0,0,18,16,0,7,200,3,0,200,200,200
399209,0,30,1,2,0,1,10,5,0,0,0,18,16,1,7,200,0,0,0,200,200
399209,0,30,1,2,0,1,10,5,0,0,0,18,16,2,200,200,0,200,200,200,200
399212,0,25,0,0,0,1,7,6,0,0,0,0,200,2,200,200,200,200,200,200,200
399218,0,30,0,0,0,1,7,5,0,0,0,0,200,2,200,200,200,200,200,200,200
399223,0,30,0,0,0,1,10,2,0,0,0,18,200,0,8,200,3,0,200,200,200
399223,0,30,0,0,0,1,10,2,0,0,0,18,200,0,6,0,0,0,0,200,200
399225,0,30,1,2,0,3,10,5,0,0,0,18,200,0,6,0,3,0,0,200,200
399225,0,30,1,2,0,3,10,5,0,0,0,18,200,0,8,0,0,0,0,200,200
399225,1,30,1,2,0,3,10,5,0,0,0,18,200,0,7,0,200,200,200,200,200
399231,0,30,2,2,0,1,0,5,0,0,0,17,200,0,200,200,0,200,200,200,200
399231,0,30,2,2,0,1,0,5,0,0,0,17,200,0,200,0,1,0,0,200,200
399233,0,30,0,0,0,1,7,5,0,0,0,200,200,0,200,200,0,200,200,200,200
399233,1,30,0,0,0,1,7,5,0,0,0,200,200,1,200,200,200,200,200,200,200
399236,0,30,2,2,0,3,10,5,0,0,0,18,0,0,5,0,3,0,0,200,200
399236,0,30,2,2,0,3,10,5,0,0,0,18,0,0,6,0,12,0,0,200,200
399236,1,30,2,2,0,3,10,5,0,0,0,18,0,1,6,0,200,200,200,200,200
399236,1,30,2,2,0,3,10,5,0,0,0,18,0,1,4,0,200,200,200,200,200
399240,0,35,12,12,0,3,3,2,0,0,0,200,200,0,200,200,12,200,200,200,200
399240,0,35,12,12,0,3,3,2,0,0,0,200,200,0,5,0,12,0,0,200,200
399240,1,35,12,12,0,3,3,2,0,0,0,200,200,0,200,200,200,200,200,200,200
399240,1,35,12,12,0,3,3,2,0,0,0,200,200,0,200,200,200,200,200,200,200
399240,1,35,12,12,0,3,3,2,0,0,0,200,200,0,200,200,200,200,200,200,200
399240,1,35,12,12,0,3,3,2,0,0,0,200,200,0,200,0,200,200,200,200,200
399244,0,30,200,200,200,4,7,5,2,200,200,200,0,0,7,200,200,200,200,200,200
399247,0,30,0,0,0,3,7,7,0,0,0,25,200,1,7,0,13,0,0,200,200
399253,0,5,0,0,0,1,7,0,0,0,0,0,200,2,200,200,200,200,200,200,200
399257,0,30,0,0,0,4,0,6,0,0,3,17,0,1,5,0,1,0,0,200,200
399257,0,30,0,0,0,4,0,6,0,0,3,17,0,1,5,0,0,0,0,200,200
399257,1,30,0,0,0,4,0,6,0,0,3,17,0,0,5,0,200,200,200,200,200
399257,1,30,0,0,0,4,0,6,0,0,3,17,0,1,200,0,200,200,200,200,200
399257,1,30,0,0,0,4,0,6,0,0,3,17,0,1,200,0,200,200,200,200,200
399264,0,20,0,0,0,3,10,5,0,0,0,20,200,0,5,200,6,200,200,200,200
399264,0,20,0,0,0,3,10,5,0,0,0,20,200,0,5,200,12,200,0,200,200
399269,0,30,2,2,0,1,0,5,0,0,0,0,0,0,6,0,200,0,0,200,200
399269,0,30,2,2,0,1,0,5,0,0,0,0,0,1,5,0,200,0,0,200,200
399269,1,30,2,2,0,1,0,5,0,0,0,0,0,0,2,0,200,200,200,200,200
399269,1,30,2,2,0,1,0,5,0,0,0,0,0,1,0,0,200,200,200,200,200
399269,1,30,2,2,0,1,0,5,0,0,0,0,0,0,0,0,200,200,200,200,200
399270,0,30,0,0,0,1,12,5,0,0,0,0,0,1,6,0,12,0,0,200,200
399270,0,30,0,0,0,1,12,5,0,0,0,0,0,0,7,0,12,0,0,200,200
399271,0,15,0,0,200,1,0,7,0,0,0,17,17,1,4,200,6,200,200,200,200
399271,0,15,0,0,200,1,0,7,0,0,0,17,17,1,5,200,12,0,200,200,200
399275,0,15,0,0,0,3,10,7,0,0,0,18,200,1,7,0,0,0,0,200,200
399275,0,15,0,0,0,3,10,7,0,0,0,18,200,1,6,0,8,0,0,200,200
399275,1,15,0,0,0,3,10,7,0,0,0,18,200,0,200,0,200,200,200,200,200
399275,1,15,0,0,0,3,10,7,0,0,0,18,200,0,200,0,200,200,200,200,200
399275,1,15,0,0,0,3,10,7,0,0,0,18,200,0,200,0,200,200,200,200,200
399275,1,15,0,0,0,3,10,7,0,0,0,18,200,1,200,0,200,200,200,200,200
399275,1,15,0,0,0,3,10,7,0,0,0,18,200,1,200,0,200,200,200,200,200
399280,0,30,1,2,0,3,14,5,0,0,0,0,0,1,6,200,12,0,0,200,200
399280,0,30,1,2,0,3,14,5,0,0,0,0,0,1,6,200,12,0,0,200,200
399282,0,30,0,0,0,3,10,5,0,0,0,18,0,0,7,200,3,0,0,200,200
399282,0,30,0,0,0,3,10,5,0,0,0,18,0,1,6,200,0,0,0,200,200
399283,0,30,0,0,5,3,7,5,2,0,200,25,0,2,200,200,200,200,200,200,200
399288,0,30,0,0,0,0,10,5,0,0,0,18,200,0,200,200,3,200,200,200,200
399288,0,30,0,0,0,0,10,5,0,0,0,18,200,0,6,200,0,0,0,200,200
399288,1,30,0,0,0,0,10,5,0,0,0,18,200,0,3,0,200,200,200,200,200
399288,1,30,0,0,0,0,10,5,0,0,0,18,200,200,200,200,200,200,200,200,200
399295,0,15,0,0,0,0,7,6,0,0,0,0,200,2,200,200,200,200,200,200,200
399299,0,30,1,2,0,3,10,5,0,0,0,0,0,0,6,0,3,0,0,200,200
399299,0,30,1,2,0,3,10,5,0,0,0,0,0,0,5,0,0,0,0,200,200
399300,0,30,0,0,0,3,7,5,0,0,200,0,200,2,200,200,200,200,200,200,200