RD_NO,PERSON_TYPE,POSTED_SPEED_LIMIT,TRAFFIC_CONTROL_DEVICE,DEVICE_CONDITION,WEATHER_CONDITION,LIGHTING_CONDITION,FIRST_CRASH_TYPE,TRAFFICWAY_TYPE,ALIGNMENT,ROADWAY_SURFACE_COND,ROAD_DEFECT,PRIM_CONTRIBUTORY_CAUSE,SEC_CONTRIBUTORY_CAUSE,SEX,AGE,SAFETY_EQUIPMENT,DRIVER_ACTION,DRIVER_VISION,PHYSICAL_CONDITION,BAC_RESULT VALUE,CELL_PHONE_USE
399301,0,30,1,2,0,3,10,2,0,0,0,18,14,0,200,200,3,200,200,200,200
399301,0,30,1,2,0,3,10,2,0,0,0,18,14,0,6,200,0,0,0,200,200
399301,1,30,1,2,0,3,10,2,0,0,0,18,14,0,6,200,200,200,200,200,200
399301,1,30,1,2,0,3,10,2,0,0,0,18,14,1,3,200,200,200,200,200,200
399306,0,30,0,0,0,3,7,6,0,0,0,20,200,0,200,200,6,200,200,200,200
399308,0,30,1,2,0,3,10,5,0,200,200,0,200,1,200,200,200,200,200,200,200
399308,0,30,1,2,0,3,10,5,0,200,200,0,200,0,7,0,0,0,0,200,200
399308,1,30,1,2,0,3,10,5,0,200,200,0,200,1,200,200,200,200,200,200,200
399308,1,30,1,2,0,3,10,5,0,200,200,0,200,1,200,200,200,200,200,200,200
399313,0,30,1,2,0,3,12,2,0,0,0,18,22,0,200,200,2,200,200,200,200
399313,0,30,1,2,0,3,12,2,0,0,0,18,22,1,6,0,12,0,0,200,200
399314,0,30,0,0,0,3,7,5,0,0,0,14,7,1,200,200,8,200,200,200,0
399318,0,30,1,2,0,3,0,2,0,0,0,6,16,0,7,200,5,200,200,200,200
399318,0,30,1,2,0,3,0,2,0,0,0,6,16,2,200,200,200,200,200,200,200
399318,0,30,1,2,0,3,0,2,0,0,0,6,16,0,6,0,0,0,0,200,200
399324,0,30,200,200,0,4,12,5,0,0,0,0,0,0,200,200,200,200,200,200,200
399324,0,30,200,200,0,4,12,5,0,0,0,0,0,0,200,200,200,0,0,200,200
399324,1,30,200,200,0,4,12,5,0,0,0,0,0,0,6,200,200,200,200,200,200
399326,0,30,1,2,0,3,14,5,0,0,0,23,21,0,7,200,0,0,0,200,200
399326,0,30,1,2,0,3,14,5,0,0,0,23,21,0,7,7,0,0,0,200,200
399330,0,30,1,200,0,3,10,5,0,0,0,18,16,0,200,200,200,200,200,200,200
399330,0,30,1,200,0,3,10,5,0,0,0,18,16,0,5,200,12,200,0,200,200
399335,0,30,0,0,0,3,0,5,0,0,0,16,0,0,200,200,1,200,0,200,200
399335,0,30,0,0,0,3,0,5,0,0,0,16,0,0,5,0,0,0,0,200,200
399355,0,30,0,0,0,3,7,5,0,0,0,22,22,0,6,0,4,0,0,200,200
399356,0,20,1,2,0,200,7,7,0,0,0,25,11,2,200,200,200,200,200,200,200
399363,0,30,1,2,0,3,10,5,0,0,0,0,0,0,5,200,200,200,200,200,200
399363,0,30,1,2,0,3,10,5,0,0,0,0,0,0,6,0,0,0,0,200,200
399367,0,5,0,0,0,1,11,7,0,0,0,0,200,0,6,0,0,200,200,200,200
399367,0,5,0,0,0,1,11,7,0,0,0,0,200,0,6,0,0,200,0,200,200
399367,1,5,0,0,0,1,11,7,0,0,0,0,200,1,6,0,200,200,200,200,200
399367,1,5,0,0,0,1,11,7,0,0,0,0,200,0,3,5,200,200,200,200,200
399367,1,5,0,0,0,1,11,7,0,0,0,0,200,1,0,5,200,200,200,200,200
399367,1,5,0,0,0,1,11,7,0,0,0,0,200,0,2,5,200,200,200,200,200
399371,0,30,200,200,0,4,12,5,0,0,200,0,200,0,5,200,4,200,200,200,200
399371,0,30,200,200,0,4,12,5,0,0,200,0,200,0,6,0,200,200,1,200,200
399373,0,35,2,2,0,3,14,5,0,0,0,17,200,0,6,200,1,0,0,200,200
399373,0,35,2,2,0,3,14,5,0,0,0,17,200,1,7,0,0,0,0,200,200
399373,1,35,2,2,0,3,14,5,0,0,0,17,200,1,6,0,200,200,200,200,200
399375,0,30,1,2,0,3,10,6,0,0,0,18,200,0,200,200,3,200,200,200,200
399375,0,30,1,2,0,3,10,6,0,0,0,18,200,0,6,0,0,0,0,200,200
399383,0,35,1,2,0,3,14,5,0,0,200,23,0,0,4,200,7,0,0,200,200
399383,0,35,1,2,0,3,14,5,0,0,200,23,0,1,5,200,0,0,0,200,200
399383,1,35,1,2,0,3,14,5,0,0,200,23,0,0,5,200,200,200,200,200,200
399383,1,35,1,2,0,3,14,5,0,0,200,23,0,1,200,200,200,200,200,200,200
399383,1,35,1,2,0,3,14,5,0,0,200,23,0,1,200,200,200,200,200,200,200
399383,1,35,1,2,0,3,14,5,0,0,200,23,0,0,4,200,200,200,200,200,200
399385,0,30,0,0,0,3,12,200,0,0,200,10,0,0,6,0,0,200,0,200,200
399385,0,30,0,0,0,3,12,200,0,0,200,10,0,0,200,200,4,200,200,200,200
399392,0,15,1,2,0,1,0,5,0,0,0,200,200,0,0,0,0,0,0,200,200
399392,0,15,1,2,0,1,0,5,0,0,0,200,200,1,6,200,0,0,0,200,200
399397,0,30,1,2,0,3,10,5,0,0,0,16,200,0,200,200,200,200,200,200,200
399397,0,30,1,2,0,3,10,5,0,0,0,16,200,0,6,0,0,0,0,200,200
399397,1,30,1,2,0,3,10,5,0,0,0,16,200,1,7,0,200,200,200,200,200
399399,0,30,0,0,0,3,12,5,0,0,0,0,0,0,5,200,0,200,0,200,200
399399,0,30,0,0,0,3,12,5,0,0,0,0,0,0,6,200,0,0,0,200,200
399403,4,30,0,0,0,3,8,5,0,0,0,23,21,0,200,200,7,200,200,200,200
399403,0,30,0,0,0,3,8,5,0,0,0,23,21,1,5,200,0,0,0,200,200
399410,0,30,0,0,0,3,7,6,0,0,0,32,200,0,6,200,200,200,5,0.17,200
399414,0,30,1,2,0,3,14,6,0,0,0,0,0,1,4,200,200,0,0,200,200
399414,0,30,1,2,0,3,14,6,0,0,0,0,0,0,6,200,200,0,0,200,200
399415,0,30,0,0,0,3,10,3,0,0,12,18,200,0,200,200,3,200,200,200,200
399415,0,30,0,0,0,3,10,3,0,0,12,18,200,2,200,200,0,200,200,200,200
399415,0,30,0,0,0,3,10,3,0,0,12,18,200,0,5,0,0,0,0,200,200
399420,0,25,3,0,0,3,14,6,0,0,0,25,21,2,200,200,9,200,200,200,200
399420,0,25,3,0,0,3,14,6,0,0,0,25,21,0,6,0,0,0,0,200,200
399426,0,30,0,0,0,3,12,5,0,0,0,0,200,1,5,0,4,200,0,200,200
399426,0,30,0,0,0,3,12,5,0,0,0,0,200,1,6,0,0,0,0,200,200
399432,0,30,0,0,0,0,12,5,0,0,0,21,200,0,200,200,4,200,200,200,200
399432,0,30,0,0,0,0,12,5,0,0,0,21,200,1,3,0,0,0,0,200,200
399447,0,30,2,0,0,200,0,200,0,0,200,5,16,1,200,200,5,200,200,200,200
399447,0,30,2,0,0,200,0,200,0,0,200,5,16,0,5,0,0,0,0,200,200
399447,1,30,2,0,0,200,0,200,0,0,200,5,16,200,200,0,200,200,200,200,200
399449,0,30,2,2,0,1,14,2,0,0,2,23,25,0,3,200,7,200,200,200,200
399449,0,30,2,2,0,1,14,2,0,0,2,23,25,0,6,200,200,0,200,200,200
399452,0,30,2,2,0,3,0,5,0,0,0,17,200,1,5,7,1,0,0,200,200
399452,0,30,2,2,0,3,0,5,0,0,0,17,200,1,5,7,0,0,0,200,200
399452,1,30,2,2,0,3,0,5,0,0,0,17,200,0,4,7,200,200,200,200,200
399454,0,30,1,2,0,3,10,1,0,0,200,0,0,0,200,200,200,200,200,200,200
399454,0,30,1,2,0,3,10,1,0,0,200,0,0,0,6,200,12,0,200,200,200
399454,1,30,1,2,0,3,10,1,0,0,200,0,0,2,200,200,200,200,200,200,200
399461,0,35,1,2,0,3,14,6,0,0,0,23,0,1,6,0,4,200,0,200,200
399461,0,35,1,2,0,3,14,6,0,0,0,23,0,1,5,0,200,200,0,200,200
399466,0,30,0,0,0,3,7,6,0,0,0,0,0,2,200,200,200,200,200,200,200
399475,0,30,2,2,0,3,0,5,0,0,0,17,16,2,200,200,1,200,200,200,200
399475,0,30,2,2,0,3,0,5,0,0,0,17,16,1,5,200,0,0,0,200,200
399477,0,35,1,2,0,3,0,5,0,0,0,6,200,1,200,200,5,200,200,200,200
399477,0,35,1,2,0,3,0,5,0,0,0,6,200,0,7,0,0,0,0,200,200
399477,1,35,1,2,0,3,0,5,0,0,0,6,200,200,200,200,200,200,200,200,200
399477,1,35,1,2,0,3,0,5,0,0,0,6,200,200,200,200,200,200,200,200,200
399477,1,35,1,2,0,3,0,5,0,0,0,6,200,200,200,200,200,200,200,200,200
399478,0,30,0,0,0,3,12,5,0,0,0,17,18,0,6,200,1,200,0,200,200
399478,0,30,0,0,0,3,12,5,0,0,0,17,18,1,6,200,1,200,0,200,200
399478,0,30,0,0,0,3,12,5,0,0,0,17,18,1,6,200,0,200,0,200,200
399478,1,30,0,0,0,3,12,5,0,0,0,17,18,0,6,200,200,200,200,200,200
399478,1,30,0,0,0,3,12,5,0,0,0,17,18,0,6,200,200,200,200,200,200
399478,1,30,0,0,0,3,12,5,0,0,0,17,18,1,6,200,200,200,200,200,200
399478,1,30,0,0,0,3,12,5,0,0,0,17,18,1,5,200,200,200,200,200,200
399481,0,30,1,2,0,3,14,2,0,0,0,17,17,1,3,0,1,0,0,200,200
399481,0,30,1,2,0,3,14,2,0,0,0,17,17,0,7,0,0,0,0,200,200
399481,1,30,1,2,0,3,14,2,0,0,0,17,17,200,200,0,200,200,200,200,200
399481,1,30,1,2,0,3,14,2,0,0,0,17,17,200,200,0,200,200,200,200,200
399481,1,30,1,2,0,3,14,2,0,0,0,17,17,200,200,0,200,200,200,200,200
399481,1,30,1,2,0,3,14,2,0,0,0,17,17,200,200,0,200,200,200,200,200
399481,1,30,1,2,0,3,14,2,0,0,0,17,17,200,200,0,200,200,200,200,200
399482,0,30,0,0,0,3,2,6,0,0,0,11,200,1,200,200,200,200,200,200,200
399482,1,30,0,0,0,3,2,6,0,0,0,11,200,0,6,200,200,200,200,200,200
399486,0,30,0,0,0,3,2,200,0,0,200,0,0,2,200,200,200,200,200,200,200
399488,0,30,2,0,0,0,0,5,0,0,0,17,0,0,7,0,1,200,0,200,200
399488,0,30,2,0,0,0,0,5,0,0,0,17,0,1,6,200,12,0,0,200,200
399488,1,30,2,0,0,0,0,5,0,0,0,17,0,0,6,200,200,200,200,200,200
399490,0,35,1,2,0,3,10,5,0,0,0,18,27,0,200,200,3,200,200,200,200
399490,0,35,1,2,0,3,10,5,0,0,0,18,27,0,6,0,0,0,0,200,200
399491,0,30,0,200,0,0,5,5,0,0,0,0,200,0,200,200,200,200,200,200,200
399493,0,30,1,2,0,3,12,6,0,0,0,22,16,0,6,0,4,0,0,200,200
399493,0,30,1,2,0,3,12,6,0,0,0,22,16,0,5,0,0,0,0,200,200
399493,1,30,1,2,0,3,12,6,0,0,0,22,16,0,200,0,200,200,200,200,200
399498,0,30,0,2,0,0,12,2,0,0,0,20,0,0,200,200,200,200,200,200,200
399498,0,30,0,2,0,0,12,2,0,0,0,20,0,0,5,200,200,0,0,200,200
399500,0,15,0,0,0,200,0,7,0,200,200,17,0,1,200,200,1,200,200,200,200
399500,0,15,0,0,0,200,0,7,0,200,200,17,0,0,7,200,0,200,0,200,200
399503,0,30,0,0,0,3,12,5,0,0,0,17,200,0,6,200,200,200,200,200,200
399503,0,30,0,0,0,3,12,5,0,0,0,17,200,1,7,200,200,200,200,200,200
399506,0,30,0,0,0,3,7,5,0,0,0,0,200,0,200,200,200,200,200,200,200
399510,0,30,1,2,0,3,10,2,0,0,200,0,200,1,200,200,200,200,200,200,200
399510,0,30,1,2,0,3,10,2,0,0,200,0,200,1,5,0,12,0,12,200,200
399510,1,30,1,2,0,3,10,2,0,0,200,0,200,1,200,200,200,200,200,200,200
399510,1,30,1,2,0,3,10,2,0,0,200,0,200,1,7,0,200,200,200,200,200
399519,0,35,0,0,0,3,7,5,0,0,0,0,11,1,6,200,200,200,0,200,200
399522,0,20,0,0,0,3,7,6,0,0,3,0,11,2,200,200,200,200,200,200,200
399523,0,30,0,0,0,0,10,2,0,0,200,18,18,1,0,0,3,0,0,200,200
399523,0,30,0,0,0,0,10,2,0,0,200,18,18,1,5,0,12,0,0,200,200
399523,1,30,0,0,0,0,10,2,0,0,200,18,18,1,6,0,200,200,200,200,200
399523,1,30,0,0,0,0,10,2,0,0,200,18,18,1,6,0,200,200,200,200,200
399533,0,30,1,2,0,3,14,5,0,0,0,23,200,1,5,0,7,200,0,200,200
399533,0,30,1,2,0,3,14,5,0,0,0,23,200,0,5,0,0,0,0,200,200
399533,1,30,1,2,0,3,14,5,0,0,0,23,200,0,5,0,200,200,200,200,200
399534,0,30,0,0,0,3,2,5,0,0,0,0,0,2,200,200,200,200,200,200,200
399546,0,35,200,200,0,0,12,5,0,0,0,22,32,0,5,200,2,200,5,200,200
399546,0,35,200,200,0,0,12,5,0,0,0,22,32,0,6,200,0,0,0,200,200
399550,0,35,0,0,0,3,2,3,0,0,0,0,200,2,200,200,200,200,200,200,200
399553,0,30,0,0,0,3,9,5,0,0,0,10,200,2,200,200,9,200,7,200,200
399553,5,30,0,0,0,3,9,5,0,0,0,10,200,1,7,7,0,0,3,200,200
399566,0,30,0,0,0,3,11,5,0,0,0,0,0,2,200,200,200,200,200,200,200
399566,0,30,0,0,0,3,11,5,0,0,0,0,0,0,6,0,0,0,0,200,200
399570,0,30,1,2,0,3,14,5,0,0,0,6,0,1,200,200,5,200,200,200,200
399570,0,30,1,2,0,3,14,5,0,0,0,6,0,1,4,0,0,0,0,200,200
399572,0,30,0,0,0,3,2,3,2,0,0,27,0,1,4,0,12,0,2,200,200
399572,1,30,0,0,0,3,2,3,2,0,0,27,0,0,5,0,200,200,200,200,200
399573,0,30,1,2,0,3,12,2,0,0,0,17,17,0,200,200,2,200,200,200,200
399573,0,30,1,2,0,3,12,2,0,0,0,17,17,1,6,0,0,0,0,200,200
399573,1,30,1,2,0,3,12,2,0,0,0,17,17,0,6,0,200,200,200,200,200
399575,0,30,0,0,0,3,7,5,0,0,0,20,200,0,200,200,6,200,200,200,200
399575,1,30,0,0,0,3,7,5,0,0,0,20,200,0,6,200,200,200,200,200,200
399576,0,30,1,2,0,3,12,5,0,0,0,17,17,0,4,200,1,0,0,200,200
399576,0,30,1,2,0,3,12,5,0,0,0,17,17,1,6,0,12,0,0,200,200
399577,0,30,1,12,0,3,10,6,0,0,0,18,0,0,6,0,3,200,0,200,200
399577,0,30,1,12,0,3,10,6,0,0,0,18,0,1,7,0,0,0,0,200,200
399577,1,30,1,12,0,3,10,6,0,0,0,18,0,0,6,0,200,200,200,200,200
399577,1,30,1,12,0,3,10,6,0,0,0,18,0,1,6,0,200,200,200,200,200
399597,0,30,0,0,0,3,7,6,0,0,0,7,200,1,6,0,12,200,0,200,200
399597,1,30,0,0,0,3,7,6,0,0,0,7,200,0,6,0,200,200,200,200,200
399604,0,30,0,0,0,3,7,5,0,0,0,0,0,2,200,200,200,200,200,200,200
399609,0,40,0,0,0,3,12,3,0,0,0,22,0,2,200,200,200,200,200,200,200
399609,0,40,0,0,0,3,12,3,0,0,0,22,0,0,6,200,200,200,200,200,200
399615,0,25,0,0,0,0,7,5,0,0,0,0,0,2,200,200,200,200,200,200,200
399615,1,25,0,0,0,0,7,5,0,0,0,0,0,200,200,7,200,200,200,200,200
399616,0,30,0,0,0,3,12,5,0,0,0,0,0,0,8,0,4,0,0,200,200
399616,0,30,0,0,0,3,12,5,0,0,0,0,0,0,5,0,0,0,0,200,200
399620,0,25,0,2,0,0,7,3,0,0,0,0,0,0,200,200,200,200,200,200,200
399621,0,10,0,0,0,3,9,7,0,0,0,12,11,0,7,200,12,12,0,200,200
399621,5,10,0,0,0,3,9,7,0,0,0,12,11,1,5,200,200,200,200,200,200
399621,5,10,0,0,0,3,9,7,0,0,0,12,11,0,6,200,200,200,200,200,200
399621,5,10,0,0,0,3,9,7,0,0,0,12,11,1,5,200,200,200,200,200,200
399621,5,10,0,0,0,3,9,7,0,0,0,12,11,0,5,200,200,200,200,200,200
399623,0,30,0,0,0,3,3,5,0,0,0,32,0,0,7,0,9,0,3,200,200
399623,0,30,0,0,0,3,3,5,0,0,0,32,0,1,5,0,0,0,0,200,200
399623,1,30,0,0,0,3,3,5,0,0,0,32,0,0,200,0,200,200,200,200,200
399632,0,30,1,2,0,3,12,12,0,0,0,21,21,1,5,200,12,200,200,200,200
399632,0,30,1,2,0,3,12,12,0,0,0,21,21,0,5,200,12,0,0,200,200
399632,1,30,1,2,0,3,12,12,0,0,0,21,21,0,200,200,200,200,200,200,200
399632,1,30,1,2,0,3,12,12,0,0,0,21,21,0,200,200,200,200,200,200,200
399633,0,30,0,0,0,3,7,5,0,0,0,16,200,0,200,200,200,200,200,200,200
399634,0,30,1,2,0,3,8,5,0,0,0,17,200,0,5,0,1,200,0,200,200
399634,4,30,1,2,0,3,8,5,0,0,0,17,200,0,5,200,0,0,0,200,200
399635,0,25,1,200,0,3,14,2,0,0,0,3,16,0,5,200,1,0,0,200,200
399635,0,25,1,200,0,3,14,2,0,0,0,3,16,0,6,0,0,0,0,200,200
399637,0,30,0,0,0,3,2,6,0,0,0,0,200,1,6,200,200,200,0,200,200
399637,1,30,0,0,0,3,2,6,0,0,0,0,200,0,5,200,200,200,200,200,200
399651,0,30,0,0,0,0,12,5,0,0,0,21,200,0,8,200,4,200,0,200,200
399651,0,30,0,0,0,0,12,5,0,0,0,21,200,0,5,200,0,200,200,200,200
399653,0,30,0,0,0,3,7,6,0,0,0,0,0,2,200,200,200,200,200,200,200
399657,0,30,0,0,0,3,7,6,0,0,0,19,14,0,200,200,200,200,3,200,200
399657,1,30,0,0,0,3,7,6,0,0,0,19,14,1,5,200,200,200,200,200,200
399659,0,30,0,0,0,3,7,5,0,200,200,0,200,2,200,200,200,200,200,200,200
399660,0,35,0,0,0,3,9,5,0,0,0,25,0,0,200,200,12,0,0,200,200
399660,5,35,0,0,0,3,9,5,0,0,0,25,0,0,6,7,0,0,0,200,200
399664,0,30,0,0,0,0,7,5,0,0,0,16,0,2,200,200,200,200,200,200,200
399664,1,30,0,0,0,0,7,5,0,0,0,16,0,2,200,200,200,200,200,200,200
399665,0,30,3,2,0,3,12,5,0,0,0,7,7,0,6,1,12,12,0,200,200
399665,0,30,3,2,0,3,12,5,0,0,0,7,7,1,5,200,12,0,0,200,200
399671,0,20,0,0,2,2,7,200,0,0,0,11,15,1,6,7,200,0,200,200,200
399681,0,30,0,0,0,3,7,5,0,0,0,7,7,0,6,0,200,0,0,200,200
399686,0,30,1,2,0,3,0,2,0,0,0,0,0,0,6,0,200,0,0,200,200
399686,0,30,1,2,0,3,0,2,0,0,0,0,0,0,6,0,0,0,0,200,200
399696,0,30,2,2,0,2,7,6,0,0,0,7,200,0,5,0,12,0,0,200,200
399696,1,30,2,2,0,2,7,6,0,0,0,7,200,0,200,0,200,200,200,200,200
399707,0,30,0,0,0,2,5,5,0,0,0,0,0,0,6,200,12,200,200,200,200
399707,1,30,0,0,0,2,5,5,0,0,0,0,0,1,6,200,200,200,200,200,200
399710,0,30,1,2,0,2,10,2,0,0,0,0,0,0,200,200,1,200,200,200,200
399710,0,30,1,2,0,2,10,2,0,0,0,0,0,0,200,200,0,0,0,200,200
399713,0,30,0,0,0,3,2,3,0,0,0,0,0,1,5,200,200,200,200,200,200
399714,0,30,0,0,0,200,2,2,0,0,0,0,200,2,200,200,200,200,200,200,200
399721,0,35,0,0,200,200,7,5,0,0,0,0,0,2,200,200,200,200,200,200,200
399723,0,30,0,0,0,200,7,5,0,0,0,21,17,2,200,200,1,200,200,200,200
399729,0,30,0,0,0,2,7,5,0,0,0,0,0,0,200,200,200,200,200,200,200
399744,0,0,0,0,0,2,11,7,0,0,0,33,17,0,7,200,1,200,0,200,200
399744,0,0,0,0,0,2,11,7,0,0,0,33,17,0,7,200,0,200,0,200,200
399758,0,30,0,0,0,200,7,6,0,0,0,0,0,1,200,200,1,200,200,200,200
399760,0,30,0,0,0,1,2,5,0,0,0,0,0,2,200,200,200,200,200,200,200
399762,0,30,0,0,0,1,7,6,0,0,0,0,200,2,200,200,12,200,200,200,200
399762,1,30,0,0,0,1,7,6,0,0,0,0,200,0,3,200,200,200,200,200,200
399769,0,25,0,0,0,1,7,5,0,0,0,27,16,0,6,200,12,0,2,200,200
399782,0,30,0,0,0,1,2,5,0,0,0,0,0,0,200,200,200,200,200,200,200
399786,0,30,0,0,0,1,8,5,0,0,0,0,0,0,200,200,200,200,200,200,200
399786,4,30,0,0,0,1,8,5,0,0,0,0,0,0,200,200,200,200,200,200,200
399788,0,30,1,2,0,3,10,2,0,0,0,0,0,0,200,200,200,200,200,200,200
399788,0,30,1,2,0,3,10,2,0,0,0,0,0,1,7,0,0,0,0,200,200
399804,0,55,0,0,0,1,5,3,1,0,0,200,200,0,5,0,0,0,0,200,200
399804,1,55,0,0,0,1,5,3,1,0,0,200,200,1,5,0,200,200,200,200,200
399816,0,30,1,2,0,1,0,3,0,0,0,6,6,0,200,200,1,200,200,200,200
399816,0,30,1,2,0,1,0,3,0,0,0,6,6,0,5,0,0,0,0,200,200
399836,0,10,0,0,0,1,7,7,0,0,0,20,200,1,200,200,6,200,200,200,200
399838,0,30,0,0,0,1,14,5,0,0,0,23,23,1,7,0,7,0,0,200,200
399838,0,30,0,0,0,1,14,5,0,0,0,23,23,0,5,0,0,0,0,200,200
399843,0,30,0,0,0,1,2,5,0,0,0,8,200,1,9,0,12,0,0,200,200
399845,0,30,0,0,0,1,7,5,0,0,2,21,11,1,7,0,6,200,0,200,200
399847,0,30,1,2,0,1,10,5,0,0,0,0,0,0,5,0,0,0,0,200,200
399847,0,30,1,2,0,1,10,5,0,0,0,0,0,0,7,0,0,0,0,200,200
399847,1,30,1,2,0,1,10,5,0,0,0,0,0,0,7,0,200,200,200,200,200
399851,0,30,0,0,0,0,7,5,0,0,0,0,0,2,200,200,200,200,200,200,200
399863,0,30,2,2,0,1,10,5,2,0,0,16,200,0,200,200,200,200,200,200,200
399863,0,30,2,2,0,1,10,5,2,0,0,16,200,1,7,0,0,0,0,200,200
399869,0,30,2,2,0,1,10,5,0,0,0,18,0,0,200,200,3,200,200,200,200
399869,0,30,2,2,0,1,10,5,0,0,0,18,0,0,7,0,0,0,0,200,200
399869,1,30,2,2,0,1,10,5,0,0,0,18,0,1,200,0,200,200,200,200,200
399885,0,30,0,0,0,1,10,5,0,0,0,18,0,0,6,0,3,0,0,200,200
399885,0,30,0,0,0,1,10,5,0,0,0,18,0,0,6,0,0,0,0,200,200
399893,0,30,1,2,0,1,12,6,0,0,0,0,0,2,200,200,200,200,200,200,200
399893,0,30,1,2,0,1,12,6,0,0,0,0,0,1,7,0,200,0,0,200,200
399896,0,25,0,0,0,1,7,7,0,0,0,15,16,2,200,200,8,200,200,200,200
399899,0,25,0,0,200,200,7,6,0,200,200,0,0,2,200,200,200,200,200,200,200
399900,0,30,0,0,0,1,12,5,0,0,0,0,200,0,5,200,200,0,0,200,200
399900,0,30,0,0,0,1,12,5,0,0,0,0,200,1,7,0,4,0,0,200,200
399900,1,30,0,0,0,1,12,5,0,0,0,0,200,1,200,200,200,200,200,200,200
399900,1,30,0,0,0,1,12,5,0,0,0,0,200,0,200,200,200,200,200,200,200
399924,0,30,0,0,0,1,12,5,0,0,0,0,200,1,6,0,1,0,0,200,200
399924,0,30,0,0,0,1,12,5,0,0,0,0,200,1,5,0,0,0,0,200,200
399930,0,25,0,0,0,1,7,6,0,0,0,0,200,2,200,200,200,200,200,200,200
399935,0,30,0,0,0,1,10,6,0,0,0,18,200,0,5,200,3,200,200,200,200
399935,0,30,0,0,0,1,10,6,0,0,0,18,200,0,7,0,0,0,0,200,200
399942,0,15,0,0,0,1,10,7,0,0,0,20,17,1,7,200,6,200,0,200,200
399942,0,15,0,0,0,1,10,7,0,0,0,20,17,0,5,200,0,0,0,200,200
399947,0,30,0,0,0,200,7,6,0,0,0,0,200,2,200,200,200,200,200,200,200
399955,0,30,0,0,0,1,12,5,0,0,0,17,20,0,5,200,1,200,200,200,200
399955,0,30,0,0,0,1,12,5,0,0,0,17,20,1,5,0,0,0,0,200,200
399955,1,30,0,0,0,1,12,5,0,0,0,17,20,0,200,200,200,200,200,200,200
399961,0,25,0,0,0,200,7,5,0,0,200,0,0,2,200,200,200,200,200,200,200
399962,0,30,0,0,0,1,10,5,0,0,200,18,0,0,5,0,200,200,200,200,200
399962,0,30,0,0,0,1,10,5,0,0,200,18,0,1,5,0,200,200,0,200,200
399964,0,30,1,2,0,1,14,2,0,0,0,0,0,2,200,200,200,200,200,200,200
399964,0,30,1,2,0,1,14,2,0,0,0,0,0,0,7,0,0,0,0,200,200
399970,0,30,1,2,0,1,10,5,0,0,0,7,200,0,7,0,3,0,0,200,200
399970,0,30,1,2,0,1,10,5,0,0,0,7,200,0,5,7,0,0,0,200,200
399970,1,30,1,2,0,1,10,5,0,0,0,7,200,0,200,0,200,200,200,200,200
399971,0,15,0,0,0,1,7,0,0,0,0,23,0,1,5,200,10,0,0,200,200
399974,0,30,1,2,0,1,10,5,0,0,0,11,0,0,4,200,3,200,200,200,200
399974,0,30,1,2,0,1,10,5,0,0,0,11,0,0,7,0,0,0,0,200,200
399974,1,30,1,2,0,1,10,5,0,0,0,11,0,1,200,0,200,200,200,200,200
399974,1,30,1,2,0,1,10,5,0,0,0,11,0,1,200,0,200,200,200,200,200
399976,0,30,200,200,200,200,7,5,0,200,0,200,200,2,200,200,200,200,200,200,200
399978,0,30,1,2,0,1,9,5,0,0,0,11,0,0,6,0,1,0,0,200,200
399978,5,30,1,2,0,1,9,5,0,0,0,11,0,1,8,7,12,0,0,200,200
399982,0,15,0,0,0,1,7,7,0,200,200,0,0,1,200,200,200,200,200,200,200
399993,0,30,0,0,0,1,12,5,0,0,0,17,200,1,7,0,1,200,0,200,200
399993,0,30,0,0,0,1,12,5,0,0,0,17,200,1,8,0,0,0,0,200,200
399996,0,25,1,2,0,1,8,5,0,0,0,17,17,0,9,0,1,0,0,200,200
399996,4,25,1,2,0,1,8,5,0,0,0,17,17,0,8,7,0,0,0,200,200
399999,0,30,0,0,0,3,7,5,0,0,0,0,200,2,200,200,200,200,200,200,200
400005,0,30,0,0,0,1,12,5,0,0,0,17,0,0,200,200,1,200,200,200,200
400005,0,30,0,0,0,1,12,5,0,0,0,17,0,0,5,0,0,0,0,200,200
400011,0,30,1,2,0,1,0,5,0,0,0,6,11,1,7,0,5,0,0,200,200
400011,0,30,1,2,0,1,0,5,0,0,0,6,11,1,6,0,0,0,0,200,200
400020,0,30,0,0,0,1,10,5,0,0,0,22,200,1,200,200,2,200,200,200,200
400020,0,30,0,0,0,1,10,5,0,0,0,22,200,1,7,0,0,0,0,200,200
400021,0,30,1,2,0,3,14,2,0,0,0,23,200,2,200,200,7,200,200,200,200
400021,0,30,1,2,0,3,14,2,0,0,0,23,200,1,5,0,0,0,0,200,200
400024,0,25,1,2,0,1,10,2,0,0,0,200,200,0,4,0,12,0,0,200,200
400024,0,25,1,2,0,1,10,2,0,0,0,200,200,1,5,0,12,0,0,200,200
400024,1,25,1,2,0,1,10,2,0,0,0,200,200,0,4,0,200,200,200,200,200