RD_NO,PERSON_TYPE,POSTED_SPEED_LIMIT,TRAFFIC_CONTROL_DEVICE,DEVICE_CONDITION,WEATHER_CONDITION,LIGHTING_CONDITION,FIRST_CRASH_TYPE,TRAFFICWAY_TYPE,ALIGNMENT,ROADWAY_SURFACE_COND,ROAD_DEFECT,PRIM_CONTRIBUTORY_CAUSE,SEC_CONTRIBUTORY_CAUSE,SEX,AGE,SAFETY_EQUIPMENT,DRIVER_ACTION,DRIVER_VISION,PHYSICAL_CONDITION,BAC_RESULT VALUE,CELL_PHONE_USE
400024,1,25,1,2,0,1,10,2,0,0,0,200,200,0,5,0,200,200,200,200,200
400033,0,15,0,0,0,1,0,0,0,0,0,0,200,0,6,0,6,0,0,200,200
400033,0,15,0,0,0,1,0,0,0,0,0,0,200,1,6,0,0,0,0,200,200
400033,1,15,0,0,0,1,0,0,0,0,0,0,200,0,2,0,200,200,200,200,200
400045,0,30,0,0,0,1,7,5,0,0,0,20,200,0,9,200,6,0,0,200,200
400050,0,30,0,0,0,1,12,5,0,0,0,200,200,0,6,200,12,0,0,200,200
400050,0,30,0,0,0,1,12,5,0,0,0,200,200,0,6,200,0,0,0,200,200
400051,0,25,0,0,0,1,14,5,0,0,0,0,200,1,7,0,200,0,0,200,200
400051,0,25,0,0,0,1,14,5,0,0,0,0,200,1,5,0,200,0,0,200,200
400057,0,45,0,0,0,1,12,3,0,200,200,21,18,1,6,0,4,200,0,200,200
400057,0,45,0,0,0,1,12,3,0,200,200,21,18,0,6,0,12,200,0,200,200
400057,1,45,0,0,0,1,12,3,0,200,200,21,18,1,6,0,200,200,200,200,200
400057,1,45,0,0,0,1,12,3,0,200,200,21,18,1,1,0,200,200,200,200,200
400057,1,45,0,0,0,1,12,3,0,200,200,21,18,1,200,0,200,200,200,200,200
400058,0,30,2,2,0,1,14,5,0,0,0,200,200,0,6,0,0,0,0,200,200
400058,0,30,2,2,0,1,14,5,0,0,0,200,200,0,200,200,0,200,200,200,200
400058,1,30,2,2,0,1,14,5,0,0,0,200,200,0,200,0,200,200,200,200,200
400058,1,30,2,2,0,1,14,5,0,0,0,200,200,0,200,200,200,200,200,200,200
400059,0,5,10,2,0,1,10,7,0,0,0,18,200,0,5,0,3,0,0,200,200
400059,0,5,10,2,0,1,10,7,0,0,0,18,200,1,6,0,0,0,0,200,200
400059,0,5,10,2,0,1,10,7,0,0,0,18,200,0,6,0,0,0,0,200,200
400059,1,5,10,2,0,1,10,7,0,0,0,18,200,1,5,0,200,200,200,200,200
400059,1,5,10,2,0,1,10,7,0,0,0,18,200,1,6,0,200,200,200,200,200
400059,1,5,10,2,0,1,10,7,0,0,0,18,200,1,2,0,200,200,200,200,200
400060,2,40,0,0,0,1,10,3,0,0,0,25,11,0,200,200,7,200,200,200,200
400060,0,40,0,0,0,1,10,3,0,0,0,25,11,0,5,0,0,0,0,200,200
400060,0,40,0,0,0,1,10,3,0,0,0,25,11,2,6,2,0,0,0,200,200
400064,0,30,200,0,0,1,12,6,0,0,0,33,33,1,7,0,1,0,0,200,200
400064,0,30,200,0,0,1,12,6,0,0,0,33,33,0,6,0,12,0,0,200,200
400064,1,30,200,0,0,1,12,6,0,0,0,33,33,1,200,0,200,200,200,200,200
400064,1,30,200,0,0,1,12,6,0,0,0,33,33,1,200,0,200,200,200,200,200
400069,0,30,200,200,200,200,0,200,0,200,200,20,200,1,200,200,6,200,200,200,200
400069,0,30,200,200,200,200,0,200,0,200,200,20,200,1,7,200,200,200,200,200,200
400071,0,30,2,2,0,1,14,5,0,0,0,17,200,1,3,200,1,0,0,200,200
400071,0,30,2,2,0,1,14,5,0,0,0,17,200,1,7,200,200,0,0,200,200
400072,0,35,0,2,0,1,10,3,0,0,0,18,200,0,7,200,3,200,200,200,200
400072,0,35,0,2,0,1,10,3,0,0,0,18,200,1,5,200,0,0,0,200,200
400072,0,35,0,2,0,1,10,3,0,0,0,18,200,1,5,200,0,0,0,200,200
400072,1,35,0,2,0,1,10,3,0,0,0,18,200,1,200,0,200,200,200,200,200
400072,1,35,0,2,0,1,10,3,0,0,0,18,200,200,200,5,200,200,200,200,200
400074,0,30,0,0,0,1,10,2,0,0,0,200,200,1,6,0,0,0,0,200,200
400074,0,30,0,0,0,1,10,2,0,0,0,200,200,0,7,0,0,0,0,200,200
400081,0,30,0,0,0,200,7,6,0,200,200,0,0,2,200,200,200,200,200,200,200
400085,0,15,0,0,0,1,0,5,0,0,0,20,0,0,4,0,6,0,0,200,200
400085,0,15,0,0,0,1,0,5,0,0,0,20,0,0,6,0,0,0,0,200,200
400093,0,30,0,0,0,1,10,2,0,0,0,0,0,0,5,0,12,0,0,200,200
400093,0,30,0,0,0,1,10,2,0,0,0,0,0,0,7,0,0,0,0,200,200
400093,1,30,0,0,0,1,10,2,0,0,0,0,0,1,1,5,200,200,200,200,200
400093,1,30,0,0,0,1,10,2,0,0,0,0,0,0,200,0,200,200,200,200,200
400093,1,30,0,0,0,1,10,2,0,0,0,0,0,1,200,0,200,200,200,200,200
400093,1,30,0,0,0,1,10,2,0,0,0,0,0,0,200,0,200,200,200,200,200
400095,0,30,0,0,0,1,7,5,0,0,0,200,200,2,200,200,0,200,200,200,200
400097,0,20,1,2,0,1,10,5,0,0,0,18,200,0,4,0,3,0,0,200,200
400097,0,20,1,2,0,1,10,5,0,0,0,18,200,1,5,0,0,0,0,200,200
400097,1,20,1,2,0,1,10,5,0,0,0,18,200,0,4,0,200,200,200,200,200
400097,1,20,1,2,0,1,10,5,0,0,0,18,200,0,4,0,200,200,200,200,200
400102,0,30,0,0,0,1,12,5,2,0,0,12,0,0,4,0,200,200,0,200,200
400102,0,30,0,0,0,1,12,5,2,0,0,12,0,1,4,0,0,0,0,200,200
400102,1,30,0,0,0,1,12,5,2,0,0,12,0,0,5,0,200,200,200,200,200
400102,1,30,0,0,0,1,12,5,2,0,0,12,0,0,6,0,200,200,200,200,200
400102,1,30,0,0,0,1,12,5,2,0,0,12,0,0,6,0,200,200,200,200,200
400107,0,30,0,0,0,1,7,2,0,0,0,0,200,0,200,200,200,200,200,200,200
400112,0,30,0,0,0,0,12,6,0,0,0,0,0,1,200,0,200,0,0,200,200
400112,0,30,0,0,0,0,12,6,0,0,0,0,0,1,200,0,200,0,0,200,200
400117,0,30,1,2,0,1,10,5,0,200,0,200,200,1,4,200,200,200,0,200,200
400117,0,30,1,2,0,1,10,5,0,200,0,200,200,0,7,200,200,200,0,200,200
400117,1,30,1,2,0,1,10,5,0,200,0,200,200,1,7,200,200,200,200,200,200
400117,1,30,1,2,0,1,10,5,0,200,0,200,200,1,7,200,200,200,200,200,200
400118,0,30,0,0,0,1,12,2,0,0,0,0,0,0,6,0,200,0,0,200,200
400118,0,30,0,0,0,1,12,2,0,0,0,0,0,0,5,0,0,0,0,200,200
400120,0,30,200,200,200,200,10,5,0,200,200,18,200,0,200,200,3,200,200,200,200
400120,0,30,200,200,200,200,10,5,0,200,200,18,200,1,6,200,200,200,200,200,200
400122,0,30,0,0,0,1,14,0,0,0,0,33,200,0,4,0,1,5,0,200,200
400122,0,30,0,0,0,1,14,0,0,0,0,33,200,0,7,0,0,0,0,200,200
400127,0,30,1,2,0,1,0,2,0,0,0,25,25,0,200,200,12,200,200,200,200
400127,0,30,1,2,0,1,0,2,0,0,0,25,25,1,6,200,0,200,0,200,200
400128,0,25,0,0,0,1,7,5,0,0,0,0,200,2,200,200,200,200,200,200,200
400135,0,30,0,0,0,1,12,5,0,0,0,17,22,0,200,200,2,200,200,200,200
400135,0,30,0,0,0,1,12,5,0,0,0,17,22,0,6,200,0,0,0,200,200
400135,1,30,0,0,0,1,12,5,0,0,0,17,22,1,200,200,200,200,200,200,200
400138,0,30,0,0,0,1,0,5,0,0,0,0,0,1,9,0,1,200,200,200,200
400138,0,30,0,0,0,1,0,5,0,0,0,0,0,0,8,0,0,0,0,200,200
400138,1,30,0,0,0,1,0,5,0,0,0,0,0,1,8,0,200,200,200,200,200
400145,0,30,0,0,0,200,7,200,0,0,0,200,200,2,200,200,200,200,200,200,200
400149,0,30,0,0,0,1,10,7,0,0,0,0,0,1,7,0,0,0,0,200,200
400149,0,30,0,0,0,1,10,7,0,0,0,0,0,1,7,0,200,0,0,200,200
400152,0,30,200,200,200,200,12,200,0,200,200,0,200,0,200,0,200,200,200,200,200
400152,0,30,200,200,200,200,12,200,0,200,200,0,200,1,200,200,200,200,200,200,200
400152,1,30,200,200,200,200,12,200,0,200,200,0,200,1,200,200,200,200,200,200,200
400156,0,30,0,0,0,1,7,6,0,0,0,0,200,1,5,0,0,0,0,200,200
400158,0,35,0,0,0,1,0,5,0,0,0,0,200,0,200,0,200,200,0,200,200
400158,0,35,0,0,0,1,0,5,0,0,0,0,200,0,200,0,200,200,0,200,200
400159,0,30,0,0,0,1,14,5,0,0,0,17,16,0,5,0,0,0,0,200,200
400159,0,30,0,0,0,1,14,5,0,0,0,17,16,0,6,200,0,0,0,200,200
400159,1,30,0,0,0,1,14,5,0,0,0,17,16,0,7,200,200,200,200,200,200
400160,0,30,0,0,0,1,7,2,0,0,0,0,0,2,200,200,12,200,200,200,200
400164,0,25,2,2,0,1,0,5,0,0,0,17,16,0,4,200,1,200,0,200,200
400164,0,25,2,2,0,1,0,5,0,0,0,17,16,0,7,200,200,200,0,200,200
400164,1,25,2,2,0,1,0,5,0,0,0,17,16,0,5,200,200,200,200,200,200
400166,0,30,0,0,0,1,3,5,0,0,0,21,21,0,6,0,9,0,2,200,200
400166,0,30,0,0,0,1,3,5,0,0,0,21,21,1,7,0,0,0,0,200,200
400166,1,30,0,0,0,1,3,5,0,0,0,21,21,1,5,0,200,200,200,200,200
400166,1,30,0,0,0,1,3,5,0,0,0,21,21,1,0,5,200,200,200,200,200
400166,1,30,0,0,0,1,3,5,0,0,0,21,21,0,4,0,200,200,200,200,200
400167,5,30,0,0,0,1,9,5,0,0,0,200,200,1,4,7,12,200,0,200,200
400167,0,30,0,0,0,1,9,5,0,0,0,200,200,0,6,0,0,0,0,200,200
400175,0,35,1,2,0,1,14,3,0,200,200,16,16,1,7,200,200,200,200,200,200
400175,0,35,1,2,0,1,14,3,0,200,200,16,16,1,7,200,200,200,0,200,200
400178,0,20,2,2,0,1,0,5,0,0,0,17,0,0,7,0,0,0,0,200,200
400178,0,20,2,2,0,1,0,5,0,0,0,17,0,1,4,0,1,0,0,200,200
400181,0,30,2,2,0,1,0,2,0,0,0,17,0,1,5,200,1,0,0,200,200
400181,0,30,2,2,0,1,0,2,0,0,0,17,0,1,8,0,0,0,7,200,200
400182,0,5,0,0,0,1,3,7,0,0,0,20,0,0,200,200,6,200,200,200,200
400182,0,5,0,0,0,1,3,7,0,0,0,20,0,1,7,0,6,0,0,200,200
400186,0,30,1,2,0,1,0,5,0,0,0,16,200,1,0,0,1,0,0,200,200
400186,0,30,1,2,0,1,0,5,0,0,0,16,200,0,5,200,14,0,0,200,200
400186,1,30,1,2,0,1,0,5,0,0,0,16,200,1,3,0,200,200,200,200,200
400188,0,30,0,0,0,1,7,5,0,0,0,0,200,2,200,200,200,200,200,200,200
400189,0,30,200,200,200,200,7,7,0,200,200,0,200,1,200,200,200,200,200,200,200
400189,1,30,200,200,200,200,7,7,0,200,200,0,200,1,200,200,200,200,200,200,200
400201,0,30,1,2,0,1,12,2,0,0,0,22,200,0,200,200,2,200,200,200,200
400201,0,30,1,2,0,1,12,2,0,0,0,22,200,1,6,0,0,0,0,200,200
400201,1,30,1,2,0,1,12,2,0,0,0,22,200,1,3,0,200,200,200,200,200
400205,0,25,0,0,0,1,7,6,0,0,0,0,0,2,200,200,200,200,200,200,200
400206,0,30,0,0,0,1,10,2,0,0,200,14,18,0,6,200,8,200,200,200,200
400206,0,30,0,0,0,1,10,2,0,0,200,14,18,0,4,0,0,0,0,200,200
400208,0,30,0,0,0,1,10,5,0,0,0,16,0,0,8,0,3,0,0,200,200
400208,0,30,0,0,0,1,10,5,0,0,0,16,0,0,6,0,0,0,0,200,200
400215,0,30,0,0,0,1,8,2,2,0,0,0,200,0,200,200,12,200,200,200,200
400215,4,30,0,0,0,1,8,2,2,0,0,0,200,1,5,200,0,0,0,200,200
400215,1,30,0,0,0,1,8,2,2,0,0,0,200,0,200,200,200,200,200,200,200
400216,0,30,0,0,0,0,7,12,0,0,200,0,200,0,6,200,12,200,0,200,200
400216,1,30,0,0,0,0,7,12,0,0,200,0,200,0,5,200,200,200,200,200,200
400217,0,30,0,0,0,1,10,5,0,0,0,200,200,0,200,200,0,200,200,200,200
400217,0,30,0,0,0,1,10,5,0,0,0,200,200,1,5,7,0,0,0,200,200
400217,1,30,0,0,0,1,10,5,0,0,0,200,200,1,200,5,200,200,200,200,200
400218,0,30,200,200,200,200,10,5,0,200,200,18,200,0,200,200,3,200,200,200,200
400218,0,30,200,200,200,200,10,5,0,200,200,18,200,0,6,200,200,200,200,200,200
400220,0,25,0,0,0,1,0,6,0,0,0,0,0,1,7,0,12,0,0,200,200
400220,0,25,0,0,0,1,0,6,0,0,0,0,0,1,7,0,12,0,0,200,200
400221,0,30,1,2,0,1,14,5,0,0,0,23,0,0,5,0,7,0,0,200,200
400221,0,30,1,2,0,1,14,5,0,0,0,23,0,1,7,0,0,0,0,200,200
400224,0,30,0,0,0,1,7,2,0,0,0,0,0,1,4,0,12,0,0,200,200
400225,0,30,0,0,0,1,9,5,0,0,0,17,200,1,6,0,0,200,0,200,200
400225,5,30,0,0,0,1,9,5,0,0,0,17,200,0,8,7,1,200,0,200,200
400225,1,30,0,0,0,1,9,5,0,0,0,17,200,1,3,0,200,200,200,200,200
400228,0,30,1,2,0,1,10,2,0,0,0,0,200,0,6,0,200,200,0,200,200
400228,1,30,1,2,0,1,10,2,0,0,0,0,200,0,3,0,200,200,200,200,200
400233,0,30,1,2,0,1,14,2,0,0,0,6,200,0,5,200,5,200,0,200,200
400233,0,30,1,2,0,1,14,2,0,0,0,6,200,1,7,200,0,200,0,200,200
400233,1,30,1,2,0,1,14,2,0,0,0,6,200,0,6,200,200,200,200,200,200
400239,0,30,1,2,0,1,10,5,4,0,4,0,0,0,5,0,200,0,0,200,200
400239,0,30,1,2,0,1,10,5,4,0,4,0,0,1,6,0,200,0,0,200,200
400242,0,30,0,0,0,1,10,2,0,0,0,0,200,1,5,0,12,0,0,200,200
400242,0,30,0,0,0,1,10,2,0,0,0,0,200,0,5,0,0,0,0,200,200
400245,0,30,0,0,0,1,10,5,0,0,0,0,11,0,7,200,12,200,0,200,200
400245,0,30,0,0,0,1,10,5,0,0,0,0,11,0,7,200,12,200,200,200,200
400245,0,30,0,0,0,1,10,5,0,0,0,0,11,0,9,200,0,200,200,200,200
400245,1,30,0,0,0,1,10,5,0,0,0,0,11,1,7,200,200,200,200,200,200
400245,1,30,0,0,0,1,10,5,0,0,0,0,11,1,8,200,200,200,200,200,200
400249,0,30,1,2,0,1,9,5,0,0,0,17,200,0,5,0,1,0,0,200,200
400249,5,30,1,2,0,1,9,5,0,0,0,17,200,0,200,200,200,200,200,200,200
400251,0,20,0,0,0,1,7,6,0,0,0,0,0,2,200,200,200,200,200,200,200
400254,0,30,0,0,200,200,7,5,0,0,12,0,0,2,200,200,200,200,200,200,200
400255,1,15,0,0,5,1,7,7,0,0,0,200,200,1,7,0,200,200,200,200,200
400255,1,15,0,0,5,1,7,7,0,0,0,200,200,0,6,0,200,200,200,200,200
400255,1,15,0,0,5,1,7,7,0,0,0,200,200,0,7,0,200,200,200,200,200
400267,0,15,0,0,0,1,14,0,0,0,0,16,0,0,7,200,8,0,0,200,200
400267,0,15,0,0,0,1,14,0,0,0,0,16,0,1,5,7,0,0,0,200,200
400267,1,15,0,0,0,1,14,0,0,0,0,16,0,0,5,7,200,200,200,200,200
400270,0,15,0,0,0,1,12,5,0,0,0,17,11,2,200,200,1,200,200,200,200
400270,0,15,0,0,0,1,12,5,0,0,0,17,11,0,4,200,0,0,0,200,200
400272,0,35,0,0,0,1,10,2,0,0,0,18,200,1,7,200,3,0,0,200,200
400272,0,35,0,0,0,1,10,2,0,0,0,18,200,1,5,200,0,0,0,200,200
400272,1,35,0,0,0,1,10,2,0,0,0,18,200,0,1,200,200,200,200,200,200
400272,1,35,0,0,0,1,10,2,0,0,0,18,200,1,1,200,200,200,200,200,200
400272,1,35,0,0,0,1,10,2,0,0,0,18,200,1,2,200,200,200,200,200,200
400276,0,30,1,2,0,1,10,5,0,0,0,0,0,0,7,7,12,0,0,200,200
400276,0,30,1,2,0,1,10,5,0,0,0,0,0,0,6,7,0,0,0,200,200
400276,1,30,1,2,0,1,10,5,0,0,0,0,0,0,5,0,200,200,200,200,200
400277,0,35,1,2,0,1,14,5,0,0,0,23,0,0,6,200,7,200,200,200,200
400277,0,35,1,2,0,1,14,5,0,0,0,23,0,0,6,0,0,0,0,200,200
400284,0,30,0,0,0,1,10,5,0,0,0,0,200,0,7,0,200,0,0,200,200
400284,0,30,0,0,0,1,10,5,0,0,0,0,200,1,5,0,0,0,0,200,200
400284,1,30,0,0,0,1,10,5,0,0,0,0,200,0,6,0,200,200,200,200,200
400285,0,30,200,200,200,200,7,5,0,200,200,200,200,2,200,200,200,200,200,200,200
400286,0,30,0,0,0,1,14,0,0,0,0,0,200,0,200,200,200,200,200,200,200
400286,0,30,0,0,0,1,14,0,0,0,0,0,200,1,5,200,200,0,0,200,200
400287,0,30,1,2,0,1,14,5,0,0,0,17,200,0,5,0,1,0,0,200,200
400287,0,30,1,2,0,1,14,5,0,0,0,17,200,1,6,0,0,0,0,200,200
400291,0,30,2,2,0,1,0,5,0,0,0,17,0,1,6,0,1,0,0,200,200
400291,0,30,2,2,0,1,0,5,0,0,0,17,0,0,7,0,0,0,0,200,200
400293,0,30,200,200,0,1,10,2,0,200,200,200,200,0,6,200,200,200,0,200,200
400293,0,30,200,200,0,1,10,2,0,200,200,200,200,0,5,200,200,200,0,200,200
400295,0,10,10,0,0,1,9,6,0,0,0,0,0,0,6,7,200,0,0,200,200
400295,5,10,10,0,0,1,9,6,0,0,0,0,0,0,5,7,0,12,0,200,200
400299,0,20,0,0,0,1,10,2,0,0,0,18,9,0,5,200,15,12,200,200,200
400299,0,20,0,0,0,1,10,2,0,0,0,18,9,1,5,0,0,0,0,200,200
400304,0,30,200,200,200,200,12,200,0,200,200,0,200,0,7,200,200,200,200,200,200
400304,0,30,200,200,200,200,12,200,0,200,200,0,200,0,6,0,200,200,200,200,200
400304,1,30,200,200,200,200,12,200,0,200,200,0,200,1,200,200,200,200,200,200,200
400306,0,20,2,2,0,1,0,5,0,0,0,5,16,0,7,200,5,200,0,200,200
400306,0,20,2,2,0,1,0,5,0,0,0,5,16,0,7,200,0,200,0,200,200
400312,0,30,200,200,200,200,12,5,0,200,200,200,200,0,7,200,200,200,200,200,200
400312,0,30,200,200,200,200,12,5,0,200,200,200,200,1,5,200,200,200,200,200,200
400312,1,30,200,200,200,200,12,5,0,200,200,200,200,0,5,200,200,200,200,200,200
400312,1,30,200,200,200,200,12,5,0,200,200,200,200,0,2,200,200,200,200,200,200
400319,0,30,1,2,0,1,12,5,0,0,0,21,0,1,7,0,4,0,0,200,200
400319,0,30,1,2,0,1,12,5,0,0,0,21,0,1,7,0,12,0,0,200,200
400321,0,30,1,2,0,3,14,6,0,0,0,23,23,0,200,200,4,200,200,200,200
400321,0,30,1,2,0,3,14,6,0,0,0,23,23,0,5,0,0,0,0,200,200
400328,0,25,0,0,0,1,12,5,0,0,0,200,200,1,7,200,12,200,0,200,200
400328,0,25,0,0,0,1,12,5,0,0,0,200,200,0,6,200,12,200,0,200,200
400328,1,25,0,0,0,1,12,5,0,0,0,200,200,0,7,200,200,200,200,200,200
400328,1,25,0,0,0,1,12,5,0,0,0,200,200,1,200,200,200,200,200,200,200
400330,0,35,0,0,0,1,7,5,0,0,0,13,21,1,4,200,12,200,0,200,200
400330,1,35,0,0,0,1,7,5,0,0,0,13,21,1,4,200,200,200,200,200,200
400330,1,35,0,0,0,1,7,5,0,0,0,13,21,1,4,200,200,200,200,200,200
400330,1,35,0,0,0,1,7,5,0,0,0,13,21,1,4,200,200,200,200,200,200
400332,0,30,0,0,0,1,0,7,0,0,0,17,200,0,0,0,1,200,0,200,200
400332,0,30,0,0,0,1,0,7,0,0,0,17,200,0,5,0,0,0,0,200,200
400332,1,30,0,0,0,1,0,7,0,0,0,17,200,1,6,0,200,200,200,200,200
400332,1,30,0,0,0,1,0,7,0,0,0,17,200,0,2,0,200,200,200,200,200
400332,1,30,0,0,0,1,0,7,0,0,0,17,200,1,200,0,200,200,200,200,200
400332,1,30,0,0,0,1,0,7,0,0,0,17,200,1,200,7,200,200,200,200,200
400332,1,30,0,0,0,1,0,7,0,0,0,17,200,1,200,7,200,200,200,200,200
400332,1,30,0,0,0,1,0,7,0,0,0,17,200,1,200,7,200,200,200,200,200
400333,0,35,0,0,0,1,7,5,0,0,0,21,11,1,7,200,2,200,200,200,200
400334,0,30,0,0,0,1,14,5,0,0,0,17,200,0,7,0,1,0,0,200,200
400334,0,30,0,0,0,1,14,5,0,0,0,17,200,0,5,0,0,0,0,200,200
400336,0,30,0,0,0,1,9,6,0,0,0,0,0,1,200,200,200,200,200,200,200
400336,5,30,0,0,0,1,9,6,0,0,0,0,0,0,7,7,200,200,200,200,200
400337,0,30,1,2,0,1,12,3,0,0,0,0,0,0,200,0,4,0,0,200,200
400337,0,30,1,2,0,1,12,3,0,0,0,0,0,1,200,0,0,0,0,200,200
400337,1,30,1,2,0,1,12,3,0,0,0,0,0,1,200,0,200,200,200,200,200
400339,0,35,0,0,0,1,7,6,0,0,0,200,200,2,200,200,200,200,200,200,200
400347,0,30,1,2,0,1,12,5,0,200,200,22,22,0,200,200,2,200,200,200,200
400347,0,30,1,2,0,1,12,5,0,200,200,22,22,0,8,0,12,200,200,200,200
400347,1,30,1,2,0,1,12,5,0,200,200,22,22,1,7,0,200,200,200,200,200
400357,0,15,0,0,0,1,7,7,0,0,0,0,7,1,4,200,10,0,0,200,200
400365,0,30,0,0,0,1,12,2,0,0,0,17,200,1,5,0,1,1,200,200,200
400365,0,30,0,0,0,1,12,2,0,0,0,17,200,1,6,0,0,0,200,200,200
400365,1,30,0,0,0,1,12,2,0,0,0,17,200,1,8,0,200,200,200,200,200
400367,0,30,0,0,0,1,7,6,0,0,0,27,200,1,5,0,12,0,1,200,200
400369,0,30,1,200,0,3,12,5,0,200,200,22,200,1,200,200,4,200,200,200,200
400369,0,30,1,200,0,3,12,5,0,200,200,22,200,1,5,200,0,200,0,200,200
400376,0,30,1,2,0,1,9,200,0,0,0,20,200,0,200,200,6,200,200,200,200
400376,5,30,1,2,0,1,9,200,0,0,0,20,200,0,5,7,0,0,0,200,200
400381,0,30,0,0,0,1,12,5,0,0,0,21,0,0,6,0,4,0,0,200,200
400381,0,30,0,0,0,1,12,5,0,0,0,21,0,1,200,0,12,0,0,200,200
400381,1,30,0,0,0,1,12,5,0,0,0,21,0,1,3,0,200,200,200,200,200
400381,1,30,0,0,0,1,12,5,0,0,0,21,0,1,2,0,200,200,200,200,200
400392,0,30,1,2,0,1,14,2,0,0,200,17,0,0,6,0,1,200,0,200,200
400392,0,30,1,2,0,1,14,2,0,0,200,17,0,0,6,200,0,200,200,200,200
400393,0,20,1,2,0,1,12,2,0,0,0,0,0,0,200,200,200,200,200,200,200
400393,0,20,1,2,0,1,12,2,0,0,0,0,0,1,7,0,0,200,0,200,200
400396,0,30,1,2,0,1,0,6,0,0,0,6,16,0,6,200,5,0,0,200,200
400396,0,30,1,2,0,1,0,6,0,0,0,6,16,0,7,200,0,0,0,200,200
400400,0,25,0,0,0,1,2,0,0,0,0,25,200,0,200,200,12,200,200,200,200
400400,1,25,0,0,0,1,2,0,0,0,0,25,200,0,200,200,200,200,200,200,200
400400,1,25,0,0,0,1,2,0,0,0,0,25,200,0,200,7,200,200,200,200,200
400400,1,25,0,0,0,1,2,0,0,0,0,25,200,0,200,200,200,200,200,200,200
400402,0,20,0,0,0,1,7,6,0,0,0,12,200,0,6,0,12,0,0,200,200
400408,0,30,0,0,0,1,7,5,0,0,0,0,200,1,5,0,200,0,0,200,200
400408,1,30,0,0,0,1,7,5,0,0,0,0,200,0,200,0,200,200,200,200,200
400415,0,30,1,2,0,1,10,5,0,0,0,0,0,0,200,200,1,200,0,200,200
400415,0,30,1,2,0,1,10,5,0,0,0,0,0,0,7,0,0,0,0,200,200
400426,0,10,0,0,0,1,10,7,0,0,0,20,0,1,200,200,6,200,200,200,200
400426,0,10,0,0,0,1,10,7,0,0,0,20,0,1,7,0,0,0,0,200,200
400430,0,30,0,0,0,3,7,5,0,0,0,0,0,2,200,200,200,200,200,200,200
400433,0,30,1,2,0,1,14,5,0,0,0,21,0,2,200,200,4,200,200,200,200
400433,0,30,1,2,0,1,14,5,0,0,0,21,0,0,6,0,12,0,0,200,200
400435,0,30,0,0,0,3,7,6,0,0,0,0,0,2,200,200,200,200,200,200,200
400438,0,15,0,0,0,1,12,6,0,0,0,17,0,0,3,0,1,0,0,200,200
400438,0,15,0,0,0,1,12,6,0,0,0,17,0,1,7,0,0,0,0,200,200
400445,0,30,0,0,0,4,10,5,0,0,0,18,16,1,6,0,3,200,0,200,200
400445,0,30,0,0,0,4,10,5,0,0,0,18,16,1,6,0,0,0,0,200,200
400452,0,35,0,0,0,1,10,5,0,0,0,0,0,0,6,0,200,200,200,200,200
400452,0,35,0,0,0,1,10,5,0,0,0,0,0,0,5,0,0,0,0,200,200
400465,0,30,0,0,0,1,0,5,0,0,0,0,0,1,200,200,1,200,200,200,200
400465,0,30,0,0,0,1,0,5,0,0,0,0,0,1,6,0,0,0,0,200,200
400465,1,30,0,0,0,1,0,5,0,0,0,0,0,1,200,0,200,200,200,200,200
400480,0,30,200,200,200,200,12,5,0,200,200,22,0,1,200,200,2,200,200,200,200
400480,0,30,200,200,200,200,12,5,0,200,200,22,0,0,5,200,0,200,0,200,200
400480,1,30,200,200,200,200,12,5,0,200,200,22,0,1,5,200,200,200,200,200,200
400487,0,30,0,0,0,4,14,5,0,0,12,17,200,0,200,200,1,200,200,200,200
400487,0,30,0,0,0,4,14,5,0,0,12,17,200,0,7,3,0,0,0,200,200
400489,0,25,200,200,0,4,14,5,0,0,200,14,14,0,200,200,8,200,200,200,200
400489,0,25,200,200,0,4,14,5,0,0,200,14,14,1,6,200,0,0,0,200,200
400500,0,30,0,0,0,1,12,5,0,0,0,0,200,0,200,200,200,200,200,200,200
400500,0,30,0,0,0,1,12,5,0,0,0,0,200,1,5,0,0,0,0,200,200
400509,0,30,0,0,0,1,7,6,0,0,0,25,200,2,200,200,12,200,200,200,200
400509,1,30,0,0,0,1,7,6,0,0,0,25,200,2,200,200,200,200,200,200,200
400517,0,30,1,2,2,200,10,5,0,1,0,0,0,1,7,7,1,4,0,200,200
400517,0,30,1,2,2,200,10,5,0,1,0,0,0,1,5,200,0,200,0,200,200
400517,1,30,1,2,2,200,10,5,0,1,0,0,0,0,5,200,200,200,200,200,200