RD_NO,PERSON_TYPE,POSTED_SPEED_LIMIT,TRAFFIC_CONTROL_DEVICE,DEVICE_CONDITION,WEATHER_CONDITION,LIGHTING_CONDITION,FIRST_CRASH_TYPE,TRAFFICWAY_TYPE,ALIGNMENT,ROADWAY_SURFACE_COND,ROAD_DEFECT,PRIM_CONTRIBUTORY_CAUSE,SEC_CONTRIBUTORY_CAUSE,SEX,AGE,SAFETY_EQUIPMENT,DRIVER_ACTION,DRIVER_VISION,PHYSICAL_CONDITION,BAC_RESULT VALUE,CELL_PHONE_USE
400517,1,30,1,2,2,200,10,5,0,1,0,0,0,0,5,200,200,200,200,200,200
400517,1,30,1,2,2,200,10,5,0,1,0,0,0,0,5,200,200,200,200,200,200
400517,1,30,1,2,2,200,10,5,0,1,0,0,0,0,5,200,200,200,200,200,200
400517,1,30,1,2,2,200,10,5,0,1,0,0,0,0,5,200,200,200,200,200,200
400517,1,30,1,2,2,200,10,5,0,1,0,0,0,0,5,200,200,200,200,200,200
400517,1,30,1,2,2,200,10,5,0,1,0,0,0,0,5,200,200,200,200,200,200
400523,0,30,0,0,0,200,7,6,0,0,200,0,0,2,200,200,200,200,200,200,200
400525,0,10,0,0,0,1,9,7,0,0,0,0,200,1,200,200,200,200,200,200,200
400525,5,10,0,0,0,1,9,7,0,0,0,0,200,1,5,7,0,0,0,200,200
400528,0,30,2,2,0,3,0,5,0,0,0,17,0,1,4,0,1,200,0,200,200
400528,0,30,2,2,0,3,0,5,0,0,0,17,0,1,6,0,0,0,0,200,200
400535,0,30,0,0,0,0,7,2,0,0,0,0,0,1,5,0,0,0,0,200,200
400548,0,30,1,2,0,3,14,2,0,0,0,16,200,1,6,0,1,0,0,200,200
400548,0,30,1,2,0,3,14,2,0,0,0,16,200,1,7,0,0,0,0,200,200
400548,1,30,1,2,0,3,14,2,0,0,0,16,200,1,8,0,200,200,200,200,200
400558,0,30,1,2,0,3,10,5,0,0,0,0,0,1,8,0,0,0,0,200,200
400558,0,30,1,2,0,3,10,5,0,0,0,0,0,1,5,0,0,0,0,200,200
400558,0,30,1,2,0,3,10,5,0,0,0,0,0,2,200,200,12,200,200,200,200
400560,0,30,0,0,0,3,10,5,0,0,0,7,18,1,6,0,12,0,0,200,200
400560,0,30,0,0,0,3,10,5,0,0,0,7,18,1,5,0,0,0,0,200,200
400570,0,30,0,0,0,3,10,5,0,0,0,18,11,0,6,0,3,0,0,200,200
400570,0,30,0,0,0,3,10,5,0,0,0,18,11,0,5,0,0,0,0,200,200
400570,0,30,0,0,0,3,10,5,0,0,0,18,11,1,7,0,0,0,0,200,200
400570,0,30,0,0,0,3,10,5,0,0,0,18,11,1,6,0,0,0,0,200,200
400570,1,30,0,0,0,3,10,5,0,0,0,18,11,1,9,0,200,200,200,200,200
400570,1,30,0,0,0,3,10,5,0,0,0,18,11,1,2,0,200,200,200,200,200
400570,1,30,0,0,0,3,10,5,0,0,0,18,11,0,200,0,200,200,200,200,200
400577,0,20,0,0,0,1,7,7,0,0,0,20,200,0,200,200,6,200,200,200,200
400589,0,30,0,0,0,3,7,5,0,0,200,0,0,0,7,200,6,200,200,200,200
400589,1,30,0,0,0,3,7,5,0,0,200,0,0,1,5,200,200,200,200,200,200
400593,0,30,0,0,0,3,10,3,0,0,4,18,0,1,6,0,3,0,0,200,200
400593,0,30,0,0,0,3,10,3,0,0,4,18,0,1,6,0,0,0,0,200,200
400604,0,30,0,0,0,3,12,5,0,0,0,0,0,0,5,0,200,0,0,200,200
400604,0,30,0,0,0,3,12,5,0,0,0,0,0,0,6,0,200,0,0,200,200
400608,0,25,0,0,0,3,7,6,0,0,0,0,0,2,200,200,200,200,200,200,200
400609,0,30,0,0,0,3,2,5,0,0,0,11,200,0,7,200,200,200,0,200,200
400616,0,30,2,2,0,0,10,3,2,0,0,0,200,0,200,200,8,200,0,200,200
400616,0,30,2,2,0,0,10,3,2,0,0,0,200,1,200,200,0,200,200,200,200
400619,0,30,0,0,0,0,10,3,0,0,0,16,0,1,6,0,3,0,0,200,200
400619,0,30,0,0,0,0,10,3,0,0,0,16,0,1,7,0,12,0,0,200,200
400622,0,20,0,0,0,3,10,5,0,0,0,22,18,0,6,0,2,0,0,200,200
400622,0,20,0,0,0,3,10,5,0,0,0,22,18,0,5,0,0,0,0,200,200
400622,1,20,0,0,0,3,10,5,0,0,0,22,18,1,6,0,200,200,200,200,200
400622,1,20,0,0,0,3,10,5,0,0,0,22,18,1,4,0,200,200,200,200,200
400622,1,20,0,0,0,3,10,5,0,0,0,22,18,1,2,0,200,200,200,200,200
400631,0,30,0,0,0,1,10,2,0,0,0,18,22,0,200,200,1,200,200,200,200
400631,0,30,0,0,0,1,10,2,0,0,0,18,22,0,5,0,0,0,0,200,200
400635,0,10,0,0,200,200,0,7,0,200,200,20,200,1,200,200,6,200,200,200,200
400635,0,10,0,0,200,200,0,7,0,200,200,20,200,0,6,200,200,200,0,200,200
400639,0,30,1,2,0,3,10,2,0,0,0,11,11,0,5,0,200,0,0,200,200
400639,0,30,1,2,0,3,10,2,0,0,0,11,11,0,6,0,0,0,0,200,200
400640,0,30,0,0,0,3,7,7,0,0,0,4,0,0,5,0,200,0,0,200,200
400642,0,30,1,200,0,3,10,2,0,200,200,18,18,0,200,200,3,200,0,200,200
400642,0,30,1,200,0,3,10,2,0,200,200,18,18,0,7,200,0,200,0,200,200
400646,0,30,0,0,0,3,7,5,0,0,0,0,0,2,200,200,200,200,200,200,200
400656,0,30,0,0,0,3,7,2,0,200,200,20,200,0,200,200,6,200,200,200,200
400663,0,35,1,2,0,3,14,1,0,0,0,6,17,0,4,0,5,0,0,200,200
400663,0,35,1,2,0,3,14,1,0,0,0,6,17,1,6,0,1,0,0,200,200
400666,0,25,2,2,0,3,14,2,0,0,0,11,200,1,6,0,7,12,0,200,200
400666,0,25,2,2,0,3,14,2,0,0,0,11,200,0,6,0,0,0,0,200,200
400668,0,35,200,200,0,3,7,5,0,0,200,0,0,2,200,200,200,200,200,200,200
400676,0,30,0,0,0,0,7,6,0,0,0,0,0,0,200,200,200,200,200,200,200
400682,0,30,1,2,0,3,14,5,0,0,0,16,0,1,6,0,7,0,0,200,200
400682,0,30,1,2,0,3,14,5,0,0,0,16,0,0,5,0,12,0,0,200,200
400683,0,30,1,2,0,3,12,2,0,0,0,23,22,1,6,200,7,0,0,200,200
400683,0,30,1,2,0,3,12,2,0,0,0,23,22,0,6,200,200,0,0,200,200
400689,0,30,0,0,0,3,7,5,0,0,200,0,0,2,200,200,200,200,200,200,200
400691,0,30,0,0,0,3,12,5,0,0,0,22,21,0,6,200,4,0,0,200,200
400691,0,30,0,0,0,3,12,5,0,0,0,22,21,1,5,200,0,0,0,200,200
400696,0,35,1,2,0,3,0,5,0,0,200,6,200,1,6,200,0,0,0,200,200
400696,0,35,1,2,0,3,0,5,0,0,200,6,200,1,6,200,5,0,0,200,200
400696,1,35,1,2,0,3,0,5,0,0,200,6,200,200,200,200,200,200,200,200,200
400699,0,30,0,0,0,3,10,5,0,0,0,0,0,0,5,200,200,0,200,200,200
400699,0,30,0,0,0,3,10,5,0,0,0,0,0,1,5,200,200,0,0,200,200
400703,0,25,0,0,0,3,7,6,0,0,0,25,10,2,200,200,9,200,200,200,200
400703,1,25,0,0,0,3,7,6,0,0,0,25,10,2,200,200,200,200,200,200,200
400714,0,30,0,0,0,3,7,5,3,0,0,0,25,2,200,200,200,200,200,200,200
400728,0,25,0,0,0,3,7,6,0,0,0,14,16,1,3,200,8,200,200,200,200
400728,1,25,0,0,0,3,7,6,0,0,0,14,16,1,3,200,200,200,200,200,200
400728,1,25,0,0,0,3,7,6,0,0,0,14,16,200,200,200,200,200,200,200,200
400728,1,25,0,0,0,3,7,6,0,0,0,14,16,200,200,200,200,200,200,200,200
400732,0,25,0,0,0,3,7,12,0,0,0,0,0,0,200,200,200,200,200,200,200
400732,1,25,0,0,0,3,7,12,0,0,0,0,0,0,200,200,200,200,200,200,200
400736,0,30,0,0,0,3,2,5,0,0,0,0,16,2,200,200,0,200,200,200,200
400744,0,25,0,0,0,3,7,6,0,0,0,0,200,2,200,200,12,200,200,200,200
400749,0,30,0,0,0,1,12,6,0,0,0,11,0,1,5,200,12,12,0,200,200
400749,0,30,0,0,0,1,12,6,0,0,0,11,0,0,5,200,12,0,0,200,200
400757,0,30,1,2,0,3,0,2,0,0,0,6,200,2,200,200,5,200,200,200,200
400757,0,30,1,2,0,3,0,2,0,0,0,6,200,0,7,200,0,0,0,200,200
400769,0,35,0,200,0,3,7,7,0,0,0,0,0,1,200,200,200,200,200,200,200
400770,0,30,0,0,0,3,7,6,0,0,0,0,0,0,200,200,200,200,200,200,200
400778,0,30,0,0,0,3,7,5,0,0,0,12,0,0,6,0,12,0,0,200,200
400807,0,35,0,0,0,3,14,2,0,0,0,17,200,1,5,0,1,0,0,200,200
400807,0,35,0,0,0,3,14,2,0,0,0,17,200,1,5,0,0,0,0,200,200
400807,1,35,0,0,0,3,14,2,0,0,0,17,200,1,5,0,200,200,200,200,200
400807,1,35,0,0,0,3,14,2,0,0,0,17,200,0,1,5,200,200,200,200,200
400807,1,35,0,0,0,3,14,2,0,0,0,17,200,1,2,1,200,200,200,200,200
400807,1,35,0,0,0,3,14,2,0,0,0,17,200,0,5,0,200,200,200,200,200
400812,0,30,0,0,0,3,7,12,0,0,0,200,200,2,200,200,200,200,200,200,200
400831,0,30,0,12,0,3,2,5,0,0,0,0,0,2,200,200,200,200,200,200,200
400833,0,30,200,200,0,3,7,12,0,0,0,0,0,0,200,200,200,200,200,200,200
400833,0,30,200,200,0,3,7,12,0,0,0,0,0,0,200,200,200,200,200,200,200
400834,0,40,0,0,0,3,12,3,5,0,0,22,27,2,200,200,2,200,200,200,200
400834,0,40,0,0,0,3,12,3,5,0,0,22,27,0,5,0,0,0,0,200,200
400837,0,30,1,2,0,3,10,2,0,0,0,16,200,0,6,200,8,0,200,200,200
400837,0,30,1,2,0,3,10,2,0,0,0,16,200,0,5,200,0,0,0,200,200
400839,0,30,1,2,0,4,0,2,0,0,0,6,0,0,4,200,200,200,200,200,200
400839,0,30,1,2,0,4,0,2,0,0,0,6,0,0,8,200,200,200,0,200,200
400839,1,30,1,2,0,4,0,2,0,0,0,6,0,1,200,200,200,200,200,200,200
400839,1,30,1,2,0,4,0,2,0,0,0,6,0,0,2,200,200,200,200,200,200
400841,0,30,0,0,0,3,7,5,0,0,0,32,25,0,5,0,12,0,5,200,200
400842,0,20,0,0,0,3,10,5,0,0,0,0,0,1,5,200,200,200,200,200,200
400842,0,20,0,0,0,3,10,5,0,0,0,0,0,0,5,0,0,0,0,200,200
400857,0,0,0,0,0,0,7,7,0,0,0,0,0,2,200,200,200,200,200,200,200
400865,0,35,0,0,0,2,12,5,0,0,0,0,0,0,7,0,12,0,0,200,200
400865,0,35,0,0,0,2,12,5,0,0,0,0,0,0,5,0,0,0,0,200,200
400879,0,30,0,0,0,4,12,2,2,0,1,28,22,0,6,0,8,0,0,200,200
400879,0,30,0,0,0,4,12,2,2,0,1,28,22,1,7,0,0,0,0,200,200
400886,0,10,0,0,0,2,2,8,1,0,0,23,7,0,6,200,5,0,0,200,200
400890,0,30,1,2,0,1,14,5,0,0,0,23,11,1,5,200,7,0,0,200,200
400890,0,30,1,2,0,1,14,5,0,0,0,23,11,1,6,200,0,0,0,200,200
400890,1,30,1,2,0,1,14,5,0,0,0,23,11,1,5,200,200,200,200,200,200
400893,0,30,1,2,0,0,10,2,0,0,0,0,0,0,4,200,12,0,200,200,200
400893,0,30,1,2,0,0,10,2,0,0,0,0,0,1,9,200,0,0,0,200,200
400895,0,30,200,200,0,3,14,5,0,0,0,23,200,1,5,200,7,200,200,200,200
400895,0,30,200,200,0,3,14,5,0,0,0,23,200,0,6,200,0,0,200,200,200
400901,0,30,1,2,0,1,10,3,0,0,0,0,0,0,200,200,200,200,200,200,200
400901,0,30,1,2,0,1,10,3,0,0,0,0,0,0,6,0,0,0,0,200,200
400903,0,25,0,0,200,200,7,6,0,200,0,0,0,2,200,200,200,200,200,200,200
400904,0,20,200,200,200,200,7,6,0,200,200,200,200,1,7,200,200,200,200,200,200
400906,0,30,1,0,0,1,10,2,0,0,0,0,18,1,5,0,3,0,0,200,200
400906,0,30,1,0,0,1,10,2,0,0,0,0,18,1,6,0,0,0,0,200,200
400916,0,30,0,0,0,1,12,5,0,0,0,0,0,1,200,200,200,200,200,200,200
400916,0,30,0,0,0,1,12,5,0,0,0,0,0,0,6,200,200,200,200,200,200
400918,0,15,0,0,0,1,7,4,0,0,0,7,0,0,6,200,1,0,0,200,200
400918,1,15,0,0,0,1,7,4,0,0,0,7,0,1,6,7,200,200,200,200,200
400920,0,30,1,2,1,1,11,5,0,0,0,0,200,2,200,200,200,200,200,200,200
400920,0,30,1,2,1,1,11,5,0,0,0,0,200,0,8,200,0,200,0,200,200
400925,0,30,0,0,0,1,10,3,0,0,0,0,200,1,6,200,200,200,0,200,200
400925,0,30,0,0,0,1,10,3,0,0,0,0,200,1,5,200,200,200,0,200,200
400927,0,30,1,2,0,1,10,2,0,0,0,20,21,1,200,200,6,200,200,200,200
400927,0,30,1,2,0,1,10,2,0,0,0,20,21,0,7,7,0,0,0,200,200
400937,0,30,2,2,0,1,8,2,0,0,0,17,17,0,200,200,1,200,200,200,200
400937,4,30,2,2,0,1,8,2,0,0,0,17,17,0,7,200,0,0,0,200,200
400948,0,30,0,0,0,1,14,2,0,0,200,17,200,0,7,200,1,200,200,200,200
400948,0,30,0,0,0,1,14,2,0,0,200,17,200,0,6,200,200,200,0,200,200
400959,0,30,1,2,0,1,0,3,0,0,0,6,16,0,6,0,5,0,0,200,200
400959,0,30,1,2,0,1,0,3,0,0,0,6,16,0,7,0,0,0,0,200,200
400965,0,20,0,0,0,200,7,6,0,0,0,0,0,2,200,200,200,200,200,200,200
400966,0,30,0,0,0,1,5,2,0,0,0,0,0,2,200,200,200,200,200,200,200
400967,0,30,0,0,0,1,10,3,0,0,0,0,0,2,200,200,200,200,200,200,200
400967,0,30,0,0,0,1,10,3,0,0,0,0,0,0,6,0,0,0,0,200,200
400968,0,30,1,2,0,1,12,2,0,0,0,0,0,0,7,0,12,0,0,200,200
400968,0,30,1,2,0,1,12,2,0,0,0,0,0,0,7,0,0,0,0,200,200
400969,0,30,0,0,0,1,7,6,0,0,0,27,200,0,4,0,12,0,2,200,200
400976,0,35,0,0,1,1,10,2,0,0,0,0,0,0,200,200,200,200,200,200,200
400976,0,35,0,0,1,1,10,2,0,0,0,0,0,1,6,0,0,0,0,200,200
400986,0,30,2,2,0,1,14,6,0,0,0,10,0,0,5,0,7,200,0,200,200
400986,0,30,2,2,0,1,14,6,0,0,0,10,0,0,7,0,0,0,0,200,200
400986,1,30,2,2,0,1,14,6,0,0,0,10,0,0,7,0,200,200,200,200,200
400990,0,0,1,2,0,1,14,2,0,0,0,0,0,1,6,200,200,200,0,200,200
400990,0,0,1,2,0,1,14,2,0,0,0,0,0,0,7,200,200,200,0,200,200
400990,1,0,1,2,0,1,14,2,0,0,0,0,0,0,7,200,200,200,200,200,200
400992,0,25,0,0,0,1,12,5,0,0,0,17,22,0,200,200,1,200,200,200,200
400992,0,25,0,0,0,1,12,5,0,0,0,17,22,0,7,0,0,0,0,200,200
400996,0,20,0,0,0,1,12,5,0,0,0,0,0,1,200,200,1,200,200,200,200
400996,0,20,0,0,0,1,12,5,0,0,0,0,0,1,5,0,200,0,0,200,200
401001,0,30,1,0,0,1,14,6,0,0,0,0,0,0,200,200,200,200,200,200,200
401001,0,30,1,0,0,1,14,6,0,0,0,0,0,0,7,200,200,0,0,200,200
401001,1,30,1,0,0,1,14,6,0,0,0,0,0,0,200,200,200,200,200,200,200
401004,0,30,2,2,0,1,0,2,0,0,0,0,0,0,7,0,2,200,0,200,200
401004,0,30,2,2,0,1,0,2,0,0,0,0,0,0,5,0,0,200,0,200,200
401011,0,30,0,0,0,1,7,6,0,0,0,0,0,2,200,200,200,200,200,200,200
401026,0,30,1,2,0,1,10,2,0,0,0,18,18,0,200,0,3,0,0,200,200
401026,0,30,1,2,0,1,10,2,0,0,0,18,18,1,6,0,0,0,0,200,200
401029,0,30,0,0,0,1,7,6,0,0,0,0,200,2,200,200,200,200,200,200,200
401032,0,30,0,0,0,1,8,2,0,0,0,17,17,1,6,0,1,0,0,200,200
401032,4,30,0,0,0,1,8,2,0,0,0,17,17,0,7,3,0,0,0,200,200
401033,0,30,0,0,0,1,10,5,0,0,0,18,200,1,5,200,3,0,0,200,200
401033,0,30,0,0,0,1,10,5,0,0,0,18,200,0,8,200,0,0,0,200,200
401033,1,30,0,0,0,1,10,5,0,0,0,18,200,200,0,0,200,200,200,200,200
401034,0,25,0,0,0,1,10,5,0,200,200,0,0,0,6,0,12,0,0,200,200
401034,0,25,0,0,0,1,10,5,0,200,200,0,0,1,200,200,0,200,200,200,200
401034,1,25,0,0,0,1,10,5,0,200,200,0,0,0,5,7,200,200,200,200,200
401035,0,30,0,0,0,1,12,5,0,0,0,22,0,0,200,200,4,200,200,200,200
401035,0,30,0,0,0,1,12,5,0,0,0,22,0,1,7,0,0,0,0,200,200
401035,1,30,0,0,0,1,12,5,0,0,0,22,0,1,5,0,200,200,200,200,200
401038,0,25,1,2,0,1,0,5,0,0,0,6,7,1,5,200,5,200,0,200,200
401038,0,25,1,2,0,1,0,5,0,0,0,6,7,0,5,200,200,200,0,200,200
401038,1,25,1,2,0,1,0,5,0,0,0,6,7,1,0,5,200,200,200,200,200
401039,0,15,0,0,0,1,10,7,0,0,200,0,0,1,7,200,200,0,200,200,200
401039,0,15,0,0,0,1,10,7,0,0,200,0,0,0,6,200,3,0,200,200,200
401039,1,15,0,0,0,1,10,7,0,0,200,0,0,0,7,200,200,200,200,200,200
401041,0,30,0,0,0,3,14,5,0,0,0,0,0,2,200,200,200,200,200,200,200
401041,0,30,0,0,0,3,14,5,0,0,0,0,0,1,6,200,200,0,0,200,200
401041,1,30,0,0,0,3,14,5,0,0,0,0,0,0,6,200,200,200,200,200,200
401047,0,30,1,2,0,1,0,2,0,0,0,17,3,1,6,0,1,0,200,200,200
401047,0,30,1,2,0,1,0,2,0,0,0,17,3,1,6,0,1,0,0,200,200
401049,0,30,1,2,0,1,10,12,0,0,0,200,200,0,6,0,0,0,0,200,200
401049,0,30,1,2,0,1,10,12,0,0,0,200,200,0,5,0,0,0,0,200,200
401049,1,30,1,2,0,1,10,12,0,0,0,200,200,0,5,0,200,200,200,200,200
401050,0,30,1,2,6,1,2,3,0,0,0,0,0,0,6,0,200,200,0,200,200
401051,0,30,1,2,1,1,10,5,0,0,0,16,0,0,6,200,3,0,0,200,200
401051,0,30,1,2,1,1,10,5,0,0,0,16,0,1,7,200,0,0,0,200,200
401054,0,30,1,2,0,1,12,5,2,0,0,21,22,0,200,200,2,200,200,200,200
401054,0,30,1,2,0,1,12,5,2,0,0,21,22,1,5,0,0,0,0,200,200
401055,0,25,0,0,0,1,7,6,0,0,0,0,0,2,200,200,200,200,200,200,200
401056,0,30,0,0,0,1,8,5,0,0,0,17,200,0,6,0,12,0,0,200,200
401056,4,30,0,0,0,1,8,5,0,0,0,17,200,0,5,3,0,0,0,200,200
401058,0,30,0,0,0,1,2,5,0,0,0,0,200,0,7,0,12,0,0,200,200
401070,0,10,0,0,1,1,7,0,0,0,0,7,200,0,9,200,200,0,0,200,200
401081,0,30,1,2,0,1,10,3,0,0,0,18,18,0,5,200,3,200,0,200,200
401081,0,30,1,2,0,1,10,3,0,0,0,18,18,0,8,0,0,0,0,200,200
401088,0,5,0,0,0,1,4,7,0,0,0,0,200,1,8,200,200,0,0,200,200
401091,0,30,0,0,0,3,12,5,0,0,0,17,200,0,6,0,1,0,0,200,200
401091,0,30,0,0,0,3,12,5,0,0,0,17,200,0,200,200,200,200,200,200,200
401091,1,30,0,0,0,3,12,5,0,0,0,17,200,1,200,0,200,200,200,200,200
401095,0,30,0,0,0,1,7,7,0,0,0,200,200,1,7,0,1,0,0,200,200
401096,0,30,2,2,0,1,3,5,0,0,0,20,200,0,8,0,6,0,0,200,200
401096,0,30,2,2,0,1,3,5,0,0,0,20,200,0,7,0,0,0,0,200,200
401101,0,0,1,2,0,1,14,12,0,0,0,11,200,1,6,200,1,200,200,200,200
401101,0,0,1,2,0,1,14,12,0,0,0,11,200,0,3,200,0,200,200,200,200
401101,0,0,1,2,0,1,14,12,0,0,0,11,200,1,6,200,0,200,200,200,200
401101,1,0,1,2,0,1,14,12,0,0,0,11,200,1,200,200,200,200,200,200,200
401103,0,30,0,0,1,1,12,5,0,0,0,0,0,1,6,0,0,0,0,200,200
401103,0,30,0,0,1,1,12,5,0,0,0,0,0,1,6,0,0,0,0,200,200
401108,0,30,1,2,0,1,12,5,0,0,0,22,200,0,200,200,2,200,0,200,200
401108,0,30,1,2,0,1,12,5,0,0,0,22,200,0,9,0,0,0,0,200,200
401114,0,30,0,0,0,1,3,2,0,0,0,13,13,0,7,0,12,0,0,200,200
401114,0,30,0,0,0,1,3,2,0,0,0,13,13,0,7,0,0,0,0,200,200
401114,1,30,0,0,0,1,3,2,0,0,0,13,13,1,6,0,200,200,200,200,200
401116,0,20,0,0,0,1,1,5,0,0,0,1,200,1,6,0,0,0,0,200,200
401123,0,30,2,2,0,1,10,2,0,0,0,18,0,1,9,0,1,0,0,200,200
401123,0,30,2,2,0,1,10,2,0,0,0,18,0,1,6,0,0,0,0,200,200
401123,1,30,2,2,0,1,10,2,0,0,0,18,0,1,5,7,200,200,200,200,200
401135,0,10,0,0,0,1,5,7,0,0,0,12,200,1,9,0,12,0,0,200,200
401137,0,45,0,0,0,1,10,5,0,0,0,18,0,1,5,200,3,200,0,200,200
401137,0,45,0,0,0,1,10,5,0,0,0,18,0,1,7,200,0,200,0,200,200
401138,0,20,0,0,0,1,0,5,0,0,0,0,0,1,5,0,1,0,0,200,200
401138,0,20,0,0,0,1,0,5,0,0,0,0,0,0,7,0,0,0,0,200,200
401163,0,25,0,0,0,1,7,7,0,0,0,0,0,0,6,0,0,0,0,200,200
401176,0,30,0,0,0,1,12,5,0,0,0,17,200,0,6,0,12,0,0,200,200
401176,0,30,0,0,0,1,12,5,0,0,0,17,200,0,200,200,0,0,0,200,200
401177,0,15,0,0,1,1,7,0,0,0,0,20,200,0,200,200,6,200,200,200,200
401181,0,30,0,0,0,1,9,8,1,0,0,200,0,1,6,200,200,12,0,200,200
401181,5,30,0,0,0,1,9,8,1,0,0,200,0,1,6,200,200,0,0,200,200
401186,0,30,1,2,0,1,10,5,0,0,0,18,200,0,5,0,3,0,0,200,200
401186,0,30,1,2,0,1,10,5,0,0,0,18,200,1,7,0,0,0,0,200,200
401189,0,30,0,3,0,3,10,5,0,0,0,0,0,1,6,200,200,200,0,200,200
401189,0,30,0,3,0,3,10,5,0,0,0,0,0,1,6,0,0,0,0,200,200
401190,0,30,1,2,0,1,10,3,0,0,0,16,200,1,5,0,3,0,0,200,200
401190,0,30,1,2,0,1,10,3,0,0,0,16,200,1,6,0,0,0,0,200,200
401190,1,30,1,2,0,1,10,3,0,0,0,16,200,1,0,5,200,200,200,200,200
401198,0,15,0,0,0,1,7,7,0,0,0,0,0,0,7,200,200,200,0,200,200
401205,0,20,0,0,0,200,7,6,0,0,0,0,0,2,200,200,200,200,200,200,200
401208,0,35,1,2,0,1,12,5,0,0,0,0,0,0,200,200,0,200,200,200,200
401208,0,35,1,2,0,1,12,5,0,0,0,0,0,0,4,0,0,0,0,200,200
401211,0,30,2,2,0,1,11,5,0,0,0,33,200,1,6,0,12,5,0,200,200
401211,0,30,2,2,0,1,11,5,0,0,0,33,200,0,200,200,0,200,200,200,200
401214,0,20,0,0,2,1,7,0,0,1,0,14,20,0,5,1,8,0,0,200,200
401218,0,30,1,2,1,1,9,2,0,0,0,17,8,1,7,200,1,0,0,200,200
401218,5,30,1,2,1,1,9,2,0,0,0,17,8,1,7,7,0,0,7,200,200
401218,1,30,1,2,1,1,9,2,0,0,0,17,8,0,1,4,200,200,200,200,200
401218,1,30,1,2,1,1,9,2,0,0,0,17,8,1,1,4,200,200,200,200,200
401225,0,30,0,0,0,2,7,6,0,0,0,0,200,2,200,200,200,200,200,200,200
401227,0,30,0,0,0,1,0,5,0,0,200,17,0,0,9,0,1,200,0,200,200
401227,0,30,0,0,0,1,0,5,0,0,200,17,0,0,7,0,0,0,0,200,200
401250,5,25,0,0,2,1,9,5,0,1,0,33,200,1,3,7,1,5,0,200,200
401250,0,25,0,0,2,1,9,5,0,1,0,33,200,1,5,0,0,5,0,200,200
401252,0,30,0,0,2,1,7,5,0,1,0,0,0,0,200,200,200,200,200,200,200
401254,0,30,1,2,2,1,14,2,0,1,0,34,200,1,8,200,5,0,0,200,200
401254,0,30,1,2,2,1,14,2,0,1,0,34,200,0,7,0,0,0,0,200,200
401254,1,30,1,2,2,1,14,2,0,1,0,34,200,0,7,0,200,200,200,200,200
401254,1,30,1,2,2,1,14,2,0,1,0,34,200,0,7,0,200,200,200,200,200
401256,0,30,0,0,2,1,14,5,0,1,0,17,200,1,7,200,1,5,0,200,200
401256,0,30,0,0,2,1,14,5,0,1,0,17,200,1,5,200,0,5,0,200,200
401261,0,30,1,2,0,1,14,3,0,0,0,23,11,1,5,0,7,0,0,200,200
401261,0,30,1,2,0,1,14,3,0,0,0,23,11,0,4,0,0,0,0,200,200
401261,1,30,1,2,0,1,14,3,0,0,0,23,11,0,200,0,200,200,200,200,200
401262,0,5,0,0,0,1,11,2,0,12,0,22,0,0,200,200,2,200,200,200,200
401262,0,5,0,0,0,1,11,2,0,12,0,22,0,1,7,0,0,0,0,200,200
401262,1,5,0,0,0,1,11,2,0,12,0,22,0,2,200,200,200,200,200,200,200
401263,0,30,0,0,0,1,7,6,0,0,0,0,200,2,200,200,200,200,200,200,200
401266,0,30,1,2,0,1,10,5,0,0,0,16,200,0,6,0,3,0,0,200,200
401266,0,30,1,2,0,1,10,5,0,0,0,16,200,1,6,0,0,0,0,200,200
401274,0,30,0,0,200,200,7,5,0,200,0,0,0,2,200,200,200,200,200,200,200
401276,0,30,0,0,2,1,12,5,0,1,0,17,11,0,8,0,0,0,0,200,200
401276,0,30,0,0,2,1,12,5,0,1,0,17,11,1,7,0,1,0,0,200,200
401278,0,30,1,2,1,1,14,5,0,0,0,23,23,0,6,0,7,200,0,200,200
401278,0,30,1,2,1,1,14,5,0,0,0,23,23,1,200,200,200,200,200,200,200
401279,0,15,200,200,200,200,7,7,0,200,0,0,0,2,200,200,200,200,200,200,200
401280,0,30,0,0,2,1,12,2,0,1,0,22,200,1,5,0,2,200,0,200,200
401280,0,30,0,0,2,1,12,2,0,1,0,22,200,0,6,0,0,0,0,200,200
401280,1,30,0,0,2,1,12,2,0,1,0,22,200,0,200,5,200,200,200,200,200
401280,1,30,0,0,2,1,12,2,0,1,0,22,200,1,7,0,200,200,200,200,200
401282,0,30,1,2,2,1,10,5,0,1,0,16,200,2,200,200,200,200,200,200,200
401282,0,30,1,2,2,1,10,5,0,1,0,16,200,1,6,0,0,0,0,200,200
401282,1,30,1,2,2,1,10,5,0,1,0,16,200,1,2,5,200,200,200,200,200
401287,0,30,2,2,2,1,10,5,0,1,0,34,34,0,7,0,3,0,0,200,200
401287,0,30,2,2,2,1,10,5,0,1,0,34,34,1,6,0,0,0,0,200,200
401289,0,40,0,0,2,1,10,3,0,1,0,18,34,0,6,0,3,0,0,200,200
401289,0,40,0,0,2,1,10,3,0,1,0,18,34,0,7,0,0,0,0,200,200
401289,0,40,0,0,2,1,10,3,0,1,0,18,34,0,5,7,0,0,0,200,200
401289,1,40,0,0,2,1,10,3,0,1,0,18,34,0,7,0,200,200,200,200,200
401290,0,30,2,2,2,1,0,5,0,1,0,0,0,1,6,0,1,0,0,200,200