RD_NO,PERSON_TYPE,POSTED_SPEED_LIMIT,TRAFFIC_CONTROL_DEVICE,DEVICE_CONDITION,WEATHER_CONDITION,LIGHTING_CONDITION,FIRST_CRASH_TYPE,TRAFFICWAY_TYPE,ALIGNMENT,ROADWAY_SURFACE_COND,ROAD_DEFECT,PRIM_CONTRIBUTORY_CAUSE,SEC_CONTRIBUTORY_CAUSE,SEX,AGE,SAFETY_EQUIPMENT,DRIVER_ACTION,DRIVER_VISION,PHYSICAL_CONDITION,BAC_RESULT VALUE,CELL_PHONE_USE
401290,0,30,2,2,2,1,0,5,0,1,0,0,0,0,9,0,0,0,0,200,200
401291,0,30,0,0,2,1,14,3,0,1,0,17,200,1,5,0,1,0,0,200,200
401291,0,30,0,0,2,1,14,3,0,1,0,17,200,0,6,0,0,0,0,200,200
401291,1,30,0,0,2,1,14,3,0,1,0,17,200,1,200,0,200,200,200,200,200
401292,0,30,1,2,2,1,0,1,0,1,0,12,34,1,9,0,12,0,0,200,200
401292,0,30,1,2,2,1,0,1,0,1,0,12,34,0,7,0,0,0,0,200,200
401296,0,30,2,2,2,1,0,5,0,1,0,17,5,1,6,0,0,0,0,200,200
401296,0,30,2,2,2,1,0,5,0,1,0,17,5,0,200,200,1,200,200,200,200
401302,0,30,0,0,0,1,12,5,0,0,0,0,0,1,200,200,200,200,200,200,200
401302,0,30,0,0,0,1,12,5,0,0,0,0,0,1,6,0,0,0,0,200,200
401305,0,30,0,0,2,1,14,5,0,1,200,0,200,1,5,200,1,200,0,200,200
401305,0,30,0,0,2,1,14,5,0,1,200,0,200,0,7,200,0,200,0,200,200
401310,0,20,2,2,2,1,10,6,0,1,0,18,16,1,7,0,8,0,0,200,200
401313,0,30,0,0,2,1,10,5,0,1,200,34,200,0,5,0,200,4,0,200,200
401313,0,30,0,0,2,1,10,5,0,1,200,34,200,1,8,0,0,0,0,200,200
401313,1,30,0,0,2,1,10,5,0,1,200,34,200,0,200,0,200,200,200,200,200
401317,0,30,1,2,2,1,0,5,0,1,0,17,11,0,5,200,1,0,0,200,200
401317,0,30,1,2,2,1,0,5,0,1,0,17,11,0,6,0,0,0,0,200,200
401317,1,30,1,2,2,1,0,5,0,1,0,17,11,0,3,200,200,200,200,200,200
401319,0,30,1,2,0,1,14,2,2,0,0,0,0,1,200,0,0,200,0,200,200
401319,0,30,1,2,0,1,14,2,2,0,0,0,0,1,7,0,0,0,0,200,200
401322,0,30,0,0,2,1,10,5,0,1,0,0,0,2,200,200,200,200,200,200,200
401322,0,30,0,0,2,1,10,5,0,1,0,0,0,0,7,200,0,200,0,200,200
401323,0,30,1,200,2,1,14,5,0,1,200,18,200,0,8,200,3,200,200,200,200
401323,0,30,1,200,2,1,14,5,0,1,200,18,200,0,5,200,0,0,0,200,200
401326,5,30,1,2,2,1,9,5,0,1,0,0,0,1,2,200,200,200,0,200,200
401326,0,30,1,2,2,1,9,5,0,1,0,0,0,2,200,200,8,200,200,200,200
401329,0,30,0,0,2,1,10,5,0,1,0,17,200,0,7,0,1,0,0,200,200
401329,0,30,0,0,2,1,10,5,0,1,0,17,200,1,6,0,0,0,0,200,200
401339,0,30,0,0,2,1,10,3,0,1,0,18,200,0,6,0,3,0,0,200,200
401339,0,30,0,0,2,1,10,3,0,1,0,18,200,1,5,0,0,0,0,200,200
401340,0,30,1,2,2,1,10,5,0,1,0,0,200,0,200,200,200,200,200,200,200
401340,0,30,1,2,2,1,10,5,0,1,0,0,200,1,7,0,0,0,0,200,200
401341,0,30,0,0,200,1,12,5,0,200,200,0,0,0,5,0,200,200,200,200,200
401341,0,30,0,0,200,1,12,5,0,200,200,0,0,0,4,0,0,0,0,200,200
401347,0,30,1,2,2,1,14,5,0,1,0,34,0,0,5,0,7,0,0,200,200
401347,0,30,1,2,2,1,14,5,0,1,0,34,0,0,7,0,12,0,0,200,200
401347,1,30,1,2,2,1,14,5,0,1,0,34,0,1,5,0,200,200,200,200,200
401349,0,30,1,2,2,1,14,6,0,1,0,17,6,1,6,200,5,0,0,200,200
401349,0,30,1,2,2,1,14,6,0,1,0,17,6,0,6,200,0,0,0,200,200
401349,1,30,1,2,2,1,14,6,0,1,0,17,6,0,200,200,200,200,200,200,200
401352,0,25,2,0,0,1,10,6,0,0,0,18,0,0,4,0,3,0,0,200,200
401352,0,25,2,0,0,1,10,6,0,0,0,18,0,1,6,0,0,0,0,200,200
401352,1,25,2,0,0,1,10,6,0,0,0,18,0,0,200,0,200,200,200,200,200
401360,0,30,1,2,2,1,10,6,0,1,0,18,200,0,200,0,3,200,200,200,200
401360,0,30,1,2,2,1,10,6,0,1,0,18,200,0,6,0,0,0,0,200,200
401361,0,30,0,0,0,1,7,5,0,0,0,0,0,0,200,200,200,200,200,200,200
401362,0,30,0,0,0,1,12,5,3,1,0,22,16,1,7,0,2,0,0,200,200
401362,0,30,0,0,0,1,12,5,3,1,0,22,16,1,6,0,0,0,0,200,200
401362,1,30,0,0,0,1,12,5,3,1,0,22,16,1,200,0,200,200,200,200,200
401363,0,30,0,0,0,1,2,0,0,0,0,20,200,1,200,200,6,200,200,200,200
401370,0,30,0,0,2,1,14,5,0,1,200,8,18,0,200,200,3,200,200,200,200
401370,0,30,0,0,2,1,14,5,0,1,200,8,18,0,5,0,12,0,0,200,200
401374,0,15,0,0,2,1,2,5,0,1,0,0,200,0,7,7,12,0,0,200,200
401374,1,15,0,0,2,1,2,5,0,1,0,0,200,1,200,7,200,200,200,200,200
401375,0,20,0,0,0,3,7,7,0,0,0,0,200,1,200,200,6,200,200,200,200
401375,1,20,0,0,0,3,7,7,0,0,0,0,200,1,6,0,200,200,200,200,200
401376,0,30,200,200,200,200,10,200,0,200,200,0,200,1,200,200,200,200,200,200,200
401376,0,30,200,200,200,200,10,200,0,200,200,0,200,0,7,0,200,200,200,200,200
401376,1,30,200,200,200,200,10,200,0,200,200,0,200,1,200,200,200,200,200,200,200
401376,1,30,200,200,200,200,10,200,0,200,200,0,200,1,8,0,200,200,200,200,200
401378,0,30,0,0,0,1,7,6,0,0,0,200,200,2,200,200,200,200,200,200,200
401380,0,30,0,2,2,200,12,2,0,1,0,15,17,0,3,200,1,200,200,200,200
401380,0,30,0,2,2,200,12,2,0,1,0,15,17,2,7,200,200,1,0,200,200
401381,0,30,2,2,2,1,14,5,0,1,0,17,23,0,9,200,1,200,0,200,200
401381,0,30,2,2,2,1,14,5,0,1,0,17,23,1,5,200,0,0,0,200,200
401386,0,25,0,0,2,1,7,5,0,1,0,0,0,0,6,200,12,0,0,200,200
401389,0,25,2,2,0,1,10,6,0,0,200,0,0,0,6,0,200,0,0,200,200
401389,0,25,2,2,0,1,10,6,0,0,200,0,0,0,4,0,0,0,0,200,200
401393,0,30,1,2,0,1,0,5,0,0,0,0,0,0,8,200,200,200,200,200,200
401393,0,30,1,2,0,1,0,5,0,0,0,0,0,0,6,0,0,0,0,200,200
401397,0,30,2,2,2,1,14,5,0,1,200,17,33,0,0,0,1,1,200,200,200
401397,0,30,2,2,2,1,14,5,0,1,200,17,33,0,6,0,0,200,200,200,200
401397,1,30,2,2,2,1,14,5,0,1,200,17,33,1,5,0,200,200,200,200,200
401397,1,30,2,2,2,1,14,5,0,1,200,17,33,0,0,5,200,200,200,200,200
401404,0,30,0,0,2,1,10,5,0,1,0,0,200,0,5,0,3,0,0,200,200
401404,0,30,0,0,2,1,10,5,0,1,0,0,200,0,200,0,0,0,0,200,200
401405,0,30,2,2,1,1,10,6,0,1,0,0,0,2,200,200,200,200,200,200,200
401405,0,30,2,2,1,1,10,6,0,1,0,0,0,0,4,0,0,0,0,200,200
401405,1,30,2,2,1,1,10,6,0,1,0,0,0,1,4,0,200,200,200,200,200
401405,1,30,2,2,1,1,10,6,0,1,0,0,0,0,5,0,200,200,200,200,200
401405,1,30,2,2,1,1,10,6,0,1,0,0,0,1,0,5,200,200,200,200,200
401407,0,30,0,0,0,1,0,5,0,0,0,18,200,1,7,0,1,0,0,200,200
401407,0,30,0,0,0,1,0,5,0,0,0,18,200,1,7,0,0,0,0,200,200
401411,0,30,0,0,0,1,7,7,0,0,0,20,0,0,7,0,6,0,0,200,200
401412,0,30,0,0,0,3,7,5,0,0,0,0,200,2,200,200,200,200,200,200,200
401418,0,30,1,2,2,1,12,2,0,1,0,22,21,0,6,0,2,0,0,200,200
401418,0,30,1,2,2,1,12,2,0,1,0,22,21,1,6,0,0,0,0,200,200
401419,0,30,1,2,2,1,10,5,0,1,0,0,34,0,200,0,200,0,0,200,200
401419,0,30,1,2,2,1,10,5,0,1,0,0,34,0,200,0,0,0,0,200,200
401423,0,30,0,0,0,1,2,5,0,0,0,0,0,0,7,200,200,200,200,200,200
401427,0,35,1,2,0,1,14,1,0,0,0,23,17,1,200,200,7,200,200,200,200
401427,0,35,1,2,0,1,14,1,0,0,0,23,17,1,6,0,0,0,0,200,200
401427,0,35,1,2,0,1,14,1,0,0,0,23,17,0,6,0,0,0,0,200,200
401427,1,35,1,2,0,1,14,1,0,0,0,23,17,1,3,0,200,200,200,200,200
401427,1,35,1,2,0,1,14,1,0,0,0,23,17,1,2,0,200,200,200,200,200
401427,1,35,1,2,0,1,14,1,0,0,0,23,17,1,2,0,200,200,200,200,200
401430,0,30,2,2,2,1,10,2,0,1,0,16,0,0,4,0,200,0,0,200,200
401430,0,30,2,2,2,1,10,2,0,1,0,16,0,1,6,0,0,0,0,200,200
401430,1,30,2,2,2,1,10,2,0,1,0,16,0,0,6,0,200,200,200,200,200
401430,1,30,2,2,2,1,10,2,0,1,0,16,0,0,200,0,200,200,200,200,200
401431,0,30,1,2,2,1,12,5,0,1,0,0,200,0,200,200,200,200,200,200,200
401431,0,30,1,2,2,1,12,5,0,1,0,0,200,0,6,0,0,0,0,200,200
401432,0,30,1,2,0,1,10,6,0,0,0,0,0,0,6,200,200,200,200,200,200
401432,0,30,1,2,0,1,10,6,0,0,0,0,0,1,7,0,0,0,0,200,200
401438,0,30,2,0,2,1,14,5,0,1,0,0,0,1,6,0,0,0,0,200,200
401438,0,30,2,0,2,1,14,5,0,1,0,0,0,0,6,0,0,0,0,200,200
401438,1,30,2,0,2,1,14,5,0,1,0,0,0,0,3,0,200,200,200,200,200
401440,0,25,1,2,0,1,11,5,0,0,0,20,200,1,8,200,6,200,0,200,200
401440,0,25,1,2,0,1,11,5,0,0,0,20,200,0,0,200,0,0,0,200,200
401443,0,30,0,0,0,1,10,2,0,1,0,34,16,1,6,0,3,0,0,200,200
401443,0,30,0,0,0,1,10,2,0,1,0,34,16,1,6,0,1,0,0,200,200
401444,0,30,0,0,0,1,12,5,0,0,0,200,200,0,6,200,0,0,0,200,200
401444,0,30,0,0,0,1,12,5,0,0,0,200,200,0,6,0,0,0,0,200,200
401445,0,30,1,2,2,1,14,5,0,1,0,23,200,0,6,0,7,0,0,200,200
401445,0,30,1,2,2,1,14,5,0,1,0,23,200,0,6,0,0,0,0,200,200
401448,0,30,0,0,0,4,8,5,0,0,0,23,0,0,200,200,7,200,200,200,200
401448,4,30,0,0,0,4,8,5,0,0,0,23,0,0,7,2,200,200,200,200,200
401452,0,30,1,2,0,1,14,2,0,1,0,17,200,0,0,0,1,0,0,200,200
401452,0,30,1,2,0,1,14,2,0,1,0,17,200,0,4,0,0,0,0,200,200
401456,0,30,1,200,2,1,10,5,0,1,200,34,200,0,8,200,8,0,0,200,200
401456,0,30,1,200,2,1,10,5,0,1,200,34,200,1,6,200,0,0,0,200,200
401461,0,30,0,0,200,200,7,6,0,200,200,0,0,2,200,200,200,200,200,200,200
401471,0,30,1,2,1,1,7,5,0,1,0,0,200,1,6,0,200,200,0,200,200
401476,0,30,0,0,0,1,12,3,0,1,0,21,200,0,6,0,4,0,0,200,200
401476,0,30,0,0,0,1,12,3,0,1,0,21,200,0,5,0,0,0,0,200,200
401485,0,35,1,2,2,1,14,6,0,1,0,23,200,0,200,200,7,200,200,200,200
401485,0,35,1,2,2,1,14,6,0,1,0,23,200,0,6,0,0,0,0,200,200
401489,0,30,1,2,0,1,0,2,0,1,0,6,16,0,200,200,5,200,200,200,200
401489,0,30,1,2,0,1,0,2,0,1,0,6,16,0,8,0,0,0,0,200,200
401496,0,30,0,0,0,1,7,7,0,0,0,200,200,0,200,200,0,200,200,200,200
401496,1,30,0,0,0,1,7,7,0,0,0,200,200,1,200,1,200,200,200,200,200
401498,0,30,0,0,0,1,7,5,0,0,0,0,0,2,200,200,200,200,200,200,200
401501,0,25,0,0,2,200,7,5,0,1,0,34,0,0,6,200,200,200,0,200,200
401501,1,25,0,0,2,200,7,5,0,1,0,34,0,1,6,200,200,200,200,200,200
401505,0,25,2,2,2,1,2,3,5,1,0,14,11,0,6,0,8,0,0,200,200
401505,1,25,2,2,2,1,2,3,5,1,0,14,11,1,7,7,200,200,200,200,200
401505,1,25,2,2,2,1,2,3,5,1,0,14,11,0,6,7,200,200,200,200,200
401505,1,25,2,2,2,1,2,3,5,1,0,14,11,1,6,7,200,200,200,200,200
401506,0,15,0,0,2,1,7,7,0,1,12,33,21,0,7,200,12,12,0,200,200
401509,0,30,0,0,0,1,12,5,0,0,0,0,0,1,200,200,7,200,200,200,200
401509,0,30,0,0,0,1,12,5,0,0,0,0,0,0,6,0,0,0,0,200,200
401511,0,30,1,0,1,1,10,5,0,1,0,0,200,0,200,200,3,200,200,200,200
401511,0,30,1,0,1,1,10,5,0,1,0,0,200,1,6,0,0,0,0,200,200
401513,0,30,0,0,0,1,12,6,0,0,0,17,0,1,4,200,1,0,0,200,200
401513,0,30,0,0,0,1,12,6,0,0,0,17,0,0,5,200,0,0,0,200,200
401513,1,30,0,0,0,1,12,6,0,0,0,17,0,1,5,200,200,200,200,200,200
401513,1,30,0,0,0,1,12,6,0,0,0,17,0,0,5,200,200,200,200,200,200
401514,0,30,0,0,0,1,0,5,0,200,200,0,0,0,7,0,200,200,200,200,200
401514,0,30,0,0,0,1,0,5,0,200,200,0,0,0,6,0,0,200,0,200,200
401515,0,30,1,2,1,1,10,5,0,1,0,18,11,0,4,0,3,0,0,200,200
401515,0,30,1,2,1,1,10,5,0,1,0,18,11,1,6,0,12,0,0,200,200
401524,0,30,1,2,0,1,10,5,0,0,0,0,0,0,200,200,200,200,200,200,200
401524,0,30,1,2,0,1,10,5,0,0,0,0,0,1,7,200,200,200,200,200,200
401526,0,30,0,0,0,1,10,5,0,0,0,200,200,0,200,200,0,200,200,200,200
401526,0,30,0,0,0,1,10,5,0,0,0,200,200,1,5,0,0,0,0,200,200
401526,1,30,0,0,0,1,10,5,0,0,0,200,200,1,200,5,200,200,200,200,200
401526,1,30,0,0,0,1,10,5,0,0,0,200,200,1,200,0,200,200,200,200,200
401530,0,30,0,0,2,1,10,2,0,1,0,0,0,0,4,200,200,200,200,200,200
401530,0,30,0,0,2,1,10,2,0,1,0,0,0,1,7,0,0,0,0,200,200
401530,1,30,0,0,2,1,10,2,0,1,0,0,0,0,200,200,200,200,200,200,200
401539,0,30,0,0,0,1,7,2,0,0,0,0,0,2,200,200,200,200,200,200,200
401542,0,30,0,0,0,3,7,5,0,0,0,0,200,0,200,200,12,200,200,200,200
401548,0,5,0,0,0,1,12,7,0,0,0,0,200,1,200,200,12,200,200,200,200
401548,0,5,0,0,0,1,12,7,0,0,0,0,200,0,6,0,12,0,0,200,200
401548,1,5,0,0,0,1,12,7,0,0,0,0,200,1,6,0,200,200,200,200,200
401549,0,30,0,0,2,1,7,2,0,1,0,0,200,0,5,200,200,200,200,200,200
401556,0,30,0,0,0,3,12,5,0,0,0,0,0,0,7,200,200,200,200,200,200
401556,0,30,0,0,0,3,12,5,0,0,0,0,0,1,6,0,0,0,0,200,200
401563,0,30,0,0,0,4,7,5,0,0,0,200,200,2,200,200,200,200,200,200,200
401566,0,35,1,2,2,1,10,5,0,1,0,0,0,1,200,200,200,200,200,200,200
401566,0,35,1,2,2,1,10,5,0,1,0,0,0,0,200,200,200,200,200,200,200
401566,0,35,1,2,2,1,10,5,0,1,0,0,0,1,6,0,0,0,0,200,200
401566,1,35,1,2,2,1,10,5,0,1,0,0,0,1,6,0,200,200,200,200,200
401566,1,35,1,2,2,1,10,5,0,1,0,0,0,0,3,0,200,200,200,200,200
401567,0,30,1,2,2,1,10,5,0,1,0,18,200,0,200,200,200,200,200,200,200
401567,0,30,1,2,2,1,10,5,0,1,0,18,200,0,6,0,0,0,0,200,200
401575,0,30,0,0,1,1,7,6,0,1,0,0,0,0,200,200,200,200,200,200,200
401579,0,30,0,0,200,1,7,5,0,0,0,0,200,2,200,200,200,200,200,200,200
401586,0,30,0,0,2,1,12,6,0,200,200,22,200,1,6,200,4,200,200,200,200
401586,0,30,0,0,2,1,12,6,0,200,200,22,200,0,5,200,200,200,0,200,200
401587,0,30,0,0,2,1,10,5,0,1,0,16,16,1,6,0,0,0,0,200,200
401587,0,30,0,0,2,1,10,5,0,1,0,16,16,0,7,0,1,0,0,200,200
401592,0,30,0,0,0,1,12,5,0,0,200,0,200,0,200,0,7,0,0,200,200
401592,0,30,0,0,0,1,12,5,0,0,200,0,200,1,6,0,0,0,0,200,200
401594,0,30,0,0,0,1,14,2,0,0,0,200,200,0,5,0,0,0,0,200,200
401594,0,30,0,0,0,1,14,2,0,0,0,200,200,1,6,1,0,0,0,200,200
401595,0,30,0,0,0,1,12,5,0,0,0,0,0,0,200,200,4,0,0,200,200
401595,0,30,0,0,0,1,12,5,0,0,0,0,0,0,7,0,0,0,0,200,200
401599,0,30,1,2,2,1,10,5,0,1,0,7,20,0,6,0,15,0,0,200,1
401599,0,30,1,2,2,1,10,5,0,1,0,7,20,1,7,0,0,0,0,200,200
401600,0,30,0,0,200,200,7,6,0,200,200,0,0,2,200,200,200,200,200,200,200
401601,0,20,0,0,1,1,12,5,0,0,0,21,11,1,4,0,4,0,0,200,200
401601,0,20,0,0,1,1,12,5,0,0,0,21,11,0,5,0,12,0,0,200,200
401606,0,25,0,0,0,1,7,6,0,0,0,0,200,1,4,200,12,0,0,200,200
401609,0,30,0,0,1,1,0,5,0,0,0,17,200,1,7,0,1,0,0,200,200
401609,0,30,0,0,1,1,0,5,0,0,0,17,200,0,6,0,0,0,0,200,200
401611,0,30,0,0,0,1,0,2,0,1,0,20,0,0,6,200,6,200,0,200,200
401611,0,30,0,0,0,1,0,2,0,1,0,20,0,0,7,200,0,200,0,200,200
401613,0,30,0,0,2,1,14,2,0,1,0,23,0,0,5,0,7,0,0,200,200
401613,0,30,0,0,2,1,14,2,0,1,0,23,0,1,200,0,0,0,0,200,200
401617,0,30,200,200,0,1,0,2,0,0,0,0,0,0,5,200,200,200,0,200,200
401617,0,30,200,200,0,1,0,2,0,0,0,0,0,0,6,200,200,200,0,200,200
401620,0,35,0,2,2,1,12,5,0,1,0,22,34,1,6,0,2,0,0,200,200
401620,0,35,0,2,2,1,12,5,0,1,0,22,34,0,6,0,12,0,0,200,200
401620,1,35,0,2,2,1,12,5,0,1,0,22,34,1,3,0,200,200,200,200,200
401620,1,35,0,2,2,1,12,5,0,1,0,22,34,1,2,0,200,200,200,200,200
401622,0,30,0,0,0,1,7,6,0,1,0,0,0,0,200,0,0,0,0,200,200
401622,1,30,0,0,0,1,7,6,0,1,0,0,0,0,200,0,200,200,200,200,200
401622,1,30,0,0,0,1,7,6,0,1,0,0,0,0,200,0,200,200,200,200,200
401622,1,30,0,0,0,1,7,6,0,1,0,0,0,0,200,0,200,200,200,200,200
401631,0,30,0,0,1,1,10,5,0,0,0,18,11,1,5,0,3,0,0,200,200
401631,0,30,0,0,1,1,10,5,0,0,0,18,11,0,6,0,12,0,0,200,200
401633,0,30,0,0,0,1,0,0,0,0,0,200,200,1,6,0,0,0,0,200,200
401633,0,30,0,0,0,1,0,0,0,0,0,200,200,0,6,0,0,0,0,200,200
401633,1,30,0,0,0,1,0,0,0,0,0,200,200,1,200,200,200,200,200,200,200
401634,0,30,1,2,1,1,10,5,0,0,0,0,200,0,6,0,0,0,0,200,200
401634,0,30,1,2,1,1,10,5,0,0,0,0,200,0,200,200,1,200,200,200,200
401637,0,30,1,2,1,1,14,5,0,200,200,33,200,0,5,7,0,12,0,200,200
401637,0,30,1,2,1,1,14,5,0,200,200,33,200,1,7,7,0,12,0,200,200
401637,1,30,1,2,1,1,14,5,0,200,200,33,200,0,1,5,200,200,200,200,200
401638,0,30,0,0,2,1,14,2,0,1,0,16,200,1,6,0,8,0,0,200,200
401638,0,30,0,0,2,1,14,2,0,1,0,16,200,0,7,0,0,0,0,200,200
401640,0,30,1,2,0,1,0,5,0,0,0,0,0,2,200,200,200,200,200,200,200
401640,0,30,1,2,0,1,0,5,0,0,0,0,0,0,7,0,0,0,0,200,200
401642,0,30,0,0,0,1,14,6,0,0,0,18,200,1,200,0,1,5,0,200,200
401642,0,30,0,0,0,1,14,6,0,0,0,18,200,1,6,0,0,0,0,200,200
401643,0,25,0,0,0,1,7,5,0,0,0,25,0,2,200,200,200,200,200,200,200
401644,0,35,0,0,2,1,2,3,0,1,0,12,12,0,6,0,0,0,0,200,200
401653,0,30,0,0,0,1,14,5,0,200,0,0,0,0,8,0,1,200,200,200,200
401653,0,30,0,0,0,1,14,5,0,200,0,0,0,1,5,0,0,0,200,200,200
401653,1,30,0,0,0,1,14,5,0,200,0,0,0,0,8,0,200,200,200,200,200
401654,0,30,2,2,2,1,0,5,0,1,0,17,0,1,200,200,1,200,200,200,200
401654,0,30,2,2,2,1,0,5,0,1,0,17,0,0,200,0,0,0,0,200,200
401654,1,30,2,2,2,1,0,5,0,1,0,17,0,1,200,0,200,200,200,200,200
401654,1,30,2,2,2,1,0,5,0,1,0,17,0,0,200,5,200,200,200,200,200
401654,1,30,2,2,2,1,0,5,0,1,0,17,0,1,200,5,200,200,200,200,200
401654,1,30,2,2,2,1,0,5,0,1,0,17,0,1,200,5,200,200,200,200,200
401665,0,30,1,2,0,1,10,5,0,0,0,18,0,1,200,200,3,200,200,200,200
401665,0,30,1,2,0,1,10,5,0,0,0,18,0,1,7,0,0,0,0,200,200
401668,0,30,0,0,0,3,10,5,0,0,0,0,0,0,200,200,200,200,200,200,200
401668,0,30,0,0,0,3,10,5,0,0,0,0,0,0,8,0,0,4,0,200,200
401668,1,30,0,0,0,3,10,5,0,0,0,0,0,1,200,0,200,200,200,200,200
401669,0,30,1,2,2,0,10,5,0,1,0,34,200,0,5,200,200,200,0,200,200
401669,0,30,1,2,2,0,10,5,0,1,0,34,200,0,4,200,0,0,0,200,200
401671,0,35,0,0,0,0,7,5,0,200,0,0,0,2,200,200,200,200,200,200,200
401685,0,30,1,2,0,1,10,5,0,0,0,18,0,0,7,0,3,0,0,200,200
401685,0,30,1,2,0,1,10,5,0,0,0,18,0,1,5,0,12,0,0,200,200
401689,0,30,0,0,0,1,10,5,0,0,0,0,200,0,6,0,3,0,0,200,200
401689,0,30,0,0,0,1,10,5,0,0,0,0,200,1,5,0,0,0,0,200,200
401699,0,40,0,0,2,1,12,3,3,1,0,34,200,1,5,0,0,0,0,200,200
401699,0,40,0,0,2,1,12,3,3,1,0,34,200,0,200,0,0,0,0,200,200
401703,0,30,2,2,2,1,0,2,0,1,0,5,0,1,6,0,5,0,0,200,200
401703,0,30,2,2,2,1,0,2,0,1,0,5,0,1,6,0,0,0,0,200,200
401703,1,30,2,2,2,1,0,2,0,1,0,5,0,1,7,0,200,200,200,200,200
401703,1,30,2,2,2,1,0,2,0,1,0,5,0,1,4,0,200,200,200,200,200
401708,0,30,0,0,0,1,7,5,0,0,0,0,0,1,7,200,200,200,200,200,200
401713,0,40,0,0,2,1,12,3,3,1,0,200,34,1,5,0,12,0,0,200,200
401713,0,40,0,0,2,1,12,3,3,1,0,200,34,1,5,0,0,0,0,200,200
401713,1,40,0,0,2,1,12,3,3,1,0,200,34,1,2,0,200,200,200,200,200
401713,1,40,0,0,2,1,12,3,3,1,0,200,34,0,1,5,200,200,200,200,200
401714,0,15,2,2,0,1,14,5,0,1,0,0,0,1,6,200,200,0,0,200,200
401714,0,15,2,2,0,1,14,5,0,1,0,0,0,0,6,200,200,200,0,200,200
401715,0,30,0,0,1,1,7,5,0,1,200,0,0,0,7,0,0,0,0,200,200
401717,0,30,0,0,0,1,14,5,0,1,0,0,0,0,200,200,200,200,200,200,200
401717,0,30,0,0,0,1,14,5,0,1,0,0,0,1,7,0,0,0,200,200,200
401717,1,30,0,0,0,1,14,5,0,1,0,0,0,1,200,200,200,200,200,200,200
401719,0,30,1,2,200,1,10,5,0,200,0,11,200,1,200,0,3,0,0,200,200
401719,0,30,1,2,200,1,10,5,0,200,0,11,200,0,200,0,0,0,0,200,200
401723,0,0,0,0,0,1,7,5,0,0,200,0,0,2,200,200,200,200,200,200,200
401724,0,30,0,0,0,1,7,2,0,0,0,0,200,2,200,200,200,200,200,200,200
401726,0,30,1,2,0,1,10,3,0,1,0,0,0,0,200,0,200,0,0,200,200
401726,0,30,1,2,0,1,10,3,0,1,0,0,0,1,200,0,0,0,0,200,200
401729,0,30,1,2,2,1,14,6,0,1,0,18,200,0,6,200,3,200,200,200,200
401729,0,30,1,2,2,1,14,6,0,1,0,18,200,0,5,0,0,0,0,200,200
401741,0,30,0,0,1,4,14,5,0,0,0,17,200,0,6,0,1,1,0,200,200
401741,0,30,0,0,1,4,14,5,0,0,0,17,200,0,5,0,0,1,0,200,200
401741,1,30,0,0,1,4,14,5,0,0,0,17,200,1,200,0,200,200,200,200,200
401744,0,30,0,0,0,1,4,5,0,1,1,0,0,0,200,0,12,0,0,200,200
401745,0,30,0,0,0,1,7,2,0,0,0,0,0,2,200,0,200,200,200,200,0
401745,1,30,0,0,0,1,7,2,0,0,0,0,0,1,6,200,200,200,200,200,200
401745,1,30,0,0,0,1,7,2,0,0,0,0,0,0,6,200,200,200,200,200,200
401746,0,15,0,0,0,1,14,12,0,1,200,200,200,1,200,200,1,200,200,200,200
401746,0,15,0,0,0,1,14,12,0,1,200,200,200,0,7,200,12,200,0,200,200
401746,1,15,0,0,0,1,14,12,0,1,200,200,200,1,200,200,200,200,200,200,200
401766,0,20,0,0,0,3,7,6,0,0,0,0,0,2,200,200,200,200,200,200,200
401770,0,30,200,200,200,200,12,200,0,200,200,0,200,1,6,0,200,200,200,200,200
401770,0,30,200,200,200,200,12,200,0,200,200,0,200,0,7,200,200,200,200,200,200
401777,0,25,2,2,2,1,3,5,0,1,200,11,0,2,200,200,200,200,200,200,200
401777,0,25,2,2,2,1,3,5,0,1,200,11,0,1,6,200,0,200,0,200,200
401783,0,30,0,0,2,1,12,6,0,1,0,27,27,1,5,200,2,1,200,200,200
401783,0,30,0,0,2,1,12,6,0,1,0,27,27,0,6,0,12,0,0,200,200
401785,0,30,0,0,0,3,7,5,0,0,0,0,0,2,200,200,200,200,200,200,200
401786,0,30,0,0,0,1,7,5,0,0,0,0,0,2,200,200,200,200,200,200,200
401789,0,5,0,0,0,1,7,7,0,0,0,0,200,2,200,200,200,200,200,200,200
401793,0,30,0,0,0,1,0,6,0,1,0,0,200,0,6,0,200,200,0,200,200
401793,0,30,0,0,0,1,0,6,0,1,0,0,200,0,5,0,200,0,0,200,200
401795,0,30,0,0,2,1,12,5,0,1,200,22,0,2,200,200,12,200,200,200,200
401795,0,30,0,0,2,1,12,5,0,1,200,22,0,1,8,0,12,0,0,200,200
401796,0,25,0,0,1,1,7,6,0,0,0,200,200,2,200,200,200,200,200,200,200
401800,0,30,1,2,0,4,10,3,0,1,0,0,0,1,200,200,1,200,200,200,200
401800,0,30,1,2,0,4,10,3,0,1,0,0,0,1,5,0,0,200,0,200,200
401800,1,30,1,2,0,4,10,3,0,1,0,0,0,1,5,0,200,200,200,200,200
401803,0,30,0,0,1,1,12,3,0,200,200,21,200,0,5,0,4,200,0,200,200