RD_NO,PERSON_TYPE,POSTED_SPEED_LIMIT,TRAFFIC_CONTROL_DEVICE,DEVICE_CONDITION,WEATHER_CONDITION,LIGHTING_CONDITION,FIRST_CRASH_TYPE,TRAFFICWAY_TYPE,ALIGNMENT,ROADWAY_SURFACE_COND,ROAD_DEFECT,PRIM_CONTRIBUTORY_CAUSE,SEC_CONTRIBUTORY_CAUSE,SEX,AGE,SAFETY_EQUIPMENT,DRIVER_ACTION,DRIVER_VISION,PHYSICAL_CONDITION,BAC_RESULT VALUE,CELL_PHONE_USE
401803,0,30,0,0,1,1,12,3,0,200,200,21,200,0,7,0,200,200,0,200,200
401803,1,30,0,0,1,1,12,3,0,200,200,21,200,1,6,0,200,200,200,200,200
401803,1,30,0,0,1,1,12,3,0,200,200,21,200,0,3,0,200,200,200,200,200
401805,0,30,0,0,0,1,12,5,0,0,0,0,0,0,200,200,2,0,0,200,200
401805,0,30,0,0,0,1,12,5,0,0,0,0,0,0,7,0,0,0,0,200,200
401810,0,25,2,0,0,4,2,5,0,0,0,27,16,0,4,0,200,0,4,200,200
401813,0,30,1,2,0,1,14,2,0,200,200,18,0,0,5,200,12,200,0,200,200
401813,0,30,1,2,0,1,14,2,0,200,200,18,0,1,6,200,12,200,0,200,200
401823,0,25,0,0,0,1,10,5,0,0,0,18,0,1,6,0,3,0,0,200,200
401823,0,25,0,0,0,1,10,5,0,0,0,18,0,0,6,0,12,0,0,200,200
401824,0,30,1,2,0,2,14,5,0,0,0,17,200,1,5,0,1,0,0,200,200
401824,0,30,1,2,0,2,14,5,0,0,0,17,200,0,7,0,0,0,0,200,200
401825,0,25,0,0,2,1,10,5,3,1,0,0,200,1,200,200,200,12,200,200,200
401825,0,25,0,0,2,1,10,5,3,1,0,0,200,0,5,200,0,0,0,200,200
401828,0,30,200,200,200,200,7,200,0,200,200,0,200,2,200,200,200,200,200,200,200
401828,1,30,200,200,200,200,7,200,0,200,200,0,200,1,200,200,200,200,200,200,200
401830,0,30,0,0,0,2,2,7,0,0,0,0,0,0,7,0,200,200,200,200,200
401831,0,30,1,2,0,1,10,5,0,0,0,0,0,0,200,0,3,0,0,200,200
401831,0,30,1,2,0,1,10,5,0,0,0,0,0,0,200,0,0,0,0,200,200
401831,1,30,1,2,0,1,10,5,0,0,0,0,0,1,200,0,200,200,200,200,200
401831,1,30,1,2,0,1,10,5,0,0,0,0,0,0,0,5,200,200,200,200,200
401833,0,30,1,2,0,1,10,5,0,0,0,0,0,0,6,0,1,0,0,200,200
401833,0,30,1,2,0,1,10,5,0,0,0,0,0,0,6,0,0,0,0,200,200
401833,0,30,1,2,0,1,10,5,0,0,0,0,0,1,6,0,0,0,0,200,200
401837,0,30,0,0,2,1,7,5,0,1,0,200,200,2,200,200,200,200,200,200,200
401841,0,30,0,0,0,1,7,5,0,0,0,0,0,0,5,200,200,200,0,200,200
401842,0,40,1,2,0,4,10,3,0,0,0,0,0,0,200,200,200,200,200,200,200
401842,0,40,1,2,0,4,10,3,0,0,0,0,0,1,200,0,0,0,0,200,200
401845,0,30,0,0,0,4,2,0,3,0,0,0,16,0,7,0,12,0,0,200,200
401852,0,35,0,0,0,1,0,5,0,0,0,0,0,1,200,200,200,200,200,200,200
401852,0,35,0,0,0,1,0,5,0,0,0,0,0,1,7,0,0,0,0,200,200
401861,0,30,0,0,0,1,10,5,0,0,0,0,0,1,6,0,200,0,0,200,200
401861,0,30,0,0,0,1,10,5,0,0,0,0,0,1,7,0,0,0,0,200,200
401865,4,30,0,0,0,1,8,5,0,0,0,18,200,0,6,2,3,0,0,200,200
401865,0,30,0,0,0,1,8,5,0,0,0,18,200,1,6,0,0,0,0,200,200
401869,0,30,200,200,2,2,14,5,0,200,200,0,200,0,5,200,200,200,200,200,200
401869,0,30,200,200,2,2,14,5,0,200,200,0,200,0,6,200,12,200,200,200,200
401873,0,30,0,0,0,1,7,5,0,0,0,0,0,1,5,200,200,200,200,200,200
401874,0,30,0,0,0,4,10,5,0,200,200,0,0,0,7,0,200,0,200,200,200
401874,0,30,0,0,0,4,10,5,0,200,200,0,0,1,7,0,0,0,200,200,200
401874,1,30,0,0,0,4,10,5,0,200,200,0,0,200,7,0,200,200,200,200,200
401877,4,25,2,200,1,4,8,6,0,200,0,0,0,1,2,200,200,0,0,200,200
401877,0,25,2,200,1,4,8,6,0,200,0,0,0,0,200,200,200,200,200,200,200
401882,0,25,0,0,0,1,14,5,0,0,0,0,200,0,200,200,7,200,200,200,200
401882,0,25,0,0,0,1,14,5,0,0,0,0,200,1,8,0,0,0,0,200,200
401898,0,30,0,0,0,1,7,5,0,0,0,200,200,0,200,200,200,200,200,200,200
401901,0,25,0,0,0,1,0,5,0,0,0,17,0,1,200,200,1,200,200,200,200
401901,0,25,0,0,0,1,0,5,0,0,0,17,0,1,4,0,12,0,0,200,200
401914,0,30,0,0,0,4,11,5,0,0,0,21,200,0,7,200,9,200,200,200,200
401914,0,30,0,0,0,4,11,5,0,0,0,21,200,0,5,200,200,0,0,200,200
401919,0,25,2,12,0,1,0,5,0,0,0,33,16,1,6,0,1,3,0,200,200
401919,0,25,2,12,0,1,0,5,0,0,0,33,16,2,200,200,200,200,200,200,200
401919,1,25,2,12,0,1,0,5,0,0,0,33,16,0,200,0,200,200,200,200,200
401922,0,35,1,2,2,4,3,2,2,1,0,17,17,1,5,0,1,0,0,200,200
401922,0,35,1,2,2,4,3,2,2,1,0,17,17,0,5,2,12,0,0,200,200
401922,1,35,1,2,2,4,3,2,2,1,0,17,17,1,5,2,200,200,200,200,200
401925,0,30,1,2,2,4,0,6,0,1,0,3,200,0,5,200,5,0,200,200,200
401925,0,30,1,2,2,4,0,6,0,1,0,3,200,0,5,0,0,0,0,200,200
401925,1,30,1,2,2,4,0,6,0,1,0,3,200,0,5,200,200,200,200,200,200
401926,0,30,1,2,0,1,10,5,0,0,0,0,0,1,200,200,1,200,200,200,200
401926,0,30,1,2,0,1,10,5,0,0,0,0,0,0,6,0,0,0,0,200,200
401927,0,10,12,1,0,200,2,7,0,0,0,0,0,1,7,0,12,0,0,200,200
401928,0,30,2,0,0,1,10,2,0,0,0,0,0,0,7,1,200,0,0,200,200
401928,0,30,2,0,0,1,10,2,0,0,0,0,0,1,6,0,200,0,0,200,200
401928,1,30,2,0,0,1,10,2,0,0,0,0,0,0,2,0,200,200,200,200,200
401928,1,30,2,0,0,1,10,2,0,0,0,0,0,1,200,0,200,200,200,200,200
401934,0,30,1,2,0,4,10,5,0,0,0,18,16,0,6,200,3,200,0,200,200
401934,0,30,1,2,0,4,10,5,0,0,0,18,16,1,4,0,0,0,0,200,200
401937,0,30,1,2,2,3,11,12,0,1,200,10,34,2,200,200,4,200,200,200,200
401937,0,30,1,2,2,3,11,12,0,1,200,10,34,0,8,200,12,200,0,200,200
401937,0,30,1,2,2,3,11,12,0,1,200,10,34,1,7,200,12,200,0,200,200
401937,0,30,1,2,2,3,11,12,0,1,200,10,34,0,8,200,12,200,0,200,200
401937,0,30,1,2,2,3,11,12,0,1,200,10,34,0,9,200,12,200,0,200,200
401937,0,30,1,2,2,3,11,12,0,1,200,10,34,1,7,200,12,200,0,200,200
401938,0,30,2,2,0,3,14,5,0,0,0,11,200,1,5,200,7,200,0,200,200
401938,0,30,2,2,0,3,14,5,0,0,0,11,200,1,5,200,0,200,0,200,200
401941,0,30,0,0,0,3,7,5,0,0,0,0,0,0,7,0,0,0,0,200,200
401941,1,30,0,0,0,3,7,5,0,0,0,0,0,0,200,0,200,200,200,200,200
401953,0,30,2,2,1,1,0,2,0,1,0,34,0,0,6,0,8,0,0,200,200
401953,0,30,2,2,1,1,0,2,0,1,0,34,0,0,5,0,0,0,0,200,200
401957,0,25,0,0,2,3,10,5,0,1,0,200,200,0,5,200,1,4,0,200,200
401957,0,25,0,0,2,3,10,5,0,1,0,200,200,0,6,200,0,0,0,200,200
401959,0,30,0,0,2,1,10,2,0,1,0,16,200,0,4,0,12,0,0,200,200
401959,0,30,0,0,2,1,10,2,0,1,0,16,200,0,7,0,0,0,0,200,200
401966,0,30,2,2,2,3,0,5,0,1,0,5,0,2,200,200,1,200,200,200,200
401966,0,30,2,2,2,3,0,5,0,1,0,5,0,0,5,0,0,200,0,200,200
401971,0,30,1,2,2,3,12,6,0,1,0,17,16,0,4,200,1,0,0,200,200
401971,0,30,1,2,2,3,12,6,0,1,0,17,16,0,5,200,0,0,0,200,200
401973,0,30,0,0,2,3,11,5,0,1,0,15,16,0,9,0,200,200,0,200,200
401973,0,30,0,0,2,3,11,5,0,1,0,15,16,0,200,200,200,200,200,200,200
401973,1,30,0,0,2,3,11,5,0,1,0,15,16,1,7,200,200,200,200,200,200
401973,1,30,0,0,2,3,11,5,0,1,0,15,16,2,200,200,200,200,200,200,200
401976,0,30,1,2,2,0,14,5,0,1,0,33,33,1,3,0,1,4,0,200,200
401976,0,30,1,2,2,0,14,5,0,1,0,33,33,0,4,0,0,0,0,200,200
401978,0,30,0,0,2,3,11,5,0,200,0,0,200,2,200,200,200,200,200,200,200
401978,0,30,0,0,2,3,11,5,0,200,0,0,200,1,6,200,0,0,0,200,200
401987,0,30,0,0,2,3,12,5,0,1,200,0,200,0,6,200,1,200,0,200,200
401987,0,30,0,0,2,3,12,5,0,1,200,0,200,0,5,200,200,200,0,200,200
401987,1,30,0,0,2,3,12,5,0,1,200,0,200,1,200,200,200,200,200,200,200
401988,0,30,2,2,2,0,10,2,0,1,0,18,34,1,200,200,3,200,200,200,200
401988,0,30,2,2,2,0,10,2,0,1,0,18,34,0,4,200,0,200,0,200,200
401988,1,30,2,2,2,0,10,2,0,1,0,18,34,1,200,200,200,200,200,200,200
401988,1,30,2,2,2,0,10,2,0,1,0,18,34,0,4,200,200,200,200,200,200
401988,1,30,2,2,2,0,10,2,0,1,0,18,34,1,200,200,200,200,200,200,200
401998,0,30,1,2,2,3,14,6,0,1,0,23,23,0,6,0,7,0,0,200,200
401998,0,30,1,2,2,3,14,6,0,1,0,23,23,0,6,0,0,0,0,200,200
402003,0,30,0,0,2,3,7,2,0,1,0,0,0,1,6,0,12,200,0,200,200
402003,1,30,0,0,2,3,7,2,0,1,0,0,0,1,2,0,200,200,200,200,200
402011,0,30,1,0,2,3,14,5,0,1,0,0,0,1,5,200,5,200,200,200,200
402011,0,30,1,0,2,3,14,5,0,1,0,0,0,0,5,0,0,0,0,200,200
402014,0,30,0,0,200,200,7,6,0,200,200,20,0,0,5,200,6,200,200,200,200
402016,0,30,2,2,2,1,14,6,0,1,200,0,0,0,5,0,3,200,0,200,200
402016,0,30,2,2,2,1,14,6,0,1,200,0,0,0,6,200,12,200,200,200,200
402017,0,30,1,2,2,0,11,5,0,1,0,6,200,0,5,200,5,200,0,200,200
402017,0,30,1,2,2,0,11,5,0,1,0,6,200,0,5,200,0,200,200,200,200
402017,1,30,1,2,2,0,11,5,0,1,0,6,200,0,5,200,200,200,200,200,200
402017,1,30,1,2,2,0,11,5,0,1,0,6,200,0,5,200,200,200,200,200,200
402017,1,30,1,2,2,0,11,5,0,1,0,6,200,0,5,200,200,200,200,200,200
402018,0,30,1,2,2,3,10,5,0,1,200,34,18,1,6,0,3,200,200,200,200
402018,0,30,1,2,2,3,10,5,0,1,200,34,18,1,200,200,12,200,200,200,200
402025,0,20,0,0,2,3,7,6,0,1,0,14,16,0,200,200,8,200,200,200,200
402037,0,30,0,0,2,3,10,2,0,1,0,18,15,0,6,0,3,0,0,200,200
402037,0,30,0,0,2,3,10,2,0,1,0,18,15,0,5,0,0,0,0,200,200
402037,1,30,0,0,2,3,10,2,0,1,0,18,15,0,0,5,200,200,200,200,200
402037,1,30,0,0,2,3,10,2,0,1,0,18,15,1,5,0,200,200,200,200,200
402043,0,10,0,0,0,1,7,7,0,1,0,0,200,0,200,200,200,200,200,200,200
402046,0,30,1,2,2,3,14,1,0,1,0,16,200,1,7,0,1,0,0,200,200
402046,0,30,1,2,2,3,14,1,0,1,0,16,200,0,6,0,0,0,0,200,200
402046,1,30,1,2,2,3,14,1,0,1,0,16,200,1,7,0,200,200,200,200,200
402047,0,30,0,0,0,1,7,7,0,0,0,20,200,1,8,200,6,200,0,200,200
402049,0,30,3,2,200,1,10,5,0,200,200,18,22,1,200,200,3,200,200,200,200
402049,0,30,3,2,200,1,10,5,0,200,200,18,22,1,6,200,12,200,200,200,200
402052,0,30,1,2,2,3,12,5,0,1,0,0,0,0,6,200,200,200,200,200,200
402052,0,30,1,2,2,3,12,5,0,1,0,0,0,1,6,0,0,0,0,200,200
402053,0,30,0,0,2,200,12,6,0,1,200,200,200,0,200,200,8,200,200,200,200
402053,0,30,0,0,2,200,12,6,0,1,200,200,200,1,6,200,200,200,200,200,200
402055,0,30,1,2,2,3,14,5,0,1,200,17,34,1,3,0,1,0,0,200,200
402055,0,30,1,2,2,3,14,5,0,1,200,17,34,0,6,0,0,0,0,200,200
402055,1,30,1,2,2,3,14,5,0,1,200,17,34,0,4,0,200,200,200,200,200
402059,0,30,1,2,2,3,14,2,0,1,200,17,25,1,5,200,1,4,0,200,200
402059,0,30,1,2,2,3,14,2,0,1,200,17,25,0,5,200,8,4,200,200,200
402059,0,30,1,2,2,3,14,2,0,1,200,17,25,0,6,200,0,4,0,200,200
402064,0,30,3,2,2,3,7,5,0,1,0,20,20,0,6,200,6,200,0,200,200
402064,1,30,3,2,2,3,7,5,0,1,0,20,20,0,200,200,200,200,200,200,200
402076,0,30,1,2,2,3,10,5,0,1,0,16,32,1,7,0,12,0,6,200,200
402076,0,30,1,2,2,3,10,5,0,1,0,16,32,0,5,0,0,0,0,200,200
402076,0,30,1,2,2,3,10,5,0,1,0,16,32,1,6,0,0,0,0,200,0
402076,1,30,1,2,2,3,10,5,0,1,0,16,32,1,0,5,200,200,200,200,200
402077,0,30,0,0,1,1,10,5,0,200,0,16,0,0,6,200,8,200,200,200,200
402077,0,30,0,0,1,1,10,5,0,200,0,16,0,0,5,0,0,0,0,200,200
402083,0,30,1,2,2,3,0,5,0,1,200,6,11,0,7,200,5,200,200,200,200
402083,0,30,1,2,2,3,0,5,0,1,200,6,11,1,6,0,0,200,0,200,200
402083,1,30,1,2,2,3,0,5,0,1,200,6,11,1,2,0,200,200,200,200,200
402083,1,30,1,2,2,3,0,5,0,1,200,6,11,1,2,0,200,200,200,200,200
402084,0,35,0,0,2,0,2,6,0,1,0,200,200,2,200,200,200,200,200,200,200
402093,0,30,1,2,0,3,12,5,0,1,0,17,0,0,4,200,1,200,0,200,200
402093,0,30,1,2,0,3,12,5,0,1,0,17,0,0,5,200,0,200,0,200,200
402096,0,35,1,2,2,3,10,2,0,1,0,16,18,0,6,0,3,0,0,200,200
402096,0,35,1,2,2,3,10,2,0,1,0,16,18,1,6,0,0,0,0,200,200
402101,0,30,1,2,2,3,9,2,0,1,0,16,0,1,6,0,8,0,0,200,200
402101,5,30,1,2,2,3,9,2,0,1,0,16,0,1,6,200,0,0,0,200,200
402105,0,30,0,0,2,3,10,5,0,1,0,18,200,0,7,200,3,0,0,200,200
402105,0,30,0,0,2,3,10,5,0,1,0,18,200,0,6,200,0,200,200,200,200
402108,0,30,0,0,2,3,7,3,0,1,0,16,21,0,6,7,8,0,0,200,200
402112,0,30,0,0,2,4,7,5,0,1,200,0,0,2,200,200,200,200,200,200,200
402122,0,35,1,2,0,3,10,3,0,1,0,16,18,0,6,200,3,200,0,200,200
402122,0,35,1,2,0,3,10,3,0,1,0,16,18,0,5,200,0,200,0,200,200
402127,0,30,0,0,0,3,0,2,0,1,0,5,4,0,3,200,1,3,0,200,200
402127,0,30,0,0,0,3,0,2,0,1,0,5,4,0,6,200,0,0,0,200,200
402131,0,30,0,0,0,3,7,5,0,1,200,0,200,2,200,200,200,200,200,200,200
402133,0,30,0,0,2,3,12,5,0,1,0,0,200,2,200,200,4,200,200,200,200
402133,0,30,0,0,2,3,12,5,0,1,0,0,200,1,5,200,200,0,7,200,200
402134,0,30,200,200,0,3,0,5,0,1,0,11,0,1,5,200,5,200,0,200,200
402134,0,30,200,200,0,3,0,5,0,1,0,11,0,1,5,200,0,200,0,200,200
402136,0,30,1,2,2,3,14,12,0,1,200,6,34,0,6,200,5,200,0,200,200
402136,0,30,1,2,2,3,14,12,0,1,200,6,34,1,5,200,0,200,0,200,200
402136,1,30,1,2,2,3,14,12,0,1,200,6,34,0,7,200,200,200,200,200,200
402136,1,30,1,2,2,3,14,12,0,1,200,6,34,1,200,200,200,200,200,200,200
402141,0,30,1,1,0,3,14,3,0,0,0,6,11,0,5,0,5,0,0,200,200
402141,0,30,1,1,0,3,14,3,0,0,0,6,11,0,7,0,0,0,0,200,200
402147,0,30,12,2,2,3,5,5,0,1,0,32,0,1,5,200,5,0,5,0.2,200
402150,0,25,0,0,2,0,7,6,0,1,0,20,200,0,5,200,10,0,0,200,200
402155,0,30,1,2,0,3,14,12,0,0,0,18,18,1,6,200,3,0,0,200,200
402155,0,30,1,2,0,3,14,12,0,0,0,18,18,0,6,200,12,0,0,200,200
402172,0,30,0,0,1,3,7,6,0,1,200,16,14,1,5,200,8,200,1,200,200
402180,0,35,0,0,0,3,7,5,0,0,0,32,0,0,6,200,8,200,5,0.18,200
402189,0,30,0,0,2,3,2,5,0,1,12,34,34,0,4,200,200,200,7,200,200
402210,0,30,0,0,0,3,2,3,0,1,0,16,200,0,8,200,4,200,0,200,200
402225,0,30,1,2,0,2,10,2,0,0,0,11,0,0,4,200,3,0,0,200,200
402225,0,30,1,2,0,2,10,2,0,0,0,11,0,1,7,200,0,0,0,200,200
402229,0,30,1,2,2,2,2,5,0,1,0,11,200,1,6,0,7,0,0,200,200
402229,1,30,1,2,2,2,2,5,0,1,0,11,200,1,5,0,200,200,200,200,200
402230,0,30,1,2,0,2,10,5,0,1,0,7,200,0,7,200,15,0,200,200,200
402230,0,30,1,2,0,2,10,5,0,1,0,7,200,0,5,200,0,0,0,200,200
402231,0,30,1,2,2,1,0,6,0,1,0,17,17,2,200,200,1,200,200,200,200
402231,0,30,1,2,2,1,0,6,0,1,0,17,17,0,6,0,0,0,0,200,200
402231,1,30,1,2,2,1,0,6,0,1,0,17,17,200,200,0,200,200,200,200,200
402232,0,20,1,2,0,3,12,5,0,1,0,0,0,0,7,0,0,0,0,200,200
402232,0,20,1,2,0,3,12,5,0,1,0,0,0,0,6,0,0,0,0,200,200
402234,0,30,1,2,0,2,0,5,0,200,0,16,0,2,200,200,200,200,200,200,200
402234,0,30,1,2,0,2,0,5,0,200,0,16,0,0,7,0,0,200,0,200,200
402237,0,30,0,0,0,1,14,5,0,0,0,21,11,1,6,0,4,0,0,200,200
402237,0,30,0,0,0,1,14,5,0,0,0,21,11,0,6,0,12,0,0,200,200
402240,0,35,0,0,2,2,5,3,0,1,0,15,16,0,5,0,8,0,0,200,200
402242,0,30,0,2,2,1,14,5,0,1,0,23,0,1,7,200,7,200,200,200,200
402242,0,30,0,2,2,1,14,5,0,1,0,23,0,0,7,0,0,0,0,200,200
402242,1,30,0,2,2,1,14,5,0,1,0,23,0,1,200,200,200,200,200,200,200
402244,0,30,0,0,0,1,5,2,0,0,0,0,0,0,9,0,6,200,0,200,200
402250,0,35,0,0,2,2,2,3,3,1,0,15,34,0,7,200,8,0,0,200,200
402256,0,30,1,2,0,1,10,3,0,0,0,200,200,1,6,0,200,0,0,200,200
402256,0,30,1,2,0,1,10,3,0,0,0,200,200,1,6,0,0,0,0,200,200
402257,0,40,0,0,2,1,2,3,3,1,200,0,0,0,6,200,200,200,0,200,200
402268,0,30,0,0,0,1,8,5,0,0,0,0,0,0,6,0,0,0,0,200,200
402268,4,30,0,0,0,1,8,5,0,0,0,0,0,0,200,200,7,200,200,200,200
402273,0,15,0,0,1,1,7,6,0,1,0,16,200,0,6,0,12,0,0,200,200
402274,0,30,1,2,1,1,14,2,0,0,0,0,0,0,6,0,7,0,0,200,200
402274,0,30,1,2,1,1,14,2,0,0,0,0,0,0,7,0,0,0,0,200,200
402275,0,25,0,0,200,200,7,5,0,200,0,0,200,2,200,200,200,200,200,200,200
402276,0,30,1,2,1,1,14,5,0,0,0,27,6,0,6,0,200,0,0,200,200
402276,0,30,1,2,1,1,14,5,0,0,0,27,6,0,8,0,200,0,0,200,200
402280,0,30,1,2,0,1,14,2,0,0,0,22,23,1,5,0,2,0,0,200,200
402280,0,30,1,2,0,1,14,2,0,0,0,22,23,1,6,0,7,0,0,200,200
402280,1,30,1,2,0,1,14,2,0,0,0,22,23,0,2,0,200,200,200,200,200
402280,1,30,1,2,0,1,14,2,0,0,0,22,23,0,3,0,200,200,200,200,200
402284,0,25,2,2,0,1,7,5,0,0,0,23,200,1,5,0,7,0,0,200,200
402284,0,25,2,2,0,1,7,5,0,0,0,23,200,1,6,0,0,0,0,200,200
402286,0,30,1,2,1,1,14,5,0,0,0,23,200,0,7,0,7,0,0,200,200
402286,0,30,1,2,1,1,14,5,0,0,0,23,200,0,6,7,0,0,0,200,200
402286,4,30,1,2,1,1,14,5,0,0,0,23,200,0,7,7,0,0,0,200,200
402286,1,30,1,2,1,1,14,5,0,0,0,23,200,0,6,7,200,200,200,200,200
402286,1,30,1,2,1,1,14,5,0,0,0,23,200,0,6,7,200,200,200,200,200
402288,0,30,0,0,2,0,7,3,0,1,0,0,0,2,200,200,200,200,200,200,200
402290,0,35,1,2,0,1,10,5,0,0,0,16,18,1,7,200,3,0,0,200,200
402290,0,35,1,2,0,1,10,5,0,0,0,16,18,0,4,0,0,0,0,200,200
402292,0,35,0,0,0,1,12,5,0,0,0,0,0,0,200,200,4,200,200,200,200
402292,0,35,0,0,0,1,12,5,0,0,0,0,0,0,5,0,0,0,0,200,200
402293,0,35,0,0,1,1,10,2,3,1,0,0,0,1,5,0,0,0,0,200,200
402293,0,35,0,0,1,1,10,2,3,1,0,0,0,0,8,0,0,0,0,200,200
402296,0,30,1,2,1,2,0,6,0,0,0,6,16,1,7,200,5,200,200,200,200
402296,0,30,1,2,1,2,0,6,0,0,0,6,16,0,6,0,0,0,0,200,200
402300,0,15,0,0,0,2,7,7,0,0,1,29,0,0,7,0,0,0,0,200,200
402312,0,30,0,0,0,1,9,2,0,0,0,17,0,0,7,0,1,0,0,200,200
402312,5,30,0,0,0,1,9,2,0,0,0,17,0,1,6,7,0,0,0,200,200
402315,0,30,0,0,0,1,10,5,0,0,0,18,200,0,200,200,3,200,200,200,200
402315,0,30,0,0,0,1,10,5,0,0,0,18,200,1,7,200,0,0,0,200,200
402315,1,30,0,0,0,1,10,5,0,0,0,18,200,1,1,5,200,200,200,200,200
402315,1,30,0,0,0,1,10,5,0,0,0,18,200,0,2,5,200,200,200,200,200
402316,0,30,0,0,0,1,12,6,0,0,0,21,0,0,200,200,4,200,200,200,200
402316,0,30,0,0,0,1,12,6,0,0,0,21,0,0,5,200,0,0,0,200,200
402317,0,30,0,0,2,1,10,5,0,1,0,0,0,0,5,200,200,200,0,200,200
402317,0,30,0,0,2,1,10,5,0,1,0,0,0,0,6,200,200,200,0,200,200
402317,0,30,0,0,2,1,10,5,0,1,0,0,0,1,6,200,200,200,0,200,200
402317,1,30,0,0,2,1,10,5,0,1,0,0,0,2,200,200,200,200,200,200,200
402317,1,30,0,0,2,1,10,5,0,1,0,0,0,2,200,200,200,200,200,200,200
402321,0,30,1,2,0,1,10,5,0,0,0,18,16,1,5,0,3,0,0,200,200
402321,0,30,1,2,0,1,10,5,0,0,0,18,16,1,5,0,0,0,0,200,200
402321,0,30,1,2,0,1,10,5,0,0,0,18,16,1,200,0,0,0,0,200,200
402333,0,30,0,0,2,1,9,5,0,1,0,200,200,1,5,200,0,200,0,200,200
402333,5,30,0,0,2,1,9,5,0,1,0,200,200,1,3,7,0,200,7,200,200
402333,1,30,0,0,2,1,9,5,0,1,0,200,200,0,0,0,200,200,200,200,200
402334,0,35,0,0,1,1,14,2,0,1,0,17,15,0,5,0,1,200,0,200,200
402334,0,35,0,0,1,1,14,2,0,1,0,17,15,0,7,0,8,0,0,200,200
402339,0,30,1,2,1,1,10,5,0,1,0,28,16,0,5,200,3,0,0,200,200
402339,0,30,1,2,1,1,10,5,0,1,0,28,16,1,6,200,0,0,0,200,200
402340,0,30,1,2,1,1,10,2,0,0,0,11,0,0,4,0,12,0,0,200,200
402340,0,30,1,2,1,1,10,2,0,0,0,11,0,1,8,0,0,0,0,200,200
402342,0,30,0,0,1,1,9,5,0,1,12,21,22,0,200,200,2,200,200,200,200
402342,5,30,0,0,1,1,9,5,0,1,12,21,22,1,6,7,200,200,0,200,200
402344,1,30,0,0,2,1,12,3,0,1,0,22,0,1,200,200,200,200,200,200,200
402344,0,30,0,0,2,1,12,3,0,1,0,22,0,0,6,200,4,200,0,200,200
402344,0,30,0,0,2,1,12,3,0,1,0,22,0,1,7,200,200,200,0,200,200
402346,0,30,0,0,200,200,7,5,0,200,0,0,200,2,200,200,200,200,200,200,200
402349,0,15,0,0,0,1,7,7,0,0,0,0,0,1,200,200,200,200,200,200,200
402353,0,30,1,2,0,1,12,5,0,0,0,17,200,0,5,200,1,200,200,200,200
402353,0,30,1,2,0,1,12,5,0,0,0,17,200,0,6,0,0,0,0,200,200
402354,0,30,1,2,0,1,14,5,0,0,0,17,17,1,5,0,1,0,0,200,200
402354,0,30,1,2,0,1,14,5,0,0,0,17,17,1,6,0,0,0,0,200,200
402355,0,30,0,0,2,1,10,5,0,1,0,16,12,1,5,0,8,0,0,200,200
402355,0,30,0,0,2,1,10,5,0,1,0,16,12,0,8,0,0,0,0,200,200
402357,0,35,0,0,1,1,14,2,0,0,0,17,200,0,3,0,1,1,0,200,200
402357,0,35,0,0,1,1,14,2,0,0,0,17,200,1,6,0,0,1,0,200,200
402357,1,35,0,0,1,1,14,2,0,0,0,17,200,1,0,5,200,200,200,200,200
402363,0,30,0,0,2,1,7,6,0,1,0,0,0,2,200,200,200,200,200,200,200
402367,0,30,1,2,0,1,12,5,0,0,0,200,33,0,7,200,12,200,0,200,200
402367,0,30,1,2,0,1,12,5,0,0,0,200,33,0,6,200,0,0,0,200,200
402371,0,30,0,0,0,1,12,6,0,0,0,17,17,0,6,0,1,0,0,200,200
402371,0,30,0,0,0,1,12,6,0,0,0,17,17,0,8,0,1,0,0,200,200
402378,0,30,2,2,0,1,10,2,0,0,0,18,23,0,9,0,3,200,0,200,200
402378,0,30,2,2,0,1,10,2,0,0,0,18,23,0,6,0,0,200,0,200,200
402385,0,30,12,12,2,1,14,2,0,1,12,200,200,1,5,0,12,0,0,200,200
402385,0,30,12,12,2,1,14,2,0,1,12,200,200,0,200,200,200,200,200,200,200
402387,0,30,2,2,0,3,0,6,0,0,0,5,11,2,200,200,5,200,200,200,200
402387,0,30,2,2,0,3,0,6,0,0,0,5,11,1,7,0,12,1,0,200,200
402387,1,30,2,2,0,3,0,6,0,0,0,5,11,0,200,0,200,200,200,200,200
402390,0,30,0,0,1,1,14,2,0,0,0,21,200,0,6,0,7,0,0,200,200
402390,0,30,0,0,1,1,14,2,0,0,0,21,200,0,7,0,0,0,0,200,200
402395,1,30,0,0,1,1,10,12,0,0,0,20,200,0,200,200,200,200,200,200,200
402395,0,30,0,0,1,1,10,12,0,0,0,20,200,0,6,0,6,0,0,200,200
402395,0,30,0,0,1,1,10,12,0,0,0,20,200,1,4,0,0,0,0,200,200
402395,1,30,0,0,1,1,10,12,0,0,0,20,200,0,200,200,200,200,200,200,200
402398,0,30,1,2,1,1,12,2,0,0,0,22,0,1,7,0,0,0,0,200,200
402398,0,30,1,2,1,1,12,2,0,0,0,22,0,0,6,0,0,0,0,200,200
402405,0,30,1,2,1,1,10,5,0,0,0,16,0,0,6,200,200,200,0,200,200
402405,0,30,1,2,1,1,10,5,0,0,0,16,0,0,200,0,0,0,0,200,200