RD_NO,PERSON_TYPE,POSTED_SPEED_LIMIT,TRAFFIC_CONTROL_DEVICE,DEVICE_CONDITION,WEATHER_CONDITION,LIGHTING_CONDITION,FIRST_CRASH_TYPE,TRAFFICWAY_TYPE,ALIGNMENT,ROADWAY_SURFACE_COND,ROAD_DEFECT,PRIM_CONTRIBUTORY_CAUSE,SEC_CONTRIBUTORY_CAUSE,SEX,AGE,SAFETY_EQUIPMENT,DRIVER_ACTION,DRIVER_VISION,PHYSICAL_CONDITION,BAC_RESULT VALUE,CELL_PHONE_USE
402405,1,30,1,2,1,1,10,5,0,0,0,16,0,1,200,200,200,200,200,200,200
402406,0,30,0,0,2,1,10,6,0,1,0,0,200,0,6,0,0,0,0,200,200
402406,0,30,0,0,2,1,10,6,0,1,0,0,200,0,200,200,4,200,200,200,200
402406,1,30,0,0,2,1,10,6,0,1,0,0,200,1,200,0,200,200,200,200,200
402410,0,30,1,2,2,1,12,2,0,1,200,22,200,0,7,200,200,200,200,200,200
402410,0,30,1,2,2,1,12,2,0,1,200,22,200,0,6,200,200,200,200,200,200
402411,0,30,0,0,0,1,7,6,0,0,0,200,200,1,7,0,200,0,0,200,200
402412,0,30,1,2,2,0,9,6,0,1,200,33,0,0,6,0,1,12,0,200,200
402412,5,30,1,2,2,0,9,6,0,1,200,33,0,0,6,7,0,0,0,200,200
402422,0,0,2,2,0,1,12,2,0,0,0,18,18,0,200,200,5,200,200,200,200
402422,0,0,2,2,0,1,12,2,0,0,0,18,18,1,8,0,0,0,0,200,200
402430,0,30,2,2,1,1,0,5,0,1,0,17,200,0,200,200,5,200,200,200,200
402430,0,30,2,2,1,1,0,5,0,1,0,17,200,0,6,200,0,0,0,200,200
402437,0,30,0,0,2,1,2,5,2,1,0,0,200,1,7,0,200,0,0,200,200
402437,1,30,0,0,2,1,2,5,2,1,0,0,200,0,6,200,200,200,200,200,200
402437,1,30,0,0,2,1,2,5,2,1,0,0,200,1,7,200,200,200,200,200,200
402447,0,15,200,200,2,1,9,0,0,200,200,0,0,2,200,200,200,200,200,200,200
402447,5,15,200,200,2,1,9,0,0,200,200,0,0,1,6,7,12,200,1,200,200
402448,0,0,12,2,2,1,10,5,0,1,12,0,0,1,6,200,200,200,0,200,200
402448,0,0,12,2,2,1,10,5,0,1,12,0,0,0,6,200,200,200,0,200,200
402456,0,20,0,0,0,1,7,2,0,0,0,0,200,0,6,0,0,0,0,200,200
402456,1,20,0,0,0,1,7,2,0,0,0,0,200,1,7,1,200,200,200,200,200
402457,0,30,0,0,1,1,7,5,0,0,0,18,0,0,6,0,3,0,0,200,200
402461,0,30,12,12,2,1,9,5,0,1,0,20,20,1,5,0,200,0,0,200,200
402461,5,30,12,12,2,1,9,5,0,1,0,20,20,0,7,7,200,200,0,200,200
402463,0,30,0,0,0,1,7,6,0,0,0,0,0,0,6,200,200,200,200,200,200
402463,1,30,0,0,0,1,7,6,0,0,0,0,0,1,200,200,200,200,200,200,200
402468,0,30,1,2,2,1,10,5,0,1,0,34,200,0,6,0,8,0,0,200,200
402468,0,30,1,2,2,1,10,5,0,1,0,34,200,0,6,0,0,0,0,200,200
402468,1,30,1,2,2,1,10,5,0,1,0,34,200,0,6,0,200,200,200,200,200
402475,0,30,0,0,0,1,7,5,0,0,0,0,200,0,200,200,200,200,200,200,200
402480,0,30,1,2,2,1,10,2,0,1,0,18,200,0,6,200,3,200,0,200,200
402480,0,30,1,2,2,1,10,2,0,1,0,18,200,0,9,200,0,200,0,200,200
402480,1,30,1,2,2,1,10,2,0,1,0,18,200,1,7,200,200,200,200,200,200
402485,0,35,1,2,0,1,10,2,0,0,0,11,0,1,3,0,12,0,0,200,200
402485,0,35,1,2,0,1,10,2,0,0,0,11,0,1,7,0,0,0,0,200,200
402489,0,30,1,2,2,1,10,5,0,1,0,18,16,1,200,200,3,200,0,200,200
402489,0,30,1,2,2,1,10,5,0,1,0,18,16,1,6,0,0,0,0,200,200
402491,0,30,1,2,0,1,10,2,0,0,0,18,16,0,7,200,3,200,200,200,200
402491,0,30,1,2,0,1,10,2,0,0,0,18,16,0,6,200,0,0,0,200,200
402494,0,30,0,0,2,3,7,5,0,1,0,0,0,2,200,200,200,200,200,200,200
402497,0,15,0,0,0,1,5,7,0,0,0,200,200,0,8,7,7,0,0,200,200
402499,0,30,0,0,0,1,11,5,0,0,0,0,0,1,5,0,200,0,0,200,200
402499,0,30,0,0,0,1,11,5,0,0,0,0,0,1,6,0,200,0,0,200,200
402500,0,30,0,0,0,1,10,3,0,0,0,16,16,0,6,200,12,0,0,200,200
402500,0,30,0,0,0,1,10,3,0,0,0,16,16,1,6,200,0,0,0,200,200
402505,0,30,1,2,0,1,14,2,0,1,0,17,200,1,6,0,1,0,0,200,200
402505,0,30,1,2,0,1,14,2,0,1,0,17,200,0,7,0,0,0,0,200,200
402505,1,30,1,2,0,1,14,2,0,1,0,17,200,1,4,0,200,200,200,200,200
402505,1,30,1,2,0,1,14,2,0,1,0,17,200,1,7,0,200,200,200,200,200
402506,0,40,0,0,2,1,2,3,1,1,0,14,18,0,4,0,8,0,0,200,200
402514,0,30,0,0,1,1,7,6,0,0,0,0,0,2,200,200,200,200,200,200,200
402515,0,30,0,0,2,1,14,5,0,1,0,34,200,0,5,200,0,4,0,200,200
402515,0,30,0,0,2,1,14,5,0,1,0,34,200,1,9,200,0,4,0,200,200
402519,0,30,1,2,0,1,0,2,0,0,0,6,16,0,200,200,5,200,200,200,200
402519,0,30,1,2,0,1,0,2,0,0,0,6,16,1,6,0,0,0,0,200,200
402522,0,30,0,0,200,200,7,5,0,200,0,0,200,2,200,200,200,200,200,200,200
402531,4,30,0,0,0,1,8,6,0,0,0,17,200,1,5,200,1,5,0,200,200
402531,0,30,0,0,0,1,8,6,0,0,0,17,200,0,6,200,0,5,0,200,200
402532,0,15,0,0,1,1,7,6,0,1,0,11,11,0,5,0,12,0,0,200,200
402533,0,30,0,0,0,1,7,6,0,0,0,20,200,1,8,0,6,0,0,200,200
402533,1,30,0,0,0,1,7,6,0,0,0,20,200,1,200,200,200,200,200,200,200
402540,0,30,0,0,0,1,12,5,0,1,0,0,0,0,3,0,200,0,0,200,200
402540,0,30,0,0,0,1,12,5,0,1,0,0,0,1,7,0,0,0,0,200,200
402542,0,30,1,2,1,1,12,5,0,0,0,17,17,0,8,0,7,0,0,200,200
402542,0,30,1,2,1,1,12,5,0,0,0,17,17,0,6,1,0,0,0,200,200
402547,0,30,1,2,0,1,14,2,0,0,200,21,200,0,6,200,12,200,0,200,200
402547,0,30,1,2,0,1,14,2,0,0,200,21,200,0,6,200,12,200,0,200,200
402548,0,35,0,0,0,1,7,7,0,0,0,11,0,1,200,200,1,1,200,200,200
402548,1,35,0,0,0,1,7,7,0,0,0,11,0,0,200,200,200,200,200,200,200
402548,1,35,0,0,0,1,7,7,0,0,0,11,0,1,7,0,200,200,200,200,200
402558,0,30,1,2,1,1,0,5,0,0,0,33,200,0,5,0,0,1,0,200,200
402558,0,30,1,2,1,1,0,5,0,0,0,33,200,0,6,0,0,1,0,200,200
402558,1,30,1,2,1,1,0,5,0,0,0,33,200,0,5,0,200,200,200,200,200
402560,0,30,0,0,0,1,12,5,0,0,0,0,0,0,9,0,1,0,0,200,200
402560,0,30,0,0,0,1,12,5,0,0,0,0,0,1,6,0,0,0,0,200,200
402589,0,30,2,2,1,1,14,5,0,0,0,5,21,1,9,0,5,4,0,200,200
402589,0,30,2,2,1,1,14,5,0,0,0,5,21,0,7,0,0,0,0,200,200
402594,0,30,0,0,0,1,7,2,0,0,0,0,0,1,5,0,200,0,0,200,200
402594,1,30,0,0,0,1,7,2,0,0,0,0,0,0,4,0,200,200,200,200,200
402600,0,35,1,2,1,1,10,2,0,0,0,0,0,1,6,0,1,0,0,200,200
402600,0,35,1,2,1,1,10,2,0,0,0,0,0,0,7,0,1,0,0,200,200
402600,0,35,1,2,1,1,10,2,0,0,0,0,0,1,7,0,0,0,0,200,200
402605,0,30,0,0,0,3,12,12,0,0,0,18,22,0,5,0,3,0,0,200,200
402605,0,30,0,0,0,3,12,12,0,0,0,18,22,0,6,0,0,0,0,200,200
402605,1,30,0,0,0,3,12,12,0,0,0,18,22,0,4,0,200,200,200,200,200
402617,0,30,1,2,1,1,10,5,0,1,0,18,200,1,7,200,3,0,0,200,200
402617,0,30,1,2,1,1,10,5,0,1,0,18,200,1,7,0,0,0,0,200,200
402617,1,30,1,2,1,1,10,5,0,1,0,18,200,0,200,0,200,200,200,200,200
402620,0,30,0,0,0,1,10,2,0,1,0,0,200,0,4,200,200,0,0,200,200
402620,0,30,0,0,0,1,10,2,0,1,0,0,200,0,5,200,0,0,0,200,200
402632,0,30,0,0,0,1,14,5,0,0,0,23,0,0,5,0,7,200,0,200,200
402632,0,30,0,0,0,1,14,5,0,0,0,23,0,1,7,0,0,0,0,200,200
402634,0,30,0,0,0,1,10,5,0,0,0,7,16,0,6,200,12,0,0,200,200
402634,0,30,0,0,0,1,10,5,0,0,0,7,16,0,7,200,0,0,0,200,200
402636,0,25,0,0,0,1,14,7,0,1,0,0,0,1,5,0,200,0,0,200,200
402636,0,25,0,0,0,1,14,7,0,1,0,0,0,1,7,0,0,0,0,200,200
402641,0,30,2,2,0,1,9,2,0,0,0,5,200,0,7,200,5,1,0,200,200
402641,5,30,2,2,0,1,9,2,0,0,0,5,200,1,7,7,0,200,0,200,200
402645,0,30,0,0,0,1,10,5,0,0,0,0,0,1,7,200,200,200,200,200,200
402645,0,30,0,0,0,1,10,5,0,0,0,0,0,0,6,0,0,0,0,200,200
402646,0,20,1,2,0,1,12,2,0,0,0,17,200,0,200,200,4,200,200,200,200
402646,0,20,1,2,0,1,12,2,0,0,0,17,200,0,6,0,0,0,0,200,200
402647,0,30,1,2,0,1,14,6,0,0,0,0,0,0,8,200,200,200,0,200,200
402647,0,30,1,2,0,1,14,6,0,0,0,0,0,0,4,200,200,0,0,200,200
402651,0,30,1,2,1,1,10,6,0,1,12,0,200,1,7,0,0,0,0,200,200
402659,0,30,0,0,0,200,7,6,0,0,0,0,0,2,200,200,200,200,200,200,200
402669,0,30,1,2,0,1,8,5,0,0,0,17,22,0,4,0,1,0,0,200,200
402669,4,30,1,2,0,1,8,5,0,0,0,17,22,0,7,2,0,0,0,200,200
402677,0,25,0,200,0,1,7,5,0,200,0,21,0,2,200,200,200,200,200,200,200
402678,0,30,200,200,200,200,10,200,0,200,200,0,200,1,5,200,200,200,200,200,200
402678,0,30,200,200,200,200,10,200,0,200,200,0,200,0,5,0,200,200,200,200,200
402678,1,30,200,200,200,200,10,200,0,200,200,0,200,1,4,0,200,200,200,200,200
402678,1,30,200,200,200,200,10,200,0,200,200,0,200,0,200,200,200,200,200,200,200
402681,0,30,0,0,0,1,10,7,0,0,0,16,0,0,9,200,3,200,200,200,200
402681,0,30,0,0,0,1,10,7,0,0,0,16,0,1,7,0,0,200,0,200,200
402681,1,30,0,0,0,1,10,7,0,0,0,16,0,0,2,0,200,200,200,200,200
402682,0,30,2,2,0,1,14,1,0,0,0,17,22,0,9,200,1,1,0,200,200
402682,0,30,2,2,0,1,14,1,0,0,0,17,22,1,6,200,200,0,0,200,200
402682,1,30,2,2,0,1,14,1,0,0,0,17,22,0,6,200,200,200,200,200,200
402682,1,30,2,2,0,1,14,1,0,0,0,17,22,1,6,200,200,200,200,200,200
402682,1,30,2,2,0,1,14,1,0,0,0,17,22,0,2,200,200,200,200,200,200
402682,1,30,2,2,0,1,14,1,0,0,0,17,22,1,2,200,200,200,200,200,200
402682,1,30,2,2,0,1,14,1,0,0,0,17,22,1,6,200,200,200,200,200,200
402684,0,30,2,2,0,1,0,2,0,0,0,0,0,0,8,0,0,1,0,200,200
402684,0,30,2,2,0,1,0,2,0,0,0,0,0,1,200,200,200,200,200,200,200
402687,0,30,1,2,0,1,10,2,0,0,0,18,16,0,5,200,200,0,0,200,200
402687,0,30,1,2,0,1,10,2,0,0,0,18,16,0,7,7,0,0,0,200,200
402690,0,30,2,2,0,1,10,5,0,0,0,18,0,0,5,0,3,5,0,200,200
402690,0,30,2,2,0,1,10,5,0,0,0,18,0,0,5,0,0,0,0,200,200
402693,0,30,0,0,0,1,14,6,0,0,0,22,18,1,9,200,2,0,0,200,200
402693,0,30,0,0,0,1,14,6,0,0,0,22,18,1,5,200,0,0,0,200,200
402693,1,30,0,0,0,1,14,6,0,0,0,22,18,0,9,200,200,200,200,200,200
402693,1,30,0,0,0,1,14,6,0,0,0,22,18,0,2,200,200,200,200,200,200
402694,0,30,0,0,0,1,5,5,0,0,0,0,0,2,200,200,200,200,200,200,200
402694,3,30,0,0,0,1,5,5,0,0,0,0,0,200,200,200,200,200,200,200,200
402700,0,30,0,0,2,1,10,6,0,1,200,0,0,1,6,0,200,200,200,200,200
402700,0,30,0,0,2,1,10,6,0,1,200,0,0,1,0,0,12,0,200,200,200
402701,0,20,0,0,0,1,12,2,0,0,0,0,0,2,200,200,200,200,200,200,200
402701,0,20,0,0,0,1,12,2,0,0,0,0,0,0,7,0,0,0,0,200,200
402703,0,30,0,0,2,0,12,2,0,1,0,22,200,0,200,200,2,1,200,200,200
402703,0,30,0,0,2,0,12,2,0,1,0,22,200,1,6,0,12,0,200,200,200
402703,1,30,0,0,2,0,12,2,0,1,0,22,200,1,200,0,200,200,200,200,200
402703,1,30,0,0,2,0,12,2,0,1,0,22,200,1,200,0,200,200,200,200,200
402705,0,30,0,0,0,1,10,5,0,0,200,18,200,0,6,0,3,0,0,200,200
402705,0,30,0,0,0,1,10,5,0,0,200,18,200,0,7,0,0,0,0,200,200
402705,1,30,0,0,0,1,10,5,0,0,200,18,200,0,0,5,200,200,200,200,200
402709,0,30,2,2,0,1,14,12,0,0,0,0,0,1,8,200,12,0,0,200,200
402709,0,30,2,2,0,1,14,12,0,0,0,0,0,0,3,200,0,200,0,200,200
402715,0,30,0,0,0,1,7,7,0,0,0,35,200,2,200,200,200,200,200,200,200
402717,0,30,1,200,0,1,7,5,0,0,0,11,0,1,6,200,200,0,0,200,200
402717,1,30,1,200,0,1,7,5,0,0,0,11,0,0,0,5,200,200,200,200,200
402717,1,30,1,200,0,1,7,5,0,0,0,11,0,1,6,200,200,200,200,200,200
402725,0,25,2,2,0,1,9,6,0,0,0,33,200,1,5,200,1,12,1,200,200
402725,5,25,2,2,0,1,9,6,0,0,0,33,200,0,7,7,0,12,7,200,200
402727,0,30,0,0,0,1,7,12,0,0,0,0,0,0,6,0,12,0,0,200,200
402737,0,30,1,2,200,1,14,3,2,200,200,23,17,0,5,0,0,200,200,200,200
402737,0,30,1,2,200,1,14,3,2,200,200,23,17,1,7,200,7,200,200,200,200
402747,0,30,0,0,0,1,2,6,0,0,1,0,200,1,7,0,0,0,0,200,200
402748,1,35,1,2,0,1,10,5,2,0,0,18,16,1,200,200,200,200,200,200,200
402748,0,35,1,2,0,1,10,5,2,0,0,18,16,0,9,200,3,0,0,200,200
402748,0,35,1,2,0,1,10,5,2,0,0,18,16,0,6,0,0,0,0,200,200
402755,0,30,0,0,0,1,12,5,0,0,0,0,0,2,200,200,200,200,200,200,200
402755,0,30,0,0,0,1,12,5,0,0,0,0,0,0,8,200,0,0,0,200,200
402756,0,20,0,0,0,1,3,6,0,0,0,20,20,1,6,0,6,0,0,200,200
402756,0,20,0,0,0,1,3,6,0,0,0,20,20,1,7,200,0,200,200,200,200
402766,0,30,1,0,2,1,10,5,0,1,0,34,200,1,200,200,1,200,200,200,200
402766,0,30,1,0,2,1,10,5,0,1,0,34,200,1,4,200,3,0,0,200,200
402766,0,30,1,0,2,1,10,5,0,1,0,34,200,1,5,200,0,0,0,200,200
402769,0,30,0,0,0,1,7,6,0,0,0,18,200,2,200,200,200,200,200,200,200
402775,0,30,0,0,0,1,9,5,0,0,0,0,200,2,200,200,200,200,200,200,200
402775,5,30,0,0,0,1,9,5,0,0,0,0,200,1,9,7,0,12,0,200,200
402785,0,30,1,2,0,1,12,5,0,0,0,17,22,1,200,200,4,200,200,200,200
402785,0,30,1,2,0,1,12,5,0,0,0,17,22,1,5,0,0,0,0,200,200
402792,0,30,1,3,0,1,0,2,0,0,0,33,33,1,6,0,12,5,0,200,200
402792,0,30,1,3,0,1,0,2,0,0,0,33,33,1,6,0,12,0,0,200,200
402792,1,30,1,3,0,1,0,2,0,0,0,33,33,0,3,0,200,200,200,200,200
402794,0,30,1,2,2,1,10,5,0,1,0,34,16,0,6,200,1,0,0,200,200
402794,0,30,1,2,2,1,10,5,0,1,0,34,16,1,8,200,0,0,0,200,200
402795,0,30,0,0,0,1,14,5,0,0,0,0,200,1,6,0,200,1,0,200,200
402795,0,30,0,0,0,1,14,5,0,0,0,0,200,0,5,0,2,0,0,200,200
402797,0,30,1,2,0,1,12,5,0,0,0,17,0,0,8,200,1,0,0,200,200
402797,0,30,1,2,0,1,12,5,0,0,0,17,0,0,7,200,0,0,0,200,200
402797,1,30,1,2,0,1,12,5,0,0,0,17,0,1,9,200,200,200,200,200,200
402798,0,30,2,2,0,1,14,5,0,0,0,5,35,0,5,0,1,0,0,200,200
402798,0,30,2,2,0,1,14,5,0,0,0,5,35,1,5,0,0,0,0,200,200
402812,0,5,0,0,200,200,7,7,0,200,200,0,200,2,200,200,200,200,200,200,200
402818,0,20,0,0,0,1,7,7,0,0,0,0,0,2,200,200,200,200,200,200,200
402819,0,20,0,0,0,1,7,6,0,0,0,0,0,1,6,200,200,200,200,200,200
402822,0,35,1,2,0,1,10,2,0,0,0,15,0,0,7,200,200,200,200,200,200
402822,0,35,1,2,0,1,10,2,0,0,0,15,0,1,6,0,0,0,0,200,200
402822,1,35,1,2,0,1,10,2,0,0,0,15,0,1,7,0,200,200,200,200,200
402823,0,30,0,200,0,1,7,12,0,0,0,11,200,0,7,200,7,0,0,200,200
402824,0,30,0,0,0,1,12,6,0,0,0,0,0,0,200,0,200,0,0,200,200
402824,0,30,0,0,0,1,12,6,0,0,0,0,0,0,200,0,200,0,0,200,200
402825,0,0,0,0,0,1,7,7,0,0,0,20,200,0,7,0,6,0,0,200,200
402825,1,0,0,0,0,1,7,7,0,0,0,20,200,0,4,0,200,200,200,200,200
402825,1,0,0,0,0,1,7,7,0,0,0,20,200,0,4,0,200,200,200,200,200
402825,1,0,0,0,0,1,7,7,0,0,0,20,200,0,5,0,200,200,200,200,200
402827,0,30,0,0,0,0,7,5,0,1,0,0,0,2,200,200,200,200,200,200,200
402838,0,30,0,0,0,1,3,5,0,0,0,17,16,0,200,200,200,200,200,200,200
402838,0,30,0,0,0,1,3,5,0,0,0,17,16,1,6,7,200,200,0,200,200
402839,0,30,0,0,200,200,7,6,0,200,0,0,0,2,200,200,200,200,200,200,200
402842,0,30,1,2,0,1,10,5,0,0,200,18,200,1,7,200,3,0,0,200,200
402842,0,30,1,2,0,1,10,5,0,0,200,18,200,1,6,0,0,0,0,200,200
402845,0,30,2,2,0,1,14,6,0,0,0,200,200,0,6,200,200,0,0,200,200
402845,0,30,2,2,0,1,14,6,0,0,0,200,200,1,6,200,200,0,0,200,200
402847,0,35,1,2,0,1,7,5,0,0,0,200,33,0,8,200,200,0,0,200,200
402848,0,30,0,0,0,1,0,5,0,0,0,0,0,0,4,0,200,0,0,200,200
402848,0,30,0,0,0,1,0,5,0,0,0,0,0,0,6,0,200,0,0,200,200
402848,1,30,0,0,0,1,0,5,0,0,0,0,0,1,5,0,200,200,200,200,200
402848,1,30,0,0,0,1,0,5,0,0,0,0,0,200,200,5,200,200,200,200,200
402854,0,30,1,2,0,1,14,2,0,0,0,0,0,0,5,1,12,0,0,200,200
402854,0,30,1,2,0,1,14,2,0,0,0,0,0,0,9,200,12,0,0,200,200
402855,0,15,0,0,0,1,0,7,0,1,0,0,0,1,200,200,6,200,200,200,200
402855,0,15,0,0,0,1,0,7,0,1,0,0,0,0,9,0,0,0,0,200,200
402855,1,15,0,0,0,1,0,7,0,1,0,0,0,1,200,0,200,200,200,200,200
402858,0,30,1,2,0,1,9,5,0,0,0,17,16,2,200,200,1,200,200,200,200
402858,5,30,1,2,0,1,9,5,0,0,0,17,16,0,8,200,0,0,0,200,200
402860,0,30,200,200,200,200,7,200,0,200,200,0,200,2,200,200,200,200,200,200,200
402860,1,30,200,200,200,200,7,200,0,200,200,0,200,0,5,0,200,200,200,200,200
402866,0,30,0,0,0,1,7,5,0,0,0,0,200,2,200,200,200,200,200,200,200
402867,0,30,0,0,0,1,14,2,0,0,0,0,200,1,5,0,7,0,0,200,200
402867,0,30,0,0,0,1,14,2,0,0,0,0,200,0,6,0,0,0,0,200,200
402869,0,30,1,2,0,1,0,5,0,0,0,6,200,0,6,0,1,0,0,200,200
402869,0,30,1,2,0,1,0,5,0,0,0,6,200,1,5,0,0,0,0,200,200
402874,0,30,0,0,0,1,12,5,0,0,0,0,0,1,6,0,200,0,0,200,200
402874,0,30,0,0,0,1,12,5,0,0,0,0,0,1,6,0,0,0,0,200,200
402874,1,30,0,0,0,1,12,5,0,0,0,0,0,0,2,0,200,200,200,200,200
402876,0,30,0,0,0,1,7,200,0,0,0,11,200,0,7,0,200,0,0,200,200
402893,0,30,0,0,0,1,4,5,0,0,1,28,29,0,7,200,200,200,0,200,200
402895,0,30,1,200,0,1,7,5,0,0,0,0,200,0,6,200,7,200,0,200,200
402898,0,15,0,0,0,1,11,6,2,0,0,10,3,0,5,200,9,0,0,200,200
402898,0,15,0,0,0,1,11,6,2,0,0,10,3,0,7,200,0,0,0,200,200
402902,0,30,1,2,0,1,12,2,0,0,0,0,0,1,4,0,200,0,0,200,200
402902,0,30,1,2,0,1,12,2,0,0,0,0,0,0,7,0,0,0,0,200,200
402907,0,15,0,0,0,1,7,5,0,0,0,0,0,2,200,200,200,200,200,200,200
402909,0,30,1,2,0,1,10,5,0,0,200,18,200,0,200,200,3,200,200,200,200
402909,0,30,1,2,0,1,10,5,0,0,200,18,200,0,6,200,0,0,0,200,200
402915,0,30,0,0,0,1,12,5,0,0,200,17,200,0,200,0,1,200,0,200,200
402915,0,30,0,0,0,1,12,5,0,0,200,17,200,1,6,0,0,200,0,200,200
402915,1,30,0,0,0,1,12,5,0,0,200,17,200,200,200,0,200,200,200,200,200
402915,1,30,0,0,0,1,12,5,0,0,200,17,200,1,200,5,200,200,200,200,200
402915,1,30,0,0,0,1,12,5,0,0,200,17,200,200,200,5,200,200,200,200,200
402916,0,30,0,0,0,1,7,6,0,0,200,0,200,1,5,200,12,12,12,200,200
402919,0,5,0,0,0,1,7,7,0,0,0,0,0,2,200,200,200,200,200,200,200
402921,0,30,1,2,0,1,10,2,0,0,0,18,200,1,200,0,1,0,0,200,200
402921,0,30,1,2,0,1,10,2,0,0,0,18,200,0,9,0,0,0,0,200,200
402924,0,30,0,0,0,1,7,5,0,0,0,21,0,1,7,0,12,0,0,200,200
402924,1,30,0,0,0,1,7,5,0,0,0,21,0,0,200,0,200,200,200,200,200
402924,1,30,0,0,0,1,7,5,0,0,0,21,0,0,5,0,200,200,200,200,200
402924,1,30,0,0,0,1,7,5,0,0,0,21,0,0,200,0,200,200,200,200,200
402924,1,30,0,0,0,1,7,5,0,0,0,21,0,1,6,0,200,200,200,200,200
402930,0,30,0,0,0,1,2,5,0,0,0,12,200,0,7,200,12,0,0,200,200
402933,0,30,1,2,0,1,14,3,0,0,0,22,21,0,7,7,4,0,0,200,200
402933,0,30,1,2,0,1,14,3,0,0,0,22,21,0,4,7,200,0,0,200,200
402935,0,40,3,12,0,1,10,3,0,0,0,18,0,1,5,0,3,0,0,200,200
402935,0,40,3,12,0,1,10,3,0,0,0,18,0,0,6,0,12,0,0,200,200
402936,0,30,0,0,0,1,12,3,0,1,0,21,200,0,0,0,4,0,0,200,200
402936,0,30,0,0,0,1,12,3,0,1,0,21,200,0,0,0,200,200,0,200,200
402937,0,10,0,0,0,1,7,12,0,0,0,25,0,2,200,200,6,200,200,200,200
402950,0,15,0,0,0,1,9,6,0,0,0,16,16,1,6,0,200,0,0,200,200
402950,5,15,0,0,0,1,9,6,0,0,0,16,16,0,2,7,0,0,0,200,200
402955,0,30,0,0,0,1,7,5,2,0,0,20,200,0,5,200,6,5,0,200,200
402960,0,35,0,0,0,1,14,5,0,0,0,23,200,0,5,0,7,5,0,200,200
402960,0,35,0,0,0,1,14,5,0,0,0,23,200,2,200,200,200,200,200,200,200
402967,0,30,0,0,0,1,10,5,0,0,0,33,200,0,6,0,12,12,0,200,200
402967,0,30,0,0,0,1,10,5,0,0,0,33,200,0,6,0,12,0,0,200,200
402967,1,30,0,0,0,1,10,5,0,0,0,33,200,0,6,0,200,200,200,200,200
402967,1,30,0,0,0,1,10,5,0,0,0,33,200,0,5,0,200,200,200,200,200
402969,0,30,0,0,200,200,7,7,0,200,200,20,0,1,200,200,6,200,200,200,200
402971,0,30,0,0,0,1,5,7,0,0,0,25,200,1,200,200,1,200,200,200,200
402974,0,30,0,0,0,1,7,6,0,0,200,0,0,1,5,200,10,200,200,200,200
402977,0,30,0,0,0,1,2,4,2,0,12,28,28,1,7,200,0,0,0,200,200
402978,0,30,0,0,0,1,10,5,0,0,0,18,0,0,6,0,3,0,0,200,200
402978,0,30,0,0,0,1,10,5,0,0,0,18,0,0,6,0,0,0,0,200,200
402984,0,30,1,2,0,1,12,3,0,0,0,21,200,0,7,200,4,0,0,200,200
402984,0,30,1,2,0,1,12,3,0,0,0,21,200,0,6,200,0,0,0,200,200
402989,0,10,0,0,0,1,7,7,0,0,0,0,0,2,200,200,200,200,200,200,200
402990,0,30,2,2,1,1,9,5,0,0,200,0,0,1,7,0,1,0,0,200,200
402990,5,30,2,2,1,1,9,5,0,0,200,0,0,0,200,7,200,200,200,200,200
402997,0,30,2,2,0,1,14,5,0,0,0,17,5,0,9,0,1,0,0,200,200
402997,0,30,2,2,0,1,14,5,0,0,0,17,5,1,5,0,0,0,0,200,200
402997,1,30,2,2,0,1,14,5,0,0,0,17,5,0,1,5,200,200,200,200,200
402997,1,30,2,2,0,1,14,5,0,0,0,17,5,1,1,5,200,200,200,200,200
402997,1,30,2,2,0,1,14,5,0,0,0,17,5,1,5,0,200,200,200,200,200
403006,0,30,1,2,0,1,12,5,0,0,0,25,200,0,4,0,12,0,0,200,200
403006,0,30,1,2,0,1,12,5,0,0,0,25,200,0,5,0,0,0,0,200,200
403007,0,30,1,2,0,1,10,5,0,0,0,0,200,1,5,0,0,0,0,200,200
403007,0,30,1,2,0,1,10,5,0,0,0,0,200,1,6,0,0,0,0,200,200
403013,0,10,0,0,0,1,7,12,0,0,0,20,0,1,8,0,2,0,0,200,200
403015,0,30,1,200,0,1,12,5,0,0,200,22,200,2,200,200,2,200,200,200,200
403015,0,30,1,200,0,1,12,5,0,0,200,22,200,0,7,200,0,0,0,200,200
403016,0,30,0,0,0,1,14,2,0,0,0,17,200,1,5,0,1,0,0,200,200
403016,0,30,0,0,0,1,14,2,0,0,0,17,200,1,7,200,0,200,200,200,200
403016,1,30,0,0,0,1,14,2,0,0,0,17,200,1,200,0,200,200,200,200,200
403016,1,30,0,0,0,1,14,2,0,0,0,17,200,0,200,0,200,200,200,200,200
403016,1,30,0,0,0,1,14,2,0,0,0,17,200,0,200,0,200,200,200,200,200
403024,0,30,0,0,200,1,2,5,0,200,0,0,200,0,5,200,200,200,200,200,200
403029,0,30,2,2,0,1,0,5,0,0,0,5,0,1,4,200,1,200,200,200,200
403029,0,30,2,2,0,1,0,5,0,0,0,5,0,0,6,0,0,0,0,200,200
403030,0,0,0,0,0,1,7,7,0,0,200,0,0,2,200,200,200,200,200,200,200
403032,0,30,0,1,0,4,7,5,2,0,0,0,0,2,200,200,200,200,200,200,200
403035,0,30,0,0,0,1,10,5,0,0,0,0,0,0,7,200,200,200,200,200,200