RD_NO,PERSON_TYPE,POSTED_SPEED_LIMIT,TRAFFIC_CONTROL_DEVICE,DEVICE_CONDITION,WEATHER_CONDITION,LIGHTING_CONDITION,FIRST_CRASH_TYPE,TRAFFICWAY_TYPE,ALIGNMENT,ROADWAY_SURFACE_COND,ROAD_DEFECT,PRIM_CONTRIBUTORY_CAUSE,SEC_CONTRIBUTORY_CAUSE,SEX,AGE,SAFETY_EQUIPMENT,DRIVER_ACTION,DRIVER_VISION,PHYSICAL_CONDITION,BAC_RESULT VALUE,CELL_PHONE_USE
403035,0,30,0,0,0,1,10,5,0,0,0,0,0,0,6,7,0,0,0,200,200
403036,0,10,0,0,0,1,2,12,0,0,0,0,0,0,200,0,200,200,0,200,200
403037,0,30,0,0,0,1,0,0,0,0,0,18,0,0,7,7,200,200,0,200,200
403037,0,30,0,0,0,1,0,0,0,0,0,18,0,1,5,7,0,200,0,200,200
403040,0,30,0,0,2,0,14,2,0,1,0,17,200,1,7,0,1,200,200,200,200
403040,0,30,0,0,2,0,14,2,0,1,0,17,200,0,5,0,0,200,200,200,200
403041,0,20,0,0,0,1,7,6,0,0,0,0,0,2,200,200,200,200,200,200,200
403045,0,20,2,2,1,1,11,5,2,0,0,5,25,0,200,200,5,200,200,200,200
403045,0,20,2,2,1,1,11,5,2,0,0,5,25,0,4,0,0,0,0,200,200
403046,0,10,0,0,0,1,7,12,0,0,0,0,0,0,200,200,200,200,200,200,200
403047,0,30,0,0,0,1,14,5,0,0,0,23,200,2,200,200,7,200,200,200,200
403047,0,30,0,0,0,1,14,5,0,0,0,23,200,1,4,0,0,0,0,200,200
403048,0,30,0,0,0,1,8,5,0,0,0,200,200,0,6,200,200,200,0,200,200
403048,4,30,0,0,0,1,8,5,0,0,0,200,200,0,6,7,200,200,0,200,200
403050,0,10,0,0,0,1,5,12,0,0,0,33,33,1,6,0,12,12,0,200,200
403054,0,25,0,0,0,1,10,5,0,0,0,18,200,0,6,0,3,0,0,200,200
403054,0,25,0,0,0,1,10,5,0,0,0,18,200,0,6,0,0,0,0,200,200
403054,0,25,0,0,0,1,10,5,0,0,0,18,200,0,6,0,0,0,0,200,200
403054,1,25,0,0,0,1,10,5,0,0,0,18,200,0,6,0,200,200,200,200,200
403054,1,25,0,0,0,1,10,5,0,0,0,18,200,0,6,0,200,200,200,200,200
403056,0,30,1,2,0,1,14,5,0,0,0,17,23,1,6,200,7,0,0,200,200
403056,0,30,1,2,0,1,14,5,0,0,0,17,23,1,0,200,1,0,0,200,200
403059,0,30,1,2,0,1,0,5,0,0,0,0,0,1,6,0,1,0,0,200,200
403059,0,30,1,2,0,1,0,5,0,0,0,0,0,1,7,0,0,0,0,200,200
403064,0,30,0,0,0,1,2,6,0,0,0,25,16,1,5,200,13,200,200,200,200
403067,0,15,0,0,0,1,7,5,0,0,0,0,0,2,200,200,200,200,200,200,200
403077,0,25,0,0,1,1,7,5,0,0,0,23,200,1,6,200,10,200,200,200,200
403077,1,25,0,0,1,1,7,5,0,0,0,23,200,1,200,0,200,200,200,200,200
403081,0,30,0,0,0,1,3,5,0,0,0,200,200,1,6,200,200,0,0,200,200
403081,0,30,0,0,0,1,3,5,0,0,0,200,200,0,7,200,0,0,0,200,200
403085,0,30,1,2,0,1,4,5,0,0,1,29,28,0,7,200,200,200,0,200,200
403087,0,30,0,0,0,1,10,5,0,0,0,18,200,1,6,0,3,0,0,200,200
403087,0,30,0,0,0,1,10,5,0,0,0,18,200,1,6,0,0,0,0,200,200
403087,0,30,0,0,0,1,10,5,0,0,0,18,200,1,200,200,0,200,200,200,200
403088,0,30,2,2,0,1,0,5,0,0,0,0,0,1,6,0,0,0,0,200,200
403088,0,30,2,2,0,1,0,5,0,0,0,0,0,1,8,0,0,0,0,200,200
403088,1,30,2,2,0,1,0,5,0,0,0,0,0,1,200,0,200,200,200,200,200
403089,0,10,0,0,0,1,0,7,0,0,0,20,0,1,6,0,0,0,0,200,200
403089,0,10,0,0,0,1,0,7,0,0,0,20,0,1,6,0,6,0,0,200,200
403092,0,35,1,2,0,1,14,5,0,0,0,23,200,0,6,0,7,0,0,200,200
403092,0,35,1,2,0,1,14,5,0,0,0,23,200,0,5,0,0,0,0,200,200
403092,1,35,1,2,0,1,14,5,0,0,0,23,200,0,200,0,200,200,200,200,200
403097,0,30,1,2,0,1,12,3,0,0,0,0,200,0,200,200,200,200,200,200,200
403097,0,30,1,2,0,1,12,3,0,0,0,0,200,1,7,0,0,0,0,200,200
403099,0,30,1,2,0,1,14,3,0,0,0,11,200,0,8,0,7,0,0,200,200
403099,0,30,1,2,0,1,14,3,0,0,0,11,200,0,7,0,0,0,0,200,200
403111,0,35,0,0,0,1,10,2,0,0,0,0,0,0,7,200,200,0,200,200,200
403111,0,35,0,0,0,1,10,2,0,0,0,0,0,0,7,200,0,0,0,200,200
403111,1,35,0,0,0,1,10,2,0,0,0,0,0,1,200,0,200,200,200,200,200
403112,0,30,0,0,0,1,12,5,0,0,200,18,200,1,6,200,1,0,0,200,200
403112,0,30,0,0,0,1,12,5,0,0,200,18,200,0,7,200,0,0,0,200,200
403115,0,30,0,0,0,1,12,5,0,0,0,18,200,2,200,200,200,200,200,200,200
403115,0,30,0,0,0,1,12,5,0,0,0,18,200,0,6,0,0,0,0,200,200
403116,0,10,0,0,0,1,7,7,0,0,0,23,0,1,200,200,7,200,200,200,200
403116,1,10,0,0,0,1,7,7,0,0,0,23,0,0,200,0,200,200,200,200,200
403119,0,30,2,0,2,0,10,5,0,1,0,0,200,1,5,0,0,0,0,200,200
403119,0,30,2,0,2,0,10,5,0,1,0,0,200,0,6,0,0,0,0,200,200
403120,0,30,0,0,0,1,12,2,0,0,0,22,22,2,200,200,2,0,200,200,200
403120,0,30,0,0,0,1,12,2,0,0,0,22,22,1,6,0,12,0,0,200,200
403120,1,30,0,0,0,1,12,2,0,0,0,22,22,1,200,0,200,200,200,200,200
403120,1,30,0,0,0,1,12,2,0,0,0,22,22,0,10,0,200,200,200,200,200
403120,1,30,0,0,0,1,12,2,0,0,0,22,22,0,200,5,200,200,200,200,200
403123,0,15,0,0,2,0,0,7,0,1,0,20,200,0,200,200,6,200,200,200,200
403123,0,15,0,0,2,0,0,7,0,1,0,20,200,0,5,0,1,5,0,200,200
403128,0,25,0,0,0,1,7,5,0,0,0,0,0,2,200,200,200,200,200,200,200
403129,0,30,2,3,0,2,12,12,0,0,12,25,25,0,6,0,2,0,0,200,200
403129,0,30,2,3,0,2,12,12,0,0,12,25,25,0,200,200,0,200,200,200,200
403134,0,30,1,2,2,1,12,2,0,1,0,21,200,1,7,0,2,0,0,200,200
403134,0,30,1,2,2,1,12,2,0,1,0,21,200,1,5,0,200,200,0,200,200
403134,1,30,1,2,2,1,12,2,0,1,0,21,200,1,7,0,200,200,200,200,200
403134,1,30,1,2,2,1,12,2,0,1,0,21,200,0,5,0,200,200,200,200,200
403134,1,30,1,2,2,1,12,2,0,1,0,21,200,1,6,0,200,200,200,200,200
403145,0,35,0,0,0,1,10,7,0,0,0,20,16,1,200,200,6,200,200,200,200
403145,0,35,0,0,0,1,10,7,0,0,0,20,16,0,6,0,0,0,0,200,200
403148,0,30,1,2,0,1,10,3,0,0,0,16,0,0,200,200,12,200,200,200,200
403148,0,30,1,2,0,1,10,3,0,0,0,16,0,1,5,0,0,200,1,200,200
403148,1,30,1,2,0,1,10,3,0,0,0,16,0,0,5,0,200,200,200,200,200
403155,0,30,4,0,0,1,10,2,0,0,0,18,0,1,7,7,1,200,200,200,200
403155,0,30,4,0,0,1,10,2,0,0,0,18,0,1,6,0,0,0,0,200,200
403155,1,30,4,0,0,1,10,2,0,0,0,18,0,0,200,0,200,200,200,200,200
403158,0,30,0,0,0,1,7,5,0,0,200,0,200,0,200,200,200,200,200,200,200
403164,0,30,0,0,0,1,7,2,0,0,0,0,0,2,200,200,200,200,200,200,200
403165,0,30,0,0,0,1,3,5,0,200,200,20,200,1,5,200,200,200,0,200,200
403165,0,30,0,0,0,1,3,5,0,200,200,20,200,1,200,200,0,200,200,200,200
403165,1,30,0,0,0,1,3,5,0,200,200,20,200,1,5,200,200,200,200,200,200
403165,1,30,0,0,0,1,3,5,0,200,200,20,200,0,200,200,200,200,200,200,200
403169,0,30,2,2,0,1,0,5,0,0,0,0,0,1,6,0,1,0,0,200,200
403169,0,30,2,2,0,1,0,5,0,0,0,0,0,1,7,0,0,0,0,200,200
403169,1,30,2,2,0,1,0,5,0,0,0,0,0,1,7,0,200,200,200,200,200
403170,0,30,0,0,0,3,10,2,0,0,0,0,200,0,6,200,1,200,200,200,200
403170,0,30,0,0,0,3,10,2,0,0,0,0,200,0,5,0,0,0,200,200,200
403173,0,30,0,0,0,1,12,2,0,0,0,23,22,1,5,0,4,0,0,200,200
403173,0,30,0,0,0,1,12,2,0,0,0,23,22,0,7,0,0,0,0,200,200
403173,1,30,0,0,0,1,12,2,0,0,0,23,22,1,0,5,200,200,200,200,200
403184,0,30,0,0,0,1,2,200,0,0,0,200,200,0,9,0,12,0,0,200,200
403190,0,30,0,0,2,3,12,5,0,1,0,0,0,1,6,0,12,0,0,200,200
403190,0,30,0,0,2,3,12,5,0,1,0,0,0,0,7,0,12,0,0,200,200
403191,0,30,0,0,1,1,7,6,0,0,0,11,0,1,200,200,12,200,200,200,200
403191,1,30,0,0,1,1,7,6,0,0,0,11,0,0,8,1,200,200,200,200,200
403192,0,20,0,0,0,4,7,5,0,0,0,0,200,1,7,0,200,0,0,200,200
403193,0,30,0,0,1,1,10,5,0,200,200,18,18,0,6,200,3,200,200,200,200
403193,0,30,0,0,1,1,10,5,0,200,200,18,18,1,6,0,12,200,0,200,200
403193,0,30,0,0,1,1,10,5,0,200,200,18,18,0,7,200,12,200,200,200,200
403204,0,30,0,0,200,0,7,6,0,200,200,0,0,2,200,200,200,200,200,200,200
403208,1,30,0,0,0,1,7,5,0,0,0,22,16,0,200,0,200,200,200,200,200
403208,0,30,0,0,0,1,7,5,0,0,0,22,16,0,5,200,2,200,0,200,200
403213,0,15,0,0,0,4,7,7,0,0,0,0,0,2,200,200,10,200,200,200,200
403214,0,30,0,0,0,1,7,5,2,200,0,20,200,0,7,200,6,0,200,200,200
403219,0,25,0,0,0,1,7,5,0,0,0,0,200,2,0,200,200,200,200,200,200
403221,0,30,0,0,0,3,8,0,0,0,0,0,0,1,7,0,0,0,0,200,200
403221,4,30,0,0,0,3,8,0,0,0,0,0,0,0,3,7,0,2,0,200,200
403226,0,30,1,2,0,1,14,5,0,0,200,17,200,1,200,200,1,200,200,200,200
403226,0,30,1,2,0,1,14,5,0,0,200,17,200,0,8,0,0,0,0,200,200
403226,1,30,1,2,0,1,14,5,0,0,200,17,200,1,7,0,200,200,200,200,200
403232,0,30,0,0,0,1,0,2,0,0,0,17,200,0,200,200,1,200,200,200,200
403232,0,30,0,0,0,1,0,2,0,0,0,17,200,1,5,0,0,0,200,200,200
403233,0,30,0,0,0,1,14,5,0,0,0,17,200,1,5,0,1,0,0,200,200
403233,0,30,0,0,0,1,14,5,0,0,0,17,200,0,5,3,0,0,0,200,200
403235,0,30,1,2,0,3,10,5,0,0,0,18,16,0,200,200,3,200,200,200,200
403235,0,30,1,2,0,3,10,5,0,0,0,18,16,1,5,0,0,0,0,200,200
403235,1,30,1,2,0,3,10,5,0,0,0,18,16,1,200,0,200,200,200,200,200
403235,1,30,1,2,0,3,10,5,0,0,0,18,16,0,200,200,200,200,200,200,200
403241,0,15,0,0,0,1,7,7,0,0,0,0,0,2,200,200,0,200,200,200,200
403241,1,15,0,0,0,1,7,7,0,0,0,0,0,0,2,0,200,200,200,200,200
403249,0,30,2,2,0,4,14,2,0,0,0,5,200,0,200,200,1,200,200,200,200
403249,0,30,2,2,0,4,14,2,0,0,0,5,200,0,6,0,0,0,0,200,200
403250,0,30,200,200,2,3,8,5,0,1,0,11,200,0,6,200,12,0,0,200,200
403250,4,30,200,200,2,3,8,5,0,1,0,11,200,0,7,7,0,0,0,200,200
403260,0,30,1,2,2,3,10,5,0,1,0,18,200,1,5,200,3,0,0,200,200
403260,0,30,1,2,2,3,10,5,0,1,0,18,200,0,5,0,200,0,0,200,200
403274,0,30,1,2,2,3,14,5,0,1,0,10,200,1,6,0,7,0,0,200,200
403274,0,30,1,2,2,3,14,5,0,1,0,10,200,1,6,0,0,0,0,200,200
403277,0,30,0,0,0,3,10,5,0,1,0,0,200,1,200,200,200,200,200,200,200
403277,0,30,0,0,0,3,10,5,0,1,0,0,200,0,6,0,0,0,0,200,200
403277,1,30,0,0,0,3,10,5,0,1,0,0,200,1,200,200,200,200,200,200,200
403278,0,30,0,0,2,3,7,5,0,1,0,0,200,2,200,200,200,200,200,200,200
403280,0,30,200,200,0,2,10,5,0,0,0,18,16,0,8,200,200,0,7,200,200
403280,0,30,200,200,0,2,10,5,0,0,0,18,16,0,5,200,200,0,0,200,200
403284,0,15,5,0,0,3,10,7,0,0,200,17,20,0,200,200,1,200,200,200,200
403284,0,15,5,0,0,3,10,7,0,0,200,17,20,0,4,0,0,0,0,200,200
403291,0,30,1,2,0,4,14,2,0,0,0,4,23,0,5,0,7,0,0,200,200
403291,0,30,1,2,0,4,14,2,0,0,0,4,23,0,6,0,0,0,0,200,200
403303,0,30,1,0,0,1,12,5,0,0,0,22,200,1,200,200,4,200,200,200,200
403303,0,30,1,0,0,1,12,5,0,0,0,22,200,1,6,0,0,0,0,200,200
403309,0,30,1,2,0,3,10,5,0,0,0,0,200,1,6,200,200,200,200,200,200
403309,0,30,1,2,0,3,10,5,0,0,0,0,200,0,7,200,200,200,200,200,200
403310,0,30,1,2,0,1,10,5,0,0,0,0,0,1,5,200,200,200,200,200,200
403310,0,30,1,2,0,1,10,5,0,0,0,0,0,0,4,0,0,0,0,200,200
403310,1,30,1,2,0,1,10,5,0,0,0,0,0,2,200,200,200,200,200,200,200
403310,1,30,1,2,0,1,10,5,0,0,0,0,0,0,200,0,200,200,200,200,200
403310,1,30,1,2,0,1,10,5,0,0,0,0,0,0,7,0,200,200,200,200,200
403313,0,30,1,2,0,3,10,5,0,0,200,8,200,0,4,200,3,0,0,200,200
403313,0,30,1,2,0,3,10,5,0,0,200,8,200,1,8,200,0,0,0,200,200
403328,0,30,0,0,1,0,7,7,0,1,0,20,0,0,200,200,6,200,200,200,200
403335,0,30,1,2,0,3,14,3,0,0,0,23,11,0,6,0,7,0,0,200,200
403335,0,30,1,2,0,3,14,3,0,0,0,23,11,0,6,0,0,0,0,200,200
403335,1,30,1,2,0,3,14,3,0,0,0,23,11,1,8,0,200,200,200,200,200
403342,0,30,2,2,0,3,14,6,0,0,0,0,0,0,200,200,200,200,200,200,200
403342,0,30,2,2,0,3,14,6,0,0,0,0,0,0,7,200,0,0,0,200,200
403350,0,30,1,200,0,3,9,6,0,0,200,17,200,0,6,200,1,200,0,200,200
403350,5,30,1,200,0,3,9,6,0,0,200,17,200,1,5,7,0,200,200,200,200
403356,0,35,2,2,0,3,7,5,0,1,0,27,21,0,6,200,5,0,4,200,200
403360,0,30,1,0,0,1,10,5,0,0,0,0,200,0,200,200,200,200,200,200,200
403360,0,30,1,0,0,1,10,5,0,0,0,0,200,1,6,0,200,0,0,200,200
403360,1,30,1,0,0,1,10,5,0,0,0,0,200,1,200,200,200,200,200,200,200
403360,1,30,1,0,0,1,10,5,0,0,0,0,200,2,200,200,200,200,200,200,200
403360,1,30,1,0,0,1,10,5,0,0,0,0,200,2,200,200,200,200,200,200,200
403360,1,30,1,0,0,1,10,5,0,0,0,0,200,1,4,0,200,200,200,200,200
403366,0,25,0,0,0,3,7,6,0,0,0,19,16,0,200,200,200,200,200,200,200
403366,1,25,0,0,0,3,7,6,0,0,0,19,16,0,200,200,200,200,200,200,200
403373,0,30,1,2,0,1,8,2,0,0,0,23,200,1,5,200,7,200,200,200,200
403373,4,30,1,2,0,1,8,2,0,0,0,23,200,0,6,200,0,0,0,200,200
403375,0,30,2,2,0,3,0,5,0,0,0,17,200,1,5,0,1,0,0,200,200
403375,0,30,2,2,0,3,0,5,0,0,0,17,200,0,5,0,0,0,0,200,200
403380,0,20,0,0,0,3,10,7,0,0,200,18,22,2,200,200,2,200,200,200,200
403380,0,20,0,0,0,3,10,7,0,0,200,18,22,1,6,200,0,200,0,200,200
403380,1,20,0,0,0,3,10,7,0,0,200,18,22,1,6,200,200,200,200,200,200
403380,1,20,0,0,0,3,10,7,0,0,200,18,22,0,7,200,200,200,200,200,200
403380,1,20,0,0,0,3,10,7,0,0,200,18,22,1,6,200,200,200,200,200,200
403385,0,30,0,0,0,3,7,6,0,0,0,0,0,0,6,0,12,0,0,200,200
403390,0,30,1,2,0,3,8,5,0,0,0,6,0,2,200,200,5,200,200,200,200
403390,4,30,1,2,0,3,8,5,0,0,0,6,0,0,5,2,0,0,0,200,200
403392,0,30,0,0,1,3,14,5,0,0,0,18,18,2,200,200,3,200,200,200,200
403392,0,30,0,0,1,3,14,5,0,0,0,18,18,0,7,0,0,0,0,200,200
403396,0,30,0,0,200,200,7,5,1,200,200,0,200,2,200,200,200,200,200,200,200
403398,0,15,0,0,0,0,10,7,0,0,0,16,11,1,3,7,8,0,0,200,200
403398,0,15,0,0,0,0,10,7,0,0,0,16,11,0,5,0,0,0,0,200,200
403398,1,15,0,0,0,0,10,7,0,0,0,16,11,0,4,200,200,200,200,200,200
403398,1,15,0,0,0,0,10,7,0,0,0,16,11,1,3,200,200,200,200,200,200
403398,1,15,0,0,0,0,10,7,0,0,0,16,11,1,5,200,200,200,200,200,200
403398,1,15,0,0,0,0,10,7,0,0,0,16,11,1,5,200,200,200,200,200,200
403419,0,45,3,2,0,3,12,6,0,0,0,22,22,1,4,0,4,0,0,200,200
403419,0,45,3,2,0,3,12,6,0,0,0,22,22,0,6,0,0,0,0,200,200
403422,0,30,1,2,0,0,14,6,0,0,0,32,16,0,6,200,9,0,5,0.14,200
403422,0,30,1,2,0,0,14,6,0,0,0,32,16,0,7,200,0,0,0,200,200
403422,1,30,1,2,0,0,14,6,0,0,0,32,16,200,200,200,200,200,200,200,200
403429,0,30,0,0,0,3,5,5,0,0,0,0,0,1,7,0,200,0,0,200,200
403429,4,30,0,0,0,3,5,5,0,0,0,0,0,0,200,7,200,200,200,200,200
403435,4,30,0,0,0,3,8,5,0,0,0,0,200,0,200,7,0,200,200,200,200
403437,0,30,200,200,0,3,10,7,0,200,200,20,0,0,6,0,6,200,200,200,200
403437,0,30,200,200,0,3,10,7,0,200,200,20,0,0,6,0,200,200,200,200,200
403442,0,35,1,2,0,3,9,5,0,0,0,0,200,2,200,200,200,200,200,200,200
403442,5,35,1,2,0,3,9,5,0,0,0,0,200,0,7,7,200,200,7,200,200
403448,0,35,0,0,0,3,2,5,0,0,0,0,0,2,200,200,200,200,200,200,200
403465,0,30,1,2,0,1,3,5,0,0,200,20,200,1,200,200,6,200,200,200,200
403465,0,30,1,2,0,1,3,5,0,0,200,20,200,0,5,200,12,200,0,200,200
403469,0,40,0,0,0,3,2,3,0,0,0,0,200,0,5,0,0,0,0,200,200
403469,1,40,0,0,0,3,2,3,0,0,0,0,200,0,200,0,200,200,200,200,200
403469,1,40,0,0,0,3,2,3,0,0,0,0,200,0,5,0,200,200,200,200,200
403474,0,30,1,0,0,3,3,5,0,0,0,21,200,0,5,0,4,0,0,200,200
403474,0,30,1,0,0,3,3,5,0,0,0,21,200,1,4,0,0,0,0,200,200
403474,1,30,1,0,0,3,3,5,0,0,0,21,200,1,200,200,200,200,200,200,200
403474,1,30,1,0,0,3,3,5,0,0,0,21,200,0,200,200,200,200,200,200,200
403474,1,30,1,0,0,3,3,5,0,0,0,21,200,1,200,200,200,200,200,200,200
403490,0,35,0,0,0,3,7,5,0,0,0,22,0,0,6,0,7,0,0,200,200
403494,0,30,0,0,0,3,2,5,0,0,0,25,11,0,6,200,12,200,200,200,200
403494,1,30,0,0,0,3,2,5,0,0,0,25,11,1,6,200,200,200,200,200,200
403500,0,25,0,0,0,1,14,5,0,0,0,23,16,2,200,200,7,200,200,200,200
403500,0,25,0,0,0,1,14,5,0,0,0,23,16,0,6,0,0,0,0,200,200
403504,0,0,0,0,2,1,7,7,0,1,0,0,0,0,200,200,200,200,200,200,200
403513,0,30,0,0,0,3,7,5,0,1,0,14,15,0,200,200,12,200,0,200,200
403514,0,30,0,0,0,3,7,6,0,0,0,10,200,0,4,200,9,200,200,200,200
403522,0,30,0,0,0,3,7,5,0,0,0,8,8,1,6,0,200,0,0,200,200
403526,0,30,0,0,0,3,7,6,0,0,200,14,0,0,200,200,200,200,200,200,200
403526,1,30,0,0,0,3,7,6,0,0,200,14,0,0,3,200,200,200,200,200,200
403526,1,30,0,0,0,3,7,6,0,0,200,14,0,1,3,200,200,200,200,200,200
403536,0,30,0,0,0,3,7,5,0,0,0,14,0,0,5,200,200,0,0,200,200
403539,0,30,0,2,0,3,2,6,0,0,0,32,200,0,6,200,1,0,5,200,200
403553,0,30,0,0,0,3,7,5,0,0,0,0,0,2,200,200,200,200,200,200,200
403553,1,30,0,0,0,3,7,5,0,0,0,0,0,200,200,200,200,200,200,200,200
403558,0,20,0,200,0,3,2,6,0,0,200,8,200,0,6,200,200,12,200,200,200
403566,0,30,0,0,0,3,7,6,0,0,0,0,0,0,5,200,12,0,0,200,200
403577,0,30,200,200,0,200,9,200,0,200,200,200,200,2,200,200,200,200,200,200,200
403577,5,30,200,200,0,200,9,200,0,200,200,200,200,0,5,7,200,200,200,200,200
403586,0,30,3,0,0,1,14,6,0,0,0,21,200,1,5,200,7,0,0,200,200
403586,0,30,3,0,0,1,14,6,0,0,0,21,200,1,7,200,0,0,0,200,200
403590,0,30,1,2,0,2,10,5,0,0,0,0,0,2,200,200,200,200,200,200,200
403590,0,30,1,2,0,2,10,5,0,0,0,0,0,1,6,0,200,0,0,200,200
403597,0,30,0,0,0,1,12,5,0,0,0,17,200,0,7,200,1,0,0,200,200
403597,0,30,0,0,0,1,12,5,0,0,0,17,200,0,6,200,0,0,0,200,200
403599,0,30,1,2,0,1,10,5,0,0,0,0,200,0,6,0,200,200,0,200,200
403599,0,30,1,2,0,1,10,5,0,0,0,0,200,0,6,0,0,0,0,200,200
403600,0,30,1,2,0,1,12,2,0,0,0,0,0,0,6,0,8,200,0,200,200
403600,0,30,1,2,0,1,12,2,0,0,0,0,0,1,6,0,7,200,0,200,200
403606,0,30,1,2,0,1,2,3,0,0,0,0,0,0,5,200,200,200,0,200,200
403607,0,30,1,2,0,1,12,5,0,0,0,22,200,0,200,200,4,200,200,200,200
403607,0,30,1,2,0,1,12,5,0,0,0,22,200,0,5,200,0,0,0,200,200
403607,1,30,1,2,0,1,12,5,0,0,0,22,200,0,200,200,200,200,200,200,200
403609,0,30,0,0,0,1,14,5,0,0,0,23,11,1,6,200,7,0,0,200,200
403609,0,30,0,0,0,1,14,5,0,0,0,23,11,1,6,200,0,0,0,200,200
403609,1,30,0,0,0,1,14,5,0,0,0,23,11,200,2,200,200,200,200,200,200
403612,0,30,0,0,0,1,7,6,0,0,0,0,200,2,200,200,200,200,200,200,200
403619,0,5,0,0,1,1,0,7,0,0,0,17,0,0,200,200,6,200,200,200,200
403619,0,5,0,0,1,1,0,7,0,0,0,17,0,0,6,0,0,0,0,200,200
403622,0,30,1,2,0,1,10,5,0,0,0,16,18,1,5,0,3,0,0,200,200
403622,0,30,1,2,0,1,10,5,0,0,0,16,18,1,5,0,0,0,0,200,200
403622,0,30,1,2,0,1,10,5,0,0,0,16,18,1,6,0,0,0,0,200,200
403622,0,30,1,2,0,1,10,5,0,0,0,16,18,0,7,0,0,0,0,200,200
403622,1,30,1,2,0,1,10,5,0,0,0,16,18,1,0,0,200,200,200,200,200
403622,1,30,1,2,0,1,10,5,0,0,0,16,18,1,6,0,200,200,200,200,200
403623,0,30,0,0,0,1,0,2,0,0,0,0,0,0,6,200,2,200,200,200,200
403623,0,30,0,0,0,1,0,2,0,0,0,0,0,0,6,0,0,200,0,200,200
403625,0,30,0,0,2,1,5,5,0,1,0,12,200,0,7,0,0,0,0,200,200
403629,0,30,0,0,0,1,7,6,0,0,0,18,200,1,6,0,3,0,0,200,200
403632,0,30,1,2,200,200,14,6,0,200,0,0,200,0,200,200,7,200,200,200,200
403632,0,30,1,2,200,200,14,6,0,200,0,0,200,0,7,0,0,0,0,200,200
403634,0,10,0,0,200,0,7,0,0,0,0,0,200,0,5,200,12,200,200,200,200
403635,0,20,0,0,0,3,7,5,0,0,0,0,200,2,200,200,200,200,200,200,200
403636,0,30,7,2,0,1,12,5,0,0,0,0,200,0,5,200,14,0,0,200,200
403636,0,30,7,2,0,1,12,5,0,0,0,0,200,0,8,200,12,0,0,200,200
403640,0,35,1,2,0,1,14,5,2,0,0,17,23,1,7,3,1,0,7,200,200
403640,0,35,1,2,0,1,14,5,2,0,0,17,23,1,6,0,0,0,0,200,200
403643,0,30,0,0,0,1,14,2,0,0,0,17,0,0,6,200,1,200,0,200,200
403643,0,30,0,0,0,1,14,2,0,0,0,17,0,0,6,200,200,200,0,200,200
403643,1,30,0,0,0,1,14,2,0,0,0,17,0,1,3,200,200,200,200,200,200
403643,1,30,0,0,0,1,14,2,0,0,0,17,0,0,3,200,200,200,200,200,200
403644,0,30,2,2,0,1,10,6,0,0,0,16,200,0,5,0,3,0,0,200,200
403644,0,30,2,2,0,1,10,6,0,0,0,16,200,0,6,0,0,0,0,200,200
403646,0,30,0,0,0,1,14,5,0,0,0,0,0,1,6,0,200,0,0,200,200
403646,0,30,0,0,0,1,14,5,0,0,0,0,0,0,5,0,0,0,0,200,200
403649,0,15,0,0,0,1,10,0,0,0,0,20,200,1,7,0,6,0,0,200,200
403649,0,15,0,0,0,1,10,0,0,0,0,20,200,0,6,0,0,0,0,200,200
403653,0,15,2,2,0,1,10,6,0,0,0,20,200,0,200,200,6,200,200,200,200
403653,0,15,2,2,0,1,10,6,0,0,0,20,200,1,6,200,0,0,0,200,200
403659,0,30,0,0,0,0,7,6,0,0,0,0,0,0,6,200,200,200,0,200,200
403660,0,25,1,2,0,1,10,5,0,0,0,0,0,0,5,0,3,0,0,200,200
403660,0,25,1,2,0,1,10,5,0,0,0,0,0,1,6,0,0,0,0,200,200
403662,0,25,0,0,0,1,11,5,0,0,0,10,200,0,5,0,2,200,0,200,200
403662,0,25,0,0,0,1,11,5,0,0,0,10,200,0,6,1,0,0,0,200,200
403665,0,30,1,2,0,1,10,5,0,0,200,0,200,0,7,0,200,0,0,200,200
403665,0,30,1,2,0,1,10,5,0,0,200,0,200,1,6,0,200,0,0,200,200
403666,0,30,0,0,0,1,0,6,0,0,0,17,0,0,7,0,1,0,0,200,200
403666,0,30,0,0,0,1,0,6,0,0,0,17,0,1,6,0,0,0,0,200,200
403666,1,30,0,0,0,1,0,6,0,0,0,17,0,0,3,0,200,200,200,200,200
403667,0,30,0,0,0,1,10,2,0,0,0,18,0,0,7,0,0,0,0,200,200
403667,0,30,0,0,0,1,10,2,0,0,0,18,0,1,3,0,0,0,0,200,200
403668,0,30,0,0,0,1,7,5,0,0,0,25,200,0,200,200,12,200,200,200,200
403670,0,30,2,12,0,1,14,2,0,0,0,17,200,1,6,0,1,0,0,200,200
403670,0,30,2,12,0,1,14,2,0,0,0,17,200,0,6,0,0,0,0,200,200
403670,1,30,2,12,0,1,14,2,0,0,0,17,200,0,2,0,200,200,200,200,200
403671,0,30,0,0,0,1,7,5,0,0,0,7,0,1,7,0,0,0,0,200,200
403671,1,30,0,0,0,1,7,5,0,0,0,7,0,1,200,0,200,200,200,200,200
403673,0,20,0,0,0,1,7,6,0,0,0,0,0,1,200,200,6,200,200,200,200