RD_NO,PERSON_TYPE,POSTED_SPEED_LIMIT,TRAFFIC_CONTROL_DEVICE,DEVICE_CONDITION,WEATHER_CONDITION,LIGHTING_CONDITION,FIRST_CRASH_TYPE,TRAFFICWAY_TYPE,ALIGNMENT,ROADWAY_SURFACE_COND,ROAD_DEFECT,PRIM_CONTRIBUTORY_CAUSE,SEC_CONTRIBUTORY_CAUSE,SEX,AGE,SAFETY_EQUIPMENT,DRIVER_ACTION,DRIVER_VISION,PHYSICAL_CONDITION,BAC_RESULT VALUE,CELL_PHONE_USE
403673,1,20,0,0,0,1,7,6,0,0,0,0,0,2,200,200,200,200,200,200,200
403673,1,20,0,0,0,1,7,6,0,0,0,0,0,2,200,200,200,200,200,200,200
403677,0,30,1,2,0,1,10,5,0,0,0,16,200,1,6,0,12,0,0,200,200
403677,0,30,1,2,0,1,10,5,0,0,0,16,200,1,6,0,0,0,0,200,200
403684,0,30,0,0,0,1,2,5,0,0,0,0,0,0,7,0,200,0,0,200,200
403689,0,30,0,0,0,1,14,2,0,0,0,17,11,0,3,0,1,0,0,200,200
403689,0,30,0,0,0,1,14,2,0,0,0,17,11,0,5,0,0,12,0,200,200
403692,0,30,0,0,0,2,7,6,0,0,0,0,0,0,7,200,6,200,200,200,200
403696,0,30,1,2,0,1,10,2,0,0,0,16,200,1,6,0,8,0,0,200,200
403696,0,30,1,2,0,1,10,2,0,0,0,16,200,0,6,0,0,0,0,200,200
403696,1,30,1,2,0,1,10,2,0,0,0,16,200,200,200,0,200,200,200,200,200
403696,1,30,1,2,0,1,10,2,0,0,0,16,200,200,200,0,200,200,200,200,200
403696,1,30,1,2,0,1,10,2,0,0,0,16,200,200,200,0,200,200,200,200,200
403698,0,30,0,0,0,1,0,5,0,0,0,17,200,1,5,0,1,0,0,200,200
403698,0,30,0,0,0,1,0,5,0,0,0,17,200,0,7,200,0,0,0,200,200
403700,0,30,1,2,0,1,10,5,0,0,0,27,200,0,200,0,12,0,2,200,200
403700,0,30,1,2,0,1,10,5,0,0,0,27,200,0,200,0,0,0,0,200,200
403703,0,15,0,0,0,1,7,7,0,0,0,20,200,0,200,200,6,200,200,200,200
403709,0,30,0,0,0,1,10,5,0,0,0,18,18,1,5,0,3,0,0,200,200
403709,0,30,0,0,0,1,10,5,0,0,0,18,18,1,6,0,0,0,0,200,200
403709,1,30,0,0,0,1,10,5,0,0,0,18,18,1,5,0,200,200,200,200,200
403711,0,30,2,2,0,1,7,5,0,0,0,200,0,0,5,200,12,0,0,200,200
403711,1,30,2,2,0,1,7,5,0,0,0,200,0,200,200,200,200,200,200,200,200
403711,1,30,2,2,0,1,7,5,0,0,0,200,0,200,200,200,200,200,200,200,200
403711,1,30,2,2,0,1,7,5,0,0,0,200,0,200,200,200,200,200,200,200,200
403711,1,30,2,2,0,1,7,5,0,0,0,200,0,200,200,200,200,200,200,200,200
403711,1,30,2,2,0,1,7,5,0,0,0,200,0,200,200,200,200,200,200,200,200
403711,1,30,2,2,0,1,7,5,0,0,0,200,0,200,200,200,200,200,200,200,200
403711,1,30,2,2,0,1,7,5,0,0,0,200,0,200,200,200,200,200,200,200,200
403717,0,25,1,2,0,1,0,5,0,0,0,20,17,1,5,0,1,0,0,200,200
403717,0,25,1,2,0,1,0,5,0,0,0,20,17,1,6,0,0,0,0,200,200
403719,0,10,0,0,0,1,7,7,0,0,0,0,0,2,200,200,200,200,200,200,200
403720,0,30,0,3,0,3,10,2,0,0,0,18,16,2,200,200,3,200,200,200,200
403720,0,30,0,3,0,3,10,2,0,0,0,18,16,1,5,200,0,0,0,200,200
403725,0,15,0,0,0,1,10,7,0,0,0,18,0,0,200,0,3,0,200,200,200
403725,0,15,0,0,0,1,10,7,0,0,0,18,0,0,6,0,0,0,0,200,200
403726,0,25,0,0,0,1,12,5,0,0,0,17,0,0,200,0,1,0,0,200,200
403726,0,25,0,0,0,1,12,5,0,0,0,17,0,0,6,0,0,0,0,200,200
403731,0,30,1,2,0,1,10,5,0,0,0,18,16,1,6,0,3,0,0,200,200
403731,0,30,1,2,0,1,10,5,0,0,0,18,16,0,5,0,0,0,0,200,200
403731,1,30,1,2,0,1,10,5,0,0,0,18,16,1,200,0,200,200,200,200,200
403733,0,30,1,2,0,1,10,6,0,0,0,18,0,1,5,0,3,0,0,200,200
403733,0,30,1,2,0,1,10,6,0,0,0,18,0,0,6,0,3,0,0,200,200
403734,0,30,0,0,0,1,7,2,0,0,0,16,0,0,5,200,200,0,0,200,200
403754,0,30,1,200,0,1,14,5,0,0,0,6,6,0,6,0,200,0,0,200,200
403754,0,30,1,200,0,1,14,5,0,0,0,6,6,0,5,0,200,0,0,200,200
403754,1,30,1,200,0,1,14,5,0,0,0,6,6,0,4,0,200,200,200,200,200
403754,1,30,1,200,0,1,14,5,0,0,0,6,6,0,6,0,200,200,200,200,200
403758,0,35,0,0,0,1,0,1,0,0,0,28,0,0,7,0,200,0,0,200,200
403758,0,35,0,0,0,1,0,1,0,0,0,28,0,0,5,0,200,0,0,200,200
403762,0,20,0,0,0,3,7,6,0,0,0,0,200,2,200,200,200,200,200,200,200
403763,0,35,1,200,0,1,14,5,0,0,200,23,11,0,8,200,7,200,200,200,200
403763,0,35,1,200,0,1,14,5,0,0,200,23,11,0,5,200,0,200,0,200,200
403766,0,20,0,0,0,1,7,5,0,0,0,22,200,0,6,200,4,0,0,200,200
403767,0,30,0,0,0,1,2,5,0,0,0,11,0,0,6,200,12,0,0,200,200
403770,0,30,1,2,0,1,14,3,0,0,0,2,200,0,5,0,15,0,0,200,1
403770,0,30,1,2,0,1,14,3,0,0,0,2,200,1,6,0,0,0,0,200,200
403771,0,25,0,0,0,1,7,5,0,0,0,0,200,1,6,200,6,200,200,200,200
403783,0,30,0,0,0,1,7,6,2,0,0,0,0,2,200,200,200,200,200,200,200
403788,0,20,1,2,0,1,14,6,0,0,0,0,0,0,6,200,200,200,0,200,200
403788,0,20,1,2,0,1,14,6,0,0,0,0,0,0,6,200,200,200,0,200,200
403788,1,20,1,2,0,1,14,6,0,0,0,0,0,0,5,200,200,200,200,200,200
403796,0,30,0,0,0,1,7,6,0,0,200,0,0,1,200,200,200,200,0,200,200
403796,0,30,0,0,0,1,7,6,0,0,200,0,0,0,200,200,12,200,200,200,200
403798,5,30,200,200,200,0,9,200,2,200,200,0,200,0,6,200,200,200,5,200,200
403798,0,30,200,200,200,0,9,200,2,200,200,0,200,2,200,200,200,200,200,200,200
403807,0,35,0,0,0,1,12,2,0,0,0,0,200,0,5,0,4,0,0,200,200
403807,0,35,0,0,0,1,12,2,0,0,0,0,200,0,6,0,0,0,0,200,200
403813,0,15,2,0,0,1,12,6,0,0,0,22,22,0,200,200,2,200,200,200,200
403813,0,15,2,0,0,1,12,6,0,0,0,22,22,0,6,0,0,0,0,200,200
403816,0,30,1,2,0,1,14,3,0,0,0,21,200,0,6,200,4,200,0,200,200
403816,0,30,1,2,0,1,14,3,0,0,0,21,200,0,6,200,0,200,0,200,200
403826,0,30,0,0,0,1,14,5,0,0,0,0,0,1,7,0,12,0,0,200,200
403826,0,30,0,0,0,1,14,5,0,0,0,0,0,0,5,200,200,200,200,200,200
403828,0,30,1,2,0,1,0,2,0,0,200,6,0,1,6,200,1,200,200,200,200
403828,0,30,1,2,0,1,0,2,0,0,200,6,0,1,7,200,0,200,200,200,200
403828,1,30,1,2,0,1,0,2,0,0,200,6,0,0,200,200,200,200,200,200,200
403828,1,30,1,2,0,1,0,2,0,0,200,6,0,1,200,200,200,200,200,200,200
403829,0,30,1,2,0,1,12,3,0,0,0,17,22,1,8,200,2,0,0,200,200
403829,0,30,1,2,0,1,12,3,0,0,0,17,22,0,6,7,0,0,0,200,200
403837,0,30,2,2,0,1,14,2,0,0,0,17,200,1,6,200,1,200,0,200,200
403837,0,30,2,2,0,1,14,2,0,0,0,17,200,0,7,200,0,200,0,200,200
403837,1,30,2,2,0,1,14,2,0,0,0,17,200,1,7,200,200,200,200,200,200
403838,0,30,0,0,0,1,10,5,0,0,0,18,200,1,5,0,3,0,0,200,200
403838,0,30,0,0,0,1,10,5,0,0,0,18,200,0,7,0,12,0,0,200,200
403840,0,30,1,2,0,1,0,6,0,0,0,0,0,0,5,200,200,0,0,200,200
403840,0,30,1,2,0,1,0,6,0,0,0,0,0,1,5,0,200,0,0,200,200
403841,0,30,0,0,0,1,10,5,0,0,0,18,16,0,7,200,3,0,0,200,200
403841,0,30,0,0,0,1,10,5,0,0,0,18,16,0,6,200,0,0,0,200,200
403842,0,0,0,0,0,1,7,7,0,0,0,0,200,1,7,200,12,200,200,200,200
403845,0,30,1,2,0,1,12,5,0,0,0,21,200,0,6,0,4,0,0,200,200
403845,0,30,1,2,0,1,12,5,0,0,0,21,200,1,8,0,12,0,0,200,200
403851,0,30,0,0,0,1,8,5,0,0,0,17,200,1,6,0,1,0,0,200,200
403851,4,30,0,0,0,1,8,5,0,0,0,17,200,0,6,7,0,0,0,200,200
403855,0,30,1,2,0,1,14,3,0,0,0,0,200,0,7,200,200,200,200,200,200
403855,0,30,1,2,0,1,14,3,0,0,0,0,200,1,5,0,0,0,0,200,200
403855,1,30,1,2,0,1,14,3,0,0,0,0,200,0,200,200,200,200,200,200,200
403855,1,30,1,2,0,1,14,3,0,0,0,0,200,1,6,0,200,200,200,200,200
403861,0,20,0,0,200,200,7,6,0,200,3,21,0,2,200,200,200,200,200,200,200
403868,0,25,0,0,0,0,7,2,0,0,0,22,200,2,200,200,2,200,200,200,200
403869,0,30,0,0,0,1,12,12,0,0,0,0,200,0,7,0,12,0,0,200,1
403869,0,30,0,0,0,1,12,12,0,0,0,0,200,0,6,0,12,0,0,200,200
403882,0,30,1,2,0,1,10,2,0,0,0,18,200,1,200,200,3,200,200,200,200
403882,0,30,1,2,0,1,10,2,0,0,0,18,200,1,7,0,0,0,0,200,200
403882,1,30,1,2,0,1,10,2,0,0,0,18,200,2,200,4,200,200,200,200,200
403886,0,30,1,2,0,1,5,5,0,0,0,0,0,1,6,200,200,200,200,200,200
403890,0,35,0,0,0,1,0,7,0,0,0,0,200,0,6,0,6,0,0,200,200
403890,0,35,0,0,0,1,0,7,0,0,0,0,200,1,7,7,0,0,0,200,200
403893,0,15,0,0,0,3,10,7,0,0,0,0,200,1,5,200,3,200,200,200,200
403893,0,15,0,0,0,3,10,7,0,0,0,0,200,0,200,0,12,0,0,200,200
403893,1,15,0,0,0,3,10,7,0,0,0,0,200,1,200,0,200,200,200,200,200
403893,1,15,0,0,0,3,10,7,0,0,0,0,200,1,200,0,200,200,200,200,200
403898,0,20,2,2,0,1,12,6,0,0,0,22,17,0,200,200,2,200,200,200,200
403898,0,20,2,2,0,1,12,6,0,0,0,22,17,0,7,0,0,0,0,200,200
403900,0,30,0,0,0,1,7,5,0,0,0,20,200,1,5,200,12,200,200,200,200
403900,1,30,0,0,0,1,7,5,0,0,0,20,200,1,8,0,200,200,200,200,200
403901,0,30,0,0,0,1,12,5,0,0,0,22,0,1,5,0,2,0,0,200,200
403901,0,30,0,0,0,1,12,5,0,0,0,22,0,0,6,0,0,0,0,200,200
403921,0,35,0,0,0,1,7,7,0,0,0,0,200,0,4,0,6,0,0,200,200
403922,0,5,0,0,0,1,7,7,0,0,0,200,35,1,4,0,12,0,0,200,200
403931,0,30,1,2,0,1,14,2,0,0,0,18,17,2,200,200,1,200,200,200,200
403931,0,30,1,2,0,1,14,2,0,0,0,18,17,0,4,0,0,0,0,200,200
403936,0,15,0,0,0,1,7,7,0,0,0,20,0,1,200,200,6,200,200,200,200
403940,0,30,1,2,0,1,14,2,0,0,0,0,0,1,200,200,200,200,200,200,200
403940,0,30,1,2,0,1,14,2,0,0,0,0,0,0,9,0,200,0,0,200,200
403953,0,30,1,2,0,1,14,5,0,0,0,0,200,0,5,0,200,0,0,200,200
403953,0,30,1,2,0,1,14,5,0,0,0,0,200,0,6,0,0,0,0,200,200
403953,1,30,1,2,0,1,14,5,0,0,0,0,200,1,4,0,200,200,200,200,200
403955,0,30,0,0,0,1,10,2,0,0,0,18,200,1,6,0,3,0,0,200,200
403955,0,30,0,0,0,1,10,2,0,0,0,18,200,1,6,0,0,0,0,200,200
403955,1,30,0,0,0,1,10,2,0,0,0,18,200,1,3,0,200,200,200,200,200
403957,0,5,0,0,0,1,7,7,0,0,0,0,200,0,9,0,200,200,0,200,200
403961,0,15,0,0,200,200,7,6,0,200,0,0,200,2,200,200,200,200,200,200,200
403962,0,25,1,2,0,1,14,2,0,0,0,17,200,0,9,0,1,0,0,200,200
403962,0,25,1,2,0,1,14,2,0,0,0,17,200,0,7,0,0,0,0,200,200
403962,1,25,1,2,0,1,14,2,0,0,0,17,200,0,4,0,200,200,200,200,200
403964,0,20,2,2,0,1,10,6,0,0,0,0,200,0,5,200,200,200,200,200,200
403964,0,20,2,2,0,1,10,6,0,0,0,0,200,0,7,200,200,200,200,200,200
403965,0,30,2,0,0,1,12,5,0,0,0,17,200,1,5,0,1,0,0,200,200
403965,0,30,2,0,0,1,12,5,0,0,0,17,200,1,5,0,1,0,0,200,200
403965,1,30,2,0,0,1,12,5,0,0,0,17,200,1,1,5,200,200,200,200,200
403966,4,30,0,0,0,1,8,5,0,200,200,0,0,1,7,200,12,200,200,200,200
403968,0,30,0,0,0,1,12,2,0,0,0,0,0,1,6,200,200,200,0,200,200
403968,0,30,0,0,0,1,12,2,0,0,0,0,0,1,6,0,200,0,0,200,200
403974,0,30,0,0,0,1,12,5,0,0,0,200,200,0,6,0,0,0,0,200,200
403974,0,30,0,0,0,1,12,5,0,0,0,200,200,0,6,0,0,0,0,200,200
403976,0,20,2,2,0,1,8,5,0,0,0,17,11,1,6,200,1,0,0,200,200
403976,4,20,2,2,0,1,8,5,0,0,0,17,11,0,6,3,0,0,0,200,200
403978,0,30,1,2,0,1,10,2,0,0,0,18,17,0,200,0,3,0,0,200,200
403978,0,30,1,2,0,1,10,2,0,0,0,18,17,0,6,0,12,0,0,200,200
403986,0,30,0,0,0,1,12,2,3,0,0,21,200,1,200,200,4,200,200,200,200
403986,0,30,0,0,0,1,12,2,3,0,0,21,200,1,8,0,0,0,0,200,200
403989,0,15,0,0,0,1,7,0,0,0,0,11,33,0,6,0,12,12,0,200,200
403991,0,30,3,12,0,1,7,5,0,0,0,18,18,1,5,200,3,0,0,200,200
403992,0,30,0,0,0,1,7,0,0,0,0,21,200,1,9,0,12,0,200,200,200
403994,0,30,0,0,0,1,8,5,2,0,0,23,0,2,200,200,7,200,200,200,200
403994,4,30,0,0,0,1,8,5,2,0,0,23,0,0,6,200,0,0,0,200,200
403998,0,25,1,2,0,1,14,1,0,0,0,23,0,0,5,0,12,0,0,200,200
403998,0,25,1,2,0,1,14,1,0,0,0,23,0,0,7,0,0,0,0,200,200
404009,0,30,0,0,0,1,7,5,0,0,0,0,0,2,200,200,200,200,200,200,200
404012,0,35,2,2,0,1,12,5,0,0,0,22,23,2,200,200,2,200,200,200,200
404012,0,35,2,2,0,1,12,5,0,0,0,22,23,0,7,0,0,0,0,200,200
404019,0,30,0,2,0,1,10,5,0,0,0,18,200,0,7,0,3,0,0,200,200
404019,0,30,0,2,0,1,10,5,0,0,0,18,200,0,7,0,0,0,0,200,200
404023,0,30,1,2,0,1,14,5,0,0,0,0,0,0,6,7,200,0,0,200,200
404023,0,30,1,2,0,1,14,5,0,0,0,0,0,0,5,200,7,0,0,200,200
404023,1,30,1,2,0,1,14,5,0,0,0,0,0,0,4,200,200,200,200,200,200
404023,1,30,1,2,0,1,14,5,0,0,0,0,0,1,5,200,200,200,200,200,200
404024,0,30,0,0,0,1,7,5,0,0,0,0,0,0,200,200,200,200,200,200,200
404024,1,30,0,0,0,1,7,5,0,0,0,0,0,1,6,0,200,200,200,200,200
404027,0,30,1,2,2,1,14,5,0,0,0,18,0,1,6,0,3,0,0,200,200
404027,0,30,1,2,2,1,14,5,0,0,0,18,0,1,4,0,0,0,0,200,200
404033,0,30,1,2,0,1,14,2,0,0,0,17,17,0,6,0,1,1,0,200,200
404033,0,30,1,2,0,1,14,2,0,0,0,17,17,1,8,0,12,200,0,200,200
404034,4,30,0,0,0,1,8,5,0,0,0,0,0,0,200,7,200,200,0,200,200
404034,1,30,0,0,0,1,8,5,0,0,0,0,0,1,200,0,200,200,200,200,200
404034,1,30,0,0,0,1,8,5,0,0,0,0,0,0,5,1,200,200,200,200,200
404043,0,30,200,200,0,1,10,5,0,0,200,16,17,0,200,200,3,200,200,200,200
404043,0,30,200,200,0,1,10,5,0,0,200,16,17,0,4,0,0,0,0,200,200
404043,1,30,200,200,0,1,10,5,0,0,200,16,17,0,4,0,200,200,200,200,200
404043,1,30,200,200,0,1,10,5,0,0,200,16,17,1,4,0,200,200,200,200,200
404050,0,30,200,200,0,1,12,5,0,0,0,200,200,2,200,200,200,200,200,200,200
404050,0,30,200,200,0,1,12,5,0,0,0,200,200,1,5,0,0,0,0,200,200
404061,0,30,0,0,0,1,12,5,0,0,0,0,0,2,200,200,1,200,200,200,200
404061,0,30,0,0,0,1,12,5,0,0,0,0,0,0,5,0,0,0,0,200,200
404062,0,30,2,2,0,1,0,5,0,0,0,0,0,1,200,200,200,200,200,200,200
404062,0,30,2,2,0,1,0,5,0,0,0,0,0,1,5,0,0,0,0,200,200
404063,0,30,0,0,0,1,10,2,0,0,0,18,200,1,200,200,3,200,200,200,200
404063,0,30,0,0,0,1,10,2,0,0,0,18,200,0,7,200,0,0,0,200,200
404068,0,30,200,200,0,1,10,5,0,0,0,200,200,0,7,0,3,200,0,200,200
404068,0,30,200,200,0,1,10,5,0,0,0,200,200,0,6,0,0,0,0,200,200
404068,1,30,200,200,0,1,10,5,0,0,0,200,200,1,200,0,200,200,200,200,200
404072,0,30,1,2,0,1,14,2,0,0,0,0,11,0,6,0,200,0,0,200,200
404072,0,30,1,2,0,1,14,2,0,0,0,0,11,0,9,0,200,0,200,200,200
404072,1,30,1,2,0,1,14,2,0,0,0,0,11,0,200,0,200,200,200,200,200
404078,0,25,0,0,0,1,3,2,0,0,0,27,200,0,6,0,9,0,8,200,200
404078,0,25,0,0,0,1,3,2,0,0,0,27,200,0,6,0,0,0,0,200,200
404081,0,30,0,0,0,1,11,5,0,0,0,0,0,1,200,0,200,200,200,200,200
404081,0,30,0,0,0,1,11,5,0,0,0,0,0,1,7,0,0,0,0,200,200
404083,0,30,0,0,0,1,7,2,0,1,200,0,200,0,9,200,200,200,0,200,200
404088,0,10,0,0,0,1,7,7,0,0,0,0,0,0,9,0,12,0,0,200,200
404088,1,10,0,0,0,1,7,7,0,0,0,0,0,0,200,0,200,200,200,200,200
404090,0,30,2,2,1,1,12,2,0,0,0,0,0,2,200,200,200,200,200,200,200
404090,0,30,2,2,1,1,12,2,0,0,0,0,0,0,7,0,0,0,0,200,200
404092,0,30,0,0,0,1,7,6,0,0,0,21,0,1,200,200,2,200,200,200,200
404104,0,30,0,0,0,1,10,2,0,0,200,16,18,0,8,0,12,200,0,200,200
404104,0,30,0,0,0,1,10,2,0,0,200,16,18,0,6,0,0,0,0,200,200
404104,0,30,0,0,0,1,10,2,0,0,200,16,18,0,200,200,0,200,200,200,200
404105,0,30,0,0,0,1,10,5,0,0,200,18,200,0,6,200,0,0,0,200,200
404105,0,30,0,0,0,1,10,5,0,0,200,18,200,1,8,200,3,0,0,200,200
404109,0,0,0,0,0,1,7,12,0,0,0,11,0,0,6,0,6,0,0,200,200
404109,1,0,0,0,0,1,7,12,0,0,0,11,0,1,5,0,200,200,200,200,200
404109,1,0,0,0,0,1,7,12,0,0,0,11,0,1,6,0,200,200,200,200,200
404109,1,0,0,0,0,1,7,12,0,0,0,11,0,0,200,0,200,200,200,200,200
404116,0,30,1,2,0,1,10,5,0,0,0,0,0,0,6,0,200,200,0,200,200
404116,0,30,1,2,0,1,10,5,0,0,0,0,0,0,7,0,200,200,0,200,200
404116,1,30,1,2,0,1,10,5,0,0,0,0,0,1,7,0,200,200,200,200,200
404117,0,30,1,2,0,1,12,2,0,0,0,21,0,1,6,0,200,0,0,200,200
404117,0,30,1,2,0,1,12,2,0,0,0,21,0,0,6,0,200,0,0,200,200
404118,0,30,1,2,0,1,12,5,0,0,0,0,0,0,7,0,0,0,0,200,200
404118,0,30,1,2,0,1,12,5,0,0,0,0,0,0,5,0,0,0,0,200,200
404120,0,30,1,2,0,1,14,2,0,0,0,0,200,1,6,200,200,200,0,200,200
404120,0,30,1,2,0,1,14,2,0,0,0,0,200,0,5,0,200,0,0,200,200
404120,1,30,1,2,0,1,14,2,0,0,0,0,200,1,4,0,200,200,200,200,200
404126,0,30,2,2,0,1,10,2,0,0,0,18,0,0,6,200,3,0,0,200,200
404126,0,30,2,2,0,1,10,2,0,0,0,18,0,1,8,200,0,0,0,200,200
404127,0,0,0,0,0,1,12,4,0,0,0,18,200,1,6,200,3,200,200,200,200
404127,0,0,0,0,0,1,12,4,0,0,0,18,200,0,6,0,0,0,0,200,200
404129,0,30,1,2,0,1,0,5,0,0,0,17,17,1,200,200,1,200,0,200,200
404129,0,30,1,2,0,1,0,5,0,0,0,17,17,1,6,0,0,0,0,200,200
404134,0,20,2,2,0,1,9,6,0,0,0,11,16,2,200,200,1,200,200,200,200
404134,5,20,2,2,0,1,9,6,0,0,0,11,16,1,6,200,0,0,0,200,200
404134,5,20,2,2,0,1,9,6,0,0,0,11,16,1,2,200,0,0,0,200,200
404135,0,15,0,0,0,1,7,7,0,0,0,20,16,1,6,0,6,0,0,200,200
404135,1,15,0,0,0,1,7,7,0,0,0,20,16,1,200,0,200,200,200,200,200
404136,0,30,0,0,0,1,12,5,0,0,200,22,17,0,6,200,7,200,200,200,200
404136,0,30,0,0,0,1,12,5,0,0,200,22,17,1,5,200,0,200,200,200,200
404136,1,30,0,0,0,1,12,5,0,0,200,22,17,0,5,200,200,200,200,200,200
404137,0,30,0,0,0,1,12,5,0,0,0,0,0,0,200,200,4,0,0,200,200
404137,0,30,0,0,0,1,12,5,0,0,0,0,0,1,6,0,0,0,0,200,200
404144,0,30,2,2,0,1,7,6,0,0,0,11,200,0,5,0,12,0,0,200,200
404146,0,30,1,2,0,1,0,5,0,0,0,6,35,1,6,0,5,0,0,200,200
404146,0,30,1,2,0,1,0,5,0,0,0,6,35,0,7,0,0,0,0,200,200
404150,4,30,1,2,0,1,8,5,0,0,0,0,0,0,200,200,200,200,200,200,200
404150,0,30,1,2,0,1,8,5,0,0,0,0,0,0,5,0,0,0,0,200,200
404152,0,30,0,0,0,1,7,6,0,0,0,23,11,0,3,200,7,200,200,200,200
404153,0,30,0,0,0,1,2,5,0,0,0,0,0,0,7,0,0,0,0,200,200
404154,0,35,0,0,0,200,12,5,0,0,0,0,200,0,200,0,200,200,0,200,200
404154,0,35,0,0,0,200,12,5,0,0,0,0,200,0,200,0,0,200,0,200,200
404167,0,30,2,0,0,1,0,5,0,0,0,5,17,1,5,0,1,0,0,200,200
404167,0,30,2,0,0,1,0,5,0,0,0,5,17,0,5,0,0,0,0,200,200
404168,0,30,2,2,0,1,11,5,0,0,0,0,200,0,7,0,6,0,0,200,200
404168,0,30,2,2,0,1,11,5,0,0,0,0,200,0,4,0,0,0,0,200,200
404169,0,30,0,0,0,1,7,5,0,0,0,27,11,1,9,0,12,0,12,200,200
404172,0,30,0,0,0,1,10,5,2,0,0,18,0,0,6,0,3,0,0,200,200
404172,0,30,0,0,0,1,10,5,2,0,0,18,0,0,6,0,0,0,0,200,200
404172,1,30,0,0,0,1,10,5,2,0,0,18,0,1,6,0,200,200,200,200,200
404172,1,30,0,0,0,1,10,5,2,0,0,18,0,1,200,0,200,200,200,200,200
404175,0,15,0,0,0,1,7,0,0,0,0,0,0,0,6,0,6,0,0,200,200
404175,1,15,0,0,0,1,7,0,0,0,0,0,0,0,4,0,200,200,200,200,200
404178,0,30,0,0,0,1,7,6,0,0,0,0,200,2,200,200,200,200,200,200,200
404181,0,30,0,0,0,1,14,7,0,0,0,20,23,0,7,0,6,0,0,200,200
404181,0,30,0,0,0,1,14,7,0,0,0,20,23,0,8,0,7,0,0,200,200
404183,0,15,2,0,0,1,0,0,2,0,0,16,14,0,200,200,200,200,200,200,200
404183,0,15,2,0,0,1,0,0,2,0,0,16,14,0,5,0,0,200,0,200,200
404183,1,15,2,0,0,1,0,0,2,0,0,16,14,1,200,200,200,200,200,200,200
404187,4,30,0,0,200,1,8,5,0,200,200,11,11,1,4,3,12,200,200,200,200
404187,1,30,0,0,200,1,8,5,0,200,200,11,11,0,200,200,200,200,200,200,200
404187,1,30,0,0,200,1,8,5,0,200,200,11,11,0,5,200,200,200,200,200,200
404188,0,30,1,2,0,1,10,5,0,0,200,0,0,1,4,200,1,200,200,200,200
404188,0,30,1,2,0,1,10,5,0,0,200,0,0,0,5,0,3,0,0,200,200
404189,0,30,200,200,200,200,14,1,0,200,200,0,0,0,200,200,200,200,200,200,200
404189,0,30,200,200,200,200,14,1,0,200,200,0,0,1,7,200,200,200,200,200,200
404189,1,30,200,200,200,200,14,1,0,200,200,0,0,1,200,200,200,200,200,200,200
404189,1,30,200,200,200,200,14,1,0,200,200,0,0,0,200,200,200,200,200,200,200
404189,1,30,200,200,200,200,14,1,0,200,200,0,0,2,200,200,200,200,200,200,200
404189,1,30,200,200,200,200,14,1,0,200,200,0,0,0,200,200,200,200,200,200,200
404191,0,30,1,2,0,1,10,2,0,0,0,14,18,1,6,0,8,0,0,200,0
404191,0,30,1,2,0,1,10,2,0,0,0,14,18,0,6,0,0,0,0,200,200
404191,0,30,1,2,0,1,10,2,0,0,0,14,18,0,6,0,0,0,0,200,200
404193,0,15,0,0,0,1,7,5,0,0,0,12,200,1,9,0,12,0,0,200,200
404195,0,20,0,0,0,1,7,7,0,0,0,0,0,1,3,0,0,0,0,200,200
404198,0,30,1,2,0,1,14,5,0,0,0,200,200,0,5,200,200,200,200,200,200
404198,0,30,1,2,0,1,14,5,0,0,0,200,200,0,6,200,200,200,0,200,200
404199,0,20,0,0,0,1,7,5,0,0,0,21,200,0,6,200,4,0,0,200,200
404200,0,30,2,2,0,1,8,6,0,0,2,17,200,0,5,0,1,0,0,200,200
404200,4,30,2,2,0,1,8,6,0,0,2,17,200,1,5,0,0,0,0,200,200
404200,3,30,2,2,0,1,8,6,0,0,2,17,200,0,0,7,0,0,0,200,200
404203,0,30,2,2,0,1,14,2,0,0,0,17,200,0,8,0,1,0,0,200,200
404203,0,30,2,2,0,1,14,2,0,0,0,17,200,0,7,0,0,0,0,200,200
404203,1,30,2,2,0,1,14,2,0,0,0,17,200,1,5,0,200,200,200,200,200
404203,1,30,2,2,0,1,14,2,0,0,0,17,200,0,1,0,200,200,200,200,200
404204,0,30,0,0,0,1,7,2,0,0,0,0,200,2,200,200,200,200,200,200,200
404205,0,30,1,2,0,1,10,5,0,0,200,18,200,1,6,200,3,0,0,200,200
404205,0,30,1,2,0,1,10,5,0,0,200,18,200,0,7,200,0,0,0,200,200
404207,0,30,0,0,0,0,7,7,0,0,0,0,200,2,200,200,200,200,200,200,200
404224,0,30,0,0,0,1,0,7,0,0,0,20,0,0,8,200,6,0,0,200,200
404224,0,30,0,0,0,1,0,7,0,0,0,20,0,1,6,200,0,0,0,200,200
404232,0,30,1,200,0,1,8,2,0,0,0,17,200,1,7,200,5,0,0,200,200
404232,4,30,1,200,0,1,8,2,0,0,0,17,200,0,6,3,0,0,0,200,200
404235,0,35,1,2,0,1,14,2,0,0,0,17,200,0,8,0,1,200,0,200,200
404235,0,35,1,2,0,1,14,2,0,0,0,17,200,0,6,0,0,0,0,200,200
404235,0,35,1,2,0,1,14,2,0,0,0,17,200,1,7,0,0,0,0,200,200
404235,1,35,1,2,0,1,14,2,0,0,0,17,200,1,5,0,200,200,200,200,200