RD_NO,PERSON_TYPE,POSTED_SPEED_LIMIT,TRAFFIC_CONTROL_DEVICE,DEVICE_CONDITION,WEATHER_CONDITION,LIGHTING_CONDITION,FIRST_CRASH_TYPE,TRAFFICWAY_TYPE,ALIGNMENT,ROADWAY_SURFACE_COND,ROAD_DEFECT,PRIM_CONTRIBUTORY_CAUSE,SEC_CONTRIBUTORY_CAUSE,SEX,AGE,SAFETY_EQUIPMENT,DRIVER_ACTION,DRIVER_VISION,PHYSICAL_CONDITION,BAC_RESULT VALUE,CELL_PHONE_USE
404235,1,35,1,2,0,1,14,2,0,0,0,17,200,0,1,5,200,200,200,200,200
404236,0,30,1,2,0,1,10,2,0,0,0,18,11,0,6,0,3,0,0,200,200
404236,0,30,1,2,0,1,10,2,0,0,0,18,11,1,5,0,0,0,0,200,200
404237,0,30,0,0,0,1,7,5,0,0,0,200,200,2,200,200,200,200,200,200,200
404246,0,30,0,0,0,1,12,2,0,0,0,0,0,1,7,0,12,0,0,200,200
404246,0,30,0,0,0,1,12,2,0,0,0,0,0,1,6,0,12,0,0,200,200
404246,1,30,0,0,0,1,12,2,0,0,0,0,0,1,200,0,200,200,200,200,200
404248,0,40,1,2,0,1,10,2,0,0,0,0,200,1,6,0,200,0,0,200,200
404248,0,40,1,2,0,1,10,2,0,0,0,0,200,1,5,0,0,0,200,200,200
404248,1,40,1,2,0,1,10,2,0,0,0,0,200,0,200,0,200,200,200,200,200
404258,0,30,2,2,0,1,10,5,0,0,0,18,18,0,200,200,1,0,0,200,200
404258,0,30,2,2,0,1,10,5,0,0,0,18,18,1,5,0,0,0,0,200,200
404261,0,30,0,0,0,1,10,3,0,0,0,27,18,1,7,0,1,0,200,200,200
404261,0,30,0,0,0,1,10,3,0,0,0,27,18,1,6,0,0,0,200,200,200
404261,0,30,0,0,0,1,10,3,0,0,0,27,18,0,5,0,0,0,200,200,200
404267,0,30,0,0,0,1,12,5,0,0,0,0,200,0,200,200,2,200,200,200,200
404267,0,30,0,0,0,1,12,5,0,0,0,0,200,0,6,0,0,0,0,200,200
404270,0,30,0,0,0,1,14,5,0,0,0,17,16,1,8,0,1,0,0,200,200
404270,0,30,0,0,0,1,14,5,0,0,0,17,16,0,5,0,0,0,0,200,200
404274,0,30,0,0,0,1,10,3,0,0,0,18,0,0,200,200,3,200,200,200,200
404274,0,30,0,0,0,1,10,3,0,0,0,18,0,1,6,0,0,0,0,200,200
404275,0,30,1,0,0,1,12,5,0,0,0,22,22,0,200,200,2,200,200,200,200
404275,0,30,1,0,0,1,12,5,0,0,0,22,22,1,6,0,0,0,0,200,200
404277,0,30,0,0,0,1,12,2,0,0,0,22,22,0,6,200,1,200,200,200,200
404277,0,30,0,0,0,1,12,2,0,0,0,22,22,0,6,1,12,200,0,200,200
404277,1,30,0,0,0,1,12,2,0,0,0,22,22,0,4,0,200,200,200,200,200
404282,0,30,0,0,0,1,10,2,0,0,0,200,200,0,7,0,200,200,0,200,200
404282,0,30,0,0,0,1,10,2,0,0,0,200,200,0,7,200,200,200,0,200,200
404285,0,20,0,0,0,1,2,7,0,0,0,200,200,1,200,0,12,0,0,200,200
404285,3,20,0,0,0,1,2,7,0,0,0,200,200,200,200,200,200,200,200,200,200
404290,0,30,2,2,0,1,0,5,0,0,0,200,200,0,6,0,12,3,0,200,200
404290,0,30,2,2,0,1,0,5,0,0,0,200,200,0,6,0,12,3,0,200,200
404290,1,30,2,2,0,1,0,5,0,0,0,200,200,0,200,0,200,200,200,200,200
404292,0,35,1,2,0,1,8,1,0,0,0,0,0,0,7,0,200,0,0,200,200
404292,4,35,1,2,0,1,8,1,0,0,0,0,0,0,2,7,0,0,0,200,200
404303,0,30,1,2,0,1,10,6,0,0,200,22,200,0,200,200,3,200,200,200,200
404303,0,30,1,2,0,1,10,6,0,0,200,22,200,0,8,200,0,200,200,200,200
404304,0,30,1,2,0,1,14,2,0,0,0,17,0,1,5,200,1,200,0,200,200
404304,0,30,1,2,0,1,14,2,0,0,0,17,0,0,200,200,0,200,200,200,200
404304,0,30,1,2,0,1,14,2,0,0,0,17,0,0,6,0,0,0,0,200,200
404304,1,30,1,2,0,1,14,2,0,0,0,17,0,0,6,0,200,200,200,200,200
404307,0,30,0,0,0,1,7,5,0,0,0,27,0,1,6,0,12,0,4,200,200
404307,1,30,0,0,0,1,7,5,0,0,0,27,0,1,1,5,200,200,200,200,200
404307,1,30,0,0,0,1,7,5,0,0,0,27,0,1,0,5,200,200,200,200,200
404312,0,30,0,0,0,1,10,2,0,0,0,25,18,0,6,200,3,0,200,200,200
404312,0,30,0,0,0,1,10,2,0,0,0,25,18,1,6,0,0,0,200,200,200
404318,0,30,2,2,0,1,9,3,0,0,0,17,0,2,200,200,1,200,200,200,200
404318,5,30,2,2,0,1,9,3,0,0,0,17,0,0,7,7,0,0,0,200,200
404320,0,25,0,0,200,200,7,5,0,0,0,0,0,2,200,200,200,200,200,200,200
404322,0,30,2,2,0,1,10,5,0,0,0,17,200,0,4,0,3,0,200,200,200
404322,0,30,2,2,0,1,10,5,0,0,0,17,200,0,6,0,0,0,0,200,200
404323,0,15,0,0,0,1,7,0,0,0,0,0,0,0,6,0,200,0,0,200,200
404324,0,35,3,2,0,1,10,3,0,0,0,18,18,0,5,0,3,0,0,200,200
404324,0,35,3,2,0,1,10,3,0,0,0,18,18,0,8,0,0,0,0,200,200
404325,0,30,0,0,0,1,12,5,0,0,0,17,17,0,200,200,1,200,200,200,200
404325,0,30,0,0,0,1,12,5,0,0,0,17,17,0,7,0,0,0,0,200,200
404327,0,10,0,0,0,1,7,7,0,200,200,0,0,2,200,200,200,200,200,200,200
404330,0,30,0,0,0,1,12,5,0,0,0,0,0,0,200,200,200,200,200,200,200
404330,0,30,0,0,0,1,12,5,0,0,0,0,0,0,8,0,200,200,0,200,200
404331,0,30,2,2,0,1,14,5,0,0,0,17,14,1,5,200,1,0,0,200,200
404331,0,30,2,2,0,1,14,5,0,0,0,17,14,1,6,200,200,0,0,200,200
404331,1,30,2,2,0,1,14,5,0,0,0,17,14,0,4,200,200,200,200,200,200
404332,0,30,1,2,0,1,14,2,0,0,0,17,23,1,200,200,1,200,200,200,200
404332,0,30,1,2,0,1,14,2,0,0,0,17,23,0,5,0,12,0,0,200,200
404332,1,30,1,2,0,1,14,2,0,0,0,17,23,1,6,0,200,200,200,200,200
404336,0,30,1,2,0,1,10,5,0,0,0,18,16,0,5,0,3,0,0,200,200
404336,0,30,1,2,0,1,10,5,0,0,0,18,16,1,7,0,0,0,0,200,200
404338,0,30,0,0,0,1,10,5,0,0,0,0,0,1,200,200,200,200,200,200,200
404338,0,30,0,0,0,1,10,5,0,0,0,0,0,1,6,200,200,200,0,200,200
404338,1,30,0,0,0,1,10,5,0,0,0,0,0,0,3,200,200,200,200,200,200
404339,0,45,0,0,0,1,12,6,0,0,0,18,18,0,6,200,3,0,0,200,200
404339,0,45,0,0,0,1,12,6,0,0,0,18,18,0,6,200,0,0,0,200,200
404339,0,45,0,0,0,1,12,6,0,0,0,18,18,1,7,200,0,0,0,200,200
404341,0,30,0,0,0,1,5,5,0,0,0,0,200,1,9,0,7,0,0,200,200
404341,3,30,0,0,0,1,5,5,0,0,0,0,200,0,6,3,0,0,0,200,200
404355,0,30,1,2,0,1,12,5,0,0,0,21,200,0,200,200,4,200,200,200,200
404355,0,30,1,2,0,1,12,5,0,0,0,21,200,0,7,0,0,200,0,200,200
404356,0,30,0,0,0,1,10,5,0,0,0,18,200,0,6,0,3,0,0,200,200
404356,0,30,0,0,0,1,10,5,0,0,0,18,200,0,6,0,3,0,0,200,200
404356,0,30,0,0,0,1,10,5,0,0,0,18,200,1,6,0,0,0,0,200,200
404356,1,30,0,0,0,1,10,5,0,0,0,18,200,0,7,0,200,200,200,200,200
404361,0,30,0,0,0,1,12,2,0,0,0,0,200,0,5,200,200,200,0,200,200
404361,0,30,0,0,0,1,12,2,0,0,0,0,200,0,200,200,0,200,0,200,200
404366,0,30,0,3,0,1,7,12,0,0,0,0,0,0,7,200,6,200,200,200,200
404374,0,30,0,0,0,1,8,2,0,0,0,0,200,0,200,200,200,200,200,200,200
404374,4,30,0,0,0,1,8,2,0,0,0,0,200,0,6,2,0,0,0,200,200
404375,0,30,0,0,0,1,7,0,0,0,0,0,200,2,200,200,200,200,200,200,200
404376,0,30,0,0,0,1,10,3,0,0,0,0,0,0,200,200,1,200,200,200,200
404376,0,30,0,0,0,1,10,3,0,0,0,0,0,0,7,200,0,200,0,200,200
404377,0,30,1,2,0,1,14,2,0,0,0,23,0,1,200,200,7,200,200,200,200
404377,0,30,1,2,0,1,14,2,0,0,0,23,0,0,4,200,0,0,0,200,200
404378,0,30,1,2,0,1,0,5,0,0,0,14,6,0,200,200,13,200,200,200,200
404378,0,30,1,2,0,1,0,5,0,0,0,14,6,0,6,0,0,0,0,200,200
404378,0,30,1,2,0,1,0,5,0,0,0,14,6,0,6,0,0,0,0,200,200
404388,0,30,0,0,0,1,7,5,0,0,0,20,20,1,200,200,6,0,0,200,200
404391,0,30,1,2,0,1,14,5,0,0,0,0,200,0,8,0,1,0,0,200,200
404391,0,30,1,2,0,1,14,5,0,0,0,0,200,0,7,0,0,0,0,200,200
404397,0,30,0,0,0,1,12,6,0,0,0,21,25,2,200,200,4,200,200,200,200
404397,0,30,0,0,0,1,12,6,0,0,0,21,25,0,6,0,12,0,0,200,200
404398,0,30,0,0,0,1,14,5,0,0,0,23,0,1,6,0,1,0,0,200,200
404398,0,30,0,0,0,1,14,5,0,0,0,23,0,1,0,0,0,0,0,200,200
404398,1,30,0,0,0,1,14,5,0,0,0,23,0,0,200,0,200,200,200,200,200
404399,0,30,1,2,0,1,12,2,0,0,0,0,0,1,3,0,0,0,0,200,200
404399,0,30,1,2,0,1,12,2,0,0,0,0,0,0,7,0,0,0,0,200,200
404399,1,30,1,2,0,1,12,2,0,0,0,0,0,0,200,0,200,200,200,200,200
404404,0,30,1,2,0,1,10,5,0,0,0,18,17,0,4,0,3,0,0,200,200
404404,0,30,1,2,0,1,10,5,0,0,0,18,17,0,6,0,0,0,0,200,200
404405,0,30,0,0,0,1,10,2,0,0,0,18,18,0,6,0,3,0,0,200,200
404405,0,30,0,0,0,1,10,2,0,0,0,18,18,0,6,0,200,0,0,200,200
404405,1,30,0,0,0,1,10,2,0,0,0,18,18,1,2,0,200,200,200,200,200
404405,1,30,0,0,0,1,10,2,0,0,0,18,18,1,2,0,200,200,200,200,200
404405,1,30,0,0,0,1,10,2,0,0,0,18,18,0,0,5,200,200,200,200,200
404405,1,30,0,0,0,1,10,2,0,0,0,18,18,0,6,0,200,200,200,200,200
404407,0,30,1,2,0,1,12,6,0,0,0,0,0,0,6,200,200,200,0,200,200
404407,0,30,1,2,0,1,12,6,0,0,0,0,0,0,6,200,200,200,0,200,200
404407,1,30,1,2,0,1,12,6,0,0,0,0,0,1,9,200,200,200,200,200,200
404409,0,30,2,2,0,4,0,5,0,0,0,17,16,1,7,0,1,0,0,200,200
404409,0,30,2,2,0,4,0,5,0,0,0,17,16,1,5,0,0,0,0,200,200
404420,0,30,0,0,200,200,10,5,0,200,200,17,200,1,4,200,1,200,0,200,200
404420,0,30,0,0,200,200,10,5,0,200,200,17,200,1,6,200,0,200,0,200,200
404421,0,30,0,0,0,1,12,5,0,0,0,0,0,0,6,7,12,0,0,200,200
404421,0,30,0,0,0,1,12,5,0,0,0,0,0,1,5,0,0,0,0,200,200
404425,0,30,2,2,0,1,0,5,0,0,0,17,200,1,6,0,1,0,0,200,200
404425,0,30,2,2,0,1,0,5,0,0,0,17,200,1,6,0,0,0,0,200,200
404428,0,25,0,0,0,1,12,6,0,0,0,21,200,0,6,0,0,0,0,200,200
404428,0,25,0,0,0,1,12,6,0,0,0,21,200,0,6,0,0,0,0,200,200
404431,0,30,1,200,0,200,10,6,0,0,200,0,0,0,200,200,200,200,200,200,200
404431,0,30,1,200,0,200,10,6,0,0,200,0,0,0,6,0,200,200,200,200,200
404433,0,25,1,2,0,1,12,2,0,0,0,22,21,1,200,0,2,1,0,200,200
404433,0,25,1,2,0,1,12,2,0,0,0,22,21,0,7,2,0,200,0,200,200
404433,1,25,1,2,0,1,12,2,0,0,0,22,21,1,6,2,200,200,200,200,200
404434,0,15,0,0,0,1,12,7,0,0,0,0,200,1,6,200,2,200,0,200,200
404434,0,15,0,0,0,1,12,7,0,0,0,0,200,1,5,200,0,200,0,200,200
404434,1,15,0,0,0,1,12,7,0,0,0,0,200,0,5,200,200,200,200,200,200
404435,0,30,0,0,0,1,10,5,0,0,0,18,0,0,4,0,3,0,0,200,200
404435,0,30,0,0,0,1,10,5,0,0,0,18,0,0,5,0,0,0,0,200,200
404450,0,30,0,0,0,1,11,5,0,0,0,17,200,0,7,0,1,0,0,200,200
404450,0,30,0,0,0,1,11,5,0,0,0,17,200,1,6,0,0,0,0,200,200
404451,0,35,0,0,0,1,10,5,0,0,0,0,200,0,200,200,200,200,0,200,200
404451,0,35,0,0,0,1,10,5,0,0,0,0,200,0,200,200,200,200,0,200,200
404453,0,30,1,2,0,1,14,2,3,0,0,21,200,0,8,0,7,0,0,200,200
404453,0,30,1,2,0,1,14,2,3,0,0,21,200,1,5,0,0,0,0,200,200
404453,1,30,1,2,0,1,14,2,3,0,0,21,200,0,7,0,200,200,200,200,200
404456,0,30,0,0,0,1,12,2,0,0,0,0,0,0,8,0,200,0,0,200,200
404456,0,30,0,0,0,1,12,2,0,0,0,0,0,0,6,0,200,0,0,200,200
404468,0,30,2,2,0,1,12,2,0,0,0,22,0,0,200,200,2,200,200,200,200
404468,0,30,2,2,0,1,12,2,0,0,0,22,0,1,6,200,0,0,0,200,200
404474,0,30,0,0,0,1,10,5,0,0,200,18,200,1,6,200,0,0,0,200,200
404474,0,30,0,0,0,1,10,5,0,0,200,18,200,1,6,200,0,0,0,200,200
404476,0,15,0,0,0,1,0,5,0,0,0,20,200,0,7,0,6,0,0,200,200
404476,0,15,0,0,0,1,0,5,0,0,0,20,200,1,7,0,6,0,0,200,200
404476,1,15,0,0,0,1,0,5,0,0,0,20,200,1,7,0,200,200,200,200,200
404476,1,15,0,0,0,1,0,5,0,0,0,20,200,1,4,0,200,200,200,200,200
404476,1,15,0,0,0,1,0,5,0,0,0,20,200,0,3,0,200,200,200,200,200
404478,0,30,0,0,0,1,14,5,0,0,0,23,23,0,6,200,0,0,0,200,200
404478,0,30,0,0,0,1,14,5,0,0,0,23,23,0,7,200,7,0,0,200,200
404479,0,35,0,0,0,1,2,5,0,0,0,12,200,1,7,200,200,0,0,200,200
404479,1,35,0,0,0,1,2,5,0,0,0,12,200,1,9,200,200,200,200,200,200
404481,0,30,12,0,0,1,12,200,0,0,0,20,200,0,200,200,6,200,200,200,200
404481,0,30,12,0,0,1,12,200,0,0,0,20,200,0,6,0,0,0,0,200,200
404492,0,35,0,0,0,1,7,2,0,0,0,21,200,0,6,0,200,200,0,200,200
404497,0,30,0,0,0,1,14,5,0,0,0,22,200,1,6,0,2,0,0,200,200
404497,0,30,0,0,0,1,14,5,0,0,0,22,200,1,7,0,12,0,0,200,200
404497,1,30,0,0,0,1,14,5,0,0,0,22,200,1,2,0,200,200,200,200,200
404497,1,30,0,0,0,1,14,5,0,0,0,22,200,1,2,0,200,200,200,200,200
404498,0,30,0,0,0,1,7,6,0,0,0,0,200,1,200,200,200,200,200,200,200
404499,0,30,1,2,0,1,14,5,0,0,0,6,23,1,4,0,1,0,0,200,200
404499,0,30,1,2,0,1,14,5,0,0,0,6,23,1,5,0,0,0,0,200,200
404500,0,30,0,0,0,1,12,5,0,0,0,0,0,1,5,200,200,200,200,200,200
404500,0,30,0,0,0,1,12,5,0,0,0,0,0,0,6,0,0,0,200,200,200
404500,1,30,0,0,0,1,12,5,0,0,0,0,0,200,200,200,200,200,200,200,200
404508,0,30,1,2,0,1,10,5,0,0,0,11,0,0,5,200,3,0,0,200,200
404508,0,30,1,2,0,1,10,5,0,0,0,11,0,1,6,200,0,0,0,200,200
404510,0,30,1,2,0,1,10,2,0,0,0,25,200,1,200,200,200,200,200,200,200
404510,0,30,1,2,0,1,10,2,0,0,0,25,200,1,6,0,0,0,200,200,200
404513,0,30,1,1,0,1,8,2,0,0,0,17,200,0,7,0,1,200,0,200,200
404513,4,30,1,1,0,1,8,2,0,0,0,17,200,0,5,3,0,200,0,200,200
404513,4,30,1,1,0,1,8,2,0,0,0,17,200,0,6,7,0,200,0,200,200
404525,0,30,200,200,0,1,10,5,0,0,0,200,200,0,6,200,200,200,200,200,200
404525,0,30,200,200,0,1,10,5,0,0,0,200,200,1,6,0,0,0,0,200,200
404525,1,30,200,200,0,1,10,5,0,0,0,200,200,0,0,5,200,200,200,200,200
404530,0,35,200,200,0,1,7,5,0,0,0,16,200,0,7,200,200,200,200,200,200
404534,0,30,1,2,0,1,8,5,0,0,200,17,17,1,5,200,1,200,200,200,200
404534,4,30,1,2,0,1,8,5,0,0,200,17,17,0,5,200,0,0,200,200,200
404539,0,10,0,0,0,1,7,7,0,200,200,0,200,1,200,200,200,200,200,200,200
404540,0,25,0,0,0,1,8,5,0,200,200,0,0,0,200,200,12,200,200,200,200
404540,4,25,0,0,0,1,8,5,0,200,200,0,0,0,6,200,0,0,0,200,200
404541,0,25,0,0,0,1,7,200,0,0,0,0,24,0,7,200,200,200,0,200,200
404544,0,30,0,0,0,1,2,5,0,0,1,0,0,0,6,0,0,0,0,200,200
404546,0,30,0,0,0,1,12,5,0,0,0,21,200,0,6,200,4,200,0,200,200
404546,0,30,0,0,0,1,12,5,0,0,0,21,200,0,6,200,0,0,0,200,200
404547,0,30,1,2,0,1,10,5,0,0,0,18,0,1,6,0,1,0,0,200,200
404547,0,30,1,2,0,1,10,5,0,0,0,18,0,0,6,0,0,0,0,200,200
404547,0,30,1,2,0,1,10,5,0,0,0,18,0,1,6,0,0,0,0,200,200
404564,0,30,0,0,0,3,14,6,0,0,0,21,200,0,7,200,4,200,200,200,200
404564,0,30,0,0,0,3,14,6,0,0,0,21,200,0,5,0,0,0,5,200,200
404568,0,30,0,0,0,1,14,5,0,0,0,21,21,0,6,0,0,0,0,200,200
404568,0,30,0,0,0,1,14,5,0,0,0,21,21,1,7,0,0,0,0,200,200
404572,0,30,1,2,0,4,8,5,0,0,200,17,200,0,8,200,1,200,0,200,200
404572,4,30,1,2,0,4,8,5,0,0,200,17,200,1,3,7,0,200,0,200,200
404581,0,30,0,0,0,1,10,5,0,200,200,18,200,1,5,200,200,200,0,200,200
404581,0,30,0,0,0,1,10,5,0,200,200,18,200,0,7,200,200,0,0,200,200
404582,0,30,0,0,0,1,7,2,0,0,0,21,200,1,5,0,4,0,0,200,200
404585,0,30,0,0,0,1,14,8,0,0,0,0,200,0,5,0,200,0,0,200,200
404585,0,30,0,0,0,1,14,8,0,0,0,0,200,0,6,0,0,0,0,200,200
404585,1,30,0,0,0,1,14,8,0,0,0,0,200,0,4,0,200,200,200,200,200
404585,1,30,0,0,0,1,14,8,0,0,0,0,200,0,5,0,200,200,200,200,200
404591,0,30,0,0,0,1,10,5,0,0,0,0,0,1,8,0,200,200,200,200,200
404591,0,30,0,0,0,1,10,5,0,0,0,0,0,0,200,200,200,200,200,200,200
404592,0,30,1,2,0,3,0,5,0,0,0,17,200,0,4,0,1,0,0,200,200
404592,0,30,1,2,0,3,0,5,0,0,0,17,200,0,8,0,0,0,0,200,200
404597,0,30,0,0,200,200,7,6,0,200,200,20,200,2,200,200,6,200,200,200,200
404604,0,30,0,0,0,3,7,5,0,0,0,20,200,1,6,0,6,0,0,200,200
404615,0,30,1,1,0,1,9,6,0,0,0,0,200,2,200,200,200,200,200,200,200
404615,5,30,1,1,0,1,9,6,0,0,0,0,200,1,5,200,200,200,7,200,200
404617,5,30,0,0,0,3,9,5,0,0,0,13,200,0,8,7,0,200,200,200,200
404617,0,30,0,0,0,3,9,5,0,0,0,13,200,2,200,200,12,200,200,200,200
404629,0,30,0,0,0,1,10,5,0,0,0,18,16,0,6,200,3,200,0,200,200
404629,0,30,0,0,0,1,10,5,0,0,0,18,16,0,4,0,0,0,0,200,200
404629,0,30,0,0,0,1,10,5,0,0,0,18,16,0,8,0,0,0,0,200,200
404644,0,30,0,0,0,1,0,6,0,0,0,17,16,1,200,200,1,200,0,200,200
404644,0,30,0,0,0,1,0,6,0,0,0,17,16,0,6,0,0,0,0,200,200
404645,0,30,0,0,0,1,7,6,0,0,0,0,200,1,5,7,0,0,0,200,200
404651,0,25,1,2,0,3,14,5,0,0,0,0,200,0,8,0,12,0,0,200,200
404651,0,25,1,2,0,3,14,5,0,0,0,0,200,1,6,0,12,0,0,200,200
404653,0,30,1,2,0,4,14,12,0,0,0,23,22,2,200,200,4,200,200,200,200
404653,0,30,1,2,0,4,14,12,0,0,0,23,22,0,7,0,0,0,0,200,200
404660,0,30,1,2,0,3,12,5,0,0,200,17,200,1,5,200,1,0,0,200,200
404660,0,30,1,2,0,3,12,5,0,0,200,17,200,0,6,200,0,0,0,200,200
404661,0,20,0,200,0,0,7,200,0,0,0,0,200,0,200,200,200,200,200,200,200
404662,0,30,1,2,0,3,14,5,0,0,0,17,16,0,6,0,1,0,0,200,200
404662,0,30,1,2,0,3,14,5,0,0,0,17,16,0,5,0,0,0,0,200,200
404680,0,20,0,0,0,3,7,5,0,0,0,16,0,1,6,200,200,0,200,200,200
404683,0,30,0,0,200,200,7,7,0,200,0,0,0,2,200,200,200,200,200,200,200
404687,0,30,2,2,0,3,0,5,0,0,0,17,16,2,200,200,1,200,200,200,200
404687,0,30,2,2,0,3,0,5,0,0,0,17,16,1,200,0,12,0,0,200,200
404697,0,25,2,0,0,1,7,6,0,0,0,21,0,2,200,200,200,200,0,200,200
404698,0,30,200,200,0,200,10,2,0,0,200,18,200,0,200,200,3,200,200,200,200
404698,0,30,200,200,0,200,10,2,0,0,200,18,200,0,6,0,0,200,0,200,200
404708,0,30,1,3,0,3,0,2,0,0,0,6,200,1,9,0,12,0,0,200,200
404708,0,30,1,3,0,3,0,2,0,0,0,6,200,1,4,0,0,0,0,200,200
404717,0,25,0,0,0,1,7,6,0,0,0,11,21,1,200,200,200,200,200,200,200
404717,1,25,0,0,0,1,7,6,0,0,0,11,21,1,200,200,200,200,200,200,200
404717,1,25,0,0,0,1,7,6,0,0,0,11,21,200,200,200,200,200,200,200,200
404717,1,25,0,0,0,1,7,6,0,0,0,11,21,200,200,200,200,200,200,200,200
404717,1,25,0,0,0,1,7,6,0,0,0,11,21,200,200,200,200,200,200,200,200
404717,1,25,0,0,0,1,7,6,0,0,0,11,21,200,200,200,200,200,200,200,200
404717,1,25,0,0,0,1,7,6,0,0,0,11,21,200,200,200,200,200,200,200,200
404719,0,45,1,2,0,4,14,3,0,0,0,6,200,0,200,200,5,200,200,200,200
404719,0,45,1,2,0,4,14,3,0,0,0,6,200,0,5,200,0,200,0,200,200
404728,4,35,0,0,0,4,8,2,0,0,0,18,200,0,0,200,3,0,0,200,200
404728,0,35,0,0,0,4,8,2,0,0,0,18,200,1,7,0,0,0,0,200,200
404728,1,35,0,0,0,4,8,2,0,0,0,18,200,1,9,0,200,200,200,200,200
404744,0,30,0,0,0,3,10,5,0,0,0,18,0,0,8,200,200,200,0,200,200
404744,0,30,0,0,0,3,10,5,0,0,0,18,0,0,200,200,200,200,200,200,200
404744,1,30,0,0,0,3,10,5,0,0,0,18,0,1,6,200,200,200,200,200,200
404752,0,30,0,0,0,3,11,7,0,0,0,0,0,1,200,200,200,200,200,200,200
404752,0,30,0,0,0,3,11,7,0,0,0,0,0,0,8,0,0,0,0,200,200
404754,0,30,0,0,0,3,0,6,0,0,0,20,200,0,4,0,6,0,0,200,200
404756,0,30,0,0,0,3,8,5,0,0,0,25,17,2,200,200,1,200,200,200,200
404756,4,30,0,0,0,3,8,5,0,0,0,25,17,0,5,200,200,0,0,200,200
404760,0,35,1,2,0,3,14,2,0,0,0,10,21,0,200,200,9,200,200,200,200
404760,0,35,1,2,0,3,14,2,0,0,0,10,21,0,5,200,0,0,0,200,200
404762,0,30,0,0,0,3,7,5,0,0,0,11,200,0,6,0,12,200,0,200,200
404764,0,30,0,0,0,3,14,5,0,0,0,23,23,0,200,200,7,200,200,200,200
404764,0,30,0,0,0,3,14,5,0,0,0,23,23,1,6,0,0,0,0,200,200
404779,0,30,0,0,0,3,7,5,0,0,0,0,0,2,200,200,200,200,200,200,200
404780,0,30,1,2,0,3,14,5,0,0,0,23,200,2,200,200,7,200,200,200,200
404780,0,30,1,2,0,3,14,5,0,0,0,23,200,1,5,0,200,0,7,200,200
404780,1,30,1,2,0,3,14,5,0,0,0,23,200,1,5,0,200,200,200,200,200
404780,1,30,1,2,0,3,14,5,0,0,0,23,200,1,5,0,200,200,200,200,200
404782,0,30,1,2,0,3,14,5,0,0,0,23,200,1,5,200,7,0,0,200,200
404782,0,30,1,2,0,3,14,5,0,0,0,23,200,0,6,200,0,0,0,200,200
404820,0,30,1,2,0,3,14,5,0,0,0,21,23,0,200,0,0,200,0,200,200
404820,0,30,1,2,0,3,14,5,0,0,0,21,23,0,6,200,4,200,200,200,200
404820,0,30,1,2,0,3,14,5,0,0,0,21,23,1,5,0,0,200,0,200,200
404850,0,30,0,0,0,3,3,5,0,0,0,17,200,0,5,0,1,200,0,200,200
404850,0,30,0,0,0,3,3,5,0,0,0,17,200,0,5,0,0,200,0,200,200
404857,0,45,0,0,0,3,10,3,0,0,0,11,11,0,6,3,200,0,0,200,200
404857,0,45,0,0,0,3,10,3,0,0,0,11,11,1,7,0,0,0,0,200,200
404876,0,10,0,0,0,1,10,6,3,0,0,10,200,0,200,200,9,200,200,200,200
404876,0,10,0,0,0,1,10,6,3,0,0,10,200,0,5,0,0,0,0,200,200
404888,0,20,0,0,0,3,7,5,0,200,200,0,0,1,3,200,12,200,200,200,200
404904,0,30,0,0,0,3,2,2,0,0,0,0,200,0,200,200,200,200,200,200,200
404904,1,30,0,0,0,3,2,2,0,0,0,0,200,1,5,200,200,200,200,200,200
404904,1,30,0,0,0,3,2,2,0,0,0,0,200,1,200,0,200,200,200,200,200
404904,1,30,0,0,0,3,2,2,0,0,0,0,200,0,200,200,200,200,200,200,200
404926,0,25,0,0,0,3,7,2,0,0,0,200,200,2,200,200,200,200,200,200,200
404940,0,35,1,2,0,3,0,2,0,0,0,6,200,0,5,200,5,0,0,200,200
404940,0,35,1,2,0,3,0,2,0,0,0,6,200,0,7,0,0,0,0,200,200
404943,0,30,0,0,0,0,5,2,0,0,1,200,200,0,6,0,0,0,0,200,200
404956,0,15,0,0,0,3,2,5,0,0,0,14,8,1,200,200,12,200,200,200,200
404956,1,15,0,0,0,3,2,5,0,0,0,14,8,0,5,7,200,200,200,200,200
404992,0,30,2,2,0,3,2,12,0,0,0,17,17,1,7,0,1,0,0,200,200
404992,0,30,2,2,0,3,2,12,0,0,0,17,17,1,7,0,0,0,0,200,200
404997,0,30,0,0,0,3,8,3,0,0,0,0,200,2,200,200,200,200,200,200,200
404997,4,30,0,0,0,3,8,3,0,0,0,0,200,0,6,200,200,200,200,200,200
404999,5,30,1,2,0,2,9,5,2,0,0,6,17,1,200,200,200,200,200,200,200
404999,0,30,1,2,0,2,9,5,2,0,0,6,17,1,4,0,0,0,0,200,200
404999,1,30,1,2,0,2,9,5,2,0,0,6,17,0,5,0,200,200,200,200,200
405001,0,5,200,200,0,1,2,7,0,0,0,20,200,0,200,7,6,200,200,200,200
405001,1,5,200,200,0,1,2,7,0,0,0,20,200,0,200,200,200,200,200,200,200
405007,0,30,1,2,0,3,14,5,0,0,0,0,0,2,200,200,200,200,200,200,200