RD_NO,PERSON_TYPE,POSTED_SPEED_LIMIT,TRAFFIC_CONTROL_DEVICE,DEVICE_CONDITION,WEATHER_CONDITION,LIGHTING_CONDITION,FIRST_CRASH_TYPE,TRAFFICWAY_TYPE,ALIGNMENT,ROADWAY_SURFACE_COND,ROAD_DEFECT,PRIM_CONTRIBUTORY_CAUSE,SEC_CONTRIBUTORY_CAUSE,SEX,AGE,SAFETY_EQUIPMENT,DRIVER_ACTION,DRIVER_VISION,PHYSICAL_CONDITION,BAC_RESULT VALUE,CELL_PHONE_USE
405007,0,30,1,2,0,3,14,5,0,0,0,0,0,0,6,200,200,200,200,200,200
405012,0,30,1,2,0,1,0,5,0,0,200,16,6,0,6,200,1,200,0,200,200
405012,0,30,1,2,0,1,0,5,0,0,200,16,6,0,5,200,1,200,200,200,200
405018,0,30,0,0,0,1,12,5,0,0,0,0,200,0,200,200,0,200,200,200,200
405018,0,30,0,0,0,1,12,5,0,0,0,0,200,1,8,0,0,0,0,200,200
405019,0,30,1,2,0,1,10,5,0,0,0,2,9,1,5,0,15,0,0,200,200
405019,0,30,1,2,0,1,10,5,0,0,0,2,9,1,6,0,0,0,0,200,200
405024,0,20,0,0,0,1,5,0,0,0,0,28,28,0,7,0,0,0,0,200,200
405025,0,45,0,0,0,2,5,3,0,0,0,21,200,0,4,0,4,0,0,200,200
405035,0,30,0,0,0,1,7,5,0,0,0,11,200,0,200,7,12,12,0,200,200
405035,1,30,0,0,0,1,7,5,0,0,0,11,200,1,6,7,200,200,200,200,200
405035,1,30,0,0,0,1,7,5,0,0,0,11,200,0,6,200,200,200,200,200,200
405037,0,30,1,2,0,1,14,3,0,0,0,17,23,0,6,0,1,0,0,200,200
405037,0,30,1,2,0,1,14,3,0,0,0,17,23,0,6,0,0,0,0,200,200
405039,0,30,1,2,0,1,14,3,0,0,0,11,0,1,7,0,7,0,0,200,200
405039,0,30,1,2,0,1,14,3,0,0,0,11,0,1,6,0,0,0,0,200,200
405039,1,30,1,2,0,1,14,3,0,0,0,11,0,1,3,0,200,200,200,200,200
405048,0,30,1,2,0,1,10,2,0,0,0,18,200,0,5,0,3,0,0,200,200
405048,0,30,1,2,0,1,10,2,0,0,0,18,200,1,7,0,0,0,0,200,200
405054,0,30,0,0,0,1,7,2,0,0,0,21,200,0,6,0,12,0,0,200,200
405062,0,30,0,0,0,1,12,1,0,1,0,21,200,1,6,0,4,0,0,200,200
405062,0,30,0,0,0,1,12,1,0,1,0,21,200,1,6,0,0,0,0,200,200
405066,0,30,1,2,0,1,12,5,0,0,0,200,200,0,200,0,200,0,0,200,200
405066,0,30,1,2,0,1,12,5,0,0,0,200,200,1,200,0,0,0,0,200,200
405071,0,30,1,2,0,1,0,3,0,0,0,6,200,0,7,200,200,0,0,200,200
405071,0,30,1,2,0,1,0,3,0,0,0,6,200,0,7,200,12,0,0,200,200
405074,0,30,0,0,0,1,7,6,0,0,0,0,0,2,200,200,200,200,200,200,200
405079,0,30,0,0,0,1,3,5,0,0,0,0,0,0,6,0,200,0,0,200,200
405079,0,30,0,0,0,1,3,5,0,0,0,0,0,0,5,0,0,0,0,200,200
405083,0,30,0,0,0,1,12,5,0,0,0,21,200,2,200,200,200,200,200,200,200
405085,0,45,0,0,0,1,12,5,0,0,0,0,0,1,5,200,200,200,200,200,200
405085,0,45,0,0,0,1,12,5,0,0,0,0,0,0,6,0,0,0,0,200,200
405087,0,30,2,2,0,1,0,5,0,0,0,0,0,0,6,0,1,200,0,200,200
405087,0,30,2,2,0,1,0,5,0,0,0,0,0,0,6,0,1,0,0,200,200
405089,0,30,0,0,0,1,2,3,0,0,0,27,200,0,6,200,12,0,4,200,200
405093,0,30,2,2,0,1,9,5,0,0,0,33,0,0,7,200,200,200,0,200,200
405093,5,30,2,2,0,1,9,5,0,0,0,33,0,1,5,7,0,200,200,200,200
405099,0,30,2,2,0,1,14,3,0,0,0,20,0,0,6,200,6,200,0,200,200
405099,0,30,2,2,0,1,14,3,0,0,0,20,0,0,5,200,0,0,0,200,200
405100,0,25,2,2,0,1,11,5,0,0,0,21,0,0,6,200,0,0,0,200,200
405100,0,25,2,2,0,1,11,5,0,0,0,21,0,0,6,200,200,0,0,200,200
405100,1,25,2,2,0,1,11,5,0,0,0,21,0,0,200,200,200,200,200,200,200
405100,1,25,2,2,0,1,11,5,0,0,0,21,0,200,200,200,200,200,200,200,200
405105,0,30,1,2,0,1,14,2,0,0,0,23,11,0,6,0,7,0,0,200,200
405105,0,30,1,2,0,1,14,2,0,0,0,23,11,0,7,0,0,0,0,200,200
405108,0,30,1,2,0,1,12,6,0,0,0,21,11,0,5,0,12,0,0,200,200
405108,0,30,1,2,0,1,12,6,0,0,0,21,11,1,7,1,12,0,0,200,200
405111,0,30,0,0,0,1,7,6,0,0,0,0,0,2,200,200,200,200,200,200,200
405112,0,45,1,2,0,1,10,3,2,0,0,0,0,0,200,200,8,200,200,200,200
405112,0,45,1,2,0,1,10,3,2,0,0,0,0,0,6,0,0,0,0,200,200
405112,1,45,1,2,0,1,10,3,2,0,0,0,0,200,200,200,200,200,200,200,200
405112,1,45,1,2,0,1,10,3,2,0,0,0,0,200,200,200,200,200,200,200,200
405112,1,45,1,2,0,1,10,3,2,0,0,0,0,200,200,200,200,200,200,200,200
405113,0,30,0,0,0,1,7,5,0,0,0,11,11,0,7,0,7,0,0,200,200
405113,1,30,0,0,0,1,7,5,0,0,0,11,11,1,8,0,200,200,200,200,200
405123,0,20,1,2,0,1,8,3,0,0,0,0,200,0,200,200,200,200,200,200,200
405123,4,20,1,2,0,1,8,3,0,0,0,0,200,0,6,200,12,0,0,200,200
405125,0,30,0,0,0,1,10,5,0,0,0,18,18,0,6,0,3,0,0,200,200
405125,0,30,0,0,0,1,10,5,0,0,0,18,18,0,4,7,0,0,0,200,200
405125,0,30,0,0,0,1,10,5,0,0,0,18,18,0,8,200,0,0,0,200,200
405125,1,30,0,0,0,1,10,5,0,0,0,18,18,0,200,200,200,200,200,200,200
405125,1,30,0,0,0,1,10,5,0,0,0,18,18,0,200,200,200,200,200,200,200
405128,0,15,0,0,0,1,7,5,0,0,0,28,35,0,7,200,6,12,200,200,200
405128,1,15,0,0,0,1,7,5,0,0,0,28,35,1,7,0,200,200,200,200,200
405130,0,30,0,0,0,1,14,5,0,0,0,0,200,0,5,0,7,0,0,200,200
405130,0,30,0,0,0,1,14,5,0,0,0,0,200,1,5,0,0,0,0,200,200
405130,1,30,0,0,0,1,14,5,0,0,0,0,200,200,200,0,200,200,200,200,200
405130,1,30,0,0,0,1,14,5,0,0,0,0,200,200,200,0,200,200,200,200,200
405132,0,30,4,0,0,1,10,2,0,0,0,16,8,0,6,200,1,0,0,200,200
405132,0,30,4,0,0,1,10,2,0,0,0,16,8,1,7,200,0,0,0,200,200
405135,0,30,2,2,0,1,7,5,0,0,0,0,0,1,5,0,12,5,0,200,200
405135,1,30,2,2,0,1,7,5,0,0,0,0,0,0,200,0,200,200,200,200,200
405140,0,30,0,0,0,1,14,5,0,0,0,23,0,0,6,0,12,0,0,200,200
405140,0,30,0,0,0,1,14,5,0,0,0,23,0,0,5,0,4,0,0,200,200
405142,0,30,0,0,0,3,7,5,0,0,0,22,0,2,200,200,2,200,200,200,200
405146,0,30,0,0,0,1,12,2,0,0,0,22,0,0,200,200,200,200,200,200,200
405146,0,30,0,0,0,1,12,2,0,0,0,22,0,0,6,0,0,200,0,200,200
405147,0,30,1,2,0,1,9,5,0,0,12,6,0,0,7,7,200,200,0,200,200
405147,5,30,1,2,0,1,9,5,0,0,12,6,0,0,8,7,0,0,0,200,200
405153,0,30,0,0,0,3,7,5,0,0,0,0,0,2,200,200,200,200,200,200,200
405155,0,30,2,2,0,1,0,2,0,0,0,0,0,1,6,0,200,0,0,200,200
405155,0,30,2,2,0,1,0,2,0,0,0,0,0,1,8,0,200,0,0,200,200
405166,0,30,1,2,0,1,12,5,0,0,0,21,200,0,6,200,4,200,200,200,200
405166,0,30,1,2,0,1,12,5,0,0,0,21,200,1,7,0,0,0,0,200,200
405166,1,30,1,2,0,1,12,5,0,0,0,21,200,0,200,200,200,200,200,200,200
405174,0,35,0,0,0,1,7,5,0,0,0,0,200,2,200,200,200,200,200,200,200
405188,0,30,2,200,0,1,0,5,0,0,0,0,200,0,5,200,1,200,0,200,200
405188,0,30,2,200,0,1,0,5,0,0,0,0,200,0,5,200,200,200,0,200,200
405189,0,30,1,2,0,1,10,3,0,0,0,18,200,0,8,0,3,0,0,200,200
405189,0,30,1,2,0,1,10,3,0,0,0,18,200,0,7,0,0,0,0,200,200
405190,0,30,1,2,0,1,10,6,0,0,0,0,0,2,200,200,200,200,200,200,200
405190,0,30,1,2,0,1,10,6,0,0,0,0,0,0,6,0,12,0,0,200,200
405193,0,30,0,0,0,1,10,2,0,0,0,0,0,0,200,200,12,200,200,200,200
405193,0,30,0,0,0,1,10,2,0,0,0,0,0,1,3,0,0,0,0,200,200
405193,1,30,0,0,0,1,10,2,0,0,0,0,0,1,5,0,200,200,200,200,200
405197,0,30,0,0,0,1,3,5,0,0,0,0,0,1,7,0,200,0,0,200,200
405197,0,30,0,0,0,1,3,5,0,0,0,0,0,1,7,0,0,0,0,200,200
405205,0,20,0,0,0,3,2,0,0,0,0,13,200,0,8,0,12,0,0,200,200
405214,0,30,0,0,0,1,12,5,0,0,0,0,0,2,200,200,200,200,200,200,200
405214,0,30,0,0,0,1,12,5,0,0,0,0,0,1,6,0,0,0,0,200,200
405215,0,30,0,0,0,1,12,7,0,0,0,0,0,0,200,0,12,0,0,200,200
405215,0,30,0,0,0,1,12,7,0,0,0,0,0,0,200,0,0,0,0,200,200
405220,0,30,1,2,0,1,10,5,0,0,0,0,0,0,7,200,200,200,200,200,200
405220,0,30,1,2,0,1,10,5,0,0,0,0,0,0,6,200,200,200,200,200,200
405223,0,30,0,0,1,1,12,6,0,1,0,17,17,0,6,0,0,0,0,200,200
405223,0,30,0,0,1,1,12,6,0,1,0,17,17,0,6,0,0,0,0,200,200
405225,0,30,0,0,0,1,14,6,0,0,0,11,33,0,6,200,12,12,0,200,200
405225,0,30,0,0,0,1,14,6,0,0,0,11,33,0,4,200,12,0,0,200,200
405227,0,35,0,0,0,1,5,2,0,0,0,200,200,0,7,0,0,0,0,200,200
405246,0,30,0,0,0,1,2,0,0,0,0,200,200,0,7,0,12,200,0,200,200
405247,0,30,0,0,0,1,7,0,0,0,200,0,200,1,5,0,12,0,0,200,200
405253,0,30,0,0,0,1,12,5,0,0,0,0,200,0,7,0,12,0,0,200,200
405253,0,30,0,0,0,1,12,5,0,0,0,0,200,1,6,0,0,0,0,200,200
405255,0,30,1,2,0,1,10,5,0,0,0,0,0,0,200,200,200,200,200,200,200
405255,0,30,1,2,0,1,10,5,0,0,0,0,0,1,6,200,200,200,200,200,200
405260,0,45,1,2,0,1,10,2,0,0,0,18,0,0,6,0,3,0,0,200,200
405260,0,45,1,2,0,1,10,2,0,0,0,18,0,0,4,0,0,0,0,200,200
405268,0,45,0,0,0,1,10,3,0,0,0,18,0,0,6,0,3,0,0,200,200
405268,0,45,0,0,0,1,10,3,0,0,0,18,0,1,5,0,0,0,0,200,200
405269,0,30,1,2,0,1,10,5,0,0,200,0,0,0,7,200,200,200,0,200,200
405269,0,30,1,2,0,1,10,5,0,0,200,0,0,1,5,200,200,200,0,200,200
405272,0,30,1,2,0,1,10,5,3,0,0,0,200,1,7,0,1,200,200,200,200
405272,0,30,1,2,0,1,10,5,3,0,0,0,200,0,6,0,12,0,0,200,200
405278,0,30,1,2,0,1,14,2,0,0,0,21,23,0,6,200,7,200,0,200,200
405278,0,30,1,2,0,1,14,2,0,0,0,21,23,0,6,200,200,200,0,200,200
405279,0,30,0,0,0,1,12,5,0,0,0,0,200,1,7,200,0,0,0,200,200
405279,0,30,0,0,0,1,12,5,0,0,0,0,200,0,6,0,0,0,0,200,200
405279,1,30,0,0,0,1,12,5,0,0,0,0,200,0,6,0,200,200,200,200,200
405284,0,30,0,0,0,1,7,6,0,0,0,200,200,0,8,200,0,0,0,200,200
405291,0,30,0,0,0,1,10,0,0,0,0,18,200,2,200,200,200,200,200,200,200
405291,0,30,0,0,0,1,10,0,0,0,0,18,200,1,6,200,0,0,0,200,200
405291,1,30,0,0,0,1,10,0,0,0,0,18,200,0,6,1,200,200,200,200,200
405291,1,30,0,0,0,1,10,0,0,0,0,18,200,1,7,200,200,200,200,200,200
405291,1,30,0,0,0,1,10,0,0,0,0,18,200,0,0,5,200,200,200,200,200
405291,1,30,0,0,0,1,10,0,0,0,0,18,200,1,2,200,200,200,200,200,200
405296,0,15,2,0,0,1,9,5,0,12,12,28,17,1,6,200,1,0,0,200,200
405296,5,15,2,0,0,1,9,5,0,12,12,28,17,0,200,7,200,200,0,200,200
405296,1,15,2,0,0,1,9,5,0,12,12,28,17,1,200,200,200,200,200,200,200
405296,1,15,2,0,0,1,9,5,0,12,12,28,17,1,200,200,200,200,200,200,200
405298,0,30,1,2,0,3,8,2,0,0,0,0,0,0,7,0,1,0,0,200,200
405298,4,30,1,2,0,3,8,2,0,0,0,0,0,0,200,200,0,200,200,200,200
405299,0,30,2,2,0,1,10,5,0,0,0,18,200,0,200,200,3,0,0,200,200
405299,0,30,2,2,0,1,10,5,0,0,0,18,200,0,6,0,0,0,0,200,200
405308,4,30,1,2,0,1,8,6,0,0,0,6,200,0,6,2,5,12,0,200,200
405308,0,30,1,2,0,1,8,6,0,0,0,6,200,1,8,200,0,0,0,200,200
405308,1,30,1,2,0,1,8,6,0,0,0,6,200,0,8,200,200,200,200,200,200
405313,0,35,1,2,0,1,10,5,0,0,0,0,0,1,4,0,200,0,0,200,200
405313,0,35,1,2,0,1,10,5,0,0,0,0,0,1,7,0,0,0,0,200,200
405323,0,30,0,0,0,1,7,7,0,0,200,0,200,1,6,0,10,0,0,200,200
405328,0,30,0,0,0,1,10,6,0,0,0,0,0,0,5,200,4,0,0,200,200
405328,0,30,0,0,0,1,10,6,0,0,0,0,0,0,7,200,1,0,0,200,200
405345,0,30,0,0,0,1,7,5,0,0,0,0,0,2,200,200,200,200,200,200,200
405346,0,30,0,0,0,1,7,6,0,0,0,0,0,2,200,200,200,200,200,200,200
405347,0,30,0,0,0,1,12,3,0,0,12,33,200,0,6,0,4,1,0,200,200
405347,0,30,0,0,0,1,12,3,0,0,12,33,200,0,6,0,0,0,0,200,200
405347,1,30,0,0,0,1,12,3,0,0,12,33,200,0,6,0,200,200,200,200,200
405357,0,30,0,0,0,1,7,5,0,0,0,17,200,0,6,7,1,0,0,200,200
405364,0,30,0,0,0,1,7,2,0,0,0,11,200,0,6,0,12,0,0,200,200
405371,0,30,0,0,0,1,0,5,0,0,0,17,17,0,9,200,1,200,200,200,200
405371,0,30,0,0,0,1,0,5,0,0,0,17,17,1,6,0,0,0,0,200,200
405378,0,30,0,200,0,1,8,2,0,0,200,20,0,0,6,200,6,200,0,200,200
405378,4,30,0,200,0,1,8,2,0,0,200,20,0,0,7,200,200,200,5,200,200
405379,0,30,1,2,0,1,12,2,0,0,0,21,200,0,7,200,0,200,0,200,200
405379,0,30,1,2,0,1,12,2,0,0,0,21,200,0,8,200,4,200,0,200,200
405381,0,30,0,0,0,1,12,6,0,0,200,0,200,0,6,0,200,0,0,200,200
405381,0,30,0,0,0,1,12,6,0,0,200,0,200,0,9,0,0,200,200,200,200
405388,0,15,0,0,0,1,2,0,0,0,0,25,16,0,6,200,12,200,200,200,200
405389,0,20,1,2,0,1,12,5,0,0,0,22,200,0,7,200,7,0,0,200,200
405389,0,20,1,2,0,1,12,5,0,0,0,22,200,0,6,200,0,0,0,200,200
405389,1,20,1,2,0,1,12,5,0,0,0,22,200,0,5,200,200,200,200,200,200
405395,0,30,1,2,0,1,10,2,0,0,0,18,200,0,7,0,1,0,0,200,200
405395,0,30,1,2,0,1,10,2,0,0,0,18,200,1,8,0,0,0,0,200,200
405405,0,30,0,0,0,1,10,5,0,0,0,18,16,0,6,0,3,0,0,200,200
405405,0,30,0,0,0,1,10,5,0,0,0,18,16,1,5,0,0,0,0,200,200
405411,0,30,1,2,0,1,12,3,0,0,3,18,200,1,8,0,1,0,0,200,200
405411,0,30,1,2,0,1,12,3,0,0,3,18,200,0,7,0,0,0,0,200,200
405415,0,30,0,0,0,1,10,5,0,0,0,0,200,1,5,0,200,0,0,200,200
405415,0,30,0,0,0,1,10,5,0,0,0,0,200,0,7,0,0,0,0,200,200
405420,0,30,0,0,0,1,11,6,0,200,200,0,200,1,200,200,6,200,200,200,200
405420,0,30,0,0,0,1,11,6,0,200,200,0,200,0,8,200,200,0,0,200,200
405423,0,30,1,2,0,1,14,2,0,0,0,21,0,0,8,200,7,0,0,200,200
405423,0,30,1,2,0,1,14,2,0,0,0,21,0,0,5,200,0,0,0,200,200
405427,0,30,2,2,0,1,0,5,0,0,0,0,200,1,5,200,200,200,0,200,200
405427,0,30,2,2,0,1,0,5,0,0,0,0,200,0,6,0,200,0,0,200,200
405434,0,15,0,0,0,1,7,7,0,0,0,0,200,0,200,200,6,200,200,200,200
405437,0,30,200,200,0,1,10,5,0,200,200,0,200,0,7,200,200,200,200,200,200
405437,0,30,200,200,0,1,10,5,0,200,200,0,200,1,7,0,0,0,0,200,200
405439,0,30,0,0,0,1,10,5,0,0,0,200,200,1,200,200,0,200,200,200,200
405439,0,30,0,0,0,1,10,5,0,0,0,200,200,1,5,0,0,0,0,200,200
405439,1,30,0,0,0,1,10,5,0,0,0,200,200,0,200,1,200,200,200,200,200
405441,0,30,2,2,0,1,0,3,0,0,0,17,0,0,8,0,1,1,0,200,200
405441,0,30,2,2,0,1,0,3,0,0,0,17,0,1,7,0,0,0,0,200,200
405441,1,30,2,2,0,1,0,3,0,0,0,17,0,200,200,0,200,200,200,200,200
405444,0,30,9,2,200,1,7,5,0,200,0,0,0,2,200,200,200,200,200,200,200
405446,0,25,0,0,0,1,3,5,0,0,0,33,20,0,5,0,6,12,0,200,200
405446,0,25,0,0,0,1,3,5,0,0,0,33,20,1,8,0,0,0,0,200,200
405448,0,30,1,2,0,1,12,6,0,0,0,0,0,1,200,200,200,200,200,200,200
405448,0,30,1,2,0,1,12,6,0,0,0,0,0,0,200,0,0,0,0,200,200
405451,0,5,0,0,200,200,2,4,0,200,200,0,200,2,200,200,200,200,200,200,200
405454,0,30,0,0,0,1,7,6,0,0,0,0,200,2,200,200,200,200,200,200,200
405455,0,30,1,2,0,1,14,5,0,0,0,17,200,1,200,0,1,0,0,200,200
405455,0,30,1,2,0,1,14,5,0,0,0,17,200,0,5,0,0,0,0,200,200
405456,0,30,1,2,0,1,12,5,0,0,0,0,0,0,6,200,200,200,200,200,200
405456,0,30,1,2,0,1,12,5,0,0,0,0,0,1,6,0,0,0,0,200,200
405465,0,15,0,0,2,1,12,6,0,0,2,0,200,1,7,0,0,0,200,200,200
405465,0,15,0,0,2,1,12,6,0,0,2,0,200,0,7,0,0,0,200,200,200
405468,0,30,0,0,0,1,10,5,0,0,0,18,25,1,200,200,3,200,200,200,200
405468,0,30,0,0,0,1,10,5,0,0,0,18,25,0,8,200,200,0,0,200,200
405470,0,30,1,2,0,1,12,2,0,0,0,17,200,0,7,0,1,0,0,200,200
405470,0,30,1,2,0,1,12,2,0,0,0,17,200,0,7,0,0,0,0,200,200
405471,0,30,2,2,0,1,0,12,0,0,0,0,6,1,7,0,1,0,0,200,200
405471,0,30,2,2,0,1,0,12,0,0,0,0,6,0,6,200,1,0,0,200,200
405474,0,30,0,0,0,1,0,5,0,0,0,20,200,1,7,200,6,200,0,200,200
405474,0,30,0,0,0,1,0,5,0,0,0,20,200,1,6,200,0,200,0,200,200
405474,1,30,0,0,0,1,0,5,0,0,0,20,200,0,6,200,200,200,200,200,200
405474,1,30,0,0,0,1,0,5,0,0,0,20,200,0,2,200,200,200,200,200,200
405479,0,15,0,0,0,1,7,7,0,0,0,20,200,0,4,200,6,200,200,200,200
405483,0,30,0,0,0,1,10,5,0,0,0,16,18,1,5,0,3,200,200,200,200
405486,0,30,1,2,0,1,10,5,0,0,0,0,200,1,200,200,200,200,200,200,200
405486,0,30,1,2,0,1,10,5,0,0,0,0,200,0,6,7,0,0,0,200,200
405494,0,30,1,2,0,1,12,2,0,0,0,11,200,0,5,0,12,0,0,200,200
405494,0,30,1,2,0,1,12,2,0,0,0,11,200,0,6,0,0,0,0,200,200
405494,1,30,1,2,0,1,12,2,0,0,0,11,200,0,200,0,200,200,200,200,200
405496,0,30,2,2,0,1,10,5,0,0,0,20,20,0,7,0,6,200,0,200,200
405496,0,30,2,2,0,1,10,5,0,0,0,20,20,0,7,0,0,0,0,200,200
405505,0,30,0,0,0,1,10,5,0,0,0,18,16,0,6,200,3,200,0,200,200
405505,0,30,0,0,0,1,10,5,0,0,0,18,16,1,5,0,0,0,0,200,200
405514,0,30,1,2,0,1,10,5,0,0,0,18,200,0,200,200,3,200,200,200,200
405514,0,30,1,2,0,1,10,5,0,0,0,18,200,1,7,0,0,0,0,200,200
405516,0,30,0,0,0,1,0,7,0,200,200,11,0,0,7,200,6,200,0,200,200
405516,0,30,0,0,0,1,0,7,0,200,200,11,0,0,7,200,12,200,0,200,200
405517,0,30,1,2,0,1,12,5,0,0,0,0,200,0,6,200,1,200,200,200,200
405517,0,30,1,2,0,1,12,5,0,0,0,0,200,1,7,0,0,0,0,200,200
405518,0,30,0,0,0,1,10,3,0,0,0,18,18,0,6,0,3,200,0,200,200
405518,0,30,0,0,0,1,10,3,0,0,0,18,18,0,0,0,0,0,0,200,200
405518,1,30,0,0,0,1,10,3,0,0,0,18,18,0,8,0,200,200,200,200,200
405523,0,30,0,0,0,1,8,0,0,0,0,0,16,0,6,0,12,0,0,200,200
405523,4,30,0,0,0,1,8,0,0,0,0,0,16,0,200,2,1,0,0,200,200
405527,0,30,1,2,0,1,10,5,0,0,0,16,11,0,5,0,8,0,0,200,200
405527,0,30,1,2,0,1,10,5,0,0,0,16,11,0,8,0,0,0,0,200,200
405529,0,15,0,0,0,1,7,7,0,0,0,20,200,2,200,200,6,200,200,200,200
405533,0,30,1,2,0,1,10,5,0,0,0,18,200,0,3,200,3,0,0,200,200
405533,0,30,1,2,0,1,10,5,0,0,0,18,200,1,6,0,0,0,0,200,200
405534,0,30,0,0,0,1,12,5,0,0,0,200,200,1,5,0,0,0,0,200,200
405534,0,30,0,0,0,1,12,5,0,0,0,200,200,1,7,0,0,0,0,200,200
405535,0,30,0,0,0,1,10,2,0,0,0,0,0,0,200,200,6,200,200,200,200
405535,0,30,0,0,0,1,10,2,0,0,0,0,0,0,6,0,0,0,0,200,200
405544,0,35,1,2,0,1,14,5,0,0,0,16,6,0,7,200,8,0,0,200,200
405544,0,35,1,2,0,1,14,5,0,0,0,16,6,1,6,200,200,200,200,200,200
405545,0,30,200,200,200,200,7,5,0,200,200,0,200,2,200,200,200,200,200,200,200
405547,0,35,0,0,0,1,4,5,0,0,1,0,200,0,200,0,0,0,0,200,200
405550,0,30,0,0,0,1,12,2,0,0,0,0,0,0,200,200,4,200,200,200,200
405550,0,30,0,0,0,1,12,2,0,0,0,0,0,1,6,0,0,200,200,200,200
405550,1,30,0,0,0,1,12,2,0,0,0,0,0,1,6,0,200,200,200,200,200
405551,0,30,0,0,0,1,12,2,0,0,0,0,200,1,8,0,0,0,0,200,200
405551,0,30,0,0,0,1,12,2,0,0,0,0,200,1,6,200,200,0,200,200,200
405556,0,10,0,0,0,1,7,7,0,0,0,20,11,2,200,200,6,200,200,200,200
405562,0,30,1,2,0,1,5,5,0,0,0,28,0,1,9,200,12,200,0,200,200
405562,0,30,1,2,0,1,5,5,0,0,0,28,0,0,6,200,12,200,0,200,200
405563,1,30,1,2,0,1,14,5,0,0,0,23,200,0,200,0,200,200,200,200,200
405563,0,30,1,2,0,1,14,5,0,0,0,23,200,1,5,0,7,12,0,200,200
405563,0,30,1,2,0,1,14,5,0,0,0,23,200,0,8,0,0,0,0,200,200
405563,1,30,1,2,0,1,14,5,0,0,0,23,200,1,200,0,200,200,200,200,200
405564,0,15,0,0,0,1,0,7,0,0,0,200,200,1,6,0,0,0,0,200,200
405564,0,15,0,0,0,1,0,7,0,0,0,200,200,0,9,0,0,0,0,200,200
405568,0,30,1,2,0,1,14,5,0,0,0,0,0,0,200,200,2,200,200,200,200
405568,0,30,1,2,0,1,14,5,0,0,0,0,0,1,6,0,0,0,0,200,200
405568,1,30,1,2,0,1,14,5,0,0,0,0,0,2,200,200,200,200,200,200,200
405568,1,30,1,2,0,1,14,5,0,0,0,0,0,2,200,200,200,200,200,200,200
405570,0,35,0,0,0,1,10,5,0,0,0,18,200,1,5,200,3,12,0,200,200
405570,0,35,0,0,0,1,10,5,0,0,0,18,200,1,5,200,12,200,0,200,200
405573,0,30,1,0,0,1,10,5,0,0,0,0,0,0,200,200,0,200,200,200,200
405573,0,30,1,0,0,1,10,5,0,0,0,0,0,0,5,0,0,0,0,200,200
405577,0,30,1,2,0,1,10,2,0,0,200,0,200,0,7,200,3,0,0,200,200
405577,0,30,1,2,0,1,10,2,0,0,200,0,200,0,6,0,0,0,0,200,200
405577,1,30,1,2,0,1,10,2,0,0,200,0,200,0,2,0,200,200,200,200,200
405578,0,30,1,2,0,1,8,2,0,0,0,17,16,0,8,200,1,200,200,200,200
405578,4,30,1,2,0,1,8,2,0,0,0,17,16,1,6,3,0,0,0,200,200
405580,0,30,1,2,0,1,12,5,0,0,0,200,200,0,200,200,12,200,200,200,200
405580,0,30,1,2,0,1,12,5,0,0,0,200,200,0,200,0,0,12,0,200,200
405583,0,0,0,0,0,1,4,7,0,0,0,25,200,0,6,0,12,200,200,200,200
405583,1,0,0,0,0,1,4,7,0,0,0,25,200,1,7,0,200,200,200,200,200
405583,1,0,0,0,0,1,4,7,0,0,0,25,200,200,7,0,200,200,200,200,200
405587,0,30,0,0,2,1,7,5,0,1,0,0,0,2,200,200,10,200,200,200,200
405588,0,30,0,0,0,1,7,5,0,0,0,200,200,2,200,200,200,200,200,200,200
405590,0,30,1,2,0,1,10,6,0,0,0,17,16,0,200,0,3,0,0,200,200
405590,0,30,1,2,0,1,10,6,0,0,0,17,16,0,8,0,0,0,0,200,200
405590,1,30,1,2,0,1,10,6,0,0,0,17,16,0,8,0,200,200,200,200,200
405594,0,10,0,0,0,1,8,0,0,0,0,17,0,1,7,0,1,2,0,200,200
405594,4,10,0,0,0,1,8,0,0,0,0,17,0,0,3,7,0,0,0,200,200
405598,0,30,1,2,0,1,14,5,0,0,200,23,200,0,4,200,7,200,200,200,200
405598,0,30,1,2,0,1,14,5,0,0,200,23,200,1,7,200,0,200,200,200,200
405601,0,30,0,0,0,1,10,5,0,0,0,18,200,0,6,0,3,0,0,200,200
405601,0,30,0,0,0,1,10,5,0,0,0,18,200,0,7,0,0,0,0,200,200
405607,0,30,0,0,0,1,9,2,0,0,0,0,0,0,200,200,1,200,200,200,200
405607,5,30,0,0,0,1,9,2,0,0,0,0,0,1,5,200,0,0,0,200,200
405612,0,30,0,0,0,1,12,6,0,0,0,0,0,0,7,7,0,0,0,200,200
405612,0,30,0,0,0,1,12,6,0,0,0,0,0,0,5,0,0,0,0,200,200
405612,1,30,0,0,0,1,12,6,0,0,0,0,0,0,5,0,200,200,200,200,200
405613,0,30,0,0,0,1,14,5,0,0,0,23,22,0,200,200,7,200,200,200,200
405613,0,30,0,0,0,1,14,5,0,0,0,23,22,1,6,7,7,0,0,200,200
405618,0,30,0,0,0,2,14,2,0,0,200,17,200,1,7,200,1,200,0,200,200
405618,0,30,0,0,0,2,14,2,0,0,200,17,200,1,7,200,0,200,0,200,200
405618,1,30,0,0,0,2,14,2,0,0,200,17,200,1,7,0,200,200,200,200,200
405619,0,30,2,2,0,1,0,5,0,0,0,17,17,0,4,200,1,200,200,200,200
405619,0,30,2,2,0,1,0,5,0,0,0,17,17,1,6,0,0,200,0,200,200
405620,0,30,0,0,0,1,7,5,2,0,0,0,0,0,5,200,200,200,0,200,200