RD_NO,PERSON_TYPE,POSTED_SPEED_LIMIT,TRAFFIC_CONTROL_DEVICE,DEVICE_CONDITION,WEATHER_CONDITION,LIGHTING_CONDITION,FIRST_CRASH_TYPE,TRAFFICWAY_TYPE,ALIGNMENT,ROADWAY_SURFACE_COND,ROAD_DEFECT,PRIM_CONTRIBUTORY_CAUSE,SEC_CONTRIBUTORY_CAUSE,SEX,AGE,SAFETY_EQUIPMENT,DRIVER_ACTION,DRIVER_VISION,PHYSICAL_CONDITION,BAC_RESULT VALUE,CELL_PHONE_USE
405620,1,30,0,0,0,1,7,5,2,0,0,0,0,1,5,200,200,200,200,200,200
405621,0,30,2,2,0,1,14,5,0,0,0,11,200,1,6,200,7,5,0,200,200
405621,0,30,2,2,0,1,14,5,0,0,0,11,200,1,6,200,200,0,0,200,200
405624,0,30,1,2,0,1,10,2,0,0,200,0,0,0,7,200,3,200,0,200,200
405624,0,30,1,2,0,1,10,2,0,0,200,0,0,0,6,0,0,200,0,200,200
405626,0,30,0,0,0,1,7,5,0,0,0,12,0,1,5,200,12,0,0,200,200
405626,1,30,0,0,0,1,7,5,0,0,0,12,0,0,200,200,200,200,200,200,200
405628,5,30,1,2,0,1,9,6,0,0,0,0,200,0,200,7,12,1,0,200,200
405628,0,30,1,2,0,1,9,6,0,0,0,0,200,0,200,200,0,12,0,200,200
405633,0,30,2,2,0,1,14,2,0,0,0,25,5,0,200,200,5,200,200,200,200
405633,0,30,2,2,0,1,14,2,0,0,0,25,5,1,6,0,0,200,0,200,200
405633,1,30,2,2,0,1,14,2,0,0,0,25,5,1,7,0,200,200,200,200,200
405642,0,30,1,2,0,1,14,5,0,0,0,0,0,0,5,200,12,200,0,200,200
405642,0,30,1,2,0,1,14,5,0,0,0,0,0,0,4,200,12,200,0,200,200
405642,1,30,1,2,0,1,14,5,0,0,0,0,0,0,6,200,200,200,200,200,200
405646,0,5,0,0,0,1,7,7,0,0,0,33,200,1,7,0,0,200,0,200,200
405648,0,30,0,0,0,1,7,2,0,0,0,21,200,0,6,0,12,0,0,200,200
405650,0,15,0,0,0,1,14,7,0,0,0,17,23,0,7,200,1,200,200,200,200
405650,0,15,0,0,0,1,14,7,0,0,0,17,23,0,6,200,0,200,0,200,200
405656,0,30,0,0,0,1,2,3,0,0,0,0,0,0,5,200,12,0,0,200,200
405658,0,30,0,0,0,1,10,5,0,0,0,0,0,0,200,200,200,200,200,200,200
405658,0,30,0,0,0,1,10,5,0,0,0,0,0,0,7,0,0,0,0,200,200
405661,0,35,0,0,0,1,14,2,0,0,0,17,200,0,6,0,1,0,0,200,200
405661,0,35,0,0,0,1,14,2,0,0,0,17,200,1,3,0,0,0,0,200,200
405662,0,30,0,0,0,1,7,2,0,0,0,20,200,0,200,200,6,0,0,200,200
405668,0,30,1,2,0,1,12,5,0,0,0,0,0,1,200,0,1,0,0,200,200
405668,0,30,1,2,0,1,12,5,0,0,0,0,0,1,200,0,0,0,0,200,200
405672,0,30,0,0,0,3,7,6,0,0,0,21,200,2,200,200,2,200,200,200,200
405673,0,30,0,0,0,1,10,5,0,0,0,18,200,0,200,200,3,200,200,200,200
405673,0,30,0,0,0,1,10,5,0,0,0,18,200,0,7,0,0,0,0,200,200
405675,0,30,200,200,200,200,7,5,0,200,200,0,200,2,200,200,200,200,200,200,200
405683,0,30,0,0,0,1,3,2,0,0,0,21,200,0,8,0,7,0,0,200,200
405683,0,30,0,0,0,1,3,2,0,0,0,21,200,0,5,0,0,0,0,200,200
405689,0,30,1,2,0,1,14,5,0,0,0,23,17,0,6,0,7,1,0,200,200
405689,0,30,1,2,0,1,14,5,0,0,0,23,17,0,6,0,0,0,0,200,200
405689,1,30,1,2,0,1,14,5,0,0,0,23,17,1,6,0,200,200,200,200,200
405693,0,30,2,2,0,1,9,6,0,0,0,0,0,0,5,200,5,200,0,200,200
405693,5,30,2,2,0,1,9,6,0,0,0,0,0,1,5,7,200,200,0,200,200
405694,0,35,2,0,0,1,8,5,0,0,0,0,200,0,200,200,0,200,200,200,200
405694,4,35,2,0,0,1,8,5,0,0,0,0,200,0,5,3,0,0,0,200,200
405694,1,35,2,0,0,1,8,5,0,0,0,0,200,0,6,200,200,200,200,200,200
405697,0,30,0,0,0,1,14,5,1,0,0,23,0,1,9,0,7,0,0,200,200
405697,0,30,0,0,0,1,14,5,1,0,0,23,0,0,7,0,0,0,0,200,200
405700,0,30,0,0,0,1,12,5,0,0,0,22,0,0,6,0,6,0,0,200,200
405700,0,30,0,0,0,1,12,5,0,0,0,22,0,1,8,0,0,0,0,200,200
405703,0,30,1,2,0,1,14,5,0,0,0,0,0,0,200,0,200,0,0,200,200
405703,0,30,1,2,0,1,14,5,0,0,0,0,0,0,200,0,200,0,0,200,200
405704,0,35,0,0,0,1,14,2,0,0,0,16,17,1,8,200,1,0,0,200,200
405704,0,35,0,0,0,1,14,2,0,0,0,16,17,0,5,200,0,0,0,200,200
405707,0,0,1,2,0,1,10,5,0,0,0,0,0,0,200,200,200,200,200,200,200
405707,0,0,1,2,0,1,10,5,0,0,0,0,0,1,6,200,200,200,200,200,200
405707,1,0,1,2,0,1,10,5,0,0,0,0,0,1,6,200,200,200,200,200,200
405712,0,30,1,2,0,1,10,5,0,0,0,18,16,0,6,200,3,0,0,200,200
405712,0,30,1,2,0,1,10,5,0,0,0,18,16,0,200,200,0,200,200,200,200
405717,0,30,1,2,0,1,14,5,0,0,0,23,200,1,6,200,12,0,0,200,200
405717,0,30,1,2,0,1,14,5,0,0,0,23,200,0,5,200,7,0,0,200,200
405720,0,30,1,2,0,1,10,5,0,0,0,18,18,1,200,0,3,0,0,200,200
405720,0,30,1,2,0,1,10,5,0,0,0,18,18,0,6,7,0,0,0,200,200
405721,0,30,1,2,0,1,10,5,0,0,0,20,200,0,200,200,6,200,200,200,200
405721,0,30,1,2,0,1,10,5,0,0,0,20,200,0,5,1,0,0,0,200,200
405722,0,30,1,200,200,200,12,6,0,200,200,11,0,0,8,200,4,200,200,200,200
405722,0,30,1,200,200,200,12,6,0,200,200,11,0,0,5,200,12,200,200,200,200
405723,0,35,2,12,0,1,14,5,0,0,0,23,200,0,6,200,12,200,0,200,200
405723,0,35,2,12,0,1,14,5,0,0,0,23,200,0,7,200,1,200,0,200,200
405723,1,35,2,12,0,1,14,5,0,0,0,23,200,0,6,200,200,200,200,200,200
405724,0,35,0,0,0,1,0,7,0,0,0,20,200,0,6,0,6,0,0,200,200
405724,0,35,0,0,0,1,0,7,0,0,0,20,200,0,7,0,0,0,0,200,200
405727,0,30,0,0,0,1,12,5,0,0,0,0,0,0,7,200,12,0,0,200,200
405727,0,30,0,0,0,1,12,5,0,0,0,0,0,0,6,0,0,0,0,200,200
405730,0,25,2,0,0,1,10,5,0,0,0,0,0,1,6,7,0,0,0,200,200
405730,0,25,2,0,0,1,10,5,0,0,0,0,0,1,7,0,0,0,0,200,200
405731,0,30,0,0,200,200,7,12,0,0,0,0,200,0,200,200,200,200,0,200,200
405739,0,30,0,0,0,1,10,2,0,0,0,0,200,1,200,200,200,200,200,200,200
405739,0,30,0,0,0,1,10,2,0,0,0,0,200,0,7,0,0,0,0,200,200
405740,0,30,1,2,0,1,14,3,0,0,0,200,200,0,7,0,12,0,0,200,200
405740,0,30,1,2,0,1,14,3,0,0,0,200,200,0,7,0,12,0,0,200,200
405751,0,30,200,0,0,1,10,3,0,0,0,18,22,0,200,200,2,200,200,200,200
405751,0,30,200,0,0,1,10,3,0,0,0,18,22,1,7,200,0,0,0,200,200
405751,1,30,200,0,0,1,10,3,0,0,0,18,22,0,5,200,200,200,200,200,200
405751,1,30,200,0,0,1,10,3,0,0,0,18,22,1,7,200,200,200,200,200,200
405752,0,25,0,0,0,1,10,7,0,0,0,200,200,1,200,200,200,200,200,200,200
405752,0,25,0,0,0,1,10,7,0,0,0,200,200,0,6,0,0,0,0,200,200
405755,0,35,2,2,0,1,0,2,0,0,0,17,0,1,6,200,1,200,200,200,200
405755,0,35,2,2,0,1,0,2,0,0,0,17,0,0,5,200,0,0,0,200,200
405757,0,30,2,200,0,1,0,5,0,0,200,0,0,0,4,0,200,200,200,200,200
405757,0,30,2,200,0,1,0,5,0,0,200,0,0,1,6,200,200,200,200,200,200
405757,1,30,2,200,0,1,0,5,0,0,200,0,0,0,3,0,200,200,200,200,200
405757,1,30,2,200,0,1,0,5,0,0,200,0,0,0,3,0,200,200,200,200,200
405758,0,25,2,2,0,1,0,2,1,0,200,5,17,0,7,200,1,200,200,200,200
405758,0,25,2,2,0,1,0,2,1,0,200,5,17,1,6,0,200,200,0,200,200
405763,0,40,0,0,0,1,12,3,3,0,0,200,200,0,6,0,200,0,0,200,200
405763,0,40,0,0,0,1,12,3,3,0,0,200,200,0,5,0,0,0,0,200,200
405767,5,30,12,0,0,1,9,5,0,0,0,17,200,0,200,7,200,0,0,200,200
405767,0,30,12,0,0,1,9,5,0,0,0,17,200,1,6,7,0,0,0,200,200
405770,0,30,0,0,0,1,10,5,0,0,200,18,200,1,6,200,3,200,200,200,200
405770,0,30,0,0,0,1,10,5,0,0,200,18,200,1,7,200,0,200,200,200,200
405776,0,30,0,0,0,1,12,2,0,0,0,22,16,0,8,0,2,0,0,200,200
405776,0,30,0,0,0,1,12,2,0,0,0,22,16,0,5,0,0,0,0,200,200
405776,1,30,0,0,0,1,12,2,0,0,0,22,16,1,3,0,200,200,200,200,200
405778,0,25,0,0,0,1,10,5,0,0,0,25,11,1,200,200,8,200,200,200,200
405778,0,25,0,0,0,1,10,5,0,0,0,25,11,1,5,200,0,0,0,200,200
405778,0,25,0,0,0,1,10,5,0,0,0,25,11,1,6,200,0,200,0,200,200
405778,1,25,0,0,0,1,10,5,0,0,0,25,11,1,1,200,200,200,200,200,200
405788,0,0,0,0,0,1,12,2,0,0,0,0,0,0,200,200,200,200,200,200,200
405788,0,0,0,0,0,1,12,2,0,0,0,0,0,1,7,200,0,0,0,200,200
405788,1,0,0,0,0,1,12,2,0,0,0,0,0,1,5,200,200,200,200,200,200
405788,1,0,0,0,0,1,12,2,0,0,0,0,0,0,0,200,200,200,200,200,200
405790,0,40,0,0,0,1,12,3,0,0,0,21,200,1,6,7,0,0,0,200,200
405790,0,40,0,0,0,1,12,3,0,0,0,21,200,0,7,0,0,0,0,200,200
405795,0,30,0,0,0,1,10,7,0,0,0,20,0,1,0,200,6,0,0,200,200
405795,0,30,0,0,0,1,10,7,0,0,0,20,0,1,7,200,0,0,0,200,200
405799,0,30,0,0,0,1,12,5,0,0,0,200,200,1,7,7,0,0,0,200,200
405799,0,30,0,0,0,1,12,5,0,0,0,200,200,1,6,0,0,0,0,200,200
405799,1,30,0,0,0,1,12,5,0,0,0,200,200,0,200,5,200,200,200,200,200
405806,0,20,0,0,0,1,7,6,0,0,0,0,0,0,200,200,0,200,200,200,200
405809,0,30,0,0,0,1,7,5,0,200,200,0,200,2,200,200,200,200,200,200,200
405816,0,30,0,0,0,1,12,5,0,0,0,0,0,2,200,200,200,200,200,200,200
405816,0,30,0,0,0,1,12,5,0,0,0,0,0,1,6,0,0,0,0,200,200
405817,0,30,0,0,0,4,10,5,0,0,0,18,200,0,5,0,3,0,0,200,200
405817,0,30,0,0,0,4,10,5,0,0,0,18,200,0,5,0,0,0,0,200,200
405817,1,30,0,0,0,4,10,5,0,0,0,18,200,1,5,0,200,200,200,200,200
405820,0,30,0,0,0,1,7,2,0,0,0,21,200,0,200,200,12,200,200,200,200
405822,0,30,0,0,0,1,2,6,0,0,0,13,0,0,7,0,0,0,0,200,200
405823,0,30,200,200,200,200,7,5,0,200,200,0,200,0,6,200,200,200,200,200,200
405824,0,20,0,0,0,1,0,5,0,0,0,17,11,1,6,0,1,200,0,200,200
405824,0,20,0,0,0,1,0,5,0,0,0,17,11,1,5,0,0,0,0,200,200
405826,0,30,2,1,0,1,7,5,0,0,0,0,25,0,200,200,200,200,200,200,200
405826,1,30,2,1,0,1,7,5,0,0,0,0,25,1,200,200,200,200,200,200,200
405827,0,30,2,2,0,1,0,5,0,0,0,200,200,0,6,0,0,0,0,200,200
405827,0,30,2,2,0,1,0,5,0,0,0,200,200,1,6,0,13,0,0,200,200
405827,1,30,2,2,0,1,0,5,0,0,0,200,200,0,6,0,200,200,200,200,200
405830,0,30,0,0,0,1,2,6,0,0,4,28,200,1,6,0,0,0,0,200,200
405831,0,30,0,0,0,1,10,2,0,0,0,7,0,1,5,0,12,0,0,200,200
405831,0,30,0,0,0,1,10,2,0,0,0,7,0,1,200,200,12,200,200,200,200
405831,1,30,0,0,0,1,10,2,0,0,0,7,0,0,0,5,200,200,200,200,200
405832,4,30,0,0,0,1,8,6,0,0,0,8,0,0,2,2,12,0,0,200,200
405832,0,30,0,0,0,1,8,6,0,0,0,8,0,1,7,0,0,0,0,200,200
405834,0,30,1,2,0,1,14,6,0,0,0,0,0,0,200,0,3,0,0,200,200
405834,0,30,1,2,0,1,14,6,0,0,0,0,0,0,200,0,0,0,0,200,200
405834,1,30,1,2,0,1,14,6,0,0,0,0,0,0,200,0,200,200,200,200,200
405834,1,30,1,2,0,1,14,6,0,0,0,0,0,0,200,0,200,200,200,200,200
405834,1,30,1,2,0,1,14,6,0,0,0,0,0,1,200,0,200,200,200,200,200
405836,0,30,1,2,0,1,10,2,0,0,0,16,0,0,6,200,12,200,0,200,200
405836,0,30,1,2,0,1,10,2,0,0,0,16,0,1,6,0,0,200,0,200,200
405836,1,30,1,2,0,1,10,2,0,0,0,16,0,1,1,5,200,200,200,200,200
405838,0,30,0,0,0,1,12,5,0,0,0,21,0,1,5,200,4,200,200,200,200
405838,0,30,0,0,0,1,12,5,0,0,0,21,0,0,0,200,0,0,0,200,200
405839,0,30,1,2,0,1,12,5,0,0,0,22,200,1,200,200,4,200,200,200,200
405839,0,30,1,2,0,1,12,5,0,0,0,22,200,0,7,0,0,0,0,200,200
405840,0,30,0,0,0,1,12,2,0,0,0,21,200,0,6,200,7,200,0,200,200
405840,0,30,0,0,0,1,12,2,0,0,0,21,200,0,7,200,0,200,0,200,200
405840,1,30,0,0,0,1,12,2,0,0,0,21,200,1,200,200,200,200,200,200,200
405846,0,30,0,0,0,1,9,12,0,0,0,0,200,0,200,200,200,200,200,200,200
405846,5,30,0,0,0,1,9,12,0,0,0,0,200,0,7,7,200,200,3,200,200
405850,0,30,1,2,0,1,12,6,0,0,0,23,200,0,5,0,4,0,0,200,200
405850,0,30,1,2,0,1,12,6,0,0,0,23,200,1,6,0,0,0,0,200,200
405852,0,30,1,2,0,1,8,5,0,0,0,6,200,0,200,200,5,200,200,200,200
405852,4,30,1,2,0,1,8,5,0,0,0,6,200,0,200,7,200,200,200,200,200
405852,5,30,1,2,0,1,8,5,0,0,0,6,200,1,6,7,0,0,0,200,200
405852,5,30,1,2,0,1,8,5,0,0,0,6,200,1,5,7,0,0,0,200,200
405855,4,30,0,0,0,1,8,5,0,0,0,0,0,0,6,7,12,200,0,200,200
405855,1,30,0,0,0,1,8,5,0,0,0,0,0,0,6,200,200,200,200,200,200
405855,1,30,0,0,0,1,8,5,0,0,0,0,0,0,6,200,200,200,200,200,200
405856,4,30,2,2,0,1,8,5,0,0,0,17,200,0,5,3,1,0,0,200,200
405856,0,30,2,2,0,1,8,5,0,0,0,17,200,1,6,0,0,0,0,200,200
405859,0,30,0,0,0,1,7,12,0,0,0,0,0,2,200,200,200,200,200,200,200
405860,0,30,0,0,0,1,0,6,0,0,0,17,33,1,7,0,1,5,0,200,200
405860,0,30,0,0,0,1,0,6,0,0,0,17,33,1,7,0,0,0,0,200,200
405862,0,30,0,0,0,3,7,5,0,0,0,21,200,0,200,200,12,200,200,200,200
405863,4,30,0,0,0,1,8,5,0,0,0,0,0,1,6,7,0,0,0,200,200
405865,0,30,1,2,0,1,14,5,0,0,0,23,22,0,0,0,7,0,0,200,200
405865,0,30,1,2,0,1,14,5,0,0,0,23,22,0,5,0,0,0,0,200,200
405865,1,30,1,2,0,1,14,5,0,0,0,23,22,0,6,0,200,200,200,200,200
405866,0,30,2,2,0,1,0,5,0,0,0,17,5,0,6,0,1,0,0,200,200
405866,0,30,2,2,0,1,0,5,0,0,0,17,5,0,7,0,0,0,0,200,200
405866,0,30,2,2,0,1,0,5,0,0,0,17,5,0,6,0,0,0,0,200,200
405866,1,30,2,2,0,1,0,5,0,0,0,17,5,0,2,0,200,200,200,200,200
405867,0,30,0,0,0,1,7,0,0,0,0,0,200,1,200,200,200,200,200,200,200
405868,0,30,0,0,0,1,12,6,0,0,0,22,16,0,200,200,2,200,200,200,200
405868,0,30,0,0,0,1,12,6,0,0,0,22,16,0,200,0,12,0,0,200,200
405868,1,30,0,0,0,1,12,6,0,0,0,22,16,1,200,0,200,200,200,200,200
405868,1,30,0,0,0,1,12,6,0,0,0,22,16,1,200,0,200,200,200,200,200
405872,0,30,0,0,0,1,12,5,0,0,0,22,23,0,5,200,4,0,0,200,200
405872,0,30,0,0,0,1,12,5,0,0,0,22,23,0,8,200,0,0,0,200,200
405874,0,30,0,0,0,1,12,2,0,0,200,0,200,0,7,0,12,200,200,200,200
405874,0,30,0,0,0,1,12,2,0,0,200,0,200,1,200,200,200,200,200,200,200
405876,0,30,0,0,0,1,12,5,0,0,0,0,0,0,200,200,12,200,200,200,200
405876,0,30,0,0,0,1,12,5,0,0,0,0,0,1,6,0,0,0,0,200,200
405877,0,30,200,200,200,200,12,5,0,200,4,0,200,0,200,200,200,200,200,200,200
405877,0,30,200,200,200,200,12,5,0,200,4,0,200,1,8,200,200,12,200,200,200
405884,0,30,2,2,0,1,0,12,0,0,0,17,200,1,9,0,1,0,0,200,200
405884,0,30,2,2,0,1,0,12,0,0,0,17,200,0,5,0,0,0,0,200,200
405894,0,0,0,2,0,1,7,7,0,0,0,0,200,2,200,200,200,200,200,200,200
405896,0,30,2,2,0,1,8,3,0,0,0,0,0,0,5,200,200,200,200,200,200
405896,4,30,2,2,0,1,8,3,0,0,0,0,0,0,5,2,200,0,0,200,200
405902,0,35,1,0,0,1,14,6,0,0,0,22,21,1,200,200,2,200,200,200,200
405902,0,35,1,0,0,1,14,6,0,0,0,22,21,1,8,0,0,0,0,200,0
405903,0,30,1,200,0,1,10,5,0,200,200,0,200,1,7,200,200,0,0,200,200
405903,0,30,1,200,0,1,10,5,0,200,200,0,200,1,8,200,200,200,0,200,200
405907,0,30,1,2,0,1,10,5,0,0,0,200,200,0,200,200,0,200,200,200,200
405907,0,30,1,2,0,1,10,5,0,0,0,200,200,0,7,0,0,0,0,200,200
405912,4,30,0,0,0,1,8,5,0,0,0,17,200,0,200,3,1,200,200,200,200
405912,0,30,0,0,0,1,8,5,0,0,0,17,200,0,5,0,0,0,0,200,200
405923,0,30,0,0,0,1,12,6,0,0,0,0,0,0,200,200,200,200,200,200,200
405923,0,30,0,0,0,1,12,6,0,0,0,0,0,0,200,0,200,0,0,200,200
405923,1,30,0,0,0,1,12,6,0,0,0,0,0,1,200,0,200,200,200,200,200
405947,0,40,0,0,0,4,12,3,0,0,0,23,200,0,5,0,4,0,0,200,200
405947,0,40,0,0,0,4,12,3,0,0,0,23,200,0,6,0,0,0,0,200,200
405948,0,30,1,2,0,1,10,2,0,0,0,18,0,1,200,200,3,200,200,200,200
405948,0,30,1,2,0,1,10,2,0,0,0,18,0,1,6,0,0,0,0,200,200
405952,0,25,0,0,0,2,7,5,0,0,0,0,0,1,200,200,10,200,200,200,200
405955,0,5,0,200,200,0,7,7,0,200,200,0,0,2,200,200,200,200,200,200,200
405965,0,30,1,2,0,1,10,2,0,0,0,20,200,2,5,0,6,0,0,200,200
405965,0,30,1,2,0,1,10,2,0,0,0,20,200,1,5,0,0,0,0,200,200
405982,0,30,1,2,0,3,14,2,0,0,0,17,23,1,6,200,1,0,0,200,200
405982,0,30,1,2,0,3,14,2,0,0,0,17,23,1,5,200,0,0,0,200,200
405988,0,30,0,0,0,1,0,2,0,0,0,0,0,0,4,0,12,0,0,200,200
405988,0,30,0,0,0,1,0,2,0,0,0,0,0,0,6,0,12,0,0,200,200
406012,0,30,0,0,0,4,7,5,0,0,0,11,200,1,4,0,12,0,0,200,200
406016,0,25,0,0,0,2,14,6,0,0,0,23,0,0,6,0,1,200,0,200,200
406016,0,25,0,0,0,2,14,6,0,0,0,23,0,0,200,200,200,200,200,200,200
406017,0,30,0,0,0,2,10,5,0,0,0,200,200,0,200,200,0,200,200,200,200
406017,0,30,0,0,0,2,10,5,0,0,0,200,200,1,6,0,0,0,0,200,200
406017,1,30,0,0,0,2,10,5,0,0,0,200,200,1,200,200,200,200,200,200,200
406018,0,30,0,0,0,0,12,5,0,0,0,23,0,1,200,200,7,0,0,200,200
406018,0,30,0,0,0,0,12,5,0,0,0,23,0,0,6,0,0,0,0,200,200
406019,0,30,0,0,0,1,7,6,0,0,200,0,0,2,200,200,200,200,200,200,200
406022,0,25,0,0,0,1,0,12,0,0,0,0,200,1,6,200,6,0,0,200,200
406022,0,25,0,0,0,1,0,12,0,0,0,0,200,1,9,200,0,0,0,200,200
406027,0,30,1,2,0,3,12,2,0,0,0,22,21,0,7,200,4,0,0,200,200
406027,0,30,1,2,0,3,12,2,0,0,0,22,21,0,7,200,0,0,0,200,200
406029,0,30,0,0,0,1,2,3,0,0,0,0,0,0,7,0,0,0,0,200,200
406037,0,30,2,2,0,0,10,5,0,0,0,0,0,0,6,200,200,200,200,200,200
406037,0,30,2,2,0,0,10,5,0,0,0,0,0,0,5,0,200,200,0,200,200
406039,0,25,0,0,0,3,9,5,0,0,0,25,25,0,200,200,1,200,200,200,200
406039,5,25,0,0,0,3,9,5,0,0,0,25,25,0,6,200,0,0,0,200,200
406040,0,30,0,0,0,3,10,5,0,0,0,8,18,0,5,200,3,12,0,200,200
406040,0,30,0,0,0,3,10,5,0,0,0,8,18,0,6,200,0,0,0,200,200
406040,1,30,0,0,0,3,10,5,0,0,0,8,18,1,7,200,200,200,200,200,200
406040,1,30,0,0,0,3,10,5,0,0,0,8,18,0,2,200,200,200,200,200,200
406040,1,30,0,0,0,3,10,5,0,0,0,8,18,0,1,200,200,200,200,200,200
406044,0,30,0,0,0,3,10,5,0,0,0,12,11,0,4,0,6,0,0,200,200
406044,0,30,0,0,0,3,10,5,0,0,0,12,11,0,5,0,0,0,0,200,200
406044,1,30,0,0,0,3,10,5,0,0,0,12,11,1,4,7,200,200,200,200,200
406044,1,30,0,0,0,3,10,5,0,0,0,12,11,1,5,0,200,200,200,200,200
406052,0,30,0,0,0,4,7,5,0,0,0,20,200,1,200,200,6,200,200,200,200
406057,0,30,0,0,200,200,7,200,0,200,200,17,200,2,200,200,200,200,200,200,200
406063,0,30,2,2,0,4,0,5,0,0,0,0,200,1,200,200,1,200,200,200,200
406063,0,30,2,2,0,4,0,5,0,0,0,0,200,1,6,0,0,0,0,200,200
406071,0,35,1,2,0,3,10,5,0,0,0,7,18,1,5,200,3,0,0,200,200
406071,0,35,1,2,0,3,10,5,0,0,0,7,18,0,5,200,0,0,0,200,200
406079,0,30,2,2,0,3,0,12,0,0,0,5,17,1,5,200,5,0,1,200,200
406079,0,30,2,2,0,3,0,12,0,0,0,5,17,1,6,200,0,0,0,200,200
406079,1,30,2,2,0,3,0,12,0,0,0,5,17,1,1,5,200,200,200,200,200
406079,1,30,2,2,0,3,0,12,0,0,0,5,17,0,2,0,200,200,200,200,200
406079,1,30,2,2,0,3,0,12,0,0,0,5,17,0,0,5,200,200,200,200,200
406079,1,30,2,2,0,3,0,12,0,0,0,5,17,0,3,200,200,200,200,200,200
406080,0,30,1,2,0,3,9,3,0,0,0,0,200,1,200,200,1,200,200,200,200
406080,5,30,1,2,0,3,9,3,0,0,0,0,200,0,6,7,0,200,7,200,200
406084,0,30,1,2,0,3,10,5,0,0,0,0,0,0,200,200,200,200,200,200,200
406084,0,30,1,2,0,3,10,5,0,0,0,0,0,0,6,200,200,0,0,200,200
406085,0,15,2,2,0,0,10,6,0,0,0,5,200,0,200,200,5,200,200,200,200
406085,0,15,2,2,0,0,10,6,0,0,0,5,200,1,7,0,0,0,0,200,200
406089,0,30,0,0,0,3,14,5,0,0,0,17,200,1,7,0,1,0,0,200,200
406089,0,30,0,0,0,3,14,5,0,0,0,17,200,0,7,0,14,0,0,200,200
406089,1,30,0,0,0,3,14,5,0,0,0,17,200,0,6,7,200,200,200,200,200
406104,0,25,0,0,0,200,7,5,0,0,0,200,200,2,200,200,200,200,200,200,200
406107,0,30,1,2,0,3,14,12,0,0,0,16,6,1,200,200,1,200,200,200,200
406107,0,30,1,2,0,3,14,12,0,0,0,16,6,0,5,0,0,0,0,200,200
406107,1,30,1,2,0,3,14,12,0,0,0,16,6,1,5,0,200,200,200,200,200
406111,0,30,0,0,0,3,7,3,0,0,0,0,200,1,6,200,200,200,0,200,200
406115,0,30,0,0,0,3,14,5,0,0,0,23,200,2,200,200,200,200,200,200,200
406115,0,30,0,0,0,3,14,5,0,0,0,23,200,0,5,0,1,0,0,200,200
406115,1,30,0,0,0,3,14,5,0,0,0,23,200,0,5,0,200,200,200,200,200
406115,1,30,0,0,0,3,14,5,0,0,0,23,200,0,5,0,200,200,200,200,200
406126,0,0,0,0,0,200,7,5,0,200,200,0,0,2,200,200,200,200,200,200,200
406135,0,30,1,2,0,3,0,5,0,0,0,17,0,0,6,0,1,0,0,200,200
406135,0,30,1,2,0,3,0,5,0,0,0,17,0,0,5,0,0,0,0,200,200
406135,1,30,1,2,0,3,0,5,0,0,0,17,0,1,200,0,200,200,200,200,200
406140,0,30,0,0,0,3,7,5,0,0,0,32,0,0,5,200,12,0,5,200,200
406144,0,30,1,2,0,3,9,5,0,0,0,0,200,0,6,0,200,0,0,200,200
406144,5,30,1,2,0,3,9,5,0,0,0,0,200,0,200,200,200,200,200,200,200
406154,0,30,0,12,0,0,7,5,2,0,0,0,200,0,200,200,200,200,200,200,200
406179,0,30,1,2,200,0,10,6,0,200,0,16,200,0,6,200,200,0,200,200,200
406179,0,30,1,2,200,0,10,6,0,200,0,16,200,1,6,0,0,0,200,200,200
406179,1,30,1,2,200,0,10,6,0,200,0,16,200,1,6,200,200,200,200,200,200
406179,1,30,1,2,200,0,10,6,0,200,0,16,200,0,200,200,200,200,200,200,200
406212,0,30,1,2,0,0,10,2,0,0,0,18,200,0,4,0,3,0,0,200,200
406212,0,30,1,2,0,0,10,2,0,0,0,18,200,0,6,0,0,0,0,200,200
406222,0,35,1,2,0,3,14,2,0,0,200,0,0,0,5,200,200,200,0,200,200
406222,0,35,1,2,0,3,14,2,0,0,200,0,0,0,7,200,200,200,0,200,200
406261,0,35,1,2,0,3,10,5,0,0,0,27,0,0,200,200,5,0,2,200,200
406261,0,35,1,2,0,3,10,5,0,0,0,27,0,0,6,0,0,0,0,200,200
406262,0,30,1,2,0,3,12,2,0,0,200,16,14,0,5,200,5,200,200,200,200
406262,0,30,1,2,0,3,12,2,0,0,200,16,14,0,5,200,0,200,0,200,200
406262,0,30,1,2,0,3,12,2,0,0,200,16,14,0,7,200,0,200,200,200,200
406262,1,30,1,2,0,3,12,2,0,0,200,16,14,1,3,200,200,200,200,200,200
406262,1,30,1,2,0,3,12,2,0,0,200,16,14,1,4,200,200,200,200,200,200
406286,0,30,1,2,0,3,12,8,0,0,0,14,25,0,200,200,200,200,200,200,200
406286,0,30,1,2,0,3,12,8,0,0,0,14,25,1,5,0,0,0,0,200,200
406286,1,30,1,2,0,3,12,8,0,0,0,14,25,0,200,200,200,200,200,200,200
406301,0,30,0,0,1,2,10,6,0,0,0,18,200,0,5,200,3,0,0,200,200
406301,0,30,0,0,1,2,10,6,0,0,0,18,200,0,200,200,0,200,200,200,200