RD_NO,PERSON_TYPE,POSTED_SPEED_LIMIT,TRAFFIC_CONTROL_DEVICE,DEVICE_CONDITION,WEATHER_CONDITION,LIGHTING_CONDITION,FIRST_CRASH_TYPE,TRAFFICWAY_TYPE,ALIGNMENT,ROADWAY_SURFACE_COND,ROAD_DEFECT,PRIM_CONTRIBUTORY_CAUSE,SEC_CONTRIBUTORY_CAUSE,SEX,AGE,SAFETY_EQUIPMENT,DRIVER_ACTION,DRIVER_VISION,PHYSICAL_CONDITION,BAC_RESULT VALUE,CELL_PHONE_USE
406307,0,30,0,0,0,1,7,6,0,0,0,0,0,2,200,200,200,200,200,200,200
406308,0,30,1,2,0,2,9,5,0,0,0,17,16,1,7,0,1,0,0,200,200
406308,5,30,1,2,0,2,9,5,0,0,0,17,16,1,5,200,200,200,200,200,200
406310,0,30,0,0,0,1,7,5,0,0,0,21,22,1,6,0,4,0,1,200,200
406315,0,30,1,2,0,1,0,5,0,0,0,17,11,2,200,200,1,200,200,200,200
406315,0,30,1,2,0,1,0,5,0,0,0,17,11,1,5,0,0,0,0,200,200
406315,1,30,1,2,0,1,0,5,0,0,0,17,11,0,5,0,200,200,200,200,200
406315,1,30,1,2,0,1,0,5,0,0,0,17,11,1,200,0,200,200,200,200,200
406317,0,30,1,1,0,2,10,2,0,0,0,7,6,0,200,200,12,200,200,200,200
406317,0,30,1,1,0,2,10,2,0,0,0,7,6,0,7,200,0,0,0,200,200
406318,0,30,0,0,200,200,7,6,0,200,0,0,0,2,200,200,200,5,200,200,200
406322,0,30,1,2,0,2,10,5,0,0,0,18,200,0,7,0,3,0,0,200,200
406322,0,30,1,2,0,2,10,5,0,0,0,18,200,1,6,0,0,0,0,200,200
406323,0,5,0,0,0,2,7,7,0,0,0,11,0,0,200,200,200,200,200,200,200
406326,0,40,0,0,1,1,12,3,1,0,0,8,200,1,7,0,12,0,0,200,200
406326,0,40,0,0,1,1,12,3,1,0,0,8,200,2,0,0,0,0,0,200,200
406327,0,35,0,0,0,1,7,5,0,0,0,20,11,0,200,0,6,0,0,200,200
406328,0,30,2,200,0,2,7,5,0,0,0,22,200,1,200,200,12,200,200,200,200
406341,0,30,1,2,0,1,2,5,0,0,0,21,200,2,200,200,1,200,200,200,200
406341,1,30,1,2,0,1,2,5,0,0,0,21,200,2,200,200,200,200,200,200,200
406351,0,30,1,2,0,1,10,3,0,0,0,18,11,1,6,0,3,0,0,200,200
406351,0,30,1,2,0,1,10,3,0,0,0,18,11,1,6,0,12,200,0,200,200
406351,0,30,1,2,0,1,10,3,0,0,0,18,11,1,6,7,12,0,0,200,200
406356,0,30,1,2,0,1,10,2,0,0,0,18,18,0,6,0,200,0,0,200,200
406356,0,30,1,2,0,1,10,2,0,0,0,18,18,0,6,7,0,0,0,200,200
406357,0,30,2,12,0,1,7,6,0,0,200,11,200,1,6,0,12,200,0,200,200
406357,1,30,2,12,0,1,7,6,0,0,200,11,200,1,2,0,200,200,200,200,200
406362,0,30,0,0,1,1,2,1,0,0,0,0,200,1,3,200,200,0,0,200,200
406362,1,30,0,0,1,1,2,1,0,0,0,0,200,1,3,200,200,200,200,200,200
406369,0,30,0,0,0,1,12,2,0,0,0,17,17,1,9,0,1,0,200,200,200
406369,0,30,0,0,0,1,12,2,0,0,0,17,17,2,200,200,0,200,200,200,200
406370,0,30,0,0,0,1,12,2,0,0,0,21,20,0,6,200,4,0,0,200,200
406370,0,30,0,0,0,1,12,2,0,0,0,21,20,1,7,200,0,0,0,200,200
406370,1,30,0,0,0,1,12,2,0,0,0,21,20,1,5,200,200,200,200,200,200
406374,0,30,2,2,0,1,0,5,0,0,0,5,200,0,200,200,5,200,200,200,200
406374,0,30,2,2,0,1,0,5,0,0,0,5,200,0,8,0,0,0,0,200,200
406376,0,30,0,0,0,1,12,5,0,0,0,22,16,1,6,200,4,200,200,200,200
406376,0,30,0,0,0,1,12,5,0,0,0,22,16,1,7,0,0,0,0,200,200
406376,1,30,0,0,0,1,12,5,0,0,0,22,16,2,200,200,200,200,200,200,200
406376,1,30,0,0,0,1,12,5,0,0,0,22,16,2,200,200,200,200,200,200,200
406386,0,30,1,2,1,1,14,5,0,0,0,0,200,0,8,200,12,0,0,200,200
406386,0,30,1,2,1,1,14,5,0,0,0,0,200,0,7,200,0,0,0,200,200
406402,0,30,0,0,0,1,0,5,0,0,0,20,0,0,6,200,6,200,200,200,200
406402,0,30,0,0,0,1,0,5,0,0,0,20,0,0,6,7,0,0,0,200,200
406402,1,30,0,0,0,1,0,5,0,0,0,20,0,1,6,0,200,200,200,200,200
406403,0,30,1,5,0,1,10,6,0,0,0,18,18,0,6,0,3,0,0,200,200
406403,0,30,1,5,0,1,10,6,0,0,0,18,18,0,6,0,0,0,0,200,200
406412,0,30,2,2,0,1,0,5,0,0,0,17,200,0,9,200,1,0,0,200,200
406412,0,30,2,2,0,1,0,5,0,0,0,17,200,1,7,0,0,0,0,200,200
406418,0,40,0,0,1,1,10,3,0,0,0,18,11,0,200,200,3,200,200,200,200
406418,0,40,0,0,1,1,10,3,0,0,0,18,11,1,5,0,0,0,0,200,200
406418,1,40,0,0,1,1,10,3,0,0,0,18,11,0,6,0,200,200,200,200,200
406418,1,40,0,0,1,1,10,3,0,0,0,18,11,1,0,5,200,200,200,200,200
406422,0,30,1,2,1,1,10,6,0,0,0,18,0,1,6,0,3,0,0,200,200
406422,0,30,1,2,1,1,10,6,0,0,0,18,0,0,7,0,0,0,0,200,200
406422,1,30,1,2,1,1,10,6,0,0,0,18,0,0,2,0,200,200,200,200,200
406437,0,30,1,2,0,1,12,5,0,0,0,17,17,0,7,0,1,0,0,200,200
406437,0,30,1,2,0,1,12,5,0,0,0,17,17,0,6,0,1,0,0,200,200
406439,0,30,2,2,0,1,14,5,0,0,0,17,0,2,200,200,200,200,200,200,200
406439,0,30,2,2,0,1,14,5,0,0,0,17,0,1,5,0,1,0,0,200,200
406444,0,30,1,0,0,1,14,5,0,0,0,15,15,0,6,7,4,200,0,200,200
406444,0,30,1,0,0,1,14,5,0,0,0,15,15,0,7,7,0,0,0,200,200
406445,0,30,0,0,0,3,12,2,0,0,0,0,0,0,5,0,1,0,0,200,200
406445,0,30,0,0,0,3,12,2,0,0,0,0,0,0,6,0,0,0,0,200,200
406447,0,30,1,2,1,1,12,3,0,0,0,17,17,0,7,200,1,0,0,200,200
406447,0,30,1,2,1,1,12,3,0,0,0,17,17,0,6,200,0,0,0,200,200
406449,0,30,0,0,1,1,2,0,0,0,0,16,200,0,5,0,12,0,200,200,200
406450,0,15,0,0,0,1,7,5,0,0,0,16,25,1,7,0,8,0,0,200,200
406451,0,30,12,200,0,1,10,5,0,0,12,0,200,1,6,200,3,200,200,200,200
406451,0,30,12,200,0,1,10,5,0,0,12,0,200,0,7,200,0,0,0,200,200
406454,0,30,0,0,0,1,12,2,0,0,0,0,0,0,200,200,200,200,200,200,200
406454,0,30,0,0,0,1,12,2,0,0,0,0,0,0,7,0,0,0,0,200,200
406455,0,30,0,0,0,1,7,7,0,0,0,20,200,1,7,200,6,200,200,200,200
406456,0,30,0,0,1,1,2,2,0,0,0,16,2,1,6,200,15,200,200,200,1
406460,0,30,0,0,1,1,10,2,0,0,0,18,200,2,200,200,3,200,200,200,200
406460,0,30,0,0,1,1,10,2,0,0,0,18,200,0,8,0,0,0,0,200,200
406462,0,30,1,2,0,1,10,5,0,0,0,18,11,0,8,0,3,0,0,200,200
406462,0,30,1,2,0,1,10,5,0,0,0,18,11,1,7,0,0,0,0,200,200
406462,1,30,1,2,0,1,10,5,0,0,0,18,11,0,6,0,200,200,200,200,200
406462,1,30,1,2,0,1,10,5,0,0,0,18,11,0,6,0,200,200,200,200,200
406462,1,30,1,2,0,1,10,5,0,0,0,18,11,1,6,0,200,200,200,200,200
406462,1,30,1,2,0,1,10,5,0,0,0,18,11,1,7,0,200,200,200,200,200
406463,0,10,0,0,0,2,2,0,0,0,0,20,0,2,200,200,200,200,200,200,200
406464,0,30,1,2,0,1,14,5,0,0,200,0,200,0,4,0,7,0,0,200,200
406464,0,30,1,2,0,1,14,5,0,0,200,0,200,0,6,0,0,0,0,200,200
406476,0,30,1,2,0,3,12,5,0,0,0,0,200,1,200,200,200,200,200,200,200
406476,0,30,1,2,0,3,12,5,0,0,0,0,200,0,6,0,0,0,0,200,200
406477,0,10,0,0,0,3,0,7,0,0,0,0,0,0,7,0,12,12,0,200,200
406477,0,10,0,0,0,3,0,7,0,0,0,0,0,1,7,0,0,0,0,200,200
406478,0,30,0,0,1,1,10,5,0,0,0,18,200,0,200,200,3,200,200,200,200
406478,0,30,0,0,1,1,10,5,0,0,0,18,200,0,5,200,0,0,0,200,200
406478,0,30,0,0,1,1,10,5,0,0,0,18,200,1,8,200,0,0,0,200,200
406480,0,25,0,0,0,1,7,5,0,0,0,0,200,0,6,0,6,200,0,200,200
406481,0,30,0,0,2,1,5,5,0,1,0,11,200,2,200,200,12,200,200,200,200
406487,0,10,0,0,2,1,11,7,0,1,0,20,200,0,7,200,6,0,0,200,200
406487,0,10,0,0,2,1,11,7,0,1,0,20,200,1,6,200,6,0,0,200,200
406492,4,30,1,2,0,1,8,2,0,0,0,35,200,0,200,7,5,0,0,200,200
406492,0,30,1,2,0,1,8,2,0,0,0,35,200,1,6,0,0,0,0,200,200
406493,0,30,0,0,0,1,10,2,0,0,200,18,200,0,200,200,3,200,200,200,200
406493,0,30,0,0,0,1,10,2,0,0,200,18,200,1,5,200,0,200,0,200,200
406493,1,30,0,0,0,1,10,2,0,0,200,18,200,1,200,200,200,200,200,200,200
406496,0,30,0,12,2,1,14,5,0,1,0,23,21,0,6,200,12,200,0,200,200
406496,0,30,0,12,2,1,14,5,0,1,0,23,21,0,5,200,7,0,0,200,200
406496,1,30,0,12,2,1,14,5,0,1,0,23,21,0,0,200,200,200,200,200,200
406503,0,30,0,0,0,2,7,5,0,0,200,0,0,2,200,200,200,200,200,200,200
406504,0,35,0,0,2,1,9,12,0,1,0,0,0,0,6,0,1,0,0,200,200
406504,5,35,0,0,2,1,9,12,0,1,0,0,0,1,6,7,200,0,0,200,200
406507,0,30,1,2,0,1,10,2,0,0,0,18,17,0,6,200,1,200,200,200,200
406507,0,30,1,2,0,1,10,2,0,0,0,18,17,1,6,0,0,0,0,200,200
406507,1,30,1,2,0,1,10,2,0,0,0,18,17,1,200,200,200,200,200,200,200
406507,1,30,1,2,0,1,10,2,0,0,0,18,17,1,3,0,200,200,200,200,200
406511,0,30,0,0,1,1,2,6,0,0,0,0,0,0,6,200,200,0,0,200,200
406516,0,25,0,200,200,200,7,2,0,200,0,0,0,2,200,200,200,200,200,200,200
406534,0,30,2,2,2,1,10,2,0,1,0,12,34,1,0,0,8,0,0,200,200
406534,0,30,2,2,2,1,10,2,0,1,0,12,34,0,0,0,0,0,0,200,200
406536,0,30,0,0,2,1,10,5,0,1,0,16,0,0,200,200,8,200,200,200,200
406536,0,30,0,0,2,1,10,5,0,1,0,16,0,1,5,0,0,0,0,200,200
406540,0,30,1,2,2,1,14,2,0,1,12,17,23,0,8,0,7,0,0,200,200
406540,0,30,1,2,2,1,14,2,0,1,12,17,23,1,6,0,0,0,0,200,200
406547,0,30,1,200,0,1,12,2,0,0,0,22,200,0,200,200,2,200,200,200,200
406547,0,30,1,200,0,1,12,2,0,0,0,22,200,1,6,0,0,200,200,200,200
406548,0,30,1,2,2,1,14,2,0,1,0,11,200,1,6,0,8,0,0,200,200
406548,0,30,1,2,2,1,14,2,0,1,0,11,200,0,9,0,0,0,0,200,200
406548,1,30,1,2,2,1,14,2,0,1,0,11,200,1,9,0,200,200,200,200,200
406549,0,30,0,0,0,1,14,5,0,0,0,0,0,0,8,200,2,200,200,200,200
406549,0,30,0,0,0,1,14,5,0,0,0,0,0,0,8,0,0,0,0,200,200
406551,0,30,0,0,0,3,12,6,0,0,0,200,200,0,8,0,12,0,0,200,200
406551,0,30,0,0,0,3,12,6,0,0,0,200,200,0,5,0,0,0,0,200,200
406551,1,30,0,0,0,3,12,6,0,0,0,200,200,0,200,0,200,200,200,200,200
406551,1,30,0,0,0,3,12,6,0,0,0,200,200,1,200,200,200,200,200,200,200
406551,1,30,0,0,0,3,12,6,0,0,0,200,200,1,200,200,200,200,200,200,200
406551,1,30,0,0,0,3,12,6,0,0,0,200,200,1,200,200,200,200,200,200,200
406559,0,30,0,0,2,1,7,0,0,1,0,11,0,0,6,0,12,0,0,200,200
406560,0,15,0,0,2,1,2,0,0,1,0,0,0,0,6,200,12,0,0,200,200
406560,1,15,0,0,2,1,2,0,0,1,0,0,0,0,6,200,200,200,200,200,200
406566,0,30,0,0,2,1,0,5,0,1,0,17,18,1,6,200,1,0,0,200,200
406566,0,30,0,0,2,1,0,5,0,1,0,17,18,0,8,0,0,0,0,200,200
406569,0,30,0,0,0,1,2,6,2,0,0,200,200,0,6,0,12,0,0,200,200
406583,0,30,0,0,2,1,10,5,0,1,0,18,0,1,6,200,3,200,0,200,200
406583,0,30,0,0,2,1,10,5,0,1,0,18,0,1,5,7,0,0,0,200,200
406583,1,30,0,0,2,1,10,5,0,1,0,18,0,1,7,0,200,200,200,200,200
406586,0,30,1,2,0,1,10,2,0,0,0,0,0,0,5,200,200,0,200,200,200
406586,0,30,1,2,0,1,10,2,0,0,0,0,0,0,6,0,0,0,0,200,200
406593,0,30,2,2,2,1,14,5,0,1,2,17,0,0,7,0,1,0,0,200,200
406593,0,30,2,2,2,1,14,5,0,1,2,17,0,1,7,0,0,0,0,200,200
406593,1,30,2,2,2,1,14,5,0,1,2,17,0,1,6,0,200,200,200,200,200
406594,0,30,0,0,0,1,12,6,0,0,0,0,0,0,200,200,2,200,200,200,200
406594,0,30,0,0,0,1,12,6,0,0,0,0,0,0,6,0,200,0,0,200,200
406595,0,30,1,2,2,1,0,5,0,1,0,0,0,0,7,0,1,0,0,200,200
406595,0,30,1,2,2,1,0,5,0,1,0,0,0,0,6,0,0,0,0,200,200
406595,1,30,1,2,2,1,0,5,0,1,0,0,0,0,6,0,200,200,200,200,200
406596,0,30,0,0,2,1,7,5,0,1,0,0,0,0,6,0,12,12,0,200,200
406599,0,30,1,2,0,1,14,2,0,1,0,22,200,0,5,0,2,0,0,200,200
406599,0,30,1,2,0,1,14,2,0,1,0,22,200,1,7,0,0,0,0,200,200
406599,1,30,1,2,0,1,14,2,0,1,0,22,200,200,3,0,200,200,200,200,200
406604,0,30,0,0,0,1,10,5,0,0,0,18,0,0,200,200,3,200,200,200,200
406604,0,30,0,0,0,1,10,5,0,0,0,18,0,0,6,0,0,0,0,200,200
406606,4,30,1,2,0,1,8,5,0,0,0,0,200,0,200,200,1,200,200,200,200
406606,0,30,1,2,0,1,8,5,0,0,0,0,200,0,7,0,0,0,0,200,200
406609,0,25,1,2,0,1,10,5,0,0,0,18,0,1,6,200,3,200,200,200,200
406609,0,25,1,2,0,1,10,5,0,0,0,18,0,0,6,200,0,0,0,200,200
406611,0,30,0,0,0,1,0,5,0,0,0,17,17,1,200,0,1,200,200,200,200
406611,0,30,0,0,0,1,0,5,0,0,0,17,17,0,5,0,0,0,0,200,200
406615,0,30,0,0,2,1,10,5,0,1,0,15,34,0,6,0,8,0,0,200,200
406615,0,30,0,0,2,1,10,5,0,1,0,15,34,0,6,0,0,0,0,200,200
406619,0,15,0,0,0,1,10,7,0,0,0,18,200,0,200,200,3,200,200,200,200
406619,0,15,0,0,0,1,10,7,0,0,0,18,200,1,7,0,0,0,0,200,200
406622,0,30,0,0,2,1,14,2,0,1,0,0,200,1,6,0,200,12,0,200,200
406622,0,30,0,0,2,1,14,2,0,1,0,0,200,1,8,0,0,12,0,200,200
406624,0,30,1,2,2,1,12,2,0,1,0,16,17,1,6,0,8,0,0,200,200
406624,0,30,1,2,2,1,12,2,0,1,0,16,17,1,6,0,0,0,0,200,200
406625,0,30,0,0,0,1,12,5,0,0,0,17,17,0,5,0,3,0,0,200,200
406625,0,30,0,0,0,1,12,5,0,0,0,17,17,0,0,0,0,0,0,200,200
406625,1,30,0,0,0,1,12,5,0,0,0,17,17,200,200,0,200,200,200,200,200
406626,0,25,0,0,2,1,9,5,0,1,0,0,200,2,200,200,12,200,200,200,200
406626,5,25,0,0,2,1,9,5,0,1,0,0,200,1,6,200,12,0,0,200,200
406630,0,30,1,2,2,1,14,2,0,1,0,17,18,0,5,0,6,0,0,200,200
406630,0,30,1,2,2,1,14,2,0,1,0,17,18,0,6,0,0,0,0,200,200
406635,0,30,0,0,2,1,10,3,0,1,0,18,34,0,7,0,8,0,0,200,200
406635,0,30,0,0,2,1,10,3,0,1,0,18,34,0,3,0,0,0,0,200,200
406635,1,30,0,0,2,1,10,3,0,1,0,18,34,1,3,0,200,200,200,200,200
406636,0,30,1,2,2,1,14,5,0,1,0,0,200,0,6,200,1,200,0,200,200
406636,0,30,1,2,2,1,14,5,0,1,0,0,200,1,5,200,200,200,200,200,200
406640,0,30,1,2,2,1,0,5,0,1,0,6,0,1,200,200,5,200,200,200,200
406640,0,30,1,2,2,1,0,5,0,1,0,6,0,1,9,0,0,0,0,200,200
406641,0,30,0,0,0,1,10,2,0,0,0,0,0,0,7,200,3,4,0,200,200
406641,0,30,0,0,0,1,10,2,0,0,0,0,0,0,7,0,0,0,0,200,200
406642,0,30,0,0,1,1,14,2,0,0,0,16,16,0,7,0,1,0,0,200,200
406642,0,30,0,0,1,1,14,2,0,0,0,16,16,0,7,0,0,0,0,200,200
406642,1,30,0,0,1,1,14,2,0,0,0,16,16,0,7,0,200,200,200,200,200
406642,1,30,0,0,1,1,14,2,0,0,0,16,16,1,0,200,200,200,200,200,200
406642,1,30,0,0,1,1,14,2,0,0,0,16,16,1,6,0,200,200,200,200,200
406643,0,30,0,0,12,3,10,6,0,0,0,20,200,0,4,200,6,200,0,200,200
406643,0,30,0,0,12,3,10,6,0,0,0,20,200,0,7,200,12,0,0,200,200
406649,0,30,0,0,0,1,10,5,0,0,12,0,0,1,7,0,200,0,0,200,200
406649,0,30,0,0,0,1,10,5,0,0,12,0,0,0,5,0,0,0,0,200,200
406653,0,30,200,200,2,1,0,12,0,1,0,17,200,1,200,200,1,0,0,200,200
406653,0,30,200,200,2,1,0,12,0,1,0,17,200,1,9,0,200,0,0,200,200
406654,0,35,1,12,0,1,0,3,0,0,0,17,17,0,7,200,6,200,0,200,200
406654,0,35,1,12,0,1,0,3,0,0,0,17,17,0,5,200,12,200,200,200,200
406656,0,20,1,2,0,1,0,2,0,0,0,6,200,0,200,200,5,200,200,200,200
406656,0,20,1,2,0,1,0,2,0,0,0,6,200,0,6,200,0,0,0,200,200
406657,0,30,0,0,0,1,10,5,0,0,0,18,0,1,5,0,3,1,0,200,200
406657,0,30,0,0,0,1,10,5,0,0,0,18,0,0,5,0,0,0,0,200,200
406657,1,30,0,0,0,1,10,5,0,0,0,18,0,1,200,0,200,200,200,200,200
406661,0,30,1,2,2,1,0,2,0,1,0,17,17,1,6,200,1,0,0,200,200
406661,0,30,1,2,2,1,0,2,0,1,0,17,17,0,0,0,0,0,0,200,200
406664,0,30,0,0,2,1,12,5,0,0,0,0,0,2,200,200,8,200,200,200,200
406664,0,30,0,0,2,1,12,5,0,0,0,0,0,1,6,0,0,0,0,200,200
406666,0,30,0,0,2,1,14,5,0,1,0,25,200,1,5,0,7,0,0,200,200
406666,0,30,0,0,2,1,14,5,0,1,0,25,200,1,6,0,0,0,0,200,200
406669,0,30,1,2,2,1,10,2,0,1,200,34,34,1,7,0,12,0,0,200,200
406669,0,30,1,2,2,1,10,2,0,1,200,34,34,0,6,0,0,0,0,200,200
406669,0,30,1,2,2,1,10,2,0,1,200,34,34,0,6,0,0,0,0,200,200
406670,0,30,1,2,2,1,0,2,0,1,0,11,200,0,200,200,12,200,200,200,200
406670,0,30,1,2,2,1,0,2,0,1,0,11,200,0,6,0,0,0,0,200,200
406670,1,30,1,2,2,1,0,2,0,1,0,11,200,0,6,0,200,200,200,200,200
406675,0,25,1,2,2,1,10,2,0,1,0,18,0,1,200,200,3,200,200,200,200
406675,0,25,1,2,2,1,10,2,0,1,0,18,0,1,7,0,0,0,0,200,200
406675,1,25,1,2,2,1,10,2,0,1,0,18,0,0,6,0,200,200,200,200,200
406677,0,30,0,2,2,1,10,5,0,1,0,18,0,0,200,200,3,0,2,200,200
406677,0,30,0,2,2,1,10,5,0,1,0,18,0,0,200,200,0,0,0,200,200
406677,0,30,0,2,2,1,10,5,0,1,0,18,0,1,200,200,0,0,0,200,200
406683,0,30,1,2,2,1,12,2,0,1,0,0,0,1,10,0,2,0,0,200,200
406683,0,30,1,2,2,1,12,2,0,1,0,0,0,1,9,0,0,0,0,200,200
406684,0,25,4,0,2,1,0,0,0,1,0,15,14,0,6,200,8,200,0,200,200
406684,0,25,4,0,2,1,0,0,0,1,0,15,14,1,6,7,0,200,0,200,200
406689,0,30,2,2,2,1,0,5,0,1,0,17,33,0,5,0,1,1,0,200,200
406689,0,30,2,2,2,1,0,5,0,1,0,17,33,0,6,0,12,0,0,200,200
406689,1,30,2,2,2,1,0,5,0,1,0,17,33,1,6,0,200,200,200,200,200
406689,1,30,2,2,2,1,0,5,0,1,0,17,33,0,0,5,200,200,200,200,200
406692,0,30,2,2,0,1,0,5,0,0,0,17,0,1,5,200,1,200,0,200,200
406692,0,30,2,2,0,1,0,5,0,0,0,17,0,0,8,0,0,0,0,200,200
406699,0,30,1,2,1,1,14,5,0,1,0,23,11,1,7,0,7,1,0,200,200
406699,0,30,1,2,1,1,14,5,0,1,0,23,11,1,5,0,0,0,0,200,200
406707,0,35,0,0,0,1,7,6,0,0,0,15,16,2,200,200,4,200,200,200,200
406713,0,25,1,2,2,1,14,5,0,1,0,23,0,0,6,200,7,200,0,200,200
406713,0,25,1,2,2,1,14,5,0,1,0,23,0,1,7,200,12,200,0,200,200
406713,1,25,1,2,2,1,14,5,0,1,0,23,0,1,8,200,200,200,200,200,200
406713,1,25,1,2,2,1,14,5,0,1,0,23,0,1,6,200,200,200,200,200,200
406716,0,30,0,0,1,1,14,5,0,0,0,0,0,2,200,200,200,200,200,200,200
406716,0,30,0,0,1,1,14,5,0,0,0,0,0,1,6,0,12,4,0,200,200
406717,0,15,0,0,1,1,0,0,0,1,0,17,200,0,200,200,1,200,200,200,200
406717,0,15,0,0,1,1,0,0,0,1,0,17,200,1,4,0,0,200,200,200,200
406717,1,15,0,0,1,1,0,0,0,1,0,17,200,1,200,0,200,200,200,200,200
406718,0,30,0,0,0,1,12,2,0,0,0,17,200,0,7,200,1,0,0,200,200
406718,0,30,0,0,0,1,12,2,0,0,0,17,200,1,6,200,0,0,0,200,200
406718,1,30,0,0,0,1,12,2,0,0,0,17,200,200,7,200,200,200,200,200,200
406721,0,30,0,0,1,1,14,5,0,0,0,14,17,0,200,200,1,200,200,200,200
406721,0,30,0,0,1,1,14,5,0,0,0,14,17,0,6,0,0,0,0,200,200
406723,0,35,1,2,0,1,10,2,0,0,0,18,11,0,4,0,3,0,0,200,200
406723,0,35,1,2,0,1,10,2,0,0,0,18,11,1,6,0,0,0,0,200,200
406727,0,30,1,2,2,1,10,5,0,1,0,34,18,1,5,0,8,0,0,200,200
406727,0,30,1,2,2,1,10,5,0,1,0,34,18,0,6,0,0,0,0,200,200
406727,0,30,1,2,2,1,10,5,0,1,0,34,18,0,7,0,0,0,0,200,200
406734,0,30,0,0,2,1,10,5,0,1,0,18,200,1,5,0,8,0,0,200,200
406734,0,30,0,0,2,1,10,5,0,1,0,18,200,1,6,0,0,0,0,200,200
406738,0,35,0,0,2,1,12,5,0,1,0,21,200,1,6,0,4,0,0,200,200
406738,0,35,0,0,2,1,12,5,0,1,0,21,200,0,5,0,0,0,0,200,200
406740,0,30,0,0,0,1,10,5,0,0,200,18,200,1,6,0,3,0,0,200,200
406740,0,30,0,0,0,1,10,5,0,0,200,18,200,0,6,0,0,0,0,200,200
406740,1,30,0,0,0,1,10,5,0,0,200,18,200,1,6,0,200,200,200,200,200
406740,1,30,0,0,0,1,10,5,0,0,200,18,200,1,3,0,200,200,200,200,200
406740,1,30,0,0,0,1,10,5,0,0,200,18,200,0,2,0,200,200,200,200,200
406740,1,30,0,0,0,1,10,5,0,0,200,18,200,0,200,0,200,200,200,200,200
406740,1,30,0,0,0,1,10,5,0,0,200,18,200,0,200,5,200,200,200,200,200
406741,0,30,0,0,0,200,7,5,0,0,0,0,0,2,200,200,200,200,200,200,200
406743,0,35,0,0,2,1,12,5,2,1,0,21,16,0,200,200,1,200,200,200,200
406743,0,35,0,0,2,1,12,5,2,1,0,21,16,0,6,0,0,0,0,200,200
406744,0,30,1,2,2,1,14,5,0,1,200,17,200,0,7,200,1,200,0,200,200
406744,0,30,1,2,2,1,14,5,0,1,200,17,200,0,7,0,0,0,0,200,200
406750,0,30,0,0,2,1,7,7,0,1,0,20,20,1,7,200,6,0,0,200,200
406755,0,30,0,0,1,1,2,7,0,0,0,16,200,0,5,0,8,0,0,200,200
406760,0,25,1,2,2,1,10,5,0,1,0,18,0,0,7,200,1,200,200,200,200
406760,0,25,1,2,2,1,10,5,0,1,0,18,0,1,5,200,0,0,0,200,200
406761,0,30,2,2,0,1,0,5,0,0,0,0,200,1,0,200,200,200,0,200,200
406761,0,30,2,2,0,1,0,5,0,0,0,0,200,0,5,200,0,0,0,200,200
406761,1,30,2,2,0,1,0,5,0,0,0,0,200,1,6,200,200,200,200,200,200
406761,1,30,2,2,0,1,0,5,0,0,0,0,200,1,2,200,200,200,200,200,200
406762,0,5,0,0,0,1,7,7,0,0,0,0,0,2,200,200,200,200,200,200,200
406766,0,30,0,0,0,1,11,5,0,0,0,0,200,2,200,200,200,200,200,200,200
406766,0,30,0,0,0,1,11,5,0,0,0,0,200,0,7,0,0,200,200,200,200
406781,0,30,2,2,0,1,14,2,0,0,0,17,200,0,6,0,1,1,0,200,200
406781,0,30,2,2,0,1,14,2,0,0,0,17,200,0,4,0,0,1,0,200,200
406781,1,30,2,2,0,1,14,2,0,0,0,17,200,0,7,0,200,200,200,200,200
406781,1,30,2,2,0,1,14,2,0,0,0,17,200,1,4,0,200,200,200,200,200
406781,1,30,2,2,0,1,14,2,0,0,0,17,200,1,0,5,200,200,200,200,200
406782,0,25,0,0,0,3,7,5,0,0,0,0,200,0,5,0,12,0,0,200,200
406783,0,30,2,0,1,1,0,5,0,1,0,5,200,1,5,0,5,0,0,200,200
406783,0,30,2,0,1,1,0,5,0,1,0,5,200,1,9,0,0,0,0,200,200
406790,0,25,0,0,0,1,7,6,0,0,0,200,200,0,8,200,10,200,200,200,200
406791,0,30,200,200,200,200,10,200,0,200,200,0,200,0,5,200,200,200,200,200,200
406791,0,30,200,200,200,200,10,200,0,200,200,0,200,0,6,200,200,200,200,200,200
406800,0,30,0,0,0,1,10,5,0,0,200,0,200,0,200,200,200,200,200,200,200
406800,0,30,0,0,0,1,10,5,0,0,200,0,200,1,6,0,0,0,0,200,200
406805,0,30,1,2,0,1,10,5,0,0,0,18,0,1,5,200,3,0,0,200,200
406805,0,30,1,2,0,1,10,5,0,0,0,18,0,0,5,0,0,0,0,200,200
406811,0,30,1,2,0,1,14,5,0,0,0,17,200,0,5,0,1,0,0,200,200
406811,0,30,1,2,0,1,14,5,0,0,0,17,200,1,5,0,0,0,0,200,200
406811,1,30,1,2,0,1,14,5,0,0,0,17,200,1,5,0,200,200,200,200,200
406811,1,30,1,2,0,1,14,5,0,0,0,17,200,1,200,0,200,200,200,200,200
406812,0,30,0,0,0,1,7,5,0,0,0,8,0,0,6,200,12,12,0,200,200
406812,1,30,0,0,0,1,7,5,0,0,0,8,0,0,200,200,200,200,200,200,200
406814,0,30,1,2,0,1,10,5,0,0,0,0,0,0,200,0,3,0,0,200,200
406814,0,30,1,2,0,1,10,5,0,0,0,0,0,1,200,0,0,0,0,200,200
406814,1,30,1,2,0,1,10,5,0,0,0,0,0,0,0,5,200,200,200,200,200
406815,0,35,0,0,0,1,10,5,0,0,0,18,18,0,200,200,3,200,200,200,200