RD_NO,PERSON_TYPE,POSTED_SPEED_LIMIT,TRAFFIC_CONTROL_DEVICE,DEVICE_CONDITION,WEATHER_CONDITION,LIGHTING_CONDITION,FIRST_CRASH_TYPE,TRAFFICWAY_TYPE,ALIGNMENT,ROADWAY_SURFACE_COND,ROAD_DEFECT,PRIM_CONTRIBUTORY_CAUSE,SEC_CONTRIBUTORY_CAUSE,SEX,AGE,SAFETY_EQUIPMENT,DRIVER_ACTION,DRIVER_VISION,PHYSICAL_CONDITION,BAC_RESULT VALUE,CELL_PHONE_USE
406815,0,35,0,0,0,1,10,5,0,0,0,18,18,0,4,0,0,0,0,200,200
406815,0,35,0,0,0,1,10,5,0,0,0,18,18,0,6,0,0,0,0,200,200
406819,0,30,1,2,1,1,14,5,0,0,0,22,16,1,6,0,12,0,0,200,200
406819,0,30,1,2,1,1,14,5,0,0,0,22,16,0,7,0,0,0,0,200,200
406819,1,30,1,2,1,1,14,5,0,0,0,22,16,1,4,0,200,200,200,200,200
406819,1,30,1,2,1,1,14,5,0,0,0,22,16,0,4,0,200,200,200,200,200
406820,0,30,0,0,0,1,12,3,2,0,0,25,16,0,200,200,200,200,200,200,200
406820,0,30,0,0,0,1,12,3,2,0,0,25,16,1,6,0,0,200,0,200,200
406821,0,30,0,0,0,1,10,5,0,200,200,20,27,0,200,200,6,200,200,200,200
406821,0,30,0,0,0,1,10,5,0,200,200,20,27,1,5,0,0,0,0,200,200
406836,0,30,0,0,2,4,7,6,0,0,0,22,20,0,200,0,6,0,0,200,200
406837,0,30,0,0,0,1,7,5,0,0,0,0,0,0,200,0,2,0,0,200,200
406841,0,5,0,0,0,1,5,4,0,0,0,200,200,1,6,0,12,0,0,200,200
406848,0,25,4,0,0,1,10,2,0,0,0,17,17,0,200,0,1,0,0,200,200
406848,0,25,4,0,0,1,10,2,0,0,0,17,17,1,7,0,1,0,0,200,200
406849,0,35,0,0,0,1,0,5,0,0,0,0,0,0,5,0,0,0,0,200,200
406849,0,35,0,0,0,1,0,5,0,0,0,0,0,0,5,0,0,0,0,200,200
406850,0,35,1,2,0,4,12,2,0,0,0,22,0,1,200,0,2,0,0,200,200
406850,0,35,1,2,0,4,12,2,0,0,0,22,0,1,6,0,0,0,0,200,200
406853,0,40,3,5,0,1,12,3,5,0,1,0,0,2,200,200,200,200,200,200,200
406853,0,40,3,5,0,1,12,3,5,0,1,0,0,1,4,0,0,0,0,200,200
406859,0,30,1,2,0,1,10,3,0,0,0,18,7,0,5,0,3,0,0,200,200
406859,0,30,1,2,0,1,10,3,0,0,0,18,7,0,5,0,0,0,0,200,200
406860,0,30,1,2,0,1,7,3,0,0,0,0,200,0,6,0,200,0,0,200,200
406860,1,30,1,2,0,1,7,3,0,0,0,0,200,200,200,0,200,200,200,200,200
406872,0,30,0,0,0,200,7,5,0,200,0,11,200,2,200,200,200,200,200,200,200
406876,0,30,200,200,200,200,12,200,0,200,200,0,200,0,8,0,200,200,200,200,200
406876,0,30,200,200,200,200,12,200,0,200,200,0,200,1,9,0,200,200,200,200,200
406879,0,25,0,0,0,2,12,6,0,1,0,17,11,0,200,0,1,200,0,200,200
406879,0,25,0,0,0,2,12,6,0,1,0,17,11,0,5,0,0,0,0,200,200
406886,0,35,0,0,0,1,7,5,0,0,0,21,200,0,5,0,12,0,0,200,200
406887,0,5,0,0,0,1,3,7,0,0,0,17,20,0,7,0,1,0,0,200,200
406887,0,5,0,0,0,1,3,7,0,0,0,17,20,1,7,0,6,0,0,200,200
406887,1,5,0,0,0,1,3,7,0,0,0,17,20,1,6,0,200,200,200,200,200
406887,1,5,0,0,0,1,3,7,0,0,0,17,20,1,7,0,200,200,200,200,200
406888,0,0,0,0,0,200,7,2,0,0,0,0,200,2,200,200,200,200,200,200,200
406889,0,30,0,0,0,1,9,2,0,0,0,0,200,1,200,200,12,200,200,200,200
406889,5,30,0,0,0,1,9,2,0,0,0,0,200,1,7,7,0,12,0,200,200
406892,0,35,2,2,0,1,14,1,0,0,0,0,200,0,5,0,1,200,0,200,200
406892,0,35,2,2,0,1,14,1,0,0,0,0,200,1,7,0,0,200,0,200,200
406893,0,30,0,0,0,1,14,5,0,0,0,200,200,0,200,7,0,0,0,200,200
406893,0,30,0,0,0,1,14,5,0,0,0,200,200,1,6,0,0,0,0,200,200
406893,1,30,0,0,0,1,14,5,0,0,0,200,200,0,200,200,200,200,200,200,200
406896,0,30,0,0,0,1,12,5,0,0,0,0,0,0,5,7,200,0,0,200,200
406896,0,30,0,0,0,1,12,5,0,0,0,0,0,1,6,0,200,0,0,200,200
406902,0,30,0,0,0,1,12,5,0,0,0,17,200,0,200,200,1,200,200,200,200
406902,0,30,0,0,0,1,12,5,0,0,0,17,200,0,7,0,0,0,0,200,200
406902,1,30,0,0,0,1,12,5,0,0,0,17,200,200,200,200,200,200,200,200,200
406902,1,30,0,0,0,1,12,5,0,0,0,17,200,200,200,200,200,200,200,200,200
406902,1,30,0,0,0,1,12,5,0,0,0,17,200,200,200,200,200,200,200,200,200
406908,0,15,0,0,0,1,2,7,0,1,0,20,200,1,7,0,6,0,0,200,200
406915,0,30,0,0,0,1,7,5,0,200,200,200,200,2,200,200,200,200,200,200,200
406917,0,30,0,0,1,1,10,5,0,0,0,0,0,2,200,200,200,200,200,200,200
406917,0,30,0,0,1,1,10,5,0,0,0,0,0,1,5,0,0,0,0,200,200
406917,0,30,0,0,1,1,10,5,0,0,0,0,0,0,6,0,0,0,0,200,200
406917,1,30,0,0,1,1,10,5,0,0,0,0,0,1,3,0,200,200,200,200,200
406917,1,30,0,0,1,1,10,5,0,0,0,0,0,1,6,0,200,200,200,200,200
406917,1,30,0,0,1,1,10,5,0,0,0,0,0,0,3,0,200,200,200,200,200
406917,1,30,0,0,1,1,10,5,0,0,0,0,0,0,2,5,200,200,200,200,200
406917,1,30,0,0,1,1,10,5,0,0,0,0,0,0,2,5,200,200,200,200,200
406918,0,25,1,2,1,1,14,6,0,0,0,23,21,0,5,0,7,0,0,200,200
406918,0,25,1,2,1,1,14,6,0,0,0,23,21,0,5,0,12,0,0,200,200
406918,1,25,1,2,1,1,14,6,0,0,0,23,21,1,6,0,200,200,200,200,200
406919,0,35,1,2,0,1,10,5,0,0,0,18,0,0,6,200,3,200,200,200,200
406919,0,35,1,2,0,1,10,5,0,0,0,18,0,1,7,0,0,0,0,200,200
406921,0,35,0,0,0,1,10,5,0,0,0,0,0,0,6,200,0,0,0,200,200
406921,0,35,0,0,0,1,10,5,0,0,0,0,0,0,4,0,0,0,0,200,200
406921,1,35,0,0,0,1,10,5,0,0,0,0,0,0,5,0,200,200,200,200,200
406925,0,20,0,200,200,200,7,6,0,200,200,0,200,1,7,200,200,200,200,200,200
406930,0,30,1,2,0,1,0,5,0,0,0,17,0,0,7,200,5,0,0,200,200
406930,0,30,1,2,0,1,0,5,0,0,0,17,0,0,6,0,12,0,0,200,200
406930,1,30,1,2,0,1,0,5,0,0,0,17,0,0,9,0,200,200,200,200,200
406937,0,30,0,0,2,1,10,3,0,1,0,18,16,0,5,0,3,200,0,200,200
406937,0,30,0,0,2,1,10,3,0,1,0,18,16,1,6,0,0,0,0,200,200
406937,1,30,0,0,2,1,10,3,0,1,0,18,16,1,5,0,200,200,200,200,200
406937,1,30,0,0,2,1,10,3,0,1,0,18,16,0,6,0,200,200,200,200,200
406946,0,30,0,0,1,1,12,5,0,0,0,17,21,0,6,0,4,0,0,200,200
406946,0,30,0,0,1,1,12,5,0,0,0,17,21,1,200,0,12,0,0,200,200
406946,1,30,0,0,1,1,12,5,0,0,0,17,21,0,4,0,200,200,200,200,200
406955,0,30,1,2,0,1,14,5,0,0,0,0,200,0,6,0,200,0,0,200,200
406955,0,30,1,2,0,1,14,5,0,0,0,0,200,1,6,0,0,0,0,200,200
406956,0,30,0,0,1,1,12,5,0,0,0,17,200,0,5,0,1,0,0,200,200
406956,0,30,0,0,1,1,12,5,0,0,0,17,200,0,7,0,0,0,0,200,200
406962,0,30,0,2,1,1,12,5,0,0,0,22,16,1,6,0,2,0,0,200,200
406962,0,30,0,2,1,1,12,5,0,0,0,22,16,1,6,0,0,0,0,200,200
406963,0,30,0,0,0,1,10,5,0,0,12,200,200,0,3,200,200,200,0,200,200
406963,0,30,0,0,0,1,10,5,0,0,12,200,200,0,200,200,200,200,200,200,200
406970,0,30,1,2,0,1,12,6,0,0,0,6,11,2,200,200,5,200,200,200,200
406970,0,30,1,2,0,1,12,6,0,0,0,6,11,1,6,0,0,0,0,200,200
406970,0,30,1,2,0,1,12,6,0,0,0,6,11,0,7,0,0,0,0,200,200
406970,0,30,1,2,0,1,12,6,0,0,0,6,11,0,5,0,0,0,0,200,200
406970,1,30,1,2,0,1,12,6,0,0,0,6,11,0,3,200,200,200,200,200,200
406970,1,30,1,2,0,1,12,6,0,0,0,6,11,0,3,200,200,200,200,200,200
406970,1,30,1,2,0,1,12,6,0,0,0,6,11,2,200,200,200,200,200,200,200
406971,0,30,1,2,0,1,10,5,0,0,0,18,0,0,4,0,3,0,0,200,200
406971,0,30,1,2,0,1,10,5,0,0,0,18,0,0,7,0,12,0,0,200,200
406973,0,30,0,0,0,1,7,5,0,0,0,0,0,0,200,200,10,200,200,200,200
406973,1,30,0,0,0,1,7,5,0,0,0,0,0,1,200,200,200,200,200,200,200
406973,1,30,0,0,0,1,7,5,0,0,0,0,0,0,200,0,200,200,200,200,200
406974,0,35,0,0,0,1,10,5,0,0,0,0,200,0,200,200,200,200,200,200,200
406974,0,35,0,0,0,1,10,5,0,0,0,0,200,1,200,0,200,200,0,200,200
406976,0,40,0,0,1,1,10,3,0,1,0,18,200,1,200,200,3,200,200,200,200
406976,0,40,0,0,1,1,10,3,0,1,0,18,200,1,6,0,0,0,0,200,200
406976,1,40,0,0,1,1,10,3,0,1,0,18,200,0,6,0,200,200,200,200,200
406976,1,40,0,0,1,1,10,3,0,1,0,18,200,1,0,5,200,200,200,200,200
406982,0,30,0,0,0,1,14,5,0,0,0,200,200,1,6,0,0,0,0,200,200
406982,0,30,0,0,0,1,14,5,0,0,0,200,200,0,7,0,0,0,0,200,200
406982,1,30,0,0,0,1,14,5,0,0,0,200,200,1,200,0,200,200,200,200,200
406985,0,30,2,200,1,1,14,12,0,0,0,17,200,0,6,200,0,200,0,200,200
406985,0,30,2,200,1,1,14,12,0,0,0,17,200,1,5,200,12,200,0,200,200
406990,0,35,0,0,0,0,7,6,0,0,0,18,200,2,200,200,3,200,200,200,200
406991,0,30,0,0,1,1,12,5,0,0,0,17,200,0,8,200,200,200,200,200,200
406991,0,30,0,0,1,1,12,5,0,0,0,17,200,1,6,200,200,200,0,200,200
407002,0,30,1,2,1,1,7,5,0,0,200,200,200,1,6,0,12,0,0,200,200
407002,1,30,1,2,1,1,7,5,0,0,200,200,200,0,2,0,200,200,200,200,200
407002,1,30,1,2,1,1,7,5,0,0,200,200,200,1,6,0,200,200,200,200,200
407004,0,40,0,0,0,1,10,5,0,0,0,11,16,0,5,0,3,0,0,200,200
407004,0,40,0,0,0,1,10,5,0,0,0,11,16,0,8,0,0,0,0,200,200
407004,0,40,0,0,0,1,10,5,0,0,0,11,16,0,6,0,0,0,0,200,200
407004,1,40,0,0,0,1,10,5,0,0,0,11,16,1,5,0,200,200,200,200,200
407004,1,40,0,0,0,1,10,5,0,0,0,11,16,0,0,5,200,200,200,200,200
407008,0,30,1,2,0,1,14,5,0,0,0,16,0,0,6,0,2,0,0,200,200
407008,0,30,1,2,0,1,14,5,0,0,0,16,0,1,5,7,0,0,0,200,200
407008,0,30,1,2,0,1,14,5,0,0,0,16,0,0,6,0,0,0,0,200,200
407008,1,30,1,2,0,1,14,5,0,0,0,16,0,1,6,0,200,200,200,200,200
407012,0,30,0,0,0,1,12,2,0,0,0,0,0,1,5,0,1,0,0,200,200
407012,0,30,0,0,0,1,12,2,0,0,0,0,0,0,7,7,0,0,0,200,200
407016,0,35,1,2,0,1,10,2,0,0,0,18,200,0,200,200,3,200,200,200,200
407016,0,35,1,2,0,1,10,2,0,0,0,18,200,1,6,0,0,0,0,200,200
407019,0,30,0,0,0,1,10,5,0,0,0,18,16,0,5,200,3,200,0,200,200
407019,0,30,0,0,0,1,10,5,0,0,0,18,16,0,200,200,0,200,200,200,200
407019,0,30,0,0,0,1,10,5,0,0,0,18,16,0,6,0,0,0,0,200,200
407021,0,30,0,0,0,1,12,5,0,0,0,21,17,0,6,0,7,0,0,200,200
407021,0,30,0,0,0,1,12,5,0,0,0,21,17,0,6,0,0,0,0,200,200
407024,0,30,0,0,0,1,10,5,0,0,0,200,200,0,0,0,0,0,0,200,200
407024,0,30,0,0,0,1,10,5,0,0,0,200,200,1,7,0,0,0,0,200,200
407026,0,30,0,0,200,200,7,7,0,200,0,0,200,2,200,200,200,200,200,200,200
407029,0,10,0,0,1,1,7,5,2,0,0,0,0,2,200,200,200,200,200,200,200
407030,0,30,0,0,0,1,7,6,0,0,0,21,200,0,200,0,12,0,0,200,200
407033,0,15,200,200,2,1,7,12,2,200,200,0,200,0,200,200,200,200,200,200,200
407039,0,30,1,2,0,1,12,5,0,0,0,17,0,1,7,0,1,0,0,200,200
407039,0,30,1,2,0,1,12,5,0,0,0,17,0,1,5,0,15,0,0,200,200
407040,0,30,1,2,0,1,0,2,2,0,0,17,200,1,200,200,1,200,0,200,200
407040,0,30,1,2,0,1,0,2,2,0,0,17,200,0,200,200,0,200,0,200,200
407043,0,45,0,0,1,1,12,2,0,0,0,22,200,0,7,200,4,0,0,200,200
407043,0,45,0,0,1,1,12,2,0,0,0,22,200,0,8,0,0,0,0,200,200
407048,0,30,0,0,0,1,10,5,0,0,0,0,0,1,200,0,3,0,0,200,200
407048,0,30,0,0,0,1,10,5,0,0,0,0,0,0,200,0,0,0,0,200,200
407048,1,30,0,0,0,1,10,5,0,0,0,0,0,1,200,0,200,200,200,200,200
407048,1,30,0,0,0,1,10,5,0,0,0,0,0,0,200,0,200,200,200,200,200
407048,1,30,0,0,0,1,10,5,0,0,0,0,0,1,200,0,200,200,200,200,200
407050,0,30,0,0,0,1,7,5,0,0,0,7,200,1,5,0,200,200,0,200,200
407051,0,0,0,0,0,1,12,5,0,0,0,0,0,1,200,200,200,200,0,200,200
407051,0,0,0,0,0,1,12,5,0,0,0,0,0,1,8,200,0,0,0,200,200
407054,0,30,0,0,0,1,12,5,0,0,0,200,200,1,200,0,0,0,0,200,200
407054,0,30,0,0,0,1,12,5,0,0,0,200,200,0,6,0,0,0,0,200,200
407056,0,30,1,2,0,1,12,5,0,0,0,18,200,0,4,0,3,0,0,200,200
407056,0,30,1,2,0,1,12,5,0,0,0,18,200,0,7,0,0,0,0,200,200
407056,1,30,1,2,0,1,12,5,0,0,0,18,200,1,4,0,200,200,200,200,200
407065,0,30,0,0,0,1,10,5,0,0,0,18,0,2,200,200,3,200,200,200,200
407065,0,30,0,0,0,1,10,5,0,0,0,18,0,0,6,0,12,0,0,200,200
407067,0,30,0,0,1,1,10,5,0,0,200,0,200,2,200,200,200,200,200,200,200
407067,0,30,0,0,1,1,10,5,0,0,200,0,200,0,5,200,200,200,0,200,200
407070,0,30,1,2,0,1,10,5,0,0,0,18,200,0,5,200,3,200,200,200,200
407070,0,30,1,2,0,1,10,5,0,0,0,18,200,0,7,0,0,0,0,200,200
407071,0,30,0,0,0,1,10,5,0,0,0,18,200,0,6,0,0,0,0,200,200
407071,0,30,0,0,0,1,10,5,0,0,0,18,200,0,7,200,0,200,200,200,200
407072,0,30,1,2,0,1,14,5,0,0,0,0,0,1,8,0,3,0,0,200,200
407072,0,30,1,2,0,1,14,5,0,0,0,0,0,2,200,200,0,200,200,200,200
407073,0,40,0,0,200,1,10,3,0,200,200,0,0,0,6,200,200,200,200,200,200
407073,0,40,0,0,200,1,10,3,0,200,200,0,0,1,8,200,200,200,200,200,200
407077,0,30,0,0,0,1,10,8,2,0,0,0,0,0,8,200,200,200,0,200,200
407077,0,30,0,0,0,1,10,8,2,0,0,0,0,1,7,0,0,0,0,200,200
407077,1,30,0,0,0,1,10,8,2,0,0,0,0,0,5,0,200,200,200,200,200
407077,1,30,0,0,0,1,10,8,2,0,0,0,0,1,4,0,200,200,200,200,200
407079,0,30,0,0,0,1,0,7,0,0,0,20,200,1,6,0,6,0,0,200,200
407079,0,30,0,0,0,1,0,7,0,0,0,20,200,1,6,0,0,0,0,200,200
407079,1,30,0,0,0,1,0,7,0,0,0,20,200,1,4,0,200,200,200,200,200
407079,1,30,0,0,0,1,0,7,0,0,0,20,200,200,200,0,200,200,200,200,200
407079,1,30,0,0,0,1,0,7,0,0,0,20,200,1,6,0,200,200,200,200,200
407079,1,30,0,0,0,1,0,7,0,0,0,20,200,1,200,200,200,200,200,200,200
407080,0,30,2,2,0,1,14,5,0,0,0,17,23,0,200,200,1,200,200,200,200
407080,0,30,2,2,0,1,14,5,0,0,0,17,23,1,5,0,12,0,0,200,200
407084,0,30,0,0,0,1,12,5,0,0,0,11,0,0,5,0,4,0,0,200,200
407084,0,30,0,0,0,1,12,5,0,0,0,11,0,0,4,0,0,0,0,200,200
407084,1,30,0,0,0,1,12,5,0,0,0,11,0,0,7,0,200,200,200,200,200
407089,0,30,1,2,1,4,14,2,4,0,0,31,16,1,6,0,1,0,0,200,200
407089,0,30,1,2,1,4,14,2,4,0,0,31,16,0,5,0,200,0,0,200,200
407089,1,30,1,2,1,4,14,2,4,0,0,31,16,0,5,0,200,200,200,200,200
407090,0,30,2,2,0,1,0,2,0,0,0,17,200,0,200,200,1,200,200,200,200
407090,0,30,2,2,0,1,0,2,0,0,0,17,200,1,6,200,0,0,0,200,200
407094,0,20,0,0,0,1,11,2,0,0,0,0,0,0,6,0,200,200,0,200,200
407094,0,20,0,0,0,1,11,2,0,0,0,0,0,1,6,0,200,200,0,200,200
407097,0,30,2,2,0,1,10,5,0,0,0,18,16,0,200,200,3,0,0,200,200
407097,0,30,2,2,0,1,10,5,0,0,0,18,16,0,200,0,0,0,0,200,200
407099,0,30,0,0,0,1,0,7,0,0,0,17,200,1,6,0,200,0,0,200,200
407099,0,30,0,0,0,1,0,7,0,0,0,17,200,1,200,200,200,200,200,200,200
407102,0,30,1,2,0,1,10,5,0,1,0,0,0,0,6,0,200,200,0,200,200
407102,0,30,1,2,0,1,10,5,0,1,0,0,0,0,5,0,0,0,0,200,200
407110,0,20,2,2,1,1,0,5,0,1,0,5,0,1,5,200,5,12,0,200,200
407110,0,20,2,2,1,1,0,5,0,1,0,5,0,0,5,200,0,200,0,200,200
407111,0,30,0,0,0,1,12,2,0,0,0,21,21,1,5,0,4,0,0,200,200
407111,0,30,0,0,0,1,12,2,0,0,0,21,21,1,6,0,0,0,0,200,200
407111,1,30,0,0,0,1,12,2,0,0,0,21,21,1,6,0,200,200,200,200,200
407116,0,30,0,0,0,1,10,5,0,0,0,200,200,0,5,0,0,0,0,200,200
407116,0,30,0,0,0,1,10,5,0,0,0,200,200,1,0,0,0,0,0,200,200
407120,0,25,0,0,0,1,7,6,0,0,0,11,0,1,4,0,7,0,0,200,200
407120,1,25,0,0,0,1,7,6,0,0,0,11,0,0,0,5,200,200,200,200,200
407123,0,30,1,2,0,1,14,5,0,0,0,17,33,1,6,200,1,12,0,200,200
407123,0,30,1,2,0,1,14,5,0,0,0,17,33,0,7,200,0,12,0,200,200
407124,0,30,2,2,0,1,0,5,0,0,0,17,200,1,5,0,5,1,0,200,200
407124,0,30,2,2,0,1,0,5,0,0,0,17,200,0,5,0,0,0,0,200,200
407124,1,30,2,2,0,1,0,5,0,0,0,17,200,0,6,0,200,200,200,200,200
407124,1,30,2,2,0,1,0,5,0,0,0,17,200,0,6,0,200,200,200,200,200
407126,0,30,1,0,1,1,14,5,0,1,0,23,200,2,200,200,7,200,200,200,200
407126,0,30,1,0,1,1,14,5,0,1,0,23,200,1,6,0,0,0,0,200,200
407135,0,30,0,0,0,1,12,5,0,0,200,17,200,0,200,200,1,200,200,200,200
407135,0,30,0,0,0,1,12,5,0,0,200,17,200,0,6,200,0,200,200,200,200
407135,1,30,0,0,0,1,12,5,0,0,200,17,200,1,6,200,200,200,200,200,200
407135,1,30,0,0,0,1,12,5,0,0,200,17,200,1,0,5,200,200,200,200,200
407139,0,0,200,200,0,1,12,3,0,200,200,0,0,0,5,200,200,200,200,200,200
407139,0,0,200,200,0,1,12,3,0,200,200,0,0,0,5,200,200,200,0,200,200
407141,0,30,0,0,0,1,7,2,0,0,0,0,0,1,5,0,0,0,0,200,200
407141,1,30,0,0,0,1,7,2,0,0,0,0,0,0,200,200,200,200,200,200,200
407143,0,30,0,0,0,1,10,3,0,0,0,0,200,1,200,200,12,200,200,200,200
407143,0,30,0,0,0,1,10,3,0,0,0,0,200,0,5,0,0,0,0,200,200
407148,0,20,0,0,1,1,10,7,0,0,200,20,200,1,200,200,6,200,200,200,200
407148,0,20,0,0,1,1,10,7,0,0,200,20,200,1,7,200,0,200,0,200,200
407149,0,30,2,2,0,1,10,5,0,0,0,18,16,0,200,200,200,200,200,200,200
407149,0,30,2,2,0,1,10,5,0,0,0,18,16,0,200,200,200,200,200,200,200
407149,0,30,2,2,0,1,10,5,0,0,0,18,16,0,6,200,0,200,0,200,200
407149,1,30,2,2,0,1,10,5,0,0,0,18,16,2,200,200,200,200,200,200,200
407150,0,25,0,0,0,4,12,5,0,0,0,21,21,0,8,200,4,200,200,200,200
407150,0,25,0,0,0,4,12,5,0,0,0,21,21,1,8,0,0,0,0,200,200
407153,0,30,0,0,0,1,11,5,0,0,2,22,22,1,200,200,2,0,0,200,200
407153,0,30,0,0,0,1,11,5,0,0,2,22,22,1,8,0,0,0,0,200,200
407157,0,30,1,200,2,1,14,5,3,1,200,22,22,0,6,0,4,200,200,200,200
407157,0,30,1,200,2,1,14,5,3,1,200,22,22,0,6,0,0,0,0,200,200
407158,0,30,2,2,0,4,14,5,0,0,200,17,200,1,5,200,1,200,200,200,200
407158,0,30,2,2,0,4,14,5,0,0,200,17,200,0,5,200,200,200,200,200,200
407159,0,25,2,1,0,1,0,5,0,0,0,17,17,0,7,0,1,5,0,200,200
407159,0,25,2,1,0,1,0,5,0,0,0,17,17,0,5,0,0,0,0,200,200
407159,1,25,2,1,0,1,0,5,0,0,0,17,17,0,2,0,200,200,200,200,200
407159,1,25,2,1,0,1,0,5,0,0,0,17,17,0,5,0,200,200,200,200,200
407160,0,20,0,0,0,1,11,7,0,0,0,200,200,1,6,200,7,0,0,200,200
407160,0,20,0,0,0,1,11,7,0,0,0,200,200,1,5,200,0,0,0,200,200
407161,0,30,0,0,0,1,0,6,0,0,0,17,16,0,200,200,1,200,200,200,200
407161,0,30,0,0,0,1,0,6,0,0,0,17,16,0,7,0,0,0,0,200,200
407165,0,30,0,0,0,1,12,5,0,0,0,17,11,1,5,0,1,0,0,200,1
407165,0,30,0,0,0,1,12,5,0,0,0,17,11,0,8,0,0,0,0,200,200
407167,0,30,0,0,0,1,7,6,0,0,0,0,200,1,7,0,0,0,0,200,200
407167,1,30,0,0,0,1,7,6,0,0,0,0,200,0,7,0,200,200,200,200,200
407171,0,30,1,2,1,1,14,3,0,0,0,0,0,0,6,200,4,0,0,200,200
407171,0,30,1,2,1,1,14,3,0,0,0,0,0,0,6,200,4,0,0,200,200
407173,0,30,0,0,0,1,11,2,0,0,0,12,200,0,6,0,0,0,0,200,200
407173,0,30,0,0,0,1,11,2,0,0,0,12,200,0,7,0,0,0,0,200,200
407173,1,30,0,0,0,1,11,2,0,0,0,12,200,1,5,0,200,200,200,200,200
407179,0,30,1,2,0,1,10,5,0,0,0,17,18,0,6,200,1,200,200,200,200
407179,0,30,1,2,0,1,10,5,0,0,0,17,18,1,5,0,0,0,0,200,200
407180,0,30,0,0,0,200,7,2,0,0,0,0,0,1,200,200,12,200,200,200,200
407189,0,30,1,2,0,1,12,5,0,0,0,22,200,0,200,200,4,200,200,200,200
407189,0,30,1,2,0,1,12,5,0,0,0,22,200,0,6,0,0,0,0,200,200
407190,0,35,1,2,0,1,10,5,0,0,0,20,200,0,9,0,6,200,0,200,200
407190,0,35,1,2,0,1,10,5,0,0,0,20,200,1,6,0,0,0,0,200,200
407190,1,35,1,2,0,1,10,5,0,0,0,20,200,0,6,0,200,200,200,200,200
407190,1,35,1,2,0,1,10,5,0,0,0,20,200,1,2,0,200,200,200,200,200
407197,0,30,2,2,0,1,3,6,0,0,0,20,200,0,0,0,6,0,0,200,200
407197,0,30,2,2,0,1,3,6,0,0,0,20,200,1,7,7,0,0,0,200,200
407197,1,30,2,2,0,1,3,6,0,0,0,20,200,0,200,0,200,200,200,200,200
407198,0,30,1,2,0,1,12,2,0,0,0,0,0,0,6,200,4,200,0,200,200
407198,0,30,1,2,0,1,12,2,0,0,0,0,0,0,7,7,0,0,0,200,200
407199,0,25,0,0,0,1,10,5,0,0,0,20,200,1,200,200,6,200,200,200,200
407199,0,25,0,0,0,1,10,5,0,0,0,20,200,0,7,200,0,200,0,200,200
407200,0,30,0,0,0,1,12,2,0,0,0,0,0,2,200,200,200,200,200,200,200
407200,0,30,0,0,0,1,12,2,0,0,0,0,0,1,6,200,0,200,0,200,200
407201,0,30,0,0,0,1,7,5,0,0,0,27,27,0,6,200,200,0,200,200,200
407203,0,30,1,2,0,1,10,5,0,0,0,18,0,0,6,0,3,0,0,200,200
407203,0,30,1,2,0,1,10,5,0,0,0,18,0,0,4,0,12,0,0,200,200
407205,0,30,1,2,1,1,12,6,0,0,0,17,11,0,5,200,1,0,0,200,200
407205,0,30,1,2,1,1,12,6,0,0,0,17,11,1,8,200,0,0,0,200,200
407206,0,30,1,2,0,1,14,2,0,0,0,21,200,1,6,200,0,0,0,200,200
407206,0,30,1,2,0,1,14,2,0,0,0,21,200,1,6,0,0,0,0,200,200
407209,0,30,0,0,0,1,14,6,0,0,0,200,200,2,200,200,0,200,200,200,200
407209,0,30,0,0,0,1,14,6,0,0,0,200,200,1,6,7,0,0,0,200,200
407209,1,30,0,0,0,1,14,6,0,0,0,200,200,0,200,200,200,200,200,200,200
407209,1,30,0,0,0,1,14,6,0,0,0,200,200,0,200,5,200,200,200,200,200
407209,1,30,0,0,0,1,14,6,0,0,0,200,200,0,200,5,200,200,200,200,200
407209,1,30,0,0,0,1,14,6,0,0,0,200,200,1,200,5,200,200,200,200,200
407210,0,20,0,0,0,4,7,6,0,0,0,200,200,2,200,200,200,200,200,200,200
407219,0,30,1,2,0,1,8,6,0,0,0,6,17,0,7,0,13,0,0,200,200
407219,4,30,1,2,0,1,8,6,0,0,0,6,17,0,5,2,0,0,0,200,200
407219,1,30,1,2,0,1,8,6,0,0,0,6,17,1,200,0,200,200,200,200,200
407219,1,30,1,2,0,1,8,6,0,0,0,6,17,0,200,0,200,200,200,200,200
407225,0,30,2,2,1,1,0,5,0,0,0,17,0,1,5,0,1,0,0,200,200
407225,0,30,2,2,1,1,0,5,0,0,0,17,0,1,6,7,0,0,0,200,200
407225,1,30,2,2,1,1,0,5,0,0,0,17,0,0,200,0,200,200,200,200,200
407225,1,30,2,2,1,1,0,5,0,0,0,17,0,1,2,5,200,200,200,200,200
407225,1,30,2,2,1,1,0,5,0,0,0,17,0,1,2,5,200,200,200,200,200
407225,1,30,2,2,1,1,0,5,0,0,0,17,0,1,2,5,200,200,200,200,200
407234,0,20,2,2,0,2,10,5,0,0,0,11,11,0,6,200,3,200,200,200,200
407234,0,20,2,2,0,2,10,5,0,0,0,11,11,0,6,0,0,0,0,200,200
407234,1,20,2,2,0,2,10,5,0,0,0,11,11,0,2,0,200,200,200,200,200
407237,0,35,1,2,0,2,12,5,0,0,0,21,16,1,200,200,4,200,200,200,200
407237,0,35,1,2,0,2,12,5,0,0,0,21,16,1,7,0,0,0,0,200,200
407240,0,35,0,0,0,1,14,5,0,0,0,17,200,0,8,200,1,200,200,200,200