RD_NO,PERSON_TYPE,POSTED_SPEED_LIMIT,TRAFFIC_CONTROL_DEVICE,DEVICE_CONDITION,WEATHER_CONDITION,LIGHTING_CONDITION,FIRST_CRASH_TYPE,TRAFFICWAY_TYPE,ALIGNMENT,ROADWAY_SURFACE_COND,ROAD_DEFECT,PRIM_CONTRIBUTORY_CAUSE,SEC_CONTRIBUTORY_CAUSE,SEX,AGE,SAFETY_EQUIPMENT,DRIVER_ACTION,DRIVER_VISION,PHYSICAL_CONDITION,BAC_RESULT VALUE,CELL_PHONE_USE
407240,0,35,0,0,0,1,14,5,0,0,0,17,200,1,7,0,0,0,0,200,200
407240,1,35,0,0,0,1,14,5,0,0,0,17,200,0,7,0,200,200,200,200,200
407241,0,30,0,0,1,1,7,6,0,0,0,0,19,0,7,200,0,200,0,200,200
407243,0,20,2,2,0,4,8,12,0,0,0,17,5,0,4,0,1,0,0,200,200
407243,4,20,2,2,0,4,8,12,0,0,0,17,5,0,7,3,0,0,0,200,200
407244,0,25,0,0,0,1,7,6,0,0,200,20,200,2,200,200,10,200,200,200,200
407252,0,30,0,0,0,1,7,7,0,0,0,200,200,2,200,200,0,200,200,200,200
407255,0,30,1,2,0,1,10,5,0,0,0,18,9,1,200,200,3,200,200,200,200
407255,0,30,1,2,0,1,10,5,0,0,0,18,9,1,200,200,0,200,0,200,200
407265,0,30,0,0,0,3,12,5,0,0,0,16,11,0,5,200,12,0,200,200,200
407265,0,30,0,0,0,3,12,5,0,0,0,16,11,1,7,0,0,0,0,200,200
407265,0,30,0,0,0,3,12,5,0,0,0,16,11,0,6,0,0,0,0,200,200
407265,1,30,0,0,0,3,12,5,0,0,0,16,11,0,200,200,200,200,200,200,200
407266,0,30,0,0,0,3,8,5,0,0,0,0,200,0,8,200,1,0,12,200,200
407266,4,30,0,0,0,3,8,5,0,0,0,0,200,0,4,200,0,0,0,200,200
407267,0,35,0,0,0,2,7,5,0,0,200,21,200,1,6,200,0,200,0,200,200
407267,1,35,0,0,0,2,7,5,0,0,200,21,200,200,200,200,200,200,200,200,200
407269,0,30,0,0,0,1,10,5,0,0,0,18,200,0,200,200,3,200,200,200,200
407269,0,30,0,0,0,1,10,5,0,0,0,18,200,1,7,0,0,0,0,200,200
407280,0,20,1,2,0,2,7,6,0,0,0,0,200,0,6,0,4,12,0,200,200
407280,1,20,1,2,0,2,7,6,0,0,0,0,200,0,6,0,200,200,200,200,200
407281,0,30,0,0,0,4,10,5,0,0,0,18,7,1,4,0,3,0,0,200,200
407281,0,30,0,0,0,4,10,5,0,0,0,18,7,0,6,0,12,0,0,200,200
407281,1,30,0,0,0,4,10,5,0,0,0,18,7,1,200,0,200,200,200,200,200
407281,1,30,0,0,0,4,10,5,0,0,0,18,7,0,200,5,200,200,200,200,200
407281,1,30,0,0,0,4,10,5,0,0,0,18,7,0,200,0,200,200,200,200,200
407281,1,30,0,0,0,4,10,5,0,0,0,18,7,0,200,0,200,200,200,200,200
407281,1,30,0,0,0,4,10,5,0,0,0,18,7,0,200,0,200,200,200,200,200
407282,0,30,0,0,0,4,10,5,0,0,0,14,18,0,6,0,3,200,0,200,200
407282,0,30,0,0,0,4,10,5,0,0,0,14,18,1,6,0,0,0,0,200,200
407283,0,30,1,200,2,1,12,5,0,200,200,0,200,1,200,200,4,200,200,200,200
407283,0,30,1,200,2,1,12,5,0,200,200,0,200,1,7,200,0,0,0,200,200
407284,0,30,1,2,0,4,10,5,0,0,0,18,200,0,6,200,3,200,0,200,200
407284,0,30,1,2,0,4,10,5,0,0,0,18,200,0,7,200,0,200,0,200,200
407288,0,35,0,0,0,1,10,5,0,200,200,0,200,0,6,200,1,200,200,200,200
407288,0,35,0,0,0,1,10,5,0,200,200,0,200,0,7,0,0,0,0,200,200
407291,0,30,0,0,1,3,10,5,0,0,0,18,200,0,5,200,0,0,0,200,200
407291,0,30,0,0,1,3,10,5,0,0,0,18,200,0,6,0,0,0,0,200,200
407297,0,30,0,0,0,4,10,5,0,0,0,200,200,0,7,0,0,0,0,200,200
407297,0,30,0,0,0,4,10,5,0,0,0,200,200,0,6,0,0,0,0,200,200
407297,1,30,0,0,0,4,10,5,0,0,0,200,200,0,200,0,200,200,200,200,200
407305,0,20,0,0,0,3,2,0,0,0,200,0,200,0,200,200,200,200,200,200,200
407310,0,25,0,0,0,3,7,6,0,0,0,11,200,1,200,200,12,200,200,200,200
407313,0,30,0,0,200,200,7,5,0,0,0,0,200,2,200,200,200,200,200,200,200
407324,0,30,1,2,0,3,11,5,0,0,0,21,11,0,6,0,12,200,0,200,200
407324,0,30,1,2,0,3,11,5,0,0,0,21,11,0,5,0,0,0,0,200,200
407326,0,30,0,0,0,1,7,5,0,0,0,0,200,2,200,200,200,200,200,200,200
407333,0,30,1,200,0,3,10,3,0,0,200,18,200,0,8,200,1,200,0,200,200
407333,0,30,1,200,0,3,10,3,0,0,200,18,200,1,5,200,0,200,0,200,200
407338,0,30,0,0,0,4,12,2,0,0,0,21,17,1,8,0,4,0,0,200,200
407338,0,30,0,0,0,4,12,2,0,0,0,21,17,0,7,0,0,0,0,200,200
407353,0,25,0,0,0,1,4,2,0,0,1,29,200,0,7,0,0,0,0,200,200
407354,0,30,1,2,0,3,9,2,0,0,0,17,33,0,5,200,1,200,200,200,200
407354,5,30,1,2,0,3,9,2,0,0,0,17,33,1,6,200,0,0,0,200,200
407370,0,30,1,1,0,3,10,2,0,0,0,18,16,2,200,200,3,200,200,200,200
407370,0,30,1,1,0,3,10,2,0,0,0,18,16,0,6,0,12,0,0,200,200
407372,0,30,1,2,0,0,14,5,0,0,0,0,0,0,7,0,0,0,0,200,200
407372,0,30,1,2,0,0,14,5,0,0,0,0,0,1,6,0,0,0,0,200,200
407372,1,30,1,2,0,0,14,5,0,0,0,0,0,0,5,0,200,200,200,200,200
407372,1,30,1,2,0,0,14,5,0,0,0,0,0,1,2,0,200,200,200,200,200
407372,1,30,1,2,0,0,14,5,0,0,0,0,0,0,1,0,200,200,200,200,200
407393,0,25,0,0,0,1,3,5,0,0,0,11,0,0,8,0,12,0,0,200,200
407393,0,25,0,0,0,1,3,5,0,0,0,11,0,1,6,0,0,0,0,200,200
407393,1,25,0,0,0,1,3,5,0,0,0,11,0,1,6,0,200,200,200,200,200
407395,0,15,0,0,0,4,4,6,0,0,0,0,200,2,200,200,200,200,200,200,200
407399,0,30,0,0,0,0,7,5,0,1,200,0,0,0,7,0,200,0,200,200,200
407399,1,30,0,0,0,0,7,5,0,1,200,0,0,1,6,200,200,200,200,200,200
407405,0,35,1,2,2,3,14,2,0,1,0,11,0,0,5,0,200,200,0,200,200
407405,0,35,1,2,2,3,14,2,0,1,0,11,0,1,5,0,200,200,0,200,200
407405,1,35,1,2,2,3,14,2,0,1,0,11,0,1,5,0,200,200,200,200,200
407405,1,35,1,2,2,3,14,2,0,1,0,11,0,1,5,0,200,200,200,200,200
407405,1,35,1,2,2,3,14,2,0,1,0,11,0,1,1,0,200,200,200,200,200
407414,0,30,0,0,0,3,12,5,0,0,0,17,200,0,0,200,1,0,0,200,200
407414,0,30,0,0,0,3,12,5,0,0,0,17,200,0,8,200,0,0,0,200,200
407415,0,30,0,0,2,3,3,5,0,1,0,32,21,0,5,200,9,0,5,0.19,200
407415,0,30,0,0,2,3,3,5,0,1,0,32,21,0,7,200,0,0,0,200,200
407416,0,30,1,2,0,3,10,2,0,0,0,11,0,1,6,0,12,0,0,200,200
407416,0,30,1,2,0,3,10,2,0,0,0,11,0,0,7,0,0,0,0,200,200
407418,0,30,0,0,2,3,0,3,0,1,0,0,0,0,7,0,200,200,0,200,200
407418,0,30,0,0,2,3,0,3,0,1,0,0,0,0,6,0,1,200,200,200,200
407431,0,30,1,2,2,3,12,2,0,1,0,6,22,2,200,200,5,200,200,200,200
407431,0,30,1,2,2,3,12,2,0,1,0,6,22,0,7,200,12,0,0,200,200
407445,0,30,1,2,0,3,10,5,0,0,200,0,0,1,6,0,200,200,0,200,200
407445,0,30,1,2,0,3,10,5,0,0,200,0,0,1,6,0,0,200,0,200,200
407445,1,30,1,2,0,3,10,5,0,0,200,0,0,1,200,0,200,200,200,200,200
407459,0,30,2,2,2,3,0,12,2,1,0,17,200,2,200,200,1,200,200,200,200
407459,0,30,2,2,2,3,0,12,2,1,0,17,200,1,6,200,0,0,0,200,200
407459,1,30,2,2,2,3,0,12,2,1,0,17,200,1,7,200,200,200,200,200,200
407459,1,30,2,2,2,3,0,12,2,1,0,17,200,1,8,200,200,200,200,200,200
407463,0,30,0,0,2,4,14,5,0,1,0,19,200,1,6,0,12,0,5,200,200
407463,0,30,0,0,2,4,14,5,0,1,0,19,200,0,5,0,0,0,0,200,200
407463,1,30,0,0,2,4,14,5,0,1,0,19,200,1,200,0,200,200,200,200,200
407464,0,30,200,200,0,4,12,5,0,0,200,22,21,1,5,0,7,200,0,200,200
407464,0,30,200,200,0,4,12,5,0,0,200,22,21,0,6,0,200,200,0,200,200
407465,0,30,2,0,0,0,10,6,0,0,0,20,200,0,200,0,6,0,0,200,200
407465,0,30,2,0,0,0,10,6,0,0,0,20,200,1,5,0,0,0,0,200,200
407465,1,30,2,0,0,0,10,6,0,0,0,20,200,0,200,0,200,200,200,200,200
407466,0,30,1,2,0,3,10,5,0,0,12,18,0,0,6,200,3,200,200,200,200
407466,0,30,1,2,0,3,10,5,0,0,12,18,0,0,5,0,0,0,0,200,200
407471,4,25,200,200,200,200,8,5,0,200,200,11,0,0,6,200,13,0,200,200,200
407471,0,25,200,200,200,200,8,5,0,200,200,11,0,0,6,0,200,0,0,200,200
407472,0,35,0,2,2,3,10,2,0,1,12,18,34,2,200,200,3,200,200,200,200
407472,0,35,0,2,2,3,10,2,0,1,12,18,34,0,5,0,0,0,0,200,200
407477,0,30,1,2,2,3,14,5,0,1,0,23,34,0,5,200,1,0,0,200,200
407477,0,30,1,2,2,3,14,5,0,1,0,23,34,0,5,7,0,0,0,200,200
407477,1,30,1,2,2,3,14,5,0,1,0,23,34,0,6,200,200,200,200,200,200
407477,1,30,1,2,2,3,14,5,0,1,0,23,34,0,4,200,200,200,200,200,200
407478,0,30,2,12,0,3,10,2,0,0,0,18,0,0,6,200,3,200,200,200,200
407478,0,30,2,12,0,3,10,2,0,0,0,18,0,0,5,200,0,0,0,200,200
407484,0,30,0,0,0,0,7,5,0,0,0,0,200,1,5,0,12,0,0,200,200
407489,0,25,2,0,0,3,11,5,0,0,0,0,0,0,7,0,1,0,0,200,200
407489,0,25,2,0,0,3,11,5,0,0,0,0,0,0,6,0,0,0,0,200,200
407490,0,30,0,0,0,0,2,0,0,0,0,23,16,0,200,200,13,200,200,200,200
407490,1,30,0,0,0,0,2,0,0,0,0,23,16,0,3,200,200,200,200,200,200
407490,1,30,0,0,0,0,2,0,0,0,0,23,16,0,5,200,200,200,200,200,200
407492,0,30,1,2,0,1,10,5,0,0,0,8,8,0,6,0,12,12,12,200,200
407492,0,30,1,2,0,1,10,5,0,0,0,8,8,1,4,200,0,0,0,200,200
407495,0,25,0,0,2,3,7,5,0,1,0,20,20,0,7,200,6,200,200,200,200
407504,0,30,0,0,0,1,10,5,0,0,0,7,7,1,8,0,12,12,12,200,200
407504,0,30,0,0,0,1,10,5,0,0,0,7,7,1,5,7,0,0,0,200,200
407509,0,25,0,0,2,3,11,5,0,1,0,25,16,0,200,200,12,200,200,200,200
407509,0,25,0,0,2,3,11,5,0,1,0,25,16,0,6,200,0,0,0,200,200
407511,0,30,1,2,2,3,10,2,0,1,0,0,200,0,4,200,200,0,0,200,200
407511,0,30,1,2,2,3,10,2,0,1,0,0,200,0,6,200,0,0,0,200,200
407515,0,25,0,0,2,3,2,5,0,1,0,14,33,2,200,200,200,200,200,200,200
407517,0,30,0,0,0,0,12,2,0,0,0,17,15,0,200,200,12,200,200,200,200
407517,0,30,0,0,0,0,12,2,0,0,0,17,15,0,7,0,1,5,0,200,200
407524,0,30,1,2,2,3,10,2,0,1,0,16,200,1,200,200,12,0,0,200,200
407524,0,30,1,2,2,3,10,2,0,1,0,16,200,0,7,0,0,0,0,200,200
407525,0,30,1,200,2,3,9,2,0,1,0,17,200,0,200,200,1,200,200,200,200
407525,5,30,1,200,2,3,9,2,0,1,0,17,200,0,5,7,12,200,0,200,200
407525,1,30,1,200,2,3,9,2,0,1,0,17,200,2,200,200,200,200,200,200,200
407526,0,30,1,2,2,3,10,2,0,1,0,34,200,1,4,0,3,0,0,200,200
407526,0,30,1,2,2,3,10,2,0,1,0,34,200,0,200,200,5,200,200,200,200
407526,1,30,1,2,2,3,10,2,0,1,0,34,200,0,0,0,200,200,200,200,200
407534,0,30,0,0,0,3,10,5,0,0,200,18,200,0,5,200,3,0,0,200,200
407534,0,30,0,0,0,3,10,5,0,0,200,18,200,0,7,7,0,0,0,200,200
407536,0,30,0,0,0,0,14,5,0,0,0,22,22,0,6,0,2,200,0,200,200
407536,0,30,0,0,0,0,14,5,0,0,0,22,22,1,6,0,0,200,0,200,200
407537,0,55,0,0,2,3,2,3,3,1,0,15,25,0,3,0,8,4,0,200,200
407537,1,55,0,0,2,3,2,3,3,1,0,15,25,0,4,0,200,200,200,200,200
407550,0,25,2,2,0,0,0,5,0,0,0,0,0,0,7,0,0,0,0,200,200
407550,0,25,2,2,0,0,0,5,0,0,0,0,0,0,8,0,0,0,0,200,200
407550,1,25,2,2,0,0,0,5,0,0,0,0,0,1,7,0,200,200,200,200,200
407550,1,25,2,2,0,0,0,5,0,0,0,0,0,1,1,0,200,200,200,200,200
407552,0,20,2,12,0,3,10,6,0,0,0,18,0,0,200,200,3,200,200,200,200
407552,0,20,2,12,0,3,10,6,0,0,0,18,0,0,6,0,0,0,0,200,200
407552,1,20,2,12,0,3,10,6,0,0,0,18,0,1,6,0,200,200,200,200,200
407554,0,30,0,0,2,3,12,3,0,1,0,34,21,0,7,200,3,0,0,200,200
407554,0,30,0,0,2,3,12,3,0,1,0,34,21,0,7,200,0,0,0,200,200
407555,0,30,0,0,0,0,7,6,0,0,0,20,200,1,6,200,6,200,0,200,200
407565,0,25,1,200,0,3,0,2,0,0,0,15,0,0,4,200,0,0,0,200,200
407565,0,25,1,200,0,3,0,2,0,0,0,15,0,1,4,200,5,0,0,200,200
407568,0,30,2,2,0,3,0,5,0,0,200,32,5,0,6,200,5,200,5,200,200
407568,0,30,2,2,0,3,0,5,0,0,200,32,5,0,6,200,0,200,0,200,200
407568,1,30,2,2,0,3,0,5,0,0,200,32,5,0,200,200,200,200,200,200,200
407568,1,30,2,2,0,3,0,5,0,0,200,32,5,1,5,200,200,200,200,200,200
407570,0,30,1,2,12,3,12,5,0,12,200,22,200,1,200,200,2,200,200,200,200
407570,0,30,1,2,12,3,12,5,0,12,200,22,200,0,6,200,0,200,0,200,200
407574,0,30,0,0,2,3,7,5,0,1,0,11,34,0,5,200,8,200,0,200,200
407575,0,40,0,0,0,3,2,2,3,0,0,15,16,0,5,0,200,200,200,200,200
407575,1,40,0,0,0,3,2,2,3,0,0,15,16,1,200,0,200,200,200,200,200
407576,0,30,0,0,0,3,2,7,0,0,0,0,0,2,200,200,200,200,200,200,200
407583,0,20,2,2,0,3,0,6,0,0,0,17,16,1,7,0,1,0,0,200,200
407583,0,20,2,2,0,3,0,6,0,0,0,17,16,1,4,0,0,0,0,200,200
407588,0,30,0,200,2,3,2,2,0,1,200,34,0,1,6,200,8,200,2,200,200
407590,0,30,1,2,1,3,7,2,0,0,0,11,25,0,6,200,4,0,0,200,200
407591,0,30,1,2,0,3,10,2,0,0,0,7,0,0,5,7,3,0,0,200,200
407591,0,30,1,2,0,3,10,2,0,0,0,7,0,0,5,0,0,0,0,200,200
407591,1,30,1,2,0,3,10,2,0,0,0,7,0,0,5,0,200,200,200,200,200
407591,1,30,1,2,0,3,10,2,0,0,0,7,0,1,5,7,200,200,200,200,200
407600,0,30,0,0,0,3,12,2,0,0,0,21,0,0,200,200,2,200,200,200,200
407600,0,30,0,0,0,3,12,2,0,0,0,21,0,0,6,0,0,0,0,200,200
407603,0,30,0,0,0,3,7,6,0,0,0,32,25,0,6,200,12,0,5,200,200
407616,0,35,1,2,2,3,10,3,0,1,0,16,0,0,5,200,1,0,0,200,200
407616,0,35,1,2,2,3,10,3,0,1,0,16,0,0,6,200,0,0,0,200,200
407616,0,35,1,2,2,3,10,3,0,1,0,16,0,0,6,200,0,0,0,200,200
407631,0,30,0,0,0,3,7,6,0,200,0,27,32,0,6,200,12,200,3,0.12,200
407646,0,30,1,2,0,3,10,6,0,0,0,18,200,0,8,0,3,0,1,200,200
407646,0,30,1,2,0,3,10,6,0,0,0,18,200,1,7,0,0,0,0,200,200
407650,0,30,0,0,2,3,7,5,0,1,0,32,21,0,5,200,12,200,5,200,200
407658,0,45,0,0,0,3,12,3,0,0,0,32,25,0,5,0,3,0,5,200,200
407658,0,45,0,0,0,3,12,3,0,0,0,32,25,0,5,0,0,0,0,200,200
407665,0,30,0,0,2,3,2,5,0,1,0,13,200,0,5,200,12,0,200,200,200
407665,1,30,0,0,2,3,2,5,0,1,0,13,200,0,5,200,200,200,200,200,200
407673,0,30,0,0,2,3,14,6,0,1,0,0,200,0,6,200,200,200,0,200,200
407673,0,30,0,0,2,3,14,6,0,1,0,0,200,0,5,200,200,200,0,200,200
407676,0,40,0,0,2,3,10,3,0,1,0,16,22,0,5,0,2,0,0,200,200
407676,0,40,0,0,2,3,10,3,0,1,0,16,22,1,6,0,0,0,0,200,200
407680,0,30,1,2,2,3,10,5,0,1,0,16,0,0,9,200,8,0,0,200,200
407680,0,30,1,2,2,3,10,5,0,1,0,16,0,0,5,0,0,0,0,200,200
407693,0,30,2,2,2,3,2,5,0,1,200,14,22,0,6,200,8,200,7,200,200
407701,0,30,0,0,2,3,7,5,0,1,0,16,0,2,200,200,200,200,200,200,200
407704,0,35,2,2,2,3,0,2,0,1,0,17,34,0,7,0,1,0,0,200,200
407704,0,35,2,2,2,3,0,2,0,1,0,17,34,0,4,0,0,0,0,200,200
407704,1,35,2,2,2,3,0,2,0,1,0,17,34,1,4,0,200,200,200,200,200
407704,1,35,2,2,2,3,0,2,0,1,0,17,34,0,5,0,200,200,200,200,200
407704,1,35,2,2,2,3,0,2,0,1,0,17,34,1,200,0,200,200,200,200,200
407710,0,30,0,0,2,0,10,5,0,1,0,0,0,0,200,200,200,200,200,200,200
407710,0,30,0,0,2,0,10,5,0,1,0,0,0,0,7,0,0,0,0,200,200
407712,5,30,0,0,0,3,9,2,0,1,0,200,200,0,6,7,0,200,3,200,200
407712,0,30,0,0,0,3,9,2,0,1,0,200,200,1,6,200,12,200,200,200,200
407713,0,0,0,0,2,3,7,6,0,1,0,27,200,0,5,200,12,0,12,200,200
407716,0,30,0,0,200,200,7,6,0,200,0,0,0,2,200,200,200,200,200,200,200
407717,0,30,1,2,2,3,14,6,0,1,0,6,14,2,200,200,5,200,200,200,200
407717,0,30,1,2,2,3,14,6,0,1,0,6,14,0,7,0,0,0,0,200,200
407720,0,30,1,2,0,2,2,2,0,1,0,0,200,2,200,200,200,200,200,200,200
407723,0,30,0,0,0,2,2,12,0,1,0,0,200,2,200,200,200,200,200,200,200
407725,0,30,0,0,2,3,7,6,0,1,0,0,0,2,200,200,200,200,200,200,200
407726,0,30,0,0,0,1,7,6,0,0,0,0,200,2,200,200,200,200,200,200,200
407729,0,30,1,2,200,200,7,3,0,200,0,0,0,2,200,200,200,200,200,200,200
407738,0,10,0,0,1,1,7,7,0,1,0,20,11,1,7,200,6,200,200,200,200
407751,0,30,1,2,1,1,0,5,0,0,0,6,6,1,200,200,5,200,200,200,200
407751,0,30,1,2,1,1,0,5,0,0,0,6,6,0,6,0,0,0,0,200,200
407752,0,35,0,0,200,200,7,5,0,200,200,0,0,2,200,200,200,200,200,200,200
407753,0,30,2,0,1,1,2,5,0,1,0,34,200,0,5,200,8,0,200,200,200
407754,0,39,1,2,0,3,14,5,0,0,0,23,200,1,6,0,7,0,0,200,200
407754,0,39,1,2,0,3,14,5,0,0,0,23,200,0,6,0,0,0,0,200,200
407759,0,40,0,0,1,1,12,3,0,1,0,17,11,0,200,200,4,200,200,200,200
407759,0,40,0,0,1,1,12,3,0,1,0,17,11,1,6,200,0,0,0,200,200
407761,0,20,0,0,0,1,7,6,0,1,0,11,200,1,5,0,12,0,0,200,200
407770,0,30,0,0,0,1,10,5,0,0,0,20,200,0,7,200,6,200,200,200,200
407770,0,30,0,0,0,1,10,5,0,0,0,20,200,0,6,0,0,0,200,200,200
407771,0,30,0,0,0,1,7,5,0,1,0,14,16,0,200,200,8,200,200,200,200
407785,0,30,0,0,1,1,12,5,0,0,0,0,0,0,8,0,200,0,0,200,200
407785,0,30,0,0,1,1,12,5,0,0,0,0,0,0,7,0,200,0,0,200,200
407790,0,35,0,0,0,1,12,2,0,0,0,21,21,0,5,0,4,0,0,200,200
407790,0,35,0,0,0,1,12,2,0,0,0,21,21,0,5,0,4,0,0,200,200
407794,0,30,0,0,0,200,7,5,0,1,0,0,0,2,200,200,200,200,200,200,200
407803,0,30,0,0,0,3,7,5,0,0,0,0,0,2,200,200,200,200,200,200,200
407804,0,0,200,200,1,1,2,0,0,0,200,0,0,0,200,0,200,0,0,200,200
407804,1,0,200,200,1,1,2,0,0,0,200,0,0,0,200,0,200,200,200,200,200
407807,0,35,1,2,1,1,14,2,0,1,0,23,200,0,5,0,7,1,0,200,200
407807,0,35,1,2,1,1,14,2,0,1,0,23,200,0,5,0,0,0,0,200,200
407819,0,30,0,0,200,200,7,5,0,200,0,0,0,2,200,200,200,200,200,200,200
407826,0,30,0,0,200,200,7,6,0,200,0,0,0,2,200,200,200,200,200,200,200
407831,0,25,0,0,200,200,7,5,0,200,0,25,200,2,200,200,200,200,200,200,200
407846,0,30,1,2,0,1,10,5,0,0,0,0,0,0,200,200,200,200,200,200,200
407846,0,30,1,2,0,1,10,5,0,0,0,0,0,1,8,0,0,0,0,200,200
407849,4,20,0,0,0,1,8,6,0,0,1,0,0,0,7,7,200,0,0,200,200
407849,0,20,0,0,0,1,8,6,0,0,1,0,0,1,6,0,0,0,0,200,200
407849,1,20,0,0,0,1,8,6,0,0,1,0,0,0,6,0,200,200,200,200,200
407853,0,30,12,2,1,1,12,5,0,0,200,22,28,0,200,200,4,200,200,200,200
407853,0,30,12,2,1,1,12,5,0,0,200,22,28,0,7,0,0,0,0,200,200
407859,0,20,2,2,0,1,9,8,2,0,0,5,17,0,7,0,5,0,0,200,200
407859,5,20,2,2,0,1,9,8,2,0,0,5,17,1,6,7,0,0,7,200,200
407861,0,30,0,0,2,3,7,2,0,1,0,0,0,2,200,200,200,200,200,200,200
407868,0,30,0,0,0,1,0,4,0,0,0,0,20,1,6,0,200,200,0,200,200
407868,0,30,0,0,0,1,0,4,0,0,0,0,20,1,8,0,200,200,0,200,200
407869,0,15,0,0,1,1,0,0,0,0,0,17,0,0,200,200,0,200,200,200,200
407869,0,15,0,0,1,1,0,0,0,0,0,17,0,0,8,0,1,0,0,200,200
407872,0,30,0,0,1,1,10,3,0,0,0,0,0,0,6,0,200,0,0,200,200
407872,0,30,0,0,1,1,10,3,0,0,0,0,0,1,5,0,0,0,0,200,200
407873,0,30,0,0,0,3,7,5,0,0,0,0,0,2,200,200,200,200,200,200,200
407874,0,30,2,2,0,1,0,5,0,0,0,17,200,1,6,0,1,0,0,200,200
407874,0,30,2,2,0,1,0,5,0,0,0,17,200,1,6,0,0,0,0,200,200
407874,1,30,2,2,0,1,0,5,0,0,0,17,200,0,6,0,200,200,200,200,200
407874,1,30,2,2,0,1,0,5,0,0,0,17,200,0,2,0,200,200,200,200,200
407874,1,30,2,2,0,1,0,5,0,0,0,17,200,0,3,0,200,200,200,200,200
407885,0,35,1,2,1,4,10,5,0,200,200,20,200,1,200,200,6,200,200,200,200
407885,0,35,1,2,1,4,10,5,0,200,200,20,200,1,6,200,0,0,0,200,200
407902,0,30,0,2,0,1,10,5,0,0,0,11,11,0,5,0,3,0,0,200,200
407902,0,30,0,2,0,1,10,5,0,0,0,11,11,1,6,0,0,0,0,200,200
407902,0,30,0,2,0,1,10,5,0,0,0,11,11,0,6,0,0,0,0,200,200
407902,1,30,0,2,0,1,10,5,0,0,0,11,11,0,6,0,200,200,200,200,200
407908,0,30,1,200,0,1,10,5,0,0,0,11,200,1,200,200,1,200,200,200,200
407908,0,30,1,200,0,1,10,5,0,0,0,11,200,1,7,0,0,0,0,200,200
407914,0,40,0,0,200,1,12,8,0,200,200,0,200,1,200,200,200,200,200,200,200
407914,0,40,0,0,200,1,12,8,0,200,200,0,200,1,7,200,200,200,0,200,200
407915,0,20,1,2,1,1,10,6,0,0,0,0,0,1,9,0,0,0,0,200,200
407915,0,20,1,2,1,1,10,6,0,0,0,0,0,0,6,0,0,0,0,200,200
407921,0,30,0,0,0,1,0,2,0,1,0,17,0,0,6,0,6,0,0,200,200
407921,0,30,0,0,0,1,0,2,0,1,0,17,0,0,6,0,0,0,0,200,200
407921,1,30,0,0,0,1,0,2,0,1,0,17,0,0,200,0,200,200,200,200,200
407922,0,30,1,2,1,3,14,12,0,200,0,17,22,0,7,200,1,200,200,200,200
407922,0,30,1,2,1,3,14,12,0,200,0,17,22,0,0,200,0,200,200,200,200
407925,0,30,0,0,200,200,7,5,0,200,0,0,0,2,200,200,200,200,200,200,200
407929,0,20,0,0,0,1,10,2,0,1,0,18,18,0,4,0,1,0,0,200,200
407929,0,20,0,0,0,1,10,2,0,1,0,18,18,0,4,0,0,0,0,200,200
407932,0,30,0,0,0,1,7,6,0,0,0,20,11,1,8,200,6,200,0,200,200
407941,0,30,0,0,0,1,7,7,0,0,0,20,11,1,8,0,6,200,0,200,200
407942,0,30,0,0,1,1,10,5,0,0,0,200,200,2,200,200,200,200,200,200,200
407942,0,30,0,0,1,1,10,5,0,0,0,200,200,1,6,200,0,200,0,200,200
407945,0,5,0,0,0,1,2,7,0,0,200,11,0,0,200,200,7,200,200,200,200
407947,0,15,0,0,0,1,11,7,0,0,0,0,0,1,200,200,6,200,200,200,200
407947,0,15,0,0,0,1,11,7,0,0,0,0,0,1,6,0,0,0,0,200,200
407947,1,15,0,0,0,1,11,7,0,0,0,0,0,1,3,0,200,200,200,200,200
407949,0,30,0,0,0,1,12,6,0,0,0,17,22,1,5,7,2,0,0,200,200
407949,0,30,0,0,0,1,12,6,0,0,0,17,22,1,7,200,0,0,0,200,200
407950,0,30,0,0,0,1,7,3,0,0,0,0,0,1,200,200,10,200,200,200,200
407955,0,30,0,0,0,1,7,6,0,0,0,0,0,2,200,200,200,200,200,200,200
407956,0,30,0,0,0,1,7,5,0,0,0,200,200,2,200,200,200,200,200,200,200
407959,0,35,1,2,0,1,10,5,0,0,0,7,200,1,5,0,12,0,0,200,200
407959,0,35,1,2,0,1,10,5,0,0,0,7,200,0,8,0,12,0,0,200,200
407960,0,30,0,0,0,1,12,5,0,0,0,22,25,1,6,0,200,200,200,200,200
407960,0,30,0,0,0,1,12,5,0,0,0,22,25,1,6,0,200,200,200,200,200
407960,1,30,0,0,0,1,12,5,0,0,0,22,25,1,5,0,200,200,200,200,200
407962,0,30,0,0,0,1,7,6,0,0,0,0,11,2,200,200,200,200,200,200,200
407963,0,30,0,0,1,1,14,2,0,0,0,18,200,0,200,200,1,0,0,200,200
407963,0,30,0,0,1,1,14,2,0,0,0,18,200,1,4,0,0,0,0,200,200
407963,1,30,0,0,1,1,14,2,0,0,0,18,200,1,7,7,200,200,200,200,200
407965,0,30,2,2,1,1,10,2,0,200,200,0,0,2,200,200,6,200,200,200,200
407965,0,30,2,2,1,1,10,2,0,200,200,0,0,1,6,200,0,200,0,200,200