RD_NO,PERSON_TYPE,POSTED_SPEED_LIMIT,TRAFFIC_CONTROL_DEVICE,DEVICE_CONDITION,WEATHER_CONDITION,LIGHTING_CONDITION,FIRST_CRASH_TYPE,TRAFFICWAY_TYPE,ALIGNMENT,ROADWAY_SURFACE_COND,ROAD_DEFECT,PRIM_CONTRIBUTORY_CAUSE,SEC_CONTRIBUTORY_CAUSE,SEX,AGE,SAFETY_EQUIPMENT,DRIVER_ACTION,DRIVER_VISION,PHYSICAL_CONDITION,BAC_RESULT VALUE,CELL_PHONE_USE
407975,0,30,1,2,2,3,10,5,0,1,0,18,34,1,200,0,3,0,0,200,200
407975,0,30,1,2,2,3,10,5,0,1,0,18,34,1,200,0,0,0,0,200,200
407975,1,30,1,2,2,3,10,5,0,1,0,18,34,2,200,0,200,200,200,200,200
407975,1,30,1,2,2,3,10,5,0,1,0,18,34,0,200,0,200,200,200,200,200
407976,0,30,2,2,12,1,3,5,0,1,0,0,200,0,6,200,12,0,0,200,200
407976,0,30,2,2,12,1,3,5,0,1,0,0,200,1,6,200,0,0,0,200,200
407978,0,30,0,0,0,1,14,5,0,0,0,17,0,0,8,0,1,5,0,200,200
407978,0,30,0,0,0,1,14,5,0,0,0,17,0,0,6,0,0,0,0,200,200
407978,1,30,0,0,0,1,14,5,0,0,0,17,0,0,4,0,200,200,200,200,200
407981,0,30,0,0,200,200,7,5,0,200,0,23,11,2,200,200,7,200,200,200,200
407982,0,30,0,0,0,1,10,5,0,0,0,7,0,1,8,0,12,12,0,200,200
407982,0,30,0,0,0,1,10,5,0,0,0,7,0,0,7,0,0,0,0,200,200
407984,0,30,0,0,2,3,7,6,0,1,0,20,0,2,200,200,200,200,200,200,200
407985,0,30,2,0,0,1,10,6,0,0,0,18,18,0,7,0,3,0,0,200,200
407985,0,30,2,0,0,1,10,6,0,0,0,18,18,0,200,200,0,200,0,200,200
407985,1,30,2,0,0,1,10,6,0,0,0,18,18,0,5,0,200,200,200,200,200
407986,0,30,0,0,0,1,7,5,0,1,0,0,0,2,200,200,200,200,200,200,200
408004,0,25,1,2,1,1,0,5,2,0,0,6,200,1,5,0,5,0,0,200,200
408004,0,25,1,2,1,1,0,5,2,0,0,6,200,0,6,0,0,0,0,200,200
408004,1,25,1,2,1,1,0,5,2,0,0,6,200,0,5,0,200,200,200,200,200
408004,1,25,1,2,1,1,0,5,2,0,0,6,200,1,5,0,200,200,200,200,200
408004,1,25,1,2,1,1,0,5,2,0,0,6,200,0,5,0,200,200,200,200,200
408004,1,25,1,2,1,1,0,5,2,0,0,6,200,1,5,0,200,200,200,200,200
408004,1,25,1,2,1,1,0,5,2,0,0,6,200,0,7,0,200,200,200,200,200
408004,1,25,1,2,1,1,0,5,2,0,0,6,200,1,7,0,200,200,200,200,200
408006,0,15,0,0,0,1,7,7,0,0,0,0,0,1,7,200,10,0,0,200,200
408009,0,25,0,0,0,200,2,6,0,200,0,0,0,2,200,200,200,200,200,200,200
408011,0,15,0,0,0,1,0,7,0,0,0,17,17,1,6,0,1,0,0,200,200
408011,0,15,0,0,0,1,0,7,0,0,0,17,17,0,5,0,0,0,0,200,200
408011,1,15,0,0,0,1,0,7,0,0,0,17,17,0,200,0,200,200,200,200,200
408014,0,30,0,0,0,1,7,5,0,0,0,20,200,0,6,0,6,0,0,200,200
408028,0,35,2,0,0,1,0,5,0,0,0,5,5,1,8,200,1,0,0,200,200
408028,0,35,2,0,0,1,0,5,0,0,0,5,5,0,5,200,0,0,0,200,200
408030,0,15,0,0,0,1,7,7,0,0,0,20,0,0,6,0,4,0,0,200,200
408031,0,30,0,0,0,1,12,12,0,0,0,0,0,1,200,200,12,200,200,200,200
408031,1,30,0,0,0,1,12,12,0,0,0,0,0,1,9,0,200,200,200,200,200
408035,0,30,2,2,0,1,7,5,0,0,0,0,0,1,6,0,200,0,0,200,200
408038,0,30,1,2,0,1,14,5,0,0,0,17,0,1,6,0,12,0,0,200,200
408038,0,30,1,2,0,1,14,5,0,0,0,17,0,1,5,0,1,0,0,200,200
408038,1,30,1,2,0,1,14,5,0,0,0,17,0,1,2,0,200,200,200,200,200
408038,1,30,1,2,0,1,14,5,0,0,0,17,0,1,3,0,200,200,200,200,200
408048,0,35,1,2,1,1,10,5,0,0,0,18,200,0,7,0,0,0,0,200,200
408048,0,35,1,2,1,1,10,5,0,0,0,18,200,1,200,200,3,200,200,200,200
408048,1,35,1,2,1,1,10,5,0,0,0,18,200,1,7,0,200,200,200,200,200
408051,0,25,1,2,1,1,10,5,0,0,0,0,0,1,6,0,0,0,0,200,200
408051,0,25,1,2,1,1,10,5,0,0,0,0,0,1,5,0,0,0,0,200,200
408053,0,30,1,0,0,1,12,2,0,0,0,14,22,0,200,200,2,200,200,200,200
408053,0,30,1,0,0,1,12,2,0,0,0,14,22,1,7,0,0,0,0,200,200
408053,0,30,1,0,0,1,12,2,0,0,0,14,22,0,8,0,0,0,0,200,200
408062,0,30,0,0,200,200,7,5,0,200,200,0,0,2,200,200,200,200,200,200,200
408069,0,30,1,2,0,1,10,5,0,0,0,18,200,1,5,0,3,12,0,200,1
408069,0,30,1,2,0,1,10,5,0,0,0,18,200,1,8,0,0,0,0,200,200
408069,0,30,1,2,0,1,10,5,0,0,0,18,200,0,6,0,0,0,0,200,200
408074,0,30,1,2,0,1,0,5,0,200,200,17,0,0,6,0,1,200,0,200,200
408074,0,30,1,2,0,1,0,5,0,200,200,17,0,0,8,200,5,200,200,200,200
408075,0,25,0,0,0,1,7,5,0,0,0,25,11,0,4,200,13,200,200,200,200
408075,1,25,0,0,0,1,7,5,0,0,0,25,11,1,4,200,200,200,200,200,200
408081,0,30,0,0,0,1,8,5,0,0,0,0,17,0,7,0,12,0,0,200,200
408081,4,30,0,0,0,1,8,5,0,0,0,0,17,0,6,200,0,0,0,200,200
408084,0,30,1,2,1,1,12,5,0,0,0,21,200,1,200,200,4,200,200,200,200
408084,0,30,1,2,1,1,12,5,0,0,0,21,200,1,5,0,0,0,0,200,200
408089,0,30,0,0,0,1,7,5,0,0,0,8,11,1,200,200,6,200,200,200,200
408089,1,30,0,0,0,1,7,5,0,0,0,8,11,0,200,200,200,200,200,200,200
408091,0,10,0,0,0,1,10,7,0,0,0,0,0,1,6,200,200,200,0,200,200
408091,0,10,0,0,0,1,10,7,0,0,0,0,0,1,6,0,200,0,0,200,200
408091,1,10,0,0,0,1,10,7,0,0,0,0,0,0,4,0,200,200,200,200,200
408091,1,10,0,0,0,1,10,7,0,0,0,0,0,0,4,0,200,200,200,200,200
408091,1,10,0,0,0,1,10,7,0,0,0,0,0,200,4,0,200,200,200,200,200
408091,1,10,0,0,0,1,10,7,0,0,0,0,0,2,200,200,200,200,200,200,200
408096,0,15,0,0,0,1,0,7,0,0,0,0,0,0,6,200,12,200,200,200,200
408096,0,15,0,0,0,1,0,7,0,0,0,0,0,1,7,0,0,5,0,200,200
408096,1,15,0,0,0,1,0,7,0,0,0,0,0,0,5,0,200,200,200,200,200
408097,0,30,2,2,0,1,14,5,0,0,0,23,27,1,8,0,7,0,0,200,200
408097,0,30,2,2,0,1,14,5,0,0,0,23,27,1,6,0,0,0,0,200,200
408097,1,30,2,2,0,1,14,5,0,0,0,23,27,1,8,0,200,200,200,200,200
408097,1,30,2,2,0,1,14,5,0,0,0,23,27,1,2,0,200,200,200,200,200
408097,1,30,2,2,0,1,14,5,0,0,0,23,27,1,2,0,200,200,200,200,200
408101,0,30,1,2,0,1,10,2,0,0,0,0,0,1,5,200,3,200,200,200,200
408101,0,30,1,2,0,1,10,2,0,0,0,0,0,0,200,0,12,0,0,200,200
408105,0,30,0,0,0,1,2,5,0,0,0,0,200,0,6,200,200,200,12,200,200
408107,0,30,0,0,200,3,7,6,0,200,200,0,200,2,200,200,200,200,200,200,200
408111,4,30,200,200,0,1,8,6,0,0,0,0,200,0,200,200,3,200,200,200,200
408114,0,30,2,2,0,1,14,5,0,200,200,17,22,0,6,0,1,200,0,200,200
408114,0,30,2,2,0,1,14,5,0,200,200,17,22,1,5,0,12,200,0,200,200
408124,0,30,0,0,0,1,12,5,0,0,0,22,25,0,200,200,9,200,200,200,200
408124,0,30,0,0,0,1,12,5,0,0,0,22,25,0,7,0,0,0,0,200,200
408124,1,30,0,0,0,1,12,5,0,0,0,22,25,0,200,200,200,200,200,200,200
408124,1,30,0,0,0,1,12,5,0,0,0,22,25,0,200,200,200,200,200,200,200
408127,0,30,0,0,0,1,7,6,0,0,0,0,200,1,200,200,1,200,200,200,200
408131,0,20,1,2,0,1,14,5,0,0,0,0,17,0,200,200,1,200,200,200,200
408131,0,20,1,2,0,1,14,5,0,0,0,0,17,0,5,0,0,1,0,200,200
408133,0,30,3,2,0,1,9,2,0,0,0,17,16,0,6,0,1,0,0,200,200
408133,5,30,3,2,0,1,9,2,0,0,0,17,16,1,7,7,0,0,0,200,200
408139,0,30,1,2,0,1,10,2,0,0,0,16,200,0,6,0,3,0,0,200,200
408139,0,30,1,2,0,1,10,2,0,0,0,16,200,0,200,200,0,200,200,200,200
408142,0,30,1,2,0,1,14,8,0,0,0,23,200,0,5,0,12,0,0,200,200
408142,0,30,1,2,0,1,14,8,0,0,0,23,200,1,6,0,0,0,0,200,200
408155,0,30,0,0,0,1,2,5,0,0,0,200,200,0,7,0,0,0,0,200,200
408160,0,35,0,0,0,1,10,5,0,0,0,21,18,0,200,200,4,200,200,200,200
408160,0,35,0,0,0,1,10,5,0,0,0,21,18,0,7,0,0,0,0,200,200
408160,1,35,0,0,0,1,10,5,0,0,0,21,18,0,200,200,200,200,200,200,200
408163,0,30,0,0,0,0,7,6,0,0,0,0,0,2,200,200,200,200,200,200,200
408168,0,25,0,0,0,1,10,6,0,0,0,20,20,0,6,0,0,0,0,200,200
408168,0,25,0,0,0,1,10,6,0,0,0,20,20,0,6,0,0,0,0,200,200
408173,0,30,0,0,0,1,10,2,0,0,0,18,200,0,200,200,3,200,200,200,200
408173,0,30,0,0,0,1,10,2,0,0,0,18,200,1,7,7,0,0,0,200,200
408174,0,30,0,0,0,1,7,6,3,0,0,200,200,2,200,200,200,200,200,200,200
408177,0,35,1,2,0,1,9,3,0,0,0,0,0,0,200,200,1,200,200,200,200
408177,5,35,1,2,0,1,9,3,0,0,0,0,0,0,8,7,0,200,0,200,200
408179,0,40,3,2,0,1,12,3,5,0,0,11,11,0,7,0,4,12,0,200,200
408179,0,40,3,2,0,1,12,3,5,0,0,11,11,1,6,0,0,0,0,200,200
408179,1,40,3,2,0,1,12,3,5,0,0,11,11,1,200,0,200,200,200,200,200
408181,0,30,2,2,0,1,0,12,0,0,0,17,0,1,7,0,1,0,0,200,200
408181,0,30,2,2,0,1,0,12,0,0,0,17,0,0,5,0,200,0,0,200,200
408182,0,35,1,2,0,1,10,5,0,0,0,18,18,0,6,200,3,200,0,200,200
408182,0,35,1,2,0,1,10,5,0,0,0,18,18,1,7,0,0,0,0,200,200
408185,0,30,0,0,0,1,7,6,0,0,0,0,0,2,200,200,6,200,200,200,200
408187,0,30,1,2,0,1,12,5,0,0,0,22,200,1,6,0,4,0,0,200,200
408187,0,30,1,2,0,1,12,5,0,0,0,22,200,1,5,0,12,0,0,200,200
408187,1,30,1,2,0,1,12,5,0,0,0,22,200,1,7,7,200,200,200,200,200
408187,1,30,1,2,0,1,12,5,0,0,0,22,200,1,3,0,200,200,200,200,200
408187,1,30,1,2,0,1,12,5,0,0,0,22,200,0,3,0,200,200,200,200,200
408187,1,30,1,2,0,1,12,5,0,0,0,22,200,1,200,0,200,200,200,200,200
408187,1,30,1,2,0,1,12,5,0,0,0,22,200,1,200,0,200,200,200,200,200
408193,0,20,0,200,0,1,7,5,0,0,0,0,200,1,200,0,4,0,0,200,200
408194,0,35,0,0,0,1,0,2,0,0,0,17,0,1,6,0,0,0,0,200,200
408194,0,35,0,0,0,1,0,2,0,0,0,17,0,1,6,0,1,0,0,200,200
408194,1,35,0,0,0,1,0,2,0,0,0,17,0,1,6,0,200,200,200,200,200
408201,0,30,2,2,0,1,9,5,0,200,200,17,22,0,200,200,7,200,200,200,200
408201,5,30,2,2,0,1,9,5,0,200,200,17,22,1,6,200,12,200,0,200,200
408207,0,30,1,2,0,1,14,2,0,0,0,23,3,0,6,0,7,0,0,200,200
408207,0,30,1,2,0,1,14,2,0,0,0,23,3,0,6,0,0,0,0,200,200
408210,0,30,0,0,2,1,3,2,0,1,0,34,200,0,4,0,8,0,0,200,200
408210,0,30,0,0,2,1,3,2,0,1,0,34,200,0,6,0,8,0,0,200,200
408215,0,45,0,0,0,1,10,3,0,0,0,11,16,1,6,200,12,0,0,200,200
408215,0,45,0,0,0,1,10,3,0,0,0,11,16,0,7,200,3,0,0,200,200
408215,1,45,0,0,0,1,10,3,0,0,0,11,16,0,2,0,200,200,200,200,200
408215,1,45,0,0,0,1,10,3,0,0,0,11,16,1,0,5,200,200,200,200,200
408216,0,25,0,0,0,1,14,5,0,0,0,17,11,1,5,0,1,0,0,200,200
408216,0,25,0,0,0,1,14,5,0,0,0,17,11,0,7,0,12,0,0,200,200
408218,0,30,0,0,200,200,7,6,0,200,0,0,200,2,200,200,200,200,200,200,200
408219,0,30,2,2,0,1,10,5,0,200,200,18,0,0,6,0,3,200,0,200,200
408219,0,30,2,2,0,1,10,5,0,200,200,18,0,0,5,0,0,0,0,200,200
408221,0,10,0,0,0,1,11,7,0,200,200,20,20,0,7,200,6,200,200,200,200
408221,0,10,0,0,0,1,11,7,0,200,200,20,20,0,6,0,6,200,0,200,200
408221,1,10,0,0,0,1,11,7,0,200,200,20,20,0,200,200,200,200,200,200,200
408221,1,10,0,0,0,1,11,7,0,200,200,20,20,1,6,0,200,200,200,200,200
408223,0,30,0,0,0,1,11,7,0,0,200,0,0,1,200,200,200,200,200,200,200
408223,0,30,0,0,0,1,11,7,0,0,200,0,0,1,7,0,0,200,200,200,200
408225,0,30,0,0,0,1,12,5,0,0,0,18,200,2,200,200,200,200,200,200,200
408225,0,30,0,0,0,1,12,5,0,0,0,18,200,0,5,0,0,0,0,200,200
408226,0,30,1,2,0,1,0,2,0,0,0,0,200,1,6,0,200,200,0,200,200
408226,0,30,1,2,0,1,0,2,0,0,0,0,200,1,6,0,0,0,0,200,200
408232,0,30,1,2,0,1,12,5,0,0,0,0,200,1,7,200,200,0,0,200,200
408232,0,30,1,2,0,1,12,5,0,0,0,0,200,0,4,200,200,0,0,200,200
408232,1,30,1,2,0,1,12,5,0,0,0,0,200,0,6,200,200,200,200,200,200
408232,1,30,1,2,0,1,12,5,0,0,0,0,200,0,5,200,200,200,200,200,200
408232,1,30,1,2,0,1,12,5,0,0,0,0,200,0,7,200,200,200,200,200,200
408234,0,30,0,0,1,1,11,6,0,0,0,20,0,0,5,0,6,0,0,200,200
408234,0,30,0,0,1,1,11,6,0,0,0,20,0,1,5,0,0,0,0,200,200
408234,1,30,0,0,1,1,11,6,0,0,0,20,0,0,200,0,200,200,200,200,200
408236,0,25,0,0,2,1,11,2,0,1,0,34,34,0,5,0,12,0,0,200,200
408236,0,25,0,0,2,1,11,2,0,1,0,34,34,0,7,0,0,0,0,200,200
408237,0,30,0,0,0,1,9,2,0,0,0,21,200,0,0,0,4,0,0,200,200
408237,5,30,0,0,0,1,9,2,0,0,0,21,200,0,8,7,0,0,7,200,200
408239,0,30,0,0,0,1,10,5,0,0,0,18,11,0,4,0,3,0,0,200,200
408239,0,30,0,0,0,1,10,5,0,0,0,18,11,0,6,0,12,0,0,200,200
408239,0,30,0,0,0,1,10,5,0,0,0,18,11,2,200,200,12,200,200,200,200
408242,0,30,1,2,0,1,10,5,0,0,0,16,200,0,7,200,3,200,200,200,200
408242,0,30,1,2,0,1,10,5,0,0,0,16,200,1,7,200,0,0,0,200,200
408243,0,30,0,0,0,1,9,5,0,0,0,200,200,1,200,200,200,200,200,200,200
408243,5,30,0,0,0,1,9,5,0,0,0,200,200,1,2,7,1,0,0,200,200
408244,0,30,0,0,200,200,7,2,0,200,0,0,0,2,200,200,200,200,200,200,200
408253,0,35,0,0,0,1,14,3,0,0,0,18,16,2,200,200,3,200,200,200,200
408253,0,35,0,0,0,1,14,3,0,0,0,18,16,0,7,0,0,0,0,200,200
408254,0,30,0,0,0,1,7,6,0,0,0,200,200,0,200,200,200,200,200,200,200
408255,0,40,0,0,0,1,12,3,5,0,0,0,0,0,5,0,4,0,0,200,200
408255,0,40,0,0,0,1,12,3,5,0,0,0,0,1,7,0,0,0,0,200,200
408255,1,40,0,0,0,1,12,3,5,0,0,0,0,1,5,0,200,200,200,200,200
408256,0,25,0,0,0,1,12,5,0,0,0,11,0,1,6,200,1,0,0,200,200
408256,0,25,0,0,0,1,12,5,0,0,0,11,0,1,6,200,0,0,0,200,200
408259,0,30,2,0,0,1,7,6,0,0,0,22,22,1,7,200,2,200,200,200,200
408264,0,30,1,2,0,1,0,12,0,0,0,3,200,0,7,200,200,0,0,200,200
408264,0,30,1,2,0,1,0,12,0,0,0,3,200,1,6,200,200,0,0,200,200
408272,0,30,0,0,0,1,10,5,0,0,0,18,11,0,7,0,3,0,0,200,200
408272,0,30,0,0,0,1,10,5,0,0,0,18,11,1,200,0,12,0,0,200,200
408274,0,30,2,2,0,1,10,5,0,0,0,18,200,0,200,200,3,0,0,200,200
408274,0,30,2,2,0,1,10,5,0,0,0,18,200,0,200,0,0,0,0,200,200
408275,0,30,2,2,0,1,14,5,0,0,0,17,4,1,4,7,1,0,0,200,200
408275,0,30,2,2,0,1,14,5,0,0,0,17,4,1,5,7,0,0,0,200,200
408276,0,30,1,2,1,1,10,2,0,0,0,16,0,0,200,200,200,200,200,200,200
408276,0,30,1,2,1,1,10,2,0,0,0,16,0,0,5,0,0,0,0,200,200
408276,1,30,1,2,1,1,10,2,0,0,0,16,0,1,6,0,200,200,200,200,200
408278,0,30,1,2,0,1,14,2,0,0,0,23,200,0,7,7,7,0,0,200,200
408278,0,30,1,2,0,1,14,2,0,0,0,23,200,0,5,0,0,0,0,200,200
408278,1,30,1,2,0,1,14,2,0,0,0,23,200,0,200,0,200,200,200,200,200
408278,1,30,1,2,0,1,14,2,0,0,0,23,200,0,5,0,200,200,200,200,200
408287,0,10,0,0,0,1,7,7,3,0,0,23,11,0,5,0,7,0,0,200,200
408291,0,30,2,2,0,1,14,12,0,0,0,0,0,1,9,0,12,0,200,200,200
408291,0,30,2,2,0,1,14,12,0,0,0,0,0,0,5,0,12,0,0,200,200
408291,1,30,2,2,0,1,14,12,0,0,0,0,0,1,4,0,200,200,200,200,200
408297,0,30,0,0,0,1,0,5,0,0,0,20,0,1,200,200,6,200,200,200,200
408297,0,30,0,0,0,1,0,5,0,0,0,20,0,0,6,0,0,0,0,200,200
408299,0,30,200,200,200,200,7,200,0,200,200,0,200,0,200,0,200,200,200,200,200
408302,0,30,0,0,0,1,5,6,0,0,12,0,200,1,200,200,0,200,0,200,200
408303,0,30,1,2,1,1,10,5,0,0,0,18,16,1,200,0,3,0,0,200,200
408303,0,30,1,2,1,1,10,5,0,0,0,18,16,1,200,0,0,0,0,200,200
408303,1,30,1,2,1,1,10,5,0,0,0,18,16,0,200,0,200,200,200,200,200
408304,0,45,0,0,0,1,12,3,0,0,0,21,16,1,5,0,4,0,0,200,200
408304,0,45,0,0,0,1,12,3,0,0,0,21,16,0,4,0,0,0,0,200,200
408309,0,30,0,0,0,1,12,5,0,0,0,0,0,0,9,200,1,0,0,200,200
408309,0,30,0,0,0,1,12,5,0,0,0,0,0,0,6,200,0,0,0,200,200
408313,0,35,0,0,0,1,7,7,0,0,0,200,200,0,6,200,200,200,200,200,200
408317,0,30,0,0,0,1,10,5,0,0,0,18,16,1,200,200,3,200,200,200,200
408317,0,30,0,0,0,1,10,5,0,0,0,18,16,1,6,0,0,0,0,200,200
408317,1,30,0,0,0,1,10,5,0,0,0,18,16,1,200,0,200,200,200,200,200
408320,0,30,0,0,0,1,12,5,0,0,0,17,200,1,5,200,1,200,200,200,200
408320,0,30,0,0,0,1,12,5,0,0,0,17,200,1,6,0,0,0,200,200,200
408322,0,30,0,0,0,1,10,5,0,0,0,18,0,0,200,200,3,200,200,200,200
408322,0,30,0,0,0,1,10,5,0,0,0,18,0,1,5,0,12,0,0,200,200
408328,0,30,2,2,0,1,0,5,0,0,0,17,200,1,7,200,1,0,0,200,200
408328,0,30,2,2,0,1,0,5,0,0,0,17,200,0,5,200,0,0,0,200,200
408328,1,30,2,2,0,1,0,5,0,0,0,17,200,1,5,200,200,200,200,200,200
408329,0,30,0,0,0,1,14,6,0,0,0,23,200,1,7,0,7,0,0,200,200
408329,0,30,0,0,0,1,14,6,0,0,0,23,200,0,6,0,0,0,0,200,200
408329,1,30,0,0,0,1,14,6,0,0,0,23,200,200,200,200,200,200,200,200,200
408329,1,30,0,0,0,1,14,6,0,0,0,23,200,200,200,200,200,200,200,200,200
408334,0,30,0,0,1,1,10,5,0,0,0,18,16,0,200,0,3,0,0,200,200
408334,0,30,0,0,1,1,10,5,0,0,0,18,16,1,200,0,0,0,0,200,200
408335,0,30,2,0,0,1,0,6,0,0,0,5,200,1,7,0,1,0,0,200,200
408335,0,30,2,0,0,1,0,6,0,0,0,5,200,0,5,0,0,0,0,200,200
408336,0,30,0,0,0,1,11,5,0,0,0,18,200,0,6,0,3,0,0,200,200
408336,0,30,0,0,0,1,11,5,0,0,0,18,200,0,7,0,3,0,0,200,200
408337,0,30,0,0,0,1,10,5,0,0,0,18,16,1,6,200,3,0,0,200,200
408337,0,30,0,0,0,1,10,5,0,0,0,18,16,1,200,200,200,200,200,200,200
408339,0,0,0,0,0,1,7,7,0,0,0,0,200,0,6,0,12,12,0,200,200
408343,0,30,2,2,0,1,0,2,0,0,0,17,200,1,6,0,1,0,0,200,200
408343,0,30,2,2,0,1,0,2,0,0,0,17,200,1,6,0,0,0,0,200,200
408344,0,30,0,0,0,1,10,5,0,0,0,18,11,0,6,0,3,0,0,200,200
408344,0,30,0,0,0,1,10,5,0,0,0,18,11,0,7,0,12,0,0,200,200
408344,1,30,0,0,0,1,10,5,0,0,0,18,11,1,5,0,200,200,200,200,200
408344,1,30,0,0,0,1,10,5,0,0,0,18,11,1,3,0,200,200,200,200,200
408347,0,15,0,0,0,1,8,0,0,0,0,14,17,1,200,200,1,200,200,200,200
408347,4,15,0,0,0,1,8,0,0,0,0,14,17,0,2,200,200,0,7,200,200
408349,0,40,0,0,0,1,10,3,1,0,0,0,0,1,5,0,200,0,0,200,200
408349,0,40,0,0,0,1,10,3,1,0,0,0,0,0,6,0,0,0,0,200,200
408349,1,40,0,0,0,1,10,3,1,0,0,0,0,1,6,0,200,200,200,200,200
408349,1,40,0,0,0,1,10,3,1,0,0,0,0,1,0,5,200,200,200,200,200
408349,1,40,0,0,0,1,10,3,1,0,0,0,0,0,1,5,200,200,200,200,200
408349,1,40,0,0,0,1,10,3,1,0,0,0,0,0,1,5,200,200,200,200,200
408349,1,40,0,0,0,1,10,3,1,0,0,0,0,1,3,0,200,200,200,200,200
408351,0,30,0,0,0,1,7,6,0,0,0,0,200,0,7,0,6,12,0,200,200
408351,1,30,0,0,0,1,7,6,0,0,0,0,200,1,200,200,200,200,200,200,200
408353,0,30,1,2,0,1,10,5,0,0,0,9,7,0,5,200,15,0,0,200,1
408353,0,30,1,2,0,1,10,5,0,0,0,9,7,1,6,200,0,0,0,200,200
408353,1,30,1,2,0,1,10,5,0,0,0,9,7,1,6,200,200,200,200,200,200
408353,1,30,1,2,0,1,10,5,0,0,0,9,7,0,2,0,200,200,200,200,200
408356,0,15,3,12,0,1,11,7,0,0,0,20,0,1,6,0,6,0,0,200,200
408356,0,15,3,12,0,1,11,7,0,0,0,20,0,0,6,0,12,0,0,200,200
408357,0,30,2,2,1,1,10,5,0,0,0,18,16,1,200,200,3,0,0,200,200
408357,0,30,2,2,1,1,10,5,0,0,0,18,16,1,200,0,0,0,0,200,200
408357,0,30,2,2,1,1,10,5,0,0,0,18,16,1,200,0,0,0,0,200,200
408357,1,30,2,2,1,1,10,5,0,0,0,18,16,1,200,0,200,200,200,200,200
408357,1,30,2,2,1,1,10,5,0,0,0,18,16,0,200,0,200,200,200,200,200
408357,1,30,2,2,1,1,10,5,0,0,0,18,16,0,200,5,200,200,200,200,200
408363,0,30,2,2,0,1,14,5,0,0,0,23,23,1,200,7,7,0,0,200,200
408363,0,30,2,2,0,1,14,5,0,0,0,23,23,1,6,7,0,0,0,200,200
408363,1,30,2,2,0,1,14,5,0,0,0,23,23,1,200,0,200,200,200,200,200
408379,0,25,0,0,200,200,7,5,0,200,0,20,0,0,200,200,6,200,200,200,200
408380,0,30,1,2,0,1,14,3,0,0,0,17,17,1,6,0,1,0,0,200,200
408380,0,30,1,2,0,1,14,3,0,0,0,17,17,0,6,0,0,0,0,200,200
408380,1,30,1,2,0,1,14,3,0,0,0,17,17,0,1,5,200,200,200,200,200
408381,0,30,2,2,0,1,10,6,0,0,0,18,0,0,4,200,3,0,0,200,200
408381,0,30,2,2,0,1,10,6,0,0,0,18,0,1,8,0,0,0,0,200,200
408383,0,30,0,0,0,1,12,5,0,0,0,21,17,1,200,200,4,200,200,200,200
408383,0,30,0,0,0,1,12,5,0,0,0,21,17,0,4,0,12,0,0,200,200
408384,0,30,200,200,0,1,3,5,0,0,0,8,11,1,7,0,12,0,0,200,200
408384,2,30,200,200,0,1,3,5,0,0,0,8,11,200,200,200,8,200,200,200,200
408384,0,30,200,200,0,1,3,5,0,0,0,8,11,2,200,200,0,200,200,200,200
408393,0,30,0,0,0,1,12,3,0,0,0,17,0,0,6,200,4,200,0,200,200
408393,0,30,0,0,0,1,12,3,0,0,0,17,0,0,8,200,0,200,0,200,200
408393,1,30,0,0,0,1,12,3,0,0,0,17,0,0,5,200,200,200,200,200,200
408393,1,30,0,0,0,1,12,3,0,0,0,17,0,1,5,200,200,200,200,200,200
408393,1,30,0,0,0,1,12,3,0,0,0,17,0,1,8,200,200,200,200,200,200
408400,0,25,0,0,0,1,11,6,0,0,0,10,16,0,200,200,9,200,200,200,200
408400,0,25,0,0,0,1,11,6,0,0,0,10,16,0,6,0,0,0,0,200,200
408402,0,30,0,0,0,0,7,5,0,0,0,0,200,2,200,200,200,200,200,200,200
408406,0,30,0,0,0,1,14,12,0,12,12,16,200,1,3,0,1,0,0,200,200
408406,0,30,0,0,0,1,14,12,0,12,12,16,200,1,5,0,0,0,0,200,200
408406,1,30,0,0,0,1,14,12,0,12,12,16,200,1,3,0,200,200,200,200,200
408406,1,30,0,0,0,1,14,12,0,12,12,16,200,0,0,5,200,200,200,200,200
408406,1,30,0,0,0,1,14,12,0,12,12,16,200,0,0,5,200,200,200,200,200
408406,1,30,0,0,0,1,14,12,0,12,12,16,200,0,0,5,200,200,200,200,200
408410,0,30,0,0,0,1,12,5,0,0,0,18,16,0,6,0,3,0,0,200,200
408410,0,30,0,0,0,1,12,5,0,0,0,18,16,0,6,0,0,0,0,200,200
408411,0,30,1,2,0,1,0,5,0,0,0,6,14,0,7,200,5,0,0,200,200
408411,0,30,1,2,0,1,0,5,0,0,0,6,14,1,200,200,0,0,0,200,200
408412,0,10,0,0,0,1,9,7,2,0,0,0,200,0,200,200,12,200,200,200,200
408412,5,10,0,0,0,1,9,7,2,0,0,0,200,1,8,7,0,0,0,200,200
408413,0,30,0,0,0,1,14,5,0,0,0,0,200,0,7,0,6,0,0,200,200
408413,0,30,0,0,0,1,14,5,0,0,0,0,200,0,6,0,0,0,0,200,200
408413,1,30,0,0,0,1,14,5,0,0,0,0,200,1,6,0,200,200,200,200,200
408413,1,30,0,0,0,1,14,5,0,0,0,0,200,1,7,0,200,200,200,200,200
408416,0,30,0,0,1,1,12,5,0,0,0,17,200,1,200,200,1,0,0,200,200
408416,0,30,0,0,1,1,12,5,0,0,0,17,200,0,200,0,0,0,0,200,200