RD_NO,PERSON_TYPE,POSTED_SPEED_LIMIT,TRAFFIC_CONTROL_DEVICE,DEVICE_CONDITION,WEATHER_CONDITION,LIGHTING_CONDITION,FIRST_CRASH_TYPE,TRAFFICWAY_TYPE,ALIGNMENT,ROADWAY_SURFACE_COND,ROAD_DEFECT,PRIM_CONTRIBUTORY_CAUSE,SEC_CONTRIBUTORY_CAUSE,SEX,AGE,SAFETY_EQUIPMENT,DRIVER_ACTION,DRIVER_VISION,PHYSICAL_CONDITION,BAC_RESULT VALUE,CELL_PHONE_USE
408428,0,30,0,0,0,1,14,2,0,0,0,23,17,0,5,0,7,0,0,200,200
408428,0,30,0,0,0,1,14,2,0,0,0,23,17,1,6,0,0,0,0,200,200
408428,1,30,0,0,0,1,14,2,0,0,0,23,17,1,8,0,200,200,200,200,200
408428,1,30,0,0,0,1,14,2,0,0,0,23,17,200,200,0,200,200,200,200,200
408431,0,20,2,2,0,1,8,5,0,0,0,5,17,1,7,7,5,0,0,200,200
408431,4,20,2,2,0,1,8,5,0,0,0,5,17,0,2,7,0,0,0,200,200
408434,0,30,0,0,200,200,7,6,0,200,200,0,0,2,200,200,200,200,200,200,200
408438,0,30,1,2,0,1,12,5,0,0,0,0,0,1,200,200,200,200,200,200,200
408438,0,30,1,2,0,1,12,5,0,0,0,0,0,0,0,200,200,0,0,200,200
408440,0,30,1,2,0,1,12,5,0,0,0,17,200,0,6,0,1,0,0,200,200
408440,0,30,1,2,0,1,12,5,0,0,0,17,200,1,7,0,0,0,0,200,200
408440,1,30,1,2,0,1,12,5,0,0,0,17,200,0,0,0,200,200,200,200,200
408447,0,30,1,2,0,1,10,2,0,0,0,7,0,1,6,0,12,0,0,200,200
408447,0,30,1,2,0,1,10,2,0,0,0,7,0,0,8,7,0,200,0,200,200
408449,0,30,0,0,0,1,7,5,0,0,0,0,200,2,200,200,200,200,200,200,200
408458,0,30,2,2,0,1,14,2,0,0,0,17,0,1,5,0,1,0,0,200,200
408458,0,30,2,2,0,1,14,2,0,0,0,17,0,0,8,0,0,0,0,200,200
408458,1,30,2,2,0,1,14,2,0,0,0,17,0,1,7,0,200,200,200,200,200
408460,0,30,0,0,0,1,10,3,0,0,0,16,200,0,7,0,12,0,0,200,200
408460,0,30,0,0,0,1,10,3,0,0,0,16,200,0,5,0,12,0,0,200,200
408460,0,30,0,0,0,1,10,3,0,0,0,16,200,0,7,0,12,0,0,200,200
408460,0,30,0,0,0,1,10,3,0,0,0,16,200,1,6,0,12,0,0,200,200
408460,1,30,0,0,0,1,10,3,0,0,0,16,200,1,5,0,200,200,200,200,200
408460,1,30,0,0,0,1,10,3,0,0,0,16,200,1,2,5,200,200,200,200,200
408460,1,30,0,0,0,1,10,3,0,0,0,16,200,1,2,5,200,200,200,200,200
408468,0,30,0,0,0,1,12,5,0,0,0,0,200,1,5,0,200,200,0,200,200
408468,0,30,0,0,0,1,12,5,0,0,0,0,200,1,6,0,200,200,0,200,200
408471,0,40,0,0,0,200,12,8,0,0,0,22,200,1,200,200,200,200,200,200,200
408471,0,40,0,0,0,200,12,8,0,0,0,22,200,1,5,0,0,0,0,200,200
408472,0,30,0,0,0,1,0,5,0,0,0,22,22,1,200,0,2,5,0,200,200
408472,0,30,0,0,0,1,0,5,0,0,0,22,22,1,6,0,0,0,0,200,200
408475,0,30,1,2,0,1,10,2,0,0,0,18,200,1,6,0,3,0,0,200,200
408475,0,30,1,2,0,1,10,2,0,0,0,18,200,1,6,0,0,0,0,200,200
408476,0,25,0,0,0,1,10,5,0,0,0,18,0,0,7,200,1,200,200,200,200
408476,0,25,0,0,0,1,10,5,0,0,0,18,0,1,6,0,0,0,0,200,200
408478,0,30,1,2,0,1,10,5,0,0,0,23,0,1,5,200,4,200,0,200,200
408478,0,30,1,2,0,1,10,5,0,0,0,23,0,1,7,200,0,200,0,200,200
408480,0,30,1,2,1,4,10,5,0,0,0,0,200,0,6,0,200,0,0,200,200
408480,0,30,1,2,1,4,10,5,0,0,0,0,200,1,5,200,0,200,200,200,200
408480,1,30,1,2,1,4,10,5,0,0,0,0,200,0,200,200,200,200,200,200,200
408482,0,30,0,0,0,1,7,6,0,0,0,0,200,1,6,0,200,0,0,200,200
408486,0,35,2,2,0,1,12,3,0,0,0,21,16,1,5,0,4,0,0,200,200
408486,0,35,2,2,0,1,12,3,0,0,0,21,16,0,5,0,0,0,0,200,200
408486,1,35,2,2,0,1,12,3,0,0,0,21,16,1,5,0,200,200,200,200,200
408491,0,30,1,2,0,1,12,2,0,0,0,0,0,0,5,0,4,0,0,200,200
408491,0,30,1,2,0,1,12,2,0,0,0,0,0,1,6,0,0,0,0,200,200
408491,1,30,1,2,0,1,12,2,0,0,0,0,0,0,200,0,200,200,200,200,200
408491,1,30,1,2,0,1,12,2,0,0,0,0,0,1,200,0,200,200,200,200,200
408491,1,30,1,2,0,1,12,2,0,0,0,0,0,0,200,0,200,200,200,200,200
408491,1,30,1,2,0,1,12,2,0,0,0,0,0,1,6,0,200,200,200,200,200
408493,0,30,0,0,0,1,7,5,0,0,200,0,0,2,200,200,200,200,200,200,200
408496,0,30,200,200,0,200,10,200,0,0,0,0,200,2,200,200,200,200,200,200,200
408496,0,30,200,200,0,200,10,200,0,0,0,0,200,2,200,200,200,200,200,200,200
408497,0,30,0,0,0,1,10,2,0,0,200,18,200,2,200,200,3,200,200,200,200
408497,0,30,0,0,0,1,10,2,0,0,200,18,200,0,6,200,200,200,200,200,200
408497,0,30,0,0,0,1,10,2,0,0,200,18,200,1,6,200,200,200,0,200,200
408497,0,30,0,0,0,1,10,2,0,0,200,18,200,0,7,200,200,200,200,200,200
408498,0,30,1,2,0,1,10,2,0,0,0,0,200,0,7,200,200,0,0,200,200
408498,0,30,1,2,0,1,10,2,0,0,0,0,200,0,6,200,200,0,0,200,200
408498,0,30,1,2,0,1,10,2,0,0,0,0,200,1,6,200,200,0,0,200,200
408498,0,30,1,2,0,1,10,2,0,0,0,0,200,1,7,200,200,0,0,200,200
408500,0,10,0,0,0,1,7,7,0,200,200,0,0,2,200,200,200,200,200,200,200
408503,0,35,0,0,0,1,7,5,0,0,0,0,0,0,200,200,200,200,200,200,200
408505,0,30,0,0,0,1,7,6,0,0,0,22,22,2,200,200,2,200,200,200,200
408510,0,30,0,0,0,1,10,6,0,0,0,11,0,0,6,200,3,0,0,200,200
408510,0,30,0,0,0,1,10,6,0,0,0,11,0,1,7,200,0,0,0,200,200
408510,0,30,0,0,0,1,10,6,0,0,0,11,0,2,200,200,12,200,200,200,200
408512,0,30,0,0,0,1,0,12,0,0,0,20,200,1,8,200,6,5,0,200,200
408512,0,30,0,0,0,1,0,12,0,0,0,20,200,0,6,200,0,0,0,200,200
408513,4,30,0,0,0,1,8,5,0,0,0,0,200,0,5,2,200,0,0,200,200
408513,0,30,0,0,0,1,8,5,0,0,0,0,200,0,6,0,0,0,0,200,200
408513,1,30,0,0,0,1,8,5,0,0,0,0,200,0,7,0,200,200,200,200,200
408522,0,30,0,0,0,1,14,2,0,0,200,23,21,0,6,200,7,200,0,200,200
408522,0,30,0,0,0,1,14,2,0,0,200,23,21,0,6,200,0,200,0,200,200
408523,0,20,0,0,0,1,0,6,0,0,0,25,25,0,200,200,1,200,200,200,200
408523,0,20,0,0,0,1,0,6,0,0,0,25,25,0,4,0,0,0,0,200,200
408527,0,30,0,0,0,1,7,6,0,0,0,0,0,2,200,200,200,200,200,200,200
408529,0,15,0,0,0,1,7,7,0,0,0,16,200,0,200,0,12,0,0,200,200
408529,1,15,0,0,0,1,7,7,0,0,0,16,200,0,200,0,200,200,200,200,200
408531,0,30,0,0,0,1,14,5,0,0,0,22,16,1,200,200,2,200,200,200,200
408531,0,30,0,0,0,1,14,5,0,0,0,22,16,0,7,200,200,200,0,200,200
408536,0,15,0,0,0,1,14,0,0,0,0,0,0,1,6,0,200,200,0,200,200
408536,0,15,0,0,0,1,14,0,0,0,0,0,0,1,5,0,200,200,0,200,200
408539,0,30,0,0,0,1,7,5,0,0,0,22,22,2,200,200,200,200,200,200,200
408542,0,30,0,0,0,0,7,5,0,0,0,0,200,2,200,200,200,200,200,200,200
408544,0,30,2,2,0,1,10,5,0,0,0,18,200,0,7,200,3,200,0,200,200
408544,0,30,2,2,0,1,10,5,0,0,0,18,200,0,6,200,0,200,0,200,200
408546,0,40,0,0,0,1,10,5,0,0,0,18,200,2,200,200,3,200,200,200,200
408546,0,40,0,0,0,1,10,5,0,0,0,18,200,1,7,0,0,0,0,200,200
408549,0,35,1,2,0,1,10,5,0,200,200,16,0,2,200,200,1,200,200,200,200
408549,0,35,1,2,0,1,10,5,0,200,200,16,0,1,5,0,0,200,0,200,200
408549,0,35,1,2,0,1,10,5,0,200,200,16,0,2,200,200,0,200,200,200,200
408549,1,35,1,2,0,1,10,5,0,200,200,16,0,0,6,0,200,200,200,200,200
408555,4,30,2,2,0,1,8,5,0,0,0,10,200,0,6,7,9,5,0,200,200
408555,0,30,2,2,0,1,8,5,0,0,0,10,200,0,6,200,0,5,0,200,200
408555,1,30,2,2,0,1,8,5,0,0,0,10,200,1,6,200,200,200,200,200,200
408562,0,30,0,0,0,1,12,5,0,0,0,23,200,1,6,0,12,0,0,200,200
408562,0,30,0,0,0,1,12,5,0,0,0,23,200,0,6,0,0,0,0,200,200
408562,1,30,0,0,0,1,12,5,0,0,0,23,200,0,6,0,200,200,200,200,200
408562,1,30,0,0,0,1,12,5,0,0,0,23,200,0,5,0,200,200,200,200,200
408566,0,30,0,0,0,1,3,5,0,0,0,20,0,1,5,200,6,0,0,200,200
408566,0,30,0,0,0,1,3,5,0,0,0,20,0,1,6,0,0,0,0,200,200
408569,0,30,0,0,0,4,9,12,0,0,0,0,0,0,6,0,12,0,0,200,200
408569,5,30,0,0,0,4,9,12,0,0,0,0,0,0,7,7,0,0,0,200,200
408575,0,30,0,0,0,4,0,7,0,0,0,20,200,0,6,0,6,0,0,200,200
408575,0,30,0,0,0,4,0,7,0,0,0,20,200,0,5,0,0,0,0,200,200
408577,0,30,0,0,0,1,7,5,0,0,0,21,200,1,200,0,12,0,0,200,200
408585,0,30,0,0,0,1,12,5,0,0,0,0,0,0,6,200,200,200,200,200,200
408585,0,30,0,0,0,1,12,5,0,0,0,0,0,0,5,0,0,0,0,200,200
408586,0,30,0,0,0,1,0,0,0,0,0,17,17,1,200,200,1,200,200,200,200
408586,0,30,0,0,0,1,0,0,0,0,0,17,17,1,5,200,0,0,0,200,200
408586,1,30,0,0,0,1,0,0,0,0,0,17,17,1,200,200,200,200,200,200,200
408586,1,30,0,0,0,1,0,0,0,0,0,17,17,200,200,200,200,200,200,200,200
408586,1,30,0,0,0,1,0,0,0,0,0,17,17,200,200,200,200,200,200,200,200
408588,0,0,0,0,0,2,14,7,0,0,0,0,0,0,6,200,200,0,0,200,200
408588,0,0,0,0,0,2,14,7,0,0,0,0,0,1,6,200,200,0,0,200,200
408588,1,0,0,0,0,2,14,7,0,0,0,0,0,1,200,200,200,200,200,200,200
408588,1,0,0,0,0,2,14,7,0,0,0,0,0,0,200,200,200,200,200,200,200
408595,0,30,0,0,0,1,0,5,0,0,0,0,17,1,5,0,1,0,0,200,200
408595,0,30,0,0,0,1,0,5,0,0,0,0,17,0,6,0,200,0,0,200,200
408610,0,30,1,2,0,1,12,5,0,0,0,22,200,1,7,1,0,0,0,200,200
408610,0,30,1,2,0,1,12,5,0,0,0,22,200,1,9,0,0,0,0,200,200
408618,0,30,1,2,0,1,12,3,0,0,0,23,16,2,200,200,7,200,200,200,200
408618,0,30,1,2,0,1,12,3,0,0,0,23,16,1,5,200,0,0,0,200,200
408618,0,30,1,2,0,1,12,3,0,0,0,23,16,2,200,200,0,200,200,200,200
408618,1,30,1,2,0,1,12,3,0,0,0,23,16,0,200,200,200,200,200,200,200
408619,0,30,0,0,0,1,3,5,0,0,0,10,10,0,5,1,9,0,0,200,200
408619,0,30,0,0,0,1,3,5,0,0,0,10,10,0,5,0,0,0,0,200,200
408619,1,30,0,0,0,1,3,5,0,0,0,10,10,0,3,0,200,200,200,200,200
408620,0,30,0,0,0,1,12,5,0,0,0,17,200,0,7,0,1,0,0,200,200
408620,0,30,0,0,0,1,12,5,0,0,0,17,200,0,7,0,0,0,0,200,200
408624,0,30,0,0,0,1,12,5,0,0,0,0,0,0,200,0,200,0,0,200,200
408624,0,30,0,0,0,1,12,5,0,0,0,0,0,0,200,0,0,0,0,200,200
408626,0,30,2,2,0,1,10,5,0,0,0,0,200,0,6,0,3,0,0,200,200
408626,0,30,2,2,0,1,10,5,0,0,0,0,200,1,6,0,0,0,0,200,200
408627,0,30,0,0,0,4,12,5,0,0,0,22,21,0,200,200,2,200,200,200,200
408627,0,30,0,0,0,4,12,5,0,0,0,22,21,0,6,0,0,0,0,200,200
408627,5,30,0,0,0,4,12,5,0,0,0,22,21,0,5,7,200,200,200,200,200
408631,0,30,1,2,0,2,10,2,0,0,0,21,200,0,7,0,4,0,0,200,200
408631,0,30,1,2,0,2,10,2,0,0,0,21,200,0,6,0,0,0,0,200,200
408631,0,30,1,2,0,2,10,2,0,0,0,21,200,1,5,0,0,0,0,200,200
408634,0,30,0,0,0,1,12,6,0,0,0,21,16,2,200,200,8,200,200,200,200
408634,0,30,0,0,0,1,12,6,0,0,0,21,16,1,5,0,0,0,0,200,200
408636,0,30,2,2,1,1,10,5,0,0,0,10,200,1,200,200,6,200,200,200,200
408636,0,30,2,2,1,1,10,5,0,0,0,10,200,0,200,0,0,0,0,200,200
408639,0,30,0,0,0,3,5,5,0,0,200,0,200,0,7,200,200,200,0,200,200
408640,0,30,2,2,0,3,2,2,0,0,0,16,200,0,7,200,200,200,3,0.04,200
408645,0,25,0,0,0,3,14,5,0,0,0,17,11,1,4,0,1,0,0,200,200
408645,0,25,0,0,0,3,14,5,0,0,0,17,11,1,6,0,12,0,0,200,200
408647,0,40,2,3,0,2,14,3,0,0,0,16,16,0,8,0,1,200,200,200,200
408647,0,40,2,3,0,2,14,3,0,0,0,16,16,1,6,0,0,200,0,200,200
408647,1,40,2,3,0,2,14,3,0,0,0,16,16,1,3,0,200,200,200,200,200
408647,1,40,2,3,0,2,14,3,0,0,0,16,16,0,0,5,200,200,200,200,200
408647,1,40,2,3,0,2,14,3,0,0,0,16,16,0,1,0,200,200,200,200,200
408648,0,30,2,2,0,3,10,5,0,0,0,0,0,0,200,200,200,200,200,200,200
408648,0,30,2,2,0,3,10,5,0,0,0,0,0,1,6,0,0,0,0,200,200
408648,1,30,2,2,0,3,10,5,0,0,0,0,0,1,200,0,200,200,200,200,200
408662,0,30,0,0,0,3,12,6,0,0,0,22,0,2,200,200,2,200,200,200,200
408662,0,30,0,0,0,3,12,6,0,0,0,22,0,0,6,0,0,0,0,200,200
408675,0,30,1,2,0,4,3,2,0,0,0,21,0,0,7,200,4,0,0,200,200
408675,0,30,1,2,0,4,3,2,0,0,0,21,0,0,6,0,0,0,0,200,200
408675,1,30,1,2,0,4,3,2,0,0,0,21,0,1,6,0,200,200,200,200,200
408685,0,30,0,0,0,1,7,5,0,0,0,0,0,2,200,200,200,200,200,200,200
408688,0,30,0,0,0,1,12,5,0,0,0,22,200,0,200,200,2,200,200,200,200
408688,0,30,0,0,0,1,12,5,0,0,0,22,200,0,5,0,0,0,0,200,200
408692,0,30,0,0,0,3,12,5,0,0,0,21,11,2,200,200,2,200,200,200,200
408692,0,30,0,0,0,3,12,5,0,0,0,21,11,0,7,0,12,0,0,200,200
408697,0,30,0,0,0,3,10,2,0,0,0,18,14,0,0,200,3,0,0,200,200
408697,0,30,0,0,0,3,10,2,0,0,0,18,14,1,0,200,0,4,0,200,200
408697,1,30,0,0,0,3,10,2,0,0,0,18,14,1,6,200,200,200,200,200,200
408697,1,30,0,0,0,3,10,2,0,0,0,18,14,0,2,200,200,200,200,200,200
408697,1,30,0,0,0,3,10,2,0,0,0,18,14,1,2,200,200,200,200,200,200
408702,0,15,0,0,0,1,2,0,0,0,0,200,200,0,5,0,12,0,0,200,200
408703,0,30,0,0,0,3,10,5,0,0,0,18,0,0,8,0,3,0,0,200,200
408703,0,30,0,0,0,3,10,5,0,0,0,18,0,1,5,0,0,0,0,200,200
408703,0,30,0,0,0,3,10,5,0,0,0,18,0,0,8,0,0,0,0,200,200
408703,1,30,0,0,0,3,10,5,0,0,0,18,0,1,5,0,200,200,200,200,200
408706,0,30,1,2,0,3,10,5,0,0,0,16,200,0,5,200,3,0,0,200,200
408706,0,30,1,2,0,3,10,5,0,0,0,16,200,1,7,200,0,0,0,200,200
408708,0,30,1,2,0,3,0,5,0,0,0,0,0,1,5,200,200,200,0,200,200
408708,0,30,1,2,0,3,0,5,0,0,0,0,0,1,6,200,200,200,0,200,200
408708,1,30,1,2,0,3,0,5,0,0,0,0,0,0,0,200,200,200,200,200,200
408709,0,35,1,2,0,3,9,5,0,0,0,17,0,1,4,200,1,200,0,200,200
408709,5,35,1,2,0,3,9,5,0,0,0,17,0,0,6,7,200,200,5,200,200
408709,1,35,1,2,0,3,9,5,0,0,0,17,0,1,2,200,200,200,200,200,200
408713,0,5,0,0,0,1,7,12,0,0,0,0,200,0,200,200,12,200,200,200,200
408715,0,25,0,0,0,3,7,6,0,0,0,21,22,0,9,0,2,200,0,200,200
408715,1,25,0,0,0,3,7,6,0,0,0,21,22,1,6,200,200,200,200,200,200
408715,1,25,0,0,0,3,7,6,0,0,0,21,22,0,7,200,200,200,200,200,200
408715,1,25,0,0,0,3,7,6,0,0,0,21,22,0,200,0,200,200,200,200,200
408717,0,35,200,200,200,1,12,2,0,0,200,21,0,0,7,200,4,200,200,200,200
408717,0,35,200,200,200,1,12,2,0,0,200,21,0,1,6,0,0,200,0,200,200
408717,1,35,200,200,200,1,12,2,0,0,200,21,0,0,3,200,200,200,200,200,200
408718,0,30,0,0,0,3,7,5,0,0,0,11,0,0,200,200,6,200,200,200,200
408719,0,25,0,0,200,2,7,6,0,200,200,0,0,2,200,200,200,200,200,200,200
408726,0,30,0,0,0,3,7,5,0,0,0,27,0,1,8,200,12,200,8,200,200
408729,0,30,0,0,0,3,10,5,0,0,0,0,200,1,6,0,0,0,0,200,200
408729,0,30,0,0,0,3,10,5,0,0,0,0,200,1,200,0,4,0,0,200,200
408729,1,30,0,0,0,3,10,5,0,0,0,0,200,1,6,0,200,200,200,200,200
408731,0,30,0,0,0,0,12,6,0,0,0,0,200,0,6,200,12,200,200,200,200
408731,0,30,0,0,0,0,12,6,0,0,0,0,200,1,6,200,0,200,200,200,200
408731,1,30,0,0,0,0,12,6,0,0,0,0,200,200,200,200,200,200,200,200,200
408737,0,30,1,2,0,3,12,5,0,0,0,0,0,2,200,200,200,200,200,200,200
408737,0,30,1,2,0,3,12,5,0,0,0,0,0,1,6,0,0,0,0,200,200
408739,0,0,0,0,0,0,7,7,0,0,0,0,0,2,200,200,200,200,200,200,200
408752,0,30,0,0,0,4,10,5,0,0,0,18,0,0,200,200,200,200,200,200,200
408752,0,30,0,0,0,4,10,5,0,0,0,18,0,0,6,0,12,0,0,200,200
408752,1,30,0,0,0,4,10,5,0,0,0,18,0,0,200,200,200,200,200,200,200
408752,1,30,0,0,0,4,10,5,0,0,0,18,0,0,200,200,200,200,200,200,200
408756,0,25,1,2,0,0,0,5,0,0,0,14,21,0,200,200,1,200,200,200,200
408756,0,25,1,2,0,0,0,5,0,0,0,14,21,0,200,200,0,200,200,200,200
408756,1,25,1,2,0,0,0,5,0,0,0,14,21,200,200,200,200,200,200,200,200
408756,1,25,1,2,0,0,0,5,0,0,0,14,21,200,200,200,200,200,200,200,200
408756,1,25,1,2,0,0,0,5,0,0,0,14,21,200,200,200,200,200,200,200,200
408769,0,30,0,0,0,3,7,5,0,0,0,23,200,0,5,200,7,0,0,200,200
408771,0,30,0,0,0,0,12,6,0,0,0,21,200,1,0,200,4,200,0,200,200
408771,0,30,0,0,0,0,12,6,0,0,0,21,200,1,5,200,0,200,0,200,200
408771,1,30,0,0,0,0,12,6,0,0,0,21,200,0,5,200,200,200,200,200,200
408771,1,30,0,0,0,0,12,6,0,0,0,21,200,0,5,200,200,200,200,200,200
408773,0,30,0,0,0,3,7,8,0,0,0,0,200,0,200,200,12,200,200,200,200
408773,1,30,0,0,0,3,7,8,0,0,0,0,200,0,200,200,200,200,200,200,200
408777,0,30,0,0,0,3,12,6,0,0,0,0,200,1,0,200,200,200,200,200,200
408777,0,30,0,0,0,3,12,6,0,0,0,0,200,0,7,0,0,0,0,200,200
408781,0,30,0,0,0,3,12,6,0,0,0,0,200,0,7,200,12,200,200,200,200
408781,0,30,0,0,0,3,12,6,0,0,0,0,200,1,6,0,0,0,0,200,200
408802,0,30,1,2,0,3,10,6,0,0,0,0,0,0,200,200,200,200,200,200,200
408802,0,30,1,2,0,3,10,6,0,0,0,0,0,0,6,200,200,0,0,200,200
408806,0,30,200,200,0,3,14,2,0,0,200,200,200,0,5,200,7,12,0,200,200
408806,0,30,200,200,0,3,14,2,0,0,200,200,200,1,6,200,6,200,0,200,200
408811,0,35,200,200,200,200,10,5,0,0,200,11,0,0,200,200,3,200,200,200,200
408811,0,35,200,200,200,200,10,5,0,0,200,11,0,0,6,200,0,0,0,200,200
408811,1,35,200,200,200,200,10,5,0,0,200,11,0,1,6,200,200,200,200,200,200
408817,0,30,0,0,0,3,7,12,0,0,0,25,14,0,200,1,8,0,0,200,200
408817,1,30,0,0,0,3,7,12,0,0,0,25,14,0,200,1,200,200,200,200,200
408821,0,30,2,2,2,3,0,12,0,1,0,5,0,1,200,200,5,200,200,200,200
408821,0,30,2,2,2,3,0,12,0,1,0,5,0,0,6,0,0,0,0,200,200
408821,1,30,2,2,2,3,0,12,0,1,0,5,0,1,200,200,200,200,200,200,200
408821,1,30,2,2,2,3,0,12,0,1,0,5,0,1,200,200,200,200,200,200,200
408821,1,30,2,2,2,3,0,12,0,1,0,5,0,1,200,200,200,200,200,200,200
408827,0,30,1,2,0,3,0,6,0,0,0,0,200,0,6,200,200,200,0,200,200
408827,0,30,1,2,0,3,0,6,0,0,0,0,200,0,5,200,200,200,0,200,200
408834,0,30,0,0,0,3,7,7,0,0,0,0,0,1,200,200,6,200,200,200,200
408841,0,30,1,2,2,3,10,3,0,1,0,34,200,1,5,0,8,200,0,200,200
408841,0,30,1,2,2,3,10,3,0,1,0,34,200,0,200,200,0,200,200,200,200
408841,0,30,1,2,2,3,10,3,0,1,0,34,200,1,6,0,0,0,0,200,200
408841,1,30,1,2,2,3,10,3,0,1,0,34,200,1,5,0,200,200,200,200,200
408841,1,30,1,2,2,3,10,3,0,1,0,34,200,1,1,4,200,200,200,200,200
408841,1,30,1,2,2,3,10,3,0,1,0,34,200,1,6,0,200,200,200,200,200
408843,0,30,200,200,0,3,14,5,0,0,0,0,200,1,200,200,6,200,200,200,200
408843,0,30,200,200,0,3,14,5,0,0,0,0,200,1,5,0,12,0,0,200,200
408843,1,30,200,200,0,3,14,5,0,0,0,0,200,1,200,200,200,200,200,200,200
408843,1,30,200,200,0,3,14,5,0,0,0,0,200,1,200,200,200,200,200,200,200
408843,1,30,200,200,0,3,14,5,0,0,0,0,200,1,200,4,200,200,200,200,200
408853,0,30,0,12,0,3,7,2,0,0,200,0,0,1,5,200,12,12,1,200,200
408853,0,30,0,12,0,3,7,2,0,0,200,0,0,1,4,200,0,200,0,200,200
408853,1,30,0,12,0,3,7,2,0,0,200,0,0,0,200,200,200,200,200,200,200
408853,1,30,0,12,0,3,7,2,0,0,200,0,0,1,6,200,200,200,200,200,200
408855,4,30,0,200,0,3,8,5,0,200,200,0,200,0,4,200,12,12,7,200,200
408856,0,30,1,2,2,3,14,3,0,1,0,14,17,0,200,200,1,200,200,200,200
408856,0,30,1,2,2,3,14,3,0,1,0,14,17,0,5,0,0,0,0,200,200
408857,0,30,0,0,0,0,7,5,0,0,0,32,200,0,8,200,1,0,5,200,200
408857,1,30,0,0,0,0,7,5,0,0,0,32,200,1,6,200,200,200,200,200,200
408861,0,35,1,2,0,0,12,6,0,0,0,22,200,1,6,0,0,0,12,200,200
408861,0,35,1,2,0,0,12,6,0,0,0,22,200,2,200,200,4,200,200,200,200
408864,0,20,0,0,2,3,7,5,0,1,0,0,0,1,6,200,0,0,0,200,200
408867,0,25,0,0,0,3,7,5,0,0,0,20,0,0,5,0,6,0,0,200,200
408872,0,30,2,2,0,3,10,5,0,0,0,14,16,0,200,200,8,200,200,200,200
408872,0,30,2,2,0,3,10,5,0,0,0,14,16,1,6,0,0,0,0,200,200
408872,1,30,2,2,0,3,10,5,0,0,0,14,16,0,7,0,200,200,200,200,200
408872,1,30,2,2,0,3,10,5,0,0,0,14,16,1,3,0,200,200,200,200,200
408881,0,30,0,0,0,3,7,6,0,0,12,16,16,0,5,0,12,0,0,200,200
408882,0,35,0,0,0,1,10,3,0,0,0,200,200,2,200,200,1,200,200,200,200
408882,0,35,0,0,0,1,10,3,0,0,0,200,200,0,5,0,0,0,0,200,200
408884,0,25,0,0,0,1,7,5,0,0,0,0,0,2,200,200,200,200,200,200,200
408887,0,30,1,2,2,3,14,2,0,1,0,14,0,0,6,200,8,0,0,200,200
408887,0,30,1,2,2,3,14,2,0,1,0,14,0,0,7,200,0,0,0,200,200
408887,1,30,1,2,2,3,14,2,0,1,0,14,0,1,6,200,200,200,200,200,200
408890,0,30,1,2,0,3,12,5,0,0,0,21,200,0,7,200,4,0,0,200,200
408890,0,30,1,2,0,3,12,5,0,0,0,21,200,0,6,200,0,0,0,200,200
408891,0,30,0,0,0,3,2,6,0,0,0,8,200,1,8,0,12,0,0,200,200
408895,0,30,2,2,2,3,0,5,0,1,0,0,0,1,7,200,200,0,200,200,200
408895,0,30,2,2,2,3,0,5,0,1,0,0,0,0,6,200,200,0,200,200,200
408897,0,30,1,200,0,3,10,5,0,0,0,18,0,0,200,200,3,200,200,200,200
408897,0,30,1,200,0,3,10,5,0,0,0,18,0,0,4,0,0,0,0,200,200
408897,1,30,1,200,0,3,10,5,0,0,0,18,0,0,4,0,200,200,200,200,200
408898,0,35,0,0,0,3,14,5,0,0,0,23,0,1,6,0,7,200,0,200,200
408898,0,35,0,0,0,3,14,5,0,0,0,23,0,1,5,0,0,0,0,200,200
408901,0,30,0,0,0,3,10,5,0,0,0,0,0,2,200,200,200,200,200,200,200
408901,0,30,0,0,0,3,10,5,0,0,0,0,0,1,6,200,0,0,0,200,200
408913,0,30,0,0,0,3,4,2,0,0,12,0,200,0,7,3,12,0,0,200,200
408923,0,30,0,0,2,3,7,5,0,1,0,14,15,1,4,200,8,200,200,200,200
408923,1,30,0,0,2,3,7,5,0,1,0,14,15,1,4,200,200,200,200,200,200
408923,1,30,0,0,2,3,7,5,0,1,0,14,15,2,200,200,200,200,200,200,200
408923,1,30,0,0,2,3,7,5,0,1,0,14,15,2,200,200,200,200,200,200,200
408925,0,35,0,0,0,200,10,6,0,200,200,0,200,1,200,200,200,200,200,200,200
408925,0,35,0,0,0,200,10,6,0,200,200,0,200,0,6,200,200,200,200,200,200
408936,0,30,1,2,0,3,7,2,0,0,0,12,0,0,8,0,12,4,0,200,200
408942,0,30,0,0,0,3,12,2,0,200,200,21,25,2,200,200,200,200,200,200,200
408942,0,30,0,0,0,3,12,2,0,200,200,21,25,0,6,0,0,0,0,200,200
408942,1,30,0,0,0,3,12,2,0,200,200,21,25,200,200,200,200,200,200,200,200