RD_NO,PERSON_TYPE,POSTED_SPEED_LIMIT,TRAFFIC_CONTROL_DEVICE,DEVICE_CONDITION,WEATHER_CONDITION,LIGHTING_CONDITION,FIRST_CRASH_TYPE,TRAFFICWAY_TYPE,ALIGNMENT,ROADWAY_SURFACE_COND,ROAD_DEFECT,PRIM_CONTRIBUTORY_CAUSE,SEC_CONTRIBUTORY_CAUSE,SEX,AGE,SAFETY_EQUIPMENT,DRIVER_ACTION,DRIVER_VISION,PHYSICAL_CONDITION,BAC_RESULT VALUE,CELL_PHONE_USE
408942,1,30,0,0,0,3,12,2,0,200,200,21,25,0,6,0,200,200,200,200,200
408950,0,30,1,2,0,3,10,2,0,0,0,0,0,1,200,200,3,200,200,200,200
408950,0,30,1,2,0,3,10,2,0,0,0,0,0,1,6,0,0,0,0,200,200
408950,1,30,1,2,0,3,10,2,0,0,0,0,0,1,4,0,200,200,200,200,200
408950,1,30,1,2,0,3,10,2,0,0,0,0,0,0,4,0,200,200,200,200,200
408963,0,30,0,0,0,3,7,5,0,0,0,8,200,0,6,0,12,0,0,200,200
408969,0,30,0,0,0,3,7,6,0,0,200,32,32,0,6,200,12,200,5,0.2,200
408970,0,30,1,2,0,3,14,1,0,0,0,0,200,0,200,200,2,200,200,200,200
408970,0,30,1,2,0,3,14,1,0,0,0,0,200,0,7,0,0,0,0,200,200
408972,0,30,1,2,2,3,10,6,0,1,200,18,16,1,7,200,3,200,200,200,200
408972,0,30,1,2,2,3,10,6,0,1,200,18,16,0,5,200,0,200,0,200,200
408982,0,30,0,12,0,3,7,5,0,200,200,0,200,1,7,200,12,200,0,200,200
408983,0,30,0,2,0,3,2,5,0,0,0,2,200,1,6,200,7,200,0,200,200
408985,0,25,0,0,0,0,7,6,0,1,0,25,0,2,200,200,9,200,200,200,200
408990,0,30,1,2,0,3,10,5,0,0,0,0,200,2,200,200,200,200,200,200,200
408990,0,30,1,2,0,3,10,5,0,0,0,0,200,0,5,200,200,0,12,200,200
408996,0,30,1,2,0,3,0,2,0,0,0,6,200,2,200,200,200,200,200,200,200
408996,0,30,1,2,0,3,0,2,0,0,0,6,200,0,6,200,0,0,0,200,200
408996,1,30,1,2,0,3,0,2,0,0,0,6,200,1,200,200,200,200,200,200,200
408997,0,35,0,2,0,3,12,5,0,0,0,17,23,0,5,0,1,0,0,200,200
408997,0,35,0,2,0,3,12,5,0,0,0,17,23,0,6,0,0,0,0,200,200
408997,1,35,0,2,0,3,12,5,0,0,0,17,23,0,5,1,200,200,200,200,200
408999,0,30,0,0,0,3,7,5,0,0,0,21,0,0,6,200,12,0,0,200,200
409005,0,30,0,0,0,3,14,5,0,0,0,23,200,2,200,200,7,200,200,200,200
409005,0,30,0,0,0,3,14,5,0,0,0,23,200,1,5,200,0,200,0,200,200
409008,0,30,0,0,0,2,3,5,0,0,0,21,4,2,200,200,200,200,200,200,200
409008,0,30,0,0,0,2,3,5,0,0,0,21,4,0,6,200,200,0,0,200,200
409010,0,30,0,0,0,3,9,5,0,0,0,0,0,0,200,200,200,200,200,200,200
409010,5,30,0,0,0,3,9,5,0,0,0,0,0,1,6,200,200,200,200,200,200
409011,0,20,0,0,1,3,7,6,0,0,0,12,12,1,7,0,0,0,0,200,200
409014,0,20,0,0,0,3,7,12,0,0,0,14,200,1,5,200,8,0,200,200,200
409017,0,25,0,0,0,0,3,2,0,0,12,16,0,0,5,0,1,12,0,200,200
409017,0,25,0,0,0,0,3,2,0,0,12,16,0,0,5,0,200,0,0,200,200
409018,0,30,1,2,0,3,14,5,0,0,0,14,17,1,5,0,0,0,0,200,200
409018,0,30,1,2,0,3,14,5,0,0,0,14,17,0,5,0,14,0,0,200,200
409024,0,30,1,2,0,3,9,6,0,12,1,17,28,0,5,0,1,0,0,200,200
409024,5,30,1,2,0,3,9,6,0,12,1,17,28,0,7,7,0,0,0,200,200
409024,1,30,1,2,0,3,9,6,0,12,1,17,28,1,5,0,200,200,200,200,200
409036,0,30,0,0,0,3,3,5,0,0,0,0,21,0,7,0,200,200,2,200,200
409036,0,30,0,0,0,3,3,5,0,0,0,0,21,0,6,0,200,200,0,200,200
409048,0,30,0,0,0,3,7,2,0,0,0,0,200,0,200,200,200,200,200,200,200
409054,0,30,1,2,0,3,10,5,0,0,0,16,27,0,5,0,3,0,0,200,200
409054,0,30,1,2,0,3,10,5,0,0,0,16,27,0,7,0,0,0,0,200,200
409056,0,30,0,0,0,3,2,5,0,0,0,0,0,2,200,200,200,200,200,200,200
409056,0,30,0,0,0,3,2,5,0,0,0,0,0,0,5,200,200,200,0,200,200
409058,0,15,0,0,0,3,7,5,0,0,0,0,200,0,200,200,200,200,200,200,200
409058,1,15,0,0,0,3,7,5,0,0,0,0,200,0,200,200,200,200,200,200,200
409058,1,15,0,0,0,3,7,5,0,0,0,0,200,0,200,200,200,200,200,200,200
409061,0,30,0,0,0,3,7,2,0,0,0,16,33,0,5,200,8,200,200,200,200
409066,0,30,1,2,6,3,10,3,0,0,0,18,16,0,6,0,3,0,0,200,200
409066,0,30,1,2,6,3,10,3,0,0,0,18,16,0,7,0,0,0,0,200,200
409066,1,30,1,2,6,3,10,3,0,0,0,18,16,0,6,0,200,200,200,200,200
409067,0,25,6,2,6,2,10,5,0,200,200,18,200,0,200,200,3,200,200,200,200
409067,0,25,6,2,6,2,10,5,0,200,200,18,200,1,7,0,0,200,0,200,200
409067,1,25,6,2,6,2,10,5,0,200,200,18,200,0,8,0,200,200,200,200,200
409071,0,30,0,0,0,3,2,2,0,0,0,0,200,2,200,200,200,200,200,200,200
409074,0,30,0,0,0,3,7,6,0,0,0,0,0,0,6,200,1,200,200,200,200
409084,0,30,0,0,2,3,7,7,0,0,0,0,200,1,5,0,200,200,0,200,200
409106,0,30,0,1,0,3,10,8,2,0,0,200,200,0,200,200,12,200,200,200,200
409106,0,30,0,1,0,3,10,8,2,0,0,200,200,1,200,200,12,200,200,200,200
409106,0,30,0,1,0,3,10,8,2,0,0,200,200,0,6,0,12,0,0,200,200
409108,0,30,1,2,0,3,3,2,0,0,0,27,0,1,200,200,9,0,200,200,200
409108,0,30,1,2,0,3,3,2,0,0,0,27,0,0,6,0,0,0,0,200,200
409110,0,20,0,0,0,3,7,6,0,0,0,8,14,1,200,200,12,200,200,200,200
409116,0,20,0,0,0,0,2,0,0,0,0,0,200,2,200,200,200,200,200,200,200
409122,0,30,0,0,0,1,14,3,0,0,0,23,22,0,7,0,7,0,0,200,200
409122,0,30,0,0,0,1,14,3,0,0,0,23,22,0,5,3,0,0,0,200,200
409125,0,30,1,2,0,1,9,5,0,0,0,17,11,1,6,200,1,0,0,200,200
409125,5,30,1,2,0,1,9,5,0,0,0,17,11,0,7,7,12,12,0,200,200
409126,0,30,0,0,0,1,7,2,0,0,0,21,200,0,6,200,12,200,0,200,200
409134,0,20,0,0,0,2,7,6,0,0,0,0,200,2,200,200,200,5,200,200,200
409136,0,35,0,0,0,1,7,5,0,0,0,15,16,1,5,200,8,0,0,200,200
409136,1,35,0,0,0,1,7,5,0,0,0,15,16,0,5,200,200,200,200,200,200
409144,0,30,0,0,0,1,12,5,0,0,0,0,0,0,6,0,200,0,0,200,200
409144,0,30,0,0,0,1,12,5,0,0,0,0,0,0,5,0,0,0,0,200,200
409148,0,30,2,2,0,1,2,5,0,0,0,32,27,1,5,1,12,0,5,200,200
409157,0,30,0,0,0,1,10,3,0,0,0,18,200,1,7,0,3,0,0,200,200
409157,0,30,0,0,0,1,10,3,0,0,0,18,200,0,5,0,0,0,0,200,200
409159,0,15,0,0,0,1,7,0,0,0,0,32,32,0,6,0,1,0,5,0.12,200
409166,0,0,1,2,0,1,12,2,0,0,0,16,0,1,5,200,200,200,200,200,200
409166,0,0,1,2,0,1,12,2,0,0,0,16,0,1,6,200,0,0,0,200,200
409166,1,0,1,2,0,1,12,2,0,0,0,16,0,0,200,200,200,200,200,200,200
409168,0,30,1,2,0,1,8,5,0,0,0,17,200,1,7,0,1,0,0,200,200
409168,4,30,1,2,0,1,8,5,0,0,0,17,200,200,200,7,1,0,0,200,200
409180,0,30,1,2,0,1,14,5,0,0,0,0,0,0,200,200,200,200,200,200,200
409180,0,30,1,2,0,1,14,5,0,0,0,0,0,0,7,0,0,0,0,200,200
409218,0,30,0,0,0,1,2,7,0,0,0,0,0,0,6,0,200,0,0,200,200
409218,1,30,0,0,0,1,2,7,0,0,0,0,0,1,200,0,200,200,200,200,200
409221,0,25,0,0,0,1,7,5,0,0,0,0,0,1,200,200,200,200,200,200,200
409224,0,15,2,2,0,1,2,6,2,0,0,0,200,2,200,200,200,200,200,200,200
409225,0,30,0,0,0,1,7,2,0,0,0,18,200,2,200,200,3,200,200,200,200
409230,0,20,0,0,0,1,7,6,0,200,200,0,0,0,4,200,200,200,200,200,200
409231,0,30,0,0,0,0,10,3,0,0,0,18,200,2,200,200,3,200,200,200,200
409231,0,30,0,0,0,0,10,3,0,0,0,18,200,0,9,0,0,0,0,200,200
409245,0,30,1,2,0,1,4,6,0,0,0,12,0,1,7,0,0,0,0,200,200
409247,0,30,12,0,0,1,7,12,0,0,0,25,200,2,200,200,200,200,200,200,200
409248,0,25,1,2,0,1,10,6,0,0,0,18,200,1,6,0,3,200,0,200,200
409248,0,25,1,2,0,1,10,6,0,0,0,18,200,0,6,0,0,0,0,200,200
409262,0,25,0,0,0,3,7,12,0,0,0,20,200,2,200,200,6,200,200,200,200
409265,0,35,0,0,0,1,7,5,0,0,0,0,0,2,200,200,200,200,200,200,200
409266,0,30,1,2,0,1,14,2,0,0,0,17,0,1,7,0,200,0,7,200,200
409266,0,30,1,2,0,1,14,2,0,0,0,17,0,1,7,1,1,0,7,200,200
409269,0,30,1,2,0,1,12,5,0,0,0,22,200,0,200,200,12,200,200,200,200
409269,0,30,1,2,0,1,12,5,0,0,0,22,200,1,7,200,0,0,0,200,200
409270,0,30,2,2,0,3,14,2,0,0,0,17,0,1,7,0,1,3,0,200,200
409270,0,30,2,2,0,3,14,2,0,0,0,17,0,0,4,0,0,0,0,200,200
409273,0,30,0,0,0,1,10,5,0,0,0,18,18,1,5,0,3,0,200,200,200
409273,0,30,0,0,0,1,10,5,0,0,0,18,18,0,7,0,0,0,0,200,200
409273,1,30,0,0,0,1,10,5,0,0,0,18,18,1,200,0,200,200,200,200,200
409277,0,25,0,0,0,200,7,6,0,200,0,11,0,2,200,200,200,200,200,200,200
409286,0,25,0,0,0,1,7,5,0,0,0,20,200,0,7,200,6,200,0,200,200
409287,0,25,0,0,200,200,7,6,0,200,0,0,0,2,200,200,200,200,200,200,200
409291,0,30,0,0,0,1,7,5,0,0,0,0,0,1,6,0,10,0,0,200,200
409297,0,0,0,0,0,1,3,6,0,0,0,20,11,2,200,200,6,200,200,200,200
409297,0,0,0,0,0,1,3,6,0,0,0,20,11,0,7,0,0,0,0,200,200
409310,0,30,1,2,0,1,10,5,0,0,0,18,16,1,200,200,3,200,200,200,200
409310,0,30,1,2,0,1,10,5,0,0,0,18,16,1,7,200,0,0,0,200,200
409311,0,10,0,0,0,1,0,7,0,0,0,20,20,1,6,200,6,0,0,200,200
409311,0,10,0,0,0,1,0,7,0,0,0,20,20,0,6,0,0,0,0,200,200
409311,1,10,0,0,0,1,0,7,0,0,0,20,20,1,5,0,200,200,200,200,200
409314,0,30,0,0,0,1,10,5,0,0,0,18,18,1,7,0,3,0,0,200,200
409314,0,30,0,0,0,1,10,5,0,0,0,18,18,1,5,0,0,0,0,200,200
409314,0,30,0,0,0,1,10,5,0,0,0,18,18,1,6,0,0,0,0,200,200
409324,0,20,0,0,0,1,14,5,0,0,0,0,22,1,6,0,2,0,0,200,200
409324,0,20,0,0,0,1,14,5,0,0,0,0,22,1,5,0,0,0,0,200,200
409324,1,20,0,0,0,1,14,5,0,0,0,0,22,1,200,0,200,200,200,200,200
409331,0,30,0,0,0,3,2,3,0,0,4,13,200,0,5,1,12,12,0,200,200
409332,0,15,0,0,0,1,12,0,0,0,200,22,0,0,200,200,2,200,200,200,200
409332,0,15,0,0,0,1,12,0,0,0,200,22,0,0,6,200,0,200,0,200,200
409332,1,15,0,0,0,1,12,0,0,0,200,22,0,0,6,200,200,200,200,200,200
409337,0,30,0,0,0,1,7,2,0,0,1,0,0,2,200,200,200,200,200,200,200
409342,0,10,0,0,0,1,7,7,0,0,0,0,200,0,6,0,0,0,0,200,200
409343,0,30,1,2,0,1,14,5,0,0,0,0,0,0,6,200,5,0,200,200,200
409343,0,30,1,2,0,1,14,5,0,0,0,0,0,1,6,0,0,0,0,200,200
409346,5,35,1,2,0,1,9,5,0,0,0,11,0,1,5,7,12,200,0,200,200
409346,0,35,1,2,0,1,9,5,0,0,0,11,0,0,200,200,1,200,200,200,200
409347,0,25,1,2,0,1,9,6,0,0,0,17,6,0,7,200,1,200,0,200,200
409347,5,25,1,2,0,1,9,6,0,0,0,17,6,1,6,7,200,0,0,200,200
409351,0,35,0,0,0,200,12,5,0,0,0,200,200,2,200,200,200,200,200,200,200
409351,0,35,0,0,0,200,12,5,0,0,0,200,200,0,5,0,0,0,0,200,200
409354,0,30,0,0,0,1,12,2,0,0,0,22,21,1,7,200,2,0,200,200,200
409354,0,30,0,0,0,1,12,2,0,0,0,22,21,1,6,0,0,0,0,200,200
409355,0,30,0,0,0,1,7,3,0,0,0,21,0,0,5,200,200,0,0,200,200
409355,1,30,0,0,0,1,7,3,0,0,0,21,0,0,5,200,200,200,200,200,200
409355,1,30,0,0,0,1,7,3,0,0,0,21,0,0,5,200,200,200,200,200,200
409355,1,30,0,0,0,1,7,3,0,0,0,21,0,0,0,200,200,200,200,200,200
409355,1,30,0,0,0,1,7,3,0,0,0,21,0,0,6,7,200,200,200,200,200
409365,0,30,1,2,0,1,10,2,0,0,0,18,16,0,5,0,3,0,0,200,200
409365,0,30,1,2,0,1,10,2,0,0,0,18,16,1,6,0,0,0,0,200,200
409365,1,30,1,2,0,1,10,2,0,0,0,18,16,0,6,0,200,200,200,200,200
409366,0,30,0,0,0,3,10,6,0,0,0,22,200,0,200,200,2,200,200,200,200
409366,0,30,0,0,0,3,10,6,0,0,0,22,200,0,6,200,200,200,0,200,200
409366,0,30,0,0,0,3,10,6,0,0,0,22,200,1,7,0,200,0,0,200,200
409369,0,30,0,0,0,200,7,5,0,200,0,0,200,2,200,200,200,200,200,200,200
409372,0,30,1,2,0,1,10,2,0,0,0,18,18,0,7,0,3,0,0,200,200
409372,0,30,1,2,0,1,10,2,0,0,0,18,18,1,6,0,3,0,0,200,200
409379,0,30,2,2,0,1,10,5,0,0,0,18,200,1,200,200,3,200,200,200,200
409379,0,30,2,2,0,1,10,5,0,0,0,18,200,1,8,0,0,0,0,200,200
409379,1,30,2,2,0,1,10,5,0,0,0,18,200,1,200,200,200,200,200,200,200
409379,1,30,2,2,0,1,10,5,0,0,0,18,200,0,200,200,200,200,200,200,200
409379,1,30,2,2,0,1,10,5,0,0,0,18,200,0,200,200,200,200,200,200,200
409384,0,30,1,3,0,1,14,2,0,0,0,200,200,1,6,200,5,200,0,200,200
409384,0,30,1,3,0,1,14,2,0,0,0,200,200,0,5,200,200,200,0,200,200
409384,1,30,1,3,0,1,14,2,0,0,0,200,200,1,5,200,200,200,200,200,200
409388,0,10,0,0,0,1,12,6,0,0,0,0,0,0,200,200,4,0,0,200,200
409388,0,10,0,0,0,1,12,6,0,0,0,0,0,0,7,0,0,0,0,200,200
409395,0,30,1,2,0,1,10,2,0,0,0,0,0,0,5,200,3,200,200,200,200
409395,0,30,1,2,0,1,10,2,0,0,0,0,0,1,6,0,0,0,0,200,200
409395,1,30,1,2,0,1,10,2,0,0,0,0,0,1,7,0,200,200,200,200,200
409395,1,30,1,2,0,1,10,2,0,0,0,0,0,1,2,0,200,200,200,200,200
409406,0,20,0,0,0,1,7,7,0,0,0,20,0,1,200,200,6,200,200,200,200
409406,1,20,0,0,0,1,7,7,0,0,0,20,0,1,6,0,200,200,200,200,200
409409,0,15,0,0,200,200,2,0,0,200,200,0,0,2,200,200,200,200,200,200,200
409413,0,30,0,0,0,1,10,5,0,0,0,18,0,0,6,0,1,0,0,200,200
409413,0,30,0,0,0,1,10,5,0,0,0,18,0,0,5,0,0,0,0,200,200
409416,0,30,0,0,0,1,14,6,0,0,0,23,23,0,7,0,7,0,0,200,200
409416,0,30,0,0,0,1,14,6,0,0,0,23,23,0,8,0,0,0,0,200,200
409417,0,30,0,0,0,1,14,12,0,0,0,17,21,0,8,0,1,0,0,200,200
409417,0,30,0,0,0,1,14,12,0,0,0,17,21,0,7,0,0,0,0,200,200
409423,0,30,1,2,0,1,14,5,0,0,0,17,200,0,0,0,1,0,0,200,200
409423,0,30,1,2,0,1,14,5,0,0,0,17,200,0,0,0,1,0,0,200,200
409424,0,30,1,2,0,1,0,12,2,0,0,3,33,1,7,0,5,12,0,200,200
409424,0,30,1,2,0,1,0,12,2,0,0,3,33,0,6,0,0,12,0,200,200
409424,1,30,1,2,0,1,0,12,2,0,0,3,33,1,6,0,200,200,200,200,200
409424,1,30,1,2,0,1,0,12,2,0,0,3,33,1,1,5,200,200,200,200,200
409424,1,30,1,2,0,1,0,12,2,0,0,3,33,1,2,5,200,200,200,200,200
409424,1,30,1,2,0,1,0,12,2,0,0,3,33,0,1,5,200,200,200,200,200
409428,0,30,0,0,200,200,7,6,0,200,0,22,16,2,200,200,200,200,200,200,200
409429,0,25,0,0,0,1,7,5,0,0,0,0,200,1,200,200,3,200,200,200,200
409433,0,35,2,0,2,1,0,2,0,1,0,9,200,1,6,0,5,0,0,200,200
409433,0,35,2,0,2,1,0,2,0,1,0,9,200,1,5,200,0,200,200,200,200
409437,0,30,0,0,0,1,10,5,0,0,0,20,20,2,200,200,200,200,200,200,200
409437,0,30,0,0,0,1,10,5,0,0,0,20,20,0,7,0,0,0,0,200,200
409438,0,30,0,0,0,1,10,5,0,0,0,18,200,1,5,0,3,0,0,200,200
409438,0,30,0,0,0,1,10,5,0,0,0,18,200,0,6,0,0,0,0,200,200
409440,0,30,0,0,0,1,0,6,0,200,200,17,17,1,5,0,1,200,0,200,200
409440,0,30,0,0,0,1,0,6,0,200,200,17,17,1,5,0,12,200,0,200,200
409442,0,30,0,0,0,1,10,2,0,0,1,18,200,0,6,0,3,0,0,200,200
409442,0,30,0,0,0,1,10,2,0,0,1,18,200,0,200,0,0,0,0,200,200
409449,0,30,1,2,0,3,14,12,0,0,0,6,16,1,4,0,200,0,0,200,200
409449,0,30,1,2,0,3,14,12,0,0,0,6,16,0,6,0,1,0,0,200,200
409449,4,30,1,2,0,3,14,12,0,0,0,6,16,0,6,200,0,0,0,200,200
409449,1,30,1,2,0,3,14,12,0,0,0,6,16,200,200,0,200,200,200,200,200
409449,1,30,1,2,0,3,14,12,0,0,0,6,16,1,200,0,200,200,200,200,200
409452,0,30,0,0,0,1,7,5,0,0,0,20,0,2,200,200,2,200,200,200,200
409454,0,25,0,0,200,200,7,5,0,0,0,0,200,2,200,200,200,200,200,200,200
409455,0,25,0,0,0,1,12,6,0,0,1,21,200,1,4,200,2,0,0,200,200
409455,0,25,0,0,0,1,12,6,0,0,1,21,200,1,7,200,0,0,0,200,200
409461,0,30,0,0,0,1,7,7,0,0,0,11,200,1,8,0,12,0,0,200,200
409480,0,30,0,0,0,200,2,0,0,0,0,0,0,2,200,200,200,200,200,200,200
409482,0,30,3,0,0,1,0,7,0,0,0,20,200,0,7,0,6,200,0,200,200
409482,0,30,3,0,0,1,0,7,0,0,0,20,200,0,6,0,0,0,0,200,200
409483,0,30,0,0,0,1,2,6,0,0,0,0,200,2,200,200,200,200,200,200,200
409484,0,30,0,0,0,1,2,2,0,0,0,0,200,2,200,200,200,200,200,200,200
409489,0,0,0,0,0,1,7,7,0,0,0,0,0,2,200,200,200,200,200,200,200
409491,0,10,0,0,0,1,7,7,0,0,0,0,0,0,7,200,6,200,200,200,200
409500,0,30,1,2,0,1,14,5,0,0,0,0,0,0,5,0,200,200,0,200,200
409500,0,30,1,2,0,1,14,5,0,0,0,0,0,0,9,0,200,0,0,200,200
409500,1,30,1,2,0,1,14,5,0,0,0,0,0,0,5,0,200,200,200,200,200
409500,1,30,1,2,0,1,14,5,0,0,0,0,0,0,5,0,200,200,200,200,200
409500,1,30,1,2,0,1,14,5,0,0,0,0,0,1,5,0,200,200,200,200,200
409500,1,30,1,2,0,1,14,5,0,0,0,0,0,0,5,0,200,200,200,200,200
409501,0,30,0,0,0,1,2,5,0,0,1,0,200,0,6,0,12,0,0,200,200
409506,0,5,0,0,0,1,9,0,0,200,200,0,0,1,200,200,12,200,200,200,200
409506,5,5,0,0,0,1,9,0,0,200,200,0,0,1,6,200,0,200,0,200,200
409508,0,30,0,0,0,0,10,5,0,0,0,18,200,1,5,0,3,0,0,200,200
409508,0,30,0,0,0,0,10,5,0,0,0,18,200,1,7,0,0,0,0,200,200
409514,0,30,1,5,0,1,12,5,0,0,0,0,0,1,7,7,0,0,0,200,200
409514,0,30,1,5,0,1,12,5,0,0,0,0,0,2,6,0,0,0,0,200,200
409516,0,30,2,200,0,1,10,5,0,0,200,0,0,1,200,200,200,200,200,200,200
409516,0,30,2,200,0,1,10,5,0,0,200,0,0,0,7,0,0,200,200,200,200
409519,0,25,1,2,0,3,7,6,0,0,0,15,6,0,200,200,8,200,200,200,200
409524,0,30,0,0,0,1,7,7,0,0,0,18,200,1,5,0,3,0,0,200,200
409528,0,30,0,200,0,1,7,5,0,200,200,0,0,0,200,200,12,200,200,200,200
409543,0,30,0,0,0,1,2,5,0,0,0,0,0,0,6,0,200,0,0,200,200
409545,0,35,1,2,0,1,10,5,0,0,0,0,0,0,6,0,0,0,0,200,200
409545,0,35,1,2,0,1,10,5,0,0,0,0,0,1,6,0,0,0,0,200,200
409545,1,35,1,2,0,1,10,5,0,0,0,0,0,1,6,0,200,200,200,200,200
409555,0,30,1,2,0,1,14,3,0,0,0,23,17,1,200,200,1,0,0,200,200
409555,0,30,1,2,0,1,14,3,0,0,0,23,17,1,200,200,1,0,0,200,200
409558,0,20,0,0,0,1,7,2,0,0,200,0,20,1,200,200,6,200,200,200,200
409560,0,45,0,0,0,1,12,3,0,0,0,0,200,2,200,200,200,200,200,200,200
409560,0,45,0,0,0,1,12,3,0,0,0,0,200,0,7,0,0,0,0,200,200
409562,0,30,0,0,0,1,0,7,0,0,0,20,11,0,7,0,6,0,0,200,200
409562,0,30,0,0,0,1,0,7,0,0,0,20,11,1,6,0,12,0,0,200,200
409562,1,30,0,0,0,1,0,7,0,0,0,20,11,1,7,0,200,200,200,200,200
409563,0,30,0,0,0,1,0,0,0,0,0,200,200,1,5,0,0,0,0,200,200
409563,0,30,0,0,0,1,0,0,0,0,0,200,200,0,4,0,0,0,0,200,200
409564,0,30,0,0,0,1,7,5,0,0,0,0,200,0,6,200,200,200,200,200,200
409565,4,35,0,0,0,1,8,5,0,0,0,35,200,0,5,7,1,0,0,200,200
409565,0,35,0,0,0,1,8,5,0,0,0,35,200,1,7,0,0,0,0,200,200
409569,1,30,0,0,0,1,12,5,0,0,0,0,0,1,200,0,200,200,200,200,200
409569,0,30,0,0,0,1,12,5,0,0,0,0,0,0,6,0,0,0,0,200,200
409569,0,30,0,0,0,1,12,5,0,0,0,0,0,0,7,0,0,0,0,200,200
409569,1,30,0,0,0,1,12,5,0,0,0,0,0,1,200,0,200,200,200,200,200
409569,1,30,0,0,0,1,12,5,0,0,0,0,0,0,200,0,200,200,200,200,200
409573,0,20,0,0,200,200,7,7,0,0,0,0,0,2,200,200,200,200,200,200,200
409574,0,30,0,0,0,1,7,5,0,0,0,28,0,1,6,0,12,0,0,200,200
409577,0,30,1,2,0,1,14,3,0,0,0,17,0,1,9,0,1,0,0,200,200
409577,0,30,1,2,0,1,14,3,0,0,0,17,0,0,7,0,0,0,0,200,200
409577,1,30,1,2,0,1,14,3,0,0,0,17,0,0,200,200,200,200,200,200,200
409577,1,30,1,2,0,1,14,3,0,0,0,17,0,1,200,200,200,200,200,200,200
409578,0,30,1,2,0,1,3,2,0,0,0,20,200,0,6,200,6,200,200,200,200
409578,0,30,1,2,0,1,3,2,0,0,0,20,200,1,6,200,0,0,0,200,200
409583,0,25,0,0,0,1,10,5,0,0,0,0,0,1,5,200,1,0,0,200,200
409583,0,25,0,0,0,1,10,5,0,0,0,0,0,1,6,200,0,0,0,200,200
409587,0,30,0,0,0,1,7,6,0,0,0,22,200,0,7,200,7,200,200,200,200
409589,0,30,0,0,0,1,9,6,0,0,0,0,0,0,200,200,200,200,200,200,200
409589,5,30,0,0,0,1,9,6,0,0,0,0,0,0,200,200,0,12,0,200,200
409591,0,30,1,2,0,1,10,5,0,0,0,18,200,1,200,200,200,200,200,200,200
409591,0,30,1,2,0,1,10,5,0,0,0,18,200,1,6,200,0,0,0,200,200
409592,0,30,0,0,0,1,7,5,0,0,0,200,200,1,200,200,0,200,200,200,200
409598,0,0,0,0,0,1,9,5,0,0,0,0,0,1,200,200,200,200,200,200,200
409598,5,0,0,0,0,1,9,5,0,0,0,0,0,0,8,200,0,200,0,200,200
409600,0,35,3,2,0,1,12,5,0,0,0,22,17,0,6,0,2,0,0,200,200
409600,0,35,3,2,0,1,12,5,0,0,0,22,17,0,5,0,0,0,0,200,200
409601,0,30,1,1,0,1,2,5,0,0,0,0,200,1,7,0,200,0,0,200,200
409605,0,30,1,2,0,1,0,2,0,0,0,6,200,1,5,0,5,0,0,200,200
409605,0,30,1,2,0,1,0,2,0,0,0,6,200,0,7,0,0,0,0,200,200
409605,1,30,1,2,0,1,0,2,0,0,0,6,200,1,2,0,200,200,200,200,200
409606,0,30,0,0,0,1,7,7,0,0,0,0,0,2,200,200,200,200,200,200,200
409610,0,20,2,200,0,1,0,6,0,0,0,10,200,1,6,0,200,0,0,200,200
409610,0,20,2,200,0,1,0,6,0,0,0,10,200,0,6,2,9,0,0,200,200
409610,1,20,2,200,0,1,0,6,0,0,0,10,200,0,200,2,200,200,200,200,200
409611,0,35,0,0,0,1,10,7,0,0,0,0,0,1,200,200,200,200,200,200,200
409611,0,35,0,0,0,1,10,7,0,0,0,0,0,0,8,0,0,0,0,200,200
409613,0,30,0,0,0,1,7,5,0,0,0,21,200,2,200,200,12,200,200,200,200
409620,0,30,0,0,0,1,12,5,0,0,0,0,0,0,6,200,200,200,200,200,200
409620,0,30,0,0,0,1,12,5,0,0,0,0,0,0,6,0,0,0,0,200,200
409633,0,30,0,0,0,1,7,5,0,0,0,20,11,1,9,0,6,0,0,200,200
409634,0,25,4,2,0,1,12,2,0,0,0,16,17,1,6,200,1,0,0,200,200
409634,0,25,4,2,0,1,12,2,0,0,0,16,17,1,5,200,1,0,0,200,200
409637,0,30,0,0,0,3,7,5,0,0,0,0,200,0,200,200,200,200,200,200,200
409640,0,30,200,2,0,1,7,5,0,1,0,0,0,2,200,200,1,200,200,200,200
409652,0,30,0,0,0,1,10,5,0,0,0,18,200,0,4,0,3,0,0,200,200
409652,0,30,0,0,0,1,10,5,0,0,0,18,200,0,5,0,0,0,0,200,200
409653,0,30,0,0,0,1,0,5,0,0,0,17,200,1,8,0,1,0,0,200,200
409653,0,30,0,0,0,1,0,5,0,0,0,17,200,0,6,0,0,0,0,200,200
409654,0,15,0,0,0,1,10,6,0,0,0,20,200,0,5,0,6,0,0,200,200
409654,0,15,0,0,0,1,10,6,0,0,0,20,200,1,6,0,0,0,0,200,200
409655,0,0,1,1,0,1,14,1,0,0,200,200,200,2,200,200,1,200,200,200,200
409655,0,0,1,1,0,1,14,1,0,0,200,200,200,0,6,0,200,200,0,200,200
409655,1,0,1,1,0,1,14,1,0,0,200,200,200,0,7,1,200,200,200,200,200
409656,0,30,0,0,0,1,14,5,0,0,0,17,200,0,6,200,1,200,0,200,200
409656,0,30,0,0,0,1,14,5,0,0,0,17,200,0,6,200,0,200,0,200,200