RD_NO,PERSON_TYPE,POSTED_SPEED_LIMIT,TRAFFIC_CONTROL_DEVICE,DEVICE_CONDITION,WEATHER_CONDITION,LIGHTING_CONDITION,FIRST_CRASH_TYPE,TRAFFICWAY_TYPE,ALIGNMENT,ROADWAY_SURFACE_COND,ROAD_DEFECT,PRIM_CONTRIBUTORY_CAUSE,SEC_CONTRIBUTORY_CAUSE,SEX,AGE,SAFETY_EQUIPMENT,DRIVER_ACTION,DRIVER_VISION,PHYSICAL_CONDITION,BAC_RESULT VALUE,CELL_PHONE_USE
409656,1,30,0,0,0,1,14,5,0,0,0,17,200,1,6,200,200,200,200,200,200
409656,1,30,0,0,0,1,14,5,0,0,0,17,200,0,1,5,200,200,200,200,200
409658,0,25,2,2,0,1,0,5,0,0,0,17,200,0,7,0,200,0,0,200,200
409658,0,25,2,2,0,1,0,5,0,0,0,17,200,0,5,0,0,0,0,200,200
409658,1,25,2,2,0,1,0,5,0,0,0,17,200,0,0,0,200,200,200,200,200
409659,0,30,1,2,0,1,10,2,0,0,200,21,0,1,7,0,4,200,0,200,200
409659,0,30,1,2,0,1,10,2,0,0,200,21,0,0,5,0,0,0,0,200,200
409659,1,30,1,2,0,1,10,2,0,0,200,21,0,0,8,0,200,200,200,200,200
409662,0,30,1,2,0,1,12,5,0,0,0,0,200,0,200,200,200,200,200,200,200
409662,0,30,1,2,0,1,12,5,0,0,0,0,200,0,7,0,0,0,0,200,200
409664,0,25,2,1,0,1,0,5,0,0,0,7,200,1,3,0,12,0,0,200,200
409664,0,25,2,1,0,1,0,5,0,0,0,7,200,0,5,0,0,0,0,200,200
409664,1,25,2,1,0,1,0,5,0,0,0,7,200,0,200,0,200,200,200,200,200
409664,1,25,2,1,0,1,0,5,0,0,0,7,200,1,200,7,200,200,200,200,200
409664,1,25,2,1,0,1,0,5,0,0,0,7,200,200,200,0,200,200,200,200,200
409664,1,25,2,1,0,1,0,5,0,0,0,7,200,0,200,0,200,200,200,200,200
409664,1,25,2,1,0,1,0,5,0,0,0,7,200,0,5,0,200,200,200,200,200
409664,1,25,2,1,0,1,0,5,0,0,0,7,200,0,2,7,200,200,200,200,200
409664,1,25,2,1,0,1,0,5,0,0,0,7,200,0,2,0,200,200,200,200,200
409664,1,25,2,1,0,1,0,5,0,0,0,7,200,0,1,0,200,200,200,200,200
409672,4,30,0,0,0,1,8,5,0,0,0,200,200,0,2,200,0,0,0,200,200
409674,0,30,0,0,0,1,10,5,0,0,0,0,0,1,200,200,200,200,200,200,200
409674,0,30,0,0,0,1,10,5,0,0,0,0,0,1,5,0,0,0,0,200,200
409679,0,0,0,0,0,1,7,7,0,0,0,11,0,2,200,200,6,200,200,200,200
409683,0,30,1,200,0,1,9,5,0,0,0,16,200,0,6,7,12,0,0,200,200
409683,5,30,1,200,0,1,9,5,0,0,0,16,200,1,5,7,0,0,0,200,200
409687,0,25,0,0,0,1,7,5,0,0,0,0,200,1,7,0,0,0,0,200,200
409687,1,25,0,0,0,1,7,5,0,0,0,0,200,0,6,0,200,200,200,200,200
409691,0,35,0,0,0,1,7,6,0,0,200,25,0,0,5,200,8,200,200,200,200
409696,0,30,200,200,0,1,2,5,2,0,200,0,200,0,6,200,200,200,200,200,200
409703,0,30,0,0,0,1,7,5,0,0,0,0,0,2,200,200,1,200,200,200,200
409709,0,25,0,0,0,1,7,6,0,0,0,12,0,1,5,0,12,0,0,200,200
409709,1,25,0,0,0,1,7,6,0,0,0,12,0,0,2,5,200,200,200,200,200
409709,1,25,0,0,0,1,7,6,0,0,0,12,0,1,0,5,200,200,200,200,200
409709,1,25,0,0,0,1,7,6,0,0,0,12,0,1,1,5,200,200,200,200,200
409713,0,30,0,0,0,3,7,6,0,0,0,0,200,1,6,0,200,0,0,200,200
409716,0,30,0,0,0,1,12,5,0,0,0,17,200,1,6,200,1,0,0,200,200
409716,0,30,0,0,0,1,12,5,0,0,0,17,200,1,4,200,0,0,0,200,200
409716,1,30,0,0,0,1,12,5,0,0,0,17,200,1,4,200,200,200,200,200,200
409716,1,30,0,0,0,1,12,5,0,0,0,17,200,0,3,200,200,200,200,200,200
409716,1,30,0,0,0,1,12,5,0,0,0,17,200,1,3,200,200,200,200,200,200
409716,1,30,0,0,0,1,12,5,0,0,0,17,200,1,200,200,200,200,200,200,200
409720,0,30,0,0,0,1,7,6,0,200,200,0,200,0,200,200,6,200,200,200,200
409721,0,30,0,0,0,1,2,7,0,0,0,20,200,0,6,200,6,200,0,200,200
409721,1,30,0,0,0,1,2,7,0,0,0,20,200,0,6,7,200,200,200,200,200
409737,0,30,200,200,0,1,9,200,0,0,200,0,200,2,200,200,200,200,200,200,200
409737,5,30,200,200,0,1,9,200,0,0,200,0,200,1,6,7,200,200,0,200,200
409745,0,25,0,0,0,1,10,5,0,0,0,20,200,0,200,200,6,200,200,200,200
409745,0,25,0,0,0,1,10,5,0,0,0,20,200,0,200,0,0,0,0,200,200
409754,0,30,0,0,0,1,7,5,0,0,0,0,0,2,200,200,200,200,200,200,200
409764,0,30,0,0,0,2,7,6,0,0,0,200,200,2,200,200,0,200,200,200,200
409767,0,30,0,0,0,1,12,5,0,0,0,17,200,1,6,0,3,0,0,200,200
409767,0,30,0,0,0,1,12,5,0,0,0,17,200,1,6,0,0,0,0,200,200
409777,0,30,0,0,0,1,0,5,0,0,0,17,200,1,7,0,1,0,0,200,200
409777,0,30,0,0,0,1,0,5,0,0,0,17,200,0,6,0,0,0,0,200,200
409777,1,30,0,0,0,1,0,5,0,0,0,17,200,1,200,0,200,200,200,200,200
409777,1,30,0,0,0,1,0,5,0,0,0,17,200,1,200,5,200,200,200,200,200
409781,0,30,0,0,0,1,14,5,0,200,200,23,22,1,200,200,7,200,200,200,200
409781,0,30,0,0,0,1,14,5,0,200,200,23,22,0,8,0,12,200,0,200,200
409781,1,30,0,0,0,1,14,5,0,200,200,23,22,0,200,200,200,200,200,200,200
409781,1,30,0,0,0,1,14,5,0,200,200,23,22,0,200,0,200,200,200,200,200
409786,0,30,0,0,0,1,7,7,0,0,200,0,0,0,5,0,200,200,200,200,200
409787,0,20,0,0,0,1,7,5,0,0,0,7,7,0,7,0,200,6,0,200,200
409795,0,25,200,2,0,1,12,6,0,0,0,22,17,0,6,200,1,0,0,200,200
409795,0,25,200,2,0,1,12,6,0,0,0,22,17,1,8,200,200,0,0,200,200
409795,1,25,200,2,0,1,12,6,0,0,0,22,17,0,7,200,200,200,200,200,200
409796,0,30,1,2,0,1,12,5,0,0,0,0,200,0,200,200,200,200,200,200,200
409796,0,30,1,2,0,1,12,5,0,0,0,0,200,1,5,0,0,0,0,200,200
409796,1,30,1,2,0,1,12,5,0,0,0,0,200,1,200,200,200,200,200,200,200
409809,0,30,0,0,0,1,11,2,0,0,0,21,200,0,6,0,12,0,3,200,200
409809,0,30,0,0,0,1,11,2,0,0,0,21,200,2,200,200,200,200,200,200,200
409810,0,30,1,2,0,1,14,5,0,0,0,17,200,0,6,200,1,200,200,200,200
409810,0,30,1,2,0,1,14,5,0,0,0,17,200,1,5,0,0,0,0,200,200
409810,1,30,1,2,0,1,14,5,0,0,0,17,200,1,6,0,200,200,200,200,200
409811,0,30,0,0,0,1,12,5,0,0,0,200,200,0,200,200,0,200,200,200,200
409811,0,30,0,0,0,1,12,5,0,0,0,200,200,0,5,0,0,0,0,200,200
409811,1,30,0,0,0,1,12,5,0,0,0,200,200,0,200,0,200,200,200,200,200
409811,1,30,0,0,0,1,12,5,0,0,0,200,200,1,200,0,200,200,200,200,200
409816,0,20,2,2,0,1,7,6,0,0,0,8,200,1,7,200,200,200,200,200,200
409826,0,30,1,2,0,1,14,3,0,0,0,3,16,0,5,200,5,0,0,200,200
409826,0,30,1,2,0,1,14,3,0,0,0,3,16,0,5,200,0,0,0,200,200
409826,1,30,1,2,0,1,14,3,0,0,0,3,16,1,5,200,200,200,200,200,200
409834,0,30,1,2,0,1,10,2,0,0,0,0,0,0,7,0,200,0,0,200,200
409834,0,30,1,2,0,1,10,2,0,0,0,0,0,1,6,0,0,0,0,200,200
409839,0,30,0,0,0,1,7,5,0,200,200,20,20,0,5,200,6,200,200,200,200
409839,1,30,0,0,0,1,7,5,0,200,200,20,20,1,6,0,200,200,200,200,200
409842,0,30,2,2,0,1,10,5,0,0,0,18,0,0,200,200,3,200,200,200,200
409842,0,30,2,2,0,1,10,5,0,0,0,18,0,0,6,0,12,0,0,200,200
409842,1,30,2,2,0,1,10,5,0,0,0,18,0,0,2,0,200,200,200,200,200
409844,0,30,0,0,0,1,7,5,0,0,0,12,0,0,6,200,12,0,0,200,200
409846,0,30,0,0,0,1,8,5,0,0,0,0,200,2,200,200,200,200,200,200,200
409846,4,30,0,0,0,1,8,5,0,0,0,0,200,0,7,7,0,0,0,200,200
409851,0,30,0,0,0,1,11,5,0,0,0,35,200,0,200,200,0,200,200,200,200
409851,0,30,0,0,0,1,11,5,0,0,0,35,200,0,5,0,0,0,0,200,200
409853,0,30,1,200,0,1,12,5,0,0,200,0,0,0,6,200,200,200,200,200,200
409853,0,30,1,200,0,1,12,5,0,0,200,0,0,0,6,0,200,200,200,200,200
409861,0,5,0,0,0,1,7,7,0,0,0,11,200,0,5,0,12,0,0,200,200
409865,0,10,0,0,0,1,10,12,0,0,0,0,200,0,200,200,200,200,200,200,200
409865,0,10,0,0,0,1,10,12,0,0,0,0,200,1,6,0,200,200,0,200,200
409865,1,10,0,0,0,1,10,12,0,0,0,0,200,200,200,0,200,200,200,200,200
409875,0,30,2,2,0,1,0,5,0,0,0,5,11,0,2,0,5,0,0,200,200
409875,0,30,2,2,0,1,0,5,0,0,0,5,11,0,8,0,0,0,0,200,200
409875,0,30,2,2,0,1,0,5,0,0,0,5,11,0,6,0,0,0,0,200,200
409875,1,30,2,2,0,1,0,5,0,0,0,5,11,1,6,0,200,200,200,200,200
409880,0,15,0,0,0,1,7,7,0,0,0,0,0,2,200,200,200,200,200,200,200
409887,0,30,0,0,0,1,12,5,0,0,0,22,200,0,5,0,2,0,0,200,200
409887,0,30,0,0,0,1,12,5,0,0,0,22,200,0,6,0,0,0,0,200,200
409890,0,30,2,12,0,1,0,5,0,0,0,5,200,0,6,200,1,0,0,200,200
409890,0,30,2,12,0,1,0,5,0,0,0,5,200,0,7,200,0,0,0,200,200
409890,0,30,2,12,0,1,0,5,0,0,0,5,200,0,6,200,0,0,0,200,200
409890,1,30,2,12,0,1,0,5,0,0,0,5,200,0,6,200,200,200,200,200,200
409890,1,30,2,12,0,1,0,5,0,0,0,5,200,1,7,200,200,200,200,200,200
409890,1,30,2,12,0,1,0,5,0,0,0,5,200,1,4,200,200,200,200,200,200
409890,1,30,2,12,0,1,0,5,0,0,0,5,200,0,4,200,200,200,200,200,200
409897,0,30,12,12,0,1,10,3,0,0,200,18,0,0,200,200,3,200,200,200,200
409897,0,30,12,12,0,1,10,3,0,0,200,18,0,0,6,200,200,200,0,200,200
409898,0,30,2,2,0,3,10,5,0,0,0,18,0,0,5,200,3,0,12,200,200
409898,0,30,2,2,0,3,10,5,0,0,0,18,0,0,6,0,0,0,0,200,200
409910,0,20,0,0,0,1,7,7,0,0,200,0,0,2,200,200,200,200,200,200,200
409912,0,30,0,0,0,1,7,7,0,0,0,11,200,0,200,0,12,0,0,200,200
409916,0,35,0,0,0,1,10,5,0,0,0,22,22,1,7,0,0,0,0,200,200
409916,0,35,0,0,0,1,10,5,0,0,0,22,22,0,200,200,200,200,200,200,200
409916,1,35,0,0,0,1,10,5,0,0,0,22,22,1,8,0,200,200,200,200,200
409916,1,35,0,0,0,1,10,5,0,0,0,22,22,1,6,0,200,200,200,200,200
409916,1,35,0,0,0,1,10,5,0,0,0,22,22,200,200,200,200,200,200,200,200
409918,0,30,0,0,0,1,8,5,0,0,0,0,0,2,200,200,200,200,200,200,200
409918,4,30,0,0,0,1,8,5,0,0,0,0,0,0,3,2,5,200,7,200,200
409919,0,30,0,0,0,1,12,2,0,0,0,11,0,1,5,200,2,200,0,200,200
409919,0,30,0,0,0,1,12,2,0,0,0,11,0,1,7,200,200,200,0,200,200
409919,1,30,0,0,0,1,12,2,0,0,0,11,0,1,200,200,200,200,200,200,200
409919,1,30,0,0,0,1,12,2,0,0,0,11,0,1,200,200,200,200,200,200,200
409930,0,35,1,2,0,1,10,1,0,0,0,14,18,0,200,200,3,200,200,200,200
409931,0,30,0,0,0,4,10,5,0,0,0,200,200,0,7,0,0,0,0,200,200
409931,0,30,0,0,0,4,10,5,0,0,0,200,200,1,5,0,0,0,0,200,200
409932,0,30,0,0,0,4,7,6,0,0,0,0,0,2,200,200,200,200,200,200,200
409933,0,10,0,0,0,1,7,7,0,0,0,20,20,1,7,0,6,0,0,200,200
409933,1,10,0,0,0,1,7,7,0,0,0,20,20,0,6,0,200,200,200,200,200
409933,1,10,0,0,0,1,7,7,0,0,0,20,20,1,6,0,200,200,200,200,200
409939,0,30,0,0,0,3,11,0,0,0,0,17,200,0,6,0,1,0,0,200,200
409939,0,30,0,0,0,3,11,0,0,0,0,17,200,1,5,0,0,0,0,200,200
409945,0,20,0,0,0,3,7,5,2,0,0,23,11,0,5,200,7,200,0,200,200
409951,0,30,1,2,0,3,14,5,0,0,0,200,200,1,5,0,1,0,0,200,200
409951,0,30,1,2,0,3,14,5,0,0,0,200,200,0,4,0,0,0,0,200,200
409956,0,30,0,0,0,0,12,6,0,0,0,0,0,1,4,200,200,200,200,200,200
409956,0,30,0,0,0,0,12,6,0,0,0,0,0,1,4,200,200,200,200,200,200
409957,0,30,0,0,0,3,12,2,0,0,0,21,200,1,6,200,12,0,200,200,200
409957,0,30,0,0,0,3,12,2,0,0,0,21,200,0,5,0,0,0,0,200,200
409957,0,30,0,0,0,3,12,2,0,0,0,21,200,0,5,0,0,0,0,200,200
409957,0,30,0,0,0,3,12,2,0,0,0,21,200,0,6,0,0,0,0,200,200
409957,0,30,0,0,0,3,12,2,0,0,0,21,200,1,4,0,0,0,0,200,200
409957,1,30,0,0,0,3,12,2,0,0,0,21,200,0,200,0,200,200,200,200,200
409957,1,30,0,0,0,3,12,2,0,0,0,21,200,1,200,0,200,200,200,200,200
409957,1,30,0,0,0,3,12,2,0,0,0,21,200,0,200,0,200,200,200,200,200
409957,1,30,0,0,0,3,12,2,0,0,0,21,200,1,200,200,200,200,200,200,200
409957,1,30,0,0,0,3,12,2,0,0,0,21,200,1,200,200,200,200,200,200,200
409958,0,30,0,0,0,1,7,5,0,0,0,0,0,2,200,200,200,200,200,200,200
409963,0,30,0,0,0,0,12,3,0,0,200,0,0,0,6,200,200,200,200,200,200
409963,0,30,0,0,0,0,12,3,0,0,200,0,0,1,6,0,200,200,200,200,200
409964,0,30,0,0,0,0,7,5,0,0,0,25,200,0,3,200,13,200,0,200,200
409964,1,30,0,0,0,0,7,5,0,0,0,25,200,1,200,200,200,200,200,200,200
409964,1,30,0,0,0,0,7,5,0,0,0,25,200,0,200,200,200,200,200,200,200
409968,0,30,0,0,0,1,7,6,0,0,0,11,0,2,200,200,200,200,200,200,200
409971,0,30,0,0,0,3,3,5,0,0,0,0,0,0,200,200,200,200,200,200,200
409971,0,30,0,0,0,3,3,5,0,0,0,0,0,1,6,200,200,200,200,200,200
409979,0,20,0,0,0,3,7,6,0,0,0,20,11,2,200,200,200,200,200,200,200
409982,0,30,2,2,0,3,0,12,0,0,0,0,0,0,5,0,12,0,0,200,200
409982,0,30,2,2,0,3,0,12,0,0,0,0,0,0,5,0,200,0,0,200,200
409982,1,30,2,2,0,3,0,12,0,0,0,0,0,1,5,0,200,200,200,200,200
409989,0,30,1,2,0,3,9,5,0,0,0,17,0,0,6,0,1,0,0,200,200
409989,5,30,1,2,0,3,9,5,0,0,0,17,0,1,7,7,12,0,0,200,200
409992,0,30,1,200,0,1,7,6,0,0,0,0,0,0,4,200,200,200,200,200,200
409995,0,30,0,0,0,200,7,6,0,0,0,0,200,2,200,200,200,200,200,200,200
410007,0,20,0,0,0,1,7,6,0,0,3,11,11,2,200,200,10,200,200,200,200
410009,0,30,0,0,0,0,7,5,0,0,0,0,0,2,200,200,200,200,200,200,200
410011,0,25,2,2,0,3,14,5,0,0,0,17,5,0,5,0,1,0,0,200,200
410011,0,25,2,2,0,3,14,5,0,0,0,17,5,0,9,0,0,0,0,200,200
410018,0,30,0,0,0,3,7,6,0,0,0,200,200,2,0,200,200,200,200,200,200
410023,0,30,1,2,0,3,10,5,0,0,0,0,0,1,200,200,200,0,200,200,200
410023,0,30,1,2,0,3,10,5,0,0,0,0,0,0,7,200,0,0,0,200,200
410029,0,30,2,2,0,3,10,6,0,0,0,0,0,2,200,200,3,200,200,200,200
410029,0,30,2,2,0,3,10,6,0,0,0,0,0,1,6,200,0,0,0,200,200
410029,1,30,2,2,0,3,10,6,0,0,0,0,0,1,7,200,200,200,200,200,200
410029,1,30,2,2,0,3,10,6,0,0,0,0,0,0,7,200,200,200,200,200,200
410032,0,30,0,0,0,3,12,2,0,0,0,17,0,0,5,0,1,200,0,200,200
410032,0,30,0,0,0,3,12,2,0,0,0,17,0,0,6,0,0,200,0,200,200
410032,1,30,0,0,0,3,12,2,0,0,0,17,0,1,6,0,200,200,200,200,200
410032,1,30,0,0,0,3,12,2,0,0,0,17,0,0,2,0,200,200,200,200,200
410033,0,35,0,0,0,2,14,2,0,0,0,200,200,0,4,0,4,0,0,200,200
410033,0,35,0,0,0,2,14,2,0,0,0,200,200,0,7,0,0,0,0,200,200
410035,0,0,0,0,0,1,7,5,0,0,0,0,0,2,200,200,200,200,200,200,200
410036,0,30,0,0,0,0,10,2,0,0,0,18,12,0,5,0,3,0,0,200,200
410036,0,30,0,0,0,0,10,2,0,0,0,18,12,1,6,0,200,0,0,200,200
410036,1,30,0,0,0,0,10,2,0,0,0,18,12,0,3,0,200,200,200,200,200
410042,0,30,2,2,0,3,14,2,0,0,0,0,200,0,7,200,200,200,0,200,200
410042,0,30,2,2,0,3,14,2,0,0,0,0,200,1,6,200,200,0,0,200,200
410043,0,30,0,2,0,3,10,5,0,0,0,16,200,0,200,200,12,200,200,200,200
410043,0,30,0,2,0,3,10,5,0,0,0,16,200,1,6,0,12,200,0,200,200
410043,0,30,0,2,0,3,10,5,0,0,0,16,200,0,200,200,12,200,200,200,200
410044,0,30,2,2,0,3,10,5,0,0,0,20,200,2,200,200,6,200,200,200,200
410044,0,30,2,2,0,3,10,5,0,0,0,20,200,1,6,0,0,0,0,200,200
410044,1,30,2,2,0,3,10,5,0,0,0,20,200,0,200,0,200,200,200,200,200
410044,1,30,2,2,0,3,10,5,0,0,0,20,200,2,200,0,200,200,200,200,200
410044,1,30,2,2,0,3,10,5,0,0,0,20,200,2,200,0,200,200,200,200,200
410044,1,30,2,2,0,3,10,5,0,0,0,20,200,2,200,0,200,200,200,200,200
410048,0,20,1,2,0,3,14,5,0,0,0,11,4,1,5,200,9,0,0,200,200
410048,0,20,1,2,0,3,14,5,0,0,0,11,4,1,6,200,9,0,0,200,200
410048,1,20,1,2,0,3,14,5,0,0,0,11,4,0,1,0,200,200,200,200,200
410064,0,30,0,0,0,3,7,6,0,0,0,0,0,2,200,200,200,200,200,200,200
410070,0,30,2,2,0,3,2,3,0,0,0,33,200,0,7,0,12,0,0,200,200
410071,0,30,0,0,0,3,12,6,0,0,0,21,200,0,5,0,4,0,0,200,200
410071,0,30,0,0,0,3,12,6,0,0,0,21,200,0,6,0,0,0,0,200,200
410082,0,30,0,0,0,3,7,6,0,0,0,20,200,1,8,0,6,200,0,200,200
410085,0,30,0,0,0,3,12,6,0,0,200,0,200,2,200,200,200,200,200,200,200
410085,0,30,0,0,0,3,12,6,0,0,200,0,200,0,5,200,200,200,0,200,200
410087,0,30,0,0,0,3,10,2,0,0,0,6,16,0,5,2,1,0,0,200,200
410087,0,30,0,0,0,3,10,2,0,0,0,6,16,1,5,3,1,0,0,200,200
410087,1,30,0,0,0,3,10,2,0,0,0,6,16,1,5,200,200,200,200,200,200
410089,0,30,1,0,0,3,12,5,0,0,0,22,200,0,5,0,4,0,0,200,200
410089,0,30,1,0,0,3,12,5,0,0,0,22,200,1,6,0,0,0,0,200,200
410091,0,15,0,0,0,0,7,5,0,0,0,0,0,2,200,200,200,200,200,200,200
410108,0,35,0,0,0,3,8,12,0,0,0,16,200,0,6,0,12,0,0,200,200
410108,4,35,0,0,0,3,8,12,0,0,0,16,200,0,3,7,0,0,0,200,200
410113,0,35,0,0,0,0,5,0,0,0,0,0,200,0,0,0,12,12,200,200,200
410116,0,30,2,2,0,3,0,3,0,0,0,16,200,0,4,0,5,0,0,200,200
410116,0,30,2,2,0,3,0,3,0,0,0,16,200,0,7,0,0,0,0,200,200
410116,1,30,2,2,0,3,0,3,0,0,0,16,200,1,6,0,200,200,200,200,200
410119,0,30,2,2,0,3,12,12,0,0,0,0,0,0,200,200,12,200,200,200,200
410119,0,30,2,2,0,3,12,12,0,0,0,0,0,0,6,200,0,0,0,200,200
410119,1,30,2,2,0,3,12,12,0,0,0,0,0,1,200,200,200,200,200,200,200
410122,0,35,1,2,0,0,14,5,0,0,0,0,200,1,200,200,200,200,200,200,200
410122,0,35,1,2,0,0,14,5,0,0,0,0,200,1,6,0,0,0,0,200,200
410122,1,35,1,2,0,0,14,5,0,0,0,0,200,0,5,0,200,200,200,200,200
410126,0,30,1,2,0,3,14,5,0,0,0,6,200,0,4,0,5,200,0,200,200
410126,0,30,1,2,0,3,14,5,0,0,0,6,200,0,4,0,12,200,0,200,200
410133,0,30,0,0,0,3,14,2,0,0,0,23,17,0,6,0,200,0,0,200,200
410133,0,30,0,0,0,3,14,2,0,0,0,23,17,1,5,0,1,0,0,200,200
410133,1,30,0,0,0,3,14,2,0,0,0,23,17,1,3,0,200,200,200,200,200
410137,0,25,0,0,0,3,7,6,0,0,0,25,16,0,200,0,14,0,0,200,200
410137,0,25,0,0,0,3,7,6,0,0,0,25,16,0,3,200,8,0,7,200,200
410140,0,30,1,2,0,3,14,5,0,0,0,23,200,0,200,200,7,200,200,200,200
410140,0,30,1,2,0,3,14,5,0,0,0,23,200,1,6,0,0,0,0,200,200
410140,1,30,1,2,0,3,14,5,0,0,0,23,200,1,200,200,200,200,200,200,200
410143,0,35,1,2,0,3,14,5,0,0,0,17,0,0,6,2,0,0,0,200,200
410143,0,35,1,2,0,3,14,5,0,0,0,17,0,1,9,0,1,0,0,200,200
410145,0,35,0,0,0,3,7,6,0,0,0,0,0,2,200,200,200,200,200,200,200
410152,0,20,0,0,0,3,10,2,0,0,0,4,18,0,200,200,3,200,200,200,200
410152,0,20,0,0,0,3,10,2,0,0,0,4,18,0,6,200,0,0,0,200,200
410161,0,30,1,2,0,3,4,5,0,0,0,200,200,0,6,0,14,0,0,200,200
410161,1,30,1,2,0,3,4,5,0,0,0,200,200,1,5,0,200,200,200,200,200
410169,0,30,4,0,0,3,0,5,0,0,0,16,0,0,4,200,12,0,0,200,200
410169,0,30,4,0,0,3,0,5,0,0,0,16,0,0,200,200,0,0,0,200,200
410169,1,30,4,0,0,3,0,5,0,0,0,16,0,1,4,200,200,200,200,200,200
410169,1,30,4,0,0,3,0,5,0,0,0,16,0,0,4,200,200,200,200,200,200
410169,1,30,4,0,0,3,0,5,0,0,0,16,0,0,200,200,200,200,200,200,200
410174,0,20,0,0,0,3,14,2,0,0,200,17,22,1,5,200,1,200,0,200,200
410174,0,20,0,0,0,3,14,2,0,0,200,17,22,1,200,200,14,200,0,200,200
410175,0,30,2,200,0,3,1,200,0,0,200,0,0,2,200,200,5,200,200,200,200
410176,0,25,0,0,0,3,7,5,0,0,0,0,200,0,6,0,12,0,0,200,200
410195,0,30,2,2,0,3,0,3,0,1,0,17,17,1,6,0,200,0,0,200,200
410195,0,30,2,2,0,3,0,3,0,1,0,17,17,1,6,0,200,0,0,200,200
410197,0,30,0,0,0,3,7,5,0,0,0,21,19,0,6,200,4,0,5,0.18,200
410212,0,0,0,0,0,3,2,7,0,0,0,0,0,2,200,200,200,200,200,200,200
410233,0,30,0,0,0,1,10,2,0,0,0,8,200,0,6,200,12,0,0,200,200
410233,0,30,0,0,0,1,10,2,0,0,0,8,200,1,200,200,0,200,200,200,200
410250,0,30,0,0,0,0,7,6,0,0,0,21,200,0,6,200,200,200,200,200,200
410259,0,30,0,0,0,3,2,5,0,0,200,27,200,1,5,200,12,200,2,200,200
410263,0,30,0,0,0,3,10,6,0,0,0,25,200,0,200,200,6,200,200,200,200
410263,0,30,0,0,0,3,10,6,0,0,0,25,200,0,0,0,0,0,0,200,200
410264,0,25,0,0,0,3,7,5,0,0,0,0,0,2,200,200,200,200,200,200,200
410269,0,30,1,2,0,3,0,6,2,0,0,10,20,1,5,200,9,0,0,200,200
410269,0,30,1,2,0,3,0,6,2,0,0,10,20,0,6,200,200,0,0,200,200
410269,0,30,1,2,0,3,0,6,2,0,0,10,20,0,6,200,0,0,0,200,200
410269,1,30,1,2,0,3,0,6,2,0,0,10,20,0,6,200,200,200,200,200,200
410278,0,30,0,0,0,3,10,2,0,0,0,22,200,0,5,200,3,0,0,200,200
410278,0,30,0,0,0,3,10,2,0,0,0,22,200,1,8,200,0,0,0,200,200
410290,0,30,1,2,0,3,12,12,5,0,0,0,0,1,6,0,0,0,0,200,200
410290,0,30,1,2,0,3,12,12,5,0,0,0,0,1,5,0,4,0,0,200,200
410294,0,25,0,200,0,3,2,6,0,0,0,0,0,0,200,200,200,200,200,200,200
410294,1,25,0,200,0,3,2,6,0,0,0,0,0,0,5,200,200,200,200,200,200
410294,1,25,0,200,0,3,2,6,0,0,0,0,0,0,5,200,200,200,200,200,200
410294,1,25,0,200,0,3,2,6,0,0,0,0,0,200,200,200,200,200,200,200,200
410312,0,30,0,0,0,0,0,5,0,0,0,20,20,0,6,200,6,200,0,200,200
410312,0,30,0,0,0,0,0,5,0,0,0,20,20,0,5,0,0,0,0,200,200
410314,4,30,1,2,0,1,8,2,0,0,0,21,0,0,7,7,7,200,0,200,200
410314,0,30,1,2,0,1,8,2,0,0,0,21,0,0,7,0,0,0,0,200,200
410333,0,35,1,2,0,1,10,3,0,0,0,18,16,0,6,200,3,0,0,200,200
410333,0,35,1,2,0,1,10,3,0,0,0,18,16,0,8,200,0,0,0,200,200
410333,0,35,1,2,0,1,10,3,0,0,0,18,16,0,6,200,0,0,0,200,200
410340,0,20,0,0,0,1,7,5,0,0,3,0,0,2,200,200,200,200,200,200,200
410344,0,35,0,0,0,1,10,3,0,0,0,18,200,1,5,0,0,0,0,200,200
410345,0,30,1,2,0,1,10,5,0,0,0,0,0,1,7,0,200,0,0,200,200
410345,0,30,1,2,0,1,10,5,0,0,0,0,0,1,6,0,0,0,0,200,200
410347,0,30,1,2,0,1,10,5,0,0,0,16,18,0,6,200,1,200,200,200,200
410347,0,30,1,2,0,1,10,5,0,0,0,16,18,0,6,0,0,0,0,200,200
410349,0,30,0,0,0,1,10,5,0,0,0,16,200,0,6,0,3,0,0,200,200
410349,0,30,0,0,0,1,10,5,0,0,0,16,200,0,6,0,0,0,0,200,200
410356,0,30,0,0,0,1,12,6,0,0,0,17,200,1,7,200,1,0,0,200,200
410356,0,30,0,0,0,1,12,6,0,0,0,17,200,0,7,200,0,0,0,200,200
410358,0,30,1,2,0,1,12,2,0,0,0,22,0,1,6,0,2,0,0,200,200
410358,0,30,1,2,0,1,12,2,0,0,0,22,0,1,6,0,0,0,0,200,200
410359,0,30,0,0,0,1,7,5,0,0,0,0,0,0,7,0,12,0,0,200,200
410363,0,30,0,0,0,1,12,5,0,0,0,200,0,0,5,0,200,0,0,200,200