RD_NO,PERSON_TYPE,POSTED_SPEED_LIMIT,TRAFFIC_CONTROL_DEVICE,DEVICE_CONDITION,WEATHER_CONDITION,LIGHTING_CONDITION,FIRST_CRASH_TYPE,TRAFFICWAY_TYPE,ALIGNMENT,ROADWAY_SURFACE_COND,ROAD_DEFECT,PRIM_CONTRIBUTORY_CAUSE,SEC_CONTRIBUTORY_CAUSE,SEX,AGE,SAFETY_EQUIPMENT,DRIVER_ACTION,DRIVER_VISION,PHYSICAL_CONDITION,BAC_RESULT VALUE,CELL_PHONE_USE
410363,0,30,0,0,0,1,12,5,0,0,0,200,0,1,6,0,0,0,0,200,200
410363,1,30,0,0,0,1,12,5,0,0,0,200,0,0,3,0,200,200,200,200,200
410363,1,30,0,0,0,1,12,5,0,0,0,200,0,0,2,0,200,200,200,200,200
410363,1,30,0,0,0,1,12,5,0,0,0,200,0,0,6,0,200,200,200,200,200
410364,0,30,0,0,0,1,2,6,0,0,200,33,200,1,7,200,12,6,0,200,200
410373,0,30,0,0,0,1,14,2,0,0,0,21,200,0,7,0,2,0,0,200,200
410373,0,30,0,0,0,1,14,2,0,0,0,21,200,0,6,0,12,0,0,200,200
410373,1,30,0,0,0,1,14,2,0,0,0,21,200,0,2,0,200,200,200,200,200
410373,1,30,0,0,0,1,14,2,0,0,0,21,200,0,2,0,200,200,200,200,200
410374,0,30,1,2,0,1,12,5,0,0,0,8,20,0,7,200,6,5,0,200,200
410374,0,30,1,2,0,1,12,5,0,0,0,8,20,0,5,200,0,0,0,200,200
410375,0,30,2,2,0,1,0,5,0,0,0,0,200,1,6,0,200,0,0,200,200
410375,0,30,2,2,0,1,0,5,0,0,0,0,200,1,6,0,200,0,0,200,200
410375,1,30,2,2,0,1,0,5,0,0,0,0,200,0,2,0,200,200,200,200,200
410375,1,30,2,2,0,1,0,5,0,0,0,0,200,1,1,0,200,200,200,200,200
410380,0,40,3,0,0,1,12,2,0,0,0,22,0,1,5,0,4,0,0,200,200
410380,0,40,3,0,0,1,12,2,0,0,0,22,0,1,5,0,0,0,0,200,200
410387,0,30,0,0,0,1,10,2,0,0,0,200,200,1,6,200,200,200,200,200,200
410387,0,30,0,0,0,1,10,2,0,0,0,200,200,1,6,200,200,200,200,200,200
410387,1,30,0,0,0,1,10,2,0,0,0,200,200,0,2,200,200,200,200,200,200
410387,1,30,0,0,0,1,10,2,0,0,0,200,200,1,2,7,200,200,200,200,200
410387,1,30,0,0,0,1,10,2,0,0,0,200,200,200,1,7,200,200,200,200,200
410387,1,30,0,0,0,1,10,2,0,0,0,200,200,200,1,7,200,200,200,200,200
410388,0,30,1,2,0,1,0,6,0,0,0,6,200,0,5,200,5,0,0,200,200
410388,0,30,1,2,0,1,0,6,0,0,0,6,200,1,7,200,0,0,0,200,200
410393,0,30,0,0,0,1,12,2,0,0,0,0,0,0,5,200,200,200,0,200,200
410393,0,30,0,0,0,1,12,2,0,0,0,0,0,0,5,0,200,200,0,200,200
410393,1,30,0,0,0,1,12,2,0,0,0,0,0,1,5,0,200,200,200,200,200
410396,0,30,2,2,0,1,0,5,0,0,0,17,200,0,200,200,1,200,200,200,200
410396,0,30,2,2,0,1,0,5,0,0,0,17,200,0,6,0,0,0,0,200,200
410396,1,30,2,2,0,1,0,5,0,0,0,17,200,1,200,200,200,200,200,200,200
410396,1,30,2,2,0,1,0,5,0,0,0,17,200,0,200,200,200,200,200,200,200
410396,1,30,2,2,0,1,0,5,0,0,0,17,200,0,200,4,200,200,200,200,200
410398,0,20,0,0,0,1,8,5,0,0,0,17,17,0,6,1,12,0,0,200,200
410398,4,20,0,0,0,1,8,5,0,0,0,17,17,0,0,7,0,0,0,200,200
410399,0,30,0,0,0,1,7,5,0,0,0,0,0,1,200,200,200,200,200,200,200
410402,0,35,0,0,0,1,9,5,0,0,0,17,200,1,8,0,1,6,0,200,200
410402,5,35,0,0,0,1,9,5,0,0,0,17,200,200,200,7,1,6,0,200,200
410403,0,30,0,0,0,200,7,6,0,0,0,0,0,2,200,200,200,200,200,200,200
410404,0,30,0,0,0,1,14,5,0,0,0,11,0,0,5,7,1,0,0,200,200
410404,0,30,0,0,0,1,14,5,0,0,0,11,0,0,7,0,0,0,0,200,200
410405,0,30,0,0,0,1,12,2,0,0,0,0,0,0,6,200,12,200,200,200,200
410405,0,30,0,0,0,1,12,2,0,0,0,0,0,0,9,0,0,0,200,200,200
410405,1,30,0,0,0,1,12,2,0,0,0,0,0,2,6,200,200,200,200,200,200
410405,1,30,0,0,0,1,12,2,0,0,0,0,0,1,9,0,200,200,200,200,200
410406,0,5,0,0,0,1,10,7,0,0,0,16,18,1,7,0,3,0,0,200,200
410406,0,5,0,0,0,1,10,7,0,0,0,16,18,1,7,0,0,0,0,200,200
410406,0,5,0,0,0,1,10,7,0,0,0,16,18,1,7,0,0,0,0,200,200
410406,1,5,0,0,0,1,10,7,0,0,0,16,18,1,1,0,200,200,200,200,200
410409,0,30,1,2,0,1,14,3,0,0,0,6,23,0,6,0,7,0,0,200,200
410409,0,30,1,2,0,1,14,3,0,0,0,6,23,0,200,0,0,0,0,200,200
410416,0,30,0,0,0,3,7,5,0,0,0,0,0,2,200,200,200,200,200,200,200
410419,0,30,0,0,0,1,10,5,0,0,0,18,16,1,6,0,1,0,0,200,200
410419,0,30,0,0,0,1,10,5,0,0,0,18,16,0,6,0,0,0,0,200,200
410419,1,30,0,0,0,1,10,5,0,0,0,18,16,1,2,0,200,200,200,200,200
410426,0,15,2,2,0,1,0,2,0,0,0,14,16,1,9,0,0,0,0,200,200
410426,0,15,2,2,0,1,0,2,0,0,0,14,16,0,5,0,12,0,0,200,200
410432,0,30,0,0,0,1,14,5,0,0,0,17,200,1,7,0,1,200,0,200,200
410432,0,30,0,0,0,1,14,5,0,0,0,17,200,0,6,200,0,200,0,200,200
410434,0,30,0,0,0,1,12,5,0,0,0,22,11,0,200,200,2,200,200,200,200
410434,0,30,0,0,0,1,12,5,0,0,0,22,11,0,6,0,0,0,0,200,200
410434,1,30,0,0,0,1,12,5,0,0,0,22,11,0,6,0,200,200,200,200,200
410440,0,30,0,0,0,1,10,2,0,0,0,0,200,0,5,7,0,0,0,200,200
410440,0,30,0,0,0,1,10,2,0,0,0,0,200,1,6,7,0,0,0,200,200
410440,0,30,0,0,0,1,10,2,0,0,0,0,200,0,6,0,0,0,0,200,200
410441,0,30,0,0,0,1,10,5,0,0,0,11,0,0,8,200,3,0,0,200,200
410441,0,30,0,0,0,1,10,5,0,0,0,11,0,1,8,0,12,0,0,200,200
410447,0,30,200,200,0,3,7,2,0,0,0,0,0,2,200,200,200,200,200,200,200
410448,0,30,0,0,0,1,7,6,0,0,0,0,200,0,200,200,12,200,200,200,200
410448,1,30,0,0,0,1,7,6,0,0,0,0,200,1,200,200,200,200,200,200,200
410449,0,55,0,0,0,1,12,3,1,0,0,21,200,0,5,0,4,0,0,200,200
410449,0,55,0,0,0,1,12,3,1,0,0,21,200,1,7,0,0,0,0,200,200
410452,0,25,2,2,0,1,14,5,0,0,0,23,200,0,6,0,7,0,0,200,200
410452,0,25,2,2,0,1,14,5,0,0,0,23,200,0,6,7,0,0,0,200,200
410452,1,25,2,2,0,1,14,5,0,0,0,23,200,0,8,0,200,200,200,200,200
410458,0,30,0,0,0,1,12,5,0,0,0,0,0,1,5,200,1,0,0,200,200
410458,0,30,0,0,0,1,12,5,0,0,0,0,0,0,6,200,200,0,0,200,200
410469,0,30,1,2,0,1,10,2,0,0,0,18,33,0,8,0,3,200,0,200,200
410469,0,30,1,2,0,1,10,2,0,0,0,18,33,0,7,0,0,200,0,200,200
410479,0,30,1,2,0,1,11,6,0,0,0,0,0,0,7,0,0,0,0,200,200
410479,0,30,1,2,0,1,11,6,0,0,0,0,0,0,6,0,0,0,0,200,200
410490,0,15,0,0,0,1,7,6,0,0,0,0,200,0,6,0,12,200,0,200,200
410491,0,30,0,0,0,1,7,2,0,0,0,0,200,0,7,200,12,200,200,200,200
410496,0,30,2,2,0,1,10,6,0,0,0,0,0,0,6,0,6,0,0,200,200
410496,0,30,2,2,0,1,10,6,0,0,0,0,0,1,7,0,0,0,0,200,200
410497,0,30,0,0,0,1,14,2,0,0,0,23,17,0,7,0,7,0,0,200,200
410497,0,30,0,0,0,1,14,2,0,0,0,23,17,0,7,0,0,0,0,200,200
410503,0,30,0,0,0,1,10,5,0,0,0,0,200,0,200,200,10,200,200,200,200
410503,0,30,0,0,0,1,10,5,0,0,0,0,200,0,6,0,0,0,200,200,200
410509,0,20,0,0,0,1,11,5,0,0,0,22,0,0,6,0,2,200,200,200,200
410509,0,20,0,0,0,1,11,5,0,0,0,22,0,0,6,0,200,200,0,200,200
410510,0,30,1,2,0,1,14,5,0,0,0,23,23,1,7,0,2,0,0,200,200
410510,0,30,1,2,0,1,14,5,0,0,0,23,23,1,7,0,0,0,0,200,200
410516,0,15,0,0,0,1,7,7,0,0,0,0,200,2,200,200,200,200,200,200,200
410517,0,30,0,0,0,1,2,12,0,0,0,11,11,0,6,0,3,200,0,200,200
410524,0,30,0,0,200,0,7,6,0,200,200,0,0,2,200,200,200,200,200,200,200
410531,0,10,0,0,0,1,2,0,0,0,0,0,0,0,7,0,0,0,0,200,200
410535,0,30,0,0,0,1,10,5,0,0,2,17,17,1,5,0,1,0,0,200,200
410535,0,30,0,0,0,1,10,5,0,0,2,17,17,0,7,0,0,0,0,200,200
410541,0,15,0,0,0,1,11,7,0,0,0,20,200,1,200,200,6,200,200,200,200
410541,0,15,0,0,0,1,11,7,0,0,0,20,200,1,6,0,0,0,0,200,200
410541,1,15,0,0,0,1,11,7,0,0,0,20,200,0,4,0,200,200,200,200,200
410544,0,30,0,0,0,1,10,6,0,0,0,0,200,1,5,7,0,0,0,200,200
410544,0,30,0,0,0,1,10,6,0,0,0,0,200,0,6,0,0,0,0,200,200
410545,0,30,0,0,0,1,7,7,0,0,0,19,0,2,200,200,200,200,200,200,200
410558,0,0,0,0,0,1,12,6,0,0,0,21,15,0,6,0,4,0,0,200,200
410558,0,0,0,0,0,1,12,6,0,0,0,21,15,1,5,0,0,0,0,200,200
410568,0,30,0,0,0,3,7,5,0,200,200,0,200,2,200,200,200,200,200,200,200
410571,0,5,0,0,0,1,12,7,0,0,0,17,0,0,7,0,12,0,0,200,200
410571,0,5,0,0,0,1,12,7,0,0,0,17,0,0,6,0,0,0,0,200,200
410580,0,30,1,2,0,1,10,2,2,0,0,18,18,1,200,200,3,200,200,200,200
410580,0,30,1,2,0,1,10,2,2,0,0,18,18,1,6,0,0,0,0,200,200
410583,0,30,0,0,2,0,7,6,0,1,0,0,0,2,200,200,200,200,200,200,200
410590,0,30,200,200,200,200,2,200,0,200,200,0,200,1,5,200,12,200,200,200,200
410602,0,30,0,0,0,1,10,5,0,0,0,18,16,1,8,0,3,0,0,200,200
410602,0,30,0,0,0,1,10,5,0,0,0,18,16,0,6,0,0,0,0,200,200
410605,0,35,0,0,0,3,7,2,0,0,0,0,200,0,5,0,0,0,0,200,200
410609,0,30,0,0,0,1,2,3,0,0,0,7,200,0,7,0,12,0,0,200,200
410612,0,35,200,2,0,1,7,5,0,0,0,12,200,1,5,200,0,0,0,200,200
410612,1,35,200,2,0,1,7,5,0,0,0,12,200,0,5,200,200,200,200,200,200
410622,0,30,0,0,0,1,7,6,0,0,0,0,200,0,200,200,200,200,200,200,200
410622,1,30,0,0,0,1,7,6,0,0,0,0,200,0,200,200,200,200,200,200,200
410631,0,30,1,2,0,0,10,2,0,0,0,16,0,0,200,200,3,200,200,200,200
410631,0,30,1,2,0,0,10,2,0,0,0,16,0,0,8,0,0,0,0,200,200
410631,0,30,1,2,0,0,10,2,0,0,0,16,0,0,200,200,200,200,200,200,200
410643,0,30,1,2,0,1,12,2,0,0,0,23,0,1,200,200,4,200,200,200,200
410643,0,30,1,2,0,1,12,2,0,0,0,23,0,1,6,0,0,0,0,200,200
410643,1,30,1,2,0,1,12,2,0,0,0,23,0,0,2,0,200,200,200,200,200
410643,1,30,1,2,0,1,12,2,0,0,0,23,0,1,2,0,200,200,200,200,200
410643,1,30,1,2,0,1,12,2,0,0,0,23,0,1,2,0,200,200,200,200,200
410645,0,30,0,0,0,1,10,5,0,0,0,0,0,0,5,200,200,200,200,200,200
410645,0,30,0,0,0,1,10,5,0,0,0,0,0,1,5,0,200,0,0,200,200
410649,0,30,2,2,0,1,10,2,0,0,0,18,0,0,7,0,3,0,0,200,200
410649,0,30,2,2,0,1,10,2,0,0,0,18,0,1,5,0,0,0,0,200,200
410649,1,30,2,2,0,1,10,2,0,0,0,18,0,0,1,5,200,200,200,200,200
410651,0,30,0,0,0,4,7,7,0,0,0,22,0,1,200,200,2,200,200,200,200
410652,0,30,1,2,0,1,10,2,0,0,0,0,0,0,7,200,200,200,200,200,200
410652,0,30,1,2,0,1,10,2,0,0,0,0,0,1,5,0,0,0,0,200,200
410652,0,30,1,2,0,1,10,2,0,0,0,0,0,2,200,200,0,200,200,200,200
410652,1,30,1,2,0,1,10,2,0,0,0,0,0,1,200,200,200,200,200,200,200
410652,1,30,1,2,0,1,10,2,0,0,0,0,0,1,200,200,200,200,200,200,200
410654,0,30,0,0,0,1,7,6,0,0,0,0,0,0,6,7,12,0,0,200,200
410658,0,30,1,2,0,1,12,5,3,0,0,18,16,0,200,200,8,200,200,200,200
410658,0,30,1,2,0,1,12,5,3,0,0,18,16,1,7,0,0,0,0,200,200
410661,0,0,0,0,0,1,0,7,5,0,0,17,11,0,5,200,1,200,200,200,200
410661,0,0,0,0,0,1,0,7,5,0,0,17,11,0,8,0,0,0,0,200,200
410662,0,35,0,0,0,1,10,3,0,0,0,18,11,1,200,200,12,1,0,200,200
410662,0,35,0,0,0,1,10,3,0,0,0,18,11,0,6,0,12,0,0,200,200
410662,1,35,0,0,0,1,10,3,0,0,0,18,11,1,9,0,200,200,200,200,200
410662,1,35,0,0,0,1,10,3,0,0,0,18,11,0,1,5,200,200,200,200,200
410662,1,35,0,0,0,1,10,3,0,0,0,18,11,0,200,200,200,200,200,200,200
410678,0,30,0,0,0,1,7,5,0,0,0,0,0,1,200,200,200,200,200,200,200
410679,5,25,0,0,0,1,9,2,0,0,0,17,17,0,4,7,1,0,0,200,200
410679,0,25,0,0,0,1,9,2,0,0,0,17,17,1,7,0,0,0,0,200,200
410684,0,30,0,0,0,1,10,5,0,0,0,17,0,1,6,200,1,0,0,200,200
410684,0,30,0,0,0,1,10,5,0,0,0,17,0,1,5,0,12,0,0,200,200
410689,0,20,0,0,0,1,12,6,0,0,12,17,200,1,4,0,1,200,0,200,200
410689,0,20,0,0,0,1,12,6,0,0,12,17,200,0,6,0,0,200,0,200,200
410703,0,25,0,0,0,1,11,7,0,0,0,20,0,0,7,200,6,200,200,200,200
410703,0,25,0,0,0,1,11,7,0,0,0,20,0,0,5,0,0,200,200,200,200
410709,0,30,0,0,0,1,11,5,0,0,0,0,0,0,6,200,200,0,200,200,200
410709,0,30,0,0,0,1,11,5,0,0,0,0,0,0,6,200,200,200,0,200,200
410711,0,0,0,0,0,1,7,7,0,0,0,0,0,0,200,200,200,200,200,200,200
410712,0,30,2,2,0,1,0,2,0,0,0,17,200,0,4,0,8,1,0,200,200
410712,0,30,2,2,0,1,0,2,0,0,0,17,200,1,7,0,0,1,0,200,200
410712,1,30,2,2,0,1,0,2,0,0,0,17,200,1,1,5,200,200,200,200,200
410712,1,30,2,2,0,1,0,2,0,0,0,17,200,0,0,5,200,200,200,200,200
410715,0,35,1,2,0,1,14,2,0,0,0,0,200,0,200,200,1,200,200,200,200
410715,0,35,1,2,0,1,14,2,0,0,0,0,200,0,7,0,0,0,0,200,200
410720,0,30,1,2,0,1,10,2,0,0,0,18,0,0,200,200,0,200,200,200,200
410720,0,30,1,2,0,1,10,2,0,0,0,18,0,0,6,0,0,0,0,200,200
410725,0,30,0,0,0,1,7,6,0,0,200,0,200,0,8,200,12,200,0,200,200
410728,0,30,0,0,0,1,2,6,0,0,0,27,27,0,0,0,12,0,12,200,200
410729,0,0,0,0,0,1,12,5,0,0,0,21,11,0,6,200,4,200,200,200,200
410729,0,0,0,0,0,1,12,5,0,0,0,21,11,0,6,0,0,0,0,200,200
410733,0,30,0,0,200,200,7,5,0,200,0,0,11,2,200,200,200,200,200,200,200
410736,0,30,0,0,0,1,7,6,0,0,0,0,0,0,7,200,200,200,200,200,200
410739,0,30,1,2,0,1,12,5,0,0,0,0,0,0,6,200,200,200,0,200,200
410739,0,30,1,2,0,1,12,5,0,0,0,0,0,1,6,200,12,200,0,200,200
410747,0,30,1,2,0,1,10,5,0,0,0,8,0,0,9,0,12,12,0,200,200
410747,0,30,1,2,0,1,10,5,0,0,0,8,0,0,8,0,0,0,0,200,200
410749,0,15,0,0,0,1,7,7,0,0,0,0,11,0,9,0,200,0,0,200,200
410749,1,15,0,0,0,1,7,7,0,0,0,0,11,1,8,1,200,200,200,200,200
410759,0,35,0,0,0,1,12,5,0,0,1,0,0,0,200,200,12,200,200,200,200
410759,0,35,0,0,0,1,12,5,0,0,1,0,0,1,200,0,0,0,0,200,200
410771,0,30,0,0,0,3,7,2,0,0,0,0,0,2,200,200,200,200,200,200,200
410773,0,30,0,0,0,1,10,5,0,0,0,18,0,0,5,0,0,0,0,200,200
410773,0,30,0,0,0,1,10,5,0,0,0,18,0,1,6,200,3,0,0,200,200
410774,0,30,0,0,0,1,7,7,0,200,0,17,200,0,6,0,12,0,0,200,200
410774,1,30,0,0,0,1,7,7,0,200,0,17,200,1,5,0,200,200,200,200,200
410774,1,30,0,0,0,1,7,7,0,200,0,17,200,0,5,0,200,200,200,200,200
410779,0,30,2,2,0,1,0,5,0,0,0,17,0,1,6,200,1,0,0,200,200
410779,0,30,2,2,0,1,0,5,0,0,0,17,0,0,6,0,0,0,0,200,200
410791,0,30,0,0,0,1,7,5,0,0,0,200,200,0,8,0,0,0,0,200,200
410791,1,30,0,0,0,1,7,5,0,0,0,200,200,1,200,200,200,200,200,200,200
410791,1,30,0,0,0,1,7,5,0,0,0,200,200,0,200,200,200,200,200,200,200
410798,0,30,0,0,0,1,10,6,0,0,200,16,200,1,5,0,12,200,0,200,200
410798,0,30,0,0,0,1,10,6,0,0,200,16,200,0,7,200,1,0,0,200,200
410798,0,30,0,0,0,1,10,6,0,0,200,16,200,1,6,200,0,0,0,200,200
410800,0,30,0,0,0,1,12,5,0,0,0,0,0,0,200,200,4,0,0,200,200
410800,0,30,0,0,0,1,12,5,0,0,0,0,0,1,7,0,0,0,0,200,200
410802,0,30,2,2,0,1,14,3,0,0,0,5,0,0,5,0,12,0,0,200,200
410802,0,30,2,2,0,1,14,3,0,0,0,5,0,1,7,0,200,0,0,200,200
410802,0,30,2,2,0,1,14,3,0,0,0,5,0,1,7,0,0,0,0,200,200
410810,0,30,0,0,0,1,0,5,0,0,0,17,0,0,200,200,1,200,200,200,200
410810,0,30,0,0,0,1,0,5,0,0,0,17,0,0,6,0,12,0,0,200,200
410814,0,30,0,0,0,1,11,5,0,0,0,0,0,1,200,200,200,200,200,200,200
410814,0,30,0,0,0,1,11,5,0,0,0,0,0,0,7,0,200,200,200,200,200
410815,0,30,0,0,0,1,10,5,0,0,0,18,200,1,5,200,3,0,0,200,200
410815,0,30,0,0,0,1,10,5,0,0,0,18,200,0,6,200,0,0,0,200,200
410820,0,30,1,2,0,1,14,2,1,0,0,17,11,0,8,0,1,1,0,200,200
410820,0,30,1,2,0,1,14,2,1,0,0,17,11,0,8,0,12,1,0,200,200
410820,1,30,1,2,0,1,14,2,1,0,0,17,11,1,8,0,200,200,200,200,200
410822,0,30,0,0,0,1,0,5,0,0,0,20,0,0,7,0,6,0,0,200,200
410822,0,30,0,0,0,1,0,5,0,0,0,20,0,0,6,0,0,0,0,200,200
410829,0,30,0,0,0,1,10,5,0,0,0,17,21,0,5,7,3,0,0,200,200
410829,0,30,0,0,0,1,10,5,0,0,0,17,21,0,7,7,0,0,0,200,200
410829,1,30,0,0,0,1,10,5,0,0,0,17,21,1,6,7,200,200,200,200,200
410829,1,30,0,0,0,1,10,5,0,0,0,17,21,0,0,5,200,200,200,200,200
410830,0,30,0,0,0,1,7,6,0,0,0,18,200,0,200,200,3,200,200,200,200
410830,1,30,0,0,0,1,7,6,0,0,0,18,200,1,6,200,200,200,200,200,200
410831,0,35,0,0,0,1,0,5,0,0,0,0,0,1,6,0,0,0,0,200,200
410831,0,35,0,0,0,1,0,5,0,0,0,0,0,0,200,200,0,200,200,200,200
410834,0,30,0,0,0,1,14,2,2,0,0,17,200,1,6,1,1,1,0,200,200
410834,0,30,0,0,0,1,14,2,2,0,0,17,200,0,4,0,0,1,0,200,200
410834,1,30,0,0,0,1,14,2,2,0,0,17,200,1,4,0,200,200,200,200,200
410834,1,30,0,0,0,1,14,2,2,0,0,17,200,1,0,5,200,200,200,200,200
410836,0,30,0,0,0,1,14,1,0,0,0,0,0,0,6,0,0,0,0,200,200
410836,0,30,0,0,0,1,14,1,0,0,0,0,0,0,9,0,200,0,0,200,200
410840,1,30,0,0,0,1,3,7,0,0,0,17,200,1,200,200,200,200,200,200,200
410840,0,30,0,0,0,1,3,7,0,0,0,17,200,0,200,200,6,0,0,200,200
410840,0,30,0,0,0,1,3,7,0,0,0,17,200,1,6,0,0,0,0,200,200
410849,0,30,0,0,0,1,12,5,0,0,0,22,200,0,6,0,2,0,0,200,200
410849,0,30,0,0,0,1,12,5,0,0,0,22,200,0,8,0,0,0,0,200,200
410859,0,30,0,0,0,1,0,2,0,0,0,11,11,0,6,0,1,200,0,200,200
410859,0,30,0,0,0,1,0,2,0,0,0,11,11,0,8,0,12,12,0,200,200
410860,0,30,1,2,0,1,14,5,0,0,0,23,22,0,6,200,7,200,200,200,200
410860,0,30,1,2,0,1,14,5,0,0,0,23,22,1,5,200,0,200,0,200,200
410861,0,30,0,0,0,1,10,5,0,0,0,16,0,0,5,200,200,0,0,200,200
410861,0,30,0,0,0,1,10,5,0,0,0,16,0,1,6,200,0,0,0,200,200
410861,1,30,0,0,0,1,10,5,0,0,0,16,0,1,2,200,200,200,200,200,200
410862,0,30,0,0,0,1,7,5,0,0,0,0,0,2,200,200,200,200,200,200,200
410872,1,30,0,0,0,1,10,3,0,0,0,18,200,0,6,0,200,200,200,200,200
410872,0,30,0,0,0,1,10,3,0,0,0,18,200,0,6,200,3,200,0,200,200
410872,0,30,0,0,0,1,10,3,0,0,0,18,200,0,6,0,0,0,0,200,200
410874,0,30,0,0,0,1,12,6,0,0,0,0,0,0,6,200,0,0,0,200,200
410874,0,30,0,0,0,1,12,6,0,0,0,0,0,0,7,200,0,0,0,200,200
410887,0,30,1,2,0,1,8,5,0,0,0,17,17,0,7,0,1,1,0,200,200
410887,4,30,1,2,0,1,8,5,0,0,0,17,17,1,7,7,200,200,0,200,200
410891,0,30,0,0,0,0,12,5,0,0,0,21,0,0,6,0,12,0,0,200,200
410891,0,30,0,0,0,0,12,5,0,0,0,21,0,1,5,0,0,0,0,200,200
410895,0,20,0,0,0,3,12,6,0,0,0,17,25,2,200,200,1,200,200,200,200
410895,0,20,0,0,0,3,12,6,0,0,0,17,25,0,5,0,0,0,0,200,200
410896,0,30,0,0,0,1,7,2,0,0,200,22,0,0,200,200,2,200,200,200,200
410898,0,30,0,0,0,3,7,2,0,0,0,0,0,2,200,200,200,200,200,200,200
410900,0,35,0,0,0,1,7,5,0,0,0,11,0,0,7,200,200,200,0,200,200
410901,0,30,0,0,0,1,0,6,0,200,200,0,0,1,6,0,1,200,200,200,200
410901,0,30,0,0,0,1,0,6,0,200,200,0,0,0,6,0,0,0,200,200,200
410906,0,30,0,0,0,1,7,6,0,0,0,18,200,1,6,0,3,0,0,200,200
410910,0,25,0,0,0,1,7,5,2,0,0,200,200,1,5,0,0,0,0,200,200
410911,0,30,0,0,0,1,10,5,0,0,0,18,200,0,5,0,3,0,0,200,200
410911,0,30,0,0,0,1,10,5,0,0,0,18,200,0,7,0,0,0,0,200,200
410916,0,30,0,0,0,1,7,6,0,0,0,0,0,2,200,200,200,200,200,200,200
410917,0,30,1,2,0,1,10,5,0,0,0,18,200,1,6,200,3,200,200,200,200
410917,0,30,1,2,0,1,10,5,0,0,0,18,200,1,8,0,0,0,0,200,200
410924,0,30,1,200,0,1,12,5,0,200,200,0,0,1,7,0,200,0,0,200,200
410924,0,30,1,200,0,1,12,5,0,200,200,0,0,1,6,0,0,0,0,200,200
410925,0,30,0,0,200,200,7,6,0,200,200,200,200,2,200,200,200,200,200,200,200
410927,0,30,1,2,0,1,10,5,0,0,0,16,200,1,6,0,12,0,0,200,200
410927,0,30,1,2,0,1,10,5,0,0,0,16,200,1,8,0,0,0,0,200,200
410927,1,30,1,2,0,1,10,5,0,0,0,16,200,0,200,0,200,200,200,200,200
410929,0,30,2,200,0,1,10,2,0,0,0,11,3,0,3,0,3,0,0,200,200
410929,0,30,2,200,0,1,10,2,0,0,0,11,3,0,7,0,0,0,0,200,200
410929,1,30,2,200,0,1,10,2,0,0,0,11,3,200,200,0,200,200,200,200,200
410929,1,30,2,200,0,1,10,2,0,0,0,11,3,200,200,0,200,200,200,200,200
410935,0,30,0,0,0,1,11,7,0,0,0,17,200,0,9,0,1,0,0,200,200
410935,0,30,0,0,0,1,11,7,0,0,0,17,200,0,0,0,5,0,0,200,200
410935,1,30,0,0,0,1,11,7,0,0,0,17,200,1,6,0,200,200,200,200,200
410936,0,30,1,2,0,1,0,5,0,200,200,17,17,1,200,200,1,200,200,200,200
410936,0,30,1,2,0,1,0,5,0,200,200,17,17,0,8,0,12,200,0,200,200
410936,1,30,1,2,0,1,0,5,0,200,200,17,17,1,200,0,200,200,200,200,200
410937,0,30,1,2,0,1,10,5,0,200,200,0,0,0,5,200,6,200,200,200,200
410937,0,30,1,2,0,1,10,5,0,200,200,0,0,0,7,0,0,0,0,200,200
410945,0,30,0,0,0,1,2,5,0,0,0,200,200,0,8,0,0,0,0,200,200
410946,0,30,0,0,0,1,12,5,0,0,0,17,17,1,6,0,1,0,0,200,200
410946,0,30,0,0,0,1,12,5,0,0,0,17,17,0,7,200,0,0,0,200,200
410946,1,30,0,0,0,1,12,5,0,0,0,17,17,0,3,0,200,200,200,200,200
410946,1,30,0,0,0,1,12,5,0,0,0,17,17,0,5,0,200,200,200,200,200
410946,1,30,0,0,0,1,12,5,0,0,0,17,17,0,2,0,200,200,200,200,200
410954,0,25,2,0,0,1,0,5,0,0,0,16,17,0,7,0,200,0,0,200,200
410954,0,25,2,0,0,1,0,5,0,0,0,16,17,1,9,0,200,0,0,200,200
410955,0,30,2,2,0,1,10,5,0,0,0,0,0,1,5,200,200,200,200,200,200
410955,0,30,2,2,0,1,10,5,0,0,0,0,0,0,5,0,0,0,0,200,200
410965,0,30,2,2,0,1,0,5,0,0,0,17,200,0,8,200,1,0,0,200,200
410965,0,30,2,2,0,1,0,5,0,0,0,17,200,0,3,0,0,0,0,200,200
410967,0,30,1,2,0,1,12,6,0,0,0,21,200,1,6,0,4,0,0,200,200
410967,0,30,1,2,0,1,12,6,0,0,0,21,200,0,6,0,12,0,0,200,200
410972,0,25,0,200,200,200,12,5,0,200,200,0,0,0,200,0,200,0,0,200,200
410972,0,25,0,200,200,200,12,5,0,200,200,0,0,0,7,0,0,0,0,200,200
410976,0,15,0,0,0,1,7,7,0,0,0,23,0,1,200,200,10,200,200,200,200
410977,0,10,0,0,0,1,0,7,0,0,0,20,200,1,6,200,6,200,200,200,200
410977,0,10,0,0,0,1,0,7,0,0,0,20,200,0,8,200,0,0,0,200,200
410979,0,30,1,2,0,1,14,12,0,0,0,6,200,0,6,200,12,0,0,200,200
410979,0,30,1,2,0,1,14,12,0,0,0,6,200,0,6,200,0,0,0,200,200
410980,0,30,0,0,0,1,10,12,0,0,0,18,200,0,6,0,3,0,0,200,200
410980,0,30,0,0,0,1,10,12,0,0,0,18,200,1,200,200,0,200,200,200,200
410981,0,30,0,0,0,1,7,3,0,0,0,0,200,0,9,0,200,0,0,200,200