RD_NO,PERSON_TYPE,POSTED_SPEED_LIMIT,TRAFFIC_CONTROL_DEVICE,DEVICE_CONDITION,WEATHER_CONDITION,LIGHTING_CONDITION,FIRST_CRASH_TYPE,TRAFFICWAY_TYPE,ALIGNMENT,ROADWAY_SURFACE_COND,ROAD_DEFECT,PRIM_CONTRIBUTORY_CAUSE,SEC_CONTRIBUTORY_CAUSE,SEX,AGE,SAFETY_EQUIPMENT,DRIVER_ACTION,DRIVER_VISION,PHYSICAL_CONDITION,BAC_RESULT VALUE,CELL_PHONE_USE
410981,1,30,0,0,0,1,7,3,0,0,0,0,200,1,7,0,200,200,200,200,200
410982,0,30,0,0,0,4,7,6,0,0,0,200,200,2,200,200,0,200,200,200,200
410984,0,30,0,0,0,1,14,2,0,0,0,23,200,0,7,0,7,0,1,200,200
410984,0,30,0,0,0,1,14,2,0,0,0,23,200,0,5,0,12,0,0,200,200
410984,1,30,0,0,0,1,14,2,0,0,0,23,200,1,5,0,200,200,200,200,200
410984,1,30,0,0,0,1,14,2,0,0,0,23,200,0,0,5,200,200,200,200,200
410984,1,30,0,0,0,1,14,2,0,0,0,23,200,0,5,0,200,200,200,200,200
410985,0,30,1,2,0,1,14,12,0,0,0,0,0,1,5,200,200,200,0,200,200
410985,0,30,1,2,0,1,14,12,0,0,0,0,0,0,7,200,200,200,0,200,200
410989,0,35,0,0,0,1,10,2,0,0,0,0,0,0,200,200,200,200,200,200,200
410989,0,35,0,0,0,1,10,2,0,0,0,0,0,0,6,0,0,0,0,200,200
410990,0,30,2,2,0,1,9,6,0,200,200,0,0,1,6,0,0,0,0,200,200
410990,5,30,2,2,0,1,9,6,0,200,200,0,0,200,200,200,200,200,5,200,200
410991,0,30,0,0,0,1,0,5,0,0,0,200,0,1,6,0,12,0,0,200,200
410991,0,30,0,0,0,1,0,5,0,0,0,200,0,1,4,0,12,0,0,200,200
410993,0,35,0,0,0,0,10,5,0,0,0,18,200,0,200,200,3,200,200,200,200
410993,0,35,0,0,0,0,10,5,0,0,0,18,200,0,6,0,0,0,0,200,200
410994,0,35,1,2,0,1,10,2,0,0,0,16,200,0,5,0,200,0,0,200,200
410994,0,35,1,2,0,1,10,2,0,0,0,16,200,0,6,0,0,0,0,200,200
410994,0,35,1,2,0,1,10,2,0,0,0,16,200,1,8,0,0,0,0,200,200
410994,1,35,1,2,0,1,10,2,0,0,0,16,200,1,6,0,200,200,200,200,200
410994,1,35,1,2,0,1,10,2,0,0,0,16,200,200,8,0,200,200,200,200,200
411002,0,30,0,0,0,1,12,5,0,0,0,0,0,1,6,0,0,0,0,200,200
411002,0,30,0,0,0,1,12,5,0,0,0,0,0,1,6,200,0,0,0,200,200
411004,0,30,1,2,0,1,10,5,0,0,0,20,200,1,6,0,6,0,0,200,200
411004,0,30,1,2,0,1,10,5,0,0,0,20,200,0,6,0,0,0,0,200,200
411010,0,30,2,2,0,1,10,5,0,0,0,16,11,0,4,200,8,0,0,200,200
411010,0,30,2,2,0,1,10,5,0,0,0,16,11,1,0,200,0,0,0,200,200
411010,0,30,2,2,0,1,10,5,0,0,0,16,11,1,7,200,0,0,0,200,200
411014,0,30,2,2,0,1,10,5,0,0,0,18,16,1,200,200,1,200,200,200,200
411014,0,30,2,2,0,1,10,5,0,0,0,18,16,0,5,0,0,3,0,200,200
411016,0,55,3,2,0,1,12,3,3,0,0,11,200,1,6,0,12,0,0,200,200
411016,0,55,3,2,0,1,12,3,3,0,0,11,200,0,4,0,0,0,0,200,200
411019,0,30,0,0,0,1,7,6,0,0,0,17,200,2,200,200,1,200,200,200,200
411019,1,30,0,0,0,1,7,6,0,0,0,17,200,0,7,0,200,200,200,200,200
411024,0,30,2,0,0,1,0,5,0,0,0,0,200,1,6,200,200,200,200,200,200
411024,0,30,2,0,0,1,0,5,0,0,0,0,200,0,6,0,200,0,200,200,200
411027,0,30,0,0,0,1,0,0,0,0,0,17,200,0,0,0,1,0,0,200,200
411027,0,30,0,0,0,1,0,0,0,0,0,17,200,0,6,0,0,0,0,200,200
411027,1,30,0,0,0,1,0,0,0,0,0,17,200,1,200,0,200,200,200,200,200
411029,0,30,0,0,0,1,7,7,0,0,0,20,20,1,200,200,6,0,0,200,200
411029,1,30,0,0,0,1,7,7,0,0,0,20,20,0,200,200,200,200,200,200,200
411030,0,30,0,0,0,1,7,3,0,0,0,16,7,0,7,200,12,200,7,200,200
411033,0,30,1,2,2,1,12,2,0,0,200,21,200,0,200,200,4,200,200,200,200
411033,0,30,1,2,2,1,12,2,0,0,200,21,200,1,7,200,0,200,200,200,200
411034,0,30,1,2,0,1,0,6,0,200,200,6,0,1,200,200,5,200,200,200,200
411034,0,30,1,2,0,1,0,6,0,200,200,6,0,0,9,0,0,0,0,200,200
411037,0,30,1,2,0,1,0,2,0,0,0,6,0,0,6,0,1,200,0,200,200
411037,0,30,1,2,0,1,0,2,0,0,0,6,0,0,7,0,0,0,0,200,200
411041,0,30,0,0,0,1,0,5,0,0,0,17,17,0,200,200,1,200,200,200,200
411041,0,30,0,0,0,1,0,5,0,0,0,17,17,0,5,200,0,0,0,200,200
411041,1,30,0,0,0,1,0,5,0,0,0,17,17,0,200,200,200,200,200,200,200
411042,0,30,0,0,0,1,7,5,0,0,0,0,0,1,7,200,200,200,0,200,200
411043,0,30,2,2,0,1,10,2,0,0,0,18,0,2,200,200,3,200,200,200,200
411043,0,30,2,2,0,1,10,2,0,0,0,18,0,1,6,0,0,0,0,200,200
411044,0,30,1,2,0,1,14,2,0,0,0,17,11,0,7,0,1,0,0,200,200
411044,0,30,1,2,0,1,14,2,0,0,0,17,11,0,4,0,12,0,0,200,200
411045,0,30,0,0,0,1,0,5,0,0,0,0,0,0,200,0,0,0,0,200,200
411045,0,30,0,0,0,1,0,5,0,0,0,0,0,1,8,0,0,0,0,200,200
411046,0,35,1,2,0,1,14,5,0,0,0,17,23,1,5,0,1,1,0,200,200
411046,0,35,1,2,0,1,14,5,0,0,0,17,23,1,9,0,0,1,0,200,200
411048,0,35,0,0,0,1,8,5,0,0,0,18,200,0,200,200,3,200,200,200,200
411048,4,35,0,0,0,1,8,5,0,0,0,18,200,0,5,7,0,0,0,200,200
411051,0,30,1,2,0,1,12,5,0,0,0,22,21,1,200,200,2,200,200,200,200
411051,0,30,1,2,0,1,12,5,0,0,0,22,21,1,6,0,0,0,0,200,200
411051,1,30,1,2,0,1,12,5,0,0,0,22,21,0,200,200,200,200,200,200,200
411051,1,30,1,2,0,1,12,5,0,0,0,22,21,2,200,200,200,200,200,200,200
411061,0,30,0,0,0,1,7,2,0,0,0,27,200,1,6,0,12,0,0,200,200
411064,0,30,0,0,0,1,12,6,0,200,200,21,21,0,5,0,4,200,0,200,200
411064,0,30,0,0,0,1,12,6,0,200,200,21,21,0,6,0,12,200,0,200,200
411064,1,30,0,0,0,1,12,6,0,200,200,21,21,0,4,0,200,200,200,200,200
411064,1,30,0,0,0,1,12,6,0,200,200,21,21,0,200,0,200,200,200,200,200
411065,0,30,2,2,0,0,12,5,0,0,0,200,200,1,200,200,0,200,200,200,200
411065,0,30,2,2,0,0,12,5,0,0,0,200,200,1,5,0,0,0,0,200,200
411065,1,30,2,2,0,0,12,5,0,0,0,200,200,1,200,200,200,200,200,200,200
411065,1,30,2,2,0,0,12,5,0,0,0,200,200,1,200,200,200,200,200,200,200
411066,0,40,1,2,0,1,14,2,0,0,0,0,0,0,200,200,200,200,200,200,200
411066,0,40,1,2,0,1,14,2,0,0,0,0,0,0,6,0,0,0,0,200,200
411077,0,30,0,0,0,1,7,6,0,0,0,14,0,1,200,200,12,200,200,200,200
411078,0,20,2,2,0,1,10,6,0,0,0,5,200,0,200,200,12,200,200,200,200
411078,0,20,2,2,0,1,10,6,0,0,0,5,200,0,5,200,0,0,0,200,200
411080,0,15,0,0,0,1,10,7,0,0,200,18,0,1,200,200,3,200,200,200,200
411080,0,15,0,0,0,1,10,7,0,0,200,18,0,1,7,0,0,0,0,200,200
411080,1,15,0,0,0,1,10,7,0,0,200,18,0,0,8,0,200,200,200,200,200
411081,0,35,0,0,0,1,10,2,0,0,0,0,0,0,4,0,1,0,0,200,200
411081,0,35,0,0,0,1,10,2,0,0,0,0,0,0,7,0,0,0,0,200,200
411086,0,30,2,2,0,1,14,5,0,0,0,17,200,0,8,0,1,0,0,200,200
411086,0,30,2,2,0,1,14,5,0,0,0,17,200,1,9,0,0,0,0,200,200
411086,1,30,2,2,0,1,14,5,0,0,0,17,200,0,9,0,200,200,200,200,200
411087,0,30,2,2,0,1,9,5,0,0,0,17,0,0,6,0,1,0,0,200,200
411087,5,30,2,2,0,1,9,5,0,0,0,17,0,1,6,7,12,12,7,200,200
411090,0,30,200,200,0,1,10,5,0,200,200,18,16,1,6,200,3,200,200,200,200
411090,0,30,200,200,0,1,10,5,0,200,200,18,16,0,6,200,0,200,200,200,200
411090,0,30,200,200,0,1,10,5,0,200,200,18,16,0,5,200,0,200,200,200,200
411092,0,30,0,0,0,1,10,5,0,0,0,18,200,0,200,0,3,0,0,200,200
411092,0,30,0,0,0,1,10,5,0,0,0,18,200,1,5,0,0,0,0,200,200
411093,0,30,0,0,0,1,14,3,0,0,0,5,200,2,200,200,7,200,200,200,200
411093,0,30,0,0,0,1,14,3,0,0,0,5,200,1,7,0,0,0,0,200,200
411093,1,30,0,0,0,1,14,3,0,0,0,5,200,1,8,0,200,200,200,200,200
411096,0,10,0,0,0,1,11,7,0,0,0,0,11,0,200,0,6,200,0,200,200
411096,0,10,0,0,0,1,11,7,0,0,0,0,11,1,7,0,0,0,0,200,200
411098,0,30,0,0,0,1,2,2,0,0,0,21,0,0,5,1,200,0,0,200,200
411102,0,30,1,2,0,1,10,3,0,0,0,18,200,0,7,0,3,200,0,200,200
411102,0,30,1,2,0,1,10,3,0,0,0,18,200,1,6,0,3,200,0,200,200
411104,0,30,0,0,0,1,10,5,0,0,200,18,200,1,6,200,3,200,200,200,200
411104,0,30,0,0,0,1,10,5,0,0,200,18,200,1,6,200,0,200,200,200,200
411113,0,25,1,2,0,1,10,5,0,0,0,0,0,1,4,0,200,0,0,200,200
411113,0,25,1,2,0,1,10,5,0,0,0,0,0,0,7,0,0,0,0,200,200
411113,1,25,1,2,0,1,10,5,0,0,0,0,0,1,200,0,200,200,200,200,200
411114,0,30,1,2,0,1,12,2,0,0,0,0,0,1,200,200,12,200,200,200,200
411114,0,30,1,2,0,1,12,2,0,0,0,0,0,1,7,0,0,0,0,200,200
411125,0,30,2,0,0,1,12,5,0,0,200,17,200,0,5,200,1,200,0,200,200
411125,0,30,2,0,0,1,12,5,0,0,200,17,200,0,5,200,0,200,0,200,200
411130,0,15,0,0,0,1,7,7,0,0,0,0,0,2,200,200,200,200,200,200,200
411133,0,30,2,0,0,1,0,5,0,0,0,17,200,0,8,0,1,0,0,200,200
411133,0,30,2,0,0,1,0,5,0,0,0,17,200,0,9,0,0,0,0,200,200
411133,1,30,2,0,0,1,0,5,0,0,0,17,200,1,200,0,200,200,200,200,200
411134,0,20,2,2,0,1,7,5,0,0,0,32,0,1,6,0,1,0,5,0.12,200
411134,1,20,2,2,0,1,7,5,0,0,0,32,0,1,200,5,200,200,200,200,200
411134,1,20,2,2,0,1,7,5,0,0,0,32,0,1,200,5,200,200,200,200,200
411134,1,20,2,2,0,1,7,5,0,0,0,32,0,0,6,0,200,200,200,200,200
411136,0,30,1,2,0,1,10,5,0,0,0,0,0,1,200,200,200,200,200,200,200
411136,0,30,1,2,0,1,10,5,0,0,0,0,0,1,6,200,200,200,0,200,200
411138,0,30,0,0,0,1,10,2,0,0,0,0,0,0,6,0,3,0,0,200,200
411138,0,30,0,0,0,1,10,2,0,0,0,0,0,0,6,0,0,0,0,200,200
411141,0,30,2,2,0,1,0,12,0,0,0,5,11,0,5,200,5,0,0,200,200
411141,0,30,2,2,0,1,0,12,0,0,0,5,11,1,6,0,0,0,0,200,200
411141,1,30,2,2,0,1,0,12,0,0,0,5,11,1,3,0,200,200,200,200,200
411142,0,30,1,2,0,1,9,5,0,0,0,6,16,0,200,200,5,200,200,200,200
411142,5,30,1,2,0,1,9,5,0,0,0,6,16,1,7,0,0,0,0,200,200
411143,0,30,1,2,0,1,10,5,0,200,200,0,0,1,6,0,0,0,0,200,200
411143,0,30,1,2,0,1,10,5,0,200,200,0,0,1,6,0,0,0,0,200,200
411143,1,30,1,2,0,1,10,5,0,200,200,0,0,1,200,0,200,200,200,200,200
411143,1,30,1,2,0,1,10,5,0,200,200,0,0,1,200,0,200,200,200,200,200
411143,1,30,1,2,0,1,10,5,0,200,200,0,0,1,200,0,200,200,200,200,200
411143,1,30,1,2,0,1,10,5,0,200,200,0,0,1,200,0,200,200,200,200,200
411146,0,30,0,0,0,1,14,5,0,0,0,200,200,0,5,7,0,0,0,200,200
411146,0,30,0,0,0,1,14,5,0,0,0,200,200,1,5,0,0,0,0,200,200
411146,1,30,0,0,0,1,14,5,0,0,0,200,200,1,200,5,200,200,200,200,200
411147,0,30,2,2,0,1,0,2,2,0,0,0,200,1,5,200,1,200,0,200,200
411147,0,30,2,2,0,1,0,2,2,0,0,0,200,1,6,200,0,200,0,200,200
411149,1,10,0,0,0,2,5,12,0,0,12,200,200,0,5,200,200,200,200,200,200
411150,0,30,1,2,0,1,10,5,0,0,0,18,200,0,6,0,3,0,0,200,200
411150,0,30,1,2,0,1,10,5,0,0,0,18,200,0,6,0,0,0,0,200,200
411156,0,35,1,2,2,1,14,1,0,0,0,17,200,0,5,0,1,0,0,200,200
411156,0,35,1,2,2,1,14,1,0,0,0,17,200,1,6,0,0,0,0,200,200
411157,0,30,2,0,0,1,0,2,0,0,0,5,16,0,5,200,200,200,0,200,200
411157,0,30,2,0,0,1,0,2,0,0,0,5,16,1,8,200,200,200,0,200,200
411157,1,30,2,0,0,1,0,2,0,0,0,5,16,0,6,200,200,200,200,200,200
411158,0,30,0,0,0,1,14,5,0,0,0,17,16,0,6,200,7,0,0,200,200
411158,0,30,0,0,0,1,14,5,0,0,0,17,16,0,5,200,0,0,0,200,200
411164,0,30,0,0,0,1,14,5,0,0,0,17,23,0,6,200,7,0,0,200,200
411164,0,30,0,0,0,1,14,5,0,0,0,17,23,1,4,200,0,0,0,200,200
411164,1,30,0,0,0,1,14,5,0,0,0,17,23,0,5,200,200,200,200,200,200
411167,0,35,0,0,0,1,7,7,0,0,0,200,200,1,5,200,200,200,0,200,200
411169,0,30,0,0,0,1,12,5,0,0,0,22,200,2,200,200,2,200,200,200,200
411169,0,30,0,0,0,1,12,5,0,0,0,22,200,1,6,0,0,0,0,200,200
411173,0,30,1,2,0,1,10,6,0,0,0,18,200,1,6,0,3,0,0,200,200
411173,0,30,1,2,0,1,10,6,0,0,0,18,200,0,6,0,4,0,0,200,200
411173,0,30,1,2,0,1,10,6,0,0,0,18,200,1,4,0,0,0,0,200,200
411173,1,30,1,2,0,1,10,6,0,0,0,18,200,1,6,0,200,200,200,200,200
411173,1,30,1,2,0,1,10,6,0,0,0,18,200,1,3,0,200,200,200,200,200
411173,1,30,1,2,0,1,10,6,0,0,0,18,200,1,3,0,200,200,200,200,200
411173,1,30,1,2,0,1,10,6,0,0,0,18,200,1,2,0,200,200,200,200,200
411173,1,30,1,2,0,1,10,6,0,0,0,18,200,1,2,7,200,200,200,200,200
411173,1,30,1,2,0,1,10,6,0,0,0,18,200,1,3,0,200,200,200,200,200
411174,0,30,6,2,0,1,10,5,0,0,0,18,0,0,4,0,3,0,0,200,200
411174,0,30,6,2,0,1,10,5,0,0,0,18,0,0,6,0,0,0,0,200,200
411178,0,30,0,0,0,1,12,5,0,0,0,22,21,0,200,200,1,200,200,200,200
411178,0,30,0,0,0,1,12,5,0,0,0,22,21,1,5,0,0,0,0,200,200
411184,0,30,0,0,0,1,7,7,0,0,0,0,0,2,200,200,200,200,200,200,200
411192,0,30,12,12,0,1,7,2,0,0,0,11,200,0,6,0,200,0,0,200,200
411192,1,30,12,12,0,1,7,2,0,0,0,11,200,1,7,1,200,200,200,200,200
411193,0,35,0,0,0,1,10,5,0,0,200,18,200,0,5,200,3,200,0,200,200
411193,0,35,0,0,0,1,10,5,0,0,200,18,200,1,6,200,200,200,0,200,200
411194,0,30,0,0,0,1,7,7,0,0,0,0,0,0,5,200,6,0,0,200,200
411197,0,30,1,2,0,1,10,2,0,0,0,16,0,1,5,200,200,200,200,200,200
411197,0,30,1,2,0,1,10,2,0,0,0,16,0,1,5,200,200,200,0,200,200
411197,1,30,1,2,0,1,10,2,0,0,0,16,0,0,3,200,200,200,200,200,200
411209,0,30,1,2,0,1,10,5,0,0,0,18,18,1,8,200,3,200,0,200,200
411209,0,30,1,2,0,1,10,5,0,0,0,18,18,1,6,200,0,0,0,200,200
411210,0,15,0,0,0,1,7,7,0,0,0,0,0,2,200,200,200,200,200,200,200
411211,0,30,1,2,0,1,14,3,0,0,0,21,21,0,5,0,7,0,0,200,200
411211,0,30,1,2,0,1,14,3,0,0,0,21,21,0,7,0,0,0,0,200,200
411212,0,30,0,0,200,200,5,5,0,200,0,29,200,0,6,0,0,0,0,200,200
411217,0,30,1,200,0,1,14,2,0,200,200,17,23,0,200,200,12,200,200,200,200
411217,0,30,1,200,0,1,14,2,0,200,200,17,23,0,5,200,200,200,0,200,200
411220,0,30,0,0,0,1,5,5,0,0,0,200,200,1,6,0,0,0,0,200,200
411220,2,30,0,0,0,1,5,5,0,0,0,200,200,0,5,0,12,0,0,200,200
411222,0,30,2,2,0,1,0,5,0,0,0,5,5,1,5,0,5,0,0,200,200
411222,0,30,2,2,0,1,0,5,0,0,0,5,5,0,5,0,0,0,0,200,200
411222,1,30,2,2,0,1,0,5,0,0,0,5,5,0,5,0,200,200,200,200,200
411222,1,30,2,2,0,1,0,5,0,0,0,5,5,0,0,0,200,200,200,200,200
411222,1,30,2,2,0,1,0,5,0,0,0,5,5,1,1,0,200,200,200,200,200
411222,1,30,2,2,0,1,0,5,0,0,0,5,5,0,0,0,200,200,200,200,200
411223,0,30,0,0,0,1,7,6,0,0,0,200,200,2,200,200,0,200,200,200,200
411227,0,30,0,0,0,1,12,3,0,0,200,21,21,0,200,200,4,200,200,200,200
411227,0,30,0,0,0,1,12,3,0,0,200,21,21,1,6,0,0,0,0,200,200
411233,0,35,1,2,0,0,4,3,0,0,0,0,0,0,6,0,200,0,200,200,200
411240,0,30,0,0,200,200,7,12,0,200,200,17,200,2,200,200,200,200,200,200,200
411243,0,30,0,0,0,1,9,5,0,0,0,0,0,2,200,200,200,200,200,200,200
411243,5,30,0,0,0,1,9,5,0,0,0,0,0,1,6,7,0,0,0,200,200
411243,1,30,0,0,0,1,9,5,0,0,0,0,0,1,7,200,200,200,200,200,200
411243,1,30,0,0,0,1,9,5,0,0,0,0,0,1,1,5,200,200,200,200,200
411244,0,30,1,2,0,1,12,5,0,0,0,0,200,1,200,200,200,200,200,200,200
411244,0,30,1,2,0,1,12,5,0,0,0,0,200,1,6,0,0,0,0,200,200
411244,1,30,1,2,0,1,12,5,0,0,0,0,200,0,0,0,200,200,200,200,200
411247,0,30,1,2,0,1,10,5,0,200,200,0,0,0,6,0,0,0,200,200,200
411247,0,30,1,2,0,1,10,5,0,200,200,0,0,1,6,0,0,0,200,200,200
411247,1,30,1,2,0,1,10,5,0,200,200,0,0,1,200,0,200,200,200,200,200
411247,1,30,1,2,0,1,10,5,0,200,200,0,0,1,200,0,200,200,200,200,200
411247,1,30,1,2,0,1,10,5,0,200,200,0,0,0,200,5,200,200,200,200,200
411252,0,35,0,0,0,1,7,5,0,0,0,14,200,0,200,200,8,200,200,200,200
411252,1,35,0,0,0,1,7,5,0,0,0,14,200,2,200,200,200,200,200,200,200
411252,1,35,0,0,0,1,7,5,0,0,0,14,200,2,200,200,200,200,200,200,200
411252,1,35,0,0,0,1,7,5,0,0,0,14,200,2,200,200,200,200,200,200,200
411254,0,30,0,0,0,1,10,5,0,0,0,20,0,1,5,0,6,0,0,200,200
411254,0,30,0,0,0,1,10,5,0,0,0,20,0,1,7,0,0,0,0,200,200
411256,0,25,0,0,0,1,10,4,0,0,0,20,11,0,200,200,1,200,200,200,200
411256,0,25,0,0,0,1,10,4,0,0,0,20,11,0,5,0,0,0,0,200,200
411256,1,25,0,0,0,1,10,4,0,0,0,20,11,1,200,200,200,200,200,200,200
411257,0,30,200,0,0,1,10,7,0,0,0,17,200,0,5,200,1,200,200,200,200
411257,0,30,200,0,0,1,10,7,0,0,0,17,200,1,6,0,12,200,0,200,200
411267,0,30,1,2,0,1,12,5,2,0,0,18,200,1,200,200,3,200,200,200,200
411267,0,30,1,2,0,1,12,5,2,0,0,18,200,1,5,0,0,0,0,200,200
411268,0,30,0,0,0,200,7,6,0,0,0,0,0,2,200,200,200,200,200,200,200
411273,0,30,0,0,0,1,14,2,0,0,0,18,16,2,200,200,200,200,200,200,200
411273,0,30,0,0,0,1,14,2,0,0,0,18,16,1,5,0,0,0,0,200,200
411282,0,30,0,0,0,1,12,5,0,0,200,22,200,0,200,200,2,200,200,200,200
411282,0,30,0,0,0,1,12,5,0,0,200,22,200,1,6,200,0,200,200,200,200
411283,0,30,0,0,0,0,7,2,0,0,200,0,0,2,200,200,200,200,200,200,200
411285,0,15,0,0,0,1,9,7,0,0,0,0,200,0,200,200,12,200,200,200,200
411285,5,15,0,0,0,1,9,7,0,0,0,0,200,1,5,7,12,12,0,200,200
411286,0,30,1,2,0,1,10,5,0,200,0,0,200,0,7,200,200,200,0,200,200
411286,0,30,1,2,0,1,10,5,0,200,0,0,200,1,7,200,0,200,0,200,200
411288,0,30,1,2,0,1,14,2,0,0,0,16,200,0,200,200,1,200,200,200,200
411288,0,30,1,2,0,1,14,2,0,0,0,16,200,0,6,0,0,200,0,200,200
411306,0,30,0,0,0,1,10,5,0,0,0,20,200,0,6,0,0,0,0,200,200
411306,0,30,0,0,0,1,10,5,0,0,0,20,200,1,7,0,0,0,0,200,200
411307,0,20,0,0,0,1,12,6,0,0,0,0,0,2,200,200,2,200,200,200,200
411307,0,20,0,0,0,1,12,6,0,0,0,0,0,1,5,0,0,0,0,200,200
411308,0,30,1,2,0,1,10,5,0,0,0,0,0,0,5,0,1,0,0,200,200
411308,0,30,1,2,0,1,10,5,0,0,0,0,0,1,6,0,0,0,0,200,200
411310,0,30,0,0,0,1,14,12,0,0,0,16,33,0,6,3,12,0,0,200,200
411310,0,30,0,0,0,1,14,12,0,0,0,16,33,1,5,0,12,0,0,200,200
411310,1,30,0,0,0,1,14,12,0,0,0,16,33,1,5,0,200,200,200,200,200
411314,0,30,0,0,0,1,12,6,0,0,0,0,200,0,200,200,1,200,200,200,200
411314,0,30,0,0,0,1,12,6,0,0,0,0,200,1,5,200,0,200,200,200,200
411315,0,35,0,0,0,1,10,2,0,0,0,11,0,1,5,200,200,200,200,200,200
411315,0,35,0,0,0,1,10,2,0,0,0,11,0,0,6,0,0,0,0,200,200
411316,0,30,2,2,0,1,10,7,0,0,0,20,20,1,5,0,6,0,0,200,200
411316,0,30,2,2,0,1,10,7,0,0,0,20,20,0,6,0,0,0,0,200,200
411316,1,30,2,2,0,1,10,7,0,0,0,20,20,1,200,0,200,200,200,200,200
411318,4,30,0,0,0,1,11,5,0,0,0,21,21,0,6,3,12,0,0,200,200
411318,0,30,0,0,0,1,11,5,0,0,0,21,21,1,5,200,12,0,0,200,200
411326,0,30,0,0,0,1,12,5,0,200,200,0,0,0,6,0,200,200,200,200,200
411326,0,30,0,0,0,1,12,5,0,200,200,0,0,1,7,0,0,0,200,200,200
411328,0,35,0,0,0,1,7,5,0,0,0,0,200,1,9,0,200,0,0,200,200
411329,0,30,1,2,0,1,10,5,0,0,0,0,200,0,6,0,0,0,0,200,200
411329,0,30,1,2,0,1,10,5,0,0,0,0,200,0,6,0,0,0,0,200,200
411336,0,30,2,2,0,1,10,2,0,0,0,18,18,1,5,200,3,200,200,200,200
411343,0,30,0,0,0,1,12,6,0,0,0,22,22,1,200,200,2,200,200,200,200
411343,0,30,0,0,0,1,12,6,0,0,0,22,22,1,6,200,0,0,0,200,200
411345,0,35,0,0,0,4,8,2,0,0,0,22,11,0,8,0,4,0,0,200,200
411345,4,35,0,0,0,4,8,2,0,0,0,22,11,0,7,7,200,200,7,200,200
411346,0,30,2,2,0,1,14,5,0,0,0,17,200,0,6,0,1,0,0,200,200
411346,0,30,2,2,0,1,14,5,0,0,0,17,200,1,6,0,0,0,0,200,200
411357,0,25,0,0,0,1,10,5,0,0,0,18,18,1,200,200,3,200,200,200,200
411357,0,25,0,0,0,1,10,5,0,0,0,18,18,1,8,0,0,0,0,200,200
411359,0,30,0,0,0,1,10,2,0,0,0,18,0,1,7,0,200,0,0,200,200
411359,0,30,0,0,0,1,10,2,0,0,0,18,0,0,5,0,0,0,0,200,200
411364,0,30,1,2,0,1,10,5,0,0,0,18,16,0,200,200,3,200,200,200,200
411364,0,30,1,2,0,1,10,5,0,0,0,18,16,1,6,0,0,0,0,200,200
411366,0,30,0,0,0,1,10,2,0,0,200,18,0,1,200,200,3,200,200,200,200
411366,0,30,0,0,0,1,10,2,0,0,200,18,0,1,6,0,0,200,200,200,200
411379,0,30,200,200,200,200,7,200,0,200,200,0,200,2,200,200,200,200,200,200,200
411384,0,15,0,0,0,1,11,7,0,0,0,0,0,0,7,200,6,0,0,200,200
411384,0,15,0,0,0,1,11,7,0,0,0,0,0,0,6,200,6,0,0,200,200
411386,0,30,0,0,0,4,7,6,0,0,0,200,200,0,7,200,0,0,0,200,200
411387,0,30,1,2,0,1,10,5,0,0,0,12,0,0,4,0,0,0,0,200,200
411387,0,30,1,2,0,1,10,5,0,0,0,12,0,1,6,0,0,0,0,200,200
411387,1,30,1,2,0,1,10,5,0,0,0,12,0,1,3,0,200,200,200,200,200
411389,4,35,1,0,0,1,8,5,0,0,0,0,200,1,5,7,0,0,0,200,200
411389,1,35,1,0,0,1,8,5,0,0,0,0,200,0,200,200,200,200,200,200,200
411391,0,30,0,0,0,1,7,5,0,0,0,22,22,2,200,200,200,200,200,200,200
411398,0,30,0,0,0,3,7,6,0,0,0,0,0,2,200,200,200,200,200,200,200
411401,0,30,1,2,200,1,14,1,0,200,0,0,0,1,200,200,7,200,200,200,200
411401,0,30,1,2,200,1,14,1,0,200,0,0,0,1,8,200,200,200,200,200,200
411406,0,25,1,2,0,3,14,5,0,0,0,17,0,0,5,7,7,0,0,200,200
411406,0,25,1,2,0,3,14,5,0,0,0,17,0,0,6,0,0,0,0,200,200
411408,0,25,0,0,0,3,7,5,0,0,0,21,0,0,7,0,0,0,0,200,200
411411,0,30,0,0,0,0,12,5,0,0,0,0,0,1,200,200,200,200,200,200,200
411411,0,30,0,0,0,0,12,5,0,0,0,0,0,1,6,200,0,200,200,200,200
411411,1,30,0,0,0,0,12,5,0,0,0,0,0,0,200,200,200,200,200,200,200
411426,0,30,0,0,0,1,10,5,0,0,0,18,200,1,200,200,3,200,200,200,200
411426,0,30,0,0,0,1,10,5,0,0,0,18,200,1,7,0,0,0,0,200,200
411446,0,30,1,2,0,1,14,12,0,0,0,23,11,0,200,200,7,200,200,200,200
411446,0,30,1,2,0,1,14,12,0,0,0,23,11,0,6,0,12,0,0,200,200
411462,0,10,0,0,0,1,7,7,0,0,0,16,200,1,200,0,4,200,200,200,200
411467,0,30,200,200,0,3,7,5,0,0,0,11,200,0,5,200,12,200,200,200,200
411469,0,30,0,0,0,1,12,5,0,0,200,0,0,0,6,200,200,200,200,200,200
411469,0,30,0,0,0,1,12,5,0,0,200,0,0,0,6,0,200,200,0,200,200
411469,1,30,0,0,0,1,12,5,0,0,200,0,0,0,200,200,200,200,200,200,200