RD_NO,PERSON_TYPE,POSTED_SPEED_LIMIT,TRAFFIC_CONTROL_DEVICE,DEVICE_CONDITION,WEATHER_CONDITION,LIGHTING_CONDITION,FIRST_CRASH_TYPE,TRAFFICWAY_TYPE,ALIGNMENT,ROADWAY_SURFACE_COND,ROAD_DEFECT,PRIM_CONTRIBUTORY_CAUSE,SEC_CONTRIBUTORY_CAUSE,SEX,AGE,SAFETY_EQUIPMENT,DRIVER_ACTION,DRIVER_VISION,PHYSICAL_CONDITION,BAC_RESULT VALUE,CELL_PHONE_USE
411469,1,30,0,0,0,1,12,5,0,0,200,0,0,1,200,0,200,200,200,200,200
411469,1,30,0,0,0,1,12,5,0,0,200,0,0,1,200,0,200,200,200,200,200
411470,0,30,200,200,0,1,7,2,0,200,200,0,200,2,200,200,200,200,200,200,200
411478,0,30,0,0,0,1,10,5,0,0,0,0,0,1,200,200,200,200,200,200,200
411478,0,30,0,0,0,1,10,5,0,0,0,0,0,1,6,200,0,0,0,200,200
411478,1,30,0,0,0,1,10,5,0,0,0,0,0,200,200,200,200,200,200,200,200
411478,1,30,0,0,0,1,10,5,0,0,0,0,0,200,200,200,200,200,200,200,200
411478,1,30,0,0,0,1,10,5,0,0,0,0,0,0,200,0,200,200,200,200,200
411478,1,30,0,0,0,1,10,5,0,0,0,0,0,1,200,200,200,200,200,200,200
411478,1,30,0,0,0,1,10,5,0,0,0,0,0,1,200,0,200,200,200,200,200
411479,0,30,1,2,0,3,14,5,0,0,0,0,11,0,4,0,200,0,0,200,200
411479,0,30,1,2,0,3,14,5,0,0,0,0,11,1,7,0,0,0,0,200,200
411479,1,30,1,2,0,3,14,5,0,0,0,0,11,200,3,0,200,200,200,200,200
411479,1,30,1,2,0,3,14,5,0,0,0,0,11,0,3,0,200,200,200,200,200
411479,1,30,1,2,0,3,14,5,0,0,0,0,11,0,3,0,200,200,200,200,200
411479,1,30,1,2,0,3,14,5,0,0,0,0,11,0,7,0,200,200,200,200,200
411479,1,30,1,2,0,3,14,5,0,0,0,0,11,0,200,0,200,200,200,200,200
411481,0,30,2,2,0,3,10,2,0,0,0,18,200,1,6,0,3,0,0,200,200
411481,0,30,2,2,0,3,10,2,0,0,0,18,200,0,6,0,12,0,0,200,200
411485,0,25,2,2,0,3,0,5,0,0,0,5,0,0,7,200,1,200,200,200,200
411485,0,25,2,2,0,3,0,5,0,0,0,5,0,0,5,200,1,200,0,200,200
411486,0,30,1,2,0,3,10,2,0,0,0,18,0,1,6,200,3,200,0,200,200
411486,0,30,1,2,0,3,10,2,0,0,0,18,0,1,6,0,0,0,0,200,200
411486,1,30,1,2,0,3,10,2,0,0,0,18,0,1,200,200,200,200,200,200,200
411487,0,35,2,0,0,1,14,5,0,0,0,0,0,1,200,0,200,200,200,200,200
411487,0,35,2,0,0,1,14,5,0,0,0,0,0,0,5,200,200,200,200,200,200
411487,1,35,2,0,0,1,14,5,0,0,0,0,0,1,200,0,200,200,200,200,200
411491,0,30,200,200,200,200,10,3,0,200,200,0,200,1,6,200,200,200,200,200,200
411491,0,30,200,200,200,200,10,3,0,200,200,0,200,1,8,200,200,200,0,200,200
411495,0,30,1,1,0,3,12,2,0,0,0,23,35,0,8,200,4,200,200,200,200
411495,0,30,1,1,0,3,12,2,0,0,0,23,35,0,6,200,0,200,0,200,200
411499,4,25,0,0,0,3,8,5,0,0,0,0,200,0,4,7,12,0,0,200,200
411511,0,30,0,0,0,0,9,5,0,0,200,0,0,1,6,200,200,200,0,200,200
411511,5,30,0,0,0,0,9,5,0,0,200,0,0,0,6,200,200,200,7,200,200
411523,0,30,1,2,0,3,0,5,0,0,0,27,10,0,200,200,9,200,12,200,200
411523,0,30,1,2,0,3,0,5,0,0,0,27,10,0,6,0,12,0,0,200,200
411523,1,30,1,2,0,3,0,5,0,0,0,27,10,1,200,0,200,200,200,200,200
411530,0,25,0,0,0,3,2,5,0,0,200,8,0,1,6,200,12,200,200,200,200
411533,0,20,0,0,0,3,5,0,0,0,200,0,200,1,6,0,0,0,0,200,200
411542,0,30,0,0,0,1,12,5,0,0,0,7,7,0,4,0,0,0,0,200,200
411542,0,30,0,0,0,1,12,5,0,0,0,7,7,1,200,200,200,200,200,200,200
411543,0,30,200,0,0,0,12,5,0,0,0,16,200,0,6,200,12,200,5,200,200
411543,0,30,200,0,0,0,12,5,0,0,0,16,200,1,5,0,0,0,0,200,200
411548,0,30,200,200,0,0,2,2,0,0,0,16,200,0,6,200,8,200,0,200,200
411549,0,30,200,200,0,3,3,5,0,0,200,0,0,2,200,200,200,200,200,200,200
411549,0,30,200,200,0,3,3,5,0,0,200,0,0,1,5,200,200,200,0,200,200
411555,0,30,0,0,0,3,7,5,0,0,0,16,0,2,200,200,200,200,200,200,200
411556,0,30,0,0,0,3,7,5,0,0,200,27,200,1,8,200,12,200,2,200,200
411565,0,30,2,2,0,3,0,6,0,0,0,17,200,1,6,0,1,0,0,200,200
411565,0,30,2,2,0,3,0,6,0,0,0,17,200,0,6,0,0,0,0,200,200
411576,0,15,0,0,200,200,7,7,0,200,200,11,200,0,5,200,2,200,0,200,200
411582,0,30,0,0,0,0,12,5,0,0,0,0,200,1,7,0,1,0,0,200,200
411582,0,30,0,0,0,0,12,5,0,0,0,0,200,0,200,7,0,0,0,200,200
411587,0,30,0,0,0,3,2,3,0,0,0,23,0,0,6,0,7,0,0,200,200
411592,0,20,0,0,0,3,7,6,0,0,0,0,200,1,200,200,200,200,200,200,200
411593,0,30,1,2,0,3,10,5,0,0,0,0,0,0,200,200,3,200,200,200,200
411593,0,30,1,2,0,3,10,5,0,0,0,0,0,0,6,0,0,0,0,200,200
411622,0,30,0,0,0,3,0,5,0,0,200,0,0,2,200,200,200,200,200,200,200
411622,0,30,0,0,0,3,0,5,0,0,200,0,0,0,6,0,0,200,0,200,200
411630,0,30,1,2,0,1,10,2,0,0,0,18,200,1,8,200,200,200,200,200,200
411630,0,30,1,2,0,1,10,2,0,0,0,18,200,1,5,200,0,200,0,200,200
411646,0,20,200,0,0,0,7,5,0,0,200,11,0,0,200,200,200,200,200,200,200
411658,0,30,0,0,0,3,14,5,0,0,0,32,23,1,6,200,0,0,0,200,200
411658,0,30,0,0,0,3,14,5,0,0,0,32,23,0,5,200,7,0,5,0.09,200
411658,1,30,0,0,0,3,14,5,0,0,0,32,23,1,6,200,200,200,200,200,200
411658,1,30,0,0,0,3,14,5,0,0,0,32,23,1,200,200,200,200,200,200,200
411663,0,30,200,0,0,3,2,5,0,0,0,14,14,0,200,200,200,200,200,200,200
411692,0,30,0,0,0,3,7,6,0,0,0,200,200,2,200,200,200,200,200,200,200
411706,0,30,1,200,0,200,9,200,0,200,200,0,0,2,200,200,200,200,200,200,200
411706,5,30,1,200,0,200,9,200,0,200,200,0,0,1,5,7,12,12,0,200,200
411710,0,35,200,200,0,3,2,2,3,0,0,16,0,1,0,200,200,200,200,200,200
411710,1,35,200,200,0,3,2,2,3,0,0,16,0,0,200,200,200,200,200,200,200
411742,0,30,1,2,0,3,10,5,0,0,0,18,0,0,6,0,3,0,0,200,200
411742,0,30,1,2,0,3,10,5,0,0,0,18,0,0,6,0,0,0,0,200,200
411754,0,30,2,2,0,0,12,2,0,0,0,22,0,0,5,0,2,200,0,200,200
411754,0,30,2,2,0,0,12,2,0,0,0,22,0,0,8,0,0,200,0,200,200
411754,1,30,2,2,0,0,12,2,0,0,0,22,0,1,200,0,200,200,200,200,200
411754,1,30,2,2,0,0,12,2,0,0,0,22,0,0,200,0,200,200,200,200,200
411754,1,30,2,2,0,0,12,2,0,0,0,22,0,1,200,0,200,200,200,200,200
411759,0,35,1,2,0,2,12,5,0,0,0,10,18,0,6,0,9,0,0,200,200
411759,0,35,1,2,0,2,12,5,0,0,0,10,18,0,6,0,0,0,0,200,200
411760,0,30,0,0,0,2,7,5,2,0,0,21,16,0,7,200,200,0,0,200,200
411767,0,25,0,0,0,200,7,6,0,0,0,0,0,2,200,200,200,200,200,200,200
411771,0,30,1,2,0,1,12,3,0,0,0,17,17,1,6,0,1,0,0,200,200
411771,0,30,1,2,0,1,12,3,0,0,0,17,17,0,6,0,0,0,0,200,200
411777,0,20,0,0,0,1,0,5,0,0,0,20,0,0,6,0,6,0,0,200,200
411777,0,20,0,0,0,1,0,5,0,0,0,20,0,0,200,200,0,200,200,200,200
411779,0,30,1,2,1,1,12,5,0,0,0,12,12,0,7,200,0,0,0,200,200
411779,0,30,1,2,1,1,12,5,0,0,0,12,12,0,6,200,2,0,0,200,200
411780,0,30,2,2,1,1,0,2,0,0,0,5,0,0,200,200,5,200,200,200,200
411780,0,30,2,2,1,1,0,2,0,0,0,5,0,0,6,0,0,0,0,200,200
411786,0,30,2,2,0,1,8,5,0,0,0,0,200,0,7,0,200,0,0,200,200
411786,4,30,2,2,0,1,8,5,0,0,0,0,200,1,5,7,1,200,0,200,200
411791,0,30,0,0,0,1,14,2,0,0,0,0,0,0,7,0,200,200,0,200,200
411791,0,30,0,0,0,1,14,2,0,0,0,0,0,0,6,0,200,0,0,200,200
411799,0,30,0,0,0,1,10,2,0,0,0,16,200,0,6,0,12,200,0,200,200
411799,0,30,0,0,0,1,10,2,0,0,0,16,200,0,6,200,0,200,0,200,200
411806,0,30,1,2,2,1,10,5,0,1,0,18,18,1,5,0,3,0,0,200,200
411806,0,30,1,2,2,1,10,5,0,1,0,18,18,1,200,200,200,200,200,200,200
411811,0,30,1,2,2,1,14,5,0,1,0,6,6,1,6,0,5,0,0,200,200
411811,0,30,1,2,2,1,14,5,0,1,0,6,6,1,6,0,0,0,0,200,200
411818,0,30,0,0,200,3,7,5,0,200,200,0,0,2,200,200,200,200,200,200,200
411819,0,30,1,2,2,1,0,5,0,1,0,25,34,0,200,200,12,200,200,200,200
411819,0,30,1,2,2,1,0,5,0,1,0,25,34,1,6,0,0,0,0,200,200
411819,0,30,1,2,2,1,0,5,0,1,0,25,34,0,6,0,0,0,0,200,200
411819,1,30,1,2,2,1,0,5,0,1,0,25,34,1,3,0,200,200,200,200,200
411845,0,35,0,0,2,1,10,5,0,1,0,18,200,1,8,0,3,0,0,200,200
411845,0,35,0,0,2,1,10,5,0,1,0,18,200,0,6,0,0,0,0,200,200
411846,0,20,0,0,2,1,7,6,0,0,0,0,0,2,200,200,200,200,200,200,200
411848,0,30,2,2,2,1,0,5,0,1,0,17,200,0,7,0,1,12,0,200,200
411848,0,30,2,2,2,1,0,5,0,1,0,17,200,1,200,0,0,0,0,200,200
411859,4,30,1,2,0,1,8,5,0,1,0,6,0,0,4,2,5,0,0,200,200
411859,0,30,1,2,0,1,8,5,0,1,0,6,0,1,6,0,0,0,0,200,200
411859,1,30,1,2,0,1,8,5,0,1,0,6,0,0,200,0,200,200,200,200,200
411861,0,35,2,2,1,1,12,5,0,1,0,22,0,0,5,0,4,0,0,200,200
411861,0,35,2,2,1,1,12,5,0,1,0,22,0,1,5,0,12,0,0,200,200
411861,1,35,2,2,1,1,12,5,0,1,0,22,0,1,5,0,200,200,200,200,200
411861,1,35,2,2,1,1,12,5,0,1,0,22,0,0,0,5,200,200,200,200,200
411861,1,35,2,2,1,1,12,5,0,1,0,22,0,0,0,5,200,200,200,200,200
411861,1,35,2,2,1,1,12,5,0,1,0,22,0,0,2,0,200,200,200,200,200
411861,1,35,2,2,1,1,12,5,0,1,0,22,0,1,1,0,200,200,200,200,200
411862,0,20,0,0,200,2,7,5,0,200,200,0,200,2,200,200,200,200,200,200,200
411864,0,30,0,0,2,1,12,5,0,1,0,0,0,0,200,200,200,200,200,200,200
411864,0,30,0,0,2,1,12,5,0,1,0,0,0,1,5,0,200,200,0,200,200
411867,0,30,0,0,2,0,14,2,0,1,200,0,0,0,7,0,200,200,0,200,200
411867,0,30,0,0,2,0,14,2,0,1,200,0,0,0,6,0,200,0,0,200,200
411873,0,25,0,0,0,1,10,5,0,0,0,0,0,1,200,200,200,200,200,200,200
411873,0,25,0,0,0,1,10,5,0,0,0,0,0,0,6,0,0,0,0,200,200
411873,1,25,0,0,0,1,10,5,0,0,0,0,0,0,2,5,200,200,200,200,200
411876,0,30,0,0,2,1,12,5,0,1,0,0,0,1,5,0,0,200,0,200,200
411876,0,30,0,0,2,1,12,5,0,1,0,0,0,1,6,7,0,0,0,200,200
411877,0,30,0,0,1,1,7,6,0,1,0,0,0,2,200,200,200,200,200,200,200
411881,0,30,1,2,2,1,10,5,0,1,0,0,0,1,6,200,200,200,200,200,200
411881,0,30,1,2,2,1,10,5,0,1,0,0,0,1,6,0,0,0,1,200,200
411881,1,30,1,2,2,1,10,5,0,1,0,0,0,0,200,200,200,200,200,200,200
411884,0,30,1,2,0,1,10,5,0,0,0,16,25,0,5,200,1,200,200,200,200
411884,0,30,1,2,0,1,10,5,0,0,0,16,25,0,7,0,0,0,0,200,200
411885,0,30,2,2,1,1,14,5,0,1,0,5,200,1,6,0,200,0,0,200,200
411885,0,30,2,2,1,1,14,5,0,1,0,5,200,1,6,0,200,0,0,200,200
411887,0,20,1,2,2,2,10,3,0,1,0,18,12,0,200,200,3,200,200,200,200
411887,0,20,1,2,2,2,10,3,0,1,0,18,12,1,6,0,0,0,0,200,200
411893,0,30,1,2,2,1,9,2,0,1,200,17,200,0,6,200,1,200,0,200,200
411893,5,30,1,2,2,1,9,2,0,1,200,17,200,1,6,200,0,200,0,200,200
411894,0,0,0,0,2,1,7,7,0,1,0,33,20,0,6,200,6,12,0,200,200
411895,0,30,1,2,2,1,12,2,0,1,0,0,34,2,200,200,200,200,200,200,200
411895,0,30,1,2,2,1,12,2,0,1,0,0,34,1,7,0,0,0,0,200,200
411896,0,30,0,0,0,1,14,2,0,1,0,17,0,0,8,0,1,0,0,200,200
411896,0,30,0,0,0,1,14,2,0,1,0,17,0,0,7,0,0,0,0,200,200
411900,0,30,1,2,2,1,10,5,0,1,0,18,16,0,0,0,1,0,0,200,200
411900,0,30,1,2,2,1,10,5,0,1,0,18,16,1,7,0,0,0,0,200,200
411904,0,30,2,2,0,1,10,6,0,0,0,18,0,2,200,200,3,200,200,200,200
411904,0,30,2,2,0,1,10,6,0,0,0,18,0,0,6,0,0,0,0,200,200
411909,0,0,0,0,2,1,11,2,0,1,0,0,0,0,7,0,12,200,0,200,200
411909,0,0,0,0,2,1,11,2,0,1,0,0,0,0,6,0,200,200,0,200,200
411912,0,30,1,0,2,1,11,3,0,1,0,17,17,1,200,200,1,200,200,200,200
411912,0,30,1,0,2,1,11,3,0,1,0,17,17,0,6,0,0,0,0,200,200
411915,0,30,0,0,2,1,14,5,0,1,0,16,0,0,6,0,0,0,0,200,200
411915,0,30,0,0,2,1,14,5,0,1,0,16,0,0,6,0,12,0,0,200,200
411915,1,30,0,0,2,1,14,5,0,1,0,16,0,1,7,0,200,200,200,200,200
411918,0,10,0,0,0,1,7,7,0,0,0,0,0,2,200,200,200,200,200,200,200
411919,0,30,0,0,2,1,12,6,0,1,0,17,200,0,6,200,1,0,0,200,200
411919,0,30,0,0,2,1,12,6,0,1,0,17,200,0,6,0,0,0,0,200,200
411923,0,30,1,2,2,200,12,2,0,1,0,12,16,0,5,200,8,0,0,200,200
411923,0,30,1,2,2,200,12,2,0,1,0,12,16,0,8,200,0,0,0,200,200
411923,1,30,1,2,2,200,12,2,0,1,0,12,16,0,6,200,200,200,200,200,200
411923,1,30,1,2,2,200,12,2,0,1,0,12,16,1,6,200,200,200,200,200,200
411927,0,30,1,2,0,1,14,2,0,1,0,23,200,1,7,0,1,12,5,200,200
411927,0,30,1,2,0,1,14,2,0,1,0,23,200,1,7,0,0,0,0,200,200
411928,0,30,0,0,2,1,12,3,0,1,0,34,34,1,6,0,12,0,0,200,200
411928,0,30,0,0,2,1,12,3,0,1,0,34,34,1,5,0,0,0,0,200,200
411929,0,30,0,0,0,0,7,5,0,0,0,0,0,2,200,200,200,200,200,200,200
411931,0,30,1,2,2,1,12,6,0,1,0,22,17,0,5,0,7,0,0,200,200
411931,0,30,1,2,2,1,12,6,0,1,0,22,17,0,5,0,0,0,0,200,200
411938,0,30,2,2,2,1,14,5,0,1,0,34,200,1,6,0,200,0,0,200,200
411938,0,30,2,2,2,1,14,5,0,1,0,34,200,1,5,0,200,0,0,200,200
411941,0,30,0,0,2,1,10,5,0,1,0,18,200,1,5,0,3,1,0,200,200
411941,0,30,0,0,2,1,10,5,0,1,0,18,200,1,8,0,0,1,0,200,200
411943,0,25,0,0,12,1,0,5,0,1,0,0,0,1,6,0,200,0,0,200,200
411943,0,25,0,0,12,1,0,5,0,1,0,0,0,0,5,0,200,0,0,200,200
411943,1,25,0,0,12,1,0,5,0,1,0,0,0,0,7,0,200,200,200,200,200
411944,0,30,0,0,0,1,10,2,0,0,0,18,200,0,200,200,3,200,200,200,200
411944,0,30,0,0,0,1,10,2,0,0,0,18,200,1,5,200,0,200,0,200,200
411947,0,30,1,2,1,1,0,5,0,1,0,17,200,0,5,0,1,1,0,200,200
411947,0,30,1,2,1,1,0,5,0,1,0,17,200,0,6,0,0,0,0,200,200
411947,1,30,1,2,1,1,0,5,0,1,0,17,200,0,200,0,200,200,200,200,200
411961,0,20,0,0,0,1,7,5,0,0,0,0,0,2,200,200,200,200,200,200,200
411962,0,30,0,0,0,2,7,5,0,0,0,0,0,2,200,200,200,200,200,200,200
411972,0,15,0,0,1,1,7,7,0,1,0,20,0,0,5,0,6,0,0,200,200
411973,0,30,0,0,0,1,7,5,0,0,0,16,4,2,200,200,5,200,200,200,200
411974,0,30,2,1,2,1,12,6,0,1,0,21,200,0,200,200,8,200,200,200,200
411974,0,30,2,1,2,1,12,6,0,1,0,21,200,0,6,0,4,200,0,200,200
411974,0,30,2,1,2,1,12,6,0,1,0,21,200,1,5,0,0,200,0,200,200
411981,0,30,7,3,0,1,10,5,0,0,0,18,0,1,5,0,3,0,0,200,200
411981,0,30,7,3,0,1,10,5,0,0,0,18,0,1,6,0,0,0,0,200,200
411981,1,30,7,3,0,1,10,5,0,0,0,18,0,0,0,5,200,200,200,200,200
411982,0,30,0,0,1,1,9,7,0,1,0,20,11,0,200,200,6,200,200,200,200
411982,5,30,0,0,1,1,9,7,0,1,0,20,11,1,5,200,0,0,0,200,200
411987,0,30,1,2,0,1,14,3,0,1,0,0,0,0,7,0,12,0,0,200,200
411987,0,30,1,2,0,1,14,3,0,1,0,0,0,1,200,0,12,0,0,200,200
411987,1,30,1,2,0,1,14,3,0,1,0,0,0,1,200,7,200,200,200,200,200
411990,0,30,0,0,0,1,12,5,0,1,0,0,0,0,5,0,200,200,0,200,200
411990,0,30,0,0,0,1,12,5,0,1,0,0,0,0,7,0,200,200,0,200,200
411991,0,30,2,2,0,1,7,5,0,1,0,16,15,0,5,0,3,0,0,200,200
411995,0,30,0,0,0,1,12,2,0,0,12,28,28,0,200,200,8,200,200,200,200
411995,0,30,0,0,0,1,12,2,0,0,12,28,28,1,6,0,0,0,0,200,200
411995,1,30,0,0,0,1,12,2,0,0,12,28,28,1,5,200,200,200,200,200,200
411998,0,30,0,0,0,1,12,2,0,0,0,0,0,0,200,200,200,200,200,200,200
411998,0,30,0,0,0,1,12,2,0,0,0,0,0,0,7,0,4,0,0,200,200
412001,0,20,1,2,1,1,0,2,0,0,0,21,33,0,6,200,4,1,0,200,200
412001,0,20,1,2,1,1,0,2,0,0,0,21,33,0,6,200,12,1,0,200,200
412003,0,30,1,2,2,1,12,5,0,1,0,17,17,1,7,0,1,0,0,200,200
412003,0,30,1,2,2,1,12,5,0,1,0,17,17,1,7,0,0,0,0,200,200
412005,0,30,1,2,0,1,10,5,0,0,0,16,0,0,6,0,3,0,200,200,200
412005,0,30,1,2,0,1,10,5,0,0,0,16,0,1,6,0,0,0,0,200,200
412006,0,30,1,2,1,1,14,3,2,1,0,17,0,1,6,0,1,200,0,200,200
412006,0,30,1,2,1,1,14,3,2,1,0,17,0,2,200,200,200,200,200,200,200
412006,1,30,1,2,1,1,14,3,2,1,0,17,0,1,0,5,200,200,200,200,200
412008,0,30,1,2,0,1,10,5,0,0,0,17,16,1,200,200,1,200,200,200,200
412008,0,30,1,2,0,1,10,5,0,0,0,17,16,1,4,0,0,0,0,200,200
412008,1,30,1,2,0,1,10,5,0,0,0,17,16,0,200,200,200,200,200,200,200
412008,1,30,1,2,0,1,10,5,0,0,0,17,16,1,200,200,200,200,200,200,200
412009,0,30,2,2,0,1,10,5,0,0,200,0,0,0,200,200,1,200,0,200,200
412009,0,30,2,2,0,1,10,5,0,0,200,0,0,0,200,200,0,200,0,200,200
412011,0,30,0,0,0,1,10,2,0,0,200,0,0,1,5,200,200,200,200,200,200
412011,0,30,0,0,0,1,10,2,0,0,200,0,0,0,6,200,200,200,200,200,200
412011,0,30,0,0,0,1,10,2,0,0,200,0,0,1,6,200,200,200,200,200,200
412014,0,10,0,0,0,1,7,7,0,0,0,0,0,2,200,200,200,200,200,200,200
412023,0,35,1,2,0,1,2,2,0,0,0,27,200,1,6,200,12,200,4,200,200
412025,0,30,0,0,0,1,7,6,0,0,0,0,0,0,4,0,0,0,0,200,200
412030,0,35,0,0,1,1,10,3,0,1,0,18,18,0,5,0,3,0,0,200,200
412030,0,35,0,0,1,1,10,3,0,1,0,18,18,0,7,0,0,0,0,200,200
412033,0,30,1,2,0,1,12,3,0,0,0,17,23,1,200,200,7,200,200,200,200
412033,0,30,1,2,0,1,12,3,0,0,0,17,23,1,6,0,0,200,0,200,200
412033,1,30,1,2,0,1,12,3,0,0,0,17,23,0,0,5,200,200,200,200,200
412034,0,30,1,2,0,1,10,2,0,1,0,16,18,0,5,0,3,0,0,200,200
412034,0,30,1,2,0,1,10,2,0,1,0,16,18,1,7,0,0,0,0,200,200
412063,0,30,0,0,0,1,12,5,0,0,0,0,200,0,6,200,12,0,0,200,200
412063,0,30,0,0,0,1,12,5,0,0,0,0,200,0,6,200,12,200,200,200,200
412063,1,30,0,0,0,1,12,5,0,0,0,0,200,0,0,5,200,200,200,200,200
412063,1,30,0,0,0,1,12,5,0,0,0,0,200,0,0,5,200,200,200,200,200
412065,0,30,2,2,0,1,9,5,0,0,0,17,200,1,6,0,1,0,0,200,200
412065,5,30,2,2,0,1,9,5,0,0,0,17,200,1,200,200,200,200,200,200,200
412065,1,30,2,2,0,1,9,5,0,0,0,17,200,0,3,0,200,200,200,200,200
412066,0,30,1,2,0,3,12,3,0,0,0,0,0,0,5,200,200,200,200,200,200
412066,0,30,1,2,0,3,12,3,0,0,0,0,0,0,6,0,0,0,0,200,200
412071,0,20,0,0,200,200,7,5,0,200,200,0,200,2,200,200,200,200,200,200,200
412072,0,30,0,0,0,1,12,5,0,0,0,17,25,2,200,200,14,200,200,200,200
412072,0,30,0,0,0,1,12,5,0,0,0,17,25,1,6,0,0,0,0,200,200
412072,1,30,0,0,0,1,12,5,0,0,0,17,25,0,5,0,200,200,200,200,200
412080,0,30,0,0,0,0,14,2,0,0,0,17,17,1,6,0,1,200,0,200,200
412080,0,30,0,0,0,0,14,2,0,0,0,17,17,1,5,0,0,0,0,200,200
412080,1,30,0,0,0,0,14,2,0,0,0,17,17,1,200,1,200,200,200,200,200
412080,1,30,0,0,0,0,14,2,0,0,0,17,17,0,200,4,200,200,200,200,200
412080,1,30,0,0,0,0,14,2,0,0,0,17,17,0,200,4,200,200,200,200,200
412083,0,30,1,2,1,1,12,5,0,0,0,0,0,0,6,200,2,200,200,200,200
412083,0,30,1,2,1,1,12,5,0,0,0,0,0,1,6,0,0,0,0,200,200
412083,1,30,1,2,1,1,12,5,0,0,0,0,0,1,0,5,200,200,200,200,200
412083,1,30,1,2,1,1,12,5,0,0,0,0,0,0,2,0,200,200,200,200,200
412083,1,30,1,2,1,1,12,5,0,0,0,0,0,1,200,0,200,200,200,200,200
412087,0,30,1,2,0,1,0,12,0,0,0,6,200,0,7,200,5,0,0,200,200
412087,0,30,1,2,0,1,0,12,0,0,0,6,200,0,6,200,0,0,0,200,200
412087,1,30,1,2,0,1,0,12,0,0,0,6,200,1,7,200,200,200,200,200,200
412088,0,45,1,2,0,0,10,3,0,0,0,18,200,1,5,0,3,200,200,200,200
412088,0,45,1,2,0,0,10,3,0,0,0,18,200,0,8,0,0,0,0,200,200
412094,0,20,2,2,0,1,10,5,0,0,0,20,17,0,5,0,6,0,0,200,200
412094,0,20,2,2,0,1,10,5,0,0,0,20,17,1,6,0,0,0,0,200,200
412100,0,30,0,0,1,3,14,2,0,0,0,23,21,1,6,200,4,200,200,200,200
412100,0,30,0,0,1,3,14,2,0,0,0,23,21,0,7,0,7,0,0,200,200
412102,0,30,1,2,0,1,3,5,0,0,0,20,0,0,6,200,6,0,200,200,200
412102,0,30,1,2,0,1,3,5,0,0,0,20,0,1,6,0,0,0,0,200,200
412102,1,30,1,2,0,1,3,5,0,0,0,20,0,0,2,0,200,200,200,200,200
412102,1,30,1,2,0,1,3,5,0,0,0,20,0,1,2,0,200,200,200,200,200
412102,1,30,1,2,0,1,3,5,0,0,0,20,0,0,1,0,200,200,200,200,200
412119,0,40,1,2,0,1,12,3,0,0,1,17,22,0,7,0,4,0,0,200,200
412119,0,40,1,2,0,1,12,3,0,0,1,17,22,0,7,0,0,0,0,200,200
412121,0,30,0,0,0,1,7,7,0,0,0,0,0,0,7,0,2,0,0,200,200
412124,0,30,1,2,0,1,12,5,0,0,0,18,18,0,200,200,1,0,0,200,200
412124,0,30,1,2,0,1,12,5,0,0,0,18,18,0,7,0,0,0,0,200,200
412124,1,30,1,2,0,1,12,5,0,0,0,18,18,0,6,0,200,200,200,200,200
412127,0,10,0,0,0,1,0,7,0,0,0,0,0,1,4,200,200,200,200,200,200
412127,0,10,0,0,0,1,0,7,0,0,0,0,0,1,5,0,12,0,0,200,200
412127,1,10,0,0,0,1,0,7,0,0,0,0,0,0,1,5,200,200,200,200,200
412142,0,30,0,0,0,1,7,5,0,0,0,0,200,0,6,200,0,0,0,200,200
412143,0,15,0,0,0,1,7,7,0,0,0,0,0,2,200,200,200,200,200,200,200
412145,0,30,2,2,0,1,10,5,0,0,0,18,16,1,5,0,1,0,0,200,200
412145,0,30,2,2,0,1,10,5,0,0,0,18,16,0,6,0,0,0,0,200,200
412147,0,30,2,2,0,1,7,2,0,0,0,200,200,0,7,0,12,0,0,200,200
412149,0,30,1,0,0,1,14,2,0,0,0,18,18,1,7,200,3,200,0,200,200
412149,0,30,1,0,0,1,14,2,0,0,0,18,18,0,200,200,0,200,0,200,200
412151,0,25,0,0,0,1,7,5,0,0,0,0,0,2,200,200,200,200,200,200,200
412152,0,30,1,2,0,1,12,2,0,1,0,0,0,1,7,200,200,200,200,200,200
412152,0,30,1,2,0,1,12,2,0,1,0,0,0,0,7,200,200,200,200,200,200
412153,0,30,200,200,0,1,10,5,0,0,200,0,0,1,200,200,200,200,200,200,200
412153,0,30,200,200,0,1,10,5,0,0,200,0,0,0,7,200,200,200,200,200,200
412160,0,35,0,0,0,3,12,5,0,0,0,0,0,1,200,200,1,0,0,200,200
412160,0,35,0,0,0,3,12,5,0,0,0,0,0,1,200,0,0,0,0,200,200
412164,0,30,3,2,0,1,14,3,0,0,12,23,28,0,6,200,12,12,0,200,200
412164,0,30,3,2,0,1,14,3,0,0,12,23,28,0,7,200,0,200,0,200,200
412167,0,25,0,0,0,3,7,6,0,0,0,17,0,2,200,200,1,200,200,200,200
412168,0,30,2,2,0,1,14,5,0,0,0,23,0,0,5,200,7,200,200,200,200
412168,0,30,2,2,0,1,14,5,0,0,0,23,0,0,6,0,0,0,0,200,200
412168,1,30,2,2,0,1,14,5,0,0,0,23,0,1,2,5,200,200,200,200,200
412169,0,35,0,0,0,1,7,5,0,0,0,0,0,2,200,200,0,200,200,200,200
412173,0,30,0,0,0,3,10,2,0,0,0,22,17,0,5,200,2,200,200,200,200
412173,0,30,0,0,0,3,10,2,0,0,0,22,17,0,6,200,0,0,0,200,200