RD_NO,PERSON_TYPE,POSTED_SPEED_LIMIT,TRAFFIC_CONTROL_DEVICE,DEVICE_CONDITION,WEATHER_CONDITION,LIGHTING_CONDITION,FIRST_CRASH_TYPE,TRAFFICWAY_TYPE,ALIGNMENT,ROADWAY_SURFACE_COND,ROAD_DEFECT,PRIM_CONTRIBUTORY_CAUSE,SEC_CONTRIBUTORY_CAUSE,SEX,AGE,SAFETY_EQUIPMENT,DRIVER_ACTION,DRIVER_VISION,PHYSICAL_CONDITION,BAC_RESULT VALUE,CELL_PHONE_USE
412178,0,30,0,0,0,1,12,6,0,0,0,17,21,0,6,0,4,0,0,200,200
412178,0,30,0,0,0,1,12,6,0,0,0,17,21,0,5,0,0,0,0,200,200
412184,0,30,1,2,0,1,10,5,0,0,0,7,11,1,6,0,12,0,0,200,200
412184,0,30,1,2,0,1,10,5,0,0,0,7,11,0,6,0,0,0,0,200,200
412184,1,30,1,2,0,1,10,5,0,0,0,7,11,0,200,0,200,200,200,200,200
412184,1,30,1,2,0,1,10,5,0,0,0,7,11,1,200,0,200,200,200,200,200
412185,0,30,0,0,0,1,10,5,0,0,0,0,0,0,6,0,200,0,0,200,200
412185,0,30,0,0,0,1,10,5,0,0,0,0,0,0,6,0,200,0,0,200,200
412185,1,30,0,0,0,1,10,5,0,0,0,0,0,1,6,0,200,200,200,200,200
412185,1,30,0,0,0,1,10,5,0,0,0,0,0,1,7,0,200,200,200,200,200
412189,0,15,12,2,0,1,2,7,0,0,0,200,200,0,7,0,12,200,0,200,200
412194,0,30,0,0,0,0,12,5,0,200,200,21,21,0,200,200,4,200,200,200,200
412194,0,30,0,0,0,0,12,5,0,200,200,21,21,0,7,0,12,200,200,200,200
412194,1,30,0,0,0,0,12,5,0,200,200,21,21,1,7,0,200,200,200,200,200
412196,0,30,0,0,0,1,10,3,0,0,0,0,0,0,200,200,200,200,200,200,200
412196,0,30,0,0,0,1,10,3,0,0,0,0,0,1,8,0,200,0,0,200,200
412199,0,25,0,0,0,1,7,2,0,0,200,0,0,1,7,200,6,200,0,200,200
412199,1,25,0,0,0,1,7,2,0,0,200,0,0,1,6,200,200,200,200,200,200
412202,0,30,0,0,0,1,10,5,0,0,0,18,11,1,6,0,3,0,0,200,200
412202,0,30,0,0,0,1,10,5,0,0,0,18,11,0,6,0,0,0,0,200,200
412202,1,30,0,0,0,1,10,5,0,0,0,18,11,1,7,0,200,200,200,200,200
412211,0,30,1,2,0,1,14,1,0,0,0,200,200,0,7,200,12,0,0,200,200
412211,0,30,1,2,0,1,14,1,0,0,0,200,200,1,6,200,0,0,0,200,200
412220,0,30,0,0,0,1,14,5,0,0,0,0,0,0,200,200,200,200,200,200,200
412220,0,30,0,0,0,1,14,5,0,0,0,0,0,0,7,0,200,0,0,200,200
412222,0,30,200,200,0,1,12,5,0,0,200,18,200,0,7,200,3,200,200,200,200
412222,0,30,200,200,0,1,12,5,0,0,200,18,200,1,7,0,0,0,0,200,200
412228,0,35,0,0,0,1,12,5,0,0,0,21,200,2,200,200,4,200,200,200,200
412228,0,35,0,0,0,1,12,5,0,0,0,21,200,0,4,0,0,0,0,200,200
412245,0,30,1,2,0,1,0,5,0,0,0,0,200,2,200,200,5,200,200,200,200
412245,0,30,1,2,0,1,0,5,0,0,0,0,200,0,5,0,0,0,0,200,200
412250,0,30,0,0,0,1,10,5,0,0,0,18,0,1,6,200,3,0,0,200,200
412250,0,30,0,0,0,1,10,5,0,0,0,18,0,1,5,200,0,0,0,200,200
412250,0,30,0,0,0,1,10,5,0,0,0,18,0,0,6,200,200,0,0,200,200
412250,0,30,0,0,0,1,10,5,0,0,0,18,0,0,8,200,0,0,0,200,200
412255,0,30,1,2,0,1,12,5,0,0,0,0,0,1,6,200,200,200,200,200,200
412255,0,30,1,2,0,1,12,5,0,0,0,0,0,0,7,0,0,0,0,200,200
412255,1,30,1,2,0,1,12,5,0,0,0,0,0,1,200,200,200,200,200,200,200
412255,1,30,1,2,0,1,12,5,0,0,0,0,0,1,200,200,200,200,200,200,200
412258,0,40,1,2,0,1,10,5,0,0,0,0,0,0,200,200,1,200,200,200,200
412258,0,40,1,2,0,1,10,5,0,0,0,0,0,0,6,200,0,0,0,200,200
412258,1,40,1,2,0,1,10,5,0,0,0,0,0,0,200,200,200,200,200,200,200
412262,0,30,0,0,0,1,14,2,0,0,0,23,200,0,6,200,7,200,0,200,200
412262,0,30,0,0,0,1,14,2,0,0,0,23,200,0,4,200,0,200,0,200,200
412264,0,30,0,0,0,1,7,12,0,0,0,200,200,1,6,200,0,0,0,200,200
412266,0,30,0,0,0,1,2,5,0,0,0,200,200,1,200,0,0,0,0,200,200
412266,3,30,0,0,0,1,2,5,0,0,0,200,200,200,200,200,200,200,200,200,200
412267,0,30,0,0,0,1,10,5,0,0,0,16,11,1,4,0,3,200,0,200,200
412267,0,30,0,0,0,1,10,5,0,0,0,16,11,0,7,0,0,0,0,200,200
412279,0,30,0,0,0,1,14,12,0,0,0,0,0,0,7,0,12,0,0,200,200
412279,0,30,0,0,0,1,14,12,0,0,0,0,0,0,6,0,12,0,0,200,200
412283,0,25,0,0,0,1,12,6,0,0,200,0,0,1,200,200,12,200,200,200,200
412283,0,25,0,0,0,1,12,6,0,0,200,0,0,0,6,0,0,200,200,200,200
412284,0,30,1,2,0,1,10,3,0,0,0,0,200,0,200,200,200,200,200,200,200
412284,0,30,1,2,0,1,10,3,0,0,0,0,200,0,7,0,0,0,0,200,200
412288,0,30,2,2,0,1,7,5,0,0,0,0,200,2,200,200,200,200,200,200,200
412291,0,0,200,200,200,200,2,200,0,200,200,0,0,2,200,200,200,200,200,200,200
412293,0,30,0,0,0,1,7,6,0,0,0,17,22,0,7,0,2,0,0,200,200
412300,0,30,2,2,0,1,14,2,0,0,200,33,0,1,5,0,12,200,0,200,200
412300,0,30,2,2,0,1,14,2,0,0,200,33,0,1,5,0,0,200,0,200,200
412302,0,0,0,0,0,1,7,5,0,0,0,20,20,0,5,0,6,0,0,200,200
412310,0,30,0,0,200,1,14,5,0,200,200,12,200,1,7,0,12,200,0,200,200
412310,0,30,0,0,200,1,14,5,0,200,200,12,200,0,200,200,0,200,200,200,200
412314,0,35,0,0,0,1,10,5,0,0,0,0,0,1,7,0,0,0,0,200,200
412314,0,35,0,0,0,1,10,5,0,0,0,0,0,1,5,7,0,0,0,200,200
412314,1,35,0,0,0,1,10,5,0,0,0,0,0,0,200,0,200,200,200,200,200
412319,0,35,1,2,0,1,10,2,0,0,0,18,0,0,7,200,200,200,200,200,200
412319,0,35,1,2,0,1,10,2,0,0,0,18,0,0,7,0,0,0,0,200,200
412335,0,30,0,0,0,1,7,5,0,0,0,20,200,1,200,200,6,200,200,200,200
412335,1,30,0,0,0,1,7,5,0,0,0,20,200,1,200,200,200,200,200,200,200
412336,0,30,0,0,0,1,0,5,0,0,0,0,0,1,7,0,12,0,0,200,200
412336,0,30,0,0,0,1,0,5,0,0,0,0,0,0,6,0,0,0,0,200,200
412340,0,15,0,0,0,1,10,7,0,0,0,20,17,0,5,200,6,200,0,200,200
412340,0,15,0,0,0,1,10,7,0,0,0,20,17,1,7,0,0,0,0,200,200
412344,0,30,0,0,0,1,12,5,0,200,200,21,22,0,6,200,4,200,200,200,200
412344,0,30,0,0,0,1,12,5,0,200,200,21,22,1,7,0,12,200,0,200,200
412344,1,30,0,0,0,1,12,5,0,200,200,21,22,1,200,200,200,200,200,200,200
412346,0,30,2,2,0,1,10,5,0,0,0,0,200,0,5,200,12,0,0,200,200
412346,0,30,2,2,0,1,10,5,0,0,0,0,200,0,6,200,0,0,0,200,200
412351,0,30,1,2,0,1,14,3,0,0,0,6,14,0,5,200,5,0,0,200,200
412351,0,30,1,2,0,1,14,3,0,0,0,6,14,1,5,0,0,0,0,200,200
412351,1,30,1,2,0,1,14,3,0,0,0,6,14,1,5,0,200,200,200,200,200
412352,0,30,0,0,0,1,14,5,0,0,0,0,200,0,200,200,200,200,200,200,200
412352,0,30,0,0,0,1,14,5,0,0,0,0,200,1,7,0,0,0,0,200,200
412353,0,30,0,0,0,1,10,12,0,0,12,18,200,0,4,200,200,12,12,200,200
412353,0,30,0,0,0,1,10,12,0,0,12,18,200,0,6,0,12,12,0,200,200
412354,0,35,0,0,0,1,12,2,0,0,12,0,0,0,6,0,12,200,0,200,200
412354,0,35,0,0,0,1,12,2,0,0,12,0,0,1,7,0,0,200,0,200,200
412355,0,30,2,2,0,1,14,2,0,0,0,17,200,1,6,0,1,0,0,200,200
412355,0,30,2,2,0,1,14,2,0,0,0,17,200,0,6,0,2,0,0,200,200
412355,1,30,2,2,0,1,14,2,0,0,0,17,200,0,3,0,200,200,200,200,200
412356,0,35,1,2,0,1,4,5,0,0,1,0,0,1,6,200,0,0,0,200,200
412358,0,30,0,0,0,1,7,6,0,0,0,0,0,0,9,200,200,200,200,200,200
412363,0,30,1,2,0,1,10,5,0,0,0,8,200,0,7,200,12,12,0,200,200
412363,0,30,1,2,0,1,10,5,0,0,0,8,200,0,6,200,0,0,0,200,200
412364,0,30,1,2,0,3,12,6,0,0,0,21,200,0,6,200,4,200,200,200,200
412364,0,30,1,2,0,3,12,6,0,0,0,21,200,0,7,0,0,0,0,200,200
412368,0,30,1,2,0,1,10,2,0,1,0,18,16,0,200,200,3,200,200,200,200
412368,0,30,1,2,0,1,10,2,0,1,0,18,16,1,7,200,0,0,0,200,200
412369,0,30,1,2,0,1,14,3,0,0,0,6,16,0,5,200,5,0,0,200,200
412369,0,30,1,2,0,1,14,3,0,0,0,6,16,0,7,0,0,0,0,200,200
412369,0,30,1,2,0,1,14,3,0,0,0,6,16,0,7,0,0,0,0,200,200
412375,0,20,0,0,0,1,7,5,0,0,0,20,200,0,9,0,6,0,0,200,200
412381,0,30,2,2,0,1,0,12,0,0,0,5,0,0,200,200,5,200,200,200,200
412381,0,30,2,2,0,1,0,12,0,0,0,5,0,0,7,0,0,0,0,200,200
412381,0,30,2,2,0,1,0,12,0,0,0,5,0,1,7,0,0,0,0,200,200
412381,1,30,2,2,0,1,0,12,0,0,0,5,0,0,200,200,200,200,200,200,200
412382,0,35,1,2,0,1,10,5,0,0,0,18,35,0,5,0,3,0,0,200,200
412382,0,35,1,2,0,1,10,5,0,0,0,18,35,1,7,0,0,0,0,200,200
412387,0,30,1,2,0,1,10,5,0,0,0,18,200,0,5,0,3,0,0,200,200
412387,0,30,1,2,0,1,10,5,0,0,0,18,200,0,6,0,0,0,0,200,200
412388,0,15,0,0,0,1,7,7,0,0,0,0,0,0,6,0,12,0,0,200,200
412388,1,15,0,0,0,1,7,7,0,0,0,0,0,1,6,0,200,200,200,200,200
412390,0,30,2,2,0,1,10,6,0,0,0,20,0,0,6,200,6,0,0,200,200
412390,0,30,2,2,0,1,10,6,0,0,0,20,0,0,7,200,0,0,0,200,200
412392,0,35,1,2,0,1,12,1,0,0,0,22,0,1,200,200,4,200,200,200,200
412392,0,35,1,2,0,1,12,1,0,0,0,22,0,0,6,0,0,0,0,200,200
412393,0,30,1,2,0,1,10,2,0,0,0,0,200,1,200,200,200,200,200,200,200
412393,0,30,1,2,0,1,10,2,0,0,0,0,200,1,5,0,0,0,200,200,200
412393,1,30,1,2,0,1,10,2,0,0,0,0,200,1,7,0,200,200,200,200,200
412393,1,30,1,2,0,1,10,2,0,0,0,0,200,1,2,0,200,200,200,200,200
412393,1,30,1,2,0,1,10,2,0,0,0,0,200,0,7,0,200,200,200,200,200
412395,0,0,1,2,0,1,10,200,0,200,200,0,200,0,6,200,200,200,200,200,200
412395,0,0,1,2,0,1,10,200,0,200,200,0,200,0,6,1,200,200,0,200,200
412396,0,30,1,2,0,1,14,3,0,0,0,20,200,0,7,0,6,200,0,200,200
412396,0,30,1,2,0,1,14,3,0,0,0,20,200,0,5,0,0,0,0,200,200
412396,1,30,1,2,0,1,14,3,0,0,0,20,200,0,200,0,200,200,200,200,200
412399,0,30,0,0,0,1,12,5,0,0,0,16,22,2,200,200,1,200,200,200,200
412399,0,30,0,0,0,1,12,5,0,0,0,16,22,0,7,200,0,0,0,200,200
412413,0,30,0,0,0,1,0,5,0,0,0,17,200,1,9,200,1,200,0,200,200
412413,0,30,0,0,0,1,0,5,0,0,0,17,200,0,7,200,200,200,0,200,200
412417,0,30,2,2,0,1,10,5,0,0,0,20,200,1,6,0,6,0,0,200,200
412417,0,30,2,2,0,1,10,5,0,0,0,20,200,1,6,0,0,0,0,200,200
412417,1,30,2,2,0,1,10,5,0,0,0,20,200,1,200,0,200,200,200,200,200
412419,0,30,0,0,200,1,10,2,0,200,200,17,200,1,6,200,1,200,200,200,200
412419,0,30,0,0,200,1,10,2,0,200,200,17,200,0,8,0,0,200,0,200,200
412422,0,35,1,2,2,1,14,5,0,1,0,0,0,0,200,200,1,200,200,200,200
412422,0,35,1,2,2,1,14,5,0,1,0,0,0,1,6,200,0,0,0,200,200
412428,0,30,200,200,0,4,7,7,0,0,200,0,200,2,200,200,200,200,200,200,200
412429,0,35,0,0,0,1,7,5,0,0,0,0,0,2,200,200,200,200,200,200,200
412433,0,30,0,0,0,3,9,12,0,0,0,0,200,2,200,200,200,200,200,200,200
412433,5,30,0,0,0,3,9,12,0,0,0,0,200,0,6,200,12,12,12,200,200
412437,0,30,1,200,0,1,0,6,0,0,200,17,200,0,8,200,1,200,2,200,200
412437,0,30,1,200,0,1,0,6,0,0,200,17,200,0,6,200,0,200,200,200,200
412442,0,35,1,200,0,1,12,5,0,0,200,0,0,0,5,200,200,0,0,200,200
412442,0,35,1,200,0,1,12,5,0,0,200,0,0,1,7,0,200,200,200,200,200
412442,1,35,1,200,0,1,12,5,0,0,200,0,0,1,7,200,200,200,200,200,200
412451,0,30,0,0,200,1,12,5,0,200,0,0,200,1,200,200,200,200,200,200,200
412451,0,30,0,0,200,1,12,5,0,200,0,0,200,1,5,0,0,0,0,200,200
412452,0,30,1,2,0,1,12,5,0,0,0,21,200,1,200,200,4,200,200,200,200
412452,0,30,1,2,0,1,12,5,0,0,0,21,200,1,7,0,0,0,0,200,200
412454,0,10,0,0,0,1,2,7,0,0,0,21,200,0,5,0,12,0,0,200,200
412460,0,0,0,0,0,1,10,200,0,200,200,0,200,0,200,200,6,200,200,200,200
412460,0,0,0,0,0,1,10,200,0,200,200,0,200,0,5,0,200,200,0,200,200
412463,0,30,0,0,0,1,14,5,0,0,0,0,0,1,6,0,200,0,0,200,200
412463,0,30,0,0,0,1,14,5,0,0,0,0,0,0,7,0,200,0,0,200,200
412467,0,30,0,0,0,1,7,7,0,0,0,20,200,0,200,200,6,200,0,200,200
412469,0,30,1,2,0,1,10,2,0,0,0,0,200,1,200,200,200,200,200,200,200
412469,0,30,1,2,0,1,10,2,0,0,0,0,200,0,7,0,200,0,0,200,200
412469,1,30,1,2,0,1,10,2,0,0,0,0,200,200,200,200,200,200,200,200,200
412472,0,30,0,0,0,1,14,5,0,0,0,0,0,1,6,200,200,200,200,200,200
412472,0,30,0,0,0,1,14,5,0,0,0,0,0,1,6,0,200,200,200,200,200
412472,1,30,0,0,0,1,14,5,0,0,0,0,0,0,0,0,200,200,200,200,200
412476,0,30,1,2,0,1,14,8,0,0,200,23,200,2,200,200,7,200,200,200,200
412476,0,30,1,2,0,1,14,8,0,0,200,23,200,1,6,0,0,0,0,200,200
412480,0,30,2,2,0,1,0,2,0,0,0,17,200,1,7,0,1,0,0,200,200
412480,0,30,2,2,0,1,0,2,0,0,0,17,200,1,6,0,0,0,0,200,200
412480,1,30,2,2,0,1,0,2,0,0,0,17,200,0,2,0,200,200,200,200,200
412480,1,30,2,2,0,1,0,2,0,0,0,17,200,0,1,5,200,200,200,200,200
412484,0,30,0,0,0,1,7,5,0,0,0,12,16,1,7,0,12,0,0,200,200
412487,0,35,1,2,0,1,12,5,0,0,0,17,0,1,6,0,1,0,0,200,200
412487,0,35,1,2,0,1,12,5,0,0,0,17,0,0,6,1,0,0,0,200,200
412487,1,35,1,2,0,1,12,5,0,0,0,17,0,0,200,0,200,200,200,200,200
412488,0,30,1,2,0,1,14,5,0,0,0,0,0,0,200,200,200,200,200,200,200
412488,0,30,1,2,0,1,14,5,0,0,0,0,0,0,0,0,200,0,0,200,200
412489,0,30,2,2,0,1,14,5,0,0,0,23,23,0,6,0,7,0,0,200,200
412489,0,30,2,2,0,1,14,5,0,0,0,23,23,0,7,0,5,0,0,200,200
412490,0,0,0,0,0,1,7,6,0,0,0,27,200,0,6,0,12,0,2,200,200
412496,0,35,1,2,0,1,10,1,0,0,0,18,200,0,8,0,3,200,0,200,200
412496,0,35,1,2,0,1,10,1,0,0,0,18,200,0,6,0,0,200,0,200,200
412496,1,35,1,2,0,1,10,1,0,0,0,18,200,0,6,0,200,200,200,200,200
412500,0,30,10,0,0,1,9,5,0,0,0,32,25,0,7,0,5,0,0,200,200
412500,5,30,10,0,0,1,9,5,0,0,0,32,25,1,5,7,0,0,0,200,200
412506,0,30,2,2,0,1,0,5,0,0,0,17,200,0,200,200,1,200,200,200,200
412506,0,30,2,2,0,1,0,5,0,0,0,17,200,0,7,0,0,0,0,200,200
412508,1,35,0,0,0,1,10,5,0,0,0,0,0,0,200,200,200,200,200,200,200
412508,0,35,0,0,0,1,10,5,0,0,0,0,0,1,200,200,200,200,200,200,200
412508,0,35,0,0,0,1,10,5,0,0,0,0,0,0,6,200,3,0,0,200,200
412510,0,35,0,0,0,1,10,5,0,0,0,18,200,0,6,200,3,200,0,200,200
412510,0,35,0,0,0,1,10,5,0,0,0,18,200,1,8,200,0,200,0,200,200
412510,1,35,0,0,0,1,10,5,0,0,0,18,200,0,1,200,200,200,200,200,200
412511,0,30,0,0,0,1,12,5,3,0,0,22,16,0,7,200,2,200,0,200,200
412511,0,30,0,0,0,1,12,5,3,0,0,22,16,0,6,0,0,0,0,200,200
412511,1,30,0,0,0,1,12,5,3,0,0,22,16,0,200,0,200,200,200,200,200
412515,0,30,0,0,0,1,7,5,0,0,0,0,0,2,200,200,200,200,200,200,200
412518,0,30,1,0,0,1,14,5,0,0,0,0,200,0,6,0,200,200,200,200,200
412518,0,30,1,0,0,1,14,5,0,0,0,0,200,0,7,0,0,0,0,200,200
412518,1,30,1,0,0,1,14,5,0,0,0,0,200,0,200,0,200,200,200,200,200
412519,0,35,0,0,0,1,12,2,0,0,0,0,200,1,200,200,200,200,200,200,200
412519,0,35,0,0,0,1,12,2,0,0,0,0,200,1,7,0,0,0,200,200,200
412520,0,30,0,0,0,1,8,8,0,0,0,0,0,1,6,0,0,0,0,200,200
412520,4,30,0,0,0,1,8,8,0,0,0,0,0,0,7,7,12,0,200,200,200
412523,0,30,0,0,0,1,12,2,0,0,200,0,20,1,5,200,2,0,0,200,200
412523,0,30,0,0,0,1,12,2,0,0,200,0,20,1,5,200,6,0,0,200,200
412526,0,30,2,0,0,1,0,12,0,0,0,5,200,1,7,200,0,0,0,200,200
412526,0,30,2,0,0,1,0,12,0,0,0,5,200,0,6,200,0,0,0,200,200
412530,0,30,0,0,0,1,10,5,0,0,0,16,200,0,5,200,12,200,0,200,200
412530,0,30,0,0,0,1,10,5,0,0,0,16,200,0,9,200,0,0,0,200,200
412532,0,30,0,0,0,200,7,6,0,0,0,0,200,2,200,200,200,200,200,200,200
412538,0,35,1,2,0,1,12,2,0,0,0,0,0,0,5,0,12,0,0,200,200
412538,0,35,1,2,0,1,12,2,0,0,0,0,0,2,200,200,200,200,200,200,200
412538,1,35,1,2,0,1,12,2,0,0,0,0,0,1,200,0,200,200,200,200,200
412538,1,35,1,2,0,1,12,2,0,0,0,0,0,0,200,200,200,200,200,200,200
412538,1,35,1,2,0,1,12,2,0,0,0,0,0,1,200,1,200,200,200,200,200
412542,0,0,2,2,0,1,10,200,0,200,200,0,200,0,6,200,200,200,200,200,200
412542,0,0,2,2,0,1,10,200,0,200,200,0,200,1,5,0,0,0,0,200,200
412553,0,30,3,2,0,1,12,5,0,0,0,22,4,0,200,200,4,200,200,200,200
412553,0,30,3,2,0,1,12,5,0,0,0,22,4,0,6,0,0,0,0,200,200
412560,0,30,2,2,0,1,7,6,0,0,0,21,200,0,6,0,4,0,0,200,200
412561,5,30,0,0,0,1,9,2,0,0,0,13,13,1,6,7,0,200,12,200,200
412561,0,30,0,0,0,1,9,2,0,0,0,13,13,0,5,0,0,0,0,200,200
412563,0,30,0,0,0,1,7,5,0,0,0,0,0,1,5,0,0,0,0,200,200
412565,0,30,0,0,0,1,10,5,0,0,0,18,16,0,5,0,3,0,0,200,200
412565,0,30,0,0,0,1,10,5,0,0,0,18,16,0,5,0,0,0,0,200,200
412567,0,20,2,2,0,1,14,5,0,0,0,0,0,0,5,0,7,0,0,200,200
412567,0,20,2,2,0,1,14,5,0,0,0,0,0,0,6,0,0,0,0,200,200
412572,0,30,2,2,0,1,0,12,0,0,0,17,200,1,4,200,1,200,200,200,200
412572,0,30,2,2,0,1,0,12,0,0,0,17,200,0,6,0,0,0,0,200,200
412574,0,30,0,0,0,1,8,5,0,0,0,0,200,0,5,200,12,12,0,200,200
412574,4,30,0,0,0,1,8,5,0,0,0,0,200,0,5,7,0,0,0,200,200
412574,1,30,0,0,0,1,8,5,0,0,0,0,200,1,5,200,200,200,200,200,200
412576,0,30,1,2,0,1,10,5,0,0,0,18,0,1,5,0,3,0,0,200,200
412576,0,30,1,2,0,1,10,5,0,0,0,18,0,0,6,0,0,0,0,200,200
412580,0,30,1,2,1,4,7,5,0,0,0,21,200,0,5,0,200,0,0,200,200
412581,0,30,1,2,2,1,10,5,0,1,0,16,18,0,5,200,1,4,0,200,200
412581,0,30,1,2,2,1,10,5,0,1,0,16,18,1,6,0,0,0,0,200,200
412583,0,30,0,0,1,1,14,2,0,1,0,0,200,0,0,0,200,200,0,200,200
412583,0,30,0,0,1,1,14,2,0,1,0,0,200,0,7,0,200,200,0,200,200
412585,0,30,0,0,0,1,14,5,0,0,0,17,200,0,5,0,1,1,0,200,200
412585,0,30,0,0,0,1,14,5,0,0,0,17,200,0,4,0,12,0,0,200,200
412586,0,25,0,0,0,1,14,0,0,0,0,25,25,0,4,200,13,0,0,200,200
412586,0,25,0,0,0,1,14,0,0,0,0,25,25,0,5,0,14,0,0,200,200
412586,1,25,0,0,0,1,14,0,0,0,0,25,25,0,200,0,200,200,200,200,200
412589,0,30,2,2,0,1,10,5,0,0,0,0,0,0,5,200,200,200,200,200,200
412589,0,30,2,2,0,1,10,5,0,0,0,0,0,0,6,0,0,0,0,200,200
412604,0,30,1,2,0,1,10,5,0,0,0,18,16,0,200,0,3,0,0,200,200
412604,0,30,1,2,0,1,10,5,0,0,0,18,16,0,200,0,0,0,0,200,200
412604,0,30,1,2,0,1,10,5,0,0,0,18,16,0,200,0,0,0,0,200,200
412611,0,15,0,0,0,1,2,0,0,0,0,0,200,0,5,0,12,0,0,200,200
412613,0,30,1,2,0,1,9,5,0,0,200,21,22,1,7,0,4,200,200,200,200
412613,5,30,1,2,0,1,9,5,0,0,200,21,22,1,5,7,12,0,0,200,200
412619,0,30,1,2,0,1,10,5,0,0,0,0,200,1,6,200,0,0,0,200,200
412619,0,30,1,2,0,1,10,5,0,0,0,0,200,1,5,200,0,0,0,200,200
412619,0,30,1,2,0,1,10,5,0,0,0,0,200,1,6,200,0,0,0,200,200
412621,0,35,0,0,2,1,0,5,0,1,0,0,0,1,200,200,1,0,0,200,200
412621,0,35,0,0,2,1,0,5,0,1,0,0,0,0,9,200,0,0,0,200,200
412623,0,30,2,2,0,1,0,5,0,0,0,5,17,0,8,0,5,200,0,200,200
412623,0,30,2,2,0,1,0,5,0,0,0,5,17,0,5,0,0,0,0,200,200
412626,0,30,1,2,0,3,10,5,0,0,0,0,0,2,200,200,1,200,200,200,200
412626,0,30,1,2,0,3,10,5,0,0,0,0,0,0,7,0,0,0,0,200,200
412626,0,30,1,2,0,3,10,5,0,0,0,0,0,1,6,0,0,0,0,200,200
412627,0,30,1,2,0,1,14,5,0,0,0,20,0,0,200,200,6,200,200,200,200
412627,0,30,1,2,0,1,14,5,0,0,0,20,0,1,6,0,0,0,0,200,200
412628,0,5,0,0,2,1,7,7,0,1,0,20,0,2,200,200,6,200,200,200,200
412630,0,30,1,2,0,1,10,3,0,0,0,18,16,0,6,200,3,0,0,200,200
412630,0,30,1,2,0,1,10,3,0,0,0,18,16,0,7,200,0,0,0,200,200
412631,0,30,1,2,0,1,12,6,0,0,0,0,200,0,4,0,200,0,0,200,200
412631,0,30,1,2,0,1,12,6,0,0,0,0,200,0,7,0,0,0,0,200,200
412636,0,30,1,2,0,1,10,3,0,0,0,18,200,0,6,200,5,0,0,200,200
412636,0,30,1,2,0,1,10,3,0,0,0,18,200,1,6,0,0,0,0,200,200
412637,0,30,0,0,0,1,12,5,0,0,0,21,0,1,6,7,0,0,0,200,200
412637,0,30,0,0,0,1,12,5,0,0,0,21,0,0,7,0,0,0,0,200,200
412638,4,30,0,0,0,4,8,5,0,0,0,200,200,0,200,200,0,200,0,200,200
412638,0,30,0,0,0,4,8,5,0,0,0,200,200,0,6,0,0,0,0,200,200
412639,0,30,2,2,1,1,14,2,0,0,0,23,0,0,200,200,7,0,0,200,200
412639,0,30,2,2,1,1,14,2,0,0,0,23,0,1,6,0,0,0,0,200,200
412639,1,30,2,2,1,1,14,2,0,0,0,23,0,1,6,0,200,200,200,200,200
412640,0,30,0,0,0,1,10,5,0,1,0,18,18,0,200,200,3,200,200,200,200
412640,0,30,0,0,0,1,10,5,0,1,0,18,18,1,7,0,0,0,0,200,200
412642,0,30,0,0,0,1,10,5,0,0,0,18,200,0,7,200,3,200,200,200,200
412642,0,30,0,0,0,1,10,5,0,0,0,18,200,0,5,0,0,0,0,200,200
412644,0,30,1,2,0,4,14,8,0,0,0,23,21,0,9,0,7,0,0,200,200
412644,0,30,1,2,0,4,14,8,0,0,0,23,21,1,7,0,0,0,0,200,200
412651,5,30,1,200,2,1,9,2,0,0,200,17,200,0,7,200,200,200,0,200,200
412651,0,30,1,200,2,1,9,2,0,0,200,17,200,0,6,200,1,200,0,200,200
412652,0,30,1,200,0,1,10,5,0,0,200,0,0,1,200,200,200,200,200,200,200
412652,0,30,1,200,0,1,10,5,0,0,200,0,0,1,6,0,200,200,200,200,200
412653,0,30,2,2,0,1,0,2,0,0,0,17,5,1,7,0,1,0,0,200,200
412653,0,30,2,2,0,1,0,2,0,0,0,17,5,1,7,0,0,0,0,200,200
412653,1,30,2,2,0,1,0,2,0,0,0,17,5,1,7,0,200,200,200,200,200
412653,1,30,2,2,0,1,0,2,0,0,0,17,5,1,6,0,200,200,200,200,200
412653,1,30,2,2,0,1,0,2,0,0,0,17,5,0,6,0,200,200,200,200,200
412653,1,30,2,2,0,1,0,2,0,0,0,17,5,1,3,0,200,200,200,200,200
412657,0,30,1,2,2,1,8,6,0,1,0,0,0,0,7,0,12,0,0,200,200
412657,4,30,1,2,2,1,8,6,0,1,0,0,0,0,5,7,0,0,0,200,200
412661,0,15,0,0,0,1,14,7,0,0,0,0,0,1,5,200,200,200,200,200,200
412661,0,15,0,0,0,1,14,7,0,0,0,0,0,1,6,0,200,200,200,200,200
412667,0,30,0,0,0,1,12,5,0,0,0,0,0,0,6,0,0,0,0,200,200
412667,0,30,0,0,0,1,12,5,0,0,0,0,0,0,7,0,0,0,0,200,200
412667,1,30,0,0,0,1,12,5,0,0,0,0,0,1,200,0,200,200,200,200,200
412679,0,30,0,0,0,1,10,5,0,0,0,200,200,1,5,0,0,0,0,200,200
412679,0,30,0,0,0,1,10,5,0,0,0,200,200,1,7,0,0,0,0,200,200
412682,0,30,1,2,2,1,0,5,0,1,0,6,200,0,6,0,5,0,0,200,200
412682,0,30,1,2,2,1,0,5,0,1,0,6,200,1,7,0,0,0,0,200,200
412682,1,30,1,2,2,1,0,5,0,1,0,6,200,1,5,0,200,200,200,200,200
412682,1,30,1,2,2,1,0,5,0,1,0,6,200,0,5,0,200,200,200,200,200