RD_NO,PERSON_TYPE,POSTED_SPEED_LIMIT,TRAFFIC_CONTROL_DEVICE,DEVICE_CONDITION,WEATHER_CONDITION,LIGHTING_CONDITION,FIRST_CRASH_TYPE,TRAFFICWAY_TYPE,ALIGNMENT,ROADWAY_SURFACE_COND,ROAD_DEFECT,PRIM_CONTRIBUTORY_CAUSE,SEC_CONTRIBUTORY_CAUSE,SEX,AGE,SAFETY_EQUIPMENT,DRIVER_ACTION,DRIVER_VISION,PHYSICAL_CONDITION,BAC_RESULT VALUE,CELL_PHONE_USE
412683,0,30,0,0,2,1,8,2,0,1,0,17,200,1,5,0,1,0,5,200,200
412683,4,30,0,0,2,1,8,2,0,1,0,17,200,0,5,7,0,0,0,200,200
412684,0,0,0,0,0,1,10,200,0,200,200,0,200,0,8,0,200,200,0,200,200
412684,0,0,0,0,0,1,10,200,0,200,200,0,200,0,6,200,200,200,0,200,200
412685,0,30,1,2,2,1,14,5,0,1,0,22,0,0,6,200,2,200,200,200,200
412685,0,30,1,2,2,1,14,5,0,1,0,22,0,1,5,0,0,0,0,200,200
412686,0,30,1,2,0,1,12,5,0,0,0,22,21,0,6,200,4,0,0,200,200
412686,0,30,1,2,0,1,12,5,0,0,0,22,21,0,6,200,0,0,0,200,200
412686,1,30,1,2,0,1,12,5,0,0,0,22,21,1,4,200,200,200,200,200,200
412690,0,5,0,0,2,4,7,7,0,1,0,200,200,2,200,200,200,200,200,200,200
412701,0,30,1,2,12,1,9,5,0,1,0,17,0,2,200,200,1,200,200,200,200
412701,5,30,1,2,12,1,9,5,0,1,0,17,0,0,5,200,0,12,7,200,200
412705,0,30,0,0,0,3,11,5,0,0,0,22,7,1,6,0,2,0,0,200,200
412705,0,30,0,0,0,3,11,5,0,0,0,22,7,0,200,200,0,200,200,200,200
412709,0,30,0,0,0,1,12,5,3,1,0,21,17,1,6,0,7,0,0,200,200
412709,0,30,0,0,0,1,12,5,3,1,0,21,17,0,3,0,0,0,0,200,200
412709,1,30,0,0,0,1,12,5,3,1,0,21,17,0,200,0,200,200,200,200,200
412713,0,30,1,2,2,1,5,5,0,1,1,0,0,0,200,200,0,0,0,200,200
412714,0,30,1,2,1,1,10,6,0,0,0,16,200,0,7,0,12,0,0,200,200
412714,0,30,1,2,1,1,10,6,0,0,0,16,200,0,7,0,0,0,0,200,200
412714,1,30,1,2,1,1,10,6,0,0,0,16,200,0,5,0,200,200,200,200,200
412717,0,0,0,0,0,1,7,2,0,0,0,8,200,1,6,0,12,0,0,200,200
412722,0,30,200,200,200,200,1,5,0,200,200,200,200,2,200,200,200,200,200,200,200
412723,0,30,1,2,0,1,14,5,0,0,200,0,200,0,200,200,12,200,200,200,200
412723,0,30,1,2,0,1,14,5,0,0,200,0,200,0,3,200,0,0,0,200,200
412730,0,30,1,2,0,1,14,5,0,0,0,0,27,0,5,0,200,0,0,200,200
412730,0,30,1,2,0,1,14,5,0,0,0,0,27,0,5,0,200,0,0,200,200
412735,0,30,1,2,0,1,10,2,0,0,0,0,200,0,200,200,200,200,200,200,200
412735,0,30,1,2,0,1,10,2,0,0,0,0,200,0,6,0,0,0,0,200,200
412736,5,30,0,0,0,1,9,2,0,0,0,0,200,1,200,7,200,200,200,200,200
412736,0,30,0,0,0,1,9,2,0,0,0,0,200,1,7,0,200,0,200,200,200
412739,0,30,1,2,1,1,12,5,0,200,200,21,22,1,200,200,2,200,200,200,200
412739,0,30,1,2,1,1,12,5,0,200,200,21,22,0,6,0,12,200,0,200,200
412740,0,30,0,0,0,1,7,5,0,0,0,0,0,2,200,200,200,200,200,200,200
412741,0,30,0,0,0,1,12,2,0,0,0,11,0,0,7,0,2,0,0,200,200
412741,0,30,0,0,0,1,12,2,0,0,0,11,0,0,6,0,0,0,0,200,200
412742,0,0,0,0,0,1,7,7,0,0,200,0,0,1,200,200,200,200,200,200,200
412742,1,0,0,0,0,1,7,7,0,0,200,0,0,1,6,0,200,200,200,200,200
412744,0,20,0,0,0,1,7,5,0,0,0,11,11,0,200,200,6,200,200,200,200
412745,0,10,0,0,0,200,7,7,0,0,0,0,0,2,200,200,200,200,200,200,200
412747,0,30,0,0,0,1,12,6,0,0,0,0,0,0,4,200,200,200,0,200,200
412747,0,30,0,0,0,1,12,6,0,0,0,0,0,0,7,200,0,200,0,200,200
412748,0,30,1,2,12,1,0,3,0,1,0,16,200,0,5,200,8,200,0,200,200
412748,0,30,1,2,12,1,0,3,0,1,0,16,200,0,5,2,0,12,0,200,200
412748,1,30,1,2,12,1,0,3,0,1,0,16,200,1,200,200,200,200,200,200,200
412748,1,30,1,2,12,1,0,3,0,1,0,16,200,1,5,2,200,200,200,200,200
412758,0,30,1,2,0,1,10,5,0,0,0,18,16,0,200,0,3,0,0,200,200
412758,0,30,1,2,0,1,10,5,0,0,0,18,16,1,200,0,0,0,0,200,200
412760,0,35,1,2,1,1,0,5,0,1,0,17,200,1,8,0,1,200,0,200,200
412760,0,35,1,2,1,1,0,5,0,1,0,17,200,1,8,0,0,200,0,200,200
412761,0,25,0,0,1,1,12,2,0,1,0,0,200,0,7,0,1,0,200,200,200
412761,0,25,0,0,1,1,12,2,0,1,0,0,200,0,6,0,1,0,0,200,200
412764,0,30,1,200,200,1,0,6,0,1,200,0,0,1,7,200,200,200,0,200,200
412764,0,30,1,200,200,1,0,6,0,1,200,0,0,0,6,200,200,200,200,200,200
412774,0,35,0,0,12,4,8,5,0,1,200,11,33,0,6,200,1,200,0,200,200
412774,4,35,0,0,12,4,8,5,0,1,200,11,33,0,6,3,200,200,200,200,200
412780,0,30,0,0,0,1,14,5,0,0,0,23,0,2,200,200,7,200,200,200,200
412780,0,30,0,0,0,1,14,5,0,0,0,23,0,1,5,0,0,0,0,200,200
412781,0,30,200,200,0,1,0,200,0,200,200,200,200,2,200,200,200,200,200,200,200
412781,0,30,200,200,0,1,0,200,0,200,200,200,200,0,6,0,0,0,0,200,200
412781,1,30,200,200,0,1,0,200,0,200,200,200,200,0,3,0,200,200,200,200,200
412781,1,30,200,200,0,1,0,200,0,200,200,200,200,1,200,0,200,200,200,200,200
412783,0,30,1,2,0,1,10,5,0,0,0,16,0,0,7,0,12,0,0,200,200
412783,0,30,1,2,0,1,10,5,0,0,0,16,0,0,6,0,12,0,0,200,200
412785,0,30,1,2,0,1,5,2,0,0,0,17,0,0,8,200,200,200,200,200,200
412785,0,30,1,2,0,1,5,2,0,0,0,17,0,0,6,0,0,0,0,200,200
412786,0,30,1,2,0,1,14,5,0,0,0,22,0,1,7,200,2,200,0,200,200
412786,0,30,1,2,0,1,14,5,0,0,0,22,0,1,7,0,0,0,0,200,200
412789,0,30,1,2,200,200,14,5,0,200,200,0,200,0,5,200,200,0,0,200,200
412789,0,30,1,2,200,200,14,5,0,200,200,0,200,0,5,7,200,0,0,200,200
412799,0,30,1,200,0,1,14,5,0,0,200,0,0,1,200,200,200,200,200,200,200
412799,0,30,1,200,0,1,14,5,0,0,200,0,0,1,5,0,200,200,200,200,200
412800,0,30,0,0,0,2,0,5,0,0,0,200,200,0,4,0,0,0,0,200,200
412800,0,30,0,0,0,2,0,5,0,0,0,200,200,1,7,0,0,0,0,200,200
412800,1,30,0,0,0,2,0,5,0,0,0,200,200,1,200,0,200,200,200,200,200
412804,0,30,0,0,0,1,7,2,0,1,0,0,0,1,200,200,6,200,200,200,200
412805,0,35,1,2,0,4,12,5,0,0,0,0,0,0,5,200,4,0,0,200,200
412805,0,35,1,2,0,4,12,5,0,0,0,0,0,1,6,200,0,0,0,200,200
412805,1,35,1,2,0,4,12,5,0,0,0,0,0,1,1,4,200,200,200,200,200
412808,0,30,1,2,2,1,10,5,0,1,0,16,200,1,6,0,3,0,0,200,200
412808,0,30,1,2,2,1,10,5,0,1,0,16,200,1,5,0,0,0,0,200,200
412810,0,30,0,0,0,3,14,5,0,0,0,17,200,1,6,0,1,5,0,200,200
412810,0,30,0,0,0,3,14,5,0,0,0,17,200,0,5,0,0,0,0,200,200
412810,1,30,0,0,0,3,14,5,0,0,0,17,200,1,5,0,200,200,200,200,200
412817,0,0,0,0,0,1,7,7,0,0,0,0,200,2,200,200,200,200,200,200,200
412820,0,30,0,0,0,3,10,0,0,0,0,20,200,1,200,200,6,200,200,200,200
412820,0,30,0,0,0,3,10,0,0,0,0,20,200,0,5,0,0,0,0,200,200
412824,0,25,0,200,0,1,12,2,0,0,0,0,200,0,200,200,200,200,200,200,200
412824,0,25,0,200,0,1,12,2,0,0,0,0,200,0,6,200,200,200,0,200,200
412829,0,30,0,0,0,3,12,5,0,0,0,0,0,0,200,200,200,200,200,200,200
412829,0,30,0,0,0,3,12,5,0,0,0,0,0,0,6,0,0,0,0,200,200
412831,0,30,1,2,0,1,12,5,0,1,0,0,0,1,5,200,0,0,0,200,200
412831,0,30,1,2,0,1,12,5,0,1,0,0,0,1,7,0,0,0,0,200,200
412834,0,30,0,0,0,4,14,5,0,0,0,200,200,1,6,200,0,0,0,200,200
412834,0,30,0,0,0,4,14,5,0,0,0,200,200,0,7,0,0,0,0,200,200
412834,1,30,0,0,0,4,14,5,0,0,0,200,200,1,200,0,200,200,200,200,200
412834,1,30,0,0,0,4,14,5,0,0,0,200,200,1,200,0,200,200,200,200,200
412834,1,30,0,0,0,4,14,5,0,0,0,200,200,0,200,0,200,200,200,200,200
412838,0,30,0,0,0,1,7,5,0,0,200,20,11,1,5,200,6,200,0,200,200
412839,0,30,2,2,0,1,7,5,0,0,0,0,0,0,6,200,6,200,0,200,200
412840,0,30,200,200,1,4,14,6,0,0,0,23,200,0,6,0,7,0,0,200,200
412840,0,30,200,200,1,4,14,6,0,0,0,23,200,0,7,200,200,200,200,200,200
412846,0,30,1,2,0,0,12,5,0,0,0,0,0,1,200,200,200,200,200,200,200
412846,0,30,1,2,0,0,12,5,0,0,0,0,0,0,5,200,200,200,200,200,200
412847,0,15,0,0,0,1,7,7,0,0,0,0,11,1,200,200,200,200,200,200,200
412857,0,35,2,1,0,1,14,5,0,0,0,21,16,1,5,0,1,0,0,200,200
412857,0,35,2,1,0,1,14,5,0,0,0,21,16,0,7,0,0,0,0,200,200
412857,0,35,2,1,0,1,14,5,0,0,0,21,16,1,5,0,0,0,0,200,200
412858,0,30,2,2,0,4,10,5,0,200,200,18,18,1,200,200,3,200,200,200,200
412858,0,30,2,2,0,4,10,5,0,200,200,18,18,1,6,0,12,200,0,200,200
412859,0,35,0,0,0,1,7,7,0,0,0,200,200,0,200,200,0,200,200,200,200
412873,0,25,0,0,0,1,10,5,0,0,0,18,200,0,200,200,3,200,200,200,200
412873,0,25,0,0,0,1,10,5,0,0,0,18,200,1,7,0,0,0,0,200,200
412874,0,0,0,0,0,1,7,7,0,0,0,20,20,1,6,0,6,0,0,200,200
412883,0,30,0,0,0,4,7,3,0,0,0,21,0,2,200,200,12,200,200,200,200
412885,0,30,1,2,0,3,10,2,0,0,0,18,200,1,200,200,3,200,200,200,200
412885,0,30,1,2,0,3,10,2,0,0,0,18,200,1,6,200,0,0,0,200,200
412902,0,30,0,0,200,200,7,5,0,200,200,0,200,2,200,200,200,200,200,200,200
412907,0,30,1,2,0,1,14,5,0,0,0,3,22,1,6,0,1,0,0,200,200
412907,0,30,1,2,0,1,14,5,0,0,0,3,22,1,200,0,0,0,0,200,200
412908,0,30,0,0,0,3,7,6,0,0,0,11,200,0,6,0,12,0,0,200,200
412912,0,30,0,0,0,3,10,5,0,1,0,18,200,1,5,0,3,0,0,200,200
412912,0,30,0,0,0,3,10,5,0,1,0,18,200,2,200,200,200,200,200,200,200
412924,1,30,0,0,0,3,14,5,0,0,200,200,200,1,1,200,200,200,200,200,200
412924,0,30,0,0,0,3,14,5,0,0,200,200,200,0,5,200,200,200,0,200,200
412924,0,30,0,0,0,3,14,5,0,0,200,200,200,0,6,200,200,200,0,200,200
412924,1,30,0,0,0,3,14,5,0,0,200,200,200,1,5,200,200,200,200,200,200
412928,0,30,0,0,0,1,7,5,0,0,0,17,200,0,4,0,0,0,0,200,200
412928,1,30,0,0,0,1,7,5,0,0,0,17,200,1,200,200,200,200,200,200,200
412937,0,30,0,0,0,3,12,5,0,0,0,0,0,0,6,0,0,0,0,200,200
412937,0,30,0,0,0,3,12,5,0,0,0,0,0,0,6,0,0,0,0,200,200
412938,0,35,0,0,200,3,12,12,0,200,200,22,200,0,200,200,2,200,200,200,200
412938,0,35,0,0,200,3,12,12,0,200,200,22,200,1,7,0,0,0,0,200,200
412939,0,30,0,0,0,3,7,6,0,0,0,0,0,2,200,200,200,200,200,200,200
412947,0,30,0,0,0,1,7,5,0,0,0,0,200,2,200,200,200,200,200,200,200
412951,0,30,1,2,0,0,10,2,0,0,0,18,200,0,7,0,3,0,0,200,200
412951,0,30,1,2,0,0,10,2,0,0,0,18,200,0,6,0,0,0,0,200,200
412951,0,30,1,2,0,0,10,2,0,0,0,18,200,0,5,0,0,0,0,200,200
412951,0,30,1,2,0,0,10,2,0,0,0,18,200,0,6,0,0,0,0,200,200
412956,0,30,0,0,200,1,10,2,0,200,200,0,0,0,6,200,200,200,200,200,200
412956,0,30,0,0,200,1,10,2,0,200,200,0,0,0,5,200,200,200,0,200,200
412962,0,25,0,0,0,3,7,5,0,0,0,0,0,2,200,200,200,200,200,200,200
412963,0,0,0,0,0,1,7,7,0,0,0,21,11,0,6,200,1,0,0,200,200
412964,0,30,0,0,0,3,10,3,0,0,0,0,200,1,7,200,200,200,200,200,200
412964,0,30,0,0,0,3,10,3,0,0,0,0,200,0,7,0,200,0,0,200,200
412965,0,30,2,2,1,0,0,5,0,0,0,17,200,1,6,0,1,0,0,200,200
412965,0,30,2,2,1,0,0,5,0,0,0,17,200,0,4,0,12,0,0,200,200
412972,0,30,0,0,1,4,8,5,0,200,200,20,11,0,200,200,6,200,200,200,200
412972,4,30,0,0,1,4,8,5,0,200,200,20,11,1,5,7,12,0,0,200,200
412974,0,30,1,2,0,1,10,2,0,0,0,16,200,2,200,200,200,200,200,200,200
412974,0,30,1,2,0,1,10,2,0,0,0,16,200,1,6,200,0,0,0,200,200
412978,0,30,0,0,0,3,12,6,0,0,0,0,0,0,6,200,200,0,0,200,200
412978,0,30,0,0,0,3,12,6,0,0,0,0,0,0,5,200,200,0,0,200,200
412979,0,30,1,2,200,1,10,2,0,200,200,16,9,0,7,200,3,0,200,200,200
412979,0,30,1,2,200,1,10,2,0,200,200,16,9,0,5,200,0,0,0,200,200
412980,0,0,0,0,0,3,3,7,0,0,0,0,0,1,6,200,200,0,0,200,200
412980,0,0,0,0,0,3,3,7,0,0,0,0,0,1,6,200,200,0,0,200,200
412982,0,30,0,0,0,0,10,6,0,200,200,11,0,0,6,0,6,0,0,200,200
412982,0,30,0,0,0,0,10,6,0,200,200,11,0,1,7,0,0,200,0,200,200
412996,0,35,0,0,0,0,12,2,0,0,0,17,200,0,7,200,1,0,200,200,200
412996,0,35,0,0,0,0,12,2,0,0,0,17,200,1,8,200,0,0,0,200,200
412999,0,30,0,0,0,3,12,2,0,0,0,22,200,2,200,200,200,200,200,200,200
412999,0,30,0,0,0,3,12,2,0,0,0,22,200,1,7,0,0,0,0,200,200
413004,0,30,1,2,200,3,12,12,0,200,200,21,0,1,200,200,4,200,200,200,200
413004,0,30,1,2,200,3,12,12,0,200,200,21,0,1,5,0,0,0,0,200,200
413009,0,30,0,0,2,3,10,5,0,1,12,18,16,0,6,200,3,200,200,200,200
413009,0,30,0,0,2,3,10,5,0,1,12,18,16,1,6,7,0,0,0,200,200
413010,0,30,200,200,0,200,14,2,0,0,200,0,11,0,8,200,0,200,200,200,200
413010,0,30,200,200,0,200,14,2,0,0,200,0,11,0,7,200,0,0,0,200,200
413026,0,30,0,0,0,3,7,5,0,0,200,32,25,1,5,200,12,0,5,200,200
413032,0,15,0,0,0,1,0,7,0,0,0,17,20,1,7,200,1,200,0,200,200
413032,0,15,0,0,0,1,0,7,0,0,0,17,20,1,200,200,10,200,200,200,200
413033,0,30,1,200,0,3,0,5,0,0,0,0,0,1,6,0,5,0,0,200,200
413033,0,30,1,200,0,3,0,5,0,0,0,0,0,0,6,0,0,0,0,200,200
413039,0,30,1,2,0,4,0,5,0,0,0,6,0,1,6,200,5,200,200,200,200
413039,0,30,1,2,0,4,0,5,0,0,0,6,0,1,6,0,0,0,0,200,200
413045,0,30,0,0,0,1,7,7,0,0,0,20,200,2,200,200,200,200,200,200,200
413046,0,30,2,2,0,1,0,5,0,0,0,0,0,0,5,200,200,200,200,200,200
413046,0,30,2,2,0,1,0,5,0,0,0,0,0,1,7,0,200,0,0,200,200
413051,0,30,2,12,2,3,9,6,0,1,200,5,200,2,200,200,5,200,200,200,200
413051,5,30,2,12,2,3,9,6,0,1,200,5,200,0,5,200,200,200,200,200,200
413052,0,30,1,2,2,3,10,5,0,1,0,11,7,0,6,0,8,0,0,200,200
413052,0,30,1,2,2,3,10,5,0,1,0,11,7,1,6,0,0,0,0,200,200
413053,0,30,0,0,2,3,4,5,0,1,0,34,0,0,6,2,12,200,200,200,200
413060,0,30,1,200,2,3,14,5,2,1,0,0,0,1,200,200,200,200,200,200,200
413060,0,30,1,200,2,3,14,5,2,1,0,0,0,0,4,0,200,0,200,200,200
413065,0,30,1,2,2,3,10,3,0,1,0,16,200,1,6,200,8,0,0,200,200
413065,0,30,1,2,2,3,10,3,0,1,0,16,200,0,6,200,0,0,0,200,200
413065,1,30,1,2,2,3,10,3,0,1,0,16,200,0,200,200,200,200,200,200,200
413066,0,30,1,2,2,3,14,200,0,1,0,0,34,0,8,200,200,200,0,200,200
413066,0,30,1,2,2,3,14,200,0,1,0,0,34,0,6,200,0,200,0,200,200
413066,0,30,1,2,2,3,14,200,0,1,0,0,34,1,6,200,0,200,0,200,200
413066,0,30,1,2,2,3,14,200,0,1,0,0,34,0,6,200,0,200,0,200,200
413068,0,30,12,200,2,3,7,6,0,1,0,15,10,0,5,200,8,200,0,200,200
413073,0,30,1,2,2,3,10,3,0,1,0,0,200,1,5,0,200,200,0,200,200
413073,0,30,1,2,2,3,10,3,0,1,0,0,200,0,5,0,0,0,0,200,200
413073,1,30,1,2,2,3,10,3,0,1,0,0,200,0,0,5,200,200,200,200,200
413073,1,30,1,2,2,3,10,3,0,1,0,0,200,0,1,0,200,200,200,200,200
413074,0,30,0,0,2,3,14,2,0,1,0,23,34,0,5,0,7,0,0,200,200
413074,0,30,0,0,2,3,14,2,0,1,0,23,34,0,5,0,0,0,0,200,200
413078,0,30,0,0,2,3,7,5,0,1,0,0,200,2,200,200,200,200,200,200,200
413081,0,35,1,2,2,3,10,6,0,1,0,16,18,1,200,200,3,200,200,200,200
413081,0,35,1,2,2,3,10,6,0,1,0,16,18,0,6,0,0,0,0,200,200
413085,0,30,0,0,0,1,12,5,0,0,0,21,0,0,5,0,4,0,0,200,200
413085,0,30,0,0,0,1,12,5,0,0,0,21,0,0,6,0,0,0,0,200,200
413091,0,20,0,0,2,0,3,7,0,1,0,20,200,0,5,200,6,200,200,200,200
413091,0,20,0,0,2,0,3,7,0,1,0,20,200,1,7,200,0,0,0,200,200
413102,0,30,0,0,2,3,14,5,0,1,0,17,0,0,6,200,12,0,0,200,200
413102,0,30,0,0,2,3,14,5,0,1,0,17,0,0,6,200,12,0,0,200,200
413110,0,30,2,2,2,3,3,5,0,1,200,10,11,1,6,200,9,0,0,200,200
413110,0,30,2,2,2,3,3,5,0,1,200,10,11,0,6,200,0,0,0,200,200
413110,1,30,2,2,2,3,3,5,0,1,200,10,11,1,4,200,200,200,200,200,200
413118,0,30,0,0,2,3,7,2,0,1,0,33,200,1,7,200,8,4,0,200,200
413123,0,30,1,2,2,3,2,6,0,1,200,8,200,0,7,200,200,200,200,200,200
413123,1,30,1,2,2,3,2,6,0,1,200,8,200,1,7,200,200,200,200,200,200
413123,1,30,1,2,2,3,2,6,0,1,200,8,200,0,6,200,200,200,200,200,200
413123,1,30,1,2,2,3,2,6,0,1,200,8,200,0,7,200,200,200,200,200,200
413123,1,30,1,2,2,3,2,6,0,1,200,8,200,0,200,200,200,200,200,200,200
413124,0,25,0,0,2,3,10,2,0,1,0,34,34,0,5,0,3,0,0,200,200
413124,0,25,0,0,2,3,10,2,0,1,0,34,34,0,6,0,0,0,0,200,200
413137,0,35,1,1,2,3,0,5,0,1,3,17,200,0,5,0,5,0,0,200,200
413137,0,35,1,1,2,3,0,5,0,1,3,17,200,0,5,0,5,0,0,200,200
413138,0,35,0,0,2,3,10,6,0,1,0,20,200,0,200,200,6,200,200,200,200
413138,0,35,0,0,2,3,10,6,0,1,0,20,200,1,6,200,0,0,0,200,200
413141,0,30,0,0,2,3,14,5,0,1,0,21,23,0,5,200,7,0,0,200,200
413141,0,30,0,0,2,3,14,5,0,1,0,21,23,0,6,200,0,0,0,200,200
413143,0,30,2,2,2,3,7,5,0,1,0,8,200,1,5,200,12,200,200,200,200
413156,0,30,1,2,2,3,14,5,0,1,0,25,200,0,6,200,7,0,1,200,200
413156,0,30,1,2,2,3,14,5,0,1,0,25,200,1,5,200,0,0,0,200,200
413167,0,30,2,2,2,3,8,5,0,1,0,16,6,0,200,200,5,200,0,200,200
413167,4,30,2,2,2,3,8,5,0,1,0,16,6,1,7,7,200,200,0,200,200
413192,0,20,2,2,2,3,2,5,0,1,0,32,5,1,6,1,5,200,5,200,200
413193,0,30,1,2,2,3,14,5,0,1,0,6,0,2,200,200,5,200,200,200,200
413193,0,30,1,2,2,3,14,5,0,1,0,6,0,1,7,0,12,0,0,200,200
413193,1,30,1,2,2,3,14,5,0,1,0,6,0,1,200,200,200,200,200,200,200
413193,1,30,1,2,2,3,14,5,0,1,0,6,0,0,6,200,200,200,200,200,200
413197,0,20,0,0,2,0,12,200,0,1,0,27,11,0,7,0,3,200,3,200,200
413197,0,20,0,0,2,0,12,200,0,1,0,27,11,0,6,0,0,200,0,200,200
413201,0,25,0,0,2,3,2,2,3,1,0,15,34,0,4,0,8,0,0,200,200
413207,0,30,1,2,2,3,14,5,0,1,0,18,16,0,200,200,3,200,200,200,200
413207,0,30,1,2,2,3,14,5,0,1,0,18,16,1,5,0,0,0,0,200,200
413213,0,30,1,2,2,3,2,2,0,1,0,32,15,1,6,7,8,0,5,200,200
413222,1,35,0,0,2,3,2,5,0,1,0,0,0,0,200,200,200,200,200,200,200
413222,1,35,0,0,2,3,2,5,0,1,0,0,0,0,200,200,200,200,200,200,200
413222,1,35,0,0,2,3,2,5,0,1,0,0,0,0,3,1,200,200,200,200,200
413222,1,35,0,0,2,3,2,5,0,1,0,0,0,0,200,1,200,200,200,200,200
413222,1,35,0,0,2,3,2,5,0,1,0,0,0,0,3,1,200,200,200,200,200
413227,0,30,1,2,2,3,5,2,0,1,0,15,34,0,4,0,8,200,0,200,200
413228,0,30,0,0,2,3,2,5,0,1,200,34,200,0,5,200,8,200,200,200,200
413238,0,40,0,0,2,1,10,6,0,1,0,14,18,0,200,7,1,200,200,200,200
413238,0,40,0,0,2,1,10,6,0,1,0,14,18,0,6,0,0,0,0,200,200
413238,0,40,0,0,2,1,10,6,0,1,0,14,18,0,7,0,0,0,0,200,200
413238,0,40,0,0,2,1,10,6,0,1,0,14,18,0,6,0,0,0,0,200,200
413239,0,30,0,0,2,3,10,5,0,1,0,34,34,0,5,0,12,0,0,200,200
413239,0,30,0,0,2,3,10,5,0,1,0,34,34,0,7,1,0,0,0,200,200
413242,0,30,0,0,2,0,5,5,0,1,1,29,200,0,6,200,12,0,0,200,200
413244,0,30,0,0,2,0,7,5,0,1,0,34,200,2,200,200,200,200,200,200,200
413245,0,35,0,0,2,2,10,3,0,1,0,18,34,0,5,0,200,200,0,200,200
413245,0,35,0,0,2,2,10,3,0,1,0,18,34,0,6,0,200,200,0,200,200
413249,0,35,1,2,2,2,0,5,0,1,0,15,200,0,7,0,8,0,0,200,200
413249,0,35,1,2,2,2,0,5,0,1,0,15,200,0,5,0,0,0,0,200,200
413251,0,25,0,0,2,1,7,5,0,1,0,0,0,0,6,200,200,200,0,200,200
413263,0,15,0,0,2,2,7,12,0,1,0,0,0,0,6,0,6,200,0,200,200
413266,0,30,4,2,2,2,0,5,0,1,0,6,16,0,5,0,5,0,0,200,200
413266,0,30,4,2,2,2,0,5,0,1,0,6,16,0,5,0,0,0,0,200,200
413277,0,30,0,0,2,2,12,2,0,1,0,21,0,0,8,0,4,0,0,200,200
413277,0,30,0,0,2,2,12,2,0,1,0,21,0,0,6,0,12,0,0,200,200
413279,0,30,1,1,2,1,10,2,0,1,0,18,200,0,6,0,3,0,0,200,200
413279,0,30,1,1,2,1,10,2,0,1,0,18,200,1,6,0,0,0,0,200,200
413279,1,30,1,1,2,1,10,2,0,1,0,18,200,0,200,5,200,200,200,200,200
413299,0,30,1,2,0,1,14,6,0,0,0,23,21,0,5,200,7,0,0,200,200
413299,0,30,1,2,0,1,14,6,0,0,0,23,21,0,200,0,0,0,0,200,200
413301,0,30,3,2,1,1,12,2,0,1,0,0,200,0,5,0,12,0,0,200,200
413301,0,30,3,2,1,1,12,2,0,1,0,0,200,0,7,0,0,0,0,200,200
413304,0,5,0,0,2,1,7,12,0,1,0,20,200,0,6,0,6,5,0,200,200
413306,0,30,0,0,0,1,7,2,0,1,0,21,200,2,200,200,200,200,200,200,200
413318,0,30,1,2,0,1,10,12,0,1,200,21,200,0,6,200,2,0,0,200,200
413318,0,30,1,2,0,1,10,12,0,1,200,21,200,1,6,200,4,0,0,200,200
413318,0,30,1,2,0,1,10,12,0,1,200,21,200,0,6,200,0,0,0,200,200
413329,0,30,0,0,0,1,14,5,0,1,0,17,200,0,6,0,7,0,0,200,200
413329,0,30,0,0,0,1,14,5,0,1,0,17,200,0,6,0,0,0,0,200,200
413329,1,30,0,0,0,1,14,5,0,1,0,17,200,0,6,0,200,200,200,200,200
413332,0,30,0,0,0,1,0,5,0,0,0,17,17,0,5,200,1,0,0,200,200
413332,0,30,0,0,0,1,0,5,0,0,0,17,17,1,5,0,0,0,0,200,200
413333,0,30,1,2,0,1,12,2,0,0,0,21,22,1,4,200,4,200,0,200,200
413333,0,30,1,2,0,1,12,2,0,0,0,21,22,0,7,200,0,200,0,200,200
413338,0,30,0,0,1,1,12,5,0,0,0,22,18,0,5,0,2,200,0,200,200
413338,0,30,0,0,1,1,12,5,0,0,0,22,18,1,7,0,0,0,0,200,200
413338,1,30,0,0,1,1,12,5,0,0,0,22,18,1,200,0,200,200,200,200,200
413340,0,30,0,0,0,1,0,200,0,1,0,17,17,1,6,0,1,0,0,200,200
413340,0,30,0,0,0,1,0,200,0,1,0,17,17,0,6,0,0,0,0,200,200
413340,0,30,0,0,0,1,0,200,0,1,0,17,17,0,7,7,0,0,0,200,200
413345,0,30,0,0,0,1,10,5,0,0,0,18,0,0,200,200,3,0,0,200,200
413345,0,30,0,0,0,1,10,5,0,0,0,18,0,0,200,200,0,0,0,200,200
413345,0,30,0,0,0,1,10,5,0,0,0,18,0,0,200,200,0,0,0,200,200
413352,0,35,1,2,2,1,14,5,0,1,200,25,21,1,200,200,4,200,200,200,200
413352,0,35,1,2,2,1,14,5,0,1,200,25,21,1,6,200,0,0,0,200,200
413355,0,45,1,2,0,1,10,2,0,0,0,18,14,0,5,0,3,0,0,200,200
413355,0,45,1,2,0,1,10,2,0,0,0,18,14,1,6,0,0,0,0,200,200
413359,0,30,1,2,1,1,10,2,0,1,0,18,200,0,6,0,3,0,0,200,200
413359,0,30,1,2,1,1,10,2,0,1,0,18,200,0,6,0,0,0,0,200,200
413359,0,30,1,2,1,1,10,2,0,1,0,18,200,0,200,200,0,200,200,200,200