RD_NO,PERSON_TYPE,POSTED_SPEED_LIMIT,TRAFFIC_CONTROL_DEVICE,DEVICE_CONDITION,WEATHER_CONDITION,LIGHTING_CONDITION,FIRST_CRASH_TYPE,TRAFFICWAY_TYPE,ALIGNMENT,ROADWAY_SURFACE_COND,ROAD_DEFECT,PRIM_CONTRIBUTORY_CAUSE,SEC_CONTRIBUTORY_CAUSE,SEX,AGE,SAFETY_EQUIPMENT,DRIVER_ACTION,DRIVER_VISION,PHYSICAL_CONDITION,BAC_RESULT VALUE,CELL_PHONE_USE
413359,1,30,1,2,1,1,10,2,0,1,0,18,200,0,2,0,200,200,200,200,200
413359,1,30,1,2,1,1,10,2,0,1,0,18,200,0,2,7,200,200,200,200,200
413359,1,30,1,2,1,1,10,2,0,1,0,18,200,0,3,0,200,200,200,200,200
413364,0,20,2,2,0,1,14,5,0,0,0,0,17,1,6,0,200,0,0,200,200
413364,0,20,2,2,0,1,14,5,0,0,0,0,17,1,6,0,200,0,0,200,200
413369,0,30,0,0,0,1,7,6,0,0,0,0,200,2,200,200,200,200,200,200,200
413375,0,45,0,0,2,1,12,6,0,1,0,16,15,0,5,0,1,0,0,200,200
413375,0,45,0,0,2,1,12,6,0,1,0,16,15,0,6,0,0,0,0,200,200
413375,1,45,0,0,2,1,12,6,0,1,0,16,15,1,6,0,200,200,200,200,200
413377,0,30,0,0,0,1,10,6,0,1,0,0,0,0,5,0,6,12,0,200,200
413377,0,30,0,0,0,1,10,6,0,1,0,0,0,1,7,0,0,0,0,200,200
413378,0,30,0,0,0,1,12,5,0,0,0,0,0,0,6,0,0,0,0,200,200
413378,0,30,0,0,0,1,12,5,0,0,0,0,0,0,0,0,200,0,0,200,200
413380,0,30,2,2,0,1,0,6,0,0,0,16,17,1,4,0,1,0,0,200,200
413380,0,30,2,2,0,1,0,6,0,0,0,16,17,0,6,0,0,0,0,200,200
413380,1,30,2,2,0,1,0,6,0,0,0,16,17,1,4,0,200,200,200,200,200
413381,0,20,0,0,0,1,10,5,0,0,0,18,0,0,6,0,3,0,0,200,200
413381,0,20,0,0,0,1,10,5,0,0,0,18,0,0,6,0,0,0,0,200,200
413383,0,15,0,0,0,1,7,6,0,1,0,0,200,2,200,200,200,200,200,200,200
413388,0,30,0,0,0,1,12,6,2,1,0,21,200,0,6,0,0,0,0,200,200
413388,0,30,0,0,0,1,12,6,2,1,0,21,200,0,8,0,0,0,0,200,200
413391,0,35,0,0,1,1,14,5,0,1,0,0,0,1,7,0,12,0,0,200,200
413391,0,35,0,0,1,1,14,5,0,1,0,0,0,1,6,0,12,0,0,200,200
413392,0,25,1,2,0,1,12,5,0,0,0,17,17,0,6,0,1,0,0,200,200
413392,0,25,1,2,0,1,12,5,0,0,0,17,17,0,6,0,0,0,0,200,200
413407,0,30,0,0,0,1,14,5,0,0,0,21,0,0,8,7,12,0,0,200,200
413407,0,30,0,0,0,1,14,5,0,0,0,21,0,1,6,0,0,0,0,200,200
413411,0,25,0,0,0,1,0,2,0,0,0,17,0,0,7,200,1,5,0,200,200
413411,0,25,0,0,0,1,0,2,0,0,0,17,0,0,7,200,0,0,0,200,200
413413,0,30,0,0,1,1,7,5,0,0,0,200,20,0,200,200,6,200,200,200,200
413420,0,30,0,0,0,1,0,4,0,1,0,0,0,0,200,0,1,0,0,200,200
413420,0,30,0,0,0,1,0,4,0,1,0,0,0,1,7,0,0,0,0,200,200
413425,0,30,0,0,0,1,10,6,0,0,0,0,200,1,6,0,200,0,0,200,200
413425,0,30,0,0,0,1,10,6,0,0,0,0,200,0,6,0,0,0,0,200,200
413428,0,25,1,2,0,1,12,5,0,0,0,0,0,0,5,200,1,0,0,200,200
413428,0,25,1,2,0,1,12,5,0,0,0,0,0,0,4,0,0,0,0,200,200
413433,0,30,1,2,0,1,10,200,0,0,0,18,200,0,5,0,3,200,200,200,200
413433,0,30,1,2,0,1,10,200,0,0,0,18,200,1,6,0,0,0,0,200,200
413434,0,30,1,2,0,1,10,2,0,0,0,200,200,0,9,0,200,0,0,200,200
413434,0,30,1,2,0,1,10,2,0,0,0,200,200,0,6,0,0,0,0,200,200
413435,0,30,0,0,0,1,7,6,0,0,0,18,18,2,200,200,3,200,200,200,200
413437,0,30,0,0,0,1,10,3,0,0,0,18,16,0,6,0,3,0,0,200,200
413437,0,30,0,0,0,1,10,3,0,0,0,18,16,1,7,0,0,0,0,200,200
413437,1,30,0,0,0,1,10,3,0,0,0,18,16,0,7,0,200,200,200,200,200
413438,0,15,0,0,0,1,7,7,0,0,0,11,17,1,200,200,6,200,200,200,200
413439,0,45,1,2,0,3,10,3,0,0,0,18,200,1,200,200,3,0,0,200,200
413439,0,45,1,2,0,3,10,3,0,0,0,18,200,0,5,0,0,0,0,200,200
413445,0,30,0,0,1,1,7,2,0,0,0,11,200,0,5,200,0,0,0,200,200
413446,0,30,1,2,0,1,14,5,0,0,0,17,200,1,6,0,1,0,0,200,200
413446,0,30,1,2,0,1,14,5,0,0,0,17,200,1,6,0,0,0,0,200,200
413447,0,30,0,0,1,1,10,5,2,0,0,16,200,0,5,200,12,200,200,200,200
413447,0,30,0,0,1,1,10,5,2,0,0,16,200,1,6,200,0,200,200,200,200
413447,1,30,0,0,1,1,10,5,2,0,0,16,200,0,6,200,200,200,200,200,200
413449,0,30,1,2,2,1,8,200,0,1,0,17,23,0,6,200,200,200,0,200,200
413449,4,30,1,2,2,1,8,200,0,1,0,17,23,0,6,200,0,0,0,200,200
413456,0,30,1,2,0,1,10,5,0,0,0,18,200,1,5,200,3,0,0,200,200
413456,0,30,1,2,0,1,10,5,0,0,0,18,200,0,8,0,0,0,0,200,200
413458,0,10,0,0,0,1,7,2,0,0,0,0,0,2,200,200,0,200,200,200,200
413460,0,30,0,0,0,1,10,5,0,0,0,0,200,0,200,200,3,200,200,200,200
413460,0,30,0,0,0,1,10,5,0,0,0,0,200,0,6,0,0,0,0,200,200
413461,0,0,0,0,1,1,7,7,0,0,0,0,0,2,200,200,200,200,200,200,200
413462,0,35,0,0,2,1,2,5,0,1,200,25,14,0,3,200,13,200,200,200,200
413462,1,35,0,0,2,1,2,5,0,1,200,25,14,0,3,200,200,200,200,200,200
413462,1,35,0,0,2,1,2,5,0,1,200,25,14,0,3,200,200,200,200,200,200
413462,1,35,0,0,2,1,2,5,0,1,200,25,14,0,3,200,200,200,200,200,200
413468,0,20,0,0,2,3,7,6,0,1,0,0,0,2,200,200,200,200,200,200,200
413469,0,30,0,0,0,1,14,2,0,0,0,17,200,0,6,200,1,200,0,200,200
413469,0,30,0,0,0,1,14,2,0,0,0,17,200,0,8,200,0,200,0,200,200
413478,0,30,0,0,0,1,7,5,0,0,0,0,0,2,200,200,200,200,200,200,200
413490,0,0,0,0,1,1,0,7,0,0,0,0,0,1,7,0,200,200,0,200,200
413490,0,0,0,0,1,1,0,7,0,0,0,0,0,1,6,0,200,200,0,200,200
413491,0,20,0,0,2,0,7,6,0,1,0,0,0,2,200,200,200,200,200,200,200
413494,0,30,1,2,0,1,10,5,0,0,0,18,200,0,6,0,3,0,0,200,200
413494,0,30,1,2,0,1,10,5,0,0,0,18,200,0,200,0,200,0,0,200,200
413498,0,25,1,2,0,1,14,5,0,0,0,23,0,0,6,0,7,0,0,200,200
413498,0,25,1,2,0,1,14,5,0,0,0,23,0,0,6,0,0,0,0,200,200
413506,0,30,2,2,1,1,12,3,0,1,0,17,21,0,6,200,4,200,7,200,200
413506,0,30,2,2,1,1,12,3,0,1,0,17,21,1,7,0,0,0,0,200,200
413511,0,25,0,0,1,1,0,5,0,0,0,11,200,0,7,0,12,0,0,200,200
413511,0,25,0,0,1,1,0,5,0,0,0,11,200,1,5,0,12,0,0,200,200
413512,0,30,1,2,0,1,9,6,0,0,0,17,200,0,5,200,1,200,200,200,200
413512,5,30,1,2,0,1,9,6,0,0,0,17,200,1,7,7,0,0,0,200,200
413529,0,30,0,0,0,1,7,6,0,1,0,20,0,0,200,200,6,200,200,200,200
413529,1,30,0,0,0,1,7,6,0,1,0,20,0,1,6,200,200,200,200,200,200
413535,0,10,0,200,0,1,7,5,0,1,0,4,200,0,5,200,200,200,0,200,200
413536,0,30,0,0,0,1,7,3,0,1,0,0,0,2,200,200,200,200,200,200,200
413542,0,30,0,0,0,0,7,6,0,0,0,0,200,2,200,200,200,200,200,200,200
413548,0,40,0,0,1,1,10,3,0,0,0,18,28,1,6,0,3,0,0,200,200
413548,0,40,0,0,1,1,10,3,0,0,0,18,28,0,5,0,0,0,0,200,200
413557,0,30,1,2,2,1,0,5,0,1,0,6,11,1,5,0,5,200,0,200,200
413557,0,30,1,2,2,1,0,5,0,1,0,6,11,0,7,0,0,0,0,200,200
413558,0,30,0,0,1,1,12,5,0,1,0,22,200,0,5,0,1,0,0,200,200
413558,0,30,0,0,1,1,12,5,0,1,0,22,200,1,5,200,0,200,200,200,200
413562,0,30,1,2,1,1,12,5,0,1,0,32,21,0,8,200,4,200,5,0.38,200
413562,0,30,1,2,1,1,12,5,0,1,0,32,21,0,7,200,0,0,0,200,200
413569,0,25,0,0,2,1,9,5,0,1,0,17,200,0,7,0,1,0,0,200,200
413569,5,25,0,0,2,1,9,5,0,1,0,17,200,1,7,200,200,200,0,200,200
413573,0,30,0,0,2,1,10,2,0,1,0,18,200,1,4,0,0,0,0,200,200
413573,0,30,0,0,2,1,10,2,0,1,0,18,200,1,200,200,0,200,200,200,200
413575,0,30,0,0,2,1,12,3,0,1,0,11,200,1,6,200,200,0,0,200,200
413575,0,30,0,0,2,1,12,3,0,1,0,11,200,0,7,200,0,0,0,200,200
413577,0,15,0,0,2,1,0,12,0,1,0,0,200,0,7,0,200,0,0,200,200
413577,0,15,0,0,2,1,0,12,0,1,0,0,200,1,7,0,200,0,0,200,200
413579,0,20,0,0,2,1,2,0,0,1,0,0,200,0,7,7,12,12,0,200,200
413583,0,15,0,0,2,1,2,6,0,1,0,33,33,0,6,0,6,5,0,200,200
413585,0,30,6,2,1,1,10,2,0,1,0,0,200,0,6,200,200,200,200,200,200
413585,0,30,6,2,1,1,10,2,0,1,0,0,200,1,6,0,0,0,0,200,200
413590,0,30,2,2,0,1,10,5,0,0,1,0,0,0,200,200,200,200,200,200,200
413590,0,30,2,2,0,1,10,5,0,0,1,0,0,0,8,0,0,0,0,200,200
413596,0,20,0,0,2,1,7,6,0,1,0,16,11,0,3,200,8,0,0,200,200
413602,0,25,2,2,0,1,7,12,0,0,0,0,0,0,7,0,0,0,0,200,200
413602,1,25,2,2,0,1,7,12,0,0,0,0,0,1,5,0,200,200,200,200,200
413607,0,35,1,2,2,1,10,5,0,1,0,0,200,2,200,200,200,200,200,200,200
413607,0,35,1,2,2,1,10,5,0,1,0,0,200,0,6,0,0,0,0,200,200
413616,0,30,2,12,2,1,0,5,0,1,0,17,200,1,5,0,1,0,0,200,200
413616,0,30,2,12,2,1,0,5,0,1,0,17,200,1,6,0,0,0,0,200,200
413623,0,15,0,0,2,1,2,7,0,1,0,20,0,0,200,200,200,200,200,200,200
413623,3,15,0,0,2,1,2,7,0,1,0,20,0,2,200,200,0,0,200,200,200
413625,0,20,0,0,0,1,7,2,0,1,0,200,200,1,200,200,10,200,200,200,200
413630,0,30,1,2,2,1,14,2,0,1,0,23,23,1,7,0,7,0,0,200,200
413630,0,30,1,2,2,1,14,2,0,1,0,23,23,1,4,0,0,0,0,200,200
413637,0,35,0,0,0,1,14,5,0,1,0,23,200,0,200,7,7,0,0,200,200
413637,0,35,0,0,0,1,14,5,0,1,0,23,200,0,5,7,0,0,0,200,200
413642,0,30,1,2,1,1,10,5,0,1,0,17,18,0,5,0,1,0,0,200,200
413642,0,30,1,2,1,1,10,5,0,1,0,17,18,1,7,0,0,0,0,200,200
413643,0,30,2,2,2,1,0,5,0,1,0,5,200,1,5,0,5,5,0,200,200
413643,0,30,2,2,2,1,0,5,0,1,0,5,200,0,7,1,0,0,0,200,200
413644,0,30,0,0,1,1,7,2,0,0,0,18,11,0,5,200,3,0,0,200,200
413645,0,30,0,0,2,1,7,6,0,1,200,0,0,0,6,0,6,200,0,200,200
413651,0,30,1,2,0,1,10,5,0,0,0,18,200,1,5,0,3,0,0,200,200
413651,0,30,1,2,0,1,10,5,0,0,0,18,200,0,6,0,0,0,0,200,200
413656,0,30,0,0,1,1,7,5,0,1,0,200,200,2,200,200,200,200,200,200,200
413657,0,15,0,0,2,1,0,5,0,1,0,17,11,0,5,0,1,0,0,200,200
413657,0,15,0,0,2,1,0,5,0,1,0,17,11,0,6,0,0,0,0,200,200
413661,0,35,0,0,2,1,12,2,0,1,0,21,200,0,7,0,4,0,0,200,200
413661,0,35,0,0,2,1,12,2,0,1,0,21,200,0,6,0,0,0,0,200,200
413662,0,30,2,2,1,1,7,6,0,1,0,16,25,1,6,200,12,0,0,200,200
413662,1,30,2,2,1,1,7,6,0,1,0,16,25,0,6,200,200,200,200,200,200
413662,1,30,2,2,1,1,7,6,0,1,0,16,25,1,6,200,200,200,200,200,200
413663,0,30,1,2,0,1,12,5,0,0,0,22,22,1,0,7,1,200,0,200,200
413663,0,30,1,2,0,1,12,5,0,0,0,22,22,0,8,200,0,200,0,200,200
413666,0,30,0,0,2,1,12,2,0,1,0,22,21,0,6,7,0,0,0,200,200
413666,0,30,0,0,2,1,12,2,0,1,0,22,21,0,7,0,200,0,0,200,200
413673,0,30,1,2,2,1,12,5,0,1,0,17,11,0,6,0,0,0,0,200,200
413673,0,30,1,2,2,1,12,5,0,1,0,17,11,1,6,0,8,0,0,200,200
413681,0,30,0,0,2,1,10,5,0,1,0,34,200,0,200,200,12,0,0,200,200
413681,0,30,0,0,2,1,10,5,0,1,0,34,200,1,6,200,0,0,0,200,200
413685,0,30,0,0,0,1,7,5,0,0,0,0,0,1,7,200,200,200,200,200,200
413687,0,30,200,200,2,1,11,200,0,1,0,200,200,0,0,200,200,0,0,200,200
413687,0,30,200,200,2,1,11,200,0,1,0,200,200,0,7,200,200,0,0,200,200
413693,0,30,1,2,1,1,10,2,0,0,0,18,200,1,6,200,3,200,200,200,200
413693,0,30,1,2,1,1,10,2,0,0,0,18,200,1,4,0,0,0,200,200,200
413694,0,30,1,2,0,1,0,5,0,0,0,22,17,1,8,0,1,0,0,200,200
413694,0,30,1,2,0,1,0,5,0,0,0,22,17,1,5,0,0,0,0,200,200
413699,0,30,0,0,2,1,11,5,0,1,0,0,200,1,200,200,200,200,200,200,200
413699,0,30,0,0,2,1,11,5,0,1,0,0,200,0,8,0,0,0,0,200,200
413703,0,30,1,2,2,1,0,12,0,1,0,3,0,0,9,0,8,0,0,200,200
413703,0,30,1,2,2,1,0,12,0,1,0,3,0,1,5,0,0,0,0,200,200
413703,1,30,1,2,2,1,0,12,0,1,0,3,0,1,6,0,200,200,200,200,200
413714,0,30,0,0,2,0,10,5,0,1,0,0,0,1,4,0,200,4,0,200,200
413714,0,30,0,0,2,0,10,5,0,1,0,0,0,1,6,0,0,4,0,200,200
413718,0,10,0,0,2,1,0,7,0,1,0,17,20,0,200,200,1,0,0,200,200
413718,0,10,0,0,2,1,0,7,0,1,0,17,20,1,6,0,0,0,0,200,200
413721,0,30,0,0,2,1,12,5,0,1,0,21,0,2,200,200,4,200,200,200,200
413721,0,30,0,0,2,1,12,5,0,1,0,21,0,0,9,0,0,0,0,200,200
413729,0,30,1,2,2,1,7,5,0,1,0,18,7,1,5,0,3,0,0,200,200
413729,1,30,1,2,2,1,7,5,0,1,0,18,7,1,6,0,200,200,200,200,200
413729,1,30,1,2,2,1,7,5,0,1,0,18,7,1,7,0,200,200,200,200,200
413730,0,30,1,2,0,1,3,2,0,1,0,6,10,0,4,0,5,0,0,200,200
413730,0,30,1,2,0,1,3,2,0,1,0,6,10,0,7,0,0,0,0,200,200
413731,0,30,200,200,2,1,10,5,0,1,0,200,200,0,6,0,3,0,0,200,200
413731,0,30,200,200,2,1,10,5,0,1,0,200,200,1,6,0,0,0,0,200,200
413731,1,30,200,200,2,1,10,5,0,1,0,200,200,0,200,0,200,200,200,200,200
413731,1,30,200,200,2,1,10,5,0,1,0,200,200,1,200,0,200,200,200,200,200
413737,0,30,1,2,0,1,10,2,0,0,0,18,18,1,200,200,3,200,0,200,200
413737,0,30,1,2,0,1,10,2,0,0,0,18,18,1,6,0,0,0,0,200,200
413740,0,25,1,2,2,1,12,5,0,1,0,21,200,1,200,200,4,200,200,200,200
413740,0,25,1,2,2,1,12,5,0,1,0,21,200,1,5,200,4,200,200,200,200
413749,0,25,1,2,2,1,10,5,0,1,0,18,200,1,7,200,200,200,200,200,200
413749,0,25,1,2,2,1,10,5,0,1,0,18,200,1,7,0,200,0,0,200,200
413749,0,25,1,2,2,1,10,5,0,1,0,18,200,1,6,0,200,0,0,200,200
413751,0,30,1,2,1,1,9,2,0,1,0,0,200,1,7,0,1,0,0,200,200
413751,5,30,1,2,1,1,9,2,0,1,0,0,200,1,200,7,0,0,0,200,200
413754,0,20,0,0,200,200,7,200,0,200,0,0,0,2,200,200,200,200,200,200,200
413755,0,30,0,0,1,1,12,5,0,0,200,21,22,1,200,200,4,200,200,200,200
413755,0,30,0,0,1,1,12,5,0,0,200,21,22,0,5,0,0,0,0,200,200
413757,0,35,0,0,0,1,10,5,0,0,0,18,0,1,200,0,3,0,0,200,200
413757,0,35,0,0,0,1,10,5,0,0,0,18,0,0,7,0,0,0,0,200,200
413759,0,30,1,2,0,1,14,3,0,0,0,6,200,1,5,0,5,0,0,200,200
413759,0,30,1,2,0,1,14,3,0,0,0,6,200,0,7,0,1,0,0,200,200
413759,1,30,1,2,0,1,14,3,0,0,0,6,200,1,0,0,200,200,200,200,200
413759,1,30,1,2,0,1,14,3,0,0,0,6,200,1,0,0,200,200,200,200,200
413759,1,30,1,2,0,1,14,3,0,0,0,6,200,1,2,0,200,200,200,200,200
413760,0,30,0,0,2,3,7,7,0,1,0,0,200,0,7,0,200,200,200,200,200
413763,0,30,0,0,2,1,7,5,0,1,0,0,200,0,200,200,0,200,200,200,200
413763,1,30,0,0,2,1,7,5,0,1,0,0,200,0,6,0,200,200,200,200,200
413764,0,30,200,200,2,1,10,5,0,1,0,200,200,0,200,200,200,200,200,200,200
413764,0,30,200,200,2,1,10,5,0,1,0,200,200,0,7,0,0,0,0,200,200
413781,0,30,1,2,1,1,10,2,0,1,0,12,0,0,6,0,3,0,0,200,200
413781,0,30,1,2,1,1,10,2,0,1,0,12,0,1,6,0,0,0,0,200,200
413781,1,30,1,2,1,1,10,2,0,1,0,12,0,0,3,0,200,200,200,200,200
413786,0,35,0,0,0,1,14,3,0,1,0,17,23,0,200,200,1,200,200,200,200
413786,0,35,0,0,0,1,14,3,0,1,0,17,23,1,6,0,0,0,0,200,200
413786,1,35,0,0,0,1,14,3,0,1,0,17,23,0,3,0,200,200,200,200,200
413786,1,35,0,0,0,1,14,3,0,1,0,17,23,1,2,0,200,200,200,200,200
413790,0,30,200,200,200,200,12,5,0,200,200,200,200,0,200,200,200,200,200,200,200
413790,0,30,200,200,200,200,12,5,0,200,200,200,200,0,6,0,200,0,0,200,200
413791,0,15,0,0,2,1,7,7,0,1,1,0,0,0,5,7,7,0,0,200,200
413794,0,25,0,12,0,1,7,7,0,0,0,0,0,2,200,200,200,200,200,200,200
413798,0,30,2,12,2,1,14,5,0,1,0,23,23,0,6,200,7,0,0,200,200
413798,0,30,2,12,2,1,14,5,0,1,0,23,23,1,6,200,0,0,0,200,200
413798,1,30,2,12,2,1,14,5,0,1,0,23,23,1,0,5,200,200,200,200,200
413799,0,30,1,2,0,1,14,5,0,0,0,0,200,0,200,200,7,200,200,200,200
413799,0,30,1,2,0,1,14,5,0,0,0,0,200,0,5,0,0,0,0,200,200
413800,0,30,0,0,0,1,7,2,0,0,0,11,200,1,6,0,10,0,0,200,200
413804,0,30,0,0,2,3,10,2,0,1,0,0,200,2,200,200,200,200,200,200,200
413804,0,30,0,0,2,3,10,2,0,1,0,0,200,0,5,0,0,0,200,200,200
413808,0,30,0,0,2,1,0,5,0,1,0,20,200,1,6,0,6,200,200,200,200
413808,0,30,0,0,2,1,0,5,0,1,0,20,200,1,6,0,200,200,0,200,200
413808,1,30,0,0,2,1,0,5,0,1,0,20,200,1,3,0,200,200,200,200,200
413808,1,30,0,0,2,1,0,5,0,1,0,20,200,1,3,0,200,200,200,200,200
413808,1,30,0,0,2,1,0,5,0,1,0,20,200,1,2,0,200,200,200,200,200
413814,0,30,2,3,2,3,0,2,0,1,0,23,23,0,6,7,7,0,0,200,200
413814,0,30,2,3,2,3,0,2,0,1,0,23,23,1,4,0,0,0,0,200,200
413815,0,30,1,2,0,1,10,3,0,0,0,16,15,0,200,200,3,200,200,200,200
413815,0,30,1,2,0,1,10,3,0,0,0,16,15,0,6,0,0,0,0,200,200
413820,0,30,2,2,2,1,7,5,0,1,0,0,200,2,200,200,200,200,200,200,200
413825,0,20,2,2,0,1,9,5,0,0,0,17,17,1,7,200,1,0,0,200,200
413825,5,20,2,2,0,1,9,5,0,0,0,17,17,1,4,200,0,200,0,200,200
413826,0,20,0,0,0,1,0,12,0,0,0,0,0,0,200,200,12,200,200,200,200
413826,0,20,0,0,0,1,0,12,0,0,0,0,0,0,5,0,12,0,0,200,200
413829,0,0,0,0,0,1,2,7,0,0,1,20,200,0,7,0,6,0,0,200,200
413833,0,30,0,0,0,1,12,5,0,0,0,0,0,0,200,0,2,0,0,200,200
413833,0,30,0,0,0,1,12,5,0,0,0,0,0,0,200,0,0,0,0,200,200
413839,0,30,0,0,0,1,10,5,0,0,0,18,18,2,200,200,3,200,200,200,200
413839,0,30,0,0,0,1,10,5,0,0,0,18,18,0,5,0,0,0,0,200,200
413841,0,30,1,2,2,1,10,5,0,1,0,200,200,1,6,200,200,0,0,200,200
413841,0,30,1,2,2,1,10,5,0,1,0,200,200,0,9,200,0,0,0,200,200
413841,1,30,1,2,2,1,10,5,0,1,0,200,200,1,200,200,200,200,200,200,200
413842,0,30,1,2,1,1,12,6,0,1,0,17,200,0,5,0,4,0,0,200,200
413842,0,30,1,2,1,1,12,6,0,1,0,17,200,1,8,0,0,0,0,200,200
413842,1,30,1,2,1,1,12,6,0,1,0,17,200,0,6,0,200,200,200,200,200
413843,0,30,0,0,2,1,7,5,0,1,200,0,0,2,200,200,200,200,200,200,200
413844,0,30,200,0,0,1,10,6,0,12,0,18,22,0,200,200,3,200,200,200,200
413844,0,30,200,0,0,1,10,6,0,12,0,18,22,1,6,200,200,200,0,200,200
413844,1,30,200,0,0,1,10,6,0,12,0,18,22,1,2,200,200,200,200,200,200
413845,0,20,0,0,1,1,12,6,0,1,0,200,200,0,7,0,12,0,0,200,200
413845,0,20,0,0,1,1,12,6,0,1,0,200,200,0,7,0,0,0,0,200,200
413845,1,20,0,0,1,1,12,6,0,1,0,200,200,0,7,1,200,200,200,200,200
413849,0,30,200,200,200,200,10,200,0,200,200,200,200,1,200,200,200,200,200,200,200
413849,0,30,200,200,200,200,10,200,0,200,200,200,200,1,200,0,200,0,0,200,200
413851,0,25,0,0,1,1,0,6,0,1,0,0,0,0,3,0,200,0,0,200,200
413851,0,25,0,0,1,1,0,6,0,1,0,0,0,0,5,0,200,0,0,200,200
413851,1,25,0,0,1,1,0,6,0,1,0,0,0,0,2,0,200,200,200,200,200
413851,1,25,0,0,1,1,0,6,0,1,0,0,0,1,200,200,200,200,200,200,200
413854,0,30,0,0,0,1,12,5,0,0,200,22,22,0,200,200,2,200,200,200,200
413854,0,30,0,0,0,1,12,5,0,0,200,22,22,1,6,0,0,0,0,200,200
413856,0,30,2,2,0,1,0,5,0,0,0,17,200,1,6,0,1,0,0,200,200
413856,0,30,2,2,0,1,0,5,0,0,0,17,200,1,4,0,0,0,0,200,200
413858,0,30,0,0,1,1,12,2,0,1,0,11,0,0,5,200,12,0,0,200,200
413858,0,30,0,0,1,1,12,2,0,1,0,11,0,0,5,200,12,0,0,200,200
413862,0,25,0,0,0,1,12,5,0,0,0,17,17,0,5,0,1,0,0,200,200
413862,0,25,0,0,0,1,12,5,0,0,0,17,17,2,200,200,0,200,200,200,200
413871,0,30,0,0,0,1,14,5,0,0,0,17,23,0,200,0,1,0,0,200,200
413871,0,30,0,0,0,1,14,5,0,0,0,17,23,0,5,0,0,0,0,200,200
413875,0,30,1,200,200,200,12,6,0,200,200,25,0,0,200,200,12,200,200,200,200
413875,0,30,1,200,200,200,12,6,0,200,200,25,0,1,5,200,12,200,200,200,200
413877,0,30,1,2,0,1,14,3,0,0,0,0,0,0,200,200,5,200,200,200,200
413877,0,30,1,2,0,1,14,3,0,0,0,0,0,1,5,0,0,0,0,200,200
413877,1,30,1,2,0,1,14,3,0,0,0,0,0,1,200,200,200,200,200,200,200
413877,1,30,1,2,0,1,14,3,0,0,0,0,0,2,200,200,200,200,200,200,200
413886,0,30,2,0,0,1,10,5,0,0,0,18,200,1,9,0,3,0,0,200,200
413886,0,30,2,0,0,1,10,5,0,0,0,18,200,1,6,0,0,0,0,200,200
413887,0,35,1,2,1,1,10,5,0,0,0,16,200,0,8,200,3,0,0,200,200
413887,0,35,1,2,1,1,10,5,0,0,0,16,200,1,6,200,0,0,0,200,200
413887,1,35,1,2,1,1,10,5,0,0,0,16,200,1,3,200,200,200,200,200,200
413888,0,30,0,0,0,1,7,3,0,0,0,0,200,0,5,200,200,200,200,200,200
413888,1,30,0,0,0,1,7,3,0,0,0,0,200,0,6,0,200,200,200,200,200
413897,0,30,0,0,0,1,14,3,0,0,200,0,200,1,5,200,200,0,0,200,200
413897,0,30,0,0,0,1,14,3,0,0,200,0,200,0,7,200,200,0,0,200,200
413903,0,30,1,2,1,1,14,5,0,0,0,0,0,0,200,200,200,200,0,200,200
413903,0,30,1,2,1,1,14,5,0,0,0,0,0,0,6,0,200,0,0,200,200
413903,1,30,1,2,1,1,14,5,0,0,0,0,0,1,6,0,200,200,200,200,200
413908,0,10,0,0,0,1,0,0,0,200,200,20,200,0,6,200,6,200,200,200,200
413908,0,10,0,0,0,1,0,0,0,200,200,20,200,1,6,200,0,0,200,200,200
413909,0,10,0,0,1,1,7,7,0,1,0,0,200,2,200,200,200,200,200,200,200
413914,0,30,0,0,0,1,14,5,0,0,0,23,0,0,200,200,7,200,200,200,200
413914,0,30,0,0,0,1,14,5,0,0,0,23,0,0,7,0,0,0,0,200,200
413916,0,30,1,2,0,1,14,5,0,0,0,23,17,0,200,200,1,200,200,200,200
413916,0,30,1,2,0,1,14,5,0,0,0,23,17,0,6,0,0,0,0,200,200
413920,0,20,0,0,1,1,10,12,0,1,0,200,200,0,6,0,6,0,0,200,200
413920,0,20,0,0,1,1,10,12,0,1,0,200,200,0,7,0,0,0,0,200,200
413922,0,30,1,2,2,3,10,2,0,1,0,0,34,0,200,200,200,200,200,200,200
413922,0,30,1,2,2,3,10,2,0,1,0,0,34,1,6,0,0,0,0,200,200
413923,0,30,0,0,0,1,10,2,0,0,0,16,200,0,6,200,12,0,0,200,200
413923,0,30,0,0,0,1,10,2,0,0,0,16,200,0,6,7,0,0,0,200,200
413924,0,30,0,0,0,1,2,3,0,0,0,13,200,0,6,0,12,0,0,200,200
413926,0,30,1,2,0,1,14,2,0,0,0,17,200,0,5,0,1,0,0,200,200
413926,0,30,1,2,0,1,14,2,0,0,0,17,200,0,7,0,0,0,0,200,200
413926,1,30,1,2,0,1,14,2,0,0,0,17,200,0,6,0,200,200,200,200,200
413927,0,30,1,0,0,1,12,5,0,0,0,21,0,0,5,0,4,0,0,200,200
413927,0,30,1,0,0,1,12,5,0,0,0,21,0,0,6,0,0,0,0,200,200
413929,0,30,0,0,0,1,3,5,0,0,0,25,17,0,6,7,13,200,200,200,200
413929,0,30,0,0,0,1,3,5,0,0,0,25,17,0,200,0,12,0,0,200,200
413929,1,30,0,0,0,1,3,5,0,0,0,25,17,200,200,7,200,200,200,200,200
413932,0,35,1,2,0,1,10,3,0,0,0,18,0,0,200,200,3,200,200,200,200