RD_NO,PERSON_TYPE,POSTED_SPEED_LIMIT,TRAFFIC_CONTROL_DEVICE,DEVICE_CONDITION,WEATHER_CONDITION,LIGHTING_CONDITION,FIRST_CRASH_TYPE,TRAFFICWAY_TYPE,ALIGNMENT,ROADWAY_SURFACE_COND,ROAD_DEFECT,PRIM_CONTRIBUTORY_CAUSE,SEC_CONTRIBUTORY_CAUSE,SEX,AGE,SAFETY_EQUIPMENT,DRIVER_ACTION,DRIVER_VISION,PHYSICAL_CONDITION,BAC_RESULT VALUE,CELL_PHONE_USE
413932,0,35,1,2,0,1,10,3,0,0,0,18,0,1,8,0,0,0,0,200,200
413935,0,30,1,2,1,1,14,2,3,0,0,0,200,0,5,0,12,0,200,200,200
413935,0,30,1,2,1,1,14,2,3,0,0,0,200,0,6,0,12,0,200,200,200
413935,1,30,1,2,1,1,14,2,3,0,0,0,200,1,200,0,200,200,200,200,200
413935,1,30,1,2,1,1,14,2,3,0,0,0,200,0,200,0,200,200,200,200,200
413936,0,30,0,0,0,1,0,5,0,0,0,17,200,0,6,0,1,0,0,200,200
413936,0,30,0,0,0,1,0,5,0,0,0,17,200,0,7,0,0,0,0,200,200
413937,0,30,0,0,0,1,10,5,0,1,0,0,16,0,5,200,3,0,0,200,200
413937,0,30,0,0,0,1,10,5,0,1,0,0,16,1,5,200,0,0,0,200,200
413937,1,30,0,0,0,1,10,5,0,1,0,0,16,0,5,200,200,200,200,200,200
413937,1,30,0,0,0,1,10,5,0,1,0,0,16,0,5,200,200,200,200,200,200
413939,0,30,1,200,1,1,14,3,0,0,200,0,200,0,7,200,200,200,200,200,200
413939,0,30,1,200,1,1,14,3,0,0,200,0,200,1,5,200,200,200,200,200,200
413939,1,30,1,200,1,1,14,3,0,0,200,0,200,0,5,200,200,200,200,200,200
413939,1,30,1,200,1,1,14,3,0,0,200,0,200,0,1,200,200,200,200,200,200
413939,1,30,1,200,1,1,14,3,0,0,200,0,200,1,1,200,200,200,200,200,200
413942,0,0,1,2,0,1,10,12,0,0,0,7,11,1,7,200,200,0,0,200,200
413942,0,0,1,2,0,1,10,12,0,0,0,7,11,0,7,0,0,0,0,200,200
413942,1,0,1,2,0,1,10,12,0,0,0,7,11,2,200,200,200,200,200,200,200
413942,1,0,1,2,0,1,10,12,0,0,0,7,11,200,200,200,200,200,200,200,200
413942,1,0,1,2,0,1,10,12,0,0,0,7,11,2,200,200,200,200,200,200,200
413944,0,30,1,2,1,1,14,5,0,200,0,0,0,0,7,0,200,200,0,200,200
413944,0,30,1,2,1,1,14,5,0,200,0,0,0,0,6,0,1,200,0,200,200
413950,0,35,0,0,0,1,9,3,0,0,0,0,0,0,9,0,1,0,0,200,200
413950,5,35,0,0,0,1,9,3,0,0,0,0,0,0,6,200,0,200,0,200,200
413953,0,30,0,0,0,1,7,5,0,0,0,0,0,0,200,0,1,0,0,200,200
413962,0,30,0,0,0,1,7,6,0,1,1,0,200,0,3,200,12,0,0,200,200
413963,0,30,0,0,0,2,7,6,0,0,0,11,200,1,200,200,12,200,200,200,200
413967,0,35,0,0,0,1,12,5,0,200,200,22,0,2,200,200,2,200,200,200,200
413967,0,35,0,0,0,1,12,5,0,200,200,22,0,1,6,0,200,0,0,200,200
413974,0,30,1,2,0,1,10,5,0,1,0,18,16,0,200,200,3,0,0,200,200
413974,0,30,1,2,0,1,10,5,0,1,0,18,16,1,200,0,0,0,0,200,200
413974,0,30,1,2,0,1,10,5,0,1,0,18,16,0,200,0,0,0,0,200,200
413980,0,35,1,2,2,1,14,3,0,1,0,17,16,0,9,0,7,0,0,200,200
413980,0,35,1,2,2,1,14,3,0,1,0,17,16,0,5,0,0,0,0,200,200
413980,0,35,1,2,2,1,14,3,0,1,0,17,16,0,6,0,0,0,0,200,200
413980,0,35,1,2,2,1,14,3,0,1,0,17,16,0,3,0,0,0,0,200,200
413980,1,35,1,2,2,1,14,3,0,1,0,17,16,1,9,0,200,200,200,200,200
413991,0,30,2,2,0,1,0,2,0,0,0,5,200,1,5,0,15,0,0,200,1
413991,0,30,2,2,0,1,0,2,0,0,0,5,200,1,7,0,0,0,0,200,200
413996,0,20,0,0,0,2,7,5,0,0,0,20,200,1,200,0,6,0,0,200,200
414005,0,30,0,0,0,1,10,5,0,0,0,18,16,0,6,0,3,0,0,200,200
414005,0,30,0,0,0,1,10,5,0,0,0,18,16,1,6,0,0,0,0,200,200
414006,0,35,1,2,0,1,12,3,0,0,0,23,200,0,200,200,7,200,200,200,200
414006,0,35,1,2,0,1,12,3,0,0,0,23,200,0,5,0,0,0,0,200,200
414010,0,30,0,3,0,1,12,3,0,0,0,22,0,2,200,200,4,200,200,200,200
414010,0,30,0,3,0,1,12,3,0,0,0,22,0,1,7,0,0,0,0,200,200
414011,0,30,0,0,0,1,10,5,0,0,0,18,11,1,6,0,3,0,0,200,200
414011,0,30,0,0,0,1,10,5,0,0,0,18,11,1,6,0,0,0,0,200,200
414011,0,30,0,0,0,1,10,5,0,0,0,18,11,0,6,0,0,0,0,200,200
414011,0,30,0,0,0,1,10,5,0,0,0,18,11,2,200,200,0,200,200,200,200
414011,1,30,0,0,0,1,10,5,0,0,0,18,11,1,2,5,200,200,200,200,200
414011,1,30,0,0,0,1,10,5,0,0,0,18,11,0,0,5,200,200,200,200,200
414011,1,30,0,0,0,1,10,5,0,0,0,18,11,1,1,5,200,200,200,200,200
414011,1,30,0,0,0,1,10,5,0,0,0,18,11,1,200,0,200,200,200,200,200
414013,0,30,0,0,2,0,7,5,0,1,200,0,0,2,200,200,200,200,200,200,200
414020,0,25,0,0,0,1,7,5,0,0,0,0,200,0,6,0,12,0,0,200,200
414021,0,30,1,2,2,1,12,5,0,1,0,0,0,1,5,200,200,200,200,200,200
414021,0,30,1,2,2,1,12,5,0,1,0,0,0,1,6,0,0,0,0,200,200
414026,0,30,2,2,0,1,9,5,0,0,0,0,200,1,7,200,200,200,0,200,200
414026,5,30,2,2,0,1,9,5,0,0,0,0,200,0,6,200,200,200,200,200,200
414027,0,30,0,0,0,1,10,5,0,0,0,16,18,0,6,0,1,0,0,200,200
414027,0,30,0,0,0,1,10,5,0,0,0,16,18,1,6,0,0,0,0,200,200
414027,0,30,0,0,0,1,10,5,0,0,0,16,18,0,6,0,0,0,0,200,200
414028,0,30,0,0,0,1,7,7,0,0,0,0,200,2,200,200,200,200,200,200,200
414037,0,30,0,0,0,1,12,5,0,0,0,22,200,1,200,200,2,200,200,200,200
414037,0,30,0,0,0,1,12,5,0,0,0,22,200,1,6,0,0,0,0,200,200
414038,0,30,0,0,0,1,10,2,0,0,0,18,200,0,6,200,3,200,0,200,200
414038,0,30,0,0,0,1,10,2,0,0,0,18,200,0,6,200,0,200,0,200,200
414045,0,30,0,0,0,1,7,5,0,0,0,0,0,2,200,200,12,200,200,200,200
414046,0,25,2,2,0,1,0,1,0,0,0,17,0,1,5,200,200,0,0,200,200
414046,0,25,2,2,0,1,0,1,0,0,0,17,0,0,5,0,200,0,0,200,200
414048,0,30,0,0,0,1,10,2,0,0,0,200,200,0,3,0,12,0,0,200,200
414048,0,30,0,0,0,1,10,2,0,0,0,200,200,0,7,0,0,0,0,200,200
414052,0,25,2,0,0,1,14,5,0,0,0,17,17,0,5,0,1,0,0,200,200
414052,0,25,2,0,0,1,14,5,0,0,0,17,17,0,0,0,0,0,0,200,200
414053,0,30,0,0,1,1,0,6,0,0,0,17,20,1,200,200,1,200,200,200,200
414053,0,30,0,0,1,1,0,6,0,0,0,17,20,1,6,0,0,0,0,200,200
414064,0,30,1,2,0,1,14,2,0,0,0,17,0,0,5,200,1,0,0,200,200
414064,0,30,1,2,0,1,14,2,0,0,0,17,0,0,7,200,200,0,0,200,200
414064,1,30,1,2,0,1,14,2,0,0,0,17,0,1,5,200,200,200,200,200,200
414064,1,30,1,2,0,1,14,2,0,0,0,17,0,1,5,7,200,200,200,200,200
414067,0,30,0,0,0,1,10,5,0,0,0,18,0,1,200,200,3,200,200,200,200
414067,0,30,0,0,0,1,10,5,0,0,0,18,0,0,6,0,0,0,0,200,200
414070,0,30,0,0,0,1,12,5,0,0,0,22,17,0,5,200,2,0,0,200,200
414070,0,30,0,0,0,1,12,5,0,0,0,22,17,0,200,200,0,0,0,200,200
414071,0,35,1,2,1,1,10,5,0,0,0,0,0,1,4,200,200,0,0,200,200
414071,0,35,1,2,1,1,10,5,0,0,0,0,0,1,6,200,0,0,0,200,200
414075,0,30,1,3,2,1,14,2,0,1,0,0,200,1,200,200,200,200,200,200,200
414075,0,30,1,3,2,1,14,2,0,1,0,0,200,1,0,0,200,200,0,200,200
414076,0,30,1,2,0,1,14,2,0,0,200,200,200,0,8,0,7,200,0,200,200
414076,0,30,1,2,0,1,14,2,0,0,200,200,200,0,5,0,12,200,0,200,200
414076,1,30,1,2,0,1,14,2,0,0,200,200,200,1,8,0,200,200,200,200,200
414082,0,15,0,0,0,1,7,6,0,0,0,10,200,0,7,0,9,0,0,200,200
414082,1,15,0,0,0,1,7,6,0,0,0,10,200,1,6,200,200,200,200,200,200
414085,0,30,1,2,0,1,10,6,0,0,0,18,18,0,5,0,3,0,0,200,200
414085,0,30,1,2,0,1,10,6,0,0,0,18,18,0,6,0,0,0,0,200,200
414087,0,30,0,0,0,1,7,5,0,0,0,0,0,2,200,200,200,200,200,200,200
414088,0,30,0,0,0,3,7,5,0,0,0,0,0,2,200,200,200,200,200,200,200
414092,0,20,0,0,1,1,12,5,0,0,0,17,200,1,200,200,1,200,200,200,200
414092,0,20,0,0,1,1,12,5,0,0,0,17,200,0,6,0,0,0,0,200,200
414095,0,30,1,2,0,1,10,5,0,1,0,18,200,0,6,200,3,0,0,200,200
414095,0,30,1,2,0,1,10,5,0,1,0,18,200,0,6,0,0,0,0,200,200
414095,1,30,1,2,0,1,10,5,0,1,0,18,200,0,2,0,200,200,200,200,200
414099,0,30,0,0,0,1,10,5,0,0,3,18,200,0,4,200,1,200,0,200,200
414099,0,30,0,0,0,1,10,5,0,0,3,18,200,0,9,200,0,200,0,200,200
414102,0,30,0,0,0,1,7,5,0,0,0,0,200,0,8,200,12,0,0,200,200
414104,0,30,1,2,0,1,12,2,0,0,0,17,200,0,7,0,1,0,0,200,200
414104,0,30,1,2,0,1,12,2,0,0,0,17,200,1,7,0,0,0,0,200,200
414106,0,30,0,0,0,1,10,5,0,0,0,18,0,0,7,0,200,0,0,200,200
414106,0,30,0,0,0,1,10,5,0,0,0,18,0,0,200,200,0,200,200,200,200
414108,0,30,0,0,0,1,7,5,0,0,0,22,16,0,8,200,2,200,0,200,200
414108,1,30,0,0,0,1,7,5,0,0,0,22,16,1,200,0,200,200,200,200,200
414109,0,30,0,0,0,1,10,3,1,0,0,18,0,0,6,0,3,0,0,200,200
414109,0,30,0,0,0,1,10,3,1,0,0,18,0,1,7,0,0,0,0,200,200
414109,0,30,0,0,0,1,10,3,1,0,0,18,0,1,7,0,0,0,0,200,200
414113,0,35,0,0,0,1,12,5,2,0,0,0,0,0,5,200,4,0,0,200,200
414113,0,35,0,0,0,1,12,5,2,0,0,0,0,0,6,200,0,0,0,200,200
414115,0,35,0,0,0,1,10,5,0,0,0,16,34,0,5,200,3,0,0,200,200
414115,0,35,0,0,0,1,10,5,0,0,0,16,34,0,6,200,3,0,0,200,200
414115,0,35,0,0,0,1,10,5,0,0,0,16,34,0,200,200,3,200,200,200,200
414115,0,35,0,0,0,1,10,5,0,0,0,16,34,0,7,200,0,0,0,200,200
414115,1,35,0,0,0,1,10,5,0,0,0,16,34,1,7,200,200,200,200,200,200
414117,0,35,0,0,1,1,10,5,0,1,200,0,0,1,200,200,200,200,200,200,200
414117,0,35,0,0,1,1,10,5,0,1,200,0,0,1,7,0,200,0,0,200,200
414120,0,30,0,0,0,1,10,5,0,0,0,18,18,1,5,0,3,0,0,200,200
414120,0,30,0,0,0,1,10,5,0,0,0,18,18,1,6,0,0,0,0,200,200
414126,0,0,0,0,0,1,7,2,0,200,200,0,200,2,200,200,200,200,200,200,200
414128,0,30,2,2,0,1,10,5,0,0,0,18,0,0,8,200,3,0,0,200,200
414128,0,30,2,2,0,1,10,5,0,0,0,18,0,1,7,200,0,0,0,200,200
414130,0,30,0,0,0,1,7,5,0,0,0,0,200,2,200,200,200,200,200,200,200
414134,0,30,1,2,0,1,14,2,0,0,0,23,11,0,6,200,7,200,0,200,200
414134,0,30,1,2,0,1,14,2,0,0,0,23,11,0,5,200,0,200,0,200,200
414134,1,30,1,2,0,1,14,2,0,0,0,23,11,0,5,200,200,200,200,200,200
414135,0,30,0,0,0,1,12,2,0,0,0,22,200,1,200,200,2,200,200,200,200
414135,0,30,0,0,0,1,12,2,0,0,0,22,200,1,6,0,0,0,0,200,200
414139,0,30,0,0,200,200,12,6,0,200,200,22,200,1,6,200,2,200,0,200,200
414139,0,30,0,0,200,200,12,6,0,200,200,22,200,0,6,200,12,200,0,200,200
414141,0,30,0,0,0,1,10,2,0,0,0,18,17,1,5,200,3,0,200,200,200
414141,0,30,0,0,0,1,10,2,0,0,0,18,17,1,6,0,3,0,0,200,200
414141,0,30,0,0,0,1,10,2,0,0,0,18,17,0,6,0,1,0,0,200,200
414147,0,30,0,0,0,1,10,2,0,0,0,0,200,1,200,200,200,200,200,200,200
414147,0,30,0,0,0,1,10,2,0,0,0,0,200,1,5,7,0,0,0,200,200
414148,0,20,0,0,0,1,12,6,0,0,0,17,22,2,200,200,1,200,200,200,200
414148,0,20,0,0,0,1,12,6,0,0,0,17,22,0,5,200,0,200,0,200,200
414152,0,30,0,0,0,1,10,5,0,0,0,18,200,0,6,200,3,0,0,200,200
414152,0,30,0,0,0,1,10,5,0,0,0,18,200,1,5,0,0,0,0,200,200
414153,0,30,1,2,1,1,10,6,0,0,0,0,0,0,200,200,200,200,0,200,200
414153,0,30,1,2,1,1,10,6,0,0,0,0,0,1,6,0,0,0,0,200,200
414154,0,35,1,2,0,1,14,1,0,0,0,16,17,0,200,200,12,200,200,200,200
414154,0,35,1,2,0,1,14,1,0,0,0,16,17,1,9,0,1,1,0,200,200
414158,4,30,2,2,0,1,8,5,0,0,0,17,200,0,200,7,1,200,0,200,200
414158,0,30,2,2,0,1,8,5,0,0,0,17,200,0,9,0,0,0,0,200,200
414161,0,30,0,0,0,1,7,2,0,0,0,18,0,2,200,200,3,200,200,200,200
414165,0,30,0,0,0,1,7,5,0,0,0,0,0,2,200,200,200,200,200,200,200
414168,0,30,2,2,0,4,10,2,0,0,0,18,200,1,200,200,3,200,200,200,200
414168,0,30,2,2,0,4,10,2,0,0,0,18,200,1,6,0,0,0,0,200,200
414172,0,30,0,0,0,4,7,6,0,0,0,23,200,0,7,0,7,0,0,200,200
414176,0,30,0,0,200,200,7,4,3,200,0,0,0,2,200,200,200,200,200,200,200
414184,4,20,0,0,0,1,8,6,0,0,0,13,200,0,0,7,12,0,0,200,200
414186,0,30,200,200,0,200,10,5,0,0,0,200,200,1,5,0,200,0,0,200,200
414186,0,30,200,200,0,200,10,5,0,0,0,200,200,1,7,0,0,0,0,200,200
414186,0,30,200,200,0,200,10,5,0,0,0,200,200,1,6,0,0,0,0,200,200
414186,1,30,200,200,0,200,10,5,0,0,0,200,200,1,6,0,200,200,200,200,200
414186,1,30,200,200,0,200,10,5,0,0,0,200,200,1,2,0,200,200,200,200,200
414186,1,30,200,200,0,200,10,5,0,0,0,200,200,0,2,7,200,200,200,200,200
414190,0,30,0,0,0,1,7,8,0,0,0,11,0,0,8,0,0,0,0,200,200
414190,1,30,0,0,0,1,7,8,0,0,0,11,0,2,200,200,200,200,200,200,200
414192,0,30,0,0,0,3,7,5,0,0,0,0,0,0,8,200,200,200,200,200,200
414192,1,30,0,0,0,3,7,5,0,0,0,0,0,1,6,1,200,200,200,200,200
414193,0,45,1,2,0,4,10,5,0,0,0,18,0,0,5,200,3,0,0,200,200
414193,0,45,1,2,0,4,10,5,0,0,0,18,0,0,6,200,0,0,0,200,200
414193,1,45,1,2,0,4,10,5,0,0,0,18,0,1,6,200,200,200,200,200,200
414193,1,45,1,2,0,4,10,5,0,0,0,18,0,1,2,200,200,200,200,200,200
414193,1,45,1,2,0,4,10,5,0,0,0,18,0,0,1,5,200,200,200,200,200
414193,1,45,1,2,0,4,10,5,0,0,0,18,0,1,200,200,200,200,200,200,200
414196,0,30,0,0,0,1,0,6,0,0,0,17,200,1,5,0,1,0,0,200,200
414196,0,30,0,0,0,1,0,6,0,0,0,17,200,0,7,0,0,0,0,200,200
414200,0,30,0,0,0,1,12,5,0,0,0,200,200,1,200,200,4,200,200,200,200
414200,0,30,0,0,0,1,12,5,0,0,0,200,200,0,200,0,0,0,0,200,200
414202,0,30,0,0,0,1,7,5,0,0,0,20,11,0,200,200,6,200,200,200,200
414204,0,30,0,0,1,4,10,5,0,0,200,18,0,0,6,200,3,200,200,200,200
414204,0,30,0,0,1,4,10,5,0,0,200,18,0,1,5,200,0,200,200,200,200
414204,1,30,0,0,1,4,10,5,0,0,200,18,0,200,200,200,200,200,200,200,200
414207,0,30,2,2,0,1,0,5,0,0,0,17,200,0,6,200,1,12,0,200,200
414207,0,30,2,2,0,1,0,5,0,0,0,17,200,1,7,200,0,12,0,200,200
414209,0,20,0,0,0,1,7,4,0,0,0,25,200,0,200,200,13,200,200,200,200
414209,1,20,0,0,0,1,7,4,0,0,0,25,200,0,200,200,200,200,200,200,200
414217,0,30,1,2,0,1,12,5,0,0,0,22,0,1,200,200,2,200,200,200,200
414217,0,30,1,2,0,1,12,5,0,0,0,22,0,0,7,0,0,0,0,200,200
414228,0,30,0,0,0,1,12,5,0,0,0,17,17,1,4,0,1,0,0,200,200
414228,0,30,0,0,0,1,12,5,0,0,0,17,17,1,5,0,0,0,0,200,200
414239,0,30,200,200,0,200,11,5,0,200,200,200,200,0,4,0,200,200,200,200,200
414239,0,30,200,200,0,200,11,5,0,200,200,200,200,1,5,0,200,0,0,200,200
414242,0,30,2,200,0,1,10,5,0,0,200,0,0,0,200,200,200,200,200,200,200
414242,0,30,2,200,0,1,10,5,0,0,200,0,0,0,8,0,0,200,200,200,200
414252,0,30,0,0,0,4,7,5,0,0,0,13,200,0,5,0,12,0,0,200,200
414252,1,30,0,0,0,4,7,5,0,0,0,13,200,0,200,0,200,200,200,200,200
414252,1,30,0,0,0,4,7,5,0,0,0,13,200,0,200,0,200,200,200,200,200
414252,1,30,0,0,0,4,7,5,0,0,0,13,200,1,200,0,200,200,200,200,200
414254,0,30,0,0,0,3,7,5,0,0,0,21,200,2,200,200,4,200,200,200,200
414255,0,30,0,0,200,200,7,5,0,200,200,0,0,2,200,200,200,200,200,200,200
414256,0,30,0,0,0,0,9,5,0,0,0,0,0,0,8,200,200,200,0,200,200
414256,5,30,0,0,0,0,9,5,0,0,0,0,0,0,6,200,200,200,6,200,200
414265,0,30,1,2,0,4,14,12,0,0,0,6,14,0,5,0,8,0,0,200,200
414265,0,30,1,2,0,4,14,12,0,0,0,6,14,1,7,0,1,0,200,200,200
414265,1,30,1,2,0,4,14,12,0,0,0,6,14,1,5,0,200,200,200,200,200
414268,0,30,1,2,0,3,14,2,0,0,0,23,21,1,8,200,7,0,0,200,200
414268,0,30,1,2,0,3,14,2,0,0,0,23,21,0,6,200,0,0,0,200,200
414271,0,30,1,2,0,4,12,5,0,0,0,0,0,0,200,200,200,200,200,200,200
414271,0,30,1,2,0,4,12,5,0,0,0,0,0,0,6,0,200,200,0,200,200
414286,0,30,0,0,0,1,12,3,0,0,0,21,200,0,8,7,4,0,0,200,200
414286,0,30,0,0,0,1,12,3,0,0,0,21,200,0,7,0,0,0,0,200,200
414286,1,30,0,0,0,1,12,3,0,0,0,21,200,1,200,0,200,200,200,200,200
414286,1,30,0,0,0,1,12,3,0,0,0,21,200,0,200,0,200,200,200,200,200
414287,0,30,0,0,1,3,12,2,0,0,200,21,200,0,5,200,4,200,200,200,200
414287,0,30,0,0,1,3,12,2,0,0,200,21,200,1,5,200,0,200,200,200,200
414293,0,30,0,0,0,1,12,5,0,0,200,0,0,1,6,200,200,200,200,200,200
414293,0,30,0,0,0,1,12,5,0,0,200,0,0,0,7,0,200,200,200,200,200
414300,0,30,3,2,0,3,3,3,0,0,0,20,15,0,7,0,6,0,0,200,200
414300,0,30,3,2,0,3,3,3,0,0,0,20,15,0,5,0,0,0,0,200,200
414312,0,30,1,2,0,3,10,2,0,0,0,0,0,0,5,200,200,0,0,200,200
414312,0,30,1,2,0,3,10,2,0,0,0,0,0,0,5,200,200,0,0,200,200
414314,0,25,0,0,1,0,8,6,0,0,0,0,0,0,5,0,200,0,0,200,200
414314,4,25,0,0,1,0,8,6,0,0,0,0,0,0,4,7,200,0,0,200,200
414314,1,25,0,0,1,0,8,6,0,0,0,0,0,0,6,0,200,200,200,200,200
414331,0,30,0,0,0,3,7,6,0,0,0,0,0,0,6,200,200,200,200,200,200
414334,0,30,0,0,0,3,12,5,0,0,0,22,22,0,5,200,4,0,0,200,200
414334,0,30,0,0,0,3,12,5,0,0,0,22,22,0,6,0,0,0,0,200,200
414344,0,25,2,0,0,3,10,5,0,0,0,18,0,0,5,0,200,0,0,200,200
414344,0,25,2,0,0,3,10,5,0,0,0,18,0,0,8,0,0,0,0,200,200
414346,0,25,0,0,0,3,7,5,0,0,0,11,16,0,6,0,200,0,0,200,200
414348,0,30,1,2,0,1,14,5,0,0,0,200,200,0,7,200,12,200,200,200,200
414348,0,30,1,2,0,1,14,5,0,0,0,200,200,0,6,200,0,0,0,200,200
414356,0,30,1,2,0,3,10,3,0,0,0,200,200,0,5,200,200,0,0,200,200
414356,0,30,1,2,0,3,10,3,0,0,0,200,200,0,6,200,200,0,0,200,200
414356,1,30,1,2,0,3,10,3,0,0,0,200,200,1,6,200,200,200,200,200,200
414360,0,30,0,0,0,3,10,5,0,0,0,18,200,0,200,200,3,200,200,200,200
414360,0,30,0,0,0,3,10,5,0,0,0,18,200,1,5,0,200,0,0,200,200
414362,0,30,0,0,0,4,11,5,0,0,0,16,200,1,200,0,2,200,200,200,200
414362,0,30,0,0,0,4,11,5,0,0,0,16,200,0,4,0,2,0,0,200,200
414366,5,30,1,2,0,3,9,5,0,0,0,17,6,0,6,200,0,200,0,200,200
414366,0,30,1,2,0,3,9,5,0,0,0,17,6,0,5,0,12,0,0,200,200
414367,0,30,1,2,0,3,10,5,0,0,200,0,0,0,7,200,3,200,0,200,200
414367,0,30,1,2,0,3,10,5,0,0,200,0,0,0,6,200,0,200,0,200,200
414367,1,30,1,2,0,3,10,5,0,0,200,0,0,0,1,5,200,200,200,200,200
414368,0,30,1,2,0,3,10,1,0,0,0,18,0,0,7,0,3,0,0,200,200
414368,0,30,1,2,0,3,10,1,0,0,0,18,0,0,7,0,0,0,0,200,200
414372,0,35,0,0,0,3,10,5,0,0,0,18,0,1,6,0,0,0,0,200,200
414372,0,35,0,0,0,3,10,5,0,0,0,18,0,0,200,200,3,200,200,200,200
414377,0,30,0,0,0,0,12,5,0,0,0,18,200,1,6,200,4,200,0,200,200
414377,0,30,0,0,0,0,12,5,0,0,0,18,200,0,6,0,0,0,0,200,200
414385,0,30,0,0,0,3,7,5,0,0,0,0,200,1,7,7,10,0,0,200,200
414395,0,30,0,0,0,3,12,5,0,0,0,17,11,0,6,200,1,0,0,200,200
414395,0,30,0,0,0,3,12,5,0,0,0,17,11,0,9,200,0,0,0,200,200
414401,0,30,0,0,0,3,2,2,0,0,200,14,16,0,6,200,200,200,200,200,200
414401,1,30,0,0,0,3,2,2,0,0,200,14,16,1,5,200,200,200,200,200,200
414407,0,30,0,0,0,3,0,5,0,0,0,0,0,1,200,200,1,0,0,200,200
414407,0,30,0,0,0,3,0,5,0,0,0,0,0,1,9,0,0,0,0,200,200
414408,0,30,0,0,0,3,7,12,0,0,0,0,200,2,200,200,200,200,200,200,200
414411,0,20,0,0,0,0,7,4,0,0,0,0,16,0,5,200,200,200,200,200,200
414418,0,30,0,0,0,3,7,2,0,0,0,0,11,0,6,0,7,0,0,200,200
414422,0,30,1,2,2,1,10,2,0,1,0,18,200,2,200,200,200,200,200,200,200
414422,0,30,1,2,2,1,10,2,0,1,0,18,200,0,7,0,0,0,0,200,200
414431,0,20,0,0,0,3,0,6,0,0,0,10,200,0,200,200,9,200,200,200,200
414431,0,20,0,0,0,3,0,6,0,0,0,10,200,0,6,0,0,0,0,200,200
414441,0,30,0,0,0,3,12,3,0,0,0,21,11,2,200,200,200,200,200,200,200
414441,0,30,0,0,0,3,12,3,0,0,0,21,11,0,5,0,0,0,0,200,200
414445,0,40,3,5,0,3,10,3,0,0,4,11,28,0,5,0,12,0,0,200,200
414445,0,40,3,5,0,3,10,3,0,0,4,11,28,0,7,0,0,0,0,200,200
414446,0,30,0,0,2,0,7,5,0,1,0,200,200,2,200,200,200,200,200,200,200
414455,0,30,0,0,0,1,12,5,0,0,0,21,200,0,4,0,4,0,0,200,200
414455,0,30,0,0,0,1,12,5,0,0,0,21,200,0,7,200,4,0,0,200,200
414485,0,30,0,0,0,3,2,5,0,0,0,14,14,2,200,200,200,200,200,200,200
414485,1,30,0,0,0,3,2,5,0,0,0,14,14,0,7,200,200,200,200,200,200
414487,0,30,1,2,0,3,12,5,0,0,200,21,21,0,6,0,4,0,0,200,200
414487,0,30,1,2,0,3,12,5,0,0,200,21,21,0,0,200,12,0,0,200,200
414487,1,30,1,2,0,3,12,5,0,0,200,21,21,0,200,0,200,200,200,200,200
414490,0,20,0,0,0,3,7,6,0,0,0,21,200,0,4,200,2,0,0,200,200
414491,0,30,0,0,0,3,7,12,0,0,0,25,200,2,200,200,12,200,200,200,200
414506,0,30,1,2,0,1,10,3,0,0,0,18,200,1,6,200,3,200,200,200,200
414506,0,30,1,2,0,1,10,3,0,0,0,18,200,0,5,0,0,0,0,200,200
414512,0,25,0,0,0,3,7,6,0,0,0,0,200,2,200,200,200,200,200,200,200
414527,0,30,3,2,0,4,12,3,0,0,0,18,200,1,5,200,3,0,0,200,200
414527,0,30,3,2,0,4,12,3,0,0,0,18,200,0,6,200,0,0,0,200,200
414527,1,30,3,2,0,4,12,3,0,0,0,18,200,200,200,200,200,200,200,200,200
414537,0,30,0,0,0,3,7,6,0,0,0,0,200,0,8,200,200,200,2,200,200
414553,0,30,1,2,0,3,2,3,0,0,0,0,0,0,6,200,200,200,200,200,200
414558,0,30,1,2,0,3,10,2,0,0,0,30,16,0,6,0,15,0,0,200,1
414558,0,30,1,2,0,3,10,2,0,0,0,30,16,0,6,0,0,0,0,200,200
414558,1,30,1,2,0,3,10,2,0,0,0,30,16,0,3,0,200,200,200,200,200
414558,1,30,1,2,0,3,10,2,0,0,0,30,16,0,200,0,200,200,200,200,200
414579,0,30,1,2,0,3,0,1,0,0,0,17,200,0,7,0,1,200,200,200,200
414579,0,30,1,2,0,3,0,1,0,0,0,17,200,1,6,0,14,0,0,200,200
414579,1,30,1,2,0,3,0,1,0,0,0,17,200,0,200,0,200,200,200,200,200
414606,0,30,1,2,0,2,2,2,0,0,0,15,200,0,200,200,8,0,200,200,200
414614,0,20,0,0,0,200,7,6,0,0,0,0,0,2,200,200,200,200,200,200,200
414617,0,20,0,0,0,2,7,2,0,0,0,11,200,0,5,0,12,200,0,200,200
414621,0,25,1,2,0,1,10,3,0,0,0,18,200,0,7,0,0,0,0,200,200
414621,0,25,1,2,0,1,10,3,0,0,0,18,200,1,5,0,3,0,0,200,200
414622,0,25,0,0,0,1,14,5,0,0,0,21,200,0,8,0,7,0,0,200,200
414622,0,25,0,0,0,1,14,5,0,0,0,21,200,0,6,0,0,0,0,200,200
414624,0,30,0,2,0,1,7,6,0,0,0,27,0,0,5,0,12,0,2,200,200