RD_NO,PERSON_TYPE,POSTED_SPEED_LIMIT,TRAFFIC_CONTROL_DEVICE,DEVICE_CONDITION,WEATHER_CONDITION,LIGHTING_CONDITION,FIRST_CRASH_TYPE,TRAFFICWAY_TYPE,ALIGNMENT,ROADWAY_SURFACE_COND,ROAD_DEFECT,PRIM_CONTRIBUTORY_CAUSE,SEC_CONTRIBUTORY_CAUSE,SEX,AGE,SAFETY_EQUIPMENT,DRIVER_ACTION,DRIVER_VISION,PHYSICAL_CONDITION,BAC_RESULT VALUE,CELL_PHONE_USE
414630,0,30,0,0,0,2,8,5,0,0,0,0,0,0,200,200,200,200,200,200,200
414630,4,30,0,0,0,2,8,5,0,0,0,0,0,0,8,7,0,0,0,200,200
414633,0,25,0,0,0,1,12,6,0,0,0,22,16,0,5,0,2,0,0,200,200
414633,0,25,0,0,0,1,12,6,0,0,0,22,16,0,5,0,0,0,0,200,200
414649,0,30,200,200,0,1,12,5,0,0,0,21,21,1,6,200,3,200,0,200,200
414649,0,30,200,200,0,1,12,5,0,0,0,21,21,0,0,7,0,200,0,200,200
414656,0,25,0,0,0,1,10,2,2,0,0,200,200,1,6,0,3,0,0,200,200
414656,0,25,0,0,0,1,10,2,2,0,0,200,200,0,7,0,0,0,0,200,200
414657,0,25,0,0,1,1,12,5,0,1,0,0,0,0,7,200,4,200,200,200,200
414657,0,25,0,0,1,1,12,5,0,1,0,0,0,0,5,0,0,0,0,200,200
414660,0,35,0,0,0,1,7,5,0,0,0,0,0,0,0,200,12,200,0,200,200
414661,0,0,0,0,0,1,2,5,0,0,0,0,0,0,5,200,12,200,200,200,200
414661,0,0,0,0,0,1,2,5,0,0,0,0,0,1,7,200,200,200,200,200,200
414667,0,20,200,200,0,1,7,6,0,0,200,0,200,0,6,0,12,200,0,200,200
414671,0,35,0,0,0,1,14,7,0,0,0,23,200,0,6,7,7,0,0,200,200
414671,0,35,0,0,0,1,14,7,0,0,0,23,200,0,5,7,0,0,0,200,200
414672,0,30,0,0,0,1,10,5,0,0,0,27,200,0,200,200,3,200,200,200,200
414672,0,30,0,0,0,1,10,5,0,0,0,27,200,1,6,0,0,0,0,200,200
414673,0,30,2,1,0,1,0,5,0,0,0,17,5,0,6,0,1,1,0,200,200
414673,0,30,2,1,0,1,0,5,0,0,0,17,5,1,7,0,0,0,0,200,200
414679,0,30,0,0,0,1,2,5,0,0,0,11,200,0,5,0,12,0,0,200,200
414680,0,25,0,0,0,1,2,5,0,0,0,11,200,0,8,200,12,0,0,200,200
414684,0,5,0,0,0,1,8,12,0,2,12,17,200,0,7,0,1,0,0,200,200
414684,4,5,0,0,0,1,8,12,0,2,12,17,200,1,6,200,0,0,0,200,200
414688,0,30,1,2,0,1,12,5,0,0,0,33,200,1,6,0,12,12,0,200,200
414688,0,30,1,2,0,1,12,5,0,0,0,33,200,0,7,0,0,0,0,200,200
414698,0,20,0,0,0,3,7,2,0,0,0,200,200,2,200,200,200,200,200,200,200
414704,0,30,2,3,0,1,0,5,0,0,0,17,0,1,200,200,1,200,200,200,200
414704,0,30,2,3,0,1,0,5,0,0,0,17,0,0,7,0,0,0,0,200,200
414704,1,30,2,3,0,1,0,5,0,0,0,17,0,0,200,200,200,200,200,200,200
414708,0,30,0,0,0,1,12,2,0,0,200,0,200,2,200,200,200,200,200,200,200
414708,0,30,0,0,0,1,12,2,0,0,200,0,200,0,6,200,12,0,0,200,200
414710,0,30,1,2,0,1,7,2,0,0,0,0,0,1,200,200,200,200,200,200,200
414711,0,35,0,0,0,1,10,5,0,0,0,18,200,0,5,0,3,0,0,200,200
414711,0,35,0,0,0,1,10,5,0,0,0,18,200,0,0,0,3,0,0,200,200
414711,0,35,0,0,0,1,10,5,0,0,0,18,200,0,8,0,0,0,0,200,200
414711,0,35,0,0,0,1,10,5,0,0,0,18,200,0,6,0,0,0,0,200,200
414711,0,35,0,0,0,1,10,5,0,0,0,18,200,0,6,7,0,0,0,200,200
414718,0,30,1,2,0,0,12,5,0,0,0,21,0,0,7,0,4,0,0,200,200
414718,0,30,1,2,0,0,12,5,0,0,0,21,0,1,7,0,0,0,0,200,200
414724,0,30,0,0,0,1,7,2,0,0,0,22,200,1,7,0,2,0,0,200,200
414724,1,30,0,0,0,1,7,2,0,0,0,22,200,1,4,0,200,200,200,200,200
414739,0,40,0,0,0,1,12,5,0,0,0,0,200,0,7,0,200,200,0,200,200
414739,0,40,0,0,0,1,12,5,0,0,0,0,200,1,4,0,0,0,0,200,200
414745,0,25,0,0,0,1,10,5,0,0,0,18,200,1,6,0,3,0,0,200,200
414745,0,25,0,0,0,1,10,5,0,0,0,18,200,0,5,0,0,0,0,200,200
414752,0,25,0,0,0,1,14,5,0,0,0,22,21,1,5,200,2,0,0,200,200
414752,0,25,0,0,0,1,14,5,0,0,0,22,21,1,6,200,0,200,0,200,200
414756,0,30,1,2,0,3,0,12,0,0,0,200,200,2,200,200,5,12,200,200,200
414756,0,30,1,2,0,3,0,12,0,0,0,200,200,0,6,0,0,0,0,200,200
414758,0,30,0,0,0,1,10,5,0,0,0,18,18,0,7,0,3,0,0,200,200
414758,0,30,0,0,0,1,10,5,0,0,0,18,18,1,9,0,0,0,0,200,200
414760,0,20,0,0,0,1,7,5,0,0,0,0,0,0,9,0,12,0,0,200,200
414760,1,20,0,0,0,1,7,5,0,0,0,0,0,2,200,200,200,200,200,200,200
414760,1,20,0,0,0,1,7,5,0,0,0,0,0,2,200,200,200,200,200,200,200
414760,1,20,0,0,0,1,7,5,0,0,0,0,0,1,5,200,200,200,200,200,200
414766,0,35,1,2,0,3,10,5,0,0,0,18,18,0,200,200,3,0,0,200,200
414766,0,35,1,2,0,3,10,5,0,0,0,18,18,0,5,0,0,0,0,200,200
414768,0,30,0,0,0,1,7,5,0,0,0,0,0,2,200,200,200,200,200,200,200
414769,0,30,0,0,0,1,14,12,0,0,0,23,17,1,0,200,7,0,0,200,200
414769,0,30,0,0,0,1,14,12,0,0,0,23,17,1,6,200,0,0,0,200,200
414775,0,20,0,0,0,1,7,5,0,0,0,0,0,2,200,200,200,200,200,200,200
414784,0,30,0,0,0,1,14,6,0,0,0,0,200,0,6,0,200,0,0,200,200
414784,0,30,0,0,0,1,14,6,0,0,0,0,200,0,5,0,0,0,0,200,200
414787,0,30,0,0,0,3,7,5,0,0,0,0,200,2,200,200,0,200,200,200,200
414791,0,30,2,2,0,1,14,4,0,0,0,17,200,0,7,0,1,0,200,200,200
414791,0,30,2,2,0,1,14,4,0,0,0,17,200,0,6,200,0,200,200,200,200
414797,0,30,0,0,0,1,0,5,0,0,2,0,0,1,200,200,1,200,200,200,200
414797,0,30,0,0,0,1,0,5,0,0,2,0,0,0,8,0,0,0,0,200,200
414797,1,30,0,0,0,1,0,5,0,0,2,0,0,0,7,0,200,200,200,200,200
414805,0,30,0,0,0,1,2,5,0,0,0,9,16,1,5,200,12,0,0,200,200
414810,0,10,0,0,200,1,2,7,0,200,0,0,0,0,200,200,200,200,200,200,200
414812,0,30,1,2,0,1,14,12,0,0,0,0,0,1,6,200,200,0,0,200,200
414812,0,30,1,2,0,1,14,12,0,0,0,0,0,0,5,0,200,0,0,200,200
414815,0,10,0,0,0,1,7,7,0,0,0,0,0,2,200,200,200,200,200,200,200
414818,0,35,1,200,0,1,10,5,0,0,0,18,200,0,6,200,1,200,0,200,200
414818,0,35,1,200,0,1,10,5,0,0,0,18,200,1,6,200,0,200,200,200,200
414821,0,30,1,2,0,1,10,2,0,0,0,18,0,0,7,0,0,0,0,200,200
414821,0,30,1,2,0,1,10,2,0,0,0,18,0,0,6,0,200,0,0,200,200
414821,0,30,1,2,0,1,10,2,0,0,0,18,0,1,6,0,0,0,0,200,200
414823,0,30,0,0,0,1,10,5,0,0,0,7,18,0,7,200,12,200,0,200,200
414823,0,30,0,0,0,1,10,5,0,0,0,7,18,0,6,200,0,200,200,200,200
414823,0,30,0,0,0,1,10,5,0,0,0,7,18,1,6,0,0,0,0,200,200
414824,0,35,0,0,0,1,14,5,0,200,200,17,200,0,8,200,200,200,200,200,200
414824,0,35,0,0,0,1,14,5,0,200,200,17,200,0,6,200,1,200,200,200,200
414839,0,30,1,2,1,1,10,5,0,0,0,18,200,0,200,0,3,200,0,200,200
414839,0,30,1,2,1,1,10,5,0,0,0,18,200,1,6,0,0,0,0,200,200
414846,0,30,0,0,0,1,10,5,0,0,0,18,200,0,0,0,3,200,0,200,200
414846,0,30,0,0,0,1,10,5,0,0,0,18,200,0,9,0,0,200,0,200,200
414846,1,30,0,0,0,1,10,5,0,0,0,18,200,200,200,0,200,200,200,200,200
414848,0,30,0,0,0,1,7,6,0,0,0,0,200,2,200,200,200,200,200,200,200
414860,0,30,0,0,0,1,7,5,0,0,200,11,200,1,6,0,12,200,0,200,200
414860,1,30,0,0,0,1,7,5,0,0,200,11,200,0,200,0,200,200,200,200,200
414862,0,30,0,0,0,1,7,6,0,0,0,23,200,0,6,200,7,200,0,200,200
414862,1,30,0,0,0,1,7,6,0,0,0,23,200,1,6,1,200,200,200,200,200
414862,1,30,0,0,0,1,7,6,0,0,0,23,200,1,200,1,200,200,200,200,200
414871,0,30,0,0,0,1,10,5,2,0,0,18,200,0,7,200,3,0,0,200,200
414871,0,30,0,0,0,1,10,5,2,0,0,18,200,1,6,200,0,0,0,200,200
414871,1,30,0,0,0,1,10,5,2,0,0,18,200,0,2,200,200,200,200,200,200
414871,1,30,0,0,0,1,10,5,2,0,0,18,200,0,200,200,200,200,200,200,200
414871,1,30,0,0,0,1,10,5,2,0,0,18,200,0,200,200,200,200,200,200,200
414877,0,30,0,0,1,1,12,5,0,0,0,21,0,0,4,200,12,0,200,200,200
414877,0,30,0,0,1,1,12,5,0,0,0,21,0,1,8,0,12,0,0,200,200
414883,0,30,0,0,0,1,7,5,0,0,0,0,200,0,6,200,200,200,200,200,200
414884,0,30,0,0,0,1,7,0,0,0,0,20,200,0,4,0,6,200,0,200,200
414891,0,30,2,0,0,1,10,5,0,0,0,20,200,1,7,0,6,0,0,200,200
414891,0,30,2,0,0,1,10,5,0,0,0,20,200,1,200,0,0,0,200,200,200
414899,0,30,0,0,2,1,12,5,0,1,0,21,0,0,5,200,4,0,0,200,200
414899,0,30,0,0,2,1,12,5,0,1,0,21,0,1,7,200,0,0,0,200,200
414899,1,30,0,0,2,1,12,5,0,1,0,21,0,0,200,200,200,200,200,200,200
414899,1,30,0,0,2,1,12,5,0,1,0,21,0,1,200,200,200,200,200,200,200
414906,0,30,1,2,0,1,10,3,0,0,0,18,18,1,200,0,1,0,0,200,200
414906,0,30,1,2,0,1,10,3,0,0,0,18,18,1,9,0,0,0,0,200,200
414911,0,30,0,0,0,1,12,2,0,0,0,200,200,1,6,200,12,0,0,200,200
414911,0,30,0,0,0,1,12,2,0,0,0,200,200,0,7,200,0,0,0,200,200
414912,0,30,0,0,0,1,2,3,0,0,0,29,11,0,6,0,12,0,0,200,200
414916,0,30,1,2,0,1,12,3,0,0,0,16,18,0,9,200,1,0,0,200,200
414916,0,30,1,2,0,1,12,3,0,0,0,16,18,1,4,200,12,0,0,200,200
414917,0,10,0,0,0,1,7,7,0,0,0,0,0,2,200,200,200,200,200,200,200
414922,0,30,0,0,0,1,7,6,0,0,0,17,200,0,5,200,2,0,0,200,200
414923,0,15,0,0,0,1,0,7,0,0,0,17,20,0,200,200,1,200,200,200,200
414923,0,15,0,0,0,1,0,7,0,0,0,17,20,1,6,0,0,0,0,200,200
414929,0,30,0,0,0,1,8,2,0,0,0,0,200,0,6,200,7,200,0,200,200
414929,4,30,0,0,0,1,8,2,0,0,0,0,200,0,200,3,0,200,0,200,200
414929,1,30,0,0,0,1,8,2,0,0,0,0,200,0,200,200,200,200,200,200,200
414932,0,20,0,0,0,1,7,6,0,0,0,0,0,0,6,0,200,0,0,200,200
414932,1,20,0,0,0,1,7,6,0,0,0,0,0,0,200,0,200,200,200,200,200
414951,0,30,1,2,0,1,12,5,0,0,0,21,200,0,9,0,4,0,0,200,200
414951,0,30,1,2,0,1,12,5,0,0,0,21,200,0,7,0,0,200,0,200,200
414958,0,20,0,0,0,1,7,3,0,0,0,8,200,0,8,0,12,0,0,200,200
414960,0,30,1,200,0,1,12,5,0,0,0,17,200,2,200,200,1,200,200,200,200
414960,0,30,1,200,0,1,12,5,0,0,0,17,200,1,6,0,0,0,0,200,200
414966,0,15,0,0,200,200,7,5,0,200,200,0,0,2,200,200,200,200,200,200,200
414967,0,25,0,0,0,1,12,6,0,0,0,17,200,1,7,0,1,2,0,200,200
414967,0,25,0,0,0,1,12,6,0,0,0,17,200,1,5,0,0,0,0,200,200
414967,1,25,0,0,0,1,12,6,0,0,0,17,200,0,5,0,200,200,200,200,200
414969,0,30,2,2,0,1,10,5,0,0,0,8,0,1,7,200,6,0,0,200,200
414969,0,30,2,2,0,1,10,5,0,0,0,8,0,1,8,0,12,0,0,200,200
414974,0,30,0,0,0,1,2,5,0,0,0,13,0,0,5,0,12,0,0,200,200
414975,0,30,0,0,0,1,0,1,0,0,0,17,200,0,200,200,1,200,200,200,200
414975,0,30,0,0,0,1,0,1,0,0,0,17,200,1,6,0,0,1,0,200,200
414975,1,30,0,0,0,1,0,1,0,0,0,17,200,1,2,0,200,200,200,200,200
414975,1,30,0,0,0,1,0,1,0,0,0,17,200,0,2,0,200,200,200,200,200
414975,1,30,0,0,0,1,0,1,0,0,0,17,200,0,1,5,200,200,200,200,200
414976,0,30,0,0,0,1,2,4,0,0,0,0,200,2,200,200,200,200,200,200,200
414983,0,30,200,200,0,1,14,6,0,0,0,17,200,1,6,200,1,200,0,200,200
414983,0,30,200,200,0,1,14,6,0,0,0,17,200,0,6,200,0,0,0,200,200
414990,0,30,1,2,0,1,14,6,0,0,0,23,200,1,6,0,7,0,0,200,200
414990,0,30,1,2,0,1,14,6,0,0,0,23,200,0,6,0,0,0,0,200,200
414996,0,30,0,0,0,1,7,6,0,0,0,0,200,0,7,200,6,12,2,200,200
414999,0,30,0,0,0,1,7,6,0,0,0,0,200,2,200,200,200,200,200,200,200
414999,1,30,0,0,0,1,7,6,0,0,0,0,200,1,6,0,200,200,200,200,200
415000,0,30,0,0,0,1,10,2,0,0,0,0,200,0,6,200,200,0,200,200,200
415000,0,30,0,0,0,1,10,2,0,0,0,0,200,1,8,0,200,0,200,200,200
415001,0,30,0,0,0,1,10,5,0,0,0,16,0,1,6,0,200,0,0,200,200
415001,0,30,0,0,0,1,10,5,0,0,0,16,0,1,8,0,200,0,0,200,200
415001,0,30,0,0,0,1,10,5,0,0,0,16,0,1,6,0,200,0,0,200,200
415001,1,30,0,0,0,1,10,5,0,0,0,16,0,1,2,0,200,200,200,200,200
415001,1,30,0,0,0,1,10,5,0,0,0,16,0,1,9,0,200,200,200,200,200
415003,0,30,1,2,0,1,14,6,0,200,200,22,22,1,6,200,2,200,200,200,200
415003,0,30,1,2,0,1,14,6,0,200,200,22,22,1,7,0,12,200,200,200,200
415004,0,30,0,0,0,1,7,7,0,0,0,20,0,1,200,200,6,200,200,200,200
415011,0,30,1,2,0,1,14,2,0,0,0,17,200,0,5,0,0,0,0,200,200
415011,0,30,1,2,0,1,14,2,0,0,0,17,200,0,8,0,1,0,0,200,200
415016,0,40,0,0,2,1,10,3,0,1,0,0,0,0,200,200,200,200,0,200,200
415016,0,40,0,0,2,1,10,3,0,1,0,0,0,0,6,0,0,0,0,200,200
415016,0,40,0,0,2,1,10,3,0,1,0,0,0,1,200,200,0,200,200,200,200
415016,1,40,0,0,2,1,10,3,0,1,0,0,0,1,200,200,200,200,200,200,200
415023,0,30,1,2,0,1,14,5,0,0,200,21,200,0,200,200,7,200,200,200,200
415023,0,30,1,2,0,1,14,5,0,0,200,21,200,0,7,200,0,200,200,200,200
415028,0,30,0,0,0,1,7,2,0,0,0,0,0,0,7,0,0,0,0,200,200
415028,1,30,0,0,0,1,7,2,0,0,0,0,0,1,6,200,200,200,200,200,200
415041,0,30,0,0,0,1,2,7,0,0,0,0,200,0,8,200,200,200,0,200,200
415044,0,30,0,0,0,1,12,3,0,0,0,17,200,1,7,200,1,0,0,200,200
415044,0,30,0,0,0,1,12,3,0,0,0,17,200,1,0,200,0,0,0,200,200
415051,0,30,0,0,0,1,10,5,0,0,0,18,16,0,5,0,3,200,0,200,200
415051,0,30,0,0,0,1,10,5,0,0,0,18,16,0,6,0,0,200,0,200,200
415052,0,30,0,0,0,1,12,5,0,0,0,200,200,0,7,0,4,12,0,200,200
415052,0,30,0,0,0,1,12,5,0,0,0,200,200,0,7,0,0,0,0,200,200
415056,0,30,1,2,0,1,12,5,0,0,0,11,200,0,200,200,2,200,200,200,200
415056,0,30,1,2,0,1,12,5,0,0,0,11,200,0,200,0,0,0,0,200,200
415059,0,30,0,0,0,200,7,5,0,0,0,0,200,2,200,200,200,200,200,200,200
415067,0,30,0,0,0,3,14,5,0,0,0,23,16,0,5,200,7,200,0,200,200
415067,0,30,0,0,0,3,14,5,0,0,0,23,16,1,6,0,0,0,0,200,200
415070,0,35,200,0,0,1,10,5,0,0,0,0,200,0,200,7,200,200,0,200,200
415070,0,35,200,0,0,1,10,5,0,0,0,0,200,1,200,0,200,200,0,200,200
415076,0,30,0,0,0,1,0,5,0,0,0,33,200,0,7,0,12,1,0,200,200
415076,0,30,0,0,0,1,0,5,0,0,0,33,200,1,4,0,0,0,0,200,200
415077,0,30,1,2,0,1,12,3,0,0,0,21,200,2,200,200,12,200,200,200,200
415077,0,30,1,2,0,1,12,3,0,0,0,21,200,1,5,0,0,0,0,200,200
415077,1,30,1,2,0,1,12,3,0,0,0,21,200,1,6,0,200,200,200,200,200
415079,0,30,0,0,0,1,10,5,0,0,0,18,200,0,7,0,3,0,0,200,200
415079,0,30,0,0,0,1,10,5,0,0,0,18,200,1,200,200,0,200,0,200,200
415081,0,30,1,200,2,1,10,5,0,200,0,18,200,1,5,200,3,200,200,200,200
415081,0,30,1,200,2,1,10,5,0,200,0,18,200,0,5,200,0,0,200,200,200
415081,1,30,1,200,2,1,10,5,0,200,0,18,200,1,5,200,200,200,200,200,200
415081,1,30,1,200,2,1,10,5,0,200,0,18,200,0,200,200,200,200,200,200,200
415086,0,35,2,2,0,0,2,12,0,0,1,28,200,0,6,0,0,0,0,200,200
415096,0,30,2,2,0,1,10,5,0,0,0,18,200,0,5,0,3,0,0,200,200
415096,0,30,2,2,0,1,10,5,0,0,0,18,200,1,5,0,12,0,0,200,200
415120,0,30,2,2,0,1,10,5,3,0,0,0,0,0,4,0,200,0,0,200,200
415120,0,30,2,2,0,1,10,5,3,0,0,0,0,0,8,0,0,0,0,200,200
415122,0,30,1,2,0,1,10,5,0,0,0,0,0,0,200,200,200,200,200,200,200
415122,0,30,1,2,0,1,10,5,0,0,0,0,0,0,6,0,0,0,0,200,200
415122,1,30,1,2,0,1,10,5,0,0,0,0,0,0,7,0,200,200,200,200,200
415123,0,30,0,0,0,1,12,2,0,0,0,22,22,0,5,0,2,200,0,200,200
415123,0,30,0,0,0,1,12,2,0,0,0,22,22,1,6,0,2,200,0,200,200
415126,0,30,0,0,0,1,9,5,0,0,0,4,200,0,7,200,1,0,0,200,200
415126,5,30,0,0,0,1,9,5,0,0,0,4,200,1,6,200,200,200,7,200,200
415127,0,30,0,0,0,1,2,5,0,0,3,28,200,1,6,0,0,0,0,200,200
415130,0,30,2,2,0,1,10,3,0,0,0,16,16,1,5,0,3,0,0,200,200
415130,0,30,2,2,0,1,10,3,0,0,0,16,16,1,7,0,0,0,0,200,200
415131,0,30,0,0,0,1,7,6,0,0,0,0,200,2,200,200,12,200,200,200,200
415132,0,30,0,0,0,1,9,2,0,0,0,17,200,1,7,0,1,0,0,200,200
415132,5,30,0,0,0,1,9,2,0,0,0,17,200,1,7,7,0,0,0,200,200
415143,0,35,0,0,0,1,10,5,0,0,0,18,16,1,3,200,3,0,0,200,200
415143,0,35,0,0,0,1,10,5,0,0,0,18,16,1,3,200,0,0,0,200,200
415143,0,35,0,0,0,1,10,5,0,0,0,18,16,1,3,200,0,0,0,200,200
415143,1,35,0,0,0,1,10,5,0,0,0,18,16,1,3,200,200,200,200,200,200
415143,1,35,0,0,0,1,10,5,0,0,0,18,16,1,3,200,200,200,200,200,200
415146,0,30,0,0,0,1,7,5,0,0,0,0,0,1,200,200,1,200,200,200,200
415147,0,30,1,2,0,1,10,5,0,0,0,18,16,0,6,200,3,200,200,200,200
415147,0,30,1,2,0,1,10,5,0,0,0,18,16,1,7,0,0,4,0,200,200
415148,0,30,1,2,0,1,12,5,0,0,0,0,0,1,200,200,200,200,200,200,200
415148,0,30,1,2,0,1,12,5,0,0,0,0,0,1,5,0,0,0,0,200,200
415148,3,30,1,2,0,1,12,5,0,0,0,0,0,0,7,7,0,0,0,200,200
415149,0,30,0,0,0,1,7,6,0,0,200,0,200,2,200,200,200,200,200,200,200
415158,0,30,0,0,0,1,4,5,0,0,0,0,200,0,7,0,200,0,0,200,200
415161,0,30,0,0,0,3,10,2,0,0,0,200,200,0,200,200,12,200,200,200,200
415161,0,30,0,0,0,3,10,2,0,0,0,200,200,1,5,0,0,12,0,200,200
415164,0,30,0,0,0,1,12,2,0,0,0,200,200,1,200,0,12,0,0,200,200
415164,0,30,0,0,0,1,12,2,0,0,0,200,200,1,200,0,0,0,0,200,200
415168,0,30,0,0,0,1,10,5,0,0,0,18,18,0,5,200,3,200,0,200,200
415168,0,30,0,0,0,1,10,5,0,0,0,18,18,1,6,200,0,200,0,200,200
415170,0,30,0,0,0,1,2,3,0,0,0,0,0,0,7,0,200,200,0,200,200
415171,0,5,0,0,0,1,7,7,0,0,0,11,200,1,6,0,12,0,0,200,200
415176,0,35,1,2,0,1,14,5,0,0,0,14,0,0,4,200,8,0,200,200,200
415176,0,35,1,2,0,1,14,5,0,0,0,14,0,1,5,200,1,0,0,200,200
415176,0,35,1,2,0,1,14,5,0,0,0,14,0,0,6,200,0,0,0,200,200
415176,1,35,1,2,0,1,14,5,0,0,0,14,0,1,200,200,200,200,200,200,200
415176,1,35,1,2,0,1,14,5,0,0,0,14,0,2,200,200,200,200,200,200,200
415176,1,35,1,2,0,1,14,5,0,0,0,14,0,2,200,200,200,200,200,200,200
415183,0,30,1,2,0,3,12,3,0,0,0,17,200,0,6,0,1,12,0,200,200
415183,0,30,1,2,0,3,12,3,0,0,0,17,200,1,6,0,0,0,0,200,200
415183,1,30,1,2,0,3,12,3,0,0,0,17,200,1,3,0,200,200,200,200,200
415184,0,30,0,0,0,1,12,5,0,0,0,16,22,0,200,200,2,200,200,200,200
415184,0,30,0,0,0,1,12,5,0,0,0,16,22,1,8,0,0,0,0,200,200
415184,1,30,0,0,0,1,12,5,0,0,0,16,22,0,200,0,200,200,200,200,200
415186,0,30,1,2,0,1,0,5,0,0,0,17,0,0,200,200,1,200,200,200,200
415186,0,30,1,2,0,1,0,5,0,0,0,17,0,0,8,0,0,0,0,200,200
415186,1,30,1,2,0,1,0,5,0,0,0,17,0,1,7,0,200,200,200,200,200
415193,0,30,1,2,0,1,12,6,0,0,0,17,0,1,5,200,1,0,0,200,200
415193,0,30,1,2,0,1,12,6,0,0,0,17,0,0,5,200,0,0,0,200,200
415195,0,30,0,0,0,1,10,5,0,0,0,0,200,0,200,200,200,200,200,200,200
415195,0,30,0,0,0,1,10,5,0,0,0,0,200,1,6,0,0,0,0,200,200
415199,0,10,0,0,0,1,7,7,0,0,0,0,200,2,200,200,200,200,200,200,200
415201,0,30,1,2,0,1,0,3,0,0,0,6,200,0,200,200,200,200,200,200,200
415201,0,30,1,2,0,1,0,3,0,0,0,6,200,0,6,200,0,0,0,200,200
415206,0,0,0,0,0,1,10,5,0,0,0,11,0,1,5,200,2,200,0,200,200
415206,0,0,0,0,0,1,10,5,0,0,0,11,0,0,7,0,0,0,0,200,200
415206,1,0,0,0,0,1,10,5,0,0,0,11,0,1,200,200,200,200,200,200,200
415210,0,30,1,2,0,1,10,3,0,0,0,200,200,2,200,200,200,200,200,200,200
415210,0,30,1,2,0,1,10,3,0,0,0,200,200,0,200,0,0,0,0,200,200
415214,0,0,0,0,0,1,7,7,0,0,0,0,0,0,200,200,200,200,200,200,200
415222,0,30,2,2,0,1,14,12,0,0,0,0,0,1,7,0,1,0,0,200,200
415222,0,30,2,2,0,1,14,12,0,0,0,0,0,1,6,2,12,0,0,200,200
415223,0,30,0,0,0,1,10,5,1,0,0,18,11,0,200,200,200,200,200,200,200
415223,0,30,0,0,0,1,10,5,1,0,0,18,11,1,7,0,200,200,0,200,200
415223,0,30,0,0,0,1,10,5,1,0,0,18,11,1,200,0,200,200,0,200,200
415223,1,30,0,0,0,1,10,5,1,0,0,18,11,0,5,200,200,200,200,200,200
415224,0,30,2,2,0,1,10,6,0,0,0,20,200,0,7,200,6,200,200,200,200
415224,0,30,2,2,0,1,10,6,0,0,0,20,200,0,6,200,0,200,200,200,200
415229,0,30,1,2,0,1,10,5,0,0,200,17,200,1,4,0,1,200,0,200,200
415229,0,30,1,2,0,1,10,5,0,0,200,17,200,0,7,0,0,200,0,200,200
415235,0,5,200,200,0,1,7,7,2,0,200,0,200,1,6,200,200,200,200,200,200
415239,0,30,0,0,0,1,10,5,0,0,0,18,16,0,6,200,3,200,0,200,200
415239,0,30,0,0,0,1,10,5,0,0,0,18,16,0,6,0,0,0,0,200,200
415240,0,35,200,200,0,1,10,5,0,0,200,0,200,1,200,7,200,200,0,200,200
415240,0,35,200,200,0,1,10,5,0,0,200,0,200,0,200,0,200,200,0,200,200
415245,0,30,1,2,0,1,10,5,0,0,0,18,200,0,5,200,3,0,0,200,200
415245,0,30,1,2,0,1,10,5,0,0,0,18,200,0,5,200,0,0,0,200,200
415245,1,30,1,2,0,1,10,5,0,0,0,18,200,1,5,200,200,200,200,200,200
415245,1,30,1,2,0,1,10,5,0,0,0,18,200,0,1,5,200,200,200,200,200
415252,0,30,0,0,0,1,12,5,0,0,0,0,0,1,6,0,1,0,0,200,200
415252,0,30,0,0,0,1,12,5,0,0,0,0,0,0,6,0,0,0,0,200,200
415253,0,30,1,2,0,1,12,5,0,0,0,22,11,0,3,200,4,200,200,200,200
415253,0,30,1,2,0,1,12,5,0,0,0,22,11,1,5,200,0,200,0,200,200
415255,0,30,1,2,0,1,10,12,0,0,0,16,18,0,7,200,3,200,0,200,200
415255,0,30,1,2,0,1,10,12,0,0,0,16,18,1,5,200,0,200,0,200,200
415257,0,30,1,3,0,1,0,5,0,0,200,0,0,0,200,200,1,200,200,200,200
415257,0,30,1,3,0,1,0,5,0,0,200,0,0,1,5,0,0,0,0,200,200
415265,0,10,0,0,0,1,11,8,3,0,0,22,200,1,200,200,2,200,200,200,200
415265,0,10,0,0,0,1,11,8,3,0,0,22,200,1,6,0,0,0,0,200,200
415267,0,30,200,200,200,200,11,200,0,200,200,0,200,0,7,0,200,200,200,200,200
415267,0,30,200,200,200,200,11,200,0,200,200,0,200,0,8,0,200,200,200,200,200
415268,0,30,0,0,0,1,7,5,0,0,0,0,0,2,200,200,200,200,200,200,200
415269,0,35,0,0,0,1,12,2,0,0,0,0,0,0,200,200,200,200,200,200,200
415269,0,35,0,0,0,1,12,2,0,0,0,0,0,1,8,0,0,0,0,200,200
415269,1,35,0,0,0,1,12,2,0,0,0,0,0,1,6,0,200,200,200,200,200
415270,0,30,2,2,0,1,0,5,0,0,0,17,5,0,6,0,1,0,0,200,200
415270,0,30,2,2,0,1,0,5,0,0,0,17,5,1,8,0,0,0,7,200,200
415270,1,30,2,2,0,1,0,5,0,0,0,17,5,0,6,0,200,200,200,200,200
415271,0,30,0,0,0,1,12,3,0,0,0,22,200,0,200,200,2,200,200,200,200
415271,0,30,0,0,0,1,12,3,0,0,0,22,200,0,8,0,0,0,0,200,200