RD_NO,PERSON_TYPE,POSTED_SPEED_LIMIT,TRAFFIC_CONTROL_DEVICE,DEVICE_CONDITION,WEATHER_CONDITION,LIGHTING_CONDITION,FIRST_CRASH_TYPE,TRAFFICWAY_TYPE,ALIGNMENT,ROADWAY_SURFACE_COND,ROAD_DEFECT,PRIM_CONTRIBUTORY_CAUSE,SEC_CONTRIBUTORY_CAUSE,SEX,AGE,SAFETY_EQUIPMENT,DRIVER_ACTION,DRIVER_VISION,PHYSICAL_CONDITION,BAC_RESULT VALUE,CELL_PHONE_USE
415272,0,35,0,0,0,1,10,5,0,0,0,13,22,1,6,0,12,0,0,200,200
415272,0,35,0,0,0,1,10,5,0,0,0,13,22,1,8,200,0,0,0,200,200
415273,0,35,1,2,0,1,12,2,0,0,0,22,200,1,200,200,4,200,200,200,200
415273,0,35,1,2,0,1,12,2,0,0,0,22,200,1,8,200,0,0,0,200,200
415276,0,5,0,0,0,1,7,7,0,0,0,0,200,0,200,200,6,200,200,200,200
415276,1,5,0,0,0,1,7,7,0,0,0,0,200,1,200,200,200,200,200,200,200
415277,0,30,0,0,0,0,7,5,0,200,200,0,0,2,200,200,200,200,200,200,200
415279,0,30,2,12,0,1,0,5,0,0,0,5,200,0,5,0,5,0,0,200,200
415279,0,30,2,12,0,1,0,5,0,0,0,5,200,1,6,0,0,0,0,200,200
415282,0,30,2,2,0,1,0,5,0,0,200,17,0,0,200,200,1,200,200,200,200
415282,0,30,2,2,0,1,0,5,0,0,200,17,0,1,8,0,0,200,200,200,200
415291,0,30,0,0,0,1,14,5,0,0,0,17,200,0,4,0,1,0,0,200,200
415291,0,30,0,0,0,1,14,5,0,0,0,17,200,0,5,0,0,0,0,200,200
415291,0,30,0,0,0,1,14,5,0,0,0,17,200,0,6,0,0,0,0,200,200
415291,1,30,0,0,0,1,14,5,0,0,0,17,200,1,5,0,200,200,200,200,200
415291,1,30,0,0,0,1,14,5,0,0,0,17,200,1,0,5,200,200,200,200,200
415297,0,30,2,0,0,1,14,5,0,0,0,17,5,0,5,0,1,0,0,200,200
415297,0,30,2,0,0,1,14,5,0,0,0,17,5,1,5,0,0,0,0,200,200
415297,1,30,2,0,0,1,14,5,0,0,0,17,5,1,2,0,200,200,200,200,200
415297,1,30,2,0,0,1,14,5,0,0,0,17,5,1,0,0,200,200,200,200,200
415297,1,30,2,0,0,1,14,5,0,0,0,17,5,0,1,0,200,200,200,200,200
415299,0,30,0,0,0,1,10,5,0,0,0,27,18,0,6,0,3,0,2,200,200
415299,0,30,0,0,0,1,10,5,0,0,0,27,18,0,8,0,0,0,0,200,200
415299,0,30,0,0,0,1,10,5,0,0,0,27,18,1,6,0,0,0,0,200,200
415301,0,30,0,0,0,1,7,6,0,0,0,11,20,1,8,0,6,0,0,200,200
415301,1,30,0,0,0,1,7,6,0,0,0,11,20,1,6,200,200,200,200,200,200
415302,0,30,0,0,0,1,7,5,0,0,0,22,16,1,6,200,2,200,0,200,200
415306,0,40,0,0,0,1,10,3,0,0,0,18,200,0,200,200,3,200,200,200,200
415306,0,40,0,0,0,1,10,3,0,0,0,18,200,0,7,0,0,0,0,200,200
415306,0,40,0,0,0,1,10,3,0,0,0,18,200,0,6,200,200,200,200,200,200
415308,0,30,0,0,0,1,14,5,0,0,0,8,200,0,7,0,12,6,0,200,200
415308,0,30,0,0,0,1,14,5,0,0,0,8,200,0,6,0,0,0,0,200,200
415310,0,30,2,2,0,1,0,5,0,0,0,5,0,1,5,0,1,0,0,200,200
415310,0,30,2,2,0,1,0,5,0,0,0,5,0,0,7,0,0,0,0,200,200
415311,0,30,2,2,0,1,14,5,0,0,0,17,16,0,200,200,1,0,0,200,200
415311,0,30,2,2,0,1,14,5,0,0,0,17,16,0,200,0,0,0,0,200,200
415315,0,30,0,3,0,1,7,3,0,0,0,0,200,0,200,200,200,200,200,200,200
415316,0,30,1,2,0,1,12,5,0,0,0,21,200,1,200,200,12,0,0,200,200
415316,0,30,1,2,0,1,12,5,0,0,0,21,200,0,200,0,0,0,0,200,200
415320,0,30,0,0,0,1,14,5,0,0,0,17,11,0,6,0,1,0,0,200,200
415320,0,30,0,0,0,1,14,5,0,0,0,17,11,1,9,0,4,0,0,200,200
415321,0,15,1,2,0,1,10,5,0,0,0,18,16,1,200,200,3,200,0,200,200
415321,0,15,1,2,0,1,10,5,0,0,0,18,16,1,6,0,0,0,0,200,200
415327,0,20,0,0,0,1,3,0,0,0,200,25,16,0,3,200,13,200,0,200,200
415327,0,20,0,0,0,1,3,0,0,0,200,25,16,0,6,0,14,0,0,200,200
415332,0,30,0,0,200,200,7,5,0,200,200,17,200,2,200,200,1,200,200,200,200
415333,0,30,0,0,0,1,10,5,0,0,0,0,0,1,7,0,7,0,0,200,200
415333,0,30,0,0,0,1,10,5,0,0,0,0,0,0,7,0,0,0,0,200,200
415334,0,30,200,200,200,200,0,200,0,200,200,0,200,1,7,0,200,200,200,200,200
415334,0,30,200,200,200,200,0,200,0,200,200,0,200,0,6,0,200,200,200,200,200
415334,1,30,200,200,200,200,0,200,0,200,200,0,200,1,200,0,200,200,200,200,200
415335,0,30,0,0,0,1,10,5,0,0,0,16,16,0,6,0,3,0,0,200,200
415335,0,30,0,0,0,1,10,5,0,0,0,16,16,1,5,7,0,0,0,200,200
415338,0,30,1,2,0,1,14,5,0,0,0,0,200,1,6,200,200,200,0,200,200
415338,0,30,1,2,0,1,14,5,0,0,0,0,200,0,6,200,200,200,0,200,200
415338,1,30,1,2,0,1,14,5,0,0,0,0,200,0,9,200,200,200,200,200,200
415350,0,30,0,0,0,1,10,6,0,0,0,18,200,0,5,200,3,200,200,200,200
415350,0,30,0,0,0,1,10,6,0,0,0,18,200,0,7,0,0,0,0,200,200
415353,0,30,0,0,0,1,10,5,0,0,0,18,200,0,6,200,0,0,0,200,200
415353,0,30,0,0,0,1,10,5,0,0,0,18,200,0,7,0,0,0,0,200,200
415354,0,35,1,2,0,1,12,5,0,0,0,22,200,0,5,200,4,0,0,200,200
415354,0,35,1,2,0,1,12,5,0,0,0,22,200,0,5,200,0,0,0,200,200
415354,1,35,1,2,0,1,12,5,0,0,0,22,200,1,5,200,200,200,200,200,200
415362,0,30,1,2,0,1,10,2,0,0,0,18,0,0,7,0,3,0,0,200,200
415362,0,30,1,2,0,1,10,2,0,0,0,18,0,1,9,0,0,0,0,200,200
415362,1,30,1,2,0,1,10,2,0,0,0,18,0,1,7,0,200,200,200,200,200
415365,0,30,1,2,0,1,12,5,0,0,0,0,0,0,7,0,0,0,0,200,200
415365,0,30,1,2,0,1,12,5,0,0,0,0,0,0,5,0,0,0,0,200,200
415368,0,30,2,2,0,1,12,5,0,0,0,22,200,1,0,200,2,0,0,200,200
415368,0,30,2,2,0,1,12,5,0,0,0,22,200,0,6,200,200,0,0,200,200
415369,0,30,0,0,0,1,12,5,2,0,0,0,0,1,5,0,1,200,0,200,200
415369,0,30,0,0,0,1,12,5,2,0,0,0,0,1,6,0,0,0,0,200,200
415377,0,30,0,0,0,1,8,5,0,0,0,21,17,0,8,200,1,0,0,200,200
415377,4,30,0,0,0,1,8,5,0,0,0,21,17,0,6,3,0,0,0,200,200
415381,0,15,0,0,0,1,2,1,0,0,0,15,200,2,200,200,200,200,200,200,200
415383,0,30,0,0,0,1,7,6,0,0,200,0,200,2,200,200,200,200,200,200,200
415386,0,30,0,0,0,1,0,7,0,0,0,17,20,1,200,200,7,200,200,200,200
415386,0,30,0,0,0,1,0,7,0,0,0,17,20,1,7,200,1,0,0,200,200
415389,0,30,0,0,0,1,7,5,0,0,0,21,200,2,200,200,200,200,200,200,200
415397,0,30,0,0,0,1,12,5,0,0,0,0,0,0,6,0,0,0,0,200,200
415397,0,30,0,0,0,1,12,5,0,0,0,0,0,0,6,0,0,0,0,200,200
415399,0,30,0,0,0,1,7,2,0,0,0,0,0,2,200,200,200,200,200,200,200
415404,0,30,1,2,0,1,10,2,0,0,0,0,200,1,6,200,0,0,200,200,200
415404,0,30,1,2,0,1,10,2,0,0,0,0,200,1,7,0,0,0,0,200,200
415406,0,30,0,0,0,1,2,6,0,0,0,0,200,2,200,200,200,200,200,200,200
415408,0,30,1,2,0,1,10,5,0,0,0,18,7,1,200,200,0,200,200,200,200
415408,0,30,1,2,0,1,10,5,0,0,0,18,7,0,5,0,3,0,0,200,200
415408,1,30,1,2,0,1,10,5,0,0,0,18,7,1,5,0,200,200,200,200,200
415418,0,30,1,2,0,1,14,5,0,0,0,6,16,1,5,200,5,200,1,200,200
415418,0,30,1,2,0,1,14,5,0,0,0,6,16,0,6,200,0,200,0,200,200
415418,1,30,1,2,0,1,14,5,0,0,0,6,16,1,5,200,200,200,200,200,200
415424,0,30,0,0,0,1,0,7,0,0,0,22,200,1,200,200,1,200,200,200,200
415424,0,30,0,0,0,1,0,7,0,0,0,22,200,1,6,0,6,0,0,200,200
415424,1,30,0,0,0,1,0,7,0,0,0,22,200,0,200,0,200,200,200,200,200
415424,1,30,0,0,0,1,0,7,0,0,0,22,200,0,200,0,200,200,200,200,200
415432,0,30,0,12,0,1,10,5,0,0,0,18,18,1,6,200,3,200,0,200,200
415432,0,30,0,12,0,1,10,5,0,0,0,18,18,0,6,200,0,200,0,200,200
415434,0,40,0,0,0,1,10,3,0,0,0,18,16,0,7,200,3,200,200,200,200
415434,0,40,0,0,0,1,10,3,0,0,0,18,16,1,7,0,0,0,0,200,200
415435,0,25,2,2,0,1,9,5,0,0,0,0,0,0,6,0,1,200,0,200,200
415435,5,25,2,2,0,1,9,5,0,0,0,0,0,0,5,7,200,200,0,200,200
415436,0,30,1,2,0,1,14,5,0,0,200,22,21,0,6,200,0,200,200,200,200
415436,0,30,1,2,0,1,14,5,0,0,200,22,21,0,6,200,0,200,200,200,200
415443,0,30,2,2,0,1,10,2,0,0,200,18,0,0,200,200,3,200,200,200,200
415443,0,30,2,2,0,1,10,2,0,0,200,18,0,1,6,200,0,200,0,200,200
415444,0,30,0,0,200,200,7,6,0,200,200,0,200,2,200,200,200,200,200,200,200
415445,0,30,1,2,0,1,10,5,0,0,0,16,18,0,6,200,3,0,0,200,200
415445,0,30,1,2,0,1,10,5,0,0,0,16,18,1,5,0,0,0,0,200,200
415445,1,30,1,2,0,1,10,5,0,0,0,16,18,0,6,200,200,200,200,200,200
415446,0,30,2,2,0,1,14,5,0,0,0,21,200,1,7,0,12,0,0,200,200
415446,0,30,2,2,0,1,14,5,0,0,0,21,200,1,7,0,12,0,0,200,200
415446,1,30,2,2,0,1,14,5,0,0,0,21,200,1,5,1,200,200,200,200,200
415449,0,30,2,200,0,1,0,5,0,0,200,17,0,1,5,200,1,200,0,200,200
415449,0,30,2,200,0,1,0,5,0,0,200,17,0,0,7,200,0,200,0,200,200
415449,0,30,2,200,0,1,0,5,0,0,200,17,0,0,6,200,0,200,0,200,200
415450,0,30,0,0,0,1,10,6,0,0,0,0,200,0,8,200,3,200,200,200,200
415450,0,30,0,0,0,1,10,6,0,0,0,0,200,0,7,0,0,0,0,200,200
415450,1,30,0,0,0,1,10,6,0,0,0,0,200,0,200,200,200,200,200,200,200
415450,1,30,0,0,0,1,10,6,0,0,0,0,200,0,200,200,200,200,200,200,200
415451,0,30,0,0,0,1,14,5,0,0,200,17,200,1,6,0,1,200,0,200,200
415451,0,30,0,0,0,1,14,5,0,0,200,17,200,0,7,0,0,200,0,200,200
415455,0,30,0,0,0,1,11,5,0,0,0,11,0,0,200,200,12,200,200,200,200
415455,0,30,0,0,0,1,11,5,0,0,0,11,0,1,7,0,12,0,0,200,200
415460,0,30,0,0,0,1,14,2,0,0,0,11,17,0,9,0,1,0,12,200,200
415460,0,30,0,0,0,1,14,2,0,0,0,11,17,0,6,0,0,0,0,200,200
415460,1,30,0,0,0,1,14,2,0,0,0,11,17,0,1,5,200,200,200,200,200
415471,0,30,200,200,200,200,10,200,0,200,200,0,200,1,5,0,200,200,200,200,200
415471,0,30,200,200,200,200,10,200,0,200,200,0,200,0,7,200,200,200,200,200,200
415471,0,30,200,200,200,200,10,200,0,200,200,0,200,0,5,200,200,200,200,200,200
415471,1,30,200,200,200,200,10,200,0,200,200,0,200,1,6,0,200,200,200,200,200
415474,0,30,1,2,0,1,8,5,0,1,0,0,0,0,200,200,200,200,200,200,200
415474,4,30,1,2,0,1,8,5,0,1,0,0,0,0,6,3,0,0,0,200,200
415475,0,30,1,2,0,1,10,5,0,0,0,0,200,0,200,200,200,200,200,200,200
415475,0,30,1,2,0,1,10,5,0,0,0,0,200,1,6,0,0,0,0,200,200
415479,0,30,0,0,0,1,12,2,0,0,0,18,22,0,200,0,3,0,0,200,200
415479,0,30,0,0,0,1,12,2,0,0,0,18,22,1,6,0,0,0,0,200,200
415481,0,30,1,2,0,1,8,2,0,0,0,25,200,0,200,200,1,200,200,200,200
415481,4,30,1,2,0,1,8,2,0,0,0,25,200,1,7,7,0,0,200,200,200
415483,0,30,1,2,0,1,14,5,0,0,0,0,0,1,6,0,7,0,0,200,200
415483,0,30,1,2,0,1,14,5,0,0,0,0,0,0,5,0,0,0,0,200,200
415485,0,30,0,0,0,1,10,5,0,0,0,18,200,0,6,0,3,0,0,200,200
415485,0,30,0,0,0,1,10,5,0,0,0,18,200,1,6,0,0,0,0,200,200
415486,0,0,0,0,0,1,0,7,0,0,0,0,0,1,5,200,200,200,0,200,200
415486,0,0,0,0,0,1,0,7,0,0,0,0,0,0,7,200,0,200,0,200,200
415486,1,0,0,0,0,1,0,7,0,0,0,0,0,1,4,200,200,200,200,200,200
415487,0,30,1,2,0,1,10,5,0,0,0,18,16,0,5,200,3,200,0,200,200
415487,0,30,1,2,0,1,10,5,0,0,0,18,16,0,6,0,0,0,0,200,200
415491,0,30,0,0,0,1,2,0,0,0,0,25,200,0,3,200,13,0,0,200,200
415492,0,30,0,0,0,1,7,5,0,0,0,0,200,2,200,200,200,200,200,200,200
415493,0,30,0,200,0,1,14,2,0,0,200,17,0,0,6,7,1,0,0,200,200
415493,0,30,0,200,0,1,14,2,0,0,200,17,0,0,6,3,0,0,0,200,200
415493,1,30,0,200,0,1,14,2,0,0,200,17,0,1,5,0,200,200,200,200,200
415493,1,30,0,200,0,1,14,2,0,0,200,17,0,200,200,0,200,200,200,200,200
415494,0,30,200,200,0,1,10,5,0,0,200,0,0,1,5,0,200,200,200,200,200
415494,0,30,200,200,0,1,10,5,0,0,200,0,0,1,5,7,0,200,200,200,200
415494,0,30,200,200,0,1,10,5,0,0,200,0,0,1,6,0,0,200,200,200,200
415502,0,30,0,0,0,1,14,2,0,0,0,17,21,1,6,0,1,1,0,200,200
415502,0,30,0,0,0,1,14,2,0,0,0,17,21,0,7,0,4,200,0,200,200
415506,0,30,0,0,0,1,7,2,0,0,0,0,200,0,6,200,200,0,200,200,200
415507,0,30,1,2,0,1,10,5,1,0,0,18,0,1,8,0,3,0,0,200,200
415507,0,30,1,2,0,1,10,5,1,0,0,18,0,0,7,0,0,0,0,200,200
415507,0,30,1,2,0,1,10,5,1,0,0,18,0,1,7,0,0,0,0,200,200
415507,1,30,1,2,0,1,10,5,1,0,0,18,0,1,7,0,200,200,200,200,200
415513,4,30,2,0,0,1,8,2,0,0,200,5,0,0,6,200,5,200,0,200,200
415513,0,30,2,0,0,1,8,2,0,0,200,5,0,0,6,200,0,200,0,200,200
415516,0,30,0,0,0,1,12,5,0,0,0,17,200,0,200,200,1,200,200,200,200
415516,0,30,0,0,0,1,12,5,0,0,0,17,200,0,7,0,0,0,0,200,200
415517,0,30,1,2,0,1,10,6,0,0,0,0,200,0,6,200,200,0,0,200,200
415517,0,30,1,2,0,1,10,6,0,0,0,0,200,0,6,200,0,0,0,200,200
415519,0,30,0,0,0,1,7,5,0,0,0,0,200,2,200,200,200,200,200,200,200
415522,0,30,0,200,0,1,0,7,0,0,200,16,0,0,200,200,1,200,0,200,200
415522,0,30,0,200,0,1,0,7,0,0,200,16,0,0,6,200,0,200,0,200,200
415524,0,10,0,0,0,1,7,7,0,0,0,20,200,0,6,200,6,0,0,200,200
415528,0,30,200,200,200,200,2,3,0,200,200,200,200,0,200,200,200,200,200,200,200
415529,0,30,0,0,0,1,7,6,0,0,0,22,200,0,5,0,2,0,0,200,200
415532,0,30,0,0,0,1,7,5,0,0,0,0,0,2,200,200,200,200,200,200,200
415538,0,30,0,0,0,1,10,2,0,0,0,0,0,0,6,200,200,200,200,200,200
415538,0,30,0,0,0,1,10,2,0,0,0,0,0,1,6,0,0,0,0,200,200
415540,0,30,1,2,0,1,10,5,0,0,0,18,200,0,6,0,3,0,0,200,200
415540,0,30,1,2,0,1,10,5,0,0,0,18,200,0,7,0,0,0,0,200,200
415542,4,30,0,0,0,1,8,3,0,0,0,25,200,0,7,7,9,0,0,200,200
415542,0,30,0,0,0,1,8,3,0,0,0,25,200,0,7,200,0,0,0,200,200
415543,0,25,2,2,0,1,14,5,0,0,0,17,11,1,5,0,1,0,0,200,200
415543,0,25,2,2,0,1,14,5,0,0,0,17,11,0,6,0,12,0,0,200,200
415545,0,30,1,2,0,1,14,5,0,0,0,23,200,0,200,200,7,200,200,200,200
415545,0,30,1,2,0,1,14,5,0,0,0,23,200,0,7,0,0,0,0,200,200
415552,0,30,1,2,0,1,14,6,0,0,0,23,200,1,7,0,7,0,0,200,200
415552,0,30,1,2,0,1,14,6,0,0,0,23,200,0,5,3,200,0,0,200,200
415554,0,30,200,200,200,200,0,200,0,200,200,0,200,0,5,200,200,200,200,200,200
415554,0,30,200,200,200,200,0,200,0,200,200,0,200,1,8,0,200,200,200,200,200
415554,1,30,200,200,200,200,0,200,0,200,200,0,200,0,200,200,200,200,200,200,200
415554,1,30,200,200,200,200,0,200,0,200,200,0,200,1,8,0,200,200,200,200,200
415555,0,30,0,0,0,1,10,5,0,0,0,18,0,1,200,200,3,200,200,200,200
415555,0,30,0,0,0,1,10,5,0,0,0,18,0,1,6,0,0,0,0,200,200
415556,0,30,0,0,0,1,10,5,2,0,0,0,0,0,200,200,200,200,200,200,200
415556,0,30,0,0,0,1,10,5,2,0,0,0,0,0,7,0,0,0,0,200,200
415558,0,30,0,0,0,1,12,5,0,0,0,20,200,1,5,0,6,0,0,200,200
415561,0,30,2,2,0,1,12,5,0,0,0,22,21,0,200,200,2,200,200,200,200
415561,0,30,2,2,0,1,12,5,0,0,0,22,21,1,6,0,0,0,0,200,200
415564,0,30,0,0,0,4,14,5,0,0,0,17,16,0,6,0,1,0,0,200,200
415564,0,30,0,0,0,4,14,5,0,0,0,17,16,1,7,0,0,0,0,200,200
415564,1,30,0,0,0,4,14,5,0,0,0,17,16,0,200,0,200,200,200,200,200
415566,0,35,0,0,0,1,0,2,0,0,0,17,0,0,9,0,1,0,0,200,200
415566,0,35,0,0,0,1,0,2,0,0,0,17,0,1,6,0,0,0,0,200,200
415567,5,25,0,0,0,1,9,6,0,0,0,0,0,0,1,7,12,5,0,200,200
415567,0,25,0,0,0,1,9,6,0,0,0,0,0,0,5,0,200,0,0,200,200
415567,1,25,0,0,0,1,9,6,0,0,0,0,0,1,5,0,200,200,200,200,200
415567,1,25,0,0,0,1,9,6,0,0,0,0,0,1,200,0,200,200,200,200,200
415572,0,30,0,0,200,200,7,6,0,200,200,0,200,2,200,200,200,200,200,200,200
415576,0,30,2,2,0,1,7,6,0,0,0,12,12,0,8,0,12,0,0,200,200
415576,1,30,2,2,0,1,7,6,0,0,0,12,12,1,8,0,200,200,200,200,200
415577,0,30,6,0,0,1,12,2,0,0,0,0,200,0,5,7,0,0,0,200,200
415577,0,30,6,0,0,1,12,2,0,0,0,0,200,0,7,7,0,0,0,200,200
415580,0,30,0,0,0,1,12,5,0,0,0,22,22,0,5,200,2,200,200,200,200
415580,0,30,0,0,0,1,12,5,0,0,0,22,22,1,8,0,0,0,0,200,200
415580,1,30,0,0,0,1,12,5,0,0,0,22,22,1,200,0,200,200,200,200,200
415580,1,30,0,0,0,1,12,5,0,0,0,22,22,0,8,0,200,200,200,200,200
415588,0,30,0,0,0,4,14,2,0,0,0,0,0,0,5,0,0,0,0,200,200
415588,0,30,0,0,0,4,14,2,0,0,0,0,0,1,4,0,0,0,0,200,200
415588,1,30,0,0,0,4,14,2,0,0,0,0,0,1,2,0,200,200,200,200,200
415597,0,30,0,0,0,3,7,5,0,0,0,200,200,2,200,200,200,200,200,200,200
415600,0,30,1,2,0,1,14,5,0,0,0,23,200,1,5,0,4,0,0,200,200
415600,0,30,1,2,0,1,14,5,0,0,0,23,200,1,5,0,0,0,0,200,200
415601,0,30,1,2,200,1,10,5,0,200,0,16,0,0,6,200,1,200,200,200,200
415601,0,30,1,2,200,1,10,5,0,200,0,16,0,0,6,0,0,200,0,200,200
415615,4,30,0,0,0,1,8,2,0,0,0,0,200,0,200,200,200,200,200,200,200
415615,0,30,0,0,0,1,8,2,0,0,0,0,200,0,6,0,200,0,200,200,200
415632,0,30,0,0,0,3,14,2,0,0,0,23,23,1,3,0,7,0,0,200,200
415632,0,30,0,0,0,3,14,2,0,0,0,23,23,1,6,0,0,0,0,200,200
415632,1,30,0,0,0,3,14,2,0,0,0,23,23,0,200,0,200,200,200,200,200
415632,1,30,0,0,0,3,14,2,0,0,0,23,23,1,4,0,200,200,200,200,200
415632,1,30,0,0,0,3,14,2,0,0,0,23,23,0,200,0,200,200,200,200,200
415634,0,45,0,0,0,4,14,2,0,0,0,23,21,0,4,0,7,0,0,200,200
415634,0,45,0,0,0,4,14,2,0,0,0,23,21,1,5,0,0,0,0,200,200
415634,0,45,0,0,0,4,14,2,0,0,0,23,21,0,6,0,0,0,0,200,200
415634,1,45,0,0,0,4,14,2,0,0,0,23,21,0,4,0,200,200,200,200,200
415634,1,45,0,0,0,4,14,2,0,0,0,23,21,0,4,0,200,200,200,200,200
415636,0,35,0,0,0,0,10,5,0,0,0,18,18,0,6,0,3,200,0,200,200
415636,0,35,0,0,0,0,10,5,0,0,0,18,18,1,7,0,0,0,0,200,200
415636,1,35,0,0,0,0,10,5,0,0,0,18,18,0,8,0,200,200,200,200,200
415645,0,30,1,2,0,3,14,5,0,0,0,7,200,1,5,200,200,200,0,200,200
415645,0,30,1,2,0,3,14,5,0,0,0,7,200,0,7,3,0,0,0,200,200
415651,0,30,9,2,0,1,10,2,0,0,0,14,18,0,200,200,8,200,200,200,200
415651,0,30,9,2,0,1,10,2,0,0,0,14,18,1,6,0,0,0,0,200,200
415659,0,30,1,2,0,4,10,5,0,0,0,18,11,0,6,200,3,0,0,200,200
415659,0,30,1,2,0,4,10,5,0,0,0,18,11,1,6,0,3,0,0,200,200
415659,1,30,1,2,0,4,10,5,0,0,0,18,11,0,1,0,200,200,200,200,200
415681,0,30,1,2,0,3,10,5,0,0,0,0,200,2,200,200,200,200,200,200,200
415681,0,30,1,2,0,3,10,5,0,0,0,0,200,1,6,200,0,0,0,200,200
415683,0,30,0,0,2,1,10,3,0,1,0,7,34,0,6,200,3,4,200,200,200
415683,0,30,0,0,2,1,10,3,0,1,0,7,34,1,5,0,0,4,200,200,200
415683,0,30,0,0,2,1,10,3,0,1,0,7,34,0,200,200,0,200,200,200,200
415688,0,30,1,2,0,1,10,5,0,0,0,18,200,0,6,200,3,200,200,200,200
415688,0,30,1,2,0,1,10,5,0,0,0,18,200,1,7,0,0,0,0,200,200
415698,0,30,0,0,0,4,10,3,0,0,0,0,0,0,200,200,200,200,200,200,200
415698,0,30,0,0,0,4,10,3,0,0,0,0,0,1,200,200,200,200,200,200,200
415698,0,30,0,0,0,4,10,3,0,0,0,0,0,1,6,200,0,0,0,200,200
415700,0,30,1,2,0,3,14,2,0,0,0,23,23,0,6,0,7,0,0,200,200
415700,0,30,1,2,0,3,14,2,0,0,0,23,23,1,4,200,12,0,0,200,200
415702,0,30,1,2,0,3,10,5,0,0,0,18,0,0,6,0,3,0,0,200,200
415702,0,30,1,2,0,3,10,5,0,0,0,18,0,1,6,0,12,0,0,200,200
415709,0,30,0,0,0,1,12,6,0,0,0,21,16,0,6,200,4,200,200,200,200
415709,0,30,0,0,0,1,12,6,0,0,0,21,16,1,6,0,0,0,0,200,200
415711,0,30,1,2,0,3,12,5,0,0,0,22,200,1,5,0,4,0,0,200,200
415711,0,30,1,2,0,3,12,5,0,0,0,22,200,0,200,0,0,0,0,200,200
415715,0,30,0,0,0,1,7,7,0,0,0,0,0,0,200,200,200,200,200,200,200
415734,0,45,0,0,0,1,10,3,0,0,0,18,0,1,0,200,3,200,200,200,200
415734,0,45,0,0,0,1,10,3,0,0,0,18,0,0,7,0,0,0,0,200,200
415745,0,30,1,2,2,3,12,5,0,1,0,21,200,0,5,0,4,0,0,200,200
415745,0,30,1,2,2,3,12,5,0,1,0,21,200,0,6,0,0,0,0,200,200
415750,0,30,1,2,0,3,12,2,0,0,0,22,0,0,6,0,200,200,0,200,200
415750,0,30,1,2,0,3,12,2,0,0,0,22,0,0,200,200,2,200,200,200,200
415750,1,30,1,2,0,3,12,2,0,0,0,22,0,0,3,0,200,200,200,200,200
415750,1,30,1,2,0,3,12,2,0,0,0,22,0,0,2,0,200,200,200,200,200
415763,0,30,1,2,0,3,0,5,0,0,0,16,17,1,7,0,1,200,0,200,200
415763,0,30,1,2,0,3,0,5,0,0,0,16,17,1,6,0,200,200,0,200,200
415763,1,30,1,2,0,3,0,5,0,0,0,16,17,0,6,0,200,200,200,200,200
415767,0,30,0,0,0,4,14,2,0,0,3,11,11,1,6,200,7,200,200,200,200
415767,0,30,0,0,0,4,14,2,0,0,3,11,11,1,6,0,12,200,0,200,200
415770,0,30,0,0,0,1,10,5,0,0,0,0,200,0,6,0,200,0,0,200,200
415770,0,30,0,0,0,1,10,5,0,0,0,0,200,1,6,0,0,0,0,200,200
415772,0,30,0,0,0,3,7,6,0,0,0,25,27,1,5,0,12,200,1,200,200
415775,0,30,2,2,2,1,0,5,0,1,0,17,200,1,5,0,1,0,0,200,200
415775,0,30,2,2,2,1,0,5,0,1,0,17,200,0,8,0,0,0,0,200,200
415776,0,30,1,200,0,1,10,5,0,0,200,18,11,0,200,200,3,200,200,200,200
415776,0,30,1,200,0,1,10,5,0,0,200,18,11,0,7,200,0,0,0,200,200
415776,0,30,1,200,0,1,10,5,0,0,200,18,11,0,200,200,0,0,0,200,200
415791,0,30,1,2,0,3,8,2,0,0,0,17,200,1,6,200,1,0,0,200,200
415791,4,30,1,2,0,3,8,2,0,0,0,17,200,0,4,2,12,0,0,200,200
415795,0,55,0,0,0,3,4,12,2,0,0,12,200,0,5,0,0,0,0,200,200
415795,1,55,0,0,0,3,4,12,2,0,0,12,200,0,5,0,200,200,200,200,200
415797,0,30,0,0,0,1,7,6,0,0,0,0,0,2,200,200,200,200,200,200,200
415809,0,35,0,2,0,4,14,5,0,0,0,16,7,0,6,200,12,0,200,200,200
415809,0,35,0,2,0,4,14,5,0,0,0,16,7,1,5,0,0,0,0,200,200
415810,5,30,2,2,0,3,9,5,0,0,0,19,200,0,8,7,0,0,3,200,200
415810,0,30,2,2,0,3,9,5,0,0,0,19,200,0,6,0,12,0,0,200,200
415812,0,30,2,2,0,0,10,5,0,0,0,18,200,0,7,200,3,200,200,200,200
415812,0,30,2,2,0,0,10,5,0,0,0,18,200,0,7,200,0,200,200,200,200
415812,1,30,2,2,0,0,10,5,0,0,0,18,200,0,7,200,200,200,200,200,200
415812,1,30,2,2,0,0,10,5,0,0,0,18,200,0,6,7,200,200,200,200,200
415819,0,30,1,2,0,3,14,2,0,0,0,18,0,0,200,200,3,200,200,200,200
415819,0,30,1,2,0,3,14,2,0,0,0,18,0,1,5,0,0,0,0,200,200
415820,0,30,1,2,0,3,0,3,0,0,0,6,14,0,5,0,0,0,0,200,200
415820,0,30,1,2,0,3,0,3,0,0,0,6,14,0,200,200,5,200,200,200,200