RD_NO,PERSON_TYPE,POSTED_SPEED_LIMIT,TRAFFIC_CONTROL_DEVICE,DEVICE_CONDITION,WEATHER_CONDITION,LIGHTING_CONDITION,FIRST_CRASH_TYPE,TRAFFICWAY_TYPE,ALIGNMENT,ROADWAY_SURFACE_COND,ROAD_DEFECT,PRIM_CONTRIBUTORY_CAUSE,SEC_CONTRIBUTORY_CAUSE,SEX,AGE,SAFETY_EQUIPMENT,DRIVER_ACTION,DRIVER_VISION,PHYSICAL_CONDITION,BAC_RESULT VALUE,CELL_PHONE_USE
415820,1,30,1,2,0,3,0,3,0,0,0,6,14,200,200,200,200,200,200,200,200
415820,1,30,1,2,0,3,0,3,0,0,0,6,14,200,200,200,200,200,200,200,200
415820,1,30,1,2,0,3,0,3,0,0,0,6,14,200,200,200,200,200,200,200,200
415822,0,10,0,0,0,3,7,12,0,0,0,200,200,2,200,200,200,200,200,200,200
415836,0,30,0,0,0,4,10,2,0,200,200,14,0,0,5,200,8,200,200,200,200
415836,0,30,0,0,0,4,10,2,0,200,200,14,0,0,6,200,0,0,200,200,200
415841,0,30,0,0,0,0,7,5,0,200,200,22,21,0,6,200,2,200,200,200,200
415843,0,30,0,0,0,3,12,5,0,0,0,20,19,0,5,0,0,0,0,200,200
415843,0,30,0,0,0,3,12,5,0,0,0,20,19,0,200,200,6,200,200,200,200
415843,1,30,0,0,0,3,12,5,0,0,0,20,19,0,5,200,200,200,200,200,200
415843,1,30,0,0,0,3,12,5,0,0,0,20,19,200,5,200,200,200,200,200,200
415847,0,30,2,2,0,3,0,2,0,0,0,17,200,1,5,0,200,0,0,200,200
415847,0,30,2,2,0,3,0,2,0,0,0,17,200,0,5,0,200,0,0,200,200
415853,0,30,0,0,0,3,7,2,0,0,0,0,200,1,6,200,200,0,0,200,200
415858,0,30,1,2,0,1,14,2,0,0,0,23,200,1,200,200,7,200,200,200,200
415858,0,30,1,2,0,1,14,2,0,0,0,23,200,0,7,0,0,0,0,200,200
415864,0,25,0,0,0,3,10,6,0,0,0,20,20,0,5,200,6,200,0,200,200
415864,0,25,0,0,0,3,10,6,0,0,0,20,20,0,6,200,200,200,0,200,200
415864,1,25,0,0,0,3,10,6,0,0,0,20,20,200,200,200,200,200,200,200,200
415864,1,25,0,0,0,3,10,6,0,0,0,20,20,0,200,200,200,200,200,200,200
415874,0,30,1,2,0,0,0,5,0,0,0,17,200,2,200,200,1,200,200,200,200
415874,0,30,1,2,0,0,0,5,0,0,0,17,200,0,6,0,0,0,0,200,200
415875,0,25,0,0,0,3,0,0,0,0,0,17,0,0,7,200,1,200,0,200,200
415875,0,25,0,0,0,3,0,0,0,0,0,17,0,1,200,200,0,200,200,200,200
415880,0,30,2,2,0,3,2,2,0,0,0,14,21,0,6,0,8,0,0,200,200
415890,0,30,0,0,0,3,7,5,0,0,0,32,16,0,5,200,12,200,5,200,200
415890,1,30,0,0,0,3,7,5,0,0,0,32,16,0,6,0,200,200,200,200,200
415896,0,30,4,2,0,3,12,5,0,0,0,0,0,0,200,200,4,200,200,200,200
415896,0,30,4,2,0,3,12,5,0,0,0,0,0,0,6,0,0,0,0,200,200
415896,1,30,4,2,0,3,12,5,0,0,0,0,0,0,200,200,200,200,200,200,200
415896,1,30,4,2,0,3,12,5,0,0,0,0,0,0,200,200,200,200,200,200,200
415896,1,30,4,2,0,3,12,5,0,0,0,0,0,1,5,0,200,200,200,200,200
415922,0,30,1,2,0,3,10,5,0,0,0,18,16,1,5,200,3,200,200,200,200
415941,0,30,0,0,0,3,0,5,0,0,0,0,0,0,200,200,1,200,200,200,200
415941,0,30,0,0,0,3,0,5,0,0,0,0,0,1,7,0,0,0,0,200,200
415947,0,30,0,0,0,0,2,12,0,0,0,25,14,2,200,200,12,200,200,200,200
415958,0,30,0,0,0,3,2,2,0,0,0,200,200,1,4,0,200,200,200,200,200
415959,0,30,1,2,0,3,10,5,0,0,0,0,0,1,6,200,200,200,200,200,200
415959,0,30,1,2,0,3,10,5,0,0,0,0,0,0,5,0,0,0,0,200,200
415961,0,25,0,0,0,3,7,6,0,0,0,20,0,0,6,200,6,200,5,200,200
415975,0,25,0,0,0,3,7,6,0,0,0,20,200,2,200,200,6,200,200,200,200
415993,0,15,0,0,0,1,0,12,0,0,0,5,5,0,5,0,5,0,0,200,200
415993,0,15,0,0,0,1,0,12,0,0,0,5,5,0,6,0,0,0,0,200,200
416001,0,35,0,0,0,1,14,5,0,0,0,23,17,1,5,200,7,200,12,200,200
416001,0,35,0,0,0,1,14,5,0,0,0,23,17,0,5,200,200,200,0,200,200
416008,0,30,1,2,0,1,14,6,0,0,0,4,21,1,6,200,12,200,0,200,200
416008,0,30,1,2,0,1,14,6,0,0,0,4,21,0,6,200,12,200,0,200,200
416027,0,30,2,0,0,1,10,5,0,0,0,20,0,1,7,0,0,0,0,200,200
416027,0,30,2,0,0,1,10,5,0,0,0,20,0,0,200,200,6,200,200,200,200
416042,0,30,0,0,0,1,10,2,0,0,0,16,18,0,6,0,3,0,0,200,200
416042,0,30,0,0,0,1,10,2,0,0,0,16,18,0,5,0,0,0,0,200,200
416043,0,30,1,2,0,3,14,6,0,0,0,23,200,0,0,0,7,0,0,200,200
416043,0,30,1,2,0,3,14,6,0,0,0,23,200,0,0,0,0,0,0,200,200
416050,0,30,1,2,0,1,14,12,0,0,0,17,0,2,7,0,0,0,0,200,200
416050,0,30,1,2,0,1,14,12,0,0,0,17,0,0,6,0,1,200,0,200,200
416053,0,30,0,0,0,1,7,5,0,0,3,33,11,1,4,200,0,6,0,200,200
416059,0,30,1,2,0,1,14,12,0,0,0,17,17,0,6,0,0,0,0,200,200
416059,0,30,1,2,0,1,14,12,0,0,0,17,17,0,7,0,1,0,0,200,200
416063,0,30,1,2,0,1,12,2,2,0,0,27,200,1,200,200,1,200,200,200,200
416063,0,30,1,2,0,1,12,2,2,0,0,27,200,0,6,0,0,0,0,200,200
416067,0,30,0,0,0,1,7,6,0,0,0,8,200,0,4,0,12,0,0,200,200
416068,0,35,2,2,0,1,0,2,0,0,0,0,0,0,5,0,200,0,0,200,200
416068,0,35,2,2,0,1,0,2,0,0,0,0,0,1,6,0,200,0,0,200,200
416069,0,30,1,2,0,1,12,1,0,0,0,22,200,0,5,200,200,200,0,200,200
416069,0,30,1,2,0,1,12,1,0,0,0,22,200,1,7,0,200,0,0,200,200
416075,0,30,0,0,0,1,12,5,0,0,0,21,0,0,5,7,4,1,0,200,200
416075,0,30,0,0,0,1,12,5,0,0,0,21,0,0,6,0,0,0,0,200,200
416078,1,30,2,2,0,1,10,5,0,0,0,18,0,0,200,200,200,200,200,200,200
416078,0,30,2,2,0,1,10,5,0,0,0,18,0,0,5,0,3,0,0,200,200
416078,0,30,2,2,0,1,10,5,0,0,0,18,0,0,7,0,12,0,0,200,200
416078,1,30,2,2,0,1,10,5,0,0,0,18,0,0,200,200,200,200,200,200,200
416078,1,30,2,2,0,1,10,5,0,0,0,18,0,0,200,200,200,200,200,200,200
416078,1,30,2,2,0,1,10,5,0,0,0,18,0,0,200,200,200,200,200,200,200
416078,1,30,2,2,0,1,10,5,0,0,0,18,0,0,200,200,200,200,200,200,200
416078,1,30,2,2,0,1,10,5,0,0,0,18,0,0,200,200,200,200,200,200,200
416082,0,25,0,0,0,1,7,12,0,0,0,200,200,0,6,200,200,200,200,200,200
416085,0,30,0,0,0,1,7,5,0,0,0,23,200,0,5,0,7,0,0,200,200
416086,0,30,1,1,0,1,8,5,0,0,0,16,33,1,6,0,1,6,0,200,200
416086,4,30,1,1,0,1,8,5,0,0,0,16,33,0,5,2,0,0,0,200,200
416089,0,30,0,0,0,1,10,6,0,0,0,16,200,0,8,200,12,200,0,200,200
416089,0,30,0,0,0,1,10,6,0,0,0,16,200,0,6,200,0,200,0,200,200
416089,1,30,0,0,0,1,10,6,0,0,0,16,200,1,200,200,200,200,200,200,200
416089,1,30,0,0,0,1,10,6,0,0,0,16,200,0,3,200,200,200,200,200,200
416090,0,0,0,0,0,1,2,12,0,0,0,200,200,0,7,0,0,0,0,200,200
416099,0,30,0,0,0,1,10,5,0,0,0,16,200,1,0,0,8,0,0,200,200
416099,0,30,0,0,0,1,10,5,0,0,0,16,200,0,6,0,0,0,0,200,200
416099,0,30,0,0,0,1,10,5,0,0,0,16,200,1,6,7,0,0,0,200,200
416099,0,30,0,0,0,1,10,5,0,0,0,16,200,1,4,0,0,0,0,200,200
416102,0,25,0,0,0,1,11,5,0,0,0,20,200,0,5,0,6,0,0,200,200
416102,0,25,0,0,0,1,11,5,0,0,0,20,200,1,7,0,0,0,0,200,200
416109,0,30,1,1,0,3,0,12,0,0,0,17,17,0,5,200,1,200,200,200,200
416109,0,30,1,1,0,3,0,12,0,0,0,17,17,0,8,0,0,0,0,200,200
416121,0,30,1,2,0,1,12,2,0,0,0,0,0,2,200,200,200,200,200,200,200
416121,0,30,1,2,0,1,12,2,0,0,0,0,0,1,5,0,0,0,0,200,200
416141,0,25,0,0,0,1,7,5,0,0,0,17,200,0,5,0,200,0,0,200,200
416146,0,35,1,2,0,1,14,3,0,0,0,0,0,1,8,200,200,0,0,200,200
416146,0,35,1,2,0,1,14,3,0,0,0,0,0,0,6,200,200,0,0,200,200
416148,0,30,2,2,0,1,0,12,0,0,0,0,0,1,6,0,200,0,0,200,200
416148,0,30,2,2,0,1,0,12,0,0,0,0,0,1,6,0,200,0,0,200,200
416152,0,30,0,0,0,1,14,1,0,0,0,0,200,0,6,0,0,0,0,200,200
416152,0,30,0,0,0,1,14,1,0,0,0,0,200,0,6,0,0,0,0,200,200
416159,0,30,1,2,0,1,10,1,0,0,0,18,200,0,5,200,3,200,200,200,200
416159,0,30,1,2,0,1,10,1,0,0,0,18,200,0,5,0,0,0,0,200,200
416160,0,40,0,0,0,1,10,3,0,0,0,16,17,0,5,0,8,0,0,200,200
416160,0,40,0,0,0,1,10,3,0,0,0,16,17,0,6,0,1,0,0,200,200
416163,0,15,0,0,0,1,7,6,0,0,0,0,200,2,200,200,200,200,200,200,200
416177,0,30,0,0,0,1,10,7,0,0,0,20,200,0,9,200,6,0,0,200,200
416177,0,30,0,0,0,1,10,7,0,0,0,20,200,1,6,200,0,0,0,200,200
416178,0,30,0,1,0,0,14,2,0,0,0,23,0,0,8,200,1,0,200,200,200
416178,0,30,0,1,0,0,14,2,0,0,0,23,0,1,6,200,0,0,200,200,200
416183,0,25,0,0,0,1,14,5,0,0,0,23,0,0,5,0,7,0,0,200,200
416183,0,25,0,0,0,1,14,5,0,0,0,23,0,1,7,0,0,0,0,200,200
416190,0,15,0,0,0,1,12,6,0,0,0,17,200,0,4,0,1,0,0,200,200
416190,0,15,0,0,0,1,12,6,0,0,0,17,200,1,6,0,0,0,0,200,200
416192,0,30,1,2,0,1,14,2,0,0,0,0,200,1,6,0,1,0,200,200,200
416192,0,30,1,2,0,1,14,2,0,0,0,0,200,1,9,0,0,0,200,200,200
416192,1,30,1,2,0,1,14,2,0,0,0,0,200,0,9,0,200,200,200,200,200
416195,0,30,1,2,0,1,14,12,0,0,0,17,200,1,5,200,7,0,0,200,200
416195,0,30,1,2,0,1,14,12,0,0,0,17,200,0,4,200,0,0,0,200,200
416201,0,30,0,0,0,1,12,5,0,0,200,0,0,1,7,200,4,200,0,200,200
416201,0,30,0,0,0,1,12,5,0,0,200,0,0,1,7,200,0,200,0,200,200
416202,0,30,1,2,0,1,14,5,0,0,0,17,16,1,7,0,1,1,0,200,200
416202,0,30,1,2,0,1,14,5,0,0,0,17,16,0,6,0,12,1,0,200,200
416203,0,30,1,2,0,3,14,5,0,0,0,21,0,0,5,200,4,200,200,200,200
416203,0,30,1,2,0,3,14,5,0,0,0,21,0,0,5,0,0,0,0,200,200
416203,1,30,1,2,0,3,14,5,0,0,0,21,0,200,200,0,200,200,200,200,200
416205,0,25,0,0,0,1,7,7,0,0,0,0,200,0,7,0,6,0,0,200,200
416207,0,30,0,0,200,200,7,5,0,0,0,17,17,2,200,200,200,200,200,200,200
416208,0,35,1,2,0,1,10,3,0,0,200,0,0,0,6,200,0,0,0,200,200
416208,0,35,1,2,0,1,10,3,0,0,200,0,0,0,7,200,200,200,2,200,200
416208,1,35,1,2,0,1,10,3,0,0,200,0,0,0,8,200,200,200,200,200,200
416210,0,30,0,0,0,1,12,2,0,0,0,22,200,0,4,0,4,0,0,200,200
416210,0,30,0,0,0,1,12,2,0,0,0,22,200,1,5,0,0,0,0,200,200
416216,0,30,0,0,0,1,0,6,0,0,0,2,2,0,200,200,1,0,0,200,200
416216,0,30,0,0,0,1,0,6,0,0,0,2,2,0,5,0,0,0,0,200,200
416217,0,15,0,0,0,1,3,0,0,0,0,0,0,1,200,200,0,0,0,200,200
416217,0,15,0,0,0,1,3,0,0,0,0,0,0,0,5,0,0,0,0,200,200
416217,0,15,0,0,0,1,3,0,0,0,0,0,0,0,7,200,0,0,0,200,200
416217,1,15,0,0,0,1,3,0,0,0,0,0,0,2,200,200,200,200,200,200,200
416217,1,15,0,0,0,1,3,0,0,0,0,0,0,2,200,200,200,200,200,200,200
416217,1,15,0,0,0,1,3,0,0,0,0,0,0,2,200,200,200,200,200,200,200
416217,1,15,0,0,0,1,3,0,0,0,0,0,0,1,5,0,200,200,200,200,200
416221,0,30,1,2,0,1,14,5,0,0,0,22,16,0,6,200,2,0,0,200,200
416221,0,30,1,2,0,1,14,5,0,0,0,22,16,0,6,200,12,0,0,200,200
416226,0,30,0,0,0,1,7,3,0,0,0,200,200,1,6,0,0,0,0,200,200
416227,0,30,0,0,200,1,12,5,0,200,0,0,0,0,5,200,200,200,200,200,200
416227,0,30,0,0,200,1,12,5,0,200,0,0,0,0,6,0,0,0,0,200,200
416229,0,25,0,200,0,1,12,7,0,200,200,16,200,0,9,200,12,200,0,200,200
416229,0,25,0,200,0,1,12,7,0,200,200,16,200,0,5,200,200,200,0,200,200
416231,0,15,0,2,0,1,0,0,0,0,0,17,17,2,200,200,1,200,200,200,200
416231,0,15,0,2,0,1,0,0,0,0,0,17,17,0,6,0,0,0,0,200,200
416231,1,15,0,2,0,1,0,0,0,0,0,17,17,2,200,200,200,200,200,200,200
416231,1,15,0,2,0,1,0,0,0,0,0,17,17,1,200,0,200,200,200,200,200
416232,0,45,0,0,0,1,12,12,0,0,0,21,22,0,200,200,7,200,200,200,200
416232,0,45,0,0,0,1,12,12,0,0,0,21,22,0,7,200,200,0,0,200,200
416235,0,30,0,0,0,3,7,5,0,0,0,25,0,2,200,200,200,200,200,200,200
416237,0,30,1,2,0,1,14,5,0,0,0,21,200,0,200,200,4,200,200,200,200
416237,0,30,1,2,0,1,14,5,0,0,0,21,200,1,200,0,0,0,0,200,200
416237,1,30,1,2,0,1,14,5,0,0,0,21,200,0,3,0,200,200,200,200,200
416237,1,30,1,2,0,1,14,5,0,0,0,21,200,0,3,0,200,200,200,200,200
416253,5,30,1,2,0,1,9,6,0,0,0,2,200,1,200,7,1,200,200,200,200
416253,0,30,1,2,0,1,9,6,0,0,0,2,200,0,6,200,0,0,0,200,200
416254,0,20,0,0,0,1,12,6,0,0,0,0,0,0,5,200,200,200,200,200,200
416254,0,20,0,0,0,1,12,6,0,0,0,0,0,1,5,0,0,0,0,200,200
416254,1,20,0,0,0,1,12,6,0,0,0,0,0,2,200,200,200,200,200,200,200
416254,1,20,0,0,0,1,12,6,0,0,0,0,0,2,200,200,200,200,200,200,200
416264,0,30,0,0,0,1,12,2,0,0,0,0,0,1,5,0,200,0,0,200,200
416264,0,30,0,0,0,1,12,2,0,0,0,0,0,1,200,200,12,200,200,200,200
416264,1,30,0,0,0,1,12,2,0,0,0,0,0,1,200,0,200,200,200,200,200
416264,1,30,0,0,0,1,12,2,0,0,0,0,0,1,200,5,200,200,200,200,200
416267,0,30,1,2,0,1,0,5,0,0,0,0,0,1,8,0,200,200,0,200,200
416267,0,30,1,2,0,1,0,5,0,0,0,0,0,0,6,0,200,0,0,200,200
416269,4,30,0,0,0,1,8,2,0,0,0,16,21,0,5,3,1,0,0,200,200
416269,0,30,0,0,0,1,8,2,0,0,0,16,21,0,7,0,0,0,0,200,200
416273,0,30,0,0,0,1,12,6,0,0,0,0,200,1,4,0,7,200,0,200,200
416273,0,30,0,0,0,1,12,6,0,0,0,0,200,1,5,0,0,0,0,200,200
416276,0,30,0,0,0,1,7,6,0,0,0,0,0,0,6,0,200,0,0,200,200
416278,0,25,0,0,2,1,10,5,0,1,0,18,18,0,200,200,3,200,200,200,200
416278,0,25,0,0,2,1,10,5,0,1,0,18,18,0,6,0,0,0,0,200,200
416280,0,30,0,0,0,1,12,5,0,0,0,17,200,0,200,200,1,200,200,200,200
416280,0,30,0,0,0,1,12,5,0,0,0,17,200,0,6,0,0,0,0,200,200
416285,0,20,0,0,0,1,2,0,0,0,0,20,200,1,7,200,6,0,0,200,200
416298,0,30,0,0,0,1,12,5,0,0,0,22,17,1,200,200,2,200,200,200,200
416298,0,30,0,0,0,1,12,5,0,0,0,22,17,0,6,0,0,0,0,200,200
416305,0,30,1,2,0,1,14,3,2,0,0,0,0,1,8,0,200,0,0,200,200
416305,0,30,1,2,0,1,14,3,2,0,0,0,0,0,7,0,0,0,0,200,200
416310,0,30,1,2,0,1,10,5,0,0,0,18,0,0,5,0,3,0,0,200,200
416310,0,30,1,2,0,1,10,5,0,0,0,18,0,0,200,200,0,200,200,200,200
416310,1,30,1,2,0,1,10,5,0,0,0,18,0,1,5,0,200,200,200,200,200
416311,0,30,0,0,0,1,7,3,0,0,0,0,0,2,200,200,200,200,200,200,200
416314,0,30,1,2,0,1,14,5,0,0,0,0,200,1,8,0,7,0,0,200,200
416314,0,30,1,2,0,1,14,5,0,0,0,0,200,1,6,0,0,0,0,200,200
416319,0,30,0,0,0,1,7,6,0,0,0,200,200,0,6,0,12,0,0,200,200
416320,0,35,0,0,0,1,10,5,0,0,0,18,200,0,6,0,3,0,0,200,200
416320,0,35,0,0,0,1,10,5,0,0,0,18,200,0,7,0,0,0,0,200,200
416324,0,30,0,0,0,1,0,6,0,0,0,17,33,0,0,0,1,5,0,200,200
416324,0,30,0,0,0,1,0,6,0,0,0,17,33,0,200,0,0,5,0,200,200
416327,0,35,200,200,200,1,7,6,0,200,200,0,0,2,200,200,200,200,200,200,200
416330,0,30,0,0,0,1,12,2,0,12,12,17,18,1,5,0,0,0,0,200,200
416330,0,30,0,0,0,1,12,2,0,12,12,17,18,0,7,0,1,0,0,200,200
416346,4,20,0,0,0,1,8,5,0,0,0,0,200,0,200,3,12,200,0,200,200
416346,0,20,0,0,0,1,8,5,0,0,0,0,200,0,9,0,0,0,0,200,200
416347,0,35,0,0,200,200,7,5,0,200,0,0,200,2,200,200,200,200,200,200,200
416352,0,30,1,2,0,1,14,1,0,0,0,0,200,0,7,0,7,200,200,200,200
416352,0,30,1,2,0,1,14,1,0,0,0,0,200,1,7,0,0,0,0,200,200
416354,0,30,200,200,200,0,7,6,0,0,0,0,0,1,200,200,200,200,200,200,200
416358,0,30,1,2,0,1,14,2,0,0,0,17,200,0,200,200,1,200,0,200,200
416358,0,30,1,2,0,1,14,2,0,0,0,17,200,0,7,200,0,0,0,200,200
416361,5,30,1,2,0,1,9,2,0,0,0,200,200,0,7,200,0,200,7,200,200
416361,0,30,1,2,0,1,9,2,0,0,0,200,200,0,6,0,12,0,0,200,200
416377,0,15,0,0,0,1,14,6,0,0,0,17,21,1,5,200,1,200,200,200,200
416377,0,15,0,0,0,1,14,6,0,0,0,17,21,0,5,0,0,0,0,200,200
416380,4,30,0,0,0,1,8,6,0,0,0,22,200,1,6,2,2,0,0,200,200
416380,0,30,0,0,0,1,8,6,0,0,0,22,200,0,5,200,0,0,0,200,200
416380,1,30,0,0,0,1,8,6,0,0,0,22,200,1,6,200,200,200,200,200,200
416383,0,30,1,0,0,1,10,2,0,0,0,18,200,0,200,200,3,0,0,200,200
416383,0,30,1,0,0,1,10,2,0,0,0,18,200,1,9,200,3,0,0,200,200
416383,0,30,1,0,0,1,10,2,0,0,0,18,200,0,7,200,12,0,0,200,200
416384,0,30,0,0,0,1,14,5,0,0,0,22,17,0,6,0,2,0,0,200,200
416384,0,30,0,0,0,1,14,5,0,0,0,22,17,0,8,0,0,0,0,200,200
416386,0,30,0,0,0,1,7,5,0,0,0,20,200,0,6,0,6,0,0,200,200
416388,0,30,0,0,0,1,12,3,0,0,0,22,0,1,6,0,200,200,0,200,200
416388,0,30,0,0,0,1,12,3,0,0,0,22,0,0,7,0,200,200,0,200,200
416393,0,30,0,0,0,1,2,3,0,0,0,3,0,2,200,200,12,200,200,200,200
416394,0,30,0,0,0,3,7,6,0,0,0,0,0,2,200,200,200,200,200,200,200
416395,0,10,0,0,0,1,5,7,0,0,0,0,200,0,6,0,12,0,0,200,200
416396,0,30,1,2,0,1,14,5,0,0,0,17,22,1,6,200,7,0,0,200,200
416396,0,30,1,2,0,1,14,5,0,0,0,17,22,1,6,200,0,0,0,200,200
416398,0,30,1,1,0,1,12,2,0,0,0,16,22,0,7,200,2,0,0,200,200
416398,0,30,1,1,0,1,12,2,0,0,0,16,22,1,7,200,0,0,0,200,200
416399,0,30,2,2,0,1,10,5,0,0,0,18,0,1,200,200,3,200,200,200,200
416399,0,30,2,2,0,1,10,5,0,0,0,18,0,1,6,0,0,0,0,200,200
416399,0,30,2,2,0,1,10,5,0,0,0,18,0,1,6,0,0,0,0,200,200
416400,0,5,0,0,0,1,2,7,0,0,0,23,25,1,6,0,7,0,0,200,200
416406,0,35,0,0,0,1,12,5,0,0,0,4,21,0,9,0,4,0,0,200,200
416406,0,35,0,0,0,1,12,5,0,0,0,4,21,0,4,7,0,0,0,200,200
416406,1,35,0,0,0,1,12,5,0,0,0,4,21,1,200,0,200,200,200,200,200
416406,1,35,0,0,0,1,12,5,0,0,0,4,21,1,200,5,200,200,200,200,200
416415,0,30,0,0,0,1,0,5,0,0,0,17,11,0,7,0,0,0,0,200,200
416415,0,30,0,0,0,1,0,5,0,0,0,17,11,1,6,0,1,0,0,200,200
416417,0,30,1,2,0,1,10,2,0,0,0,20,0,0,6,0,6,0,0,200,200
416417,0,30,1,2,0,1,10,2,0,0,0,20,0,1,6,0,0,0,0,200,200
416418,0,20,2,4,0,1,0,2,0,0,0,17,16,0,7,0,1,0,0,200,200
416418,0,20,2,4,0,1,0,2,0,0,0,17,16,1,6,0,0,0,0,200,200
416420,0,30,10,2,0,1,10,3,0,0,0,3,200,0,5,200,6,200,200,200,200
416420,0,30,10,2,0,1,10,3,0,0,0,3,200,0,5,200,0,200,0,200,200
416426,4,30,1,2,0,1,8,5,0,0,0,17,200,0,200,200,1,0,200,200,200
416426,0,30,1,2,0,1,8,5,0,0,0,17,200,1,6,0,0,0,0,200,200
416431,0,30,0,0,0,1,9,7,0,0,0,17,17,0,7,7,1,0,0,200,200
416431,5,30,0,0,0,1,9,7,0,0,0,17,17,1,8,7,0,0,0,200,200
416436,0,30,1,2,0,1,10,5,0,0,0,18,200,1,5,200,3,200,200,200,200
416436,0,30,1,2,0,1,10,5,0,0,0,18,200,0,7,200,200,0,0,200,200
416437,0,30,0,0,0,1,11,7,0,0,0,20,200,1,7,0,6,0,0,200,200
416437,0,30,0,0,0,1,11,7,0,0,0,20,200,0,6,0,0,0,0,200,200
416441,0,30,0,0,0,1,10,5,0,0,0,18,200,1,6,200,3,0,0,200,200
416441,0,30,0,0,0,1,10,5,0,0,0,18,200,1,6,0,0,0,0,200,200
416447,0,35,0,0,0,1,10,5,0,0,12,18,0,0,6,200,3,0,0,200,200
416447,0,35,0,0,0,1,10,5,0,0,12,18,0,0,5,200,0,0,0,200,200
416448,0,20,0,0,0,0,0,5,0,0,0,0,0,2,200,200,200,200,200,200,200
416448,0,20,0,0,0,0,0,5,0,0,0,0,0,1,5,0,0,0,0,200,200
416451,0,30,0,0,0,1,7,5,0,200,200,0,0,2,200,200,200,200,200,200,200
416453,0,30,0,0,0,1,14,2,0,0,0,21,21,0,9,0,4,200,0,200,200
416453,0,30,0,0,0,1,14,2,0,0,0,21,21,1,6,0,0,0,0,200,200
416458,0,30,0,0,0,1,14,2,0,0,200,17,0,1,200,200,1,200,200,200,200
416458,0,30,0,0,0,1,14,2,0,0,200,17,0,0,7,0,0,200,0,200,200
416461,0,30,0,0,200,1,10,6,3,200,200,0,11,0,6,200,200,200,200,200,200
416461,0,30,0,0,200,1,10,6,3,200,200,0,11,0,7,0,200,0,0,200,200
416467,0,30,1,2,0,1,10,6,0,0,0,0,0,0,200,200,200,0,0,200,200
416467,0,30,1,2,0,1,10,6,0,0,0,0,0,1,200,0,200,0,0,200,200
416479,0,30,0,0,0,1,0,5,0,0,0,17,16,1,8,200,1,5,0,200,200
416479,0,30,0,0,0,1,0,5,0,0,0,17,16,1,7,0,0,0,0,200,200
416482,0,30,0,0,0,1,9,5,0,0,0,21,200,0,200,200,4,200,200,200,200
416482,5,30,0,0,0,1,9,5,0,0,0,21,200,0,6,7,0,0,0,200,200
416486,0,35,200,200,0,1,10,200,0,0,200,20,200,0,0,0,6,200,0,200,200
416486,0,35,200,200,0,1,10,200,0,0,200,20,200,1,9,0,0,200,0,200,200
416491,0,30,0,0,1,1,14,4,0,0,0,0,0,2,200,200,200,200,200,200,200
416491,0,30,0,0,1,1,14,4,0,0,0,0,0,1,6,0,0,0,0,200,200
416492,0,30,200,200,0,200,7,5,0,0,0,200,200,2,200,200,200,200,200,200,200
416493,0,30,1,2,0,1,12,5,0,0,0,0,0,1,200,200,4,200,200,200,200
416493,0,30,1,2,0,1,12,5,0,0,0,0,0,1,200,0,0,0,0,200,200
416494,0,30,0,0,0,1,12,5,0,0,0,0,0,1,7,200,4,200,0,200,200
416494,0,30,0,0,0,1,12,5,0,0,0,0,0,0,6,0,0,0,0,200,200
416499,0,35,2,0,0,1,10,5,0,0,0,0,0,0,6,0,200,0,0,200,200
416499,0,35,2,0,0,1,10,5,0,0,0,0,0,1,5,0,0,0,0,200,200
416500,0,30,0,0,0,1,5,5,0,0,12,200,200,0,5,0,12,0,0,200,200
416501,0,30,0,0,0,1,14,7,0,0,0,20,200,2,7,0,6,0,0,200,200
416501,0,30,0,0,0,1,14,7,0,0,0,20,200,1,7,0,0,0,0,200,200
416502,0,30,1,2,0,1,12,5,0,0,0,0,0,1,200,200,200,0,0,200,200
416502,0,30,1,2,0,1,12,5,0,0,0,0,0,0,200,0,200,0,0,200,200
416504,0,30,0,0,0,200,7,5,0,0,0,17,0,2,200,200,200,200,200,200,200
416509,0,35,0,0,0,1,8,5,0,0,0,200,200,0,200,200,200,200,200,200,200
416509,4,35,0,0,0,1,8,5,0,0,0,200,200,0,4,7,0,0,0,200,200
416513,0,30,1,2,0,1,10,5,0,0,0,18,200,1,200,0,3,0,0,200,200
416513,0,30,1,2,0,1,10,5,0,0,0,18,200,1,6,0,0,0,0,200,200
416514,0,30,0,0,0,1,10,5,0,0,0,0,0,0,6,0,12,0,0,200,200
416514,0,30,0,0,0,1,10,5,0,0,0,0,0,1,5,0,12,0,0,200,200
416519,0,30,0,0,0,1,10,2,0,0,0,0,0,0,5,200,200,200,200,200,200
416519,0,30,0,0,0,1,10,2,0,0,0,0,0,0,6,0,0,0,0,200,200
416519,1,30,0,0,0,1,10,2,0,0,0,0,0,200,7,0,200,200,200,200,200
416520,0,30,1,2,0,1,0,2,0,0,0,17,17,1,6,0,1,0,0,200,200
416520,0,30,1,2,0,1,0,2,0,0,0,17,17,1,6,0,12,0,0,200,200
416520,1,30,1,2,0,1,0,2,0,0,0,17,17,1,200,0,200,200,200,200,200
416520,1,30,1,2,0,1,0,2,0,0,0,17,17,1,200,0,200,200,200,200,200
416520,1,30,1,2,0,1,0,2,0,0,0,17,17,0,200,5,200,200,200,200,200
416527,0,30,2,2,0,1,0,5,0,0,0,5,17,1,7,0,1,200,0,200,200
416527,0,30,2,2,0,1,0,5,0,0,0,5,17,1,7,0,0,0,0,200,200
416528,0,30,1,2,0,1,10,3,0,0,0,18,200,0,200,200,3,200,200,200,200