RD_NO,PERSON_TYPE,POSTED_SPEED_LIMIT,TRAFFIC_CONTROL_DEVICE,DEVICE_CONDITION,WEATHER_CONDITION,LIGHTING_CONDITION,FIRST_CRASH_TYPE,TRAFFICWAY_TYPE,ALIGNMENT,ROADWAY_SURFACE_COND,ROAD_DEFECT,PRIM_CONTRIBUTORY_CAUSE,SEC_CONTRIBUTORY_CAUSE,SEX,AGE,SAFETY_EQUIPMENT,DRIVER_ACTION,DRIVER_VISION,PHYSICAL_CONDITION,BAC_RESULT VALUE,CELL_PHONE_USE
416528,0,30,1,2,0,1,10,3,0,0,0,18,200,0,5,0,0,0,0,200,200
416529,0,30,0,0,0,1,7,5,0,0,0,0,200,2,200,200,6,200,200,200,200
416533,0,30,200,200,200,200,0,7,2,200,200,0,0,1,7,200,200,200,200,200,200
416533,0,30,200,200,200,200,0,7,2,200,200,0,0,1,7,200,200,200,200,200,200
416533,1,30,200,200,200,200,0,7,2,200,200,0,0,1,200,200,200,200,200,200,200
416534,0,30,2,2,0,1,0,2,0,0,0,5,7,1,3,200,12,200,0,200,200
416534,0,30,2,2,0,1,0,2,0,0,0,5,7,0,7,200,0,200,0,200,200
416534,1,30,2,2,0,1,0,2,0,0,0,5,7,1,7,0,200,200,200,200,200
416537,0,10,0,0,0,1,7,7,0,0,0,16,200,0,6,0,2,0,2,200,200
416540,0,30,2,2,0,1,9,5,0,0,0,5,200,1,200,200,1,200,200,200,200
416540,5,30,2,2,0,1,9,5,0,0,0,5,200,1,1,7,0,0,0,200,200
416542,0,30,0,0,0,1,7,6,0,0,0,200,200,1,200,200,200,200,200,200,200
416544,0,30,0,0,0,1,12,6,0,200,200,0,0,1,6,0,12,200,0,200,200
416544,0,30,0,0,0,1,12,6,0,200,200,0,0,0,200,200,0,200,200,200,200
416552,0,30,1,2,0,1,14,5,0,0,0,0,0,0,200,0,7,0,0,200,200
416552,0,30,1,2,0,1,14,5,0,0,0,0,0,0,200,0,0,0,0,200,200
416554,0,30,0,0,0,1,0,12,0,0,200,17,0,1,5,0,0,0,0,200,200
416554,0,30,0,0,0,1,0,12,0,0,200,17,0,0,6,0,1,12,0,200,200
416556,0,30,1,2,0,1,10,2,0,0,0,18,200,1,5,7,3,0,0,200,200
416556,0,30,1,2,0,1,10,2,0,0,0,18,200,0,7,0,0,0,0,200,200
416565,0,30,1,2,0,1,12,6,0,0,0,0,11,0,8,200,200,0,0,200,200
416565,0,30,1,2,0,1,12,6,0,0,0,0,11,0,6,7,200,0,0,200,200
416567,0,30,0,0,0,1,10,2,0,0,200,18,0,0,7,7,3,200,0,200,200
416567,0,30,0,0,0,1,10,2,0,0,200,18,0,0,7,0,0,200,0,200,200
416568,0,30,1,2,0,1,10,2,0,0,0,0,200,0,8,0,200,0,0,200,200
416568,0,30,1,2,0,1,10,2,0,0,0,0,200,1,6,0,0,0,0,200,200
416570,0,10,0,0,0,1,7,7,0,0,0,0,0,1,200,200,200,200,200,200,200
416570,1,10,0,0,0,1,7,7,0,0,0,0,0,1,200,200,200,200,200,200,200
416571,0,30,1,2,0,1,10,2,0,0,0,18,6,0,7,0,3,0,0,200,200
416571,0,30,1,2,0,1,10,2,0,0,0,18,6,1,5,0,0,0,0,200,200
416576,0,30,0,0,0,1,7,6,0,0,0,0,0,0,200,200,200,200,200,200,200
416603,0,30,1,2,0,1,14,3,0,0,0,200,200,0,7,0,200,200,0,200,200
416603,0,30,1,2,0,1,14,3,0,0,0,200,200,1,6,0,200,200,0,200,200
416603,1,30,1,2,0,1,14,3,0,0,0,200,200,1,2,0,200,200,200,200,200
416604,0,30,1,2,0,1,12,2,0,0,0,17,200,0,5,0,1,0,0,200,200
416604,0,30,1,2,0,1,12,2,0,0,0,17,200,0,7,0,0,0,0,200,200
416605,0,30,2,2,0,1,0,5,0,0,0,17,200,0,6,0,1,0,0,200,200
416605,0,30,2,2,0,1,0,5,0,0,0,17,200,1,5,0,0,0,0,200,200
416611,0,30,0,0,0,1,10,5,0,0,0,18,0,0,200,200,0,200,200,200,200
416611,0,30,0,0,0,1,10,5,0,0,0,18,0,1,9,0,0,0,0,200,200
416612,0,30,0,0,0,1,10,2,0,0,200,18,0,1,5,0,1,200,0,200,200
416612,0,30,0,0,0,1,10,2,0,0,200,18,0,0,7,0,0,200,0,200,200
416612,0,30,0,0,0,1,10,2,0,0,200,18,0,0,6,0,0,0,0,200,200
416613,0,30,1,2,0,1,10,5,0,200,200,20,20,1,6,200,6,200,200,200,200
416613,0,30,1,2,0,1,10,5,0,200,200,20,20,0,7,0,0,0,0,200,200
416614,0,10,0,0,0,1,7,7,0,0,0,0,0,2,200,200,200,200,200,200,200
416616,0,30,2,2,0,1,14,5,0,0,0,17,0,0,7,0,1,0,0,200,200
416616,0,30,2,2,0,1,14,5,0,0,0,17,0,0,8,0,0,0,0,200,200
416619,0,30,0,0,0,1,12,5,0,0,0,0,200,0,7,0,200,0,0,200,200
416619,0,30,0,0,0,1,12,5,0,0,0,0,200,1,7,0,200,0,0,200,200
416621,0,30,1,1,0,1,12,5,0,0,0,0,0,0,200,0,4,0,0,200,200
416621,0,30,1,1,0,1,12,5,0,0,0,0,0,0,200,0,0,0,0,200,200
416623,0,35,200,200,0,1,7,200,0,0,200,0,200,1,200,200,200,200,200,200,200
416625,0,30,0,0,0,1,7,7,0,0,0,0,0,0,6,200,200,200,0,200,200
416627,0,30,0,200,0,1,14,5,0,0,200,22,200,0,200,200,2,200,200,200,200
416627,0,30,0,200,0,1,14,5,0,0,200,22,200,1,5,200,0,200,200,200,200
416632,0,30,1,2,0,1,10,5,0,0,0,16,0,0,4,0,8,0,0,200,200
416632,0,30,1,2,0,1,10,5,0,0,0,16,0,1,7,0,0,0,0,200,200
416633,0,30,1,2,0,1,10,2,0,0,0,16,18,0,6,0,5,0,0,200,200
416633,0,30,1,2,0,1,10,2,0,0,0,16,18,0,6,0,0,0,0,200,200
416633,0,30,1,2,0,1,10,2,0,0,0,16,18,0,5,0,0,0,0,200,200
416633,1,30,1,2,0,1,10,2,0,0,0,16,18,0,200,5,200,200,200,200,200
416633,1,30,1,2,0,1,10,2,0,0,0,16,18,1,200,0,200,200,200,200,200
416634,0,30,2,2,0,1,0,5,0,200,200,5,200,1,6,0,12,200,200,200,200
416634,0,30,2,2,0,1,0,5,0,200,200,5,200,0,5,0,0,0,200,200,200
416634,1,30,2,2,0,1,0,5,0,200,200,5,200,0,200,200,200,200,200,200,200
416634,1,30,2,2,0,1,0,5,0,200,200,5,200,2,200,200,200,200,200,200,200
416634,1,30,2,2,0,1,0,5,0,200,200,5,200,2,200,0,200,200,200,200,200
416637,0,35,0,0,0,1,10,2,0,0,0,0,0,1,200,0,200,200,200,200,200
416637,0,35,0,0,0,1,10,2,0,0,0,0,0,1,7,0,0,0,0,200,200
416643,0,30,0,0,0,1,10,5,0,0,0,0,0,0,9,0,1,0,0,200,200
416643,0,30,0,0,0,1,10,5,0,0,0,0,0,1,8,0,0,0,0,200,200
416644,0,25,1,2,0,1,10,5,0,0,0,18,18,0,6,0,12,0,0,200,200
416644,0,25,1,2,0,1,10,5,0,0,0,18,18,1,7,200,0,200,0,200,200
416644,1,25,1,2,0,1,10,5,0,0,0,18,18,0,6,0,200,200,200,200,200
416645,0,30,2,2,0,1,0,2,0,0,0,22,200,2,200,200,2,200,200,200,200
416645,0,30,2,2,0,1,0,2,0,0,0,22,200,0,7,0,0,0,0,200,200
416647,0,30,0,0,0,1,10,2,0,0,0,18,200,0,6,0,3,0,0,200,200
416647,0,30,0,0,0,1,10,2,0,0,0,18,200,0,6,0,0,0,0,200,200
416648,0,30,0,0,0,1,10,5,0,0,0,18,18,1,5,0,3,200,0,200,200
416648,0,30,0,0,0,1,10,5,0,0,0,18,18,0,5,0,0,0,0,200,200
416654,0,30,0,0,0,1,7,5,0,0,200,0,0,0,200,200,6,200,200,200,200
416656,0,30,0,0,0,1,14,5,0,200,200,17,200,1,4,200,200,0,0,200,200
416656,0,30,0,0,0,1,14,5,0,200,200,17,200,1,5,200,200,200,0,200,200
416657,0,30,0,0,0,1,14,5,0,0,0,17,0,1,200,200,1,200,0,200,200
416657,0,30,0,0,0,1,14,5,0,0,0,17,0,1,5,0,0,0,0,200,200
416663,0,30,0,0,0,1,12,5,0,200,200,22,22,1,6,0,4,12,0,200,200
416663,0,30,0,0,0,1,12,5,0,200,200,22,22,1,7,0,0,0,0,200,200
416663,1,30,0,0,0,1,12,5,0,200,200,22,22,1,6,0,200,200,200,200,200
416664,0,35,0,0,0,1,12,5,0,0,0,0,200,1,200,0,200,0,0,200,200
416664,0,35,0,0,0,1,12,5,0,0,0,0,200,0,200,0,200,200,0,200,200
416666,0,30,0,0,0,1,7,5,0,0,0,0,200,0,6,0,12,0,0,200,200
416676,0,30,1,2,0,1,10,5,0,0,200,0,0,1,200,0,200,0,0,200,200
416676,0,30,1,2,0,1,10,5,0,0,200,0,0,1,7,0,0,0,0,200,200
416676,1,30,1,2,0,1,10,5,0,0,200,0,0,0,200,0,200,200,200,200,200
416680,0,35,1,2,0,1,10,2,0,0,0,18,0,0,200,200,3,200,200,200,200
416680,0,35,1,2,0,1,10,2,0,0,0,18,0,1,5,0,0,0,0,200,200
416687,0,30,2,2,0,1,0,6,0,0,0,5,16,2,200,200,5,200,200,200,200
416687,0,30,2,2,0,1,0,6,0,0,0,5,16,0,5,200,0,0,0,200,200
416688,0,30,0,0,0,1,7,5,0,0,0,0,0,2,200,200,200,200,200,200,200
416689,0,25,2,2,0,1,0,5,0,0,0,17,17,1,5,200,1,0,0,200,200
416689,0,25,2,2,0,1,0,5,0,0,0,17,17,0,7,200,0,0,0,200,200
416689,1,25,2,2,0,1,0,5,0,0,0,17,17,1,6,200,200,200,200,200,200
416689,1,25,2,2,0,1,0,5,0,0,0,17,17,1,2,200,200,200,200,200,200
416689,1,25,2,2,0,1,0,5,0,0,0,17,17,1,0,5,200,200,200,200,200
416690,0,30,1,2,0,1,10,12,0,0,0,18,7,0,6,200,3,200,0,200,200
416690,0,30,1,2,0,1,10,12,0,0,0,18,7,1,6,0,0,0,0,200,200
416694,0,30,0,0,0,1,10,5,0,0,0,0,0,0,200,200,200,200,200,200,200
416694,0,30,0,0,0,1,10,5,0,0,0,0,0,1,8,0,0,0,0,200,200
416695,0,30,1,200,0,1,12,5,0,0,200,0,11,0,200,200,200,200,200,200,200
416695,0,30,1,200,0,1,12,5,0,0,200,0,11,0,6,0,200,0,0,200,200
416701,0,30,1,2,0,1,9,3,0,0,0,0,0,0,200,200,200,200,200,200,200
416701,5,30,1,2,0,1,9,3,0,0,0,0,0,0,200,7,200,0,0,200,200
416706,0,30,0,0,0,1,12,5,0,0,0,17,200,1,9,0,1,0,0,200,200
416706,0,30,0,0,0,1,12,5,0,0,0,17,200,0,8,0,0,0,0,200,200
416706,1,30,0,0,0,1,12,5,0,0,0,17,200,1,8,0,200,200,200,200,200
416708,0,30,0,0,0,1,7,5,0,0,0,23,16,0,7,200,7,200,0,200,200
416709,0,30,1,2,0,1,10,2,0,0,0,18,0,0,200,200,3,200,200,200,200
416709,0,30,1,2,0,1,10,2,0,0,0,18,0,1,6,0,0,0,0,200,200
416713,0,0,0,0,0,1,10,3,0,0,0,18,7,0,200,200,3,200,200,200,200
416713,0,0,0,0,0,1,10,3,0,0,0,18,7,0,5,0,0,0,0,200,200
416713,0,0,0,0,0,1,10,3,0,0,0,18,7,1,6,0,0,0,0,200,200
416713,0,0,0,0,0,1,10,3,0,0,0,18,7,1,6,0,0,0,0,200,200
416713,1,0,0,0,0,1,10,3,0,0,0,18,7,1,200,0,200,200,200,200,200
416724,0,30,1,2,0,1,2,2,0,0,12,8,200,1,6,200,12,1,0,200,200
416725,0,0,0,0,200,200,7,7,0,200,200,0,0,2,200,200,200,200,200,200,200
416726,0,25,0,0,0,1,14,5,0,0,0,17,200,1,7,200,1,200,0,200,200
416726,0,25,0,0,0,1,14,5,0,0,0,17,200,1,5,200,0,200,0,200,200
416726,1,25,0,0,0,1,14,5,0,0,0,17,200,1,7,200,200,200,200,200,200
416726,1,25,0,0,0,1,14,5,0,0,0,17,200,1,0,200,200,200,200,200,200
416727,4,30,0,200,0,1,12,5,0,0,200,0,200,200,200,200,200,200,200,200,200
416727,0,30,0,200,0,1,12,5,0,0,200,0,200,0,6,200,200,200,200,200,200
416727,0,30,0,200,0,1,12,5,0,0,200,0,200,0,5,200,200,200,200,200,200
416729,0,30,0,0,0,1,14,5,0,0,0,17,16,0,7,200,1,0,0,200,200
416729,0,30,0,0,0,1,14,5,0,0,0,17,16,1,6,200,0,0,0,200,200
416731,0,30,0,0,0,1,10,2,0,0,0,32,32,0,7,0,12,0,6,200,200
416731,0,30,0,0,0,1,10,2,0,0,0,32,32,1,6,0,0,0,0,200,200
416731,1,30,0,0,0,1,10,2,0,0,0,32,32,1,6,0,200,200,200,200,200
416731,1,30,0,0,0,1,10,2,0,0,0,32,32,1,2,0,200,200,200,200,200
416731,1,30,0,0,0,1,10,2,0,0,0,32,32,1,2,0,200,200,200,200,200
416733,0,30,0,0,0,1,10,6,0,0,0,18,200,0,5,0,3,0,0,200,200
416733,0,30,0,0,0,1,10,6,0,0,0,18,200,0,6,0,0,0,0,200,200
416734,0,30,0,0,0,1,12,5,0,0,0,0,0,0,6,200,4,200,0,200,200
416734,0,30,0,0,0,1,12,5,0,0,0,0,0,0,200,0,0,0,0,200,200
416735,0,0,1,2,0,1,12,2,0,0,0,22,17,0,6,0,2,0,0,200,200
416735,0,0,1,2,0,1,12,2,0,0,0,22,17,0,6,0,12,0,0,200,200
416736,0,25,0,0,0,1,12,5,0,0,0,0,0,0,4,0,0,200,0,200,200
416736,0,25,0,0,0,1,12,5,0,0,0,0,0,0,6,0,0,0,0,200,200
416739,0,30,1,2,0,1,8,12,0,0,0,20,200,0,200,200,6,200,200,200,200
416739,4,30,1,2,0,1,8,12,0,0,0,20,200,1,5,2,0,0,0,200,200
416740,0,30,1,2,0,1,10,2,0,0,0,20,18,1,200,200,6,200,200,200,200
416740,0,30,1,2,0,1,10,2,0,0,0,20,18,1,6,7,0,0,0,200,200
416744,0,30,1,2,0,1,10,5,0,0,0,0,0,0,200,0,200,0,0,200,200
416744,0,30,1,2,0,1,10,5,0,0,0,0,0,0,200,0,200,0,0,200,200
416745,0,0,1,2,0,1,8,5,0,0,0,0,200,2,200,200,200,200,200,200,200
416745,4,0,1,2,0,1,8,5,0,0,0,0,200,0,6,200,200,0,0,200,200
416754,0,30,0,0,0,1,10,5,0,0,0,0,200,1,6,0,1,0,0,200,200
416754,0,30,0,0,0,1,10,5,0,0,0,0,200,1,8,0,0,0,0,200,200
416754,1,30,0,0,0,1,10,5,0,0,0,0,200,1,8,0,200,200,200,200,200
416756,0,30,0,0,0,1,10,2,0,0,0,16,200,0,7,200,200,0,0,200,200
416756,0,30,0,0,0,1,10,2,0,0,0,16,200,0,6,0,0,0,0,200,200
416757,0,35,0,0,0,1,2,5,0,0,0,0,0,2,200,200,200,200,200,200,200
416757,0,35,0,0,0,1,2,5,0,0,0,0,0,0,6,0,0,0,0,200,200
416759,0,15,0,0,0,3,2,7,0,0,0,16,200,0,200,200,12,0,200,200,200
416763,0,20,0,0,0,1,14,5,0,0,0,0,0,1,200,200,1,0,0,200,200
416763,0,20,0,0,0,1,14,5,0,0,0,0,0,1,6,0,0,0,0,200,200
416769,0,30,1,2,0,1,10,2,0,0,0,32,18,0,7,200,3,200,200,200,200
416769,0,30,1,2,0,1,10,2,0,0,0,32,18,0,6,0,0,0,0,200,200
416769,0,30,1,2,0,1,10,2,0,0,0,32,18,1,6,0,0,0,0,200,200
416769,1,30,1,2,0,1,10,2,0,0,0,32,18,1,2,200,200,200,200,200,200
416769,1,30,1,2,0,1,10,2,0,0,0,32,18,1,0,200,200,200,200,200,200
416769,1,30,1,2,0,1,10,2,0,0,0,32,18,1,2,200,200,200,200,200,200
416770,0,30,0,0,0,1,2,200,0,0,0,200,200,0,5,7,12,0,0,200,200
416770,3,30,0,0,0,1,2,200,0,0,0,200,200,2,200,7,12,0,0,200,200
416771,0,30,3,2,0,1,12,2,0,200,200,0,0,1,6,200,200,200,200,200,200
416771,0,30,3,2,0,1,12,2,0,200,200,0,0,1,8,200,200,200,200,200,200
416771,1,30,3,2,0,1,12,2,0,200,200,0,0,1,2,200,200,200,200,200,200
416771,1,30,3,2,0,1,12,2,0,200,200,0,0,1,2,200,200,200,200,200,200
416771,1,30,3,2,0,1,12,2,0,200,200,0,0,0,2,200,200,200,200,200,200
416777,0,30,0,0,0,1,12,5,0,0,0,22,16,0,200,200,2,200,200,200,200
416777,0,30,0,0,0,1,12,5,0,0,0,22,16,0,7,0,0,0,0,200,200
416777,1,30,0,0,0,1,12,5,0,0,0,22,16,1,200,200,200,200,200,200,200
416778,0,30,0,0,0,1,7,0,0,0,200,22,200,0,8,0,2,200,0,200,200
416778,1,30,0,0,0,1,7,0,0,0,200,22,200,1,200,0,200,200,200,200,200
416778,1,30,0,0,0,1,7,0,0,0,200,22,200,0,7,0,200,200,200,200,200
416778,1,30,0,0,0,1,7,0,0,0,200,22,200,2,200,200,200,200,200,200,200
416783,0,30,0,0,0,1,12,2,0,0,0,21,200,0,6,0,4,0,0,200,200
416783,0,30,0,0,0,1,12,2,0,0,0,21,200,0,4,0,0,0,0,200,200
416784,0,30,0,0,0,1,12,5,0,0,200,22,200,1,6,200,2,200,200,200,200
416784,0,30,0,0,0,1,12,5,0,0,200,22,200,1,6,200,0,200,200,200,200
416798,0,15,0,0,0,1,14,5,0,0,0,17,200,1,5,0,1,200,0,200,200
416798,0,15,0,0,0,1,14,5,0,0,0,17,200,0,200,0,0,0,0,200,200
416798,1,15,0,0,0,1,14,5,0,0,0,17,200,1,0,5,200,200,200,200,200
416799,0,30,1,2,0,1,10,5,0,0,0,11,200,1,200,200,3,200,200,200,200
416799,0,30,1,2,0,1,10,5,0,0,0,11,200,1,200,0,0,0,0,200,200
416800,0,30,0,0,0,1,5,5,0,0,0,0,200,0,5,0,200,0,0,200,200
416801,0,30,2,2,0,3,0,5,0,0,0,0,200,0,200,200,200,200,200,200,200
416801,0,30,2,2,0,3,0,5,0,0,0,0,200,0,7,0,0,0,0,200,200
416802,0,30,0,0,200,200,10,5,0,200,0,20,200,1,200,200,6,200,200,200,200
416802,0,30,0,0,200,200,10,5,0,200,0,20,200,0,5,200,0,0,200,200,200
416802,1,30,0,0,200,200,10,5,0,200,0,20,200,1,200,200,200,200,200,200,200
416805,0,30,0,0,0,1,11,6,0,200,200,200,200,0,4,0,1,0,200,200,200
416805,0,30,0,0,0,1,11,6,0,200,200,200,200,0,6,0,0,0,200,200,200
416805,1,30,0,0,0,1,11,6,0,200,200,200,200,1,200,0,200,200,200,200,200
416806,0,25,0,0,0,1,10,2,0,0,0,16,11,0,7,200,8,0,0,200,200
416806,0,25,0,0,0,1,10,2,0,0,0,16,11,0,7,200,0,0,0,200,200
416809,0,0,0,0,200,200,7,7,0,200,200,200,200,2,200,200,200,200,200,200,200
416811,0,35,1,2,0,1,10,2,0,0,0,16,200,0,6,0,12,0,0,200,200
416811,0,35,1,2,0,1,10,2,0,0,0,16,200,1,7,0,0,0,0,200,200
416813,0,30,0,0,0,1,0,7,0,0,0,17,200,0,6,0,1,0,0,200,200
416813,0,30,0,0,0,1,0,7,0,0,0,17,200,0,6,0,0,0,0,200,200
416815,0,30,0,0,0,1,14,2,0,0,0,23,200,1,5,0,7,0,200,200,200
416815,0,30,0,0,0,1,14,2,0,0,0,23,200,0,6,0,0,0,0,200,200
416822,0,30,0,0,0,1,3,5,0,0,0,0,0,0,200,200,1,200,200,200,200
416822,0,30,0,0,0,1,3,5,0,0,0,0,0,1,5,0,0,0,0,200,200
416828,0,30,2,2,0,1,8,3,0,0,0,0,200,0,200,200,200,200,200,200,200
416828,4,30,2,2,0,1,8,3,0,0,0,0,200,0,8,200,0,200,200,200,200
416829,0,35,0,0,0,1,7,0,0,0,0,20,200,0,200,200,6,200,200,200,200
416830,0,30,1,2,0,1,10,5,0,0,0,0,200,1,3,200,200,0,0,200,200
416830,0,30,1,2,0,1,10,5,0,0,0,0,200,1,6,200,0,0,0,200,200
416830,1,30,1,2,0,1,10,5,0,0,0,0,200,0,7,200,200,200,200,200,200
416836,0,30,0,0,0,1,12,5,0,0,200,21,0,0,3,200,4,200,0,200,200
416836,0,30,0,0,0,1,12,5,0,0,200,21,0,1,5,200,0,200,0,200,200
416836,1,30,0,0,0,1,12,5,0,0,200,21,0,1,3,200,200,200,200,200,200
416836,1,30,0,0,0,1,12,5,0,0,200,21,0,1,3,7,200,200,200,200,200
416836,1,30,0,0,0,1,12,5,0,0,200,21,0,1,3,200,200,200,200,200,200
416837,0,30,0,0,0,1,12,5,0,0,0,11,200,0,200,200,2,200,200,200,200
416837,0,30,0,0,0,1,12,5,0,0,0,11,200,1,200,0,0,0,0,200,200
416837,1,30,0,0,0,1,12,5,0,0,0,11,200,1,200,0,200,200,200,200,200
416838,0,30,0,0,0,1,7,7,0,0,0,0,0,1,7,0,6,0,0,200,200
416841,0,35,1,2,0,1,10,6,0,0,0,16,25,0,4,0,0,0,0,200,200
416841,0,35,1,2,0,1,10,6,0,0,0,16,25,0,200,200,3,200,200,200,200
416841,1,35,1,2,0,1,10,6,0,0,0,16,25,1,3,0,200,200,200,200,200
416841,1,35,1,2,0,1,10,6,0,0,0,16,25,200,200,1,200,200,200,200,200
416845,0,15,0,0,0,1,5,0,0,0,4,0,200,0,7,200,200,0,0,200,200
416845,1,15,0,0,0,1,5,0,0,0,4,0,200,0,6,200,200,200,200,200,200
416845,1,15,0,0,0,1,5,0,0,0,4,0,200,0,6,200,200,200,200,200,200
416845,1,15,0,0,0,1,5,0,0,0,4,0,200,0,6,200,200,200,200,200,200
416846,0,30,2,2,0,1,0,5,0,0,0,17,17,1,5,0,0,0,0,200,200
416846,0,30,2,2,0,1,0,5,0,0,0,17,17,1,0,0,1,200,0,200,200
416846,1,30,2,2,0,1,0,5,0,0,0,17,17,0,2,0,200,200,200,200,200
416846,1,30,2,2,0,1,0,5,0,0,0,17,17,0,0,0,200,200,200,200,200
416856,0,30,2,12,0,1,0,5,0,0,0,17,200,1,5,0,1,0,0,200,200
416856,0,30,2,12,0,1,0,5,0,0,0,17,200,1,6,0,0,0,0,200,200
416860,0,30,1,2,0,1,12,5,0,0,0,17,0,0,5,0,1,0,0,200,200
416860,0,30,1,2,0,1,12,5,0,0,0,17,0,0,5,0,0,0,0,200,200
416861,0,15,2,2,0,1,0,7,0,1,0,20,17,2,200,200,200,200,200,200,200
416861,0,15,2,2,0,1,0,7,0,1,0,20,17,1,6,0,12,0,0,200,200
416861,1,15,2,2,0,1,0,7,0,1,0,20,17,1,200,5,200,200,200,200,200
416863,0,30,200,200,200,200,0,5,0,200,200,0,0,0,7,200,200,200,200,200,200
416863,0,30,200,200,200,200,0,5,0,200,200,0,0,1,6,200,200,200,200,200,200
416863,1,30,200,200,200,200,0,5,0,200,200,0,0,1,7,200,200,200,200,200,200
416866,0,30,1,2,0,4,12,3,0,0,0,22,200,0,200,200,2,200,200,200,200
416866,0,30,1,2,0,4,12,3,0,0,0,22,200,0,6,0,0,0,0,200,200
416867,0,30,0,0,0,1,14,5,0,0,0,17,200,1,6,0,1,0,0,200,200
416867,0,30,0,0,0,1,14,5,0,0,0,17,200,0,5,0,0,0,0,200,200
416867,1,30,0,0,0,1,14,5,0,0,0,17,200,0,200,0,200,200,200,200,200
416871,0,30,0,0,0,1,12,5,0,200,200,0,0,2,200,200,200,200,200,200,200
416871,0,30,0,0,0,1,12,5,0,200,200,0,0,1,5,0,0,0,0,200,200
416871,1,30,0,0,0,1,12,5,0,200,200,0,0,1,200,200,200,200,200,200,200
416872,0,30,2,2,0,1,10,5,0,0,0,0,0,0,200,200,3,0,0,200,200
416872,0,30,2,2,0,1,10,5,0,0,0,0,0,0,200,0,0,0,0,200,200
416872,0,30,2,2,0,1,10,5,0,0,0,0,0,1,200,200,0,200,200,200,200
416872,1,30,2,2,0,1,10,5,0,0,0,0,0,1,200,0,200,200,200,200,200
416881,0,30,0,0,0,1,10,5,0,0,0,18,200,0,200,200,3,200,200,200,200
416881,0,30,0,0,0,1,10,5,0,0,0,18,200,1,7,0,0,0,0,200,200
416886,0,30,1,200,0,1,12,2,0,0,200,0,0,0,7,200,200,200,0,200,200
416886,0,30,1,200,0,1,12,2,0,0,200,0,0,0,6,200,200,200,0,200,200
416891,4,30,0,0,0,1,8,5,0,0,0,16,200,0,2,2,1,0,0,200,200
416891,0,30,0,0,0,1,8,5,0,0,0,16,200,0,6,200,0,0,0,200,200
416893,0,30,0,0,0,1,12,5,0,0,0,0,0,2,200,200,200,200,200,200,200
416893,0,30,0,0,0,1,12,5,0,0,0,0,0,0,5,0,0,0,0,200,200
416894,0,25,2,2,0,1,0,5,0,0,0,5,0,0,6,0,5,0,0,200,200
416894,0,25,2,2,0,1,0,5,0,0,0,5,0,0,6,0,12,0,0,200,200
416897,0,30,0,0,0,1,7,7,0,0,0,0,200,2,200,200,200,200,200,200,200
416901,0,30,200,200,200,1,14,5,0,200,200,0,11,0,7,200,200,0,0,200,200
416901,0,30,200,200,200,1,14,5,0,200,200,0,11,0,6,200,200,200,200,200,200
416902,0,30,0,0,0,1,8,5,0,0,0,200,200,1,6,200,12,0,0,200,200
416902,4,30,0,0,0,1,8,5,0,0,0,200,200,0,200,2,12,0,0,200,200
416902,1,30,0,0,0,1,8,5,0,0,0,200,200,200,200,200,200,200,200,200,200
416902,1,30,0,0,0,1,8,5,0,0,0,200,200,0,200,200,200,200,200,200,200
416906,0,30,0,0,0,1,10,5,0,0,0,0,0,0,200,200,200,200,200,200,200
416906,0,30,0,0,0,1,10,5,0,0,0,0,0,1,6,200,0,0,0,200,200
416906,0,30,0,0,0,1,10,5,0,0,0,0,0,1,3,200,0,0,0,200,200
416908,0,35,0,0,0,1,11,7,0,0,0,0,0,0,7,0,0,0,0,200,200
416908,0,35,0,0,0,1,11,7,0,0,0,0,0,1,6,0,0,0,0,200,200
416909,0,30,2,2,0,1,0,5,0,0,0,17,0,0,5,0,1,0,0,200,200
416909,0,30,2,2,0,1,0,5,0,0,0,17,0,1,7,0,0,0,0,200,200
416917,0,30,0,0,1,1,12,5,0,0,0,0,0,0,7,0,200,0,0,200,200
416917,0,30,0,0,1,1,12,5,0,0,0,0,0,1,6,0,0,0,0,200,200
416918,0,30,0,0,0,1,7,7,0,0,0,11,23,0,6,0,7,0,0,200,200
416922,0,30,1,2,0,1,14,5,0,0,0,0,0,0,8,0,200,0,0,200,200
416922,0,30,1,2,0,1,14,5,0,0,0,0,0,1,5,200,200,0,0,200,200
416922,1,30,1,2,0,1,14,5,0,0,0,0,0,0,0,5,200,200,200,200,200
416925,0,25,0,0,200,200,7,6,0,200,0,0,0,2,200,200,200,200,200,200,200
416928,0,30,0,0,0,1,7,6,0,0,0,25,0,0,200,200,200,200,200,200,200
416928,1,30,0,0,0,1,7,6,0,0,0,25,0,0,200,200,200,200,200,200,200
416928,1,30,0,0,0,1,7,6,0,0,0,25,0,200,200,7,200,200,200,200,200
416928,1,30,0,0,0,1,7,6,0,0,0,25,0,0,200,200,200,200,200,200,200
416929,0,30,2,2,0,1,0,5,0,0,0,5,200,0,7,0,1,0,0,200,200
416929,0,30,2,2,0,1,0,5,0,0,0,5,200,0,7,0,0,0,0,200,200
416929,1,30,2,2,0,1,0,5,0,0,0,5,200,1,6,0,200,200,200,200,200