RD_NO,PERSON_TYPE,POSTED_SPEED_LIMIT,TRAFFIC_CONTROL_DEVICE,DEVICE_CONDITION,WEATHER_CONDITION,LIGHTING_CONDITION,FIRST_CRASH_TYPE,TRAFFICWAY_TYPE,ALIGNMENT,ROADWAY_SURFACE_COND,ROAD_DEFECT,PRIM_CONTRIBUTORY_CAUSE,SEC_CONTRIBUTORY_CAUSE,SEX,AGE,SAFETY_EQUIPMENT,DRIVER_ACTION,DRIVER_VISION,PHYSICAL_CONDITION,BAC_RESULT VALUE,CELL_PHONE_USE
416929,1,30,2,2,0,1,0,5,0,0,0,5,200,0,2,0,200,200,200,200,200
416929,1,30,2,2,0,1,0,5,0,0,0,5,200,0,1,0,200,200,200,200,200
416929,1,30,2,2,0,1,0,5,0,0,0,5,200,0,2,0,200,200,200,200,200
416930,0,30,0,0,0,1,2,2,0,0,0,0,0,2,200,200,200,200,200,200,200
416935,0,30,0,0,0,1,12,2,0,0,0,16,200,0,7,0,1,0,0,200,200
416935,0,30,0,0,0,1,12,2,0,0,0,16,200,0,4,0,4,0,0,200,200
416937,0,30,2,2,0,1,7,5,0,0,0,0,0,1,8,0,12,0,0,200,200
416937,1,30,2,2,0,1,7,5,0,0,0,0,0,0,7,0,200,200,200,200,200
416940,0,30,0,0,0,1,7,5,0,0,0,22,200,1,5,0,12,0,0,200,200
416940,1,30,0,0,0,1,7,5,0,0,0,22,200,0,5,0,200,200,200,200,200
416945,0,30,1,0,0,1,3,2,0,0,0,17,0,0,7,0,1,200,0,200,200
416945,0,30,1,0,0,1,3,2,0,0,0,17,0,1,200,200,0,200,0,200,200
416946,0,35,0,0,0,1,10,2,0,0,0,0,0,1,5,0,0,0,0,200,200
416946,0,35,0,0,0,1,10,2,0,0,0,0,0,1,6,0,0,0,0,200,200
416951,0,30,1,2,0,1,14,5,0,0,0,17,22,0,6,0,1,0,0,200,200
416951,0,30,1,2,0,1,14,5,0,0,0,17,22,1,6,0,0,0,0,200,200
416960,0,30,0,0,0,1,12,2,0,0,0,21,200,1,200,200,4,200,200,200,200
416960,0,30,0,0,0,1,12,2,0,0,0,21,200,0,6,0,0,0,0,200,200
416969,0,30,2,2,0,1,10,2,0,0,0,30,18,1,5,200,11,0,0,200,1
416969,0,30,2,2,0,1,10,2,0,0,0,30,18,0,6,0,0,0,0,200,200
416969,0,30,2,2,0,1,10,2,0,0,0,30,18,1,200,200,0,200,200,200,200
416969,1,30,2,2,0,1,10,2,0,0,0,30,18,1,2,0,200,200,200,200,200
416970,0,35,200,200,0,4,2,5,0,0,0,0,0,0,7,200,12,0,0,200,200
416972,0,30,0,0,0,1,10,2,0,0,200,18,0,0,6,200,3,200,200,200,200
416972,0,30,0,0,0,1,10,2,0,0,200,18,0,0,6,1,0,200,0,200,200
416972,1,30,0,0,0,1,10,2,0,0,200,18,0,1,200,200,200,200,200,200,200
416974,0,30,0,0,0,1,12,5,0,0,0,17,200,1,7,200,1,200,0,200,200
416974,0,30,0,0,0,1,12,5,0,0,0,17,200,0,4,0,0,0,0,200,200
416974,1,30,0,0,0,1,12,5,0,0,0,17,200,1,200,0,200,200,200,200,200
416977,0,30,0,0,0,1,12,2,0,0,0,22,0,0,5,200,2,1,12,200,200
416977,0,30,0,0,0,1,12,2,0,0,0,22,0,1,6,0,0,0,0,200,200
416977,1,30,0,0,0,1,12,2,0,0,0,22,0,0,6,0,200,200,200,200,200
416979,0,30,0,0,0,1,10,7,0,0,0,200,200,1,6,0,0,0,0,200,200
416979,0,30,0,0,0,1,10,7,0,0,0,200,200,1,7,0,0,0,0,200,200
416979,1,30,0,0,0,1,10,7,0,0,0,200,200,1,200,0,200,200,200,200,200
416981,0,30,2,2,0,1,0,5,0,0,0,17,200,1,6,200,1,200,0,200,200
416981,0,30,2,2,0,1,0,5,0,0,0,17,200,1,5,200,0,200,0,200,200
416981,1,30,2,2,0,1,0,5,0,0,0,17,200,2,200,200,200,200,200,200,200
416991,0,30,2,2,0,1,14,12,0,0,0,17,200,1,6,0,1,5,0,200,200
416991,0,30,2,2,0,1,14,12,0,0,0,17,200,0,5,0,0,5,0,200,200
416993,0,30,2,2,0,1,14,5,0,0,0,16,0,1,200,200,1,200,200,200,200
416993,0,30,2,2,0,1,14,5,0,0,0,16,0,0,6,0,0,0,0,200,200
416993,1,30,2,2,0,1,14,5,0,0,0,16,0,0,200,0,200,200,200,200,200
416993,1,30,2,2,0,1,14,5,0,0,0,16,0,0,200,0,200,200,200,200,200
416998,0,30,0,0,0,1,7,5,0,0,0,0,200,2,200,200,200,200,200,200,200
417003,0,30,0,2,0,1,7,12,0,0,0,25,22,1,5,200,12,200,200,200,200
417003,1,30,0,2,0,1,7,12,0,0,0,25,22,200,200,200,200,200,200,200,200
417003,1,30,0,2,0,1,7,12,0,0,0,25,22,1,6,200,200,200,200,200,200
417006,0,30,1,2,0,4,12,6,2,0,0,0,200,1,7,200,12,0,0,200,200
417006,0,30,1,2,0,4,12,6,2,0,0,0,200,1,6,200,12,0,0,200,200
417006,1,30,1,2,0,4,12,6,2,0,0,0,200,200,200,200,200,200,200,200,200
417006,1,30,1,2,0,4,12,6,2,0,0,0,200,200,200,200,200,200,200,200,200
417006,1,30,1,2,0,4,12,6,2,0,0,0,200,200,200,7,200,200,200,200,200
417009,0,30,1,200,0,1,10,2,0,0,0,18,25,1,200,200,3,200,200,200,200
417009,0,30,1,200,0,1,10,2,0,0,0,18,25,0,7,200,0,0,0,200,200
417009,1,30,1,200,0,1,10,2,0,0,0,18,25,2,200,200,200,200,200,200,200
417013,0,25,2,2,0,1,3,5,0,0,0,17,5,0,200,200,1,200,200,200,200
417013,0,25,2,2,0,1,3,5,0,0,0,17,5,0,4,0,0,0,0,200,200
417013,1,25,2,2,0,1,3,5,0,0,0,17,5,0,200,200,200,200,200,200,200
417017,0,30,1,2,0,3,10,5,0,0,0,0,0,0,6,0,200,200,0,200,200
417017,0,30,1,2,0,3,10,5,0,0,0,0,0,0,5,0,0,0,0,200,200
417017,1,30,1,2,0,3,10,5,0,0,0,0,0,0,5,0,200,200,200,200,200
417017,1,30,1,2,0,3,10,5,0,0,0,0,0,0,5,0,200,200,200,200,200
417021,0,30,1,2,0,4,0,5,0,0,200,6,11,0,3,200,1,200,200,200,200
417021,0,30,1,2,0,4,0,5,0,0,200,6,11,1,5,200,0,200,200,200,200
417021,1,30,1,2,0,4,0,5,0,0,200,6,11,0,5,200,200,200,200,200,200
417021,1,30,1,2,0,4,0,5,0,0,200,6,11,0,3,200,200,200,200,200,200
417021,1,30,1,2,0,4,0,5,0,0,200,6,11,0,3,200,200,200,200,200,200
417029,0,30,1,2,0,1,10,5,0,0,0,16,0,0,7,0,1,200,200,200,200
417029,0,30,1,2,0,1,10,5,0,0,0,16,0,1,6,0,0,200,200,200,200
417042,0,30,0,0,0,1,12,5,0,0,0,25,0,0,5,200,13,0,0,200,200
417042,0,30,0,0,0,1,12,5,0,0,0,25,0,1,6,200,0,0,0,200,200
417043,0,30,1,2,1,4,7,5,0,0,0,20,200,1,7,200,2,200,0,200,200
417043,1,30,1,2,1,4,7,5,0,0,0,20,200,0,9,200,200,200,200,200,200
417048,0,30,0,0,0,2,2,5,0,0,0,0,0,0,200,200,200,200,0,200,200
417052,0,30,0,0,0,1,0,5,0,0,0,0,0,1,200,200,6,200,200,200,200
417052,0,30,0,0,0,1,0,5,0,0,0,0,0,0,8,0,0,0,0,200,200
417057,0,0,1,2,0,4,10,5,0,0,0,0,0,1,7,200,200,200,0,200,200
417057,0,0,1,2,0,4,10,5,0,0,0,0,0,0,6,200,0,0,0,200,200
417065,0,30,0,0,0,0,10,6,0,0,0,18,0,0,5,200,3,0,0,200,200
417065,0,30,0,0,0,0,10,6,0,0,0,18,0,0,5,200,0,0,0,200,200
417073,0,30,0,0,2,4,10,5,0,1,0,18,0,0,5,0,3,0,0,200,200
417073,0,30,0,0,2,4,10,5,0,1,0,18,0,0,5,0,0,0,0,200,200
417078,0,20,1,2,0,1,10,5,0,0,0,6,200,1,6,200,3,0,0,200,200
417078,0,20,1,2,0,1,10,5,0,0,0,6,200,1,5,200,0,0,0,200,200
417078,0,20,1,2,0,1,10,5,0,0,0,6,200,0,5,200,0,0,0,200,200
417082,0,30,0,0,2,0,10,5,0,1,0,0,0,1,5,0,1,0,0,200,200
417082,0,30,0,0,2,0,10,5,0,1,0,0,0,0,8,0,0,0,0,200,200
417085,0,35,0,0,2,0,8,3,0,1,0,0,19,2,200,200,200,200,200,200,200
417085,4,35,0,0,2,0,8,3,0,1,0,0,19,1,5,2,12,200,0,200,200
417089,0,30,1,2,2,0,10,5,0,1,200,0,0,1,6,0,8,200,0,200,200
417089,0,30,1,2,2,0,10,5,0,1,200,0,0,0,5,0,0,200,0,200,200
417090,0,30,1,2,2,3,14,5,0,1,0,0,200,1,6,200,12,0,7,200,200
417090,0,30,1,2,2,3,14,5,0,1,0,0,200,0,4,200,1,0,0,200,200
417106,0,30,1,2,2,3,10,2,0,1,200,18,18,0,6,0,1,200,200,200,200
417106,0,30,1,2,2,3,10,2,0,1,200,18,18,0,7,0,0,200,0,200,200
417106,0,30,1,2,2,3,10,2,0,1,200,18,18,0,5,0,200,200,0,200,200
417108,0,30,0,0,2,0,7,5,0,1,0,0,200,0,200,200,12,200,200,200,200
417109,0,30,0,0,2,3,12,2,0,1,2,21,200,0,5,200,4,0,0,200,200
417109,0,30,0,0,2,3,12,2,0,1,2,21,200,0,3,200,12,0,0,200,200
417115,0,30,2,2,2,0,7,5,0,1,200,34,0,0,7,0,12,0,7,200,200
417118,0,30,0,0,2,3,12,2,0,1,0,0,200,2,200,200,4,200,200,200,200
417118,0,30,0,0,2,3,12,2,0,1,0,0,200,0,6,0,0,4,0,200,200
417119,0,30,0,0,2,3,7,7,0,1,0,0,200,0,5,200,6,200,0,200,200
417120,0,10,0,0,2,0,3,7,2,0,0,0,200,1,200,200,0,200,0,200,200
417120,0,10,0,0,2,0,3,7,2,0,0,0,200,1,5,0,0,0,0,200,200
417121,0,30,1,2,2,3,0,5,0,1,0,0,0,2,200,200,1,200,200,200,200
417121,0,30,1,2,2,3,0,5,0,1,0,0,0,0,6,0,0,0,0,200,200
417121,1,30,1,2,2,3,0,5,0,1,0,0,0,1,2,0,200,200,200,200,200
417122,0,30,1,2,2,0,10,2,0,1,3,11,11,1,8,200,3,200,0,200,200
417122,0,30,1,2,2,0,10,2,0,1,3,11,11,0,6,3,0,200,0,200,200
417122,0,30,1,2,2,0,10,2,0,1,3,11,11,0,6,200,0,200,0,200,200
417128,0,30,0,0,0,1,7,2,0,0,0,200,200,2,200,200,200,200,200,200,200
417129,0,30,0,0,2,3,9,5,0,1,0,0,200,2,200,200,200,200,200,200,200
417129,5,30,0,0,2,3,9,5,0,1,0,0,200,1,9,7,200,200,0,200,200
417130,0,30,2,2,2,3,0,2,0,1,0,0,200,2,200,200,6,200,200,200,200
417130,0,30,2,2,2,3,0,2,0,1,0,0,200,0,5,200,0,0,0,200,200
417131,0,25,0,0,2,3,7,6,0,1,0,23,200,0,5,0,7,12,0,200,200
417131,1,25,0,0,2,3,7,6,0,1,0,23,200,0,5,0,200,200,200,200,200
417133,0,30,0,0,0,1,3,7,0,1,0,20,200,1,200,200,200,200,200,200,200
417133,0,30,0,0,0,1,3,7,0,1,0,20,200,1,5,200,0,0,0,200,200
417134,0,25,2,2,2,3,12,5,0,1,0,22,17,1,7,200,2,0,0,200,200
417134,0,25,2,2,2,3,12,5,0,1,0,22,17,0,5,200,0,0,0,200,200
417138,0,30,1,5,2,3,0,2,0,1,0,17,0,1,200,200,1,200,200,200,200
417138,0,30,1,5,2,3,0,2,0,1,0,17,0,1,5,0,0,0,0,200,200
417139,0,35,0,0,2,3,10,6,0,1,200,11,34,0,6,200,6,4,200,200,200
417139,0,35,0,0,2,3,10,6,0,1,200,11,34,1,6,0,0,4,0,200,200
417145,0,35,1,2,2,3,12,3,0,1,0,0,0,1,5,0,200,0,0,200,200
417145,0,35,1,2,2,3,12,3,0,1,0,0,0,0,5,0,0,0,0,200,200
417148,0,30,2,2,2,3,14,5,0,1,0,0,200,1,6,0,0,0,0,200,200
417148,0,30,2,2,2,3,14,5,0,1,0,0,200,0,6,0,0,0,0,200,200
417149,0,30,200,12,2,3,10,6,0,1,200,16,200,0,6,200,8,200,200,200,200
417149,0,30,200,12,2,3,10,6,0,1,200,16,200,1,6,200,1,200,200,200,200
417157,0,30,1,2,1,3,9,6,0,1,3,0,0,0,200,200,200,200,200,200,200
417157,5,30,1,2,1,3,9,6,0,1,3,0,0,1,7,7,200,200,0,200,200
417158,0,35,1,2,0,1,10,5,0,200,200,0,0,0,7,200,200,0,200,200,200
417158,0,35,1,2,0,1,10,5,0,200,200,0,0,1,6,7,0,0,0,200,200
417159,0,30,0,0,2,3,10,5,0,1,0,0,0,0,7,200,200,200,200,200,200
417159,0,30,0,0,2,3,10,5,0,1,0,0,0,0,6,0,0,0,0,200,200
417159,1,30,0,0,2,3,10,5,0,1,0,0,0,0,200,200,200,200,200,200,200
417161,0,30,1,2,2,3,10,5,0,1,0,18,16,1,5,0,3,4,0,200,200
417161,0,30,1,2,2,3,10,5,0,1,0,18,16,1,6,0,0,4,0,200,200
417164,0,30,0,0,2,3,12,6,0,1,0,0,0,0,200,200,200,200,200,200,200
417164,0,30,0,0,2,3,12,6,0,1,0,0,0,0,5,200,200,4,0,200,200
417167,0,35,1,2,2,3,10,12,2,1,0,18,200,0,5,200,8,200,5,200,200
417167,0,35,1,2,2,3,10,12,2,1,0,18,200,1,7,0,0,0,0,200,200
417171,0,30,200,200,2,0,10,5,0,1,200,34,200,1,6,200,200,4,200,200,200
417171,0,30,200,200,2,0,10,5,0,1,200,34,200,2,200,200,200,200,200,200,200
417173,0,30,0,0,2,3,12,7,0,1,200,20,0,0,5,0,6,200,0,200,200
417173,0,30,0,0,2,3,12,7,0,1,200,20,0,1,200,0,0,200,200,200,200
417173,1,30,0,0,2,3,12,7,0,1,200,20,0,1,5,0,200,200,200,200,200
417173,1,30,0,0,2,3,12,7,0,1,200,20,0,0,5,0,200,200,200,200,200
417175,0,35,2,2,2,3,10,3,0,1,0,0,0,0,6,0,200,0,0,200,200
417175,0,35,2,2,2,3,10,3,0,1,0,0,0,0,5,0,0,0,0,200,200
417176,0,30,0,0,2,3,9,2,0,1,0,17,16,0,7,0,1,0,0,200,200
417176,5,30,0,0,2,3,9,2,0,1,0,17,16,1,7,200,0,0,0,200,200
417177,0,20,1,2,0,3,14,5,0,1,0,34,20,1,5,0,6,0,0,200,200
417177,0,20,1,2,0,3,14,5,0,1,0,34,20,0,7,0,0,0,0,200,200
417182,0,35,0,0,2,3,10,5,0,1,0,34,0,0,200,200,200,200,200,200,200
417182,0,35,0,0,2,3,10,5,0,1,0,34,0,0,4,0,0,0,0,200,200
417185,0,30,2,2,0,1,0,2,0,0,0,17,200,0,200,200,1,200,200,200,200
417185,0,30,2,2,0,1,0,2,0,0,0,17,200,0,5,200,0,200,0,200,200
417188,0,30,0,0,0,1,0,0,0,0,0,17,17,0,5,0,1,0,0,200,200
417188,0,30,0,0,0,1,0,0,0,0,0,17,17,1,7,1,0,0,0,200,200
417188,1,30,0,0,0,1,0,0,0,0,0,17,17,1,8,0,200,200,200,200,200
417195,0,25,2,200,2,3,9,6,0,1,200,5,5,1,6,0,5,200,200,200,200
417195,5,25,2,200,2,3,9,6,0,1,200,5,5,1,6,7,0,0,0,200,200
417198,0,30,0,0,2,3,12,5,0,1,0,22,0,1,5,200,1,0,200,200,200
417198,0,30,0,0,2,3,12,5,0,1,0,22,0,0,5,0,0,0,0,200,200
417200,0,30,1,2,0,3,0,5,0,1,200,0,0,1,200,200,1,200,200,200,200
417200,0,30,1,2,0,3,0,5,0,1,200,0,0,0,7,0,0,200,0,200,200
417200,1,30,1,2,0,3,0,5,0,1,200,0,0,0,200,200,200,200,200,200,200
417200,1,30,1,2,0,3,0,5,0,1,200,0,0,0,200,0,200,200,200,200,200
417204,0,30,0,0,2,3,7,6,0,1,0,0,0,0,6,200,12,200,200,200,200
417205,0,30,2,2,2,3,0,5,0,1,200,0,200,0,4,200,12,200,0,200,200
417205,0,30,2,2,2,3,0,5,0,1,200,0,200,1,6,200,200,200,0,200,200
417205,1,30,2,2,2,3,0,5,0,1,200,0,200,1,4,200,200,200,200,200,200
417209,0,30,0,0,2,3,10,2,0,1,3,18,34,0,200,200,0,200,0,200,200
417209,0,30,0,0,2,3,10,2,0,1,3,18,34,1,7,0,3,0,0,200,200
417212,0,30,1,2,2,3,14,2,0,1,0,16,16,0,4,0,8,0,0,200,200
417212,0,30,1,2,2,3,14,2,0,1,0,16,16,0,6,0,0,0,0,200,200
417212,1,30,1,2,2,3,14,2,0,1,0,16,16,0,3,0,200,200,200,200,200
417212,1,30,1,2,2,3,14,2,0,1,0,16,16,0,4,0,200,200,200,200,200
417212,1,30,1,2,2,3,14,2,0,1,0,16,16,0,3,0,200,200,200,200,200
417212,1,30,1,2,2,3,14,2,0,1,0,16,16,0,200,0,200,200,200,200,200
417212,1,30,1,2,2,3,14,2,0,1,0,16,16,1,6,0,200,200,200,200,200
417212,1,30,1,2,2,3,14,2,0,1,0,16,16,1,1,0,200,200,200,200,200
417212,1,30,1,2,2,3,14,2,0,1,0,16,16,1,2,0,200,200,200,200,200
417212,1,30,1,2,2,3,14,2,0,1,0,16,16,0,2,0,200,200,200,200,200
417213,0,30,2,2,1,3,14,5,0,1,200,17,23,1,3,200,1,200,0,200,200
417213,0,30,2,2,1,3,14,5,0,1,200,17,23,0,6,0,0,200,0,200,200
417213,1,30,2,2,1,3,14,5,0,1,200,17,23,0,4,0,200,200,200,200,200
417213,1,30,2,2,1,3,14,5,0,1,200,17,23,1,3,0,200,200,200,200,200
417214,0,30,1,2,2,3,0,5,0,1,200,17,0,0,200,200,1,200,200,200,200
417214,0,30,1,2,2,3,0,5,0,1,200,17,0,1,3,0,0,200,200,200,200
417214,1,30,1,2,2,3,0,5,0,1,200,17,0,0,200,0,200,200,200,200,200
417214,1,30,1,2,2,3,0,5,0,1,200,17,0,0,200,200,200,200,200,200,200
417214,1,30,1,2,2,3,0,5,0,1,200,17,0,0,200,200,200,200,200,200,200
417218,0,30,0,0,0,3,7,2,0,1,0,0,0,0,6,200,200,0,0,200,200
417219,0,30,0,0,2,3,14,2,0,1,0,0,0,0,6,0,1,0,0,200,200
417219,0,30,0,0,2,3,14,2,0,1,0,0,0,1,4,0,0,0,0,200,200
417219,1,30,0,0,2,3,14,2,0,1,0,0,0,0,3,0,200,200,200,200,200
417224,0,30,0,0,0,3,7,6,0,1,0,15,0,2,200,200,200,200,200,200,200
417228,0,30,1,2,2,3,12,6,0,1,0,22,21,0,6,200,4,0,0,200,200
417228,0,30,1,2,2,3,12,6,0,1,0,22,21,0,0,200,0,0,0,200,200
417228,1,30,1,2,2,3,12,6,0,1,0,22,21,0,0,200,200,200,200,200,200
417230,0,30,1,2,0,3,12,3,0,0,0,16,14,2,200,200,13,200,200,200,200
417230,0,30,1,2,0,3,12,3,0,0,0,16,14,1,4,200,0,200,200,200,200
417230,0,30,1,2,0,3,12,3,0,0,0,16,14,0,7,200,0,0,0,200,200
417230,1,30,1,2,0,3,12,3,0,0,0,16,14,1,4,200,200,200,200,200,200
417230,1,30,1,2,0,3,12,3,0,0,0,16,14,0,4,200,200,200,200,200,200
417234,0,30,1,2,2,3,0,2,0,1,0,34,0,0,4,200,200,0,0,200,200
417234,0,30,1,2,2,3,0,2,0,1,0,34,0,0,5,200,200,0,0,200,200
417238,0,30,1,2,2,3,0,5,0,1,0,0,0,0,5,200,1,0,0,200,200
417238,0,30,1,2,2,3,0,5,0,1,0,0,0,0,6,200,0,0,0,200,200
417239,0,30,0,0,2,0,5,2,0,1,1,34,200,0,5,3,0,0,0,200,200
417243,0,30,2,0,2,0,0,2,0,1,0,17,200,1,200,200,1,200,200,200,200
417243,0,30,2,0,2,0,0,2,0,1,0,17,200,1,4,0,0,200,0,200,200
417245,0,30,0,0,2,3,2,5,0,1,0,0,0,1,7,200,0,200,0,200,200
417245,1,30,0,0,2,3,2,5,0,1,0,0,0,0,8,200,200,200,200,200,200
417258,0,30,2,0,0,3,14,2,0,0,0,0,0,0,5,200,200,200,200,200,200
417258,0,30,2,0,0,3,14,2,0,0,0,0,0,1,5,200,200,200,0,200,200
417258,1,30,2,0,0,3,14,2,0,0,0,0,0,1,5,200,200,200,200,200,200
417266,0,30,1,2,0,3,10,2,0,1,0,0,200,0,6,200,1,0,0,200,200
417266,0,30,1,2,0,3,10,2,0,1,0,0,200,0,8,200,0,0,0,200,200
417266,0,30,1,2,0,3,10,2,0,1,0,0,200,0,6,200,0,0,0,200,200
417268,0,30,0,0,2,3,12,5,0,1,0,0,25,2,200,200,8,200,200,200,200
417268,0,30,0,0,2,3,12,5,0,1,0,0,25,0,6,200,0,200,0,200,200
417268,0,30,0,0,2,3,12,5,0,1,0,0,25,2,200,200,200,200,200,200,200
417271,0,30,0,0,2,3,0,5,0,1,0,34,34,0,9,0,8,200,200,200,200
417271,0,30,0,0,2,3,0,5,0,1,0,34,34,0,4,0,0,0,0,200,200
417271,1,30,0,0,2,3,0,5,0,1,0,34,34,0,5,0,200,200,200,200,200
417272,0,30,0,0,2,3,7,5,0,1,0,21,3,2,200,200,200,200,200,200,200
417281,0,30,2,2,0,3,0,2,0,1,0,17,200,0,8,200,1,200,0,200,200
417281,0,30,2,2,0,3,0,2,0,1,0,17,200,0,5,200,0,200,0,200,200
417284,0,25,0,0,0,3,12,3,3,0,0,17,200,0,4,200,1,0,0,200,200
417284,0,25,0,0,0,3,12,3,3,0,0,17,200,1,6,7,1,0,0,200,200
417285,0,30,0,12,0,3,12,5,0,1,200,22,34,0,5,0,2,0,0,200,200
417285,0,30,0,12,0,3,12,5,0,1,200,22,34,1,6,0,0,200,0,200,200
417285,1,30,0,12,0,3,12,5,0,1,200,22,34,1,4,0,200,200,200,200,200
417286,0,30,1,2,0,3,10,5,0,0,0,16,18,0,5,200,3,0,0,200,200
417286,0,30,1,2,0,3,10,5,0,0,0,16,18,0,5,200,0,0,0,200,200
417286,1,30,1,2,0,3,10,5,0,0,0,16,18,0,6,200,200,200,200,200,200
417291,0,30,0,0,0,3,7,6,0,0,0,0,0,2,200,200,6,200,200,200,200
417293,0,25,0,0,0,3,7,6,0,0,0,0,0,2,200,200,200,200,200,200,200
417296,0,30,1,2,0,3,10,5,0,0,0,16,32,0,6,200,5,0,5,200,200
417296,0,30,1,2,0,3,10,5,0,0,0,16,32,0,7,0,0,0,0,200,200
417296,0,30,1,2,0,3,10,5,0,0,0,16,32,1,8,0,0,0,0,200,200
417296,1,30,1,2,0,3,10,5,0,0,0,16,32,1,8,0,200,200,200,200,200
417302,0,30,0,0,0,3,7,6,0,1,0,20,200,1,200,200,200,200,200,200,200
417307,0,30,1,2,2,0,10,2,0,1,0,16,200,2,200,200,200,200,200,200,200
417307,0,30,1,2,2,0,10,2,0,1,0,16,200,0,6,200,0,0,0,200,200
417307,1,30,1,2,2,0,10,2,0,1,0,16,200,1,6,200,200,200,200,200,200
417307,1,30,1,2,2,0,10,2,0,1,0,16,200,200,2,200,200,200,200,200,200
417307,1,30,1,2,2,0,10,2,0,1,0,16,200,200,1,200,200,200,200,200,200
417307,1,30,1,2,2,0,10,2,0,1,0,16,200,200,2,200,200,200,200,200,200
417317,0,30,1,2,2,3,12,2,0,1,200,11,0,2,200,200,12,200,200,200,200
417317,0,30,1,2,2,3,12,2,0,1,200,11,0,0,6,0,0,0,0,200,200
417322,0,30,1,2,2,3,11,1,0,1,0,0,200,0,7,200,12,0,200,200,200
417322,0,30,1,2,2,3,11,1,0,1,0,0,200,0,5,200,0,0,0,200,200
417333,0,30,0,0,0,3,7,5,0,0,0,32,200,1,6,200,12,0,5,200,200
417334,0,30,1,2,0,1,14,12,0,0,0,23,0,0,6,200,7,0,0,200,200
417334,0,30,1,2,0,1,14,12,0,0,0,23,0,1,5,0,0,0,0,200,200
417338,0,30,2,2,1,3,14,6,0,1,0,17,0,2,200,200,1,200,200,200,200
417338,0,30,2,2,1,3,14,6,0,1,0,17,0,0,6,0,0,0,0,200,200
417338,1,30,2,2,1,3,14,6,0,1,0,17,0,1,6,200,200,200,200,200,200
417338,1,30,2,2,1,3,14,6,0,1,0,17,0,0,6,200,200,200,200,200,200
417339,0,30,0,0,0,3,12,5,0,1,200,0,0,0,5,0,200,200,200,200,200
417339,0,30,0,0,0,3,12,5,0,1,200,0,0,0,7,0,200,200,200,200,200
417339,1,30,0,0,0,3,12,5,0,1,200,0,0,200,200,0,200,200,200,200,200
417344,0,30,12,12,0,3,12,5,0,0,0,7,7,0,6,200,12,0,0,200,200
417344,0,30,12,12,0,3,12,5,0,0,0,7,7,0,200,200,12,200,200,200,200
417345,0,30,1,0,12,3,14,1,0,1,0,0,0,1,4,200,12,0,0,200,200
417345,0,30,1,0,12,3,14,1,0,1,0,0,0,0,3,0,12,0,0,200,200
417345,0,30,1,0,12,3,14,1,0,1,0,0,0,1,6,0,0,0,0,200,200
417345,1,30,1,0,12,3,14,1,0,1,0,0,0,0,5,0,200,200,200,200,200
417345,1,30,1,0,12,3,14,1,0,1,0,0,0,1,5,0,200,200,200,200,200
417356,0,30,1,2,0,3,14,2,0,0,0,23,200,0,7,200,7,0,0,200,200
417356,0,30,1,2,0,3,14,2,0,0,0,23,200,0,6,0,0,0,0,200,200
417357,0,30,1,1,0,3,14,2,0,1,0,17,17,0,6,0,12,0,0,200,200
417357,0,30,1,1,0,3,14,2,0,1,0,17,17,1,8,0,12,0,0,200,200
417357,1,30,1,1,0,3,14,2,0,1,0,17,17,1,5,0,200,200,200,200,200
417357,1,30,1,1,0,3,14,2,0,1,0,17,17,1,6,0,200,200,200,200,200
417358,0,30,2,2,0,3,0,5,0,0,0,5,17,2,200,200,5,200,200,200,200
417358,0,30,2,2,0,3,0,5,0,0,0,5,17,1,5,200,0,0,0,200,200
417363,0,30,0,0,0,3,7,6,0,0,0,0,0,0,5,0,200,0,0,200,200
417363,1,30,0,0,0,3,7,6,0,0,0,0,0,1,5,0,200,200,200,200,200
417366,0,30,200,200,0,3,10,5,0,0,0,32,16,0,6,1,3,0,5,200,200
417366,0,30,200,200,0,3,10,5,0,0,0,32,16,0,6,0,0,0,0,200,200
417366,1,30,200,200,0,3,10,5,0,0,0,32,16,1,5,0,200,200,200,200,200
417368,0,30,1,2,0,3,10,2,0,1,0,16,7,0,7,200,1,0,2,200,200
417368,0,30,1,2,0,3,10,2,0,1,0,16,7,0,8,200,0,0,0,200,200
417368,0,30,1,2,0,3,10,2,0,1,0,16,7,1,6,0,0,0,0,200,200
417368,1,30,1,2,0,3,10,2,0,1,0,16,7,0,6,200,200,200,200,200,200
417368,1,30,1,2,0,3,10,2,0,1,0,16,7,0,5,0,200,200,200,200,200
417376,0,35,1,2,0,3,10,1,0,0,0,18,25,0,200,200,3,200,200,200,200
417376,0,35,1,2,0,3,10,1,0,0,0,18,25,0,5,0,0,0,0,200,200
417384,0,30,1,2,0,1,12,1,0,0,0,0,0,0,6,200,200,200,0,200,200
417384,0,30,1,2,0,1,12,1,0,0,0,0,0,1,5,200,0,200,0,200,200
417392,0,30,1,2,0,3,12,5,0,0,0,0,0,0,200,200,200,200,200,200,200
417392,0,30,1,2,0,3,12,5,0,0,0,0,0,0,5,0,0,0,0,200,200
417396,0,30,0,0,0,3,7,1,0,0,200,16,16,0,5,0,12,12,2,200,200
417402,0,55,1,2,0,3,14,3,0,0,0,23,200,1,5,200,200,0,0,200,200
417402,0,55,1,2,0,3,14,3,0,0,0,23,200,0,7,0,0,0,0,200,200