RD_NO,PERSON_TYPE,POSTED_SPEED_LIMIT,TRAFFIC_CONTROL_DEVICE,DEVICE_CONDITION,WEATHER_CONDITION,LIGHTING_CONDITION,FIRST_CRASH_TYPE,TRAFFICWAY_TYPE,ALIGNMENT,ROADWAY_SURFACE_COND,ROAD_DEFECT,PRIM_CONTRIBUTORY_CAUSE,SEC_CONTRIBUTORY_CAUSE,SEX,AGE,SAFETY_EQUIPMENT,DRIVER_ACTION,DRIVER_VISION,PHYSICAL_CONDITION,BAC_RESULT VALUE,CELL_PHONE_USE
418006,0,30,0,0,0,1,10,5,0,0,0,200,200,0,5,1,0,0,0,200,200
418006,1,30,0,0,0,1,10,5,0,0,0,200,200,1,200,0,200,200,200,200,200
418009,0,30,0,0,0,1,7,5,0,0,200,0,0,2,200,200,200,200,200,200,200
418011,0,30,1,2,0,1,12,1,0,0,0,0,200,0,5,0,200,0,0,200,200
418011,0,30,1,2,0,1,12,1,0,0,0,0,200,0,6,0,0,0,0,200,200
418012,0,5,0,0,0,1,7,0,0,0,0,200,200,0,200,200,12,200,200,200,200
418017,0,30,1,2,5,1,10,2,0,1,0,18,16,0,6,0,0,0,0,200,200
418017,0,30,1,2,5,1,10,2,0,1,0,18,16,1,6,0,0,0,0,200,200
418017,0,30,1,2,5,1,10,2,0,1,0,18,16,1,5,0,0,0,0,200,200
418018,0,15,0,0,1,1,10,7,0,0,0,20,200,0,8,200,6,0,0,200,200
418018,0,15,0,0,1,1,10,7,0,0,0,20,200,1,7,200,6,0,0,200,200
418018,1,15,0,0,1,1,10,7,0,0,0,20,200,1,8,200,200,200,200,200,200
418018,1,15,0,0,1,1,10,7,0,0,0,20,200,0,6,200,200,200,200,200,200
418018,1,15,0,0,1,1,10,7,0,0,0,20,200,0,8,200,200,200,200,200,200
418019,0,30,1,2,0,1,12,5,0,0,0,21,200,1,6,0,200,4,0,200,200
418019,0,30,1,2,0,1,12,5,0,0,0,21,200,0,7,0,0,0,0,200,200
418019,1,30,1,2,0,1,12,5,0,0,0,21,200,2,200,200,200,200,200,200,200
418021,0,30,1,2,0,1,10,5,0,0,0,18,18,1,8,0,0,0,0,200,200
418024,0,30,2,0,0,1,0,5,0,1,1,17,11,1,7,0,1,0,0,200,200
418024,0,30,2,0,0,1,0,5,0,1,1,17,11,0,8,0,0,0,0,200,200
418025,0,30,1,2,0,1,0,5,2,0,200,6,11,1,7,200,200,0,200,200,200
418025,0,30,1,2,0,1,0,5,2,0,200,6,11,0,6,200,200,0,200,200,200
418025,0,30,1,2,0,1,0,5,2,0,200,6,11,1,7,200,200,0,200,200,200
418025,1,30,1,2,0,1,0,5,2,0,200,6,11,1,7,200,200,200,200,200,200
418025,1,30,1,2,0,1,0,5,2,0,200,6,11,0,7,200,200,200,200,200,200
418029,0,30,2,2,0,1,12,5,0,0,0,3,6,2,200,200,2,200,200,200,200
418029,0,30,2,2,0,1,12,5,0,0,0,3,6,0,5,0,0,0,0,200,200
418035,0,30,0,0,0,1,10,5,0,1,0,20,0,1,7,200,6,200,0,200,200
418035,0,30,0,0,0,1,10,5,0,1,0,20,0,0,7,0,0,0,0,200,200
418041,0,30,0,0,0,1,7,6,0,0,0,200,200,0,6,0,200,0,0,200,200
418042,0,30,2,0,0,1,0,5,0,0,0,0,0,1,5,0,1,0,0,200,200
418042,0,30,2,0,0,1,0,5,0,0,0,0,0,1,5,7,0,0,0,200,200
418043,0,30,0,0,0,1,7,5,0,1,0,21,16,1,200,200,12,0,0,200,200
418043,1,30,0,0,0,1,7,5,0,1,0,21,16,0,200,0,200,200,200,200,200
418045,0,30,0,0,0,1,7,3,0,0,0,0,0,1,200,200,12,0,0,200,200
418048,0,30,0,0,0,1,12,2,0,0,0,17,200,1,5,0,1,0,0,200,200
418048,0,30,0,0,0,1,12,2,0,0,0,17,200,1,7,0,0,0,0,200,200
418048,1,30,0,0,0,1,12,2,0,0,0,17,200,1,8,0,200,200,200,200,200
418054,0,35,1,2,0,1,10,5,0,0,0,0,0,0,6,0,12,0,0,200,200
418054,0,35,1,2,0,1,10,5,0,0,0,0,0,1,5,0,0,0,0,200,200
418054,1,35,1,2,0,1,10,5,0,0,0,0,0,0,5,0,200,200,200,200,200
418054,1,35,1,2,0,1,10,5,0,0,0,0,0,1,6,0,200,200,200,200,200
418054,1,35,1,2,0,1,10,5,0,0,0,0,0,1,2,0,200,200,200,200,200
418057,0,30,1,2,0,1,12,5,0,0,0,17,22,2,200,200,4,200,200,200,200
418057,0,30,1,2,0,1,12,5,0,0,0,17,22,0,6,200,0,0,0,200,200
418059,0,30,1,2,0,1,10,5,0,0,0,0,200,1,200,200,200,200,200,200,200
418059,0,30,1,2,0,1,10,5,0,0,0,0,200,1,5,0,0,0,0,200,200
418062,0,30,1,2,0,1,0,2,0,0,0,6,200,2,200,200,5,200,200,200,200
418062,0,30,1,2,0,1,0,2,0,0,0,6,200,0,8,0,0,0,0,200,200
418063,0,35,0,0,0,1,7,5,0,0,0,0,0,2,200,200,200,200,200,200,200
418064,0,30,0,0,0,1,9,7,0,0,0,20,0,0,200,200,6,200,200,200,200
418064,5,30,0,0,0,1,9,7,0,0,0,20,0,1,5,7,0,200,200,200,200
418065,0,30,2,2,0,1,0,12,0,0,0,5,200,0,5,200,12,200,0,200,200
418065,0,30,2,2,0,1,0,12,0,0,0,5,200,0,6,0,0,0,0,200,200
418068,0,30,1,2,0,1,10,6,0,0,0,0,0,1,200,200,3,0,0,200,200
418068,0,30,1,2,0,1,10,6,0,0,0,0,0,0,200,0,0,0,0,200,200
418068,1,30,1,2,0,1,10,6,0,0,0,0,0,1,200,200,200,200,200,200,200
418068,1,30,1,2,0,1,10,6,0,0,0,0,0,1,200,0,200,200,200,200,200
418068,1,30,1,2,0,1,10,6,0,0,0,0,0,1,2,0,200,200,200,200,200
418068,1,30,1,2,0,1,10,6,0,0,0,0,0,1,3,0,200,200,200,200,200
418069,0,30,1,2,1,1,10,5,0,0,0,0,200,1,5,0,200,0,0,200,200
418069,0,30,1,2,1,1,10,5,0,0,0,0,200,1,7,0,0,0,0,200,200
418069,1,30,1,2,1,1,10,5,0,0,0,0,200,1,4,0,200,200,200,200,200
418070,0,30,0,0,0,1,10,2,0,0,0,16,0,1,5,200,8,0,0,200,200
418070,0,30,0,0,0,1,10,2,0,0,0,16,0,1,6,0,0,0,0,200,200
418071,0,35,0,0,0,1,10,2,0,0,0,18,18,0,200,0,3,0,0,200,200
418071,0,35,0,0,0,1,10,2,0,0,0,18,18,1,6,0,12,0,0,200,200
418071,1,35,0,0,0,1,10,2,0,0,0,18,18,1,200,0,200,200,200,200,200
418071,1,35,0,0,0,1,10,2,0,0,0,18,18,0,200,0,200,200,200,200,200
418071,1,35,0,0,0,1,10,2,0,0,0,18,18,1,3,0,200,200,200,200,200
418071,1,35,0,0,0,1,10,2,0,0,0,18,18,1,3,0,200,200,200,200,200
418072,0,30,0,0,0,1,12,5,0,0,0,0,0,0,6,0,200,0,0,200,200
418072,0,30,0,0,0,1,12,5,0,0,0,0,0,0,6,0,0,0,0,200,200
418072,1,30,0,0,0,1,12,5,0,0,0,0,0,1,6,0,200,200,200,200,200
418072,1,30,0,0,0,1,12,5,0,0,0,0,0,0,2,0,200,200,200,200,200
418072,1,30,0,0,0,1,12,5,0,0,0,0,0,1,2,0,200,200,200,200,200
418080,0,30,0,0,0,1,10,5,0,0,0,20,11,0,6,0,6,0,0,200,200
418080,0,30,0,0,0,1,10,5,0,0,0,20,11,0,7,0,0,0,0,200,200
418080,1,30,0,0,0,1,10,5,0,0,0,20,11,0,200,0,200,200,200,200,200
418082,0,30,1,2,0,1,10,5,0,0,200,0,0,0,3,0,12,0,0,200,200
418082,0,30,1,2,0,1,10,5,0,0,200,0,0,0,6,0,0,0,0,200,200
418082,1,30,1,2,0,1,10,5,0,0,200,0,0,1,6,0,200,200,200,200,200
418085,0,5,0,0,200,1,2,0,0,200,0,200,200,0,200,200,12,200,200,200,200
418086,0,30,0,0,0,1,10,7,0,0,0,200,200,1,200,200,0,200,200,200,200
418086,0,30,0,0,0,1,10,7,0,0,0,200,200,0,7,200,0,200,200,200,200
418086,1,30,0,0,0,1,10,7,0,0,0,200,200,1,200,0,200,200,200,200,200
418086,1,30,0,0,0,1,10,7,0,0,0,200,200,1,200,200,200,200,200,200,200
418089,0,40,0,0,0,1,12,12,0,0,0,21,0,0,7,0,4,0,0,200,200
418089,0,40,0,0,0,1,12,12,0,0,0,21,0,0,7,0,0,0,0,200,200
418089,1,40,0,0,0,1,12,12,0,0,0,21,0,1,200,0,200,200,200,200,200
418089,1,40,0,0,0,1,12,12,0,0,0,21,0,1,200,0,200,200,200,200,200
418089,1,40,0,0,0,1,12,12,0,0,0,21,0,1,200,0,200,200,200,200,200
418092,0,30,0,0,0,1,7,2,0,0,0,21,200,1,8,0,4,0,0,200,200
418093,0,30,2,2,0,1,10,2,0,0,0,18,0,0,5,200,3,0,0,200,200
418093,0,30,2,2,0,1,10,2,0,0,0,18,0,0,6,0,0,0,0,200,200
418096,0,30,1,200,0,1,14,3,0,0,0,23,0,1,200,200,7,200,200,200,200
418096,0,30,1,200,0,1,14,3,0,0,0,23,0,0,6,200,0,0,0,200,200
418096,1,30,1,200,0,1,14,3,0,0,0,23,0,200,200,200,200,200,200,200,200
418098,0,30,1,2,0,1,14,2,0,0,0,18,0,0,200,0,3,0,0,200,200
418098,0,30,1,2,0,1,14,2,0,0,0,18,0,0,5,0,200,0,0,200,200
418100,0,10,0,3,0,1,7,7,0,0,0,25,0,2,200,200,200,200,200,200,200
418113,0,30,0,0,0,1,2,6,0,0,1,0,200,0,6,0,200,0,0,200,200
418115,0,30,0,0,0,1,5,2,0,0,0,12,200,0,6,200,0,0,0,200,200
418122,0,30,2,2,0,1,0,5,0,0,200,17,33,0,6,0,1,1,0,200,200
418122,0,30,2,2,0,1,0,5,0,0,200,17,33,0,6,0,0,0,0,200,200
418125,0,35,1,2,0,1,14,2,0,0,0,17,200,0,200,200,1,200,200,200,200
418125,0,35,1,2,0,1,14,2,0,0,0,17,200,1,5,200,0,0,0,200,200
418126,0,30,1,2,0,1,12,5,0,0,0,22,16,1,5,200,4,12,0,200,200
418126,0,30,1,2,0,1,12,5,0,0,0,22,16,1,7,200,0,0,0,200,200
418128,0,30,12,200,2,1,9,6,0,1,0,3,17,0,5,0,9,0,200,200,200
418128,5,30,12,200,2,1,9,6,0,1,0,3,17,1,5,7,0,0,0,200,200
418129,0,30,1,2,0,1,10,3,0,0,0,18,200,0,5,200,3,200,200,200,200
418129,0,30,1,2,0,1,10,3,0,0,0,18,200,0,200,0,0,0,0,200,200
418134,0,30,0,0,1,1,12,2,0,0,0,22,200,1,200,200,2,200,200,200,200
418134,0,30,0,0,1,1,12,2,0,0,0,22,200,1,6,0,0,0,0,200,200
418136,0,30,0,0,1,1,7,6,0,200,200,0,0,2,200,200,200,200,200,200,200
418139,0,30,0,0,0,1,12,3,0,0,0,0,0,0,200,200,200,0,200,200,200
418139,0,30,0,0,0,1,12,3,0,0,0,0,0,0,200,0,200,0,0,200,200
418139,1,30,0,0,0,1,12,3,0,0,0,0,0,1,200,0,200,200,200,200,200
418145,0,30,0,0,0,1,10,5,0,0,0,18,200,2,200,200,3,200,200,200,200
418145,0,30,0,0,0,1,10,5,0,0,0,18,200,1,6,0,0,0,0,200,200
418145,1,30,0,0,0,1,10,5,0,0,0,18,200,0,3,0,200,200,200,200,200
418145,1,30,0,0,0,1,10,5,0,0,0,18,200,1,2,0,200,200,200,200,200
418146,0,30,0,0,0,1,10,2,0,0,0,0,0,0,5,200,200,0,200,200,200
418146,0,30,0,0,0,1,10,2,0,0,0,0,0,1,6,0,200,0,0,200,200
418148,0,30,1,200,2,3,10,5,0,1,200,0,0,2,200,200,200,200,200,200,200
418148,0,30,1,200,2,3,10,5,0,1,200,0,0,1,6,200,200,200,200,200,200
418148,0,30,1,200,2,3,10,5,0,1,200,0,0,2,200,200,200,200,200,200,200
418153,0,30,0,0,200,0,7,2,0,200,0,0,200,2,200,200,200,200,200,200,200
418157,0,30,0,0,0,1,7,5,0,0,0,200,200,2,200,200,200,200,200,200,200
418158,0,30,0,0,0,1,7,5,0,0,0,200,200,0,6,0,0,0,0,200,200
418159,0,30,2,2,0,1,2,6,0,0,12,28,200,1,6,0,0,0,0,200,200
418159,1,30,2,2,0,1,2,6,0,0,12,28,200,1,0,5,200,200,200,200,200
418162,0,35,0,0,0,1,10,7,0,0,0,0,0,2,200,200,200,200,200,200,200
418162,0,35,0,0,0,1,10,7,0,0,0,0,0,0,5,0,0,0,0,200,200
418170,0,30,1,2,0,1,0,12,0,0,0,6,17,0,7,200,5,0,0,200,200
418170,0,30,1,2,0,1,0,12,0,0,0,6,17,0,6,0,0,0,0,200,200
418170,5,30,1,2,0,1,0,12,0,0,0,6,17,0,6,200,0,0,0,200,200
418170,5,30,1,2,0,1,0,12,0,0,0,6,17,1,6,7,0,0,0,200,200
418170,1,30,1,2,0,1,0,12,0,0,0,6,17,1,6,1,200,200,200,200,200
418170,1,30,1,2,0,1,0,12,0,0,0,6,17,1,200,1,200,200,200,200,200
418170,1,30,1,2,0,1,0,12,0,0,0,6,17,1,4,0,200,200,200,200,200
418170,1,30,1,2,0,1,0,12,0,0,0,6,17,1,6,0,200,200,200,200,200
418170,1,30,1,2,0,1,0,12,0,0,0,6,17,0,5,200,200,200,200,200,200
418173,0,30,0,0,2,1,10,5,0,1,0,0,200,0,200,200,200,200,200,200,200
418173,0,30,0,0,2,1,10,5,0,1,0,0,200,1,200,0,200,200,0,200,200
418173,0,30,0,0,2,1,10,5,0,1,0,0,200,0,200,200,200,200,200,200,200
418173,1,30,0,0,2,1,10,5,0,1,0,0,200,1,200,200,200,200,200,200,200
418174,0,30,12,2,0,1,7,5,0,0,0,22,0,0,7,200,0,0,0,200,200
418174,1,30,12,2,0,1,7,5,0,0,0,22,0,0,200,0,200,200,200,200,200
418174,1,30,12,2,0,1,7,5,0,0,0,22,0,1,200,0,200,200,200,200,200
418182,0,30,0,0,0,1,14,5,0,0,200,17,200,1,4,0,1,0,0,200,200
418182,0,30,0,0,0,1,14,5,0,0,200,17,200,1,7,0,0,200,2,200,200
418188,0,30,0,0,0,1,7,2,0,0,0,27,0,1,200,200,12,200,2,200,200
418188,1,30,0,0,0,1,7,2,0,0,0,27,0,1,5,0,200,200,200,200,200
418188,1,30,0,0,0,1,7,2,0,0,0,27,0,1,6,0,200,200,200,200,200
418190,0,30,0,0,0,1,10,5,0,0,0,18,16,0,200,200,3,200,200,200,200
418190,0,30,0,0,0,1,10,5,0,0,0,18,16,0,7,0,0,0,0,200,200
418191,0,30,1,2,0,1,14,5,0,0,0,22,200,2,8,200,1,200,200,200,200
418191,0,30,1,2,0,1,14,5,0,0,0,22,200,0,8,0,0,4,0,200,200
418197,0,30,1,2,0,1,12,2,0,0,0,0,0,1,200,200,200,200,200,200,200
418197,0,30,1,2,0,1,12,2,0,0,0,0,0,0,7,0,0,0,0,200,200
418199,0,20,0,0,0,1,7,7,0,0,200,0,0,2,200,200,200,200,200,200,200
418201,0,30,2,2,0,1,0,6,0,0,0,17,200,1,6,200,1,0,0,200,200
418201,0,30,2,2,0,1,0,6,0,0,0,17,200,0,7,200,1,0,0,200,200
418201,1,30,2,2,0,1,0,6,0,0,0,17,200,1,2,200,200,200,200,200,200
418203,0,30,0,0,0,1,10,5,0,0,0,0,0,0,7,200,12,200,200,200,200
418203,0,30,0,0,0,1,10,5,0,0,0,0,0,0,7,0,0,0,0,200,200
418208,0,25,0,0,0,1,7,5,0,0,0,20,0,0,6,0,6,0,0,200,200
418213,0,30,0,0,0,1,7,2,0,0,0,11,16,0,8,2,12,200,0,0,200
418216,0,35,2,2,0,1,10,5,0,0,0,18,0,1,7,200,3,200,200,200,200
418216,0,35,2,2,0,1,10,5,0,0,0,18,0,0,6,0,0,0,0,200,200
418219,0,30,0,0,0,1,10,5,0,1,0,18,0,0,6,0,3,200,0,200,200
418219,0,30,0,0,0,1,10,5,0,1,0,18,0,1,5,0,0,0,0,200,200
418223,0,30,0,0,0,4,10,5,0,0,0,200,200,1,8,0,0,0,0,200,200
418223,0,30,0,0,0,4,10,5,0,0,0,200,200,1,7,7,0,0,0,200,200
418224,0,0,0,0,0,1,11,7,0,0,0,20,11,0,200,200,6,200,200,200,200
418224,0,0,0,0,0,1,11,7,0,0,0,20,11,1,7,0,0,0,0,200,200
418224,1,0,0,0,0,1,11,7,0,0,0,20,11,200,200,0,200,200,200,200,200
418224,1,0,0,0,0,1,11,7,0,0,0,20,11,1,200,200,200,200,200,200,200
418227,0,30,0,0,0,1,10,5,2,0,0,18,18,0,6,0,3,0,0,200,200
418227,0,30,0,0,0,1,10,5,2,0,0,18,18,0,7,0,0,0,0,200,200
418227,1,30,0,0,0,1,10,5,2,0,0,18,18,1,8,0,200,200,200,200,200
418230,0,30,0,0,0,1,12,2,0,0,0,0,200,0,8,7,0,0,0,200,200
418230,0,30,0,0,0,1,12,2,0,0,0,0,200,0,5,7,0,0,0,200,200
418234,0,25,0,0,0,1,7,5,0,0,0,25,200,0,6,0,13,0,0,200,200
418234,1,25,0,0,0,1,7,5,0,0,0,25,200,0,6,0,200,200,200,200,200
418235,0,30,1,2,0,1,12,3,0,0,0,17,0,0,6,200,1,0,0,200,200
418235,0,30,1,2,0,1,12,3,0,0,0,17,0,0,6,7,0,0,0,200,200
418242,4,20,0,0,0,1,8,6,0,0,0,0,0,1,7,200,0,200,200,200,200
418242,0,20,0,0,0,1,8,6,0,0,0,0,0,0,6,200,200,200,200,200,200
418248,0,0,0,0,0,1,12,3,0,0,0,0,0,0,200,200,200,200,200,200,200
418248,0,0,0,0,0,1,12,3,0,0,0,0,0,1,6,200,0,200,0,200,200
418250,0,30,0,0,0,1,10,3,0,0,0,16,18,2,200,200,3,200,200,200,200
418250,0,30,0,0,0,1,10,3,0,0,0,16,18,0,8,0,0,0,0,200,200
418255,0,30,0,0,0,1,7,5,0,0,0,0,0,2,200,200,200,200,200,200,200
418268,0,35,0,0,0,1,10,5,0,0,0,18,0,0,6,0,3,0,0,200,200
418268,0,35,0,0,0,1,10,5,0,0,0,18,0,1,6,200,0,200,200,200,200
418271,0,30,1,2,0,1,10,2,0,0,200,18,0,1,200,200,3,200,200,200,200
418271,0,30,1,2,0,1,10,2,0,0,200,18,0,0,5,0,0,200,200,200,200
418273,0,30,0,0,0,1,12,5,0,0,0,0,0,0,6,200,4,200,0,200,200
418273,0,30,0,0,0,1,12,5,0,0,0,0,0,0,5,0,12,0,0,200,200
418284,0,30,1,2,0,1,12,5,0,0,0,0,200,1,200,200,4,0,200,200,200
418284,0,30,1,2,0,1,12,5,0,0,0,0,200,0,200,0,0,0,0,200,200
418286,0,30,1,2,0,1,10,5,0,0,200,11,200,0,5,0,3,0,0,200,200
418286,0,30,1,2,0,1,10,5,0,0,200,11,200,1,6,0,0,0,0,200,200
418290,0,35,1,2,0,1,10,5,0,0,0,18,0,1,5,200,3,200,0,200,200
418290,0,35,1,2,0,1,10,5,0,0,0,18,0,0,7,0,0,0,0,200,200
418290,1,35,1,2,0,1,10,5,0,0,0,18,0,1,200,200,200,200,200,200,200
418290,1,35,1,2,0,1,10,5,0,0,0,18,0,1,7,0,200,200,200,200,200
418296,0,0,0,0,0,1,7,7,0,0,0,27,0,0,9,200,200,0,12,200,200
418297,0,30,0,0,0,1,7,6,0,0,0,0,200,2,200,200,200,200,200,200,200
418299,0,30,0,0,2,1,14,5,0,1,0,10,34,1,200,200,9,200,200,200,200
418299,0,30,0,0,2,1,14,5,0,1,0,10,34,0,6,0,0,0,0,200,200
418299,1,30,0,0,2,1,14,5,0,1,0,10,34,0,5,0,200,200,200,200,200
418300,0,30,0,0,2,3,7,6,0,1,0,0,0,2,200,200,200,200,200,200,200
418301,0,25,0,0,0,1,14,6,0,0,0,17,0,0,8,0,1,0,0,200,200
418301,0,25,0,0,0,1,14,6,0,0,0,17,0,0,5,0,1,0,0,200,200
418303,0,30,1,2,0,1,14,5,0,0,0,18,16,0,200,200,3,200,200,200,200
418303,0,30,1,2,0,1,14,5,0,0,0,18,16,0,5,0,0,0,0,200,200
418303,1,30,1,2,0,1,14,5,0,0,0,18,16,1,200,200,200,200,200,200,200
418307,0,35,1,2,0,1,0,5,0,0,0,6,200,2,200,200,5,200,200,200,200
418307,0,35,1,2,0,1,0,5,0,0,0,6,200,0,7,0,0,0,0,200,200
418311,0,30,0,0,0,1,10,5,0,0,0,18,200,0,7,0,3,0,0,200,200
418311,0,30,0,0,0,1,10,5,0,0,0,18,200,1,6,0,0,0,0,200,200
418311,1,30,0,0,0,1,10,5,0,0,0,18,200,1,200,0,200,200,200,200,200
418315,0,30,0,0,0,1,0,5,0,0,0,17,200,0,5,0,200,0,0,200,200
418315,0,30,0,0,0,1,0,5,0,0,0,17,200,0,200,200,200,200,200,200,200
418323,0,30,0,0,0,1,2,5,0,0,0,10,11,0,9,200,9,200,200,200,200
418325,0,35,0,0,0,1,10,3,0,0,0,18,0,0,6,200,3,200,200,200,200
418325,0,35,0,0,0,1,10,3,0,0,0,18,0,1,7,0,0,0,0,200,200
418329,0,20,0,0,0,1,7,6,0,0,0,11,11,1,6,200,2,0,0,200,200
418330,0,30,2,2,0,1,14,5,0,1,0,17,16,1,200,0,12,0,0,200,200
418330,0,30,2,2,0,1,14,5,0,1,0,17,16,0,200,0,0,0,0,200,200
418330,1,30,2,2,0,1,14,5,0,1,0,17,16,0,200,0,200,200,200,200,200
418333,0,30,0,0,0,1,14,5,0,0,0,0,0,1,4,0,7,0,0,200,200
418333,0,30,0,0,0,1,14,5,0,0,0,0,0,1,6,0,0,0,0,200,200
418344,0,30,0,0,2,1,7,5,0,1,0,0,0,2,200,200,200,200,200,200,200
418351,0,30,0,0,0,4,7,5,0,0,0,7,200,1,8,0,15,0,0,200,200
418352,0,30,0,0,0,1,7,7,0,0,0,18,0,0,7,0,3,0,0,200,200
418376,0,30,1,2,0,200,10,5,0,200,200,18,200,0,5,0,3,200,200,200,200
418376,0,30,1,2,0,200,10,5,0,200,200,18,200,1,6,0,0,200,200,200,200
418376,1,30,1,2,0,200,10,5,0,200,200,18,200,1,6,0,200,200,200,200,200
418377,0,25,0,0,0,4,12,5,0,0,0,0,200,1,6,0,0,0,0,200,200
418377,0,25,0,0,0,4,12,5,0,0,0,0,200,0,6,0,12,0,0,200,200
418379,0,30,1,2,0,3,14,12,0,0,0,0,0,1,200,200,200,0,0,200,200
418379,0,30,1,2,0,3,14,12,0,0,0,0,0,0,200,0,200,0,0,200,200
418384,0,30,0,0,0,3,7,5,2,0,0,0,0,0,6,200,0,200,7,200,200
418389,0,30,0,0,0,3,2,5,0,0,0,11,200,0,7,0,0,0,0,200,200
418391,0,30,0,0,200,200,7,7,0,200,200,0,0,2,200,200,200,200,200,200,200
418407,0,20,2,2,0,3,12,2,0,0,200,21,21,0,7,200,0,200,200,200,200
418407,0,20,2,2,0,3,12,2,0,0,200,21,21,2,200,200,1,200,200,200,200
418414,0,25,0,0,2,3,14,2,0,1,0,18,18,0,8,0,7,0,0,200,200
418414,0,25,0,0,2,3,14,2,0,1,0,18,18,0,6,0,0,0,0,200,200
418416,0,15,0,0,0,1,7,7,0,0,0,200,200,2,200,200,200,200,200,200,200
418419,0,30,0,0,2,4,12,5,0,1,0,17,200,1,200,200,1,200,200,200,200
418419,0,30,0,0,2,4,12,5,0,1,0,17,200,0,6,200,200,200,200,200,200
418420,0,30,0,0,0,3,14,6,0,0,0,25,200,2,200,200,13,200,200,200,200
418420,0,30,0,0,0,3,14,6,0,0,0,25,200,1,5,200,0,0,0,200,200
418420,1,30,0,0,0,3,14,6,0,0,0,25,200,0,0,0,200,200,200,200,200
418424,0,30,0,0,0,3,9,5,0,0,0,25,25,1,6,200,12,0,1,200,200
418424,5,30,0,0,0,3,9,5,0,0,0,25,25,1,7,7,12,0,200,200,200
418428,0,30,2,2,2,3,11,5,0,1,0,16,21,0,200,200,4,200,200,200,200
418428,0,30,2,2,2,3,11,5,0,1,0,16,21,1,200,200,0,0,0,200,200
418432,0,30,0,0,2,3,14,5,0,1,0,0,34,1,5,0,1,200,0,200,200
418432,0,30,0,0,2,3,14,5,0,1,0,0,34,0,6,0,0,0,0,200,200
418433,0,30,1,2,0,3,12,2,0,0,200,11,21,0,200,200,200,200,200,200,200
418433,0,30,1,2,0,3,12,2,0,0,200,11,21,1,5,0,0,0,0,200,200
418435,0,35,1,2,0,3,14,5,0,0,0,25,6,1,200,200,5,200,200,200,200
418435,0,35,1,2,0,3,14,5,0,0,0,25,6,1,200,200,0,200,200,200,200
418435,1,35,1,2,0,3,14,5,0,0,0,25,6,200,200,200,200,200,200,200,200
418435,1,35,1,2,0,3,14,5,0,0,0,25,6,200,200,200,200,200,200,200,200
418449,0,15,0,0,0,3,7,6,0,0,0,200,200,2,200,200,200,200,200,200,200
418449,1,15,0,0,0,3,7,6,0,0,0,200,200,2,200,200,200,200,200,200,200
418451,0,30,0,0,2,3,12,2,0,1,3,34,11,0,6,0,4,12,0,200,200
418451,0,30,0,0,2,3,12,2,0,1,3,34,11,0,6,0,0,200,0,200,200
418459,0,30,1,2,0,3,14,5,0,0,0,17,200,1,4,200,7,200,0,200,200
418459,0,30,1,2,0,3,14,5,0,0,0,17,200,0,4,200,0,200,0,200,200
418459,1,30,1,2,0,3,14,5,0,0,0,17,200,1,200,200,200,200,200,200,200
418468,0,30,1,2,0,3,0,5,0,200,0,6,200,0,6,0,5,0,0,200,200
418468,0,30,1,2,0,3,0,5,0,200,0,6,200,1,6,200,0,0,7,200,200
418468,1,30,1,2,0,3,0,5,0,200,0,6,200,0,200,0,200,200,200,200,200
418468,1,30,1,2,0,3,0,5,0,200,0,6,200,0,200,0,200,200,200,200,200
418487,0,30,0,0,0,3,12,2,0,1,0,25,0,0,200,200,2,200,200,200,200
418487,0,30,0,0,0,3,12,2,0,1,0,25,0,0,6,7,0,0,0,200,200
418487,1,30,0,0,0,3,12,2,0,1,0,25,0,0,200,200,200,200,200,200,200
418490,0,30,0,0,0,4,10,5,0,0,0,16,18,0,5,200,8,200,200,200,200
418490,0,30,0,0,0,4,10,5,0,0,0,16,18,0,6,7,0,0,0,200,200
418490,1,30,0,0,0,4,10,5,0,0,0,16,18,1,7,0,200,200,200,200,200
418490,1,30,0,0,0,4,10,5,0,0,0,16,18,0,6,0,200,200,200,200,200
418491,0,30,1,2,0,3,9,6,0,1,0,0,200,2,200,200,200,200,200,200,200
418491,5,30,1,2,0,3,9,6,0,1,0,0,200,0,7,7,200,200,7,200,200
418497,0,30,0,0,2,1,7,5,0,1,200,20,0,0,200,200,6,200,200,200,200
418505,0,30,200,200,1,3,14,2,0,0,200,11,0,0,200,200,200,200,0,200,200
418505,0,30,200,200,1,3,14,2,0,0,200,11,0,0,200,200,0,0,0,200,200
418509,0,20,0,0,0,3,11,2,0,0,0,0,0,1,200,200,200,200,200,200,200
418509,0,20,0,0,0,3,11,2,0,0,0,0,0,0,3,0,0,0,0,200,200
418515,0,30,1,2,0,3,11,2,0,200,200,0,0,0,6,200,12,200,200,200,200
418515,0,30,1,2,0,3,11,2,0,200,200,0,0,1,7,200,0,200,200,200,200
418515,1,30,1,2,0,3,11,2,0,200,200,0,0,1,6,200,200,200,200,200,200
418516,0,30,0,0,0,3,7,5,0,0,200,11,25,2,200,200,200,200,200,200,200
418519,0,30,0,0,0,4,10,6,0,0,0,200,200,1,6,0,3,0,0,200,200
418519,0,30,0,0,0,4,10,6,0,0,0,200,200,1,6,0,0,0,0,200,200