RD_NO,PERSON_TYPE,POSTED_SPEED_LIMIT,TRAFFIC_CONTROL_DEVICE,DEVICE_CONDITION,WEATHER_CONDITION,LIGHTING_CONDITION,FIRST_CRASH_TYPE,TRAFFICWAY_TYPE,ALIGNMENT,ROADWAY_SURFACE_COND,ROAD_DEFECT,PRIM_CONTRIBUTORY_CAUSE,SEC_CONTRIBUTORY_CAUSE,SEX,AGE,SAFETY_EQUIPMENT,DRIVER_ACTION,DRIVER_VISION,PHYSICAL_CONDITION,BAC_RESULT VALUE,CELL_PHONE_USE
418519,0,30,0,0,0,4,10,6,0,0,0,200,200,0,6,0,0,0,0,200,200
418526,0,30,1,2,2,3,10,5,0,1,0,15,14,0,5,0,8,200,0,200,200
418526,0,30,1,2,2,3,10,5,0,1,0,15,14,0,6,0,0,200,0,200,200
418526,0,30,1,2,2,3,10,5,0,1,0,15,14,1,6,0,0,200,0,200,200
418530,0,30,0,0,2,3,10,2,0,1,3,18,11,0,200,200,0,200,200,200,200
418530,0,30,0,0,2,3,10,2,0,1,3,18,11,1,6,200,3,200,200,200,200
418530,0,30,0,0,2,3,10,2,0,1,3,18,11,0,6,0,0,200,0,200,200
418535,0,30,0,0,0,3,10,5,0,0,0,18,0,2,200,200,3,200,200,200,200
418535,0,30,0,0,0,3,10,5,0,0,0,18,0,1,4,200,0,0,0,200,200
418539,0,30,1,2,0,0,10,5,0,1,0,18,0,0,6,0,3,0,0,200,200
418539,0,30,1,2,0,0,10,5,0,1,0,18,0,0,5,0,0,0,0,200,200
418542,0,30,1,2,0,3,12,6,0,0,0,21,200,1,200,200,4,200,200,200,200
418542,0,30,1,2,0,3,12,6,0,0,0,21,200,0,6,0,0,0,0,200,200
418542,1,30,1,2,0,3,12,6,0,0,0,21,200,0,5,0,200,200,200,200,200
418545,0,30,1,2,0,3,10,3,0,0,200,18,18,1,200,200,3,200,200,200,200
418545,0,30,1,2,0,3,10,3,0,0,200,18,18,0,6,200,12,0,0,200,200
418549,0,30,0,0,0,3,7,5,0,0,0,32,30,1,5,0,11,200,5,0.11,1
418552,0,15,0,0,1,4,7,7,0,0,0,22,200,1,5,7,2,0,0,200,200
418562,0,30,0,0,0,3,7,6,0,0,0,7,16,0,6,0,12,200,0,200,200
418565,0,25,2,2,0,3,0,5,0,0,0,16,200,1,5,0,14,0,0,200,200
418565,0,25,2,2,0,3,0,5,0,0,0,16,200,0,6,0,14,0,0,200,200
418565,1,25,2,2,0,3,0,5,0,0,0,16,200,0,5,0,200,200,200,200,200
418565,1,25,2,2,0,3,0,5,0,0,0,16,200,0,6,0,200,200,200,200,200
418565,1,25,2,2,0,3,0,5,0,0,0,16,200,0,6,0,200,200,200,200,200
418565,1,25,2,2,0,3,0,5,0,0,0,16,200,0,6,0,200,200,200,200,200
418567,0,5,0,0,200,1,10,7,0,200,200,18,200,0,200,200,3,200,200,200,200
418567,0,5,0,0,200,1,10,7,0,200,200,18,200,1,6,200,0,0,0,200,200
418575,0,35,1,2,0,3,14,2,0,0,0,25,14,0,200,1,5,0,200,200,200
418575,0,35,1,2,0,3,14,2,0,0,0,25,14,0,6,0,0,0,0,200,200
418575,1,35,1,2,0,3,14,2,0,0,0,25,14,0,200,1,200,200,200,200,200
418575,1,35,1,2,0,3,14,2,0,0,0,25,14,1,6,0,200,200,200,200,200
418592,0,30,1,2,0,3,10,2,0,0,0,200,200,1,4,0,3,0,0,200,200
418592,0,30,1,2,0,3,10,2,0,0,0,200,200,1,5,0,0,0,0,200,200
418599,0,30,0,0,0,0,7,6,2,0,200,200,200,0,6,200,12,200,0,200,200
418599,1,30,0,0,0,0,7,6,2,0,200,200,200,1,5,200,200,200,200,200,200
418599,1,30,0,0,0,0,7,6,2,0,200,200,200,0,200,5,200,200,200,200,200
418600,0,30,0,0,0,3,12,5,0,0,200,0,0,0,5,200,200,200,200,200,200
418600,0,30,0,0,0,3,12,5,0,0,200,0,0,1,7,200,200,200,200,200,200
418604,0,30,0,0,0,3,7,5,1,0,0,16,200,1,6,200,4,0,0,200,200
418607,0,25,2,2,2,3,0,2,0,1,0,5,5,0,8,0,5,0,0,200,200
418607,0,25,2,2,2,3,0,2,0,1,0,5,5,0,6,0,0,0,0,200,200
418612,0,30,1,2,0,0,10,5,0,0,0,0,19,0,200,200,0,200,200,200,200
418612,0,30,1,2,0,0,10,5,0,0,0,0,19,0,6,0,0,0,0,200,200
418612,1,30,1,2,0,0,10,5,0,0,0,0,19,1,7,0,200,200,200,200,200
418618,0,30,0,0,2,0,7,7,0,1,0,200,200,0,200,200,6,200,200,200,200
418622,0,30,0,0,0,200,7,5,0,0,0,0,0,2,200,200,200,200,200,200,200
418626,0,35,0,0,0,3,10,3,0,0,200,18,0,0,200,200,3,200,200,200,200
418626,0,35,0,0,0,3,10,3,0,0,200,18,0,0,7,0,0,0,0,200,200
418627,0,30,0,0,0,3,2,0,0,0,0,200,200,0,200,0,0,12,0,200,200
418627,1,30,0,0,0,3,2,0,0,0,0,200,200,0,200,0,200,200,200,200,200
418628,0,30,1,2,0,3,10,2,0,1,0,0,0,1,200,200,8,200,200,200,200
418628,0,30,1,2,0,3,10,2,0,1,0,0,0,1,7,0,200,0,0,200,200
418634,0,30,0,0,0,3,12,2,0,0,0,0,200,1,200,200,200,200,0,200,200
418634,0,30,0,0,0,3,12,2,0,0,0,0,200,0,200,200,200,200,0,200,200
418635,0,30,1,2,0,3,10,1,2,0,200,16,32,0,5,200,200,200,3,0.15,200
418635,0,30,1,2,0,3,10,1,2,0,200,16,32,0,6,200,200,0,0,200,200
418635,1,30,1,2,0,3,10,1,2,0,200,16,32,0,4,200,200,200,200,200,200
418643,0,35,1,2,0,3,2,3,0,1,0,0,18,0,5,0,3,0,0,200,200
418648,0,35,1,2,0,3,14,2,0,0,0,14,10,0,5,3,8,0,7,200,200
418648,0,35,1,2,0,3,14,2,0,0,0,14,10,0,0,0,0,0,0,200,200
418652,0,30,2,0,0,0,10,5,0,0,0,0,200,2,200,200,200,200,200,200,200
418652,0,30,2,0,0,0,10,5,0,0,0,0,200,1,6,200,0,0,0,200,200
418663,0,30,0,0,1,3,7,5,0,0,0,11,200,0,6,0,4,0,0,200,200
418663,1,30,0,0,1,3,7,5,0,0,0,11,200,1,200,0,200,200,200,200,200
418663,1,30,0,0,1,3,7,5,0,0,0,11,200,2,200,200,200,200,200,200,200
418663,1,30,0,0,1,3,7,5,0,0,0,11,200,1,200,200,200,200,200,200,200
418663,1,30,0,0,1,3,7,5,0,0,0,11,200,0,200,1,200,200,200,200,200
418663,1,30,0,0,1,3,7,5,0,0,0,11,200,0,200,200,200,200,200,200,200
418670,0,30,1,2,0,3,2,5,0,1,0,0,200,2,200,200,200,200,200,200,200
418675,0,30,2,0,0,3,0,5,0,0,0,0,200,0,7,200,200,200,200,200,200
418675,0,30,2,0,0,3,0,5,0,0,0,0,200,0,6,200,200,200,200,200,200
418675,1,30,2,0,0,3,0,5,0,0,0,0,200,1,8,200,200,200,200,200,200
418675,1,30,2,0,0,3,0,5,0,0,0,0,200,1,7,200,200,200,200,200,200
418675,1,30,2,0,0,3,0,5,0,0,0,0,200,1,6,200,200,200,200,200,200
418679,5,25,0,0,0,3,9,5,0,0,0,0,200,0,5,7,12,0,5,200,200
418679,0,25,0,0,0,3,9,5,0,0,0,0,200,0,5,0,12,0,0,200,200
418679,1,25,0,0,0,3,9,5,0,0,0,0,200,0,200,0,200,200,200,200,200
418687,0,30,1,2,0,3,14,3,0,0,0,6,200,1,200,200,1,200,200,200,200
418687,0,30,1,2,0,3,14,3,0,0,0,6,200,0,7,0,0,0,0,200,200
418687,1,30,1,2,0,3,14,3,0,0,0,6,200,0,5,0,200,200,200,200,200
418687,1,30,1,2,0,3,14,3,0,0,0,6,200,0,200,0,200,200,200,200,200
418688,0,30,3,2,0,3,10,5,0,0,200,18,18,0,6,200,3,200,0,200,200
418688,0,30,3,2,0,3,10,5,0,0,200,18,18,0,5,200,12,0,0,200,200
418689,0,25,0,0,0,3,12,5,0,0,0,22,200,1,5,200,2,200,0,200,200
418689,0,25,0,0,0,3,12,5,0,0,0,22,200,2,200,200,200,200,200,200,200
418689,1,25,0,0,0,3,12,5,0,0,0,22,200,0,5,200,200,200,200,200,200
418692,0,30,0,0,0,3,10,5,0,0,200,18,200,1,5,200,3,200,200,200,200
418692,0,30,0,0,0,3,10,5,0,0,200,18,200,0,7,0,0,0,0,200,200
418702,0,30,0,0,0,3,7,6,0,0,0,21,0,2,200,200,12,200,200,200,200
418711,0,30,1,2,0,0,11,1,0,0,0,0,0,2,200,200,200,200,200,200,200
418711,0,30,1,2,0,0,11,1,0,0,0,0,0,1,6,0,200,200,0,200,200
418717,0,20,0,0,0,3,10,2,0,0,0,0,0,0,200,200,200,200,200,200,200
418717,0,20,0,0,0,3,10,2,0,0,0,0,0,0,5,0,0,0,0,200,200
418717,1,20,0,0,0,3,10,2,0,0,0,0,0,0,5,0,200,200,200,200,200
418735,0,30,2,2,0,1,12,6,0,200,0,0,0,0,200,200,200,200,200,200,200
418735,0,30,2,2,0,1,12,6,0,200,0,0,0,1,5,0,0,0,0,200,200
418744,0,30,1,2,0,3,10,1,0,0,0,16,16,0,6,0,3,200,0,200,200
418744,0,30,1,2,0,3,10,1,0,0,0,16,16,0,5,0,12,200,0,200,200
418753,0,30,1,2,0,3,10,6,0,0,0,6,200,1,6,0,5,200,0,200,200
418753,0,30,1,2,0,3,10,6,0,0,0,6,200,1,7,0,0,0,0,200,200
418753,1,30,1,2,0,3,10,6,0,0,0,6,200,0,6,0,200,200,200,200,200
418756,0,30,0,0,0,3,7,5,0,0,200,22,200,0,6,0,12,200,200,200,200
418764,0,20,0,0,0,0,7,6,0,0,0,0,0,0,5,0,12,0,0,200,200
418768,0,30,0,0,2,3,7,5,0,1,0,27,200,1,6,0,12,200,2,200,200
418776,0,30,1,2,0,3,10,5,0,0,0,16,16,0,6,0,12,0,0,200,200
418776,0,30,1,2,0,3,10,5,0,0,0,16,16,1,6,0,0,0,0,200,200
418776,0,30,1,2,0,3,10,5,0,0,0,16,16,0,6,0,0,0,0,200,200
418776,1,30,1,2,0,3,10,5,0,0,0,16,16,200,4,0,200,200,200,200,200
418776,1,30,1,2,0,3,10,5,0,0,0,16,16,0,200,0,200,200,200,200,200
418786,0,10,0,0,0,3,2,7,0,0,0,0,200,0,6,0,7,0,0,200,200
418786,1,10,0,0,0,3,2,7,0,0,0,0,200,0,5,0,200,200,200,200,200
418786,1,10,0,0,0,3,2,7,0,0,0,0,200,1,6,0,200,200,200,200,200
418789,0,30,2,2,0,3,0,6,0,0,0,17,16,0,6,0,1,0,0,200,200
418789,0,30,2,2,0,3,0,6,0,0,0,17,16,0,6,0,0,0,0,200,200
418789,1,30,2,2,0,3,0,6,0,0,0,17,16,0,6,0,200,200,200,200,200
418789,1,30,2,2,0,3,0,6,0,0,0,17,16,0,6,0,200,200,200,200,200
418789,1,30,2,2,0,3,0,6,0,0,0,17,16,1,6,0,200,200,200,200,200
418790,0,30,1,2,0,3,14,1,0,0,0,6,0,0,200,200,5,200,200,200,200
418790,0,30,1,2,0,3,14,1,0,0,0,6,0,1,6,0,0,0,0,200,200
418799,0,30,0,0,0,3,2,3,0,0,200,0,200,0,6,200,200,200,7,200,200
418813,0,30,1,2,0,2,10,5,0,0,0,0,0,0,5,200,3,200,200,200,200
418813,0,30,1,2,0,2,10,5,0,0,0,0,0,1,6,0,0,0,0,200,200
418814,0,30,0,3,0,2,2,2,0,0,0,0,0,2,200,200,200,200,200,200,200
418823,0,30,1,2,0,1,10,1,0,200,200,0,200,0,200,200,1,200,200,200,200
418823,0,30,1,2,0,1,10,1,0,200,200,0,200,1,6,0,0,200,200,200,200
418836,0,30,0,0,0,1,2,3,0,0,0,0,200,2,200,200,200,200,200,200,200
418836,1,30,0,0,0,1,2,3,0,0,0,0,200,0,6,0,200,200,200,200,200
418836,1,30,0,0,0,1,2,3,0,0,0,0,200,0,200,200,200,200,200,200,200
418837,0,30,1,2,0,1,10,5,0,0,0,16,200,1,6,0,1,0,0,200,200
418837,0,30,1,2,0,1,10,5,0,0,0,16,200,0,7,0,0,0,0,200,200
418840,0,35,0,0,0,1,2,5,0,0,0,0,0,0,6,200,11,200,0,200,200
418845,0,15,0,0,200,200,7,5,2,200,0,0,0,2,200,200,200,200,200,200,200
418848,0,30,0,0,0,3,12,2,0,0,0,17,21,1,4,0,4,0,0,200,200
418848,0,30,0,0,0,3,12,2,0,0,0,17,21,0,5,0,0,0,0,200,200
418850,0,25,0,0,200,200,7,5,0,200,0,0,0,2,200,200,200,200,200,200,200
418857,0,15,0,0,0,1,0,7,0,0,0,0,0,1,6,0,6,0,0,200,200
418857,0,15,0,0,0,1,0,7,0,0,0,0,0,1,5,0,0,0,0,200,200
418865,0,30,0,0,0,1,7,5,0,0,200,0,0,0,6,0,12,200,1,200,200
418871,0,30,1,0,0,1,14,2,0,0,0,0,0,1,200,200,200,200,200,200,200
418871,0,30,1,0,0,1,14,2,0,0,0,0,0,1,200,1,0,0,0,200,200
418871,1,30,1,0,0,1,14,2,0,0,0,0,0,1,200,0,200,200,200,200,200
418884,0,30,0,0,0,1,5,5,0,0,0,200,0,0,200,200,12,200,200,200,200
418884,1,30,0,0,0,1,5,5,0,0,0,200,0,0,200,200,200,200,200,200,200
418884,1,30,0,0,0,1,5,5,0,0,0,200,0,0,200,200,200,200,200,200,200
418890,0,30,0,0,0,1,7,6,0,0,0,0,0,2,200,200,200,200,200,200,200
418895,0,30,0,0,200,200,7,2,0,200,0,0,200,2,200,200,200,200,200,200,200
418899,0,0,2,2,0,1,14,5,0,0,0,0,0,1,5,200,200,200,0,200,200
418899,0,0,2,2,0,1,14,5,0,0,0,0,0,0,6,200,0,200,0,200,200
418899,1,0,2,2,0,1,14,5,0,0,0,0,0,0,1,200,200,200,200,200,200
418899,1,0,2,2,0,1,14,5,0,0,0,0,0,0,7,200,200,200,200,200,200
418905,0,30,1,2,2,200,12,2,0,1,0,200,200,0,6,200,8,200,0,200,200
418905,0,30,1,2,2,200,12,2,0,1,0,200,200,0,7,0,0,0,0,200,200
418911,0,30,1,2,0,1,14,5,0,0,0,6,11,0,8,200,5,0,0,200,200
418911,0,30,1,2,0,1,14,5,0,0,0,6,11,1,6,200,0,0,0,200,200
418942,0,20,0,0,0,1,2,7,0,0,0,11,200,1,5,0,12,0,0,200,200
418948,0,30,0,0,0,3,7,5,0,0,0,0,0,2,200,200,200,200,200,200,200
418950,0,30,1,2,0,1,0,5,0,0,0,6,200,0,7,0,5,0,0,200,200
418950,0,30,1,2,0,1,0,5,0,0,0,6,200,1,5,0,0,0,0,200,200
418960,0,30,2,2,0,1,12,2,0,0,0,0,0,1,200,200,2,200,200,200,200
418960,0,30,2,2,0,1,12,2,0,0,0,0,0,0,8,0,0,0,0,200,200
418970,0,25,200,200,0,1,7,6,0,0,200,0,200,0,200,200,200,200,200,200,200
418972,0,30,1,2,0,1,10,5,0,0,0,0,0,0,6,200,200,200,200,200,200
418972,0,30,1,2,0,1,10,5,0,0,0,0,0,1,7,0,0,0,0,200,200
418986,0,30,0,0,0,1,7,3,0,0,3,0,200,2,200,200,200,200,200,200,200
418997,0,30,0,0,0,0,7,6,0,0,0,0,200,2,200,200,200,200,200,200,200
419001,0,30,2,2,0,1,10,5,0,0,0,0,200,0,8,0,12,0,0,200,200
419001,0,30,2,2,0,1,10,5,0,0,0,0,200,0,7,0,0,0,0,200,200
419001,0,30,2,2,0,1,10,5,0,0,0,0,200,0,7,0,0,0,0,200,200
419001,1,30,2,2,0,1,10,5,0,0,0,0,200,1,8,0,200,200,200,200,200
419001,1,30,2,2,0,1,10,5,0,0,0,0,200,1,7,0,200,200,200,200,200
419009,0,30,0,0,0,3,2,5,0,1,1,0,200,0,7,0,200,0,0,200,200
419011,0,30,0,1,0,200,7,5,0,0,0,0,0,2,200,200,200,200,200,200,200
419022,0,30,1,2,0,1,10,2,2,0,0,18,0,0,8,0,3,0,0,200,200
419022,0,30,1,2,0,1,10,2,2,0,0,18,0,0,7,0,0,0,0,200,200
419027,0,35,0,0,0,200,2,5,0,200,0,0,200,2,200,200,200,200,200,200,200
419029,0,15,12,2,200,200,7,6,0,200,0,0,200,2,200,200,200,200,200,200,200
419042,0,30,1,2,0,1,10,5,0,200,200,0,0,0,7,200,200,200,200,200,200
419042,0,30,1,2,0,1,10,5,0,200,200,0,0,1,6,200,0,200,200,200,200
419044,0,25,0,0,0,1,7,5,0,0,0,0,200,2,200,200,12,200,200,200,200
419050,0,30,2,2,1,1,14,2,0,0,0,17,200,1,5,0,1,0,0,200,200
419050,0,30,2,2,1,1,14,2,0,0,0,17,200,0,5,0,12,0,0,200,200
419050,1,30,2,2,1,1,14,2,0,0,0,17,200,0,5,0,200,200,200,200,200
419050,1,30,2,2,1,1,14,2,0,0,0,17,200,0,5,0,200,200,200,200,200
419051,0,30,1,2,0,1,10,5,0,0,0,18,0,0,5,0,3,0,0,200,200
419051,0,30,1,2,0,1,10,5,0,0,0,18,0,0,6,0,0,0,0,200,200
419052,0,25,0,0,0,1,12,5,0,0,0,17,17,1,5,0,1,0,0,200,200
419052,0,25,0,0,0,1,12,5,0,0,0,17,17,0,9,0,0,0,0,200,200
419055,0,30,0,0,0,1,0,6,0,0,0,0,0,0,200,200,200,200,200,200,200
419055,0,30,0,0,0,1,0,6,0,0,0,0,0,0,5,1,0,0,0,200,200
419055,1,30,0,0,0,1,0,6,0,0,0,0,0,200,200,200,200,200,200,200,200
419055,1,30,0,0,0,1,0,6,0,0,0,0,0,200,200,200,200,200,200,200,200
419062,0,30,0,0,0,1,12,2,0,0,0,0,200,1,5,0,6,0,0,200,200
419062,0,30,0,0,0,1,12,2,0,0,0,0,200,1,6,0,0,0,0,200,200
419062,1,30,0,0,0,1,12,2,0,0,0,0,200,1,7,0,200,200,200,200,200
419062,1,30,0,0,0,1,12,2,0,0,0,0,200,0,7,0,200,200,200,200,200
419062,1,30,0,0,0,1,12,2,0,0,0,0,200,0,5,0,200,200,200,200,200
419089,0,25,2,2,0,1,0,5,0,0,0,17,0,0,6,0,1,0,0,200,200
419089,0,25,2,2,0,1,0,5,0,0,0,17,0,0,5,0,0,0,0,200,200
419092,0,30,0,0,0,1,10,5,0,0,0,18,0,0,200,0,3,200,0,200,200
419092,0,30,0,0,0,1,10,5,0,0,0,18,0,0,6,7,0,0,0,200,200
419092,1,30,0,0,0,1,10,5,0,0,0,18,0,1,200,7,200,200,200,200,200
419092,1,30,0,0,0,1,10,5,0,0,0,18,0,200,200,0,200,200,200,200,200
419092,1,30,0,0,0,1,10,5,0,0,0,18,0,200,200,0,200,200,200,200,200
419092,1,30,0,0,0,1,10,5,0,0,0,18,0,200,200,0,200,200,200,200,200
419097,0,30,0,0,0,1,0,5,0,0,0,17,200,1,5,0,1,0,0,200,200
419097,0,30,0,0,0,1,0,5,0,0,0,17,200,1,7,0,0,0,0,200,200
419101,0,10,0,0,0,1,7,7,0,0,0,200,35,0,6,200,12,0,0,200,200
419101,1,10,0,0,0,1,7,7,0,0,0,200,35,1,200,200,200,200,200,200,200
419106,0,20,200,200,200,200,7,6,0,200,0,0,0,2,200,200,200,200,200,200,200
419120,0,30,0,0,0,1,0,5,0,0,0,17,5,2,200,200,5,200,200,200,200
419120,0,30,0,0,0,1,0,5,0,0,0,17,5,0,6,0,0,0,0,200,200
419120,1,30,0,0,0,1,0,5,0,0,0,17,5,1,6,0,200,200,200,200,200
419120,1,30,0,0,0,1,0,5,0,0,0,17,5,0,3,0,200,200,200,200,200
419125,0,35,0,0,2,3,0,5,0,1,200,0,200,0,6,200,200,200,200,200,200
419125,0,35,0,0,2,3,0,5,0,1,200,0,200,0,6,200,200,200,200,200,200
419126,0,30,2,2,0,1,7,6,0,0,0,0,0,0,7,200,200,200,7,200,200
419132,0,5,0,0,0,1,2,4,2,0,0,0,0,1,7,0,200,0,0,200,200
419132,1,5,0,0,0,1,2,4,2,0,0,0,0,0,200,0,200,200,200,200,200
419138,0,30,0,0,0,0,7,5,0,0,0,0,200,2,200,200,200,200,200,200,200
419140,0,30,0,0,0,1,14,5,0,0,200,23,33,0,4,200,7,1,0,200,200
419140,0,30,0,0,0,1,14,5,0,0,200,23,33,0,5,200,0,200,0,200,200
419140,1,30,0,0,0,1,14,5,0,0,200,23,33,0,200,200,200,200,200,200,200
419155,0,30,200,200,0,1,12,5,0,0,0,21,16,0,6,200,200,200,200,200,200
419155,0,30,200,200,0,1,12,5,0,0,0,21,16,0,6,200,12,0,200,200,200
419155,1,30,200,200,0,1,12,5,0,0,0,21,16,1,5,200,200,200,200,200,200
419162,0,30,0,0,0,1,0,2,0,0,0,17,200,0,5,0,1,0,0,200,200
419162,0,30,0,0,0,1,0,2,0,0,0,17,200,0,4,0,0,0,0,200,200
419166,0,30,2,1,0,1,14,12,0,0,0,33,11,0,6,0,12,6,0,200,200
419166,0,30,2,1,0,1,14,12,0,0,0,33,11,0,5,0,0,0,0,200,200
419166,1,30,2,1,0,1,14,12,0,0,0,33,11,1,5,0,200,200,200,200,200
419166,1,30,2,1,0,1,14,12,0,0,0,33,11,1,1,5,200,200,200,200,200
419173,0,40,0,0,0,1,10,3,0,0,0,0,0,1,200,0,200,0,0,200,200
419173,0,40,0,0,0,1,10,3,0,0,0,0,0,0,200,0,200,0,0,200,200
419173,1,40,0,0,0,1,10,3,0,0,0,0,0,1,200,0,200,200,200,200,200
419175,0,30,0,0,0,3,7,5,0,0,0,0,0,2,200,200,200,200,200,200,200
419183,0,30,0,0,0,3,7,5,0,0,0,0,200,2,200,200,200,200,200,200,200
419185,0,30,0,0,0,1,14,2,0,0,0,23,0,1,7,7,7,0,0,200,200
419185,0,30,0,0,0,1,14,2,0,0,0,23,0,0,7,200,0,0,0,200,200
419187,0,35,1,2,0,1,14,12,0,0,0,17,0,1,5,200,1,0,0,200,200
419187,0,35,1,2,0,1,14,12,0,0,0,17,0,1,6,200,200,200,200,200,200
419193,0,30,1,0,0,1,10,2,0,0,0,18,18,1,6,0,3,200,0,200,200
419193,0,30,1,0,0,1,10,2,0,0,0,18,18,0,0,0,0,0,0,200,200
419193,1,30,1,0,0,1,10,2,0,0,0,18,18,0,6,0,200,200,200,200,200
419195,0,30,0,0,0,1,7,7,0,0,0,200,200,0,200,200,0,200,200,200,200
419195,1,30,0,0,0,1,7,7,0,0,0,200,200,1,200,0,200,200,200,200,200
419195,1,30,0,0,0,1,7,7,0,0,0,200,200,0,200,200,200,200,200,200,200
419199,0,30,1,2,0,1,8,5,0,0,0,0,0,0,6,0,200,12,0,200,200
419199,4,30,1,2,0,1,8,5,0,0,0,0,0,0,7,3,200,200,0,200,200
419199,1,30,1,2,0,1,8,5,0,0,0,0,0,1,200,0,200,200,200,200,200
419200,0,30,0,0,0,0,7,6,0,0,200,20,200,1,6,0,6,200,0,200,200
419204,0,40,0,0,0,1,10,3,0,0,0,0,0,0,5,0,200,0,0,200,200
419204,0,40,0,0,0,1,10,3,0,0,0,0,0,0,8,0,200,0,0,200,200
419204,0,40,0,0,0,1,10,3,0,0,0,0,0,0,200,200,200,200,200,200,200
419204,1,40,0,0,0,1,10,3,0,0,0,0,0,1,5,0,200,200,200,200,200
419208,0,30,1,200,0,1,12,5,0,0,200,0,200,0,200,200,2,200,200,200,200
419208,0,30,1,200,0,1,12,5,0,0,200,0,200,1,6,0,0,0,0,200,200
419217,0,10,0,0,0,1,7,7,0,0,0,0,200,2,200,200,200,200,200,200,200
419218,0,30,0,0,0,1,11,6,0,0,0,17,200,1,200,200,1,200,200,200,200
419218,0,30,0,0,0,1,11,6,0,0,0,17,200,1,6,0,0,0,0,200,200
419218,1,30,0,0,0,1,11,6,0,0,0,17,200,1,5,0,200,200,200,200,200
419220,0,35,0,0,0,1,10,5,0,0,0,16,200,1,5,0,3,0,0,200,200
419220,0,35,0,0,0,1,10,5,0,0,0,16,200,1,6,0,0,0,0,200,200
419220,0,35,0,0,0,1,10,5,0,0,0,16,200,0,6,0,0,0,0,200,200
419220,0,35,0,0,0,1,10,5,0,0,0,16,200,1,200,0,0,0,0,200,200
419220,1,35,0,0,0,1,10,5,0,0,0,16,200,0,200,0,200,200,200,200,200
419220,1,35,0,0,0,1,10,5,0,0,0,16,200,0,0,0,200,200,200,200,200
419220,1,35,0,0,0,1,10,5,0,0,0,16,200,0,3,0,200,200,200,200,200
419220,1,35,0,0,0,1,10,5,0,0,0,16,200,1,2,0,200,200,200,200,200
419220,1,35,0,0,0,1,10,5,0,0,0,16,200,1,2,0,200,200,200,200,200
419221,0,30,0,0,200,200,7,5,0,200,200,0,0,2,200,200,200,200,200,200,200
419225,0,30,0,0,0,1,7,6,0,0,0,11,0,0,8,0,0,0,0,200,200
419225,1,30,0,0,0,1,7,6,0,0,0,11,0,0,200,200,200,200,200,200,200
419225,1,30,0,0,0,1,7,6,0,0,0,11,0,0,200,200,200,200,200,200,200
419232,0,30,1,2,0,1,0,2,0,0,200,16,200,0,6,200,1,200,200,200,200
419232,0,30,1,2,0,1,0,2,0,0,200,16,200,0,5,0,0,0,0,200,200
419232,1,30,1,2,0,1,0,2,0,0,200,16,200,1,200,200,200,200,200,200,200
419239,0,10,0,0,0,1,12,5,0,0,0,0,200,1,200,200,200,200,200,200,200
419239,0,10,0,0,0,1,12,5,0,0,0,0,200,1,0,0,200,200,0,200,200
419239,1,10,0,0,0,1,12,5,0,0,0,0,200,1,6,0,200,200,200,200,200
419244,0,30,200,200,200,200,7,200,0,200,200,0,0,2,200,200,200,200,200,200,200
419246,0,30,0,0,0,4,7,6,0,0,0,200,200,2,200,200,0,200,200,200,200
419249,0,30,0,0,0,1,12,5,0,0,0,0,0,2,200,200,200,200,200,200,200
419249,0,30,0,0,0,1,12,5,0,0,0,0,0,0,5,0,0,0,0,200,200
419249,1,30,0,0,0,1,12,5,0,0,0,0,0,1,200,0,200,200,200,200,200
419249,1,30,0,0,0,1,12,5,0,0,0,0,0,0,200,0,200,200,200,200,200
419254,0,65,0,0,0,1,2,12,2,0,0,0,0,1,200,0,200,200,0,200,200
419255,0,30,0,0,0,1,7,6,0,0,0,0,0,2,200,200,200,200,200,200,200
419256,0,20,0,0,0,1,7,7,0,0,3,11,27,0,8,0,12,0,0,200,200
419256,1,20,0,0,0,1,7,7,0,0,3,11,27,0,9,0,200,200,200,200,200
419256,1,20,0,0,0,1,7,7,0,0,3,11,27,1,9,0,200,200,200,200,200
419260,0,30,1,2,0,1,10,3,0,0,200,16,200,0,5,0,1,200,0,200,200
419260,0,30,1,2,0,1,10,3,0,0,200,16,200,0,5,0,0,0,0,200,200
419260,0,30,1,2,0,1,10,3,0,0,200,16,200,1,5,0,0,0,0,200,200
419260,0,30,1,2,0,1,10,3,0,0,200,16,200,0,6,7,0,200,0,200,200
419260,0,30,1,2,0,1,10,3,0,0,200,16,200,0,5,0,0,0,0,200,200
419260,1,30,1,2,0,1,10,3,0,0,200,16,200,0,6,0,200,200,200,200,200
419260,1,30,1,2,0,1,10,3,0,0,200,16,200,1,6,0,200,200,200,200,200
419260,1,30,1,2,0,1,10,3,0,0,200,16,200,1,2,0,200,200,200,200,200
419260,1,30,1,2,0,1,10,3,0,0,200,16,200,1,2,0,200,200,200,200,200
419260,1,30,1,2,0,1,10,3,0,0,200,16,200,0,1,0,200,200,200,200,200