RD_NO,PERSON_TYPE,POSTED_SPEED_LIMIT,TRAFFIC_CONTROL_DEVICE,DEVICE_CONDITION,WEATHER_CONDITION,LIGHTING_CONDITION,FIRST_CRASH_TYPE,TRAFFICWAY_TYPE,ALIGNMENT,ROADWAY_SURFACE_COND,ROAD_DEFECT,PRIM_CONTRIBUTORY_CAUSE,SEC_CONTRIBUTORY_CAUSE,SEX,AGE,SAFETY_EQUIPMENT,DRIVER_ACTION,DRIVER_VISION,PHYSICAL_CONDITION,BAC_RESULT VALUE,CELL_PHONE_USE
420539,1,30,1,2,1,1,10,5,0,1,200,15,200,1,1,200,200,200,200,200,200
420540,1,5,12,1,0,1,4,3,0,0,0,200,200,0,200,200,200,200,200,200,200
420542,0,30,1,2,2,1,14,5,0,1,0,6,200,1,7,200,5,0,0,200,200
420542,0,30,1,2,2,1,14,5,0,1,0,6,200,0,6,200,200,0,0,200,200
420542,1,30,1,2,2,1,14,5,0,1,0,6,200,0,6,200,200,200,200,200,200
420542,1,30,1,2,2,1,14,5,0,1,0,6,200,200,200,200,200,200,200,200,200
420545,0,30,1,2,0,1,0,5,0,0,0,0,0,1,5,0,200,0,0,200,200
420545,0,30,1,2,0,1,0,5,0,0,0,0,0,0,6,0,0,0,0,200,200
420545,1,30,1,2,0,1,0,5,0,0,0,0,0,1,6,0,200,200,200,200,200
420548,0,30,0,0,2,1,2,2,0,1,4,28,0,0,5,0,0,0,0,200,200
420550,0,30,4,2,2,1,0,2,0,1,0,17,16,0,5,200,1,200,0,200,200
420550,0,30,4,2,2,1,0,2,0,1,0,17,16,1,7,0,200,0,0,200,200
420550,1,30,4,2,2,1,0,2,0,1,0,17,16,0,5,200,200,200,200,200,200
420550,1,30,4,2,2,1,0,2,0,1,0,17,16,0,6,200,200,200,200,200,200
420554,0,30,1,2,0,1,10,3,0,0,0,25,200,2,200,200,2,200,200,200,200
420554,0,30,1,2,0,1,10,3,0,0,0,25,200,0,6,0,0,0,0,200,200
420554,0,30,1,2,0,1,10,3,0,0,0,25,200,0,9,0,0,0,0,200,200
420554,1,30,1,2,0,1,10,3,0,0,0,25,200,1,0,0,200,200,200,200,200
420554,1,30,1,2,0,1,10,3,0,0,0,25,200,1,3,0,200,200,200,200,200
420556,0,30,1,2,1,1,0,5,0,0,0,6,200,0,6,200,5,0,200,200,200
420556,0,30,1,2,1,1,0,5,0,0,0,6,200,0,5,200,0,0,0,200,200
420559,0,30,0,0,0,3,7,12,0,200,200,11,200,2,200,200,200,200,200,200,200
420561,0,30,12,12,1,1,14,2,0,1,0,0,200,1,0,0,200,0,0,200,200
420561,0,30,12,12,1,1,14,2,0,1,0,0,200,0,5,0,200,0,0,200,200
420566,0,45,0,0,0,1,10,3,0,0,0,16,200,0,7,200,12,200,0,200,200
420566,0,45,0,0,0,1,10,3,0,0,0,16,200,1,5,0,0,0,0,200,200
420566,1,45,0,0,0,1,10,3,0,0,0,16,200,1,200,7,200,200,200,200,200
420566,1,45,0,0,0,1,10,3,0,0,0,16,200,0,200,7,200,200,200,200,200
420566,1,45,0,0,0,1,10,3,0,0,0,16,200,0,200,7,200,200,200,200,200
420566,1,45,0,0,0,1,10,3,0,0,0,16,200,1,200,7,200,200,200,200,200
420566,1,45,0,0,0,1,10,3,0,0,0,16,200,0,200,7,200,200,200,200,200
420566,1,45,0,0,0,1,10,3,0,0,0,16,200,1,200,7,200,200,200,200,200
420566,1,45,0,0,0,1,10,3,0,0,0,16,200,2,200,7,200,200,200,200,200
420566,1,45,0,0,0,1,10,3,0,0,0,16,200,2,200,7,200,200,200,200,200
420566,1,45,0,0,0,1,10,3,0,0,0,16,200,0,200,7,200,200,200,200,200
420566,1,45,0,0,0,1,10,3,0,0,0,16,200,2,200,7,200,200,200,200,200
420566,1,45,0,0,0,1,10,3,0,0,0,16,200,0,200,7,200,200,200,200,200
420566,1,45,0,0,0,1,10,3,0,0,0,16,200,2,200,7,200,200,200,200,200
420566,1,45,0,0,0,1,10,3,0,0,0,16,200,0,200,7,200,200,200,200,200
420566,1,45,0,0,0,1,10,3,0,0,0,16,200,2,200,7,200,200,200,200,200
420566,1,45,0,0,0,1,10,3,0,0,0,16,200,0,200,7,200,200,200,200,200
420566,1,45,0,0,0,1,10,3,0,0,0,16,200,0,200,7,200,200,200,200,200
420566,1,45,0,0,0,1,10,3,0,0,0,16,200,1,200,7,200,200,200,200,200
420572,0,10,0,0,0,1,7,7,0,0,0,0,0,1,200,200,10,200,200,200,200
420573,0,30,0,0,2,1,10,5,0,1,200,0,0,0,200,200,200,200,200,200,200
420573,0,30,0,0,2,1,10,5,0,1,200,0,0,1,6,0,0,200,200,200,200
420575,0,30,0,0,2,2,14,5,0,1,200,17,17,0,5,200,12,200,200,200,200
420575,0,30,0,0,2,2,14,5,0,1,200,17,17,0,6,0,0,0,0,200,200
420575,1,30,0,0,2,2,14,5,0,1,200,17,17,0,2,0,200,200,200,200,200
420575,1,30,0,0,2,2,14,5,0,1,200,17,17,0,2,0,200,200,200,200,200
420576,0,20,0,0,1,1,12,5,0,0,200,0,0,0,4,0,1,200,0,200,200
420576,0,20,0,0,1,1,12,5,0,0,200,0,0,1,6,0,200,200,0,200,200
420577,0,30,0,0,2,1,10,5,0,1,0,18,200,1,5,0,3,200,0,200,200
420577,0,30,0,0,2,1,10,5,0,1,0,18,200,0,6,0,0,0,0,200,200
420577,1,30,0,0,2,1,10,5,0,1,0,18,200,1,200,0,200,200,200,200,200
420577,1,30,0,0,2,1,10,5,0,1,0,18,200,1,200,0,200,200,200,200,200
420580,0,30,1,2,2,1,12,5,0,1,200,0,0,1,5,200,200,200,0,200,200
420580,0,30,1,2,2,1,12,5,0,1,200,0,0,0,5,200,200,200,0,200,200
420580,1,30,1,2,2,1,12,5,0,1,200,0,0,0,6,200,200,200,200,200,200
420580,1,30,1,2,2,1,12,5,0,1,200,0,0,1,6,200,200,200,200,200,200
420581,0,30,0,0,2,1,14,5,0,1,0,17,200,0,7,0,200,0,0,200,200
420581,0,30,0,0,2,1,14,5,0,1,0,17,200,1,7,0,200,0,0,200,200
420581,0,30,0,0,2,1,14,5,0,1,0,17,200,0,5,0,200,0,0,200,200
420587,0,15,0,0,1,1,7,7,0,0,0,11,0,0,200,200,12,200,200,200,200
420587,1,15,0,0,1,1,7,7,0,0,0,11,0,0,6,0,200,200,200,200,200
420588,0,30,0,0,0,4,12,3,0,0,0,0,0,1,5,200,200,200,200,200,200
420588,0,30,0,0,0,4,12,3,0,0,0,0,0,1,7,0,0,0,200,200,200
420588,1,30,0,0,0,4,12,3,0,0,0,0,0,1,200,200,200,200,200,200,200
420589,0,0,0,0,2,1,7,7,0,1,200,0,0,2,200,200,200,200,200,200,200
420595,0,30,0,0,2,3,2,5,0,1,4,34,29,1,6,0,12,12,0,200,200
420595,1,30,0,0,2,3,2,5,0,1,4,34,29,0,200,0,200,200,200,200,200
420602,0,30,1,2,2,1,14,5,0,1,0,11,0,0,7,200,7,200,7,200,200
420602,0,30,1,2,2,1,14,5,0,1,0,11,0,1,5,200,0,200,7,200,200
420602,1,30,1,2,2,1,14,5,0,1,0,11,0,1,1,5,200,200,200,200,200
420604,0,30,1,2,2,1,0,5,0,1,0,0,0,0,5,0,12,0,0,200,200
420604,0,30,1,2,2,1,0,5,0,1,0,0,0,0,6,0,0,0,0,200,200
420604,1,30,1,2,2,1,0,5,0,1,0,0,0,1,5,0,200,200,200,200,200
420604,1,30,1,2,2,1,0,5,0,1,0,0,0,1,5,0,200,200,200,200,200
420604,1,30,1,2,2,1,0,5,0,1,0,0,0,0,200,0,200,200,200,200,200
420611,0,30,0,0,0,1,10,5,0,1,0,0,0,0,5,200,200,200,200,200,200
420611,0,30,0,0,0,1,10,5,0,1,0,0,0,1,6,0,0,0,0,200,200
420618,0,30,0,0,0,1,12,5,0,0,0,17,17,0,6,200,1,0,5,200,200
420618,0,30,0,0,0,1,12,5,0,0,0,17,17,0,5,0,0,0,0,200,200
420626,0,25,0,200,0,1,7,0,0,0,0,200,200,0,200,200,200,200,200,200,200
420627,0,30,1,2,1,1,0,6,0,0,0,6,17,0,6,200,1,0,0,200,200
420627,0,30,1,2,1,1,0,6,0,0,0,6,17,1,6,0,0,0,0,200,200
420630,0,30,1,2,2,4,10,5,0,1,0,34,200,0,6,0,8,0,0,200,200
420630,0,30,1,2,2,4,10,5,0,1,0,34,200,0,6,0,0,0,0,200,200
420630,1,30,1,2,2,4,10,5,0,1,0,34,200,1,6,0,200,200,200,200,200
420630,1,30,1,2,2,4,10,5,0,1,0,34,200,0,1,0,200,200,200,200,200
420630,1,30,1,2,2,4,10,5,0,1,0,34,200,1,0,0,200,200,200,200,200
420631,0,30,0,0,2,2,7,5,0,1,0,34,200,1,5,200,200,0,0,200,200
420638,0,30,0,0,2,4,7,7,0,1,0,0,200,2,200,200,200,200,200,200,200
420649,0,25,0,0,2,1,7,6,0,1,0,0,200,0,200,200,200,200,200,200,200
420650,0,30,2,2,2,1,10,6,0,1,0,20,200,0,200,200,6,200,200,200,200
420650,0,30,2,2,2,1,10,6,0,1,0,20,200,0,6,0,0,0,0,200,200
420656,0,30,0,0,0,1,7,5,0,0,0,0,0,0,200,200,200,200,200,200,200
420658,0,30,0,0,2,1,7,2,0,1,0,34,33,0,7,0,12,200,0,200,200
420659,0,30,0,0,2,1,10,2,0,1,0,0,0,2,200,200,200,200,200,200,200
420659,0,30,0,0,2,1,10,2,0,1,0,0,0,0,5,0,12,0,0,200,200
420660,0,30,0,0,2,1,10,5,0,1,0,0,0,0,7,200,0,0,0,200,200
420660,0,30,0,0,2,1,10,5,0,1,0,0,0,0,5,200,0,0,0,200,200
420663,0,30,0,0,2,1,12,6,0,1,0,17,200,0,200,200,0,200,200,200,200
420663,0,30,0,0,2,1,12,6,0,1,0,17,200,0,5,0,1,0,0,200,200
420663,1,30,0,0,2,1,12,6,0,1,0,17,200,1,4,7,200,200,200,200,200
420665,0,30,0,0,2,1,7,5,0,1,200,0,0,1,200,200,12,200,200,200,200
420665,1,30,0,0,2,1,7,5,0,1,200,0,0,1,7,0,200,200,200,200,200
420668,0,35,1,2,2,1,10,2,0,1,0,7,16,1,5,200,1,200,0,200,200
420668,0,35,1,2,2,1,10,2,0,1,0,7,16,1,8,200,0,200,0,200,200
420668,0,35,1,2,2,1,10,2,0,1,0,7,16,1,5,200,0,0,0,200,200
420676,0,30,0,0,2,1,10,3,0,1,0,0,0,0,200,200,200,200,200,200,200
420676,0,30,0,0,2,1,10,3,0,1,0,0,0,0,8,200,0,0,0,200,200
420676,1,30,0,0,2,1,10,3,0,1,0,0,0,1,7,200,200,200,200,200,200
420676,1,30,0,0,2,1,10,3,0,1,0,0,0,0,4,200,200,200,200,200,200
420681,0,30,0,2,2,1,10,5,0,1,200,18,200,1,7,200,8,200,200,200,200
420681,0,30,0,2,2,1,10,5,0,1,200,18,200,0,6,200,0,200,200,200,200
420685,0,30,0,0,2,1,7,5,0,1,200,0,0,0,6,0,6,200,0,200,200
420687,0,25,1,3,2,1,0,2,0,1,0,16,0,0,5,0,0,0,0,200,200
420687,0,25,1,3,2,1,0,2,0,1,0,16,0,1,9,0,0,0,0,200,200
420688,0,30,2,0,2,1,0,3,0,1,0,16,12,0,6,0,12,0,0,200,200
420688,0,30,2,0,2,1,0,3,0,1,0,16,12,0,3,0,0,0,0,200,200
420688,0,30,2,0,2,1,0,3,0,1,0,16,12,1,5,0,0,0,0,200,200
420689,0,30,1,2,2,1,9,5,0,1,0,17,200,2,200,200,1,200,200,200,200
420689,5,30,1,2,2,1,9,5,0,1,0,17,200,1,9,200,0,0,0,200,200
420697,0,30,0,0,200,1,7,5,0,200,200,0,0,2,200,200,200,200,200,200,200
420702,0,30,0,0,2,1,12,6,0,1,0,17,200,1,200,200,1,0,0,200,200
420702,0,30,0,0,2,1,12,6,0,1,0,17,200,0,200,0,0,0,0,200,200
420702,1,30,0,0,2,1,12,6,0,1,0,17,200,1,200,0,200,200,200,200,200
420702,1,30,0,0,2,1,12,6,0,1,0,17,200,0,200,0,200,200,200,200,200
420712,0,35,0,0,2,1,0,5,0,1,200,17,11,0,3,200,1,200,0,200,200
420712,0,35,0,0,2,1,0,5,0,1,200,17,11,0,6,200,0,200,0,200,200
420712,1,35,0,0,2,1,0,5,0,1,200,17,11,0,4,200,200,200,200,200,200
420718,4,30,0,0,2,4,8,6,0,1,0,16,34,0,5,7,9,0,0,200,200
420718,0,30,0,0,2,4,8,6,0,1,0,16,34,1,8,0,0,0,0,200,200
420718,1,30,0,0,2,4,8,6,0,1,0,16,34,1,8,0,200,200,200,200,200
420721,0,30,0,0,2,1,10,5,0,1,0,17,200,0,6,200,200,200,0,200,200
420721,0,30,0,0,2,1,10,5,0,1,0,17,200,0,6,0,0,0,0,200,200
420721,1,30,0,0,2,1,10,5,0,1,0,17,200,0,5,0,200,200,200,200,200
420721,1,30,0,0,2,1,10,5,0,1,0,17,200,1,0,200,200,200,200,200,200
420721,1,30,0,0,2,1,10,5,0,1,0,17,200,0,6,200,200,200,200,200,200
420721,1,30,0,0,2,1,10,5,0,1,0,17,200,1,6,200,200,200,200,200,200
420729,0,30,1,3,2,1,12,5,0,1,0,16,34,1,5,0,3,200,0,200,200
420729,0,30,1,3,2,1,12,5,0,1,0,16,34,0,5,0,0,200,0,200,200
420729,1,30,1,3,2,1,12,5,0,1,0,16,34,1,5,0,200,200,200,200,200
420729,1,30,1,3,2,1,12,5,0,1,0,16,34,0,0,5,200,200,200,200,200
420732,0,30,0,0,0,2,10,5,0,1,0,200,200,0,6,0,0,0,0,200,200
420732,0,30,0,0,0,2,10,5,0,1,0,200,200,0,7,0,0,0,0,200,200
420732,1,30,0,0,0,2,10,5,0,1,0,200,200,1,200,0,200,200,200,200,200
420732,1,30,0,0,0,2,10,5,0,1,0,200,200,1,200,0,200,200,200,200,200
420732,1,30,0,0,0,2,10,5,0,1,0,200,200,1,200,0,200,200,200,200,200
420735,0,25,2,2,1,1,7,6,0,1,0,10,25,0,200,200,9,200,200,200,200
420735,0,25,2,2,1,1,7,6,0,1,0,10,25,1,5,0,0,0,0,200,200
420735,1,25,2,2,1,1,7,6,0,1,0,10,25,0,0,5,200,200,200,200,200
420736,0,35,0,0,2,4,7,5,0,1,200,0,0,0,8,200,200,200,200,200,200
420741,0,30,0,0,0,1,12,2,0,0,0,22,200,0,6,0,8,0,0,200,200
420741,0,30,0,0,0,1,12,2,0,0,0,22,200,0,6,0,0,0,0,200,200
420741,0,30,0,0,0,1,12,2,0,0,0,22,200,2,200,200,200,200,200,200,200
420746,0,30,1,2,2,1,14,6,0,1,0,21,200,0,6,0,4,0,0,200,200
420746,0,30,1,2,2,1,14,6,0,1,0,21,200,0,5,0,0,0,0,200,200
420753,0,30,0,0,0,1,10,5,0,1,0,18,0,0,5,200,3,200,200,200,200
420753,0,30,0,0,0,1,10,5,0,1,0,18,0,0,6,0,0,0,0,200,200
420767,0,30,0,0,2,1,14,5,0,1,0,0,0,1,4,200,200,200,200,200,200
420767,0,30,0,0,2,1,14,5,0,1,0,0,0,0,7,0,0,0,0,200,200
420770,0,30,0,0,2,1,4,6,0,1,2,29,28,1,6,200,0,0,0,200,200
420773,0,30,2,2,2,1,14,5,0,1,0,17,200,1,4,0,1,0,0,200,200
420773,0,30,2,2,2,1,14,5,0,1,0,17,200,1,5,0,0,0,0,200,200
420773,1,30,2,2,2,1,14,5,0,1,0,17,200,1,200,0,200,200,200,200,200
420773,1,30,2,2,2,1,14,5,0,1,0,17,200,1,200,0,200,200,200,200,200
420777,0,30,0,0,0,0,10,5,0,0,0,18,18,0,200,0,3,0,0,200,200
420777,0,30,0,0,0,0,10,5,0,0,0,18,18,0,9,0,0,0,0,200,200
420777,1,30,0,0,0,0,10,5,0,0,0,18,18,1,200,0,200,200,200,200,200
420783,0,30,0,0,2,3,14,2,0,1,0,22,21,1,6,0,0,0,0,200,200
420783,0,30,0,0,2,3,14,2,0,1,0,22,21,0,200,200,7,200,200,200,200
420785,0,15,0,0,12,200,7,5,0,200,0,0,200,2,200,200,200,200,200,200,200
420796,0,30,2,2,2,1,0,5,0,1,0,17,200,0,6,200,1,0,0,200,200
420796,0,30,2,2,2,1,0,5,0,1,0,17,200,1,6,200,0,0,7,200,200
420797,0,25,1,2,2,3,10,5,0,1,0,7,7,0,7,0,12,0,0,200,200
420797,0,25,1,2,2,3,10,5,0,1,0,7,7,1,7,0,0,0,0,200,200
420797,1,25,1,2,2,3,10,5,0,1,0,7,7,1,7,0,200,200,200,200,200
420800,0,30,0,0,2,4,14,5,0,1,2,0,200,1,200,200,200,200,200,200,200
420800,0,30,0,0,2,4,14,5,0,1,2,0,200,0,5,0,0,0,0,200,200
420801,0,30,0,0,2,1,14,5,0,1,0,17,16,0,200,0,1,4,0,200,200
420801,0,30,0,0,2,1,14,5,0,1,0,17,16,1,200,200,0,4,0,200,200
420801,1,30,0,0,2,1,14,5,0,1,0,17,16,0,200,0,200,200,200,200,200
420805,0,30,1,2,0,1,12,6,0,0,0,22,23,1,7,0,4,0,0,200,200
420805,0,30,1,2,0,1,12,6,0,0,0,22,23,0,5,0,0,0,0,200,200
420809,0,30,0,0,2,1,10,5,0,1,200,34,34,1,6,0,0,0,200,200,200
420809,0,30,0,0,2,1,10,5,0,1,200,34,34,0,6,0,0,0,200,200,200
420809,1,30,0,0,2,1,10,5,0,1,200,34,34,0,200,0,200,200,200,200,200
420809,1,30,0,0,2,1,10,5,0,1,200,34,34,1,200,5,200,200,200,200,200
420809,1,30,0,0,2,1,10,5,0,1,200,34,34,1,200,0,200,200,200,200,200
420809,1,30,0,0,2,1,10,5,0,1,200,34,34,0,200,0,200,200,200,200,200
420810,0,5,12,2,2,3,12,3,0,1,0,34,16,1,7,0,200,200,0,200,200
420810,0,5,12,2,2,3,12,3,0,1,0,34,16,0,6,0,200,200,0,200,200
420810,1,5,12,2,2,3,12,3,0,1,0,34,16,0,200,0,200,200,200,200,200
420810,1,5,12,2,2,3,12,3,0,1,0,34,16,200,200,0,200,200,200,200,200
420815,0,30,0,0,0,1,0,6,0,0,0,0,0,0,200,200,12,200,200,200,200
420815,0,30,0,0,0,1,0,6,0,0,0,0,0,0,200,200,0,0,0,200,200
420815,1,30,0,0,0,1,0,6,0,0,0,0,0,0,0,200,200,200,200,200,200
420815,1,30,0,0,0,1,0,6,0,0,0,0,0,0,200,200,200,200,200,200,200
420817,0,30,0,0,0,4,12,5,0,0,0,200,200,1,6,0,0,0,0,200,200
420817,0,30,0,0,0,4,12,5,0,0,0,200,200,1,7,0,0,0,0,200,200
420817,1,30,0,0,0,4,12,5,0,0,0,200,200,0,200,0,200,200,200,200,200
420817,1,30,0,0,0,4,12,5,0,0,0,200,200,1,200,0,200,200,200,200,200
420817,1,30,0,0,0,4,12,5,0,0,0,200,200,1,200,0,200,200,200,200,200
420817,1,30,0,0,0,4,12,5,0,0,0,200,200,0,200,0,200,200,200,200,200
420821,0,30,0,0,0,1,14,2,0,0,0,0,200,1,9,7,0,0,0,200,200
420821,0,30,0,0,0,1,14,2,0,0,0,0,200,0,200,7,0,0,0,200,200
420824,0,30,1,3,2,4,0,5,0,1,0,17,0,1,6,0,1,0,0,200,200
420824,0,30,1,3,2,4,0,5,0,1,0,17,0,1,5,0,0,0,0,200,200
420837,0,30,0,0,2,3,12,2,0,1,0,12,34,1,5,200,12,0,0,200,200
420837,0,30,0,0,2,3,12,2,0,1,0,12,34,0,0,200,200,0,0,200,200
420837,1,30,0,0,2,3,12,2,0,1,0,12,34,1,5,200,200,200,200,200,200
420837,1,30,0,0,2,3,12,2,0,1,0,12,34,1,200,4,200,200,200,200,200
420840,0,25,0,0,2,1,2,6,0,1,0,0,0,2,200,200,200,200,200,200,200
420841,0,30,0,3,2,2,0,5,0,1,0,17,3,0,5,200,1,0,0,200,200
420841,0,30,0,3,2,2,0,5,0,1,0,17,3,1,6,200,0,0,0,200,200
420841,1,30,0,3,2,2,0,5,0,1,0,17,3,0,6,200,200,200,200,200,200
420846,0,30,0,0,0,3,12,6,0,0,0,0,0,0,200,200,200,200,200,200,200
420846,0,30,0,0,0,3,12,6,0,0,0,0,0,1,200,0,200,0,0,200,200
420849,0,35,0,0,2,3,7,5,0,1,0,20,0,0,7,200,6,200,200,200,200
420853,0,30,1,2,2,0,12,3,0,1,0,17,200,0,5,0,1,0,0,200,200
420853,0,30,1,2,2,0,12,3,0,1,0,17,200,0,5,0,0,0,0,200,200
420856,0,30,0,0,2,3,7,5,0,1,0,12,0,0,5,0,200,0,0,200,200
420856,1,30,0,0,2,3,7,5,0,1,0,12,0,1,200,0,200,200,200,200,200
420856,1,30,0,0,2,3,7,5,0,1,0,12,0,1,200,0,200,200,200,200,200
420857,0,30,0,0,2,1,12,5,0,1,0,22,200,0,200,200,4,200,200,200,200
420857,0,30,0,0,2,1,12,5,0,1,0,22,200,1,7,0,0,0,0,200,200
420861,0,30,0,0,2,3,7,2,0,1,0,34,8,0,5,0,12,12,12,200,200
420866,0,30,0,0,2,200,7,6,0,1,0,0,0,2,200,200,200,200,200,200,200
420869,0,30,2,2,2,3,0,2,0,1,0,0,0,0,5,0,12,200,0,200,200
420869,0,30,2,2,2,3,0,2,0,1,0,0,0,1,6,0,200,200,0,200,200
420874,0,15,0,0,0,3,7,7,0,1,0,20,0,1,200,200,6,200,200,200,200
420883,0,30,1,3,1,3,0,2,0,1,0,3,17,2,200,200,1,200,200,200,200
420883,0,30,1,3,1,3,0,2,0,1,0,3,17,0,7,0,0,0,0,200,200
420889,0,30,1,2,0,3,14,5,0,1,0,17,23,1,5,0,7,0,0,200,200
420889,0,30,1,2,0,3,14,5,0,1,0,17,23,0,6,0,0,0,0,200,200
420889,1,30,1,2,0,3,14,5,0,1,0,17,23,0,0,5,200,200,200,200,200
420906,0,30,1,3,0,0,0,5,0,0,0,6,16,0,5,0,1,0,0,200,200
420906,0,30,1,3,0,0,0,5,0,0,0,6,16,0,6,0,200,0,0,200,200
420906,0,30,1,3,0,0,0,5,0,0,0,6,16,0,7,0,12,0,0,200,200
420906,1,30,1,3,0,0,0,5,0,0,0,6,16,1,6,0,200,200,200,200,200
420906,1,30,1,3,0,0,0,5,0,0,0,6,16,1,4,0,200,200,200,200,200
420923,0,30,0,0,1,3,4,5,0,0,1,28,200,1,6,200,200,0,0,200,200
420925,0,30,2,2,2,0,14,5,0,1,0,17,0,0,5,200,1,200,0,200,200
420925,0,30,2,2,2,0,14,5,0,1,0,17,0,0,6,200,0,0,0,200,200
420935,0,30,0,0,0,3,7,5,0,0,0,0,200,0,5,200,200,200,0,200,200
420950,0,30,1,2,0,3,10,5,0,0,0,20,200,2,200,200,6,200,200,200,200
420950,0,30,1,2,0,3,10,5,0,0,0,20,200,0,6,0,0,0,0,200,200
420950,1,30,1,2,0,3,10,5,0,0,0,20,200,0,6,0,200,200,200,200,200
420952,0,30,0,0,0,3,7,5,0,1,0,16,200,0,7,200,8,200,200,200,200
420959,0,30,1,2,2,3,10,1,2,1,200,17,200,0,200,200,1,200,200,200,200
420959,0,30,1,2,2,3,10,1,2,1,200,17,200,1,4,200,0,0,0,200,200
420959,1,30,1,2,2,3,10,1,2,1,200,17,200,0,3,200,200,200,200,200,200
420961,0,30,1,2,0,3,12,5,0,0,0,200,200,0,200,200,2,200,200,200,200
420961,0,30,1,2,0,3,12,5,0,0,0,200,200,1,6,0,0,0,0,200,200
420962,0,10,0,0,0,3,7,7,0,0,0,21,200,0,200,200,200,200,200,200,200
420974,0,30,0,0,2,3,10,2,0,1,0,16,14,0,4,0,8,0,5,200,200
420974,0,30,0,0,2,3,10,2,0,1,0,16,14,0,6,0,0,0,0,200,200
420974,1,30,0,0,2,3,10,2,0,1,0,16,14,0,4,0,200,200,200,200,200
420974,1,30,0,0,2,3,10,2,0,1,0,16,14,0,5,0,200,200,200,200,200
420974,1,30,0,0,2,3,10,2,0,1,0,16,14,1,6,0,200,200,200,200,200
420982,0,9,0,0,0,3,12,2,0,1,0,7,200,0,5,200,200,0,0,200,200
420982,0,9,0,0,0,3,12,2,0,1,0,7,200,1,5,200,0,0,0,200,200
420995,0,30,0,0,0,3,12,5,0,0,0,200,200,1,6,0,200,200,0,200,200
420995,0,30,0,0,0,3,12,5,0,0,0,200,200,0,6,0,200,200,0,200,200
420995,1,30,0,0,0,3,12,5,0,0,0,200,200,1,6,0,200,200,200,200,200
420995,1,30,0,0,0,3,12,5,0,0,0,200,200,0,0,5,200,200,200,200,200
421004,0,30,0,0,0,3,7,5,0,1,0,0,200,2,200,200,200,200,200,200,200
421014,0,30,1,2,0,0,12,6,0,0,0,17,200,0,5,0,1,200,0,200,200
421014,0,30,1,2,0,0,12,6,0,0,0,17,200,0,6,200,0,0,0,200,200
421019,0,30,0,0,0,0,12,7,0,1,200,16,200,0,6,200,3,200,200,200,200
421019,0,30,0,0,0,0,12,7,0,1,200,16,200,1,6,200,0,200,200,200,200
421023,0,30,0,0,200,1,7,6,0,200,0,0,0,0,200,200,200,200,200,200,200
421026,0,30,1,2,0,3,0,5,0,0,0,6,0,0,5,200,5,200,200,200,200
421026,0,30,1,2,0,3,0,5,0,0,0,6,0,0,5,0,0,0,0,200,200
421031,0,30,1,2,12,3,9,5,0,1,0,17,200,0,0,200,1,0,0,200,200
421031,5,30,1,2,12,3,9,5,0,1,0,17,200,0,6,7,0,12,0,200,200
421038,0,35,0,0,0,0,14,5,0,0,0,23,0,2,200,200,7,200,200,200,200
421038,0,35,0,0,0,0,14,5,0,0,0,23,0,1,6,0,0,0,0,200,200
421045,0,30,0,200,2,3,7,7,0,1,12,200,200,0,6,0,6,0,0,200,200
421045,1,30,0,200,2,3,7,7,0,1,12,200,200,0,200,0,200,200,200,200,200
421045,1,30,0,200,2,3,7,7,0,1,12,200,200,1,200,0,200,200,200,200,200
421050,0,30,0,0,0,3,7,5,0,1,0,21,0,2,200,200,200,200,200,200,200
421066,0,30,0,2,0,3,7,7,0,0,0,20,200,0,6,0,6,0,0,200,200
421066,1,30,0,2,0,3,7,7,0,0,0,20,200,1,5,200,200,200,200,200,200
421066,1,30,0,2,0,3,7,7,0,0,0,20,200,1,5,200,200,200,200,200,200
421066,1,30,0,2,0,3,7,7,0,0,0,20,200,1,5,200,200,200,200,200,200
421066,1,30,0,2,0,3,7,7,0,0,0,20,200,1,5,200,200,200,200,200,200
421067,0,30,1,2,0,3,8,5,0,0,0,0,200,0,5,200,12,0,0,200,200
421067,4,30,1,2,0,3,8,5,0,0,0,0,200,0,8,2,200,0,0,200,200
421070,0,30,1,2,0,3,2,2,0,0,0,25,16,1,200,200,8,200,200,200,200
421070,1,30,1,2,0,3,2,2,0,0,0,25,16,0,200,200,200,200,200,200,200
421073,0,30,0,0,0,3,12,5,0,0,200,21,200,2,200,200,4,200,200,200,200
421073,0,30,0,0,0,3,12,5,0,0,200,21,200,0,5,200,0,0,0,200,200
421073,1,30,0,0,0,3,12,5,0,0,200,21,200,200,200,200,200,200,200,200,200
421075,0,35,2,2,0,3,0,5,0,0,0,32,32,0,6,0,5,200,5,200,200
421075,0,35,2,2,0,3,0,5,0,0,0,32,32,0,6,0,0,0,0,200,200
421080,0,5,0,0,0,0,7,6,0,0,0,0,19,2,200,200,200,200,200,200,200
421081,0,40,0,0,200,1,10,3,0,200,0,0,200,2,200,200,200,200,200,200,200