RD_NO,PERSON_TYPE,POSTED_SPEED_LIMIT,TRAFFIC_CONTROL_DEVICE,DEVICE_CONDITION,WEATHER_CONDITION,LIGHTING_CONDITION,FIRST_CRASH_TYPE,TRAFFICWAY_TYPE,ALIGNMENT,ROADWAY_SURFACE_COND,ROAD_DEFECT,PRIM_CONTRIBUTORY_CAUSE,SEC_CONTRIBUTORY_CAUSE,SEX,AGE,SAFETY_EQUIPMENT,DRIVER_ACTION,DRIVER_VISION,PHYSICAL_CONDITION,BAC_RESULT VALUE,CELL_PHONE_USE
421081,0,40,0,0,200,1,10,3,0,200,0,0,200,0,6,200,0,200,200,200,200
421087,0,25,0,0,0,3,7,5,0,0,0,22,0,1,7,200,2,0,0,200,200
421097,0,30,0,0,0,3,7,5,0,0,0,32,10,1,5,0,12,200,5,0.22,200
421102,0,20,0,0,0,3,7,6,0,0,0,0,0,2,200,200,200,200,200,200,200
421107,0,35,2,2,0,3,0,2,0,0,0,0,200,0,5,0,1,200,0,200,200
421107,0,35,2,2,0,3,0,2,0,0,0,0,200,1,8,0,200,0,0,200,200
421107,1,35,2,2,0,3,0,2,0,0,0,0,200,0,200,0,200,200,200,200,200
421107,1,35,2,2,0,3,0,2,0,0,0,0,200,0,200,0,200,200,200,200,200
421107,1,35,2,2,0,3,0,2,0,0,0,0,200,1,7,0,200,200,200,200,200
421110,0,25,1,2,0,3,10,5,0,0,0,0,200,0,7,200,3,200,0,200,200
421110,0,25,1,2,0,3,10,5,0,0,0,0,200,1,7,200,12,0,0,200,200
421116,0,30,0,0,0,3,7,5,0,0,0,0,200,0,6,200,200,0,0,200,200
421122,0,25,0,0,0,3,7,5,0,0,0,32,16,0,6,200,200,200,5,200,200
421122,1,25,0,0,0,3,7,5,0,0,0,32,16,1,5,200,200,200,200,200,200
421122,1,25,0,0,0,3,7,5,0,0,0,32,16,0,5,200,200,200,200,200,200
421129,0,30,0,0,0,3,7,5,0,0,0,0,0,0,200,200,200,200,200,200,200
421167,0,30,0,0,0,1,2,3,0,0,0,16,11,0,4,200,12,200,7,200,200
421176,0,35,0,0,0,0,7,6,0,0,200,0,0,0,7,200,200,200,8,200,200
421177,0,30,1,2,0,3,14,2,0,0,0,17,16,0,6,0,1,0,0,200,200
421177,0,30,1,2,0,3,14,2,0,0,0,17,16,0,7,0,0,0,0,200,200
421177,1,30,1,2,0,3,14,2,0,0,0,17,16,1,5,0,200,200,200,200,200
421179,0,20,0,200,200,200,7,6,0,200,0,0,0,2,200,200,200,200,200,200,200
421184,0,40,0,0,0,1,10,2,0,0,0,0,200,0,6,0,200,0,0,200,200
421184,0,40,0,0,0,1,10,2,0,0,0,0,200,0,8,0,0,0,0,200,200
421198,0,30,1,2,0,1,9,2,0,0,0,33,0,0,9,0,12,6,0,200,200
421198,5,30,1,2,0,1,9,2,0,0,0,33,0,0,7,200,12,12,7,200,200
421199,0,25,2,2,2,1,14,6,0,1,0,5,5,1,200,200,1,200,200,200,200
421199,0,25,2,2,2,1,14,6,0,1,0,5,5,0,5,0,0,0,200,200,200
421205,0,30,0,0,0,2,12,6,0,0,0,0,0,0,5,200,200,200,0,200,200
421205,0,30,0,0,0,2,12,6,0,0,0,0,0,0,6,200,200,200,200,200,200
421209,0,30,1,2,0,1,14,5,0,0,0,23,0,1,6,0,7,0,0,200,200
421209,0,30,1,2,0,1,14,5,0,0,0,23,0,0,6,0,0,0,0,200,200
421212,0,30,0,0,0,0,7,2,0,0,0,0,0,2,200,200,200,200,200,200,200
421213,0,30,0,0,0,1,9,5,0,0,0,0,200,0,7,200,12,12,0,200,200
421213,5,30,0,0,0,1,9,5,0,0,0,0,200,0,5,7,12,200,0,200,200
421217,0,10,0,0,0,1,0,0,0,0,0,200,200,0,6,0,1,12,0,200,200
421217,0,10,0,0,0,1,0,0,0,0,0,200,200,0,6,0,12,200,0,200,200
421219,0,0,0,0,0,1,0,7,0,0,0,20,200,0,6,200,1,200,0,200,200
421219,0,0,0,0,0,1,0,7,0,0,0,20,200,1,8,200,1,200,0,200,200
421222,0,35,1,2,0,1,10,5,0,0,0,16,16,0,7,0,0,0,0,200,200
421222,0,35,1,2,0,1,10,5,0,0,0,16,16,1,5,0,8,12,0,200,200
421222,1,35,1,2,0,1,10,5,0,0,0,16,16,1,6,0,200,200,200,200,200
421222,1,35,1,2,0,1,10,5,0,0,0,16,16,1,2,0,200,200,200,200,200
421222,1,35,1,2,0,1,10,5,0,0,0,16,16,1,2,0,200,200,200,200,200
421222,1,35,1,2,0,1,10,5,0,0,0,16,16,200,200,0,200,200,200,200,200
421222,1,35,1,2,0,1,10,5,0,0,0,16,16,0,5,0,200,200,200,200,200
421223,0,30,2,2,0,1,2,5,0,0,0,0,200,0,8,0,12,0,0,200,200
421230,0,30,0,0,0,1,7,5,0,0,0,8,0,0,7,0,2,200,0,200,200
421230,1,30,0,0,0,1,7,5,0,0,0,8,0,0,200,0,200,200,200,200,200
421231,0,30,0,0,0,1,14,5,0,0,0,17,200,1,5,0,1,0,0,200,200
421231,0,30,0,0,0,1,14,5,0,0,0,17,200,0,7,0,0,0,0,200,200
421240,0,20,2,2,0,1,10,8,5,0,0,10,200,0,6,200,3,0,200,200,200
421240,0,20,2,2,0,1,10,8,5,0,0,10,200,1,7,0,0,0,0,200,200
421241,0,30,2,2,0,1,0,2,0,0,0,17,200,1,7,0,1,0,0,200,200
421241,0,30,2,2,0,1,0,2,0,0,0,17,200,0,6,0,0,0,0,200,200
421243,0,30,0,0,0,1,7,5,0,0,0,0,200,2,200,200,200,200,200,200,200
421244,0,30,0,0,0,1,10,5,0,0,0,0,0,0,200,200,3,6,0,200,200
421244,0,30,0,0,0,1,10,5,0,0,0,0,0,1,200,200,0,0,0,200,200
421244,0,30,0,0,0,1,10,5,0,0,0,0,0,1,200,200,0,0,0,200,200
421246,0,30,1,2,0,1,12,6,0,0,0,22,16,2,200,200,200,200,200,200,200
421246,0,30,1,2,0,1,12,6,0,0,0,22,16,0,7,0,0,0,0,200,200
421253,0,30,0,0,200,200,7,6,0,200,0,0,0,2,200,200,200,200,200,200,200
421254,0,30,1,2,0,1,10,5,0,0,0,18,18,1,5,0,3,0,0,200,200
421254,0,30,1,2,0,1,10,5,0,0,0,18,18,0,6,0,0,0,0,200,200
421255,0,40,1,1,0,1,10,3,0,0,0,18,200,0,6,0,3,0,0,200,200
421255,0,40,1,1,0,1,10,3,0,0,0,18,200,0,6,0,0,0,0,200,200
421255,1,40,1,1,0,1,10,3,0,0,0,18,200,0,200,0,200,200,200,200,200
421259,0,30,1,2,0,1,14,2,0,0,0,23,200,1,7,0,7,0,0,200,200
421259,0,30,1,2,0,1,14,2,0,0,0,23,200,0,5,0,0,0,0,200,200
421262,0,30,1,2,0,1,14,2,0,0,0,0,0,1,6,0,200,200,0,200,200
421262,0,30,1,2,0,1,14,2,0,0,0,0,0,1,5,0,0,0,0,200,200
421263,0,35,0,0,2,1,10,5,0,1,0,34,34,0,200,200,0,200,200,200,200
421263,0,35,0,0,2,1,10,5,0,1,0,34,34,0,7,200,0,0,200,200,200
421264,0,30,0,0,0,1,7,5,0,0,0,200,200,0,0,7,200,200,0,200,200
421268,0,30,1,2,0,1,14,5,0,0,0,18,0,1,6,0,12,0,0,200,200
421268,0,30,1,2,0,1,14,5,0,0,0,18,0,0,5,0,200,0,0,200,200
421268,1,30,1,2,0,1,14,5,0,0,0,18,0,0,5,0,200,200,200,200,200
421272,0,25,0,0,0,1,7,5,0,0,0,11,200,1,5,200,12,0,0,200,200
421275,0,15,200,200,0,1,2,6,0,1,200,0,200,1,5,200,200,200,0,200,200
421279,0,30,0,0,0,1,10,2,0,0,0,18,200,1,7,0,3,0,0,200,200
421279,0,30,0,0,0,1,10,2,0,0,0,18,200,0,6,0,0,0,0,200,200
421279,0,30,0,0,0,1,10,2,0,0,0,18,200,2,200,200,0,200,200,200,200
421279,1,30,0,0,0,1,10,2,0,0,0,18,200,1,6,0,200,200,200,200,200
421281,0,30,1,2,0,1,8,5,0,0,0,3,200,0,6,0,12,0,0,200,200
421281,4,30,1,2,0,1,8,5,0,0,0,3,200,0,6,200,0,0,0,200,200
421282,0,30,0,0,0,1,14,2,0,0,0,23,11,1,4,0,7,1,0,200,200
421282,0,30,0,0,0,1,14,2,0,0,0,23,11,0,3,0,4,1,0,200,200
421282,0,30,0,0,0,1,14,2,0,0,0,23,11,0,7,0,0,0,0,200,200
421282,1,30,0,0,0,1,14,2,0,0,0,23,11,0,3,200,200,200,200,200,200
421285,0,30,2,12,0,1,14,12,0,0,0,23,200,1,6,0,12,0,0,200,200
421285,0,30,2,12,0,1,14,12,0,0,0,23,200,1,5,0,12,0,0,200,200
421287,0,30,0,0,0,4,7,5,0,0,0,0,0,2,200,200,200,200,200,200,200
421291,0,30,2,200,0,1,10,5,0,200,200,16,0,0,200,200,200,200,200,200,200
421291,0,30,2,200,0,1,10,5,0,200,200,16,0,1,6,0,0,0,0,200,200
421292,4,20,0,0,0,1,8,6,0,0,0,10,200,0,4,7,9,200,0,200,200
421292,0,20,0,0,0,1,8,6,0,0,0,10,200,1,6,200,0,5,0,200,200
421294,0,30,0,0,0,2,10,7,0,0,0,17,17,0,200,200,1,0,0,200,200
421294,0,30,0,0,0,2,10,7,0,0,0,17,17,1,6,0,0,0,0,200,200
421297,0,20,2,0,0,1,8,5,0,0,0,16,0,2,200,200,1,200,200,200,200
421297,4,20,2,0,0,1,8,5,0,0,0,16,0,0,6,3,0,0,0,200,200
421299,0,30,2,2,0,1,0,5,0,0,0,0,0,1,7,0,1,12,0,200,200
421299,0,30,2,2,0,1,0,5,0,0,0,0,0,1,8,0,0,0,0,200,200
421300,0,45,200,200,0,1,12,3,0,0,200,22,0,1,200,200,2,200,200,200,200
421300,0,45,200,200,0,1,12,3,0,0,200,22,0,1,7,200,0,200,0,200,200
421304,0,30,0,0,0,3,7,5,0,0,0,0,0,2,200,200,200,200,200,200,200
421312,0,30,2,2,0,1,2,2,0,0,0,18,25,0,5,200,3,0,0,200,200
421313,0,30,1,0,0,1,10,2,0,0,0,18,200,1,200,200,3,200,200,200,200
421313,0,30,1,0,0,1,10,2,0,0,0,18,200,1,6,200,0,0,0,200,200
421314,0,25,0,0,0,1,12,5,0,0,0,22,22,0,6,0,4,0,0,200,200
421314,0,25,0,0,0,1,12,5,0,0,0,22,22,0,7,0,0,0,0,200,200
421327,0,30,2,2,0,1,9,6,0,0,0,17,16,1,7,0,1,0,0,200,200
421327,5,30,2,2,0,1,9,6,0,0,0,17,16,0,7,7,0,0,0,200,200
421332,0,30,0,0,0,1,12,5,3,0,0,22,0,0,200,200,2,200,200,200,200
421332,0,30,0,0,0,1,12,5,3,0,0,22,0,1,7,0,0,0,0,200,200
421332,1,30,0,0,0,1,12,5,3,0,0,22,0,1,200,200,200,200,200,200,200
421339,0,20,0,0,0,1,0,5,0,0,0,0,0,2,200,200,200,200,200,200,200
421339,0,20,0,0,0,1,0,5,0,0,0,0,0,1,8,0,0,0,200,200,200
421340,0,30,0,0,0,1,2,5,0,0,0,20,200,0,5,200,6,12,0,200,200
421347,0,30,1,2,0,1,10,2,0,0,0,18,22,0,4,0,2,0,0,200,200
421347,0,30,1,2,0,1,10,2,0,0,0,18,22,0,6,0,0,0,0,200,200
421350,0,10,0,0,0,1,10,7,0,0,0,200,200,0,9,200,12,0,0,200,200
421350,0,10,0,0,0,1,10,7,0,0,0,200,200,0,6,200,0,0,0,200,200
421351,0,35,0,0,0,1,11,5,0,0,0,0,0,0,6,0,0,0,0,200,200
421351,0,35,0,0,0,1,11,5,0,0,0,0,0,0,6,0,0,0,0,200,200
421351,1,35,0,0,0,1,11,5,0,0,0,0,0,1,7,0,200,200,200,200,200
421351,1,35,0,0,0,1,11,5,0,0,0,0,0,1,6,7,200,200,200,200,200
421351,1,35,0,0,0,1,11,5,0,0,0,0,0,0,0,5,200,200,200,200,200
421355,0,30,1,2,0,1,10,5,0,0,0,18,200,1,200,200,3,200,200,200,200
421355,0,30,1,2,0,1,10,5,0,0,0,18,200,1,5,200,0,0,0,200,200
421356,0,30,0,0,0,1,0,5,0,0,0,17,0,0,6,200,1,200,200,200,200
421356,0,30,0,0,0,1,0,5,0,0,0,17,0,1,8,0,12,0,0,200,200
421359,0,30,0,0,0,1,0,5,0,0,0,20,200,0,7,0,6,0,0,200,200
421359,0,30,0,0,0,1,0,5,0,0,0,20,200,0,6,200,0,0,0,200,200
421361,0,30,0,0,0,1,12,5,0,0,0,21,16,0,7,0,4,0,0,200,200
421361,0,30,0,0,0,1,12,5,0,0,0,21,16,0,7,0,0,0,0,200,200
421368,0,25,0,0,0,1,7,6,0,0,0,0,0,2,200,200,200,200,200,200,200
421369,0,30,0,0,0,1,10,5,0,0,0,200,200,0,5,200,200,0,0,200,200
421369,0,30,0,0,0,1,10,5,0,0,0,200,200,0,7,0,0,0,0,200,200
421374,0,30,0,0,0,1,12,5,0,0,0,0,0,0,7,0,12,0,0,200,200
421374,0,30,0,0,0,1,12,5,0,0,0,0,0,1,6,0,0,0,0,200,200
421377,0,20,0,0,0,1,7,5,0,0,0,17,200,0,200,200,6,200,200,200,200
421377,1,20,0,0,0,1,7,5,0,0,0,17,200,1,200,0,200,200,200,200,200
421381,0,30,0,0,0,1,7,6,0,0,0,0,0,2,200,200,200,200,200,200,200
421386,0,30,1,2,0,1,14,3,0,0,0,0,200,1,5,200,7,200,0,200,200
421386,0,30,1,2,0,1,14,3,0,0,0,0,200,0,6,200,200,200,0,200,200
421388,0,25,1,2,0,1,10,6,0,0,0,20,20,0,6,0,6,0,0,200,200
421388,0,25,1,2,0,1,10,6,0,0,0,20,20,0,6,0,0,0,0,200,200
421389,0,15,0,0,0,1,7,0,0,0,0,0,0,2,200,200,200,200,200,200,200
421394,0,15,0,0,0,1,10,7,0,0,0,18,0,1,200,200,3,200,200,200,200
421394,0,15,0,0,0,1,10,7,0,0,0,18,0,1,6,0,0,0,0,200,200
421394,1,15,0,0,0,1,10,7,0,0,0,18,0,1,0,5,200,200,200,200,200
421402,0,30,0,0,0,1,10,5,0,0,0,16,18,0,7,0,1,0,0,200,200
421402,0,30,0,0,0,1,10,5,0,0,0,16,18,0,6,0,0,0,0,200,200
421402,1,30,0,0,0,1,10,5,0,0,0,16,18,0,6,0,200,200,200,200,200
421406,0,30,0,0,0,1,10,5,0,0,0,0,0,1,5,0,200,200,0,200,200
421406,0,30,0,0,0,1,10,5,0,0,0,0,0,0,5,0,200,200,0,200,200
421408,0,30,1,2,0,1,10,3,0,0,200,0,200,0,6,200,200,200,0,200,200
421408,0,30,1,2,0,1,10,3,0,0,200,0,200,0,6,200,200,200,0,200,200
421418,0,20,2,2,0,1,0,5,0,0,0,5,200,1,6,200,5,0,0,200,200
421418,0,20,2,2,0,1,0,5,0,0,0,5,200,1,6,200,0,0,0,200,200
421421,0,30,0,0,200,200,7,5,0,200,0,0,0,2,200,200,200,200,200,200,200
421424,0,30,0,0,0,1,14,2,0,0,0,0,0,0,7,0,200,0,0,200,200
421424,0,30,0,0,0,1,14,2,0,0,0,0,0,0,6,0,0,0,0,200,200
421432,0,30,0,0,0,1,14,5,0,0,0,0,200,0,6,0,0,0,0,200,200
421432,0,30,0,0,0,1,14,5,0,0,0,0,200,1,7,0,0,0,0,200,200
421432,1,30,0,0,0,1,14,5,0,0,0,0,200,1,200,0,200,200,200,200,200
421450,0,20,0,0,0,1,0,7,0,0,0,17,20,1,6,0,6,0,0,200,200
421450,0,20,0,0,0,1,0,7,0,0,0,17,20,1,7,0,0,0,0,200,200
421451,0,30,1,2,0,1,0,5,0,0,0,6,17,1,6,200,5,200,200,200,200
421451,0,30,1,2,0,1,0,5,0,0,0,6,17,0,7,200,200,200,200,200,200
421452,0,30,1,2,0,1,10,3,0,0,0,0,0,0,6,0,5,0,0,200,200
421452,0,30,1,2,0,1,10,3,0,0,0,0,0,1,7,0,0,0,0,200,200
421454,0,30,0,0,2,3,7,6,0,1,0,0,0,2,200,200,200,200,200,200,200
421455,0,30,1,2,0,1,10,8,0,0,0,18,12,1,5,0,3,0,0,200,200
421455,0,30,1,2,0,1,10,8,0,0,0,18,12,1,6,0,0,0,0,200,200
421459,0,30,0,0,0,1,0,5,0,0,0,0,0,0,6,0,1,12,0,200,200
421459,0,30,0,0,0,1,0,5,0,0,0,0,0,1,7,0,0,0,0,200,200
421460,0,30,0,0,0,1,2,12,2,0,0,0,0,1,200,200,12,200,200,200,200
421461,0,10,1,2,0,1,10,5,0,0,0,18,18,1,7,200,0,200,0,200,200
421461,0,10,1,2,0,1,10,5,0,0,0,18,18,0,6,7,0,0,0,200,200
421461,1,10,1,2,0,1,10,5,0,0,0,18,18,2,3,0,200,200,200,200,200
421461,1,10,1,2,0,1,10,5,0,0,0,18,18,1,2,0,200,200,200,200,200
421471,0,30,0,0,0,1,8,2,0,0,0,21,21,2,200,200,4,200,200,200,200
421471,4,30,0,0,0,1,8,2,0,0,0,21,21,1,6,3,0,0,0,200,200
421473,0,30,0,0,0,1,2,6,0,0,0,200,200,0,6,0,12,0,0,200,200
421476,0,20,0,0,0,1,9,5,0,0,0,0,0,2,200,200,200,200,200,200,200
421476,5,20,0,0,0,1,9,5,0,0,0,0,0,0,7,7,0,12,0,200,200
421480,0,0,1,2,0,1,10,5,0,0,0,18,0,1,5,200,3,200,0,200,200
421480,0,0,1,2,0,1,10,5,0,0,0,18,0,0,6,0,0,0,0,200,200
421480,1,0,1,2,0,1,10,5,0,0,0,18,0,0,200,200,200,200,200,200,200
421485,0,30,1,2,0,1,10,5,0,0,0,18,200,1,200,200,3,200,200,200,200
421485,0,30,1,2,0,1,10,5,0,0,0,18,200,0,6,0,0,0,0,200,200
421486,0,15,0,0,0,1,7,7,0,0,0,0,200,0,8,0,12,0,0,200,200
421492,0,30,0,0,200,200,7,5,0,200,0,0,0,2,200,200,200,200,200,200,200
421493,0,30,0,0,0,1,0,2,0,0,0,0,0,0,0,200,200,200,0,200,200
421493,0,30,0,0,0,1,0,2,0,0,0,0,0,0,6,0,0,0,0,200,200
421497,0,30,0,0,0,1,12,5,0,0,0,21,200,0,6,200,200,200,0,200,200
421497,0,30,0,0,0,1,12,5,0,0,0,21,200,1,7,200,200,200,0,200,200
421500,0,30,12,2,0,1,12,2,0,0,0,22,16,1,6,0,2,0,0,200,200
421500,0,30,12,2,0,1,12,2,0,0,0,22,16,0,6,0,0,0,0,200,200
421501,0,30,1,2,0,1,10,2,0,0,0,18,0,0,200,200,3,200,200,200,200
421501,0,30,1,2,0,1,10,2,0,0,0,18,0,1,5,0,0,200,0,200,200
421503,0,5,0,0,0,1,2,4,0,0,0,0,200,0,5,200,12,0,0,200,200
421503,1,5,0,0,0,1,2,4,0,0,0,0,200,0,5,200,200,200,200,200,200
421506,0,30,1,2,0,1,10,3,0,0,200,0,0,0,200,200,200,200,200,200,200
421506,0,30,1,2,0,1,10,3,0,0,200,0,0,1,6,0,0,200,0,200,200
421509,0,25,0,0,200,200,7,6,0,200,0,0,0,2,200,200,200,200,200,200,200
421513,0,25,0,0,0,1,7,5,0,0,0,22,200,0,7,200,2,0,0,200,200
421514,0,30,2,2,0,1,12,5,0,0,0,17,200,1,7,200,1,0,0,200,200
421514,0,30,2,2,0,1,12,5,0,0,0,17,200,0,6,0,0,0,0,200,200
421514,1,30,2,2,0,1,12,5,0,0,0,17,200,0,200,200,200,200,200,200,200
421514,1,30,2,2,0,1,12,5,0,0,0,17,200,1,200,200,200,200,200,200,200
421514,1,30,2,2,0,1,12,5,0,0,0,17,200,0,7,0,200,200,200,200,200
421515,0,30,2,0,200,200,7,6,0,200,0,200,200,2,200,200,200,200,200,200,200
421516,0,30,1,2,200,1,0,5,0,200,0,17,200,1,6,200,1,200,200,200,200
421516,0,30,1,2,200,1,0,5,0,200,0,17,200,1,8,0,0,0,0,200,200
421516,1,30,1,2,200,1,0,5,0,200,0,17,200,1,200,0,200,200,200,200,200
421519,0,30,7,12,0,1,5,3,0,0,0,17,200,0,6,200,1,0,0,200,200
421519,5,30,7,12,0,1,5,3,0,0,0,17,200,0,6,200,0,0,0,200,200
421520,0,30,1,2,0,1,10,2,0,0,0,20,200,0,8,0,6,0,0,200,200
421520,0,30,1,2,0,1,10,2,0,0,0,20,200,1,6,0,0,0,0,200,200
421520,1,30,1,2,0,1,10,2,0,0,0,20,200,1,8,0,200,200,200,200,200
421521,0,30,0,0,0,1,2,6,0,0,0,11,11,0,5,0,12,0,0,200,200
421523,0,30,1,2,0,1,9,5,0,0,0,33,0,0,5,0,1,12,0,200,200
421523,5,30,1,2,0,1,9,5,0,0,0,33,0,1,4,7,0,200,0,200,200
421526,0,15,0,0,0,1,7,6,0,0,0,0,0,1,6,0,0,0,0,200,200
421530,0,30,0,0,0,3,2,5,0,0,1,0,0,1,6,0,0,200,0,200,200
421533,0,30,1,2,0,1,14,1,0,0,0,200,200,0,8,200,12,12,0,200,200
421533,0,30,1,2,0,1,14,1,0,0,0,200,200,0,6,200,0,0,0,200,200
421540,0,30,0,0,0,1,7,6,0,0,0,17,16,0,9,200,12,200,0,200,200
421545,0,30,0,0,0,1,7,7,0,0,0,200,200,2,200,200,200,200,200,200,200
421547,0,30,1,2,0,4,10,3,0,0,0,18,200,1,9,200,3,0,0,200,200
421547,0,30,1,2,0,4,10,3,0,0,0,18,200,0,7,3,0,0,0,200,200
421552,0,30,1,2,0,1,0,5,0,0,0,6,0,0,5,0,5,0,0,200,200
421552,0,30,1,2,0,1,0,5,0,0,0,6,0,0,9,0,0,0,0,200,200
421552,1,30,1,2,0,1,0,5,0,0,0,6,0,1,9,0,200,200,200,200,200
421558,0,20,0,0,200,200,7,5,0,200,0,0,0,2,200,200,200,200,200,200,200
421560,0,30,0,0,0,1,10,2,0,0,0,0,200,0,6,0,200,200,0,200,200
421560,0,30,0,0,0,1,10,2,0,0,0,0,200,0,7,0,12,0,0,200,200
421571,0,30,12,0,0,1,10,12,0,200,200,0,0,0,200,200,0,200,200,200,200
421571,0,30,12,0,0,1,10,12,0,200,200,0,0,1,8,0,6,0,0,200,200
421571,1,30,12,0,0,1,10,12,0,200,200,0,0,1,6,0,200,200,200,200,200
421571,1,30,12,0,0,1,10,12,0,200,200,0,0,0,0,5,200,200,200,200,200
421576,0,30,0,0,0,1,10,5,0,1,0,18,0,0,5,0,3,0,0,200,200
421576,0,30,0,0,0,1,10,5,0,1,0,18,0,0,200,200,0,200,200,200,200
421576,1,30,0,0,0,1,10,5,0,1,0,18,0,0,1,5,200,200,200,200,200
421579,0,30,1,2,0,1,14,2,0,0,0,23,200,0,8,0,1,0,0,200,200
421579,0,30,1,2,0,1,14,2,0,0,0,23,200,0,5,0,0,0,0,200,200
421580,0,30,200,200,0,1,14,5,0,0,200,0,0,0,5,0,200,200,0,200,200
421580,0,30,200,200,0,1,14,5,0,0,200,0,0,0,200,200,200,200,200,200,200
421582,0,30,1,1,0,1,8,5,0,0,0,17,35,2,200,200,1,200,200,200,200
421582,4,30,1,1,0,1,8,5,0,0,0,17,35,0,5,7,0,0,0,200,200
421583,0,30,1,3,0,1,0,5,0,0,0,16,200,0,5,0,5,0,0,200,200
421583,0,30,1,3,0,1,0,5,0,0,0,16,200,0,4,0,5,0,0,200,200
421587,0,30,200,200,0,1,10,5,2,200,200,0,0,1,8,200,200,0,1,200,200
421587,0,30,200,200,0,1,10,5,2,200,200,0,0,0,6,200,0,0,0,200,200
421588,0,15,0,0,0,1,2,0,0,2,12,0,200,1,8,0,12,12,0,200,200
421592,0,30,1,2,0,1,14,2,0,2,3,23,0,2,200,200,12,200,200,200,200
421592,0,30,1,2,0,1,14,2,0,2,3,23,0,0,7,200,0,200,0,200,200
421600,0,30,1,2,0,1,12,2,0,0,0,21,200,0,7,200,4,200,0,200,200
421600,0,30,1,2,0,1,12,2,0,0,0,21,200,1,5,200,0,200,0,200,200
421601,0,30,2,2,0,1,14,5,2,0,0,17,200,0,7,200,1,0,0,200,200
421601,0,30,2,2,0,1,14,5,2,0,0,17,200,1,5,200,0,4,0,200,200
421607,0,25,0,0,0,1,12,2,0,0,0,19,27,0,7,0,0,0,0,200,200
421607,0,25,0,0,0,1,12,2,0,0,0,19,27,0,200,200,12,200,200,200,200
421619,0,20,2,2,0,1,14,6,0,0,0,22,200,1,5,0,2,0,0,200,200
421619,0,20,2,2,0,1,14,6,0,0,0,22,200,0,7,0,0,0,0,200,200
421619,1,20,2,2,0,1,14,6,0,0,0,22,200,0,5,0,200,200,200,200,200
421622,0,25,2,12,0,1,0,5,0,0,200,0,0,0,5,200,200,200,0,200,200
421622,0,25,2,12,0,1,0,5,0,0,200,0,0,1,7,200,200,200,0,200,200
421626,0,30,1,2,0,1,10,3,0,0,0,18,16,0,7,0,3,0,0,200,200
421626,0,30,1,2,0,1,10,3,0,0,0,18,16,1,9,0,0,0,0,200,200
421635,0,30,1,2,0,1,10,5,0,0,0,18,200,1,200,200,3,200,200,200,200
421635,0,30,1,2,0,1,10,5,0,0,0,18,200,0,6,0,0,0,0,200,200
421637,0,25,1,2,0,1,14,5,0,0,0,21,200,1,6,200,4,0,0,200,200
421637,0,25,1,2,0,1,14,5,0,0,0,21,200,0,6,200,0,0,0,200,200
421637,1,25,1,2,0,1,14,5,0,0,0,21,200,0,200,200,200,200,200,200,200
421641,0,30,0,0,0,1,0,5,0,0,0,20,200,0,6,0,6,0,0,200,200
421641,0,30,0,0,0,1,0,5,0,0,0,20,200,0,7,0,1,0,0,200,200
421641,1,30,0,0,0,1,0,5,0,0,0,20,200,1,1,5,200,200,200,200,200
421642,0,15,0,0,200,1,11,0,0,200,200,22,200,1,200,200,1,200,200,200,200
421642,0,15,0,0,200,1,11,0,0,200,200,22,200,1,6,0,200,0,0,200,200
421647,0,30,0,0,0,0,7,6,0,0,0,0,200,2,200,200,200,200,200,200,200
421651,0,30,12,2,0,1,12,6,0,0,0,17,16,0,5,0,1,0,0,200,200
421651,0,30,12,2,0,1,12,6,0,0,0,17,16,0,7,0,0,0,0,200,200
421662,0,30,0,0,0,1,7,6,0,0,0,33,0,0,5,0,14,200,0,200,200
421672,0,30,200,200,200,200,0,5,0,200,200,0,200,1,200,200,200,200,200,200,200
421672,0,30,200,200,200,200,0,5,0,200,200,0,200,0,9,0,200,0,0,200,200
421673,0,30,0,0,0,1,7,2,0,0,0,0,200,2,200,200,200,200,200,200,200
421673,1,30,0,0,0,1,7,2,0,0,0,0,200,0,5,200,200,200,200,200,200
421674,0,25,0,0,0,1,10,5,0,0,0,0,0,0,6,200,200,200,200,200,200
421674,0,25,0,0,0,1,10,5,0,0,0,0,0,1,8,0,200,0,0,200,200
421675,0,40,1,2,0,1,7,5,0,0,0,0,0,1,6,0,12,0,0,200,200
421683,0,30,1,2,0,1,12,5,0,0,0,0,200,0,200,200,200,200,200,200,200
421683,0,30,1,2,0,1,12,5,0,0,0,0,200,0,7,0,200,0,0,200,200
421689,0,30,1,2,0,1,0,6,0,0,0,17,16,1,5,200,1,0,0,200,200
421689,0,30,1,2,0,1,0,6,0,0,0,17,16,0,5,200,0,0,0,200,200
421689,1,30,1,2,0,1,0,6,0,0,0,17,16,1,5,200,200,200,200,200,200
421689,1,30,1,2,0,1,0,6,0,0,0,17,16,0,2,200,200,200,200,200,200
421689,1,30,1,2,0,1,0,6,0,0,0,17,16,0,0,200,200,200,200,200,200
421692,0,30,0,0,0,1,7,7,0,0,0,200,200,2,200,200,200,200,200,200,200
421696,0,30,1,2,0,1,10,5,0,0,0,0,0,0,7,0,200,0,0,200,200
421696,0,30,1,2,0,1,10,5,0,0,0,0,0,0,5,0,200,0,0,200,200
421696,1,30,1,2,0,1,10,5,0,0,0,0,0,1,5,0,200,200,200,200,200
421699,0,30,0,0,0,1,14,5,0,0,0,20,200,1,200,200,6,200,200,200,200
421699,0,30,0,0,0,1,14,5,0,0,0,20,200,0,5,0,0,0,0,200,200