RD_NO,PERSON_TYPE,POSTED_SPEED_LIMIT,TRAFFIC_CONTROL_DEVICE,DEVICE_CONDITION,WEATHER_CONDITION,LIGHTING_CONDITION,FIRST_CRASH_TYPE,TRAFFICWAY_TYPE,ALIGNMENT,ROADWAY_SURFACE_COND,ROAD_DEFECT,PRIM_CONTRIBUTORY_CAUSE,SEC_CONTRIBUTORY_CAUSE,SEX,AGE,SAFETY_EQUIPMENT,DRIVER_ACTION,DRIVER_VISION,PHYSICAL_CONDITION,BAC_RESULT VALUE,CELL_PHONE_USE
421700,0,30,1,2,0,1,14,5,0,0,0,0,200,1,200,0,12,0,0,200,200
421700,0,30,1,2,0,1,14,5,0,0,0,0,200,0,200,0,12,0,0,200,200
421700,1,30,1,2,0,1,14,5,0,0,0,0,200,0,200,0,200,200,200,200,200
421721,0,10,0,0,0,1,7,7,0,0,200,0,0,2,200,200,200,200,200,200,200
421723,0,20,0,0,0,1,7,6,0,0,0,0,200,0,6,200,200,200,0,200,200
421724,0,20,0,0,0,1,0,7,0,0,0,17,200,1,5,0,1,0,0,200,200
421724,0,20,0,0,0,1,0,7,0,0,0,17,200,1,5,0,0,0,0,200,200
421726,0,10,0,0,0,1,7,7,0,1,0,0,0,2,200,200,200,200,200,200,200
421729,0,30,1,2,200,1,10,6,0,200,200,0,0,1,200,200,6,200,200,200,200
421729,0,30,1,2,200,1,10,6,0,200,200,0,0,0,6,0,0,0,0,200,200
421730,0,30,1,2,0,1,14,3,0,0,2,23,200,0,7,0,7,0,0,200,200
421730,0,30,1,2,0,1,14,3,0,0,2,23,200,0,6,0,0,0,0,200,200
421732,0,30,0,0,0,1,7,3,0,0,0,20,0,0,5,0,6,0,0,200,200
421740,0,30,1,2,0,1,12,2,0,0,0,0,0,0,200,200,2,200,200,200,200
421740,0,30,1,2,0,1,12,2,0,0,0,0,0,1,6,0,0,0,0,200,200
421741,0,35,0,0,0,1,11,5,0,0,0,17,22,0,6,0,1,0,0,200,0
421741,0,35,0,0,0,1,11,5,0,0,0,17,22,0,5,0,0,0,0,200,200
421744,0,30,200,200,200,2,14,5,0,200,200,200,200,1,200,200,200,200,200,200,200
421744,0,30,200,200,200,2,14,5,0,200,200,200,200,0,6,200,200,200,0,200,200
421744,1,30,200,200,200,2,14,5,0,200,200,200,200,1,200,200,200,200,200,200,200
421744,1,30,200,200,200,2,14,5,0,200,200,200,200,1,6,200,200,200,200,200,200
421756,0,30,0,0,2,0,7,5,0,1,0,0,0,1,6,0,12,4,0,200,200
421757,0,30,0,0,0,1,14,2,0,0,0,33,0,1,5,0,0,5,0,200,200
421757,0,30,0,0,0,1,14,2,0,0,0,33,0,0,6,0,0,5,0,200,200
421762,0,30,1,2,0,1,12,5,0,0,0,0,0,0,5,0,0,0,0,200,200
421762,0,30,1,2,0,1,12,5,0,0,0,0,0,1,6,0,0,0,0,200,200
421763,0,0,2,2,200,200,7,200,0,200,200,0,200,0,6,0,200,200,0,200,200
421767,0,35,200,200,0,1,14,200,0,0,200,0,200,0,7,200,200,200,200,200,200
421767,0,35,200,200,0,1,14,200,0,0,200,0,200,0,5,0,200,200,200,200,200
421775,0,15,0,0,0,1,7,7,0,0,0,200,200,2,200,200,200,200,200,200,200
421777,0,5,0,0,0,3,2,7,0,0,0,11,0,0,6,0,12,0,0,200,200
421778,0,30,1,2,0,1,12,5,0,0,0,0,200,0,8,0,12,0,0,200,200
421778,0,30,1,2,0,1,12,5,0,0,0,0,200,1,5,0,0,0,0,200,200
421783,0,30,1,2,200,1,10,5,0,200,0,11,200,0,200,200,1,200,200,200,200
421783,0,30,1,2,200,1,10,5,0,200,0,11,200,0,200,0,0,0,0,200,200
421784,0,40,3,2,0,1,12,3,2,0,12,0,0,0,0,0,200,0,0,200,200
421784,0,40,3,2,0,1,12,3,2,0,12,0,0,0,6,0,200,0,0,200,200
421784,1,40,3,2,0,1,12,3,2,0,12,0,0,1,5,0,200,200,200,200,200
421786,0,30,0,0,0,1,12,5,0,0,0,0,0,2,200,200,200,200,200,200,200
421786,0,30,0,0,0,1,12,5,0,0,0,0,0,0,6,200,200,200,200,200,200
421789,0,30,2,2,0,1,14,5,0,0,0,5,11,0,200,200,200,200,200,200,200
421789,0,30,2,2,0,1,14,5,0,0,0,5,11,0,6,200,1,0,0,200,200
421790,0,0,0,0,0,1,9,7,0,0,0,20,0,0,5,200,6,200,0,200,200
421790,5,0,0,0,0,1,9,7,0,0,0,20,0,0,5,7,0,0,0,200,200
421793,0,35,0,0,0,1,7,2,0,0,0,0,0,2,200,200,200,200,200,200,200
421795,0,30,200,200,200,200,10,0,0,200,200,0,0,1,200,200,200,200,12,200,200
421795,0,30,200,200,200,200,10,0,0,200,200,0,0,1,8,200,200,200,200,200,200
421798,0,30,0,0,0,1,12,5,0,3,0,23,0,1,8,0,1,0,0,200,200
421798,0,30,0,0,0,1,12,5,0,3,0,23,0,0,6,0,0,0,0,200,200
421800,0,30,1,2,0,1,2,2,0,200,200,0,200,0,6,200,200,200,0,200,200
421808,0,30,1,2,0,1,10,5,0,0,0,18,200,1,6,0,3,0,0,200,200
421808,0,30,1,2,0,1,10,5,0,0,0,18,200,0,6,0,0,0,0,200,200
421808,1,30,1,2,0,1,10,5,0,0,0,18,200,1,6,0,200,200,200,200,200
421808,1,30,1,2,0,1,10,5,0,0,0,18,200,1,200,0,200,200,200,200,200
421814,0,30,0,2,0,1,10,5,0,0,200,18,200,0,0,200,9,200,200,200,200
421814,0,30,0,2,0,1,10,5,0,0,200,18,200,1,5,200,0,200,200,200,200
421814,1,30,0,2,0,1,10,5,0,0,200,18,200,1,0,200,200,200,200,200,200
421823,0,30,0,0,0,1,7,5,0,0,0,17,200,0,6,0,1,0,0,200,200
421827,0,0,2,3,2,1,10,5,0,1,0,5,5,0,5,200,3,200,0,200,200
421827,0,0,2,3,2,1,10,5,0,1,0,5,5,1,6,0,0,0,0,200,200
421828,0,0,0,0,0,1,7,7,0,1,0,25,200,2,200,200,200,200,200,200,200
421832,0,30,0,0,0,1,14,5,0,0,0,0,0,1,6,0,200,0,0,200,200
421832,0,30,0,0,0,1,14,5,0,0,0,0,0,1,6,0,200,0,0,200,200
421836,0,30,1,200,200,200,12,5,0,200,200,22,200,2,200,200,4,200,200,200,200
421836,0,30,1,200,200,200,12,5,0,200,200,22,200,1,7,0,200,200,200,200,200
421843,0,30,0,0,0,1,7,6,0,0,0,14,25,0,6,200,13,0,200,200,200
421846,0,35,0,0,0,1,12,5,0,0,0,18,19,0,200,200,3,200,200,200,200
421846,0,35,0,0,0,1,12,5,0,0,0,18,19,1,5,0,0,0,0,200,200
421852,0,30,2,2,0,1,7,6,0,0,0,20,0,1,200,200,6,200,200,200,200
421856,0,30,200,200,0,1,10,3,0,200,200,16,18,1,200,200,3,200,200,200,200
421856,0,30,200,200,0,1,10,3,0,200,200,16,18,0,6,200,0,200,0,200,200
421857,0,30,1,3,0,1,10,5,0,0,0,0,200,0,6,200,200,200,200,200,200
421857,0,30,1,3,0,1,10,5,0,0,0,0,200,0,7,0,0,0,0,200,200
421857,0,30,1,3,0,1,10,5,0,0,0,0,200,0,200,200,200,200,200,200,200
421858,0,30,1,2,0,1,14,2,0,0,0,0,200,1,4,0,200,0,0,200,200
421858,0,30,1,2,0,1,14,2,0,0,0,0,200,0,7,0,0,0,0,200,200
421859,0,0,2,2,200,200,8,200,0,200,200,0,200,1,200,200,200,200,200,200,200
421859,4,0,2,2,200,200,8,200,0,200,200,0,200,0,6,3,200,200,0,200,200
421860,0,30,0,0,200,1,7,6,0,200,200,22,22,2,200,200,2,200,200,200,200
421861,0,30,1,1,0,1,14,2,0,0,200,0,200,0,200,200,12,200,200,200,200
421861,0,30,1,1,0,1,14,2,0,0,200,0,200,0,6,200,0,200,200,200,200
421863,0,30,2,2,0,1,8,5,0,0,0,17,0,2,200,200,1,200,200,200,200
421863,4,30,2,2,0,1,8,5,0,0,0,17,0,0,5,7,0,0,0,200,200
421864,0,25,0,0,200,200,7,6,0,200,200,0,0,2,200,200,200,200,200,200,200
421867,0,30,1,2,0,1,12,3,0,0,0,0,0,0,200,200,12,0,0,200,200
421867,0,30,1,2,0,1,12,3,0,0,0,0,0,1,7,0,0,0,0,200,200
421869,0,30,0,0,0,1,10,3,0,0,0,21,200,0,200,200,12,200,200,200,200
421869,0,30,0,0,0,1,10,3,0,0,0,21,200,1,8,0,0,0,0,200,200
421869,0,30,0,0,0,1,10,3,0,0,0,21,200,0,6,0,0,0,0,200,200
421869,1,30,0,0,0,1,10,3,0,0,0,21,200,1,200,0,200,200,200,200,200
421872,0,30,1,2,0,1,10,5,0,200,200,0,0,1,7,200,1,200,200,200,200
421872,0,30,1,2,0,1,10,5,0,200,200,0,0,1,7,0,0,0,0,200,200
421873,0,30,0,0,0,1,12,6,0,0,0,0,200,1,6,0,200,0,0,200,200
421873,0,30,0,0,0,1,12,6,0,0,0,0,200,0,8,200,0,0,0,200,200
421878,0,10,0,0,0,1,12,1,0,0,0,0,0,0,7,200,0,0,0,200,200
421878,0,10,0,0,0,1,12,1,0,0,0,0,0,0,9,0,12,0,0,200,200
421879,0,30,1,2,0,1,10,5,0,0,0,18,16,0,200,200,0,0,0,200,200
421879,0,30,1,2,0,1,10,5,0,0,0,18,16,0,200,0,0,0,0,200,200
421884,0,30,1,2,0,1,14,5,0,200,200,0,0,1,6,200,200,0,0,200,200
421884,0,30,1,2,0,1,14,5,0,200,200,0,0,0,6,200,200,0,0,200,200
421886,0,30,1,2,0,3,10,2,0,0,0,0,200,1,6,200,200,0,200,200,200
421886,0,30,1,2,0,3,10,2,0,0,0,0,200,0,6,0,0,0,200,200,200
421887,0,30,2,2,0,1,0,5,0,0,0,0,0,1,7,0,1,0,0,200,200
421887,0,30,2,2,0,1,0,5,0,0,0,0,0,0,5,0,0,0,0,200,200
421888,0,30,1,2,0,1,12,5,0,0,0,0,0,0,7,200,200,200,200,200,200
421888,0,30,1,2,0,1,12,5,0,0,0,0,0,1,7,0,0,0,0,200,200
421889,0,20,0,0,0,1,7,5,0,0,200,0,0,2,200,200,200,200,200,200,200
421890,0,20,0,0,0,1,12,5,0,0,0,17,200,1,7,0,1,0,0,200,200
421890,0,20,0,0,0,1,12,5,0,0,0,17,200,1,6,0,12,0,0,200,200
421890,1,20,0,0,0,1,12,5,0,0,0,17,200,200,200,200,200,200,200,200,200
421890,1,20,0,0,0,1,12,5,0,0,0,17,200,200,200,0,200,200,200,200,200
421890,1,20,0,0,0,1,12,5,0,0,0,17,200,200,200,0,200,200,200,200,200
421894,0,30,2,2,0,1,14,5,0,0,0,0,0,0,5,0,0,0,0,200,200
421894,0,30,2,2,0,1,14,5,0,0,0,0,0,0,6,0,7,0,0,200,200
421894,1,30,2,2,0,1,14,5,0,0,0,0,0,0,5,200,200,200,200,200,200
421894,1,30,2,2,0,1,14,5,0,0,0,0,0,1,4,200,200,200,200,200,200
421895,0,30,0,0,0,1,7,6,0,0,0,0,200,2,200,200,200,200,200,200,200
421900,0,25,0,0,0,1,7,6,0,0,0,0,200,2,200,200,200,200,12,200,200
421901,0,30,0,0,0,1,0,12,0,0,0,200,200,0,200,0,12,0,0,200,200
421901,0,30,0,0,0,1,0,12,0,0,0,200,200,0,200,0,0,0,0,200,200
421906,0,30,0,0,0,1,11,6,0,0,0,22,21,1,6,0,2,0,0,200,200
421906,0,30,0,0,0,1,11,6,0,0,0,22,21,0,8,0,12,0,0,200,200
421906,1,30,0,0,0,1,11,6,0,0,0,22,21,0,3,0,200,200,200,200,200
421906,1,30,0,0,0,1,11,6,0,0,0,22,21,1,2,5,200,200,200,200,200
421908,0,30,1,2,0,1,14,3,0,0,0,17,0,0,7,200,1,200,200,200,200
421908,0,30,1,2,0,1,14,3,0,0,0,17,0,0,7,200,200,200,0,200,200
421912,0,15,0,0,0,1,10,7,0,0,200,27,0,1,6,200,12,200,2,200,200
421912,0,15,0,0,0,1,10,7,0,0,200,27,0,1,4,0,0,0,0,200,200
421917,0,30,1,2,0,1,7,2,2,0,0,0,0,0,7,200,12,0,0,200,200
421917,1,30,1,2,0,1,7,2,2,0,0,0,0,0,2,200,200,200,200,200,200
421917,1,30,1,2,0,1,7,2,2,0,0,0,0,1,7,200,200,200,200,200,200
421917,1,30,1,2,0,1,7,2,2,0,0,0,0,0,200,200,200,200,200,200,200
421917,1,30,1,2,0,1,7,2,2,0,0,0,0,0,2,200,200,200,200,200,200
421917,1,30,1,2,0,1,7,2,2,0,0,0,0,0,2,200,200,200,200,200,200
421917,1,30,1,2,0,1,7,2,2,0,0,0,0,0,3,200,200,200,200,200,200
421917,1,30,1,2,0,1,7,2,2,0,0,0,0,0,2,200,200,200,200,200,200
421917,1,30,1,2,0,1,7,2,2,0,0,0,0,1,2,200,200,200,200,200,200
421917,1,30,1,2,0,1,7,2,2,0,0,0,0,1,2,200,200,200,200,200,200
421917,1,30,1,2,0,1,7,2,2,0,0,0,0,0,2,200,200,200,200,200,200
421919,0,30,1,2,0,1,10,5,0,0,0,0,0,0,5,200,3,200,200,200,200
421919,0,30,1,2,0,1,10,5,0,0,0,0,0,0,7,0,0,0,0,200,200
421919,1,30,1,2,0,1,10,5,0,0,0,0,0,0,200,0,200,200,200,200,200
421921,0,30,1,2,0,1,14,2,0,0,0,6,16,0,9,200,5,0,0,200,200
421921,0,30,1,2,0,1,14,2,0,0,0,6,16,0,6,200,0,0,0,200,200
421923,0,30,200,200,200,1,12,5,0,200,200,200,200,1,200,200,200,200,200,200,200
421923,0,30,200,200,200,1,12,5,0,200,200,200,200,1,6,200,200,200,200,200,200
421923,1,30,200,200,200,1,12,5,0,200,200,200,200,0,5,200,200,200,200,200,200
421935,0,30,1,2,0,1,8,2,0,0,0,0,0,2,200,200,200,200,200,200,200
421935,4,30,1,2,0,1,8,2,0,0,0,0,0,0,4,2,200,0,0,200,200
421937,0,30,0,0,0,1,7,5,0,0,0,0,0,1,6,0,200,0,0,200,200
421940,0,30,1,2,0,1,0,3,0,0,0,0,0,0,6,0,200,0,0,200,200
421940,0,30,1,2,0,1,0,3,0,0,0,0,0,1,9,200,200,0,0,200,200
421944,0,30,0,0,0,1,12,5,0,0,0,23,11,1,9,200,4,200,0,200,200
421944,0,30,0,0,0,1,12,5,0,0,0,23,11,0,8,200,0,0,0,200,200
421944,1,30,0,0,0,1,12,5,0,0,0,23,11,1,4,200,200,200,200,200,200
421944,1,30,0,0,0,1,12,5,0,0,0,23,11,1,2,200,200,200,200,200,200
421944,1,30,0,0,0,1,12,5,0,0,0,23,11,0,200,200,200,200,200,200,200
421944,1,30,0,0,0,1,12,5,0,0,0,23,11,0,2,200,200,200,200,200,200
421944,1,30,0,0,0,1,12,5,0,0,0,23,11,1,2,200,200,200,200,200,200
421945,0,30,0,0,0,1,7,5,0,0,0,0,200,1,200,0,200,200,0,200,200
421947,0,30,1,2,0,1,10,5,0,0,0,16,200,0,5,200,1,0,0,200,200
421947,0,30,1,2,0,1,10,5,0,0,0,16,200,1,6,0,0,0,0,200,200
421949,0,15,0,0,0,1,7,7,0,0,0,0,19,2,200,200,200,200,200,200,200
421951,0,30,0,0,0,3,12,5,0,0,0,17,0,1,200,200,200,200,200,200,200
421951,0,30,0,0,0,3,12,5,0,0,0,17,0,0,5,0,0,0,0,200,200
421951,1,30,0,0,0,3,12,5,0,0,0,17,0,1,5,0,200,200,200,200,200
421953,0,20,0,0,0,1,7,5,0,0,200,0,0,2,200,200,200,200,200,200,200
421959,0,30,0,0,0,1,10,5,0,0,0,0,0,1,200,200,200,200,200,200,200
421959,0,30,0,0,0,1,10,5,0,0,0,0,0,0,7,0,0,0,0,200,200
421960,0,30,0,0,0,1,12,3,0,0,12,22,200,0,7,200,2,200,200,200,200
421960,0,30,0,0,0,1,12,3,0,0,12,22,200,0,7,0,0,0,0,200,200
421961,0,30,200,200,200,200,7,5,0,200,200,0,200,0,5,0,200,200,200,200,200
421963,0,25,0,0,0,1,10,5,0,0,0,200,8,0,6,0,200,0,0,200,200
421963,0,25,0,0,0,1,10,5,0,0,0,200,8,0,200,200,0,0,0,200,200
421965,0,0,200,200,0,1,14,200,0,200,200,0,200,1,3,0,200,200,0,200,200
421965,0,0,200,200,0,1,14,200,0,200,200,0,200,0,5,0,200,200,0,200,200
421965,1,0,200,200,0,1,14,200,0,200,200,0,200,1,3,0,200,200,200,200,200
421965,1,0,200,200,0,1,14,200,0,200,200,0,200,1,6,0,200,200,200,200,200
421966,0,30,0,0,0,1,12,5,0,200,200,17,17,1,7,200,1,200,200,200,200
421966,0,30,0,0,0,1,12,5,0,200,200,17,17,0,7,0,12,200,0,200,200
421967,0,30,2,2,0,1,7,5,0,0,0,23,0,0,6,0,7,0,0,200,200
421975,0,30,0,0,0,1,14,5,0,0,0,23,200,0,3,0,7,0,0,200,200
421975,0,30,0,0,0,1,14,5,0,0,0,23,200,1,6,0,0,0,0,200,200
421975,1,30,0,0,0,1,14,5,0,0,0,23,200,1,2,0,200,200,200,200,200
421975,1,30,0,0,0,1,14,5,0,0,0,23,200,0,1,5,200,200,200,200,200
421979,0,30,0,0,200,200,7,6,0,200,0,0,200,2,200,200,200,200,200,200,200
421980,0,30,2,2,0,1,14,2,0,0,0,17,0,1,6,0,12,0,0,200,200
421980,0,30,2,2,0,1,14,2,0,0,0,17,0,1,5,0,0,0,0,200,200
421980,1,30,2,2,0,1,14,2,0,0,0,17,0,1,3,0,200,200,200,200,200
421980,1,30,2,2,0,1,14,2,0,0,0,17,0,0,2,0,200,200,200,200,200
421984,0,30,1,2,0,1,10,5,0,0,0,11,200,1,200,200,1,200,200,200,200
421984,0,30,1,2,0,1,10,5,0,0,0,11,200,0,200,0,0,0,0,200,200
421986,0,30,0,0,0,1,10,2,0,0,0,0,0,1,8,200,200,200,200,200,200
421986,0,30,0,0,0,1,10,2,0,0,0,0,0,1,6,0,0,0,0,200,200
421989,0,0,0,0,0,1,7,2,0,0,0,0,200,2,200,200,0,200,200,200,200
421991,0,20,0,0,0,1,10,7,0,0,0,0,0,1,5,0,200,200,0,200,200
421991,0,20,0,0,0,1,10,7,0,0,0,0,0,1,6,0,200,0,0,200,200
421991,1,20,0,0,0,1,10,7,0,0,0,0,0,0,2,0,200,200,200,200,200
421995,0,30,0,0,0,1,10,5,0,0,0,200,200,0,200,200,0,200,200,200,200
421995,0,30,0,0,0,1,10,5,0,0,0,200,200,0,6,0,0,0,0,200,200
421999,0,30,1,2,0,1,14,5,0,200,200,23,0,1,200,200,7,200,200,200,200
421999,0,30,1,2,0,1,14,5,0,200,200,23,0,0,7,0,0,0,0,200,200
422001,0,30,0,0,0,1,10,5,0,0,0,18,200,0,4,0,3,0,0,200,200
422001,0,30,0,0,0,1,10,5,0,0,0,18,200,1,6,0,0,0,0,200,200
422003,0,30,0,0,200,200,7,5,0,0,0,0,200,2,200,200,200,200,200,200,200
422004,0,30,1,2,0,1,14,2,0,12,12,0,0,0,200,0,5,200,0,200,200
422004,0,30,1,2,0,1,14,2,0,12,12,0,0,1,200,0,200,200,0,200,200
422005,0,45,0,0,0,1,12,3,0,0,0,0,200,0,8,0,2,200,0,200,200
422005,0,45,0,0,0,1,12,3,0,0,0,0,200,0,8,0,0,0,0,200,200
422009,0,35,1,2,0,1,9,5,0,0,0,17,200,1,6,0,1,0,0,200,200
422009,5,35,1,2,0,1,9,5,0,0,0,17,200,0,5,7,0,0,0,200,200
422009,1,35,1,2,0,1,9,5,0,0,0,17,200,0,2,200,200,200,200,200,200
422009,1,35,1,2,0,1,9,5,0,0,0,17,200,1,2,200,200,200,200,200,200
422012,0,30,1,2,0,1,14,2,0,0,0,23,0,1,200,200,7,200,200,200,200
422012,0,30,1,2,0,1,14,2,0,0,0,23,0,1,5,0,0,0,0,200,200
422013,0,35,0,0,0,1,10,2,0,0,0,18,16,0,6,0,3,0,0,200,200
422013,0,35,0,0,0,1,10,2,0,0,0,18,16,0,6,0,0,0,0,200,200
422018,0,40,0,0,0,1,12,3,0,0,1,22,16,0,5,0,8,0,0,200,200
422018,0,40,0,0,0,1,12,3,0,0,1,22,16,0,7,0,0,0,0,200,200
422020,0,30,0,0,0,1,12,6,0,0,0,0,0,0,5,200,4,0,0,200,200
422020,0,30,0,0,0,1,12,6,0,0,0,0,0,0,6,7,0,0,0,200,200
422026,0,30,0,0,0,1,14,2,0,0,0,200,200,1,8,200,1,0,0,200,200
422026,0,30,0,0,0,1,14,2,0,0,0,200,200,0,5,200,200,200,0,200,200
422026,1,30,0,0,0,1,14,2,0,0,0,200,200,200,7,200,200,200,200,200,200
422026,1,30,0,0,0,1,14,2,0,0,0,200,200,0,6,200,200,200,200,200,200
422026,1,30,0,0,0,1,14,2,0,0,0,200,200,1,5,200,200,200,200,200,200
422027,0,15,0,0,2,0,14,7,0,1,0,23,200,1,200,200,200,200,200,200,200
422027,0,15,0,0,2,0,14,7,0,1,0,23,200,1,5,0,9,4,200,200,200
422029,0,25,0,0,0,1,7,6,0,0,0,200,200,2,200,200,200,200,200,200,200
422032,0,15,0,0,0,1,10,5,0,0,0,22,0,1,6,200,200,200,0,200,200
422032,0,15,0,0,0,1,10,5,0,0,0,22,0,0,6,200,0,200,0,200,200
422032,1,15,0,0,0,1,10,5,0,0,0,22,0,0,1,200,200,200,200,200,200
422034,0,30,1,2,0,1,0,5,0,0,0,0,0,1,200,200,200,200,5,200,200
422034,0,30,1,2,0,1,0,5,0,0,0,0,0,0,7,200,200,200,0,200,200
422034,1,30,1,2,0,1,0,5,0,0,0,0,0,0,4,200,200,200,200,200,200
422034,1,30,1,2,0,1,0,5,0,0,0,0,0,0,3,200,200,200,200,200,200
422034,1,30,1,2,0,1,0,5,0,0,0,0,0,1,0,200,200,200,200,200,200
422036,0,20,0,0,0,1,12,5,1,0,0,22,0,1,200,200,2,200,200,200,200
422036,0,20,0,0,0,1,12,5,1,0,0,22,0,0,6,200,0,0,0,200,200
422037,0,30,1,2,0,1,8,5,0,0,0,33,0,0,7,0,12,1,0,200,200
422037,4,30,1,2,0,1,8,5,0,0,0,33,0,1,5,2,0,0,0,200,200
422040,0,30,1,2,0,1,10,5,0,0,0,0,0,0,200,200,3,200,200,200,200
422040,0,30,1,2,0,1,10,5,0,0,0,0,0,1,5,0,0,0,0,200,200
422043,0,30,0,0,0,1,14,2,0,0,0,18,0,0,200,200,3,200,200,200,200
422043,0,30,0,0,0,1,14,2,0,0,0,18,0,1,5,0,0,0,0,200,200
422046,0,30,0,0,0,1,10,5,0,0,0,14,18,1,8,0,3,0,0,200,200
422046,0,30,0,0,0,1,10,5,0,0,0,14,18,0,5,0,0,0,0,200,200
422046,0,30,0,0,0,1,10,5,0,0,0,14,18,0,8,0,0,0,0,200,200
422047,0,15,0,0,0,1,7,5,0,0,0,20,200,1,200,200,6,200,200,200,200
422052,0,30,2,2,0,1,10,6,0,0,0,20,17,0,8,200,6,0,0,200,200
422052,0,30,2,2,0,1,10,6,0,0,0,20,17,1,6,200,0,0,0,200,200
422052,1,30,2,2,0,1,10,6,0,0,0,20,17,0,6,200,200,200,200,200,200
422052,1,30,2,2,0,1,10,6,0,0,0,20,17,1,0,5,200,200,200,200,200
422053,0,0,200,200,200,200,12,200,0,200,200,0,200,1,8,200,200,200,200,200,200
422053,0,0,200,200,200,200,12,200,0,200,200,0,200,0,5,0,200,200,0,200,200
422054,0,25,3,2,0,1,10,6,3,0,0,16,18,0,6,0,3,0,0,200,200
422054,0,25,3,2,0,1,10,6,3,0,0,16,18,0,8,0,0,0,0,200,200
422054,1,25,3,2,0,1,10,6,3,0,0,16,18,1,7,0,200,200,200,200,200
422054,1,25,3,2,0,1,10,6,3,0,0,16,18,1,5,0,200,200,200,200,200
422055,0,35,1,2,0,1,14,6,0,0,0,23,0,0,7,0,200,200,200,200,200
422055,0,35,1,2,0,1,14,6,0,0,0,23,0,1,200,200,200,200,200,200,200
422056,0,30,1,2,0,1,14,5,0,0,0,23,200,0,7,200,7,200,0,200,200
422056,0,30,1,2,0,1,14,5,0,0,0,23,200,1,7,200,0,200,200,200,200
422059,0,30,0,0,0,1,7,5,0,0,200,200,200,1,6,0,0,200,0,200,200
422059,1,30,0,0,0,1,7,5,0,0,200,200,200,1,2,0,200,200,200,200,200
422059,1,30,0,0,0,1,7,5,0,0,200,200,200,0,0,5,200,200,200,200,200
422060,0,30,0,0,0,1,7,2,0,0,200,12,200,0,6,200,0,200,200,200,200
422060,1,30,0,0,0,1,7,2,0,0,200,12,200,1,6,200,200,200,200,200,200
422060,1,30,0,0,0,1,7,2,0,0,200,12,200,0,3,200,200,200,200,200,200
422062,0,30,0,0,0,1,7,5,0,0,0,20,200,0,6,0,6,200,200,200,200
422068,0,30,0,0,0,0,7,6,0,0,0,20,0,1,7,0,6,0,0,200,200
422071,0,30,1,2,0,1,12,3,0,0,0,22,200,1,4,0,4,0,0,200,200
422071,0,30,1,2,0,1,12,3,0,0,0,22,200,1,6,0,0,0,0,200,200
422073,0,30,1,2,0,1,10,5,0,0,0,18,0,1,6,200,0,200,0,200,200
422073,0,30,1,2,0,1,10,5,0,0,0,18,0,2,200,200,3,200,200,200,200
422073,1,30,1,2,0,1,10,5,0,0,0,18,0,0,200,200,200,200,200,200,200
422073,1,30,1,2,0,1,10,5,0,0,0,18,0,1,200,200,200,200,200,200,200
422073,1,30,1,2,0,1,10,5,0,0,0,18,0,1,200,200,200,200,200,200,200
422077,0,30,1,2,0,1,10,2,0,0,0,18,11,1,6,0,3,0,0,200,200
422077,0,30,1,2,0,1,10,2,0,0,0,18,11,1,8,0,0,0,0,200,200
422079,0,30,1,2,0,1,10,5,0,0,0,18,0,1,200,200,3,200,200,200,200
422079,0,30,1,2,0,1,10,5,0,0,0,18,0,1,6,0,0,0,0,200,200
422084,0,10,200,200,0,1,2,7,0,200,200,0,0,0,200,200,200,200,200,200,200
422085,0,30,4,2,0,1,14,2,0,0,0,0,0,0,5,0,0,0,0,200,200
422085,0,30,4,2,0,1,14,2,0,0,0,0,0,1,8,0,200,0,0,200,200
422085,1,30,4,2,0,1,14,2,0,0,0,0,0,0,7,0,200,200,200,200,200
422085,1,30,4,2,0,1,14,2,0,0,0,0,0,200,1,4,200,200,200,200,200
422085,1,30,4,2,0,1,14,2,0,0,0,0,0,200,2,4,200,200,200,200,200
422085,1,30,4,2,0,1,14,2,0,0,0,0,0,1,3,0,200,200,200,200,200
422086,0,30,1,2,0,1,12,3,0,0,0,0,200,2,200,200,12,200,200,200,200
422086,0,30,1,2,0,1,12,3,0,0,0,0,200,0,8,0,0,0,0,200,200
422090,0,30,0,0,0,1,10,5,0,0,0,16,12,0,5,0,3,0,0,200,200
422090,0,30,0,0,0,1,10,5,0,0,0,16,12,1,7,0,0,0,0,200,200
422090,1,30,0,0,0,1,10,5,0,0,0,16,12,0,5,0,200,200,200,200,200
422093,0,30,1,2,0,1,11,5,0,0,0,20,20,2,200,200,6,200,200,200,200
422093,0,30,1,2,0,1,11,5,0,0,0,20,20,0,6,0,0,0,0,200,200
422093,1,30,1,2,0,1,11,5,0,0,0,20,20,0,3,0,200,200,200,200,200
422093,1,30,1,2,0,1,11,5,0,0,0,20,20,0,2,0,200,200,200,200,200