RD_NO,PERSON_TYPE,POSTED_SPEED_LIMIT,TRAFFIC_CONTROL_DEVICE,DEVICE_CONDITION,WEATHER_CONDITION,LIGHTING_CONDITION,FIRST_CRASH_TYPE,TRAFFICWAY_TYPE,ALIGNMENT,ROADWAY_SURFACE_COND,ROAD_DEFECT,PRIM_CONTRIBUTORY_CAUSE,SEC_CONTRIBUTORY_CAUSE,SEX,AGE,SAFETY_EQUIPMENT,DRIVER_ACTION,DRIVER_VISION,PHYSICAL_CONDITION,BAC_RESULT VALUE,CELL_PHONE_USE
422094,0,35,200,200,0,1,7,7,0,0,200,200,200,1,9,0,200,200,0,200,200
422110,4,30,0,0,0,1,8,2,0,0,0,21,35,0,6,7,13,200,200,200,200
422110,0,30,0,0,0,1,8,2,0,0,0,21,35,0,6,200,0,200,0,200,200
422111,0,30,1,2,0,1,12,5,0,0,0,21,200,1,5,200,4,200,200,200,200
422111,0,30,1,2,0,1,12,5,0,0,0,21,200,1,6,0,0,0,0,200,200
422113,0,30,0,0,0,1,7,5,0,0,0,20,33,1,7,200,6,12,0,200,200
422115,0,30,0,0,0,1,10,5,0,0,0,18,0,2,200,200,3,200,200,200,200
422115,0,30,0,0,0,1,10,5,0,0,0,18,0,0,6,0,0,0,0,200,200
422115,1,30,0,0,0,1,10,5,0,0,0,18,0,0,200,0,200,200,200,200,200
422115,1,30,0,0,0,1,10,5,0,0,0,18,0,1,200,0,200,200,200,200,200
422116,0,30,1,2,0,1,12,3,0,0,0,0,200,1,6,200,1,200,200,200,200
422116,0,30,1,2,0,1,12,3,0,0,0,0,200,0,6,0,0,0,0,200,200
422118,0,30,0,0,0,1,14,5,0,0,0,17,23,0,5,200,7,200,0,200,200
422118,0,30,0,0,0,1,14,5,0,0,0,17,23,1,4,200,0,200,0,200,200
422118,1,30,0,0,0,1,14,5,0,0,0,17,23,1,5,200,200,200,200,200,200
422118,1,30,0,0,0,1,14,5,0,0,0,17,23,1,200,200,200,200,200,200,200
422118,1,30,0,0,0,1,14,5,0,0,0,17,23,1,200,200,200,200,200,200,200
422118,1,30,0,0,0,1,14,5,0,0,0,17,23,0,200,200,200,200,200,200,200
422124,0,20,0,0,200,1,2,7,0,200,200,0,0,0,6,200,200,200,200,200,200
422125,0,20,1,2,0,1,9,5,0,0,0,17,200,0,8,0,1,200,0,200,200
422125,5,20,1,2,0,1,9,5,0,0,0,17,200,0,7,7,0,200,0,200,200
422126,0,30,0,0,0,1,12,7,0,0,0,0,0,0,200,200,12,200,0,200,200
422126,0,30,0,0,0,1,12,7,0,0,0,0,0,0,200,200,0,0,0,200,200
422126,1,30,0,0,0,1,12,7,0,0,0,0,0,0,200,200,200,200,200,200,200
422128,0,30,2,2,0,1,7,5,0,0,0,23,0,0,0,0,7,0,0,200,200
422128,1,30,2,2,0,1,7,5,0,0,0,23,0,1,7,200,200,200,200,200,200
422128,1,30,2,2,0,1,7,5,0,0,0,23,0,1,1,200,200,200,200,200,200
422129,0,30,1,2,0,1,0,5,0,0,0,0,200,1,5,0,0,0,0,200,200
422129,0,30,1,2,0,1,0,5,0,0,0,0,200,0,5,0,0,0,0,200,200
422133,0,20,0,0,0,1,7,7,0,0,0,0,200,2,200,200,200,200,200,200,200
422134,0,30,1,2,0,1,8,5,0,0,0,0,0,1,7,200,200,200,200,200,200
422134,4,30,1,2,0,1,8,5,0,0,0,0,0,0,3,2,0,0,0,200,200
422138,0,30,0,0,0,1,14,5,0,0,0,200,200,0,6,0,0,0,0,200,200
422138,0,30,0,0,0,1,14,5,0,0,0,200,200,0,6,7,0,0,0,200,200
422142,0,30,0,0,0,1,12,5,0,0,0,20,200,0,5,0,2,0,0,200,200
422142,0,30,0,0,0,1,12,5,0,0,0,20,200,0,6,0,0,0,0,200,200
422143,0,40,1,2,0,1,12,3,0,0,0,17,22,0,5,0,4,0,0,200,200
422143,0,40,1,2,0,1,12,3,0,0,0,17,22,0,5,3,0,0,0,200,200
422143,0,40,1,2,0,1,12,3,0,0,0,17,22,0,5,0,0,0,0,200,200
422145,0,30,0,0,0,1,7,6,0,0,0,0,0,2,200,200,200,200,200,200,200
422147,0,35,200,200,0,1,12,200,0,0,200,200,200,0,7,0,200,200,0,200,200
422147,0,35,200,200,0,1,12,200,0,0,200,200,200,1,8,0,200,200,0,200,200
422153,0,30,0,0,0,1,10,3,0,0,0,18,200,1,6,0,1,200,0,200,200
422153,0,30,0,0,0,1,10,3,0,0,0,18,200,1,6,0,0,0,0,200,200
422153,1,30,0,0,0,1,10,3,0,0,0,18,200,0,0,5,200,200,200,200,200
422153,1,30,0,0,0,1,10,3,0,0,0,18,200,1,0,5,200,200,200,200,200
422154,0,30,0,200,200,200,0,7,0,200,200,20,200,1,6,200,6,12,200,200,200
422154,0,30,0,200,200,200,0,7,0,200,200,20,200,0,6,200,200,200,200,200,200
422156,0,30,1,2,0,1,10,5,0,0,0,18,18,1,8,0,3,0,0,200,200
422156,0,30,1,2,0,1,10,5,0,0,0,18,18,0,6,0,0,0,0,200,200
422156,1,30,1,2,0,1,10,5,0,0,0,18,18,1,4,0,200,200,200,200,200
422160,0,30,0,0,0,3,7,6,0,0,0,0,0,2,200,200,200,200,200,200,200
422161,0,30,0,0,0,1,9,2,0,0,0,17,0,1,200,200,1,200,200,200,200
422161,5,30,0,0,0,1,9,2,0,0,0,17,0,1,200,7,0,12,0,200,200
422163,0,15,0,0,0,1,7,7,0,0,0,0,0,1,200,200,10,200,200,200,200
422165,0,30,0,0,0,1,12,5,0,0,0,0,0,0,6,200,1,200,200,200,200
422165,0,30,0,0,0,1,12,5,0,0,0,0,0,0,5,0,0,0,0,200,200
422166,0,30,1,2,0,1,12,5,0,0,0,22,200,0,200,200,2,0,0,200,200
422166,0,30,1,2,0,1,12,5,0,0,0,22,200,1,200,0,0,0,0,200,200
422167,0,30,3,0,0,1,12,5,0,0,0,22,200,1,200,200,4,200,200,200,200
422167,0,30,3,0,0,1,12,5,0,0,0,22,200,0,5,7,0,0,0,200,200
422171,0,30,0,0,0,1,10,5,0,0,0,200,200,0,7,0,0,0,0,200,200
422171,0,30,0,0,0,1,10,5,0,0,0,200,200,0,5,7,0,0,0,200,200
422173,0,30,1,2,0,1,12,5,0,0,0,200,200,1,200,200,12,200,200,200,200
422173,0,30,1,2,0,1,12,5,0,0,0,200,200,1,200,0,0,0,0,200,200
422175,0,0,0,0,0,1,12,2,3,0,0,22,16,1,6,200,4,0,0,200,200
422175,0,0,0,0,0,1,12,2,3,0,0,22,16,0,6,200,0,0,0,200,200
422176,0,30,0,0,0,1,10,2,0,0,0,22,0,0,200,200,2,200,200,200,200
422176,0,30,0,0,0,1,10,2,0,0,0,22,0,1,7,0,0,0,0,200,200
422176,1,30,0,0,0,1,10,2,0,0,0,22,0,0,5,0,200,200,200,200,200
422182,0,30,0,0,0,1,12,5,0,0,0,0,0,1,7,0,4,0,0,200,200
422182,0,30,0,0,0,1,12,5,0,0,0,0,0,0,5,7,12,0,0,200,200
422183,0,30,1,2,0,1,12,5,0,0,0,0,0,0,200,0,1,0,0,200,200
422183,0,30,1,2,0,1,12,5,0,0,0,0,0,1,5,0,0,0,0,200,200
422184,0,30,1,2,0,1,10,2,0,0,0,0,200,1,8,200,200,200,200,200,200
422184,0,30,1,2,0,1,10,2,0,0,0,0,200,1,6,0,0,0,0,200,200
422187,0,30,0,0,0,1,7,5,0,0,0,0,0,2,200,200,1,200,200,200,200
422192,0,30,0,0,0,1,7,5,0,0,0,0,0,2,200,200,200,200,200,200,200
422194,0,0,0,0,200,200,12,200,0,200,200,0,200,0,6,200,200,200,200,200,200
422194,0,0,0,0,200,200,12,200,0,200,200,0,200,0,6,0,200,200,0,200,200
422196,0,30,1,2,0,1,12,6,0,0,0,7,200,0,200,200,0,200,0,200,200
422196,0,30,1,2,0,1,12,6,0,0,0,7,200,0,200,200,0,200,200,200,200
422197,0,30,0,0,0,1,12,2,0,0,0,0,0,0,5,200,12,0,0,200,200
422197,0,30,0,0,0,1,12,2,0,0,0,0,0,1,4,200,12,0,0,200,200
422197,1,30,0,0,0,1,12,2,0,0,0,0,0,200,200,200,200,200,200,200,200
422197,1,30,0,0,0,1,12,2,0,0,0,0,0,1,200,200,200,200,200,200,200
422197,1,30,0,0,0,1,12,2,0,0,0,0,0,0,200,200,200,200,200,200,200
422200,0,30,0,0,0,1,7,7,0,0,200,0,0,2,200,200,200,200,200,200,200
422204,0,30,2,0,0,1,10,5,0,0,0,16,200,0,6,0,1,0,0,200,200
422204,0,30,2,0,0,1,10,5,0,0,0,16,200,0,5,0,0,0,0,200,200
422204,0,30,2,0,0,1,10,5,0,0,0,16,200,0,7,0,0,0,0,200,200
422204,1,30,2,0,0,1,10,5,0,0,0,16,200,1,5,0,200,200,200,200,200
422204,1,30,2,0,0,1,10,5,0,0,0,16,200,0,6,0,200,200,200,200,200
422204,1,30,2,0,0,1,10,5,0,0,0,16,200,1,5,0,200,200,200,200,200
422212,0,30,200,200,200,200,14,5,0,200,200,23,200,1,6,200,1,200,200,200,200
422212,0,30,200,200,200,200,14,5,0,200,200,23,200,0,6,200,200,200,0,200,200
422212,1,30,200,200,200,200,14,5,0,200,200,23,200,0,200,200,200,200,200,200,200
422213,0,25,0,0,0,4,0,6,0,0,0,17,16,0,6,200,1,0,0,200,200
422213,0,25,0,0,0,4,0,6,0,0,0,17,16,0,6,200,200,0,0,200,200
422214,0,30,2,2,0,1,10,5,0,0,0,18,200,0,7,0,3,0,0,200,200
422214,0,30,2,2,0,1,10,5,0,0,0,18,200,1,3,0,0,0,0,200,200
422214,1,30,2,2,0,1,10,5,0,0,0,18,200,0,6,0,200,200,200,200,200
422214,1,30,2,2,0,1,10,5,0,0,0,18,200,1,0,0,200,200,200,200,200
422216,0,30,0,0,0,1,12,5,0,0,0,0,0,0,200,200,200,200,200,200,200
422216,0,30,0,0,0,1,12,5,0,0,0,0,0,0,6,0,0,0,0,200,200
422220,0,30,0,0,0,1,10,5,0,0,0,0,200,1,200,200,200,200,200,200,200
422220,0,30,0,0,0,1,10,5,0,0,0,0,200,1,6,0,200,200,200,200,200
422220,1,30,0,0,0,1,10,5,0,0,0,0,200,1,200,5,200,200,200,200,200
422220,1,30,0,0,0,1,10,5,0,0,0,0,200,0,200,5,200,200,200,200,200
422223,0,30,1,2,0,1,0,5,0,0,0,0,0,1,4,200,12,200,200,200,200
422223,0,30,1,2,0,1,0,5,0,0,0,0,0,1,3,0,12,0,0,200,200
422223,1,30,1,2,0,1,0,5,0,0,0,0,0,1,3,0,200,200,200,200,200
422225,0,30,0,0,200,200,7,6,0,200,0,0,200,2,200,200,200,200,200,200,200
422231,0,30,0,0,0,1,7,6,0,0,200,21,200,0,7,200,10,200,200,200,200
422233,0,30,1,2,0,1,10,2,0,0,0,27,27,0,200,0,12,0,2,200,200
422233,0,30,1,2,0,1,10,2,0,0,0,27,27,0,200,0,0,0,0,200,200
422233,0,30,1,2,0,1,10,2,0,0,0,27,27,0,6,0,0,0,0,200,200
422234,0,10,0,0,0,1,7,0,0,0,0,20,200,0,200,200,6,200,200,200,200
422237,0,30,0,0,0,1,10,5,0,0,0,0,0,0,6,0,200,0,0,200,200
422237,0,30,0,0,0,1,10,5,0,0,0,0,0,0,7,0,0,0,0,200,200
422239,0,30,0,0,0,1,14,5,0,0,0,17,11,0,5,0,1,200,0,200,200
422239,0,30,0,0,0,1,14,5,0,0,0,17,11,0,6,2,0,0,0,200,200
422240,0,30,0,0,0,1,12,5,0,0,0,21,0,2,200,200,4,200,200,200,200
422240,0,30,0,0,0,1,12,5,0,0,0,21,0,0,5,0,0,0,0,200,200
422244,0,30,0,0,0,1,7,5,0,0,0,0,0,1,7,0,3,0,0,200,200
422245,0,30,0,0,0,1,7,6,0,0,0,0,0,2,200,200,200,200,200,200,200
422251,0,30,0,0,0,1,0,5,0,0,0,17,0,1,5,0,1,0,0,200,200
422251,0,30,0,0,0,1,0,5,0,0,0,17,0,0,6,0,0,0,0,200,200
422251,1,30,0,0,0,1,0,5,0,0,0,17,0,0,1,0,200,200,200,200,200
422257,0,30,1,2,0,1,12,5,0,0,0,0,0,0,5,0,200,0,0,200,200
422257,0,30,1,2,0,1,12,5,0,0,0,0,0,0,6,0,200,0,0,200,200
422261,4,30,1,2,0,1,8,6,0,0,0,0,0,0,200,2,200,200,200,200,200
422261,0,30,1,2,0,1,8,6,0,0,0,0,0,0,200,0,0,0,0,200,200
422271,0,25,0,0,0,1,7,6,0,0,0,200,200,0,200,200,200,200,200,200,200
422276,0,30,1,2,0,1,12,6,0,0,0,21,200,0,200,200,4,200,200,200,200
422276,0,30,1,2,0,1,12,6,0,0,0,21,200,1,6,0,0,0,0,200,200
422288,0,30,1,2,0,1,10,5,0,0,0,0,0,0,7,200,200,200,0,200,200
422288,0,30,1,2,0,1,10,5,0,0,0,0,0,0,6,200,0,0,0,200,200
422293,0,35,0,0,0,1,7,7,0,0,0,20,200,1,200,200,6,200,200,200,200
422293,1,35,0,0,0,1,7,7,0,0,0,20,200,0,200,0,200,200,200,200,200
422298,0,15,0,0,0,4,0,7,0,200,200,0,0,1,9,0,6,200,0,200,200
422298,0,15,0,0,0,4,0,7,0,200,200,0,0,1,5,0,0,0,0,200,200
422303,0,30,0,0,0,1,12,5,0,0,0,21,0,0,200,200,4,200,200,200,200
422303,0,30,0,0,0,1,12,5,0,0,0,21,0,1,6,0,0,0,0,200,200
422305,0,30,0,0,0,1,10,2,0,0,0,18,0,0,6,0,3,0,0,200,200
422305,0,30,0,0,0,1,10,2,0,0,0,18,0,0,9,0,0,0,0,200,200
422309,0,30,0,0,0,1,12,2,0,0,0,18,200,0,7,0,4,0,0,200,200
422309,0,30,0,0,0,1,12,2,0,0,0,18,200,0,7,0,0,0,0,200,200
422309,0,30,0,0,0,1,12,2,0,0,0,18,200,1,6,0,0,0,0,200,200
422310,0,30,0,0,0,1,7,5,0,0,0,0,200,2,200,200,200,200,200,200,200
422316,0,30,0,0,200,200,7,5,0,200,0,0,200,2,200,200,200,200,200,200,200
422317,0,30,0,0,0,4,7,6,0,0,0,200,200,0,6,0,0,0,0,200,200
422321,0,30,1,2,0,1,10,6,0,0,0,16,16,0,8,0,3,0,0,200,200
422321,0,30,1,2,0,1,10,6,0,0,0,16,16,0,5,0,0,0,0,200,200
422326,0,30,1,2,0,4,14,2,0,0,0,21,17,1,5,200,7,0,0,200,200
422326,0,30,1,2,0,4,14,2,0,0,0,21,17,0,7,200,0,0,0,200,200
422330,4,30,0,0,0,3,8,2,0,0,0,200,200,0,6,3,200,200,0,200,200
422333,0,30,0,0,0,1,10,5,0,0,0,18,200,0,200,200,3,200,200,200,200
422333,0,30,0,0,0,1,10,5,0,0,0,18,200,0,7,0,0,0,0,200,200
422338,0,15,0,0,200,200,14,7,0,200,0,17,200,0,6,0,1,200,0,200,200
422338,0,15,0,0,200,200,14,7,0,200,0,17,200,1,6,0,0,0,0,200,200
422339,0,30,1,2,0,1,14,5,0,0,0,17,17,0,6,0,1,0,0,200,200
422339,0,30,1,2,0,1,14,5,0,0,0,17,17,1,5,0,0,0,0,200,200
422339,1,30,1,2,0,1,14,5,0,0,0,17,17,0,5,0,200,200,200,200,200
422347,0,15,0,0,0,4,0,7,0,0,0,20,200,1,200,0,6,0,0,200,200
422347,0,15,0,0,0,4,0,7,0,0,0,20,200,0,5,0,12,0,0,200,200
422348,0,30,1,2,0,1,10,5,0,0,0,0,0,0,5,0,0,0,0,200,200
422348,0,30,1,2,0,1,10,5,0,0,0,0,0,1,8,0,1,0,0,200,200
422358,0,15,0,0,0,3,0,7,0,0,200,200,200,1,200,200,200,200,200,200,200
422358,0,15,0,0,0,3,0,7,0,0,200,200,200,1,6,0,0,200,0,200,200
422359,0,25,2,2,0,4,7,5,0,0,0,11,33,0,2,7,12,12,0,200,200
422360,0,30,0,0,0,1,0,2,0,0,0,17,17,0,3,0,1,0,0,200,200
422360,0,30,0,0,0,1,0,2,0,0,0,17,17,1,7,0,0,0,0,200,200
422365,0,30,0,0,0,1,10,5,0,0,0,18,200,0,6,0,3,0,0,200,200
422365,0,30,0,0,0,1,10,5,0,0,0,18,200,0,0,0,0,0,0,200,200
422365,0,30,0,0,0,1,10,5,0,0,0,18,200,1,200,0,0,0,0,200,200
422365,1,30,0,0,0,1,10,5,0,0,0,18,200,0,200,0,200,200,200,200,200
422366,0,30,0,0,0,4,0,5,0,0,0,0,0,0,200,0,1,0,0,200,200
422366,0,30,0,0,0,4,0,5,0,0,0,0,0,0,5,0,0,0,0,200,200
422368,0,30,0,0,200,0,8,5,0,200,200,0,0,0,7,0,0,0,0,200,200
422368,4,30,0,0,200,0,8,5,0,200,200,0,0,0,200,200,200,200,0,200,200
422372,0,25,1,2,0,1,14,6,0,0,0,23,200,0,6,200,7,0,0,200,200
422372,0,25,1,2,0,1,14,6,0,0,0,23,200,1,5,0,0,0,0,200,200
422372,1,25,1,2,0,1,14,6,0,0,0,23,200,1,6,0,200,200,200,200,200
422372,1,25,1,2,0,1,14,6,0,0,0,23,200,0,6,0,200,200,200,200,200
422381,0,35,0,0,0,0,7,2,0,0,0,21,200,0,6,0,4,0,0,200,200
422383,0,30,0,0,0,1,10,5,0,0,0,18,200,0,4,200,3,0,0,200,200
422383,0,30,0,0,0,1,10,5,0,0,0,18,200,1,7,0,0,0,0,200,200
422395,0,25,0,0,0,1,12,6,0,0,0,0,0,1,200,200,200,200,200,200,200
422395,0,25,0,0,0,1,12,6,0,0,0,0,0,1,6,0,0,0,0,200,200
422406,0,30,0,0,0,3,14,5,0,0,0,17,200,0,6,0,1,0,0,200,200
422406,0,30,0,0,0,3,14,5,0,0,0,17,200,1,6,0,0,0,0,200,200
422406,1,30,0,0,0,3,14,5,0,0,0,17,200,0,2,0,200,200,200,200,200
422407,0,30,0,0,0,1,10,5,0,0,0,18,16,1,200,200,3,0,0,200,200
422407,0,30,0,0,0,1,10,5,0,0,0,18,16,1,200,0,0,0,0,200,200
422419,0,30,0,0,0,1,12,3,0,0,0,22,200,0,7,0,4,0,0,200,200
422419,0,30,0,0,0,1,12,3,0,0,0,22,200,0,7,0,0,0,0,200,200
422422,0,30,1,0,0,3,10,3,2,0,0,16,200,1,5,0,12,0,0,200,200
422422,0,30,1,0,0,3,10,3,2,0,0,16,200,0,6,0,0,0,0,200,200
422422,0,30,1,0,0,3,10,3,2,0,0,16,200,0,7,0,0,0,0,200,200
422428,0,30,0,0,0,3,7,5,0,0,0,0,200,2,200,200,200,200,200,200,200
422429,0,25,0,0,0,3,7,5,0,0,0,0,0,0,7,0,0,0,0,200,200
422433,0,30,0,0,0,1,7,6,0,0,0,0,0,2,200,200,200,200,200,200,200
422435,0,30,1,2,0,3,10,2,0,0,0,16,200,1,5,0,1,0,0,200,200
422435,0,30,1,2,0,3,10,2,0,0,0,16,200,1,4,0,0,0,0,200,200
422435,0,30,1,2,0,3,10,2,0,0,0,16,200,1,6,0,0,0,0,200,200
422438,0,30,0,0,0,1,10,8,0,0,0,20,0,0,7,0,6,0,0,200,200
422438,0,30,0,0,0,1,10,8,0,0,0,20,0,0,7,0,0,0,0,200,200
422452,0,30,0,0,0,1,12,5,0,0,0,22,18,0,200,200,2,200,200,200,200
422452,0,30,0,0,0,1,12,5,0,0,0,22,18,0,0,0,0,200,0,200,200
422461,0,30,0,0,0,3,8,2,0,0,0,17,25,0,200,200,1,200,200,200,200
422461,4,30,0,0,0,3,8,2,0,0,0,17,25,0,200,2,0,0,0,200,200
422465,0,30,12,2,0,3,7,2,0,0,0,21,11,2,200,200,4,200,200,200,200
422466,0,30,0,0,0,1,7,12,0,0,0,20,0,1,200,200,6,200,200,200,200
422467,0,35,1,200,0,3,12,5,0,200,200,22,0,0,5,200,12,200,200,200,200
422467,0,35,1,200,0,3,12,5,0,200,200,22,0,0,5,200,12,200,200,200,200
422474,0,25,0,0,0,3,2,6,0,0,0,20,25,1,200,200,12,200,200,200,200
422477,0,30,0,0,0,3,7,7,0,0,0,0,200,2,200,200,200,200,200,200,200
422481,0,25,1,2,0,1,10,5,0,0,0,0,0,0,200,200,3,200,200,200,200
422481,0,25,1,2,0,1,10,5,0,0,0,0,0,0,5,0,0,0,0,200,200
422481,1,25,1,2,0,1,10,5,0,0,0,0,0,0,6,0,200,200,200,200,200
422482,0,30,0,0,0,3,7,5,0,0,0,20,8,0,6,0,6,0,0,200,200
422484,0,30,1,2,0,3,14,2,0,0,0,17,200,1,5,0,1,0,0,200,200
422484,0,30,1,2,0,3,14,2,0,0,0,17,200,0,7,0,0,0,0,200,200
422490,0,30,0,0,0,4,12,2,0,0,0,21,200,0,200,200,4,200,200,200,200
422490,0,30,0,0,0,4,12,2,0,0,0,21,200,0,8,0,12,0,0,200,200
422491,0,15,0,0,0,1,11,0,0,200,200,22,22,1,6,200,2,0,0,200,200
422491,0,15,0,0,0,1,11,0,0,200,200,22,22,1,6,200,1,0,0,200,200
422492,0,30,1,2,0,3,14,5,0,0,0,21,200,0,6,0,7,0,0,200,200
422492,0,30,1,2,0,3,14,5,0,0,0,21,200,1,7,0,0,0,0,200,200
422500,0,30,0,0,0,0,8,2,0,0,0,0,0,1,7,200,1,0,0,200,200
422500,4,30,0,0,0,0,8,2,0,0,0,0,0,0,7,2,2,200,7,200,200
422504,0,30,0,0,0,3,14,2,0,0,0,0,0,0,8,0,7,0,0,200,200
422504,0,30,0,0,0,3,14,2,0,0,0,0,0,0,6,0,0,0,0,200,200
422513,0,30,1,2,0,3,9,5,0,0,0,17,0,0,6,200,1,200,0,200,200
422513,5,30,1,2,0,3,9,5,0,0,0,17,0,1,8,7,0,0,0,200,200
422514,0,30,0,0,0,3,12,6,0,0,200,0,0,1,7,200,0,200,200,200,200
422514,0,30,0,0,0,3,12,6,0,0,200,0,0,0,6,0,0,0,0,200,200
422514,1,30,0,0,0,3,12,6,0,0,200,0,0,0,6,0,200,200,200,200,200
422520,0,15,0,0,0,1,7,7,0,0,0,20,11,0,200,200,6,200,200,200,200
422526,0,30,0,0,0,0,10,7,0,0,0,20,200,1,200,200,6,200,200,200,200
422526,0,30,0,0,0,0,10,7,0,0,0,20,200,0,6,0,0,0,0,200,200
422528,0,30,0,0,0,1,12,5,0,0,0,0,0,1,5,0,4,0,0,200,200
422528,0,30,0,0,0,1,12,5,0,0,0,0,0,0,9,0,0,0,0,200,200
422537,0,25,0,0,0,3,7,5,0,0,0,0,0,2,200,200,200,200,200,200,200
422563,0,0,0,0,0,3,2,0,0,0,0,0,0,1,6,0,200,0,0,200,200
422563,1,0,0,0,0,3,2,0,0,0,0,0,0,1,200,0,200,200,200,200,200
422588,0,30,0,0,0,1,14,5,0,0,0,22,200,0,200,200,2,200,200,200,200
422588,0,30,0,0,0,1,14,5,0,0,0,22,200,0,8,0,0,0,0,200,200
422590,0,30,0,0,0,1,7,6,0,0,0,22,0,0,6,200,2,200,0,200,200
422601,0,30,1,2,0,1,10,5,0,0,0,18,0,0,3,0,0,0,0,200,200
422601,0,30,1,2,0,1,10,5,0,0,0,18,0,0,200,200,3,200,200,200,200
422601,1,30,1,2,0,1,10,5,0,0,0,18,0,1,200,200,200,200,200,200,200
422601,1,30,1,2,0,1,10,5,0,0,0,18,0,0,200,200,200,200,200,200,200
422604,0,30,2,2,0,3,0,5,0,0,0,17,200,1,5,0,14,0,0,200,200
422604,0,30,2,2,0,3,0,5,0,0,0,17,200,0,5,200,0,0,0,200,200
422604,1,30,2,2,0,3,0,5,0,0,0,17,200,0,5,0,200,200,200,200,200
422605,0,0,0,0,0,4,7,7,0,0,0,0,0,0,7,0,0,0,0,200,200
422606,0,35,0,0,0,0,11,5,0,0,0,17,200,0,7,7,1,0,0,200,200
422606,0,35,0,0,0,0,11,5,0,0,0,17,200,0,5,7,0,0,0,200,200
422607,0,30,2,2,0,3,0,2,0,0,0,16,0,0,200,200,1,200,200,200,200
422607,0,30,2,2,0,3,0,2,0,0,0,16,0,1,6,0,0,0,0,200,200
422608,0,30,2,2,0,1,10,5,0,0,0,0,0,0,6,200,200,0,0,200,200
422608,0,30,2,2,0,1,10,5,0,0,0,0,0,1,7,200,200,0,0,200,200
422609,0,30,0,0,0,4,7,5,0,0,0,20,0,2,200,200,6,200,200,200,200
422625,0,30,1,2,0,3,7,5,0,0,0,6,23,0,6,3,5,0,0,200,200
422626,0,30,0,0,0,1,10,200,0,0,0,16,200,0,200,200,12,0,0,200,200
422626,0,30,0,0,0,1,10,200,0,0,0,16,200,0,5,200,0,0,0,200,200
422627,0,30,2,2,0,3,7,5,0,0,0,0,0,2,200,200,200,200,200,200,200
422631,0,30,0,0,0,0,7,7,0,0,0,11,200,0,200,200,200,200,200,200,200
422631,1,30,0,0,0,0,7,7,0,0,0,11,200,0,7,200,200,200,200,200,200
422634,0,30,0,0,0,3,2,2,0,0,0,0,18,1,4,0,0,0,0,200,200
422642,0,35,2,2,0,3,10,2,2,0,0,16,0,0,6,0,3,0,0,200,200
422642,0,35,2,2,0,3,10,2,2,0,0,16,0,0,6,0,0,0,0,200,200
422654,0,25,0,0,0,3,7,6,0,0,0,0,200,0,7,200,200,200,200,200,200
422662,0,30,0,0,0,3,0,5,0,0,0,0,0,0,5,0,6,0,0,200,200
422662,0,30,0,0,0,3,0,5,0,0,0,0,0,0,6,0,0,0,0,200,200
422662,1,30,0,0,0,3,0,5,0,0,0,0,0,0,6,0,200,200,200,200,200
422663,0,30,7,12,0,3,10,5,0,0,0,16,0,0,5,200,200,0,2,200,200
422663,0,30,7,12,0,3,10,5,0,0,0,16,0,0,6,200,0,0,0,200,200
422663,1,30,7,12,0,3,10,5,0,0,0,16,0,1,7,200,200,200,200,200,200
422667,0,30,0,0,0,3,7,5,0,0,0,0,0,2,200,200,200,200,200,200,200
422675,0,30,1,2,200,3,10,1,0,200,200,6,18,2,200,200,3,200,200,200,200
422675,0,30,1,2,200,3,10,1,0,200,200,6,18,0,7,200,0,0,0,200,200
422681,0,30,0,0,0,3,7,6,0,0,0,20,0,0,200,200,6,200,200,200,200
422693,0,35,1,2,0,3,14,3,0,0,0,11,200,0,5,200,5,0,0,200,200
422693,0,35,1,2,0,3,14,3,0,0,0,11,200,0,3,200,5,0,0,200,200
422695,0,20,0,0,0,0,7,6,0,0,0,16,14,2,200,200,200,200,200,200,200
422697,0,30,1,2,0,3,10,3,0,0,0,18,200,0,200,200,3,200,200,200,200
422697,0,30,1,2,0,3,10,3,0,0,0,18,200,1,5,0,0,0,0,200,200
422697,1,30,1,2,0,3,10,3,0,0,0,18,200,1,6,0,200,200,200,200,200
422697,1,30,1,2,0,3,10,3,0,0,0,18,200,0,0,5,200,200,200,200,200
422699,0,30,0,0,0,3,7,6,0,1,0,21,0,0,200,200,200,200,200,200,200
422712,0,30,0,12,0,3,2,3,0,0,1,4,200,0,7,0,12,0,0,200,200
422719,0,35,0,0,0,3,3,5,0,0,0,17,0,0,6,0,1,0,0,200,200
422719,0,35,0,0,0,3,3,5,0,0,0,17,0,1,4,0,0,0,0,200,200
422722,0,35,0,0,0,3,3,5,0,0,12,16,28,0,7,0,8,200,200,200,200
422722,0,35,0,0,0,3,3,5,0,0,12,16,28,0,6,0,0,200,0,200,200
422723,0,30,1,2,0,0,8,3,0,0,0,17,16,0,8,200,1,0,0,200,200
422723,4,30,1,2,0,0,8,3,0,0,0,17,16,0,5,2,0,0,200,200,200
422730,0,30,0,0,2,0,7,5,0,1,0,0,0,2,200,200,200,200,200,200,200
422737,0,30,1,2,0,3,9,5,0,0,0,16,200,0,6,200,1,200,200,200,200
422737,5,30,1,2,0,3,9,5,0,0,0,16,200,0,8,7,0,200,7,200,200
422744,0,30,3,2,0,3,7,6,0,0,0,21,200,2,200,200,12,200,200,200,200
422746,0,30,1,2,0,3,14,3,0,0,0,23,23,0,9,0,7,0,0,200,200
422746,0,30,1,2,0,3,14,3,0,0,0,23,23,0,7,0,0,0,0,200,200