RD_NO,PERSON_TYPE,POSTED_SPEED_LIMIT,TRAFFIC_CONTROL_DEVICE,DEVICE_CONDITION,WEATHER_CONDITION,LIGHTING_CONDITION,FIRST_CRASH_TYPE,TRAFFICWAY_TYPE,ALIGNMENT,ROADWAY_SURFACE_COND,ROAD_DEFECT,PRIM_CONTRIBUTORY_CAUSE,SEC_CONTRIBUTORY_CAUSE,SEX,AGE,SAFETY_EQUIPMENT,DRIVER_ACTION,DRIVER_VISION,PHYSICAL_CONDITION,BAC_RESULT VALUE,CELL_PHONE_USE
422748,0,30,0,0,0,1,12,2,0,0,0,17,21,0,8,0,4,200,0,200,200
422748,0,30,0,0,0,1,12,2,0,0,0,17,21,0,6,0,0,0,0,200,200
422749,0,35,0,0,0,2,4,5,0,12,4,200,200,0,7,3,0,0,0,200,200
422750,0,30,1,2,0,2,12,12,0,0,0,22,23,2,200,200,2,200,200,200,200
422750,0,30,1,2,0,2,12,12,0,0,0,22,23,1,5,0,0,0,0,200,200
422750,1,30,1,2,0,2,12,12,0,0,0,22,23,2,200,200,200,200,200,200,200
422750,1,30,1,2,0,2,12,12,0,0,0,22,23,2,200,200,200,200,200,200,200
422750,1,30,1,2,0,2,12,12,0,0,0,22,23,2,200,200,200,200,200,200,200
422750,1,30,1,2,0,2,12,12,0,0,0,22,23,2,200,7,200,200,200,200,200
422752,0,30,1,200,0,1,10,5,0,200,0,0,200,0,200,200,3,200,200,200,200
422752,0,30,1,200,0,1,10,5,0,200,0,0,200,1,7,200,0,200,0,200,200
422763,0,30,0,0,0,1,14,5,0,0,0,23,33,0,6,0,7,6,0,200,200
422763,0,30,0,0,0,1,14,5,0,0,0,23,33,0,6,0,0,0,0,200,200
422771,0,25,2,2,0,1,14,5,0,0,0,0,200,1,7,0,200,0,0,200,200
422771,0,25,2,2,0,1,14,5,0,0,0,0,200,0,6,0,200,0,0,200,200
422773,0,30,1,0,0,1,10,3,0,0,0,18,0,0,7,0,12,200,200,200,200
422773,0,30,1,0,0,1,10,3,0,0,0,18,0,1,9,0,0,0,0,200,200
422773,1,30,1,0,0,1,10,3,0,0,0,18,0,0,200,200,200,200,200,200,200
422774,0,30,1,2,0,1,14,1,0,0,0,17,16,0,0,0,1,0,0,200,200
422774,0,30,1,2,0,1,14,1,0,0,0,17,16,1,7,0,0,0,0,200,200
422776,0,35,0,0,0,1,10,5,0,0,0,18,200,1,6,0,3,4,0,200,200
422776,0,35,0,0,0,1,10,5,0,0,0,18,200,0,7,0,0,0,0,200,200
422777,0,30,200,200,200,1,12,5,0,200,200,0,0,1,5,200,200,200,0,200,200
422777,0,30,200,200,200,1,12,5,0,200,200,0,0,0,6,200,200,200,0,200,200
422778,0,30,2,2,0,1,14,3,0,0,0,17,11,0,6,0,1,200,0,200,200
422778,0,30,2,2,0,1,14,3,0,0,0,17,11,1,5,0,0,200,0,200,200
422781,0,25,0,0,200,200,7,6,0,200,200,200,200,2,200,200,200,200,200,200,200
422784,0,30,0,0,0,1,7,5,0,0,0,0,0,2,200,200,200,200,200,200,200
422785,0,30,0,0,0,1,9,5,0,0,0,0,200,0,6,200,200,200,0,200,200
422785,5,30,0,0,0,1,9,5,0,0,0,0,200,1,6,200,0,0,0,200,200
422786,0,30,2,2,0,1,0,5,0,0,0,28,200,1,6,0,12,1,0,200,200
422786,0,30,2,2,0,1,0,5,0,0,0,28,200,0,5,7,0,0,0,200,200
422787,0,30,1,2,0,1,7,6,0,0,0,0,0,0,7,0,7,5,0,200,200
422787,1,30,1,2,0,1,7,6,0,0,0,0,0,0,200,0,200,200,200,200,200
422787,1,30,1,2,0,1,7,6,0,0,0,0,0,0,200,0,200,200,200,200,200
422787,1,30,1,2,0,1,7,6,0,0,0,0,0,1,200,0,200,200,200,200,200
422787,1,30,1,2,0,1,7,6,0,0,0,0,0,0,200,0,200,200,200,200,200
422787,1,30,1,2,0,1,7,6,0,0,0,0,0,1,200,0,200,200,200,200,200
422787,1,30,1,2,0,1,7,6,0,0,0,0,0,1,200,0,200,200,200,200,200
422788,1,30,0,0,0,1,7,5,0,0,0,21,200,200,200,200,200,200,200,200,200
422788,0,30,0,0,0,1,7,5,0,0,0,21,200,1,7,200,2,200,0,200,200
422788,1,30,0,0,0,1,7,5,0,0,0,21,200,200,200,200,200,200,200,200,200
422788,1,30,0,0,0,1,7,5,0,0,0,21,200,0,200,200,200,200,200,200,200
422788,1,30,0,0,0,1,7,5,0,0,0,21,200,200,200,200,200,200,200,200,200
422788,1,30,0,0,0,1,7,5,0,0,0,21,200,200,200,200,200,200,200,200,200
422788,1,30,0,0,0,1,7,5,0,0,0,21,200,200,200,200,200,200,200,200,200
422788,1,30,0,0,0,1,7,5,0,0,0,21,200,200,200,200,200,200,200,200,200
422793,0,25,0,0,0,1,7,5,0,0,0,17,17,0,8,0,0,0,0,200,200
422794,0,30,2,2,0,1,14,2,0,0,0,20,20,0,6,0,6,12,0,200,200
422794,0,30,2,2,0,1,14,2,0,0,0,20,20,1,6,0,0,0,0,200,200
422797,0,30,2,2,0,1,0,5,0,0,0,17,200,1,6,0,14,0,0,200,200
422797,0,30,2,2,0,1,0,5,0,0,0,17,200,1,5,0,1,0,0,200,200
422797,0,30,2,2,0,1,0,5,0,0,0,17,200,0,4,0,1,0,0,200,200
422797,1,30,2,2,0,1,0,5,0,0,0,17,200,0,6,7,200,200,200,200,200
422797,1,30,2,2,0,1,0,5,0,0,0,17,200,0,8,0,200,200,200,200,200
422805,0,20,2,2,0,1,14,6,0,0,0,8,11,1,6,0,7,0,0,200,200
422805,0,20,2,2,0,1,14,6,0,0,0,8,11,1,6,0,0,0,0,200,200
422808,0,30,0,0,0,1,7,6,0,0,0,0,0,2,200,200,200,200,200,200,200
422812,0,30,1,2,0,1,12,5,0,0,0,0,0,0,6,0,12,0,0,200,200
422812,0,30,1,2,0,1,12,5,0,0,0,0,0,1,7,0,0,0,0,200,200
422813,0,15,0,0,0,1,10,7,0,0,0,17,17,0,9,0,200,0,0,200,200
422813,0,15,0,0,0,1,10,7,0,0,0,17,17,1,7,0,0,0,0,200,200
422815,0,30,1,2,0,1,7,5,0,0,0,200,200,1,6,200,200,0,0,200,200
422817,0,20,2,2,0,1,0,5,0,0,0,17,200,1,7,0,1,0,0,200,200
422817,0,20,2,2,0,1,0,5,0,0,0,17,200,0,3,0,0,0,0,200,200
422818,0,30,0,0,0,1,0,6,0,0,0,22,200,1,9,0,2,0,0,200,200
422818,0,30,0,0,0,1,0,6,0,0,0,22,200,0,7,0,0,0,0,200,200
422819,0,35,0,0,0,1,10,5,0,0,0,27,18,1,5,200,3,0,5,200,200
422819,0,35,0,0,0,1,10,5,0,0,0,27,18,1,5,0,0,0,0,200,200
422819,1,35,0,0,0,1,10,5,0,0,0,27,18,1,0,0,200,200,200,200,200
422819,1,35,0,0,0,1,10,5,0,0,0,27,18,1,2,0,200,200,200,200,200
422823,0,30,0,0,0,1,10,5,0,0,0,0,200,0,5,200,1,200,200,200,200
422823,0,30,0,0,0,1,10,5,0,0,0,0,200,0,5,0,0,0,0,200,200
422825,0,30,9,0,0,1,9,3,0,200,200,0,4,1,6,0,1,1,0,200,200
422825,5,30,9,0,0,1,9,3,0,200,200,0,4,0,9,200,200,200,200,200,200
422827,0,30,0,0,0,1,12,2,0,0,0,21,200,1,6,200,4,200,0,200,200
422827,0,30,0,0,0,1,12,2,0,0,0,21,200,0,4,200,0,200,0,200,200
422828,0,30,0,0,0,1,11,5,0,0,0,27,11,0,9,200,4,12,12,200,200
422828,0,30,0,0,0,1,11,5,0,0,0,27,11,1,5,200,0,0,0,200,200
422828,0,30,0,0,0,1,11,5,0,0,0,27,11,0,6,200,0,0,0,200,200
422828,1,30,0,0,0,1,11,5,0,0,0,27,11,0,200,200,200,200,200,200,200
422828,1,30,0,0,0,1,11,5,0,0,0,27,11,0,3,200,200,200,200,200,200
422829,0,0,0,0,0,1,7,12,0,0,0,0,0,2,200,200,200,200,200,200,200
422834,0,30,1,2,0,1,8,2,0,0,0,0,200,2,200,200,200,200,200,200,200
422834,4,30,1,2,0,1,8,2,0,0,0,0,200,0,4,7,200,200,7,200,200
422835,0,30,0,0,0,1,14,3,0,0,0,17,200,1,6,0,1,0,0,200,200
422835,0,30,0,0,0,1,14,3,0,0,0,17,200,1,6,0,0,0,0,200,200
422839,0,25,0,0,0,1,0,5,0,0,0,17,200,0,6,200,1,200,0,200,200
422839,0,25,0,0,0,1,0,5,0,0,0,17,200,0,6,200,0,200,200,200,200
422847,0,30,2,0,0,1,0,5,0,0,0,33,200,1,7,0,1,12,0,200,200
422847,0,30,2,0,0,1,0,5,0,0,0,33,200,0,9,0,0,0,0,200,200
422849,0,30,1,1,0,1,12,2,0,0,0,22,22,0,6,0,2,0,0,200,200
422849,0,30,1,1,0,1,12,2,0,0,0,22,22,1,7,0,0,0,0,200,200
422851,0,30,0,0,0,1,2,6,0,0,1,28,200,0,8,200,0,0,0,200,200
422854,0,35,3,0,0,1,12,2,0,0,0,4,21,0,7,0,4,0,0,200,200
422854,0,35,3,0,0,1,12,2,0,0,0,4,21,0,6,0,0,0,0,200,200
422854,1,35,3,0,0,1,12,2,0,0,0,4,21,1,6,0,200,200,200,200,200
422854,1,35,3,0,0,1,12,2,0,0,0,4,21,1,200,0,200,200,200,200,200
422855,0,30,0,0,0,1,7,2,0,0,0,23,200,1,7,0,7,0,0,200,200
422856,0,25,2,2,0,1,14,5,0,0,0,17,200,1,200,200,1,200,200,200,200
422856,0,25,2,2,0,1,14,5,0,0,0,17,200,1,7,0,0,0,0,200,200
422857,0,30,0,0,0,1,0,5,0,0,0,33,17,1,6,0,1,12,0,200,200
422857,0,30,0,0,0,1,0,5,0,0,0,33,17,0,6,0,0,0,0,200,200
422859,0,30,0,0,0,1,7,5,0,0,0,200,200,2,200,200,200,200,200,200,200
422864,0,10,0,0,0,1,2,7,0,0,0,33,200,1,6,0,12,6,0,200,200
422864,1,10,0,0,0,1,2,7,0,0,0,33,200,0,1,5,200,200,200,200,200
422865,0,30,2,2,0,1,5,5,0,0,0,17,5,1,200,200,1,200,200,200,200
422865,5,30,2,2,0,1,5,5,0,0,0,17,5,1,5,200,0,0,0,200,200
422874,0,30,1,2,0,1,12,2,0,0,0,11,200,1,9,200,4,200,0,200,200
422874,0,30,1,2,0,1,12,2,0,0,0,11,200,1,6,200,0,200,0,200,200
422874,1,30,1,2,0,1,12,2,0,0,0,11,200,1,7,200,200,200,200,200,200
422875,0,30,0,0,0,1,7,2,0,0,0,2,0,1,200,200,15,200,200,200,200
422875,1,30,0,0,0,1,7,2,0,0,0,2,0,0,6,1,200,200,200,200,200
422879,0,30,1,2,0,1,10,6,0,0,0,6,16,0,200,200,5,200,200,200,200
422879,0,30,1,2,0,1,10,6,0,0,0,6,16,0,6,0,0,0,0,200,200
422879,1,30,1,2,0,1,10,6,0,0,0,6,16,1,200,200,200,200,200,200,200
422879,1,30,1,2,0,1,10,6,0,0,0,6,16,1,200,0,200,200,200,200,200
422883,0,30,0,0,0,1,8,5,0,0,0,21,16,1,5,0,4,200,200,200,200
422883,4,30,0,0,0,1,8,5,0,0,0,21,16,0,5,200,0,200,200,200,200
422885,0,30,0,0,0,200,12,2,0,0,0,0,0,2,200,200,12,200,200,200,200
422885,0,30,0,0,0,200,12,2,0,0,0,0,0,0,7,200,0,0,0,200,200
422896,0,30,1,2,0,3,2,2,0,0,0,0,200,1,6,0,12,0,0,200,200
422897,0,30,1,2,0,1,10,5,0,0,0,18,18,0,7,0,3,0,0,200,200
422897,0,30,1,2,0,1,10,5,0,0,0,18,18,1,7,0,0,0,0,200,200
422898,0,35,2,2,0,1,10,2,0,0,0,15,16,0,6,0,8,0,0,200,200
422898,0,35,2,2,0,1,10,2,0,0,0,15,16,0,5,0,0,0,0,200,200
422903,0,35,1,2,0,1,12,5,0,0,12,23,200,0,6,200,200,200,0,200,200
422903,0,35,1,2,0,1,12,5,0,0,12,23,200,1,5,200,4,200,0,200,200
422904,0,25,0,0,0,1,10,5,0,0,0,0,0,1,5,0,0,0,0,200,200
422904,0,25,0,0,0,1,10,5,0,0,0,0,0,1,7,0,0,0,0,200,200
422925,0,20,0,0,0,1,10,5,0,0,0,16,200,1,6,200,3,200,0,200,200
422925,0,20,0,0,0,1,10,5,0,0,0,16,200,1,6,200,0,0,0,200,200
422933,0,45,3,2,0,1,12,3,0,0,0,11,11,1,6,0,4,0,0,200,200
422933,0,45,3,2,0,1,12,3,0,0,0,11,11,1,6,0,0,0,0,200,200
422933,0,45,3,2,0,1,12,3,0,0,0,11,11,0,200,200,0,0,0,200,200
422947,0,30,2,2,0,1,0,2,0,0,0,17,0,1,6,0,0,0,0,200,200
422947,0,30,2,2,0,1,0,2,0,0,0,17,0,0,6,0,1,4,0,200,200
422948,0,30,0,0,0,1,12,5,0,0,0,17,0,1,200,200,1,200,200,200,200
422948,0,30,0,0,0,1,12,5,0,0,0,17,0,0,6,0,0,0,0,200,200
422948,1,30,0,0,0,1,12,5,0,0,0,17,0,200,200,200,200,200,200,200,200
422951,0,30,0,0,0,0,7,6,0,0,0,200,200,2,200,200,200,200,200,200,200
422953,0,30,0,2,0,1,14,5,0,0,0,0,0,0,8,0,200,200,200,200,200
422953,0,30,0,2,0,1,14,5,0,0,0,0,0,0,200,200,200,200,200,200,200
422959,0,45,1,2,0,1,12,6,0,0,0,0,0,1,6,0,200,200,0,200,200
422959,0,45,1,2,0,1,12,6,0,0,0,0,0,0,6,0,200,200,0,200,200
422962,0,30,0,0,200,1,12,5,0,200,200,21,0,0,200,200,4,200,200,200,200
422962,0,30,0,0,200,1,12,5,0,200,200,21,0,0,6,200,200,200,200,200,200
422962,1,30,0,0,200,1,12,5,0,200,200,21,0,0,5,200,200,200,200,200,200
422964,0,20,0,0,0,1,7,2,2,0,0,200,200,2,200,200,200,200,200,200,200
422965,0,30,0,0,0,1,7,6,0,0,0,0,200,2,200,200,200,200,200,200,200
422968,0,25,1,2,0,1,12,2,0,0,0,22,17,1,6,0,2,0,0,200,200
422968,0,25,1,2,0,1,12,2,0,0,0,22,17,0,5,0,200,0,0,200,200
422968,0,25,1,2,0,1,12,2,0,0,0,22,17,1,6,0,0,0,0,200,200
422970,0,20,4,2,0,1,14,12,3,0,0,17,200,1,8,0,1,0,0,200,200
422970,0,20,4,2,0,1,14,12,3,0,0,17,200,1,7,0,0,0,0,200,200
422982,0,25,0,0,0,1,12,6,0,0,200,18,0,1,6,0,12,0,0,200,200
422982,0,25,0,0,0,1,12,6,0,0,200,18,0,1,5,0,12,0,0,200,200
422984,0,35,1,2,0,1,10,2,0,0,0,15,16,0,6,0,8,0,0,200,200
422984,0,35,1,2,0,1,10,2,0,0,0,15,16,1,5,0,0,0,0,200,200
422984,1,35,1,2,0,1,10,2,0,0,0,15,16,0,0,0,200,200,200,200,200
422989,0,30,2,2,0,1,0,5,0,0,0,11,17,1,6,200,1,200,0,200,200
422989,0,30,2,2,0,1,0,5,0,0,0,11,17,0,6,0,0,0,0,200,200
422989,1,30,2,2,0,1,0,5,0,0,0,11,17,0,200,0,200,200,200,200,200
422990,0,30,1,2,0,1,14,6,0,0,0,22,200,0,7,0,2,0,0,200,200
422990,0,30,1,2,0,1,14,6,0,0,0,22,200,0,5,200,0,0,0,200,200
422997,0,30,0,0,2,1,10,2,0,0,200,0,200,1,5,0,12,0,0,200,200
422997,0,30,0,0,2,1,10,2,0,0,200,0,200,1,6,0,0,0,0,200,200
423001,0,30,0,0,0,1,7,5,0,0,0,20,200,0,200,200,12,1,200,200,200
423002,0,30,0,0,0,1,14,5,0,0,0,23,17,0,7,0,4,200,0,200,200
423002,0,30,0,0,0,1,14,5,0,0,0,23,17,1,6,0,0,0,0,200,200
423002,1,30,0,0,0,1,14,5,0,0,0,23,17,1,6,200,200,200,200,200,200
423003,0,25,0,0,0,1,10,5,0,0,0,0,0,1,8,0,0,0,0,200,200
423003,0,25,0,0,0,1,10,5,0,0,0,0,0,0,200,200,200,200,200,200,200
423005,0,30,0,0,0,1,7,2,0,0,0,0,200,2,200,200,200,200,200,200,200
423014,0,30,0,0,0,1,10,3,0,0,0,11,0,0,6,0,12,1,0,200,200
423014,0,30,0,0,0,1,10,3,0,0,0,11,0,0,5,0,12,1,0,200,200
423018,0,45,0,0,0,1,10,2,0,0,0,18,18,0,5,200,3,0,0,200,200
423018,0,45,0,0,0,1,10,2,0,0,0,18,18,0,6,0,0,0,0,200,200
423020,0,25,0,0,0,1,14,5,0,0,0,22,200,0,200,200,2,200,200,200,200
423020,0,25,0,0,0,1,14,5,0,0,0,22,200,0,6,0,0,0,0,200,200
423022,0,30,1,2,0,1,14,6,0,200,0,23,200,0,200,200,7,200,200,200,200
423022,0,30,1,2,0,1,14,6,0,200,0,23,200,0,6,0,0,0,0,200,200
423024,0,30,200,200,200,1,4,3,0,0,1,200,29,0,5,200,12,200,200,200,200
423025,0,30,0,0,0,1,10,5,0,0,0,16,18,1,8,0,3,0,0,200,200
423025,0,30,0,0,0,1,10,5,0,0,0,16,18,0,6,0,0,0,0,200,200
423035,0,30,0,0,0,1,14,2,0,0,0,0,200,0,200,200,8,200,200,200,200
423035,0,30,0,0,0,1,14,2,0,0,0,0,200,1,6,0,0,0,0,200,200
423054,0,0,0,0,0,1,2,6,0,12,12,200,200,0,6,0,0,0,0,200,200
423064,0,25,0,0,2,3,10,6,0,1,0,0,0,0,6,200,200,0,0,200,200
423064,0,25,0,0,2,3,10,6,0,1,0,0,0,0,9,200,200,0,0,200,200
423064,1,25,0,0,2,3,10,6,0,1,0,0,0,1,200,200,200,200,200,200,200
423064,1,25,0,0,2,3,10,6,0,1,0,0,0,1,200,5,200,200,200,200,200
423064,1,25,0,0,2,3,10,6,0,1,0,0,0,0,200,200,200,200,200,200,200
423064,1,25,0,0,2,3,10,6,0,1,0,0,0,1,200,200,200,200,200,200,200
423073,0,30,1,2,0,1,14,5,0,0,0,17,17,0,4,0,1,0,0,200,200
423073,0,30,1,2,0,1,14,5,0,0,0,17,17,1,9,0,0,0,0,200,200
423076,0,30,0,0,0,1,7,7,0,0,0,0,200,2,200,200,200,200,200,200,200
423081,0,30,1,2,0,1,14,2,0,0,0,23,200,1,200,200,7,200,200,200,200
423081,0,30,1,2,0,1,14,2,0,0,0,23,200,0,6,0,0,0,0,200,200
423085,0,30,0,0,0,1,2,5,0,0,0,18,18,0,6,0,3,0,0,200,200
423085,0,30,0,0,0,1,2,5,0,0,0,18,18,1,7,0,0,0,0,200,200
423092,0,35,9,12,0,1,14,6,0,0,0,10,11,0,5,200,9,200,0,200,200
423092,0,35,9,12,0,1,14,6,0,0,0,10,11,0,4,200,0,200,0,200,200
423098,0,30,0,0,0,1,10,5,0,0,0,0,0,0,6,200,11,200,200,200,200
423098,0,30,0,0,0,1,10,5,0,0,0,0,0,1,6,200,200,200,200,200,200
423098,1,30,0,0,0,1,10,5,0,0,0,0,0,1,6,200,200,200,200,200,200
423103,0,30,1,2,0,1,10,3,0,0,0,16,18,0,6,0,3,0,0,200,200
423103,0,30,1,2,0,1,10,3,0,0,0,16,18,1,6,0,0,0,0,200,200
423103,1,30,1,2,0,1,10,3,0,0,0,16,18,0,7,0,200,200,200,200,200
423103,1,30,1,2,0,1,10,3,0,0,0,16,18,0,2,0,200,200,200,200,200
423112,0,35,0,0,0,1,10,5,0,0,12,0,0,1,5,0,0,0,0,200,200
423112,0,35,0,0,0,1,10,5,0,0,12,0,0,1,5,0,0,0,0,200,200
423113,0,30,0,0,0,3,12,6,0,0,0,21,17,0,6,0,4,0,0,200,200
423113,0,30,0,0,0,3,12,6,0,0,0,21,17,0,5,0,0,0,0,200,200
423113,1,30,0,0,0,3,12,6,0,0,0,21,17,1,7,0,200,200,200,200,200
423113,1,30,0,0,0,3,12,6,0,0,0,21,17,0,200,0,200,200,200,200,200
423114,0,30,0,0,0,1,0,5,0,0,0,17,200,2,200,200,1,200,200,200,200
423114,0,30,0,0,0,1,0,5,0,0,0,17,200,0,9,0,0,0,0,200,200
423114,1,30,0,0,0,1,0,5,0,0,0,17,200,1,7,0,200,200,200,200,200
423115,0,30,1,2,0,1,0,2,0,0,0,6,6,1,5,0,5,0,0,200,200
423115,0,30,1,2,0,1,0,2,0,0,0,6,6,0,7,0,0,0,0,200,200
423115,1,30,1,2,0,1,0,2,0,0,0,6,6,1,200,0,200,200,200,200,200
423119,0,30,0,0,0,1,7,5,0,0,0,20,200,0,200,200,6,200,200,200,200
423127,0,30,1,2,0,1,10,3,0,0,0,18,200,1,7,200,3,0,0,200,200
423127,0,30,1,2,0,1,10,3,0,0,0,18,200,1,6,0,0,0,0,200,200
423128,0,30,0,0,0,1,2,12,0,0,0,20,200,0,200,200,6,200,200,200,200
423133,0,30,1,2,0,1,10,2,0,0,0,16,200,0,6,0,8,0,0,200,200
423133,0,30,1,2,0,1,10,2,0,0,0,16,200,0,6,0,0,0,0,200,200
423134,0,30,0,0,0,1,12,2,0,0,0,17,17,0,6,0,1,0,0,200,200
423134,0,30,0,0,0,1,12,2,0,0,0,17,17,1,6,0,0,0,0,200,200
423144,0,15,0,0,0,1,5,0,0,0,0,11,200,0,6,0,12,0,0,200,200
423160,0,30,0,0,0,1,7,7,0,0,0,0,200,1,7,200,12,0,4,200,200
423167,0,25,0,0,0,1,12,6,0,0,0,0,0,0,6,200,200,200,0,200,200
423167,0,25,0,0,0,1,12,6,0,0,0,0,0,1,6,200,0,200,0,200,200
423168,0,30,1,2,0,1,10,2,0,0,0,18,200,0,7,0,3,0,0,200,200
423168,0,30,1,2,0,1,10,2,0,0,0,18,200,0,5,0,0,0,0,200,200
423173,0,35,0,0,0,1,0,3,0,0,0,17,11,1,7,200,1,200,0,200,200
423173,0,35,0,0,0,1,0,3,0,0,0,17,11,1,6,200,0,200,0,200,200
423181,0,20,0,0,0,1,12,6,0,0,0,17,0,1,6,0,1,0,0,200,200
423181,0,20,0,0,0,1,12,6,0,0,0,17,0,0,6,0,0,0,0,200,200
423186,0,30,2,2,0,1,0,5,0,0,0,22,0,0,6,200,12,200,0,200,200
423186,0,30,2,2,0,1,0,5,0,0,0,22,0,0,5,200,12,200,0,200,200
423186,0,30,2,2,0,1,0,5,0,0,0,22,0,0,6,200,0,0,0,200,200
423187,0,10,0,0,0,1,2,7,0,0,0,0,200,0,7,0,12,0,0,200,200
423191,0,30,1,2,0,1,14,3,0,0,0,16,6,1,4,0,5,0,0,200,200
423191,0,30,1,2,0,1,14,3,0,0,0,16,6,1,8,0,0,0,0,200,200
423191,1,30,1,2,0,1,14,3,0,0,0,16,6,1,7,0,200,200,200,200,200
423191,1,30,1,2,0,1,14,3,0,0,0,16,6,1,0,5,200,200,200,200,200
423194,0,30,0,0,0,1,7,6,0,0,0,0,200,1,6,0,12,0,0,200,200
423194,1,30,0,0,0,1,7,6,0,0,0,0,200,1,200,200,200,200,200,200,200
423199,0,30,0,0,0,1,10,5,0,0,0,7,200,1,5,0,3,0,0,200,200
423199,0,30,0,0,0,1,10,5,0,0,0,7,200,0,6,0,0,0,0,200,200
423199,1,30,0,0,0,1,10,5,0,0,0,7,200,1,0,5,200,200,200,200,200
423210,0,25,0,0,0,0,5,3,0,0,0,0,200,0,6,0,12,0,0,200,200
423211,0,30,0,0,0,1,4,5,0,0,0,0,200,0,200,200,12,200,200,200,200
423214,0,30,0,0,0,1,7,6,0,0,0,20,0,0,6,0,6,5,0,200,200
423218,0,30,1,2,0,1,12,2,0,0,0,18,200,0,4,200,3,200,200,200,200
423218,0,30,1,2,0,1,12,2,0,0,0,18,200,1,7,0,0,0,0,200,200
423218,0,30,1,2,0,1,12,2,0,0,0,18,200,1,6,0,0,0,0,200,200
423219,0,30,200,200,0,1,2,12,0,0,0,27,0,0,9,200,200,200,4,200,200
423221,0,30,0,0,0,1,7,6,0,0,0,16,200,0,5,0,8,0,0,200,200
423223,0,5,0,0,0,1,7,12,0,0,0,0,200,2,200,200,200,200,200,200,200
423243,0,15,0,0,0,1,2,0,0,0,0,0,0,2,200,200,200,200,200,200,200
423245,4,30,1,2,0,1,8,5,0,0,0,0,0,0,6,7,1,0,0,200,200
423245,0,30,1,2,0,1,8,5,0,0,0,0,0,0,5,0,0,0,0,200,200
423246,0,5,0,0,0,1,10,12,0,0,0,20,200,1,6,200,6,0,0,200,200
423246,0,5,0,0,0,1,10,12,0,0,0,20,200,0,5,0,0,0,0,200,200
423246,1,5,0,0,0,1,10,12,0,0,0,20,200,1,5,0,200,200,200,200,200
423253,0,30,0,0,0,0,7,5,0,0,0,0,0,2,200,200,200,200,200,200,200
423256,0,0,0,0,0,1,7,7,0,0,0,0,0,1,6,0,0,0,0,200,200
423257,0,0,200,200,0,1,0,200,0,200,200,0,200,0,6,0,200,200,0,200,200
423257,0,0,200,200,0,1,0,200,0,200,200,0,200,0,200,200,200,200,200,200,200
423258,0,30,1,2,0,1,12,6,0,0,0,22,17,0,7,0,4,0,0,200,200
423258,0,30,1,2,0,1,12,6,0,0,0,22,17,0,6,0,1,0,0,200,200
423259,0,20,0,0,0,1,0,0,0,0,0,0,200,0,8,0,200,0,0,200,200
423259,0,20,0,0,0,1,0,0,0,0,0,0,200,1,6,0,200,0,0,200,200
423259,1,20,0,0,0,1,0,0,0,0,0,0,200,1,7,0,200,200,200,200,200
423262,0,30,0,0,0,1,9,6,0,0,0,17,200,1,6,0,0,0,0,200,200
423262,5,30,0,0,0,1,9,6,0,0,0,17,200,1,7,7,1,0,0,200,200
423263,0,30,0,0,0,1,7,7,0,0,0,20,16,1,5,200,6,200,0,200,200
423263,1,30,0,0,0,1,7,7,0,0,0,20,16,0,200,0,200,200,200,200,200
423271,0,30,0,0,200,1,10,5,0,200,0,18,200,1,200,0,3,0,0,200,200
423271,0,30,0,0,200,1,10,5,0,200,0,18,200,0,7,0,0,0,0,200,200
423273,0,30,1,2,0,1,14,5,2,0,0,23,16,0,7,200,7,0,0,200,200
423273,0,30,1,2,0,1,14,5,2,0,0,23,16,0,8,200,0,0,0,200,200
423274,0,30,1,2,0,1,10,5,0,0,0,0,0,0,6,200,200,200,200,200,200
423274,0,30,1,2,0,1,10,5,0,0,0,0,0,0,7,0,0,0,0,200,200
423278,0,30,0,0,0,1,7,7,0,0,200,20,20,1,8,0,6,200,200,200,200
423293,0,15,0,0,0,1,10,0,0,0,0,16,18,1,200,200,3,0,0,200,200
423293,0,15,0,0,0,1,10,0,0,0,0,16,18,1,200,0,0,0,0,200,200
423293,1,15,0,0,0,1,10,0,0,0,0,16,18,0,200,5,200,200,200,200,200
423293,1,15,0,0,0,1,10,0,0,0,0,16,18,0,200,5,200,200,200,200,200
423294,0,30,1,2,0,1,10,2,0,0,0,7,7,1,5,0,12,0,0,200,200
423294,0,30,1,2,0,1,10,2,0,0,0,7,7,1,5,0,0,0,0,200,200
423302,0,30,0,0,200,1,7,5,0,0,0,21,200,2,200,200,200,200,200,200,200
423303,0,30,0,0,0,1,12,5,0,0,0,11,200,1,4,200,12,0,0,200,200
423303,0,30,0,0,0,1,12,5,0,0,0,11,200,0,6,200,0,0,0,200,200
423309,0,30,2,2,0,1,0,5,0,0,0,200,200,1,6,0,1,0,0,200,200
423309,0,30,2,2,0,1,0,5,0,0,0,200,200,1,6,0,0,0,0,200,200
423312,0,10,0,0,0,1,9,0,0,0,0,0,0,0,6,0,12,200,0,200,200
423312,5,10,0,0,0,1,9,0,0,0,0,0,0,0,7,7,0,0,5,200,200
423327,0,30,0,0,0,1,10,5,0,0,0,0,200,0,5,200,200,200,0,200,200
423327,0,30,0,0,0,1,10,5,0,0,0,0,200,1,6,200,0,200,0,200,200
423331,0,30,0,0,0,1,10,5,0,0,0,18,11,0,6,0,3,0,0,200,200
423331,0,30,0,0,0,1,10,5,0,0,0,18,11,2,200,200,12,200,200,200,200
423335,0,25,0,0,0,1,12,5,0,0,0,21,21,0,200,200,4,200,200,200,200