RD_NO,PERSON_TYPE,POSTED_SPEED_LIMIT,TRAFFIC_CONTROL_DEVICE,DEVICE_CONDITION,WEATHER_CONDITION,LIGHTING_CONDITION,FIRST_CRASH_TYPE,TRAFFICWAY_TYPE,ALIGNMENT,ROADWAY_SURFACE_COND,ROAD_DEFECT,PRIM_CONTRIBUTORY_CAUSE,SEC_CONTRIBUTORY_CAUSE,SEX,AGE,SAFETY_EQUIPMENT,DRIVER_ACTION,DRIVER_VISION,PHYSICAL_CONDITION,BAC_RESULT VALUE,CELL_PHONE_USE
423729,0,30,1,2,0,1,10,6,0,1,0,20,200,1,6,0,0,0,0,200,200
423730,0,30,0,0,0,1,7,5,0,1,0,0,0,0,5,0,0,200,200,200,200
423731,0,30,0,0,0,1,11,5,0,0,0,200,200,1,200,200,0,200,200,200,200
423731,0,30,0,0,0,1,11,5,0,0,0,200,200,1,6,0,0,0,0,200,200
423733,0,25,0,0,2,4,9,6,0,1,0,17,200,0,6,0,1,12,0,200,200
423733,5,25,0,0,2,4,9,6,0,1,0,17,200,0,6,200,200,200,200,200,200
423740,0,30,1,2,2,1,10,5,0,1,0,18,18,0,5,0,1,0,0,200,200
423740,0,30,1,2,2,1,10,5,0,1,0,18,18,0,7,200,0,0,0,200,200
423740,1,30,1,2,2,1,10,5,0,1,0,18,18,1,200,0,200,200,200,200,200
423742,0,30,0,0,1,4,12,3,0,0,0,21,200,1,8,0,4,0,0,200,200
423742,0,30,0,0,1,4,12,3,0,0,0,21,200,0,8,0,0,0,0,200,200
423744,0,30,1,2,0,1,14,5,0,0,0,21,17,1,7,0,4,0,0,200,200
423744,0,30,1,2,0,1,14,5,0,0,0,21,17,1,6,0,0,0,0,200,200
423744,1,30,1,2,0,1,14,5,0,0,0,21,17,1,200,0,200,200,200,200,200
423751,0,0,1,2,0,1,12,6,0,0,0,22,200,1,6,200,4,200,200,200,200
423751,0,0,1,2,0,1,12,6,0,0,0,22,200,1,5,0,0,0,0,200,200
423758,0,35,0,0,0,1,10,5,0,1,0,18,0,1,200,200,3,200,200,200,200
423758,0,35,0,0,0,1,10,5,0,1,0,18,0,0,6,0,0,0,0,200,200
423758,1,35,0,0,0,1,10,5,0,1,0,18,0,1,1,5,200,200,200,200,200
423758,1,35,0,0,0,1,10,5,0,1,0,18,0,0,1,5,200,200,200,200,200
423761,0,30,0,0,0,1,7,5,0,0,0,22,16,1,200,200,10,200,0,200,200
423761,1,30,0,0,0,1,7,5,0,0,0,22,16,0,200,1,200,200,200,200,200
423764,0,30,0,0,1,1,14,5,0,0,0,11,0,0,6,200,7,200,200,200,200
423764,0,30,0,0,1,1,14,5,0,0,0,11,0,0,6,200,200,200,0,200,200
423764,1,30,0,0,1,1,14,5,0,0,0,11,0,1,6,200,200,200,200,200,200
423764,1,30,0,0,1,1,14,5,0,0,0,11,0,0,2,200,200,200,200,200,200
423764,1,30,0,0,1,1,14,5,0,0,0,11,0,0,2,200,200,200,200,200,200
423764,1,30,0,0,1,1,14,5,0,0,0,11,0,0,2,200,200,200,200,200,200
423768,0,30,1,2,0,4,12,5,0,200,200,0,0,1,5,200,200,200,0,200,200
423768,0,30,1,2,0,4,12,5,0,200,200,0,0,1,6,200,0,0,0,200,200
423770,0,30,0,0,0,1,8,5,0,0,0,0,200,0,5,200,12,0,0,200,200
423770,4,30,0,0,0,1,8,5,0,0,0,0,200,0,5,3,200,200,200,200,200
423770,0,30,0,0,0,1,8,5,0,0,0,0,200,1,7,200,200,0,0,200,200
423770,1,30,0,0,0,1,8,5,0,0,0,0,200,0,5,200,200,200,200,200,200
423770,1,30,0,0,0,1,8,5,0,0,0,0,200,1,7,200,200,200,200,200,200
423773,0,30,0,0,0,4,2,5,0,1,0,28,200,0,6,0,0,0,0,200,200
423774,4,30,0,0,0,1,7,5,0,1,0,0,200,1,5,2,0,0,0,200,200
423774,0,30,0,0,0,1,7,5,0,1,0,0,200,0,6,0,0,0,0,200,200
423774,1,30,0,0,0,1,7,5,0,1,0,0,200,1,0,5,200,200,200,200,200
423779,0,30,0,0,0,1,10,5,0,0,0,18,11,1,6,0,3,0,0,200,200
423779,0,30,0,0,0,1,10,5,0,0,0,18,11,1,7,0,12,0,0,200,200
423780,0,30,0,200,0,1,12,3,0,0,0,0,200,0,6,200,200,200,0,200,200
423780,0,30,0,200,0,1,12,3,0,0,0,0,200,0,5,200,200,200,0,200,200
423787,4,25,2,2,2,1,8,6,0,1,12,34,0,0,7,2,200,4,0,200,200
423787,0,25,2,2,2,1,8,6,0,1,12,34,0,0,6,0,200,4,0,200,200
423789,0,30,2,0,0,1,0,6,0,0,0,5,200,0,200,200,5,200,200,200,200
423789,0,30,2,0,0,1,0,6,0,0,0,5,200,0,7,0,0,0,0,200,200
423789,1,30,2,0,0,1,0,6,0,0,0,5,200,0,200,0,200,200,200,200,200
423790,0,30,200,200,0,1,12,200,0,200,200,0,200,0,5,200,4,200,200,200,200
423790,0,30,200,200,0,1,12,200,0,200,200,0,200,0,5,200,200,200,0,200,200
423790,1,30,200,200,0,1,12,200,0,200,200,0,200,1,200,200,200,200,200,200,200
423792,0,30,0,0,0,1,10,5,0,0,0,200,200,1,200,200,0,200,200,200,200
423792,0,30,0,0,0,1,10,5,0,0,0,200,200,0,7,0,0,0,0,200,200
423796,0,30,0,0,0,1,10,2,0,0,200,27,0,0,200,200,3,200,2,200,200
423796,0,30,0,0,0,1,10,2,0,0,200,27,0,0,6,0,0,200,0,200,200
423796,0,30,0,0,0,1,10,2,0,0,200,27,0,0,200,200,0,200,200,200,200
423798,0,25,0,0,0,4,7,6,0,0,0,20,0,0,200,200,2,200,200,200,200
423814,0,15,0,0,0,1,7,0,0,0,0,11,0,1,200,200,12,200,200,200,200
423814,1,15,0,0,0,1,7,0,0,0,0,11,0,1,200,200,200,200,200,200,200
423817,0,30,1,200,0,1,14,2,0,200,200,17,200,1,6,200,1,0,0,200,200
423817,0,30,1,200,0,1,14,2,0,200,200,17,200,1,7,200,0,0,0,200,200
423817,1,30,1,200,0,1,14,2,0,200,200,17,200,1,4,200,200,200,200,200,200
423819,0,30,0,0,0,1,7,5,0,0,0,0,200,2,200,200,200,200,200,200,200
423826,0,30,2,2,0,1,0,5,0,0,0,17,17,1,8,0,1,1,0,200,200
423826,0,30,2,2,0,1,0,5,0,0,0,17,17,1,4,0,0,200,0,200,200
423829,0,30,2,2,0,1,0,5,0,0,0,17,200,0,5,200,1,0,0,200,200
423829,0,30,2,2,0,1,0,5,0,0,0,17,200,1,5,200,0,0,0,200,200
423829,1,30,2,2,0,1,0,5,0,0,0,17,200,0,4,200,200,200,200,200,200
423829,1,30,2,2,0,1,0,5,0,0,0,17,200,1,1,200,200,200,200,200,200
423829,1,30,2,2,0,1,0,5,0,0,0,17,200,0,2,200,200,200,200,200,200
423829,1,30,2,2,0,1,0,5,0,0,0,17,200,1,1,200,200,200,200,200,200
423829,1,30,2,2,0,1,0,5,0,0,0,17,200,0,5,200,200,200,200,200,200
423830,0,0,2,2,0,1,0,200,0,12,200,0,200,1,6,200,200,200,0,200,200
423830,0,0,2,2,0,1,0,200,0,12,200,0,200,1,5,0,200,200,0,200,200
423832,0,30,0,0,200,1,7,5,0,200,200,0,0,2,200,200,6,200,200,200,200
423833,0,35,0,0,0,1,7,5,0,0,0,0,0,2,200,200,200,200,200,200,200
423834,0,30,0,0,1,3,12,6,0,0,0,21,200,0,8,0,1,0,0,200,200
423834,0,30,0,0,1,3,12,6,0,0,0,21,200,0,6,0,0,0,0,200,200
423834,1,30,0,0,1,3,12,6,0,0,0,21,200,0,6,0,200,200,200,200,200
423836,0,30,0,0,0,4,14,5,0,0,0,0,200,0,200,0,200,200,200,200,200
423836,0,30,0,0,0,4,14,5,0,0,0,0,200,0,5,0,200,0,0,200,200
423842,0,20,0,0,1,3,12,6,0,12,0,22,16,0,5,200,2,0,5,0.23,200
423842,0,20,0,0,1,3,12,6,0,12,0,22,16,0,6,200,0,0,0,200,200
423842,1,20,0,0,1,3,12,6,0,12,0,22,16,0,200,200,200,200,200,200,200
423842,1,20,0,0,1,3,12,6,0,12,0,22,16,1,200,200,200,200,200,200,200
423847,0,30,0,0,0,1,7,5,0,0,0,21,21,0,7,200,2,0,0,200,200
423848,0,30,200,200,200,0,14,5,0,200,0,0,200,0,4,0,200,0,0,200,200
423848,0,30,200,200,200,0,14,5,0,200,0,0,200,1,7,0,200,0,0,200,200
423850,0,30,0,0,0,3,14,2,0,1,0,0,200,0,7,0,7,200,0,200,200
423850,0,30,0,0,0,3,14,2,0,1,0,0,200,0,6,0,0,0,0,200,200
423850,1,30,0,0,0,3,14,2,0,1,0,0,200,0,6,0,200,200,200,200,200
423850,1,30,0,0,0,3,14,2,0,1,0,0,200,1,5,0,200,200,200,200,200
423851,0,30,0,0,0,0,7,5,0,0,0,0,0,2,200,200,200,200,200,200,200
423852,0,30,1,2,2,1,12,5,0,1,0,0,0,2,200,200,200,200,200,200,200
423852,0,30,1,2,2,1,12,5,0,1,0,0,0,0,6,0,0,0,0,200,200
423862,0,30,0,0,0,1,7,6,0,0,0,17,17,0,200,200,1,200,0,200,200
423867,0,35,0,0,0,4,12,5,0,0,0,21,21,1,5,200,4,200,200,200,200
423867,0,35,0,0,0,4,12,5,0,0,0,21,21,0,5,0,0,0,0,200,200
423872,0,35,1,2,0,3,10,3,0,0,0,18,0,1,200,200,3,200,200,200,200
423872,0,35,1,2,0,3,10,3,0,0,0,18,0,0,6,0,0,0,0,200,200
423872,1,35,1,2,0,3,10,3,0,0,0,18,0,1,6,0,200,200,200,200,200
423872,1,35,1,2,0,3,10,3,0,0,0,18,0,1,3,0,200,200,200,200,200
423872,1,35,1,2,0,3,10,3,0,0,0,18,0,0,2,0,200,200,200,200,200
423872,1,35,1,2,0,3,10,3,0,0,0,18,0,0,3,0,200,200,200,200,200
423878,0,10,0,0,0,3,7,7,0,0,0,0,200,2,200,200,200,200,200,200,200
423880,0,30,0,0,2,0,10,5,0,1,0,0,0,0,200,200,6,200,200,200,200
423880,0,30,0,0,2,0,10,5,0,1,0,0,0,0,6,0,0,4,0,200,200
423890,0,30,0,0,0,3,12,5,0,1,0,0,200,0,200,0,12,0,0,200,200
423890,0,30,0,0,0,3,12,5,0,1,0,0,200,1,200,0,0,0,0,200,200
423902,0,30,0,0,0,1,12,5,0,200,200,0,0,0,5,200,200,200,200,200,200
423902,0,30,0,0,0,1,12,5,0,200,200,0,0,1,8,200,0,200,200,200,200
423902,1,30,0,0,0,1,12,5,0,200,200,0,0,0,8,200,200,200,200,200,200
423920,0,35,1,2,0,1,14,5,0,0,0,16,11,0,200,200,3,0,0,200,200
423920,0,35,1,2,0,1,14,5,0,0,0,16,11,1,7,200,0,0,0,200,200
423931,0,25,0,0,2,3,7,6,0,1,0,25,200,1,6,200,12,200,3,200,200
423938,0,30,1,2,2,0,10,5,0,1,0,11,0,0,5,200,200,200,200,200,200
423938,0,30,1,2,2,0,10,5,0,1,0,11,0,0,7,200,200,200,0,200,200
423940,0,35,0,0,2,3,14,5,0,1,12,34,200,1,5,200,8,200,200,200,200
423940,0,35,0,0,2,3,14,5,0,1,12,34,200,0,6,200,0,200,200,200,200
423941,0,30,1,2,2,3,10,5,0,1,0,0,0,1,5,200,200,200,200,200,200
423941,0,30,1,2,2,3,10,5,0,1,0,0,0,0,6,0,0,0,0,200,200
423941,1,30,1,2,2,3,10,5,0,1,0,0,0,1,200,200,200,200,200,200,200
423941,1,30,1,2,2,3,10,5,0,1,0,0,0,0,200,7,200,200,200,200,200
423946,0,30,2,2,0,3,3,5,0,1,0,17,0,0,7,200,1,200,200,200,200
423946,0,30,2,2,0,3,3,5,0,1,0,17,0,1,6,200,0,0,0,200,200
423946,1,30,2,2,0,3,3,5,0,1,0,17,0,1,6,200,200,200,200,200,200
423950,0,30,0,0,2,3,2,5,0,1,0,200,200,1,6,0,0,0,0,200,200
423950,1,30,0,0,2,3,2,5,0,1,0,200,200,0,200,0,200,200,200,200,200
423957,0,30,1,2,2,3,14,5,0,1,200,17,23,0,200,200,1,200,200,200,200
423957,0,30,1,2,2,3,14,5,0,1,200,17,23,0,7,0,0,0,0,200,200
423967,0,30,1,2,2,0,9,5,0,1,0,17,23,1,5,0,1,0,0,200,200
423967,5,30,1,2,2,0,9,5,0,1,0,17,23,1,7,200,200,200,200,200,200
423967,1,30,1,2,2,0,9,5,0,1,0,17,23,0,4,0,200,200,200,200,200
423967,1,30,1,2,2,0,9,5,0,1,0,17,23,1,4,0,200,200,200,200,200
423967,1,30,1,2,2,0,9,5,0,1,0,17,23,0,5,0,200,200,200,200,200
423982,0,30,0,0,2,3,2,3,0,1,0,0,200,0,5,200,0,0,0,200,200
423992,0,30,1,2,2,3,3,5,0,1,0,6,25,0,200,200,5,200,200,200,200
423992,0,30,1,2,2,3,3,5,0,1,0,6,25,1,6,200,0,0,0,200,200
423992,1,30,1,2,2,3,3,5,0,1,0,6,25,0,200,200,200,200,200,200,200
423999,0,30,1,2,0,3,12,2,0,1,0,21,0,1,6,0,12,0,0,200,200
423999,0,30,1,2,0,3,12,2,0,1,0,21,0,1,6,0,200,0,0,200,200
424010,0,30,1,2,2,3,8,2,0,1,0,16,0,2,200,200,8,200,200,200,200
424010,4,30,1,2,2,3,8,2,0,1,0,16,0,0,4,7,0,0,0,200,200
424028,0,5,0,0,0,1,7,7,0,1,0,0,0,2,200,200,0,200,200,200,200
424037,0,30,0,0,2,4,12,5,0,1,200,22,200,0,200,200,2,200,200,200,200
424037,0,30,0,0,2,4,12,5,0,1,200,22,200,0,200,200,0,0,0,200,200
424042,0,30,8,2,0,3,7,5,0,1,0,7,0,0,6,0,200,200,200,200,200
424042,1,30,8,2,0,3,7,5,0,1,0,7,0,1,200,200,200,200,200,200,200
424046,0,25,0,0,2,3,7,6,0,1,0,0,200,0,200,200,200,200,200,200,200
424047,0,30,1,2,0,1,12,5,0,0,0,22,200,1,200,200,2,200,200,200,200
424047,0,30,1,2,0,1,12,5,0,0,0,22,200,1,5,0,0,0,0,200,200
424049,0,30,0,0,0,3,7,6,0,0,0,32,16,0,6,200,8,200,5,0.18,200
424061,0,30,0,0,12,3,2,6,0,1,0,27,200,0,200,0,200,0,0,200,200
424066,0,30,1,2,2,3,14,1,0,1,200,23,16,0,5,0,7,0,0,200,200
424066,0,30,1,2,2,3,14,1,0,1,200,23,16,0,5,0,8,0,0,200,200
424066,0,30,1,2,2,3,14,1,0,1,200,23,16,0,5,0,8,0,0,200,200
424066,1,30,1,2,2,3,14,1,0,1,200,23,16,0,5,0,200,200,200,200,200
424066,1,30,1,2,2,3,14,1,0,1,200,23,16,1,5,0,200,200,200,200,200
424075,0,30,200,200,200,200,10,2,0,200,200,18,18,0,5,200,3,200,200,200,200
424075,0,30,200,200,200,200,10,2,0,200,200,18,18,0,6,200,200,200,200,200,200
424081,0,30,1,2,2,3,12,5,0,1,0,17,0,1,5,0,1,0,0,200,200
424081,0,30,1,2,2,3,12,5,0,1,0,17,0,0,7,0,0,0,0,200,200
424081,1,30,1,2,2,3,12,5,0,1,0,17,0,0,200,5,200,200,200,200,200
424081,1,30,1,2,2,3,12,5,0,1,0,17,0,1,6,0,200,200,200,200,200
424081,1,30,1,2,2,3,12,5,0,1,0,17,0,1,1,5,200,200,200,200,200
424081,1,30,1,2,2,3,12,5,0,1,0,17,0,0,0,5,200,200,200,200,200
424082,0,25,1,2,2,3,12,2,0,1,0,21,0,0,200,200,4,200,200,200,200
424082,0,25,1,2,2,3,12,2,0,1,0,21,0,0,6,0,0,0,0,200,200
424091,4,35,0,0,0,3,8,5,0,0,0,0,0,200,200,200,200,200,200,200,200
424114,0,30,1,2,2,3,0,6,0,1,12,0,0,2,200,200,200,200,200,200,200
424114,0,30,1,2,2,3,0,6,0,1,12,0,0,0,200,0,0,0,0,200,200
424114,1,30,1,2,2,3,0,6,0,1,12,0,0,1,200,0,200,200,200,200,200
424115,0,20,200,0,2,4,7,5,0,1,0,0,11,0,200,200,200,200,200,200,200
424127,0,30,1,2,2,3,14,6,0,1,3,23,23,2,200,200,7,200,200,200,200
424127,0,30,1,2,2,3,14,6,0,1,3,23,23,0,6,0,0,200,0,200,200
424140,0,30,3,0,0,3,10,2,0,0,0,0,0,0,200,200,200,200,200,200,200
424140,0,30,3,0,0,3,10,2,0,0,0,0,0,0,6,0,200,200,0,200,200
424140,1,30,3,0,0,3,10,2,0,0,0,0,0,1,200,200,200,200,200,200,200
424143,0,30,1,2,2,3,10,2,0,1,0,18,34,0,6,0,3,200,0,200,200
424143,0,30,1,2,2,3,10,2,0,1,0,18,34,0,6,0,0,0,0,200,200
424149,0,30,1,2,2,3,12,1,0,1,0,0,200,2,200,200,200,200,200,200,200
424149,0,30,1,2,2,3,12,1,0,1,0,0,200,1,7,0,0,0,0,200,200
424152,0,0,0,0,2,3,12,5,0,1,0,0,0,0,200,200,200,200,200,200,200
424152,0,0,0,0,2,3,12,5,0,1,0,0,0,0,5,0,0,0,0,200,200
424159,0,10,0,0,2,2,7,7,0,1,0,17,34,0,7,200,1,0,0,200,200
424169,0,30,200,200,200,3,14,3,0,200,200,200,200,0,200,200,200,200,200,200,200
424169,0,30,200,200,200,3,14,3,0,200,200,200,200,0,200,0,0,0,0,200,200
424170,0,25,1,2,0,1,12,5,0,0,0,0,0,0,200,200,200,200,200,200,200
424170,0,25,1,2,0,1,12,5,0,0,0,0,0,0,7,0,0,0,0,200,200
424173,0,30,1,2,2,3,0,2,0,1,0,6,16,1,7,0,5,0,0,200,200
424173,0,30,1,2,2,3,0,2,0,1,0,6,16,0,6,0,0,0,0,200,200
424173,0,30,1,2,2,3,0,2,0,1,0,6,16,0,8,0,0,0,0,200,200
424173,0,30,1,2,2,3,0,2,0,1,0,6,16,0,7,0,0,0,0,200,200
424173,0,30,1,2,2,3,0,2,0,1,0,6,16,0,7,0,0,0,0,200,200
424173,1,30,1,2,2,3,0,2,0,1,0,6,16,200,200,0,200,200,200,200,200
424177,0,30,0,0,2,1,14,5,0,1,0,0,34,0,7,0,0,0,0,200,200
424177,0,30,0,0,2,1,14,5,0,1,0,0,34,1,6,0,0,0,0,200,200
424178,0,30,1,2,2,1,10,3,0,1,0,18,34,0,7,0,3,0,0,200,200
424178,0,30,1,2,2,1,10,3,0,1,0,18,34,1,6,0,0,0,0,200,200
424178,0,30,1,2,2,1,10,3,0,1,0,18,34,1,6,0,0,0,0,200,200
424178,0,30,1,2,2,1,10,3,0,1,0,18,34,0,6,0,0,0,0,200,200
424182,0,30,1,2,2,1,14,2,0,1,0,200,200,1,7,0,0,0,0,200,200
424182,0,30,1,2,2,1,14,2,0,1,0,200,200,0,5,0,0,0,0,200,200
424184,0,30,4,0,2,1,0,5,0,0,200,32,33,0,6,200,1,12,0,200,200
424184,0,30,4,0,2,1,0,5,0,0,200,32,33,1,4,200,0,0,0,200,200
424188,0,30,0,0,2,1,7,6,0,1,0,17,200,0,200,200,1,200,200,200,200
424189,0,30,1,2,0,1,10,5,0,0,0,18,18,1,200,200,3,0,0,200,200
424189,0,30,1,2,0,1,10,5,0,0,0,18,18,0,7,0,0,0,0,200,200
424192,0,30,0,0,2,1,4,6,0,1,1,29,25,0,5,0,8,4,0,200,200
424194,0,30,0,0,2,1,14,5,0,1,0,23,0,1,7,200,7,200,0,200,200
424194,0,30,0,0,2,1,14,5,0,1,0,23,0,1,6,0,0,0,0,200,200
424194,1,30,0,0,2,1,14,5,0,1,0,23,0,1,2,5,200,200,200,200,200
424197,0,40,0,0,2,1,10,3,0,1,0,17,22,0,7,0,4,0,0,200,200
424197,0,40,0,0,2,1,10,3,0,1,0,17,22,0,6,0,0,0,0,200,200
424198,0,20,0,0,2,1,0,5,0,1,0,20,34,1,6,0,6,4,0,200,200
424198,0,20,0,0,2,1,0,5,0,1,0,20,34,0,6,0,0,0,0,200,200
424198,1,20,0,0,2,1,0,5,0,1,0,20,34,1,1,5,200,200,200,200,200
424199,0,30,0,0,2,3,7,6,0,1,0,11,0,2,200,200,7,200,200,200,200
424205,0,15,0,0,2,1,11,5,0,1,0,17,11,0,200,200,1,200,200,200,200
424205,0,15,0,0,2,1,11,5,0,1,0,17,11,0,7,0,200,0,0,200,200
424206,0,30,1,2,2,1,10,3,0,1,0,0,200,2,200,200,1,200,200,200,200
424206,0,30,1,2,2,1,10,3,0,1,0,0,200,1,7,0,0,0,0,200,200
424206,0,30,1,2,2,1,10,3,0,1,0,0,200,1,200,200,0,200,200,200,200
424206,1,30,1,2,2,1,10,3,0,1,0,0,200,0,200,0,200,200,200,200,200
424218,0,20,0,0,2,1,7,5,0,1,0,21,200,1,6,200,2,200,0,200,200
424218,1,20,0,0,2,1,7,5,0,1,0,21,200,1,6,200,200,200,200,200,200
424222,0,30,0,0,2,1,10,3,0,1,0,34,0,1,5,0,8,0,0,200,200
424222,0,30,0,0,2,1,10,3,0,1,0,34,0,1,5,0,0,0,0,200,200
424224,0,30,0,0,2,1,10,5,0,1,0,16,15,0,6,200,1,200,200,200,200
424224,0,30,0,0,2,1,10,5,0,1,0,16,15,0,5,0,0,0,0,200,200
424238,0,20,2,2,2,1,14,2,0,1,12,17,17,0,5,0,1,0,0,200,200
424238,0,20,2,2,2,1,14,2,0,1,12,17,17,0,5,0,0,0,0,200,200
424239,0,30,0,0,2,1,10,5,0,1,0,16,18,0,3,200,8,0,0,200,200
424239,0,30,0,0,2,1,10,5,0,1,0,16,18,0,6,200,0,0,0,200,200
424240,0,30,12,12,2,1,12,2,0,1,12,22,17,1,200,0,2,200,200,200,200
424240,0,30,12,12,2,1,12,2,0,1,12,22,17,1,6,0,0,0,0,200,200
424242,0,30,0,0,2,1,10,2,0,1,0,18,0,0,5,0,3,0,0,200,200
424242,0,30,0,0,2,1,10,2,0,1,0,18,0,0,6,0,0,0,0,200,200
424243,0,30,0,0,2,1,14,5,0,1,0,17,200,2,200,200,1,200,200,200,200
424243,0,30,0,0,2,1,14,5,0,1,0,17,200,0,6,0,0,0,0,200,200
424244,0,30,2,2,2,1,14,2,0,1,0,5,200,1,5,200,5,200,0,200,200
424244,0,30,2,2,2,1,14,2,0,1,0,5,200,1,7,200,200,200,0,200,200
424246,0,45,0,0,0,0,7,6,0,0,0,0,0,2,200,200,200,200,200,200,200
424248,0,30,0,0,2,1,7,5,0,1,0,34,200,1,5,0,12,12,0,200,200
424249,0,30,2,2,2,1,0,5,0,1,0,17,16,1,6,200,1,200,0,200,200
424249,0,30,2,2,2,1,0,5,0,1,0,17,16,0,7,200,0,200,0,200,200
424256,0,35,0,0,2,1,2,5,0,1,0,0,0,0,6,200,200,200,0,200,200
424260,0,30,0,0,2,1,0,5,0,1,0,0,200,0,200,200,1,200,200,200,200
424260,0,30,0,0,2,1,0,5,0,1,0,0,200,1,7,0,0,0,0,200,200
424261,0,30,0,0,2,1,10,5,0,1,0,16,34,1,0,200,8,0,0,200,200
424261,0,30,0,0,2,1,10,5,0,1,0,16,34,1,0,200,0,0,0,200,200
424264,0,10,0,0,2,3,0,7,0,1,200,0,200,0,7,200,200,200,0,200,200
424264,0,10,0,0,2,3,0,7,0,1,200,0,200,1,6,0,200,200,0,200,200
424272,0,30,1,2,2,1,10,2,0,1,0,18,200,0,6,0,3,0,0,200,200
424272,0,30,1,2,2,1,10,2,0,1,0,18,200,0,6,0,0,0,0,200,200
424282,0,30,0,0,2,1,14,5,0,1,0,0,0,0,7,0,7,0,0,200,200
424282,0,30,0,0,2,1,14,5,0,1,0,0,0,1,6,0,0,0,0,200,200
424282,1,30,0,0,2,1,14,5,0,1,0,0,0,1,2,0,200,200,200,200,200
424282,1,30,0,0,2,1,14,5,0,1,0,0,0,1,1,0,200,200,200,200,200
424284,0,25,0,0,2,1,7,5,0,1,0,21,0,0,6,0,12,0,0,200,200
424286,0,30,1,2,2,1,3,6,0,1,200,0,200,0,200,200,12,200,200,200,200
424286,0,30,1,2,2,1,3,6,0,1,200,0,200,0,6,0,0,0,0,200,200
424286,1,30,1,2,2,1,3,6,0,1,200,0,200,0,200,0,200,200,200,200,200
424287,0,30,1,2,2,1,10,5,0,1,0,18,34,0,6,0,3,0,0,200,200
424287,0,30,1,2,2,1,10,5,0,1,0,18,34,0,6,0,0,0,0,200,200
424287,1,30,1,2,2,1,10,5,0,1,0,18,34,1,200,0,200,200,200,200,200
424287,1,30,1,2,2,1,10,5,0,1,0,18,34,200,200,0,200,200,200,200,200
424287,1,30,1,2,2,1,10,5,0,1,0,18,34,200,200,0,200,200,200,200,200
424289,0,40,0,0,2,1,10,3,0,1,0,34,16,0,6,0,8,0,0,200,200
424289,0,40,0,0,2,1,10,3,0,1,0,34,16,1,6,0,0,0,0,200,200
424289,0,40,0,0,2,1,10,3,0,1,0,34,16,1,7,0,0,0,0,200,200
424293,0,30,1,2,2,1,10,5,0,1,0,0,200,1,200,200,200,200,200,200,200
424293,0,30,1,2,2,1,10,5,0,1,0,0,200,1,6,0,0,0,0,200,200
424293,1,30,1,2,2,1,10,5,0,1,0,0,200,1,5,0,200,200,200,200,200
424294,0,25,2,2,2,1,0,5,0,1,0,17,200,1,6,0,1,0,0,200,200
424294,0,25,2,2,2,1,0,5,0,1,0,17,200,1,7,0,0,0,0,200,200
424299,0,30,0,0,2,1,0,5,0,1,0,4,17,1,7,200,1,0,0,200,200
424299,0,30,0,0,2,1,0,5,0,1,0,4,17,1,6,0,0,0,0,200,200
424302,0,30,0,0,2,3,10,2,0,1,0,0,200,1,7,200,200,200,200,200,200
424302,0,30,0,0,2,3,10,2,0,1,0,0,200,0,7,0,200,0,0,200,200
424302,1,30,0,0,2,3,10,2,0,1,0,0,200,1,200,0,200,200,200,200,200
424302,1,30,0,0,2,3,10,2,0,1,0,0,200,1,200,0,200,200,200,200,200
424303,0,30,0,0,5,1,10,5,0,1,4,18,34,1,6,0,3,0,0,200,200
424303,0,30,0,0,5,1,10,5,0,1,4,18,34,1,7,0,12,0,0,200,200
424304,0,30,1,2,2,1,14,5,0,1,0,23,23,1,6,0,7,0,0,200,200
424304,0,30,1,2,2,1,14,5,0,1,0,23,23,0,5,0,0,0,0,200,200
424305,0,35,2,2,2,1,14,3,0,1,0,17,200,1,5,0,1,0,0,200,200
424305,0,35,2,2,2,1,14,3,0,1,0,17,200,1,9,0,0,0,0,200,200
424305,0,35,2,2,2,1,14,3,0,1,0,17,200,0,6,0,0,0,0,200,200
424305,1,35,2,2,2,1,14,3,0,1,0,17,200,1,6,0,200,200,200,200,200
424305,1,35,2,2,2,1,14,3,0,1,0,17,200,0,5,0,200,200,200,200,200
424305,1,35,2,2,2,1,14,3,0,1,0,17,200,0,200,0,200,200,200,200,200
424309,0,30,1,2,2,1,0,2,0,1,0,17,17,0,6,0,1,0,0,200,200
424309,0,30,1,2,2,1,0,2,0,1,0,17,17,0,7,0,0,0,0,200,200
424309,1,30,1,2,2,1,0,2,0,1,0,17,17,0,6,0,200,200,200,200,200
424318,0,30,1,2,2,1,12,6,0,1,0,17,17,0,6,200,1,0,0,200,200
424318,0,30,1,2,2,1,12,6,0,1,0,17,17,0,5,0,0,0,0,200,200
424323,0,30,2,0,0,1,0,5,0,0,0,0,0,1,8,200,200,0,0,200,200
424323,0,30,2,0,0,1,0,5,0,0,0,0,0,1,6,200,200,0,0,200,200
424323,1,30,2,0,0,1,0,5,0,0,0,0,0,1,3,200,200,200,200,200,200
424323,1,30,2,0,0,1,0,5,0,0,0,0,0,1,200,5,200,200,200,200,200
424325,0,30,0,0,2,1,10,5,0,1,200,0,0,0,4,0,200,200,200,200,200
424325,0,30,0,0,2,1,10,5,0,1,200,0,0,1,6,0,0,0,0,200,200