RD_NO,PERSON_TYPE,POSTED_SPEED_LIMIT,TRAFFIC_CONTROL_DEVICE,DEVICE_CONDITION,WEATHER_CONDITION,LIGHTING_CONDITION,FIRST_CRASH_TYPE,TRAFFICWAY_TYPE,ALIGNMENT,ROADWAY_SURFACE_COND,ROAD_DEFECT,PRIM_CONTRIBUTORY_CAUSE,SEC_CONTRIBUTORY_CAUSE,SEX,AGE,SAFETY_EQUIPMENT,DRIVER_ACTION,DRIVER_VISION,PHYSICAL_CONDITION,BAC_RESULT VALUE,CELL_PHONE_USE
424325,0,30,0,0,2,1,10,5,0,1,200,0,0,1,200,0,0,0,0,200,200
424332,0,30,0,0,2,1,14,5,0,1,0,34,0,0,6,200,1,200,200,200,200
424332,0,30,0,0,2,1,14,5,0,1,0,34,0,0,6,0,0,0,0,200,200
424334,0,30,1,2,2,1,10,3,2,1,0,18,200,0,200,200,3,200,200,200,200
424334,0,30,1,2,2,1,10,3,2,1,0,18,200,0,7,200,0,200,0,200,200
424334,1,30,1,2,2,1,10,3,2,1,0,18,200,1,200,200,200,200,200,200,200
424338,0,30,0,0,2,1,12,5,0,1,0,17,22,0,6,200,1,0,0,200,200
424338,0,30,0,0,2,1,12,5,0,1,0,17,22,0,6,200,0,0,0,200,200
424340,0,30,0,0,2,1,12,5,0,1,0,17,200,1,7,0,1,0,0,200,200
424340,0,30,0,0,2,1,12,5,0,1,0,17,200,1,6,0,0,0,0,200,200
424346,0,30,1,2,2,1,14,6,0,1,0,23,200,1,6,0,7,0,0,200,200
424346,0,30,1,2,2,1,14,6,0,1,0,23,200,0,6,0,0,0,0,200,200
424347,0,30,0,0,2,1,14,5,0,1,0,23,11,0,4,200,7,0,0,200,200
424347,0,30,0,0,2,1,14,5,0,1,0,23,11,0,200,0,0,0,0,200,200
424347,1,30,0,0,2,1,14,5,0,1,0,23,11,1,200,7,200,200,200,200,200
424347,1,30,0,0,2,1,14,5,0,1,0,23,11,0,4,200,200,200,200,200,200
424348,0,30,0,0,2,1,0,0,0,1,0,17,17,0,200,200,1,200,200,200,200
424348,0,30,0,0,2,1,0,0,0,1,0,17,17,1,7,0,0,0,0,200,200
424352,0,30,0,0,2,1,10,5,0,1,0,18,0,0,8,0,3,0,0,200,200
424352,0,30,0,0,2,1,10,5,0,1,0,18,0,1,6,0,0,0,0,200,200
424352,0,30,0,0,2,1,10,5,0,1,0,18,0,1,6,0,0,0,0,200,200
424352,1,30,0,0,2,1,10,5,0,1,0,18,0,0,200,0,200,200,200,200,200
424353,0,15,0,0,0,1,2,0,0,0,0,0,0,2,200,200,200,200,200,200,200
424360,0,30,0,0,2,1,12,5,0,1,0,0,200,1,6,7,0,200,0,200,200
424360,0,30,0,0,2,1,12,5,0,1,0,0,200,1,200,200,200,200,200,200,200
424360,1,30,0,0,2,1,12,5,0,1,0,0,200,1,0,0,200,200,200,200,200
424361,0,30,0,0,2,1,5,5,0,1,0,23,200,0,200,200,7,200,200,200,200
424362,0,30,1,2,2,1,10,5,0,1,0,34,11,0,6,0,3,4,0,200,200
424362,0,30,1,2,2,1,10,5,0,1,0,34,11,0,5,0,0,0,0,200,200
424364,0,30,2,2,2,1,0,2,0,1,0,17,5,2,200,200,1,200,200,200,200
424364,0,30,2,2,2,1,0,2,0,1,0,17,5,1,6,0,0,0,0,200,200
424364,1,30,2,2,2,1,0,2,0,1,0,17,5,0,2,0,200,200,200,200,200
424364,1,30,2,2,2,1,0,2,0,1,0,17,5,1,1,0,200,200,200,200,200
424364,1,30,2,2,2,1,0,2,0,1,0,17,5,0,1,5,200,200,200,200,200
424364,1,30,2,2,2,1,0,2,0,1,0,17,5,0,0,5,200,200,200,200,200
424365,0,15,0,0,0,1,7,5,0,0,0,0,0,0,200,200,200,200,200,200,200
424366,0,30,0,0,2,0,10,5,0,1,0,17,17,0,6,200,1,0,0,200,200
424366,0,30,0,0,2,0,10,5,0,1,0,17,17,1,5,0,0,0,0,200,200
424368,0,30,0,0,2,1,0,5,0,1,0,20,20,0,6,0,6,0,0,200,200
424368,0,30,0,0,2,1,0,5,0,1,0,20,20,0,5,0,0,0,0,200,200
424370,0,25,0,200,200,200,7,5,0,200,200,0,0,0,7,200,200,200,200,200,200
424372,0,30,0,0,2,1,11,5,0,1,0,0,0,0,5,0,12,0,0,200,200
424372,0,30,0,0,2,1,11,5,0,1,0,0,0,1,5,0,12,0,0,200,200
424373,0,5,0,0,2,1,7,7,2,1,0,1,200,0,200,200,200,200,200,200,200
424376,0,30,1,1,2,1,7,5,0,1,0,21,200,0,200,200,4,200,200,200,200
424377,0,10,0,0,2,1,7,7,0,1,0,0,0,1,200,200,200,0,0,200,200
424378,0,30,0,0,2,1,12,5,0,1,0,34,200,1,8,0,12,4,0,200,200
424378,0,30,0,0,2,1,12,5,0,1,0,34,200,1,5,0,0,0,0,200,200
424379,0,30,0,0,2,2,0,5,0,1,0,11,200,1,8,0,8,0,0,200,200
424379,0,30,0,0,2,2,0,5,0,1,0,11,200,1,6,0,0,0,0,200,200
424381,0,30,0,0,200,200,10,5,0,0,0,16,200,2,200,200,1,200,200,200,200
424381,0,30,0,0,200,200,10,5,0,0,0,16,200,1,5,0,0,0,0,200,200
424385,0,30,1,2,2,1,0,8,0,1,0,6,17,0,6,0,5,0,0,200,200
424385,0,30,1,2,2,1,0,8,0,1,0,6,17,0,6,0,0,0,0,200,200
424385,0,30,1,2,2,1,0,8,0,1,0,6,17,0,6,200,0,0,0,200,200
424389,0,30,2,0,2,1,0,6,0,1,0,17,25,1,6,200,1,200,0,200,200
424389,0,30,2,0,2,1,0,6,0,1,0,17,25,1,6,7,0,200,0,200,200
424389,0,30,2,0,2,1,0,6,0,1,0,17,25,1,6,7,0,200,0,200,200
424399,0,30,1,2,2,1,14,2,0,1,200,0,200,0,6,0,12,0,0,200,200
424399,0,30,1,2,2,1,14,2,0,1,200,0,200,1,6,0,12,0,0,200,200
424399,1,30,1,2,2,1,14,2,0,1,200,0,200,1,6,0,200,200,200,200,200
424403,0,30,1,2,0,1,10,1,0,0,0,18,200,0,7,200,3,200,200,200,200
424403,0,30,1,2,0,1,10,1,0,0,0,18,200,1,6,0,0,0,0,200,200
424403,1,30,1,2,0,1,10,1,0,0,0,18,200,1,7,0,200,200,200,200,200
424405,0,30,1,2,2,1,14,3,0,1,0,23,23,0,6,0,0,0,0,200,200
424405,0,30,1,2,2,1,14,3,0,1,0,23,23,0,200,200,7,200,200,200,200
424407,0,30,0,0,2,1,12,3,5,1,200,17,34,1,9,200,1,200,0,200,200
424407,0,30,0,0,2,1,12,3,5,1,200,17,34,1,7,200,1,200,0,200,200
424409,0,30,200,200,200,1,10,12,0,200,200,21,0,0,5,200,4,200,200,200,200
424409,0,30,200,200,200,1,10,12,0,200,200,21,0,1,5,200,0,0,0,200,200
424409,1,30,200,200,200,1,10,12,0,200,200,21,0,1,7,200,200,200,200,200,200
424412,0,30,0,0,2,1,14,5,0,1,1,23,34,1,5,0,7,4,0,200,200
424412,0,30,0,0,2,1,14,5,0,1,1,23,34,1,6,0,0,4,0,200,200
424413,0,30,0,0,2,1,12,5,0,1,0,21,0,0,5,0,4,0,0,200,200
424413,0,30,0,0,2,1,12,5,0,1,0,21,0,0,6,0,0,0,0,200,200
424414,0,30,1,2,2,2,10,2,0,1,0,34,0,0,5,200,3,200,200,200,200
424414,0,30,1,2,2,2,10,2,0,1,0,34,0,0,7,0,0,200,0,200,200
424414,0,30,1,2,2,2,10,2,0,1,0,34,0,1,200,200,0,200,200,200,200
424416,0,30,0,0,2,1,14,5,0,1,0,17,23,1,200,200,1,0,0,200,200
424416,0,30,0,0,2,1,14,5,0,1,0,17,23,1,6,0,0,0,0,200,200
424416,1,30,0,0,2,1,14,5,0,1,0,17,23,0,2,5,200,200,200,200,200
424418,0,35,1,200,2,1,10,5,0,1,200,200,200,0,6,200,200,200,7,200,200
424418,0,35,1,200,2,1,10,5,0,1,200,200,200,0,6,200,200,200,0,200,200
424418,0,35,1,200,2,1,10,5,0,1,200,200,200,0,6,200,200,200,7,200,200
424418,0,35,1,200,2,1,10,5,0,1,200,200,200,0,5,200,200,200,0,200,200
424418,1,35,1,200,2,1,10,5,0,1,200,200,200,1,6,200,200,200,200,200,200
424421,0,30,4,0,2,1,12,2,0,1,0,34,17,0,3,200,12,0,0,200,200
424421,0,30,4,0,2,1,12,2,0,1,0,34,17,0,7,200,0,0,0,200,200
424422,0,30,2,2,2,1,0,2,0,1,0,0,0,0,200,200,0,200,200,200,200
424422,0,30,2,2,2,1,0,2,0,1,0,0,0,1,8,0,200,0,0,200,200
424424,0,30,0,0,2,1,7,3,5,1,0,34,34,1,7,0,14,0,0,200,200
424426,0,30,2,2,0,1,12,8,0,0,0,22,0,1,6,200,1,0,200,200,200
424426,0,30,2,2,0,1,12,8,0,0,0,22,0,0,5,200,0,0,0,200,200
424432,0,30,2,4,2,1,0,12,0,1,0,0,200,0,200,200,200,200,200,200,200
424432,0,30,2,4,2,1,0,12,0,1,0,0,200,0,5,0,0,0,0,200,200
424433,0,30,0,0,2,1,10,5,0,1,0,18,18,1,7,200,3,0,0,200,200
424433,0,30,0,0,2,1,10,5,0,1,0,18,18,1,5,0,0,0,0,200,200
424442,0,30,200,200,2,1,10,5,0,1,200,34,200,1,5,200,200,200,200,200,200
424442,0,30,200,200,2,1,10,5,0,1,200,34,200,1,6,200,0,200,0,200,200
424447,0,30,1,2,2,1,14,3,0,1,200,23,3,0,6,200,7,200,200,200,200
424447,0,30,1,2,2,1,14,3,0,1,200,23,3,1,7,0,12,0,0,200,200
424453,0,30,2,2,0,1,0,2,0,0,0,5,5,1,200,200,5,200,200,200,200
424453,0,30,2,2,0,1,0,2,0,0,0,5,5,1,6,0,0,0,0,200,200
424454,0,30,2,2,2,1,11,5,0,1,0,34,0,0,6,200,200,0,0,200,200
424454,0,30,2,2,2,1,11,5,0,1,0,34,0,0,4,200,200,0,0,200,200
424454,1,30,2,2,2,1,11,5,0,1,0,34,0,0,6,200,200,200,200,200,200
424454,1,30,2,2,2,1,11,5,0,1,0,34,0,0,5,200,200,200,200,200,200
424454,1,30,2,2,2,1,11,5,0,1,0,34,0,1,4,200,200,200,200,200,200
424454,1,30,2,2,2,1,11,5,0,1,0,34,0,0,4,200,200,200,200,200,200
424459,0,15,0,0,2,1,0,0,0,1,0,0,0,0,200,0,0,0,200,200,200
424459,0,15,0,0,2,1,0,0,0,1,0,0,0,1,200,200,200,200,200,200,200
424468,0,30,1,2,2,1,14,1,0,1,0,0,0,0,6,200,200,0,0,200,200
424468,0,30,1,2,2,1,14,1,0,1,0,0,0,1,9,0,0,0,0,200,200
424473,0,30,0,0,2,1,0,5,0,1,0,0,0,0,200,0,0,0,0,200,200
424473,0,30,0,0,2,1,0,5,0,1,0,0,0,1,5,0,0,0,0,200,200
424474,0,25,0,0,2,1,12,5,0,1,0,0,0,0,200,200,200,200,200,200,200
424474,0,25,0,0,2,1,12,5,0,1,0,0,0,1,9,0,12,0,0,200,200
424477,0,30,0,0,2,1,10,5,0,1,0,16,18,0,0,200,0,0,0,200,200
424477,0,30,0,0,2,1,10,5,0,1,0,16,18,0,5,200,1,0,0,200,200
424489,0,30,0,0,0,1,2,7,0,0,0,0,0,1,4,200,6,200,200,200,200
424490,0,30,0,0,2,1,7,5,0,1,0,34,200,2,200,200,200,200,200,200,200
424492,0,30,1,2,1,1,14,6,0,1,0,23,17,1,7,200,1,0,0,200,200
424492,0,30,1,2,1,1,14,6,0,1,0,23,17,0,6,200,0,0,0,200,200
424493,0,10,3,2,2,1,0,7,0,1,0,34,0,1,5,0,12,4,0,200,200
424493,0,10,3,2,2,1,0,7,0,1,0,34,0,0,200,200,0,4,0,200,200
424496,0,30,0,0,2,1,10,5,0,1,200,0,34,1,9,200,8,0,0,200,200
424496,0,30,0,0,2,1,10,5,0,1,200,0,34,0,4,200,200,0,0,200,200
424500,0,0,0,0,2,1,7,7,0,1,0,20,200,1,7,200,6,0,0,200,200
424506,0,30,1,2,2,1,9,2,0,1,0,17,200,1,8,0,1,0,0,200,200
424506,5,30,1,2,2,1,9,2,0,1,0,17,200,0,7,7,0,0,0,200,200
424508,0,0,0,0,0,2,7,7,0,0,0,0,0,2,200,200,200,200,200,200,200
424509,0,30,1,2,2,1,14,5,0,1,0,0,0,0,200,0,200,0,0,200,200
424509,0,30,1,2,2,1,14,5,0,1,0,0,0,0,200,0,0,0,0,200,200
424515,0,30,1,200,200,1,14,5,0,1,0,23,200,0,6,200,7,0,0,200,200
424515,0,30,1,200,200,1,14,5,0,1,0,23,200,1,5,200,0,0,0,200,200
424518,0,30,0,0,0,1,12,5,0,1,0,21,200,0,200,200,4,200,200,200,200
424518,0,30,0,0,0,1,12,5,0,1,0,21,200,0,7,0,0,0,0,200,200
424518,1,30,0,0,0,1,12,5,0,1,0,21,200,0,6,0,200,200,200,200,200
424519,0,30,1,2,2,1,7,5,0,1,0,0,200,2,200,200,200,200,200,200,200
424524,0,30,1,2,0,3,14,5,0,0,0,0,200,0,6,200,200,200,200,200,200
424524,0,30,1,2,0,3,14,5,0,0,0,0,200,0,5,0,0,0,0,200,200
424527,0,30,0,0,0,3,7,7,0,0,0,0,200,2,200,200,200,200,200,200,200
424530,0,30,1,2,2,1,14,12,0,1,0,17,17,0,5,0,7,0,0,200,200
424530,0,30,1,2,2,1,14,12,0,1,0,17,17,0,6,0,0,0,0,200,200
424530,1,30,1,2,2,1,14,12,0,1,0,17,17,0,5,0,200,200,200,200,200
424530,1,30,1,2,2,1,14,12,0,1,0,17,17,0,5,0,200,200,200,200,200
424531,0,30,1,2,2,1,2,5,0,1,0,34,200,0,6,0,12,0,0,200,200
424532,0,30,0,0,2,1,14,2,0,1,12,17,200,2,200,200,1,200,200,200,200
424532,0,30,0,0,2,1,14,2,0,1,12,17,200,0,6,0,200,0,0,200,200
424553,0,35,0,0,2,1,12,2,0,1,0,17,11,1,8,200,1,0,0,200,200
424553,0,35,0,0,2,1,12,2,0,1,0,17,11,0,6,200,0,0,0,200,200
424555,0,15,0,0,0,1,7,7,0,0,0,17,200,2,200,200,1,200,200,200,200
424556,0,5,12,12,2,1,12,3,0,1,0,20,200,0,7,0,6,12,0,200,200
424556,0,5,12,12,2,1,12,3,0,1,0,20,200,0,8,0,0,0,0,200,200
424559,0,30,2,12,2,1,0,5,2,1,0,33,17,1,5,0,12,12,0,200,200
424559,0,30,2,12,2,1,0,5,2,1,0,33,17,1,6,7,0,0,0,200,200
424559,1,30,2,12,2,1,0,5,2,1,0,33,17,1,200,0,200,200,200,200,200
424564,0,0,0,0,2,1,14,5,0,1,0,23,17,0,6,0,7,12,0,200,200
424564,0,0,0,0,2,1,14,5,0,1,0,23,17,1,6,200,0,200,0,200,200
424564,1,0,0,0,2,1,14,5,0,1,0,23,17,1,200,0,200,200,200,200,200
424564,1,0,0,0,2,1,14,5,0,1,0,23,17,1,200,200,200,200,200,200,200
424565,0,35,0,0,2,1,12,1,0,1,0,21,11,1,6,200,4,0,0,200,200
424565,0,35,0,0,2,1,12,1,0,1,0,21,11,0,6,200,0,0,0,200,200
424565,1,35,0,0,2,1,12,1,0,1,0,21,11,1,8,200,200,200,200,200,200
424568,0,30,1,2,2,1,12,6,0,1,0,22,11,0,8,200,4,0,0,200,200
424568,0,30,1,2,2,1,12,6,0,1,0,22,11,1,7,200,0,0,0,200,200
424571,0,30,1,200,0,0,9,2,0,0,0,0,200,1,200,200,1,200,200,200,200
424571,5,30,1,200,0,0,9,2,0,0,0,0,200,1,5,7,12,0,0,200,200
424572,0,30,2,2,0,1,0,2,0,1,0,17,200,0,7,200,1,200,0,200,200
424572,0,30,2,2,0,1,0,2,0,1,0,17,200,1,6,200,0,200,0,200,200
424574,0,30,0,0,2,1,0,0,0,1,0,0,0,0,200,200,1,200,200,200,200
424574,0,30,0,0,2,1,0,0,0,1,0,0,0,0,6,200,200,0,0,200,200
424576,0,30,1,2,2,1,10,2,0,1,0,0,200,0,6,200,200,200,200,200,200
424576,0,30,1,2,2,1,10,2,0,1,0,0,200,0,9,0,0,200,0,200,200
424576,0,30,1,2,2,1,10,2,0,1,0,0,200,1,5,0,0,0,0,200,200
424578,0,30,1,2,2,1,12,6,0,1,0,21,200,0,6,0,4,0,0,200,200
424578,0,30,1,2,2,1,12,6,0,1,0,21,200,0,6,0,0,0,0,200,200
424579,0,30,1,2,2,1,0,2,0,1,0,17,200,0,6,0,1,0,0,200,200
424579,0,30,1,2,2,1,0,2,0,1,0,17,200,1,6,0,0,0,0,200,200
424579,1,30,1,2,2,1,0,2,0,1,0,17,200,1,5,0,200,200,200,200,200
424580,0,30,0,0,0,1,7,12,0,0,0,11,0,0,200,0,12,0,0,200,200
424586,0,30,200,200,200,1,14,5,0,200,200,200,200,0,200,200,200,200,200,200,200
424586,0,30,200,200,200,1,14,5,0,200,200,200,200,1,200,200,200,200,200,200,200
424590,0,0,1,2,2,1,14,12,0,1,0,17,200,0,5,200,1,0,0,200,200
424590,0,0,1,2,2,1,14,12,0,1,0,17,200,0,6,200,0,0,0,200,200
424593,0,40,0,0,2,1,10,6,0,1,0,0,0,0,6,0,200,0,0,200,200
424593,0,40,0,0,2,1,10,6,0,1,0,0,0,1,200,200,0,200,200,200,200
424613,0,0,0,0,2,1,14,5,0,1,0,17,0,1,7,0,1,200,0,200,200
424613,0,0,0,0,2,1,14,5,0,1,0,17,0,1,7,0,0,200,0,200,200
424614,0,30,1,2,2,1,14,5,0,1,0,16,11,0,4,200,1,0,0,200,200
424614,0,30,1,2,2,1,14,5,0,1,0,16,11,1,7,0,12,0,0,200,200
424614,0,30,1,2,2,1,14,5,0,1,0,16,11,1,6,0,12,0,0,200,200
424625,0,30,1,2,2,3,10,2,0,1,0,0,200,0,200,200,200,200,200,200,200
424625,0,30,1,2,2,3,10,2,0,1,0,0,200,1,5,0,200,0,200,200,200
424625,0,30,1,2,2,3,10,2,0,1,0,0,200,0,200,200,0,200,200,200,200
424631,0,30,2,2,1,1,14,5,2,1,0,17,15,1,6,200,1,0,0,200,200
424631,0,30,2,2,1,1,14,5,2,1,0,17,15,1,6,200,0,0,0,200,200
424631,0,30,2,2,1,1,14,5,2,1,0,17,15,0,7,200,0,0,0,200,200
424634,0,35,1,2,2,1,14,2,0,1,200,17,200,0,6,0,0,200,0,200,200
424634,0,35,1,2,2,1,14,2,0,1,200,17,200,0,5,0,1,200,0,200,200
424634,1,35,1,2,2,1,14,2,0,1,200,17,200,1,4,0,200,200,200,200,200
424642,0,30,0,0,0,1,10,5,0,0,0,0,0,0,200,0,1,0,0,200,200
424642,0,30,0,0,0,1,10,5,0,0,0,0,0,0,6,0,1,0,0,200,200
424644,0,40,1,2,2,1,10,3,0,1,0,18,17,0,5,200,3,0,0,200,200
424644,0,40,1,2,2,1,10,3,0,1,0,18,17,0,6,200,0,0,0,200,200
424652,0,30,0,0,1,1,0,5,0,1,0,20,200,0,6,200,200,200,200,200,200
424652,0,30,0,0,1,1,0,5,0,1,0,20,200,0,6,0,0,0,0,200,200
424654,0,30,0,0,2,1,12,2,0,1,0,22,200,1,5,0,4,0,0,200,200
424654,0,30,0,0,2,1,12,2,0,1,0,22,200,0,6,0,0,0,0,200,200
424659,0,30,1,2,2,1,10,2,0,1,0,0,0,0,7,200,200,200,200,200,200
424659,0,30,1,2,2,1,10,2,0,1,0,0,0,0,9,0,0,0,0,200,200
424667,0,35,0,0,0,1,10,5,0,0,0,0,0,0,200,200,200,200,200,200,200
424667,0,35,0,0,0,1,10,5,0,0,0,0,0,0,7,0,0,0,0,200,200
424668,0,30,1,2,2,1,7,5,0,1,0,0,0,1,5,0,12,0,0,200,200
424669,0,40,0,200,200,200,10,5,0,200,200,0,200,0,6,200,200,200,200,200,200
424669,0,40,0,200,200,200,10,5,0,200,200,0,200,1,7,0,200,200,0,200,200
424670,0,30,200,200,0,1,12,5,0,200,200,0,0,1,200,200,200,200,200,200,200
424670,0,30,200,200,0,1,12,5,0,200,200,0,0,0,7,0,0,200,0,200,200
424675,0,0,0,0,2,1,10,5,0,1,1,0,0,0,8,0,0,0,0,200,200
424675,0,0,0,0,2,1,10,5,0,1,1,0,0,0,200,200,8,200,200,200,200
424675,1,0,0,0,2,1,10,5,0,1,1,0,0,1,7,0,200,200,200,200,200
424686,0,30,0,0,0,1,7,5,0,0,0,0,0,2,200,200,200,200,200,200,200
424688,0,35,0,0,0,1,12,6,0,0,0,21,200,0,6,0,4,0,0,200,200
424688,0,35,0,0,0,1,12,6,0,0,0,21,200,0,200,200,0,200,200,200,200
424688,1,35,0,0,0,1,12,6,0,0,0,21,200,2,200,200,200,200,200,200,200
424690,0,30,0,0,2,1,7,5,0,1,200,22,22,0,6,0,2,200,0,200,200
424690,1,30,0,0,2,1,7,5,0,1,200,22,22,0,200,0,200,200,200,200,200
424690,1,30,0,0,2,1,7,5,0,1,200,22,22,0,5,200,200,200,200,200,200
424696,0,30,0,0,0,1,12,5,0,0,0,22,200,1,6,0,3,0,0,200,200
424696,0,30,0,0,0,1,12,5,0,0,0,22,200,1,6,0,0,0,0,200,200
424697,0,30,200,200,200,200,8,5,0,200,200,0,200,0,200,200,200,200,200,200,200
424697,4,30,200,200,200,200,8,5,0,200,200,0,200,0,6,3,200,200,200,200,200
424698,0,30,0,0,2,1,10,5,0,1,0,0,0,1,200,200,3,200,200,200,200
424698,0,30,0,0,2,1,10,5,0,1,0,0,0,0,200,0,0,0,0,200,200
424702,0,30,0,0,2,1,11,7,0,1,200,0,0,0,8,0,200,200,200,200,200
424702,0,30,0,0,2,1,11,7,0,1,200,0,0,1,7,0,0,0,200,200,200
424705,0,30,0,0,2,1,12,5,0,1,0,21,200,1,8,0,4,0,0,200,200
424705,0,30,0,0,2,1,12,5,0,1,0,21,200,0,7,0,0,0,0,200,200
424707,0,30,0,0,2,1,12,3,0,1,0,21,200,0,7,200,4,200,200,200,200
424707,0,30,0,0,2,1,12,3,0,1,0,21,200,1,6,200,0,200,0,200,200
424709,0,30,0,0,1,1,10,5,0,0,0,0,0,0,7,200,200,200,200,200,200
424709,0,30,0,0,1,1,10,5,0,0,0,0,0,0,6,0,0,0,0,200,200
424710,0,30,2,2,2,1,14,5,0,1,0,17,0,1,3,0,1,0,0,200,200
424710,0,30,2,2,2,1,14,5,0,1,0,17,0,0,6,0,0,0,0,200,200
424710,1,30,2,2,2,1,14,5,0,1,0,17,0,1,3,7,200,200,200,200,200
424716,0,35,1,2,2,1,10,5,0,1,0,18,34,0,5,200,3,0,0,200,200
424716,0,35,1,2,2,1,10,5,0,1,0,18,34,1,4,0,0,0,0,200,200
424716,0,35,1,2,2,1,10,5,0,1,0,18,34,1,5,0,0,0,0,200,200
424723,0,35,1,2,2,1,10,5,0,1,0,18,0,2,200,200,1,200,200,200,200
424723,0,35,1,2,2,1,10,5,0,1,0,18,0,1,6,200,0,0,0,200,200
424729,0,30,1,2,2,1,10,5,0,1,0,18,34,0,200,0,3,0,0,200,200
424729,0,30,1,2,2,1,10,5,0,1,0,18,34,0,200,0,0,0,0,200,200
424733,0,30,1,2,0,1,10,5,0,0,0,0,200,0,6,0,6,0,0,200,200
424733,0,30,1,2,0,1,10,5,0,0,0,0,200,0,6,0,0,0,0,200,200
424737,0,0,0,0,2,1,12,12,0,1,0,17,17,0,200,200,1,200,200,200,200
424737,0,0,0,0,2,1,12,12,0,1,0,17,17,1,7,0,0,0,0,200,200
424744,0,30,200,200,200,200,14,5,0,200,200,0,200,1,7,0,200,200,200,200,200
424744,0,30,200,200,200,200,14,5,0,200,200,0,200,1,6,200,200,200,200,200,200
424747,0,30,0,0,0,1,14,5,0,1,0,0,0,1,5,0,0,0,0,200,200
424747,0,30,0,0,0,1,14,5,0,1,0,0,0,0,6,0,0,0,0,200,200
424760,0,30,0,0,2,1,14,2,0,1,0,18,11,1,200,200,3,200,200,200,200
424760,0,30,0,0,2,1,14,2,0,1,0,18,11,1,8,0,12,0,0,200,200
424760,1,30,0,0,2,1,14,2,0,1,0,18,11,0,200,0,200,200,200,200,200
424764,0,30,0,0,0,1,0,5,0,0,0,17,23,0,8,7,1,200,200,200,200
424764,0,30,0,0,0,1,0,5,0,0,0,17,23,0,7,200,0,200,200,200,200
424766,0,30,1,2,0,3,2,5,0,1,0,29,200,0,200,0,12,0,0,200,200
424769,0,30,0,0,2,1,7,2,0,1,0,0,200,1,8,0,200,200,0,200,200
424770,0,30,1,2,2,1,10,3,0,1,0,18,16,0,200,200,3,200,200,200,200
424770,0,30,1,2,2,1,10,3,0,1,0,18,16,1,200,200,0,0,0,200,200
424776,0,20,0,0,2,1,10,6,0,1,0,20,200,0,7,0,6,200,0,200,200
424776,0,20,0,0,2,1,10,6,0,1,0,20,200,1,200,200,0,200,200,200,200
424776,1,20,0,0,2,1,10,6,0,1,0,20,200,0,6,0,200,200,200,200,200
424778,0,30,0,0,2,1,0,5,0,1,200,200,200,2,200,200,7,200,200,200,200
424778,0,30,0,0,2,1,0,5,0,1,200,200,200,0,7,0,0,0,0,200,200
424780,0,0,0,0,0,1,14,3,0,0,0,17,200,0,8,0,7,0,0,200,200
424780,0,0,0,0,0,1,14,3,0,0,0,17,200,1,5,200,0,200,200,200,200
424782,0,35,0,0,2,1,10,5,0,1,0,0,0,2,200,200,200,200,200,200,200
424782,0,35,0,0,2,1,10,5,0,1,0,0,0,1,6,0,0,0,0,200,200
424783,0,35,1,2,0,1,10,5,0,0,0,18,18,0,6,0,3,0,0,200,200
424783,0,35,1,2,0,1,10,5,0,0,0,18,18,1,6,0,0,0,0,200,200
424793,0,30,0,0,2,1,9,5,0,1,0,0,0,1,7,0,200,0,0,200,200
424793,5,30,0,0,2,1,9,5,0,1,0,0,0,1,8,200,0,0,0,200,200
424800,0,30,1,2,2,1,12,3,0,1,200,0,0,0,6,200,200,200,0,200,200
424800,0,30,1,2,2,1,12,3,0,1,200,0,0,0,7,200,0,0,0,200,200
424800,1,30,1,2,2,1,12,3,0,1,200,0,0,0,6,7,200,200,200,200,200
424804,0,30,0,0,0,1,7,6,0,0,0,0,0,1,7,200,0,0,0,200,200
424804,1,30,0,0,0,1,7,6,0,0,0,0,0,1,6,0,200,200,200,200,200
424809,0,30,0,0,0,1,10,2,0,1,0,11,0,0,8,200,6,0,0,200,200
424809,0,30,0,0,0,1,10,2,0,1,0,11,0,1,4,0,0,0,0,200,200
424812,0,30,2,12,0,1,0,5,0,0,0,17,0,1,6,200,1,0,0,200,200
424812,0,30,2,12,0,1,0,5,0,0,0,17,0,0,6,200,0,0,0,200,200
424812,1,30,2,12,0,1,0,5,0,0,0,17,0,0,0,5,200,200,200,200,200
424812,1,30,2,12,0,1,0,5,0,0,0,17,0,0,1,5,200,200,200,200,200
424812,1,30,2,12,0,1,0,5,0,0,0,17,0,200,0,5,200,200,200,200,200
424812,1,30,2,12,0,1,0,5,0,0,0,17,0,1,8,200,200,200,200,200,200
424815,0,30,1,2,0,1,12,5,0,0,0,22,0,1,7,200,2,200,200,200,200
424815,0,30,1,2,0,1,12,5,0,0,0,22,0,1,6,0,0,0,0,200,200
424815,1,30,1,2,0,1,12,5,0,0,0,22,0,1,200,200,200,200,200,200,200
424815,1,30,1,2,0,1,12,5,0,0,0,22,0,1,6,0,200,200,200,200,200
424815,1,30,1,2,0,1,12,5,0,0,0,22,0,0,6,0,200,200,200,200,200
424815,1,30,1,2,0,1,12,5,0,0,0,22,0,1,8,0,200,200,200,200,200
424818,0,30,0,0,0,1,10,5,0,0,0,0,0,2,200,200,200,200,200,200,200
424818,0,30,0,0,0,1,10,5,0,0,0,0,0,1,7,0,0,0,0,200,200
424821,0,30,0,0,200,1,7,200,0,200,200,18,200,0,7,200,3,200,0,200,200