RD_NO,PERSON_TYPE,POSTED_SPEED_LIMIT,TRAFFIC_CONTROL_DEVICE,DEVICE_CONDITION,WEATHER_CONDITION,LIGHTING_CONDITION,FIRST_CRASH_TYPE,TRAFFICWAY_TYPE,ALIGNMENT,ROADWAY_SURFACE_COND,ROAD_DEFECT,PRIM_CONTRIBUTORY_CAUSE,SEC_CONTRIBUTORY_CAUSE,SEX,AGE,SAFETY_EQUIPMENT,DRIVER_ACTION,DRIVER_VISION,PHYSICAL_CONDITION,BAC_RESULT VALUE,CELL_PHONE_USE
424823,0,30,0,0,2,1,7,7,0,1,0,0,0,2,200,200,10,200,200,200,200
424824,0,35,1,2,2,1,8,2,0,1,0,0,200,0,200,200,200,200,200,200,200
424824,4,35,1,2,2,1,8,2,0,1,0,0,200,1,5,2,0,0,0,200,200
424826,0,30,1,2,0,1,0,5,0,0,0,0,0,0,200,0,6,0,0,200,200
424826,0,30,1,2,0,1,0,5,0,0,0,0,0,1,200,0,0,0,0,200,200
424829,0,30,200,200,0,1,7,5,0,200,200,0,200,0,7,0,6,200,200,200,200
424829,1,30,200,200,0,1,7,5,0,200,200,0,200,0,6,0,200,200,200,200,200
424839,0,30,0,0,1,1,10,5,0,0,0,3,200,0,6,7,12,12,0,200,200
424839,0,30,0,0,1,1,10,5,0,0,0,3,200,1,5,0,0,0,0,200,200
424839,1,30,0,0,1,1,10,5,0,0,0,3,200,1,0,5,200,200,200,200,200
424840,0,30,0,0,0,1,7,5,0,0,0,22,22,2,200,200,2,200,200,200,200
424842,0,30,0,0,1,1,14,5,1,0,0,17,0,0,6,200,1,200,0,200,200
424842,0,30,0,0,1,1,14,5,1,0,0,17,0,0,6,200,0,0,0,200,200
424844,0,30,1,2,0,1,11,5,0,0,0,0,0,0,6,1,1,0,0,200,200
424844,0,30,1,2,0,1,11,5,0,0,0,0,0,0,6,0,0,0,0,200,200
424848,0,30,2,12,2,1,2,3,0,1,0,0,200,0,7,200,200,200,200,200,200
424849,0,40,2,2,2,1,10,2,0,1,0,7,0,1,2,0,12,0,0,200,200
424849,0,40,2,2,2,1,10,2,0,1,0,7,0,1,5,0,0,0,0,200,200
424849,1,40,2,2,2,1,10,2,0,1,0,7,0,0,5,0,200,200,200,200,200
424849,1,40,2,2,2,1,10,2,0,1,0,7,0,0,5,0,200,200,200,200,200
424849,1,40,2,2,2,1,10,2,0,1,0,7,0,0,3,0,200,200,200,200,200
424850,0,35,0,0,2,1,10,5,0,1,0,18,34,0,6,0,3,0,0,200,200
424850,0,35,0,0,2,1,10,5,0,1,0,18,34,1,6,0,0,0,0,200,200
424851,0,30,0,0,2,1,2,200,3,1,0,12,12,1,0,0,200,0,0,200,200
424851,1,30,0,0,2,1,2,200,3,1,0,12,12,1,5,0,200,200,200,200,200
424851,1,30,0,0,2,1,2,200,3,1,0,12,12,1,5,0,200,200,200,200,200
424852,0,30,1,2,2,1,10,2,0,1,0,18,0,0,7,200,3,200,200,200,200
424852,0,30,1,2,2,1,10,2,0,1,0,18,0,1,5,200,0,0,0,200,200
424852,1,30,1,2,2,1,10,2,0,1,0,18,0,200,200,200,200,200,200,200,200
424854,0,30,0,0,0,1,0,12,0,1,0,16,11,0,6,0,1,0,0,200,200
424854,0,30,0,0,0,1,0,12,0,1,0,16,11,0,5,0,12,0,0,200,200
424854,1,30,0,0,0,1,0,12,0,1,0,16,11,0,5,0,200,200,200,200,200
424857,0,35,1,2,0,1,12,5,0,0,0,21,200,0,8,0,4,0,0,200,200
424857,0,35,1,2,0,1,12,5,0,0,0,21,200,0,7,0,0,0,0,200,200
424857,1,35,1,2,0,1,12,5,0,0,0,21,200,1,8,0,200,200,200,200,200
424858,0,30,0,0,1,1,12,2,0,0,0,20,0,2,200,200,6,200,200,200,200
424858,0,30,0,0,1,1,12,2,0,0,0,20,0,0,6,0,0,0,0,200,200
424863,0,30,1,2,0,1,10,5,0,0,0,18,18,1,9,0,3,0,0,200,200
424863,0,30,1,2,0,1,10,5,0,0,0,18,18,0,8,7,0,0,0,200,200
424870,0,35,1,2,2,1,12,5,0,0,0,0,0,1,200,200,4,200,200,200,200
424870,0,35,1,2,2,1,12,5,0,0,0,0,0,0,7,200,0,0,0,200,200
424880,0,15,0,0,0,1,7,7,0,0,0,0,0,1,6,200,200,0,0,200,200
424886,0,30,12,12,2,1,0,2,0,200,200,22,22,2,200,200,2,200,200,200,200
424886,0,30,12,12,2,1,0,2,0,200,200,22,22,0,6,0,12,200,200,200,200
424890,0,30,1,2,1,1,14,5,0,1,0,0,200,0,7,200,200,200,200,200,200
424890,0,30,1,2,1,1,14,5,0,1,0,0,200,0,5,0,0,0,0,200,200
424890,1,30,1,2,1,1,14,5,0,1,0,0,200,0,200,200,200,200,200,200,200
424890,1,30,1,2,1,1,14,5,0,1,0,0,200,1,200,0,200,200,200,200,200
424893,0,10,0,0,0,1,12,7,0,1,0,20,200,0,200,200,6,0,0,200,0
424893,0,10,0,0,0,1,12,7,0,1,0,20,200,0,6,200,12,0,0,200,200
424894,0,30,200,200,200,200,12,1,0,200,200,0,0,0,5,200,200,200,200,200,200
424894,0,30,200,200,200,200,12,1,0,200,200,0,0,0,7,200,200,200,200,200,200
424895,0,10,0,0,1,1,7,7,0,0,0,0,0,0,200,200,12,200,200,200,200
424902,0,20,0,200,0,1,7,12,0,0,0,200,200,2,200,200,200,200,200,200,200
424907,0,35,1,2,0,1,10,5,0,0,0,16,200,1,5,0,3,0,0,200,200
424907,0,35,1,2,0,1,10,5,0,0,0,16,200,1,7,0,0,0,0,200,200
424907,1,35,1,2,0,1,10,5,0,0,0,16,200,1,200,0,200,200,200,200,200
424908,0,30,0,0,0,1,10,5,0,0,0,18,0,0,6,200,3,200,200,200,200
424908,0,30,0,0,0,1,10,5,0,0,0,18,0,0,7,200,0,0,0,200,200
424908,1,30,0,0,0,1,10,5,0,0,0,18,0,1,9,0,200,200,200,200,200
424909,0,30,0,0,2,1,12,5,0,1,0,0,0,1,6,200,200,200,200,200,200
424909,0,30,0,0,2,1,12,5,0,1,0,0,0,1,7,0,0,0,0,200,200
424909,1,30,0,0,2,1,12,5,0,1,0,0,0,1,9,0,200,200,200,200,200
424914,0,30,2,2,0,1,0,12,0,0,0,17,22,1,8,0,1,0,0,200,200
424914,0,30,2,2,0,1,0,12,0,0,0,17,22,0,5,0,12,0,0,200,200
424918,0,30,1,2,0,1,12,5,0,0,0,200,200,0,200,200,12,200,200,200,200
424918,0,30,1,2,0,1,12,5,0,0,0,200,200,0,200,0,0,0,0,200,200
424919,0,30,0,0,1,1,7,5,0,0,0,25,200,1,0,0,12,0,0,200,200
424919,1,30,0,0,1,1,7,5,0,0,0,25,200,200,200,0,200,200,200,200,200
424920,0,30,0,0,0,1,14,5,0,1,0,21,17,0,7,0,2,1,0,200,200
424920,0,30,0,0,0,1,14,5,0,1,0,21,17,1,6,0,1,0,0,200,200
424920,1,30,0,0,0,1,14,5,0,1,0,21,17,1,7,0,200,200,200,200,200
424920,1,30,0,0,0,1,14,5,0,1,0,21,17,1,3,0,200,200,200,200,200
424923,0,30,1,2,1,1,10,5,0,1,200,12,0,0,6,0,1,0,0,200,200
424923,0,30,1,2,1,1,10,5,0,1,200,12,0,1,5,0,0,0,0,200,200
424927,0,30,2,2,2,1,0,5,0,1,0,17,200,1,200,0,1,0,0,200,200
424927,0,30,2,2,2,1,0,5,0,1,0,17,200,1,7,0,0,0,0,200,200
424929,0,20,0,0,0,1,2,12,0,0,0,0,0,0,4,7,0,0,0,200,200
424929,1,20,0,0,0,1,2,12,0,0,0,0,0,1,0,7,200,200,200,200,200
424931,0,30,0,0,1,1,12,5,0,0,0,17,200,0,7,0,1,0,0,200,200
424931,0,30,0,0,1,1,12,5,0,0,0,17,200,1,7,0,0,0,0,200,200
424931,1,30,0,0,1,1,12,5,0,0,0,17,200,2,8,0,200,200,200,200,200
424932,0,35,4,2,0,1,10,2,0,0,0,18,0,0,5,200,3,0,0,200,200
424932,0,35,4,2,0,1,10,2,0,0,0,18,0,0,6,200,0,0,0,200,200
424932,0,35,4,2,0,1,10,2,0,0,0,18,0,1,6,200,0,0,0,200,200
424932,1,35,4,2,0,1,10,2,0,0,0,18,0,1,200,0,200,200,200,200,200
424935,0,25,0,0,2,1,14,5,0,1,0,17,0,1,6,200,1,200,200,200,200
424935,0,25,0,0,2,1,14,5,0,1,0,17,0,1,7,0,0,0,0,200,200
424939,0,30,0,0,2,1,7,5,0,1,0,22,200,0,6,200,2,0,0,200,200
424939,1,30,0,0,2,1,7,5,0,1,0,22,200,0,200,200,200,200,200,200,200
424941,0,30,2,2,0,1,10,5,0,0,0,18,200,1,5,0,3,0,0,200,200
424941,0,30,2,2,0,1,10,5,0,0,0,18,200,0,7,0,0,0,0,200,200
424941,0,30,2,2,0,1,10,5,0,0,0,18,200,1,6,0,0,0,0,200,200
424941,1,30,2,2,0,1,10,5,0,0,0,18,200,1,200,0,200,200,200,200,200
424944,0,30,0,0,0,1,14,0,0,0,0,0,0,2,200,200,200,200,200,200,200
424944,0,30,0,0,0,1,14,0,0,0,0,0,0,1,6,0,0,0,0,200,200
424945,0,30,1,2,0,1,10,5,0,0,200,0,0,0,200,200,1,200,200,200,200
424945,0,30,1,2,0,1,10,5,0,0,200,0,0,0,9,0,0,0,0,200,200
424945,0,30,1,2,0,1,10,5,0,0,200,0,0,0,5,0,0,0,0,200,200
424947,0,30,0,0,0,1,12,5,0,0,0,0,0,0,6,0,1,0,0,200,200
424947,0,30,0,0,0,1,12,5,0,0,0,0,0,1,6,0,0,0,0,200,200
424951,0,30,2,2,0,1,10,5,0,0,0,18,18,0,7,0,12,0,0,200,200
424951,0,30,2,2,0,1,10,5,0,0,0,18,18,1,7,0,0,0,0,200,200
424954,0,30,0,0,0,1,12,5,0,200,200,17,17,0,6,200,1,0,0,200,200
424954,0,30,0,0,0,1,12,5,0,200,200,17,17,0,8,0,0,0,0,200,200
424954,1,30,0,0,0,1,12,5,0,200,200,17,17,0,200,7,200,200,200,200,200
424954,1,30,0,0,0,1,12,5,0,200,200,17,17,0,200,0,200,200,200,200,200
424956,0,30,0,0,0,3,7,6,0,0,0,200,200,2,200,200,200,200,200,200,200
424957,0,30,2,2,2,1,0,5,0,1,0,17,0,0,8,0,1,0,0,200,200
424957,0,30,2,2,2,1,0,5,0,1,0,17,0,0,3,0,0,0,0,200,200
424957,1,30,2,2,2,1,0,5,0,1,0,17,0,1,3,0,200,200,200,200,200
424957,1,30,2,2,2,1,0,5,0,1,0,17,0,1,2,0,200,200,200,200,200
424958,4,30,0,0,0,1,8,2,0,0,0,17,200,0,5,7,1,1,0,200,200
424958,0,30,0,0,0,1,8,2,0,0,0,17,200,1,6,0,0,0,0,200,200
424959,0,35,0,0,0,1,7,5,0,0,0,0,0,0,4,200,200,0,0,200,200
424966,0,30,0,0,2,1,7,6,0,1,200,0,200,2,200,200,200,200,200,200,200
424981,0,30,1,2,0,1,14,2,0,0,0,17,11,1,6,0,1,0,0,200,200
424981,0,30,1,2,0,1,14,2,0,0,0,17,11,0,6,0,12,0,0,200,200
424981,1,30,1,2,0,1,14,2,0,0,0,17,11,1,200,0,200,200,200,200,200
424981,1,30,1,2,0,1,14,2,0,0,0,17,11,1,200,0,200,200,200,200,200
424981,1,30,1,2,0,1,14,2,0,0,0,17,11,0,200,0,200,200,200,200,200
424988,0,30,0,0,0,1,7,6,0,0,0,0,0,1,7,0,12,0,0,200,200
424991,0,45,1,2,2,1,10,3,0,1,0,18,34,1,7,0,3,0,0,200,200
424991,0,45,1,2,2,1,10,3,0,1,0,18,34,0,6,200,0,200,200,200,200
424994,0,30,0,0,0,1,10,5,0,1,0,18,11,1,6,0,3,0,0,200,200
424994,0,30,0,0,0,1,10,5,0,1,0,18,11,1,5,0,0,0,0,200,200
425001,0,35,0,0,0,1,0,5,0,1,0,17,0,1,7,200,1,0,0,200,200
425001,0,35,0,0,0,1,0,5,0,1,0,17,0,0,6,200,0,0,0,200,200
425003,0,30,1,2,0,1,10,2,0,0,0,0,200,0,200,200,200,200,200,200,200
425003,0,30,1,2,0,1,10,2,0,0,0,0,200,1,200,0,0,0,200,200,200
425003,1,30,1,2,0,1,10,2,0,0,0,0,200,1,7,0,200,200,200,200,200
425006,0,30,0,0,0,1,14,5,0,0,0,17,200,1,6,0,1,0,0,200,200
425006,0,30,0,0,0,1,14,5,0,0,0,17,200,0,7,0,0,0,0,200,200
425007,0,30,1,2,0,1,7,5,0,0,0,22,18,1,200,0,2,0,0,200,200
425012,0,25,2,2,1,1,12,6,0,0,0,5,11,0,3,1,2,0,0,200,200
425012,0,25,2,2,1,1,12,6,0,0,0,5,11,0,6,200,0,0,0,200,200
425012,1,25,2,2,1,1,12,6,0,0,0,5,11,0,200,200,200,200,200,200,200
425013,0,30,1,2,0,1,10,5,0,1,0,0,0,0,4,0,8,200,200,200,200
425013,0,30,1,2,0,1,10,5,0,1,0,0,0,1,6,0,0,0,0,200,200
425017,0,30,2,2,1,1,0,5,0,0,0,17,200,1,6,0,1,0,0,200,200
425017,0,30,2,2,1,1,0,5,0,0,0,17,200,0,4,0,0,0,0,200,200
425017,1,30,2,2,1,1,0,5,0,0,0,17,200,1,3,0,200,200,200,200,200
425017,1,30,2,2,1,1,0,5,0,0,0,17,200,0,3,0,200,200,200,200,200
425017,1,30,2,2,1,1,0,5,0,0,0,17,200,0,3,0,200,200,200,200,200
425019,0,30,200,200,0,1,10,2,0,0,200,25,25,0,5,200,8,200,200,200,200
425019,0,30,200,200,0,1,10,2,0,0,200,25,25,1,200,200,0,0,0,200,200
425019,1,30,200,200,0,1,10,2,0,0,200,25,25,0,4,200,200,200,200,200,200
425019,1,30,200,200,0,1,10,2,0,0,200,25,25,1,4,200,200,200,200,200,200
425019,1,30,200,200,0,1,10,2,0,0,200,25,25,200,5,200,200,200,200,200,200
425020,0,35,0,0,0,1,7,5,0,0,0,0,0,2,200,200,200,200,200,200,200
425025,0,30,3,0,0,1,12,5,0,0,0,23,200,0,6,0,4,0,0,200,200
425025,0,30,3,0,0,1,12,5,0,0,0,23,200,0,5,0,0,0,0,200,200
425025,1,30,3,0,0,1,12,5,0,0,0,23,200,0,200,0,200,200,200,200,200
425031,0,30,2,2,2,1,0,5,0,0,0,17,200,1,4,0,1,0,0,200,200
425031,0,30,2,2,2,1,0,5,0,0,0,17,200,1,6,0,0,0,0,200,200
425031,1,30,2,2,2,1,0,5,0,0,0,17,200,1,6,0,200,200,200,200,200
425032,0,30,0,0,2,1,7,5,0,1,0,11,0,0,8,0,12,200,0,200,200
425032,0,30,0,0,2,1,7,5,0,1,0,11,0,0,9,0,12,200,0,200,200
425032,1,30,0,0,2,1,7,5,0,1,0,11,0,0,200,0,200,200,200,200,200
425032,1,30,0,0,2,1,7,5,0,1,0,11,0,1,200,0,200,200,200,200,200
425032,1,30,0,0,2,1,7,5,0,1,0,11,0,0,200,0,200,200,200,200,200
425032,1,30,0,0,2,1,7,5,0,1,0,11,0,1,5,0,200,200,200,200,200
425034,0,30,0,0,0,1,0,7,0,0,0,20,200,0,6,200,6,0,0,200,200
425034,0,30,0,0,0,1,0,7,0,0,0,20,200,1,7,200,200,0,0,200,200
425034,1,30,0,0,0,1,0,7,0,0,0,20,200,200,200,200,200,200,200,200,200
425035,0,20,0,0,0,1,12,2,0,1,0,22,200,1,9,200,2,200,200,200,200
425035,0,20,0,0,0,1,12,2,0,1,0,22,200,0,8,0,0,0,0,200,200
425038,0,10,0,0,1,1,10,7,0,200,200,20,20,1,200,200,6,200,200,200,200
425038,0,10,0,0,1,1,10,7,0,200,200,20,20,1,6,0,12,200,0,200,200
425040,0,30,1,2,2,1,0,12,0,1,0,0,0,1,6,0,200,0,0,200,200
425040,0,30,1,2,2,1,0,12,0,1,0,0,0,0,6,0,200,0,0,200,200
425042,0,35,1,2,0,1,12,5,0,0,0,18,200,1,9,0,9,0,0,200,200
425042,0,35,1,2,0,1,12,5,0,0,0,18,200,0,8,0,0,0,0,200,200
425043,0,30,0,0,2,1,14,5,0,1,0,0,0,0,5,0,0,0,0,200,200
425043,0,30,0,0,2,1,14,5,0,1,0,0,0,1,6,200,200,200,200,200,200
425045,0,30,1,2,2,1,10,5,0,1,0,200,200,1,200,200,200,200,200,200,200
425045,0,30,1,2,2,1,10,5,0,1,0,200,200,1,200,0,0,0,0,200,200
425048,0,35,2,2,2,1,0,5,0,1,0,17,0,0,3,200,1,0,0,200,200
425048,0,35,2,2,2,1,0,5,0,1,0,17,0,0,6,200,0,0,0,200,200
425048,1,35,2,2,2,1,0,5,0,1,0,17,0,0,200,200,200,200,200,200,200
425048,1,35,2,2,2,1,0,5,0,1,0,17,0,0,1,200,200,200,200,200,200
425054,0,30,1,2,0,1,0,5,2,0,0,17,0,0,0,200,1,2,0,200,200
425054,0,30,1,2,0,1,0,5,2,0,0,17,0,0,6,200,0,0,0,200,200
425056,0,30,1,2,0,1,10,5,0,0,0,0,0,1,6,0,6,0,0,200,200
425056,0,30,1,2,0,1,10,5,0,0,0,0,0,1,5,0,0,0,0,200,200
425060,0,30,0,0,0,1,10,5,0,0,200,18,200,1,200,200,3,200,200,200,200
425060,0,30,0,0,0,1,10,5,0,0,200,18,200,0,7,200,0,200,0,200,200
425061,0,30,1,2,0,1,10,5,0,0,0,21,21,0,7,200,1,0,0,200,200
425061,0,30,1,2,0,1,10,5,0,0,0,21,21,0,5,200,0,0,0,200,200
425061,0,30,1,2,0,1,10,5,0,0,0,21,21,0,6,0,0,0,0,200,200
425065,0,30,0,0,0,1,14,2,0,0,200,17,21,0,6,200,7,200,0,200,200
425065,0,30,0,0,0,1,14,2,0,0,200,17,21,1,5,0,0,0,0,200,200
425066,0,30,0,0,0,1,7,5,0,0,0,16,0,2,200,200,200,200,200,200,200
425068,0,30,1,1,0,1,0,5,0,1,0,16,17,0,200,200,0,1,0,200,200
425068,0,30,1,1,0,1,0,5,0,1,0,16,17,0,7,200,12,0,0,200,200
425068,1,30,1,1,0,1,0,5,0,1,0,16,17,0,200,0,200,200,200,200,200
425069,0,30,0,3,2,1,10,2,0,1,200,0,200,2,200,200,200,200,200,200,200
425069,0,30,0,3,2,1,10,2,0,1,200,0,200,0,7,0,200,200,0,200,200
425070,0,35,0,0,0,1,12,5,0,0,0,0,0,1,6,200,4,0,0,200,200
425070,0,35,0,0,0,1,12,5,0,0,0,0,0,0,4,200,0,0,0,200,200
425070,1,35,0,0,0,1,12,5,0,0,0,0,0,0,5,200,200,200,200,200,200
425070,1,35,0,0,0,1,12,5,0,0,0,0,0,1,2,200,200,200,200,200,200
425070,1,35,0,0,0,1,12,5,0,0,0,0,0,1,4,200,200,200,200,200,200
425071,0,20,0,0,1,1,7,5,0,0,0,22,18,1,6,200,2,0,0,200,200
425071,1,20,0,0,1,1,7,5,0,0,0,22,18,0,3,200,200,200,200,200,200
425072,0,30,1,2,0,1,14,5,0,1,0,17,200,1,200,0,1,0,0,200,200
425072,0,30,1,2,0,1,14,5,0,1,0,17,200,0,200,0,0,0,0,200,200
425075,0,30,0,0,0,1,10,2,0,0,0,200,200,0,7,0,4,0,0,200,200
425075,0,30,0,0,0,1,10,2,0,0,0,200,200,0,3,0,0,0,0,200,200
425075,1,30,0,0,0,1,10,2,0,0,0,200,200,0,6,0,200,200,200,200,200
425077,0,30,0,0,0,1,10,4,3,0,0,20,20,0,4,7,6,0,0,200,200
425077,0,30,0,0,0,1,10,4,3,0,0,20,20,1,5,7,0,0,0,200,200
425077,1,30,0,0,0,1,10,4,3,0,0,20,20,1,200,5,200,200,200,200,200
425080,0,30,0,0,0,1,14,5,0,0,200,0,0,0,5,200,1,200,0,200,200
425080,0,30,0,0,0,1,14,5,0,0,200,0,0,1,5,200,12,200,0,200,200
425081,0,30,1,2,0,1,10,5,0,0,0,200,200,0,200,200,200,200,200,200,200
425081,0,30,1,2,0,1,10,5,0,0,0,200,200,0,200,0,0,0,0,200,200
425084,0,30,1,2,0,1,12,5,0,0,0,0,200,1,7,0,12,0,0,200,200
425084,0,30,1,2,0,1,12,5,0,0,0,0,200,2,200,200,200,200,200,200,200
425088,0,30,0,0,0,1,12,6,0,0,0,11,0,1,5,0,12,0,0,200,200
425088,0,30,0,0,0,1,12,6,0,0,0,11,0,1,5,0,0,0,0,200,200
425088,1,30,0,0,0,1,12,6,0,0,0,11,0,1,200,5,200,200,200,200,200
425090,0,30,0,0,0,1,10,5,0,0,0,18,18,0,4,0,3,0,0,200,200
425090,0,30,0,0,0,1,10,5,0,0,0,18,18,1,5,0,0,0,0,200,200
425091,0,30,0,0,200,1,12,5,0,200,0,21,200,1,6,200,4,200,200,200,200
425091,0,30,0,0,200,1,12,5,0,200,0,21,200,0,8,200,0,200,0,200,200
425095,0,30,0,0,0,1,12,5,0,0,0,0,0,2,200,200,200,200,200,200,200
425095,0,30,0,0,0,1,12,5,0,0,0,0,0,1,6,0,0,0,0,200,200
425099,0,30,0,0,0,1,14,5,0,0,0,0,0,0,200,0,1,0,0,200,200
425099,0,30,0,0,0,1,14,5,0,0,0,0,0,0,200,0,0,0,0,200,200
425109,0,30,1,2,0,1,12,2,0,0,2,21,200,1,6,200,12,0,0,200,200
425109,0,30,1,2,0,1,12,2,0,0,2,21,200,1,7,0,0,0,0,200,200
425113,0,30,1,3,0,1,14,3,0,0,0,17,0,1,200,200,200,200,200,200,200
425113,0,30,1,3,0,1,14,3,0,0,0,17,0,1,7,0,0,0,0,200,200
425114,0,30,0,0,0,1,12,2,0,0,0,0,200,1,6,200,200,200,0,200,200
425114,0,30,0,0,0,1,12,2,0,0,0,0,200,0,9,200,0,200,0,200,200
425114,1,30,0,0,0,1,12,2,0,0,0,0,200,0,4,200,200,200,200,200,200
425118,0,30,1,2,0,1,14,5,0,0,0,0,200,1,200,200,200,200,200,200,200
425118,0,30,1,2,0,1,14,5,0,0,0,0,200,1,7,0,0,0,0,200,200
425118,1,30,1,2,0,1,14,5,0,0,0,0,200,0,200,0,200,200,200,200,200
425119,0,30,0,0,0,1,12,5,0,0,0,0,0,1,7,0,1,0,0,200,200
425119,0,30,0,0,0,1,12,5,0,0,0,0,0,0,5,0,0,0,0,200,200
425119,1,30,0,0,0,1,12,5,0,0,0,0,0,1,200,0,200,200,200,200,200
425122,5,15,0,0,0,1,9,7,0,0,0,13,13,1,5,7,12,12,7,200,200
425122,0,15,0,0,0,1,9,7,0,0,0,13,13,1,6,0,0,0,0,200,200
425122,1,15,0,0,0,1,9,7,0,0,0,13,13,1,200,7,200,200,200,200,200
425122,1,15,0,0,0,1,9,7,0,0,0,13,13,1,200,7,200,200,200,200,200
425122,1,15,0,0,0,1,9,7,0,0,0,13,13,1,200,7,200,200,200,200,200
425129,0,35,2,200,0,1,12,3,0,0,200,30,7,1,200,200,11,200,200,200,200
425129,0,35,2,200,0,1,12,3,0,0,200,30,7,1,6,200,200,200,0,200,200
425132,0,30,0,0,0,1,7,6,0,0,0,21,200,0,6,200,8,0,0,200,200
425135,0,30,1,2,0,1,14,5,0,0,0,0,0,0,200,200,200,200,200,200,200
425135,0,30,1,2,0,1,14,5,0,0,0,0,0,1,6,200,200,200,200,200,200
425140,0,30,0,0,200,1,7,5,0,200,0,0,200,1,200,200,200,200,200,200,200
425142,0,30,0,0,0,4,14,5,0,0,0,23,16,0,7,0,7,0,0,200,200
425142,0,30,0,0,0,4,14,5,0,0,0,23,16,0,6,3,0,0,0,200,200
425143,0,30,0,0,0,1,10,5,0,0,0,0,0,1,200,200,200,200,200,200,200
425143,0,30,0,0,0,1,10,5,0,0,0,0,0,1,6,0,0,0,0,200,200
425143,1,30,0,0,0,1,10,5,0,0,0,0,0,1,200,0,200,200,200,200,200
425143,1,30,0,0,0,1,10,5,0,0,0,0,0,0,3,0,200,200,200,200,200
425145,0,30,200,200,200,200,0,5,0,200,200,0,200,0,4,0,200,200,0,200,200
425145,0,30,200,200,200,200,0,5,0,200,200,0,200,0,6,0,200,200,0,200,200
425145,1,30,200,200,200,200,0,5,0,200,200,0,200,0,200,0,200,200,200,200,200
425153,0,30,0,0,0,1,12,2,0,0,0,0,0,1,5,0,12,0,0,200,200
425153,0,30,0,0,0,1,12,2,0,0,0,0,0,0,5,0,0,0,0,200,200
425155,0,30,0,0,1,1,7,5,0,0,0,11,200,0,6,0,12,0,0,200,200
425156,0,35,0,0,0,1,7,5,0,0,0,0,0,1,6,200,200,0,0,200,200
425166,0,5,0,0,2,1,7,7,0,1,0,20,200,0,5,0,6,200,0,200,200
425169,0,30,0,0,200,200,7,6,0,200,0,0,200,2,200,200,200,200,200,200,200
425172,0,30,1,200,0,1,10,5,0,200,200,18,200,0,6,200,1,200,0,200,200
425172,0,30,1,200,0,1,10,5,0,200,200,18,200,0,5,200,0,0,0,200,200
425172,1,30,1,200,0,1,10,5,0,200,200,18,200,1,6,200,200,200,200,200,200
425175,0,30,0,0,0,1,7,7,0,0,0,20,20,1,7,0,6,0,0,200,200
425175,1,30,0,0,0,1,7,7,0,0,0,20,20,1,5,200,200,200,200,200,200
425181,0,35,0,0,0,1,12,5,0,0,0,23,200,0,5,200,200,200,200,200,200
425181,0,35,0,0,0,1,12,5,0,0,0,23,200,0,6,200,0,200,0,200,200
425188,0,30,1,200,0,1,10,5,0,0,200,0,0,0,6,0,200,200,200,200,200
425188,0,30,1,200,0,1,10,5,0,0,200,0,0,1,6,0,200,200,200,200,200
425190,0,30,1,2,0,4,8,5,0,0,0,23,22,1,6,0,7,0,0,200,200
425190,4,30,1,2,0,4,8,5,0,0,0,23,22,0,4,2,2,0,0,200,200
425196,0,0,0,0,0,1,12,3,0,0,0,11,200,1,6,0,10,0,0,200,200
425196,0,0,0,0,0,1,12,3,0,0,0,11,200,1,200,200,10,200,200,200,200
425211,0,0,1,2,0,4,14,6,0,0,0,0,0,1,5,200,200,200,0,200,200
425211,0,0,1,2,0,4,14,6,0,0,0,0,0,1,6,200,0,0,0,200,200
425220,0,30,1,2,0,1,10,2,0,0,0,18,17,1,4,0,3,0,0,200,200
425220,0,30,1,2,0,1,10,2,0,0,0,18,17,0,6,0,12,0,0,200,200
425221,0,30,2,2,0,4,12,5,0,0,0,0,0,2,200,200,200,200,200,200,200
425221,0,30,2,2,0,4,12,5,0,0,0,0,0,1,5,0,0,0,1,200,200
425221,1,30,2,2,0,4,12,5,0,0,0,0,0,1,5,0,200,200,200,200,200
425221,1,30,2,2,0,4,12,5,0,0,0,0,0,0,5,0,200,200,200,200,200
425225,0,30,200,200,0,4,12,2,0,0,0,0,0,2,200,200,200,200,200,200,200
425225,0,30,200,200,0,4,12,2,0,0,0,0,0,0,5,200,0,200,0,200,200
425233,0,35,1,2,2,0,14,5,0,1,0,0,0,1,5,200,200,0,0,200,200
425233,0,35,1,2,2,0,14,5,0,1,0,0,0,0,6,200,0,0,0,200,200
425235,0,30,0,0,0,1,14,6,0,0,0,17,200,2,200,200,1,200,200,200,200
425235,0,30,0,0,0,1,14,6,0,0,0,17,200,1,6,0,0,0,0,200,200
425235,1,30,0,0,0,1,14,6,0,0,0,17,200,1,200,0,200,200,200,200,200
425239,0,25,0,0,1,1,12,5,0,1,0,4,200,0,200,200,2,200,200,200,200
425239,0,25,0,0,1,1,12,5,0,1,0,4,200,0,6,0,0,0,0,200,200
425258,0,30,0,0,0,1,10,5,0,0,0,18,0,0,200,0,3,0,200,200,200
425258,0,30,0,0,0,1,10,5,0,0,0,18,0,0,4,0,0,0,0,200,200
425258,0,30,0,0,0,1,10,5,0,0,0,18,0,2,200,200,0,200,200,200,200
425258,1,30,0,0,0,1,10,5,0,0,0,18,0,1,4,0,200,200,200,200,200
425271,0,30,0,0,0,3,12,6,0,0,0,0,0,0,7,0,2,0,0,200,200
425271,0,30,0,0,0,3,12,6,0,0,0,0,0,1,5,7,0,0,0,200,200