RD_NO,PERSON_TYPE,POSTED_SPEED_LIMIT,TRAFFIC_CONTROL_DEVICE,DEVICE_CONDITION,WEATHER_CONDITION,LIGHTING_CONDITION,FIRST_CRASH_TYPE,TRAFFICWAY_TYPE,ALIGNMENT,ROADWAY_SURFACE_COND,ROAD_DEFECT,PRIM_CONTRIBUTORY_CAUSE,SEC_CONTRIBUTORY_CAUSE,SEX,AGE,SAFETY_EQUIPMENT,DRIVER_ACTION,DRIVER_VISION,PHYSICAL_CONDITION,BAC_RESULT VALUE,CELL_PHONE_USE
425271,1,30,0,0,0,3,12,6,0,0,0,0,0,1,200,0,200,200,200,200,200
425271,1,30,0,0,0,3,12,6,0,0,0,0,0,0,200,0,200,200,200,200,200
425273,0,30,0,0,0,3,7,3,0,0,0,11,200,1,6,200,12,0,0,200,200
425278,0,30,0,0,0,1,10,2,0,0,0,8,11,0,200,0,3,0,0,200,200
425278,0,30,0,0,0,1,10,2,0,0,0,8,11,1,7,0,12,0,0,200,200
425288,0,0,1,2,0,1,10,2,0,0,0,18,200,1,6,200,3,200,200,200,200
425288,0,0,1,2,0,1,10,2,0,0,0,18,200,1,6,0,0,0,0,200,200
425291,0,30,0,0,0,0,2,5,0,0,0,0,0,0,5,0,6,0,0,200,200
425291,1,30,0,0,0,0,2,5,0,0,0,0,0,200,200,0,200,200,200,200,200
425296,0,30,0,0,0,3,3,2,0,0,200,12,0,1,6,200,12,200,0,200,200
425296,0,30,0,0,0,3,3,2,0,0,200,12,0,0,6,200,0,200,0,200,200
425303,0,30,200,200,200,200,0,200,0,200,200,0,0,1,6,200,200,200,200,200,200
425303,0,30,200,200,200,200,0,200,0,200,200,0,0,0,6,200,15,200,200,200,200
425304,0,30,0,0,0,1,0,5,0,200,200,17,200,0,200,200,200,0,0,200,200
425304,0,30,0,0,0,1,0,5,0,200,200,17,200,0,7,200,200,0,0,200,200
425306,0,30,1,2,0,3,10,5,0,0,0,16,18,1,6,0,3,0,0,200,200
425306,0,30,1,2,0,3,10,5,0,0,0,16,18,0,200,0,0,0,0,200,200
425310,0,30,1,2,0,1,14,2,0,0,0,18,11,1,200,0,3,0,0,200,200
425310,0,30,1,2,0,1,14,2,0,0,0,18,11,1,8,0,12,0,0,200,200
425322,0,30,2,2,0,3,0,5,0,0,0,16,17,0,6,0,1,0,0,200,200
425322,0,30,2,2,0,3,0,5,0,0,0,16,17,1,6,0,0,0,0,200,200
425334,0,30,0,0,0,1,7,6,0,0,200,11,0,1,6,0,10,200,200,200,200
425335,0,30,2,2,0,3,0,5,0,0,0,16,200,0,6,0,0,0,0,200,200
425335,0,30,2,2,0,3,0,5,0,0,0,16,200,0,6,0,0,0,7,200,200
425335,1,30,2,2,0,3,0,5,0,0,0,16,200,1,6,0,200,200,200,200,200
425335,1,30,2,2,0,3,0,5,0,0,0,16,200,1,5,0,200,200,200,200,200
425336,0,35,1,12,0,0,14,2,0,0,0,23,23,0,4,200,7,0,200,200,200
425336,0,35,1,12,0,0,14,2,0,0,0,23,23,0,7,0,12,0,0,200,200
425337,0,25,0,0,0,1,14,6,0,0,200,23,0,0,7,200,7,0,200,200,200
425337,0,25,0,0,0,1,14,6,0,0,200,23,0,0,5,0,0,0,0,200,200
425340,0,30,200,200,200,3,14,2,0,200,200,23,23,1,200,200,7,200,200,200,200
425340,0,30,200,200,200,3,14,2,0,200,200,23,23,1,7,200,0,200,200,200,200
425357,0,30,0,0,0,200,7,3,0,200,0,0,0,2,200,200,10,200,200,200,200
425360,0,30,0,0,0,1,7,6,0,0,0,0,0,2,200,200,200,200,200,200,200
425368,0,30,0,0,200,200,7,5,0,200,0,200,200,2,200,200,200,200,200,200,200
425386,0,35,0,12,0,1,7,5,0,0,0,0,0,0,0,200,200,200,200,200,200
425392,0,30,1,2,0,0,14,1,0,0,0,33,17,1,6,0,1,5,0,200,200
425392,0,30,1,2,0,0,14,1,0,0,0,33,17,1,6,0,0,5,0,200,200
425392,1,30,1,2,0,0,14,1,0,0,0,33,17,1,5,0,200,200,200,200,200
425392,1,30,1,2,0,0,14,1,0,0,0,33,17,0,6,0,200,200,200,200,200
425392,1,30,1,2,0,0,14,1,0,0,0,33,17,0,5,0,200,200,200,200,200
425393,0,5,0,0,0,3,0,7,0,0,0,20,200,0,8,0,6,0,0,200,200
425393,0,5,0,0,0,3,0,7,0,0,0,20,200,1,6,0,0,0,0,200,200
425398,0,15,0,0,0,3,5,0,0,0,0,25,200,2,200,200,200,200,200,200,200
425410,0,35,2,0,2,0,0,5,0,1,0,17,16,0,6,0,1,0,0,200,200
425410,0,35,2,0,2,0,0,5,0,1,0,17,16,0,6,0,0,0,0,200,200
425416,0,25,200,200,200,200,7,5,0,200,200,0,0,2,200,200,200,200,200,200,200
425420,0,30,0,0,0,3,10,5,0,0,0,18,16,1,4,200,3,0,0,200,200
425420,0,30,0,0,0,3,10,5,0,0,0,18,16,0,4,200,6,0,0,200,200
425430,0,30,1,2,0,0,14,2,0,0,0,21,0,1,6,200,4,200,200,200,200
425430,0,30,1,2,0,0,14,2,0,0,0,21,0,1,5,200,12,200,200,200,200
425430,1,30,1,2,0,0,14,2,0,0,0,21,0,1,200,200,200,200,200,200,200
425435,0,30,0,0,0,3,14,5,0,0,0,22,200,0,3,200,2,0,0,200,200
425435,0,30,0,0,0,3,14,5,0,0,0,22,200,0,6,200,12,0,0,200,200
425454,0,30,0,0,0,3,14,5,0,0,0,32,16,0,0,200,12,0,5,200,200
425454,0,30,0,0,0,3,14,5,0,0,0,32,16,0,5,0,200,0,0,200,200
425477,0,30,1,2,0,3,0,5,0,0,0,6,16,0,6,0,5,0,0,200,200
425477,0,30,1,2,0,3,0,5,0,0,0,6,16,0,7,0,0,0,0,200,200
425477,1,30,1,2,0,3,0,5,0,0,0,6,16,200,200,0,200,200,200,200,200
425484,0,30,0,0,0,3,10,2,0,0,12,18,0,1,7,200,1,200,200,200,200
425484,0,30,0,0,0,3,10,2,0,0,12,18,0,1,6,200,0,0,0,200,200
425499,0,40,0,0,0,3,12,3,5,0,0,21,25,1,6,0,4,0,0,200,200
425499,0,40,0,0,0,3,12,3,5,0,0,21,25,0,5,0,0,0,0,200,200
425519,5,30,1,2,0,3,9,5,0,0,0,27,11,0,4,200,200,200,0,200,200
425519,0,30,1,2,0,3,9,5,0,0,0,27,11,2,200,200,200,200,200,200,200
425539,0,30,0,0,0,0,12,5,0,0,0,25,200,0,200,200,13,200,200,200,200
425539,0,30,0,0,0,0,12,5,0,0,0,25,200,0,6,0,14,0,0,200,200
425544,0,30,0,0,0,3,7,6,0,0,0,27,27,0,7,0,200,200,2,200,200
425557,0,30,0,0,0,3,7,6,0,0,0,32,21,0,5,200,3,0,5,0.16,200
425567,0,30,0,0,2,3,7,5,0,1,0,34,0,0,4,0,200,0,0,200,200
425567,1,30,0,0,2,3,7,5,0,1,0,34,0,0,4,0,200,200,200,200,200
425583,0,35,0,0,2,2,14,5,0,1,0,0,0,0,7,0,0,0,0,200,200
425583,0,35,0,0,2,2,14,5,0,1,0,0,0,0,6,0,0,0,0,200,200
425586,0,30,1,2,2,3,10,5,0,1,0,0,200,0,200,0,0,0,0,200,200
425586,0,30,1,2,2,3,10,5,0,1,0,0,200,1,200,0,0,0,0,200,200
425595,0,30,0,0,0,2,10,5,0,0,0,16,18,0,8,0,1,0,0,200,200
425595,0,30,0,0,0,2,10,5,0,0,0,16,18,0,5,0,0,0,0,200,200
425596,0,30,0,0,2,1,10,5,0,1,200,0,200,2,200,200,200,200,200,200,200
425596,0,30,0,0,2,1,10,5,0,1,200,0,200,1,7,200,0,0,0,200,200
425596,0,30,0,0,2,1,10,5,0,1,200,0,200,0,6,7,0,0,0,200,200
425600,0,30,1,2,2,1,10,3,0,1,0,18,34,1,4,0,3,0,0,200,200
425600,0,30,1,2,2,1,10,3,0,1,0,18,34,1,7,0,0,0,0,200,200
425602,0,30,0,0,0,1,14,5,0,1,0,17,200,0,4,200,1,200,200,200,200
425602,0,30,0,0,0,1,14,5,0,1,0,17,200,0,8,0,0,0,0,200,200
425606,0,20,1,2,1,1,9,2,0,0,0,19,0,1,6,0,1,0,0,200,200
425606,5,20,1,2,1,1,9,2,0,0,0,19,0,1,200,7,200,200,200,200,200
425608,0,30,2,2,2,2,10,5,0,1,0,18,0,0,5,200,3,0,0,200,200
425608,0,30,2,2,2,2,10,5,0,1,0,18,0,1,6,200,200,0,0,200,200
425609,0,30,0,0,2,1,10,5,0,1,0,0,0,0,6,0,0,0,0,200,200
425609,0,30,0,0,2,1,10,5,0,1,0,0,0,1,7,0,0,0,0,200,200
425609,1,30,0,0,2,1,10,5,0,1,0,0,0,0,5,0,200,200,200,200,200
425618,0,30,1,1,0,1,10,5,0,0,0,18,200,1,5,200,3,0,0,200,200
425618,0,30,1,1,0,1,10,5,0,0,0,18,200,0,6,200,0,0,0,200,200
425618,0,30,1,1,0,1,10,5,0,0,0,18,200,1,6,200,0,0,0,200,200
425619,0,30,1,2,2,1,12,5,0,1,12,28,0,0,6,0,200,0,0,200,200
425619,0,30,1,2,2,1,12,5,0,1,12,28,0,1,5,0,200,0,0,200,200
425619,1,30,1,2,2,1,12,5,0,1,12,28,0,0,2,0,200,200,200,200,200
425619,1,30,1,2,2,1,12,5,0,1,12,28,0,0,1,0,200,200,200,200,200
425621,0,30,0,0,0,1,11,5,0,0,0,21,21,0,7,0,12,0,0,200,200
425621,0,30,0,0,0,1,11,5,0,0,0,21,21,0,6,0,0,0,0,200,200
425621,1,30,0,0,0,1,11,5,0,0,0,21,21,0,2,5,200,200,200,200,200
425625,0,35,2,2,2,1,0,5,0,1,0,17,200,1,6,200,0,200,0,200,200
425625,0,35,2,2,2,1,0,5,0,1,0,17,200,1,5,200,1,200,0,200,200
425625,1,35,2,2,2,1,0,5,0,1,0,17,200,1,2,200,200,200,200,200,200
425627,0,30,1,2,0,1,14,5,0,1,0,10,200,0,200,200,2,200,200,200,200
425627,0,30,1,2,0,1,14,5,0,1,0,10,200,1,6,0,0,0,0,200,200
425627,1,30,1,2,0,1,14,5,0,1,0,10,200,0,2,0,200,200,200,200,200
425628,0,30,0,0,0,1,14,12,0,0,0,17,200,1,7,0,1,0,0,200,200
425628,0,30,0,0,0,1,14,12,0,0,0,17,200,0,7,0,0,0,0,200,200
425629,0,30,200,200,2,1,2,12,2,200,200,0,200,0,6,200,12,200,0,200,200
425630,0,5,0,0,2,1,2,8,0,0,0,0,0,1,7,0,0,0,0,200,200
425631,0,30,1,2,2,1,10,5,0,1,0,18,15,0,6,200,3,0,0,200,200
425631,0,30,1,2,2,1,10,5,0,1,0,18,15,1,4,200,0,0,0,200,200
425631,1,30,1,2,2,1,10,5,0,1,0,18,15,0,3,200,200,200,200,200,200
425631,1,30,1,2,2,1,10,5,0,1,0,18,15,0,3,200,200,200,200,200,200
425631,1,30,1,2,2,1,10,5,0,1,0,18,15,1,1,200,200,200,200,200,200
425633,0,25,0,0,1,1,7,5,0,0,0,11,0,0,6,0,0,0,0,200,200
425633,1,25,0,0,1,1,7,5,0,0,0,11,0,1,6,0,200,200,200,200,200
425633,1,25,0,0,1,1,7,5,0,0,0,11,0,2,200,0,200,200,200,200,200
425633,1,25,0,0,1,1,7,5,0,0,0,11,0,2,200,0,200,200,200,200,200
425633,1,25,0,0,1,1,7,5,0,0,0,11,0,2,200,0,200,200,200,200,200
425633,1,25,0,0,1,1,7,5,0,0,0,11,0,2,200,0,200,200,200,200,200
425633,1,25,0,0,1,1,7,5,0,0,0,11,0,2,200,0,200,200,200,200,200
425633,1,25,0,0,1,1,7,5,0,0,0,11,0,2,200,0,200,200,200,200,200
425633,1,25,0,0,1,1,7,5,0,0,0,11,0,2,200,0,200,200,200,200,200
425633,1,25,0,0,1,1,7,5,0,0,0,11,0,1,7,200,200,200,200,200,200
425635,0,5,12,0,2,1,12,3,0,1,0,0,0,0,8,0,12,0,0,200,200
425635,0,5,12,0,2,1,12,3,0,1,0,0,0,0,6,0,12,0,0,200,200
425636,0,25,0,0,2,200,7,6,0,1,0,0,0,2,200,200,200,200,200,200,200
425637,0,30,2,2,0,1,0,5,0,0,0,0,0,2,200,200,200,200,200,200,200
425637,0,30,2,2,0,1,0,5,0,0,0,0,0,1,6,0,0,0,0,200,200
425639,0,30,0,0,0,1,7,5,0,0,0,0,200,2,200,200,200,200,200,200,200
425643,0,30,0,0,1,1,12,2,0,0,0,0,0,0,7,200,0,200,200,200,200
425643,0,30,0,0,1,1,12,2,0,0,0,0,0,0,6,0,0,0,0,200,200
425643,1,30,0,0,1,1,12,2,0,0,0,0,0,0,5,0,200,200,200,200,200
425643,1,30,0,0,1,1,12,2,0,0,0,0,0,0,2,0,200,200,200,200,200
425645,0,20,0,0,2,3,2,12,0,1,0,0,0,2,200,200,200,200,200,200,200
425647,0,30,0,0,0,1,2,5,0,0,0,11,200,0,7,0,12,0,0,200,200
425654,0,30,1,2,0,1,14,5,0,0,0,17,21,0,6,0,2,0,0,200,200
425654,0,30,1,2,0,1,14,5,0,0,0,17,21,1,5,0,0,0,0,200,200
425655,0,30,0,0,2,1,10,5,0,1,0,0,0,1,6,0,0,0,0,200,200
425655,0,30,0,0,2,1,10,5,0,1,0,0,0,1,6,0,0,0,0,200,200
425657,0,35,2,2,2,1,0,2,0,1,0,0,0,1,5,0,200,200,0,200,200
425657,0,35,2,2,2,1,0,2,0,1,0,0,0,0,5,0,0,200,0,200,200
425657,0,35,2,2,2,1,0,2,0,1,0,0,0,1,6,0,200,200,0,200,200
425657,1,35,2,2,2,1,0,2,0,1,0,0,0,0,2,0,200,200,200,200,200
425657,1,35,2,2,2,1,0,2,0,1,0,0,0,0,3,0,200,200,200,200,200
425658,0,30,0,0,0,1,7,5,0,0,0,0,0,0,7,200,12,0,200,200,200
425662,0,20,1,2,0,1,8,5,0,0,0,0,0,1,6,0,14,1,0,200,200
425662,4,20,1,2,0,1,8,5,0,0,0,0,0,0,6,3,12,1,0,200,200
425682,0,30,1,2,1,1,12,2,0,0,200,21,200,0,5,200,200,200,0,200,200
425682,0,30,1,2,1,1,12,2,0,0,200,21,200,1,7,200,200,200,0,200,200
425685,0,30,0,0,0,1,7,5,0,1,0,21,200,0,5,200,4,0,200,200,200
425685,1,30,0,0,0,1,7,5,0,1,0,21,200,0,5,200,200,200,200,200,200
425686,0,30,1,2,0,1,9,2,0,0,0,0,200,1,200,200,200,200,200,200,200
425686,5,30,1,2,0,1,9,2,0,0,0,0,200,1,2,200,200,200,7,200,200
425692,0,35,1,2,2,1,14,5,0,1,0,18,34,0,6,0,8,0,0,200,200
425692,0,35,1,2,2,1,14,5,0,1,0,18,34,1,6,0,0,0,0,200,200
425694,0,30,0,0,200,1,7,6,0,200,0,0,200,2,200,200,200,200,200,200,200
425703,0,30,1,2,2,1,12,5,0,1,0,34,200,0,6,0,0,4,0,200,200
425703,0,30,1,2,2,1,12,5,0,1,0,34,200,0,8,0,0,4,0,200,200
425704,0,30,0,0,1,1,12,2,0,0,0,17,17,0,8,0,1,0,0,200,200
425704,0,30,0,0,1,1,12,2,0,0,0,17,17,0,6,0,0,0,0,200,200
425705,0,30,0,0,0,1,7,5,0,0,0,0,0,1,5,0,200,0,0,200,200
425705,1,30,0,0,0,1,7,5,0,0,0,0,0,1,200,0,200,200,200,200,200
425705,1,30,0,0,0,1,7,5,0,0,0,0,0,1,200,0,200,200,200,200,200
425705,1,30,0,0,0,1,7,5,0,0,0,0,0,1,200,0,200,200,200,200,200
425705,1,30,0,0,0,1,7,5,0,0,0,0,0,0,200,0,200,200,200,200,200
425705,1,30,0,0,0,1,7,5,0,0,0,0,0,0,200,0,200,200,200,200,200
425705,1,30,0,0,0,1,7,5,0,0,0,0,0,1,200,0,200,200,200,200,200
425705,1,30,0,0,0,1,7,5,0,0,0,0,0,1,200,0,200,200,200,200,200
425708,0,30,0,0,0,1,7,5,0,0,0,0,0,2,200,200,3,200,200,200,200
425708,1,30,0,0,0,1,7,5,0,0,0,0,0,1,7,0,200,200,200,200,200
425708,1,30,0,0,0,1,7,5,0,0,0,0,0,0,200,0,200,200,200,200,200
425708,1,30,0,0,0,1,7,5,0,0,0,0,0,1,200,0,200,200,200,200,200
425708,1,30,0,0,0,1,7,5,0,0,0,0,0,0,200,0,200,200,200,200,200
425712,0,20,0,0,1,1,7,5,0,1,0,0,0,1,8,0,0,0,0,200,200
425715,0,30,1,2,0,1,14,5,0,1,0,0,0,0,6,0,12,12,0,200,200
425715,0,30,1,2,0,1,14,5,0,1,0,0,0,1,7,0,0,0,0,200,200
425715,1,30,1,2,0,1,14,5,0,1,0,0,0,1,8,0,200,200,200,200,200
425718,0,30,0,0,200,200,7,6,0,200,200,0,200,2,200,200,200,200,200,200,200
425721,0,0,1,2,1,1,12,3,0,0,0,22,11,0,6,200,2,200,200,200,200
425721,0,0,1,2,1,1,12,3,0,0,0,22,11,0,6,0,0,0,0,200,200
425725,0,30,1,200,2,1,10,5,0,1,200,0,200,0,5,200,200,200,0,200,200
425725,0,30,1,200,2,1,10,5,0,1,200,0,200,0,5,200,12,200,0,200,200
425725,1,30,1,200,2,1,10,5,0,1,200,0,200,0,5,200,200,200,200,200,200
425726,0,30,0,0,2,1,14,5,0,1,0,17,17,1,5,200,1,200,0,200,200
425726,0,30,0,0,2,1,14,5,0,1,0,17,17,0,6,200,0,200,0,200,200
425728,0,30,0,0,0,1,7,5,0,0,0,17,17,1,6,200,6,0,200,200,200
425729,0,30,1,2,1,1,10,5,0,0,0,18,16,0,6,0,1,0,0,200,200
425729,0,30,1,2,1,1,10,5,0,0,0,18,16,1,5,0,0,0,0,200,200
425733,0,30,1,2,2,1,14,5,0,1,0,0,200,0,5,0,5,0,200,200,200
425733,0,30,1,2,2,1,14,5,0,1,0,0,200,0,6,0,0,0,0,200,200
425734,0,15,0,0,200,1,7,7,0,0,0,0,0,2,200,200,200,200,200,200,200
425737,0,30,0,12,0,1,5,5,0,0,12,28,200,0,5,200,1,0,200,200,200
425738,0,30,1,2,0,1,10,5,0,1,0,34,0,1,6,200,3,0,200,200,200
425738,0,30,1,2,0,1,10,5,0,1,0,34,0,1,7,0,0,0,0,200,200
425739,0,30,1,2,2,1,10,5,0,1,0,18,0,0,6,0,3,0,0,200,200
425739,0,30,1,2,2,1,10,5,0,1,0,18,0,0,5,0,0,0,0,200,200
425740,0,30,0,0,1,1,12,3,0,0,0,0,200,0,6,0,1,0,0,200,200
425740,0,30,0,0,1,1,12,3,0,0,0,0,200,0,7,0,0,0,0,200,200
425747,0,25,2,200,0,1,7,5,0,0,0,23,0,0,8,0,7,200,200,200,200
425747,1,25,2,200,0,1,7,5,0,0,0,23,0,1,200,200,200,200,200,200,200
425747,1,25,2,200,0,1,7,5,0,0,0,23,0,1,200,200,200,200,200,200,200
425747,1,25,2,200,0,1,7,5,0,0,0,23,0,1,200,200,200,200,200,200,200
425747,1,25,2,200,0,1,7,5,0,0,0,23,0,1,0,200,200,200,200,200,200
425747,1,25,2,200,0,1,7,5,0,0,0,23,0,1,200,200,200,200,200,200,200
425752,0,20,0,0,0,1,7,5,0,0,0,20,21,0,200,200,6,200,200,200,200
425753,0,30,1,2,2,1,10,5,0,1,0,16,18,0,6,200,3,200,200,200,200
425753,0,30,1,2,2,1,10,5,0,1,0,16,18,1,6,0,0,0,0,200,200
425753,1,30,1,2,2,1,10,5,0,1,0,16,18,0,2,0,200,200,200,200,200
425756,0,20,0,0,2,1,7,6,0,1,0,0,200,1,200,200,200,200,200,200,200
425756,1,20,0,0,2,1,7,6,0,1,0,0,200,1,200,0,200,200,200,200,200
425760,0,30,1,2,2,1,12,5,0,1,12,22,200,0,5,200,200,0,0,200,200
425760,0,30,1,2,2,1,12,5,0,1,12,22,200,1,6,200,4,0,0,200,200
425766,0,30,0,0,1,1,7,6,0,0,0,0,0,2,200,200,200,200,200,200,200
425766,1,30,0,0,1,1,7,6,0,0,0,0,0,1,6,0,200,200,200,200,200
425777,0,35,0,0,2,1,10,6,0,1,12,18,12,0,7,0,3,0,0,200,200
425777,0,35,0,0,2,1,10,6,0,1,12,18,12,0,6,0,0,0,0,200,200
425777,1,35,0,0,2,1,10,6,0,1,12,18,12,0,5,0,200,200,200,200,200
425779,0,30,2,0,2,1,10,5,0,1,0,0,0,0,4,200,200,200,200,200,200
425779,0,30,2,0,2,1,10,5,0,1,0,0,0,1,200,0,0,0,0,200,200
425779,0,30,2,0,2,1,10,5,0,1,0,0,0,0,200,200,200,200,200,200,200
425779,1,30,2,0,2,1,10,5,0,1,0,0,0,1,200,0,200,200,200,200,200
425785,0,30,0,0,0,1,10,5,0,0,0,200,200,0,6,0,12,0,2,200,200
425785,0,30,0,0,0,1,10,5,0,0,0,200,200,1,5,0,0,0,0,200,200
425791,0,30,0,0,1,1,12,5,0,0,0,17,200,1,5,0,10,0,0,200,200
425791,0,30,0,0,1,1,12,5,0,0,0,17,200,0,5,0,0,0,0,200,200
425791,1,30,0,0,1,1,12,5,0,0,0,17,200,0,7,0,200,200,200,200,200
425795,0,30,0,0,1,1,14,5,0,1,0,0,0,0,7,0,200,0,0,200,200
425795,0,30,0,0,1,1,14,5,0,1,0,0,0,1,6,0,0,0,0,200,200
425797,0,30,1,2,2,1,12,2,0,1,0,0,0,1,200,200,200,200,200,200,200
425797,0,30,1,2,2,1,12,2,0,1,0,0,0,0,7,200,200,200,7,200,200
425798,0,45,1,2,2,1,12,2,0,1,0,21,200,0,4,0,4,0,0,200,200
425798,0,45,1,2,2,1,12,2,0,1,0,21,200,1,4,0,0,0,0,200,200
425798,0,45,1,2,2,1,12,2,0,1,0,21,200,0,7,0,0,0,0,200,200
425798,1,45,1,2,2,1,12,2,0,1,0,21,200,0,200,0,200,200,200,200,200
425798,1,45,1,2,2,1,12,2,0,1,0,21,200,1,200,0,200,200,200,200,200
425798,1,45,1,2,2,1,12,2,0,1,0,21,200,1,200,0,200,200,200,200,200
425798,1,45,1,2,2,1,12,2,0,1,0,21,200,1,200,0,200,200,200,200,200
425805,0,30,0,0,0,1,2,6,0,0,12,0,0,0,6,200,200,200,0,200,200
425812,0,30,0,0,0,1,7,3,0,0,0,0,0,0,7,0,12,0,0,200,200
425812,1,30,0,0,0,1,7,3,0,0,0,0,0,0,200,0,200,200,200,200,200
425813,0,35,1,2,2,1,10,1,0,1,0,18,200,0,200,200,3,200,200,200,200
425813,0,35,1,2,2,1,10,1,0,1,0,18,200,1,8,0,0,0,0,200,200
425813,0,35,1,2,2,1,10,1,0,1,0,18,200,2,200,200,0,200,200,200,200
425814,0,30,0,0,2,1,2,3,0,1,0,0,0,0,5,0,200,200,0,200,200
425830,0,30,0,0,0,1,10,5,0,0,0,27,200,1,7,200,12,200,4,200,200
425830,0,30,0,0,0,1,10,5,0,0,0,27,200,1,6,0,0,0,0,200,200
425834,0,30,0,0,1,1,12,2,0,1,0,22,22,0,200,200,2,200,200,200,200
425834,0,30,0,0,1,1,12,2,0,1,0,22,22,0,9,0,0,0,0,200,200
425834,1,30,0,0,1,1,12,2,0,1,0,22,22,0,200,0,200,200,200,200,200
425839,0,35,0,0,200,200,7,5,0,0,0,0,0,2,200,200,200,200,200,200,200
425844,0,30,1,2,2,1,14,6,0,1,0,23,22,0,7,200,7,200,200,200,200
425844,0,30,1,2,2,1,14,6,0,1,0,23,22,0,6,0,0,0,0,200,200
425845,0,25,0,0,2,1,5,5,0,1,0,28,200,0,7,0,200,0,0,200,200
425859,0,15,0,0,0,4,7,5,0,0,0,0,200,2,200,200,7,200,200,200,200
425860,0,40,1,2,2,0,10,12,0,1,0,34,200,0,5,200,8,200,0,200,200
425860,0,40,1,2,2,0,10,12,0,1,0,34,200,0,7,200,0,200,0,200,200
425860,1,40,1,2,2,0,10,12,0,1,0,34,200,1,9,200,200,200,200,200,200
425861,0,30,0,0,2,1,10,5,0,1,0,0,0,1,200,200,200,200,200,200,200
425861,0,30,0,0,2,1,10,5,0,1,0,0,0,0,9,0,0,0,0,200,200
425861,1,30,0,0,2,1,10,5,0,1,0,0,0,0,7,0,200,200,200,200,200
425867,0,20,0,0,2,1,0,5,0,1,200,0,0,0,7,200,6,200,200,200,200
425867,0,20,0,0,2,1,0,5,0,1,200,0,0,1,6,0,0,0,0,200,200
425872,0,30,0,0,2,1,11,2,0,1,0,16,21,0,6,0,8,0,0,200,200
425872,0,30,0,0,2,1,11,2,0,1,0,16,21,0,6,0,0,0,0,200,200
425878,0,35,1,2,0,1,0,5,0,0,0,0,0,1,200,200,0,200,200,200,200
425878,0,35,1,2,0,1,0,5,0,0,0,0,0,0,4,0,0,0,0,200,200
425879,0,30,0,0,2,1,0,6,0,1,0,17,0,0,6,0,1,0,0,200,200
425879,0,30,0,0,2,1,0,6,0,1,0,17,0,0,6,0,0,0,0,200,200
425880,0,30,0,0,0,3,2,6,0,0,1,200,200,0,7,0,0,0,0,200,200
425882,0,30,2,0,2,1,2,5,0,1,0,200,0,0,6,0,12,0,0,200,200
425883,0,30,1,2,2,1,14,3,0,1,0,0,0,1,5,0,0,0,0,200,200
425883,0,30,1,2,2,1,14,3,0,1,0,0,0,0,8,0,0,0,0,200,200
425885,0,0,2,2,0,1,12,5,0,0,0,21,200,1,7,0,4,0,0,200,200
425885,0,0,2,2,0,1,12,5,0,0,0,21,200,1,7,0,0,0,0,200,200
425885,1,0,2,2,0,1,12,5,0,0,0,21,200,1,5,0,200,200,200,200,200
425886,0,30,1,2,0,1,10,2,0,0,0,18,200,0,7,200,3,200,200,200,200
425886,0,30,1,2,0,1,10,2,0,0,0,18,200,0,6,200,0,0,200,200,200
425887,0,30,1,2,0,1,14,5,0,0,0,17,0,0,6,200,1,200,200,200,200
425887,0,30,1,2,0,1,14,5,0,0,0,17,0,1,6,0,0,0,0,200,200
425887,1,30,1,2,0,1,14,5,0,0,0,17,0,0,200,0,200,200,200,200,200
425887,1,30,1,2,0,1,14,5,0,0,0,17,0,1,1,5,200,200,200,200,200
425887,1,30,1,2,0,1,14,5,0,0,0,17,0,0,3,0,200,200,200,200,200
425888,0,30,1,0,0,1,14,2,0,0,0,0,0,2,200,200,200,200,200,200,200
425888,0,30,1,0,0,1,14,2,0,0,0,0,0,0,7,0,0,0,0,200,200
425900,0,20,0,0,200,200,7,6,0,200,0,0,21,2,200,200,200,200,200,200,200
425902,0,20,0,0,2,1,7,7,0,1,200,0,0,1,200,200,6,200,200,200,200
425905,0,30,2,12,2,1,2,5,0,1,0,34,5,1,5,0,14,0,0,200,200
425905,1,30,2,12,2,1,2,5,0,1,0,34,5,0,5,0,200,200,200,200,200
425909,0,30,0,0,2,1,12,5,0,1,0,200,200,1,6,0,0,0,0,200,200
425909,0,30,0,0,2,1,12,5,0,1,0,200,200,1,6,0,0,0,0,200,200
425914,0,30,0,200,2,1,10,5,0,1,200,0,200,1,6,200,200,200,0,200,200
425914,0,30,0,200,2,1,10,5,0,1,200,0,200,1,8,200,200,200,0,200,200
425914,0,30,0,200,2,1,10,5,0,1,200,0,200,0,7,200,200,200,0,200,200
425915,4,35,0,12,2,1,8,5,0,1,0,0,200,0,200,7,200,200,0,200,200
425917,0,30,0,0,2,1,11,2,0,1,0,20,18,0,5,200,6,200,0,200,200
425917,0,30,0,0,2,1,11,2,0,1,0,20,18,0,7,200,3,200,0,200,200
425917,1,30,0,0,2,1,11,2,0,1,0,20,18,0,200,200,200,200,200,200,200
425918,0,45,200,200,2,1,2,3,0,1,200,16,0,0,200,200,12,200,200,200,200
425920,0,15,0,0,2,1,0,7,0,1,0,0,200,0,7,200,12,0,0,200,200
425920,0,15,0,0,2,1,0,7,0,1,0,0,200,0,5,200,0,0,0,200,200
425923,0,30,1,2,2,1,10,6,0,1,200,0,200,0,7,200,200,200,200,200,200