RD_NO,PERSON_TYPE,POSTED_SPEED_LIMIT,TRAFFIC_CONTROL_DEVICE,DEVICE_CONDITION,WEATHER_CONDITION,LIGHTING_CONDITION,FIRST_CRASH_TYPE,TRAFFICWAY_TYPE,ALIGNMENT,ROADWAY_SURFACE_COND,ROAD_DEFECT,PRIM_CONTRIBUTORY_CAUSE,SEC_CONTRIBUTORY_CAUSE,SEX,AGE,SAFETY_EQUIPMENT,DRIVER_ACTION,DRIVER_VISION,PHYSICAL_CONDITION,BAC_RESULT VALUE,CELL_PHONE_USE
425923,0,30,1,2,2,1,10,6,0,1,200,0,200,1,5,0,0,0,0,200,200
425926,0,30,0,0,2,1,7,5,0,1,0,0,200,2,200,200,200,200,200,200,200
425929,0,30,0,0,2,1,10,5,0,1,0,16,200,0,6,0,1,0,0,200,200
425929,0,30,0,0,2,1,10,5,0,1,0,16,200,0,7,0,0,0,0,200,200
425933,0,35,1,2,2,1,9,5,0,1,0,22,200,0,200,200,200,200,200,200,200
425933,5,35,1,2,2,1,9,5,0,1,0,22,200,0,5,200,200,200,200,200,200
425936,4,30,2,0,2,1,8,2,0,1,0,0,200,0,3,7,200,200,0,200,200
425936,0,30,2,0,2,1,8,2,0,1,0,0,200,0,8,200,200,0,0,200,200
425940,0,30,2,2,2,1,0,5,0,1,0,17,5,0,6,200,1,0,0,200,200
425940,0,30,2,2,2,1,0,5,0,1,0,17,5,0,7,200,0,0,0,200,200
425941,0,30,2,2,2,1,0,5,0,1,0,0,0,1,6,0,200,0,0,200,200
425941,0,30,2,2,2,1,0,5,0,1,0,0,0,1,6,0,0,0,0,200,200
425941,1,30,2,2,2,1,0,5,0,1,0,0,0,0,5,0,200,200,200,200,200
425945,0,45,0,0,2,1,2,3,3,1,0,34,200,1,5,0,8,0,0,200,200
425947,0,30,0,0,2,1,12,2,0,1,0,17,18,1,6,0,1,0,0,200,200
425947,0,30,0,0,2,1,12,2,0,1,0,17,18,0,5,0,0,0,0,200,200
425948,0,30,1,2,0,1,14,5,0,0,0,23,0,0,5,200,7,200,200,200,200
425948,0,30,1,2,0,1,14,5,0,0,0,23,0,0,5,0,12,0,0,200,200
425954,0,30,1,2,2,1,14,5,0,1,0,23,200,2,200,200,7,200,200,200,200
425954,0,30,1,2,2,1,14,5,0,1,0,23,200,0,6,0,7,0,0,200,200
425958,0,30,1,2,2,1,14,5,0,1,0,34,200,0,7,0,12,0,0,200,200
425958,0,30,1,2,2,1,14,5,0,1,0,34,200,0,4,200,0,0,0,200,200
425961,0,30,1,2,2,1,3,3,2,1,0,17,0,0,200,0,200,200,0,200,200
425961,0,30,1,2,2,1,3,3,2,1,0,17,0,1,6,0,0,0,0,200,200
425966,0,30,6,1,2,1,10,5,0,1,0,0,0,1,7,0,0,0,0,200,200
425966,0,30,6,1,2,1,10,5,0,1,0,0,0,1,4,0,3,0,0,200,200
425970,0,35,0,0,0,1,12,5,0,0,0,0,0,1,200,200,12,200,200,200,200
425970,0,35,0,0,0,1,12,5,0,0,0,0,0,1,5,0,0,0,0,200,200
425974,0,30,0,0,0,1,10,12,0,0,0,11,0,1,200,0,12,1,200,200,200
425974,0,30,0,0,0,1,10,12,0,0,0,11,0,0,200,200,12,200,200,200,200
425975,0,15,0,0,2,1,7,0,0,1,0,0,0,1,200,200,12,200,200,200,200
425977,0,30,2,2,2,1,0,2,0,1,0,34,0,0,6,200,2,200,200,200,200
425977,0,30,2,2,2,1,0,2,0,1,0,34,0,1,5,0,0,200,0,200,200
425982,0,30,1,2,2,1,9,2,0,1,0,16,34,1,6,0,12,4,0,200,200
425982,5,30,1,2,2,1,9,2,0,1,0,16,34,1,6,200,200,200,0,200,200
425982,1,30,1,2,2,1,9,2,0,1,0,16,34,1,6,0,200,200,200,200,200
425982,1,30,1,2,2,1,9,2,0,1,0,16,34,1,7,0,200,200,200,200,200
425990,0,30,2,2,2,1,0,2,0,1,0,17,0,0,200,200,1,0,0,200,200
425990,0,30,2,2,2,1,0,2,0,1,0,17,0,0,6,0,0,0,0,200,200
425995,0,20,0,0,2,1,7,5,3,1,0,33,28,0,5,200,6,12,0,200,200
426002,0,30,1,2,2,1,9,5,0,1,0,17,33,0,7,200,1,12,0,200,200
426002,5,30,1,2,2,1,9,5,0,1,0,17,33,1,7,7,0,12,0,200,200
426004,0,30,2,2,2,1,0,1,0,1,0,5,0,0,7,0,5,0,0,200,200
426004,0,30,2,2,2,1,0,1,0,1,0,5,0,1,6,0,0,0,0,200,200
426005,0,30,0,0,2,1,10,5,0,1,0,18,200,0,200,200,8,200,200,200,200
426005,0,30,0,0,2,1,10,5,0,1,0,18,200,0,6,0,0,0,0,200,200
426012,0,10,0,0,2,1,11,7,0,1,200,0,0,0,200,200,200,200,200,200,200
426013,0,30,0,0,2,1,7,5,0,1,0,34,16,0,0,0,200,0,0,200,200
426014,0,30,1,2,2,1,10,5,0,1,0,0,0,1,4,0,12,4,0,200,200
426014,0,30,1,2,2,1,10,5,0,1,0,0,0,0,6,0,0,4,0,200,200
426025,0,30,1,2,200,200,10,2,0,200,0,0,200,1,200,200,200,200,200,200,200
426025,0,30,1,2,200,200,10,2,0,200,0,0,200,1,8,0,0,0,200,200,200
426025,1,30,1,2,200,200,10,2,0,200,0,0,200,1,200,0,200,200,200,200,200
426025,1,30,1,2,200,200,10,2,0,200,0,0,200,2,200,5,200,200,200,200,200
426025,1,30,1,2,200,200,10,2,0,200,0,0,200,2,200,5,200,200,200,200,200
426028,0,30,0,0,2,1,7,7,0,1,200,0,200,2,200,200,200,200,200,200,200
426032,0,35,1,2,2,1,10,6,0,1,0,20,200,0,7,0,6,0,0,200,200
426032,0,35,1,2,2,1,10,6,0,1,0,20,200,0,6,0,0,0,0,200,200
426032,1,35,1,2,2,1,10,6,0,1,0,20,200,1,200,0,200,200,200,200,200
426035,0,30,0,0,0,1,10,2,0,0,0,18,18,1,6,0,3,0,0,200,200
426035,0,30,0,0,0,1,10,2,0,0,0,18,18,1,6,0,12,0,0,200,200
426039,0,30,1,2,2,1,10,5,0,1,200,18,18,0,6,0,3,200,0,200,200
426039,0,30,1,2,2,1,10,5,0,1,200,18,18,0,200,200,200,200,200,200,200
426039,1,30,1,2,2,1,10,5,0,1,200,18,18,0,200,0,200,200,200,200,200
426039,1,30,1,2,2,1,10,5,0,1,200,18,18,0,200,200,200,200,200,200,200
426042,0,30,1,1,2,1,10,5,0,1,0,15,200,0,5,200,3,0,0,200,200
426042,0,30,1,1,2,1,10,5,0,1,0,15,200,1,4,200,0,0,0,200,200
426042,0,30,1,1,2,1,10,5,0,1,0,15,200,1,6,200,0,0,0,200,200
426042,1,30,1,1,2,1,10,5,0,1,0,15,200,0,5,200,200,200,200,200,200
426042,1,30,1,1,2,1,10,5,0,1,0,15,200,1,6,200,200,200,200,200,200
426047,0,30,1,2,2,1,10,2,0,1,0,15,18,1,5,0,8,0,0,200,200
426047,0,30,1,2,2,1,10,2,0,1,0,15,18,0,6,0,0,0,0,200,200
426057,0,30,1,2,0,1,7,5,0,1,0,20,200,0,7,0,6,0,0,200,200
426058,0,30,0,0,0,1,14,2,0,1,200,17,34,1,7,0,1,1,0,200,200
426058,0,30,0,0,0,1,14,2,0,1,200,17,34,0,5,0,8,200,0,200,200
426058,1,30,0,0,0,1,14,2,0,1,200,17,34,0,4,0,200,200,200,200,200
426062,0,35,1,2,2,1,10,2,0,1,0,20,0,0,7,0,6,0,0,200,200
426062,0,35,1,2,2,1,10,2,0,1,0,20,0,2,200,200,0,200,200,200,200
426063,0,30,200,200,2,1,7,2,0,1,0,0,0,2,200,200,200,200,200,200,200
426071,0,30,0,0,0,1,7,5,0,0,0,16,11,2,200,200,200,200,200,200,200
426072,0,30,0,0,2,1,10,5,0,1,0,18,0,2,200,200,3,200,200,200,200
426072,0,30,0,0,2,1,10,5,0,1,0,18,0,1,6,0,0,0,0,200,200
426073,0,30,1,2,2,1,10,5,0,1,0,18,200,0,6,0,3,0,0,200,200
426073,0,30,1,2,2,1,10,5,0,1,0,18,200,0,6,0,0,0,0,200,200
426073,1,30,1,2,2,1,10,5,0,1,0,18,200,0,200,0,200,200,200,200,200
426080,0,30,0,0,1,1,12,5,0,0,0,0,200,0,6,200,12,0,0,200,200
426080,0,30,0,0,1,1,12,5,0,0,0,0,200,0,8,200,0,0,0,200,200
426085,0,30,0,0,2,1,9,5,0,1,0,20,200,1,200,200,6,200,200,200,200
426085,5,30,0,0,2,1,9,5,0,1,0,20,200,1,5,7,200,200,0,200,200
426086,0,30,0,0,2,1,7,7,0,1,0,8,16,0,4,200,8,200,200,200,200
426086,1,30,0,0,2,1,7,7,0,1,0,8,16,1,200,200,200,200,200,200,200
426089,0,35,0,0,2,1,0,7,0,1,0,20,200,1,9,0,6,0,0,200,200
426089,0,35,0,0,2,1,0,7,0,1,0,20,200,0,6,0,0,0,0,200,200
426099,0,30,2,2,2,1,0,5,0,1,200,17,0,1,200,200,1,200,200,200,200
426099,0,30,2,2,2,1,0,5,0,1,200,17,0,0,6,0,0,0,0,200,200
426101,0,30,1,2,2,1,7,6,0,1,0,0,0,0,5,0,0,0,0,200,200
426102,0,35,1,2,2,1,10,2,0,1,0,34,200,0,6,0,12,0,0,200,200
426102,0,35,1,2,2,1,10,2,0,1,0,34,200,0,6,0,0,0,0,200,200
426105,0,30,1,2,2,1,0,5,0,0,0,3,0,1,6,0,5,0,0,200,200
426105,0,30,1,2,2,1,0,5,0,0,0,3,0,0,8,0,0,0,0,200,200
426105,0,30,1,2,2,1,0,5,0,0,0,3,0,0,8,0,0,0,0,200,200
426106,0,30,0,0,200,200,7,5,0,200,0,200,200,2,200,200,200,200,200,200,200
426112,0,30,0,0,0,1,10,5,0,1,12,25,2,0,200,200,15,200,0,200,200
426112,0,30,0,0,0,1,10,5,0,1,12,25,2,0,6,0,0,0,0,200,200
426114,0,30,0,0,0,1,10,5,0,1,0,18,16,0,6,0,3,0,0,200,200
426114,0,30,0,0,0,1,10,5,0,1,0,18,16,0,200,0,0,200,200,200,200
426114,1,30,0,0,0,1,10,5,0,1,0,18,16,0,200,0,200,200,200,200,200
426114,1,30,0,0,0,1,10,5,0,1,0,18,16,0,200,0,200,200,200,200,200
426114,1,30,0,0,0,1,10,5,0,1,0,18,16,1,200,0,200,200,200,200,200
426116,0,35,0,2,2,1,2,6,3,1,0,15,25,0,6,0,8,0,0,200,200
426127,0,30,1,2,2,1,14,6,0,1,0,23,200,1,7,200,7,200,200,200,200
426127,0,30,1,2,2,1,14,6,0,1,0,23,200,0,5,0,0,0,0,200,200
426130,0,30,1,2,1,1,14,1,0,0,0,0,200,1,200,0,200,200,200,200,200
426130,0,30,1,2,1,1,14,1,0,0,0,0,200,1,7,0,200,0,0,200,200
426133,0,30,1,2,2,1,10,5,0,1,0,18,0,1,200,200,3,200,200,200,200
426133,0,30,1,2,2,1,10,5,0,1,0,18,0,1,6,0,12,0,0,200,200
426143,0,30,0,0,2,1,10,5,0,1,0,18,200,0,200,200,8,200,200,200,200
426143,0,30,0,0,2,1,10,5,0,1,0,18,200,1,7,0,0,0,0,200,200
426144,0,30,1,2,2,1,12,5,0,1,0,22,200,1,200,200,4,200,200,200,200
426144,0,30,1,2,2,1,12,5,0,1,0,22,200,0,7,0,0,0,0,200,200
426145,0,30,200,200,200,200,10,5,0,200,200,0,200,2,200,200,200,200,200,200,200
426145,0,30,200,200,200,200,10,5,0,200,200,0,200,1,5,0,200,200,0,200,200
426149,0,30,0,0,12,1,12,6,0,1,0,23,11,1,5,0,7,0,0,200,200
426149,0,30,0,0,12,1,12,6,0,1,0,23,11,1,6,0,0,0,0,200,200
426150,0,30,0,0,2,1,0,5,0,1,0,17,0,2,200,200,1,200,200,200,200
426150,0,30,0,0,2,1,0,5,0,1,0,17,0,0,7,0,0,0,0,200,200
426155,0,35,2,2,0,1,10,5,0,1,0,16,200,0,6,200,3,200,200,200,200
426155,0,35,2,2,0,1,10,5,0,1,0,16,200,1,5,0,0,0,0,200,200
426155,1,35,2,2,0,1,10,5,0,1,0,16,200,1,200,0,200,200,200,200,200
426157,0,30,1,2,0,1,9,5,0,1,0,17,200,2,200,200,1,200,200,200,200
426157,5,30,1,2,0,1,9,5,0,1,0,17,200,0,7,7,0,0,0,200,200
426159,0,30,1,2,1,1,14,3,0,1,0,16,34,0,5,0,8,0,0,200,200
426159,0,30,1,2,1,1,14,3,0,1,0,16,34,0,7,0,0,0,0,200,200
426161,0,25,0,0,0,1,10,5,0,0,0,200,200,0,200,200,200,200,200,200,200
426161,0,25,0,0,0,1,10,5,0,0,0,200,200,0,8,0,200,200,200,200,200
426164,0,30,1,2,2,1,12,6,0,1,0,17,0,1,6,0,4,12,12,200,200
426164,0,30,1,2,2,1,12,6,0,1,0,17,0,0,7,0,0,0,0,200,200
426164,1,30,1,2,2,1,12,6,0,1,0,17,0,1,200,200,200,200,200,200,200
426165,0,30,0,0,0,1,8,5,0,0,0,22,0,0,7,0,2,0,0,200,200
426165,4,30,0,0,0,1,8,5,0,0,0,22,0,0,3,2,0,0,0,200,200
426168,0,30,0,0,2,1,14,2,0,1,0,17,200,1,5,0,1,0,0,200,200
426168,0,30,0,0,2,1,14,2,0,1,0,17,200,0,6,0,0,0,0,200,200
426168,1,30,0,0,2,1,14,2,0,1,0,17,200,1,200,0,200,200,200,200,200
426168,1,30,0,0,2,1,14,2,0,1,0,17,200,1,200,0,200,200,200,200,200
426170,0,30,0,0,2,1,12,5,0,0,0,17,0,1,3,0,3,0,0,200,200
426170,0,30,0,0,2,1,12,5,0,0,0,17,0,0,6,0,0,0,0,200,200
426172,0,30,1,2,2,1,10,5,0,1,0,200,200,1,200,200,200,200,200,200,200
426172,0,30,1,2,2,1,10,5,0,1,0,200,200,1,6,200,200,200,0,200,200
426172,1,30,1,2,2,1,10,5,0,1,0,200,200,0,200,0,200,200,200,200,200
426174,0,35,1,2,2,1,10,3,0,1,0,16,200,0,6,0,0,0,0,200,200
426174,0,35,1,2,2,1,10,3,0,1,0,16,200,1,3,0,12,0,0,200,200
426177,0,30,2,2,0,1,14,12,0,0,0,17,11,0,8,0,1,0,0,200,200
426177,0,30,2,2,0,1,14,12,0,0,0,17,11,0,6,0,0,0,0,200,200
426179,0,30,2,2,2,1,0,5,0,1,0,17,0,2,200,200,1,200,200,200,200
426179,0,30,2,2,2,1,0,5,0,1,0,17,0,0,8,0,12,0,0,200,200
426181,0,30,2,2,2,1,0,5,0,1,0,17,0,0,200,200,5,200,200,200,200
426181,0,30,2,2,2,1,0,5,0,1,0,17,0,0,5,0,0,0,0,200,200
426188,0,30,0,0,0,1,10,5,0,1,0,0,0,1,5,0,0,0,0,200,200
426188,0,30,0,0,0,1,10,5,0,1,0,0,0,0,200,200,3,200,200,200,200
426188,1,30,0,0,0,1,10,5,0,1,0,0,0,1,1,0,200,200,200,200,200
426188,1,30,0,0,0,1,10,5,0,1,0,0,0,1,1,0,200,200,200,200,200
426191,0,25,1,2,2,1,9,12,0,1,0,11,0,1,7,200,12,12,0,200,200
426191,5,25,1,2,2,1,9,12,0,1,0,11,0,1,7,7,12,12,0,200,200
426198,0,30,1,2,1,1,10,2,0,1,0,0,200,0,200,200,200,200,200,200,200
426198,0,30,1,2,1,1,10,2,0,1,0,0,200,1,6,0,0,0,0,200,200
426199,0,30,2,2,0,1,10,2,0,0,0,16,200,0,5,200,3,200,200,200,200
426199,0,30,2,2,0,1,10,2,0,0,0,16,200,0,7,0,0,0,0,200,200
426201,0,30,0,0,2,1,10,5,0,1,0,18,0,0,4,0,3,0,0,200,200
426201,0,30,0,0,2,1,10,5,0,1,0,18,0,0,5,0,12,0,0,200,200
426202,0,30,0,0,2,1,12,5,0,1,0,0,200,0,5,0,12,200,0,200,200
426202,0,30,0,0,2,1,12,5,0,1,0,0,200,1,5,0,0,200,0,200,200
426204,0,30,1,2,0,1,14,12,0,0,0,0,0,1,7,200,200,0,0,200,200
426204,0,30,1,2,0,1,14,12,0,0,0,0,0,0,7,200,0,0,0,200,200
426208,0,30,2,2,0,1,14,6,0,0,0,0,200,0,5,0,200,0,0,200,200
426208,0,30,2,2,0,1,14,6,0,0,0,0,200,0,6,0,200,0,0,200,200
426210,0,30,0,0,0,1,11,3,0,1,0,20,21,0,5,200,6,200,200,200,200
426210,0,30,0,0,0,1,11,3,0,1,0,20,21,1,5,0,0,0,0,200,200
426210,1,30,0,0,0,1,11,3,0,1,0,20,21,0,6,0,200,200,200,200,200
426210,1,30,0,0,0,1,11,3,0,1,0,20,21,0,200,0,200,200,200,200,200
426210,1,30,0,0,0,1,11,3,0,1,0,20,21,0,200,0,200,200,200,200,200
426210,1,30,0,0,0,1,11,3,0,1,0,20,21,200,200,0,200,200,200,200,200
426212,0,25,0,0,2,1,0,5,0,1,0,17,34,1,6,0,1,0,0,200,200
426212,0,25,0,0,2,1,0,5,0,1,0,17,34,0,6,0,0,0,0,200,200
426216,0,30,1,2,2,1,10,5,0,1,0,16,0,2,200,200,200,200,200,200,200
426216,0,30,1,2,2,1,10,5,0,1,0,16,0,0,5,0,0,0,0,200,200
426225,0,30,1,2,0,1,12,5,0,1,0,200,200,0,5,200,12,200,200,200,200
426225,0,30,1,2,0,1,12,5,0,1,0,200,200,1,6,0,0,0,0,200,200
426226,0,30,0,0,0,1,12,2,0,0,0,0,200,2,200,200,0,200,200,200,200
426226,0,30,0,0,0,1,12,2,0,0,0,0,200,1,5,7,0,0,0,200,200
426227,0,30,0,0,1,1,7,2,0,0,0,16,0,0,7,0,1,0,0,200,200
426228,0,30,1,2,0,1,10,2,0,0,0,16,11,2,200,200,1,200,200,200,200
426228,0,30,1,2,0,1,10,2,0,0,0,16,11,0,5,0,0,0,0,200,200
426230,0,25,0,0,0,1,7,5,0,0,0,23,0,2,200,200,7,200,200,200,200
426231,0,30,1,2,0,1,12,5,0,1,0,0,200,1,6,200,12,200,200,200,200
426231,0,30,1,2,0,1,12,5,0,1,0,0,200,1,6,200,0,0,0,200,200
426231,1,30,1,2,0,1,12,5,0,1,0,0,200,0,2,5,200,200,200,200,200
426231,1,30,1,2,0,1,12,5,0,1,0,0,200,0,0,5,200,200,200,200,200
426232,0,30,0,0,1,1,0,5,0,0,200,21,0,1,9,200,7,1,200,200,200
426232,0,30,0,0,1,1,0,5,0,0,200,21,0,0,7,0,0,0,0,200,200
426232,1,30,0,0,1,1,0,5,0,0,200,21,0,1,6,0,200,200,200,200,200
426235,0,30,0,0,0,1,3,5,0,0,0,20,17,0,5,200,6,0,0,200,200
426235,0,30,0,0,0,1,3,5,0,0,0,20,17,0,6,0,0,0,0,200,200
426243,0,30,0,0,0,1,7,7,0,0,0,0,0,1,200,200,200,200,200,200,200
426246,0,30,0,0,1,1,10,5,0,1,0,0,27,1,6,200,200,0,200,200,200
426246,0,30,0,0,1,1,10,5,0,1,0,0,27,0,6,0,0,0,0,200,200
426251,0,25,2,2,0,0,0,5,0,0,0,17,16,0,7,200,1,200,0,200,200
426251,0,25,2,2,0,0,0,5,0,0,0,17,16,1,6,200,0,0,0,200,200
426255,0,30,0,0,0,1,7,7,0,0,0,0,0,1,200,200,12,200,200,200,200
426263,0,30,0,0,0,1,12,5,0,0,0,20,200,1,5,0,0,0,0,200,200
426263,0,30,0,0,0,1,12,5,0,0,0,20,200,0,7,200,6,200,200,200,200
426268,0,30,0,0,1,1,10,5,0,0,0,11,0,0,6,200,3,0,0,200,200
426268,0,30,0,0,1,1,10,5,0,0,0,11,0,0,6,200,0,0,0,200,200
426268,0,30,0,0,1,1,10,5,0,0,0,11,0,1,5,200,0,0,0,200,200
426269,0,30,0,0,0,1,10,2,2,0,0,18,200,1,6,200,3,0,0,200,200
426269,0,30,0,0,0,1,10,2,2,0,0,18,200,0,7,200,0,0,0,200,200
426272,0,30,2,2,0,1,14,12,0,0,0,17,11,0,200,0,1,0,0,200,200
426272,0,30,2,2,0,1,14,12,0,0,0,17,11,1,6,0,0,0,0,200,200
426273,0,30,2,2,0,1,12,5,0,1,0,17,200,0,200,200,1,200,200,200,200
426273,0,30,2,2,0,1,12,5,0,1,0,17,200,1,6,0,0,0,0,200,200
426274,0,30,2,2,1,1,14,5,0,0,0,17,200,0,200,200,1,200,200,200,200
426274,0,30,2,2,1,1,14,5,0,0,0,17,200,0,6,200,0,0,0,200,200
426275,0,30,0,0,0,1,10,5,0,1,0,18,18,1,200,200,1,200,200,200,200
426275,0,30,0,0,0,1,10,5,0,1,0,18,18,1,8,0,0,0,0,200,200
426275,0,30,0,0,0,1,10,5,0,1,0,18,18,0,6,0,0,0,0,200,200
426276,0,30,1,2,0,1,10,5,0,0,0,0,0,0,5,0,0,0,0,200,200
426276,0,30,1,2,0,1,10,5,0,0,0,0,0,1,200,0,0,0,0,200,200
426277,0,30,0,0,0,1,2,3,0,0,0,0,0,0,6,0,200,0,0,200,200
426279,0,30,0,0,2,1,12,5,0,1,0,21,18,0,7,0,4,0,0,200,200
426279,0,30,0,0,2,1,12,5,0,1,0,21,18,0,5,0,3,0,0,200,200
426281,0,30,2,0,2,1,0,2,0,1,0,5,34,1,5,0,1,5,0,200,200
426281,0,30,2,0,2,1,0,2,0,1,0,5,34,0,7,0,0,0,0,200,200
426282,0,30,1,2,200,2,10,5,0,200,0,21,22,0,7,200,200,0,0,200,200
426282,0,30,1,2,200,2,10,5,0,200,0,21,22,0,200,200,4,0,200,200,200
426282,1,30,1,2,200,2,10,5,0,200,0,21,22,0,3,0,200,200,200,200,200
426285,0,45,0,0,1,1,10,3,0,200,200,18,18,0,7,0,3,200,0,200,200
426285,0,45,0,0,1,1,10,3,0,200,200,18,18,1,200,200,200,200,200,200,200
426292,0,30,0,0,0,1,7,5,0,0,0,21,200,0,6,200,0,0,0,200,200
426295,0,30,2,2,2,1,0,5,0,0,0,17,200,1,200,0,1,0,0,200,200
426295,0,30,2,2,2,1,0,5,0,0,0,17,200,0,6,0,0,0,0,200,200
426296,0,30,0,0,0,1,10,5,0,1,0,34,18,0,6,0,0,200,200,200,200
426296,0,30,0,0,0,1,10,5,0,1,0,34,18,0,200,200,0,200,200,200,200
426296,1,30,0,0,0,1,10,5,0,1,0,34,18,0,200,0,200,200,200,200,200
426296,1,30,0,0,0,1,10,5,0,1,0,34,18,0,200,0,200,200,200,200,200
426299,0,30,0,0,0,1,7,5,0,0,0,0,200,1,200,7,0,0,0,200,200
426301,0,20,2,1,0,1,14,5,0,0,0,21,200,2,200,200,12,200,200,200,200
426301,0,20,2,1,0,1,14,5,0,0,0,21,200,0,6,0,0,0,0,200,200
426301,1,20,2,1,0,1,14,5,0,0,0,21,200,1,6,0,200,200,200,200,200
426302,0,30,0,0,0,1,14,5,0,0,0,23,17,2,200,200,7,200,200,200,200
426302,0,30,0,0,0,1,14,5,0,0,0,23,17,0,6,0,0,0,0,200,200
426310,0,30,0,0,0,4,10,5,0,0,0,0,0,1,7,200,200,200,0,200,200
426310,0,30,0,0,0,4,10,5,0,0,0,0,0,0,5,0,0,0,0,200,200
426310,0,30,0,0,0,4,10,5,0,0,0,0,0,0,5,0,0,0,0,200,200
426311,0,30,0,0,0,1,7,2,0,0,200,23,0,0,6,200,7,0,0,200,200
426311,1,30,0,0,0,1,7,2,0,0,200,23,0,0,200,0,200,200,200,200,200
426311,1,30,0,0,0,1,7,2,0,0,200,23,0,0,200,0,200,200,200,200,200
426311,1,30,0,0,0,1,7,2,0,0,200,23,0,0,200,0,200,200,200,200,200
426311,1,30,0,0,0,1,7,2,0,0,200,23,0,0,200,0,200,200,200,200,200
426311,1,30,0,0,0,1,7,2,0,0,200,23,0,0,200,0,200,200,200,200,200
426315,0,20,1,2,0,1,10,2,0,0,0,18,18,0,9,0,1,200,0,200,200
426315,0,20,1,2,0,1,10,2,0,0,0,18,18,1,6,0,0,0,0,200,200
426319,0,30,0,0,1,4,7,5,0,1,0,21,0,2,200,200,200,200,200,200,200
426321,0,30,0,0,2,4,12,5,0,1,0,11,15,0,200,200,8,200,200,200,200
426321,0,30,0,0,2,4,12,5,0,1,0,11,15,1,8,0,0,200,0,200,200
426321,1,30,0,0,2,4,12,5,0,1,0,11,15,1,7,0,200,200,200,200,200
426322,0,30,1,2,0,1,0,5,0,0,0,0,0,2,200,200,1,200,200,200,200
426322,0,30,1,2,0,1,0,5,0,0,0,0,0,1,7,0,0,0,0,200,200
426324,0,15,0,0,1,2,7,7,0,0,0,0,0,2,200,200,200,200,200,200,200
426326,0,30,0,0,0,200,10,5,0,0,0,18,200,1,6,0,0,0,0,200,200
426326,0,30,0,0,0,200,10,5,0,0,0,18,200,1,6,0,0,0,0,200,200
426327,0,30,1,2,0,1,10,5,0,1,0,18,16,0,200,200,3,200,200,200,200
426327,0,30,1,2,0,1,10,5,0,1,0,18,16,0,5,0,0,0,0,200,200
426327,0,30,1,2,0,1,10,5,0,1,0,18,16,0,200,200,0,200,200,200,200
426328,0,30,0,0,0,1,10,2,3,0,0,18,200,0,6,0,3,0,0,200,200
426328,0,30,0,0,0,1,10,2,3,0,0,18,200,1,6,0,0,0,0,200,200
426333,0,30,0,0,0,1,7,2,0,1,0,0,0,0,200,200,200,200,200,200,200
426334,0,30,0,0,0,1,10,2,0,0,0,18,17,1,200,200,3,200,200,200,200
426334,0,30,0,0,0,1,10,2,0,0,0,18,17,0,6,0,12,0,0,200,200
426334,1,30,0,0,0,1,10,2,0,0,0,18,17,2,200,200,200,200,200,200,200
426337,0,35,1,2,0,1,0,5,0,0,0,0,200,0,8,0,1,0,0,200,200
426337,0,35,1,2,0,1,0,5,0,0,0,0,200,0,200,0,0,0,0,200,200
426339,0,30,0,0,0,1,11,0,0,0,0,25,200,2,200,200,8,200,200,200,200
426339,0,30,0,0,0,1,11,0,0,0,0,25,200,0,5,0,0,0,200,200,200
426351,0,30,0,0,2,1,14,2,0,1,0,23,200,0,200,200,12,200,200,200,200
426351,0,30,0,0,2,1,14,2,0,1,0,23,200,0,5,0,1,200,0,200,200
426352,0,20,2,1,0,1,14,3,0,0,0,23,22,1,7,0,7,0,0,200,200
426352,0,20,2,1,0,1,14,3,0,0,0,23,22,1,4,0,0,0,0,200,200
426352,1,20,2,1,0,1,14,3,0,0,0,23,22,1,5,0,200,200,200,200,200
426358,0,30,1,2,0,1,12,5,0,0,0,22,200,0,6,200,2,200,200,200,200
426358,0,30,1,2,0,1,12,5,0,0,0,22,200,0,5,0,0,0,0,200,200
426360,0,30,1,2,0,1,10,5,0,0,0,18,200,0,4,0,3,0,0,200,200
426360,0,30,1,2,0,1,10,5,0,0,0,18,200,1,5,0,0,0,0,200,200
426361,0,30,1,2,1,1,9,3,0,0,0,0,0,0,0,0,0,0,0,200,200
426361,5,30,1,2,1,1,9,3,0,0,0,0,0,1,2,7,0,0,0,200,200
426364,0,30,1,2,0,1,14,2,0,0,0,0,0,0,200,200,12,200,200,200,200
426364,0,30,1,2,0,1,14,2,0,0,0,0,0,0,5,0,12,200,0,200,200
426369,0,30,200,200,200,200,7,200,0,200,200,0,200,1,8,0,200,200,200,200,200
426371,0,30,0,0,0,1,7,6,0,0,0,20,200,0,200,200,6,200,200,200,200
426372,0,30,0,0,1,1,2,3,0,0,0,11,0,0,6,0,12,0,0,200,200
426373,0,35,0,0,0,1,14,5,0,0,0,0,0,0,6,0,0,0,0,200,200
426373,0,35,0,0,0,1,14,5,0,0,0,0,0,0,6,0,0,0,0,200,200
426374,0,30,1,2,0,1,14,5,0,0,0,23,0,0,8,0,7,0,0,200,200
426374,0,30,1,2,0,1,14,5,0,0,0,23,0,1,7,0,0,0,0,200,200
426381,0,30,2,2,0,1,0,5,2,0,3,33,35,0,7,7,12,1,0,200,200
426381,0,30,2,2,0,1,0,5,2,0,3,33,35,1,6,0,12,1,0,200,200
426381,1,30,2,2,0,1,0,5,2,0,3,33,35,0,6,0,200,200,200,200,200
426384,0,15,0,0,0,1,7,7,0,1,0,17,0,0,5,200,1,200,200,200,200