RD_NO,PERSON_TYPE,POSTED_SPEED_LIMIT,TRAFFIC_CONTROL_DEVICE,DEVICE_CONDITION,WEATHER_CONDITION,LIGHTING_CONDITION,FIRST_CRASH_TYPE,TRAFFICWAY_TYPE,ALIGNMENT,ROADWAY_SURFACE_COND,ROAD_DEFECT,PRIM_CONTRIBUTORY_CAUSE,SEC_CONTRIBUTORY_CAUSE,SEX,AGE,SAFETY_EQUIPMENT,DRIVER_ACTION,DRIVER_VISION,PHYSICAL_CONDITION,BAC_RESULT VALUE,CELL_PHONE_USE
426384,1,15,0,0,0,1,7,7,0,1,0,17,0,0,5,0,200,200,200,200,200
426384,1,15,0,0,0,1,7,7,0,1,0,17,0,1,6,0,200,200,200,200,200
426385,0,30,0,0,0,1,7,6,0,0,0,200,200,2,200,200,200,200,200,200,200
426386,0,40,3,2,1,1,12,3,0,0,4,17,4,0,7,0,200,0,0,200,200
426386,0,40,3,2,1,1,12,3,0,0,4,17,4,1,5,0,1,0,0,200,200
426388,0,50,1,200,200,200,0,6,0,200,200,21,200,0,6,200,4,200,0,200,200
426388,0,50,1,200,200,200,0,6,0,200,200,21,200,2,200,200,0,200,200,200,200
426388,1,50,1,200,200,200,0,6,0,200,200,21,200,200,200,200,200,200,200,200,200
426393,0,30,1,2,0,1,10,5,0,0,0,18,11,1,200,200,3,200,200,200,200
426393,0,30,1,2,0,1,10,5,0,0,0,18,11,1,7,0,12,0,0,200,200
426396,0,30,0,0,2,1,7,2,0,1,0,0,200,2,200,200,200,200,200,200,200
426397,0,30,200,0,0,1,0,5,0,0,200,17,17,1,5,200,1,200,200,200,200
426397,0,30,200,0,0,1,0,5,0,0,200,17,17,0,3,200,200,200,200,200,200
426399,0,30,0,0,2,4,10,5,0,1,0,20,11,1,8,200,10,200,200,200,200
426399,0,30,0,0,2,4,10,5,0,1,0,20,11,1,5,0,0,200,200,200,200
426400,0,0,0,0,0,1,10,7,0,0,200,0,0,1,200,200,200,200,200,200,200
426400,0,0,0,0,0,1,10,7,0,0,200,0,0,1,7,0,15,200,200,200,200
426403,0,30,6,2,0,1,10,5,0,0,0,18,200,0,3,0,3,0,0,200,200
426403,0,30,6,2,0,1,10,5,0,0,0,18,200,1,6,0,0,0,0,200,200
426403,1,30,6,2,0,1,10,5,0,0,0,18,200,0,6,0,200,200,200,200,200
426404,0,30,0,0,0,1,0,5,0,1,0,0,0,0,7,0,200,1,200,200,200
426404,0,30,0,0,0,1,0,5,0,1,0,0,0,1,6,200,200,200,200,200,200
426404,1,30,0,0,0,1,0,5,0,1,0,0,0,1,200,200,200,200,200,200,200
426404,1,30,0,0,0,1,0,5,0,1,0,0,0,1,200,200,200,200,200,200,200
426405,0,30,0,0,1,1,10,2,0,0,0,18,0,0,6,200,3,0,0,200,200
426405,0,30,0,0,1,1,10,2,0,0,0,18,0,0,6,200,0,0,0,200,200
426405,1,30,0,0,1,1,10,2,0,0,0,18,0,1,6,200,200,200,200,200,200
426405,1,30,0,0,1,1,10,2,0,0,0,18,0,0,2,7,200,200,200,200,200
426405,1,30,0,0,1,1,10,2,0,0,0,18,0,1,6,200,200,200,200,200,200
426407,0,30,0,0,1,1,14,2,0,200,200,23,22,2,200,200,7,200,200,200,200
426407,0,30,0,0,1,1,14,2,0,200,200,23,22,0,6,0,12,200,200,200,200
426410,0,30,0,0,0,1,7,5,0,0,0,22,22,1,200,0,4,0,0,200,200
426411,0,20,0,0,0,1,7,7,0,0,0,0,200,2,200,200,200,200,200,200,200
426412,0,30,200,200,1,1,12,5,0,1,200,25,16,1,5,200,12,0,0,200,200
426412,0,30,200,200,1,1,12,5,0,1,200,25,16,0,5,0,0,0,0,200,200
426412,1,30,200,200,1,1,12,5,0,1,200,25,16,1,6,0,200,200,200,200,200
426418,0,30,0,0,0,1,3,6,0,0,0,20,200,0,6,0,6,0,0,200,200
426418,0,30,0,0,0,1,3,6,0,0,0,20,200,1,6,0,0,0,0,200,200
426418,1,30,0,0,0,1,3,6,0,0,0,20,200,0,6,0,200,200,200,200,200
426418,1,30,0,0,0,1,3,6,0,0,0,20,200,1,200,0,200,200,200,200,200
426418,1,30,0,0,0,1,3,6,0,0,0,20,200,0,200,0,200,200,200,200,200
426422,0,30,1,2,0,1,14,5,0,0,0,18,0,0,200,200,3,200,200,200,200
426422,0,30,1,2,0,1,14,5,0,0,0,18,0,1,6,0,12,0,0,200,200
426423,0,35,0,0,0,1,7,5,0,1,0,0,0,0,200,0,200,200,200,200,200
426425,0,25,0,0,2,1,0,5,0,1,0,17,0,1,5,200,1,0,0,200,200
426425,0,25,0,0,2,1,0,5,0,1,0,17,0,1,3,0,0,0,0,200,200
426426,0,15,0,0,1,1,7,6,0,0,0,11,200,1,5,0,12,0,0,200,200
426426,1,15,0,0,1,1,7,6,0,0,0,11,200,0,5,0,200,200,200,200,200
426427,0,30,1,2,0,1,12,5,0,0,0,21,200,1,6,200,4,200,200,200,200
426427,0,30,1,2,0,1,12,5,0,0,0,21,200,1,5,0,0,0,0,200,200
426432,0,30,1,2,2,1,14,5,0,1,0,22,200,0,200,200,2,200,200,200,200
426432,0,30,1,2,2,1,14,5,0,1,0,22,200,1,7,0,0,0,0,200,200
426434,0,30,2,2,0,1,9,5,0,0,0,17,17,0,6,0,1,0,0,200,200
426434,5,30,2,2,0,1,9,5,0,0,0,17,17,0,5,7,0,0,0,200,200
426435,0,30,1,2,0,3,0,6,0,0,0,6,200,0,5,0,5,0,0,200,200
426435,0,30,1,2,0,3,0,6,0,0,0,6,200,1,6,0,0,0,0,200,200
426436,0,30,1,2,1,1,10,5,0,0,200,12,0,0,6,0,1,0,0,200,200
426436,0,30,1,2,1,1,10,5,0,0,200,12,0,0,7,0,0,0,0,200,200
426436,0,30,1,2,1,1,10,5,0,0,200,12,0,0,6,0,0,0,0,200,200
426436,1,30,1,2,1,1,10,5,0,0,200,12,0,0,6,0,200,200,200,200,200
426436,1,30,1,2,1,1,10,5,0,0,200,12,0,1,7,0,200,200,200,200,200
426437,0,30,0,0,0,1,14,5,0,0,0,0,0,0,7,0,12,200,0,200,200
426437,0,30,0,0,0,1,14,5,0,0,0,0,0,1,6,0,200,200,0,200,200
426439,0,35,0,0,2,1,10,2,0,1,0,18,18,0,5,0,3,0,0,200,200
426439,0,35,0,0,2,1,10,2,0,1,0,18,18,0,3,0,3,0,0,200,200
426439,0,35,0,0,2,1,10,2,0,1,0,18,18,1,5,0,12,0,0,200,200
426439,1,35,0,0,2,1,10,2,0,1,0,18,18,1,5,0,200,200,200,200,200
426439,1,35,0,0,2,1,10,2,0,1,0,18,18,0,0,5,200,200,200,200,200
426439,1,35,0,0,2,1,10,2,0,1,0,18,18,1,0,5,200,200,200,200,200
426439,1,35,0,0,2,1,10,2,0,1,0,18,18,1,2,5,200,200,200,200,200
426442,0,30,0,0,0,1,10,5,0,0,0,16,11,1,5,0,1,0,0,200,200
426442,0,30,0,0,0,1,10,5,0,0,0,16,11,1,6,0,0,0,0,200,200
426444,0,30,0,0,0,1,7,5,0,1,0,12,12,0,7,0,0,0,0,200,200
426445,0,25,2,2,0,1,7,5,0,200,200,16,11,1,6,0,12,0,0,200,200
426450,0,30,0,0,1,1,10,5,0,200,200,200,200,0,200,200,3,200,200,200,200
426450,0,30,0,0,1,1,10,5,0,200,200,200,200,0,8,200,0,0,200,200,200
426451,0,30,1,2,0,1,10,5,0,0,1,18,0,0,6,0,3,0,0,200,200
426451,0,30,1,2,0,1,10,5,0,0,1,18,0,0,200,0,0,0,0,200,200
426451,1,30,1,2,0,1,10,5,0,0,1,18,0,1,3,0,200,200,200,200,200
426451,1,30,1,2,0,1,10,5,0,0,1,18,0,0,2,0,200,200,200,200,200
426451,1,30,1,2,0,1,10,5,0,0,1,18,0,0,2,0,200,200,200,200,200
426454,0,30,0,0,0,1,7,5,0,200,200,0,200,2,200,200,200,200,200,200,200
426457,0,30,0,0,1,4,14,5,0,0,0,0,0,0,8,0,1,200,0,200,200
426457,0,30,0,0,1,4,14,5,0,0,0,0,0,0,5,0,200,200,0,200,200
426462,0,30,0,0,0,1,10,2,0,200,200,18,200,1,5,200,3,200,200,200,200
426462,0,30,0,0,0,1,10,2,0,200,200,18,200,1,9,200,0,200,200,200,200
426463,0,20,0,0,1,1,7,6,0,1,200,0,0,2,200,200,200,200,200,200,200
426466,0,30,2,2,0,1,0,2,0,0,0,5,16,0,4,0,1,0,0,200,200
426466,0,30,2,2,0,1,0,2,0,0,0,5,16,0,5,0,0,0,0,200,200
426467,0,30,1,2,0,1,10,2,0,0,0,16,11,1,200,200,8,200,200,200,200
426467,0,30,1,2,0,1,10,2,0,0,0,16,11,0,6,0,0,0,0,200,200
426469,0,30,0,0,0,4,14,3,0,1,0,17,0,0,5,0,1,0,0,200,200
426469,0,30,0,0,0,4,14,3,0,1,0,17,0,1,7,0,0,0,0,200,200
426470,0,30,0,0,0,1,7,5,0,0,0,13,22,1,6,0,0,0,0,200,200
426471,0,30,0,0,0,1,12,2,0,200,200,17,11,0,5,200,1,200,200,200,200
426471,0,30,0,0,0,1,12,2,0,200,200,17,11,0,6,0,0,0,0,200,200
426474,0,5,0,0,0,1,14,8,0,0,0,0,0,0,200,200,200,200,200,200,200
426474,0,5,0,0,0,1,14,8,0,0,0,0,0,0,200,0,200,0,0,200,200
426475,0,25,0,0,0,1,12,5,0,0,0,200,200,2,200,200,200,200,200,200,200
426475,0,25,0,0,0,1,12,5,0,0,0,200,200,0,8,0,0,0,0,200,200
426476,0,30,0,0,0,1,10,2,0,0,2,18,200,0,7,200,1,200,200,200,200
426476,0,30,0,0,0,1,10,2,0,0,2,18,200,0,7,0,0,0,0,200,200
426479,0,30,0,0,0,4,12,5,0,1,0,22,21,0,5,200,2,200,0,200,200
426479,0,30,0,0,0,4,12,5,0,1,0,22,21,0,6,200,0,200,0,200,200
426479,1,30,0,0,0,4,12,5,0,1,0,22,21,1,5,200,200,200,200,200,200
426479,1,30,0,0,0,4,12,5,0,1,0,22,21,1,2,200,200,200,200,200,200
426479,1,30,0,0,0,4,12,5,0,1,0,22,21,1,2,200,200,200,200,200,200
426479,1,30,0,0,0,4,12,5,0,1,0,22,21,0,5,200,200,200,200,200,200
426486,0,30,2,0,0,2,10,5,0,0,0,0,200,1,200,200,200,200,200,200,200
426486,0,30,2,0,0,2,10,5,0,0,0,0,200,1,6,0,0,0,0,200,200
426491,0,30,0,0,0,1,2,5,0,12,12,29,0,1,5,0,0,0,200,200,200
426499,0,30,2,200,0,4,12,5,0,0,0,20,200,0,200,200,6,200,200,200,200
426499,0,30,2,200,0,4,12,5,0,0,0,20,200,0,6,200,200,0,0,200,200
426499,1,30,2,200,0,4,12,5,0,0,0,20,200,0,6,200,200,200,200,200,200
426509,0,30,1,2,0,4,14,2,0,0,0,23,0,1,5,0,1,0,0,200,200
426509,0,30,1,2,0,4,14,2,0,0,0,23,0,0,5,0,0,0,0,200,200
426509,1,30,1,2,0,4,14,2,0,0,0,23,0,1,6,0,200,200,200,200,200
426509,1,30,1,2,0,4,14,2,0,0,0,23,0,1,6,0,200,200,200,200,200
426509,1,30,1,2,0,4,14,2,0,0,0,23,0,1,6,0,200,200,200,200,200
426510,0,30,1,2,0,1,10,2,0,0,0,7,11,1,6,0,12,0,0,200,200
426510,0,30,1,2,0,1,10,2,0,0,0,7,11,1,200,200,0,200,200,200,200
426512,0,30,0,0,0,1,7,5,0,0,0,0,0,2,200,200,200,200,200,200,200
426514,0,30,12,0,0,3,14,2,0,0,0,17,16,1,5,200,1,0,0,200,200
426514,0,30,12,0,0,3,14,2,0,0,0,17,16,0,6,200,0,0,0,200,200
426516,0,30,1,2,0,3,14,2,0,0,0,11,0,1,200,0,200,200,0,200,200
426516,0,30,1,2,0,3,14,2,0,0,0,11,0,0,5,0,0,200,0,200,200
426516,1,30,1,2,0,3,14,2,0,0,0,11,0,0,200,0,200,200,200,200,200
426518,0,35,1,2,0,1,10,5,0,0,0,0,0,0,6,0,0,0,0,200,200
426518,0,35,1,2,0,1,10,5,0,0,0,0,0,1,7,0,0,0,0,200,200
426521,0,30,0,0,1,4,12,5,0,1,0,0,0,1,200,200,200,200,200,200,200
426521,0,30,0,0,1,4,12,5,0,1,0,0,0,0,6,0,0,0,0,200,200
426522,0,15,0,0,0,1,7,7,0,0,0,0,200,2,200,200,0,200,200,200,200
426527,0,30,0,0,0,2,5,5,0,0,0,22,200,0,6,200,200,0,0,200,200
426532,0,30,1,2,0,3,12,5,0,0,0,21,200,0,8,0,4,0,0,200,200
426532,0,30,1,2,0,3,12,5,0,0,0,21,200,0,4,1,0,0,0,200,200
426538,0,35,0,0,0,0,10,5,0,0,0,7,0,0,7,0,12,0,2,200,200
426538,0,35,0,0,0,0,10,5,0,0,0,7,0,1,6,0,0,0,0,200,200
426539,0,30,1,2,0,4,12,5,0,0,0,17,17,0,7,0,4,0,0,200,200
426539,0,30,1,2,0,4,12,5,0,0,0,17,17,0,6,0,0,0,0,200,200
426545,0,15,0,0,200,200,7,12,0,200,0,200,200,2,200,200,200,200,200,200,200
426546,0,35,0,0,0,3,7,3,0,0,0,200,0,0,4,0,200,0,0,200,200
426550,0,30,2,2,0,1,0,5,0,0,0,0,0,0,6,0,1,0,0,200,200
426550,0,30,2,2,0,1,0,5,0,0,0,0,0,1,5,1,0,0,0,200,200
426569,0,35,1,2,0,3,10,1,0,0,0,2,0,1,200,200,15,200,200,200,200
426569,0,35,1,2,0,3,10,1,0,0,0,2,0,0,5,0,0,0,0,200,200
426571,0,30,0,0,0,1,7,6,0,0,0,200,200,1,6,0,6,0,0,200,200
426587,0,30,0,0,0,3,12,5,0,0,0,0,0,1,4,0,0,0,0,200,200
426587,0,30,0,0,0,3,12,5,0,0,0,0,0,1,6,0,0,0,0,200,200
426588,0,30,1,200,0,1,10,5,0,200,200,18,200,1,200,200,3,200,200,200,200
426588,0,30,1,200,0,1,10,5,0,200,200,18,200,0,6,200,200,0,0,200,200
426588,1,30,1,200,0,1,10,5,0,200,200,18,200,1,6,200,200,200,200,200,200
426591,0,35,1,2,2,4,10,2,0,1,0,34,200,0,6,0,0,0,0,200,200
426591,0,35,1,2,2,4,10,2,0,1,0,34,200,0,6,0,0,0,0,200,200
426591,1,35,1,2,2,4,10,2,0,1,0,34,200,1,200,0,200,200,200,200,200
426592,0,30,0,0,0,4,7,7,0,0,0,200,200,1,200,200,200,200,200,200,200
426593,0,35,0,0,0,3,7,6,2,0,200,0,0,0,200,200,200,200,200,200,200
426593,1,35,0,0,0,3,7,6,2,0,200,0,0,2,200,200,200,200,200,200,200
426593,1,35,0,0,0,3,7,6,2,0,200,0,0,2,200,200,200,200,200,200,200
426593,1,35,0,0,0,3,7,6,2,0,200,0,0,2,200,200,200,200,200,200,200
426596,0,30,1,2,0,3,12,5,0,0,0,22,200,0,200,200,2,200,200,200,200
426596,0,30,1,2,0,3,12,5,0,0,0,22,200,1,7,0,0,0,0,200,200
426599,0,30,0,0,0,1,8,12,2,0,0,0,0,1,200,200,200,200,0,200,200
426599,4,30,0,0,0,1,8,12,2,0,0,0,0,0,6,7,200,200,0,200,200
426606,0,30,2,2,0,2,0,2,0,0,0,17,200,0,3,0,1,0,7,200,200
426606,0,30,2,2,0,2,0,2,0,0,0,17,200,1,6,0,0,0,7,200,200
426608,0,30,1,2,0,3,12,5,0,0,0,22,11,1,4,0,4,0,0,200,200
426608,0,30,1,2,0,3,12,5,0,0,0,22,11,0,5,0,200,0,0,200,200
426619,0,15,0,0,2,1,0,7,0,1,0,20,7,0,200,200,6,0,0,200,200
426619,0,15,0,0,2,1,0,7,0,1,0,20,7,1,6,0,0,0,0,200,200
426634,0,30,0,0,0,3,10,5,0,0,0,0,0,0,0,0,200,0,0,200,200
426634,0,30,0,0,0,3,10,5,0,0,0,0,0,1,0,0,0,0,0,200,200
426634,1,30,0,0,0,3,10,5,0,0,0,0,0,1,5,0,200,200,200,200,200
426635,0,30,1,2,0,3,9,2,0,0,0,6,0,2,200,200,200,200,200,200,200
426635,5,30,1,2,0,3,9,2,0,0,0,6,0,1,3,200,5,0,200,200,200
426636,0,30,1,2,0,1,10,12,0,0,12,0,0,0,7,200,200,200,200,200,200
426636,0,30,1,2,0,1,10,12,0,0,12,0,0,1,7,0,0,0,0,200,200
426636,0,30,1,2,0,1,10,12,0,0,12,0,0,2,200,200,200,200,200,200,200
426642,0,30,0,200,0,3,10,5,0,0,0,25,25,0,5,200,13,200,0,200,200
426642,0,30,0,200,0,3,10,5,0,0,0,25,25,0,200,200,200,0,0,200,200
426642,0,30,0,200,0,3,10,5,0,0,0,25,25,1,6,200,200,0,0,200,200
426642,1,30,0,200,0,3,10,5,0,0,0,25,25,0,5,200,200,200,200,200,200
426647,0,30,1,2,0,3,10,3,0,0,0,25,0,1,200,200,200,200,200,200,200
426647,0,30,1,2,0,3,10,3,0,0,0,25,0,0,8,0,0,0,0,200,200
426651,0,30,1,2,0,0,12,5,0,0,0,21,0,1,200,200,4,200,200,200,200
426651,0,30,1,2,0,0,12,5,0,0,0,21,0,1,6,200,0,200,200,200,200
426653,0,30,0,0,0,3,12,6,0,0,0,17,17,0,7,200,10,0,0,200,200
426653,0,30,0,0,0,3,12,6,0,0,0,17,17,0,6,0,0,0,0,200,200
426662,0,30,1,2,1,1,10,3,0,0,0,0,0,0,0,200,3,200,200,200,200
426662,0,30,1,2,1,1,10,3,0,0,0,0,0,1,7,0,0,0,0,200,200
426669,0,35,0,0,2,1,0,5,0,1,0,17,200,0,200,200,1,200,200,200,200
426669,0,35,0,0,2,1,0,5,0,1,0,17,200,1,5,0,0,0,0,200,200
426672,0,30,2,2,0,3,10,2,0,0,0,18,200,0,6,200,3,0,0,200,200
426672,0,30,2,2,0,3,10,2,0,0,0,18,200,0,7,200,0,0,0,200,200
426672,1,30,2,2,0,3,10,2,0,0,0,18,200,1,200,200,200,200,200,200,200
426672,1,30,2,2,0,3,10,2,0,0,0,18,200,200,200,200,200,200,200,200,200
426692,0,30,0,0,0,3,7,5,0,0,0,0,0,0,200,200,12,200,200,200,200
426693,0,30,1,2,0,4,10,2,0,0,0,18,0,0,5,200,3,0,0,200,200
426693,0,30,1,2,0,4,10,2,0,0,0,18,0,0,0,200,0,0,0,200,200
426699,0,30,1,1,0,3,10,2,0,0,0,18,16,0,6,0,3,0,0,200,200
426699,0,30,1,1,0,3,10,2,0,0,0,18,16,0,6,0,0,0,0,200,200
426699,1,30,1,1,0,3,10,2,0,0,0,18,16,1,6,0,200,200,200,200,200
426702,0,30,2,200,0,3,14,6,0,200,200,21,0,0,7,200,7,200,0,200,200
426702,0,30,2,200,0,3,14,6,0,200,200,21,0,0,5,200,7,200,0,200,200
426708,0,20,0,0,0,3,7,6,0,0,0,22,0,2,200,200,2,200,200,200,200
426709,0,30,2,2,0,3,7,6,0,0,0,0,0,0,200,200,200,200,200,200,200
426709,1,30,2,2,0,3,7,6,0,0,0,0,0,200,200,200,200,200,200,200,200
426709,1,30,2,2,0,3,7,6,0,0,0,0,0,200,200,200,200,200,200,200,200
426711,0,30,1,2,0,3,9,6,0,0,0,8,0,1,5,0,1,12,0,200,200
426711,5,30,1,2,0,3,9,6,0,0,0,8,0,1,6,7,0,0,0,200,200
426717,0,30,0,0,0,3,12,5,0,0,0,0,0,0,200,200,200,200,200,200,200
426717,0,30,0,0,0,3,12,5,0,0,0,0,0,0,5,0,0,0,0,200,200
426720,0,30,0,0,0,3,12,5,0,0,0,23,22,0,7,200,4,200,200,200,200
426720,0,30,0,0,0,3,12,5,0,0,0,23,22,0,200,0,0,0,0,200,200
426720,1,30,0,0,0,3,12,5,0,0,0,23,22,1,5,0,200,200,200,200,200
426725,0,30,2,2,0,3,0,5,0,1,200,10,200,1,8,200,1,200,0,200,200
426725,0,30,2,2,0,3,0,5,0,1,200,10,200,0,4,200,0,200,0,200,200
426737,0,35,0,0,0,3,0,12,0,0,0,0,200,1,5,200,1,200,0,200,200
426737,0,35,0,0,0,3,0,12,0,0,0,0,200,1,6,200,200,200,0,200,200
426739,0,30,0,0,0,3,12,5,0,0,0,0,0,0,4,200,200,200,200,200,200
426739,0,30,0,0,0,3,12,5,0,0,0,0,0,1,9,0,200,0,0,200,200
426741,0,30,0,0,0,3,11,5,2,0,0,21,0,2,200,200,4,200,200,200,200
426741,0,30,0,0,0,3,11,5,2,0,0,21,0,0,7,0,0,0,0,200,200
426744,0,35,0,0,0,0,14,5,0,0,0,6,0,0,6,0,1,0,0,200,200
426744,0,35,0,0,0,0,14,5,0,0,0,6,0,0,3,0,0,0,0,200,200
426747,0,35,0,0,0,3,0,5,0,0,0,16,200,0,5,200,0,0,0,200,200
426747,0,35,0,0,0,3,0,5,0,0,0,16,200,0,5,200,12,0,200,200,200
426754,0,30,1,2,0,3,10,5,0,0,0,18,200,1,4,0,200,0,0,200,200
426754,0,30,1,2,0,3,10,5,0,0,0,18,200,1,5,200,0,200,0,200,200
426757,0,10,0,0,0,0,10,7,0,0,0,0,0,1,6,0,0,0,0,200,200
426757,0,10,0,0,0,0,10,7,0,0,0,0,0,0,200,200,200,200,200,200,200
426757,1,10,0,0,0,0,10,7,0,0,0,0,0,0,200,200,200,200,200,200,200
426762,0,30,1,2,0,3,14,2,0,0,0,23,0,0,6,0,7,200,0,200,200
426762,0,30,1,2,0,3,14,2,0,0,0,23,0,0,5,3,0,200,0,200,200
426764,0,30,1,2,0,0,0,5,0,0,0,17,200,1,5,200,1,0,0,200,200
426764,0,30,1,2,0,0,0,5,0,0,0,17,200,0,6,200,0,0,0,200,200
426764,0,30,1,2,0,0,0,5,0,0,0,17,200,0,6,200,0,0,0,200,200
426764,1,30,1,2,0,0,0,5,0,0,0,17,200,1,5,200,200,200,200,200,200
426769,0,30,0,0,0,3,12,5,0,0,0,0,0,0,5,0,200,0,0,200,200
426769,0,30,0,0,0,3,12,5,0,0,0,0,0,0,7,0,0,0,0,200,200
426772,0,30,0,0,0,3,10,6,0,1,0,18,11,0,3,200,3,0,0,200,200
426772,0,30,0,0,0,3,10,6,0,1,0,18,11,0,6,0,0,0,0,200,200
426772,1,30,0,0,0,3,10,6,0,1,0,18,11,1,4,200,200,200,200,200,200
426772,1,30,0,0,0,3,10,6,0,1,0,18,11,0,6,0,200,200,200,200,200
426772,1,30,0,0,0,3,10,6,0,1,0,18,11,0,6,0,200,200,200,200,200
426772,1,30,0,0,0,3,10,6,0,1,0,18,11,0,6,0,200,200,200,200,200
426802,0,45,0,0,0,3,10,3,0,0,0,21,16,0,200,200,4,200,200,200,200
426802,0,45,0,0,0,3,10,3,0,0,0,21,16,0,5,0,0,0,0,200,200
426816,0,30,1,2,0,3,10,3,0,0,0,18,0,1,7,200,3,0,0,200,200
426816,0,30,1,2,0,3,10,3,0,0,0,18,0,1,4,200,0,0,0,200,200
426816,1,30,1,2,0,3,10,3,0,0,0,18,0,1,4,200,200,200,200,200,200
426827,0,35,2,2,0,3,10,6,0,0,0,0,200,0,6,0,12,0,0,200,200
426827,0,35,2,2,0,3,10,6,0,0,0,0,200,0,6,200,0,0,0,200,200
426830,0,30,0,0,0,3,9,5,0,0,0,200,200,0,7,0,200,0,0,200,200
426830,5,30,0,0,0,3,9,5,0,0,0,200,200,0,5,200,200,200,5,200,200
426834,0,30,200,200,0,3,10,5,0,0,200,18,200,2,200,200,200,200,200,200,200
426834,0,30,200,200,0,3,10,5,0,0,200,18,200,1,5,200,0,200,0,200,200
426834,1,30,200,200,0,3,10,5,0,0,200,18,200,200,200,200,200,200,200,200,200
426834,1,30,200,200,0,3,10,5,0,0,200,18,200,200,200,200,200,200,200,200,200
426834,1,30,200,200,0,3,10,5,0,0,200,18,200,200,200,200,200,200,200,200,200
426842,0,30,1,2,0,3,6,5,0,0,0,6,200,0,5,0,5,200,7,200,1
426842,0,30,1,2,0,3,6,5,0,0,0,6,200,0,7,0,0,200,0,200,200
426842,1,30,1,2,0,3,6,5,0,0,0,6,200,0,5,0,200,200,200,200,200
426842,1,30,1,2,0,3,6,5,0,0,0,6,200,0,5,0,200,200,200,200,200
426849,0,30,2,2,0,3,10,2,0,0,0,20,200,1,7,0,6,0,0,200,200
426849,0,30,2,2,0,3,10,2,0,0,0,20,200,0,6,0,0,0,0,200,200
426867,0,30,0,0,0,3,0,5,0,0,0,0,0,2,200,200,200,200,200,200,200
426867,0,30,0,0,0,3,0,5,0,0,0,0,0,0,6,0,0,0,0,200,200
426873,0,25,1,200,0,3,7,5,0,0,0,0,22,0,200,200,2,200,200,200,200
426873,1,25,1,200,0,3,7,5,0,0,0,0,22,0,5,200,200,200,200,200,200
426874,0,30,2,2,0,3,14,5,0,0,0,5,0,2,200,200,5,200,200,200,200
426874,0,30,2,2,0,3,14,5,0,0,0,5,0,0,5,0,0,0,0,200,200
426876,0,30,0,0,0,3,12,3,0,0,0,22,22,0,6,0,4,0,0,200,200
426876,0,30,0,0,0,3,12,3,0,0,0,22,22,0,7,0,0,0,0,200,200
426880,0,30,2,2,0,3,10,5,0,0,0,18,0,1,200,200,3,200,200,200,200
426880,0,30,2,2,0,3,10,5,0,0,0,18,0,0,5,200,0,0,0,200,200
426880,1,30,2,2,0,3,10,5,0,0,0,18,0,200,200,200,200,200,200,200,200
426881,0,35,0,0,0,3,2,3,0,0,0,29,11,0,5,0,4,0,0,200,200
426881,1,35,0,0,0,3,2,3,0,0,0,29,11,1,5,0,200,200,200,200,200
426891,0,30,1,2,0,3,10,3,0,0,0,16,18,0,7,200,3,0,0,200,200
426891,0,30,1,2,0,3,10,3,0,0,0,16,18,0,6,200,200,0,0,200,200
426891,1,30,1,2,0,3,10,3,0,0,0,16,18,1,6,200,200,200,200,200,200
426897,0,25,0,0,0,0,7,6,0,0,0,16,200,0,5,200,9,200,200,200,200
426897,1,25,0,0,0,0,7,6,0,0,0,16,200,0,5,200,200,200,200,200,200
426899,0,30,1,2,0,3,10,5,0,0,0,18,200,1,4,0,200,200,200,0,200
426899,0,30,1,2,0,3,10,5,0,0,0,18,200,0,5,0,0,0,0,200,200
426899,1,30,1,2,0,3,10,5,0,0,0,18,200,0,5,0,200,200,200,200,200
426901,0,30,0,0,0,3,7,6,0,0,3,200,200,0,200,200,200,200,200,200,200
426901,1,30,0,0,0,3,7,6,0,0,3,200,200,1,4,0,200,200,200,200,200
426908,0,30,1,2,0,3,14,5,0,0,0,3,17,1,4,200,7,0,200,200,200
426908,0,30,1,2,0,3,14,5,0,0,0,3,17,1,5,200,0,0,0,200,200
426908,1,30,1,2,0,3,14,5,0,0,0,3,17,1,4,200,200,200,200,200,200
426908,1,30,1,2,0,3,14,5,0,0,0,3,17,0,5,200,200,200,200,200,200
426911,0,20,0,0,0,3,7,6,0,0,0,0,0,1,200,200,200,200,200,200,200
426911,1,20,0,0,0,3,7,6,0,0,0,0,0,0,200,0,200,200,200,200,200
426915,0,30,0,0,0,3,2,8,3,0,0,0,0,2,200,200,200,200,200,200,200
426921,0,30,0,0,0,3,7,2,0,0,200,0,200,2,200,200,200,200,200,200,200
426922,0,30,1,2,0,3,8,5,0,0,0,17,200,0,7,200,1,200,200,200,200
426922,4,30,1,2,0,3,8,5,0,0,0,17,200,0,6,200,12,200,0,200,200
426930,0,30,0,0,0,3,7,2,0,0,0,0,200,1,200,200,12,200,200,200,200
426932,0,30,1,2,0,3,8,2,0,0,0,17,0,1,5,0,1,12,0,200,200
426932,4,30,1,2,0,3,8,2,0,0,0,17,0,0,7,7,12,0,0,200,200
426934,0,30,0,0,0,3,7,6,0,0,0,200,200,0,6,200,12,0,2,200,200
426936,0,15,0,0,0,3,7,6,0,0,0,0,0,0,7,200,200,200,200,200,200