RD_NO,PERSON_TYPE,POSTED_SPEED_LIMIT,TRAFFIC_CONTROL_DEVICE,DEVICE_CONDITION,WEATHER_CONDITION,LIGHTING_CONDITION,FIRST_CRASH_TYPE,TRAFFICWAY_TYPE,ALIGNMENT,ROADWAY_SURFACE_COND,ROAD_DEFECT,PRIM_CONTRIBUTORY_CAUSE,SEC_CONTRIBUTORY_CAUSE,SEX,AGE,SAFETY_EQUIPMENT,DRIVER_ACTION,DRIVER_VISION,PHYSICAL_CONDITION,BAC_RESULT VALUE,CELL_PHONE_USE
426941,0,30,0,0,0,3,7,5,0,0,0,21,0,2,200,200,12,200,200,200,200
426947,0,30,0,0,0,3,7,5,0,0,200,27,200,0,6,0,12,0,2,200,200
426948,0,40,0,0,0,3,12,3,0,0,0,22,25,1,4,0,2,0,0,200,200
426948,0,40,0,0,0,3,12,3,0,0,0,22,25,1,6,0,0,0,0,200,200
426949,0,30,2,0,0,3,2,6,0,0,0,27,25,0,6,200,12,0,2,200,200
426963,0,30,0,0,0,3,2,5,0,0,0,27,200,0,5,0,12,0,2,200,200
426965,0,30,1,2,0,3,14,6,0,0,0,22,17,0,6,0,7,0,0,200,200
426965,0,30,1,2,0,3,14,6,0,0,0,22,17,1,5,0,0,0,0,200,200
426968,0,30,0,0,200,200,7,6,0,0,0,0,200,2,200,200,200,200,200,200,200
426980,0,30,0,0,0,2,7,2,0,0,0,0,0,0,7,0,200,0,0,200,200
426981,0,30,1,2,1,2,0,6,0,0,0,0,0,0,200,200,1,200,200,200,200
426981,0,30,1,2,1,2,0,6,0,0,0,0,0,1,6,0,0,0,0,200,200
426985,0,30,0,0,0,1,2,3,0,0,0,7,200,1,6,200,12,0,0,200,200
426985,1,30,0,0,0,1,2,3,0,0,0,7,200,1,7,200,200,200,200,200,200
426985,1,30,0,0,0,1,2,3,0,0,0,7,200,1,1,200,200,200,200,200,200
426986,0,30,1,2,0,1,14,3,3,0,0,23,21,0,7,0,7,200,0,200,200
426986,0,30,1,2,0,1,14,3,3,0,0,23,21,1,6,0,12,0,0,200,200
426987,0,30,0,0,0,1,10,12,0,0,0,11,0,0,200,0,8,0,0,200,200
426987,0,30,0,0,0,1,10,12,0,0,0,11,0,0,200,0,12,0,0,200,200
426991,0,30,2,2,0,3,10,5,0,0,0,18,0,0,200,200,8,200,200,200,200
426991,0,30,2,2,0,3,10,5,0,0,0,18,0,0,7,7,0,0,0,200,200
426991,1,30,2,2,0,3,10,5,0,0,0,18,0,0,200,200,200,200,200,200,200
426992,0,30,0,0,0,1,2,5,0,0,0,20,200,0,7,0,6,0,0,200,200
426999,0,30,1,200,1,1,9,8,0,0,200,17,200,0,6,200,1,200,0,200,200
426999,5,30,1,200,1,1,9,8,0,0,200,17,200,1,7,7,0,200,0,200,200
427009,0,15,2,2,1,2,2,5,0,0,0,27,200,0,0,200,1,200,2,200,200
427017,0,40,0,0,1,1,10,8,2,0,0,18,11,1,6,0,3,0,0,200,200
427017,0,40,0,0,1,1,10,8,2,0,0,18,11,0,6,0,0,0,0,200,200
427018,0,30,1,2,0,1,14,12,0,0,0,17,17,0,6,0,0,0,0,200,200
427018,0,30,1,2,0,1,14,12,0,0,0,17,17,0,6,0,1,0,0,200,200
427023,0,30,1,2,1,1,10,3,0,0,0,18,0,1,8,0,3,0,0,200,200
427023,0,30,1,2,1,1,10,3,0,0,0,18,0,1,6,0,0,0,0,200,200
427024,0,30,0,0,0,1,7,5,0,0,0,0,200,2,200,200,200,200,200,200,200
427027,0,30,0,0,0,1,12,2,0,0,0,18,0,0,200,200,3,200,200,200,200
427027,0,30,0,0,0,1,12,2,0,0,0,18,0,0,7,0,0,200,0,200,200
427027,1,30,0,0,0,1,12,2,0,0,0,18,0,0,200,200,200,200,200,200,200
427028,0,30,2,3,0,1,10,5,0,0,0,18,0,2,200,200,8,200,200,200,200
427028,0,30,2,3,0,1,10,5,0,0,0,18,0,1,6,0,0,0,0,200,200
427028,1,30,2,3,0,1,10,5,0,0,0,18,0,1,3,0,200,200,200,200,200
427028,1,30,2,3,0,1,10,5,0,0,0,18,0,1,2,0,200,200,200,200,200
427032,0,30,0,0,0,1,12,3,3,0,0,17,0,0,8,0,4,0,0,200,200
427032,0,30,0,0,0,1,12,3,3,0,0,17,0,1,5,0,0,0,0,200,200
427032,1,30,0,0,0,1,12,3,3,0,0,17,0,1,8,0,200,200,200,200,200
427035,0,0,0,0,0,0,7,6,0,0,0,21,200,0,200,200,12,200,200,200,200
427038,0,35,0,0,1,1,7,6,2,0,200,200,200,1,5,200,200,200,0,200,200
427039,0,15,0,0,0,0,2,0,0,0,0,14,200,0,200,200,12,200,200,200,200
427045,0,30,1,2,0,1,10,5,0,0,0,16,200,1,4,0,3,0,0,200,200
427045,0,30,1,2,0,1,10,5,0,0,0,16,200,1,7,0,0,0,0,200,200
427045,1,30,1,2,0,1,10,5,0,0,0,16,200,0,5,0,200,200,200,200,200
427053,0,30,0,0,0,1,14,2,0,0,0,23,0,0,6,200,7,0,0,200,200
427053,0,30,0,0,0,1,14,2,0,0,0,23,0,0,7,200,0,0,0,200,200
427059,0,20,0,0,200,200,7,5,0,200,0,0,0,2,200,200,200,200,200,200,200
427066,0,30,0,0,0,1,10,5,0,0,0,18,18,0,6,200,1,200,200,200,200
427066,0,30,0,0,0,1,10,5,0,0,0,18,18,0,7,0,0,0,0,200,200
427066,1,30,0,0,0,1,10,5,0,0,0,18,18,0,200,200,200,200,200,200,200
427066,1,30,0,0,0,1,10,5,0,0,0,18,18,1,200,0,200,200,200,200,200
427082,0,10,0,0,0,1,2,0,0,0,0,7,7,0,8,0,12,0,0,200,200
427084,0,0,1,2,1,1,0,3,0,0,0,6,11,0,200,200,5,200,200,200,200
427084,0,0,1,2,1,1,0,3,0,0,0,6,11,0,6,0,0,0,0,200,200
427084,1,0,1,2,1,1,0,3,0,0,0,6,11,200,200,200,200,200,200,200,200
427084,1,0,1,2,1,1,0,3,0,0,0,6,11,200,200,200,200,200,200,200,200
427084,1,0,1,2,1,1,0,3,0,0,0,6,11,200,200,200,200,200,200,200,200
427084,1,0,1,2,1,1,0,3,0,0,0,6,11,200,200,0,200,200,200,200,200
427084,1,0,1,2,1,1,0,3,0,0,0,6,11,200,200,0,200,200,200,200,200
427084,1,0,1,2,1,1,0,3,0,0,0,6,11,200,200,0,200,200,200,200,200
427085,0,25,0,0,0,1,10,5,0,0,0,17,200,2,200,200,1,200,200,200,200
427085,0,25,0,0,0,1,10,5,0,0,0,17,200,0,200,0,0,0,0,200,200
427096,0,30,0,0,0,3,7,5,0,0,0,25,200,2,200,200,200,200,200,200,200
427098,0,30,0,0,1,1,7,2,0,0,0,25,0,0,200,200,1,200,200,200,200
427101,0,30,1,2,0,1,10,6,0,0,0,22,0,1,200,200,4,200,200,200,200
427101,0,30,1,2,0,1,10,6,0,0,0,22,0,1,6,0,0,0,0,200,200
427107,0,30,1,2,0,1,0,2,0,0,200,0,200,1,6,200,200,200,0,200,200
427107,0,30,1,2,0,1,0,2,0,0,200,0,200,0,6,200,200,200,0,200,200
427114,0,30,1,2,1,1,10,5,0,0,0,18,0,1,7,0,3,0,0,200,200
427114,0,30,1,2,1,1,10,5,0,0,0,18,0,0,7,0,0,0,0,200,200
427114,1,30,1,2,1,1,10,5,0,0,0,18,0,0,200,0,200,200,200,200,200
427119,0,30,0,0,1,1,12,5,0,0,0,25,25,0,4,200,12,200,0,200,200
427119,0,30,0,0,1,1,12,5,0,0,0,25,25,0,6,200,200,200,200,200,200
427119,1,30,0,0,1,1,12,5,0,0,0,25,25,0,7,200,200,200,200,200,200
427123,0,30,1,2,0,1,0,5,0,0,0,0,0,1,7,0,12,0,0,200,200
427123,0,30,1,2,0,1,0,5,0,0,0,0,0,0,6,0,0,0,0,200,200
427126,0,20,0,0,0,1,0,2,0,0,0,200,200,0,6,0,1,200,0,200,200
427126,0,20,0,0,0,1,0,2,0,0,0,200,200,0,6,0,0,0,0,200,200
427128,0,15,0,0,0,1,7,7,0,0,0,20,0,1,7,200,6,0,200,200,200
427128,1,15,0,0,0,1,7,7,0,0,0,20,0,1,200,200,200,200,200,200,200
427128,1,15,0,0,0,1,7,7,0,0,0,20,0,0,6,0,200,200,200,200,200
427128,1,15,0,0,0,1,7,7,0,0,0,20,0,1,5,0,200,200,200,200,200
427128,1,15,0,0,0,1,7,7,0,0,0,20,0,0,1,5,200,200,200,200,200
427131,0,20,0,0,0,1,7,5,0,0,0,21,0,2,200,200,200,200,200,200,200
427134,0,30,0,0,0,1,7,7,0,0,0,27,200,0,8,200,6,0,0,200,200
427137,0,35,1,2,0,1,0,5,0,0,0,6,0,0,9,0,5,200,0,200,200
427137,0,35,1,2,0,1,0,5,0,0,0,6,0,1,6,0,0,0,0,200,200
427137,1,35,1,2,0,1,0,5,0,0,0,6,0,1,200,0,200,200,200,200,200
427137,1,35,1,2,0,1,0,5,0,0,0,6,0,1,9,0,200,200,200,200,200
427137,1,35,1,2,0,1,0,5,0,0,0,6,0,0,8,0,200,200,200,200,200
427144,0,30,1,2,1,1,14,2,0,0,0,25,17,0,5,0,1,1,0,200,200
427144,0,30,1,2,1,1,14,2,0,0,0,25,17,1,6,0,12,0,0,200,200
427147,0,30,0,0,0,1,7,5,0,0,0,0,0,0,7,0,3,0,0,200,200
427155,0,20,2,2,0,1,14,5,0,0,0,21,0,0,200,0,200,0,200,200,200
427155,0,20,2,2,0,1,14,5,0,0,0,21,0,0,6,0,0,0,0,200,200
427155,1,20,2,2,0,1,14,5,0,0,0,21,0,1,6,0,200,200,200,200,200
427155,1,20,2,2,0,1,14,5,0,0,0,21,0,1,2,7,200,200,200,200,200
427157,0,30,0,0,200,200,2,6,2,200,12,0,0,0,6,200,0,0,200,200,200
427159,0,30,1,2,0,1,10,5,0,0,0,18,0,0,200,200,5,200,200,200,200
427159,0,30,1,2,0,1,10,5,0,0,0,18,0,1,8,0,0,0,0,200,200
427167,0,30,0,0,0,1,7,7,0,0,0,0,0,2,200,200,200,0,200,200,200
427168,0,30,0,0,0,1,12,12,0,0,0,11,0,0,200,0,1,0,0,200,200
427168,0,30,0,0,0,1,12,12,0,0,0,11,0,0,200,0,0,0,0,200,200
427173,0,20,0,0,0,1,7,5,0,0,0,0,200,1,6,200,200,200,200,200,200
427186,0,30,0,0,0,1,10,2,0,0,0,0,200,1,5,0,1,0,0,200,200
427186,0,30,0,0,0,1,10,2,0,0,0,0,200,1,6,0,0,0,0,200,200
427186,1,30,0,0,0,1,10,2,0,0,0,0,200,1,200,0,200,200,200,200,200
427186,1,30,0,0,0,1,10,2,0,0,0,0,200,0,0,0,200,200,200,200,200
427192,0,30,0,0,0,1,14,5,0,0,0,8,200,0,7,0,0,0,0,200,200
427192,0,30,0,0,0,1,14,5,0,0,0,8,200,0,7,0,0,0,0,200,200
427192,1,30,0,0,0,1,14,5,0,0,0,8,200,1,6,0,200,200,200,200,200
427192,1,30,0,0,0,1,14,5,0,0,0,8,200,1,2,0,200,200,200,200,200
427192,1,30,0,0,0,1,14,5,0,0,0,8,200,1,3,0,200,200,200,200,200
427192,1,30,0,0,0,1,14,5,0,0,0,8,200,0,2,0,200,200,200,200,200
427192,1,30,0,0,0,1,14,5,0,0,0,8,200,1,7,0,200,200,200,200,200
427199,0,30,0,0,1,1,2,6,0,0,0,0,200,0,6,0,200,200,0,200,200
427202,0,30,0,0,1,1,12,2,0,0,0,0,0,0,200,200,1,200,200,200,200
427202,0,30,0,0,1,1,12,2,0,0,0,0,0,0,7,0,0,0,0,200,200
427205,0,30,1,2,0,1,8,2,0,0,0,6,200,0,200,200,5,200,200,200,200
427205,4,30,1,2,0,1,8,2,0,0,0,6,200,0,6,2,9,200,200,200,200
427207,0,30,0,0,0,3,2,5,0,0,1,200,200,0,8,0,0,0,0,200,200
427212,0,30,0,2,0,1,8,2,0,0,0,0,200,1,6,200,200,0,0,200,200
427212,4,30,0,2,0,1,8,2,0,0,0,0,200,1,6,7,12,200,0,200,200
427217,0,30,1,2,0,1,10,5,0,0,0,200,200,0,5,0,12,0,0,200,200
427217,0,30,1,2,0,1,10,5,0,0,0,200,200,1,6,0,0,0,0,200,200
427217,0,30,1,2,0,1,10,5,0,0,0,200,200,0,5,0,0,0,0,200,200
427217,0,30,1,2,0,1,10,5,0,0,0,200,200,1,7,0,0,0,0,200,200
427218,0,0,0,0,0,1,7,7,0,0,0,0,0,1,6,200,6,0,0,200,200
427219,0,30,2,2,1,1,0,5,0,0,0,0,0,1,9,0,200,200,0,200,200
427219,0,30,2,2,1,1,0,5,0,0,0,0,0,0,6,0,12,200,0,200,200
427219,1,30,2,2,1,1,0,5,0,0,0,0,0,0,3,0,200,200,200,200,200
427222,0,30,0,0,0,1,10,5,0,0,0,18,11,1,4,0,3,0,0,200,200
427222,0,30,0,0,0,1,10,5,0,0,0,18,11,1,6,0,0,0,0,200,200
427231,0,30,0,0,0,1,10,7,0,0,0,20,200,0,200,0,6,0,0,200,200
427231,0,30,0,0,0,1,10,7,0,0,0,20,200,0,7,0,12,0,0,200,200
427239,0,30,0,0,0,1,12,2,0,0,0,17,17,1,6,0,1,3,0,200,200
427239,0,30,0,0,0,1,12,2,0,0,0,17,17,0,9,0,0,0,0,200,200
427242,0,30,0,0,1,1,8,6,0,0,0,11,200,1,6,200,1,0,0,200,200
427242,4,30,0,0,1,1,8,6,0,0,0,11,200,0,9,2,0,0,7,200,200
427242,1,30,0,0,1,1,8,6,0,0,0,11,200,0,2,0,200,200,200,200,200
427242,1,30,0,0,1,1,8,6,0,0,0,11,200,0,2,0,200,200,200,200,200
427242,1,30,0,0,1,1,8,6,0,0,0,11,200,0,2,0,200,200,200,200,200
427244,0,30,0,0,200,200,7,5,0,200,0,0,0,2,200,200,200,200,200,200,200
427247,0,30,0,0,0,0,7,6,0,0,0,0,200,2,200,200,200,200,200,200,200
427248,0,30,0,0,0,1,14,5,0,0,0,0,0,2,200,200,200,200,200,200,200
427248,0,30,0,0,0,1,14,5,0,0,0,0,0,0,7,0,0,0,0,200,200
427252,0,30,0,0,0,1,10,2,0,0,0,0,0,0,5,200,3,0,0,200,200
427252,0,30,0,0,0,1,10,2,0,0,0,0,0,0,6,200,0,0,0,200,200
427256,0,30,1,2,0,1,14,5,2,0,0,17,200,1,5,0,1,0,0,200,200
427256,0,30,1,2,0,1,14,5,2,0,0,17,200,0,6,200,0,0,0,200,200
427256,0,30,1,2,0,1,14,5,2,0,0,17,200,0,5,200,0,0,0,200,200
427256,1,30,1,2,0,1,14,5,2,0,0,17,200,1,5,200,200,200,200,200,200
427256,1,30,1,2,0,1,14,5,2,0,0,17,200,0,0,5,200,200,200,200,200
427256,1,30,1,2,0,1,14,5,2,0,0,17,200,0,1,200,200,200,200,200,200
427256,1,30,1,2,0,1,14,5,2,0,0,17,200,1,0,200,200,200,200,200,200
427261,0,30,2,2,2,1,10,6,0,1,0,34,0,1,6,0,200,0,1,200,200
427261,0,30,2,2,2,1,10,6,0,1,0,34,0,1,6,0,0,0,0,200,200
427262,0,0,0,0,0,1,7,7,0,0,0,21,0,2,200,200,10,200,200,200,200
427266,0,0,0,0,0,1,10,2,0,0,0,18,0,0,6,200,3,200,0,200,200
427266,0,0,0,0,0,1,10,2,0,0,0,18,0,0,6,200,0,200,0,200,200
427267,0,30,2,2,0,1,0,5,0,0,0,33,200,1,7,0,12,5,0,200,200
427267,0,30,2,2,0,1,0,5,0,0,0,33,200,1,8,0,0,0,0,200,200
427268,0,0,0,0,0,1,7,7,0,0,0,0,200,2,200,200,12,200,200,200,200
427269,0,20,0,0,0,3,7,7,0,200,0,0,0,2,200,200,200,200,200,200,200
427271,0,30,1,2,0,1,14,5,0,0,0,17,23,1,6,200,7,0,0,200,200
427271,0,30,1,2,0,1,14,5,0,0,0,17,23,0,6,0,200,0,0,200,200
427272,0,30,0,0,0,1,7,5,0,0,0,0,0,2,200,200,200,200,200,200,200
427275,0,25,1,2,0,1,12,2,0,0,12,200,200,1,7,0,200,200,0,200,200
427275,0,25,1,2,0,1,12,2,0,0,12,200,200,0,4,0,200,200,0,200,200
427286,0,20,2,12,0,1,0,200,0,0,0,17,22,1,5,200,1,200,200,200,200
427286,0,20,2,12,0,1,0,200,0,0,0,17,22,0,3,0,0,0,0,200,200
427286,1,20,2,12,0,1,0,200,0,0,0,17,22,0,200,0,200,200,200,200,200
427295,0,30,0,0,0,1,7,5,0,0,0,0,0,2,200,200,200,200,200,200,200
427300,4,25,0,0,1,1,8,5,1,0,0,16,200,0,4,2,7,0,0,200,200
427301,0,30,0,0,0,1,14,5,0,0,0,0,0,0,7,0,1,0,0,200,200
427301,0,30,0,0,0,1,14,5,0,0,0,0,0,0,7,0,0,0,0,200,200
427301,1,30,0,0,0,1,14,5,0,0,0,0,0,1,8,0,200,200,200,200,200
427301,1,30,0,0,0,1,14,5,0,0,0,0,0,1,5,0,200,200,200,200,200
427305,0,30,0,0,1,1,14,2,0,0,0,22,16,1,200,200,2,200,200,200,200
427305,0,30,0,0,1,1,14,2,0,0,0,22,16,0,7,0,0,0,0,200,200
427312,0,25,0,0,1,1,12,5,0,0,0,22,21,0,6,200,2,200,200,200,200
427312,0,25,0,0,1,1,12,5,0,0,0,22,21,0,200,200,200,0,0,200,200
427316,0,30,1,2,0,1,14,5,0,0,0,23,200,0,8,0,7,200,200,200,200
427316,0,30,1,2,0,1,14,5,0,0,0,23,200,1,7,0,0,0,0,200,200
427319,0,30,2,2,0,1,12,5,0,0,0,22,200,0,200,200,1,200,200,200,200
427319,0,30,2,2,0,1,12,5,0,0,0,22,200,0,5,0,0,0,0,200,200
427319,1,30,2,2,0,1,12,5,0,0,0,22,200,1,200,200,200,200,200,200,200
427320,0,30,0,0,0,1,8,2,0,0,0,17,200,0,6,0,0,0,0,200,200
427320,4,30,0,0,0,1,8,2,0,0,0,17,200,0,6,2,0,0,0,200,200
427320,1,30,0,0,0,1,8,2,0,0,0,17,200,1,6,0,200,200,200,200,200
427320,1,30,0,0,0,1,8,2,0,0,0,17,200,0,5,0,200,200,200,200,200
427324,0,30,0,0,200,200,7,6,0,200,0,0,200,2,200,200,200,200,200,200,200
427325,0,30,0,0,0,1,7,5,0,0,0,0,0,2,200,200,200,200,200,200,200
427326,0,30,1,2,0,2,10,2,0,0,0,18,0,0,4,200,3,0,0,200,200
427326,0,30,1,2,0,2,10,2,0,0,0,18,0,0,5,200,0,0,0,200,200
427328,0,30,0,0,0,0,10,5,0,0,0,18,18,0,5,0,3,0,0,200,200
427328,0,30,0,0,0,0,10,5,0,0,0,18,18,0,5,0,0,0,0,200,200
427329,0,30,1,2,0,1,14,2,0,0,0,0,0,1,6,0,0,0,0,200,200
427329,0,30,1,2,0,1,14,2,0,0,0,0,0,0,6,0,0,0,0,200,200
427329,1,30,1,2,0,1,14,2,0,0,0,0,0,1,6,0,200,200,200,200,200
427329,1,30,1,2,0,1,14,2,0,0,0,0,0,0,6,0,200,200,200,200,200
427331,0,0,0,0,0,1,12,2,0,0,0,21,200,1,5,0,4,0,0,200,200
427331,0,0,0,0,0,1,12,2,0,0,0,21,200,0,7,0,0,0,0,200,200
427331,1,0,0,0,0,1,12,2,0,0,0,21,200,1,3,0,200,200,200,200,200
427337,0,30,1,2,0,1,12,5,0,0,0,0,200,1,5,0,12,0,0,200,200
427337,0,30,1,2,0,1,12,5,0,0,0,0,200,1,6,0,0,0,0,200,200
427337,1,30,1,2,0,1,12,5,0,0,0,0,200,0,1,5,200,200,200,200,200
427337,1,30,1,2,0,1,12,5,0,0,0,0,200,1,0,5,200,200,200,200,200
427337,1,30,1,2,0,1,12,5,0,0,0,0,200,1,7,0,200,200,200,200,200
427339,0,35,0,0,0,3,12,5,0,0,0,0,0,1,200,200,200,200,200,200,200
427339,0,35,0,0,0,3,12,5,0,0,0,0,0,1,5,0,0,0,0,200,200
427341,0,30,0,0,0,1,12,2,0,0,0,11,0,1,9,0,1,0,0,200,200
427341,0,30,0,0,0,1,12,2,0,0,0,11,0,0,7,0,0,0,0,200,200
427346,0,30,0,0,0,3,7,5,0,0,0,0,0,2,200,200,200,200,200,200,200
427347,0,30,0,0,1,1,14,3,0,0,0,23,200,0,0,0,0,0,0,200,200
427347,0,30,0,0,1,1,14,3,0,0,0,23,200,0,200,200,7,0,200,200,200
427347,1,30,0,0,1,1,14,3,0,0,0,23,200,1,5,0,200,200,200,200,200
427347,1,30,0,0,1,1,14,3,0,0,0,23,200,1,7,0,200,200,200,200,200
427347,1,30,0,0,1,1,14,3,0,0,0,23,200,0,2,0,200,200,200,200,200
427351,0,30,1,2,0,1,10,6,0,0,0,12,12,0,6,0,12,0,0,200,200
427351,0,30,1,2,0,1,10,6,0,0,0,12,12,0,200,0,0,0,0,200,200
427351,1,30,1,2,0,1,10,6,0,0,0,12,12,0,4,0,200,200,200,200,200
427364,0,20,2,1,1,1,12,5,0,0,0,0,22,0,200,200,2,200,200,200,200
427364,0,20,2,1,1,1,12,5,0,0,0,0,22,0,6,0,12,0,0,200,200
427365,0,25,1,2,0,1,0,5,0,0,0,3,3,1,6,0,9,0,0,200,200
427365,0,25,1,2,0,1,0,5,0,0,0,3,3,0,9,0,0,0,0,200,200
427365,1,25,1,2,0,1,0,5,0,0,0,3,3,0,6,0,200,200,200,200,200
427370,0,30,0,0,1,1,12,5,0,200,0,21,200,1,5,200,200,0,0,200,200
427370,0,30,0,0,1,1,12,5,0,200,0,21,200,0,7,200,0,0,0,200,200
427370,1,30,0,0,1,1,12,5,0,200,0,21,200,0,5,200,200,200,200,200,200
427372,0,30,2,0,0,0,10,2,0,0,0,0,0,0,200,200,200,200,200,200,200
427372,0,30,2,0,0,0,10,2,0,0,0,0,0,0,7,1,0,0,0,200,200
427372,1,30,2,0,0,0,10,2,0,0,0,0,0,200,200,200,200,200,200,200,200
427383,0,30,0,0,0,1,7,6,0,0,0,0,0,2,200,200,12,200,200,200,200
427388,0,30,200,200,200,200,12,200,0,200,200,0,200,0,7,200,200,200,200,200,200
427388,0,30,200,200,200,200,12,200,0,200,200,0,200,1,7,0,200,200,200,200,200
427388,1,30,200,200,200,200,12,200,0,200,200,0,200,1,200,200,200,200,200,200,200
427388,1,30,200,200,200,200,12,200,0,200,200,0,200,1,200,200,200,200,200,200,200
427388,1,30,200,200,200,200,12,200,0,200,200,0,200,1,7,0,200,200,200,200,200
427396,0,35,0,0,0,1,12,5,0,0,0,0,0,1,200,200,200,200,200,200,200
427396,0,35,0,0,0,1,12,5,0,0,0,0,0,1,6,7,0,0,0,200,200
427399,0,30,0,0,0,1,9,6,0,0,0,200,200,0,6,0,0,0,0,200,200
427399,5,30,0,0,0,1,9,6,0,0,0,200,200,0,3,7,200,0,0,200,200
427410,0,30,1,2,0,1,10,5,0,0,0,18,200,0,200,200,3,200,200,200,200
427410,0,30,1,2,0,1,10,5,0,0,0,18,200,1,7,0,0,0,0,200,200
427423,0,35,1,2,0,1,14,1,0,0,0,17,11,0,4,200,1,0,0,200,200
427423,0,35,1,2,0,1,14,1,0,0,0,17,11,0,6,200,0,0,0,200,200
427423,1,35,1,2,0,1,14,1,0,0,0,17,11,0,4,200,200,200,200,200,200
427423,1,35,1,2,0,1,14,1,0,0,0,17,11,1,6,200,200,200,200,200,200
427423,1,35,1,2,0,1,14,1,0,0,0,17,11,0,3,200,200,200,200,200,200
427423,1,35,1,2,0,1,14,1,0,0,0,17,11,200,2,200,200,200,200,200,200
427425,0,30,0,0,0,1,14,0,0,0,0,0,0,2,200,200,0,200,200,200,200
427425,0,30,0,0,0,1,14,0,0,0,0,0,0,1,6,0,0,0,0,200,200
427426,0,30,0,0,0,1,10,5,0,0,0,0,0,1,3,0,200,200,0,200,200
427426,0,30,0,0,0,1,10,5,0,0,0,0,0,0,6,0,0,0,0,200,200
427427,0,30,0,0,0,1,7,5,0,0,0,0,0,0,200,200,200,200,200,200,200
427427,1,30,0,0,0,1,7,5,0,0,0,0,0,0,6,0,200,200,200,200,200
427431,0,30,0,0,0,1,7,5,0,0,0,0,200,2,200,200,200,200,200,200,200
427434,0,30,1,2,0,1,0,1,0,0,0,6,200,0,6,0,1,0,0,200,200
427434,0,30,1,2,0,1,0,1,0,0,0,6,200,0,9,0,5,0,0,200,200
427434,1,30,1,2,0,1,0,1,0,0,0,6,200,0,9,0,200,200,200,200,200
427435,0,30,1,2,0,4,9,2,0,0,0,17,17,0,200,200,1,200,200,200,200
427435,5,30,1,2,0,4,9,2,0,0,0,17,17,0,4,7,0,0,0,200,200
427436,0,30,1,2,0,1,12,2,0,0,0,22,200,2,200,200,4,200,200,200,200
427436,0,30,1,2,0,1,12,2,0,0,0,22,200,0,6,0,0,0,0,200,200
427441,0,30,0,0,0,1,0,2,0,0,0,23,16,1,5,200,200,200,0,200,200
427441,0,30,0,0,0,1,0,2,0,0,0,23,16,0,7,200,200,200,0,200,200
427442,0,30,1,2,2,3,14,2,0,1,200,21,0,1,4,200,4,200,200,200,200
427442,0,30,1,2,2,3,14,2,0,1,200,21,0,1,6,0,0,200,200,200,200
427442,1,30,1,2,2,3,14,2,0,1,200,21,0,0,6,0,200,200,200,200,200
427443,0,30,0,0,0,1,10,5,0,0,4,29,200,0,3,0,12,0,0,200,200
427443,0,30,0,0,0,1,10,5,0,0,4,29,200,1,6,200,0,0,0,200,200
427443,1,30,0,0,0,1,10,5,0,0,4,29,200,0,200,200,200,200,200,200,200
427443,1,30,0,0,0,1,10,5,0,0,4,29,200,1,1,5,200,200,200,200,200
427446,0,30,0,0,0,200,7,7,0,200,200,0,0,2,200,200,200,200,200,200,200
427450,0,35,0,0,0,1,10,5,0,0,0,0,0,0,6,0,0,0,0,200,200
427450,0,35,0,0,0,1,10,5,0,0,0,0,0,0,6,0,0,0,0,200,200
427461,0,35,0,0,1,1,5,3,0,0,1,28,29,0,200,0,0,0,0,200,200
427468,0,25,0,0,0,1,12,6,0,0,0,17,21,1,5,200,1,0,0,200,200
427468,0,25,0,0,0,1,12,6,0,0,0,17,21,1,5,200,0,0,0,200,200
427472,0,30,0,0,0,1,14,3,0,0,200,17,22,0,200,200,1,200,200,200,200
427472,0,30,0,0,0,1,14,3,0,0,200,17,22,1,6,0,0,0,0,200,200
427474,0,30,2,2,0,1,8,5,0,0,0,17,11,0,6,200,1,0,0,200,200
427474,4,30,2,2,0,1,8,5,0,0,0,17,11,0,7,200,0,0,0,200,200
427476,0,30,0,0,0,1,10,5,0,0,0,18,200,1,5,200,3,0,0,200,200
427476,0,30,0,0,0,1,10,5,0,0,0,18,200,0,6,0,0,0,0,200,200
427477,0,30,1,2,0,1,10,5,0,0,0,0,0,0,200,200,200,200,200,200,200
427477,0,30,1,2,0,1,10,5,0,0,0,0,0,0,9,200,200,0,0,200,200
427477,1,30,1,2,0,1,10,5,0,0,0,0,0,0,6,200,200,200,200,200,200
427479,0,30,0,0,0,2,7,5,0,0,200,0,0,2,200,200,200,200,200,200,200
427480,0,25,1,2,0,1,10,6,0,0,0,18,0,0,7,0,3,0,0,200,200
427480,0,25,1,2,0,1,10,6,0,0,0,18,0,1,9,0,0,0,0,200,200
427480,1,25,1,2,0,1,10,6,0,0,0,18,0,1,8,0,200,200,200,200,200
427484,0,30,0,0,0,1,10,5,0,0,0,18,18,0,6,200,3,200,0,200,200
427484,0,30,0,0,0,1,10,5,0,0,0,18,18,0,7,0,0,12,0,200,200
427487,0,30,1,2,0,1,12,8,0,0,0,17,200,0,4,200,4,0,0,200,200
427487,0,30,1,2,0,1,12,8,0,0,0,17,200,1,6,200,0,0,0,200,200
427487,1,30,1,2,0,1,12,8,0,0,0,17,200,200,200,200,200,200,200,200,200
427492,0,30,0,0,1,1,7,5,0,0,0,0,0,1,6,0,200,0,0,200,200