RD_NO,PERSON_TYPE,POSTED_SPEED_LIMIT,TRAFFIC_CONTROL_DEVICE,DEVICE_CONDITION,WEATHER_CONDITION,LIGHTING_CONDITION,FIRST_CRASH_TYPE,TRAFFICWAY_TYPE,ALIGNMENT,ROADWAY_SURFACE_COND,ROAD_DEFECT,PRIM_CONTRIBUTORY_CAUSE,SEC_CONTRIBUTORY_CAUSE,SEX,AGE,SAFETY_EQUIPMENT,DRIVER_ACTION,DRIVER_VISION,PHYSICAL_CONDITION,BAC_RESULT VALUE,CELL_PHONE_USE
428792,0,30,0,0,0,1,10,6,0,0,0,25,25,0,200,200,13,200,200,200,200
428792,0,30,0,0,0,1,10,6,0,0,0,25,25,0,6,0,0,0,0,200,200
428792,1,30,0,0,0,1,10,6,0,0,0,25,25,0,200,200,200,200,200,200,200
428793,0,30,2,2,0,1,10,5,0,0,0,18,200,0,6,0,3,0,0,200,200
428793,0,30,2,2,0,1,10,5,0,0,0,18,200,1,5,0,0,0,0,200,200
428793,1,30,2,2,0,1,10,5,0,0,0,18,200,200,200,0,200,200,200,200,200
428799,0,30,1,2,0,1,14,6,0,0,0,0,200,0,200,0,200,200,200,200,200
428799,0,30,1,2,0,1,14,6,0,0,0,0,200,0,7,0,0,0,0,200,200
428800,0,30,0,0,0,1,7,7,0,0,0,20,16,1,6,200,6,200,0,200,200
428800,1,30,0,0,0,1,7,7,0,0,0,20,16,1,200,1,200,200,200,200,200
428806,0,30,2,2,0,1,0,5,0,0,0,20,20,2,200,200,6,200,200,200,200
428806,0,30,2,2,0,1,0,5,0,0,0,20,20,1,6,0,0,0,0,200,200
428806,1,30,2,2,0,1,0,5,0,0,0,20,20,1,200,1,200,200,200,200,200
428806,1,30,2,2,0,1,0,5,0,0,0,20,20,0,200,1,200,200,200,200,200
428806,1,30,2,2,0,1,0,5,0,0,0,20,20,0,200,1,200,200,200,200,200
428806,1,30,2,2,0,1,0,5,0,0,0,20,20,0,200,1,200,200,200,200,200
428808,0,30,0,0,0,3,7,5,0,0,0,17,20,2,200,200,6,200,200,200,200
428808,1,30,0,0,0,3,7,5,0,0,0,17,20,0,5,0,200,200,200,200,200
428808,1,30,0,0,0,3,7,5,0,0,0,17,20,1,6,0,200,200,200,200,200
428808,1,30,0,0,0,3,7,5,0,0,0,17,20,0,5,0,200,200,200,200,200
428808,1,30,0,0,0,3,7,5,0,0,0,17,20,1,5,0,200,200,200,200,200
428813,0,30,2,2,0,1,14,5,0,0,0,0,0,0,8,200,7,0,0,200,200
428813,0,30,2,2,0,1,14,5,0,0,0,0,0,0,0,200,12,200,0,200,200
428814,0,30,0,0,0,1,14,5,0,0,0,17,200,1,5,200,1,0,0,200,200
428814,0,30,0,0,0,1,14,5,0,0,0,17,200,0,6,200,0,0,0,200,200
428816,0,30,0,0,0,1,12,5,0,0,0,200,200,1,5,0,0,0,0,200,200
428816,0,30,0,0,0,1,12,5,0,0,0,200,200,0,6,0,0,0,0,200,200
428816,1,30,0,0,0,1,12,5,0,0,0,200,200,1,200,0,200,200,200,200,200
428818,0,30,1,2,0,1,10,2,1,0,0,0,200,1,6,0,200,0,0,200,200
428818,0,30,1,2,0,1,10,2,1,0,0,0,200,1,6,0,12,0,0,200,200
428828,0,30,0,0,0,1,10,5,0,0,0,16,32,0,6,200,1,200,5,200,200
428828,0,30,0,0,0,1,10,5,0,0,0,16,32,0,7,200,200,200,200,200,200
428830,0,30,1,2,2,1,10,2,0,0,0,20,200,0,6,0,6,200,0,200,200
428830,0,30,1,2,2,1,10,2,0,0,0,20,200,0,5,0,0,200,0,200,200
428830,1,30,1,2,2,1,10,2,0,0,0,20,200,0,5,0,200,200,200,200,200
428831,0,0,0,0,0,1,12,6,0,0,0,21,200,1,200,200,4,200,200,200,200
428831,0,0,0,0,0,1,12,6,0,0,0,21,200,0,7,7,0,0,0,200,200
428832,0,30,0,0,0,0,0,2,0,0,0,0,200,1,7,7,0,0,0,200,200
428832,0,30,0,0,0,0,0,2,0,0,0,0,200,0,6,7,0,0,0,200,200
428842,0,30,1,2,0,1,10,5,0,0,0,18,16,0,6,200,3,200,0,200,200
428842,0,30,1,2,0,1,10,5,0,0,0,18,16,1,5,200,0,200,0,200,200
428845,0,30,1,2,0,1,8,5,0,0,0,0,0,2,200,200,200,200,200,200,200
428845,4,30,1,2,0,1,8,5,0,0,0,0,0,0,4,200,200,200,0,200,200
428852,0,30,0,0,0,1,12,2,0,0,0,21,0,2,200,200,4,200,200,200,200
428852,0,30,0,0,0,1,12,2,0,0,0,21,0,1,6,0,0,200,0,200,200
428857,0,30,1,2,0,1,14,2,0,0,0,21,200,0,5,200,7,0,0,200,200
428857,0,30,1,2,0,1,14,2,0,0,0,21,200,1,5,200,0,0,0,200,200
428857,1,30,1,2,0,1,14,2,0,0,0,21,200,1,6,200,200,200,200,200,200
428857,1,30,1,2,0,1,14,2,0,0,0,21,200,1,0,5,200,200,200,200,200
428861,0,30,0,0,0,1,10,5,0,0,200,18,0,1,200,200,3,200,200,200,200
428861,0,30,0,0,0,1,10,5,0,0,200,18,0,0,6,0,0,200,0,200,200
428861,0,30,0,0,0,1,10,5,0,0,200,18,0,0,5,0,0,200,0,200,200
428861,0,30,0,0,0,1,10,5,0,0,200,18,0,0,7,0,0,200,0,200,200
428861,1,30,0,0,0,1,10,5,0,0,200,18,0,1,200,0,200,200,200,200,200
428861,1,30,0,0,0,1,10,5,0,0,200,18,0,0,200,0,200,200,200,200,200
428861,1,30,0,0,0,1,10,5,0,0,200,18,0,1,200,0,200,200,200,200,200
428861,1,30,0,0,0,1,10,5,0,0,200,18,0,1,200,0,200,200,200,200,200
428861,1,30,0,0,0,1,10,5,0,0,200,18,0,1,200,0,200,200,200,200,200
428861,1,30,0,0,0,1,10,5,0,0,200,18,0,1,200,0,200,200,200,200,200
428863,0,35,0,0,0,4,11,5,0,0,0,12,0,0,4,7,12,0,0,200,200
428863,0,35,0,0,0,4,11,5,0,0,0,12,0,0,6,0,0,0,0,200,200
428865,0,30,0,0,0,1,10,5,0,0,0,32,25,0,6,200,12,0,5,0.16,1
428865,0,30,0,0,0,1,10,5,0,0,0,32,25,0,6,0,0,0,0,200,200
428865,1,30,0,0,0,1,10,5,0,0,0,32,25,0,2,0,200,200,200,200,200
428865,1,30,0,0,0,1,10,5,0,0,0,32,25,0,2,0,200,200,200,200,200
428865,1,30,0,0,0,1,10,5,0,0,0,32,25,1,6,0,200,200,200,200,200
428868,0,30,0,0,0,1,7,5,0,0,0,20,200,0,200,200,6,200,200,200,200
428868,1,30,0,0,0,1,7,5,0,0,0,20,200,200,200,0,200,200,200,200,200
428877,0,30,1,2,0,1,0,6,0,0,0,3,17,0,6,0,1,0,0,200,200
428877,0,30,1,2,0,1,0,6,0,0,0,3,17,1,5,0,5,0,0,200,200
428883,0,30,1,2,0,1,12,5,0,0,0,0,0,2,200,200,2,200,200,200,200
428883,0,30,1,2,0,1,12,5,0,0,0,0,0,0,5,200,0,0,0,200,200
428883,1,30,1,2,0,1,12,5,0,0,0,0,0,1,5,200,200,200,200,200,200
428885,0,30,0,0,0,1,7,5,0,0,0,0,0,2,200,200,200,200,200,200,200
428889,0,30,0,0,0,4,0,7,0,0,0,20,16,1,5,0,6,0,0,200,200
428889,0,30,0,0,0,4,0,7,0,0,0,20,16,1,6,0,0,0,0,200,200
428889,1,30,0,0,0,4,0,7,0,0,0,20,16,0,200,0,200,200,200,200,200
428892,0,30,0,0,0,1,12,5,0,0,0,17,200,0,5,0,1,0,0,200,200
428892,0,30,0,0,0,1,12,5,0,0,0,17,200,0,6,0,0,0,0,200,200
428894,0,30,0,0,0,1,7,6,0,0,0,0,0,2,200,200,200,200,200,200,200
428895,0,30,0,0,0,4,7,5,0,0,0,0,200,0,5,200,200,200,0,200,200
428897,0,35,1,2,0,4,0,2,0,0,0,6,200,0,6,200,5,200,0,200,200
428897,0,35,1,2,0,4,0,2,0,0,0,6,200,1,6,200,200,200,0,200,200
428898,0,20,2,2,0,1,14,5,0,0,0,0,0,0,7,0,200,200,0,200,200
428898,0,20,2,2,0,1,14,5,0,0,0,0,0,1,5,0,200,0,0,200,200
428898,1,20,2,2,0,1,14,5,0,0,0,0,0,0,5,0,200,200,200,200,200
428900,0,30,0,0,0,1,9,5,0,0,0,25,200,0,200,200,12,200,200,200,200
428900,5,30,0,0,0,1,9,5,0,0,0,25,200,1,5,7,0,200,0,200,200
428902,0,30,1,2,0,1,12,5,0,0,0,22,200,1,6,0,2,0,0,200,200
428902,0,30,1,2,0,1,12,5,0,0,0,22,200,0,5,0,0,0,0,200,200
428902,1,30,1,2,0,1,12,5,0,0,0,22,200,1,200,0,200,200,200,200,200
428904,0,30,1,2,0,4,10,5,0,0,200,20,0,0,200,200,6,200,200,200,200
428904,0,30,1,2,0,4,10,5,0,0,200,20,0,1,7,0,0,200,0,200,200
428905,0,30,0,0,0,4,2,5,0,0,0,0,200,0,6,0,12,0,0,200,200
428909,0,30,0,0,0,1,7,7,0,0,0,11,0,0,5,0,6,0,0,200,200
428909,1,30,0,0,0,1,7,7,0,0,0,11,0,1,200,0,200,200,200,200,200
428918,0,5,0,0,0,4,7,7,0,0,0,20,0,2,200,200,6,200,200,200,200
428920,0,30,0,2,0,1,0,5,0,0,0,0,200,0,5,0,200,0,0,200,200
428920,0,30,0,2,0,1,0,5,0,0,0,0,200,0,7,0,0,0,0,200,200
428921,0,30,1,2,0,1,8,6,0,0,0,200,200,1,6,0,0,0,0,200,200
428921,4,30,1,2,0,1,8,6,0,0,0,200,200,0,200,7,0,0,0,200,200
428922,0,30,1,2,0,4,10,5,0,0,0,18,200,1,3,0,3,0,0,200,200
428922,0,30,1,2,0,4,10,5,0,0,0,18,200,0,7,0,0,0,0,200,200
428922,1,30,1,2,0,4,10,5,0,0,0,18,200,1,200,0,200,200,200,200,200
428922,1,30,1,2,0,4,10,5,0,0,0,18,200,1,200,0,200,200,200,200,200
428923,0,30,0,0,0,1,7,0,0,0,0,0,0,2,200,200,12,200,200,200,200
428924,0,30,0,0,0,4,9,6,0,0,0,17,16,0,5,0,1,0,0,200,200
428924,5,30,0,0,0,4,9,6,0,0,0,17,16,1,8,7,0,0,0,200,200
428929,0,30,1,200,0,2,0,2,0,200,200,0,0,1,6,200,200,200,0,200,200
428929,0,30,1,200,0,2,0,2,0,200,200,0,0,1,6,200,12,200,0,200,200
428939,0,30,3,12,0,3,12,2,2,0,12,4,21,0,6,200,0,200,0,200,200
428939,0,30,3,12,0,3,12,2,2,0,12,4,21,1,5,200,0,0,0,200,200
428939,1,30,3,12,0,3,12,2,2,0,12,4,21,1,6,200,200,200,200,200,200
428942,0,25,0,0,0,1,14,6,0,0,0,21,200,0,7,200,1,0,200,200,200
428942,0,25,0,0,0,1,14,6,0,0,0,21,200,1,6,0,0,0,0,200,200
428946,0,30,0,0,0,4,7,5,0,0,0,17,200,0,6,0,0,0,0,200,200
428946,1,30,0,0,0,4,7,5,0,0,0,17,200,0,200,200,200,200,200,200,200
428946,1,30,0,0,0,4,7,5,0,0,0,17,200,0,200,1,200,200,200,200,200
428948,0,30,0,0,0,3,8,5,0,0,0,0,0,0,6,200,12,200,0,200,200
428948,4,30,0,0,0,3,8,5,0,0,0,0,0,0,5,7,0,200,0,200,200
428949,0,15,0,0,0,1,0,7,0,0,200,0,0,1,6,0,200,200,200,200,200
428949,0,15,0,0,0,1,0,7,0,0,200,0,0,0,6,0,0,200,200,200,200
428955,0,35,2,2,0,4,0,5,0,0,0,17,200,1,6,0,1,0,0,200,200
428955,0,35,2,2,0,4,0,5,0,0,0,17,200,0,6,200,12,200,200,200,200
428955,1,35,2,2,0,4,0,5,0,0,0,17,200,1,200,200,200,200,200,200,200
428956,0,30,200,200,200,200,0,12,0,200,200,0,0,0,6,200,200,200,200,200,200
428956,0,30,200,200,200,200,0,12,0,200,200,0,0,0,5,200,200,200,200,200,200
428956,1,30,200,200,200,200,0,12,0,200,200,0,0,2,200,200,200,200,200,200,200
428963,0,30,0,2,0,4,2,7,0,0,0,16,16,2,200,200,200,200,200,200,200
428965,0,30,0,0,0,4,14,2,0,0,0,17,14,0,7,200,7,0,0,200,200
428965,0,30,0,0,0,4,14,2,0,0,0,17,14,1,4,200,8,0,0,200,200
428974,0,30,2,2,0,3,10,2,0,0,0,16,11,0,6,200,3,200,0,200,200
428974,0,30,2,2,0,3,10,2,0,0,0,16,11,0,6,200,0,200,0,200,200
428976,0,30,1,2,0,2,12,3,0,0,0,17,21,0,6,0,1,0,0,200,200
428976,0,30,1,2,0,2,12,3,0,0,0,17,21,0,5,0,0,0,0,200,200
428976,1,30,1,2,0,2,12,3,0,0,0,17,21,1,5,0,200,200,200,200,200
428986,0,30,0,0,0,0,7,7,0,0,0,20,20,0,6,0,6,200,0,200,200
428999,0,30,2,2,0,3,14,5,0,0,0,17,16,1,200,200,1,0,0,200,200
428999,0,30,2,2,0,3,14,5,0,0,0,17,16,0,200,0,0,0,0,200,200
428999,1,30,2,2,0,3,14,5,0,0,0,17,16,1,200,0,200,200,200,200,200
428999,1,30,2,2,0,3,14,5,0,0,0,17,16,1,200,0,200,200,200,200,200
428999,1,30,2,2,0,3,14,5,0,0,0,17,16,0,200,0,200,200,200,200,200
429007,0,10,200,200,200,200,10,200,0,200,200,20,200,0,6,200,6,200,200,200,200
429007,0,10,200,200,200,200,10,200,0,200,200,20,200,1,7,200,12,0,0,200,200
429018,0,30,0,0,0,1,7,5,0,0,0,0,200,2,200,200,200,200,200,200,200
429024,0,30,0,0,0,3,10,2,0,0,0,18,200,1,6,0,3,0,0,200,200
429024,0,30,0,0,0,3,10,2,0,0,0,18,200,1,6,200,0,200,200,200,200
429027,0,30,0,0,0,1,7,6,0,0,200,0,0,2,200,200,200,200,200,200,200
429030,0,35,0,0,0,3,14,2,0,0,0,17,11,0,9,0,1,0,0,200,200
429030,0,35,0,0,0,3,14,2,0,0,0,17,11,1,8,0,0,0,0,200,200
429030,1,35,0,0,0,3,14,2,0,0,0,17,11,0,200,0,200,200,200,200,200
429031,0,35,1,2,0,3,10,5,0,0,0,0,0,0,5,200,3,0,0,200,200
429031,0,35,1,2,0,3,10,5,0,0,0,0,0,0,7,200,0,0,0,200,200
429037,0,30,1,2,0,3,7,5,0,0,0,18,200,0,5,0,3,0,0,200,200
429045,0,35,0,0,0,3,3,5,0,0,0,17,200,0,200,200,1,200,200,200,200
429045,0,35,0,0,0,3,3,5,0,0,0,17,200,1,5,200,0,0,0,200,200
429046,0,45,0,0,0,3,12,3,0,0,200,0,200,2,200,200,200,200,200,200,200
429046,0,45,0,0,0,3,12,3,0,0,200,0,200,0,7,200,200,200,0,200,200
429046,1,45,0,0,0,3,12,3,0,0,200,0,200,1,6,200,200,200,200,200,200
429047,0,30,1,2,0,3,7,5,0,0,0,0,200,2,200,200,200,200,200,200,200
429051,0,5,200,200,0,1,7,7,0,0,200,0,0,2,200,200,200,200,200,200,200
429055,0,30,0,0,0,3,7,6,0,0,0,0,200,2,200,200,200,200,200,200,200
429063,0,30,0,0,0,1,10,2,0,0,0,22,200,0,200,200,3,200,200,200,200
429063,0,30,0,0,0,1,10,2,0,0,0,22,200,0,6,0,0,0,0,200,200
429069,0,30,1,2,0,1,12,5,0,0,0,0,0,0,7,200,200,200,0,200,200
429069,0,30,1,2,0,1,12,5,0,0,0,0,0,0,8,0,0,0,0,200,200
429071,0,25,0,0,0,3,7,6,0,0,0,0,11,2,200,200,200,200,200,200,200
429072,0,15,0,0,0,0,7,6,0,0,0,0,0,1,200,200,200,200,200,200,200
429074,0,30,0,0,0,3,7,6,0,0,0,22,200,2,200,200,2,200,200,200,200
429081,0,35,2,2,0,3,10,5,0,0,0,18,0,0,200,200,3,200,200,200,200
429081,0,35,2,2,0,3,10,5,0,0,0,18,0,0,5,0,0,0,0,200,200
429114,0,30,0,0,200,4,7,7,0,200,0,15,200,0,200,200,10,200,200,200,200
429123,0,25,0,0,0,200,9,5,0,0,200,0,200,2,200,200,200,200,200,200,200
429123,5,25,0,0,0,200,9,5,0,0,200,0,200,1,1,7,0,12,0,200,200
429129,0,30,0,0,0,3,10,2,0,0,0,14,17,0,200,200,200,200,200,200,200
429129,0,30,0,0,0,3,10,2,0,0,0,14,17,0,6,0,0,0,0,200,200
429129,1,30,0,0,0,3,10,2,0,0,0,14,17,0,5,0,200,200,200,200,200
429129,1,30,0,0,0,3,10,2,0,0,0,14,17,1,4,0,200,200,200,200,200
429130,0,30,1,200,0,0,10,5,0,0,0,16,200,0,5,200,3,0,0,200,200
429130,0,30,1,200,0,0,10,5,0,0,0,16,200,1,5,200,200,200,0,200,200
429132,0,30,0,0,0,3,10,2,0,0,0,18,200,0,5,0,3,0,0,200,200
429132,0,30,0,0,0,3,10,2,0,0,0,18,200,0,6,0,0,0,0,200,200
429154,0,30,1,2,0,3,2,5,0,0,0,25,14,0,4,200,13,0,200,200,200
429154,1,30,1,2,0,3,2,5,0,0,0,25,14,0,3,200,200,200,200,200,200
429154,1,30,1,2,0,3,2,5,0,0,0,25,14,0,3,200,200,200,200,200,200
429154,1,30,1,2,0,3,2,5,0,0,0,25,14,0,3,200,200,200,200,200,200
429156,0,30,0,0,0,3,2,4,0,0,0,0,0,0,200,200,200,200,200,200,200
429160,0,0,0,0,0,1,7,5,0,0,0,20,200,1,200,200,6,200,200,200,200
429162,0,30,0,0,0,3,14,5,0,0,0,18,0,0,7,200,3,200,200,200,200
429162,0,30,0,0,0,3,14,5,0,0,0,18,0,0,6,0,0,200,200,200,200
429162,1,30,0,0,0,3,14,5,0,0,0,18,0,1,5,0,200,200,200,200,200
429172,0,35,0,0,0,3,2,3,0,0,0,29,16,0,6,0,12,0,0,200,200
429178,0,30,0,0,0,3,7,6,0,0,0,12,200,0,6,0,0,0,0,200,200
429180,0,30,0,0,0,3,10,1,0,0,0,16,16,0,200,200,3,200,200,200,200
429180,0,30,0,0,0,3,10,1,0,0,0,16,16,1,6,200,0,0,0,200,200
429180,1,30,0,0,0,3,10,1,0,0,0,16,16,0,6,200,200,200,200,200,200
429180,1,30,0,0,0,3,10,1,0,0,0,16,16,0,5,200,200,200,200,200,200
429180,1,30,0,0,0,3,10,1,0,0,0,16,16,0,4,200,200,200,200,200,200
429180,1,30,0,0,0,3,10,1,0,0,0,16,16,200,200,200,200,200,200,200,200
429184,0,30,1,2,0,3,10,5,0,0,200,0,0,2,200,200,200,200,200,200,200
429184,0,30,1,2,0,3,10,5,0,0,200,0,0,1,0,200,2,0,0,200,200
429198,0,30,0,0,0,1,5,2,0,0,1,200,200,1,6,0,12,0,0,200,200
429212,0,30,0,0,0,3,2,5,0,0,200,0,0,1,6,0,200,200,7,200,200
429227,0,30,1,2,0,3,10,5,0,0,0,16,0,1,6,0,12,0,0,200,200
429227,0,30,1,2,0,3,10,5,0,0,0,16,0,0,6,0,0,0,0,200,200
429227,1,30,1,2,0,3,10,5,0,0,0,16,0,0,6,0,200,200,200,200,200
429238,0,35,0,0,0,3,7,5,0,0,0,0,0,2,200,200,200,200,200,200,200
429240,1,30,0,0,0,3,2,5,0,0,0,0,0,1,5,200,200,200,200,200,200
429240,1,30,0,0,0,3,2,5,0,0,0,0,0,1,5,200,200,200,200,200,200
429242,0,20,2,2,0,3,2,6,0,0,0,12,0,1,6,200,12,200,7,200,200
429247,0,30,0,0,0,3,4,2,0,0,0,0,0,0,7,200,200,200,200,200,200
429263,0,30,0,0,0,0,14,5,0,0,0,16,0,0,6,0,1,0,0,200,200
429263,0,30,0,0,0,0,14,5,0,0,0,16,0,0,6,0,0,0,0,200,200
429270,0,30,0,0,0,200,7,6,0,0,0,0,0,2,200,200,200,200,200,200,200
429272,0,30,1,2,1,4,10,2,0,0,0,16,0,1,7,0,14,0,0,200,200
429272,0,30,1,2,1,4,10,2,0,0,0,16,0,0,5,0,0,0,0,200,200
429274,0,20,0,0,0,1,7,6,0,0,0,17,200,1,7,0,1,0,0,200,200
429281,0,30,0,0,0,1,14,5,0,0,200,17,0,0,5,200,1,200,200,200,200
429281,0,30,0,0,0,1,14,5,0,0,200,17,0,0,6,200,0,200,200,200,200
429282,0,30,0,0,0,1,10,5,0,0,0,0,0,1,5,200,200,0,0,200,200
429282,0,30,0,0,0,1,10,5,0,0,0,0,0,0,7,200,200,0,0,200,200
429284,0,25,2,0,0,1,14,5,0,0,0,17,17,0,7,0,1,0,0,200,200
429284,0,25,2,0,0,1,14,5,0,0,0,17,17,1,7,0,0,0,0,200,200
429286,0,30,1,2,0,1,12,5,0,0,0,22,11,1,7,0,2,0,0,200,200
429286,0,30,1,2,0,1,12,5,0,0,0,22,11,0,6,0,0,0,0,200,200
429293,0,30,0,0,0,1,0,2,0,0,0,0,0,0,8,0,200,200,0,200,200
429293,0,30,0,0,0,1,0,2,0,0,0,0,0,1,6,0,0,0,0,200,200
429294,0,30,1,2,0,1,14,5,0,0,0,6,200,1,6,200,5,0,0,200,1
429294,0,30,1,2,0,1,14,5,0,0,0,6,200,1,6,200,0,0,0,200,200
429294,1,30,1,2,0,1,14,5,0,0,0,6,200,0,3,200,200,200,200,200,200
429297,0,30,1,2,0,1,10,5,0,0,0,16,200,1,200,200,200,200,200,200,200
429297,0,30,1,2,0,1,10,5,0,0,0,16,200,0,6,0,0,0,0,200,200
429297,1,30,1,2,0,1,10,5,0,0,0,16,200,0,200,200,200,200,200,200,200
429300,0,30,1,2,0,1,14,2,0,0,0,0,0,0,8,0,1,200,0,200,200
429300,0,30,1,2,0,1,14,2,0,0,0,0,0,0,8,0,200,0,0,200,200
429300,0,30,1,2,0,1,14,2,0,0,0,0,0,0,6,0,0,0,0,200,200
429304,0,30,0,0,0,1,14,2,0,0,0,22,17,0,7,7,200,0,0,200,200
429304,0,30,0,0,0,1,14,2,0,0,0,22,17,0,6,3,2,200,0,200,200
429304,0,30,0,0,0,1,14,2,0,0,0,22,17,1,7,7,0,200,0,200,200
429309,0,30,1,2,0,1,12,2,0,0,0,2,0,1,8,200,4,12,0,200,200
429309,0,30,1,2,0,1,12,2,0,0,0,2,0,0,7,200,0,0,0,200,200
429310,0,30,1,2,0,1,14,3,0,0,0,17,200,1,6,0,1,0,0,200,200
429310,0,30,1,2,0,1,14,3,0,0,0,17,200,1,6,0,0,0,0,200,200
429310,1,30,1,2,0,1,14,3,0,0,0,17,200,0,3,0,200,200,200,200,200
429310,1,30,1,2,0,1,14,3,0,0,0,17,200,1,2,0,200,200,200,200,200
429311,0,20,0,0,0,1,14,5,0,0,0,17,17,0,5,0,1,0,0,200,200
429311,0,20,0,0,0,1,14,5,0,0,0,17,17,0,7,0,0,0,0,200,200
429311,1,20,0,0,0,1,14,5,0,0,0,17,17,1,5,0,200,200,200,200,200
429312,0,30,1,2,0,1,9,6,2,0,0,17,16,0,6,200,1,0,0,200,200
429312,5,30,1,2,0,1,9,6,2,0,0,17,16,1,5,200,0,12,0,200,200
429312,1,30,1,2,0,1,9,6,2,0,0,17,16,1,2,200,200,200,200,200,200
429312,1,30,1,2,0,1,9,6,2,0,0,17,16,0,2,200,200,200,200,200,200
429312,1,30,1,2,0,1,9,6,2,0,0,17,16,1,2,200,200,200,200,200,200
429314,0,30,200,200,0,1,7,200,3,0,0,0,200,2,200,200,200,200,200,200,200
429315,0,30,0,0,0,1,7,5,0,0,0,32,200,0,7,200,3,0,6,200,200
429316,0,30,1,2,0,1,12,5,0,0,0,21,17,1,6,0,4,0,0,200,200
429316,0,30,1,2,0,1,12,5,0,0,0,21,17,0,7,0,0,0,0,200,200
429316,1,30,1,2,0,1,12,5,0,0,0,21,17,1,7,0,200,200,200,200,200
429316,1,30,1,2,0,1,12,5,0,0,0,21,17,1,200,0,200,200,200,200,200
429316,1,30,1,2,0,1,12,5,0,0,0,21,17,1,200,0,200,200,200,200,200
429316,1,30,1,2,0,1,12,5,0,0,0,21,17,0,2,0,200,200,200,200,200
429324,0,25,0,0,0,1,7,6,0,0,0,11,11,0,5,0,12,0,0,200,200
429324,1,25,0,0,0,1,7,6,0,0,0,11,11,0,200,0,200,200,200,200,200
429324,1,25,0,0,0,1,7,6,0,0,0,11,11,0,200,0,200,200,200,200,200
429324,1,25,0,0,0,1,7,6,0,0,0,11,11,0,200,0,200,200,200,200,200
429324,1,25,0,0,0,1,7,6,0,0,0,11,11,1,200,0,200,200,200,200,200
429324,1,25,0,0,0,1,7,6,0,0,0,11,11,1,6,0,200,200,200,200,200
429328,0,30,2,2,0,1,12,5,0,0,0,21,17,1,5,200,1,0,0,200,200
429328,0,30,2,2,0,1,12,5,0,0,0,21,17,0,5,200,200,200,200,200,200
429328,1,30,2,2,0,1,12,5,0,0,0,21,17,1,200,200,200,200,200,200,200
429332,0,30,0,0,0,3,7,6,0,0,0,0,0,2,200,200,200,200,200,200,200
429335,0,30,1,2,0,1,10,1,0,0,0,20,200,0,5,0,6,0,0,200,200
429335,0,30,1,2,0,1,10,1,0,0,0,20,200,0,3,0,0,0,0,200,200
429337,0,30,1,2,0,4,14,5,0,0,0,22,0,0,200,200,2,200,200,200,200
429337,0,30,1,2,0,4,14,5,0,0,0,22,0,1,6,0,2,0,0,200,200
429338,0,35,2,200,0,1,0,5,0,0,0,17,11,0,6,200,1,200,0,200,200
429338,0,35,2,200,0,1,0,5,0,0,0,17,11,0,5,200,0,200,0,200,200
429341,0,30,0,3,0,1,12,2,0,0,0,0,0,1,7,0,1,0,0,200,200
429341,0,30,0,3,0,1,12,2,0,0,0,0,0,1,6,0,0,0,0,200,200
429341,1,30,0,3,0,1,12,2,0,0,0,0,0,1,3,0,200,200,200,200,200
429343,0,45,0,0,0,1,12,3,0,0,0,0,21,0,8,0,4,0,0,200,200
429343,0,45,0,0,0,1,12,3,0,0,0,0,21,1,6,0,0,0,0,200,200
429343,1,45,0,0,0,1,12,3,0,0,0,0,21,1,7,0,200,200,200,200,200
429344,0,30,1,2,0,1,14,2,0,0,0,17,11,1,5,200,1,0,0,200,200
429344,0,30,1,2,0,1,14,2,0,0,0,17,11,1,6,200,0,0,0,200,200
429344,1,30,1,2,0,1,14,2,0,0,0,17,11,1,3,200,200,200,200,200,200
429346,0,15,0,0,0,0,5,0,0,0,0,0,0,2,200,200,200,200,200,200,200
429346,3,15,0,0,0,0,5,0,0,0,0,0,0,2,200,7,0,200,200,200,200
429346,3,15,0,0,0,0,5,0,0,0,0,0,0,1,7,7,0,0,0,200,200
429347,0,30,0,0,0,3,7,5,0,0,0,0,200,2,200,200,200,200,200,200,200
429352,0,30,0,0,0,1,10,5,0,0,0,18,0,0,5,200,3,200,0,200,200
429352,0,30,0,0,0,1,10,5,0,0,0,18,0,1,6,200,0,0,0,200,200
429352,0,30,0,0,0,1,10,5,0,0,0,18,0,1,5,200,0,0,0,200,200
429353,0,30,1,2,0,1,10,5,0,0,0,0,0,1,7,0,12,0,0,200,200
429353,0,30,1,2,0,1,10,5,0,0,0,0,0,0,200,200,3,200,200,200,200
429353,0,30,1,2,0,1,10,5,0,0,0,0,0,2,200,200,12,200,200,200,200
429353,1,30,1,2,0,1,10,5,0,0,0,0,0,1,3,0,200,200,200,200,200
429357,0,30,0,0,0,1,12,5,0,0,0,21,0,1,6,0,4,200,200,200,200
429357,0,30,0,0,0,1,12,5,0,0,0,21,0,0,6,0,0,0,0,200,200
429357,1,30,0,0,0,1,12,5,0,0,0,21,0,0,200,200,200,200,200,200,200
429359,0,20,2,2,0,1,7,6,0,0,200,23,200,0,6,200,7,200,0,200,200
429359,1,20,2,2,0,1,7,6,0,0,200,23,200,1,200,200,200,200,200,200,200