RD_NO,PERSON_TYPE,POSTED_SPEED_LIMIT,TRAFFIC_CONTROL_DEVICE,DEVICE_CONDITION,WEATHER_CONDITION,LIGHTING_CONDITION,FIRST_CRASH_TYPE,TRAFFICWAY_TYPE,ALIGNMENT,ROADWAY_SURFACE_COND,ROAD_DEFECT,PRIM_CONTRIBUTORY_CAUSE,SEC_CONTRIBUTORY_CAUSE,SEX,AGE,SAFETY_EQUIPMENT,DRIVER_ACTION,DRIVER_VISION,PHYSICAL_CONDITION,BAC_RESULT VALUE,CELL_PHONE_USE
429359,1,20,2,2,0,1,7,6,0,0,200,23,200,0,3,200,200,200,200,200,200
429359,1,20,2,2,0,1,7,6,0,0,200,23,200,0,4,200,200,200,200,200,200
429359,1,20,2,2,0,1,7,6,0,0,200,23,200,0,200,200,200,200,200,200,200
429363,0,30,0,0,0,1,14,5,0,0,0,23,16,1,7,0,7,0,0,200,200
429363,0,30,0,0,0,1,14,5,0,0,0,23,16,1,6,0,0,0,0,200,200
429364,0,30,1,2,0,1,10,5,0,0,0,0,0,1,7,0,200,0,0,200,200
429364,0,30,1,2,0,1,10,5,0,0,0,0,0,1,5,0,200,0,0,200,200
429364,1,30,1,2,0,1,10,5,0,0,0,0,0,0,2,0,200,200,200,200,200
429364,1,30,1,2,0,1,10,5,0,0,0,0,0,1,0,5,200,200,200,200,200
429369,0,25,2,2,0,1,7,5,0,0,0,200,0,0,6,0,200,0,0,200,200
429370,0,30,0,0,0,1,14,2,0,0,0,23,200,0,7,0,7,0,0,200,200
429370,0,30,0,0,0,1,14,2,0,0,0,23,200,0,5,0,0,0,0,200,200
429370,1,30,0,0,0,1,14,2,0,0,0,23,200,0,200,0,200,200,200,200,200
429370,1,30,0,0,0,1,14,2,0,0,0,23,200,0,200,0,200,200,200,200,200
429370,1,30,0,0,0,1,14,2,0,0,0,23,200,0,6,0,200,200,200,200,200
429372,0,30,1,2,0,1,14,5,0,0,0,17,0,1,6,200,1,200,0,200,200
429372,0,30,1,2,0,1,14,5,0,0,0,17,0,1,5,200,0,200,0,200,200
429373,0,30,2,0,0,1,0,5,0,0,0,17,22,0,7,0,1,0,0,200,200
429373,0,30,2,0,0,1,0,5,0,0,0,17,22,1,3,0,1,0,0,200,200
429374,0,15,0,0,0,1,7,6,0,0,0,200,0,2,200,200,200,200,200,200,200
429375,0,30,2,2,0,1,0,2,0,0,0,5,17,1,6,0,5,0,0,200,200
429375,0,30,2,2,0,1,0,2,0,0,0,5,17,0,6,0,0,0,0,200,200
429378,0,25,0,0,0,1,10,2,0,0,0,200,200,0,6,0,3,200,200,200,200
429378,0,25,0,0,0,1,10,2,0,0,0,200,200,1,6,0,0,0,0,200,200
429378,1,25,0,0,0,1,10,2,0,0,0,200,200,0,2,0,200,200,200,200,200
429378,1,25,0,0,0,1,10,2,0,0,0,200,200,0,2,0,200,200,200,200,200
429380,0,30,1,2,0,1,9,5,0,0,0,6,200,0,5,0,5,200,0,200,200
429380,5,30,1,2,0,1,9,5,0,0,0,6,200,0,6,200,0,200,0,200,200
429380,1,30,1,2,0,1,9,5,0,0,0,6,200,0,5,0,200,200,200,200,200
429381,0,35,1,2,0,1,9,5,0,0,0,22,200,1,8,200,1,0,0,200,200
429381,5,35,1,2,0,1,9,5,0,0,0,22,200,1,6,7,12,0,0,200,200
429384,0,10,0,0,0,1,14,7,0,0,0,10,0,0,5,0,9,0,0,200,200
429384,0,10,0,0,0,1,14,7,0,0,0,10,0,1,6,0,12,0,0,200,200
429387,0,30,0,0,0,1,2,5,0,0,0,0,29,0,6,0,12,200,0,200,200
429393,0,30,0,0,0,1,10,5,0,0,0,9,11,1,4,200,200,12,0,200,200
429393,0,30,0,0,0,1,10,5,0,0,0,9,11,0,6,200,0,0,0,200,200
429393,0,30,0,0,0,1,10,5,0,0,0,9,11,1,6,200,0,0,0,200,200
429393,0,30,0,0,0,1,10,5,0,0,0,9,11,0,5,200,0,0,0,200,200
429393,1,30,0,0,0,1,10,5,0,0,0,9,11,1,200,200,200,200,200,200,200
429393,1,30,0,0,0,1,10,5,0,0,0,9,11,1,0,5,200,200,200,200,200
429395,0,30,1,2,0,1,12,6,0,0,0,22,16,0,7,0,4,0,0,200,200
429395,0,30,1,2,0,1,12,6,0,0,0,22,16,0,6,0,0,0,0,200,200
429398,0,30,0,0,0,1,0,5,0,0,0,0,0,0,7,0,1,0,0,200,200
429398,0,30,0,0,0,1,0,5,0,0,0,0,0,0,8,0,0,0,0,200,200
429406,0,30,2,2,0,1,10,5,0,0,0,18,200,0,6,200,3,200,200,200,200
429406,0,30,2,2,0,1,10,5,0,0,0,18,200,1,6,0,0,0,0,200,200
429408,0,25,0,0,0,1,0,0,0,0,0,17,16,0,5,0,1,0,0,200,200
429408,0,25,0,0,0,1,0,0,0,0,0,17,16,1,6,0,0,0,0,200,200
429411,0,30,0,0,0,1,7,5,0,0,0,0,0,0,4,0,0,0,0,200,200
429414,0,30,2,2,0,1,0,5,0,0,0,17,33,1,7,0,1,1,0,200,200
429414,0,30,2,2,0,1,0,5,0,0,0,17,33,1,5,0,0,0,0,200,200
429414,1,30,2,2,0,1,0,5,0,0,0,17,33,1,3,0,200,200,200,200,200
429414,1,30,2,2,0,1,0,5,0,0,0,17,33,0,7,0,200,200,200,200,200
429415,0,30,0,0,0,1,14,5,0,0,0,11,0,0,6,1,1,200,7,200,200
429415,0,30,0,0,0,1,14,5,0,0,0,11,0,0,7,0,0,0,7,200,200
429416,0,30,0,0,0,1,7,5,0,0,0,0,200,2,200,200,200,200,200,200,200
429418,0,30,0,0,0,1,10,5,0,0,0,0,200,0,6,0,3,0,0,200,200
429418,0,30,0,0,0,1,10,5,0,0,0,0,200,1,6,0,12,0,0,200,200
429418,1,30,0,0,0,1,10,5,0,0,0,0,200,1,0,5,200,200,200,200,200
429418,1,30,0,0,0,1,10,5,0,0,0,0,200,1,5,0,200,200,200,200,200
429418,1,30,0,0,0,1,10,5,0,0,0,0,200,1,200,0,200,200,200,200,200
429418,1,30,0,0,0,1,10,5,0,0,0,0,200,1,0,5,200,200,200,200,200
429419,0,30,3,2,0,1,10,2,0,0,0,18,200,1,6,0,3,0,0,200,200
429419,0,30,3,2,0,1,10,2,0,0,0,18,200,0,6,0,0,0,0,200,200
429422,0,30,200,200,200,200,7,5,0,200,200,0,0,2,200,200,200,200,200,200,200
429426,0,35,0,0,200,200,12,3,5,200,200,21,21,0,200,200,4,200,200,200,200
429426,0,35,0,0,200,200,12,3,5,200,200,21,21,0,6,200,200,200,200,200,200
429428,0,30,1,2,0,1,14,2,2,0,0,32,17,0,6,0,1,0,5,200,200
429428,0,30,1,2,0,1,14,2,2,0,0,32,17,1,5,0,0,0,0,200,200
429434,0,30,0,0,0,1,10,3,0,0,0,18,200,0,5,0,3,0,0,200,200
429434,0,30,0,0,0,1,10,3,0,0,0,18,200,0,200,200,200,200,200,200,200
429434,0,30,0,0,0,1,10,3,0,0,0,18,200,1,7,0,3,0,0,200,200
429435,0,30,0,0,0,1,11,5,0,0,0,0,0,0,7,200,0,0,0,200,200
429435,0,30,0,0,0,1,11,5,0,0,0,0,0,0,7,0,0,0,0,200,200
429435,1,30,0,0,0,1,11,5,0,0,0,0,0,0,200,200,200,200,200,200,200
429438,0,30,1,2,0,1,10,5,0,0,0,21,16,0,6,0,4,0,0,200,200
429438,0,30,1,2,0,1,10,5,0,0,0,21,16,0,6,0,0,0,0,200,200
429439,0,30,2,0,0,1,14,6,0,0,0,23,200,0,200,200,7,0,0,200,200
429439,0,30,2,0,0,1,14,6,0,0,0,23,200,0,5,0,12,0,0,200,200
429457,0,0,0,0,0,1,7,6,0,0,0,0,200,2,200,200,200,200,200,200,200
429459,0,30,1,2,0,1,2,3,0,0,0,11,11,1,9,0,12,200,0,200,200
429460,0,30,0,0,0,200,7,6,0,0,0,0,200,2,200,200,11,200,200,200,200
429464,0,30,1,2,0,1,10,5,0,0,0,18,0,0,6,0,3,0,0,200,200
429464,0,30,1,2,0,1,10,5,0,0,0,18,0,0,7,0,0,0,0,200,200
429464,1,30,1,2,0,1,10,5,0,0,0,18,0,200,200,200,200,200,200,200,200
429471,0,0,0,0,0,1,7,7,2,0,0,0,0,0,6,200,12,12,0,200,200
429472,0,30,0,0,0,1,12,6,0,0,0,17,17,0,6,0,200,0,0,200,200
429472,0,30,0,0,0,1,12,6,0,0,0,17,17,0,6,0,0,0,0,200,200
429474,0,15,0,0,0,1,7,0,0,0,0,200,200,0,6,0,12,0,0,200,200
429477,0,35,0,200,0,1,12,5,0,0,0,22,11,0,5,200,2,200,0,200,200
429477,0,35,0,200,0,1,12,5,0,0,0,22,11,0,6,200,0,200,0,200,200
429480,0,30,0,0,0,1,12,2,0,0,0,0,200,0,200,200,200,200,200,200,200
429480,0,30,0,0,0,1,12,2,0,0,0,0,200,0,6,0,0,0,0,200,200
429488,0,30,0,0,0,1,12,5,0,0,0,17,200,1,200,200,1,200,200,200,200
429488,0,30,0,0,0,1,12,5,0,0,0,17,200,1,6,0,0,0,0,200,200
429492,0,30,0,0,0,1,7,3,0,0,0,0,0,2,200,200,8,0,200,200,200
429495,0,20,1,2,0,1,12,3,0,0,0,22,17,0,6,200,1,0,0,200,200
429495,0,20,1,2,0,1,12,3,0,0,0,22,17,0,5,200,0,0,0,200,200
429508,0,30,2,2,0,1,12,5,0,0,0,11,0,0,7,0,7,0,0,200,200
429508,0,30,2,2,0,1,12,5,0,0,0,11,0,0,7,0,0,0,0,200,200
429509,0,30,0,0,0,1,10,2,0,0,0,18,200,1,8,0,3,0,0,200,200
429509,0,30,0,0,0,1,10,2,0,0,0,18,200,0,7,0,0,0,0,200,200
429511,0,0,0,0,0,1,0,7,0,0,0,20,200,0,200,200,6,0,0,200,200
429511,0,0,0,0,0,1,0,7,0,0,0,20,200,0,5,0,0,0,0,200,200
429513,0,30,1,2,0,1,12,5,0,0,0,20,16,0,5,200,6,200,200,200,200
429513,0,30,1,2,0,1,12,5,0,0,0,20,16,0,6,0,0,0,0,200,200
429513,1,30,1,2,0,1,12,5,0,0,0,20,16,1,5,200,200,200,200,200,200
429513,1,30,1,2,0,1,12,5,0,0,0,20,16,1,200,0,200,200,200,200,200
429516,0,30,0,0,0,1,12,6,0,0,0,17,200,0,5,200,0,0,0,200,200
429516,0,30,0,0,0,1,12,6,0,0,0,17,200,1,6,200,1,0,0,200,200
429517,0,30,0,0,0,1,14,5,0,0,0,17,0,0,7,200,1,0,0,200,200
429517,0,30,0,0,0,1,14,5,0,0,0,17,0,1,6,0,0,0,0,200,200
429517,1,30,0,0,0,1,14,5,0,0,0,17,0,0,6,0,200,200,200,200,200
429517,1,30,0,0,0,1,14,5,0,0,0,17,0,1,200,200,200,200,200,200,200
429531,0,5,0,0,200,200,2,12,0,200,0,0,0,2,200,200,0,200,200,200,200
429535,0,25,0,0,0,1,7,6,0,0,0,200,200,0,4,1,12,0,0,200,200
429537,0,30,0,0,0,1,14,5,0,0,0,23,200,1,6,200,7,200,0,200,200
429537,0,30,0,0,0,1,14,5,0,0,0,23,200,0,5,200,0,200,0,200,200
429538,0,30,0,0,0,0,12,5,0,0,0,0,0,0,5,0,200,0,0,200,200
429538,0,30,0,0,0,0,12,5,0,0,0,0,0,0,6,0,200,0,0,200,200
429555,0,30,2,2,0,1,14,5,0,0,0,18,0,0,5,200,200,200,200,200,200
429555,0,30,2,2,0,1,14,5,0,0,0,18,0,0,6,0,0,0,0,200,200
429555,1,30,2,2,0,1,14,5,0,0,0,18,0,1,5,0,200,200,200,200,200
429555,1,30,2,2,0,1,14,5,0,0,0,18,0,0,1,5,200,200,200,200,200
429556,0,30,0,200,0,1,7,5,0,0,0,24,200,0,6,200,6,0,0,200,200
429557,0,30,1,2,0,1,14,2,0,0,0,17,17,0,7,0,1,0,0,200,200
429557,0,30,1,2,0,1,14,2,0,0,0,17,17,0,6,0,0,0,0,200,200
429559,0,30,2,0,0,1,2,5,0,0,0,22,22,0,5,200,9,0,0,200,200
429559,0,30,2,0,0,1,2,5,0,0,0,22,22,0,7,0,0,5,0,200,200
429560,0,20,0,0,0,1,7,5,0,0,0,21,7,1,6,0,12,0,0,200,200
429563,0,30,0,0,0,1,14,2,0,0,0,23,14,0,8,0,7,0,0,200,200
429563,0,30,0,0,0,1,14,2,0,0,0,23,14,0,4,0,0,0,0,200,200
429564,0,30,1,2,1,1,14,6,0,0,0,0,0,0,6,200,12,0,0,200,200
429564,0,30,1,2,1,1,14,6,0,0,0,0,0,1,6,200,12,0,0,200,200
429567,4,30,1,1,0,1,8,3,0,0,0,0,0,0,5,3,15,0,0,200,200
429567,0,30,1,1,0,1,8,3,0,0,0,0,0,0,9,0,0,0,0,200,200
429567,1,30,1,1,0,1,8,3,0,0,0,0,0,0,7,0,200,200,200,200,200
429569,0,15,0,0,0,1,7,7,0,0,0,21,200,1,200,200,10,0,0,200,200
429578,0,20,0,0,0,1,12,8,0,0,0,21,200,0,200,200,4,200,200,200,200
429578,0,20,0,0,0,1,12,8,0,0,0,21,200,0,6,200,0,0,0,200,200
429580,0,30,1,2,0,1,10,2,0,0,0,11,16,1,5,0,12,0,0,200,200
429580,0,30,1,2,0,1,10,2,0,0,0,11,16,1,6,0,0,0,0,200,200
429580,1,30,1,2,0,1,10,2,0,0,0,11,16,1,200,5,200,200,200,200,200
429580,1,30,1,2,0,1,10,2,0,0,0,11,16,0,6,0,200,200,200,200,200
429584,0,30,1,2,0,1,12,1,0,0,0,21,0,1,6,0,4,200,0,200,200
429584,0,30,1,2,0,1,12,1,0,0,0,21,0,1,6,0,0,200,0,200,200
429590,0,30,0,0,0,1,7,5,0,0,0,0,0,2,200,200,6,200,200,200,200
429604,0,30,3,2,0,1,10,5,0,0,0,0,0,0,7,0,12,0,0,200,200
429604,0,30,3,2,0,1,10,5,0,0,0,0,0,0,6,0,12,0,0,200,200
429604,1,30,3,2,0,1,10,5,0,0,0,0,0,0,200,200,200,200,200,200,200
429604,1,30,3,2,0,1,10,5,0,0,0,0,0,1,7,0,200,200,200,200,200
429604,1,30,3,2,0,1,10,5,0,0,0,0,0,1,6,0,200,200,200,200,200
429604,1,30,3,2,0,1,10,5,0,0,0,0,0,0,6,0,200,200,200,200,200
429611,0,0,0,0,0,1,11,7,0,0,0,20,200,0,7,0,6,0,0,200,200
429611,0,0,0,0,0,1,11,7,0,0,0,20,200,0,6,0,0,0,0,200,200
429619,0,30,0,0,0,3,7,6,0,0,0,0,200,2,200,200,200,200,200,200,200
429629,0,30,1,2,0,1,10,2,0,0,0,0,200,0,6,0,0,0,0,200,200
429629,0,30,1,2,0,1,10,2,0,0,0,0,200,1,7,0,0,0,0,200,200
429652,0,30,0,0,1,1,12,3,0,0,0,0,200,1,6,0,2,0,0,200,200
429652,0,30,0,0,1,1,12,3,0,0,0,0,200,1,6,0,0,0,0,200,200
429654,0,30,0,0,0,1,12,2,0,0,0,25,17,2,200,200,12,200,200,200,200
429654,0,30,0,0,0,1,12,2,0,0,0,25,17,1,6,0,0,0,0,200,200
429654,1,30,0,0,0,1,12,2,0,0,0,25,17,1,200,200,200,200,200,200,200
429654,1,30,0,0,0,1,12,2,0,0,0,25,17,1,200,200,200,200,200,200,200
429659,0,30,1,2,0,1,0,5,0,0,0,17,200,1,7,0,1,0,0,200,200
429659,0,30,1,2,0,1,0,5,0,0,0,17,200,1,7,0,0,0,0,200,200
429660,0,30,0,0,0,1,12,2,0,0,0,17,0,0,5,0,1,0,0,200,200
429660,0,30,0,0,0,1,12,2,0,0,0,17,0,0,9,0,0,0,0,200,200
429661,0,30,0,0,0,1,12,5,0,0,0,17,0,1,7,0,1,0,0,200,200
429661,0,30,0,0,0,1,12,5,0,0,0,17,0,0,6,0,0,0,0,200,200
429668,0,15,0,0,0,1,7,7,0,0,0,16,0,1,200,200,6,200,200,200,200
429677,4,30,1,2,0,1,8,2,0,0,0,17,11,0,0,7,200,0,0,200,200
429677,0,30,1,2,0,1,8,2,0,0,0,17,11,0,6,200,1,0,0,200,200
429682,0,10,0,0,0,1,10,12,0,0,0,200,200,0,6,200,12,0,0,200,200
429682,0,10,0,0,0,1,10,12,0,0,0,200,200,0,7,200,0,0,0,200,200
429685,0,30,0,0,0,1,12,5,0,0,0,21,21,0,8,200,4,0,0,200,200
429685,0,30,0,0,0,1,12,5,0,0,0,21,21,0,6,200,0,0,0,200,200
429697,0,0,0,0,0,1,14,2,0,0,12,0,200,0,6,0,7,0,0,200,200
429697,0,0,0,0,0,1,14,2,0,0,12,0,200,1,6,0,0,0,0,200,200
429697,1,0,0,0,0,1,14,2,0,0,12,0,200,1,6,0,200,200,200,200,200
429700,5,20,1,2,2,3,9,2,0,1,0,17,200,0,5,0,0,4,200,200,200
429700,0,20,1,2,2,3,9,2,0,1,0,17,200,0,200,200,1,200,200,200,200
429702,0,30,0,0,0,1,7,7,0,0,0,21,21,2,200,200,200,200,200,200,200
429708,4,30,0,0,0,1,8,5,0,0,0,11,200,0,200,200,1,0,0,200,200
429708,0,30,0,0,0,1,8,5,0,0,0,11,200,2,200,200,200,200,200,200,200
429709,0,30,200,0,0,1,14,5,0,200,200,0,200,0,9,0,200,200,200,200,200
429709,0,30,200,0,0,1,14,5,0,200,200,0,200,0,6,0,200,0,0,200,200
429709,1,30,200,0,0,1,14,5,0,200,200,0,200,1,200,0,200,200,200,200,200
429710,0,0,0,0,0,1,7,7,0,200,200,0,200,2,200,200,200,200,200,200,200
429712,0,30,1,2,0,1,10,5,0,0,0,7,16,0,6,200,12,0,0,200,200
429712,0,30,1,2,0,1,10,5,0,0,0,7,16,0,7,200,0,0,0,200,200
429716,0,30,0,0,0,1,12,5,0,0,0,1,200,0,200,200,12,200,200,200,200
429716,0,30,0,0,0,1,12,5,0,0,0,1,200,1,200,0,0,0,0,200,200
429731,0,30,0,0,0,1,10,5,0,0,0,18,0,0,4,200,3,200,0,200,200
429731,0,30,0,0,0,1,10,5,0,0,0,18,0,1,7,200,0,200,0,200,200
429735,0,30,1,2,0,1,10,5,0,0,0,18,200,0,6,0,3,0,0,200,200
429735,0,30,1,2,0,1,10,5,0,0,0,18,200,0,6,0,0,0,0,200,200
429739,0,30,0,0,0,1,5,5,0,0,12,29,28,0,8,0,12,0,0,200,200
429740,0,30,0,0,0,3,0,5,0,0,0,19,21,0,5,200,6,0,0,200,200
429740,0,30,0,0,0,3,0,5,0,0,0,19,21,0,5,0,0,0,0,200,200
429748,0,30,0,0,0,0,12,6,0,0,0,200,200,2,200,200,0,200,200,200,200
429748,0,30,0,0,0,0,12,6,0,0,0,200,200,1,5,0,0,0,0,200,200
429750,0,20,0,0,0,2,7,7,0,0,0,0,200,0,200,0,3,0,0,200,200
429755,0,30,0,0,0,1,12,5,0,0,0,7,200,0,6,200,1,200,0,200,200
429755,0,30,0,0,0,1,12,5,0,0,0,7,200,1,6,200,12,5,0,200,200
429758,0,30,1,2,0,1,12,5,0,0,0,22,16,0,200,200,4,200,200,200,200
429758,0,30,1,2,0,1,12,5,0,0,0,22,16,0,6,0,0,0,0,200,200
429760,0,30,0,0,200,3,7,5,0,200,0,0,200,1,200,200,200,200,200,200,200
429771,0,30,0,0,0,1,7,6,0,0,0,0,0,0,200,0,0,0,0,200,200
429771,1,30,0,0,0,1,7,6,0,0,0,0,0,2,200,0,200,200,200,200,200
429771,1,30,0,0,0,1,7,6,0,0,0,0,0,0,200,0,200,200,200,200,200
429775,0,30,0,0,0,1,12,5,0,0,0,17,22,0,200,0,0,0,0,200,200
429775,0,30,0,0,0,1,12,5,0,0,0,17,22,0,7,0,2,0,0,200,200
429775,1,30,0,0,0,1,12,5,0,0,0,17,22,0,4,0,200,200,200,200,200
429776,0,30,0,0,0,1,7,12,0,2,12,0,200,0,200,200,200,200,200,200,200
429777,0,5,0,0,0,1,7,7,0,0,0,20,0,0,6,0,6,0,0,200,200
429778,0,30,0,0,0,1,12,2,0,0,0,0,200,0,7,0,200,0,0,200,200
429778,0,30,0,0,0,1,12,2,0,0,0,0,200,0,8,0,0,0,0,200,200
429780,0,30,1,2,0,1,14,12,0,0,0,3,16,0,6,200,7,0,0,200,200
429780,0,30,1,2,0,1,14,12,0,0,0,3,16,1,7,200,12,0,0,200,200
429781,0,30,1,200,0,1,3,5,0,200,200,20,200,0,200,200,6,200,200,200,200
429781,0,30,1,200,0,1,3,5,0,200,200,20,200,1,6,200,200,0,0,200,200
429791,0,30,0,0,0,1,8,5,0,0,0,17,16,1,200,200,1,200,0,200,200
429791,4,30,0,0,0,1,8,5,0,0,0,17,16,0,6,3,0,0,0,200,200
429792,0,30,1,2,0,1,0,2,0,0,0,6,0,1,4,200,5,200,0,200,200
429792,0,30,1,2,0,1,0,2,0,0,0,6,0,0,7,200,0,200,0,200,200
429799,0,30,0,0,0,1,10,5,0,0,0,200,200,0,200,200,12,12,0,200,200
429799,0,30,0,0,0,1,10,5,0,0,0,200,200,0,200,0,0,0,0,200,200
429801,0,30,0,0,2,1,5,5,0,1,1,0,200,1,7,0,0,0,0,200,200
429806,0,30,200,200,0,1,7,6,0,0,0,16,0,1,4,200,200,200,200,200,200
429819,0,15,0,0,0,1,0,7,0,200,200,17,17,0,6,200,1,200,0,200,200
429819,0,15,0,0,0,1,0,7,0,200,200,17,17,0,6,200,200,200,0,200,200
429828,0,30,0,0,0,1,4,0,0,0,0,0,0,2,200,200,200,200,200,200,200
429829,0,30,0,0,0,1,12,5,0,0,0,17,200,0,6,0,1,0,0,200,200
429829,0,30,0,0,0,1,12,5,0,0,0,17,200,0,200,0,0,0,0,200,200
429834,0,30,2,200,0,1,10,5,0,0,200,0,0,0,200,200,200,200,200,200,200
429834,0,30,2,200,0,1,10,5,0,0,200,0,0,1,7,0,0,200,200,200,200
429843,0,30,0,0,0,200,7,6,0,0,0,0,200,2,200,200,200,200,200,200,200
429849,0,30,0,0,1,3,10,5,0,200,0,0,0,0,200,200,200,200,200,200,200
429851,0,30,1,2,0,1,10,5,0,0,0,18,200,0,9,0,3,0,0,200,200
429851,0,30,1,2,0,1,10,5,0,0,0,18,200,1,6,0,0,0,0,200,200
429852,0,15,0,0,0,1,5,0,0,0,0,16,16,0,4,2,13,0,0,200,200
429858,0,30,0,2,0,1,10,5,0,0,200,18,200,0,7,200,3,200,200,200,200
429858,0,30,0,2,0,1,10,5,0,0,200,18,200,0,5,200,0,200,200,200,200
429858,1,30,0,2,0,1,10,5,0,0,200,18,200,0,6,200,200,200,200,200,200
429860,0,30,0,0,0,1,11,0,0,0,200,10,0,1,200,200,9,200,200,200,200
429860,0,30,0,0,0,1,11,0,0,0,200,10,0,1,5,0,0,0,0,200,200
429869,0,15,0,0,0,3,5,0,0,0,1,200,200,0,5,0,0,0,0,200,200
429873,0,30,1,2,0,1,7,5,0,0,0,18,11,1,5,0,3,0,0,200,200
429878,0,30,0,0,0,0,7,6,0,0,0,200,200,2,200,200,200,200,200,200,200
429881,0,30,0,2,0,1,12,2,0,0,200,25,0,0,200,200,1,200,200,200,200
429881,0,30,0,2,0,1,12,2,0,0,200,25,0,1,6,0,0,200,0,200,200
429886,0,15,0,0,0,1,5,7,0,0,0,0,0,0,7,0,6,0,0,200,200
429886,3,15,0,0,0,1,5,7,0,0,0,0,0,200,200,200,0,200,200,200,200
429891,0,30,1,2,0,1,10,5,0,0,200,18,0,0,200,200,3,0,0,200,200
429891,0,30,1,2,0,1,10,5,0,0,200,18,0,1,7,0,0,0,0,200,200
429891,1,30,1,2,0,1,10,5,0,0,200,18,0,1,7,0,200,200,200,200,200
429898,0,30,0,0,0,1,12,7,0,0,0,11,200,0,200,0,6,200,0,200,200
429898,0,30,0,0,0,1,12,7,0,0,0,11,200,0,200,0,0,0,0,200,200
429899,0,30,0,0,0,1,12,6,0,0,0,17,200,1,200,200,1,200,200,200,200
429899,0,30,0,0,0,1,12,6,0,0,0,17,200,0,7,0,0,0,0,200,200
429899,1,30,0,0,0,1,12,6,0,0,0,17,200,0,200,0,200,200,200,200,200
429901,0,30,0,0,2,1,12,6,0,1,0,21,17,1,5,200,4,0,0,200,200
429901,0,30,0,0,2,1,12,6,0,1,0,21,17,1,6,200,0,0,0,200,200
429905,0,25,0,0,200,200,7,5,0,0,0,0,0,2,200,200,200,200,200,200,200
429910,0,30,0,0,0,1,12,12,0,0,0,0,200,0,6,200,200,0,0,200,200
429910,0,30,0,0,0,1,12,12,0,0,0,0,200,1,6,200,0,0,0,200,200
429912,0,25,0,0,0,1,7,5,0,0,0,0,200,2,200,200,200,200,200,200,200
429913,0,30,2,2,0,1,0,3,0,0,0,17,5,0,4,0,1,0,0,200,200
429913,0,30,2,2,0,1,0,3,0,0,0,17,5,1,6,0,0,0,0,200,200
429913,1,30,2,2,0,1,0,3,0,0,0,17,5,1,1,0,200,200,200,200,200
429915,0,30,0,0,0,1,4,5,0,0,1,0,0,0,200,0,0,0,0,200,200
429916,0,20,0,0,0,1,7,5,0,0,0,0,0,0,6,0,12,0,0,200,200
429917,0,30,8,12,0,1,0,5,0,0,200,17,0,1,5,200,1,1,0,200,200
429917,0,30,8,12,0,1,0,5,0,0,200,17,0,1,7,200,0,1,0,200,200
429918,0,30,1,2,0,1,12,6,0,0,0,25,200,0,200,200,2,200,200,200,200
429918,0,30,1,2,0,1,12,6,0,0,0,25,200,0,7,0,0,0,0,200,200
429918,0,30,1,2,0,1,12,6,0,0,0,25,200,2,200,200,0,200,200,200,200
429918,5,30,1,2,0,1,12,6,0,0,0,25,200,1,5,7,0,0,0,200,200
429924,0,30,0,0,0,1,12,2,0,0,0,23,200,1,7,0,4,0,0,200,200
429924,0,30,0,0,0,1,12,2,0,0,0,23,200,0,5,0,0,0,0,200,200
429925,0,30,0,0,0,1,8,2,0,0,0,13,200,0,8,0,0,0,0,200,200
429925,4,30,0,0,0,1,8,2,0,0,0,13,200,1,6,3,12,0,0,200,200
429925,1,30,0,0,0,1,8,2,0,0,0,13,200,1,8,0,200,200,200,200,200
429929,0,15,0,0,0,1,0,7,0,0,0,20,0,0,5,0,6,0,0,200,200
429929,0,15,0,0,0,1,0,7,0,0,0,20,0,0,6,0,0,0,0,200,200
429929,1,15,0,0,0,1,0,7,0,0,0,20,0,1,200,0,200,200,200,200,200
429929,1,15,0,0,0,1,0,7,0,0,0,20,0,0,0,5,200,200,200,200,200
429940,0,30,2,2,0,1,0,2,0,0,0,17,11,0,5,0,1,200,0,200,200
429940,0,30,2,2,0,1,0,2,0,0,0,17,11,0,4,0,0,0,0,200,200
429943,0,30,2,2,0,1,0,6,0,0,0,10,200,1,6,200,9,0,0,200,200
429943,0,30,2,2,0,1,0,6,0,0,0,10,200,1,5,200,0,0,0,200,200
429943,1,30,2,2,0,1,0,6,0,0,0,10,200,1,1,200,200,200,200,200,200
429943,1,30,2,2,0,1,0,6,0,0,0,10,200,1,1,200,200,200,200,200,200
429944,0,30,0,0,0,1,10,5,0,0,0,18,200,0,7,200,3,200,200,200,200
429944,0,30,0,0,0,1,10,5,0,0,0,18,200,1,5,0,0,0,0,200,200
429944,1,30,0,0,0,1,10,5,0,0,0,18,200,2,200,200,200,200,200,200,200
429949,0,30,0,0,0,1,3,4,0,0,200,32,32,0,0,200,6,200,5,0.19,200
429949,0,30,0,0,0,1,3,4,0,0,200,32,32,1,6,0,12,0,0,200,0
429949,1,30,0,0,0,1,3,4,0,0,200,32,32,0,5,200,200,200,200,200,200
429949,1,30,0,0,0,1,3,4,0,0,200,32,32,0,3,200,200,200,200,200,200
429949,1,30,0,0,0,1,3,4,0,0,200,32,32,0,200,200,200,200,200,200,200
429949,1,30,0,0,0,1,3,4,0,0,200,32,32,1,200,0,200,200,200,200,200
429951,0,30,0,0,0,1,12,5,0,0,0,0,200,2,200,200,200,200,200,200,200
429951,0,30,0,0,0,1,12,5,0,0,0,0,200,0,7,0,0,0,0,200,200
429951,0,30,0,0,0,1,12,5,0,0,0,0,200,0,3,0,0,0,0,200,200
429951,1,30,0,0,0,1,12,5,0,0,0,0,200,0,3,0,200,200,200,200,200