RD_NO,PERSON_TYPE,POSTED_SPEED_LIMIT,TRAFFIC_CONTROL_DEVICE,DEVICE_CONDITION,WEATHER_CONDITION,LIGHTING_CONDITION,FIRST_CRASH_TYPE,TRAFFICWAY_TYPE,ALIGNMENT,ROADWAY_SURFACE_COND,ROAD_DEFECT,PRIM_CONTRIBUTORY_CAUSE,SEC_CONTRIBUTORY_CAUSE,SEX,AGE,SAFETY_EQUIPMENT,DRIVER_ACTION,DRIVER_VISION,PHYSICAL_CONDITION,BAC_RESULT VALUE,CELL_PHONE_USE
429951,1,30,0,0,0,1,12,5,0,0,0,0,200,0,3,0,200,200,200,200,200
429952,0,30,1,2,0,2,10,5,0,0,200,18,0,0,200,200,3,200,200,200,200
429952,0,30,1,2,0,2,10,5,0,0,200,18,0,0,6,0,0,0,0,200,200
429952,1,30,1,2,0,2,10,5,0,0,200,18,0,0,200,0,200,200,200,200,200
429953,0,30,0,0,0,3,10,5,0,0,0,0,200,0,200,200,200,200,200,200,200
429953,0,30,0,0,0,3,10,5,0,0,0,0,200,0,6,0,0,0,0,200,200
429953,1,30,0,0,0,3,10,5,0,0,0,0,200,1,200,200,200,200,200,200,200
429953,1,30,0,0,0,3,10,5,0,0,0,0,200,0,200,200,200,200,200,200,200
429953,1,30,0,0,0,3,10,5,0,0,0,0,200,1,6,0,200,200,200,200,200
429958,0,30,0,0,0,1,7,5,0,0,200,11,23,1,6,200,200,200,0,200,200
429968,0,0,0,0,0,1,7,7,0,0,0,0,0,2,200,200,200,200,200,200,200
429969,0,0,0,0,0,1,7,5,0,0,0,0,0,1,5,200,200,200,0,200,200
429970,0,30,1,2,0,1,14,5,0,0,0,23,200,0,200,200,7,200,200,200,200
429970,0,30,1,2,0,1,14,5,0,0,0,23,200,1,6,0,0,0,5,200,200
429974,0,35,1,200,0,1,12,3,0,0,200,22,200,1,5,200,4,200,0,200,200
429974,0,35,1,200,0,1,12,3,0,0,200,22,200,1,6,200,0,200,0,200,200
429974,1,35,1,200,0,1,12,3,0,0,200,22,200,0,7,200,200,200,200,200,200
429974,1,35,1,200,0,1,12,3,0,0,200,22,200,1,2,200,200,200,200,200,200
429974,1,35,1,200,0,1,12,3,0,0,200,22,200,1,2,200,200,200,200,200,200
429975,0,30,0,0,0,1,14,2,0,0,0,0,200,1,200,200,200,0,200,200,200
429975,0,30,0,0,0,1,14,2,0,0,0,0,200,1,9,0,0,0,0,200,200
429980,0,30,0,0,0,1,14,1,0,0,0,25,14,2,200,200,8,200,200,200,200
429980,0,30,0,0,0,1,14,1,0,0,0,25,14,1,6,0,0,0,0,200,200
429985,0,30,1,2,0,1,14,5,0,0,0,6,16,0,200,200,5,200,200,200,200
429985,0,30,1,2,0,1,14,5,0,0,0,6,16,1,7,0,0,0,0,200,200
429985,1,30,1,2,0,1,14,5,0,0,0,6,16,1,200,0,200,200,200,200,200
429988,0,30,200,200,0,1,14,6,0,0,200,0,200,1,200,0,200,200,0,200,200
429988,0,30,200,200,0,1,14,6,0,0,200,0,200,0,6,200,200,200,0,200,200
429988,1,30,200,200,0,1,14,6,0,0,200,0,200,0,4,200,200,200,200,200,200
429988,1,30,200,200,0,1,14,6,0,0,200,0,200,0,6,200,200,200,200,200,200
429988,1,30,200,200,0,1,14,6,0,0,200,0,200,0,5,200,200,200,200,200,200
429988,1,30,200,200,0,1,14,6,0,0,200,0,200,0,5,7,200,200,200,200,200
429988,1,30,200,200,0,1,14,6,0,0,200,0,200,0,6,200,200,200,200,200,200
429988,1,30,200,200,0,1,14,6,0,0,200,0,200,0,4,200,200,200,200,200,200
429988,1,30,200,200,0,1,14,6,0,0,200,0,200,0,5,200,200,200,200,200,200
429988,1,30,200,200,0,1,14,6,0,0,200,0,200,0,6,200,200,200,200,200,200
429988,1,30,200,200,0,1,14,6,0,0,200,0,200,0,5,200,200,200,200,200,200
429989,0,30,0,0,0,1,10,2,0,0,0,16,200,0,5,200,1,0,0,200,200
429989,0,30,0,0,0,1,10,2,0,0,0,16,200,0,7,200,0,0,0,200,200
429989,0,30,0,0,0,1,10,2,0,0,0,16,200,1,5,200,0,0,0,200,200
429989,1,30,0,0,0,1,10,2,0,0,0,16,200,0,200,200,200,200,200,200,200
429990,0,30,0,0,0,1,11,5,0,0,0,200,200,0,200,200,0,200,200,200,200
429990,0,30,0,0,0,1,11,5,0,0,0,200,200,0,6,0,0,0,0,200,200
429990,1,30,0,0,0,1,11,5,0,0,0,200,200,1,200,0,200,200,200,200,200
429993,3,30,0,0,0,3,1,5,1,0,200,1,200,200,200,200,200,200,200,200,200
429993,0,30,0,0,0,3,1,5,1,0,200,1,200,1,200,200,0,200,200,200,200
429996,0,0,2,2,0,1,10,200,0,200,200,0,200,0,200,0,200,200,200,200,200
429996,0,0,2,2,0,1,10,200,0,200,200,0,200,1,7,0,200,200,0,200,200
429996,1,0,2,2,0,1,10,200,0,200,200,0,200,1,7,0,200,200,200,200,200
430004,0,30,0,0,0,1,5,3,0,0,0,200,200,0,8,0,200,0,0,200,200
430006,0,10,0,0,0,1,3,4,0,0,0,0,0,0,200,200,12,0,0,200,200
430006,0,10,0,0,0,1,3,4,0,0,0,0,0,1,7,0,0,0,0,200,200
430006,1,10,0,0,0,1,3,4,0,0,0,0,0,1,200,0,200,200,200,200,200
430006,1,10,0,0,0,1,3,4,0,0,0,0,0,1,200,7,200,200,200,200,200
430008,0,30,1,2,0,3,10,2,0,0,0,0,200,0,200,200,200,0,200,200,200
430008,0,30,1,2,0,3,10,2,0,0,0,0,200,0,5,0,0,0,200,200,200
430011,0,30,0,0,0,1,7,7,0,0,0,0,0,2,200,200,12,200,200,200,200
430012,0,30,0,0,0,1,10,5,0,0,0,16,11,0,200,200,3,200,200,200,200
430012,0,30,0,0,0,1,10,5,0,0,0,16,11,1,6,0,0,0,0,200,200
430013,0,30,0,0,0,1,5,5,0,0,0,21,200,0,200,200,12,0,200,200,200
430016,0,30,0,0,0,1,0,5,0,0,0,17,16,0,6,0,1,0,0,200,200
430016,0,30,0,0,0,1,0,5,0,0,0,17,16,0,7,0,0,0,0,200,200
430020,0,15,0,0,0,1,0,7,0,0,0,0,0,0,5,0,12,0,0,200,200
430020,0,15,0,0,0,1,0,7,0,0,0,0,0,0,6,200,12,200,0,200,200
430020,1,15,0,0,0,1,0,7,0,0,0,0,0,0,0,0,200,200,200,200,200
430020,1,15,0,0,0,1,0,7,0,0,0,0,0,0,200,0,200,200,200,200,200
430021,5,30,0,0,0,1,9,12,0,0,0,200,200,0,8,7,12,200,7,200,200
430021,0,30,0,0,0,1,9,12,0,0,0,200,200,1,6,0,12,5,0,200,200
430027,0,30,1,2,0,1,14,2,0,0,0,17,200,0,6,200,1,200,0,200,200
430027,0,30,1,2,0,1,14,2,0,0,0,17,200,0,8,200,0,200,200,200,200
430034,0,25,0,0,0,1,12,5,0,0,0,18,200,1,6,0,3,0,0,200,200
430034,0,25,0,0,0,1,12,5,0,0,0,18,200,1,7,200,0,0,0,200,200
430035,0,30,2,0,0,1,14,2,0,0,0,17,200,0,7,200,0,200,0,200,200
430035,0,30,2,0,0,1,14,2,0,0,0,17,200,0,6,7,1,200,0,200,200
430036,0,30,2,2,0,1,14,5,0,0,0,17,0,1,6,0,1,0,0,200,200
430036,0,30,2,2,0,1,14,5,0,0,0,17,0,1,7,0,0,0,0,200,200
430036,1,30,2,2,0,1,14,5,0,0,0,17,0,1,2,0,200,200,200,200,200
430037,0,35,2,2,0,1,14,2,0,0,0,16,11,0,9,0,1,0,0,200,200
430037,0,35,2,2,0,1,14,2,0,0,0,16,11,1,7,0,1,0,0,200,200
430037,0,35,2,2,0,1,14,2,0,0,0,16,11,1,8,0,0,0,0,200,200
430038,0,30,0,0,0,1,10,5,0,0,0,18,0,1,5,0,3,0,0,200,200
430038,0,30,0,0,0,1,10,5,0,0,0,18,0,0,6,7,0,0,0,200,200
430043,0,30,1,2,0,1,14,5,0,0,200,17,200,0,6,200,200,200,0,200,200
430043,0,30,1,2,0,1,14,5,0,0,200,17,200,1,6,200,200,200,0,200,200
430043,0,30,1,2,0,1,14,5,0,0,200,17,200,1,6,200,200,200,0,200,200
430044,0,25,2,2,0,1,0,5,0,0,0,17,22,0,5,0,1,0,0,200,200
430044,0,25,2,2,0,1,0,5,0,0,0,17,22,1,7,0,0,0,0,200,200
430045,0,0,2,2,0,1,0,200,2,200,200,0,200,1,6,0,200,200,0,200,200
430045,0,0,2,2,0,1,0,200,2,200,200,0,200,0,7,0,200,200,0,200,200
430046,0,30,1,2,0,1,0,5,0,0,0,6,21,0,200,200,1,200,200,200,200
430046,0,30,1,2,0,1,0,5,0,0,0,6,21,1,7,0,0,0,0,200,200
430049,0,30,1,2,0,1,10,2,0,0,1,18,200,0,7,0,3,0,0,200,200
430049,0,30,1,2,0,1,10,2,0,0,1,18,200,0,5,0,0,0,0,200,200
430049,1,30,1,2,0,1,10,2,0,0,1,18,200,0,5,0,200,200,200,200,200
430049,1,30,1,2,0,1,10,2,0,0,1,18,200,0,200,0,200,200,200,200,200
430051,0,30,0,0,0,1,12,5,0,0,200,0,0,0,7,0,200,200,200,200,200
430051,0,30,0,0,0,1,12,5,0,0,200,0,0,0,7,0,0,200,200,200,200
430058,0,30,2,2,0,1,10,2,0,0,0,16,18,0,6,0,8,0,0,200,200
430058,0,30,2,2,0,1,10,2,0,0,0,16,18,1,6,0,0,0,0,200,200
430060,0,0,0,0,0,1,10,5,0,0,0,18,11,1,4,0,3,0,0,200,200
430060,0,0,0,0,0,1,10,5,0,0,0,18,11,1,6,0,0,0,0,200,200
430065,0,35,0,0,0,1,12,5,0,0,0,17,0,0,7,200,1,0,0,200,200
430065,0,35,0,0,0,1,12,5,0,0,0,17,0,1,6,200,0,0,0,200,200
430065,1,35,0,0,0,1,12,5,0,0,0,17,0,1,5,200,200,200,200,200,200
430065,1,35,0,0,0,1,12,5,0,0,0,17,0,0,7,200,200,200,200,200,200
430065,1,35,0,0,0,1,12,5,0,0,0,17,0,0,5,200,200,200,200,200,200
430068,0,35,1,2,0,1,10,6,0,0,0,18,0,0,200,200,3,200,200,200,200
430068,0,35,1,2,0,1,10,6,0,0,0,18,0,0,6,0,0,0,0,200,200
430068,0,35,1,2,0,1,10,6,0,0,0,18,0,0,6,200,0,200,200,200,200
430070,0,30,0,0,0,1,12,2,0,0,0,21,200,0,5,0,12,0,0,200,200
430070,0,30,0,0,0,1,12,2,0,0,0,21,200,1,6,0,0,200,0,200,200
430070,1,30,0,0,0,1,12,2,0,0,0,21,200,1,200,0,200,200,200,200,200
430070,1,30,0,0,0,1,12,2,0,0,0,21,200,1,200,0,200,200,200,200,200
430070,1,30,0,0,0,1,12,2,0,0,0,21,200,1,200,0,200,200,200,200,200
430076,0,30,1,2,0,1,12,6,0,0,0,0,0,0,200,0,200,0,0,200,200
430076,0,30,1,2,0,1,12,6,0,0,0,0,0,1,200,0,200,0,0,200,200
430076,1,30,1,2,0,1,12,6,0,0,0,0,0,1,200,0,200,200,200,200,200
430076,1,30,1,2,0,1,12,6,0,0,0,0,0,0,200,0,200,200,200,200,200
430077,0,30,1,2,0,1,14,3,0,0,0,22,200,1,200,200,12,200,200,200,200
430077,0,30,1,2,0,1,14,3,0,0,0,22,200,0,200,0,0,200,0,200,200
430079,0,20,0,0,0,1,2,5,2,0,12,29,0,0,6,0,0,0,0,200,200
430086,0,30,0,0,0,1,7,5,0,0,0,16,0,0,7,0,1,0,0,200,200
430087,0,30,1,2,0,1,14,5,0,0,0,11,0,0,9,0,7,0,0,200,200
430087,0,30,1,2,0,1,14,5,0,0,0,11,0,0,5,0,12,0,0,200,200
430089,0,30,0,0,0,1,10,5,0,0,0,17,200,1,200,200,4,200,200,200,200
430089,0,30,0,0,0,1,10,5,0,0,0,17,200,1,5,0,0,0,0,200,200
430093,0,30,1,2,0,1,10,5,0,0,0,18,16,0,200,200,3,200,200,200,200
430093,0,30,1,2,0,1,10,5,0,0,0,18,16,1,7,0,0,0,0,200,200
430094,0,30,1,2,0,1,14,2,0,0,0,17,200,0,7,0,1,0,0,200,200
430094,0,30,1,2,0,1,14,2,0,0,0,17,200,0,6,0,0,0,0,200,200
430094,1,30,1,2,0,1,14,2,0,0,0,17,200,1,6,0,200,200,200,200,200
430094,1,30,1,2,0,1,14,2,0,0,0,17,200,1,6,0,200,200,200,200,200
430095,0,30,2,0,0,1,10,5,0,0,0,18,200,0,6,0,3,0,0,200,200
430095,0,30,2,0,0,1,10,5,0,0,0,18,200,0,6,0,0,0,0,200,200
430103,0,30,200,200,200,200,12,5,0,200,200,0,0,2,200,200,200,200,200,200,200
430103,0,30,200,200,200,200,12,5,0,200,200,0,0,1,7,200,0,200,0,200,200
430104,0,30,2,2,0,1,14,5,0,0,0,17,16,0,7,0,1,0,0,200,200
430104,0,30,2,2,0,1,14,5,0,0,0,17,16,0,7,0,0,0,0,200,200
430109,0,30,1,2,0,1,14,5,0,0,0,23,200,0,7,0,7,0,0,200,200
430109,0,30,1,2,0,1,14,5,0,0,0,23,200,0,6,0,0,0,0,200,200
430112,0,30,1,2,0,1,14,5,0,0,200,6,23,0,5,200,5,6,0,200,200
430112,0,30,1,2,0,1,14,5,0,0,200,6,23,0,6,200,0,200,0,200,200
430113,0,30,0,0,0,1,10,5,0,0,0,18,200,1,7,0,3,0,0,200,200
430113,0,30,0,0,0,1,10,5,0,0,0,18,200,0,7,0,0,0,0,200,200
430114,0,30,1,2,0,3,12,5,0,0,0,18,21,0,6,0,3,0,0,200,200
430114,0,30,1,2,0,3,12,5,0,0,0,18,21,0,6,0,12,0,0,200,200
430115,0,30,0,0,0,1,14,3,0,0,0,200,200,0,200,0,200,0,0,200,200
430115,0,30,0,0,0,1,14,3,0,0,0,200,200,1,6,7,200,0,0,200,200
430115,1,30,0,0,0,1,14,3,0,0,0,200,200,0,0,0,200,200,200,200,200
430117,0,30,1,2,0,1,12,2,0,0,0,17,11,0,5,0,1,0,0,200,200
430117,0,30,1,2,0,1,12,2,0,0,0,17,11,1,6,0,0,0,0,200,200
430118,0,0,2,2,0,1,10,200,0,200,200,0,200,0,200,200,200,200,200,200,200
430118,0,0,2,2,0,1,10,200,0,200,200,0,200,0,5,0,200,200,0,200,200
430118,1,0,2,2,0,1,10,200,0,200,200,0,200,0,3,0,200,200,200,200,200
430120,0,30,2,2,0,1,10,5,0,0,0,0,0,0,200,200,200,200,200,200,200
430120,0,30,2,2,0,1,10,5,0,0,0,0,0,1,6,0,0,0,0,200,200
430120,1,30,2,2,0,1,10,5,0,0,0,0,0,0,6,0,200,200,200,200,200
430120,1,30,2,2,0,1,10,5,0,0,0,0,0,0,2,0,200,200,200,200,200
430125,0,30,0,0,0,1,7,5,0,0,0,0,200,1,6,0,12,0,0,200,200
430126,0,30,0,0,0,1,10,7,0,0,0,20,200,0,4,200,6,0,0,200,200
430126,0,30,0,0,0,1,10,7,0,0,0,20,200,0,8,200,0,0,0,200,200
430126,1,30,0,0,0,1,10,7,0,0,0,20,200,1,200,200,200,200,200,200,200
430126,1,30,0,0,0,1,10,7,0,0,0,20,200,1,200,200,200,200,200,200,200
430132,0,35,1,0,0,1,10,3,0,0,0,14,18,0,9,0,8,0,0,200,200
430132,0,35,1,0,0,1,10,3,0,0,0,14,18,1,7,0,0,0,0,200,200
430136,0,30,0,0,0,1,12,6,0,0,0,17,22,0,5,200,12,0,0,200,200
430136,0,30,0,0,0,1,12,6,0,0,0,17,22,1,7,0,2,0,0,200,200
430140,0,35,200,200,0,1,10,5,0,0,0,0,200,1,200,7,0,0,0,200,200
430140,0,35,200,200,0,1,10,5,0,0,0,0,200,0,200,0,0,200,0,200,200
430142,0,20,0,0,0,1,14,0,0,0,0,17,200,1,6,0,1,0,0,200,200
430142,0,20,0,0,0,1,14,0,0,0,0,17,200,1,5,0,0,0,0,200,200
430143,0,30,0,0,0,1,11,5,0,0,0,0,200,0,200,200,200,200,200,200,200
430143,0,30,0,0,0,1,11,5,0,0,0,0,200,0,6,0,200,200,200,200,200
430143,1,30,0,0,0,1,11,5,0,0,0,0,200,1,200,200,200,200,200,200,200
430145,0,30,2,2,0,1,7,2,0,0,0,0,200,2,200,200,200,200,200,200,200
430157,0,10,0,0,0,1,7,7,0,0,0,0,200,1,6,0,200,200,0,200,200
430158,0,30,0,0,0,1,10,5,0,0,0,0,0,1,6,0,8,0,0,200,200
430158,0,30,0,0,0,1,10,5,0,0,0,0,0,1,200,200,0,0,200,200,200
430162,0,30,1,0,0,1,10,5,0,0,0,0,0,1,7,0,12,0,0,200,200
430162,0,30,1,0,0,1,10,5,0,0,0,0,0,0,6,0,0,0,0,200,200
430168,0,15,0,0,0,1,7,5,0,0,0,25,200,0,5,200,12,0,0,200,200
430173,0,30,0,0,0,1,0,5,0,0,0,17,0,1,6,200,1,0,0,200,200
430173,0,30,0,0,0,1,0,5,0,0,0,17,0,1,6,200,200,0,0,200,200
430178,0,30,1,2,0,1,14,6,0,0,0,0,0,2,200,200,12,200,200,200,200
430178,0,30,1,2,0,1,14,6,0,0,0,0,0,0,4,0,0,0,0,200,200
430184,0,30,0,0,0,1,3,5,0,0,0,21,25,1,5,0,2,0,0,200,200
430184,0,30,0,0,0,1,3,5,0,0,0,21,25,0,6,0,12,0,0,200,200
430191,0,30,1,2,0,1,12,5,0,0,0,22,16,0,200,200,1,200,200,200,200
430191,0,30,1,2,0,1,12,5,0,0,0,22,16,0,5,0,0,0,0,200,200
430192,0,30,0,0,0,1,14,5,0,0,0,0,0,0,200,200,7,0,0,200,200
430192,0,30,0,0,0,1,14,5,0,0,0,0,0,0,200,0,0,0,0,200,200
430198,0,30,200,200,0,1,10,5,0,200,200,22,200,2,200,200,200,200,200,200,200
430198,0,30,200,200,0,1,10,5,0,200,200,22,200,0,7,0,200,0,0,200,200
430198,1,30,200,200,0,1,10,5,0,200,200,22,200,1,200,0,200,200,200,200,200
430198,1,30,200,200,0,1,10,5,0,200,200,22,200,1,200,0,200,200,200,200,200
430200,0,30,1,2,0,1,10,5,0,0,0,0,0,0,200,200,200,200,200,200,200
430200,0,30,1,2,0,1,10,5,0,0,0,0,0,0,4,0,0,0,0,200,200
430200,1,30,1,2,0,1,10,5,0,0,0,0,0,0,200,0,200,200,200,200,200
430203,0,30,0,0,0,1,7,5,0,0,0,0,0,0,8,0,2,0,0,200,200
430204,0,30,0,0,2,1,7,5,0,0,0,0,0,0,6,200,200,200,200,200,200
430204,1,30,0,0,2,1,7,5,0,0,0,0,0,0,6,0,200,200,200,200,200
430219,0,0,200,200,0,1,9,200,0,200,200,0,200,0,200,200,200,200,200,200,200
430219,5,0,200,200,0,1,9,200,0,200,200,0,200,0,7,7,200,200,0,200,200
430222,0,30,1,2,0,4,10,5,0,0,0,200,200,0,8,200,0,200,200,200,200
430222,0,30,1,2,0,4,10,5,0,0,0,200,200,0,6,0,0,0,0,200,200
430222,1,30,1,2,0,4,10,5,0,0,0,200,200,1,200,0,200,200,200,200,200
430223,0,30,0,0,0,1,12,5,0,0,0,17,11,0,200,200,4,200,0,200,200
430223,0,30,0,0,0,1,12,5,0,0,0,17,11,1,6,0,0,0,0,200,200
430223,1,30,0,0,0,1,12,5,0,0,0,17,11,1,200,200,200,200,200,200,200
430224,0,20,0,0,0,1,9,6,0,0,0,0,200,1,7,200,200,200,0,200,200
430224,5,20,0,0,0,1,9,6,0,0,0,0,200,1,3,7,200,0,0,200,200
430224,1,20,0,0,0,1,9,6,0,0,0,0,200,1,5,200,200,200,200,200,200
430225,0,30,0,0,0,3,7,5,0,0,0,0,0,2,200,200,200,200,200,200,200
430244,0,30,0,0,0,1,7,5,0,0,200,19,200,2,200,200,200,200,200,200,200
430246,0,30,2,12,0,1,8,2,0,0,0,17,200,1,6,200,1,200,0,200,200
430246,4,30,2,12,0,1,8,2,0,0,0,17,200,0,6,200,200,200,0,200,200
430254,0,30,1,2,0,1,10,5,0,0,0,18,7,1,7,0,3,0,0,200,200
430254,0,30,1,2,0,1,10,5,0,0,0,18,7,0,4,0,12,0,0,200,200
430254,1,30,1,2,0,1,10,5,0,0,0,18,7,1,5,0,200,200,200,200,200
430255,0,30,1,200,0,1,10,2,0,0,0,20,200,0,5,200,6,200,200,200,200
430255,0,30,1,200,0,1,10,2,0,0,0,20,200,0,7,200,0,200,0,200,200
430255,1,30,1,200,0,1,10,2,0,0,0,20,200,0,6,200,200,200,200,200,200
430257,0,30,1,2,0,1,10,5,0,0,200,18,0,1,200,200,3,200,200,200,200
430257,0,30,1,2,0,1,10,5,0,0,200,18,0,0,6,200,0,200,0,200,200
430261,0,30,0,0,0,0,7,7,0,0,0,20,200,0,200,200,6,0,0,200,200
430266,0,30,2,2,0,4,10,5,0,0,0,0,200,1,6,0,3,200,200,200,200
430266,0,30,2,2,0,4,10,5,0,0,0,0,200,0,6,0,0,0,0,200,200
430266,1,30,2,2,0,4,10,5,0,0,0,0,200,1,200,0,200,200,200,200,200
430266,1,30,2,2,0,4,10,5,0,0,0,0,200,1,200,0,200,200,200,200,200
430268,0,25,1,2,0,3,14,2,0,0,0,21,4,0,6,0,9,0,0,200,200
430268,0,25,1,2,0,3,14,2,0,0,0,21,4,0,5,0,0,0,0,200,200
430271,0,30,0,0,0,1,14,5,0,0,0,23,0,0,4,200,7,200,200,200,200
430271,0,30,0,0,0,1,14,5,0,0,0,23,0,0,7,0,0,0,0,200,200
430273,0,30,1,2,0,4,10,5,0,0,0,18,11,0,200,0,1,200,0,200,200
430273,0,30,1,2,0,4,10,5,0,0,0,18,11,0,8,1,0,0,0,200,200
430276,0,30,0,0,0,1,12,5,0,0,0,25,200,0,6,0,0,0,0,200,200
430276,0,30,0,0,0,1,12,5,0,0,0,25,200,0,6,200,13,0,0,200,200
430279,0,30,0,0,0,3,7,5,0,0,0,0,200,0,7,0,0,0,0,200,200
430286,0,30,2,2,0,1,10,6,0,0,0,18,200,0,6,200,3,200,200,200,200
430286,0,30,2,2,0,1,10,6,0,0,0,18,200,1,6,0,0,0,0,200,200
430286,1,30,2,2,0,1,10,6,0,0,0,18,200,0,7,0,200,200,200,200,200
430287,0,30,0,0,0,1,10,3,0,0,0,18,200,2,200,200,1,200,200,200,200
430287,0,30,0,0,0,1,10,3,0,0,0,18,200,1,200,200,0,200,200,200,200
430287,0,30,0,0,0,1,10,3,0,0,0,18,200,1,6,0,0,0,0,200,200
430290,0,30,0,0,0,4,10,5,0,0,0,200,200,2,200,200,0,200,200,200,200
430290,0,30,0,0,0,4,10,5,0,0,0,200,200,0,4,0,0,0,0,200,200
430294,0,30,0,0,0,4,2,5,0,2,4,28,0,1,8,0,0,0,0,200,200
430296,0,30,0,0,200,1,14,5,0,200,0,17,200,1,200,0,1,5,0,200,200
430296,0,30,0,0,200,1,14,5,0,200,0,17,200,0,7,0,0,0,0,200,200
430301,0,10,0,0,0,3,9,0,0,0,0,25,200,2,200,200,8,200,200,200,200
430301,5,10,0,0,0,3,9,0,0,0,0,25,200,0,4,7,0,200,0,200,200
430303,0,30,0,0,0,1,7,2,0,0,0,0,0,2,200,200,2,0,0,200,200
430305,0,30,1,2,0,3,10,5,0,0,0,18,0,0,5,0,3,0,0,200,200
430305,0,30,1,2,0,3,10,5,0,0,0,18,0,0,7,0,12,0,0,200,200
430306,0,30,0,0,0,1,7,5,0,0,0,200,200,2,200,200,200,200,200,200,200
430308,0,30,2,2,0,1,8,5,0,200,200,17,0,0,7,200,1,200,200,200,200
430308,4,30,2,2,0,1,8,5,0,200,200,17,0,1,5,200,0,200,0,200,200
430313,0,30,0,0,0,3,11,5,0,0,0,17,200,1,200,200,12,200,200,200,200
430313,0,30,0,0,0,3,11,5,0,0,0,17,200,0,200,0,12,0,0,200,200
430317,0,30,0,0,0,0,12,6,0,0,0,0,200,0,6,7,0,0,0,200,200
430317,0,30,0,0,0,0,12,6,0,0,0,0,200,1,5,7,0,0,0,200,200
430323,0,30,0,0,0,4,14,2,0,0,0,0,0,0,5,0,7,200,200,200,200
430323,0,30,0,0,0,4,14,2,0,0,0,0,0,1,5,200,0,200,200,200,200
430324,0,30,1,2,0,0,12,5,0,0,0,11,200,1,200,200,200,200,200,200,200
430324,0,30,1,2,0,0,12,5,0,0,0,11,200,0,200,0,0,0,0,200,200
430326,0,30,0,0,0,1,12,5,0,0,0,17,200,2,200,200,1,200,200,200,200
430326,0,30,0,0,0,1,12,5,0,0,0,17,200,0,5,0,0,0,0,200,200
430331,0,30,0,0,0,4,0,0,0,0,0,25,200,0,200,200,200,200,200,200,200
430331,0,30,0,0,0,4,0,0,0,0,0,25,200,1,7,0,12,0,0,200,200
430335,0,30,0,0,0,3,7,6,0,0,0,0,0,2,200,200,200,200,200,200,200
430341,0,30,0,0,0,3,14,5,0,0,0,23,0,1,6,200,7,200,0,200,200
430341,0,30,0,0,0,3,14,5,0,0,0,23,0,1,5,200,0,0,0,200,200
430341,1,30,0,0,0,3,14,5,0,0,0,23,0,0,1,5,200,200,200,200,200
430345,0,30,2,2,200,0,14,5,0,200,0,11,200,1,200,200,5,4,200,200,200
430345,0,30,2,2,200,0,14,5,0,200,0,11,200,1,200,0,0,0,0,200,200
430346,0,25,0,0,0,2,7,5,0,0,0,0,200,2,200,200,200,200,200,200,200
430348,0,30,0,0,0,1,7,6,0,0,0,200,200,0,6,0,0,0,0,200,200
430349,0,30,1,2,0,3,10,5,0,0,0,0,200,1,5,0,0,0,0,200,200
430349,0,30,1,2,0,3,10,5,0,0,0,0,200,0,5,0,0,0,0,200,200
430349,5,30,1,2,0,3,10,5,0,0,0,0,200,0,200,200,0,0,0,200,200
430363,0,30,2,2,0,3,0,5,0,0,0,17,11,2,200,200,1,200,200,200,200
430363,0,30,2,2,0,3,0,5,0,0,0,17,11,1,7,200,0,0,0,200,200
430363,1,30,2,2,0,3,0,5,0,0,0,17,11,0,4,200,200,200,200,200,200
430370,0,30,1,2,0,3,14,2,0,0,0,23,200,1,5,0,7,0,1,200,200
430370,0,30,1,2,0,3,14,2,0,0,0,23,200,0,6,0,0,0,0,200,200
430372,0,45,0,0,0,1,12,5,0,0,0,22,26,0,4,200,2,200,200,200,200
430372,0,45,0,0,0,1,12,5,0,0,0,22,26,0,6,200,0,200,0,200,200
430383,0,30,1,2,0,3,14,2,0,0,0,17,25,0,7,200,0,200,0,200,200
430383,0,30,1,2,0,3,14,2,0,0,0,17,25,0,7,200,1,200,0,200,200
430383,0,30,1,2,0,3,14,2,0,0,0,17,25,0,7,200,0,200,0,200,200
430383,1,30,1,2,0,3,14,2,0,0,0,17,25,1,6,200,200,200,200,200,200
430392,0,35,0,0,0,3,10,3,0,0,0,0,0,0,6,0,200,0,0,200,200
430392,0,35,0,0,0,3,10,3,0,0,0,0,0,1,6,0,200,200,0,200,200
430392,1,35,0,0,0,3,10,3,0,0,0,0,0,0,200,200,200,200,200,200,200
430398,0,25,0,0,0,3,12,6,0,0,0,0,0,0,6,0,200,0,0,200,200
430398,0,25,0,0,0,3,12,6,0,0,0,0,0,1,6,0,0,0,0,200,200
430399,0,30,1,2,0,3,10,6,0,0,3,17,0,0,8,0,1,0,0,200,200
430399,0,30,1,2,0,3,10,6,0,0,3,17,0,0,6,0,0,0,0,200,200
430412,0,30,0,0,0,3,14,2,0,0,0,17,200,0,200,200,1,200,200,200,200
430412,0,30,0,0,0,3,14,2,0,0,0,17,200,0,5,0,0,0,0,200,200