RD_NO,PERSON_TYPE,POSTED_SPEED_LIMIT,TRAFFIC_CONTROL_DEVICE,DEVICE_CONDITION,WEATHER_CONDITION,LIGHTING_CONDITION,FIRST_CRASH_TYPE,TRAFFICWAY_TYPE,ALIGNMENT,ROADWAY_SURFACE_COND,ROAD_DEFECT,PRIM_CONTRIBUTORY_CAUSE,SEC_CONTRIBUTORY_CAUSE,SEX,AGE,SAFETY_EQUIPMENT,DRIVER_ACTION,DRIVER_VISION,PHYSICAL_CONDITION,BAC_RESULT VALUE,CELL_PHONE_USE
430983,1,30,1,0,0,1,10,5,0,0,0,0,0,0,200,200,200,200,200,200,200
430985,0,30,2,2,0,1,0,2,0,0,0,17,200,0,5,0,1,0,0,200,200
430985,0,30,2,2,0,1,0,2,0,0,0,17,200,0,6,0,0,0,0,200,200
430986,0,30,1,2,0,1,10,2,0,0,0,11,0,1,6,200,200,200,0,200,200
430986,0,30,1,2,0,1,10,2,0,0,0,11,0,1,6,0,0,0,0,200,200
430987,0,30,2,2,0,1,0,5,0,0,0,20,200,0,6,200,6,0,0,200,200
430987,0,30,2,2,0,1,0,5,0,0,0,20,200,0,6,200,0,0,0,200,200
430987,1,30,2,2,0,1,0,5,0,0,0,20,200,0,5,200,200,200,200,200,200
430987,1,30,2,2,0,1,0,5,0,0,0,20,200,1,200,200,200,200,200,200,200
430987,1,30,2,2,0,1,0,5,0,0,0,20,200,1,6,200,200,200,200,200,200
431004,0,30,0,0,0,3,12,5,0,0,0,0,0,1,200,200,200,200,200,200,200
431004,0,30,0,0,0,3,12,5,0,0,0,0,0,0,8,0,200,0,0,200,200
431011,0,30,2,2,0,1,0,5,0,0,0,17,200,0,200,200,1,200,200,200,200
431011,0,30,2,2,0,1,0,5,0,0,0,17,200,0,5,7,0,200,0,200,200
431011,1,30,2,2,0,1,0,5,0,0,0,17,200,1,7,200,200,200,200,200,200
431011,1,30,2,2,0,1,0,5,0,0,0,17,200,0,6,200,200,200,200,200,200
431014,0,20,0,0,0,1,0,6,0,0,0,17,200,1,5,0,1,0,0,200,200
431014,0,20,0,0,0,1,0,6,0,0,0,17,200,0,6,0,0,0,0,200,200
431014,1,20,0,0,0,1,0,6,0,0,0,17,200,1,6,0,200,200,200,200,200
431015,0,15,0,0,0,1,14,7,0,0,0,10,200,0,6,0,7,0,0,200,200
431015,0,15,0,0,0,1,14,7,0,0,0,10,200,0,7,0,200,3,0,200,200
431026,0,25,0,0,0,1,2,5,0,0,0,14,200,0,200,200,8,200,200,200,200
431026,1,25,0,0,0,1,2,5,0,0,0,14,200,0,200,200,200,200,200,200,200
431028,1,15,0,0,0,1,10,7,0,0,0,0,0,1,200,0,200,200,200,200,200
431028,0,15,0,0,0,1,10,7,0,0,0,0,0,0,7,0,12,0,0,200,200
431028,0,15,0,0,0,1,10,7,0,0,0,0,0,1,6,7,12,0,0,200,200
431028,1,15,0,0,0,1,10,7,0,0,0,0,0,1,200,0,200,200,200,200,200
431030,0,10,0,0,0,1,14,7,0,0,0,23,200,1,6,0,2,0,0,200,200
431030,0,10,0,0,0,1,14,7,0,0,0,23,200,0,6,0,0,0,0,200,200
431037,0,30,0,0,0,3,10,3,0,0,0,0,0,0,7,0,200,0,0,200,200
431037,0,30,0,0,0,3,10,3,0,0,0,0,0,0,6,200,200,200,200,200,200
431039,0,15,0,200,0,1,7,7,0,0,0,0,200,1,9,200,200,200,0,200,200
431049,0,30,1,2,0,1,10,2,0,0,0,18,200,1,7,0,3,0,0,200,200
431049,0,30,1,2,0,1,10,2,0,0,0,18,200,0,6,0,0,0,0,200,200
431049,1,30,1,2,0,1,10,2,0,0,0,18,200,0,200,200,200,200,200,200,200
431053,0,30,1,2,0,1,0,6,0,0,0,6,200,0,9,0,5,0,0,200,200
431053,0,30,1,2,0,1,0,6,0,0,0,6,200,0,7,0,0,0,0,200,200
431056,0,20,2,2,0,1,0,2,0,0,0,5,0,0,200,200,5,200,200,200,200
431056,0,20,2,2,0,1,0,2,0,0,0,5,0,0,5,0,0,0,0,200,200
431058,0,30,1,200,0,1,2,5,0,0,0,0,200,0,6,200,200,200,0,200,200
431060,0,2,0,0,0,1,7,5,0,0,0,0,0,2,200,200,12,200,200,200,200
431061,0,30,1,2,0,1,14,5,0,0,0,17,23,0,7,0,1,1,0,200,200
431061,0,30,1,2,0,1,14,5,0,0,0,17,23,0,8,0,0,1,0,200,200
431070,0,30,0,0,0,1,8,2,0,0,0,17,16,0,6,0,1,0,0,200,200
431070,4,30,0,0,0,1,8,2,0,0,0,17,16,0,6,3,0,0,0,200,200
431073,0,15,0,0,0,1,7,7,0,0,0,0,0,2,200,200,200,200,200,200,200
431078,0,25,9,2,0,1,2,5,0,0,0,3,200,1,7,0,5,0,0,200,200
431082,0,30,0,0,0,1,10,2,0,0,0,0,200,0,5,0,200,200,0,200,200
431082,0,30,0,0,0,1,10,2,0,0,0,0,200,0,6,0,200,200,0,200,200
431085,0,15,0,0,0,1,12,6,0,0,0,0,200,0,200,200,200,0,200,200,200
431085,0,15,0,0,0,1,12,6,0,0,0,0,200,0,9,0,0,0,0,200,200
431087,0,30,0,0,0,1,7,3,0,0,0,25,200,2,200,200,200,200,200,200,200
431094,4,30,0,0,0,1,8,6,0,0,0,22,200,1,7,7,4,0,0,200,200
431094,0,30,0,0,0,1,8,6,0,0,0,22,200,1,7,0,0,0,0,200,200
431095,0,30,0,0,0,0,10,6,0,0,0,20,0,0,5,0,6,0,0,200,200
431095,0,30,0,0,0,0,10,6,0,0,0,20,0,1,3,0,0,0,0,200,200
431101,0,30,200,200,200,200,10,200,0,200,200,18,200,1,6,200,200,200,200,200,200
431101,0,30,200,200,200,200,10,200,0,200,200,18,200,1,5,200,200,200,200,200,200
431105,0,45,0,0,0,1,10,3,0,0,0,18,200,0,4,200,3,0,0,200,200
431105,0,45,0,0,0,1,10,3,0,0,0,18,200,0,5,0,0,0,0,200,200
431105,1,45,0,0,0,1,10,3,0,0,0,18,200,1,5,0,200,200,200,200,200
431105,1,45,0,0,0,1,10,3,0,0,0,18,200,0,2,0,200,200,200,200,200
431105,1,45,0,0,0,1,10,3,0,0,0,18,200,1,1,5,200,200,200,200,200
431107,0,25,0,0,0,1,2,5,0,0,0,0,200,0,200,0,0,0,0,200,200
431112,0,35,1,2,0,1,10,3,0,0,0,18,0,0,6,200,3,200,200,200,200
431112,0,35,1,2,0,1,10,3,0,0,0,18,0,0,6,0,0,0,0,200,200
431116,0,30,2,2,0,1,10,2,0,0,0,18,200,1,7,0,3,6,0,200,200
431116,0,30,2,2,0,1,10,2,0,0,0,18,200,1,6,0,0,0,0,200,200
431116,0,30,2,2,0,1,10,2,0,0,0,18,200,1,7,0,0,0,0,200,200
431116,1,30,2,2,0,1,10,2,0,0,0,18,200,1,200,0,200,200,200,200,200
431120,0,25,0,0,0,1,7,6,0,0,0,11,200,0,6,0,7,0,0,200,200
431130,0,30,1,2,0,1,12,5,0,0,0,21,200,0,9,0,2,0,0,200,200
431130,0,30,1,2,0,1,12,5,0,0,0,21,200,0,7,0,0,0,0,200,200
431131,0,30,0,0,0,1,0,5,0,0,0,0,0,0,6,200,200,200,200,200,200
431131,0,30,0,0,0,1,0,5,0,0,0,0,0,0,6,200,200,200,200,200,200
431138,0,30,0,0,0,1,2,5,0,0,0,8,8,1,7,0,12,0,0,200,200
431139,0,30,0,12,0,1,7,5,0,0,0,0,0,0,7,200,12,200,0,200,200
431140,0,30,1,2,0,1,10,5,0,0,0,18,16,0,200,0,3,0,0,200,200
431140,0,30,1,2,0,1,10,5,0,0,0,18,16,1,200,0,0,0,0,200,200
431155,0,30,1,2,0,1,10,6,0,0,0,18,200,0,6,200,3,0,200,200,200
431155,0,30,1,2,0,1,10,6,0,0,0,18,200,0,6,0,0,0,0,200,200
431160,0,5,0,0,0,1,7,7,0,0,0,0,200,2,200,200,200,200,200,200,200
431168,0,30,0,0,0,1,12,5,0,0,0,0,0,0,6,0,0,0,0,200,200
431168,0,30,0,0,0,1,12,5,0,0,0,0,0,0,200,200,200,200,200,200,200
431170,0,25,2,2,0,1,10,6,0,0,0,18,200,0,200,200,200,200,200,200,200
431170,0,25,2,2,0,1,10,6,0,0,0,18,200,0,6,0,0,0,0,200,200
431170,1,25,2,2,0,1,10,6,0,0,0,18,200,1,6,0,200,200,200,200,200
431181,0,30,0,0,0,1,7,2,0,0,0,0,200,0,7,0,0,0,0,200,200
431183,0,35,1,2,0,1,10,5,0,0,0,18,0,0,5,200,3,0,0,200,200
431183,0,35,1,2,0,1,10,5,0,0,0,18,0,1,6,0,0,0,0,200,200
431185,0,30,1,2,0,1,12,5,0,0,0,22,17,1,6,0,4,0,0,200,200
431185,0,30,1,2,0,1,12,5,0,0,0,22,17,0,4,1,0,0,0,200,200
431188,0,35,0,0,0,1,10,5,0,0,0,18,0,0,4,200,3,200,200,200,200
431188,0,35,0,0,0,1,10,5,0,0,0,18,0,1,6,0,0,0,0,200,200
431190,0,25,0,0,0,1,14,5,0,0,0,17,200,1,6,200,1,200,0,200,200
431190,0,25,0,0,0,1,14,5,0,0,0,17,200,0,6,3,0,200,7,200,200
431191,0,0,0,0,0,1,10,200,0,200,200,0,200,1,5,0,200,200,0,200,200
431191,0,0,0,0,0,1,10,200,0,200,200,0,200,1,6,200,200,200,200,200,200
431192,0,30,1,2,0,1,12,5,0,0,0,0,0,0,200,200,4,200,200,200,200
431192,0,30,1,2,0,1,12,5,0,0,0,0,0,0,5,0,200,0,0,200,200
431194,0,30,0,0,0,1,12,2,0,0,200,21,0,0,6,0,4,200,0,200,200
431194,0,30,0,0,0,1,12,2,0,0,200,21,0,0,5,0,0,0,0,200,200
431194,1,30,0,0,0,1,12,2,0,0,200,21,0,1,9,0,200,200,200,200,200
431195,0,30,0,0,0,1,7,7,0,0,0,0,0,2,200,200,200,200,200,200,200
431205,0,30,0,0,0,1,10,2,0,0,0,0,200,1,6,200,12,0,0,200,200
431205,0,30,0,0,0,1,10,2,0,0,0,0,200,0,7,200,0,0,0,200,200
431205,1,30,0,0,0,1,10,2,0,0,0,0,200,1,7,200,200,200,200,200,200
431207,0,30,0,0,0,1,14,6,0,0,200,0,0,0,7,7,1,0,0,200,200
431207,0,30,0,0,0,1,14,6,0,0,200,0,0,1,9,0,0,0,0,200,200
431208,0,30,1,2,0,1,10,3,0,0,0,0,200,1,6,200,200,200,200,200,200
431208,0,30,1,2,0,1,10,3,0,0,0,0,200,1,5,0,0,0,0,200,200
431218,0,30,1,2,0,1,14,3,0,0,0,23,11,1,7,200,7,200,0,200,200
431218,0,30,1,2,0,1,14,3,0,0,0,23,11,1,7,200,0,200,0,200,200
431220,0,30,0,0,0,1,7,5,0,0,0,12,0,1,7,0,12,0,0,200,200
431221,0,30,1,2,0,1,10,2,0,0,0,18,21,1,5,0,3,0,0,200,200
431221,0,30,1,2,0,1,10,2,0,0,0,18,21,0,6,200,0,0,0,200,200
431224,0,35,1,2,0,1,14,3,0,0,0,23,200,0,5,0,7,200,200,200,200
431224,0,35,1,2,0,1,14,3,0,0,0,23,200,0,5,0,0,0,0,200,200
431224,1,35,1,2,0,1,14,3,0,0,0,23,200,1,5,0,200,200,200,200,200
431224,1,35,1,2,0,1,14,3,0,0,0,23,200,0,6,0,200,200,200,200,200
431228,0,30,0,0,0,1,0,5,0,0,0,17,200,1,5,0,1,0,0,200,200
431228,0,30,0,0,0,1,0,5,0,0,0,17,200,0,7,0,0,0,0,200,200
431228,1,30,0,0,0,1,0,5,0,0,0,17,200,0,5,0,200,200,200,200,200
431228,1,30,0,0,0,1,0,5,0,0,0,17,200,1,0,5,200,200,200,200,200
431228,1,30,0,0,0,1,0,5,0,0,0,17,200,0,5,1,200,200,200,200,200
431229,0,15,0,0,0,1,7,6,0,0,0,0,0,2,200,200,200,200,200,200,200
431245,0,20,0,0,0,1,14,7,0,0,0,23,200,0,6,200,8,200,200,200,200
431245,0,20,0,0,0,1,14,7,0,0,0,23,200,0,5,0,0,0,0,200,200
431247,0,25,0,0,0,1,7,5,0,0,0,0,0,2,200,200,200,200,200,200,200
431249,0,35,0,0,0,1,3,5,0,0,0,0,0,0,200,200,200,200,200,200,200
431249,0,35,0,0,0,1,3,5,0,0,0,0,0,1,9,0,0,0,0,200,200
431264,0,30,0,0,0,1,10,5,0,0,0,15,18,0,200,200,3,200,200,200,200
431264,0,30,0,0,0,1,10,5,0,0,0,15,18,1,7,0,0,0,0,200,200
431264,1,30,0,0,0,1,10,5,0,0,0,15,18,0,200,200,200,200,200,200,200
431264,1,30,0,0,0,1,10,5,0,0,0,15,18,1,200,200,200,200,200,200,200
431264,1,30,0,0,0,1,10,5,0,0,0,15,18,1,5,0,200,200,200,200,200
431268,0,35,1,2,0,1,10,5,0,0,0,16,200,1,5,0,1,0,0,200,200
431268,0,35,1,2,0,1,10,5,0,0,0,16,200,1,6,0,0,0,0,200,200
431272,0,30,2,2,0,1,12,5,3,0,0,0,0,2,200,200,200,200,200,200,200
431272,0,30,2,2,0,1,12,5,3,0,0,0,0,1,5,200,0,0,0,200,200
431272,1,30,2,2,0,1,12,5,3,0,0,0,0,1,5,200,200,200,200,200,200
431272,1,30,2,2,0,1,12,5,3,0,0,0,0,1,3,5,200,200,200,200,200
431274,0,30,0,0,0,1,7,6,0,0,0,11,200,0,5,0,12,0,0,200,200
431274,1,30,0,0,0,1,7,6,0,0,0,11,200,0,200,200,200,200,200,200,200
431276,0,25,0,0,0,1,10,2,1,0,0,18,0,0,200,200,3,200,0,200,200
431276,0,25,0,0,0,1,10,2,1,0,0,18,0,1,200,0,12,0,0,200,200
431283,0,25,0,0,0,1,7,5,0,0,0,11,0,1,3,0,200,0,0,200,200
431286,0,0,0,0,0,1,12,200,0,200,200,0,200,0,6,200,200,200,200,200,200
431286,0,0,0,0,0,1,12,200,0,200,200,0,200,0,6,0,200,200,0,200,200
431287,0,30,0,0,0,1,7,5,0,0,0,200,200,0,200,200,0,200,200,200,200
431289,0,0,1,2,0,3,0,12,0,0,0,6,0,1,7,0,0,0,0,200,200
431289,0,0,1,2,0,3,0,12,0,0,0,6,0,1,200,200,5,200,200,200,200
431291,0,35,0,0,0,1,10,5,0,0,0,0,0,0,200,200,200,200,200,200,200
431291,0,35,0,0,0,1,10,5,0,0,0,0,0,1,6,0,0,0,0,200,200
431292,0,30,0,0,0,1,7,5,0,0,0,21,200,0,7,200,2,0,0,200,200
431292,1,30,0,0,0,1,7,5,0,0,0,21,200,0,3,200,200,200,200,200,200
431292,1,30,0,0,0,1,7,5,0,0,0,21,200,0,3,200,200,200,200,200,200
431292,1,30,0,0,0,1,7,5,0,0,0,21,200,0,3,200,200,200,200,200,200
431296,0,30,1,2,0,1,14,5,0,0,0,3,200,1,6,200,7,200,0,200,200
431296,0,30,1,2,0,1,14,5,0,0,0,3,200,0,6,200,0,0,0,200,200
431296,1,30,1,2,0,1,14,5,0,0,0,3,200,1,7,200,200,200,200,200,200
431296,1,30,1,2,0,1,14,5,0,0,0,3,200,1,5,200,200,200,200,200,200
431296,1,30,1,2,0,1,14,5,0,0,0,3,200,0,2,200,200,200,200,200,200
431297,0,30,1,2,0,1,0,5,0,0,0,16,11,1,5,200,12,200,7,200,200
431297,0,30,1,2,0,1,0,5,0,0,0,16,11,0,6,200,12,200,0,200,200
431297,1,30,1,2,0,1,0,5,0,0,0,16,11,1,5,200,200,200,200,200,200
431297,1,30,1,2,0,1,0,5,0,0,0,16,11,1,5,200,200,200,200,200,200
431297,1,30,1,2,0,1,0,5,0,0,0,16,11,1,5,200,200,200,200,200,200
431311,0,30,1,2,0,1,14,2,0,0,0,0,0,0,6,0,0,0,200,200,200
431311,0,30,1,2,0,1,14,2,0,0,0,0,0,1,7,0,0,0,200,200,200
431312,0,30,0,0,0,1,8,5,0,0,0,11,200,0,6,0,12,0,0,200,200
431312,4,30,0,0,0,1,8,5,0,0,0,11,200,0,6,3,0,0,0,200,200
431315,0,30,2,2,0,1,10,2,2,0,0,16,18,0,6,0,3,0,0,200,200
431315,0,30,2,2,0,1,10,2,2,0,0,16,18,0,6,0,0,0,0,200,200
431315,1,30,2,2,0,1,10,2,2,0,0,16,18,0,5,0,200,200,200,200,200
431317,0,30,0,0,0,1,10,5,0,0,0,2,2,0,4,0,0,0,0,200,200
431317,0,30,0,0,0,1,10,5,0,0,0,2,2,0,7,0,0,0,0,200,200
431325,0,25,0,0,0,1,7,6,0,0,0,20,0,0,200,0,6,0,0,200,200
431327,0,35,2,2,0,1,14,2,0,0,200,0,24,0,5,200,200,200,0,200,200
431327,0,35,2,2,0,1,14,2,0,0,200,0,24,1,200,200,200,200,200,200,200
431329,0,30,0,0,0,1,0,6,0,0,0,20,27,0,7,200,6,0,12,200,200
431336,0,30,0,0,0,1,7,6,0,0,0,0,200,0,7,200,200,0,0,200,200
431339,0,30,0,0,0,1,7,6,0,0,0,0,200,2,200,200,200,200,200,200,200
431342,0,30,1,2,0,1,14,5,0,0,200,16,33,0,6,200,4,12,0,200,200
431342,0,30,1,2,0,1,14,5,0,0,200,16,33,0,7,200,0,0,0,200,200
431342,0,30,1,2,0,1,14,5,0,0,200,16,33,1,6,200,0,0,0,200,200
431343,0,30,2,2,0,1,7,5,0,0,0,0,0,1,8,0,0,0,0,200,200
431343,1,30,2,2,0,1,7,5,0,0,0,0,0,0,7,200,200,200,200,200,200
431347,0,30,1,2,0,1,10,5,0,0,0,0,200,0,6,0,200,200,200,200,200
431347,0,30,1,2,0,1,10,5,0,0,0,0,200,0,7,0,0,0,0,200,200
431349,0,30,2,2,0,3,9,5,0,0,0,0,0,0,200,200,200,200,200,200,200
431349,5,30,2,2,0,3,9,5,0,0,0,0,0,1,6,7,0,0,0,200,200
431353,0,30,3,2,0,1,9,5,0,0,0,0,0,0,200,200,1,200,200,200,200
431353,5,30,3,2,0,1,9,5,0,0,0,0,0,0,8,7,0,0,0,200,200
431354,0,30,1,2,0,1,10,3,0,0,0,18,200,0,6,0,3,0,0,200,200
431354,0,30,1,2,0,1,10,3,0,0,0,18,200,0,6,0,12,0,0,200,200
431354,1,30,1,2,0,1,10,3,0,0,0,18,200,200,3,0,200,200,200,200,200
431354,1,30,1,2,0,1,10,3,0,0,0,18,200,200,200,0,200,200,200,200,200
431362,0,0,0,0,0,1,0,5,0,0,0,17,0,0,9,200,1,200,7,200,200
431362,0,0,0,0,0,1,0,5,0,0,0,17,0,0,5,200,12,0,200,200,200
431362,1,0,0,0,0,1,0,5,0,0,0,17,0,0,3,200,200,200,200,200,200
431368,0,35,0,0,0,1,10,5,0,0,0,0,0,1,200,200,200,200,200,200,200
431368,0,35,0,0,0,1,10,5,0,0,0,0,0,0,6,0,0,0,0,200,200
431369,0,15,3,2,0,1,7,7,0,0,0,21,200,1,200,200,10,200,200,200,200
431371,0,30,2,2,0,1,7,6,0,0,0,0,0,2,200,200,200,200,200,200,200
431372,0,30,1,2,0,1,0,5,0,0,0,6,200,0,6,0,5,200,0,200,200
431372,0,30,1,2,0,1,0,5,0,0,0,6,200,0,6,0,0,0,0,200,200
431372,1,30,1,2,0,1,0,5,0,0,0,6,200,0,5,0,200,200,200,200,200
431372,1,30,1,2,0,1,0,5,0,0,0,6,200,0,2,0,200,200,200,200,200
431373,0,30,0,0,0,1,12,5,0,0,0,200,35,0,200,200,0,200,200,200,200
431373,0,30,0,0,0,1,12,5,0,0,0,200,35,0,6,0,0,0,0,200,200
431373,1,30,0,0,0,1,12,5,0,0,0,200,35,0,200,0,200,200,200,200,200
431374,0,30,0,0,0,1,10,5,0,0,0,0,200,0,7,200,200,200,200,200,200
431374,0,30,0,0,0,1,10,5,0,0,0,0,200,0,5,0,200,200,0,200,200
431374,1,30,0,0,0,1,10,5,0,0,0,0,200,0,7,200,200,200,200,200,200
431384,0,25,200,200,0,1,3,5,0,0,0,0,0,0,8,200,200,200,200,200,200
431384,0,25,200,200,0,1,3,5,0,0,0,0,0,0,0,200,200,200,200,200,200
431385,0,30,0,0,0,1,7,2,0,0,0,0,0,2,200,200,200,200,200,200,200
431391,0,25,0,0,0,200,7,6,0,0,0,18,16,2,200,200,3,200,200,200,200
431392,0,25,0,0,0,1,10,5,0,0,0,18,200,0,5,0,3,0,0,200,200
431392,0,25,0,0,0,1,10,5,0,0,0,18,200,1,6,0,0,0,0,200,200
431402,0,30,0,0,0,1,10,5,0,0,0,18,16,1,200,200,3,0,0,200,200
431402,0,30,0,0,0,1,10,5,0,0,0,18,16,1,200,0,0,0,0,200,200
431402,1,30,0,0,0,1,10,5,0,0,0,18,16,1,200,0,200,200,200,200,200
431402,1,30,0,0,0,1,10,5,0,0,0,18,16,0,200,5,200,200,200,200,200
431405,0,30,0,0,0,1,7,5,0,0,0,17,0,1,7,0,12,0,0,200,200
431405,1,30,0,0,0,1,7,5,0,0,0,17,0,0,6,1,200,200,200,200,200
431409,0,35,0,0,0,1,12,5,0,0,0,0,0,0,9,200,4,200,200,200,200
431409,0,35,0,0,0,1,12,5,0,0,0,0,0,0,0,0,2,0,0,200,200
431411,0,30,1,2,0,1,12,5,2,0,0,11,11,1,4,0,200,0,0,200,200
431411,0,30,1,2,0,1,12,5,2,0,0,11,11,0,7,0,0,0,0,200,200
431418,0,30,0,0,0,1,7,6,0,0,0,22,200,0,7,0,2,0,0,200,200
431423,0,25,0,0,0,200,7,2,0,0,0,0,0,2,200,200,200,200,200,200,200
431424,0,30,0,0,0,1,11,6,0,0,0,0,0,0,200,200,200,200,200,200,200
431424,0,30,0,0,0,1,11,6,0,0,0,0,0,1,4,0,0,0,0,200,200
431429,0,30,0,0,0,1,10,3,0,0,0,18,11,0,3,0,3,200,0,200,200
431429,0,30,0,0,0,1,10,3,0,0,0,18,11,1,6,7,0,0,0,200,200
431429,1,30,0,0,0,1,10,3,0,0,0,18,11,0,2,0,200,200,200,200,200
431429,1,30,0,0,0,1,10,3,0,0,0,18,11,1,200,0,200,200,200,200,200
431429,1,30,0,0,0,1,10,3,0,0,0,18,11,0,200,0,200,200,200,200,200
431429,1,30,0,0,0,1,10,3,0,0,0,18,11,1,200,0,200,200,200,200,200
431430,0,30,0,0,0,1,0,5,0,0,0,11,11,0,7,200,200,200,0,200,200
431430,0,30,0,0,0,1,0,5,0,0,0,11,11,1,6,200,200,200,0,200,200
431432,0,30,0,0,0,2,7,6,0,0,0,0,200,0,200,200,200,200,200,200,200
431436,0,30,200,200,0,1,10,5,0,200,200,16,18,0,200,200,3,200,200,200,200
431436,0,30,200,200,0,1,10,5,0,200,200,16,18,0,6,200,0,200,200,200,200
431436,1,30,200,200,0,1,10,5,0,200,200,16,18,0,200,200,200,200,200,200,200
431437,0,30,0,0,0,1,14,0,0,0,200,12,0,0,5,200,12,200,200,200,200
431437,0,30,0,0,0,1,14,0,0,0,200,12,0,0,6,0,0,200,0,200,200
431438,0,30,1,2,0,1,10,5,0,0,0,18,200,0,6,0,0,0,0,200,200
431438,0,30,1,2,0,1,10,5,0,0,0,18,200,0,5,0,0,0,0,200,200
431440,0,30,1,2,0,1,10,2,0,0,0,7,200,0,4,0,12,12,0,200,200
431440,0,30,1,2,0,1,10,2,0,0,0,7,200,0,6,0,0,0,0,200,200
431440,0,30,1,2,0,1,10,2,0,0,0,7,200,1,8,0,0,0,0,200,200
431442,0,35,0,0,0,1,12,5,0,0,0,17,21,1,6,0,1,0,0,200,200
431442,0,35,0,0,0,1,12,5,0,0,0,17,21,0,8,0,4,0,0,200,200
431446,0,30,0,0,0,1,14,5,0,0,0,0,0,0,8,0,1,0,0,200,200
431446,0,30,0,0,0,1,14,5,0,0,0,0,0,1,7,0,0,0,0,200,200
431449,0,35,0,0,0,1,10,2,0,0,200,18,17,1,5,200,3,200,0,200,200
431449,0,35,0,0,0,1,10,2,0,0,200,18,17,0,6,200,0,200,0,200,200
431451,0,30,0,0,0,1,12,5,0,0,0,17,200,1,200,0,1,0,0,200,200
431451,0,30,0,0,0,1,12,5,0,0,0,17,200,0,200,0,0,0,0,200,200
431451,1,30,0,0,0,1,12,5,0,0,0,17,200,0,200,0,200,200,200,200,200
431452,0,30,2,2,0,1,14,12,0,0,0,0,200,0,7,200,200,200,0,200,200
431452,0,30,2,2,0,1,14,12,0,0,0,0,200,1,5,200,200,200,0,200,200
431456,0,30,0,0,0,1,10,2,0,0,0,18,9,1,6,0,1,0,0,200,200
431456,0,30,0,0,0,1,10,2,0,0,0,18,9,1,6,0,0,0,0,200,200
431456,1,30,0,0,0,1,10,2,0,0,0,18,9,1,0,5,200,200,200,200,200
431456,1,30,0,0,0,1,10,2,0,0,0,18,9,1,1,5,200,200,200,200,200
431458,0,30,0,0,0,1,7,2,0,0,0,0,200,2,200,200,200,200,200,200,200
431462,0,30,0,0,0,1,7,6,0,0,0,0,0,2,200,200,200,200,200,200,200
431470,0,20,1,2,0,1,0,5,0,0,0,0,200,0,6,7,200,0,0,200,200
431470,0,20,1,2,0,1,0,5,0,0,0,0,200,1,7,200,200,0,0,200,200
431470,1,20,1,2,0,1,0,5,0,0,0,0,200,1,7,200,200,200,200,200,200
431474,0,30,0,0,0,1,10,5,0,0,0,0,200,1,6,0,200,0,0,200,200
431474,0,30,0,0,0,1,10,5,0,0,0,0,200,0,7,0,0,0,0,200,200
431474,1,30,0,0,0,1,10,5,0,0,0,0,200,0,7,0,200,200,200,200,200
431475,0,30,0,0,0,1,14,7,0,0,0,23,0,1,6,0,7,0,0,200,200
431475,0,30,0,0,0,1,14,7,0,0,0,23,0,0,5,0,0,0,0,200,200
431483,0,30,0,0,0,1,10,5,0,0,0,18,0,0,5,0,3,6,0,200,200
431483,0,30,0,0,0,1,10,5,0,0,0,18,0,0,6,0,0,0,0,200,200
431483,0,30,0,0,0,1,10,5,0,0,0,18,0,0,5,0,0,0,0,200,200
431485,0,30,0,3,0,1,14,6,0,0,0,0,0,1,5,200,200,0,0,200,200
431485,0,30,0,3,0,1,14,6,0,0,0,0,0,0,5,200,200,0,0,200,200
431493,0,30,0,0,0,1,10,5,0,0,0,0,0,1,7,200,200,200,200,200,200
431493,0,30,0,0,0,1,10,5,0,0,0,0,0,1,6,0,0,0,0,200,200
431494,1,15,0,0,0,1,7,7,0,0,0,0,0,1,200,200,200,200,200,200,200
431494,1,15,0,0,0,1,7,7,0,0,0,0,0,200,200,200,200,200,200,200,200
431498,0,30,0,0,0,1,14,2,0,0,0,0,0,1,7,0,12,0,0,200,200
431498,0,30,0,0,0,1,14,2,0,0,0,0,0,0,7,0,12,0,0,200,200
431499,0,30,0,0,0,1,12,5,0,0,0,0,0,0,7,0,200,200,0,200,200
431499,0,30,0,0,0,1,12,5,0,0,0,0,0,1,5,0,200,0,0,200,200
431503,0,30,0,0,0,1,7,5,0,0,0,0,200,0,7,0,12,0,0,200,200
431504,0,30,1,2,0,1,12,5,0,0,0,22,18,0,6,200,2,200,0,200,200
431504,0,30,1,2,0,1,12,5,0,0,0,22,18,1,8,200,200,200,0,200,200
431505,0,35,0,0,0,1,8,5,0,0,0,17,200,0,7,200,1,200,0,200,200
431505,4,35,0,0,0,1,8,5,0,0,0,17,200,0,6,200,0,200,0,200,200
431510,0,0,200,200,0,1,14,200,0,200,200,0,200,1,6,0,200,200,0,200,200
431510,0,0,200,200,0,1,14,200,0,200,200,0,200,1,7,0,200,200,0,200,200
431513,0,30,200,200,200,200,12,5,0,200,200,22,200,0,200,200,2,200,200,200,200
431513,0,30,200,200,200,200,12,5,0,200,200,22,200,0,6,200,200,200,200,200,200
431513,1,30,200,200,200,200,12,5,0,200,200,22,200,0,200,200,200,200,200,200,200
431514,5,30,2,2,0,1,9,6,0,0,0,33,11,1,6,7,0,0,0,200,200
431514,0,30,2,2,0,1,9,6,0,0,0,33,11,1,3,0,12,6,0,200,200