RD_NO,PERSON_TYPE,POSTED_SPEED_LIMIT,TRAFFIC_CONTROL_DEVICE,DEVICE_CONDITION,WEATHER_CONDITION,LIGHTING_CONDITION,FIRST_CRASH_TYPE,TRAFFICWAY_TYPE,ALIGNMENT,ROADWAY_SURFACE_COND,ROAD_DEFECT,PRIM_CONTRIBUTORY_CAUSE,SEC_CONTRIBUTORY_CAUSE,SEX,AGE,SAFETY_EQUIPMENT,DRIVER_ACTION,DRIVER_VISION,PHYSICAL_CONDITION,BAC_RESULT VALUE,CELL_PHONE_USE
431519,0,30,0,0,0,1,10,2,0,0,0,0,0,0,6,200,200,200,200,200,200
431519,0,30,0,0,0,1,10,2,0,0,0,0,0,0,7,0,0,0,200,200,200
431525,0,30,0,0,0,1,7,6,0,0,0,20,20,0,200,200,10,200,200,200,200
431529,0,30,0,0,0,1,7,6,0,0,0,11,18,0,5,0,3,0,0,200,200
431534,0,30,0,0,0,1,12,5,0,0,0,0,0,1,7,200,0,0,0,200,200
431534,0,30,0,0,0,1,12,5,0,0,0,0,0,0,6,0,0,4,0,200,200
431535,0,30,9,2,0,1,7,6,0,0,0,0,0,2,200,200,200,200,200,200,200
431536,0,30,0,0,0,1,8,2,0,0,0,17,0,0,8,200,1,0,0,200,200
431536,4,30,0,0,0,1,8,2,0,0,0,17,0,1,6,2,0,0,0,200,200
431543,0,20,0,0,0,1,7,6,0,0,0,0,0,1,200,200,12,200,200,200,200
431545,0,30,0,0,0,1,10,5,0,0,0,18,200,0,5,0,3,0,0,200,200
431545,0,30,0,0,0,1,10,5,0,0,0,18,200,1,6,0,0,0,0,200,200
431545,1,30,0,0,0,1,10,5,0,0,0,18,200,0,200,0,200,200,200,200,200
431546,0,30,1,2,0,1,10,5,2,0,0,18,200,0,7,0,3,0,0,200,200
431546,0,30,1,2,0,1,10,5,2,0,0,18,200,0,7,0,0,0,0,200,200
431546,1,30,1,2,0,1,10,5,2,0,0,18,200,0,7,0,200,200,200,200,200
431546,1,30,1,2,0,1,10,5,2,0,0,18,200,0,200,0,200,200,200,200,200
431546,1,30,1,2,0,1,10,5,2,0,0,18,200,0,5,0,200,200,200,200,200
431546,1,30,1,2,0,1,10,5,2,0,0,18,200,0,7,0,200,200,200,200,200
431555,0,70,0,0,0,1,7,7,0,0,200,0,0,2,200,200,200,200,200,200,200
431559,0,0,0,0,0,1,2,7,0,0,0,0,200,1,7,0,200,0,200,200,200
431561,0,30,2,2,0,1,14,5,0,0,0,17,200,0,200,200,1,200,200,200,200
431561,4,30,2,2,0,1,14,5,0,0,0,17,200,0,200,200,0,200,200,200,200
431561,0,30,2,2,0,1,14,5,0,0,0,17,200,0,7,0,0,0,0,200,200
431562,0,30,0,0,0,1,10,2,0,0,0,18,21,0,6,200,4,6,0,200,200
431562,0,30,0,0,0,1,10,2,0,0,0,18,21,0,7,200,0,0,0,200,200
431562,0,30,0,0,0,1,10,2,0,0,0,18,21,0,7,200,0,0,0,200,200
431562,0,30,0,0,0,1,10,2,0,0,0,18,21,0,7,200,0,0,0,200,200
431562,1,30,0,0,0,1,10,2,0,0,0,18,21,1,7,200,200,200,200,200,200
431565,0,30,0,0,0,1,9,6,0,0,0,200,200,1,200,200,12,200,200,200,200
431565,5,30,0,0,0,1,9,6,0,0,0,200,200,0,6,7,12,0,0,200,200
431567,0,30,2,200,0,1,10,5,0,0,200,0,0,1,6,0,200,200,200,200,200
431567,0,30,2,200,0,1,10,5,0,0,200,0,0,1,6,0,200,200,200,200,200
431572,0,30,200,200,200,200,14,5,0,200,200,17,16,1,200,200,1,200,200,200,200
431572,0,30,200,200,200,200,14,5,0,200,200,17,16,0,5,200,200,200,200,200,200
431574,0,30,0,0,0,4,7,5,0,0,0,17,200,0,9,200,1,0,0,200,200
431578,0,30,0,0,0,1,7,5,0,0,0,0,0,0,4,200,200,200,200,200,200
431580,0,35,2,2,0,1,14,3,0,0,0,17,22,1,6,200,1,0,200,200,200
431580,0,35,2,2,0,1,14,3,0,0,0,17,22,1,6,200,0,0,200,200,200
431580,1,35,2,2,0,1,14,3,0,0,0,17,22,1,200,200,200,200,200,200,200
431590,0,30,0,0,0,2,10,5,0,0,0,200,200,0,6,0,0,0,0,200,200
431590,0,30,0,0,0,2,10,5,0,0,0,200,200,0,200,200,0,200,200,200,200
431593,0,30,1,2,0,1,10,2,0,0,0,7,16,1,6,0,3,200,0,200,200
431593,0,30,1,2,0,1,10,2,0,0,0,7,16,1,7,200,12,200,200,200,200
431595,0,30,0,0,2,1,10,3,0,1,0,0,200,0,200,200,200,200,200,200,200
431595,0,30,0,0,2,1,10,3,0,1,0,0,200,1,7,0,0,0,200,200,200
431598,0,15,0,0,0,1,7,6,0,0,0,25,200,0,200,200,8,200,200,200,200
431602,0,35,0,0,0,1,14,2,0,0,0,21,0,1,5,0,4,0,0,200,200
431602,0,35,0,0,0,1,14,2,0,0,0,21,0,1,6,0,0,0,0,200,200
431614,0,35,2,2,0,4,10,6,0,0,200,0,0,0,6,200,1,1,200,200,200
431614,0,35,2,2,0,4,10,6,0,0,200,0,0,1,5,0,0,0,0,200,200
431620,0,15,0,0,0,1,7,7,0,200,200,0,0,2,200,200,200,200,200,200,200
431621,0,30,1,2,0,0,14,5,0,0,0,17,200,0,7,200,200,0,0,200,200
431621,0,30,1,2,0,0,14,5,0,0,0,17,200,0,5,200,0,200,0,200,200
431639,0,30,1,2,0,1,14,5,0,0,0,0,0,0,7,0,0,0,0,200,200
431639,0,30,1,2,0,1,14,5,0,0,0,0,0,1,8,200,200,200,200,200,200
431641,0,40,0,0,0,4,12,3,0,0,0,21,200,0,5,0,4,0,0,200,200
431641,0,40,0,0,0,4,12,3,0,0,0,21,200,0,6,0,0,0,0,200,200
431647,0,35,1,2,0,0,10,12,0,0,200,0,0,1,5,200,1,1,200,200,200
431647,0,35,1,2,0,0,10,12,0,0,200,0,0,1,7,0,0,0,0,200,200
431653,0,35,0,0,200,200,10,5,0,200,200,18,200,0,7,200,3,200,200,200,200
431653,1,35,0,0,200,200,10,5,0,200,200,18,200,1,6,0,200,200,200,200,200
431654,0,30,1,2,0,4,12,6,0,0,0,22,200,0,6,200,4,200,0,200,200
431654,0,30,1,2,0,4,12,6,0,0,0,22,200,0,7,0,0,0,0,200,200
431654,1,30,1,2,0,4,12,6,0,0,0,22,200,1,200,0,200,200,200,200,200
431658,0,35,0,0,0,1,7,5,0,0,0,0,0,2,200,200,200,200,200,200,200
431670,0,35,0,0,0,1,0,12,0,0,0,0,0,1,200,200,6,200,200,200,200
431670,0,35,0,0,0,1,0,12,0,0,0,0,0,1,6,0,0,0,0,200,200
431683,0,30,1,200,0,3,9,6,0,0,200,0,200,2,200,200,200,200,200,200,200
431683,5,30,1,200,0,3,9,6,0,0,200,0,200,1,5,7,0,200,0,200,200
431684,0,30,0,0,0,200,12,3,0,0,200,17,0,2,200,200,1,200,200,200,200
431684,0,30,0,0,0,200,12,3,0,0,200,17,0,0,8,200,0,200,0,200,200
431692,0,30,0,0,0,3,8,5,0,0,200,17,200,1,5,200,1,200,0,200,200
431692,4,30,0,0,0,3,8,5,0,0,200,17,200,0,6,3,0,0,0,200,200
431696,0,30,1,2,0,3,12,2,0,0,0,25,0,0,200,200,13,200,200,200,200
431696,0,30,1,2,0,3,12,2,0,0,0,25,0,0,6,200,0,0,0,200,200
431696,1,30,1,2,0,3,12,2,0,0,0,25,0,1,6,7,200,200,200,200,200
431696,1,30,1,2,0,3,12,2,0,0,0,25,0,0,6,200,200,200,200,200,200
431698,0,10,0,0,0,1,7,7,0,0,0,20,200,0,6,200,6,200,200,200,200
431701,0,30,0,0,0,4,4,5,0,0,0,200,200,0,7,0,0,0,0,200,200
431706,0,30,0,0,0,3,12,5,0,0,0,25,25,0,4,200,12,200,200,200,200
431706,0,30,0,0,0,3,12,5,0,0,0,25,25,1,5,0,0,0,0,200,200
431706,1,30,0,0,0,3,12,5,0,0,0,25,25,0,5,0,200,200,200,200,200
431706,1,30,0,0,0,3,12,5,0,0,0,25,25,0,200,5,200,200,200,200,200
431710,0,30,0,0,0,3,10,7,0,0,0,20,0,1,7,0,6,200,0,200,200
431710,0,30,0,0,0,3,10,7,0,0,0,20,0,1,200,200,0,200,200,200,200
431711,0,30,0,0,0,1,7,6,0,0,0,25,0,2,200,200,8,200,200,200,200
431711,1,30,0,0,0,1,7,6,0,0,0,25,0,1,200,0,200,200,200,200,200
431715,0,30,1,2,0,0,9,3,0,0,0,3,200,1,5,0,1,200,0,200,200
431715,5,30,1,2,0,0,9,3,0,0,0,3,200,200,5,200,1,12,0,200,200
431734,0,30,2,2,0,0,10,5,0,0,0,20,200,0,6,0,6,0,0,200,200
431734,0,30,2,2,0,0,10,5,0,0,0,20,200,1,5,3,0,0,0,200,200
431734,1,30,2,2,0,0,10,5,0,0,0,20,200,0,200,0,200,200,200,200,200
431740,0,30,200,200,200,200,7,6,0,200,200,0,0,2,200,200,200,200,200,200,200
431741,0,30,0,0,0,1,10,2,0,0,0,18,200,1,7,0,3,0,0,200,200
431741,0,30,0,0,0,1,10,2,0,0,0,18,200,2,200,200,200,200,200,200,200
431746,0,35,0,0,0,3,12,8,0,0,0,22,18,0,5,0,4,0,0,200,200
431746,0,35,0,0,0,3,12,8,0,0,0,22,18,0,0,0,0,0,0,200,200
431746,0,35,0,0,0,3,12,8,0,0,0,22,18,0,8,0,0,0,0,200,200
431746,1,35,0,0,0,3,12,8,0,0,0,22,18,0,5,0,200,200,200,200,200
431749,0,30,1,2,0,3,14,2,0,0,0,25,200,0,200,200,13,200,200,200,200
431749,0,30,1,2,0,3,14,2,0,0,0,25,200,0,200,0,0,0,0,200,200
431749,1,30,1,2,0,3,14,2,0,0,0,25,200,0,200,0,200,200,200,200,200
431749,1,30,1,2,0,3,14,2,0,0,0,25,200,0,200,0,200,200,200,200,200
431752,0,30,1,2,0,1,10,5,0,0,0,18,0,0,200,200,200,200,200,200,200
431752,0,30,1,2,0,1,10,5,0,0,0,18,0,1,0,0,0,0,0,200,200
431756,0,30,1,2,0,3,10,5,0,0,0,25,11,0,200,200,3,200,200,200,200
431756,0,30,1,2,0,3,10,5,0,0,0,25,11,0,6,0,0,0,0,200,200
431756,1,30,1,2,0,3,10,5,0,0,0,25,11,1,6,0,200,200,200,200,200
431756,1,30,1,2,0,3,10,5,0,0,0,25,11,1,2,0,200,200,200,200,200
431758,0,30,200,200,200,200,10,200,0,200,200,0,0,0,200,200,200,200,200,200,200
431758,0,30,200,200,200,200,10,200,0,200,200,0,0,1,6,0,0,200,0,200,200
431759,0,30,0,0,0,1,7,6,0,0,0,0,0,2,200,200,200,200,200,200,200
431761,0,30,2,200,0,1,8,5,0,0,200,0,200,0,5,200,0,200,0,200,200
431761,4,30,2,200,0,1,8,5,0,0,200,0,200,0,200,2,200,0,200,200,200
431767,0,30,0,0,0,3,2,7,0,0,200,200,200,0,6,200,6,200,0,200,200
431772,0,30,0,0,0,3,10,2,0,0,0,18,200,0,6,200,3,0,0,200,200
431772,0,30,0,0,0,3,10,2,0,0,0,18,200,0,7,200,0,0,0,200,200
431773,0,30,0,0,0,3,7,6,0,0,0,20,0,0,200,200,6,200,0,200,200
431779,0,30,2,2,0,0,14,5,0,0,0,0,0,0,6,0,0,0,0,200,200
431779,0,30,2,2,0,0,14,5,0,0,0,0,0,0,6,0,0,0,0,200,200
431790,0,30,0,0,0,3,0,5,0,200,200,17,11,0,5,3,1,200,200,200,200
431790,0,30,0,0,0,3,0,5,0,200,200,17,11,0,7,200,0,0,0,200,200
431793,0,30,0,0,0,0,12,5,0,0,200,22,200,0,7,200,4,200,200,200,200
431793,0,30,0,0,0,0,12,5,0,0,200,22,200,0,7,200,0,200,200,200,200
431803,0,30,0,200,0,3,7,5,0,0,0,14,200,1,5,0,8,0,0,200,200
431808,0,40,0,0,0,3,12,3,0,0,0,22,21,0,8,0,4,0,0,200,200
431808,0,40,0,0,0,3,12,3,0,0,0,22,21,1,7,0,0,0,0,200,200
431814,0,30,2,2,0,1,3,6,0,0,0,10,14,2,200,200,9,200,200,200,200
431814,0,30,2,2,0,1,3,6,0,0,0,10,14,1,6,0,0,0,0,200,200
431824,0,30,1,2,0,3,0,6,0,0,0,20,200,0,7,0,6,0,0,200,200
431824,0,30,1,2,0,3,0,6,0,0,0,20,200,0,6,0,0,0,0,200,200
431847,0,35,0,0,0,3,10,5,0,0,0,0,18,0,6,0,3,0,0,200,200
431847,0,35,0,0,0,3,10,5,0,0,0,0,18,0,200,0,0,0,0,200,200
431847,1,35,0,0,0,3,10,5,0,0,0,0,18,1,200,0,200,200,200,200,200
431855,0,10,0,0,0,0,2,12,3,0,0,200,200,1,6,0,200,200,0,200,200
431860,0,40,0,0,0,1,10,3,0,0,200,18,200,0,7,200,200,200,200,200,200
431860,0,40,0,0,0,1,10,3,0,0,200,18,200,1,5,0,0,0,0,200,200
431874,0,30,0,0,0,3,7,5,0,0,0,20,27,0,4,0,6,0,1,200,200
431891,0,35,0,0,0,3,14,2,0,0,0,23,17,0,6,200,7,0,0,200,200
431891,0,35,0,0,0,3,14,2,0,0,0,23,17,1,5,200,0,0,0,200,200
431892,0,30,0,0,0,3,5,2,0,0,0,11,200,1,5,0,200,200,0,200,200
431917,0,30,1,2,0,3,5,3,0,0,0,14,15,0,200,200,200,200,200,200,200
431925,0,20,0,0,12,0,2,0,0,0,0,33,200,1,5,0,12,12,0,200,200
431925,1,20,0,0,12,0,2,0,0,0,0,33,200,1,5,0,200,200,200,200,200
431926,0,45,1,2,0,3,12,3,0,0,0,0,200,0,0,200,200,0,0,200,200
431926,0,45,1,2,0,3,12,3,0,0,0,0,200,0,6,200,200,0,0,200,200
431926,1,45,1,2,0,3,12,3,0,0,0,0,200,0,4,200,200,200,200,200,200
431926,1,45,1,2,0,3,12,3,0,0,0,0,200,0,3,200,200,200,200,200,200
431926,1,45,1,2,0,3,12,3,0,0,0,0,200,1,6,0,200,200,200,200,200
431926,1,45,1,2,0,3,12,3,0,0,0,0,200,1,200,5,200,200,200,200,200
431926,1,45,1,2,0,3,12,3,0,0,0,0,200,0,200,5,200,200,200,200,200
431926,1,45,1,2,0,3,12,3,0,0,0,0,200,1,200,5,200,200,200,200,200
431928,0,30,0,0,0,3,14,5,0,0,0,0,200,0,6,200,0,0,0,200,200
431928,0,30,0,0,0,3,14,5,0,0,0,0,200,1,200,200,200,200,200,200,200
431928,1,30,0,0,0,3,14,5,0,0,0,0,200,0,6,200,200,200,200,200,200
431928,1,30,0,0,0,3,14,5,0,0,0,0,200,1,200,200,200,200,200,200,200
431970,0,15,0,0,0,1,7,6,0,0,0,22,11,1,6,0,7,0,0,200,200
431973,0,35,0,0,0,1,6,3,0,0,0,27,200,0,6,0,12,0,2,200,200
431979,0,30,1,2,0,1,14,5,0,0,0,17,33,0,6,0,1,6,0,200,200
431979,0,30,1,2,0,1,14,5,0,0,0,17,33,1,6,0,0,0,0,200,200
431981,0,15,1,2,0,1,12,6,0,0,0,17,200,0,7,0,1,0,0,200,200
431981,0,15,1,2,0,1,12,6,0,0,0,17,200,1,7,0,0,0,0,200,200
431981,1,15,1,2,0,1,12,6,0,0,0,17,200,200,200,0,200,200,200,200,200
431981,1,15,1,2,0,1,12,6,0,0,0,17,200,200,200,0,200,200,200,200,200
431983,0,30,1,2,0,1,0,5,0,0,0,6,200,0,6,0,5,6,0,200,200
431983,0,30,1,2,0,1,0,5,0,0,0,6,200,0,7,0,0,0,0,200,200
431997,0,30,2,2,0,1,0,2,0,0,0,17,200,1,5,200,12,5,0,200,200
431997,0,30,2,2,0,1,0,2,0,0,0,17,200,1,7,200,0,0,0,200,200
431997,1,30,2,2,0,1,0,2,0,0,0,17,200,1,0,5,200,200,200,200,200
431999,0,30,0,0,0,1,12,3,0,0,0,0,0,0,200,200,200,200,200,200,200
431999,0,30,0,0,0,1,12,3,0,0,0,0,0,1,6,0,12,0,0,200,200
432004,0,30,2,2,0,1,0,5,0,0,0,21,17,1,6,0,1,1,0,200,200
432004,0,30,2,2,0,1,0,5,0,0,0,21,17,0,6,0,0,1,0,200,200
432007,0,30,0,0,0,1,7,5,0,0,0,20,200,0,6,0,6,0,0,200,200
432008,0,30,0,0,0,1,10,5,0,0,0,18,18,1,6,0,200,0,0,200,200
432008,0,30,0,0,0,1,10,5,0,0,0,18,18,0,6,0,0,0,0,200,200
432009,0,30,1,2,0,1,12,2,2,0,0,0,0,0,200,200,2,200,200,200,200
432009,0,30,1,2,0,1,12,2,2,0,0,0,0,0,6,0,0,0,0,200,200
432011,0,30,1,2,0,1,14,5,0,0,0,17,200,0,6,0,1,1,0,200,200
432011,0,30,1,2,0,1,14,5,0,0,0,17,200,0,5,0,0,0,0,200,200
432014,0,30,0,0,0,1,2,5,0,0,12,200,200,0,6,0,0,0,0,200,200
432016,0,30,0,0,0,1,10,2,0,0,0,18,200,1,200,200,3,200,200,200,200
432016,0,30,0,0,0,1,10,2,0,0,0,18,200,1,8,200,0,200,0,200,200
432017,0,25,0,0,0,1,11,12,0,0,0,11,0,1,200,200,12,200,200,200,200
432017,0,25,0,0,0,1,11,12,0,0,0,11,0,1,6,0,12,4,0,200,200
432018,0,30,1,2,0,1,9,2,0,0,0,13,200,1,6,200,0,200,0,200,200
432018,5,30,1,2,0,1,9,2,0,0,0,13,200,0,3,7,12,200,200,200,200
432018,1,30,1,2,0,1,9,2,0,0,0,13,200,0,4,200,200,200,200,200,200
432020,0,30,2,2,0,1,10,5,0,0,0,0,0,1,5,200,200,200,200,200,200
432020,0,30,2,2,0,1,10,5,0,0,0,0,0,0,6,0,0,0,0,200,200
432021,0,35,1,2,0,1,10,3,0,0,3,12,200,0,7,0,0,0,0,200,200
432021,0,35,1,2,0,1,10,3,0,0,3,12,200,1,6,0,0,0,0,200,200
432021,1,35,1,2,0,1,10,3,0,0,3,12,200,1,2,0,200,200,200,200,200
432021,1,35,1,2,0,1,10,3,0,0,3,12,200,1,2,0,200,200,200,200,200
432021,1,35,1,2,0,1,10,3,0,0,3,12,200,1,2,0,200,200,200,200,200
432021,1,35,1,2,0,1,10,3,0,0,3,12,200,1,3,0,200,200,200,200,200
432021,1,35,1,2,0,1,10,3,0,0,3,12,200,1,3,0,200,200,200,200,200
432022,0,30,1,2,0,1,10,3,0,0,1,18,0,0,200,200,3,200,200,200,200
432022,0,30,1,2,0,1,10,3,0,0,1,18,0,1,6,0,0,0,0,200,200
432022,1,30,1,2,0,1,10,3,0,0,1,18,0,1,200,0,200,200,200,200,200
432022,1,30,1,2,0,1,10,3,0,0,1,18,0,0,200,5,200,200,200,200,200
432025,0,30,7,12,0,1,5,5,0,0,12,25,17,0,200,200,2,200,200,200,200
432027,0,25,1,2,0,1,10,5,0,0,0,18,16,0,5,200,1,200,0,200,200
432027,0,25,1,2,0,1,10,5,0,0,0,18,16,0,7,200,0,0,0,200,200
432028,0,0,1,2,0,1,0,2,0,0,0,17,200,1,6,200,200,0,0,200,200
432028,0,0,1,2,0,1,0,2,0,0,0,17,200,0,5,200,200,0,0,200,200
432028,1,0,1,2,0,1,0,2,0,0,0,17,200,0,2,200,200,200,200,200,200
432031,0,30,0,0,0,1,0,5,0,0,0,11,200,1,200,0,12,0,0,200,200
432031,0,30,0,0,0,1,0,5,0,0,0,11,200,1,6,0,12,0,0,200,200
432033,0,30,0,0,0,1,8,5,0,0,0,17,17,0,5,0,1,0,0,200,200
432033,4,30,0,0,0,1,8,5,0,0,0,17,17,1,5,3,12,0,0,200,200
432035,0,30,1,2,0,1,0,12,0,0,0,33,33,0,7,0,5,1,0,200,200
432035,0,30,1,2,0,1,0,12,0,0,0,33,33,0,5,0,0,0,0,200,200
432038,0,30,2,2,0,1,0,5,0,0,0,17,0,0,7,0,1,0,0,200,200
432038,0,30,2,2,0,1,0,5,0,0,0,17,0,1,6,0,0,0,0,200,200
432040,0,25,1,200,0,1,14,2,0,0,0,0,0,1,7,0,200,200,0,200,200
432040,0,25,1,200,0,1,14,2,0,0,0,0,0,1,5,0,200,200,0,200,200
432042,0,30,1,2,0,1,12,5,0,0,0,22,200,0,200,200,2,200,200,200,200
432042,0,30,1,2,0,1,12,5,0,0,0,22,200,0,6,0,0,0,0,200,200
432043,0,35,2,2,0,1,0,6,0,0,0,17,200,1,7,0,1,0,0,200,200
432043,0,35,2,2,0,1,0,6,0,0,0,17,200,0,6,0,0,0,0,200,200
432048,0,30,2,2,0,1,0,2,0,0,0,17,200,0,5,0,1,0,0,200,200
432048,0,30,2,2,0,1,0,2,0,0,0,17,200,0,6,0,0,0,0,200,200
432050,0,20,0,0,0,1,7,5,0,0,0,0,200,1,6,200,14,5,0,200,200
432050,1,20,0,0,0,1,7,5,0,0,0,0,200,0,6,200,200,200,200,200,200
432050,1,20,0,0,0,1,7,5,0,0,0,0,200,0,6,200,200,200,200,200,200
432050,1,20,0,0,0,1,7,5,0,0,0,0,200,0,6,200,200,200,200,200,200
432053,0,30,12,12,0,1,10,5,0,0,0,11,0,1,6,0,6,0,0,200,200
432053,0,30,12,12,0,1,10,5,0,0,0,11,0,1,6,0,0,0,0,200,200
432053,1,30,12,12,0,1,10,5,0,0,0,11,0,1,200,0,200,200,200,200,200
432057,0,30,0,0,0,1,7,6,0,0,0,0,200,2,200,200,200,200,200,200,200
432059,0,30,0,0,0,1,11,5,0,0,200,200,200,0,7,200,12,200,0,200,200
432059,0,30,0,0,0,1,11,5,0,0,200,200,200,0,5,0,0,0,0,200,200
432064,0,30,2,1,0,1,14,5,0,0,0,6,200,1,6,0,5,200,0,200,200
432064,0,30,2,1,0,1,14,5,0,0,0,6,200,0,5,0,0,0,0,200,200
432064,1,30,2,1,0,1,14,5,0,0,0,6,200,2,200,5,200,200,200,200,200
432067,0,15,0,0,0,1,7,0,0,0,0,20,0,1,200,200,6,200,200,200,200
432069,0,30,0,0,0,1,10,5,0,0,0,27,200,1,5,200,12,0,12,200,200
432069,0,30,0,0,0,1,10,5,0,0,0,27,200,1,9,200,0,0,0,200,200
432069,1,30,0,0,0,1,10,5,0,0,0,27,200,0,4,200,200,200,200,200,200
432070,0,25,0,0,0,1,14,5,0,0,0,23,200,0,6,0,12,0,0,200,200
432070,0,25,0,0,0,1,14,5,0,0,0,23,200,1,6,0,0,0,0,200,200
432072,0,30,0,0,0,1,12,5,0,0,0,22,0,0,5,0,4,0,0,200,200
432072,0,30,0,0,0,1,12,5,0,0,0,22,0,1,5,0,0,0,0,200,200
432073,0,40,0,0,0,1,10,3,0,0,0,18,16,1,6,0,3,0,0,200,200
432073,0,40,0,0,0,1,10,3,0,0,0,18,16,0,6,0,0,0,0,200,200
432077,0,35,2,12,0,3,0,6,0,0,200,23,5,0,6,200,7,200,200,200,200
432077,0,35,2,12,0,3,0,6,0,0,200,23,5,0,6,200,0,200,200,200,200
432078,0,30,0,0,0,1,12,2,0,0,0,11,25,1,9,0,12,0,0,200,200
432078,0,30,0,0,0,1,12,2,0,0,0,11,25,1,6,7,0,200,0,200,200
432083,0,35,1,2,0,1,14,6,0,0,0,4,21,1,6,0,4,0,0,200,200
432083,0,35,1,2,0,1,14,6,0,0,0,4,21,1,6,0,1,0,0,200,200
432086,0,30,1,2,0,1,10,5,0,0,0,200,200,0,6,0,12,0,0,200,200
432086,0,30,1,2,0,1,10,5,0,0,0,200,200,1,200,200,0,200,200,200,200
432087,0,0,0,0,0,1,7,7,0,0,0,0,200,2,200,200,200,200,200,200,200
432088,0,15,0,0,0,1,14,7,0,0,0,11,0,1,5,0,12,5,0,200,200
432088,0,15,0,0,0,1,14,7,0,0,0,11,0,1,6,0,0,0,0,200,200
432094,0,35,0,0,0,1,10,2,0,0,0,0,0,1,5,0,0,0,0,200,200
432094,0,35,0,0,0,1,10,2,0,0,0,0,0,0,7,0,0,0,0,200,200
432094,1,35,0,0,0,1,10,2,0,0,0,0,0,0,200,0,200,200,200,200,200
432102,0,30,2,2,0,1,0,2,0,0,0,17,200,0,5,0,1,1,0,200,200
432102,0,30,2,2,0,1,0,2,0,0,0,17,200,1,4,0,0,1,0,200,200
432102,1,30,2,2,0,1,0,2,0,0,0,17,200,1,5,0,200,200,200,200,200
432102,1,30,2,2,0,1,0,2,0,0,0,17,200,0,1,5,200,200,200,200,200
432107,0,30,0,0,0,1,7,5,0,0,0,21,200,2,200,200,12,200,200,200,200
432110,0,30,2,2,0,1,0,2,0,0,0,200,200,1,7,0,200,0,0,200,200
432110,0,30,2,2,0,1,0,2,0,0,0,200,200,1,5,0,0,0,0,200,200
432113,0,30,0,0,200,200,7,5,0,0,0,0,0,2,200,200,200,200,200,200,200
432115,0,30,1,2,0,1,14,5,0,0,0,0,0,0,5,3,200,0,0,200,200
432115,0,30,1,2,0,1,14,5,0,0,0,0,0,0,200,0,0,0,0,200,200
432118,0,30,1,0,0,1,0,2,0,0,0,0,0,1,6,200,0,0,0,200,200
432118,0,30,1,0,0,1,0,2,0,0,0,0,0,1,200,0,0,0,0,200,200
432120,0,30,0,0,0,1,10,5,0,0,0,18,200,1,200,200,3,200,200,200,200
432120,0,30,0,0,0,1,10,5,0,0,0,18,200,0,6,0,0,0,0,200,200
432123,0,30,1,2,0,1,10,6,0,0,200,7,200,1,7,0,3,0,0,200,200
432123,0,30,1,2,0,1,10,6,0,0,200,7,200,1,6,0,0,0,0,200,200
432129,0,30,1,2,0,1,9,3,0,0,0,0,200,0,6,200,200,200,0,200,200
432129,5,30,1,2,0,1,9,3,0,0,0,0,200,1,7,7,12,200,200,200,200
432133,0,30,0,0,0,1,11,5,0,0,0,21,200,1,8,200,12,0,0,200,200
432133,0,30,0,0,0,1,11,5,0,0,0,21,200,0,6,200,0,0,0,200,200
432134,0,30,0,0,0,1,0,5,0,0,0,17,17,0,200,200,1,200,200,200,200
432134,0,30,0,0,0,1,0,5,0,0,0,17,17,1,5,0,0,0,0,200,200
432134,1,30,0,0,0,1,0,5,0,0,0,17,17,1,200,0,200,200,200,200,200
432136,0,30,0,0,0,1,14,5,0,0,0,11,200,0,7,0,7,0,0,200,200
432136,0,30,0,0,0,1,14,5,0,0,0,11,200,0,6,0,0,0,0,200,200
432139,0,30,0,0,0,1,12,7,0,0,0,0,0,0,6,0,12,0,0,200,200
432139,0,30,0,0,0,1,12,7,0,0,0,0,0,0,7,0,200,0,0,200,200
432139,1,30,0,0,0,1,12,7,0,0,0,0,0,1,200,0,200,200,200,200,200
432141,0,30,0,0,0,1,10,6,0,0,0,0,0,0,7,200,6,0,200,200,200
432141,0,30,0,0,0,1,10,6,0,0,0,0,0,0,6,200,0,0,0,200,200
432148,0,20,0,0,0,1,7,5,0,0,0,12,200,0,7,200,12,0,0,200,200
432159,0,30,0,0,0,1,14,2,0,0,0,23,200,0,5,200,7,0,0,200,200
432159,0,30,0,0,0,1,14,2,0,0,0,23,200,1,6,200,0,0,0,200,200
432162,0,0,0,0,0,1,4,7,0,0,0,0,200,0,7,3,200,200,0,200,200
432168,0,30,0,0,0,1,12,5,0,0,0,23,200,0,200,200,4,200,200,200,200
432168,0,30,0,0,0,1,12,5,0,0,0,23,200,0,7,0,0,0,0,200,200
432168,1,30,0,0,0,1,12,5,0,0,0,23,200,1,200,1,200,200,200,200,200
432170,0,30,0,0,0,1,5,7,0,0,0,33,33,0,5,0,12,12,0,200,200
432172,0,30,3,2,0,1,12,5,0,0,0,0,0,2,200,200,200,200,200,200,200
432172,0,30,3,2,0,1,12,5,0,0,0,0,0,0,7,0,0,0,0,200,200
432173,0,10,0,0,0,1,0,7,0,0,0,22,200,0,0,200,200,200,200,200,200
432173,0,10,0,0,0,1,0,7,0,0,0,22,200,1,6,0,0,200,0,200,200
432175,0,30,2,2,0,1,0,2,0,0,0,17,16,0,9,0,12,0,0,200,200