RD_NO,PERSON_TYPE,POSTED_SPEED_LIMIT,TRAFFIC_CONTROL_DEVICE,DEVICE_CONDITION,WEATHER_CONDITION,LIGHTING_CONDITION,FIRST_CRASH_TYPE,TRAFFICWAY_TYPE,ALIGNMENT,ROADWAY_SURFACE_COND,ROAD_DEFECT,PRIM_CONTRIBUTORY_CAUSE,SEC_CONTRIBUTORY_CAUSE,SEX,AGE,SAFETY_EQUIPMENT,DRIVER_ACTION,DRIVER_VISION,PHYSICAL_CONDITION,BAC_RESULT VALUE,CELL_PHONE_USE
432766,1,30,0,0,0,1,10,5,0,0,0,0,0,0,2,0,200,200,200,200,200
432766,0,30,0,0,0,1,10,5,0,0,0,0,0,0,5,200,200,200,200,200,200
432766,0,30,0,0,0,1,10,5,0,0,0,0,0,1,6,0,0,0,0,200,200
432766,1,30,0,0,0,1,10,5,0,0,0,0,0,0,3,0,200,200,200,200,200
432766,1,30,0,0,0,1,10,5,0,0,0,0,0,1,6,0,200,200,200,200,200
432766,1,30,0,0,0,1,10,5,0,0,0,0,0,1,0,0,200,200,200,200,200
432766,1,30,0,0,0,1,10,5,0,0,0,0,0,0,5,0,200,200,200,200,200
432767,0,35,0,0,0,1,14,5,0,0,0,16,0,2,200,200,200,200,200,200,200
432767,0,35,0,0,0,1,14,5,0,0,0,16,0,0,7,200,200,0,0,200,200
432770,0,30,1,2,0,1,14,6,0,0,0,23,11,1,5,200,7,0,0,200,200
432770,0,30,1,2,0,1,14,6,0,0,0,23,11,0,6,200,0,0,0,200,200
432776,0,30,0,0,0,1,14,12,3,0,0,11,200,0,200,200,12,0,200,200,200
432776,0,30,0,0,0,1,14,12,3,0,0,11,200,0,4,0,0,0,0,200,200
432778,0,30,2,2,0,1,0,5,0,0,0,17,11,0,5,0,1,0,0,200,200
432778,0,30,2,2,0,1,0,5,0,0,0,17,11,1,7,0,0,0,0,200,200
432781,0,30,0,0,0,1,10,5,0,0,0,18,16,0,200,200,3,200,200,200,200
432781,0,30,0,0,0,1,10,5,0,0,0,18,16,1,200,0,0,0,0,200,200
432782,0,30,0,0,0,1,12,5,0,0,0,200,200,1,6,0,0,0,0,200,200
432782,0,30,0,0,0,1,12,5,0,0,0,200,200,0,6,7,0,0,0,200,200
432782,1,30,0,0,0,1,12,5,0,0,0,200,200,0,200,5,200,200,200,200,200
432782,1,30,0,0,0,1,12,5,0,0,0,200,200,0,200,5,200,200,200,200,200
432784,0,20,0,0,200,1,10,7,0,0,200,20,20,0,7,200,6,200,200,200,200
432784,0,20,0,0,200,1,10,7,0,0,200,20,20,0,6,0,200,200,0,200,200
432789,0,30,2,2,0,1,12,5,0,0,0,22,200,0,5,200,4,0,0,200,200
432789,0,30,2,2,0,1,12,5,0,0,0,22,200,0,6,7,12,0,0,200,200
432792,0,30,0,0,0,1,10,5,0,0,0,16,0,0,200,200,200,200,200,200,200
432792,0,30,0,0,0,1,10,5,0,0,0,16,0,0,7,0,200,200,0,200,200
432793,0,30,1,2,0,1,14,5,0,0,0,0,0,0,6,200,200,0,0,200,200
432793,0,30,1,2,0,1,14,5,0,0,0,0,0,1,6,200,200,0,0,200,200
432793,1,30,1,2,0,1,14,5,0,0,0,0,0,1,6,200,200,200,200,200,200
432795,0,30,0,0,0,1,7,7,0,0,0,11,0,1,7,200,200,0,0,200,200
432804,0,30,0,0,0,1,12,5,0,200,200,22,22,0,200,200,2,200,200,200,200
432804,0,30,0,0,0,1,12,5,0,200,200,22,22,1,8,0,0,0,0,200,200
432806,0,30,0,0,0,1,7,6,0,0,0,16,0,2,200,200,200,200,200,200,200
432809,0,30,0,0,0,1,10,5,0,0,0,0,0,1,6,200,200,200,200,200,200
432809,0,30,0,0,0,1,10,5,0,0,0,0,0,1,6,0,0,0,0,200,200
432810,0,30,1,200,0,1,10,5,0,0,200,0,0,0,6,0,200,200,200,200,200
432810,0,30,1,200,0,1,10,5,0,0,200,0,0,0,6,0,200,200,200,200,200
432810,0,30,1,200,0,1,10,5,0,0,200,0,0,1,7,0,200,200,200,200,200
432810,1,30,1,200,0,1,10,5,0,0,200,0,0,1,6,0,200,200,200,200,200
432813,0,30,0,0,0,1,10,5,0,0,0,16,200,0,5,200,3,0,0,200,200
432813,0,30,0,0,0,1,10,5,0,0,0,16,200,0,6,200,0,0,0,200,200
432814,0,30,3,0,0,1,8,5,0,0,0,4,200,0,7,200,1,200,0,200,200
432814,4,30,3,0,0,1,8,5,0,0,0,4,200,0,5,200,0,200,0,200,200
432819,0,30,0,0,0,2,10,5,0,0,0,200,200,1,200,200,0,200,200,200,200
432819,0,30,0,0,0,2,10,5,0,0,0,200,200,0,6,0,0,0,0,200,200
432819,1,30,0,0,0,2,10,5,0,0,0,200,200,0,200,0,200,200,200,200,200
432820,0,30,0,0,0,1,7,2,0,0,0,0,200,2,200,200,200,200,200,200,200
432821,0,30,1,2,0,1,0,5,0,0,0,22,16,0,5,0,1,5,0,200,200
432821,0,30,1,2,0,1,0,5,0,0,0,22,16,1,6,0,0,0,0,200,200
432822,0,30,1,2,0,1,12,5,0,0,0,0,200,0,6,200,200,200,200,200,200
432822,0,30,1,2,0,1,12,5,0,0,0,0,200,0,5,0,0,0,0,200,200
432825,0,30,0,0,0,200,7,6,0,12,200,0,0,2,200,200,200,200,200,200,200
432828,0,30,0,12,0,1,14,5,0,0,0,17,0,1,5,0,1,0,0,200,200
432828,0,30,0,12,0,1,14,5,0,0,0,17,0,1,6,0,0,0,0,200,200
432830,0,30,0,0,0,1,7,5,0,0,0,200,200,0,200,200,12,200,200,200,200
432831,0,30,1,2,0,1,10,5,0,0,0,18,200,1,6,7,3,0,0,200,200
432831,0,30,1,2,0,1,10,5,0,0,0,18,200,0,6,0,0,0,0,200,200
432831,1,30,1,2,0,1,10,5,0,0,0,18,200,1,0,5,200,200,200,200,200
432831,1,30,1,2,0,1,10,5,0,0,0,18,200,0,2,5,200,200,200,200,200
432831,1,30,1,2,0,1,10,5,0,0,0,18,200,0,6,0,200,200,200,200,200
432832,0,30,2,2,0,3,0,2,0,0,0,5,5,0,5,200,5,0,0,200,200
432832,0,30,2,2,0,3,0,2,0,0,0,5,5,1,7,200,0,0,0,200,200
432833,0,30,0,0,0,1,7,7,0,0,0,0,200,2,200,200,200,200,200,200,200
432834,0,30,0,0,0,1,12,5,0,0,0,21,200,0,200,200,4,200,0,200,200
432834,0,30,0,0,0,1,12,5,0,0,0,21,200,0,200,200,0,200,200,200,200
432842,0,30,1,2,0,1,10,5,0,0,0,18,16,0,200,200,3,0,0,200,200
432842,0,30,1,2,0,1,10,5,0,0,0,18,16,1,200,0,0,0,0,200,200
432846,0,30,2,2,0,1,12,12,0,0,0,11,0,1,200,200,12,200,200,200,200
432846,0,30,2,2,0,1,12,12,0,0,0,11,0,0,7,0,12,0,0,200,200
432847,0,30,0,0,0,1,14,5,0,0,200,0,200,0,200,0,7,0,0,200,200
432847,0,30,0,0,0,1,14,5,0,0,200,0,200,0,6,0,0,0,0,200,200
432851,0,30,0,0,0,1,7,5,0,0,0,200,200,1,200,200,0,200,200,200,200
432852,0,0,2,200,0,1,9,6,0,0,0,17,11,1,5,200,1,0,0,200,200
432852,5,0,2,200,0,1,9,6,0,0,0,17,11,0,8,7,12,0,0,200,200
432853,0,35,2,2,0,1,14,2,0,0,0,17,200,0,6,200,1,200,0,200,200
432853,0,35,2,2,0,1,14,2,0,0,0,17,200,0,6,200,0,200,0,200,200
432857,0,30,0,0,0,1,12,2,0,0,0,21,200,0,7,0,1,200,200,200,200
432857,0,30,0,0,0,1,12,2,0,0,0,21,200,1,5,200,200,200,200,200,200
432859,0,30,0,0,0,1,10,5,0,0,0,0,0,0,6,0,1,0,0,200,200
432859,0,30,0,0,0,1,10,5,0,0,0,0,0,0,8,0,0,0,0,200,200
432862,0,30,200,200,200,200,7,5,0,200,200,0,0,2,200,200,200,200,200,200,200
432872,0,30,0,0,0,1,7,6,0,0,0,0,0,0,200,200,200,200,200,200,200
432874,0,30,1,2,0,1,10,5,0,0,0,12,200,0,200,200,3,0,200,200,200
432874,0,30,1,2,0,1,10,5,0,0,0,12,200,0,7,0,0,0,0,200,200
432874,0,30,1,2,0,1,10,5,0,0,0,12,200,1,5,200,0,0,200,200,200
432876,0,30,1,2,0,4,10,5,0,0,0,18,200,0,200,200,3,200,0,200,200
432876,0,30,1,2,0,4,10,5,0,0,0,18,200,0,200,200,0,200,0,200,200
432877,0,30,200,200,1,200,0,5,0,200,200,17,200,0,5,200,1,200,200,200,200
432877,0,30,200,200,1,200,0,5,0,200,200,17,200,0,7,200,0,200,200,200,200
432887,0,20,0,0,0,1,7,2,0,0,0,0,200,2,200,200,200,200,200,200,200
432891,0,30,2,2,0,1,14,2,0,0,0,23,11,1,200,200,7,200,200,200,200
432891,0,30,2,2,0,1,14,2,0,0,0,23,11,1,7,0,12,0,0,200,200
432898,0,30,0,0,0,3,12,5,0,0,0,21,200,0,6,0,4,200,0,200,200
432898,0,30,0,0,0,3,12,5,0,0,0,21,200,1,6,0,0,200,0,200,200
432898,1,30,0,0,0,3,12,5,0,0,0,21,200,1,200,0,200,200,200,200,200
432899,0,30,0,0,0,3,7,5,0,0,0,0,0,0,8,0,0,0,0,200,200
432900,0,30,0,0,0,1,12,5,0,0,0,0,0,0,200,200,1,0,0,200,200
432900,0,30,0,0,0,1,12,5,0,0,0,0,0,1,5,0,0,0,0,200,200
432902,0,30,0,0,0,1,10,5,0,0,0,16,200,0,200,200,3,0,0,200,200
432902,0,30,0,0,0,1,10,5,0,0,0,16,200,0,200,0,0,0,0,200,200
432914,0,30,2,2,0,4,9,5,0,0,0,0,200,0,6,200,200,200,200,200,200
432914,5,30,2,2,0,4,9,5,0,0,0,0,200,1,7,200,200,200,200,200,200
432916,0,15,0,0,2,1,2,0,0,1,1,34,13,1,200,0,12,0,0,200,200
432916,1,15,0,0,2,1,2,0,0,1,1,34,13,1,200,0,200,200,200,200,200
432916,1,15,0,0,2,1,2,0,0,1,1,34,13,1,200,0,200,200,200,200,200
432918,0,30,0,0,0,1,2,5,0,0,1,0,200,0,5,0,200,0,0,200,200
432922,0,35,0,0,0,1,12,3,0,0,0,0,0,1,6,200,200,0,0,200,200
432922,0,35,0,0,0,1,12,3,0,0,0,0,0,0,6,200,200,0,0,200,200
432923,0,30,0,0,0,1,12,5,0,0,0,21,200,1,6,0,1,200,200,200,200
432923,0,30,0,0,0,1,12,5,0,0,0,21,200,0,200,200,0,200,200,200,200
432924,0,30,0,0,0,4,7,7,0,0,0,20,0,0,7,200,6,200,200,200,200
432925,4,30,7,2,0,1,8,5,0,200,200,18,18,0,6,2,3,200,200,200,200
432925,0,30,7,2,0,1,8,5,0,200,200,18,18,0,5,0,12,200,0,200,200
432927,0,30,0,0,0,1,7,6,0,0,0,0,0,2,200,200,200,200,200,200,200
432941,0,30,2,2,0,4,10,6,0,0,0,0,0,2,200,200,1,200,200,200,200
432941,0,30,2,2,0,4,10,6,0,0,0,0,0,1,5,0,0,0,0,200,200
432943,0,30,1,2,0,1,12,3,0,0,0,0,200,1,200,200,200,200,200,200,200
432943,0,30,1,2,0,1,12,3,0,0,0,0,200,0,5,200,200,0,0,200,200
432946,0,30,1,2,0,3,0,3,0,0,0,6,200,0,5,200,5,0,5,200,200
432946,0,30,1,2,0,3,0,3,0,0,0,6,200,0,5,200,0,0,0,200,200
432946,0,30,1,2,0,3,0,3,0,0,0,6,200,0,6,200,0,0,0,200,200
432947,0,30,1,2,0,3,12,5,5,0,0,0,0,0,8,200,0,0,0,200,200
432947,0,30,1,2,0,3,12,5,5,0,0,0,0,0,6,200,200,0,0,200,200
432947,1,30,1,2,0,3,12,5,5,0,0,0,0,0,5,200,200,200,200,200,200
432947,1,30,1,2,0,3,12,5,5,0,0,0,0,0,6,200,200,200,200,200,200
432947,1,30,1,2,0,3,12,5,5,0,0,0,0,1,5,200,200,200,200,200,200
432952,0,30,0,0,0,200,7,5,0,0,0,0,200,2,200,200,200,200,200,200,200
432954,0,30,2,2,0,3,7,2,0,0,0,16,11,0,5,1,12,12,0,200,200
432960,0,30,0,0,0,1,7,5,0,0,0,0,0,2,200,200,200,200,200,200,200
432972,0,30,0,0,0,1,12,5,0,0,0,200,200,1,5,0,0,0,0,200,200
432972,0,30,0,0,0,1,12,5,0,0,0,200,200,1,6,0,0,0,0,200,200
432972,1,30,0,0,0,1,12,5,0,0,0,200,200,0,200,0,200,200,200,200,200
432972,1,30,0,0,0,1,12,5,0,0,0,200,200,0,200,0,200,200,200,200,200
432972,1,30,0,0,0,1,12,5,0,0,0,200,200,0,200,0,200,200,200,200,200
432991,0,25,1,2,0,2,14,5,0,0,0,23,22,0,7,200,7,200,200,200,200
432991,0,25,1,2,0,2,14,5,0,0,0,23,22,0,6,200,0,200,200,200,200
432991,0,25,1,2,0,2,14,5,0,0,0,23,22,1,5,200,0,200,200,200,200
432991,1,25,1,2,0,2,14,5,0,0,0,23,22,0,5,200,200,200,200,200,200
432991,1,25,1,2,0,2,14,5,0,0,0,23,22,0,5,200,200,200,200,200,200
432991,1,25,1,2,0,2,14,5,0,0,0,23,22,0,6,200,200,200,200,200,200
433004,0,30,0,0,0,3,12,2,0,0,0,22,0,0,200,200,2,200,200,200,200
433004,0,30,0,0,0,3,12,2,0,0,0,22,0,0,7,0,0,0,0,200,200
433005,0,5,0,0,0,0,7,5,0,0,0,0,200,2,200,200,8,200,200,200,200
433012,0,15,0,0,0,1,14,5,0,0,0,0,0,1,200,200,200,200,200,200,200
433012,0,15,0,0,0,1,14,5,0,0,0,0,0,0,6,200,200,200,0,200,200
433015,0,30,0,0,0,3,14,5,0,0,0,17,0,0,200,200,1,200,200,200,200
433015,0,30,0,0,0,3,14,5,0,0,0,17,0,1,5,0,0,0,0,200,200
433018,0,30,0,0,0,3,2,6,0,0,0,0,0,2,200,200,200,200,200,200,200
433034,0,35,200,200,0,1,7,5,0,0,0,22,22,0,5,0,4,0,200,200,200
433038,0,20,2,2,0,3,2,5,0,0,0,16,200,0,5,1,5,200,0,200,200
433046,0,30,2,0,0,3,10,5,0,0,0,0,200,0,200,200,200,200,200,200,200
433046,0,30,2,0,0,3,10,5,0,0,0,0,200,1,6,0,0,0,0,200,200
433049,0,35,1,2,0,4,10,2,0,0,0,18,200,1,5,200,3,200,200,200,200
433049,0,35,1,2,0,4,10,2,0,0,0,18,200,1,5,0,0,0,0,200,200
433049,1,35,1,2,0,4,10,2,0,0,0,18,200,0,200,200,200,200,200,200,200
433049,1,35,1,2,0,4,10,2,0,0,0,18,200,0,200,200,200,200,200,200,200
433052,0,30,2,2,0,3,9,12,0,0,0,0,0,2,200,200,200,200,200,200,200
433052,5,30,2,2,0,3,9,12,0,0,0,0,0,1,7,200,200,200,7,200,200
433061,0,30,0,0,0,3,12,2,0,0,0,17,0,0,4,200,1,0,0,200,200
433061,0,30,0,0,0,3,12,2,0,0,0,17,0,0,8,200,0,0,0,200,200
433075,0,30,1,2,0,3,12,5,0,0,0,22,21,0,200,200,2,200,200,200,200
433075,0,30,1,2,0,3,12,5,0,0,0,22,21,0,5,0,0,0,0,200,200
433083,0,30,0,0,0,3,7,2,0,0,0,0,200,2,200,200,6,200,200,200,200
433088,0,45,0,0,0,3,10,3,1,0,0,0,0,0,5,200,200,200,0,200,200
433088,0,45,0,0,0,3,10,3,1,0,0,0,0,0,6,200,200,200,0,200,200
433088,1,45,0,0,0,3,10,3,1,0,0,0,0,0,4,200,200,200,200,200,200
433090,0,20,0,0,200,3,2,6,0,200,0,0,200,2,200,200,200,200,200,200,200
433101,0,30,0,0,0,3,7,3,0,0,0,16,200,0,200,200,200,200,200,200,200
433116,0,30,1,2,0,3,10,5,0,0,0,200,200,0,6,200,0,0,0,200,200
433116,0,30,1,2,0,3,10,5,0,0,0,200,200,0,7,200,0,0,0,200,200
433116,1,30,1,2,0,3,10,5,0,0,0,200,200,1,5,200,200,200,200,200,200
433118,0,30,0,0,0,1,7,5,0,0,0,0,200,2,200,200,200,200,200,200,200
433129,0,30,2,0,0,0,7,6,0,0,0,10,0,1,5,0,9,0,0,200,200
433132,0,45,0,0,0,1,12,3,0,0,0,0,0,2,200,200,2,200,200,200,200
433132,0,45,0,0,0,1,12,3,0,0,0,0,0,1,8,0,12,0,0,200,200
433133,0,30,0,0,0,1,12,6,0,0,0,17,200,1,7,0,1,200,0,200,200
433133,0,30,0,0,0,1,12,6,0,0,0,17,200,1,200,0,200,200,200,200,200
433133,1,30,0,0,0,1,12,6,0,0,0,17,200,2,200,0,200,200,200,200,200
433135,0,35,0,0,0,1,12,3,0,0,0,0,0,0,200,200,4,200,200,200,200
433135,0,35,0,0,0,1,12,3,0,0,0,0,0,1,7,0,0,0,0,200,200
433146,0,30,1,2,0,3,10,3,0,0,0,14,22,0,200,200,2,200,200,200,200
433146,0,30,1,2,0,3,10,3,0,0,0,14,22,0,5,0,200,0,0,200,200
433146,1,30,1,2,0,3,10,3,0,0,0,14,22,1,200,200,200,200,200,200,200
433148,0,25,9,2,0,3,2,3,3,0,0,25,15,1,5,0,8,0,0,200,200
433148,1,25,9,2,0,3,2,3,3,0,0,25,15,1,5,0,200,200,200,200,200
433149,0,30,200,200,0,200,7,5,0,0,200,0,200,2,200,200,200,200,200,200,200
433160,0,30,0,0,0,3,2,5,0,0,0,0,16,1,6,200,1,200,200,200,200
433167,0,30,1,2,0,1,10,5,0,0,200,0,0,1,5,200,200,200,200,200,200
433167,0,30,1,2,0,1,10,5,0,0,200,0,0,0,6,0,0,200,0,200,200
433167,1,30,1,2,0,1,10,5,0,0,200,0,0,0,200,0,200,200,200,200,200
433168,0,30,1,2,0,3,12,5,0,0,0,0,0,0,200,200,200,200,200,200,200
433168,0,30,1,2,0,3,12,5,0,0,0,0,0,1,5,0,200,0,0,200,200
433180,0,30,0,0,0,3,10,5,0,0,0,16,200,0,6,0,12,0,0,200,200
433180,0,30,0,0,0,3,10,5,0,0,0,16,200,1,6,0,0,0,0,200,200
433180,1,30,0,0,0,3,10,5,0,0,0,16,200,0,7,0,200,200,200,200,200
433180,1,30,0,0,0,3,10,5,0,0,0,16,200,0,6,0,200,200,200,200,200
433180,1,30,0,0,0,3,10,5,0,0,0,16,200,0,5,0,200,200,200,200,200
433180,1,30,0,0,0,3,10,5,0,0,0,16,200,0,4,0,200,200,200,200,200
433194,0,30,0,0,0,3,7,5,0,0,0,32,200,0,6,200,200,200,5,200,200
433195,0,30,200,200,0,3,12,2,0,0,200,0,0,0,6,200,200,200,200,200,200
433195,0,30,200,200,0,3,12,2,0,0,200,0,0,1,5,200,200,200,200,200,200
433205,0,30,0,0,0,3,7,6,0,0,0,0,200,2,200,200,200,200,200,200,200
433211,0,25,0,0,0,3,7,6,0,0,0,14,32,0,6,7,13,200,5,0.11,200
433219,0,40,0,0,0,3,2,3,0,0,0,27,21,0,7,0,4,0,2,200,200
433221,0,30,1,2,0,3,0,5,0,0,0,6,200,0,200,200,5,200,200,200,200
433221,0,30,1,2,0,3,0,5,0,0,0,6,200,0,5,200,0,0,0,200,200
433224,0,20,0,0,0,3,3,2,0,0,0,0,0,1,6,200,200,200,7,200,200
433224,0,20,0,0,0,3,3,2,0,0,0,0,0,0,8,200,200,12,0,200,200
433244,0,30,1,2,0,3,14,6,0,0,3,29,200,0,6,200,7,200,0,200,200
433244,0,30,1,2,0,3,14,6,0,0,3,29,200,0,6,200,7,200,200,200,200
433249,0,30,0,200,200,3,14,2,0,200,200,11,0,0,5,200,1,0,0,200,200
433249,0,30,0,200,200,3,14,2,0,200,200,11,0,0,4,200,0,0,0,200,200
433250,0,35,2,2,0,3,10,5,0,0,0,18,200,0,5,0,3,0,200,200,200
433250,0,35,2,2,0,3,10,5,0,0,0,18,200,0,6,200,200,0,200,200,200
433250,0,35,2,2,0,3,10,5,0,0,0,18,200,0,6,0,200,0,0,200,200
433250,1,35,2,2,0,3,10,5,0,0,0,18,200,0,200,0,200,200,200,200,200
433253,0,30,0,0,0,2,7,2,0,0,0,0,0,0,6,200,200,0,2,200,200
433256,0,35,1,2,1,2,14,1,0,0,0,17,6,0,7,200,200,0,0,200,200
433256,0,35,1,2,1,2,14,1,0,0,0,17,6,0,6,200,12,0,0,200,200
433267,0,30,1,2,0,0,10,5,0,0,0,18,16,2,200,200,3,200,200,200,200
433267,0,30,1,2,0,0,10,5,0,0,0,18,16,1,6,0,0,0,0,200,200
433267,0,30,1,2,0,0,10,5,0,0,0,18,16,2,200,200,200,200,200,200,200
433273,0,30,0,0,0,2,7,5,0,0,0,11,200,0,7,200,12,200,0,200,200
433275,0,30,0,0,0,1,2,6,0,0,1,200,200,0,8,0,12,0,0,200,200
433280,0,30,1,2,0,2,0,5,0,0,0,14,18,1,200,200,3,200,200,200,200
433280,0,30,1,2,0,2,0,5,0,0,0,14,18,0,6,0,0,0,0,200,200
433281,0,30,0,0,0,1,10,5,0,0,0,16,200,0,7,0,3,0,0,200,200
433281,0,30,0,0,0,1,10,5,0,0,0,16,200,0,6,0,0,0,0,200,200
433281,1,30,0,0,0,1,10,5,0,0,0,16,200,1,0,0,200,200,200,200,200
433283,0,25,2,2,0,1,0,6,0,0,0,5,17,0,7,200,0,0,0,200,200
433283,0,25,2,2,0,1,0,6,0,0,0,5,17,2,200,200,1,200,200,200,200
433296,0,30,0,0,200,200,7,6,0,200,0,0,0,2,200,200,200,200,200,200,200
433297,0,30,0,0,0,1,14,5,0,0,0,21,22,1,6,0,2,0,0,200,200
433297,0,30,0,0,0,1,14,5,0,0,0,21,22,0,7,0,0,0,0,200,200
433298,0,20,0,0,0,1,10,5,0,0,0,0,0,0,6,0,6,0,0,200,200
433298,0,20,0,0,0,1,10,5,0,0,0,0,0,0,6,0,0,0,0,200,200
433299,0,35,0,0,0,1,10,2,0,0,0,0,0,0,5,0,0,0,0,200,200
433299,0,35,0,0,0,1,10,2,0,0,0,0,0,1,7,0,0,0,0,200,200
433309,0,30,0,0,0,1,12,2,0,0,0,17,17,1,5,0,1,0,0,200,200
433309,0,30,0,0,0,1,12,2,0,0,0,17,17,0,5,0,1,0,0,200,200
433310,0,30,0,0,0,1,10,5,0,0,2,0,0,1,5,0,0,0,0,200,200
433311,0,25,2,2,0,1,14,5,0,0,0,5,17,0,9,0,5,200,200,200,200
433311,0,25,2,2,0,1,14,5,0,0,0,5,17,0,7,0,0,0,0,200,200
433312,0,30,1,2,0,1,10,2,0,0,0,33,11,0,3,0,3,4,0,200,200
433312,0,30,1,2,0,1,10,2,0,0,0,33,11,1,6,0,0,0,0,200,200
433312,1,30,1,2,0,1,10,2,0,0,0,33,11,1,3,0,200,200,200,200,200
433315,0,30,0,200,0,1,8,5,0,0,200,200,200,2,200,200,200,200,200,200,200
433315,4,30,0,200,0,1,8,5,0,0,200,200,200,0,7,200,0,200,200,200,200
433317,0,40,1,2,0,1,12,3,0,0,0,0,0,0,200,200,12,200,200,200,200
433317,0,40,1,2,0,1,12,3,0,0,0,0,0,0,4,0,0,0,0,200,200
433317,1,40,1,2,0,1,12,3,0,0,0,0,0,0,200,0,200,200,200,200,200
433318,0,30,0,0,0,1,2,3,0,0,0,0,200,1,7,0,12,0,0,200,200
433319,0,30,1,2,0,1,14,1,3,0,0,21,200,1,5,0,4,0,0,200,200
433319,0,30,1,2,0,1,14,1,3,0,0,21,200,1,7,0,0,0,0,200,200
433321,0,30,0,0,0,1,7,12,0,12,12,28,200,1,6,200,12,0,0,200,200
433322,0,30,0,0,0,1,10,5,0,0,0,18,200,0,6,0,3,0,0,200,200
433322,0,30,0,0,0,1,10,5,0,0,0,18,200,0,5,0,0,0,0,200,200
433324,0,30,1,2,0,1,11,5,0,0,0,17,200,1,200,0,1,200,0,200,200
433324,0,30,1,2,0,1,11,5,0,0,0,17,200,0,7,0,0,0,0,200,200
433327,0,30,0,0,0,1,5,5,1,0,0,0,12,0,7,0,0,0,0,200,200
433327,0,30,0,0,0,1,5,5,1,0,0,0,12,0,6,0,0,0,0,200,200
433330,0,30,0,0,0,1,7,5,0,0,0,200,200,2,200,200,200,200,200,200,200
433336,0,20,0,0,0,1,0,6,0,0,0,17,200,1,6,0,1,5,0,200,200
433336,0,20,0,0,0,1,0,6,0,0,0,17,200,0,6,0,0,0,0,200,200
433336,1,20,0,0,0,1,0,6,0,0,0,17,200,1,0,5,200,200,200,200,200
433344,0,30,0,0,0,1,10,5,0,0,0,18,200,1,7,200,3,0,0,200,200
433344,0,30,0,0,0,1,10,5,0,0,0,18,200,0,0,200,12,0,0,200,200
433344,0,30,0,0,0,1,10,5,0,0,0,18,200,1,6,200,3,0,0,200,200
433347,0,30,1,2,0,1,12,5,0,0,0,22,21,0,5,200,4,0,0,200,200
433347,0,30,1,2,0,1,12,5,0,0,0,22,21,0,6,7,0,4,0,200,200
433348,0,30,3,2,0,1,14,2,0,0,0,22,4,0,9,200,2,0,0,200,200
433348,0,30,3,2,0,1,14,2,0,0,0,22,4,0,6,200,0,0,0,200,200
433349,0,30,2,0,0,1,14,5,0,0,0,5,0,0,7,0,12,0,0,200,200
433349,0,30,2,0,0,1,14,5,0,0,0,5,0,0,6,0,12,0,0,200,200
433349,0,30,2,0,0,1,14,5,0,0,0,5,0,1,6,0,12,0,0,200,200
433351,0,35,0,0,0,1,12,2,0,0,0,21,0,0,9,200,4,0,0,200,200
433351,0,35,0,0,0,1,12,2,0,0,0,21,0,0,6,200,0,0,0,200,200
433351,1,35,0,0,0,1,12,2,0,0,0,21,0,0,5,200,200,200,200,200,200
433354,0,30,1,2,0,2,10,5,0,0,0,18,16,0,5,200,3,6,0,200,200
433354,0,30,1,2,0,2,10,5,0,0,0,18,16,0,6,0,0,0,0,200,200
433358,0,20,0,0,0,1,2,5,0,0,0,200,200,0,7,0,12,0,0,200,200
433374,0,10,0,0,200,1,2,0,0,200,3,0,200,2,200,200,200,200,200,200,200
433379,0,30,1,1,0,1,9,5,0,0,0,17,200,1,6,0,1,0,0,200,200
433379,5,30,1,1,0,1,9,5,0,0,0,17,200,1,7,7,0,0,0,200,200
433381,0,0,0,0,0,1,14,2,0,0,0,0,0,0,6,200,200,200,0,200,200
433381,0,0,0,0,0,1,14,2,0,0,0,0,0,0,5,200,200,200,0,200,200
433382,0,30,1,2,0,1,0,5,0,0,0,6,16,0,5,200,5,200,0,200,200
433382,0,30,1,2,0,1,0,5,0,0,0,6,16,1,7,200,0,200,7,200,200
433383,0,30,0,0,0,1,2,2,0,0,0,21,200,0,5,200,12,200,0,200,200
433383,2,30,0,0,0,1,2,2,0,0,0,21,200,2,200,200,12,200,200,200,200
433385,0,30,200,200,0,1,0,3,0,0,0,0,200,1,6,200,200,200,0,200,200
433385,0,30,200,200,0,1,0,3,0,0,0,0,200,0,4,200,200,200,0,200,200
433385,1,30,200,200,0,1,0,3,0,0,0,0,200,0,4,200,200,200,200,200,200
433386,0,30,1,2,1,1,12,5,0,0,0,22,0,2,200,200,2,200,200,200,200
433386,0,30,1,2,1,1,12,5,0,0,0,22,0,0,6,0,0,0,0,200,200
433387,0,30,2,1,0,1,12,5,0,0,0,0,200,1,5,200,1,200,0,200,200
433387,0,30,2,1,0,1,12,5,0,0,0,0,200,0,6,200,0,0,0,200,200
433388,0,30,2,2,0,1,14,5,0,0,0,17,200,0,6,0,1,0,0,200,200
433388,0,30,2,2,0,1,14,5,0,0,0,17,200,1,5,0,0,0,0,200,200
433389,0,30,0,0,0,1,10,5,0,0,0,18,16,0,6,0,1,0,0,200,200
433389,0,30,0,0,0,1,10,5,0,0,0,18,16,0,6,0,0,0,0,200,200