RD_NO,PERSON_TYPE,POSTED_SPEED_LIMIT,TRAFFIC_CONTROL_DEVICE,DEVICE_CONDITION,WEATHER_CONDITION,LIGHTING_CONDITION,FIRST_CRASH_TYPE,TRAFFICWAY_TYPE,ALIGNMENT,ROADWAY_SURFACE_COND,ROAD_DEFECT,PRIM_CONTRIBUTORY_CAUSE,SEC_CONTRIBUTORY_CAUSE,SEX,AGE,SAFETY_EQUIPMENT,DRIVER_ACTION,DRIVER_VISION,PHYSICAL_CONDITION,BAC_RESULT VALUE,CELL_PHONE_USE
433390,0,30,0,0,0,1,10,5,0,0,0,18,200,1,5,0,3,0,0,200,200
433390,0,30,0,0,0,1,10,5,0,0,0,18,200,1,5,7,0,0,0,200,200
433394,0,30,0,0,0,1,0,5,0,0,0,20,16,0,8,0,6,0,0,200,200
433394,0,30,0,0,0,1,0,5,0,0,0,20,16,0,6,0,0,0,0,200,200
433394,1,30,0,0,0,1,0,5,0,0,0,20,16,0,6,0,200,200,200,200,200
433396,0,30,0,0,0,3,7,6,0,0,0,0,16,1,200,200,12,200,200,200,200
433396,1,30,0,0,0,3,7,6,0,0,0,0,16,2,200,4,200,200,200,200,200
433396,1,30,0,0,0,3,7,6,0,0,0,0,16,0,200,200,200,200,200,200,200
433397,0,30,0,0,0,1,12,3,0,0,0,17,17,0,6,0,1,0,0,200,200
433397,0,30,0,0,0,1,12,3,0,0,0,17,17,0,6,0,1,0,0,200,200
433400,0,30,1,2,0,1,10,5,0,200,200,18,0,1,200,200,3,200,200,200,200
433400,0,30,1,2,0,1,10,5,0,200,200,18,0,1,9,0,12,0,0,200,200
433402,0,35,1,2,0,1,10,5,0,0,0,18,11,1,6,0,0,0,0,200,200
433402,0,35,1,2,0,1,10,5,0,0,0,18,11,0,6,0,0,0,0,200,200
433402,0,35,1,2,0,1,10,5,0,0,0,18,11,0,5,0,0,0,0,200,200
433402,0,35,1,2,0,1,10,5,0,0,0,18,11,0,7,0,3,0,0,200,200
433402,1,35,1,2,0,1,10,5,0,0,0,18,11,0,5,0,200,200,200,200,200
433404,0,40,2,2,0,1,8,5,0,0,0,5,200,0,6,200,1,0,0,200,200
433404,4,40,2,2,0,1,8,5,0,0,0,5,200,0,6,200,200,0,0,200,200
433406,0,15,0,0,0,1,7,7,0,0,0,0,200,0,6,200,6,0,200,200,200
433407,0,30,1,2,0,1,14,6,0,0,0,23,23,1,7,200,7,0,0,200,200
433407,0,30,1,2,0,1,14,6,0,0,0,23,23,0,6,200,1,0,0,200,200
433408,0,5,0,0,0,1,7,7,0,0,0,11,20,1,5,0,6,0,0,200,200
433408,1,5,0,0,0,1,7,7,0,0,0,11,20,1,200,0,200,200,200,200,200
433411,0,30,2,2,0,1,14,2,0,0,0,17,17,0,6,0,1,0,0,200,200
433411,0,30,2,2,0,1,14,2,0,0,0,17,17,0,5,200,1,200,200,200,200
433412,0,35,0,0,0,2,14,5,0,0,0,23,17,1,5,200,7,0,0,200,200
433412,0,35,0,0,0,2,14,5,0,0,0,23,17,1,5,200,0,0,0,200,200
433414,0,30,1,2,0,1,14,2,0,0,0,21,200,0,6,0,12,200,0,200,200
433414,0,30,1,2,0,1,14,2,0,0,0,21,200,0,7,0,0,200,0,200,200
433414,0,30,1,2,0,1,14,2,0,0,0,21,200,0,5,0,0,0,0,200,200
433415,0,30,1,2,0,1,14,5,0,0,0,7,17,0,8,0,1,0,0,200,200
433415,0,30,1,2,0,1,14,5,0,0,0,7,17,0,7,3,0,0,0,200,200
433418,0,30,1,2,0,1,14,2,0,0,0,0,0,1,6,0,200,0,0,200,200
433418,0,30,1,2,0,1,14,2,0,0,0,0,0,0,7,0,200,0,0,200,200
433422,0,30,0,0,0,1,7,6,0,0,0,0,200,2,200,200,200,200,200,200,200
433423,0,30,0,0,0,1,12,5,0,0,0,0,0,1,6,0,200,0,0,200,200
433423,0,30,0,0,0,1,12,5,0,0,0,0,0,0,7,0,0,0,0,200,200
433424,0,30,0,0,0,1,10,5,0,0,0,18,18,0,7,0,3,0,0,200,200
433424,0,30,0,0,0,1,10,5,0,0,0,18,18,0,7,0,0,0,0,200,200
433424,1,30,0,0,0,1,10,5,0,0,0,18,18,0,200,0,200,200,200,200,200
433424,1,30,0,0,0,1,10,5,0,0,0,18,18,0,200,0,200,200,200,200,200
433424,1,30,0,0,0,1,10,5,0,0,0,18,18,0,200,0,200,200,200,200,200
433428,0,30,1,2,0,1,0,5,0,0,0,17,0,0,6,200,1,200,200,200,200
433428,0,30,1,2,0,1,0,5,0,0,0,17,0,1,5,0,0,0,0,200,200
433433,0,0,0,0,0,1,14,5,0,0,0,23,23,1,200,200,7,200,0,200,200
433433,0,0,0,0,0,1,14,5,0,0,0,23,23,0,7,7,0,200,0,200,200
433435,0,30,0,0,0,1,7,6,0,0,0,0,200,2,200,200,200,200,200,200,200
433441,0,40,1,2,0,1,12,3,0,0,0,0,0,0,6,200,1,0,0,200,200
433441,0,40,1,2,0,1,12,3,0,0,0,0,0,0,6,200,12,0,200,200,200
433442,0,10,0,0,0,1,7,7,0,0,0,0,0,1,200,200,200,200,200,200,200
433443,0,35,0,0,0,1,12,5,0,0,0,0,0,0,6,0,4,0,0,200,200
433443,0,35,0,0,0,1,12,5,0,0,0,0,0,0,5,0,0,0,0,200,200
433448,0,30,0,0,0,1,10,7,0,0,0,20,200,0,6,200,6,200,200,200,200
433448,0,30,0,0,0,1,10,7,0,0,0,20,200,0,6,200,0,0,0,200,200
433457,0,30,0,0,0,1,7,5,0,0,0,0,0,0,200,200,200,200,200,200,200
433457,1,30,0,0,0,1,7,5,0,0,0,0,0,0,200,200,200,200,200,200,200
433457,1,30,0,0,0,1,7,5,0,0,0,0,0,0,200,200,200,200,200,200,200
433457,1,30,0,0,0,1,7,5,0,0,0,0,0,0,200,200,200,200,200,200,200
433457,1,30,0,0,0,1,7,5,0,0,0,0,0,1,200,200,200,200,200,200,200
433464,0,20,0,0,0,0,7,6,0,0,0,0,0,0,7,0,0,0,0,200,200
433465,0,25,0,0,0,1,7,6,0,0,0,17,200,0,200,200,1,200,200,200,200
433467,0,30,0,0,0,1,12,5,0,0,0,17,17,1,5,0,1,0,0,200,200
433467,0,30,0,0,0,1,12,5,0,0,0,17,17,0,8,0,0,0,0,200,200
433479,0,30,1,2,0,1,10,5,0,0,0,0,200,0,7,0,3,0,0,200,200
433479,0,30,1,2,0,1,10,5,0,0,0,0,200,1,7,0,0,0,0,200,200
433481,0,0,0,0,0,1,2,12,0,0,0,27,200,1,7,200,12,0,12,200,200
433482,0,35,1,2,0,1,14,3,0,0,0,17,16,0,5,200,1,0,0,200,200
433482,0,35,1,2,0,1,14,3,0,0,0,17,16,1,5,200,0,0,0,200,200
433487,0,0,0,0,0,1,8,6,0,0,0,33,17,1,9,200,1,2,200,200,200
433487,4,0,0,0,0,1,8,6,0,0,0,33,17,1,6,200,0,2,0,200,200
433492,0,30,0,0,0,0,7,6,0,0,0,200,200,2,200,200,200,200,200,200,200
433493,0,30,0,0,0,1,12,2,0,0,0,2,21,0,200,200,15,200,200,200,200
433493,0,30,0,0,0,1,12,2,0,0,0,2,21,1,6,0,0,0,0,200,200
433494,0,30,2,2,0,1,0,2,0,0,0,17,17,1,5,0,1,0,0,200,200
433494,0,30,2,2,0,1,0,2,0,0,0,17,17,0,8,0,0,0,0,200,200
433494,1,30,2,2,0,1,0,2,0,0,0,17,17,0,0,5,200,200,200,200,200
433500,0,30,0,0,0,1,7,5,0,0,0,0,0,0,7,0,200,0,0,200,200
433500,1,30,0,0,0,1,7,5,0,0,0,0,0,1,6,0,200,200,200,200,200
433501,0,30,0,0,0,1,10,5,0,0,0,18,15,0,200,0,8,0,0,200,200
433501,0,30,0,0,0,1,10,5,0,0,0,18,15,0,6,0,0,0,0,200,200
433502,0,35,0,0,0,1,12,5,0,0,0,0,0,1,8,0,0,0,0,200,200
433502,0,35,0,0,0,1,12,5,0,0,0,0,0,0,5,0,0,0,0,200,200
433506,0,25,1,2,0,1,14,5,0,0,0,23,23,0,6,0,12,0,0,200,200
433506,0,25,1,2,0,1,14,5,0,0,0,23,23,0,7,0,0,0,0,200,200
433510,0,30,1,2,0,1,0,2,0,0,0,17,200,1,8,0,1,1,0,200,200
433510,0,30,1,2,0,1,0,2,0,0,0,17,200,1,5,0,0,0,0,200,200
433516,0,30,2,2,0,1,10,5,0,0,0,0,0,0,5,200,1,0,200,200,200
433516,0,30,2,2,0,1,10,5,0,0,0,0,0,1,8,200,0,0,200,200,200
433517,0,30,1,1,0,1,7,2,0,0,0,11,0,0,6,0,12,5,0,200,200
433517,1,30,1,1,0,1,7,2,0,0,0,11,0,0,6,200,200,200,200,200,200
433528,0,30,0,0,0,1,14,5,0,0,0,17,200,1,7,200,1,0,0,200,200
433528,0,30,0,0,0,1,14,5,0,0,0,17,200,0,7,200,0,0,0,200,200
433528,1,30,0,0,0,1,14,5,0,0,0,17,200,200,200,200,200,200,200,200,200
433528,1,30,0,0,0,1,14,5,0,0,0,17,200,0,7,200,200,200,200,200,200
433529,0,30,1,2,0,1,12,3,0,0,0,0,200,0,200,0,12,0,0,200,200
433529,0,30,1,2,0,1,12,3,0,0,0,0,200,0,200,0,0,0,0,200,200
433532,0,30,2,2,0,1,12,5,0,0,0,5,200,0,200,200,5,200,200,200,200
433532,0,30,2,2,0,1,12,5,0,0,0,5,200,1,6,0,0,200,0,200,200
433532,1,30,2,2,0,1,12,5,0,0,0,5,200,1,200,7,200,200,200,200,200
433533,0,10,0,200,0,1,10,7,0,1,200,20,0,0,6,200,0,200,0,200,200
433533,0,10,0,200,0,1,10,7,0,1,200,20,0,1,5,200,0,200,0,200,200
433535,0,30,0,0,0,1,10,5,0,0,0,16,11,0,7,0,3,0,0,200,200
433535,0,30,0,0,0,1,10,5,0,0,0,16,11,1,9,0,0,0,0,200,200
433541,0,20,0,0,200,200,7,5,0,200,0,0,0,2,200,200,200,200,200,200,200
433542,0,30,1,2,0,1,14,2,0,0,0,0,16,0,6,0,0,0,0,200,200
433542,0,30,1,2,0,1,14,2,0,0,0,0,16,0,9,0,0,0,0,200,200
433542,1,30,1,2,0,1,14,2,0,0,0,0,16,1,9,0,200,200,200,200,200
433542,1,30,1,2,0,1,14,2,0,0,0,0,16,1,8,0,200,200,200,200,200
433544,0,30,2,2,0,1,0,5,0,0,0,0,0,0,200,200,200,200,200,200,200
433544,0,30,2,2,0,1,0,5,0,0,0,0,0,1,6,0,0,0,0,200,200
433544,1,30,2,2,0,1,0,5,0,0,0,0,0,1,2,0,200,200,200,200,200
433544,1,30,2,2,0,1,0,5,0,0,0,0,0,0,0,5,200,200,200,200,200
433551,0,30,2,2,0,1,0,5,0,0,0,200,200,0,200,200,1,200,200,200,200
433551,0,30,2,2,0,1,0,5,0,0,0,200,200,0,200,0,0,200,0,200,200
433552,0,30,0,0,0,1,6,3,0,0,0,12,200,0,6,0,0,0,0,200,200
433555,0,25,2,0,0,1,10,5,0,0,0,16,200,1,6,0,1,0,0,200,200
433555,0,25,2,0,0,1,10,5,0,0,0,16,200,0,8,7,0,0,0,200,200
433556,0,30,0,0,0,1,10,2,0,0,0,20,0,1,6,0,0,0,0,200,200
433556,0,30,0,0,0,1,10,2,0,0,0,20,0,1,6,200,6,0,0,200,200
433574,0,30,0,0,0,1,14,5,0,0,0,0,0,0,8,200,4,200,200,200,200
433574,0,30,0,0,0,1,14,5,0,0,0,0,0,0,6,0,12,0,0,200,200
433576,0,30,0,0,0,1,7,5,0,0,0,0,0,2,200,200,200,200,200,200,200
433587,0,30,0,0,0,1,10,5,0,0,0,18,200,1,6,0,3,0,0,200,200
433587,0,30,0,0,0,1,10,5,0,0,0,18,200,1,5,0,3,0,0,200,200
433587,0,30,0,0,0,1,10,5,0,0,0,18,200,1,6,0,0,0,0,200,200
433588,5,30,0,0,0,1,9,2,0,0,12,17,200,1,6,7,12,5,0,200,200
433588,0,30,0,0,0,1,9,2,0,0,12,17,200,1,7,0,0,5,0,200,200
433590,0,30,2,2,0,1,0,6,0,0,0,17,16,1,8,0,1,5,0,200,200
433590,0,30,2,2,0,1,0,6,0,0,0,17,16,0,0,0,0,0,0,200,200
433590,1,30,2,2,0,1,0,6,0,0,0,17,16,0,9,0,200,200,200,200,200
433591,0,25,1,2,0,1,14,6,0,0,0,23,0,1,9,0,7,0,0,200,200
433591,0,25,1,2,0,1,14,6,0,0,0,23,0,1,6,0,0,0,0,200,200
433596,0,30,0,0,0,1,7,5,0,0,0,0,200,0,8,0,200,0,0,200,200
433607,0,30,1,2,0,1,14,2,0,0,0,200,200,1,9,200,7,200,200,200,200
433607,0,30,1,2,0,1,14,2,0,0,0,200,200,0,6,200,200,200,200,200,200
433618,0,0,0,0,0,1,0,7,0,0,0,20,200,1,7,0,6,0,0,200,200
433618,0,0,0,0,0,1,0,7,0,0,0,20,200,0,8,0,0,0,0,200,200
433618,1,0,0,0,0,1,0,7,0,0,0,20,200,1,9,0,200,200,200,200,200
433623,0,30,1,2,0,1,10,5,0,0,0,0,0,0,200,0,200,200,200,200,200
433623,0,30,1,2,0,1,10,5,0,0,0,0,0,0,200,0,0,0,0,200,200
433628,0,0,0,0,0,1,11,7,0,0,0,0,200,0,6,0,200,1,0,200,200
433628,0,0,0,0,0,1,11,7,0,0,0,0,200,1,9,0,200,200,0,200,200
433628,1,0,0,0,0,1,11,7,0,0,0,0,200,0,1,5,200,200,200,200,200
433630,0,30,0,0,0,1,7,6,0,0,0,28,200,0,6,200,0,5,0,200,200
433633,0,10,0,0,0,1,9,7,0,0,0,0,0,0,200,200,200,200,200,200,200
433633,5,10,0,0,0,1,9,7,0,0,0,0,0,1,6,7,12,12,0,200,200
433643,0,30,0,0,0,1,10,3,0,0,0,7,200,0,9,0,12,0,0,200,200
433643,0,30,0,0,0,1,10,3,0,0,0,7,200,1,6,0,0,0,0,200,200
433643,1,30,0,0,0,1,10,3,0,0,0,7,200,0,6,0,200,200,200,200,200
433645,0,30,0,0,0,1,12,2,0,0,0,0,27,1,6,0,2,200,0,200,200
433645,0,30,0,0,0,1,12,2,0,0,0,0,27,0,6,0,0,200,0,200,200
433651,0,30,0,0,0,1,10,5,0,0,0,0,0,0,6,200,200,200,200,200,200
433651,0,30,0,0,0,1,10,5,0,0,0,0,0,0,9,200,200,200,200,200,200
433653,0,30,2,200,0,1,0,200,0,200,200,0,200,0,200,200,200,200,200,200,200
433653,0,30,2,200,0,1,0,200,0,200,200,0,200,0,5,200,200,200,0,200,200
433658,0,25,2,2,0,4,14,5,0,0,0,15,17,0,200,200,12,200,200,200,200
433658,0,25,2,2,0,4,14,5,0,0,0,15,17,0,5,0,0,5,0,200,200
433659,0,30,1,2,0,1,3,2,0,0,0,0,0,0,7,200,200,200,200,200,200
433659,0,30,1,2,0,1,3,2,0,0,0,0,0,0,6,3,0,0,0,200,200
433660,0,5,0,0,0,1,0,7,0,0,0,0,0,0,6,200,200,200,200,200,200
433660,0,5,0,0,0,1,0,7,0,0,0,0,0,1,7,0,200,0,0,200,200
433662,0,30,1,2,0,1,14,5,0,0,0,0,0,0,5,0,200,0,0,200,200
433662,0,30,1,2,0,1,14,5,0,0,0,0,0,1,8,0,200,0,0,200,200
433664,0,35,1,2,0,1,10,2,0,0,0,0,0,0,7,0,0,0,0,200,200
433664,0,35,1,2,0,1,10,2,0,0,0,0,0,0,8,0,0,0,0,200,200
433666,0,30,2,2,0,1,8,12,0,0,0,5,0,0,200,200,5,200,200,200,200
433666,4,30,2,2,0,1,8,12,0,0,0,5,0,1,5,7,0,0,0,200,200
433677,0,30,2,2,0,1,10,6,0,0,0,16,6,0,200,200,3,200,200,200,200
433677,0,30,2,2,0,1,10,6,0,0,0,16,6,0,6,0,0,0,0,200,200
433681,0,30,0,0,0,1,12,5,0,0,0,22,200,0,5,200,2,0,0,200,200
433681,0,30,0,0,0,1,12,5,0,0,0,22,200,1,7,200,0,0,0,200,200
433683,0,30,1,2,0,1,9,5,0,0,0,17,200,0,7,1,1,0,0,200,200
433683,5,30,1,2,0,1,9,5,0,0,0,17,200,1,6,200,0,200,0,200,200
433686,0,25,0,0,0,1,10,5,0,0,0,18,200,0,6,0,1,0,0,200,200
433686,0,25,0,0,0,1,10,5,0,0,0,18,200,1,6,0,0,0,0,200,200
433690,0,15,0,0,0,1,12,2,0,0,0,22,32,0,6,0,7,0,0,200,200
433690,0,15,0,0,0,1,12,2,0,0,0,22,32,0,6,0,0,0,0,200,200
433691,4,30,1,2,0,1,8,1,0,0,0,6,200,0,4,2,5,0,0,200,200
433691,0,30,1,2,0,1,8,1,0,0,0,6,200,0,6,0,0,0,0,200,200
433698,0,30,0,0,0,1,0,3,0,0,0,17,200,1,4,200,1,12,0,200,200
433698,0,30,0,0,0,1,0,3,0,0,0,17,200,0,7,0,0,0,0,200,200
433698,1,30,0,0,0,1,0,3,0,0,0,17,200,1,200,200,200,200,200,200,200
433699,0,35,0,0,0,1,14,3,0,0,0,17,200,0,6,0,1,0,0,200,200
433699,0,35,0,0,0,1,14,3,0,0,0,17,200,0,4,0,0,0,0,200,200
433700,0,25,0,200,0,1,14,5,0,0,200,23,0,0,6,200,7,200,0,200,200
433700,0,25,0,200,0,1,14,5,0,0,200,23,0,1,5,0,0,0,0,200,200
433701,0,30,1,2,0,1,10,6,0,0,0,16,18,0,6,0,3,0,0,200,200
433701,0,30,1,2,0,1,10,6,0,0,0,16,18,0,5,0,0,0,0,200,200
433702,0,30,0,0,0,1,7,4,0,0,0,25,16,0,6,200,12,0,200,200,200
433707,0,30,1,2,0,1,14,5,0,0,0,0,0,0,8,0,3,0,0,200,200
433707,0,30,1,2,0,1,14,5,0,0,0,0,0,0,7,0,0,0,0,200,200
433711,0,30,0,0,0,1,2,5,0,0,0,0,200,0,7,0,0,0,0,200,200
433715,0,30,1,2,0,1,14,2,0,0,0,23,25,0,7,0,7,12,0,200,200
433715,0,30,1,2,0,1,14,2,0,0,0,23,25,1,6,0,0,0,0,200,200
433715,1,30,1,2,0,1,14,2,0,0,0,23,25,0,6,0,200,200,200,200,200
433717,0,0,0,0,0,1,14,5,0,0,0,22,23,0,9,200,4,200,0,200,200
433717,0,0,0,0,0,1,14,5,0,0,0,22,23,0,6,0,0,0,0,200,200
433721,0,30,1,2,0,1,14,5,0,0,0,23,0,0,8,200,7,0,0,200,200
433721,0,30,1,2,0,1,14,5,0,0,0,23,0,0,4,0,0,200,0,200,200
433721,1,30,1,2,0,1,14,5,0,0,0,23,0,1,8,200,200,200,200,200,200
433723,0,20,0,0,0,1,2,7,0,0,0,16,16,1,7,200,3,0,0,200,200
433724,0,30,0,0,0,1,10,5,0,0,0,20,16,1,200,200,6,200,200,200,200
433724,0,30,0,0,0,1,10,5,0,0,0,20,16,0,6,0,0,0,0,200,200
433736,0,30,1,2,0,1,9,2,0,0,0,0,0,1,6,0,200,200,0,200,200
433736,5,30,1,2,0,1,9,2,0,0,0,0,0,1,7,7,0,12,0,200,200
433737,0,30,1,2,0,1,10,5,0,0,200,0,0,0,6,200,1,200,200,200,200
433737,0,30,1,2,0,1,10,5,0,0,200,0,0,1,6,0,0,0,0,200,200
433738,0,30,0,0,0,1,8,5,0,0,0,17,200,0,200,0,1,0,0,200,200
433738,4,30,0,0,0,1,8,5,0,0,0,17,200,0,5,7,0,0,0,200,200
433740,0,30,1,2,0,1,10,6,0,0,0,8,35,0,6,200,12,0,0,200,200
433740,0,30,1,2,0,1,10,6,0,0,0,8,35,0,6,200,0,0,0,200,200
433742,0,30,1,2,200,1,12,12,0,200,0,0,0,1,200,200,200,200,200,200,200
433742,0,30,1,2,200,1,12,12,0,200,0,0,0,1,200,0,200,0,0,200,200
433757,0,25,0,0,0,1,10,6,0,0,0,18,16,0,200,200,3,200,200,200,200
433757,0,25,0,0,0,1,10,6,0,0,0,18,16,1,6,200,0,0,0,200,200
433758,0,0,0,0,0,1,7,5,0,0,200,0,0,2,200,200,200,200,200,200,200
433759,0,30,0,0,0,1,7,7,0,0,0,20,0,1,200,200,6,200,200,200,200
433760,0,30,1,2,0,1,0,5,0,0,0,0,0,1,6,0,200,0,0,200,200
433760,0,30,1,2,0,1,0,5,0,0,0,0,0,0,6,0,0,0,0,200,200
433767,0,10,0,0,0,0,7,7,0,200,200,0,200,0,6,200,200,200,200,200,200
433770,0,35,0,0,0,1,12,5,0,0,0,22,16,0,5,0,1,0,0,200,0
433770,0,35,0,0,0,1,12,5,0,0,0,22,16,0,7,0,0,0,0,200,200
433772,0,30,1,2,0,1,12,5,0,0,12,0,0,0,7,200,200,200,0,200,200
433772,0,30,1,2,0,1,12,5,0,0,12,0,0,0,5,200,200,200,0,200,200
433776,0,20,0,0,0,1,5,5,0,0,200,17,0,0,200,200,8,200,200,200,200
433776,0,20,0,0,0,1,5,5,0,0,200,17,0,0,4,200,0,200,0,200,200
433790,4,30,12,2,0,1,8,12,0,0,0,10,17,1,5,7,9,0,0,200,200
433790,0,30,12,2,0,1,8,12,0,0,0,10,17,0,6,0,0,0,0,200,200
433790,1,30,12,2,0,1,8,12,0,0,0,10,17,0,7,0,200,200,200,200,200
433795,0,35,0,0,0,1,10,6,0,0,0,25,0,0,200,200,2,200,200,200,200
433795,0,35,0,0,0,1,10,6,0,0,0,25,0,0,8,200,0,0,0,200,200
433795,0,35,0,0,0,1,10,6,0,0,0,25,0,1,7,200,0,0,0,200,200
433795,1,35,0,0,0,1,10,6,0,0,0,25,0,200,200,200,200,200,200,200,200
433795,1,35,0,0,0,1,10,6,0,0,0,25,0,200,200,200,200,200,200,200,200
433795,1,35,0,0,0,1,10,6,0,0,0,25,0,200,200,200,200,200,200,200,200
433800,0,30,0,0,0,1,14,5,0,0,200,0,200,1,8,200,200,200,0,200,200
433800,0,30,0,0,0,1,14,5,0,0,200,0,200,1,7,200,200,200,0,200,200
433807,0,30,1,2,0,1,10,2,0,0,0,20,0,0,7,0,6,0,0,200,200
433807,0,30,1,2,0,1,10,2,0,0,0,20,0,0,5,0,0,0,0,200,200
433820,0,20,0,0,0,1,10,2,0,0,0,0,200,1,6,0,3,0,0,200,200
433820,0,20,0,0,0,1,10,2,0,0,0,0,200,1,7,0,0,0,0,200,200
433822,0,30,0,0,0,1,10,5,0,0,0,200,200,0,5,0,0,0,0,200,200
433822,0,30,0,0,0,1,10,5,0,0,0,200,200,0,5,0,0,0,0,200,200
433823,0,30,0,0,0,1,12,5,0,0,0,22,16,0,200,200,4,200,0,200,200
433823,0,30,0,0,0,1,12,5,0,0,0,22,16,0,7,0,0,0,0,200,200
433824,0,5,0,0,0,3,7,7,0,0,0,200,200,2,200,200,200,200,200,200,200
433826,0,30,0,0,0,1,14,2,0,0,0,0,200,1,7,200,200,200,0,200,200
433826,0,30,0,0,0,1,14,2,0,0,0,0,200,0,5,200,200,200,0,200,200
433830,0,30,0,0,0,1,7,7,0,0,0,0,0,0,200,200,200,200,200,200,200
433839,0,30,1,2,0,1,14,5,0,0,0,17,17,0,6,0,1,0,0,200,200
433839,0,30,1,2,0,1,14,5,0,0,0,17,17,0,9,0,0,0,0,200,200
433839,1,30,1,2,0,1,14,5,0,0,0,17,17,1,8,0,200,200,200,200,200
433843,0,30,0,0,0,1,12,5,0,0,0,21,0,0,5,0,4,0,0,200,200
433843,0,30,0,0,0,1,12,5,0,0,0,21,0,0,6,0,0,0,0,200,200
433844,0,10,0,0,0,1,7,7,0,0,0,18,200,1,200,200,200,200,200,200,200
433846,4,30,0,0,0,1,8,5,0,0,0,22,200,0,200,2,2,200,0,200,200
433846,0,30,0,0,0,1,8,5,0,0,0,22,200,1,6,0,0,0,0,200,200
433847,0,30,0,0,200,3,7,6,0,200,0,0,0,1,200,0,200,0,0,200,200
433853,0,35,1,2,0,1,10,3,0,0,0,0,11,0,200,200,200,200,200,200,200
433853,0,35,1,2,0,1,10,3,0,0,0,0,11,0,6,3,0,0,200,200,200
433858,0,35,2,2,0,1,10,12,0,0,0,0,0,1,6,200,1,200,200,200,200
433858,0,35,2,2,0,1,10,12,0,0,0,0,0,1,6,0,0,0,0,200,200
433859,0,30,0,0,0,1,2,2,1,0,200,200,0,0,6,200,200,200,0,200,200
433860,0,30,0,0,200,1,12,2,0,200,200,17,11,0,3,0,4,200,200,200,200
433860,0,30,0,0,200,1,12,2,0,200,200,17,11,1,5,200,0,200,200,200,200
433878,0,30,1,2,0,1,14,12,2,0,0,23,0,1,200,200,7,0,0,200,200
433878,0,30,1,2,0,1,14,12,2,0,0,23,0,0,200,0,0,0,0,200,200
433882,0,30,1,200,0,1,14,5,0,0,200,0,0,1,5,200,200,200,0,200,200
433882,0,30,1,200,0,1,14,5,0,0,200,0,0,0,7,200,200,200,0,200,200
433883,0,30,1,2,0,1,10,2,0,0,0,0,200,0,200,200,200,200,200,200,200
433883,0,30,1,2,0,1,10,2,0,0,0,0,200,1,6,0,0,0,0,200,200
433888,0,30,0,0,0,0,11,5,0,0,0,0,0,0,5,0,200,0,0,200,200
433888,0,30,0,0,0,0,11,5,0,0,0,0,0,0,6,0,0,0,0,200,200
433892,0,35,0,0,0,1,10,5,0,0,0,0,0,1,200,200,200,200,200,200,200
433892,0,35,0,0,0,1,10,5,0,0,0,0,0,1,6,0,0,0,0,200,200
433898,0,30,1,2,0,1,10,5,0,0,0,11,16,0,3,0,7,0,0,200,200
433898,0,30,1,2,0,1,10,5,0,0,0,11,16,1,4,0,0,0,0,200,200
433906,0,20,1,2,0,1,14,0,0,0,0,17,200,1,9,0,1,0,0,200,200
433906,0,20,1,2,0,1,14,0,0,0,0,17,200,0,5,0,12,0,0,200,200
433907,0,25,0,0,0,1,7,6,0,0,0,11,0,1,6,200,12,0,0,200,200
433907,1,25,0,0,0,1,7,6,0,0,0,11,0,1,1,4,200,200,200,200,200
433911,0,5,0,0,0,3,7,7,0,0,0,20,200,1,200,200,6,200,200,200,200
433914,0,30,0,0,0,1,12,5,0,0,0,17,0,0,6,0,1,200,0,200,200
433914,0,30,0,0,0,1,12,5,0,0,0,17,0,0,7,0,12,0,0,200,200
433915,0,30,0,0,0,1,12,6,0,0,0,18,200,0,200,0,3,0,0,200,200
433915,0,30,0,0,0,1,12,6,0,0,0,18,200,0,6,0,3,0,0,200,200
433915,1,30,0,0,0,1,12,6,0,0,0,18,200,1,200,0,200,200,200,200,200
433918,0,30,2,2,0,1,0,5,0,0,200,17,200,1,6,200,1,200,200,200,200
433918,0,30,2,2,0,1,0,5,0,0,200,17,200,1,6,200,200,200,0,200,200
433926,0,30,0,0,0,1,14,1,0,0,0,17,200,1,9,0,1,0,0,200,200
433926,0,30,0,0,0,1,14,1,0,0,0,17,200,0,5,0,0,0,0,200,200
433929,0,20,0,0,0,1,7,5,0,0,0,32,32,0,7,0,10,200,6,0,200
433932,0,30,0,0,0,1,12,5,0,0,0,21,22,0,200,200,2,200,200,200,200
433932,0,30,0,0,0,1,12,5,0,0,0,21,22,0,7,0,0,0,0,200,200
433933,0,35,1,2,0,1,10,5,0,0,0,18,200,0,200,200,3,200,200,200,200
433933,0,35,1,2,0,1,10,5,0,0,0,18,200,1,6,7,3,0,0,200,200
433933,1,35,1,2,0,1,10,5,0,0,0,18,200,0,200,200,200,200,200,200,200
433935,0,35,0,0,0,1,14,6,0,0,0,23,200,0,6,200,7,0,0,200,200
433935,0,35,0,0,0,1,14,6,0,0,0,23,200,0,6,0,0,0,0,200,200
433935,1,35,0,0,0,1,14,6,0,0,0,23,200,0,6,0,200,200,200,200,200
433935,1,35,0,0,0,1,14,6,0,0,0,23,200,1,1,0,200,200,200,200,200
433939,0,30,1,200,0,1,14,6,0,0,0,23,0,0,7,200,7,200,200,200,200
433939,0,30,1,200,0,1,14,6,0,0,0,23,0,0,6,0,0,0,0,200,200
433939,1,30,1,200,0,1,14,6,0,0,0,23,0,0,0,5,200,200,200,200,200
433941,0,30,1,2,0,1,10,5,0,0,0,16,18,0,6,200,3,6,0,200,200
433941,0,30,1,2,0,1,10,5,0,0,0,16,18,0,6,200,0,0,0,200,200
433942,0,20,0,0,0,1,10,6,0,0,0,20,0,0,7,0,6,200,0,200,200
433942,0,20,0,0,0,1,10,6,0,0,0,20,0,1,6,0,0,0,0,200,200
433945,0,30,0,0,0,1,12,5,0,0,0,17,200,0,5,200,1,200,0,200,200