RD_NO,PERSON_TYPE,POSTED_SPEED_LIMIT,TRAFFIC_CONTROL_DEVICE,DEVICE_CONDITION,WEATHER_CONDITION,LIGHTING_CONDITION,FIRST_CRASH_TYPE,TRAFFICWAY_TYPE,ALIGNMENT,ROADWAY_SURFACE_COND,ROAD_DEFECT,PRIM_CONTRIBUTORY_CAUSE,SEC_CONTRIBUTORY_CAUSE,SEX,AGE,SAFETY_EQUIPMENT,DRIVER_ACTION,DRIVER_VISION,PHYSICAL_CONDITION,BAC_RESULT VALUE,CELL_PHONE_USE
433945,0,30,0,0,0,1,12,5,0,0,0,17,200,1,5,200,12,200,0,200,200
433951,0,30,0,0,0,1,12,6,0,0,0,21,0,1,6,200,4,200,200,200,200
433951,0,30,0,0,0,1,12,6,0,0,0,21,0,1,0,200,0,0,0,200,200
433953,4,30,0,0,0,1,8,5,0,0,0,0,0,0,7,3,200,200,0,200,200
433953,1,30,0,0,0,1,8,5,0,0,0,0,0,1,7,0,200,200,200,200,200
433958,0,30,1,2,0,1,9,5,0,0,0,0,0,0,200,200,200,200,200,200,200
433958,5,30,1,2,0,1,9,5,0,0,0,0,0,1,5,7,0,0,0,200,200
433959,0,30,2,2,0,1,14,5,0,0,0,5,200,1,8,0,5,200,0,200,200
433959,0,30,2,2,0,1,14,5,0,0,0,5,200,1,9,0,0,200,0,200,200
433960,0,30,0,0,0,1,10,2,0,0,0,16,0,0,0,0,12,0,0,200,200
433960,0,30,0,0,0,1,10,2,0,0,0,16,0,0,6,0,0,0,0,200,200
433962,4,25,1,2,0,1,8,5,0,0,0,0,0,0,7,200,12,0,0,200,200
433962,0,25,1,2,0,1,8,5,0,0,0,0,0,0,8,0,0,0,0,200,200
433965,0,35,200,2,0,1,0,2,0,0,0,7,21,0,7,200,4,200,200,200,200
433965,0,35,200,2,0,1,0,2,0,0,0,7,21,0,6,200,200,0,0,200,200
433966,0,30,1,2,0,1,14,5,0,0,0,31,6,0,7,200,1,0,0,200,200
433966,0,30,1,2,0,1,14,5,0,0,0,31,6,0,6,0,0,0,0,200,200
433966,1,30,1,2,0,1,14,5,0,0,0,31,6,0,6,200,200,200,200,200,200
433966,1,30,1,2,0,1,14,5,0,0,0,31,6,0,6,200,200,200,200,200,200
433967,0,30,1,2,0,1,10,5,0,0,0,0,0,0,7,0,200,200,200,200,200
433967,0,30,1,2,0,1,10,5,0,0,0,0,0,1,7,200,200,200,200,200,200
433968,0,30,0,0,0,1,10,5,2,0,0,200,200,0,6,0,0,0,0,200,200
433968,0,30,0,0,0,1,10,5,2,0,0,200,200,0,7,0,0,0,0,200,200
433968,1,30,0,0,0,1,10,5,2,0,0,200,200,0,200,0,200,200,200,200,200
433969,0,30,0,0,0,1,14,2,0,0,0,17,11,0,200,0,2,0,0,200,200
433969,0,30,0,0,0,1,14,2,0,0,0,17,11,1,7,0,0,0,0,200,200
433970,0,30,0,0,0,1,0,4,0,0,200,17,0,0,6,0,1,0,0,200,200
433970,0,30,0,0,0,1,0,4,0,0,200,17,0,1,6,0,0,0,0,200,200
433971,0,30,0,0,0,1,10,2,0,0,0,21,0,0,7,0,0,0,0,200,200
433971,0,30,0,0,0,1,10,2,0,0,0,21,0,1,6,7,0,0,0,200,200
433974,4,30,1,2,0,1,8,2,0,0,0,0,200,0,3,200,200,0,0,200,200
433974,0,30,1,2,0,1,8,2,0,0,0,0,200,1,5,200,200,0,0,200,200
433975,0,30,1,2,0,1,12,6,0,0,0,22,200,1,6,200,4,200,200,200,200
433975,0,30,1,2,0,1,12,6,0,0,0,22,200,0,6,200,0,200,0,200,200
433976,0,30,0,0,0,1,12,5,0,0,200,0,0,2,200,200,200,200,200,200,200
433976,0,30,0,0,0,1,12,5,0,0,200,0,0,1,6,200,200,200,200,200,200
433976,1,30,0,0,0,1,12,5,0,0,200,0,0,0,4,200,200,200,200,200,200
433976,1,30,0,0,0,1,12,5,0,0,200,0,0,0,4,200,200,200,200,200,200
433976,1,30,0,0,0,1,12,5,0,0,200,0,0,0,4,200,200,200,200,200,200
433980,0,30,0,0,0,1,7,6,0,0,0,0,0,2,200,200,12,200,200,200,200
433981,0,30,1,2,0,1,9,5,0,0,0,17,200,1,6,200,1,0,0,200,200
433981,5,30,1,2,0,1,9,5,0,0,0,17,200,0,9,200,0,0,0,200,200
433981,5,30,1,2,0,1,9,5,0,0,0,17,200,1,8,200,200,0,0,200,200
433983,0,30,0,0,0,1,0,5,0,0,0,17,0,0,7,3,1,1,0,200,200
433983,0,30,0,0,0,1,0,5,0,0,0,17,0,0,6,0,0,0,0,200,200
433984,0,30,0,0,0,1,12,3,0,0,0,0,0,1,200,0,200,0,0,200,200
433984,0,30,0,0,0,1,12,3,0,0,0,0,0,0,200,0,0,0,0,200,200
433988,0,45,0,0,0,0,10,3,0,200,200,18,18,1,7,200,3,200,200,200,200
433988,0,45,0,0,0,0,10,3,0,200,200,18,18,1,8,0,200,200,200,200,200
433988,1,45,0,0,0,0,10,3,0,200,200,18,18,1,6,0,200,200,200,200,200
433990,0,30,0,0,0,1,12,5,0,0,0,22,200,1,4,200,4,200,200,200,200
433990,0,30,0,0,0,1,12,5,0,0,0,22,200,1,5,0,0,0,0,200,200
433996,0,30,0,0,0,1,12,6,0,0,0,0,200,0,8,0,1,0,0,200,200
433996,0,30,0,0,0,1,12,6,0,0,0,0,200,1,5,0,0,0,0,200,200
433996,1,30,0,0,0,1,12,6,0,0,0,0,200,1,9,0,200,200,200,200,200
433996,1,30,0,0,0,1,12,6,0,0,0,0,200,1,2,0,200,200,200,200,200
433998,0,30,1,2,0,1,14,5,0,0,0,17,200,0,6,0,1,0,0,200,200
433998,0,30,1,2,0,1,14,5,0,0,0,17,200,0,5,0,12,0,0,200,200
433998,1,30,1,2,0,1,14,5,0,0,0,17,200,0,6,0,200,200,200,200,200
433998,1,30,1,2,0,1,14,5,0,0,0,17,200,0,8,0,200,200,200,200,200
433998,1,30,1,2,0,1,14,5,0,0,0,17,200,1,6,0,200,200,200,200,200
433999,0,30,0,0,0,3,7,5,0,0,0,0,0,2,200,200,200,200,200,200,200
434000,0,30,0,0,0,1,12,5,0,0,0,6,22,0,6,7,4,0,0,200,200
434000,0,30,0,0,0,1,12,5,0,0,0,6,22,0,6,7,0,0,0,200,200
434002,0,30,0,0,0,1,10,5,0,0,0,16,200,0,200,200,12,200,200,200,200
434002,0,30,0,0,0,1,10,5,0,0,0,16,200,0,6,7,0,0,0,200,200
434002,1,30,0,0,0,1,10,5,0,0,0,16,200,0,200,0,200,200,200,200,200
434005,0,30,0,0,0,1,10,5,0,0,0,18,200,1,6,0,3,0,0,200,200
434005,0,30,0,0,0,1,10,5,0,0,0,18,200,1,6,0,0,0,0,200,200
434006,0,30,12,12,0,1,0,2,0,0,0,17,200,0,6,0,1,1,0,200,200
434006,0,30,12,12,0,1,0,2,0,0,0,17,200,0,5,0,0,0,0,200,200
434006,1,30,12,12,0,1,0,2,0,0,0,17,200,1,7,0,200,200,200,200,200
434010,0,30,0,0,0,1,12,3,0,0,0,25,200,1,5,200,4,200,0,200,200
434010,0,30,0,0,0,1,12,3,0,0,0,25,200,0,7,200,12,200,0,200,200
434013,0,30,2,0,0,1,14,12,2,0,0,17,16,1,200,200,1,200,200,200,200
434013,0,30,2,0,0,1,14,12,2,0,0,17,16,1,8,0,0,0,0,200,200
434014,0,25,0,0,0,1,2,12,0,0,0,11,0,0,6,0,6,0,0,200,200
434015,0,30,1,2,0,2,14,2,0,0,0,17,200,0,7,0,1,0,0,200,200
434015,0,30,1,2,0,2,14,2,0,0,0,17,200,0,6,0,0,0,0,200,200
434016,0,0,0,0,0,1,12,5,0,0,0,0,0,1,5,200,200,200,0,200,200
434016,0,0,0,0,0,1,12,5,0,0,0,0,0,1,6,200,0,0,0,200,200
434017,0,30,0,0,0,1,7,5,0,0,0,0,200,0,7,0,12,0,0,200,200
434018,0,30,0,0,0,1,14,5,0,0,0,0,0,0,4,200,7,200,200,200,200
434018,0,30,0,0,0,1,14,5,0,0,0,0,0,1,7,0,0,200,200,200,200
434024,0,30,1,2,0,1,14,3,0,0,0,17,200,0,5,200,1,200,200,200,200
434024,0,30,1,2,0,1,14,3,0,0,0,17,200,0,7,200,0,200,200,200,200
434024,0,30,1,2,0,1,14,3,0,0,0,17,200,0,6,200,0,200,200,200,200
434027,0,30,0,0,0,1,12,5,0,0,0,0,0,0,200,200,200,200,200,200,200
434027,0,30,0,0,0,1,12,5,0,0,0,0,0,0,7,0,0,0,0,200,200
434028,0,30,0,0,0,1,7,5,0,0,0,20,200,0,6,200,6,0,0,200,200
434029,0,30,1,2,0,1,10,2,0,0,0,0,200,1,4,0,200,0,0,200,200
434029,0,30,1,2,0,1,10,2,0,0,0,0,200,1,6,0,0,0,0,200,200
434032,0,30,1,2,0,1,7,5,0,0,0,200,200,1,6,0,12,1,0,200,200
434034,0,30,1,2,0,1,10,5,0,0,0,0,0,0,200,0,200,200,200,200,200
434034,0,30,1,2,0,1,10,5,0,0,0,0,0,1,7,0,0,0,0,200,200
434035,0,30,1,2,0,1,10,2,0,0,0,18,11,0,8,0,3,200,200,200,200
434035,0,30,1,2,0,1,10,2,0,0,0,18,11,1,6,0,0,0,0,200,200
434035,0,30,1,2,0,1,10,2,0,0,0,18,11,0,6,0,0,0,0,200,200
434035,1,30,1,2,0,1,10,2,0,0,0,18,11,0,4,0,200,200,200,200,200
434035,1,30,1,2,0,1,10,2,0,0,0,18,11,1,1,7,200,200,200,200,200
434036,0,25,1,2,0,1,12,5,0,0,0,22,18,0,6,200,2,0,0,200,200
434036,0,25,1,2,0,1,12,5,0,0,0,22,18,0,7,200,12,0,0,200,200
434036,1,25,1,2,0,1,12,5,0,0,0,22,18,1,6,200,200,200,200,200,200
434036,1,25,1,2,0,1,12,5,0,0,0,22,18,0,7,200,200,200,200,200,200
434038,0,30,0,0,0,1,7,6,0,0,0,27,0,0,9,200,12,12,4,200,200
434042,0,30,1,2,0,1,10,5,0,0,0,18,200,0,200,200,3,200,200,200,200
434042,0,30,1,2,0,1,10,5,0,0,0,18,200,1,6,0,0,0,0,200,200
434044,0,30,0,0,0,1,0,3,2,0,0,17,0,0,200,0,1,0,0,200,200
434044,0,30,0,0,0,1,0,3,2,0,0,17,0,1,200,0,0,0,0,200,200
434046,0,30,1,2,0,1,14,2,0,0,0,17,200,0,5,200,1,0,0,200,200
434046,0,30,1,2,0,1,14,2,0,0,0,17,200,1,5,200,200,0,0,200,200
434048,0,30,0,0,0,1,14,5,0,0,0,23,17,0,6,200,1,0,0,200,200
434048,0,30,0,0,0,1,14,5,0,0,0,23,17,0,7,0,0,0,0,200,200
434048,1,30,0,0,0,1,14,5,0,0,0,23,17,1,7,7,200,200,200,200,200
434048,1,30,0,0,0,1,14,5,0,0,0,23,17,1,7,7,200,200,200,200,200
434048,1,30,0,0,0,1,14,5,0,0,0,23,17,1,6,7,200,200,200,200,200
434048,1,30,0,0,0,1,14,5,0,0,0,23,17,1,2,7,200,200,200,200,200
434053,0,30,0,0,0,1,10,5,0,0,0,20,0,0,7,200,6,200,200,200,200
434053,0,30,0,0,0,1,10,5,0,0,0,20,0,0,6,0,0,0,0,200,200
434057,0,30,0,0,0,1,7,5,0,0,0,11,200,0,200,0,12,0,0,200,200
434057,1,30,0,0,0,1,7,5,0,0,0,11,200,0,200,0,200,200,200,200,200
434058,0,0,0,200,0,4,7,7,0,0,0,20,200,2,200,200,6,200,200,200,200
434060,0,30,0,200,0,1,12,5,0,0,200,17,17,0,200,200,1,200,200,200,200
434060,0,30,0,200,0,1,12,5,0,0,200,17,17,1,7,200,0,12,0,200,200
434061,0,30,1,2,0,1,14,2,0,0,0,17,0,0,200,200,1,200,200,200,200
434061,0,30,1,2,0,1,14,2,0,0,0,17,0,1,7,0,0,0,0,200,200
434061,1,30,1,2,0,1,14,2,0,0,0,17,0,200,200,200,200,200,200,200,200
434062,0,40,0,0,0,1,12,3,5,0,0,21,16,0,200,200,4,200,200,200,200
434062,0,40,0,0,0,1,12,3,5,0,0,21,16,1,6,0,0,0,0,200,200
434062,1,40,0,0,0,1,12,3,5,0,0,21,16,1,200,200,200,200,200,200,200
434063,0,30,2,2,0,1,7,7,0,0,0,11,0,0,7,0,0,0,0,200,200
434066,0,25,2,12,0,1,14,2,0,0,200,17,0,1,7,0,1,0,0,200,200
434066,0,25,2,12,0,1,14,2,0,0,200,17,0,1,6,0,0,0,0,200,200
434075,0,30,2,2,0,1,10,2,0,0,0,12,0,1,9,0,0,0,0,200,200
434075,0,30,2,2,0,1,10,2,0,0,0,12,0,0,6,0,0,0,0,200,200
434078,0,20,0,0,0,1,0,0,0,0,0,0,0,0,6,200,8,200,200,200,200
434078,0,20,0,0,0,1,0,0,0,0,0,0,0,1,6,0,0,0,0,200,200
434079,0,30,0,0,0,1,12,3,0,1,0,22,16,0,200,200,2,200,200,200,200
434079,0,30,0,0,0,1,12,3,0,1,0,22,16,1,7,0,0,0,0,200,200
434079,1,30,0,0,0,1,12,3,0,1,0,22,16,0,8,0,200,200,200,200,200
434080,0,35,0,0,0,1,14,3,0,0,0,17,23,0,5,0,7,0,0,200,200
434080,0,35,0,0,0,1,14,3,0,0,0,17,23,0,7,0,0,0,0,200,200
434080,1,35,0,0,0,1,14,3,0,0,0,17,23,0,6,0,200,200,200,200,200
434083,0,30,0,0,0,1,12,5,0,0,0,22,200,1,200,200,4,0,0,200,200
434083,0,30,0,0,0,1,12,5,0,0,0,22,200,0,6,0,0,0,0,200,200
434084,0,5,0,0,0,1,3,0,0,0,0,14,200,0,200,200,8,200,200,200,200
434084,0,5,0,0,0,1,3,0,0,0,0,14,200,0,7,200,12,0,0,200,200
434085,0,5,0,0,0,1,0,7,0,0,0,20,200,0,7,0,0,0,0,200,200
434085,0,5,0,0,0,1,0,7,0,0,0,20,200,0,6,0,1,0,0,200,200
434088,0,30,2,0,0,1,0,2,0,0,0,5,17,1,8,200,1,200,0,200,200
434088,0,30,2,0,0,1,0,2,0,0,0,5,17,1,6,200,0,0,0,200,200
434088,1,30,2,0,0,1,0,2,0,0,0,5,17,1,2,200,200,200,200,200,200
434093,0,15,0,0,0,1,2,7,0,0,0,0,200,1,6,200,1,200,200,200,200
434094,0,30,1,0,0,1,10,2,0,0,0,16,200,0,200,200,8,200,200,200,200
434094,0,30,1,0,0,1,10,2,0,0,0,16,200,1,6,0,0,0,0,200,200
434096,0,30,0,0,0,1,12,5,0,0,0,200,200,1,200,200,0,200,200,200,200
434096,0,30,0,0,0,1,12,5,0,0,0,200,200,1,6,0,0,0,0,200,200
434097,4,25,1,2,0,1,8,5,2,0,0,0,0,0,4,7,5,200,0,200,200
434097,0,25,1,2,0,1,8,5,2,0,0,0,0,0,6,200,12,0,0,200,200
434099,0,30,2,0,0,1,14,12,2,0,0,17,16,1,3,0,1,0,0,200,200
434099,0,30,2,0,0,1,14,12,2,0,0,17,16,1,6,0,0,0,0,200,200
434099,1,30,2,0,0,1,14,12,2,0,0,17,16,1,200,200,200,200,200,200,200
434099,1,30,2,0,0,1,14,12,2,0,0,17,16,1,200,200,200,200,200,200,200
434099,1,30,2,0,0,1,14,12,2,0,0,17,16,1,200,200,200,200,200,200,200
434100,0,30,0,0,0,1,7,2,0,0,0,22,11,0,5,0,2,0,0,200,200
434101,0,30,0,0,0,1,10,5,0,0,0,0,0,0,200,200,12,200,200,200,200
434101,0,30,0,0,0,1,10,5,0,0,0,0,0,1,200,200,12,0,0,200,200
434102,0,30,1,2,0,1,14,5,0,0,0,18,200,0,6,200,3,200,0,200,200
434102,0,30,1,2,0,1,14,5,0,0,0,18,200,0,5,200,0,200,0,200,200
434106,0,35,1,2,0,3,14,3,0,0,0,6,23,1,6,0,0,0,0,200,200
434106,0,35,1,2,0,3,14,3,0,0,0,6,23,0,6,0,5,0,0,200,200
434108,0,30,0,0,0,1,7,5,0,0,0,0,200,2,200,200,200,200,200,200,200
434110,0,30,0,0,0,1,14,5,0,0,0,21,17,1,6,3,12,200,7,200,200
434110,0,30,0,0,0,1,14,5,0,0,0,21,17,0,5,200,0,200,0,200,200
434115,0,30,0,0,0,1,12,5,0,0,0,0,200,1,5,0,200,0,0,200,200
434115,0,30,0,0,0,1,12,5,0,0,0,0,200,0,7,0,200,200,200,200,200
434115,1,30,0,0,0,1,12,5,0,0,0,0,200,0,2,0,200,200,200,200,200
434120,0,25,1,2,0,1,8,6,0,0,0,22,200,0,7,200,1,200,0,200,200
434120,4,25,1,2,0,1,8,6,0,0,0,22,200,0,6,3,0,0,0,200,200
434123,0,35,0,0,0,3,7,5,0,0,0,20,200,2,200,200,6,200,200,200,200
434126,0,20,0,0,0,1,7,7,0,0,0,11,20,1,200,0,6,0,0,200,200
434128,4,30,0,0,0,1,8,6,0,0,0,200,200,1,7,3,0,200,0,200,200
434128,1,30,0,0,0,1,8,6,0,0,0,200,200,0,5,200,200,200,200,200,200
434131,0,35,1,2,0,1,12,6,0,0,200,0,0,0,200,200,2,200,200,200,200
434131,0,35,1,2,0,1,12,6,0,0,200,0,0,1,6,0,0,0,0,200,200
434135,0,30,1,2,0,1,14,5,0,0,0,0,0,0,200,200,200,200,200,200,200
434135,0,30,1,2,0,1,14,5,0,0,0,0,0,0,7,0,0,0,0,200,200
434136,0,30,0,0,0,1,0,5,0,0,0,17,0,0,6,0,12,200,0,200,200
434136,0,30,0,0,0,1,0,5,0,0,0,17,0,1,6,0,12,200,0,200,200
434136,0,30,0,0,0,1,0,5,0,0,0,17,0,1,6,0,12,200,0,200,200
434139,2,35,1,2,0,1,11,5,0,0,0,17,7,0,6,0,1,0,0,200,200
434139,0,35,1,2,0,1,11,5,0,0,0,17,7,0,7,0,14,0,0,200,200
434139,0,35,1,2,0,1,11,5,0,0,0,17,7,1,5,0,0,0,0,200,200
434146,0,30,0,0,0,1,10,5,0,0,0,200,200,1,5,0,0,0,0,200,200
434146,0,30,0,0,0,1,10,5,0,0,0,200,200,0,5,0,0,0,0,200,200
434146,1,30,0,0,0,1,10,5,0,0,0,200,200,1,200,0,200,200,200,200,200
434147,0,30,1,2,0,1,14,1,1,0,1,23,200,1,6,0,7,0,0,200,200
434147,0,30,1,2,0,1,14,1,1,0,1,23,200,1,5,7,0,0,0,200,200
434147,1,30,1,2,0,1,14,1,1,0,1,23,200,1,200,0,200,200,200,200,200
434147,1,30,1,2,0,1,14,1,1,0,1,23,200,0,200,0,200,200,200,200,200
434150,0,30,1,2,0,1,14,5,0,0,0,0,200,1,200,0,7,0,0,200,200
434150,0,30,1,2,0,1,14,5,0,0,0,0,200,0,7,0,0,0,0,200,200
434150,1,30,1,2,0,1,14,5,0,0,0,0,200,1,200,5,200,200,200,200,200
434158,0,30,0,0,0,1,10,2,0,0,0,18,11,1,6,200,3,200,200,200,200
434158,0,30,0,0,0,1,10,2,0,0,0,18,11,0,6,0,0,0,0,200,200
434160,0,30,0,0,0,1,10,2,0,0,0,16,11,1,6,0,1,0,0,200,200
434160,0,30,0,0,0,1,10,2,0,0,0,16,11,1,6,0,0,0,0,200,200
434162,0,30,0,0,0,1,7,5,0,0,0,11,0,0,200,200,0,200,200,200,200
434162,1,30,0,0,0,1,7,5,0,0,0,11,0,0,200,200,200,200,200,200,200
434163,0,30,0,0,0,1,10,2,0,0,0,0,0,0,7,0,200,0,0,200,200
434163,0,30,0,0,0,1,10,2,0,0,0,0,0,0,5,0,200,0,0,200,200
434164,0,30,1,2,0,1,10,5,0,0,0,0,0,0,200,0,200,0,0,200,200
434164,0,30,1,2,0,1,10,5,0,0,0,0,0,0,200,200,200,200,200,200,200
434165,0,0,0,0,0,1,7,7,0,0,0,0,200,0,4,200,200,200,200,200,200
434166,0,30,0,0,0,1,12,6,0,0,0,11,200,0,6,200,12,0,0,200,200
434166,0,30,0,0,0,1,12,6,0,0,0,11,200,1,5,0,0,0,0,200,200
434166,1,30,0,0,0,1,12,6,0,0,0,11,200,0,200,0,200,200,200,200,200
434167,0,30,0,0,0,1,14,2,0,0,0,10,16,0,6,0,9,6,0,200,200
434167,0,30,0,0,0,1,14,2,0,0,0,10,16,1,7,0,0,0,0,200,200
434170,0,30,1,2,0,1,14,6,0,0,0,18,200,1,5,0,3,0,0,200,200
434170,0,30,1,2,0,1,14,6,0,0,0,18,200,0,5,0,0,0,0,200,200
434172,0,35,1,2,0,1,12,6,0,0,0,22,0,1,200,200,4,200,200,200,200
434172,0,35,1,2,0,1,12,6,0,0,0,22,0,1,6,0,0,0,0,200,200
434173,0,35,0,0,0,1,7,5,0,0,0,0,0,2,200,200,200,200,200,200,200
434177,0,30,2,2,0,1,0,2,0,0,0,17,200,1,7,0,1,12,0,200,200
434177,0,30,2,2,0,1,0,2,0,0,0,17,200,1,5,0,0,0,0,200,200
434177,1,30,2,2,0,1,0,2,0,0,0,17,200,0,5,0,200,200,200,200,200
434177,1,30,2,2,0,1,0,2,0,0,0,17,200,0,0,5,200,200,200,200,200
434193,0,30,1,2,0,1,0,6,0,0,200,6,22,0,7,200,200,0,0,200,200
434193,0,30,1,2,0,1,0,6,0,0,200,6,22,0,7,200,200,0,0,200,200
434195,0,30,12,0,0,1,10,7,0,0,0,18,0,1,200,200,1,200,200,200,200
434195,0,30,12,0,0,1,10,7,0,0,0,18,0,1,7,0,6,0,0,200,200
434196,0,15,200,200,200,1,7,5,0,200,200,0,0,2,200,200,200,200,200,200,200
434199,0,30,2,0,0,1,10,5,0,0,0,7,0,1,6,200,200,0,0,200,200
434199,0,30,2,0,0,1,10,5,0,0,0,7,0,1,5,200,0,0,0,200,200
434199,0,30,2,0,0,1,10,5,0,0,0,7,0,1,6,200,0,0,0,200,200
434199,1,30,2,0,0,1,10,5,0,0,0,7,0,1,1,0,200,200,200,200,200
434199,1,30,2,0,0,1,10,5,0,0,0,7,0,1,7,200,200,200,200,200,200
434200,0,30,1,2,0,4,10,5,0,0,0,7,200,0,7,0,12,0,0,200,200
434200,0,30,1,2,0,4,10,5,0,0,0,7,200,1,7,0,0,0,0,200,200
434201,0,30,0,0,0,1,10,5,0,0,3,11,11,0,6,0,12,0,0,200,200
434201,0,30,0,0,0,1,10,5,0,0,3,11,11,0,7,0,0,0,0,200,200
434202,0,30,1,2,0,1,12,5,0,0,0,0,0,1,200,200,12,200,0,200,200
434202,0,30,1,2,0,1,12,5,0,0,0,0,0,1,200,200,0,200,200,200,200
434203,0,30,0,0,0,1,10,5,0,0,0,16,200,1,5,200,1,200,200,200,200
434203,0,30,0,0,0,1,10,5,0,0,0,16,200,1,6,200,0,200,200,200,200
434203,1,30,0,0,0,1,10,5,0,0,0,16,200,1,200,200,200,200,200,200,200
434204,0,35,1,2,0,1,10,2,0,0,0,18,200,0,7,0,1,0,0,200,200
434204,0,35,1,2,0,1,10,2,0,0,0,18,200,0,6,2,0,0,0,200,200
434204,1,35,1,2,0,1,10,2,0,0,0,18,200,1,6,2,200,200,200,200,200
434205,0,30,0,0,0,1,9,5,0,0,0,16,200,0,6,200,200,6,0,200,200
434205,5,30,0,0,0,1,9,5,0,0,0,16,200,1,5,7,200,200,0,200,200
434206,0,30,1,2,0,1,14,5,0,200,200,23,21,0,200,200,7,200,200,200,200
434206,0,30,1,2,0,1,14,5,0,200,200,23,21,0,5,0,12,200,0,200,200
434208,0,30,1,2,0,1,9,2,0,0,0,17,0,0,200,200,1,200,200,200,200
434208,5,30,1,2,0,1,9,2,0,0,0,17,0,0,6,7,0,0,0,200,200
434215,0,30,1,2,0,1,0,12,2,0,0,6,16,0,8,0,0,0,0,200,200
434215,0,30,1,2,0,1,0,12,2,0,0,6,16,1,200,200,5,200,200,200,200
434216,0,30,1,2,0,4,10,5,0,0,0,18,16,0,6,0,3,0,0,200,200
434216,0,30,1,2,0,4,10,5,0,0,0,18,16,1,6,0,0,0,0,200,200
434216,1,30,1,2,0,4,10,5,0,0,0,18,16,1,200,0,200,200,200,200,200
434216,1,30,1,2,0,4,10,5,0,0,0,18,16,1,200,0,200,200,200,200,200
434216,1,30,1,2,0,4,10,5,0,0,0,18,16,1,200,0,200,200,200,200,200
434217,0,30,2,2,0,1,9,5,0,0,0,0,0,0,7,200,1,12,0,200,200
434217,5,30,2,2,0,1,9,5,0,0,0,0,0,0,6,7,0,200,0,200,200
434217,1,30,2,2,0,1,9,5,0,0,0,0,0,2,200,200,200,200,200,200,200
434224,0,30,0,0,0,1,5,6,0,0,0,22,200,0,0,0,2,0,0,200,200
434227,0,30,1,2,0,1,0,5,0,0,0,0,0,0,6,0,200,0,200,200,200
434227,0,30,1,2,0,1,0,5,0,0,0,0,0,1,7,0,0,0,0,200,200
434230,0,30,0,0,0,1,10,5,0,0,0,0,0,0,200,200,12,200,200,200,200
434230,0,30,0,0,0,1,10,5,0,0,0,0,0,0,200,200,0,0,0,200,200
434230,1,30,0,0,0,1,10,5,0,0,0,0,0,1,200,200,200,200,200,200,200
434230,1,30,0,0,0,1,10,5,0,0,0,0,0,1,200,200,200,200,200,200,200
434232,0,30,0,0,0,1,10,5,0,0,200,0,0,0,6,200,200,200,200,200,200
434232,0,30,0,0,0,1,10,5,0,0,200,0,0,1,7,0,200,200,200,200,200
434233,0,25,1,2,0,1,10,5,0,0,200,16,0,0,5,0,0,0,0,200,200
434233,0,25,1,2,0,1,10,5,0,0,200,16,0,1,6,0,0,0,0,200,200
434240,0,30,0,0,0,4,9,3,0,0,0,33,0,1,8,0,12,6,0,200,200
434240,5,30,0,0,0,4,9,3,0,0,0,33,0,0,6,7,0,0,200,200,200
434240,1,30,0,0,0,4,9,3,0,0,0,33,0,1,6,0,200,200,200,200,200
434240,1,30,0,0,0,4,9,3,0,0,0,33,0,1,0,5,200,200,200,200,200
434246,0,5,0,200,0,4,7,7,0,1,0,23,200,0,7,0,7,0,0,200,200
434248,0,30,0,0,0,4,10,5,0,0,0,18,16,1,5,200,3,200,0,200,200
434248,0,30,0,0,0,4,10,5,0,0,0,18,16,0,5,0,0,0,0,200,200
434248,0,30,0,0,0,4,10,5,0,0,0,18,16,0,200,200,0,200,200,200,200
434248,1,30,0,0,0,4,10,5,0,0,0,18,16,0,200,0,200,200,200,200,200
434249,0,30,0,0,0,1,10,5,0,0,0,0,0,0,5,200,200,200,200,200,200
434249,0,30,0,0,0,1,10,5,0,0,0,0,0,0,6,0,0,0,0,200,200
434257,0,30,0,0,0,1,5,5,0,0,1,0,200,0,6,0,0,0,0,200,200
434262,4,25,0,0,0,4,8,5,0,0,0,0,0,200,200,7,200,200,200,200,200
434262,0,25,0,0,0,4,8,5,0,0,0,0,0,0,6,0,12,0,0,200,200
434264,0,30,1,2,0,3,10,5,0,0,0,18,200,0,5,0,3,0,0,200,200
434264,0,30,1,2,0,3,10,5,0,0,0,18,200,0,6,0,0,0,0,200,200
434266,0,0,0,0,0,1,14,2,0,0,0,17,23,1,5,0,1,0,0,200,200
434266,0,0,0,0,0,1,14,2,0,0,0,17,23,0,6,200,12,0,0,200,200
434267,0,30,1,2,0,1,14,12,0,0,0,23,17,2,200,200,7,200,200,200,200
434267,0,30,1,2,0,1,14,12,0,0,0,23,17,1,6,0,0,0,0,200,200
434271,0,20,0,0,0,1,7,7,0,0,0,16,11,2,200,200,200,200,200,200,200
434276,0,30,1,2,0,3,10,5,0,2,3,18,18,0,200,200,3,200,200,200,200
434276,0,30,1,2,0,3,10,5,0,2,3,18,18,1,6,3,0,0,0,200,200
434278,0,30,200,200,0,3,7,200,0,0,0,0,0,2,200,200,200,200,200,200,200
434280,0,35,2,2,0,1,14,2,0,0,0,23,200,1,7,0,7,0,0,200,200
434280,0,35,2,2,0,1,14,2,0,0,0,23,200,1,6,200,200,200,200,200,200
434283,0,30,1,0,0,1,14,3,0,0,0,21,200,0,7,0,12,0,0,200,200
434283,0,30,1,0,0,1,14,3,0,0,0,21,200,1,6,0,0,0,0,200,200
434285,0,30,0,0,0,3,12,5,0,0,0,0,0,0,6,0,0,0,0,200,200
434285,0,30,0,0,0,3,12,5,0,0,0,0,0,2,7,0,0,0,0,200,200