RD_NO,PERSON_TYPE,POSTED_SPEED_LIMIT,TRAFFIC_CONTROL_DEVICE,DEVICE_CONDITION,WEATHER_CONDITION,LIGHTING_CONDITION,FIRST_CRASH_TYPE,TRAFFICWAY_TYPE,ALIGNMENT,ROADWAY_SURFACE_COND,ROAD_DEFECT,PRIM_CONTRIBUTORY_CAUSE,SEC_CONTRIBUTORY_CAUSE,SEX,AGE,SAFETY_EQUIPMENT,DRIVER_ACTION,DRIVER_VISION,PHYSICAL_CONDITION,BAC_RESULT VALUE,CELL_PHONE_USE
434888,0,30,0,0,0,3,14,5,0,0,0,0,200,0,5,0,12,0,0,200,200
434888,0,30,0,0,0,3,14,5,0,0,0,0,200,0,8,0,0,0,0,200,200
434888,1,30,0,0,0,3,14,5,0,0,0,0,200,1,6,0,200,200,200,200,200
434888,1,30,0,0,0,3,14,5,0,0,0,0,200,1,1,5,200,200,200,200,200
434888,1,30,0,0,0,3,14,5,0,0,0,0,200,200,2,0,200,200,200,200,200
434889,0,0,1,2,0,1,0,3,2,0,0,3,11,0,5,0,5,0,0,200,200
434889,0,0,1,2,0,1,0,3,2,0,0,3,11,0,6,0,0,0,0,200,200
434892,0,30,1,2,0,1,12,5,0,0,0,21,21,2,200,200,6,200,200,200,200
434892,0,30,1,2,0,1,12,5,0,0,0,21,21,0,5,0,0,0,0,200,200
434896,0,20,0,0,0,1,0,7,0,0,0,20,0,0,200,200,6,0,0,200,200
434896,0,20,0,0,0,1,0,7,0,0,0,20,0,0,6,200,0,0,0,200,200
434902,0,25,1,2,0,1,10,3,0,0,0,20,200,0,200,200,6,200,200,200,200
434902,0,25,1,2,0,1,10,3,0,0,0,20,200,1,5,0,0,0,0,200,200
434918,0,30,1,2,0,2,12,2,0,0,0,22,200,0,6,0,2,0,0,200,200
434918,0,30,1,2,0,2,12,2,0,0,0,22,200,0,6,0,0,0,0,200,200
434920,0,5,0,0,0,1,7,4,3,0,0,11,0,0,200,200,12,200,200,200,200
434920,1,5,0,0,0,1,7,4,3,0,0,11,0,1,200,0,200,200,200,200,200
434920,1,5,0,0,0,1,7,4,3,0,0,11,0,200,200,0,200,200,200,200,200
434920,1,5,0,0,0,1,7,4,3,0,0,11,0,1,200,0,200,200,200,200,200
434920,1,5,0,0,0,1,7,4,3,0,0,11,0,1,200,200,200,200,200,200,200
434922,0,30,0,0,0,1,7,2,0,0,0,0,200,2,200,200,200,200,200,200,200
434923,0,30,0,0,0,1,7,5,0,0,0,0,200,0,200,200,200,200,200,200,200
434923,1,30,0,0,0,1,7,5,0,0,0,0,200,0,5,200,200,200,200,200,200
434925,0,30,1,2,0,1,10,5,0,0,0,18,0,0,7,0,12,0,0,200,200
434925,0,30,1,2,0,1,10,5,0,0,0,18,0,1,5,0,12,0,0,200,200
434925,1,30,1,2,0,1,10,5,0,0,0,18,0,0,1,5,200,200,200,200,200
434928,0,30,0,0,0,1,10,12,0,0,0,11,0,0,200,0,12,0,0,200,200
434928,0,30,0,0,0,1,10,12,0,0,0,11,0,1,200,0,12,0,0,200,200
434932,0,25,0,0,0,1,12,6,0,0,0,11,200,0,6,0,1,0,0,200,200
434932,0,25,0,0,0,1,12,6,0,0,0,11,200,1,6,0,0,0,0,200,200
434932,1,25,0,0,0,1,12,6,0,0,0,11,200,1,200,0,200,200,200,200,200
434932,1,25,0,0,0,1,12,6,0,0,0,11,200,1,200,0,200,200,200,200,200
434934,0,30,0,0,0,1,9,5,0,0,0,0,0,0,200,200,12,200,200,200,200
434934,5,30,0,0,0,1,9,5,0,0,0,0,0,0,7,7,0,0,0,200,200
434935,0,25,1,2,0,1,12,3,0,0,0,0,0,2,200,200,200,200,200,200,200
434935,0,25,1,2,0,1,12,3,0,0,0,0,0,0,6,0,0,0,0,200,200
434948,0,20,0,0,0,1,7,5,0,0,0,0,0,0,6,200,200,200,200,200,200
434948,1,20,0,0,0,1,7,5,0,0,0,0,0,0,7,0,200,200,200,200,200
434956,0,30,0,0,0,1,7,6,0,0,0,20,200,0,6,0,6,0,0,200,200
434961,0,30,1,3,0,1,0,5,0,0,12,16,200,1,7,0,1,0,0,200,200
434961,0,30,1,3,0,1,0,5,0,0,12,16,200,0,6,0,200,0,0,200,200
434961,0,30,1,3,0,1,0,5,0,0,12,16,200,0,7,0,200,0,0,200,200
434962,0,30,2,2,0,1,0,2,0,0,0,17,0,0,9,0,1,0,0,200,200
434962,0,30,2,2,0,1,0,2,0,0,0,17,0,0,7,0,0,0,0,200,200
434962,1,30,2,2,0,1,0,2,0,0,0,17,0,1,9,0,200,200,200,200,200
434963,0,15,0,0,0,1,0,7,0,0,0,17,17,1,7,200,1,200,200,200,200
434963,0,15,0,0,0,1,0,7,0,0,0,17,17,0,7,0,1,0,0,200,200
434964,0,20,1,12,0,1,7,5,0,0,0,200,200,0,200,200,200,200,200,200,200
434966,0,30,1,2,0,1,0,2,0,0,0,200,0,0,5,200,200,0,0,200,200
434966,0,30,1,2,0,1,0,2,0,0,0,200,0,1,5,200,200,200,200,200,200
434966,1,30,1,2,0,1,0,2,0,0,0,200,0,1,1,200,200,200,200,200,200
434969,0,0,0,0,0,1,5,0,0,0,0,11,200,0,5,0,12,0,0,200,200
434969,3,0,0,0,0,1,5,0,0,0,0,11,200,2,200,7,0,12,0,200,200
434969,3,0,0,0,0,1,5,0,0,0,0,11,200,0,7,7,0,12,12,200,200
434969,1,0,0,0,0,1,5,0,0,0,0,11,200,1,200,0,200,200,200,200,200
434972,0,35,0,0,0,1,10,2,0,0,0,18,200,0,6,0,3,0,0,200,200
434972,0,35,0,0,0,1,10,2,0,0,0,18,200,0,7,0,0,0,0,200,200
434973,0,30,1,2,0,1,12,5,0,0,0,21,21,0,9,0,4,0,0,200,200
434973,0,30,1,2,0,1,12,5,0,0,0,21,21,0,6,0,0,0,0,200,200
434979,0,30,0,0,0,1,7,12,0,0,0,0,0,1,7,0,12,0,0,200,200
434980,0,30,0,0,0,1,14,5,0,0,0,0,200,0,7,0,7,0,0,200,200
434980,0,30,0,0,0,1,14,5,0,0,0,0,200,1,6,0,0,0,0,200,200
434980,1,30,0,0,0,1,14,5,0,0,0,0,200,1,200,0,200,200,200,200,200
434982,0,25,0,0,0,1,7,5,0,0,0,0,200,2,200,200,200,200,200,200,200
434986,0,30,2,2,0,1,14,5,0,0,0,0,0,1,7,200,200,0,0,200,200
434986,0,30,2,2,0,1,14,5,0,0,0,0,0,1,6,200,200,0,0,200,200
434993,0,30,1,2,0,1,12,2,0,0,0,11,0,0,6,0,12,0,0,200,200
434993,0,30,1,2,0,1,12,2,0,0,0,11,0,0,8,0,0,0,0,200,200
435002,0,20,2,0,0,1,7,6,0,0,0,0,200,2,200,200,200,200,200,200,200
435003,0,30,0,0,0,1,0,6,0,0,0,17,200,0,200,200,1,200,200,200,200
435003,0,30,0,0,0,1,0,6,0,0,0,17,200,0,5,0,0,0,0,200,200
435020,0,25,1,2,0,1,14,5,0,0,0,11,11,0,9,0,4,0,0,200,200
435020,0,25,1,2,0,1,14,5,0,0,0,11,11,1,5,0,0,0,0,200,200
435021,0,30,0,0,0,1,12,12,0,0,200,25,0,1,7,200,0,0,0,200,200
435021,0,30,0,0,0,1,12,12,0,0,200,25,0,2,200,200,12,200,200,200,200
435021,1,30,0,0,0,1,12,12,0,0,200,25,0,0,7,200,200,200,200,200,200
435028,0,30,1,2,0,1,5,5,0,0,200,0,0,1,5,200,200,200,200,200,200
435028,1,30,1,2,0,1,5,5,0,0,200,0,0,1,1,5,200,200,200,200,200
435029,0,30,0,0,0,1,7,5,0,0,0,0,0,2,200,200,200,200,200,200,200
435031,0,15,0,0,0,1,10,7,0,0,0,11,0,1,200,0,1,0,0,200,200
435031,0,15,0,0,0,1,10,7,0,0,0,11,0,1,200,0,0,0,0,200,200
435042,0,25,0,0,0,200,7,6,0,0,0,0,200,2,200,200,200,200,200,200,200
435044,0,25,0,0,0,1,12,5,0,0,0,22,0,1,6,0,2,0,0,200,200
435044,0,25,0,0,0,1,12,5,0,0,0,22,0,0,6,0,0,0,0,200,200
435047,0,25,0,0,0,1,7,6,0,0,0,200,200,0,5,200,200,200,200,200,200
435047,1,25,0,0,0,1,7,6,0,0,0,200,200,0,6,200,200,200,200,200,200
435050,1,30,1,2,0,1,12,2,0,0,0,0,0,0,200,200,200,200,200,200,200
435050,0,30,1,2,0,1,12,2,0,0,0,0,0,1,7,0,200,0,0,200,200
435050,0,30,1,2,0,1,12,2,0,0,0,0,0,0,6,0,200,0,0,200,200
435050,1,30,1,2,0,1,12,2,0,0,0,0,0,0,5,200,200,200,200,200,200
435050,1,30,1,2,0,1,12,2,0,0,0,0,0,0,5,200,200,200,200,200,200
435050,1,30,1,2,0,1,12,2,0,0,0,0,0,0,5,200,200,200,200,200,200
435050,1,30,1,2,0,1,12,2,0,0,0,0,0,0,5,200,200,200,200,200,200
435050,1,30,1,2,0,1,12,2,0,0,0,0,0,0,6,200,200,200,200,200,200
435050,1,30,1,2,0,1,12,2,0,0,0,0,0,0,200,200,200,200,200,200,200
435050,1,30,1,2,0,1,12,2,0,0,0,0,0,0,200,200,200,200,200,200,200
435050,1,30,1,2,0,1,12,2,0,0,0,0,0,0,6,200,200,200,200,200,200
435053,0,30,0,0,0,1,0,5,0,0,0,18,22,0,5,0,3,0,0,200,200
435053,0,30,0,0,0,1,0,5,0,0,0,18,22,1,5,0,0,0,0,200,200
435057,0,30,2,2,0,1,10,5,0,0,0,0,0,0,200,0,200,0,0,200,200
435057,0,30,2,2,0,1,10,5,0,0,0,0,0,1,200,0,0,0,0,200,200
435071,0,30,2,0,0,1,14,5,0,0,0,0,0,0,6,0,1,12,0,200,200
435071,0,30,2,0,0,1,14,5,0,0,0,0,0,1,5,0,0,0,0,200,200
435071,1,30,2,0,0,1,14,5,0,0,0,0,0,1,6,0,200,200,200,200,200
435071,1,30,2,0,0,1,14,5,0,0,0,0,0,0,5,0,200,200,200,200,200
435077,0,30,1,2,0,1,12,5,3,0,0,17,200,1,6,0,1,0,0,200,200
435077,0,30,1,2,0,1,12,5,3,0,0,17,200,0,6,0,0,0,0,200,200
435090,0,30,1,2,0,3,10,5,0,200,200,0,0,0,7,1,200,200,200,200,200
435090,0,30,1,2,0,3,10,5,0,200,200,0,0,1,6,0,0,0,200,200,200
435090,1,30,1,2,0,3,10,5,0,200,200,0,0,0,200,0,200,200,200,200,200
435093,0,30,0,0,2,3,7,6,0,0,0,0,0,2,200,200,200,200,200,200,200
435105,0,25,0,0,0,3,2,3,0,0,0,0,0,1,9,0,200,0,0,200,200
435105,1,25,0,0,0,3,2,3,0,0,0,0,0,0,9,0,200,200,200,200,200
435106,0,0,0,0,0,1,7,6,0,0,0,11,200,1,6,200,6,0,0,200,200
435109,0,30,0,0,0,1,7,5,0,0,200,0,200,2,200,200,200,200,200,200,200
435110,0,30,0,0,0,1,7,5,0,0,0,0,0,1,6,0,12,0,0,200,200
435115,0,30,0,0,0,1,2,6,0,0,1,29,200,1,5,0,0,0,0,200,200
435115,3,30,0,0,0,1,2,6,0,0,1,29,200,200,200,200,200,200,200,200,200
435120,0,15,0,0,0,1,2,0,0,0,0,12,16,0,7,0,12,0,0,200,200
435120,1,15,0,0,0,1,2,0,0,0,0,12,16,1,7,0,200,200,200,200,200
435125,0,30,0,0,0,3,14,0,0,0,0,11,0,0,7,200,12,1,200,200,200
435125,0,30,0,0,0,3,14,0,0,0,0,11,0,0,6,0,0,0,0,200,200
435126,0,30,0,0,0,1,0,5,0,0,0,0,200,1,5,0,1,0,0,200,200
435126,0,30,0,0,0,1,0,5,0,0,0,0,200,1,6,0,1,0,200,200,200
435130,0,30,1,2,0,1,10,5,0,0,0,0,0,1,7,200,200,200,200,200,200
435130,0,30,1,2,0,1,10,5,0,0,0,0,0,1,6,0,0,0,0,200,200
435131,0,30,0,0,0,1,14,1,0,0,0,3,0,0,7,0,1,0,0,200,200
435131,0,30,0,0,0,1,14,1,0,0,0,3,0,0,6,0,1,0,0,200,200
435134,0,30,1,2,0,1,12,2,0,0,0,11,0,0,7,0,14,200,0,200,200
435134,0,30,1,2,0,1,12,2,0,0,0,11,0,0,200,200,200,200,200,200,200
435135,0,30,0,0,0,1,12,12,0,0,0,21,0,1,6,200,4,200,200,200,200
435135,0,30,0,0,0,1,12,12,0,0,0,21,0,1,7,200,200,200,0,200,200
435137,0,15,0,0,0,1,7,0,0,0,0,200,200,0,200,0,12,0,0,200,200
435139,0,30,200,200,0,1,10,7,0,0,0,20,200,0,200,200,6,200,200,200,200
435139,0,30,200,200,0,1,10,7,0,0,0,20,200,1,8,200,0,200,0,200,200
435139,1,30,200,200,0,1,10,7,0,0,0,20,200,0,6,200,200,200,200,200,200
435140,0,30,0,0,0,1,7,5,0,0,200,0,200,2,200,200,200,200,200,200,200
435142,0,30,0,0,0,1,7,7,0,0,0,0,200,2,200,200,200,200,200,200,200
435144,0,30,1,2,0,1,5,5,0,0,0,200,200,0,8,0,0,0,0,200,200
435152,0,30,1,2,0,1,14,2,0,0,0,6,17,1,7,0,5,0,0,200,200
435152,0,30,1,2,0,1,14,2,0,0,0,6,17,0,6,0,0,0,0,200,200
435156,0,30,12,12,0,1,12,2,0,0,0,11,200,0,0,0,12,0,0,200,200
435156,0,30,12,12,0,1,12,2,0,0,0,11,200,0,6,0,0,0,0,200,200
435160,0,45,0,0,0,1,10,3,0,0,0,27,21,0,200,200,4,200,12,200,200
435160,0,45,0,0,0,1,10,3,0,0,0,27,21,1,5,0,0,0,0,200,200
435160,1,45,0,0,0,1,10,3,0,0,0,27,21,200,200,200,200,200,200,200,200
435168,0,30,0,0,0,1,9,5,2,0,0,17,200,0,200,200,1,200,200,200,200
435168,5,30,0,0,0,1,9,5,2,0,0,17,200,0,4,7,0,12,0,200,200
435169,0,25,0,0,0,1,7,7,0,0,0,200,200,0,200,200,200,200,200,200,200
435173,4,30,0,0,0,1,8,5,0,0,0,0,11,1,6,2,0,0,0,200,200
435173,1,30,0,0,0,1,8,5,0,0,0,0,11,0,6,0,200,200,200,200,200
435182,0,30,0,0,0,1,14,5,0,0,200,17,17,0,5,200,1,200,0,200,200
435182,0,30,0,0,0,1,14,5,0,0,200,17,17,0,5,200,0,200,0,200,200
435182,1,30,0,0,0,1,14,5,0,0,200,17,17,0,1,5,200,200,200,200,200
435184,0,30,0,0,0,1,0,3,0,0,0,0,0,0,5,0,200,0,0,200,200
435184,0,30,0,0,0,1,0,3,0,0,0,0,0,1,5,0,200,0,0,200,200
435186,0,30,0,0,0,1,12,5,0,0,0,21,0,0,6,0,0,0,0,200,200
435186,0,30,0,0,0,1,12,5,0,0,0,21,0,0,7,0,0,0,0,200,200
435188,0,30,1,2,0,1,2,5,0,0,0,200,200,0,7,0,200,0,0,200,200
435191,0,30,0,0,0,1,8,5,0,0,0,0,0,1,200,200,200,200,200,200,200
435191,4,30,0,0,0,1,8,5,0,0,0,0,0,1,4,7,0,0,0,200,200
435198,0,15,0,0,0,1,7,6,0,0,0,0,0,2,200,200,200,200,200,200,200
435199,0,30,0,0,200,200,7,5,0,200,200,17,200,2,200,200,1,200,200,200,200
435204,0,30,0,0,0,1,12,5,0,0,0,17,0,0,200,200,1,200,200,200,200
435204,0,30,0,0,0,1,12,5,0,0,0,17,0,0,7,200,0,0,0,200,200
435209,0,30,1,2,0,1,12,3,0,0,0,21,16,0,200,200,1,0,0,200,200
435209,0,30,1,2,0,1,12,3,0,0,0,21,16,0,5,200,0,0,0,200,200
435209,1,30,1,2,0,1,12,3,0,0,0,21,16,0,200,200,200,200,200,200,200
435213,0,30,0,0,0,1,11,5,0,0,200,4,16,0,0,0,200,200,200,200,200
435213,0,30,0,0,0,1,11,5,0,0,200,4,16,0,6,0,0,0,0,200,200
435218,0,30,1,2,0,1,14,2,0,0,0,21,200,1,6,1,12,0,0,200,200
435218,0,30,1,2,0,1,14,2,0,0,0,21,200,0,6,0,0,0,0,200,200
435218,1,30,1,2,0,1,14,2,0,0,0,21,200,0,200,0,200,200,200,200,200
435218,1,30,1,2,0,1,14,2,0,0,0,21,200,1,200,0,200,200,200,200,200
435220,0,30,0,0,0,1,14,5,0,0,0,23,17,0,7,0,7,0,0,200,200
435220,0,30,0,0,0,1,14,5,0,0,0,23,17,0,6,0,0,0,0,200,200
435226,0,30,1,2,0,1,10,5,2,0,3,18,16,1,200,200,3,200,200,200,200
435226,0,30,1,2,0,1,10,5,2,0,3,18,16,0,7,0,0,0,0,200,200
435229,0,30,2,200,0,1,14,5,0,200,200,17,200,0,6,200,1,0,0,200,200
435229,0,30,2,200,0,1,14,5,0,200,200,17,200,0,7,200,0,0,0,200,200
435229,1,30,2,200,0,1,14,5,0,200,200,17,200,1,7,200,200,200,200,200,200
435232,0,25,1,2,0,1,10,5,0,0,0,18,16,0,4,0,3,0,0,200,200
435232,0,25,1,2,0,1,10,5,0,0,0,18,16,1,6,0,0,0,0,200,200
435233,0,30,0,0,0,1,10,2,0,0,0,18,0,0,200,200,3,200,200,200,200
435233,0,30,0,0,0,1,10,2,0,0,0,18,0,0,7,0,0,200,0,200,200
435236,0,30,0,0,0,0,2,6,0,0,0,0,200,2,200,200,200,200,200,200,200
435239,0,30,2,2,0,1,0,6,0,0,0,11,16,0,6,200,12,200,200,200,200
435239,0,30,2,2,0,1,0,6,0,0,0,11,16,0,4,200,0,200,200,200,200
435242,0,30,1,2,0,1,10,6,0,0,0,16,0,0,200,200,8,200,200,200,200
435242,0,30,1,2,0,1,10,6,0,0,0,16,0,0,6,200,0,0,0,200,200
435242,1,30,1,2,0,1,10,6,0,0,0,16,0,0,5,200,200,200,200,200,200
435242,1,30,1,2,0,1,10,6,0,0,0,16,0,1,6,200,200,200,200,200,200
435243,0,30,0,0,0,1,12,5,0,0,0,25,22,1,200,200,2,200,200,200,200
435243,0,30,0,0,0,1,12,5,0,0,0,25,22,1,5,0,0,0,0,200,200
435243,1,30,0,0,0,1,12,5,0,0,0,25,22,1,4,0,200,200,200,200,200
435243,1,30,0,0,0,1,12,5,0,0,0,25,22,200,200,200,200,200,200,200,200
435244,0,30,1,2,0,1,12,2,0,0,200,17,7,1,5,0,1,0,0,200,200
435244,0,30,1,2,0,1,12,2,0,0,200,17,7,1,7,0,0,0,0,200,200
435246,0,10,3,2,0,1,7,7,0,0,0,0,0,2,200,200,200,200,200,200,200
435250,0,30,0,0,200,200,14,2,0,200,200,17,200,0,200,200,1,200,200,200,200
435250,0,30,0,0,200,200,14,2,0,200,200,17,200,0,6,0,0,0,0,200,200
435251,0,30,1,2,0,1,12,3,0,0,0,0,0,0,200,200,4,200,200,200,200
435251,0,30,1,2,0,1,12,3,0,0,0,0,0,1,6,0,0,0,0,200,200
435251,1,30,1,2,0,1,12,3,0,0,0,0,0,1,200,0,200,200,200,200,200
435253,0,30,0,0,0,3,0,7,0,0,0,17,200,0,5,0,1,0,0,200,200
435253,0,30,0,0,0,3,0,7,0,0,0,17,200,1,5,200,0,200,0,200,200
435255,0,30,0,0,0,1,12,5,0,0,0,21,21,0,8,0,4,0,0,200,200
435255,0,30,0,0,0,1,12,5,0,0,0,21,21,0,7,7,0,0,0,200,200
435258,0,30,1,2,0,4,10,5,0,0,0,18,0,0,6,200,3,200,200,200,200
435258,0,30,1,2,0,4,10,5,0,0,0,18,0,1,7,200,0,0,0,200,200
435259,0,30,0,0,0,1,7,7,0,0,0,0,200,2,200,200,200,200,200,200,200
435260,0,30,1,2,0,1,14,5,0,0,0,23,0,1,200,200,200,200,200,200,200
435260,0,30,1,2,0,1,14,5,0,0,0,23,0,0,6,0,7,0,0,200,200
435261,0,30,2,2,0,1,0,5,0,0,0,200,200,0,7,0,200,0,0,200,200
435261,0,30,2,2,0,1,0,5,0,0,0,200,200,0,6,0,200,0,0,200,200
435264,0,30,0,0,0,1,10,12,0,0,0,20,20,0,7,200,6,12,0,200,200
435264,0,30,0,0,0,1,10,12,0,0,0,20,20,0,6,0,0,12,0,200,200
435273,0,30,0,0,0,3,7,5,0,0,0,0,0,2,200,200,200,200,200,200,200
435274,0,30,0,0,0,1,10,5,0,0,0,18,200,1,200,200,3,0,0,200,200
435274,0,30,0,0,0,1,10,5,0,0,0,18,200,1,8,0,0,0,0,200,200
435276,0,30,1,2,0,1,10,2,0,0,0,18,200,1,5,0,0,200,0,200,200
435276,0,30,1,2,0,1,10,2,0,0,0,18,200,1,7,0,3,0,0,200,200
435278,0,30,0,0,0,1,10,5,0,0,0,18,16,0,200,200,3,200,0,200,200
435278,0,30,0,0,0,1,10,5,0,0,0,18,16,1,6,0,0,0,0,200,200
435278,0,30,0,0,0,1,10,5,0,0,0,18,16,1,6,0,0,0,0,200,200
435278,1,30,0,0,0,1,10,5,0,0,0,18,16,1,200,0,200,200,200,200,200
435282,0,30,1,2,0,1,10,5,0,0,0,18,200,1,5,200,3,0,0,200,200
435282,0,30,1,2,0,1,10,5,0,0,0,18,200,0,7,200,0,0,0,200,200
435282,1,30,1,2,0,1,10,5,0,0,0,18,200,0,7,200,200,200,200,200,200
435283,0,30,0,0,0,1,0,5,2,0,0,17,11,1,8,0,1,200,0,200,200
435283,0,30,0,0,0,1,0,5,2,0,0,17,11,1,8,0,0,0,0,200,200
435286,0,30,0,0,0,1,7,5,0,0,0,200,200,0,6,0,12,0,0,200,200
435291,0,30,0,0,0,1,10,5,0,0,0,18,200,2,200,200,200,200,200,200,200
435291,0,30,0,0,0,1,10,5,0,0,0,18,200,1,6,0,0,0,0,200,200
435300,0,30,0,0,0,1,12,5,0,0,0,21,200,1,3,0,4,200,0,200,200
435300,0,30,0,0,0,1,12,5,0,0,0,21,200,0,5,0,0,0,0,200,200
435306,0,35,1,2,0,1,10,5,0,0,0,0,0,0,6,0,200,200,200,200,200
435306,0,35,1,2,0,1,10,5,0,0,0,0,0,1,6,0,0,0,0,200,200
435307,0,30,0,0,0,1,14,2,0,0,0,0,0,0,5,0,12,0,0,200,200
435307,0,30,0,0,0,1,14,2,0,0,0,0,0,1,6,0,0,0,0,200,200
435307,0,30,0,0,0,1,14,2,0,0,0,0,0,1,5,0,0,0,0,200,200
435308,0,35,2,2,0,1,12,3,0,0,0,0,0,0,200,200,200,200,200,200,200
435308,0,35,2,2,0,1,12,3,0,0,0,0,0,0,9,0,0,0,0,200,200
435315,0,30,0,0,0,1,0,7,0,0,200,20,0,0,200,200,6,200,200,200,200
435315,0,30,0,0,0,1,0,7,0,0,200,20,0,1,8,0,0,0,0,200,200
435316,0,20,3,2,0,1,7,6,0,0,0,200,200,0,7,0,0,0,0,200,200
435317,0,30,0,0,0,1,7,5,0,0,0,0,0,0,200,200,200,200,200,200,200
435319,0,30,2,2,0,1,7,2,0,0,0,0,0,1,200,200,2,200,200,200,200
435321,0,30,0,0,0,1,12,6,0,0,0,0,200,0,3,200,200,0,0,200,200
435321,0,30,0,0,0,1,12,6,0,0,0,0,200,0,7,7,200,0,0,200,200
435325,0,30,2,2,0,1,9,5,0,0,0,17,200,0,6,0,1,0,0,200,200
435325,5,30,2,2,0,1,9,5,0,0,0,17,200,1,7,7,0,0,0,200,200
435327,0,30,1,2,0,1,14,5,0,0,0,17,23,1,200,200,5,200,200,200,200
435327,0,30,1,2,0,1,14,5,0,0,0,17,23,1,6,0,0,0,0,200,200
435328,0,25,1,2,0,1,14,5,0,0,0,200,200,0,7,200,200,0,0,200,200
435328,0,25,1,2,0,1,14,5,0,0,0,200,200,0,5,200,0,0,0,200,200
435331,0,30,1,2,0,1,0,2,0,0,0,8,25,0,5,200,12,200,7,200,200
435331,0,30,1,2,0,1,0,2,0,0,0,8,25,0,6,0,0,0,0,200,200
435331,0,30,1,2,0,1,0,2,0,0,0,8,25,0,6,0,0,0,0,200,200
435331,1,30,1,2,0,1,0,2,0,0,0,8,25,0,5,200,200,200,200,200,200
435332,0,30,0,0,0,1,10,12,0,0,0,18,11,0,7,0,3,0,0,200,200
435332,0,30,0,0,0,1,10,12,0,0,0,18,11,1,5,0,0,0,0,200,200
435332,1,30,0,0,0,1,10,12,0,0,0,18,11,1,7,0,200,200,200,200,200
435333,0,30,0,0,0,1,10,5,0,0,0,18,16,0,6,0,1,0,0,200,200
435333,0,30,0,0,0,1,10,5,0,0,0,18,16,1,4,0,0,0,0,200,200
435337,0,30,0,0,0,1,11,5,0,0,0,20,0,0,6,200,6,200,0,200,200
435337,0,30,0,0,0,1,11,5,0,0,0,20,0,0,7,0,0,0,0,200,200
435338,0,30,0,0,0,1,12,6,0,0,0,0,0,1,7,0,12,0,0,200,200
435338,0,30,0,0,0,1,12,6,0,0,0,0,0,0,7,0,12,0,0,200,200
435345,0,30,2,2,0,1,7,5,0,0,0,16,0,0,6,200,1,12,0,200,200
435345,1,30,2,2,0,1,7,5,0,0,0,16,0,0,3,200,200,200,200,200,200
435347,0,30,1,2,0,1,12,5,0,0,0,0,0,0,5,200,200,200,200,200,200
435347,0,30,1,2,0,1,12,5,0,0,0,0,0,0,7,200,200,200,0,200,200
435348,0,35,0,0,0,1,12,2,0,0,0,0,200,1,8,0,0,0,0,200,200
435348,0,35,0,0,0,1,12,2,0,0,0,0,200,0,5,0,0,0,0,200,200
435350,0,30,0,0,0,1,0,6,0,0,0,200,200,1,200,200,1,200,200,200,200
435350,0,30,0,0,0,1,0,6,0,0,0,200,200,0,6,2,0,0,0,200,200
435350,1,30,0,0,0,1,0,6,0,0,0,200,200,1,6,2,200,200,200,200,200
435353,0,30,0,0,0,1,7,6,0,0,0,11,200,1,5,200,12,0,0,200,200
435354,0,30,2,2,0,1,7,5,0,0,0,0,200,2,200,200,200,200,200,200,200
435355,0,30,2,2,0,1,0,5,0,0,0,5,200,1,4,200,5,0,0,200,200
435355,0,30,2,2,0,1,0,5,0,0,0,5,200,1,7,7,0,0,0,200,200
435356,0,35,1,2,0,1,14,5,0,0,0,0,0,0,7,0,0,0,0,200,200
435356,0,35,1,2,0,1,14,5,0,0,0,0,0,1,200,200,200,200,200,200,200
435359,0,30,1,2,0,1,10,5,0,0,0,12,200,0,5,0,12,0,0,200,200
435359,0,30,1,2,0,1,10,5,0,0,0,12,200,0,6,0,0,0,0,200,200
435359,1,30,1,2,0,1,10,5,0,0,0,12,200,1,5,0,200,200,200,200,200
435367,0,30,1,2,0,1,12,5,0,0,0,22,16,1,9,200,4,200,0,200,200
435367,0,30,1,2,0,1,12,5,0,0,0,22,16,1,5,0,0,0,0,200,200
435372,0,30,1,2,0,1,12,5,0,0,0,22,3,0,5,200,2,0,0,200,200
435372,0,30,1,2,0,1,12,5,0,0,0,22,3,0,5,200,0,0,0,200,200
435377,0,30,1,2,0,1,10,3,0,0,0,18,200,0,7,0,3,0,0,200,200
435377,0,30,1,2,0,1,10,3,0,0,0,18,200,0,7,0,0,0,0,200,200
435377,1,30,1,2,0,1,10,3,0,0,0,18,200,1,7,0,200,200,200,200,200
435378,0,30,0,0,0,1,14,5,0,0,0,17,200,1,6,200,1,200,200,200,200
435378,0,30,0,0,0,1,14,5,0,0,0,17,200,1,5,200,0,0,0,200,200
435381,0,30,0,0,0,1,12,5,0,200,200,200,200,0,7,0,12,200,200,200,200
435381,0,30,0,0,0,1,12,5,0,200,200,200,200,0,5,0,0,0,200,200,200
435381,1,30,0,0,0,1,12,5,0,200,200,200,200,1,200,0,200,200,200,200,200
435384,0,30,1,2,0,1,14,6,0,0,0,23,200,0,200,0,7,0,0,200,200
435384,0,30,1,2,0,1,14,6,0,0,0,23,200,0,6,0,0,0,0,200,200
435384,1,30,1,2,0,1,14,6,0,0,0,23,200,0,200,0,200,200,200,200,200
435385,0,30,0,0,0,3,10,5,0,0,200,18,200,0,200,200,3,200,200,200,200
435385,0,30,0,0,0,3,10,5,0,0,200,18,200,0,6,200,0,200,200,200,200
435387,0,30,0,0,0,1,2,5,0,0,0,0,0,0,5,200,200,200,0,200,200
435391,0,30,0,0,0,1,10,12,0,0,0,11,11,1,200,200,6,200,200,200,200