RD_NO,PERSON_TYPE,POSTED_SPEED_LIMIT,TRAFFIC_CONTROL_DEVICE,DEVICE_CONDITION,WEATHER_CONDITION,LIGHTING_CONDITION,FIRST_CRASH_TYPE,TRAFFICWAY_TYPE,ALIGNMENT,ROADWAY_SURFACE_COND,ROAD_DEFECT,PRIM_CONTRIBUTORY_CAUSE,SEC_CONTRIBUTORY_CAUSE,SEX,AGE,SAFETY_EQUIPMENT,DRIVER_ACTION,DRIVER_VISION,PHYSICAL_CONDITION,BAC_RESULT VALUE,CELL_PHONE_USE
435391,0,30,0,0,0,1,10,12,0,0,0,11,11,0,5,0,12,0,0,200,200
435392,0,35,1,2,0,1,10,2,0,0,0,22,0,0,7,200,2,200,200,200,200
435392,0,35,1,2,0,1,10,2,0,0,0,22,0,1,6,0,0,0,0,200,200
435395,0,30,0,0,0,1,12,2,0,200,200,17,17,0,5,0,1,200,200,200,200
435395,0,30,0,0,0,1,12,2,0,200,200,17,17,0,6,200,12,200,200,200,200
435399,0,30,0,2,0,1,10,5,0,0,0,22,200,1,7,200,2,0,0,200,200
435399,0,30,0,2,0,1,10,5,0,0,0,22,200,1,6,0,0,0,0,200,200
435401,0,30,0,0,0,1,10,2,0,0,0,18,200,1,4,0,3,0,0,200,200
435401,0,30,0,0,0,1,10,2,0,0,0,18,200,0,6,1,0,0,0,200,200
435401,1,30,0,0,0,1,10,2,0,0,0,18,200,0,200,5,200,200,200,200,200
435402,0,30,0,0,0,1,10,5,0,0,0,0,0,0,200,200,12,200,200,200,200
435402,0,30,0,0,0,1,10,5,0,0,0,0,0,1,200,200,0,0,0,200,200
435402,1,30,0,0,0,1,10,5,0,0,0,0,0,0,200,200,200,200,200,200,200
435406,0,30,0,0,0,1,14,2,0,0,0,200,200,1,9,200,200,200,0,200,200
435406,0,30,0,0,0,1,14,2,0,0,0,200,200,1,6,200,200,200,200,200,200
435408,0,30,0,0,0,1,14,5,0,0,0,17,200,0,0,0,200,0,0,200,200
435408,0,30,0,0,0,1,14,5,0,0,0,17,200,1,6,0,200,0,0,200,200
435413,0,30,2,2,0,1,0,5,0,0,0,0,200,1,200,200,200,200,200,200,200
435413,0,30,2,2,0,1,0,5,0,0,0,0,200,0,8,0,0,0,0,200,200
435419,0,30,0,0,0,1,11,5,0,0,0,0,0,2,200,200,200,200,200,200,200
435419,0,30,0,0,0,1,11,5,0,0,0,0,0,1,6,0,0,0,0,200,200
435419,1,30,0,0,0,1,11,5,0,0,0,0,0,2,200,200,200,200,200,200,200
435419,1,30,0,0,0,1,11,5,0,0,0,0,0,0,200,0,200,200,200,200,200
435419,1,30,0,0,0,1,11,5,0,0,0,0,0,1,200,0,200,200,200,200,200
435419,1,30,0,0,0,1,11,5,0,0,0,0,0,0,200,0,200,200,200,200,200
435419,1,30,0,0,0,1,11,5,0,0,0,0,0,1,200,0,200,200,200,200,200
435429,0,30,1,2,0,1,14,5,0,0,200,23,23,0,7,0,7,0,0,200,200
435429,0,30,1,2,0,1,14,5,0,0,200,23,23,0,5,200,0,0,0,200,200
435430,0,30,0,0,0,1,0,2,0,0,0,0,200,1,200,0,200,0,0,200,200
435430,0,30,0,0,0,1,0,2,0,0,0,0,200,1,200,0,0,0,0,200,200
435435,0,30,0,0,0,1,10,5,0,0,0,18,200,0,200,200,3,200,200,200,200
435435,0,30,0,0,0,1,10,5,0,0,0,18,200,1,6,0,0,0,0,200,200
435435,1,30,0,0,0,1,10,5,0,0,0,18,200,0,3,0,200,200,200,200,200
435437,0,30,2,200,0,1,0,5,0,0,200,17,200,1,200,200,1,200,200,200,200
435437,0,30,2,200,0,1,0,5,0,0,200,17,200,1,6,200,0,200,200,200,200
435440,0,30,1,2,0,1,10,12,0,0,0,18,11,1,5,0,3,0,0,200,200
435440,0,30,1,2,0,1,10,12,0,0,0,18,11,1,7,0,0,0,0,200,200
435442,0,25,0,0,0,1,2,6,0,0,0,0,200,0,6,200,12,200,7,200,200
435443,0,35,1,2,0,1,10,5,0,0,200,8,16,0,4,0,12,0,0,200,200
435443,0,35,1,2,0,1,10,5,0,0,200,8,16,1,6,0,0,0,0,200,200
435443,1,35,1,2,0,1,10,5,0,0,200,8,16,1,8,0,200,200,200,200,200
435445,0,25,0,0,0,1,12,6,0,0,0,21,200,1,6,200,4,200,200,200,200
435445,0,25,0,0,0,1,12,6,0,0,0,21,200,1,6,0,0,0,0,200,200
435446,0,30,0,0,0,1,10,2,0,0,0,18,200,1,200,200,3,200,200,200,200
435446,0,30,0,0,0,1,10,2,0,0,0,18,200,0,6,200,0,200,0,200,200
435448,0,30,0,0,0,1,12,5,0,0,200,22,200,1,6,200,0,200,200,200,200
435448,0,30,0,0,0,1,12,5,0,0,200,22,200,1,6,200,0,200,2,200,200
435449,0,30,0,0,0,1,12,2,0,0,0,22,0,1,200,0,2,0,0,200,200
435449,0,30,0,0,0,1,12,2,0,0,0,22,0,0,8,0,12,0,0,200,200
435449,1,30,0,0,0,1,12,2,0,0,0,22,0,0,200,0,200,200,200,200,200
435449,1,30,0,0,0,1,12,2,0,0,0,22,0,0,200,0,200,200,200,200,200
435452,0,30,1,2,0,1,7,2,0,0,0,27,11,0,5,200,12,0,4,200,200
435452,1,30,1,2,0,1,7,2,0,0,0,27,11,1,4,1,200,200,200,200,200
435459,0,30,1,2,0,1,14,5,0,0,0,18,18,0,7,0,3,0,0,200,200
435459,0,30,1,2,0,1,14,5,0,0,0,18,18,0,6,0,0,0,0,200,200
435459,0,30,1,2,0,1,14,5,0,0,0,18,18,0,5,0,0,0,0,200,200
435461,0,30,1,2,0,1,12,5,0,0,0,0,200,0,6,0,4,0,0,200,200
435461,0,30,1,2,0,1,12,5,0,0,0,0,200,0,200,200,0,200,200,200,200
435465,0,30,2,2,0,1,10,5,0,0,0,20,200,0,5,200,6,0,0,200,200
435465,0,30,2,2,0,1,10,5,0,0,0,20,200,0,7,200,0,0,0,200,200
435465,1,30,2,2,0,1,10,5,0,0,0,20,200,0,200,200,200,200,200,200,200
435473,0,30,0,0,0,1,10,5,0,0,200,0,0,1,5,0,200,200,200,200,200
435473,0,30,0,0,0,1,10,5,0,0,200,0,0,1,6,0,200,200,200,200,200
435480,0,30,0,0,0,1,5,12,0,0,0,11,0,0,6,0,12,0,0,200,200
435482,0,30,1,2,0,1,14,5,0,0,0,0,200,1,8,0,5,200,200,200,200
435482,0,30,1,2,0,1,14,5,0,0,0,0,200,0,6,0,0,0,0,200,200
435483,0,30,1,2,0,1,14,6,0,0,0,23,0,0,5,0,7,0,0,200,200
435483,0,30,1,2,0,1,14,6,0,0,0,23,0,1,7,0,0,0,0,200,200
435483,1,30,1,2,0,1,14,6,0,0,0,23,0,1,6,0,200,200,200,200,200
435483,1,30,1,2,0,1,14,6,0,0,0,23,0,1,200,0,200,200,200,200,200
435483,1,30,1,2,0,1,14,6,0,0,0,23,0,1,200,0,200,200,200,200,200
435483,1,30,1,2,0,1,14,6,0,0,0,23,0,0,200,0,200,200,200,200,200
435483,1,30,1,2,0,1,14,6,0,0,0,23,0,0,200,0,200,200,200,200,200
435485,0,30,0,0,0,1,7,2,0,0,0,0,0,0,8,0,200,200,0,200,200
435486,0,30,2,2,0,1,8,2,0,0,0,17,200,1,6,0,1,0,0,200,200
435486,4,30,2,2,0,1,8,2,0,0,0,17,200,1,5,3,0,0,0,200,200
435489,0,30,1,2,0,1,10,2,0,0,0,18,0,1,200,200,3,200,200,200,200
435489,0,30,1,2,0,1,10,2,0,0,0,18,0,0,6,0,12,0,0,200,200
435492,0,30,1,2,0,1,14,2,0,0,0,17,17,0,7,0,1,0,0,200,200
435492,0,30,1,2,0,1,14,2,0,0,0,17,17,0,5,0,1,0,0,200,200
435492,1,30,1,2,0,1,14,2,0,0,0,17,17,0,200,0,200,200,200,200,200
435492,1,30,1,2,0,1,14,2,0,0,0,17,17,1,200,0,200,200,200,200,200
435493,0,30,0,0,0,1,14,5,0,0,0,0,200,0,200,200,200,200,200,200,200
435493,0,30,0,0,0,1,14,5,0,0,0,0,200,0,6,0,0,0,0,200,200
435494,0,30,0,0,0,1,10,5,0,0,0,18,0,1,6,0,3,0,0,200,200
435494,0,30,0,0,0,1,10,5,0,0,0,18,0,0,7,0,0,0,0,200,200
435495,0,30,0,0,0,1,10,5,0,200,200,0,0,0,200,200,200,200,200,200,200
435495,0,30,0,0,0,1,10,5,0,200,200,0,0,0,7,0,0,0,200,200,200
435496,0,30,2,200,0,1,3,6,0,200,200,20,200,0,6,200,6,200,200,200,200
435496,0,30,2,200,0,1,3,6,0,200,200,20,200,0,5,200,0,0,200,200,200
435499,0,30,0,0,0,1,12,2,0,0,0,22,200,1,6,200,2,0,200,200,200
435499,0,30,0,0,0,1,12,2,0,0,0,22,200,0,5,200,0,0,0,200,200
435501,0,30,1,2,0,1,14,8,0,0,0,23,17,0,7,0,7,0,0,200,200
435501,0,30,1,2,0,1,14,8,0,0,0,23,17,0,6,0,0,0,0,200,200
435501,1,30,1,2,0,1,14,8,0,0,0,23,17,1,5,0,200,200,200,200,200
435501,1,30,1,2,0,1,14,8,0,0,0,23,17,1,5,200,200,200,200,200,200
435501,1,30,1,2,0,1,14,8,0,0,0,23,17,0,1,0,200,200,200,200,200
435503,0,30,2,1,0,1,10,5,0,0,0,7,6,1,4,0,12,1,0,200,200
435503,0,30,2,1,0,1,10,5,0,0,0,7,6,0,6,0,0,0,0,200,200
435503,1,30,2,1,0,1,10,5,0,0,0,7,6,0,5,0,200,200,200,200,200
435505,0,30,0,0,200,200,7,5,0,200,200,17,200,1,200,200,1,200,200,200,200
435509,4,30,0,0,0,1,8,5,0,0,0,17,200,200,200,7,200,200,200,200,200
435514,0,30,2,2,0,1,14,5,0,0,0,0,0,0,6,0,7,0,0,200,200
435514,0,30,2,2,0,1,14,5,0,0,0,0,0,0,7,0,7,0,0,200,200
435516,0,30,0,0,0,3,7,5,0,0,0,0,0,2,200,200,200,200,200,200,200
435518,0,30,1,2,0,1,12,5,0,0,0,22,200,0,200,200,3,200,200,200,200
435518,0,30,1,2,0,1,12,5,0,0,0,22,200,1,6,0,0,0,0,200,200
435519,0,30,2,2,0,1,0,2,0,0,0,17,0,1,200,200,1,200,200,200,200
435519,0,30,2,2,0,1,0,2,0,0,0,17,0,0,7,0,0,0,0,200,200
435520,0,10,0,0,0,1,7,12,0,0,0,25,200,1,200,200,12,200,200,200,200
435523,0,30,0,0,0,1,10,5,0,0,0,18,200,0,200,200,3,200,200,200,200
435523,0,30,0,0,0,1,10,5,0,0,0,18,200,1,6,0,0,0,0,200,200
435524,0,0,0,0,0,0,7,7,0,0,200,0,0,2,200,200,200,200,200,200,200
435528,0,30,200,200,0,1,8,12,0,0,0,17,0,1,200,200,12,200,200,200,200
435528,4,30,200,200,0,1,8,12,0,0,0,17,0,1,5,200,12,200,0,200,200
435529,0,30,1,2,0,1,3,5,0,0,0,17,17,2,7,200,12,200,200,200,200
435529,0,30,1,2,0,1,3,5,0,0,0,17,17,0,6,0,1,0,0,200,200
435529,0,30,1,2,0,1,3,5,0,0,0,17,17,2,5,200,12,200,200,200,200
435530,0,30,1,2,0,1,10,5,0,0,0,16,200,0,5,200,200,200,200,200,200
435530,0,30,1,2,0,1,10,5,0,0,0,16,200,1,6,200,0,200,200,200,200
435530,0,30,1,2,0,1,10,5,0,0,0,16,200,0,5,200,0,200,200,200,200
435530,0,30,1,2,0,1,10,5,0,0,0,16,200,0,6,200,0,200,200,200,200
435530,1,30,1,2,0,1,10,5,0,0,0,16,200,0,5,200,200,200,200,200,200
435530,1,30,1,2,0,1,10,5,0,0,0,16,200,0,2,200,200,200,200,200,200
435530,1,30,1,2,0,1,10,5,0,0,0,16,200,1,6,200,200,200,200,200,200
435530,1,30,1,2,0,1,10,5,0,0,0,16,200,1,5,200,200,200,200,200,200
435530,1,30,1,2,0,1,10,5,0,0,0,16,200,1,5,200,200,200,200,200,200
435530,1,30,1,2,0,1,10,5,0,0,0,16,200,1,5,200,200,200,200,200,200
435530,1,30,1,2,0,1,10,5,0,0,0,16,200,1,5,200,200,200,200,200,200
435530,1,30,1,2,0,1,10,5,0,0,0,16,200,0,2,200,200,200,200,200,200
435530,1,30,1,2,0,1,10,5,0,0,0,16,200,1,2,200,200,200,200,200,200
435533,0,30,0,0,0,1,7,5,0,0,0,200,200,2,200,200,200,200,200,200,200
435534,0,30,0,0,0,1,10,5,0,0,0,17,18,0,200,200,1,200,200,200,200
435534,0,30,0,0,0,1,10,5,0,0,0,17,18,0,0,0,0,0,0,200,200
435537,0,20,0,0,0,1,0,7,0,0,0,17,200,0,6,0,1,0,0,200,200
435537,0,20,0,0,0,1,0,7,0,0,0,17,200,1,6,0,0,0,0,200,200
435538,0,5,0,0,0,1,10,12,2,0,0,20,11,1,6,0,6,0,0,200,200
435538,0,5,0,0,0,1,10,12,2,0,0,20,11,1,6,0,0,0,0,200,200
435538,1,5,0,0,0,1,10,12,2,0,0,20,11,1,200,0,200,200,200,200,200
435538,1,5,0,0,0,1,10,12,2,0,0,20,11,1,200,0,200,200,200,200,200
435538,1,5,0,0,0,1,10,12,2,0,0,20,11,0,200,0,200,200,200,200,200
435542,0,30,1,2,0,1,10,2,0,0,0,27,0,1,8,0,12,0,4,200,200
435542,0,30,1,2,0,1,10,2,0,0,0,27,0,1,7,0,0,0,0,200,200
435542,1,30,1,2,0,1,10,2,0,0,0,27,0,0,3,7,200,200,200,200,200
435544,0,30,1,2,0,1,14,5,0,0,0,17,17,1,7,200,1,0,0,200,200
435544,0,30,1,2,0,1,14,5,0,0,0,17,17,0,5,200,15,0,0,200,1
435548,0,30,1,2,0,1,14,5,0,0,0,0,200,2,200,200,200,200,200,200,200
435548,0,30,1,2,0,1,14,5,0,0,0,0,200,0,4,0,200,0,0,200,200
435552,0,30,2,200,0,1,10,5,0,200,200,0,200,0,200,200,200,200,200,200,200
435552,0,30,2,200,0,1,10,5,0,200,200,0,200,1,5,200,0,0,0,200,200
435553,0,30,2,2,0,1,0,5,0,0,0,0,0,1,200,200,12,0,0,200,200
435553,0,30,2,2,0,1,0,5,0,0,0,0,0,0,200,200,0,200,200,200,200
435558,0,30,0,0,0,1,14,5,0,200,200,0,0,2,200,200,200,200,200,200,200
435558,0,30,0,0,0,1,14,5,0,200,200,0,0,0,6,0,0,0,200,200,200
435562,0,30,0,0,0,1,14,5,0,0,0,17,16,0,200,200,0,200,0,200,200
435562,0,30,0,0,0,1,14,5,0,0,0,17,16,1,6,0,1,0,0,200,200
435564,0,30,1,1,0,1,14,3,0,0,0,23,21,0,6,200,7,0,0,200,200
435564,0,30,1,1,0,1,14,3,0,0,0,23,21,0,5,0,12,0,0,200,200
435565,0,30,3,2,0,1,14,2,0,0,0,21,21,0,7,200,7,200,0,200,200
435565,0,30,3,2,0,1,14,2,0,0,0,21,21,0,5,200,0,0,0,200,200
435566,0,40,0,0,0,1,3,3,0,0,0,21,200,0,5,0,4,0,0,200,200
435566,0,40,0,0,0,1,3,3,0,0,0,21,200,0,6,0,0,0,0,200,200
435566,0,40,0,0,0,1,3,3,0,0,0,21,200,0,4,0,0,0,0,200,200
435566,1,40,0,0,0,1,3,3,0,0,0,21,200,1,4,0,200,200,200,200,200
435568,0,5,0,0,0,1,7,7,0,0,0,23,200,1,200,200,7,200,200,200,200
435569,0,30,1,2,0,1,14,5,0,0,0,17,11,0,200,200,1,200,200,200,200
435569,0,30,1,2,0,1,14,5,0,0,0,17,11,0,6,0,0,0,0,200,200
435569,1,30,1,2,0,1,14,5,0,0,0,17,11,1,200,0,200,200,200,200,200
435571,0,30,2,2,0,1,0,5,0,0,0,17,17,1,200,0,1,200,0,200,200
435571,0,30,2,2,0,1,0,5,0,0,0,17,17,1,5,0,0,0,0,200,200
435571,1,30,2,2,0,1,0,5,0,0,0,17,17,0,200,0,200,200,200,200,200
435575,0,30,0,0,0,4,12,5,0,0,0,22,16,1,5,0,1,0,0,200,200
435575,0,30,0,0,0,4,12,5,0,0,0,22,16,0,200,200,0,200,0,200,200
435575,1,30,0,0,0,4,12,5,0,0,0,22,16,1,200,0,200,200,200,200,200
435575,1,30,0,0,0,4,12,5,0,0,0,22,16,0,200,0,200,200,200,200,200
435575,1,30,0,0,0,4,12,5,0,0,0,22,16,1,200,0,200,200,200,200,200
435575,1,30,0,0,0,4,12,5,0,0,0,22,16,0,200,0,200,200,200,200,200
435576,0,15,0,0,200,200,7,7,0,200,200,0,0,2,200,200,200,200,200,200,200
435581,0,30,1,2,0,1,12,6,0,200,200,22,200,0,6,200,2,200,0,200,200
435581,0,30,1,2,0,1,12,6,0,200,200,22,200,1,6,0,0,0,0,200,200
435581,1,30,1,2,0,1,12,6,0,200,200,22,200,0,5,0,200,200,200,200,200
435586,0,30,0,0,0,1,7,5,0,0,0,0,0,0,200,200,200,200,200,200,200
435586,1,30,0,0,0,1,7,5,0,0,0,0,0,1,200,0,200,200,200,200,200
435588,0,30,0,0,0,1,0,5,0,0,0,0,0,1,200,200,1,200,200,200,200
435588,0,30,0,0,0,1,0,5,0,0,0,0,0,0,5,7,0,0,0,200,200
435589,0,30,0,0,0,1,12,5,0,0,0,18,200,2,200,200,200,200,200,200,200
435589,0,30,0,0,0,1,12,5,0,0,0,18,200,0,6,0,0,0,0,200,200
435590,0,30,0,0,0,4,7,5,0,0,0,0,200,2,200,200,200,200,200,200,200
435592,0,30,0,0,0,1,0,6,0,0,0,0,0,1,200,200,1,200,200,200,200
435592,0,30,0,0,0,1,0,6,0,0,0,0,0,1,5,0,0,200,0,200,200
435593,0,30,0,0,0,3,7,2,0,0,200,0,0,0,200,200,6,200,200,200,200
435595,0,20,0,0,0,1,7,6,0,0,0,0,200,0,6,200,200,200,0,200,200
435598,0,30,0,0,0,1,7,5,0,0,1,0,0,1,6,0,200,0,200,200,200
435602,0,30,2,2,0,1,0,2,0,0,0,17,0,1,7,0,12,0,0,200,200
435602,0,30,2,2,0,1,0,2,0,0,0,17,0,0,6,0,1,0,0,200,200
435602,1,30,2,2,0,1,0,2,0,0,0,17,0,1,200,5,200,200,200,200,200
435610,0,30,1,2,0,1,10,5,0,200,200,18,18,0,200,200,3,200,200,200,200
435610,0,30,1,2,0,1,10,5,0,200,200,18,18,1,5,0,12,200,200,200,200
435610,1,30,1,2,0,1,10,5,0,200,200,18,18,1,200,0,200,200,200,200,200
435610,1,30,1,2,0,1,10,5,0,200,200,18,18,1,200,0,200,200,200,200,200
435610,1,30,1,2,0,1,10,5,0,200,200,18,18,1,200,0,200,200,200,200,200
435616,0,20,0,0,0,1,7,6,0,0,0,0,0,1,200,200,15,200,200,200,200
435617,0,30,0,0,0,1,12,5,0,0,0,0,0,0,7,200,200,200,200,200,200
435617,0,30,0,0,0,1,12,5,0,0,0,0,0,1,6,0,0,0,0,200,200
435620,0,30,1,2,0,1,14,1,0,0,2,11,33,0,0,0,12,1,0,200,200
435620,0,30,1,2,0,1,14,1,0,0,2,11,33,0,5,0,12,1,0,200,200
435623,0,30,1,2,0,4,0,5,0,0,0,33,6,1,7,0,5,6,0,200,200
435623,0,30,1,2,0,4,0,5,0,0,0,33,6,0,6,0,0,0,0,200,200
435629,0,30,0,0,0,1,7,5,0,0,0,0,0,0,7,0,200,200,200,200,200
435636,0,30,0,0,0,1,12,2,0,0,0,22,11,1,7,0,2,0,0,200,200
435636,0,30,0,0,0,1,12,2,0,0,0,22,11,0,6,0,12,0,0,200,200
435639,0,30,0,0,0,1,12,6,0,0,200,22,200,1,200,200,2,200,200,200,200
435639,0,30,0,0,0,1,12,6,0,0,200,22,200,0,4,200,0,200,200,200,200
435640,0,30,1,2,0,1,14,2,0,0,200,21,0,0,200,200,4,200,200,200,200
435640,0,30,1,2,0,1,14,2,0,0,200,21,0,0,5,0,0,0,0,200,200
435641,5,30,1,2,0,1,9,5,0,0,0,33,200,1,5,7,0,0,7,200,200
435641,0,30,1,2,0,1,9,5,0,0,0,33,200,1,7,0,0,6,0,200,200
435645,0,10,0,0,0,1,7,7,0,200,200,0,200,2,200,200,200,200,200,200,200
435650,0,30,2,2,0,1,12,6,0,0,0,0,0,1,200,200,200,200,200,200,200
435650,0,30,2,2,0,1,12,6,0,0,0,0,0,0,200,0,200,0,0,200,200
435650,1,30,2,2,0,1,12,6,0,0,0,0,0,0,200,200,200,200,200,200,200
435653,0,30,0,0,0,1,12,5,0,0,0,17,0,0,4,0,4,0,0,200,200
435653,0,30,0,0,0,1,12,5,0,0,0,17,0,0,6,0,0,0,0,200,200
435655,0,30,1,2,0,1,14,5,0,0,0,0,200,0,0,200,1,6,0,200,200
435655,0,30,1,2,0,1,14,5,0,0,0,0,200,0,7,7,0,0,0,200,200
435656,0,30,1,2,0,1,10,5,0,200,200,0,0,0,7,200,1,0,0,200,200
435656,0,30,1,2,0,1,10,5,0,200,200,0,0,0,6,200,0,0,0,200,200
435660,0,30,0,0,0,4,7,5,0,0,0,21,200,1,8,0,1,0,0,200,200
435675,0,30,1,2,0,1,10,5,0,200,200,18,18,0,6,0,3,200,200,200,200
435675,0,30,1,2,0,1,10,5,0,200,200,18,18,0,200,200,12,200,200,200,200
435675,1,30,1,2,0,1,10,5,0,200,200,18,18,1,200,200,200,200,200,200,200
435675,1,30,1,2,0,1,10,5,0,200,200,18,18,1,200,5,200,200,200,200,200
435675,1,30,1,2,0,1,10,5,0,200,200,18,18,1,200,5,200,200,200,200,200
435680,0,30,1,2,0,3,10,2,0,0,0,0,0,0,5,0,200,0,0,200,200
435680,0,30,1,2,0,3,10,2,0,0,0,0,0,0,7,0,0,0,0,200,200
435681,0,30,200,0,0,4,10,5,0,0,0,18,16,0,7,200,3,0,0,200,200
435681,0,30,200,0,0,4,10,5,0,0,0,18,16,1,8,200,0,200,0,200,200
435684,0,35,2,2,0,0,10,3,0,0,200,16,0,0,8,0,8,0,200,200,200
435684,0,35,2,2,0,0,10,3,0,0,200,16,0,0,6,0,0,0,0,200,200
435685,0,30,3,2,0,4,14,12,0,0,0,21,11,1,6,0,12,0,0,200,200
435685,0,30,3,2,0,4,14,12,0,0,0,21,11,1,6,0,0,0,0,200,200
435685,1,30,3,2,0,4,14,12,0,0,0,21,11,0,3,0,200,200,200,200,200
435689,0,25,200,200,0,200,9,2,0,0,0,17,0,2,200,200,200,200,200,200,200
435689,5,25,200,200,0,200,9,2,0,0,0,17,0,0,7,200,0,200,200,200,200
435694,0,25,2,2,0,3,0,5,0,0,0,17,17,0,6,0,1,0,0,200,200
435694,0,25,2,2,0,3,0,5,0,0,0,17,17,1,4,0,0,0,0,200,200
435694,1,25,2,2,0,3,0,5,0,0,0,17,17,1,3,0,200,200,200,200,200
435695,0,30,0,0,0,1,12,5,0,0,0,21,200,0,200,200,4,200,200,200,200
435695,0,30,0,0,0,1,12,5,0,0,0,21,200,1,6,0,0,0,0,200,200
435697,0,30,0,0,0,4,0,5,0,0,200,17,0,1,6,200,1,200,200,200,200
435697,0,30,0,0,0,4,0,5,0,0,200,17,0,0,7,0,0,0,0,200,200
435703,0,30,0,0,0,3,10,5,0,0,0,16,0,1,5,200,8,0,0,200,200
435703,0,30,0,0,0,3,10,5,0,0,0,16,0,1,6,200,0,0,0,200,200
435705,0,30,1,2,0,4,7,3,0,0,0,0,0,0,6,0,12,0,0,200,200
435705,1,30,1,2,0,4,7,3,0,0,0,0,0,0,200,0,200,200,200,200,200
435707,0,30,0,0,0,3,14,5,0,0,0,17,0,0,6,0,1,0,0,200,200
435707,0,30,0,0,0,3,14,5,0,0,0,17,0,1,7,0,0,0,0,200,200
435707,1,30,0,0,0,3,14,5,0,0,0,17,0,1,200,0,200,200,200,200,200
435710,0,30,0,0,0,3,10,2,0,0,0,7,0,0,6,0,12,0,0,200,200
435710,0,30,0,0,0,3,10,2,0,0,0,7,0,0,8,0,12,0,0,200,200
435712,0,30,0,0,0,3,0,5,0,0,0,0,0,1,9,0,0,0,0,200,200
435712,0,30,0,0,0,3,0,5,0,0,0,0,0,0,6,0,0,0,0,200,200
435725,0,20,0,0,0,1,10,5,0,0,0,0,200,1,5,7,0,0,0,200,200
435725,0,20,0,0,0,1,10,5,0,0,0,0,200,0,5,7,0,0,0,200,200
435728,0,25,0,0,0,3,12,6,0,0,0,11,200,0,6,200,1,0,0,200,200
435728,0,25,0,0,0,3,12,6,0,0,0,11,200,1,6,0,0,0,0,200,200
435730,0,30,1,2,0,3,14,5,0,0,0,20,200,0,200,200,6,200,200,200,200
435730,0,30,1,2,0,3,14,5,0,0,0,20,200,1,0,0,0,0,0,200,200
435730,1,30,1,2,0,3,14,5,0,0,0,20,200,1,8,200,200,200,200,200,200
435733,0,30,1,2,0,3,10,2,0,0,0,18,0,0,6,0,3,0,0,200,200
435733,0,30,1,2,0,3,10,2,0,0,0,18,0,1,6,0,0,0,0,200,200
435733,1,30,1,2,0,3,10,2,0,0,0,18,0,1,200,0,200,200,200,200,200
435733,1,30,1,2,0,3,10,2,0,0,0,18,0,1,200,0,200,200,200,200,200
435735,0,15,0,0,0,3,7,7,0,0,0,20,16,1,5,0,6,0,0,200,200
435735,1,15,0,0,0,3,7,7,0,0,0,20,16,1,200,0,200,200,200,200,200
435737,0,30,0,0,0,3,14,2,0,0,0,0,200,1,5,0,200,0,0,200,200
435737,0,30,0,0,0,3,14,2,0,0,0,0,200,0,6,0,1,0,0,200,200
435737,1,30,0,0,0,3,14,2,0,0,0,0,200,200,200,0,200,200,200,200,200
435740,0,30,0,0,0,0,9,3,0,0,0,17,200,0,9,0,1,0,0,200,200
435740,5,30,0,0,0,0,9,3,0,0,0,17,200,0,6,7,0,0,0,200,200
435740,1,30,0,0,0,0,9,3,0,0,0,17,200,0,200,0,200,200,200,200,200
435740,1,30,0,0,0,0,9,3,0,0,0,17,200,1,200,0,200,200,200,200,200
435743,0,30,0,0,0,0,14,5,0,0,0,17,16,0,4,0,1,0,0,200,200
435743,0,30,0,0,0,0,14,5,0,0,0,17,16,0,200,0,0,0,0,200,200
435756,0,30,2,2,0,3,10,2,0,0,0,18,200,0,7,200,1,200,200,200,200
435756,0,30,2,2,0,3,10,2,0,0,0,18,200,0,5,0,0,0,0,200,200
435756,1,30,2,2,0,3,10,2,0,0,0,18,200,0,200,0,200,200,200,200,200
435764,0,30,1,2,0,3,14,5,2,0,0,6,16,0,6,0,5,0,0,200,200
435764,0,30,1,2,0,3,14,5,2,0,0,6,16,1,5,0,0,0,0,200,200
435772,0,30,200,200,0,3,14,5,0,200,200,23,200,0,200,200,4,200,0,200,200
435772,0,30,200,200,0,3,14,5,0,200,200,23,200,0,200,200,0,200,0,200,200
435775,0,30,0,0,0,1,14,5,0,0,0,0,0,2,200,200,7,200,200,200,200
435775,0,30,0,0,0,1,14,5,0,0,0,0,0,0,6,3,0,0,0,200,200
435779,0,30,0,200,0,3,10,5,0,0,200,18,18,0,6,200,3,200,200,200,200
435779,0,30,0,200,0,3,10,5,0,0,200,18,18,0,6,0,0,0,0,200,200
435788,1,30,1,2,0,4,3,5,0,0,0,0,0,1,200,0,200,200,200,200,200
435788,0,30,1,2,0,4,3,5,0,0,0,0,0,0,200,200,12,200,200,200,200
435788,0,30,1,2,0,4,3,5,0,0,0,0,0,0,8,0,0,0,0,200,200
435789,0,30,0,0,0,1,0,5,0,0,2,0,0,0,200,200,1,200,200,200,200
435789,0,30,0,0,0,1,0,5,0,0,2,0,0,1,7,0,0,0,0,200,200
435789,1,30,0,0,0,1,0,5,0,0,2,0,0,0,7,0,200,200,200,200,200
435790,0,30,0,0,0,1,10,5,0,0,0,18,16,1,6,0,3,0,0,200,200