RD_NO,PERSON_TYPE,POSTED_SPEED_LIMIT,TRAFFIC_CONTROL_DEVICE,DEVICE_CONDITION,WEATHER_CONDITION,LIGHTING_CONDITION,FIRST_CRASH_TYPE,TRAFFICWAY_TYPE,ALIGNMENT,ROADWAY_SURFACE_COND,ROAD_DEFECT,PRIM_CONTRIBUTORY_CAUSE,SEC_CONTRIBUTORY_CAUSE,SEX,AGE,SAFETY_EQUIPMENT,DRIVER_ACTION,DRIVER_VISION,PHYSICAL_CONDITION,BAC_RESULT VALUE,CELL_PHONE_USE
435790,0,30,0,0,0,1,10,5,0,0,0,18,16,1,7,0,0,0,0,200,200
435796,0,30,2,0,0,200,10,2,0,0,0,200,200,1,5,200,0,200,200,200,200
435796,0,30,2,0,0,200,10,2,0,0,0,200,200,0,5,200,200,200,0,200,200
435796,1,30,2,0,0,200,10,2,0,0,0,200,200,1,4,200,200,200,200,200,200
435806,0,35,1,2,0,3,14,2,0,0,0,21,23,0,200,200,7,200,200,200,200
435806,0,35,1,2,0,3,14,2,0,0,0,21,23,1,5,0,12,0,0,200,200
435806,1,35,1,2,0,3,14,2,0,0,0,21,23,1,200,0,200,200,200,200,200
435806,1,35,1,2,0,3,14,2,0,0,0,21,23,1,200,0,200,200,200,200,200
435806,1,35,1,2,0,3,14,2,0,0,0,21,23,200,200,0,200,200,200,200,200
435811,0,30,0,0,0,3,0,5,0,0,0,17,0,0,200,200,1,200,200,200,200
435811,0,30,0,0,0,3,0,5,0,0,0,17,0,1,6,0,0,0,0,200,200
435813,0,30,0,0,0,0,7,7,0,0,0,20,20,1,3,0,6,0,0,200,200
435813,1,30,0,0,0,0,7,7,0,0,0,20,20,1,4,0,200,200,200,200,200
435816,0,35,1,2,0,0,10,5,0,0,0,18,18,0,6,200,3,0,0,200,200
435816,0,35,1,2,0,0,10,5,0,0,0,18,18,0,6,200,0,0,0,200,200
435817,0,30,0,0,0,1,12,2,0,0,0,0,0,0,0,200,200,200,200,200,200
435817,0,30,0,0,0,1,12,2,0,0,0,0,0,0,7,0,200,0,0,200,200
435825,0,30,0,0,0,0,2,5,0,0,0,14,11,2,200,200,200,200,200,200,200
435826,0,30,1,2,0,3,10,5,0,0,0,18,200,0,200,200,3,200,200,200,200
435826,0,30,1,2,0,3,10,5,0,0,0,18,200,0,7,0,0,0,0,200,200
435830,0,30,1,2,0,3,14,5,0,0,0,6,14,0,200,200,5,200,200,200,200
435830,0,30,1,2,0,3,14,5,0,0,0,6,14,0,7,0,0,0,0,200,200
435832,0,30,1,2,0,3,10,5,0,0,0,18,16,0,7,0,3,0,0,200,200
435832,0,30,1,2,0,3,10,5,0,0,0,18,16,1,7,0,0,0,0,200,200
435836,0,30,2,200,0,1,14,5,0,0,200,200,200,1,6,0,200,0,0,200,200
435836,0,30,2,200,0,1,14,5,0,0,200,200,200,0,4,0,0,0,0,200,200
435837,0,30,0,0,0,3,14,2,0,0,0,16,17,1,5,200,7,0,0,200,200
435837,0,30,0,0,0,3,14,2,0,0,0,16,17,1,5,200,0,0,0,200,200
435837,1,30,0,0,0,3,14,2,0,0,0,16,17,1,0,5,200,200,200,200,200
435852,0,30,0,0,0,3,7,5,0,0,0,16,0,1,7,200,200,200,7,200,200
435863,0,15,0,0,0,3,5,0,0,0,0,14,17,0,200,200,8,200,200,200,200
435867,0,35,1,2,0,3,0,1,3,0,0,16,7,0,7,200,200,0,0,200,200
435867,0,35,1,2,0,3,0,1,3,0,0,16,7,0,6,0,200,0,0,200,200
435867,1,35,1,2,0,3,0,1,3,0,0,16,7,1,0,5,200,200,200,200,200
435867,1,35,1,2,0,3,0,1,3,0,0,16,7,1,2,0,200,200,200,200,200
435869,0,30,1,2,0,3,0,6,0,0,0,6,16,0,6,200,5,200,0,200,200
435869,0,30,1,2,0,3,0,6,0,0,0,6,16,0,5,200,0,200,0,200,200
435869,1,30,1,2,0,3,0,6,0,0,0,6,16,1,7,1,200,200,200,200,200
435869,1,30,1,2,0,3,0,6,0,0,0,6,16,0,7,1,200,200,200,200,200
435877,0,35,1,2,0,3,10,1,0,0,0,7,18,0,5,0,3,0,0,200,200
435877,0,35,1,2,0,3,10,1,0,0,0,7,18,1,6,0,0,0,0,200,200
435890,0,30,1,2,0,3,10,5,0,0,0,18,200,0,5,0,3,0,0,200,200
435890,0,30,1,2,0,3,10,5,0,0,0,18,200,0,6,0,0,0,0,200,200
435896,0,35,0,0,0,3,11,6,0,0,0,20,0,0,5,0,6,0,0,200,200
435896,0,35,0,0,0,3,11,6,0,0,0,20,0,0,6,0,0,0,0,200,200
435896,1,35,0,0,0,3,11,6,0,0,0,20,0,1,5,0,200,200,200,200,200
435896,1,35,0,0,0,3,11,6,0,0,0,20,0,1,6,0,200,200,200,200,200
435898,0,30,1,2,0,3,10,8,0,200,200,18,0,0,6,200,3,200,0,200,200
435898,0,30,1,2,0,3,10,8,0,200,200,18,0,0,5,200,0,200,0,200,200
435899,0,30,1,2,0,3,14,12,0,0,200,17,200,1,4,200,1,200,0,200,200
435899,0,30,1,2,0,3,14,12,0,0,200,17,200,0,6,200,0,200,0,200,200
435899,1,30,1,2,0,3,14,12,0,0,200,17,200,0,5,200,200,200,200,200,200
435900,0,30,1,2,0,3,10,2,0,0,0,18,18,0,200,200,3,200,200,200,200
435900,0,30,1,2,0,3,10,2,0,0,0,18,18,0,6,0,0,0,0,200,200
435904,0,35,0,0,0,1,12,1,0,0,0,21,16,0,7,0,4,0,0,200,200
435904,0,35,0,0,0,1,12,1,0,0,0,21,16,1,4,0,0,0,0,200,200
435906,0,30,0,0,0,3,10,5,0,0,0,18,200,0,6,200,3,200,0,200,200
435906,0,30,0,0,0,3,10,5,0,0,0,18,200,1,5,0,0,200,0,200,200
435906,0,30,0,0,0,3,10,5,0,0,0,18,200,0,5,0,0,200,0,200,200
435906,0,30,0,0,0,3,10,5,0,0,0,18,200,0,6,0,0,200,0,200,200
435906,1,30,0,0,0,3,10,5,0,0,0,18,200,0,200,200,200,200,200,200,200
435907,0,30,1,2,0,3,10,2,0,0,0,18,7,1,5,200,3,0,0,200,200
435907,0,30,1,2,0,3,10,2,0,0,0,18,7,0,6,200,0,0,0,200,200
435907,1,30,1,2,0,3,10,2,0,0,0,18,7,0,200,200,200,200,200,200,200
435907,1,30,1,2,0,3,10,2,0,0,0,18,7,1,200,200,200,200,200,200,200
435914,0,45,0,0,0,3,10,3,1,0,0,0,0,0,200,200,3,200,200,200,200
435914,0,45,0,0,0,3,10,3,1,0,0,0,0,0,6,0,0,0,0,200,200
435914,0,45,0,0,0,3,10,3,1,0,0,0,0,0,6,0,0,0,0,200,200
435914,1,45,0,0,0,3,10,3,1,0,0,0,0,1,6,0,200,200,200,200,200
435914,1,45,0,0,0,3,10,3,1,0,0,0,0,1,9,0,200,200,200,200,200
435914,1,45,0,0,0,3,10,3,1,0,0,0,0,1,200,0,200,200,200,200,200
435914,1,45,0,0,0,3,10,3,1,0,0,0,0,1,200,0,200,200,200,200,200
435918,0,25,2,2,0,3,7,6,0,0,0,16,32,1,7,0,12,0,5,0.21,200
435919,0,35,1,2,0,3,0,5,0,0,0,6,25,1,200,200,5,200,200,200,200
435919,0,35,1,2,0,3,0,5,0,0,0,6,25,1,6,0,0,0,0,200,200
435919,1,35,1,2,0,3,0,5,0,0,0,6,25,0,7,0,200,200,200,200,200
435922,0,30,3,2,0,3,12,2,0,0,0,22,0,1,200,200,4,200,200,200,200
435922,0,30,3,2,0,3,12,2,0,0,0,22,0,0,6,0,0,0,0,200,200
435923,0,30,1,2,0,3,12,5,0,0,0,18,22,0,6,0,2,0,0,200,200
435923,0,30,1,2,0,3,12,5,0,0,0,18,22,0,5,0,3,0,0,200,200
435930,0,30,2,2,0,3,10,2,0,0,0,8,200,0,5,200,12,0,0,200,200
435930,0,30,2,2,0,3,10,2,0,0,0,8,200,0,6,200,0,0,0,200,200
435939,0,30,0,0,0,0,12,6,0,0,0,17,21,0,6,7,0,0,0,200,200
435939,0,30,0,0,0,0,12,6,0,0,0,17,21,0,6,200,0,0,0,200,200
435939,1,30,0,0,0,0,12,6,0,0,0,17,21,1,6,200,200,200,200,200,200
435943,0,30,0,0,0,3,10,7,0,0,200,32,20,0,7,200,6,200,3,200,200
435943,0,30,0,0,0,3,10,7,0,0,200,32,20,0,200,0,12,0,0,200,200
435943,1,30,0,0,0,3,10,7,0,0,200,32,20,0,200,0,200,200,200,200,200
435948,0,0,1,0,0,0,2,4,0,1,0,25,8,1,6,200,1,0,0,200,200
435952,0,30,2,2,0,3,2,6,0,0,0,16,200,0,6,200,8,0,0,200,200
435952,1,30,2,2,0,3,2,6,0,0,0,16,200,0,6,200,200,200,200,200,200
435956,0,20,0,0,0,3,0,7,0,0,0,0,0,1,200,200,200,200,200,200,200
435956,0,20,0,0,0,3,0,7,0,0,0,0,0,1,6,0,0,0,0,200,200
435969,0,30,1,2,0,3,0,3,0,0,0,17,200,0,6,0,0,0,0,200,200
435969,0,30,1,2,0,3,0,3,0,0,0,17,200,0,200,200,1,200,200,200,200
435970,0,25,0,0,0,3,9,12,0,0,0,25,200,0,200,200,12,200,200,200,200
435970,5,25,0,0,0,3,9,12,0,0,0,25,200,1,7,200,0,200,200,200,200
435972,0,30,1,2,0,3,14,2,0,0,0,18,0,2,200,200,3,200,200,200,200
435972,0,30,1,2,0,3,14,2,0,0,0,18,0,1,6,200,0,0,0,200,200
435980,0,40,0,0,0,3,12,3,0,0,0,0,0,1,200,200,200,200,200,200,200
435980,0,40,0,0,0,3,12,3,0,0,0,0,0,0,7,200,200,0,0,200,200
435982,0,20,0,0,0,3,7,6,0,0,0,16,0,0,200,200,1,200,200,200,200
435985,0,30,1,2,0,3,10,2,0,0,0,0,0,0,7,0,3,0,0,200,200
435985,0,30,1,2,0,3,10,2,0,0,0,0,0,0,6,0,0,0,0,200,200
435987,0,30,200,200,0,3,12,5,0,0,0,22,200,0,6,0,2,200,0,200,200
435987,0,30,200,200,0,3,12,5,0,0,0,22,200,1,6,0,0,200,0,200,200
435989,0,30,1,2,0,3,14,5,0,0,0,17,32,1,5,200,1,0,7,200,200
435989,1,30,1,2,0,3,14,5,0,0,0,17,32,1,5,200,200,200,200,200,200
435989,1,30,1,2,0,3,14,5,0,0,0,17,32,1,5,200,200,200,200,200,200
435990,0,35,0,0,0,3,7,2,0,0,0,0,0,0,200,200,200,200,200,200,200
435993,0,30,0,0,0,3,10,5,0,0,0,18,0,0,5,200,3,200,200,200,200
435993,0,30,0,0,0,3,10,5,0,0,0,18,0,0,5,200,0,0,0,200,200
435997,0,30,1,2,0,3,11,1,0,0,0,11,0,0,4,200,5,0,0,200,200
435997,0,30,1,2,0,3,11,1,0,0,0,11,0,1,6,200,0,0,0,200,200
435997,0,30,1,2,0,3,11,1,0,0,0,11,0,0,6,200,0,0,0,200,200
435997,0,30,1,2,0,3,11,1,0,0,0,11,0,0,7,200,0,0,0,200,200
435997,0,30,1,2,0,3,11,1,0,0,0,11,0,0,6,200,0,0,0,200,200
435997,1,30,1,2,0,3,11,1,0,0,0,11,0,0,200,200,200,200,200,200,200
435997,1,30,1,2,0,3,11,1,0,0,0,11,0,0,200,200,200,200,200,200,200
435997,1,30,1,2,0,3,11,1,0,0,0,11,0,0,5,200,200,200,200,200,200
436001,0,35,0,0,0,3,12,2,0,0,0,21,200,1,8,0,200,0,0,200,200
436001,0,35,0,0,0,3,12,2,0,0,0,21,200,0,7,0,200,0,0,200,200
436004,0,35,0,0,0,3,10,12,0,0,0,18,0,0,6,0,13,0,0,200,200
436004,0,35,0,0,0,3,10,12,0,0,0,18,0,0,5,0,0,0,0,200,200
436004,1,35,0,0,0,3,10,12,0,0,0,18,0,0,4,0,200,200,200,200,200
436005,0,30,1,2,0,3,14,5,0,0,0,6,16,1,200,200,5,200,200,200,200
436005,0,30,1,2,0,3,14,5,0,0,0,6,16,1,5,0,0,0,0,200,200
436005,0,30,1,2,0,3,14,5,0,0,0,6,16,0,5,0,0,0,0,200,200
436005,1,30,1,2,0,3,14,5,0,0,0,6,16,1,200,0,200,200,200,200,200
436005,1,30,1,2,0,3,14,5,0,0,0,6,16,0,200,7,200,200,200,200,200
436005,1,30,1,2,0,3,14,5,0,0,0,6,16,200,200,0,200,200,200,200,200
436005,1,30,1,2,0,3,14,5,0,0,0,6,16,200,200,0,200,200,200,200,200
436011,0,30,0,0,0,0,7,12,0,0,0,0,0,0,200,0,0,0,0,200,200
436015,0,30,1,2,0,3,0,2,0,0,0,200,200,2,200,200,200,200,200,200,200
436015,0,30,1,2,0,3,0,2,0,0,0,200,200,1,6,200,0,200,1,200,200
436015,1,30,1,2,0,3,0,2,0,0,0,200,200,2,200,200,200,200,200,200,200
436016,0,30,0,0,0,3,10,2,0,0,0,18,0,0,6,0,3,0,0,200,200
436016,0,30,0,0,0,3,10,2,0,0,0,18,0,1,6,0,0,0,0,200,200
436021,0,30,1,2,0,3,14,5,0,0,0,21,200,0,5,200,7,0,200,200,200
436021,0,30,1,2,0,3,14,5,0,0,0,21,200,0,6,200,0,0,0,200,200
436025,0,20,0,0,0,3,10,6,0,0,0,20,20,0,200,200,6,200,200,200,200
436025,0,20,0,0,0,3,10,6,0,0,0,20,20,0,6,200,0,0,0,200,200
436027,0,30,1,2,0,3,14,2,0,0,0,18,16,2,200,200,3,200,200,200,200
436027,0,30,1,2,0,3,14,2,0,0,0,18,16,0,6,0,0,0,0,200,200
436027,1,30,1,2,0,3,14,2,0,0,0,18,16,0,6,0,200,200,200,200,200
436029,0,30,0,0,0,3,7,5,0,0,0,0,200,1,5,200,0,0,0,200,200
436029,0,30,0,0,0,3,7,5,0,0,0,0,200,0,5,200,2,12,0,200,200
436029,1,30,0,0,0,3,7,5,0,0,0,0,200,1,5,200,200,200,200,200,200
436031,5,30,2,2,0,3,9,3,0,0,0,0,200,0,7,200,5,0,7,200,200
436031,0,30,2,2,0,3,9,3,0,0,0,0,200,0,6,200,0,0,0,200,200
436031,1,30,2,2,0,3,9,3,0,0,0,0,200,0,6,200,200,200,200,200,200
436032,0,30,1,2,0,3,10,5,0,0,0,18,200,0,200,200,3,200,200,200,200
436032,0,30,1,2,0,3,10,5,0,0,0,18,200,0,6,200,0,0,0,200,200
436033,0,35,0,0,0,3,10,2,0,0,0,25,0,0,200,200,12,200,200,200,200
436033,0,35,0,0,0,3,10,2,0,0,0,25,0,0,6,0,0,0,0,200,200
436035,0,30,0,0,0,4,7,5,0,0,0,16,14,0,6,200,8,0,0,200,200
436035,1,30,0,0,0,4,7,5,0,0,0,16,14,1,6,200,200,200,200,200,200
436041,0,30,1,2,0,3,0,6,0,0,0,20,0,1,200,200,6,200,200,200,200
436041,0,30,1,2,0,3,0,6,0,0,0,20,0,0,5,200,0,0,0,200,200
436041,1,30,1,2,0,3,0,6,0,0,0,20,0,200,200,200,200,200,200,200,200
436044,0,40,0,0,0,3,2,3,0,0,0,25,200,0,6,200,200,0,0,200,200
436044,1,40,0,0,0,3,2,3,0,0,0,25,200,1,6,200,200,200,200,200,200
436061,0,30,1,2,0,3,10,5,0,0,0,14,32,0,6,200,8,0,5,0.18,200
436061,0,30,1,2,0,3,10,5,0,0,0,14,32,0,5,0,0,0,0,200,200
436061,1,30,1,2,0,3,10,5,0,0,0,14,32,0,4,1,200,200,200,200,200
436064,0,30,0,0,0,3,7,5,0,0,0,0,0,1,5,200,200,0,0,200,200
436064,1,30,0,0,0,3,7,5,0,0,0,0,0,1,5,200,200,200,200,200,200
436065,0,35,1,2,0,3,14,2,0,0,0,21,200,2,200,200,4,200,200,200,200
436065,0,35,1,2,0,3,14,2,0,0,0,21,200,0,5,0,0,0,0,200,200
436070,0,30,1,200,200,200,14,6,0,200,200,0,0,0,6,200,200,200,200,200,200
436070,0,30,1,200,200,200,14,6,0,200,200,0,0,0,7,200,200,200,0,200,200
436073,0,30,0,0,0,3,7,7,0,0,0,0,200,0,4,200,200,200,0,200,200
436073,1,30,0,0,0,3,7,7,0,0,0,0,200,0,200,200,200,200,200,200,200
436083,0,30,2,12,0,3,14,2,0,0,0,17,17,1,5,200,1,200,0,200,200
436083,0,30,2,12,0,3,14,2,0,0,0,17,17,0,5,3,0,200,0,200,200
436089,4,30,0,0,0,3,8,5,0,0,0,200,200,0,7,7,12,0,0,200,200
436089,0,30,0,0,0,3,8,5,0,0,0,200,200,0,4,0,0,0,0,200,200
436091,0,30,1,200,0,3,12,6,0,200,200,0,200,0,5,200,200,200,200,200,200
436091,0,30,1,200,0,3,12,6,0,200,200,0,200,1,5,0,0,200,0,200,200
436091,1,30,1,200,0,3,12,6,0,200,200,0,200,1,5,0,200,200,200,200,200
436094,0,30,0,0,0,2,12,5,0,0,0,0,0,0,5,200,2,200,200,200,200
436094,0,30,0,0,0,2,12,5,0,0,0,0,0,0,7,200,0,0,0,200,200
436108,0,30,2,2,0,0,14,2,0,0,0,5,200,0,200,200,5,200,200,200,200
436108,0,30,2,2,0,0,14,2,0,0,0,5,200,0,6,0,0,0,0,200,200
436125,0,30,0,0,0,3,7,2,0,0,0,0,0,0,7,200,200,200,200,200,200
436130,0,30,0,0,0,3,2,6,0,0,0,0,0,2,200,200,200,200,200,200,200
436133,0,30,0,0,0,3,7,5,0,0,0,0,0,0,5,0,12,0,0,200,200
436146,0,45,0,0,0,3,12,3,0,0,0,21,200,0,5,200,4,200,200,200,200
436157,0,35,0,0,0,3,7,6,0,0,0,0,200,2,200,200,200,200,200,200,200
436164,0,30,0,0,0,3,12,1,0,0,0,0,0,0,200,200,200,200,200,200,200
436164,0,30,0,0,0,3,12,1,0,0,0,0,0,1,5,0,12,0,0,200,200
436165,0,30,1,2,0,3,14,2,0,0,0,17,200,1,200,200,1,200,200,200,200
436165,0,30,1,2,0,3,14,2,0,0,0,17,200,0,5,0,0,0,0,200,200
436172,0,30,1,2,0,3,0,5,2,0,0,6,14,0,200,200,5,200,200,200,200
436172,0,30,1,2,0,3,0,5,2,0,0,6,14,1,5,0,0,0,0,200,200
436178,0,30,0,0,0,1,7,5,0,0,0,0,0,2,200,200,200,200,200,200,200
436217,0,30,0,0,0,1,0,7,0,0,0,33,0,0,9,0,0,6,0,200,200
436217,0,30,0,0,0,1,0,7,0,0,0,33,0,1,7,0,0,0,0,200,200
436218,0,30,1,2,0,1,0,2,0,0,0,6,0,0,4,0,5,0,0,200,200
436218,0,30,1,2,0,1,0,2,0,0,0,6,0,1,7,0,0,0,0,200,200
436233,0,30,0,0,0,1,7,12,0,0,0,11,0,2,200,200,12,200,200,200,200
436235,0,30,1,2,0,0,14,2,0,0,0,23,200,1,6,0,1,0,0,200,200
436235,0,30,1,2,0,0,14,2,0,0,0,23,200,0,7,0,7,0,0,200,200
436237,0,30,0,0,0,1,12,2,0,0,0,200,200,1,5,0,4,6,200,200,200
436237,0,30,0,0,0,1,12,2,0,0,0,200,200,1,5,0,0,0,0,200,200
436239,0,35,1,2,0,1,10,2,0,0,0,14,16,0,6,200,3,0,0,200,200
436239,0,35,1,2,0,1,10,2,0,0,0,14,16,1,6,0,0,0,0,200,200
436239,1,35,1,2,0,1,10,2,0,0,0,14,16,1,9,0,200,200,200,200,200
436246,0,35,1,2,0,1,10,5,0,0,200,200,200,1,6,200,200,200,200,200,200
436246,0,35,1,2,0,1,10,5,0,0,200,200,200,0,6,200,200,200,0,200,200
436255,0,30,1,2,0,1,10,5,0,0,0,16,17,2,200,200,1,200,200,200,200
436255,0,30,1,2,0,1,10,5,0,0,0,16,17,0,6,0,0,0,0,200,200
436262,0,30,0,0,0,1,11,5,0,0,0,7,200,0,5,0,12,0,0,200,200
436262,0,30,0,0,0,1,11,5,0,0,0,7,200,0,6,0,0,0,0,200,200
436268,0,10,0,0,0,1,2,7,0,0,0,0,0,0,6,0,200,200,0,200,200
436272,0,25,2,2,0,1,9,5,0,0,0,17,33,1,3,0,1,6,0,200,200
436272,5,25,2,2,0,1,9,5,0,0,0,17,33,1,4,7,0,0,0,200,200
436273,0,30,0,0,0,1,10,5,0,0,0,0,0,0,200,200,3,0,0,200,200
436273,0,30,0,0,0,1,10,5,0,0,0,0,0,1,200,200,0,0,0,200,200
436274,0,45,0,0,0,1,10,12,0,0,0,11,0,1,200,0,0,0,0,200,200
436274,0,45,0,0,0,1,10,12,0,0,0,11,0,0,200,0,12,0,0,200,200
436276,0,30,0,0,0,1,7,6,0,0,0,0,0,1,7,0,200,0,0,200,200
436277,0,30,0,0,0,1,10,5,0,0,0,18,200,0,6,0,3,0,0,200,200
436277,0,30,0,0,0,1,10,5,0,0,0,18,200,1,5,0,0,0,0,200,200
436277,1,30,0,0,0,1,10,5,0,0,0,18,200,0,2,0,200,200,200,200,200
436284,0,30,0,0,0,1,7,2,0,0,0,0,0,0,0,200,200,5,0,200,200
436297,0,30,0,0,0,1,10,5,0,0,0,18,200,1,8,0,3,0,0,200,200
436297,0,30,0,0,0,1,10,5,0,0,0,18,200,0,6,0,0,0,0,200,200
436306,0,30,0,0,0,200,7,5,0,0,0,0,0,2,200,200,200,200,200,200,200
436323,0,30,0,0,0,1,12,12,0,0,0,11,0,0,200,0,12,0,0,200,200
436323,0,30,0,0,0,1,12,12,0,0,0,11,0,0,7,0,12,0,0,200,200
436324,0,30,2,200,0,1,10,5,0,0,0,18,18,1,6,200,3,0,0,200,200
436324,0,30,2,200,0,1,10,5,0,0,0,18,18,1,200,200,0,0,0,200,200
436335,0,30,0,0,0,1,2,3,0,0,0,0,200,0,6,0,12,0,0,200,200
436340,0,25,0,0,0,1,7,5,0,0,0,0,200,2,200,200,200,200,200,200,200
436344,0,30,0,0,0,1,14,2,0,0,0,16,200,0,6,0,1,0,0,200,200
436344,0,30,0,0,0,1,14,2,0,0,0,16,200,1,6,0,200,0,0,200,200
436350,0,30,0,0,0,1,10,5,0,0,0,11,0,1,6,0,3,0,0,200,200
436350,0,30,0,0,0,1,10,5,0,0,0,11,0,0,5,0,0,0,0,200,200
436350,1,30,0,0,0,1,10,5,0,0,0,11,0,1,200,0,200,200,200,200,200
436353,0,30,1,2,0,1,12,6,0,0,0,0,11,0,7,200,12,1,200,200,200
436353,0,30,1,2,0,1,12,6,0,0,0,0,11,0,6,0,12,0,0,200,200
436353,1,30,1,2,0,1,12,6,0,0,0,0,11,1,6,0,200,200,200,200,200
436354,0,30,1,2,0,1,14,5,0,0,0,23,16,0,7,0,7,0,0,200,200
436354,0,30,1,2,0,1,14,5,0,0,0,23,16,0,5,0,0,0,0,200,200
436354,1,30,1,2,0,1,14,5,0,0,0,23,16,0,7,0,200,200,200,200,200
436354,1,30,1,2,0,1,14,5,0,0,0,23,16,0,7,0,200,200,200,200,200
436357,0,30,0,0,0,0,12,5,3,0,0,18,18,1,200,200,1,0,0,200,200
436357,0,30,0,0,0,0,12,5,3,0,0,18,18,1,6,0,0,0,0,200,200
436359,0,25,12,12,0,1,9,5,0,0,0,17,200,1,6,0,1,0,0,200,200
436359,5,25,12,12,0,1,9,5,0,0,0,17,200,0,7,7,0,0,0,200,200
436359,1,25,12,12,0,1,9,5,0,0,0,17,200,0,200,0,200,200,200,200,200
436361,0,30,0,0,0,1,10,2,0,0,0,18,15,0,6,200,3,0,0,200,200
436361,0,30,0,0,0,1,10,2,0,0,0,18,15,0,7,200,0,0,200,200,200
436366,0,0,0,0,0,1,7,7,0,0,0,0,0,1,6,0,200,200,200,200,200
436370,0,25,0,0,0,1,2,8,0,0,0,20,200,0,7,200,6,200,200,200,200
436372,0,30,0,0,0,1,7,5,0,0,0,0,200,2,200,200,200,200,200,200,200
436373,0,30,0,0,0,2,5,2,0,0,0,200,200,0,6,0,0,0,0,200,200
436374,0,30,1,2,0,1,14,5,0,0,0,23,0,0,9,200,7,0,0,200,200
436374,0,30,1,2,0,1,14,5,0,0,0,23,0,1,6,200,0,0,0,200,200
436381,0,25,0,0,0,1,2,5,0,0,0,0,200,0,6,0,200,0,0,200,200
436382,0,30,0,0,0,1,7,2,0,0,0,0,200,1,200,200,200,200,200,200,200
436387,0,30,0,0,200,200,7,0,0,0,0,0,0,2,200,200,200,200,200,200,200
436392,0,25,0,0,0,1,12,6,0,0,0,0,200,0,200,200,200,200,200,200,200
436392,0,25,0,0,0,1,12,6,0,0,0,0,200,0,5,0,0,0,0,200,200
436393,0,0,0,0,0,1,12,7,0,0,0,0,0,0,9,0,6,200,200,200,200
436393,0,0,0,0,0,1,12,7,0,0,0,0,0,1,6,0,0,0,0,200,200
436393,1,0,0,0,0,1,12,7,0,0,0,0,0,1,1,5,200,200,200,200,200
436403,0,30,0,0,0,1,7,6,0,0,0,25,25,0,8,200,12,0,0,200,200
436404,0,30,0,200,200,200,7,200,0,200,0,0,0,2,200,200,200,200,200,200,200
436407,0,30,1,2,0,1,7,5,0,0,0,0,200,0,200,200,200,200,200,200,200
436409,0,30,1,2,0,1,10,5,0,0,200,0,0,2,200,200,1,200,0,200,200
436411,0,30,1,2,0,1,12,6,0,0,0,0,0,0,7,0,1,200,0,200,200
436411,0,30,1,2,0,1,12,6,0,0,0,0,0,0,6,0,0,0,0,200,200
436412,0,30,2,2,0,1,0,5,0,0,0,5,5,0,200,200,5,200,200,200,200
436412,0,30,2,2,0,1,0,5,0,0,0,5,5,1,7,0,0,0,0,200,200
436421,0,30,0,0,0,1,7,2,0,0,0,200,200,1,6,0,0,0,0,200,200
436425,0,30,2,0,0,1,0,5,0,0,0,0,200,0,8,0,200,0,0,200,200
436425,0,30,2,0,0,1,0,5,0,0,0,0,200,0,9,0,0,0,0,200,200
436425,0,30,2,0,0,1,0,5,0,0,0,0,200,1,5,0,200,0,0,200,200
436428,0,30,0,0,0,1,10,2,0,0,0,200,200,0,4,200,12,0,0,200,200
436428,0,30,0,0,0,1,10,2,0,0,0,200,200,1,6,200,0,0,0,200,200
436428,1,30,0,0,0,1,10,2,0,0,0,200,200,0,6,200,200,200,200,200,200
436433,0,30,1,2,0,1,14,12,0,0,0,17,17,0,4,0,7,3,0,200,200
436433,0,30,1,2,0,1,14,12,0,0,0,17,17,0,5,0,0,0,0,200,200
436440,0,0,0,0,0,1,7,7,0,0,0,0,0,1,5,0,200,0,0,200,200
436445,0,15,0,0,0,1,7,7,0,0,0,2,200,0,200,200,15,200,0,200,1
436451,0,20,0,0,0,1,10,2,0,0,0,11,18,1,3,200,3,200,0,200,200
436451,0,20,0,0,0,1,10,2,0,0,0,11,18,0,7,200,0,200,0,200,200
436461,0,30,0,0,0,1,14,5,0,0,0,18,200,1,3,0,3,0,0,200,200
436461,0,30,0,0,0,1,14,5,0,0,0,18,200,0,5,0,0,0,0,200,200
436462,0,20,0,0,0,1,7,5,0,0,0,11,200,1,200,200,12,200,200,200,200
436462,1,20,0,0,0,1,7,5,0,0,0,11,200,0,200,200,200,200,200,200,200
436472,0,30,0,0,0,1,12,5,0,0,200,17,200,1,8,0,1,200,0,200,200
436472,0,30,0,0,0,1,12,5,0,0,200,17,200,1,9,0,0,0,0,200,200
436472,0,30,0,0,0,1,12,5,0,0,200,17,200,0,7,0,0,200,0,200,200
436480,0,30,200,200,200,0,7,6,0,200,200,0,200,2,200,200,200,200,200,200,200
436483,4,30,2,2,0,1,8,5,0,0,0,5,200,0,6,2,5,200,200,200,200
436483,0,30,2,2,0,1,8,5,0,0,0,5,200,1,6,0,0,200,200,200,200
436484,0,30,1,2,0,1,14,5,0,0,0,0,0,2,200,200,200,200,200,200,200
436484,0,30,1,2,0,1,14,5,0,0,0,0,0,0,6,0,0,0,0,200,200
436486,0,30,0,0,0,1,10,2,0,0,0,17,18,0,6,200,3,0,200,200,200
436486,0,30,0,0,0,1,10,2,0,0,0,17,18,0,6,200,0,0,0,200,200
436499,0,25,0,0,200,200,7,6,0,200,200,0,0,2,200,200,200,200,200,200,200
436503,0,30,1,2,0,1,14,2,0,0,0,0,0,1,7,200,200,0,0,200,200