RD_NO,PERSON_TYPE,POSTED_SPEED_LIMIT,TRAFFIC_CONTROL_DEVICE,DEVICE_CONDITION,WEATHER_CONDITION,LIGHTING_CONDITION,FIRST_CRASH_TYPE,TRAFFICWAY_TYPE,ALIGNMENT,ROADWAY_SURFACE_COND,ROAD_DEFECT,PRIM_CONTRIBUTORY_CAUSE,SEC_CONTRIBUTORY_CAUSE,SEX,AGE,SAFETY_EQUIPMENT,DRIVER_ACTION,DRIVER_VISION,PHYSICAL_CONDITION,BAC_RESULT VALUE,CELL_PHONE_USE
436503,0,30,1,2,0,1,14,2,0,0,0,0,0,1,6,200,0,0,0,200,200
436503,1,30,1,2,0,1,14,2,0,0,0,0,0,0,200,200,200,200,200,200,200
436503,1,30,1,2,0,1,14,2,0,0,0,0,0,0,200,200,200,200,200,200,200
436505,0,30,0,0,0,1,12,5,0,0,0,0,0,0,6,0,0,0,0,200,200
436505,0,30,0,0,0,1,12,5,0,0,0,0,0,0,9,0,0,0,0,200,200
436506,0,35,0,0,0,1,12,5,0,0,0,200,200,2,200,200,200,200,200,200,200
436506,0,35,0,0,0,1,12,5,0,0,0,200,200,0,6,0,0,0,0,200,200
436507,0,30,0,0,0,1,12,6,0,0,0,17,17,1,200,200,200,200,200,200,200
436507,0,30,0,0,0,1,12,6,0,0,0,17,17,0,7,0,200,0,0,200,200
436511,0,30,1,2,0,1,10,5,0,0,0,0,0,0,200,200,1,200,200,200,200
436511,0,30,1,2,0,1,10,5,0,0,0,0,0,0,7,0,0,0,0,200,200
436515,0,30,0,0,0,1,7,5,0,0,0,20,200,0,6,200,6,0,0,200,200
436517,0,5,0,0,0,1,0,7,0,0,0,22,0,1,6,0,0,200,0,200,200
436517,0,5,0,0,0,1,0,7,0,0,0,22,0,0,8,0,6,200,0,200,200
436521,0,30,0,0,0,1,12,2,0,0,0,0,0,1,6,0,0,0,0,200,200
436521,0,30,0,0,0,1,12,2,0,0,0,0,0,0,7,0,0,0,0,200,200
436521,1,30,0,0,0,1,12,2,0,0,0,0,0,1,1,7,200,200,200,200,200
436521,1,30,0,0,0,1,12,2,0,0,0,0,0,0,2,0,200,200,200,200,200
436524,0,30,0,0,0,1,7,5,0,0,0,9,11,0,5,0,12,0,0,200,200
436524,1,30,0,0,0,1,7,5,0,0,0,9,11,0,5,0,200,200,200,200,200
436533,0,30,200,200,200,200,7,5,0,200,200,0,200,2,200,200,200,200,200,200,200
436543,0,30,1,2,0,3,10,5,0,0,0,0,0,0,200,200,200,200,200,200,200
436543,0,30,1,2,0,3,10,5,0,0,0,0,0,0,6,0,0,0,0,200,200
436545,0,30,1,2,0,1,10,2,0,0,0,0,200,0,6,200,1,200,200,200,200
436545,0,30,1,2,0,1,10,2,0,0,0,0,200,0,7,0,0,0,200,200,200
436548,0,30,0,0,200,200,7,5,0,200,200,0,200,2,200,200,200,200,200,200,200
436554,0,30,0,0,0,1,12,2,0,0,0,17,22,1,8,0,2,0,0,200,200
436554,0,30,0,0,0,1,12,2,0,0,0,17,22,0,6,0,12,0,0,200,200
436556,0,30,0,0,0,1,12,5,0,0,0,17,18,0,5,200,1,0,0,200,200
436556,0,30,0,0,0,1,12,5,0,0,0,17,18,0,7,0,0,0,0,200,200
436558,0,25,0,0,0,1,8,5,0,0,0,17,200,1,4,0,1,0,0,200,200
436558,4,25,0,0,0,1,8,5,0,0,0,17,200,1,6,3,1,0,0,200,200
436559,0,30,1,2,0,1,12,2,0,0,0,22,17,0,200,200,2,200,200,200,200
436559,0,30,1,2,0,1,12,2,0,0,0,22,17,0,7,0,0,0,0,200,200
436561,0,30,2,2,0,1,0,5,0,0,0,17,6,1,9,0,5,200,0,200,200
436561,0,30,2,2,0,1,0,5,0,0,0,17,6,0,200,200,200,200,0,200,200
436562,0,20,0,0,0,1,12,2,0,0,0,17,200,0,5,200,1,0,200,200,200
436562,0,20,0,0,0,1,12,2,0,0,0,17,200,1,5,0,0,0,0,200,200
436567,0,35,1,2,0,1,12,5,0,0,200,22,0,0,7,200,2,0,0,200,200
436567,0,35,1,2,0,1,12,5,0,0,200,22,0,1,6,200,8,0,0,200,200
436570,4,30,0,0,0,1,8,5,0,0,0,0,0,0,8,7,200,0,0,200,200
436570,0,30,0,0,0,1,8,5,0,0,0,0,0,0,7,200,200,0,0,200,200
436571,0,30,1,2,0,1,8,2,0,0,0,17,200,0,200,200,1,200,200,200,200
436571,4,30,1,2,0,1,8,2,0,0,0,17,200,0,5,2,0,0,0,200,200
436574,0,30,0,0,0,1,3,5,0,0,0,13,0,0,7,0,12,0,0,200,200
436574,0,30,0,0,0,1,3,5,0,0,0,13,0,0,6,0,0,0,0,200,200
436574,1,30,0,0,0,1,3,5,0,0,0,13,0,0,7,0,200,200,200,200,200
436584,0,35,0,0,0,1,10,2,0,0,200,18,200,0,7,0,3,200,0,200,200
436584,0,35,0,0,0,1,10,2,0,0,200,18,200,1,6,0,0,0,0,200,200
436584,1,35,0,0,0,1,10,2,0,0,200,18,200,0,200,0,200,200,200,200,200
436585,0,25,0,0,0,1,8,5,0,0,0,0,200,1,6,200,200,0,0,200,200
436585,4,25,0,0,0,1,8,5,0,0,0,0,200,0,6,3,200,0,0,200,200
436585,1,25,0,0,0,1,8,5,0,0,0,0,200,0,200,200,200,200,200,200,200
436588,0,55,0,0,0,1,10,3,0,0,0,17,200,0,6,200,1,200,200,200,200
436588,0,55,0,0,0,1,10,3,0,0,0,17,200,1,7,0,0,0,200,200,200
436590,0,30,1,2,0,1,14,3,0,0,200,16,200,2,200,200,3,200,200,200,200
436590,0,30,1,2,0,1,14,3,0,0,200,16,200,0,5,200,0,200,200,200,200
436590,1,30,1,2,0,1,14,3,0,0,200,16,200,0,5,200,200,200,200,200,200
436590,1,30,1,2,0,1,14,3,0,0,200,16,200,0,5,200,200,200,200,200,200
436599,0,30,0,0,0,1,10,2,0,0,0,18,16,1,7,200,3,0,0,200,200
436599,0,30,0,0,0,1,10,2,0,0,0,18,16,1,5,0,12,0,0,200,200
436599,0,30,0,0,0,1,10,2,0,0,0,18,16,0,7,200,12,0,0,200,200
436599,1,30,0,0,0,1,10,2,0,0,0,18,16,1,5,0,200,200,200,200,200
436601,0,30,0,0,0,0,7,5,0,0,0,0,0,2,200,200,200,200,200,200,200
436603,0,30,0,0,0,1,7,6,0,0,0,7,0,1,8,200,12,200,200,200,200
436604,0,30,1,2,0,1,12,5,0,0,0,22,11,0,200,200,2,200,200,200,200
436604,0,30,1,2,0,1,12,5,0,0,0,22,11,1,6,0,0,0,0,200,200
436608,0,25,2,2,0,1,12,5,0,0,0,21,0,1,6,0,4,0,0,200,200
436608,0,25,2,2,0,1,12,5,0,0,0,21,0,0,7,0,0,0,0,200,200
436609,0,30,0,0,0,1,12,5,0,0,0,17,200,0,5,200,1,0,0,200,200
436609,0,30,0,0,0,1,12,5,0,0,0,17,200,0,6,200,0,0,0,200,200
436611,0,20,0,0,0,1,10,5,0,0,0,0,0,0,200,200,3,200,200,200,200
436611,0,20,0,0,0,1,10,5,0,0,0,0,0,0,5,0,0,0,0,200,200
436613,0,30,2,2,0,1,14,5,0,0,0,0,0,0,6,0,0,0,0,200,200
436613,0,30,2,2,0,1,14,5,0,0,0,0,0,0,6,0,0,0,0,200,200
436621,0,30,0,0,0,1,7,5,0,0,0,0,200,2,200,200,200,200,200,200,200
436624,0,30,2,2,0,1,0,12,0,0,0,17,0,0,6,0,1,5,0,200,200
436624,0,30,2,2,0,1,0,12,0,0,0,17,0,1,7,0,0,0,0,200,200
436624,0,30,2,2,0,1,0,12,0,0,0,17,0,0,200,200,0,200,0,200,200
436634,0,30,0,0,0,1,10,5,0,0,200,17,200,0,7,0,1,0,0,200,200
436634,0,30,0,0,0,1,10,5,0,0,200,17,200,1,5,7,0,0,0,200,200
436634,1,30,0,0,0,1,10,5,0,0,200,17,200,1,8,0,200,200,200,200,200
436635,0,0,0,0,0,1,7,4,0,0,0,0,0,2,200,200,200,200,200,200,200
436637,0,10,0,0,0,3,7,5,0,0,0,17,0,0,200,200,1,200,200,200,200
436644,0,30,2,2,0,1,14,5,0,0,0,0,200,0,200,0,0,0,0,200,200
436644,0,30,2,2,0,1,14,5,0,0,0,0,200,1,200,0,0,0,0,200,200
436652,0,10,0,0,0,1,7,7,0,0,0,0,0,0,200,200,6,200,200,200,200
436659,0,30,1,2,0,1,14,2,0,0,0,21,16,0,8,200,7,0,0,200,200
436659,0,30,1,2,0,1,14,2,0,0,0,21,16,0,6,200,0,0,0,200,200
436663,0,30,0,0,0,1,12,5,0,0,0,17,16,1,6,200,1,0,0,200,200
436663,0,30,0,0,0,1,12,5,0,0,0,17,16,0,6,200,0,0,0,200,200
436665,0,30,0,0,0,1,14,12,0,0,0,17,11,1,6,0,12,0,0,200,200
436665,0,30,0,0,0,1,14,12,0,0,0,17,11,1,4,0,12,0,0,200,200
436666,0,30,0,0,0,1,10,5,0,0,0,0,200,0,4,200,200,0,0,200,200
436666,0,30,0,0,0,1,10,5,0,0,0,0,200,1,6,200,200,0,0,200,200
436666,1,30,0,0,0,1,10,5,0,0,0,0,200,0,3,200,200,200,200,200,200
436669,0,30,4,200,0,1,0,5,0,0,0,17,200,0,6,0,200,0,0,200,200
436669,0,30,4,200,0,1,0,5,0,0,0,17,200,0,5,0,1,0,0,200,200
436669,1,30,4,200,0,1,0,5,0,0,0,17,200,0,200,5,200,200,200,200,200
436669,1,30,4,200,0,1,0,5,0,0,0,17,200,1,200,0,200,200,200,200,200
436675,0,30,0,0,0,1,14,5,0,0,0,0,0,0,7,0,0,0,0,200,200
436675,0,30,0,0,0,1,14,5,0,0,0,0,0,0,5,200,200,200,200,200,200
436677,0,40,0,0,0,1,12,3,5,0,0,0,0,0,4,200,7,0,0,200,200
436677,0,40,0,0,0,1,12,3,5,0,0,0,0,0,200,3,0,0,0,200,200
436677,0,40,0,0,0,1,12,3,5,0,0,0,0,0,6,200,0,0,0,200,200
436677,1,40,0,0,0,1,12,3,5,0,0,0,0,1,6,3,200,200,200,200,200
436679,0,25,0,0,0,1,3,5,0,0,0,33,200,0,7,200,0,6,0,200,200
436679,0,25,0,0,0,1,3,5,0,0,0,33,200,0,6,200,0,0,0,200,200
436681,0,30,0,0,0,1,12,2,0,0,0,18,0,1,200,200,200,200,200,200,200
436681,0,30,0,0,0,1,12,2,0,0,0,18,0,1,6,0,0,0,0,200,200
436681,1,30,0,0,0,1,12,2,0,0,0,18,0,1,200,0,200,200,200,200,200
436684,0,30,0,0,0,1,7,5,0,0,0,11,200,0,7,0,0,0,0,200,200
436685,0,20,0,0,0,1,7,5,0,0,0,11,0,0,4,0,8,0,0,200,200
436690,0,30,0,0,0,1,12,5,0,0,0,17,0,0,7,200,1,200,0,200,200
436690,0,30,0,0,0,1,12,5,0,0,0,17,0,1,8,200,0,200,0,200,200
436690,1,30,0,0,0,1,12,5,0,0,0,17,0,1,200,200,200,200,200,200,200
436691,0,30,1,2,0,1,10,5,0,0,0,18,200,0,5,0,3,0,0,200,200
436691,0,30,1,2,0,1,10,5,0,0,0,18,200,0,6,0,0,0,0,200,200
436696,0,30,0,0,0,1,10,2,0,0,0,0,0,0,6,200,200,200,0,200,200
436696,0,30,0,0,0,1,10,2,0,0,0,0,0,0,5,200,200,200,0,200,200
436699,0,30,1,2,0,1,14,2,0,0,200,23,16,0,7,0,7,0,0,200,200
436699,0,30,1,2,0,1,14,2,0,0,200,23,16,0,7,0,0,0,0,200,200
436699,1,30,1,2,0,1,14,2,0,0,200,23,16,1,7,0,200,200,200,200,200
436704,0,35,0,0,0,1,9,5,0,0,0,0,0,2,200,200,200,200,200,200,200
436704,5,35,0,0,0,1,9,5,0,0,0,0,0,0,6,7,12,200,200,200,200
436705,0,30,0,0,0,1,5,5,0,200,200,0,200,0,5,0,0,0,0,200,200
436708,0,30,0,0,0,1,14,5,0,0,0,23,11,0,7,0,7,0,0,200,200
436708,0,30,0,0,0,1,14,5,0,0,0,23,11,0,5,0,0,0,0,200,200
436713,0,30,0,0,0,1,7,3,0,0,0,16,200,0,0,200,2,200,0,200,200
436718,0,30,2,2,0,1,10,6,0,0,0,0,0,1,5,200,200,200,0,200,200
436718,0,30,2,2,0,1,10,6,0,0,0,0,0,0,4,200,200,200,0,200,200
436718,1,30,2,2,0,1,10,6,0,0,0,0,0,0,5,200,200,200,200,200,200
436718,1,30,2,2,0,1,10,6,0,0,0,0,0,1,200,200,200,200,200,200,200
436721,0,30,1,2,0,1,9,2,0,0,0,0,200,0,200,200,7,200,200,200,200
436721,5,30,1,2,0,1,9,2,0,0,0,0,200,1,5,200,200,200,0,200,200
436725,0,30,1,2,0,1,12,3,0,0,0,21,22,0,5,200,4,0,0,200,200
436725,0,30,1,2,0,1,12,3,0,0,0,21,22,1,200,200,0,0,0,200,200
436728,0,30,1,2,0,1,12,2,0,0,0,0,200,1,5,0,200,0,0,200,200
436728,0,30,1,2,0,1,12,2,0,0,0,0,200,1,8,0,200,0,0,200,200
436728,1,30,1,2,0,1,12,2,0,0,0,0,200,1,9,0,200,200,200,200,200
436729,3,30,12,12,0,1,2,2,0,0,1,200,200,200,200,200,200,200,200,200,200
436729,0,30,12,12,0,1,2,2,0,0,1,200,200,1,6,0,200,0,0,200,200
436731,0,30,0,0,0,1,8,5,0,0,0,0,0,0,5,200,15,0,0,200,200
436731,4,30,0,0,0,1,8,5,0,0,0,0,0,0,7,7,200,200,200,200,200
436736,0,30,0,0,0,4,12,5,0,0,0,21,23,0,7,200,4,200,200,200,200
436736,0,30,0,0,0,4,12,5,0,0,0,21,23,0,5,0,0,0,0,200,200
436737,0,15,0,0,0,1,7,6,0,0,0,0,0,2,200,200,200,200,200,200,200
436739,0,30,1,2,0,1,14,5,0,0,0,17,200,1,6,200,1,0,0,200,200
436739,0,30,1,2,0,1,14,5,0,0,0,17,200,0,9,200,0,0,0,200,200
436742,0,25,1,2,0,1,11,5,0,0,0,23,200,1,7,0,7,0,0,200,200
436742,0,25,1,2,0,1,11,5,0,0,0,23,200,1,6,0,0,0,0,200,200
436743,0,35,1,2,0,1,9,2,0,0,0,17,200,0,5,200,1,0,0,200,200
436743,5,35,1,2,0,1,9,2,0,0,0,17,200,1,4,7,12,12,0,200,200
436745,0,30,1,2,0,1,14,5,0,0,0,0,0,0,6,200,7,200,200,200,200
436745,0,30,1,2,0,1,14,5,0,0,0,0,0,0,6,200,200,200,200,200,200
436745,1,30,1,2,0,1,14,5,0,0,0,0,0,0,200,200,200,200,200,200,200
436747,0,30,0,0,0,1,10,5,0,0,0,18,16,0,4,0,3,0,0,200,200
436747,0,30,0,0,0,1,10,5,0,0,0,18,16,0,6,0,0,0,0,200,200
436748,0,30,0,0,0,1,7,5,0,0,0,0,200,2,200,200,200,200,200,200,200
436750,4,30,0,0,0,1,8,5,0,0,0,17,17,0,5,2,12,0,0,200,200
436750,0,30,0,0,0,1,8,5,0,0,0,17,17,1,6,0,0,0,0,200,200
436754,0,30,2,2,0,1,9,6,0,0,0,17,0,0,5,200,1,0,0,200,200
436754,5,30,2,2,0,1,9,6,0,0,0,17,0,1,8,7,12,0,0,200,200
436754,1,30,2,2,0,1,9,6,0,0,0,17,0,1,5,200,200,200,200,200,200
436761,0,30,0,0,0,1,10,2,0,0,0,18,11,0,7,0,3,0,0,200,200
436761,0,30,0,0,0,1,10,2,0,0,0,18,11,1,6,0,12,0,0,200,200
436761,0,30,0,0,0,1,10,2,0,0,0,18,11,1,7,0,12,0,0,200,200
436766,0,30,0,0,0,1,12,5,0,0,0,17,0,1,200,200,1,0,0,200,200
436766,0,30,0,0,0,1,12,5,0,0,0,17,0,0,200,0,0,0,0,200,200
436767,0,30,0,0,0,1,10,7,0,0,0,20,20,0,6,0,6,0,0,200,200
436767,0,30,0,0,0,1,10,7,0,0,0,20,20,1,5,0,6,0,0,200,200
436770,0,30,1,2,0,1,12,12,0,0,0,17,21,1,6,0,1,0,0,200,200
436770,0,30,1,2,0,1,12,12,0,0,0,17,21,1,200,200,0,200,200,200,200
436770,1,30,1,2,0,1,12,12,0,0,0,17,21,1,4,0,200,200,200,200,200
436776,0,30,1,2,0,1,10,5,0,0,0,18,200,0,200,200,3,200,200,200,200
436776,0,30,1,2,0,1,10,5,0,0,0,18,200,1,7,0,0,0,0,200,200
436778,0,30,1,2,0,1,12,5,0,0,0,0,0,0,200,200,200,200,200,200,200
436778,0,30,1,2,0,1,12,5,0,0,0,0,0,1,5,0,0,0,0,200,200
436786,0,35,0,0,0,1,7,5,0,0,0,0,0,1,7,0,12,0,0,200,200
436789,0,30,0,0,0,1,14,5,0,0,0,0,0,0,200,0,7,0,0,200,200
436789,0,30,0,0,0,1,14,5,0,0,0,0,0,0,7,0,0,0,0,200,200
436791,0,30,1,2,0,1,10,2,0,0,0,18,200,1,200,200,3,200,200,200,200
436791,0,30,1,2,0,1,10,2,0,0,0,18,200,1,6,0,0,0,0,200,200
436793,0,35,0,0,0,1,7,2,0,0,200,0,0,0,200,200,12,200,200,200,200
436797,0,30,0,0,0,1,0,2,0,0,0,16,17,1,5,0,12,0,0,200,200
436797,0,30,0,0,0,1,0,2,0,0,0,16,17,1,3,0,0,0,0,200,200
436797,1,30,0,0,0,1,0,2,0,0,0,16,17,1,6,0,200,200,200,200,200
436799,0,30,200,200,0,1,9,3,0,200,200,0,0,1,200,200,200,200,200,200,200
436799,5,30,200,200,0,1,9,3,0,200,200,0,0,1,3,7,0,200,0,200,200
436802,0,30,2,2,0,1,0,5,0,0,0,17,5,0,7,0,1,0,0,200,200
436802,0,30,2,2,0,1,0,5,0,0,0,17,5,1,4,0,0,0,0,200,200
436803,0,30,0,12,0,1,10,7,0,0,200,20,200,1,7,200,6,200,200,200,200
436803,0,30,0,12,0,1,10,7,0,0,200,20,200,1,6,0,0,0,0,200,200
436807,0,30,0,0,0,1,14,5,0,0,0,23,200,1,5,7,1,200,0,200,200
436807,0,30,0,0,0,1,14,5,0,0,0,23,200,1,6,7,0,200,0,200,200
436808,0,30,0,0,0,200,7,5,0,0,200,0,0,2,200,200,200,200,200,200,200
436813,0,30,1,2,0,4,10,5,0,0,0,16,0,1,5,200,11,200,200,200,200
436813,0,30,1,2,0,4,10,5,0,0,0,16,0,0,6,200,0,0,0,200,200
436815,0,30,0,0,0,1,0,5,0,0,0,0,0,1,5,0,0,0,0,200,200
436815,0,30,0,0,0,1,0,5,0,0,0,0,0,0,200,200,1,200,200,200,200
436817,0,30,2,2,0,0,7,6,0,0,0,0,0,0,200,200,200,200,200,200,200
436817,1,30,2,2,0,0,7,6,0,0,0,0,0,0,200,200,200,200,200,200,200
436822,0,30,1,200,0,1,10,5,0,0,200,200,200,0,6,200,200,200,0,200,200
436822,0,30,1,200,0,1,10,5,0,0,200,200,200,0,8,200,200,200,0,200,200
436823,0,30,0,0,0,1,12,5,0,0,0,0,0,0,7,200,12,0,0,200,200
436823,0,30,0,0,0,1,12,5,0,0,0,0,0,1,6,200,0,200,0,200,200
436831,0,35,1,2,0,1,12,3,0,0,0,21,200,1,6,200,12,200,200,200,200
436831,0,35,1,2,0,1,12,3,0,0,0,21,200,1,6,0,0,0,200,200,200
436831,1,35,1,2,0,1,12,3,0,0,0,21,200,0,6,0,200,200,200,200,200
436837,0,30,1,2,0,1,0,6,0,0,0,6,11,0,7,0,5,0,0,200,200
436837,0,30,1,2,0,1,0,6,0,0,0,6,11,0,5,0,12,0,0,200,200
436840,4,30,0,0,0,1,8,6,0,0,0,17,200,0,5,7,1,200,200,200,200
436840,0,30,0,0,0,1,8,6,0,0,0,17,200,0,6,0,0,0,0,200,200
436840,1,30,0,0,0,1,8,6,0,0,0,17,200,1,2,5,200,200,200,200,200
436842,0,35,1,2,0,1,10,2,0,0,0,18,18,0,7,0,3,200,0,200,200
436842,0,35,1,2,0,1,10,2,0,0,0,18,18,0,6,0,0,0,0,200,200
436845,0,30,2,1,0,1,14,5,0,0,0,0,0,0,6,200,200,0,0,200,200
436845,0,30,2,1,0,1,14,5,0,0,0,0,0,1,5,200,200,0,0,200,200
436848,0,35,200,0,0,1,7,5,0,0,200,0,200,2,200,200,200,200,200,200,200
436850,0,30,0,0,0,1,10,5,0,0,200,0,0,0,6,1,200,200,200,200,200
436850,0,30,0,0,0,1,10,5,0,0,200,0,0,1,6,0,0,200,200,200,200
436852,0,30,0,0,0,1,14,5,0,0,0,0,0,0,5,7,7,0,0,200,200
436852,0,30,0,0,0,1,14,5,0,0,0,0,0,0,4,0,0,0,0,200,200
436854,0,15,0,0,0,1,14,7,0,0,0,0,0,2,200,200,200,200,200,200,200
436854,0,15,0,0,0,1,14,7,0,0,0,0,0,1,6,0,0,0,0,200,200
436854,1,15,0,0,0,1,14,7,0,0,0,0,0,1,200,0,200,200,200,200,200
436854,1,15,0,0,0,1,14,7,0,0,0,0,0,1,200,0,200,200,200,200,200
436854,1,15,0,0,0,1,14,7,0,0,0,0,0,0,200,0,200,200,200,200,200
436854,1,15,0,0,0,1,14,7,0,0,0,0,0,1,200,0,200,200,200,200,200
436863,0,25,0,0,0,1,0,5,0,0,0,17,0,1,200,200,1,200,200,200,200
436863,0,25,0,0,0,1,0,5,0,0,0,17,0,0,6,0,0,0,0,200,200
436867,0,30,0,0,0,1,12,5,0,0,0,0,0,0,5,0,0,0,0,200,200
436867,0,30,0,0,0,1,12,5,0,0,0,0,0,0,6,0,0,0,0,200,200
436870,0,30,2,2,0,1,10,5,0,0,0,18,11,1,6,0,3,0,0,200,200
436870,0,30,2,2,0,1,10,5,0,0,0,18,11,1,6,0,0,0,0,200,200
436870,1,30,2,2,0,1,10,5,0,0,0,18,11,0,5,0,200,200,200,200,200
436882,0,35,1,2,0,1,14,2,0,0,200,22,21,0,200,200,7,200,200,200,200
436882,0,35,1,2,0,1,14,2,0,0,200,22,21,0,6,200,0,0,0,200,200
436887,0,30,1,2,0,1,10,5,0,0,0,18,16,0,6,0,3,0,0,200,200
436887,0,30,1,2,0,1,10,5,0,0,0,18,16,1,6,0,0,0,0,200,200
436889,0,25,0,0,0,3,9,6,0,0,0,0,200,0,200,200,200,200,200,200,200
436889,5,25,0,0,0,3,9,6,0,0,0,0,200,0,6,7,200,200,0,200,200
436891,0,30,1,2,0,1,12,5,0,0,0,22,16,0,4,200,2,200,0,200,200
436891,0,30,1,2,0,1,12,5,0,0,0,22,16,1,7,0,0,0,0,200,200
436893,0,30,1,2,0,1,10,5,0,0,0,18,18,0,5,0,3,200,0,200,200
436893,0,30,1,2,0,1,10,5,0,0,0,18,18,0,6,0,0,0,0,200,200
436894,0,30,0,0,0,1,10,2,0,0,0,0,0,0,5,0,12,0,0,200,200
436894,0,30,0,0,0,1,10,2,0,0,0,0,0,1,6,0,0,0,0,200,200
436895,0,30,2,2,0,1,10,5,0,0,0,18,200,1,6,0,3,0,0,200,200
436895,0,30,2,2,0,1,10,5,0,0,0,18,200,0,7,0,3,0,0,200,200
436895,0,30,2,2,0,1,10,5,0,0,0,18,200,1,5,0,0,0,0,200,200
436897,0,30,0,0,0,1,10,2,0,0,0,18,200,1,7,0,3,0,0,200,200
436897,0,30,0,0,0,1,10,2,0,0,0,18,200,1,6,0,0,3,0,200,200
436897,1,30,0,0,0,1,10,2,0,0,0,18,200,1,1,5,200,200,200,200,200
436897,1,30,0,0,0,1,10,2,0,0,0,18,200,1,3,0,200,200,200,200,200
436897,1,30,0,0,0,1,10,2,0,0,0,18,200,1,3,0,200,200,200,200,200
436900,0,25,2,2,0,1,7,6,0,0,0,16,25,0,7,1,13,0,0,200,200
436904,0,30,0,0,0,1,12,12,0,0,0,33,0,0,7,0,12,0,0,200,200
436904,0,30,0,0,0,1,12,12,0,0,0,33,0,1,5,0,12,0,0,200,200
436907,0,30,0,0,0,1,0,2,0,0,0,17,17,0,5,0,1,0,0,200,200
436907,0,30,0,0,0,1,0,2,0,0,0,17,17,1,7,0,0,0,0,200,200
436912,0,30,2,2,0,1,10,5,5,0,200,32,0,1,6,0,9,200,5,200,200
436912,0,30,2,2,0,1,10,5,5,0,200,32,0,1,6,200,0,200,0,200,200
436912,1,30,2,2,0,1,10,5,5,0,200,32,0,1,200,200,200,200,200,200,200
436912,1,30,2,2,0,1,10,5,5,0,200,32,0,0,200,200,200,200,200,200,200
436913,0,10,0,0,0,1,0,7,0,0,0,11,20,0,6,200,0,0,0,200,200
436913,0,10,0,0,0,1,0,7,0,0,0,11,20,0,3,200,6,0,0,200,200
436914,0,30,2,2,0,1,0,12,0,0,0,17,5,1,5,200,1,200,200,200,200
436914,0,30,2,2,0,1,0,12,0,0,0,17,5,1,6,0,0,200,7,200,200
436914,1,30,2,2,0,1,0,12,0,0,0,17,5,1,6,0,200,200,200,200,200
436915,0,30,1,2,0,1,14,5,0,0,0,11,25,0,200,200,7,200,200,200,200
436915,0,30,1,2,0,1,14,5,0,0,0,11,25,1,200,200,0,200,0,200,200
436916,0,25,0,0,0,4,7,6,0,0,0,11,200,1,6,200,200,0,0,200,200
436916,1,25,0,0,0,4,7,6,0,0,0,11,200,1,6,200,200,200,200,200,200
436916,1,25,0,0,0,4,7,6,0,0,0,11,200,200,5,200,200,200,200,200,200
436916,1,25,0,0,0,4,7,6,0,0,0,11,200,1,4,200,200,200,200,200,200
436916,1,25,0,0,0,4,7,6,0,0,0,11,200,1,3,200,200,200,200,200,200
436916,1,25,0,0,0,4,7,6,0,0,0,11,200,0,3,200,200,200,200,200,200
436919,0,30,2,0,200,200,7,12,0,200,4,16,0,2,200,200,200,200,200,200,200
436922,0,30,0,0,0,1,14,5,0,0,0,23,0,1,8,0,7,0,0,200,200
436922,0,30,0,0,0,1,14,5,0,0,0,23,0,0,5,0,0,0,0,200,200
436929,0,20,0,0,0,1,7,6,0,0,0,0,200,0,200,200,200,200,200,200,200
436930,0,30,2,2,0,1,10,12,0,0,0,0,0,0,200,0,2,0,0,200,200
436930,0,30,2,2,0,1,10,12,0,0,0,0,0,0,200,200,0,200,200,200,200
436933,0,30,0,0,0,1,12,6,0,0,0,0,200,0,200,200,12,0,0,200,200
436933,0,30,0,0,0,1,12,6,0,0,0,0,200,1,9,200,0,0,0,200,200
436944,0,30,1,2,0,1,10,5,0,0,0,0,0,0,200,200,12,200,0,200,200
436944,0,30,1,2,0,1,10,5,0,0,0,0,0,0,200,200,0,0,0,200,200
436945,0,30,0,0,0,1,14,12,0,0,0,22,11,0,200,0,2,0,0,200,200
436945,0,30,0,0,0,1,14,12,0,0,0,22,11,1,6,0,12,0,0,200,200
436948,0,30,1,2,0,1,14,2,0,0,0,17,17,0,5,200,1,0,0,200,200
436948,0,30,1,2,0,1,14,2,0,0,0,17,17,0,7,200,0,0,0,200,200
436951,0,30,0,0,0,2,7,5,0,0,0,0,200,0,6,0,0,200,200,200,200
436953,0,30,1,2,0,1,14,5,0,0,0,17,200,1,7,0,1,0,0,200,200
436953,0,30,1,2,0,1,14,5,0,0,0,17,200,0,6,0,0,0,0,200,200
436954,0,30,0,0,0,1,10,5,0,0,0,0,0,0,200,200,200,200,200,200,200
436954,0,30,0,0,0,1,10,5,0,0,0,0,0,0,6,0,0,0,0,200,200
436956,0,20,1,2,0,2,10,5,0,0,0,18,0,1,6,200,200,200,0,200,200
436956,0,20,1,2,0,2,10,5,0,0,0,18,0,0,5,200,0,200,0,200,200
436959,0,0,0,0,0,1,2,7,0,0,0,11,0,0,3,0,12,0,0,200,200
436959,1,0,0,0,0,1,2,7,0,0,0,11,0,1,6,0,200,200,200,200,200
436962,0,30,0,0,0,200,7,2,0,0,0,0,0,2,200,200,200,200,200,200,200
436963,0,15,1,2,0,1,10,8,5,0,0,0,18,1,9,0,3,0,0,200,200
436963,0,15,1,2,0,1,10,8,5,0,0,0,18,1,8,0,3,0,0,200,200
436965,0,30,200,200,0,4,12,2,0,200,200,0,0,2,200,200,200,200,200,200,200
436965,0,30,200,200,0,4,12,2,0,200,200,0,0,0,6,0,200,0,0,200,200
436966,0,45,3,2,0,1,10,3,0,0,0,16,200,0,5,0,8,0,0,200,200