RD_NO,PERSON_TYPE,POSTED_SPEED_LIMIT,TRAFFIC_CONTROL_DEVICE,DEVICE_CONDITION,WEATHER_CONDITION,LIGHTING_CONDITION,FIRST_CRASH_TYPE,TRAFFICWAY_TYPE,ALIGNMENT,ROADWAY_SURFACE_COND,ROAD_DEFECT,PRIM_CONTRIBUTORY_CAUSE,SEC_CONTRIBUTORY_CAUSE,SEX,AGE,SAFETY_EQUIPMENT,DRIVER_ACTION,DRIVER_VISION,PHYSICAL_CONDITION,BAC_RESULT VALUE,CELL_PHONE_USE
437457,0,30,2,2,0,3,12,200,0,0,0,0,200,2,200,200,200,200,200,200,200
437457,0,30,2,2,0,3,12,200,0,0,0,0,200,0,5,0,0,0,0,200,200
437458,0,30,2,2,0,3,7,6,2,0,12,10,28,0,6,0,9,0,0,200,200
437461,0,30,0,0,0,3,2,5,0,0,0,0,200,0,6,200,200,200,2,200,200
437461,1,30,0,0,0,3,2,5,0,0,0,0,200,0,200,200,200,200,200,200,200
437482,0,25,1,2,0,3,10,5,0,0,0,0,0,0,200,200,200,200,200,200,200
437482,0,25,1,2,0,3,10,5,0,0,0,0,0,0,5,0,0,0,0,200,200
437485,0,30,0,0,200,3,10,5,0,0,0,0,200,2,200,200,200,200,200,200,200
437485,0,30,0,0,200,3,10,5,0,0,0,0,200,2,200,200,200,200,200,200,200
437489,0,30,2,200,0,3,14,2,0,0,0,0,0,0,5,200,8,0,0,200,200
437489,0,30,2,200,0,3,14,2,0,0,0,0,0,0,6,200,200,0,0,200,200
437497,0,30,1,2,0,3,2,5,0,0,0,2,200,0,5,200,15,0,200,200,200
437507,0,55,0,0,0,2,2,3,1,0,0,0,200,0,6,0,0,0,0,200,200
437507,1,55,0,0,0,2,2,3,1,0,0,0,200,1,5,0,200,200,200,200,200
437514,0,20,0,0,0,3,12,6,0,0,0,25,200,1,200,200,12,200,200,200,200
437514,0,20,0,0,0,3,12,6,0,0,0,25,200,1,5,0,0,0,0,200,200
437516,0,30,2,2,0,2,14,12,0,0,0,17,200,0,5,200,1,200,7,200,200
437516,0,30,2,2,0,2,14,12,0,0,0,17,200,0,7,200,0,200,0,200,200
437527,0,35,2,0,0,1,2,3,0,0,0,32,0,0,5,200,200,0,0,200,200
437536,0,35,0,0,0,3,7,6,0,0,0,200,200,1,200,200,200,200,200,200,200
437538,0,30,0,0,0,200,7,6,0,0,0,200,200,2,200,200,200,200,200,200,200
437542,0,30,1,2,0,1,14,5,0,0,0,0,0,2,200,200,5,200,200,200,200
437542,0,30,1,2,0,1,14,5,0,0,0,0,0,1,7,1,0,0,0,200,200
437542,1,30,1,2,0,1,14,5,0,0,0,0,0,0,7,7,200,200,200,200,200
437542,1,30,1,2,0,1,14,5,0,0,0,0,0,0,6,7,200,200,200,200,200
437542,1,30,1,2,0,1,14,5,0,0,0,0,0,1,200,7,200,200,200,200,200
437543,0,35,0,0,0,2,7,5,0,0,0,0,0,0,200,200,200,200,200,200,200
437559,0,30,0,0,0,200,7,5,0,0,0,21,0,2,200,200,200,200,200,200,200
437562,0,30,5,2,0,1,10,6,0,0,0,0,0,1,7,0,3,200,0,200,200
437562,0,30,5,2,0,1,10,6,0,0,0,0,0,0,6,0,12,0,0,200,200
437571,0,25,0,200,200,200,7,6,0,200,0,0,0,2,200,200,200,200,200,200,200
437572,0,30,0,0,0,1,7,6,0,0,0,0,200,2,200,200,200,200,200,200,200
437585,0,25,0,0,0,0,7,6,0,0,0,0,0,2,200,200,200,200,200,200,200
437586,0,35,0,0,0,1,12,5,0,0,0,0,200,0,0,0,0,0,0,200,200
437586,0,35,0,0,0,1,12,5,0,0,0,0,200,1,7,0,0,0,0,200,200
437590,0,30,0,0,0,1,7,2,0,0,0,20,16,1,200,200,6,0,3,200,200
437590,1,30,0,0,0,1,7,2,0,0,0,20,16,1,1,200,200,200,200,200,200
437590,1,30,0,0,0,1,7,2,0,0,0,20,16,1,200,200,200,200,200,200,200
437590,1,30,0,0,0,1,7,2,0,0,0,20,16,1,1,200,200,200,200,200,200
437592,0,25,0,0,0,1,7,5,0,0,0,0,0,1,7,0,6,0,0,200,200
437598,0,30,0,0,0,1,7,5,0,0,0,25,25,0,3,200,12,200,0,200,200
437598,1,30,0,0,0,1,7,5,0,0,0,25,25,0,3,200,200,200,200,200,200
437598,1,30,0,0,0,1,7,5,0,0,0,25,25,0,4,200,200,200,200,200,200
437600,0,35,0,0,0,1,14,5,0,0,0,20,20,1,6,0,6,0,0,200,200
437600,0,35,0,0,0,1,14,5,0,0,0,20,20,0,7,0,0,0,0,200,200
437600,1,35,0,0,0,1,14,5,0,0,0,20,20,0,200,0,200,200,200,200,200
437600,1,35,0,0,0,1,14,5,0,0,0,20,20,0,200,0,200,200,200,200,200
437609,0,30,0,0,0,1,7,6,0,0,0,10,200,2,200,200,9,200,200,200,200
437619,0,30,1,2,200,3,14,5,0,200,0,17,0,0,200,0,1,200,200,200,200
437619,0,30,1,2,200,3,14,5,0,200,0,17,0,1,200,200,200,200,200,200,200
437638,0,30,1,2,0,3,10,3,0,0,0,0,200,0,5,200,0,0,0,200,200
437638,0,30,1,2,0,3,10,3,0,0,0,0,200,0,6,0,0,0,0,200,200
437638,1,30,1,2,0,3,10,3,0,0,0,0,200,0,200,200,200,200,200,200,200
437645,0,30,0,0,0,1,7,3,0,0,0,200,200,0,6,0,200,0,0,200,200
437646,0,25,0,0,0,1,10,5,0,0,0,16,200,1,7,0,3,0,0,200,200
437646,0,25,0,0,0,1,10,5,0,0,0,16,200,0,8,0,0,0,0,200,200
437650,0,30,1,2,0,1,0,5,0,0,1,6,200,0,200,0,5,0,0,200,200
437650,0,30,1,2,0,1,0,5,0,0,1,6,200,0,200,0,0,0,0,200,200
437651,5,15,0,0,0,1,9,7,0,0,0,0,0,0,8,7,200,0,0,200,200
437651,0,15,0,0,0,1,9,7,0,0,0,0,0,0,8,0,200,0,0,200,200
437657,0,30,2,2,0,3,7,6,0,0,0,0,0,2,200,200,200,200,200,200,200
437665,0,30,1,2,0,1,7,5,0,0,0,20,200,1,5,200,6,0,0,200,200
437666,0,30,0,0,0,1,2,7,0,0,0,0,0,2,200,200,200,200,200,200,200
437669,0,30,1,2,0,1,2,5,0,0,0,0,0,2,200,200,200,200,200,200,200
437684,0,30,0,0,0,200,7,5,0,0,0,0,200,2,200,200,200,200,200,200,200
437690,0,30,0,0,0,1,12,5,0,0,200,0,0,1,7,200,200,200,0,200,200
437690,0,30,0,0,0,1,12,5,0,0,200,0,0,0,9,200,200,200,0,200,200
437692,0,30,0,0,0,1,12,5,0,0,0,25,25,0,200,0,12,0,0,200,200
437692,0,30,0,0,0,1,12,5,0,0,0,25,25,0,6,0,200,0,0,200,200
437692,1,30,0,0,0,1,12,5,0,0,0,25,25,1,200,200,200,200,200,200,200
437707,0,30,0,0,0,1,12,5,0,0,0,0,0,0,5,0,12,0,0,200,200
437707,0,30,0,0,0,1,12,5,0,0,0,0,0,0,5,0,0,0,0,200,200
437707,1,30,0,0,0,1,12,5,0,0,0,0,0,1,200,0,200,200,200,200,200
437707,1,30,0,0,0,1,12,5,0,0,0,0,0,0,200,7,200,200,200,200,200
437709,0,35,0,0,0,1,8,6,0,0,0,17,0,1,3,0,1,200,0,200,200
437709,4,35,0,0,0,1,8,6,0,0,0,17,0,0,6,7,0,0,0,200,200
437709,1,35,0,0,0,1,8,6,0,0,0,17,0,1,3,0,200,200,200,200,200
437713,0,30,0,0,0,3,7,6,0,0,0,25,16,2,200,200,8,200,200,200,200
437717,0,30,1,2,0,0,12,2,0,0,0,22,0,2,200,200,200,200,200,200,200
437717,0,30,1,2,0,0,12,2,0,0,0,22,0,1,0,0,0,200,0,200,200
437719,0,40,0,0,0,1,12,8,0,0,200,0,0,1,200,200,200,200,200,200,200
437719,0,40,0,0,0,1,12,8,0,0,200,0,0,0,9,200,200,0,0,200,200
437720,0,30,0,0,0,1,10,2,0,0,0,18,0,0,200,0,3,0,200,200,200
437720,0,30,0,0,0,1,10,2,0,0,0,18,0,0,7,0,0,0,0,200,200
437721,0,30,0,0,0,1,12,2,0,0,0,0,200,0,4,200,3,0,0,200,200
437721,0,30,0,0,0,1,12,2,0,0,0,0,200,1,200,200,200,200,200,200,200
437721,0,30,0,0,0,1,12,2,0,0,0,0,200,0,200,200,200,200,200,200,200
437727,0,25,0,0,0,3,7,5,0,0,0,0,0,2,200,200,200,200,200,200,200
437730,0,20,0,0,0,1,10,5,0,0,0,0,0,0,6,0,3,0,0,200,200
437730,0,20,0,0,0,1,10,5,0,0,0,0,0,0,7,200,200,200,200,200,200
437730,1,20,0,0,0,1,10,5,0,0,0,0,0,1,200,0,200,200,200,200,200
437730,1,20,0,0,0,1,10,5,0,0,0,0,0,1,200,200,200,200,200,200,200
437731,0,15,0,0,0,0,14,5,0,0,200,200,200,2,200,200,200,200,200,200,200
437731,0,15,0,0,0,0,14,5,0,0,200,200,200,0,6,200,0,200,200,200,200
437732,0,20,0,0,200,200,7,6,3,200,0,0,200,2,200,200,200,200,200,200,200
437735,0,15,0,0,0,1,7,7,0,0,0,0,200,2,200,200,200,200,200,200,200
437736,0,30,1,2,0,1,0,2,0,0,0,17,6,0,200,200,200,200,200,200,200
437736,0,30,1,2,0,1,0,2,0,0,0,17,6,0,6,7,0,200,0,200,200
437739,0,30,0,0,0,3,7,5,0,0,3,0,200,2,200,200,200,200,200,200,200
437742,0,40,0,0,0,1,10,2,0,0,0,21,200,0,5,0,4,0,0,200,200
437742,0,40,0,0,0,1,10,2,0,0,0,21,200,1,8,0,0,0,0,200,200
437745,0,30,2,2,0,1,7,2,0,0,0,16,0,1,5,0,200,0,0,200,200
437750,0,35,0,0,0,1,7,3,0,0,0,0,0,0,0,0,200,0,0,200,200
437755,0,35,2,2,200,0,7,6,0,0,0,20,0,1,200,200,6,200,200,200,200
437756,0,30,2,2,0,1,14,6,0,0,0,17,200,1,6,0,1,0,0,200,200
437756,0,30,2,2,0,1,14,6,0,0,0,17,200,0,6,0,0,0,0,200,200
437756,1,30,2,2,0,1,14,6,0,0,0,17,200,0,3,0,200,200,200,200,200
437758,0,30,2,1,0,1,0,12,0,0,0,0,200,0,200,200,200,200,200,200,200
437758,0,30,2,1,0,1,0,12,0,0,0,0,200,1,8,0,0,0,0,200,200
437761,0,30,0,0,0,3,7,6,0,0,0,0,0,2,200,200,200,200,200,200,200
437765,0,30,0,0,0,1,10,5,0,0,0,18,200,0,200,200,3,200,200,200,200
437765,0,30,0,0,0,1,10,5,0,0,0,18,200,0,7,0,0,0,0,200,200
437768,0,25,1,2,0,1,12,5,0,0,0,17,0,1,4,0,7,0,0,200,200
437768,0,25,1,2,0,1,12,5,0,0,0,17,0,0,8,7,0,0,0,200,200
437775,0,25,0,0,0,1,10,7,0,0,0,16,15,0,7,0,6,0,0,200,200
437775,0,25,0,0,0,1,10,7,0,0,0,16,15,0,6,0,0,0,0,200,200
437785,0,30,1,2,0,1,10,5,0,0,0,16,200,0,7,0,1,0,0,200,200
437785,0,30,1,2,0,1,10,5,0,0,0,16,200,0,6,7,0,0,0,200,200
437785,1,30,1,2,0,1,10,5,0,0,0,16,200,0,2,5,200,200,200,200,200
437785,1,30,1,2,0,1,10,5,0,0,0,16,200,1,1,5,200,200,200,200,200
437785,1,30,1,2,0,1,10,5,0,0,0,16,200,1,7,0,200,200,200,200,200
437795,0,5,0,0,0,1,7,7,0,0,0,21,21,0,200,200,10,200,200,200,200
437798,0,30,12,2,0,1,10,2,0,0,12,25,16,0,200,200,5,200,200,200,200
437798,0,30,12,2,0,1,10,2,0,0,12,25,16,1,5,0,0,0,0,200,200
437798,0,30,12,2,0,1,10,2,0,0,12,25,16,0,5,0,0,0,0,200,200
437798,1,30,12,2,0,1,10,2,0,0,12,25,16,0,200,200,200,200,200,200,200
437798,1,30,12,2,0,1,10,2,0,0,12,25,16,0,200,200,200,200,200,200,200
437803,0,30,1,2,0,1,0,5,2,0,0,0,0,0,6,0,0,0,0,200,200
437803,0,30,1,2,0,1,0,5,2,0,0,0,0,0,6,0,0,0,0,200,200
437803,1,30,1,2,0,1,0,5,2,0,0,0,0,1,5,0,200,200,200,200,200
437805,0,10,0,0,0,1,0,7,0,0,0,0,200,0,6,0,0,0,0,200,200
437805,0,10,0,0,0,1,0,7,0,0,0,0,200,0,5,0,0,0,0,200,200
437815,0,30,0,0,0,1,12,3,0,0,0,200,200,0,200,0,200,200,0,200,200
437815,0,30,0,0,0,1,12,3,0,0,0,200,200,1,200,0,200,200,200,200,200
437825,0,25,2,2,0,1,7,5,0,0,0,0,200,2,200,200,200,200,200,200,200
437832,0,30,2,2,0,1,0,5,0,0,0,17,200,0,5,0,1,0,0,200,200
437832,0,30,2,2,0,1,0,5,0,0,0,17,200,0,200,200,0,0,200,200,200
437835,0,30,2,2,0,1,0,3,0,0,0,0,200,2,200,200,200,200,200,200,200
437835,0,30,2,2,0,1,0,3,0,0,0,0,200,1,8,0,12,0,0,200,200
437835,1,30,2,2,0,1,0,3,0,0,0,0,200,0,200,0,200,200,200,200,200
437838,0,10,0,0,0,1,12,7,0,0,0,0,200,0,200,0,0,0,0,200,200
437838,0,10,0,0,0,1,12,7,0,0,0,0,200,0,200,0,0,0,0,200,200
437838,0,10,0,0,0,1,12,7,0,0,0,0,200,1,9,0,0,0,0,200,200
437838,5,10,0,0,0,1,12,7,0,0,0,0,200,1,7,7,0,0,0,200,1
437838,1,10,0,0,0,1,12,7,0,0,0,0,200,1,7,0,200,200,200,200,200
437845,0,30,0,0,0,1,7,5,0,0,0,0,0,0,200,200,12,200,200,200,200
437849,0,30,0,0,0,1,14,2,0,0,0,17,0,0,7,0,1,0,0,200,200
437849,0,30,0,0,0,1,14,2,0,0,0,17,0,0,6,0,0,0,0,200,200
437857,0,30,2,0,0,1,0,5,0,0,0,33,200,0,6,200,12,1,0,200,200
437857,0,30,2,0,0,1,0,5,0,0,0,33,200,0,6,200,0,0,0,200,200
437865,0,30,1,2,0,1,10,2,0,0,0,14,200,0,4,0,8,0,0,200,200
437865,0,30,1,2,0,1,10,2,0,0,0,14,200,0,6,0,0,0,0,200,200
437870,0,30,1,2,0,1,10,5,3,0,0,18,11,0,200,200,200,1,200,200,200
437870,0,30,1,2,0,1,10,5,3,0,0,18,11,1,6,0,12,0,200,200,200
437870,1,30,1,2,0,1,10,5,3,0,0,18,11,1,200,200,200,200,200,200,200
437871,0,20,0,0,0,1,0,6,0,0,0,11,200,1,7,200,12,0,0,200,200
437871,0,20,0,0,0,1,0,6,0,0,0,11,200,0,7,200,12,0,0,200,200
437871,1,20,0,0,0,1,0,6,0,0,0,11,200,1,4,200,200,200,200,200,200
437871,1,20,0,0,0,1,0,6,0,0,0,11,200,1,0,200,200,200,200,200,200
437871,1,20,0,0,0,1,0,6,0,0,0,11,200,0,200,200,200,200,200,200,200
437878,0,30,0,0,0,1,14,7,0,0,0,200,200,1,200,200,12,200,200,200,200
437878,5,30,0,0,0,1,14,7,0,0,0,200,200,1,200,200,0,0,200,200,200
437878,0,30,0,0,0,1,14,7,0,0,0,200,200,0,5,200,12,0,0,200,200
437878,0,30,0,0,0,1,14,7,0,0,0,200,200,0,5,200,0,0,0,200,200
437878,1,30,0,0,0,1,14,7,0,0,0,200,200,1,0,5,200,200,200,200,200
437882,0,30,2,2,0,1,14,12,0,0,0,23,7,1,7,200,7,0,0,200,200
437882,0,30,2,2,0,1,14,12,0,0,0,23,7,0,6,200,12,0,0,200,200
437885,0,30,0,0,0,1,10,2,0,0,0,11,200,0,6,200,200,200,0,200,200
437885,0,30,0,0,0,1,10,2,0,0,0,11,200,1,6,200,0,200,0,200,200
437887,0,30,0,0,0,1,7,5,0,0,0,0,0,0,200,200,0,200,200,200,200
437890,0,30,0,0,0,1,12,5,0,0,0,11,33,0,6,0,12,0,0,200,200
437890,0,30,0,0,0,1,12,5,0,0,0,11,33,0,8,3,0,0,0,200,200
437890,1,30,0,0,0,1,12,5,0,0,0,11,33,1,200,3,200,200,200,200,200
437890,1,30,0,0,0,1,12,5,0,0,0,11,33,0,0,0,200,200,200,200,200
437890,1,30,0,0,0,1,12,5,0,0,0,11,33,1,6,0,200,200,200,200,200
437890,1,30,0,0,0,1,12,5,0,0,0,11,33,1,1,0,200,200,200,200,200
437891,0,30,200,200,0,200,7,5,0,200,200,0,0,1,6,200,200,200,200,200,200
437892,0,30,1,2,0,1,12,2,0,0,200,22,0,0,8,200,2,200,200,200,200
437892,0,30,1,2,0,1,12,2,0,0,200,22,0,1,6,0,0,0,0,200,200
437892,1,30,1,2,0,1,12,2,0,0,200,22,0,1,200,0,200,200,200,200,200
437892,1,30,1,2,0,1,12,2,0,0,200,22,0,1,200,0,200,200,200,200,200
437893,0,30,0,0,0,3,7,5,0,0,0,22,16,1,6,200,2,200,0,200,200
437893,1,30,0,0,0,3,7,5,0,0,0,22,16,2,200,200,200,200,200,200,200
437894,0,30,0,0,0,1,7,7,0,0,0,0,200,2,200,200,200,200,200,200,200
437896,0,10,0,0,0,1,0,7,0,0,200,20,20,0,5,0,6,0,0,200,200
437896,0,10,0,0,0,1,0,7,0,0,200,20,20,0,7,0,0,0,0,200,200
437901,0,30,0,0,0,1,7,6,0,0,0,0,200,2,200,200,200,200,200,200,200
437907,0,30,0,0,0,1,10,2,0,0,0,18,18,1,5,200,3,200,200,200,200
437907,0,30,0,0,0,1,10,2,0,0,0,18,18,0,9,0,0,0,0,200,200
437907,1,30,0,0,0,1,10,2,0,0,0,18,18,1,200,200,200,200,200,200,200
437908,0,30,0,0,0,1,12,5,0,0,0,11,200,0,7,0,200,0,0,200,200
437908,0,30,0,0,0,1,12,5,0,0,0,11,200,0,6,0,0,0,0,200,200
437908,1,30,0,0,0,1,12,5,0,0,0,11,200,1,6,0,200,200,200,200,200
437915,0,30,1,2,0,1,9,2,0,0,0,0,200,1,5,200,200,200,0,200,200
437915,5,30,1,2,0,1,9,2,0,0,0,0,200,1,7,200,200,200,0,200,200
437916,0,0,2,2,0,1,9,5,0,0,0,17,17,0,9,0,1,0,0,200,200
437916,5,0,2,2,0,1,9,5,0,0,0,17,17,1,9,200,0,0,0,200,200
437921,0,30,0,0,0,1,7,2,0,0,0,0,0,2,200,200,200,200,200,200,200
437924,0,30,1,2,0,1,10,2,0,0,200,18,0,1,6,200,3,200,200,200,200
437924,0,30,1,2,0,1,10,2,0,0,200,18,0,0,6,0,0,0,0,200,200
437926,0,30,0,0,0,1,0,7,0,0,0,0,0,0,9,0,1,0,0,200,200
437926,0,30,0,0,0,1,0,7,0,0,0,0,0,0,7,0,0,0,0,200,200
437935,0,30,0,0,0,1,8,5,0,0,0,0,0,1,8,0,200,0,0,200,200
437935,4,30,0,0,0,1,8,5,0,0,0,0,0,1,5,3,200,0,0,200,200
437936,0,20,0,0,0,1,14,5,0,0,0,22,200,1,5,200,2,200,200,200,200
437936,0,20,0,0,0,1,14,5,0,0,0,22,200,1,8,200,0,200,200,200,200
437937,0,30,1,2,0,1,0,6,0,0,0,6,17,0,6,200,5,0,0,200,200
437937,0,30,1,2,0,1,0,6,0,0,0,6,17,0,7,0,0,0,0,200,200
437937,1,30,1,2,0,1,0,6,0,0,0,6,17,1,7,0,200,200,200,200,200
437948,0,30,1,2,0,1,10,2,0,0,200,18,200,1,7,200,3,200,200,200,200
437948,0,30,1,2,0,1,10,2,0,0,200,18,200,0,5,200,0,200,200,200,200
437948,1,30,1,2,0,1,10,2,0,0,200,18,200,0,5,200,200,200,200,200,200
437955,0,50,1,2,0,1,14,2,0,0,0,18,16,0,6,0,0,0,0,200,200
437955,0,50,1,2,0,1,14,2,0,0,0,18,16,1,200,0,3,0,0,200,200
437958,0,30,1,2,0,1,0,5,0,0,0,6,200,1,5,200,5,200,0,200,200
437958,0,30,1,2,0,1,0,5,0,0,0,6,200,0,9,200,5,200,0,200,200
437962,0,30,200,200,0,1,14,5,0,200,200,0,0,0,7,200,200,200,200,200,200
437962,0,30,200,200,0,1,14,5,0,200,200,0,0,0,200,200,200,200,200,200,200
437962,1,30,200,200,0,1,14,5,0,200,200,0,0,1,200,200,200,200,200,200,200
437962,1,30,200,200,0,1,14,5,0,200,200,0,0,1,200,200,200,200,200,200,200
437963,0,30,2,2,0,3,14,5,0,0,0,17,6,0,8,200,1,0,0,200,200
437963,0,30,2,2,0,3,14,5,0,0,0,17,6,0,6,0,0,0,0,200,200
437968,0,30,0,0,0,1,14,5,0,0,0,23,200,1,200,200,7,200,200,200,200
437968,0,30,0,0,0,1,14,5,0,0,0,23,200,0,6,200,0,0,0,200,200
437986,0,15,0,0,0,1,10,7,0,0,0,20,16,0,6,0,6,0,0,200,200
437986,0,15,0,0,0,1,10,7,0,0,0,20,16,1,6,0,0,0,0,200,200
437996,0,30,0,0,200,200,7,6,0,200,200,0,200,2,200,200,200,200,200,200,200
438000,0,30,1,2,0,1,10,5,0,0,0,18,16,0,200,0,3,0,0,200,200
438000,0,30,1,2,0,1,10,5,0,0,0,18,16,0,200,0,0,0,0,200,200
438001,0,30,0,0,0,1,14,5,0,0,0,17,17,0,7,200,1,200,0,200,200
438001,0,30,0,0,0,1,14,5,0,0,0,17,17,0,5,200,0,0,0,200,200
438008,0,30,1,2,0,3,0,5,0,0,200,17,17,0,200,200,1,200,200,200,200
438008,0,30,1,2,0,3,0,5,0,0,200,17,17,1,5,0,0,0,0,200,200
438013,0,30,0,0,0,1,7,7,0,0,0,20,200,0,200,200,6,200,0,200,200
438013,1,30,0,0,0,1,7,7,0,0,0,20,200,0,200,200,200,200,200,200,200
438013,1,30,0,0,0,1,7,7,0,0,0,20,200,0,200,0,200,200,200,200,200
438018,0,30,0,0,0,1,10,2,0,0,0,18,18,1,6,200,1,0,0,200,200
438018,0,30,0,0,0,1,10,2,0,0,0,18,18,0,6,200,3,0,0,200,200
438029,0,15,0,0,0,1,7,7,0,0,0,0,0,2,200,200,200,200,200,200,200
438030,0,30,0,0,0,1,10,5,0,0,0,16,18,0,6,0,3,0,0,200,200
438030,0,30,0,0,0,1,10,5,0,0,0,16,18,0,6,0,0,0,0,200,200
438031,0,30,2,2,0,1,0,2,0,0,200,5,17,0,200,200,5,200,200,200,200
438031,0,30,2,2,0,1,0,2,0,0,200,5,17,1,5,0,0,0,200,200,200
438031,1,30,2,2,0,1,0,2,0,0,200,5,17,1,200,0,200,200,200,200,200
438031,1,30,2,2,0,1,0,2,0,0,200,5,17,0,2,0,200,200,200,200,200
438031,1,30,2,2,0,1,0,2,0,0,200,5,17,0,1,5,200,200,200,200,200
438033,0,25,2,2,0,1,10,6,0,0,0,0,0,1,5,0,12,0,0,200,200
438033,0,25,2,2,0,1,10,6,0,0,0,0,0,1,7,0,0,0,0,200,200
438033,1,25,2,2,0,1,10,6,0,0,0,0,0,2,200,200,200,200,200,200,200
438036,0,35,0,0,0,1,12,2,0,0,0,17,22,0,5,200,1,4,0,200,200
438036,0,35,0,0,0,1,12,2,0,0,0,17,22,0,7,200,0,0,0,200,200
438036,1,35,0,0,0,1,12,2,0,0,0,17,22,1,6,200,200,200,200,200,200
438037,0,30,0,0,0,1,10,5,0,0,0,19,0,0,7,0,1,0,0,200,200
438037,0,30,0,0,0,1,10,5,0,0,0,19,0,0,5,0,0,0,0,200,200
438051,0,30,1,2,0,1,12,5,0,0,0,0,200,0,7,0,12,0,0,200,200
438051,0,30,1,2,0,1,12,5,0,0,0,0,200,0,7,0,12,0,0,200,200
438051,1,30,1,2,0,1,12,5,0,0,0,0,200,0,7,0,200,200,200,200,200
438052,0,25,1,2,0,1,10,2,0,0,0,18,200,0,5,0,3,0,0,200,200
438052,0,25,1,2,0,1,10,2,0,0,0,18,200,0,6,0,0,0,0,200,200
438053,0,30,1,2,0,1,14,3,3,0,0,0,0,1,6,200,200,200,0,200,200
438053,0,30,1,2,0,1,14,3,3,0,0,0,0,0,4,200,200,0,0,200,200
438053,0,30,1,2,0,1,14,3,3,0,0,0,0,1,7,200,200,0,0,200,200
438053,1,30,1,2,0,1,14,3,3,0,0,0,0,0,3,200,200,200,200,200,200
438053,1,30,1,2,0,1,14,3,3,0,0,0,0,0,5,200,200,200,200,200,200
438053,1,30,1,2,0,1,14,3,3,0,0,0,0,0,4,200,200,200,200,200,200
438053,1,30,1,2,0,1,14,3,3,0,0,0,0,0,5,200,200,200,200,200,200
438053,1,30,1,2,0,1,14,3,3,0,0,0,0,0,7,200,200,200,200,200,200
438060,0,20,0,0,0,1,7,2,0,0,0,18,0,2,200,200,1,200,200,200,200
438065,0,30,2,2,0,1,0,5,0,0,0,17,200,1,9,0,1,0,0,200,200
438065,0,30,2,2,0,1,0,5,0,0,0,17,200,0,7,0,0,0,0,200,200
438071,0,30,0,0,0,1,12,6,0,0,200,0,0,1,200,200,1,200,200,200,200
438071,0,30,0,0,0,1,12,6,0,0,200,0,0,1,5,0,0,0,0,200,200
438072,0,40,0,0,0,1,12,3,0,0,0,16,18,0,6,0,3,0,3,200,200
438072,0,40,0,0,0,1,12,3,0,0,0,16,18,0,7,0,0,0,0,200,200
438077,0,25,2,2,0,1,0,5,0,0,0,0,0,1,6,200,200,200,0,200,200
438077,0,25,2,2,0,1,0,5,0,0,0,0,0,1,6,200,200,200,0,200,200
438078,0,30,0,0,0,1,10,5,0,0,0,0,0,1,200,200,200,200,200,200,200
438078,0,30,0,0,0,1,10,5,0,0,0,0,0,0,7,0,0,0,0,200,200
438082,0,40,1,2,0,1,14,2,0,0,0,21,200,0,200,200,7,200,200,200,200
438082,0,40,1,2,0,1,14,2,0,0,0,21,200,0,7,0,0,0,0,200,200
438082,1,40,1,2,0,1,14,2,0,0,0,21,200,1,6,0,200,200,200,200,200
438085,0,30,1,2,0,1,10,2,0,0,0,18,7,0,200,200,3,0,200,200,200
438085,0,30,1,2,0,1,10,2,0,0,0,18,7,1,7,0,0,0,0,200,200
438085,1,30,1,2,0,1,10,2,0,0,0,18,7,1,200,200,200,200,200,200,200
438088,0,25,0,0,0,1,7,7,0,0,0,200,200,2,200,200,200,200,200,200,200
438096,0,30,1,2,0,1,0,5,0,0,0,0,0,0,5,200,200,200,0,200,200
438096,0,30,1,2,0,1,0,5,0,0,0,0,0,0,5,200,200,200,0,200,200
438096,1,30,1,2,0,1,0,5,0,0,0,0,0,0,200,200,200,200,200,200,200
438104,0,30,0,0,0,1,10,5,0,0,200,21,200,1,7,0,0,200,0,200,200
438104,0,30,0,0,0,1,10,5,0,0,200,21,200,0,7,0,4,200,0,200,200
438107,0,35,0,0,0,0,2,0,0,0,0,12,200,1,6,0,12,0,0,200,200
438114,0,30,1,2,0,1,9,6,0,0,0,6,17,0,200,200,1,200,200,200,200
438114,5,30,1,2,0,1,9,6,0,0,0,6,17,1,6,7,200,200,7,200,200
438116,0,30,0,0,0,1,12,6,0,0,200,17,0,0,7,0,12,0,0,200,200
438116,0,30,0,0,0,1,12,6,0,0,200,17,0,2,200,200,200,200,200,200,200
438116,1,30,0,0,0,1,12,6,0,0,200,17,0,1,200,0,200,200,200,200,200
438116,1,30,0,0,0,1,12,6,0,0,200,17,0,1,200,0,200,200,200,200,200
438116,1,30,0,0,0,1,12,6,0,0,200,17,0,1,200,0,200,200,200,200,200
438123,0,30,0,0,0,1,12,2,0,0,200,17,0,0,200,200,1,200,200,200,200
438123,0,30,0,0,0,1,12,2,0,0,200,17,0,1,6,0,0,0,200,200,200
438123,1,30,0,0,0,1,12,2,0,0,200,17,0,1,200,0,200,200,200,200,200