RD_NO,PERSON_TYPE,POSTED_SPEED_LIMIT,TRAFFIC_CONTROL_DEVICE,DEVICE_CONDITION,WEATHER_CONDITION,LIGHTING_CONDITION,FIRST_CRASH_TYPE,TRAFFICWAY_TYPE,ALIGNMENT,ROADWAY_SURFACE_COND,ROAD_DEFECT,PRIM_CONTRIBUTORY_CAUSE,SEC_CONTRIBUTORY_CAUSE,SEX,AGE,SAFETY_EQUIPMENT,DRIVER_ACTION,DRIVER_VISION,PHYSICAL_CONDITION,BAC_RESULT VALUE,CELL_PHONE_USE
439355,0,35,0,0,0,1,14,5,0,0,0,0,0,1,6,0,0,0,0,200,200
439357,0,30,1,2,0,1,10,5,0,0,0,20,200,1,6,200,6,200,200,200,200
439357,0,30,1,2,0,1,10,5,0,0,0,20,200,1,6,0,0,0,0,200,200
439358,0,15,0,0,0,1,0,7,0,0,0,20,200,0,7,0,6,0,0,200,200
439358,0,15,0,0,0,1,0,7,0,0,0,20,200,0,8,0,0,0,0,200,200
439359,0,35,1,2,0,1,10,5,0,0,0,18,0,0,200,200,3,200,200,200,200
439359,0,35,1,2,0,1,10,5,0,0,0,18,0,1,6,0,0,0,0,200,200
439359,1,35,1,2,0,1,10,5,0,0,0,18,0,1,7,0,200,200,200,200,200
439362,1,30,0,0,0,1,14,5,0,0,0,0,200,0,200,0,200,200,200,200,200
439362,0,30,0,0,0,1,14,5,0,0,0,0,200,0,7,0,200,0,0,200,200
439362,0,30,0,0,0,1,14,5,0,0,0,0,200,0,8,0,200,0,0,200,200
439364,0,30,4,0,0,1,10,5,0,0,0,200,200,0,6,7,1,0,0,200,200
439364,0,30,4,0,0,1,10,5,0,0,0,200,200,0,5,7,0,0,0,200,200
439372,1,30,1,2,0,1,10,2,0,0,0,0,200,0,200,0,200,200,200,200,200
439372,0,30,1,2,0,1,10,2,0,0,0,0,200,0,200,200,200,200,200,200,200
439372,0,30,1,2,0,1,10,2,0,0,0,0,200,0,7,0,0,0,0,200,200
439387,0,30,1,2,0,1,12,5,0,0,0,200,200,0,7,0,12,0,0,200,200
439387,0,30,1,2,0,1,12,5,0,0,0,200,200,0,7,0,0,0,0,200,200
439391,0,25,0,0,0,1,10,5,0,0,0,0,0,0,6,0,12,0,0,200,200
439391,0,25,0,0,0,1,10,5,0,0,0,0,0,1,6,0,0,0,0,200,200
439394,0,30,0,0,0,1,12,5,2,0,0,22,0,0,200,200,2,200,200,200,200
439394,0,30,0,0,0,1,12,5,2,0,0,22,0,0,5,0,0,200,0,200,200
439401,0,30,0,0,0,1,7,5,0,0,0,0,0,0,6,200,1,12,0,200,200
439408,0,30,2,2,0,1,14,5,0,0,0,23,200,2,200,200,12,200,200,200,200
439408,0,30,2,2,0,1,14,5,0,0,0,23,200,1,5,0,0,0,0,200,200
439408,1,30,2,2,0,1,14,5,0,0,0,23,200,200,5,0,200,200,200,200,200
439408,1,30,2,2,0,1,14,5,0,0,0,23,200,0,2,0,200,200,200,200,200
439408,1,30,2,2,0,1,14,5,0,0,0,23,200,1,6,0,200,200,200,200,200
439411,0,30,0,0,0,4,0,5,0,0,0,200,200,0,200,200,0,200,200,200,200
439411,0,30,0,0,0,4,0,5,0,0,0,200,200,0,5,0,0,0,0,200,200
439411,1,30,0,0,0,4,0,5,0,0,0,200,200,1,200,0,200,200,200,200,200
439411,1,30,0,0,0,4,0,5,0,0,0,200,200,1,200,200,200,200,200,200,200
439412,0,30,1,2,0,1,10,3,0,0,200,18,0,1,5,200,3,200,0,200,200
439412,0,30,1,2,0,1,10,3,0,0,200,18,0,1,6,200,0,200,0,200,200
439414,0,0,0,0,0,1,7,6,0,0,0,0,0,2,200,200,200,200,200,200,200
439415,0,30,0,0,0,1,10,6,0,0,0,0,200,1,200,200,200,200,200,200,200
439415,0,30,0,0,0,1,10,6,0,0,0,0,200,1,7,200,0,0,0,200,200
439415,1,30,0,0,0,1,10,6,0,0,0,0,200,1,5,200,200,200,200,200,200
439415,1,30,0,0,0,1,10,6,0,0,0,0,200,0,200,200,200,200,200,200,200
439416,0,30,1,2,0,1,10,5,0,0,0,0,0,1,200,200,200,200,0,200,200
439416,0,30,1,2,0,1,10,5,0,0,0,0,0,1,6,0,12,0,0,200,200
439418,0,30,0,0,0,1,10,5,0,0,0,18,7,0,7,0,3,200,0,200,200
439418,0,30,0,0,0,1,10,5,0,0,0,18,7,0,7,0,0,0,0,200,200
439424,0,30,1,2,0,1,10,12,0,0,0,12,12,0,7,200,12,200,0,200,200
439424,0,30,1,2,0,1,10,12,0,0,0,12,12,0,7,0,0,0,0,200,200
439426,0,30,1,2,0,1,8,5,0,0,0,22,14,1,5,200,7,0,0,200,200
439426,4,30,1,2,0,1,8,5,0,0,0,22,14,0,5,7,0,0,0,200,200
439427,0,30,1,200,0,1,0,3,0,0,0,0,200,1,6,0,200,200,0,200,200
439427,0,30,1,200,0,1,0,3,0,0,0,0,200,0,200,0,200,200,0,200,200
439427,1,30,1,200,0,1,0,3,0,0,0,0,200,1,200,0,200,200,200,200,200
439428,0,30,0,0,0,3,7,6,0,0,0,0,200,0,200,200,200,200,200,200,200
439429,0,30,0,0,0,1,7,7,0,200,200,0,0,1,6,200,10,200,200,200,200
439429,1,30,0,0,0,1,7,7,0,200,200,0,0,0,2,0,200,200,200,200,200
439429,1,30,0,0,0,1,7,7,0,200,200,0,0,0,1,5,200,200,200,200,200
439436,0,30,0,0,0,1,12,5,0,0,0,17,11,1,6,200,0,0,200,200,200
439436,0,30,0,0,0,1,12,5,0,0,0,17,11,0,3,200,1,0,0,200,200
439441,0,30,0,0,0,3,7,6,0,0,0,0,0,2,200,200,200,200,200,200,200
439442,0,30,2,200,0,1,3,5,0,200,200,0,200,1,200,200,6,200,200,200,200
439442,0,30,2,200,0,1,3,5,0,200,200,0,200,1,6,200,200,200,0,200,200
439444,0,30,0,0,0,1,10,5,0,0,0,0,0,1,7,0,200,200,0,200,200
439444,0,30,0,0,0,1,10,5,0,0,0,0,0,0,5,0,200,200,0,200,200
439444,0,30,0,0,0,1,10,5,0,0,0,0,0,1,7,0,200,200,0,200,200
439446,0,15,0,0,0,1,12,5,0,0,0,21,200,1,200,200,4,200,200,200,200
439446,0,15,0,0,0,1,12,5,0,0,0,21,200,1,8,0,0,0,0,200,200
439447,0,30,0,0,0,1,14,5,0,0,0,0,0,0,6,200,200,0,0,200,200
439447,0,30,0,0,0,1,14,5,0,0,0,0,0,0,6,200,200,0,0,200,200
439449,0,15,0,0,200,1,7,6,0,0,0,0,200,2,200,200,200,200,200,200,200
439450,0,25,0,0,0,1,8,0,0,0,0,0,200,2,200,200,200,200,200,200,200
439450,4,25,0,0,0,1,8,0,0,0,0,0,200,1,4,7,200,200,200,200,0
439451,0,30,2,2,0,1,2,5,0,0,0,22,200,1,7,0,4,0,0,200,200
439454,0,10,0,0,0,1,7,7,0,0,0,0,0,2,200,200,200,200,200,200,200
439470,0,30,1,2,0,1,10,5,0,0,0,0,200,0,200,200,200,200,200,200,200
439470,0,30,1,2,0,1,10,5,0,0,0,0,200,0,5,0,200,0,0,200,200
439472,0,30,0,0,0,1,7,6,0,0,0,0,200,2,200,200,200,200,200,200,200
439475,0,30,0,0,0,1,10,5,0,0,0,0,0,1,6,1,1,200,200,200,200
439475,0,30,0,0,0,1,10,5,0,0,0,0,0,0,200,200,1,200,200,200,200
439479,5,30,1,2,0,1,9,6,0,0,0,17,200,0,3,7,1,200,0,200,200
439479,0,30,1,2,0,1,9,6,0,0,0,17,200,0,5,0,0,0,0,200,200
439479,1,30,1,2,0,1,9,6,0,0,0,17,200,0,9,0,200,200,200,200,200
439479,1,30,1,2,0,1,9,6,0,0,0,17,200,0,6,0,200,200,200,200,200
439481,0,30,1,2,0,1,0,5,0,0,0,17,200,2,200,200,1,200,200,200,200
439481,0,30,1,2,0,1,0,5,0,0,0,17,200,1,6,0,0,0,0,200,200
439482,0,5,0,0,0,1,7,7,0,0,0,21,0,0,200,200,3,200,200,200,200
439483,0,30,0,0,0,1,14,5,0,0,0,17,200,1,5,200,1,200,0,200,200
439483,0,30,0,0,0,1,14,5,0,0,0,17,200,1,200,200,200,200,200,200,200
439486,0,30,0,0,0,1,8,2,0,0,0,17,17,1,200,200,1,200,200,200,200
439486,4,30,0,0,0,1,8,2,0,0,0,17,17,0,6,7,0,0,0,200,200
439487,0,25,0,0,200,200,7,5,0,200,0,0,0,2,200,200,200,200,200,200,200
439490,0,30,1,2,0,1,14,2,0,0,0,0,0,1,5,0,12,0,0,200,200
439490,0,30,1,2,0,1,14,2,0,0,0,0,0,1,9,200,12,200,200,200,200
439491,0,30,0,0,0,1,12,5,0,0,0,200,200,1,5,200,0,0,0,200,200
439491,0,30,0,0,0,1,12,5,0,0,0,200,200,1,8,0,0,0,0,200,200
439491,1,30,0,0,0,1,12,5,0,0,0,200,200,1,200,0,200,200,200,200,200
439491,1,30,0,0,0,1,12,5,0,0,0,200,200,0,200,200,200,200,200,200,200
439496,0,30,0,0,0,1,7,5,0,200,200,17,200,1,5,200,0,0,0,200,200
439496,1,30,0,0,0,1,7,5,0,200,200,17,200,0,200,200,200,200,200,200,200
439497,0,30,1,2,0,1,10,5,0,0,0,18,200,0,6,0,3,0,0,200,200
439497,0,30,1,2,0,1,10,5,0,0,0,18,200,0,7,0,0,0,0,200,200
439500,0,25,0,0,0,1,14,5,0,0,0,22,200,0,0,200,7,200,0,200,200
439500,0,25,0,0,0,1,14,5,0,0,0,22,200,0,8,200,0,0,0,200,200
439501,0,20,2,0,0,1,10,6,0,0,0,18,33,0,5,0,3,0,0,200,200
439501,0,20,2,0,0,1,10,6,0,0,0,18,33,1,6,0,0,0,7,200,200
439501,1,20,2,0,0,1,10,6,0,0,0,18,33,1,2,0,200,200,200,200,200
439506,0,30,0,0,0,1,14,0,0,0,0,0,200,1,200,200,1,200,200,200,200
439506,0,30,0,0,0,1,14,0,0,0,0,0,200,1,6,0,200,200,0,200,200
439508,0,30,0,2,0,1,12,3,0,0,0,22,200,1,6,200,2,200,0,200,200
439508,0,30,0,2,0,1,12,3,0,0,0,22,200,1,7,200,200,0,0,200,200
439509,0,40,200,200,0,1,12,5,0,200,200,0,200,1,200,200,200,200,200,200,200
439509,0,40,200,200,0,1,12,5,0,200,200,0,200,1,6,0,200,200,200,200,200
439511,0,30,1,2,0,1,10,2,0,0,200,16,0,0,6,0,1,200,0,200,200
439511,0,30,1,2,0,1,10,2,0,0,200,16,0,0,6,0,12,200,0,200,200
439511,1,30,1,2,0,1,10,2,0,0,200,16,0,0,6,0,200,200,200,200,200
439511,1,30,1,2,0,1,10,2,0,0,200,16,0,0,6,0,200,200,200,200,200
439512,0,10,0,0,0,1,7,7,0,0,0,20,200,0,5,0,6,0,0,200,200
439515,0,30,2,2,2,1,14,5,0,0,0,5,17,0,6,0,1,0,0,200,200
439515,0,30,2,2,2,1,14,5,0,0,0,5,17,1,8,7,0,0,0,200,200
439515,1,30,2,2,2,1,14,5,0,0,0,5,17,0,200,0,200,200,200,200,200
439519,0,25,1,2,0,1,14,6,5,0,200,17,21,0,5,0,1,200,200,200,200
439519,0,25,1,2,0,1,14,6,5,0,200,17,21,0,6,0,0,0,0,200,200
439527,0,30,0,0,0,1,7,3,0,0,0,0,0,1,7,0,0,0,0,200,200
439527,1,30,0,0,0,1,7,3,0,0,0,0,0,1,200,7,200,200,200,200,200
439531,0,30,0,0,0,1,10,5,0,0,200,22,200,0,200,200,2,200,200,200,200
439531,0,30,0,0,0,1,10,5,0,0,200,22,200,1,6,200,0,200,200,200,200
439531,1,30,0,0,0,1,10,5,0,0,200,22,200,0,4,200,200,200,200,200,200
439531,1,30,0,0,0,1,10,5,0,0,200,22,200,1,3,200,200,200,200,200,200
439534,0,0,0,0,0,1,12,5,0,0,200,11,0,0,9,200,200,200,0,200,200
439534,0,0,0,0,0,1,12,5,0,0,200,11,0,1,6,200,0,200,0,200,200
439537,0,30,0,0,0,1,12,5,0,200,200,0,0,0,200,200,200,200,200,200,200
439537,0,30,0,0,0,1,12,5,0,200,200,0,0,1,8,200,200,0,0,200,200
439537,1,30,0,0,0,1,12,5,0,200,200,0,0,0,200,200,200,200,200,200,200
439552,0,30,1,2,0,1,10,2,0,0,200,0,0,0,200,200,1,200,200,200,200
439552,0,30,1,2,0,1,10,2,0,0,200,0,0,0,5,0,0,0,0,200,200
439553,0,5,2,2,0,1,14,7,0,0,0,5,0,0,5,200,5,200,200,200,200
439553,0,5,2,2,0,1,14,7,0,0,0,5,0,0,8,0,0,200,0,200,200
439559,0,25,0,0,0,1,0,6,0,0,0,17,0,1,200,200,1,200,200,200,200
439559,0,25,0,0,0,1,0,6,0,0,0,17,0,1,7,0,0,0,0,200,200
439561,0,30,2,200,0,1,0,5,0,0,200,17,200,0,200,200,1,200,200,200,200
439561,0,30,2,200,0,1,0,5,0,0,200,17,200,0,7,200,0,200,0,200,200
439561,1,30,2,200,0,1,0,5,0,0,200,17,200,0,200,200,200,200,200,200,200
439562,0,30,0,0,200,200,14,5,0,200,0,0,0,0,6,7,200,0,0,200,200
439562,0,30,0,0,200,200,14,5,0,200,0,0,0,0,6,200,200,200,200,200,200
439563,0,30,0,0,0,1,10,2,0,0,0,0,200,0,6,200,4,0,200,200,200
439563,0,30,0,0,0,1,10,2,0,0,0,0,200,0,6,0,0,0,0,200,200
439563,1,30,0,0,0,1,10,2,0,0,0,0,200,0,7,0,200,200,200,200,200
439563,1,30,0,0,0,1,10,2,0,0,0,0,200,0,6,0,200,200,200,200,200
439565,3,30,0,0,0,1,5,2,0,0,0,0,0,200,200,7,12,12,12,200,200
439565,0,30,0,0,0,1,5,2,0,0,0,0,0,0,6,0,12,0,0,200,200
439570,0,0,2,2,0,1,10,12,0,0,12,25,0,1,200,200,6,0,0,200,200
439570,0,0,2,2,0,1,10,12,0,0,12,25,0,1,5,0,0,0,0,200,200
439581,0,30,1,2,0,3,12,5,0,0,0,0,200,0,200,200,200,200,200,200,200
439581,0,30,1,2,0,3,12,5,0,0,0,0,200,1,9,0,0,0,0,200,200
439581,1,30,1,2,0,3,12,5,0,0,0,0,200,0,200,0,200,200,200,200,200
439582,0,30,0,0,0,1,10,5,0,0,0,0,200,0,200,200,6,200,200,200,200
439582,0,30,0,0,0,1,10,5,0,0,0,0,200,0,6,0,6,0,0,200,200
439583,0,30,2,2,0,1,0,5,0,0,0,25,0,0,6,1,12,200,0,200,200
439583,0,30,2,2,0,1,0,5,0,0,0,25,0,1,7,0,0,0,0,200,200
439583,1,30,2,2,0,1,0,5,0,0,0,25,0,1,200,0,200,200,200,200,200
439588,0,30,1,2,0,1,12,5,0,0,0,0,0,0,0,0,200,200,0,200,200
439588,0,30,1,2,0,1,12,5,0,0,0,0,0,0,200,200,200,200,200,200,200
439593,0,30,2,2,0,1,14,5,0,0,0,17,16,1,200,0,1,5,0,200,200
439593,0,30,2,2,0,1,14,5,0,0,0,17,16,0,200,0,0,5,0,200,200
439599,0,30,0,0,0,1,10,7,0,0,0,0,200,1,6,200,200,200,200,200,200
439599,0,30,0,0,0,1,10,7,0,0,0,0,200,1,5,0,0,0,0,200,200
439600,0,30,1,2,0,1,12,5,0,0,0,21,200,0,200,200,200,200,200,200,200
439600,0,30,1,2,0,1,12,5,0,0,0,21,200,0,6,200,0,0,0,200,200
439601,0,30,0,0,0,1,11,5,0,0,0,0,11,0,7,0,12,0,200,200,200
439601,0,30,0,0,0,1,11,5,0,0,0,0,11,1,5,0,0,0,0,200,200
439602,0,30,1,2,0,1,14,2,0,0,0,23,200,0,8,0,7,0,0,200,200
439602,0,30,1,2,0,1,14,2,0,0,0,23,200,0,6,200,0,0,0,200,200
439602,1,30,1,2,0,1,14,2,0,0,0,23,200,1,8,0,200,200,200,200,200
439604,0,20,0,0,0,1,7,5,0,0,0,25,16,0,3,200,13,0,0,200,200
439612,0,30,0,0,0,0,7,6,0,0,0,0,200,2,200,200,200,200,200,200,200
439614,0,30,2,2,0,1,0,5,0,0,0,5,200,0,200,0,5,0,0,200,200
439614,0,30,2,2,0,1,0,5,0,0,0,5,200,0,7,0,0,0,0,200,200
439615,0,30,0,0,0,1,10,5,0,0,200,18,200,0,6,200,3,200,200,200,200
439615,0,30,0,0,0,1,10,5,0,0,200,18,200,1,6,200,0,200,200,200,200
439622,0,30,0,0,0,1,10,2,0,0,0,18,18,0,6,0,3,0,0,200,200
439622,0,30,0,0,0,1,10,2,0,0,0,18,18,0,6,1,0,0,0,200,200
439622,1,30,0,0,0,1,10,2,0,0,0,18,18,0,5,0,200,200,200,200,200
439624,0,35,200,200,0,1,12,5,0,0,0,0,200,0,200,200,200,200,200,200,200
439624,0,35,200,200,0,1,12,5,0,0,0,0,200,1,200,0,200,200,0,200,200
439625,0,35,0,0,0,1,0,2,0,0,0,17,0,0,200,200,1,200,200,200,200
439625,0,35,0,0,0,1,0,2,0,0,0,17,0,1,6,0,0,0,0,200,200
439629,0,30,1,2,0,1,10,200,0,0,0,18,30,0,6,200,3,200,0,200,200
439629,0,30,1,2,0,1,10,200,0,0,0,18,30,2,200,200,200,200,200,200,200
439633,0,30,0,0,0,1,7,6,0,0,0,22,16,1,200,200,2,200,0,200,200
439633,1,30,0,0,0,1,7,6,0,0,0,22,16,1,200,0,200,200,200,200,200
439634,0,30,2,2,0,1,8,5,0,0,0,5,200,0,6,0,5,0,0,200,200
439634,4,30,2,2,0,1,8,5,0,0,0,5,200,0,6,7,200,0,0,200,200
439635,0,35,0,0,0,1,11,5,0,0,0,0,0,2,200,200,2,200,200,200,200
439635,0,35,0,0,0,1,11,5,0,0,0,0,0,0,6,0,0,0,0,200,200
439644,0,30,0,0,0,1,0,2,0,0,0,17,17,0,5,0,1,0,0,200,200
439644,0,30,0,0,0,1,0,2,0,0,0,17,17,0,6,0,0,0,0,200,200
439650,0,30,0,0,0,1,10,2,0,0,0,18,200,0,7,0,0,0,0,200,200
439650,0,30,0,0,0,1,10,2,0,0,0,18,200,0,200,200,3,200,200,200,200
439650,1,30,0,0,0,1,10,2,0,0,0,18,200,1,200,0,200,200,200,200,200
439651,0,0,0,0,0,1,10,2,0,0,0,18,200,0,5,200,3,200,200,200,200
439651,0,0,0,0,0,1,10,2,0,0,0,18,200,1,7,0,0,0,0,200,200
439669,0,45,0,0,0,1,10,2,0,0,0,0,18,1,5,0,0,0,0,200,200
439669,0,45,0,0,0,1,10,2,0,0,0,0,18,0,7,0,0,0,0,200,200
439669,0,45,0,0,0,1,10,2,0,0,0,0,18,0,6,0,3,0,0,200,200
439670,0,35,1,2,0,1,0,2,0,0,0,0,200,1,6,200,200,0,0,200,200
439670,0,35,1,2,0,1,0,2,0,0,0,0,200,0,6,200,200,0,0,200,200
439674,0,30,2,0,0,1,0,12,0,0,2,17,5,0,6,200,1,0,0,200,200
439674,0,30,2,0,0,1,0,12,0,0,2,17,5,0,5,0,0,0,0,200,200
439674,1,30,2,0,0,1,0,12,0,0,2,17,5,1,4,0,200,200,200,200,200
439674,1,30,2,0,0,1,0,12,0,0,2,17,5,1,3,1,200,200,200,200,200
439674,1,30,2,0,0,1,0,12,0,0,2,17,5,1,3,1,200,200,200,200,200
439675,0,30,200,200,0,1,12,5,0,200,200,0,200,0,7,0,200,200,200,200,200
439675,0,30,200,200,0,1,12,5,0,200,200,0,200,1,6,0,200,200,0,200,200
439676,0,15,0,0,0,1,0,7,0,0,0,20,11,1,7,200,6,0,0,200,200
439676,0,15,0,0,0,1,0,7,0,0,0,20,11,1,6,0,0,0,0,200,200
439676,1,15,0,0,0,1,0,7,0,0,0,20,11,1,200,7,200,200,200,200,200
439679,0,35,1,2,0,1,12,2,0,0,12,22,0,0,200,200,2,200,200,200,200
439679,0,35,1,2,0,1,12,2,0,0,12,22,0,1,7,0,0,0,0,200,200
439679,1,35,1,2,0,1,12,2,0,0,12,22,0,1,2,0,200,200,200,200,200
439681,0,30,2,200,0,1,12,6,0,0,0,22,11,0,200,200,2,200,200,200,200
439681,0,30,2,200,0,1,12,6,0,0,0,22,11,1,5,0,0,0,0,200,200
439682,0,0,0,0,0,1,7,200,0,0,0,0,0,1,200,200,200,200,200,200,200
439682,1,0,0,0,0,1,7,200,0,0,0,0,0,1,200,200,200,200,200,200,200
439685,0,30,0,0,0,1,0,5,0,0,0,0,200,2,200,200,200,200,200,200,200
439685,0,30,0,0,0,1,0,5,0,0,0,0,200,0,7,0,0,0,0,200,200
439687,0,30,0,0,0,1,12,3,0,0,0,21,200,0,5,200,12,0,0,200,200
439687,0,30,0,0,0,1,12,3,0,0,0,21,200,0,7,200,0,0,0,200,200
439700,0,30,200,0,200,200,7,5,0,200,200,0,200,2,200,200,0,200,200,200,200
439702,0,30,2,2,0,1,9,5,0,0,4,17,200,1,8,0,1,0,0,200,200
439702,5,30,2,2,0,1,9,5,0,0,4,17,200,1,5,200,0,0,0,200,200
439705,0,30,0,0,0,1,10,3,0,200,200,18,200,0,7,200,3,200,200,200,200
439705,0,30,0,0,0,1,10,3,0,200,200,18,200,1,7,200,0,0,0,200,200
439705,1,30,0,0,0,1,10,3,0,200,200,18,200,1,3,200,200,200,200,200,200
439708,0,30,1,200,0,1,12,5,0,200,200,21,17,2,200,200,4,200,200,200,200
439708,0,30,1,200,0,1,12,5,0,200,200,21,17,0,6,0,0,200,0,200,200
439709,0,30,0,0,0,1,10,2,0,0,0,17,200,1,6,200,15,0,0,200,1
439709,0,30,0,0,0,1,10,2,0,0,0,17,200,0,7,200,0,0,0,200,200
439712,0,30,0,0,0,1,10,5,0,0,0,18,9,0,5,0,15,0,0,200,200
439712,0,30,0,0,0,1,10,5,0,0,0,18,9,1,6,0,0,0,0,200,200
439715,0,30,0,0,0,1,10,5,0,0,0,200,200,0,6,0,3,0,0,200,200
439715,0,30,0,0,0,1,10,5,0,0,0,200,200,1,6,0,0,0,0,200,200
439728,0,30,0,0,0,2,10,5,0,0,0,200,200,0,6,7,0,0,0,200,200
439728,0,30,0,0,0,2,10,5,0,0,0,200,200,0,5,7,0,0,0,200,200
439735,0,30,1,2,0,1,10,3,0,0,0,18,0,1,5,0,3,0,0,200,200
439735,0,30,1,2,0,1,10,3,0,0,0,18,0,0,7,2,0,0,0,200,200
439746,0,0,0,3,0,3,8,6,0,0,1,0,0,0,7,200,12,200,0,200,200
439746,4,0,0,3,0,3,8,6,0,0,1,0,0,1,0,3,12,200,0,200,200
439748,0,30,0,0,0,1,10,5,0,0,0,12,0,1,4,0,12,0,0,200,200
439748,0,30,0,0,0,1,10,5,0,0,0,12,0,1,6,0,0,0,0,200,200
439749,0,30,0,0,0,1,0,5,0,0,200,17,200,0,6,200,1,200,0,200,200
439749,0,30,0,0,0,1,0,5,0,0,200,17,200,1,5,0,0,0,0,200,200
439751,0,30,1,2,0,4,12,2,0,0,0,17,11,0,7,200,1,0,0,200,200
439751,0,30,1,2,0,4,12,2,0,0,0,17,11,1,6,0,0,0,0,200,200
439751,1,30,1,2,0,4,12,2,0,0,0,17,11,1,2,0,200,200,200,200,200
439753,0,15,3,0,0,1,9,7,0,0,0,0,200,0,6,200,12,200,0,200,200
439753,5,15,3,0,0,1,9,7,0,0,0,0,200,0,6,7,0,0,0,200,200
439753,1,15,3,0,0,1,9,7,0,0,0,0,200,1,200,200,200,200,200,200,200
439753,1,15,3,0,0,1,9,7,0,0,0,0,200,0,200,200,200,200,200,200,200
439755,0,25,0,0,0,1,7,6,0,0,0,0,0,1,200,200,200,200,200,200,200
439756,0,30,0,0,0,1,10,3,0,0,0,20,200,0,7,200,6,0,0,200,200
439756,0,30,0,0,0,1,10,3,0,0,0,20,200,0,6,0,0,0,0,200,200
439756,1,30,0,0,0,1,10,3,0,0,0,20,200,0,5,200,200,200,200,200,200
439761,0,30,1,2,0,4,10,2,0,0,0,17,16,1,5,0,1,0,0,200,200
439761,0,30,1,2,0,4,10,2,0,0,0,17,16,1,5,0,0,0,0,200,200
439761,1,30,1,2,0,4,10,2,0,0,0,17,16,1,7,0,200,200,200,200,200
439766,0,30,1,2,0,3,10,5,0,0,0,18,0,0,6,0,3,0,0,200,200
439766,0,30,1,2,0,3,10,5,0,0,0,18,0,0,5,0,0,0,0,200,200
439770,0,30,0,0,0,1,10,2,0,0,0,18,200,0,6,0,0,0,0,200,200
439770,0,30,0,0,0,1,10,2,0,0,0,18,200,0,8,0,0,0,0,200,200
439773,0,30,0,0,0,4,7,5,0,0,0,0,0,0,200,200,200,200,200,200,200
439776,0,30,1,2,0,1,8,5,0,0,0,0,200,1,6,0,12,0,0,200,200
439776,4,30,1,2,0,1,8,5,0,0,0,0,200,0,5,3,12,200,0,200,200
439776,1,30,1,2,0,1,8,5,0,0,0,0,200,1,1,5,200,200,200,200,200
439776,1,30,1,2,0,1,8,5,0,0,0,0,200,0,2,5,200,200,200,200,200
439777,0,30,0,0,0,0,7,5,0,0,0,0,200,0,200,200,200,200,200,200,200
439791,0,30,0,0,0,3,14,5,0,0,0,23,200,0,5,0,7,0,0,200,200
439791,0,30,0,0,0,3,14,5,0,0,0,23,200,1,6,0,0,0,0,200,200
439798,0,30,12,12,0,3,4,5,0,0,0,25,200,0,5,200,12,12,0,200,200
439812,0,30,0,0,0,2,12,3,1,0,0,22,13,1,5,0,4,0,0,200,200
439812,0,30,0,0,0,2,12,3,1,0,0,22,13,0,6,0,0,0,0,200,200
439812,1,30,0,0,0,2,12,3,1,0,0,22,13,200,200,0,200,200,200,200,200
439818,0,30,1,2,0,1,12,5,0,0,0,22,200,0,200,200,4,200,200,200,200
439818,0,30,1,2,0,1,12,5,0,0,0,22,200,1,6,0,0,0,0,200,200
439822,0,35,0,0,0,0,7,7,0,0,0,200,200,2,200,200,200,200,200,200,200
439825,0,30,0,0,0,4,0,2,0,0,0,17,17,1,0,0,1,0,0,200,200
439825,0,30,0,0,0,4,0,2,0,0,0,17,17,1,5,0,0,0,0,200,200
439827,0,30,1,2,0,1,10,12,0,0,0,18,18,1,4,200,3,200,0,200,200
439827,0,30,1,2,0,1,10,12,0,0,0,18,18,1,6,0,0,0,0,200,200
439827,1,30,1,2,0,1,10,12,0,0,0,18,18,1,2,0,200,200,200,200,200
439832,0,30,1,2,0,3,14,5,0,0,0,21,0,0,3,200,7,0,0,200,200
439832,0,30,1,2,0,3,14,5,0,0,0,21,0,0,7,200,0,0,0,200,200
439835,0,30,1,2,0,3,14,2,0,0,200,20,200,2,200,200,6,200,200,200,200
439835,0,30,1,2,0,3,14,2,0,0,200,20,200,0,6,0,0,200,0,200,200
439836,0,30,0,0,0,2,12,6,0,0,0,0,200,1,7,0,200,200,200,200,200
439836,0,30,0,0,0,2,12,6,0,0,0,0,200,1,5,0,0,0,0,200,200
439841,0,30,2,2,0,4,10,5,0,0,0,18,0,0,200,200,3,200,200,200,200
439841,0,30,2,2,0,4,10,5,0,0,0,18,0,0,7,0,0,0,0,200,200
439846,0,30,200,200,0,1,10,5,0,0,0,18,0,0,6,0,3,0,0,200,200
439846,0,30,200,200,0,1,10,5,0,0,0,18,0,0,6,200,0,0,0,200,200
439847,0,30,0,0,0,1,7,5,0,0,0,25,200,1,200,200,6,0,0,200,200
439849,0,35,1,2,0,0,14,5,0,0,0,6,0,0,5,200,5,0,0,200,200
439849,0,35,1,2,0,0,14,5,0,0,0,6,0,1,6,200,0,0,0,200,200
439858,0,0,1,2,0,3,7,5,0,0,0,0,0,0,7,200,200,200,0,200,200
439858,0,0,1,2,0,3,7,5,0,0,0,0,0,0,6,200,200,200,12,200,200
439858,1,0,1,2,0,3,7,5,0,0,0,0,0,1,2,200,200,200,200,200,200