RD_NO,PERSON_TYPE,POSTED_SPEED_LIMIT,TRAFFIC_CONTROL_DEVICE,DEVICE_CONDITION,WEATHER_CONDITION,LIGHTING_CONDITION,FIRST_CRASH_TYPE,TRAFFICWAY_TYPE,ALIGNMENT,ROADWAY_SURFACE_COND,ROAD_DEFECT,PRIM_CONTRIBUTORY_CAUSE,SEC_CONTRIBUTORY_CAUSE,SEX,AGE,SAFETY_EQUIPMENT,DRIVER_ACTION,DRIVER_VISION,PHYSICAL_CONDITION,BAC_RESULT VALUE,CELL_PHONE_USE
439858,1,0,1,2,0,3,7,5,0,0,0,0,0,200,1,200,200,200,200,200,200
439862,0,30,0,0,0,1,12,5,0,0,0,0,200,0,200,200,200,200,200,200,200
439862,0,30,0,0,0,1,12,5,0,0,0,0,200,0,9,0,0,0,0,200,200
439864,0,30,0,0,0,0,14,3,0,0,0,17,200,0,7,200,1,0,0,200,200
439864,0,30,0,0,0,0,14,3,0,0,0,17,200,1,5,0,0,0,0,200,200
439864,1,30,0,0,0,0,14,3,0,0,0,17,200,0,7,200,200,200,200,200,200
439866,0,30,0,0,0,3,7,5,0,0,0,11,0,2,200,200,200,200,200,200,200
439869,0,30,2,200,0,2,14,2,0,0,0,17,200,0,200,200,1,200,200,200,200
439869,0,30,2,200,0,2,14,2,0,0,0,17,200,0,5,0,0,0,0,200,200
439878,0,30,0,0,0,3,12,5,0,0,0,17,22,0,200,200,1,200,200,200,200
439878,0,30,0,0,0,3,12,5,0,0,0,17,22,0,7,200,0,0,0,200,200
439878,1,30,0,0,0,3,12,5,0,0,0,17,22,1,6,200,200,200,200,200,200
439878,1,30,0,0,0,3,12,5,0,0,0,17,22,0,5,200,200,200,200,200,200
439885,0,30,1,200,0,3,14,5,0,0,200,21,200,1,200,200,4,200,200,200,200
439885,0,30,1,200,0,3,14,5,0,0,200,21,200,0,5,200,0,0,0,200,200
439889,0,30,1,2,0,3,14,5,0,0,0,21,0,1,6,0,4,0,0,200,200
439889,0,30,1,2,0,3,14,5,0,0,0,21,0,1,6,0,2,0,0,200,200
439891,0,30,1,2,0,3,10,5,0,0,200,18,0,1,6,0,3,200,200,200,200
439891,0,30,1,2,0,3,10,5,0,0,200,18,0,1,6,0,0,200,200,200,200
439891,1,30,1,2,0,3,10,5,0,0,200,18,0,1,5,0,200,200,200,200,200
439892,0,30,1,2,0,3,10,5,0,0,0,18,200,0,200,200,3,200,200,200,200
439892,0,30,1,2,0,3,10,5,0,0,0,18,200,0,6,0,0,0,0,200,200
439893,0,30,1,2,0,3,12,6,0,0,0,22,200,0,6,0,4,0,0,200,200
439893,0,30,1,2,0,3,12,6,0,0,0,22,200,0,200,0,0,0,0,200,200
439901,0,30,2,200,0,2,8,200,0,0,0,25,200,2,200,200,5,200,200,200,200
439901,4,30,2,200,0,2,8,200,0,0,0,25,200,0,6,200,0,0,0,200,200
439908,0,35,1,2,0,0,10,5,0,0,0,16,16,1,7,0,1,0,0,200,200
439908,0,35,1,2,0,0,10,5,0,0,0,16,16,0,7,0,0,0,0,200,200
439909,0,30,2,2,0,1,8,5,0,0,0,2,200,0,6,200,15,200,0,200,200
439909,4,30,2,2,0,1,8,5,0,0,0,2,200,0,3,200,0,200,0,200,200
439926,0,30,0,0,0,1,0,7,0,0,200,0,200,0,5,0,200,200,200,200,200
439926,0,30,0,0,0,1,0,7,0,0,200,0,200,1,200,200,6,200,200,200,200
439926,1,30,0,0,0,1,0,7,0,0,200,0,200,1,200,200,200,200,200,200,200
439927,0,35,0,0,0,1,11,5,0,0,0,17,0,0,200,200,1,200,200,200,200
439927,0,35,0,0,0,1,11,5,0,0,0,17,0,0,7,0,0,0,0,200,200
439928,0,25,2,2,0,3,0,5,0,0,0,17,5,0,5,200,200,0,0,200,200
439928,0,25,2,2,0,3,0,5,0,0,0,17,5,0,5,200,200,0,0,200,200
439938,0,30,1,2,0,3,10,5,0,0,0,17,18,0,5,200,1,200,0,200,200
439938,0,30,1,2,0,3,10,5,0,0,0,17,18,1,7,7,0,0,0,200,200
439965,0,30,0,0,0,3,10,5,0,0,0,12,18,0,6,0,3,0,0,200,200
439965,0,30,0,0,0,3,10,5,0,0,0,12,18,1,6,7,0,0,0,200,200
439965,1,30,0,0,0,3,10,5,0,0,0,12,18,0,200,7,200,200,200,200,200
439971,0,35,0,0,0,0,12,5,0,0,0,23,23,0,4,200,12,200,200,200,200
439971,0,35,0,0,0,0,12,5,0,0,0,23,23,0,7,0,0,0,0,200,200
439972,0,25,0,0,0,1,7,5,0,0,200,0,200,2,200,200,200,200,200,200,200
439976,0,30,0,0,0,3,12,5,0,0,0,22,22,0,4,200,200,200,0,200,200
439976,0,30,0,0,0,3,12,5,0,0,0,22,22,0,6,200,200,200,0,200,200
439981,4,30,0,0,0,3,8,7,0,0,0,0,0,0,4,200,12,200,0,200,0
439981,0,30,0,0,0,3,8,7,0,0,0,0,0,1,7,200,12,200,0,200,200
439981,1,30,0,0,0,3,8,7,0,0,0,0,0,0,8,200,200,200,200,200,200
439983,0,30,0,0,0,3,9,5,0,0,0,0,200,0,5,7,0,0,0,200,200
439983,5,30,0,0,0,3,9,5,0,0,0,0,200,0,6,7,200,200,3,200,200
439985,0,30,1,2,0,3,14,12,0,0,0,17,22,2,200,200,2,200,200,200,200
439985,0,30,1,2,0,3,14,12,0,0,0,17,22,0,6,200,0,0,0,200,200
439985,1,30,1,2,0,3,14,12,0,0,0,17,22,0,5,200,200,200,200,200,200
439985,1,30,1,2,0,3,14,12,0,0,0,17,22,1,4,200,200,200,200,200,200
439986,0,30,2,2,0,1,10,5,0,0,0,17,0,0,200,0,1,0,0,200,200
439986,0,30,2,2,0,1,10,5,0,0,0,17,0,1,6,0,0,0,0,200,200
439986,1,30,2,2,0,1,10,5,0,0,0,17,0,0,200,0,200,200,200,200,200
439988,0,30,1,2,0,3,14,5,0,0,0,0,0,0,7,200,200,200,0,200,200
439988,0,30,1,2,0,3,14,5,0,0,0,0,0,0,5,200,200,200,0,200,200
439995,0,30,0,0,0,1,7,5,0,0,0,0,0,2,200,200,2,200,200,200,200
440006,0,30,0,0,0,3,0,5,0,0,0,17,0,1,6,200,200,200,200,200,200
440006,0,30,0,0,0,3,0,5,0,0,0,17,0,0,7,200,200,200,200,200,200
440006,1,30,0,0,0,3,0,5,0,0,0,17,0,1,6,200,200,200,200,200,200
440014,0,30,1,2,0,1,14,6,0,0,0,0,0,1,6,200,7,200,200,200,200
440014,0,30,1,2,0,1,14,6,0,0,0,0,0,1,6,0,0,0,0,200,200
440019,0,30,1,2,0,3,10,5,0,0,0,18,0,0,8,0,200,0,0,200,200
440019,0,30,1,2,0,3,10,5,0,0,0,18,0,0,6,0,0,0,0,200,200
440020,0,30,0,0,0,0,12,5,0,0,0,22,22,2,200,200,2,0,0,200,200
440020,0,30,0,0,0,0,12,5,0,0,0,22,22,0,6,0,0,0,0,200,200
440029,0,35,0,0,0,3,6,8,4,0,0,15,11,0,5,200,8,200,200,200,200
440029,1,35,0,0,0,3,6,8,4,0,0,15,11,0,6,200,200,200,200,200,200
440033,0,15,0,0,0,3,9,7,0,0,0,20,200,2,200,200,6,200,200,200,200
440033,5,15,0,0,0,3,9,7,0,0,0,20,200,1,4,200,0,200,0,200,200
440034,0,30,0,0,0,3,7,6,0,0,0,32,27,0,5,7,12,12,5,200,200
440041,0,15,0,0,0,3,7,5,0,0,0,0,0,1,200,200,200,200,200,200,200
440042,0,30,0,0,0,3,12,2,0,0,0,21,200,0,6,200,4,200,200,200,200
440042,0,30,0,0,0,3,12,2,0,0,0,21,200,1,7,200,0,0,0,200,200
440052,0,30,0,0,0,3,7,2,0,0,0,7,11,1,6,0,12,0,0,200,200
440054,0,30,1,2,0,3,8,2,0,0,0,0,0,2,200,200,200,200,200,200,200
440054,4,30,1,2,0,3,8,2,0,0,0,0,0,0,5,200,200,200,200,200,200
440065,0,15,0,0,0,3,10,12,0,0,200,0,200,0,5,7,1,200,200,200,200
440065,0,15,0,0,0,3,10,12,0,0,200,0,200,0,5,200,0,200,0,200,200
440069,0,20,1,0,0,0,10,5,0,0,0,18,11,1,7,0,0,0,0,200,200
440069,0,20,1,0,0,0,10,5,0,0,0,18,11,0,8,0,0,0,0,200,200
440069,0,20,1,0,0,0,10,5,0,0,0,18,11,0,6,0,3,0,0,200,200
440102,0,15,0,0,0,3,2,0,0,0,0,16,200,0,6,0,8,0,2,200,200
440112,0,30,1,2,0,3,10,5,0,0,0,1,16,0,6,0,3,0,0,200,200
440112,0,30,1,2,0,3,10,5,0,0,0,1,16,0,6,0,12,0,0,200,200
440115,0,30,1,2,0,3,10,2,0,0,0,11,0,0,6,200,12,0,0,200,200
440115,0,30,1,2,0,3,10,2,0,0,0,11,0,0,7,0,0,0,0,200,200
440118,0,35,1,2,0,1,0,5,0,0,0,0,16,0,5,0,200,0,0,200,200
440118,0,35,1,2,0,1,0,5,0,0,0,0,16,0,200,0,200,0,0,200,200
440122,0,30,1,2,0,1,12,2,0,0,0,22,200,0,200,200,4,200,200,200,200
440122,0,30,1,2,0,1,12,2,0,0,0,22,200,0,6,0,0,0,0,200,200
440122,1,30,1,2,0,1,12,2,0,0,0,22,200,1,3,0,200,200,200,200,200
440127,0,30,1,2,0,1,9,3,0,0,0,0,200,1,8,0,0,0,0,200,200
440127,5,30,1,2,0,1,9,3,0,0,0,0,200,1,6,200,200,200,200,200,200
440136,0,20,0,0,0,1,7,6,0,0,0,11,200,0,6,0,12,200,0,200,200
440136,1,20,0,0,0,1,7,6,0,0,0,11,200,0,200,200,200,200,200,200,200
440136,1,20,0,0,0,1,7,6,0,0,0,11,200,1,200,200,200,200,200,200,200
440136,1,20,0,0,0,1,7,6,0,0,0,11,200,1,200,200,200,200,200,200,200
440138,0,30,1,2,0,1,9,2,0,0,0,17,200,1,5,0,1,0,0,200,200
440138,5,30,1,2,0,1,9,2,0,0,0,17,200,0,6,7,200,0,0,200,200
440144,0,30,0,0,0,1,0,5,2,0,0,5,0,0,200,200,1,200,200,200,200
440144,0,30,0,0,0,1,0,5,2,0,0,5,0,0,200,2,0,0,0,200,200
440146,0,30,0,2,0,1,2,6,0,0,0,12,0,1,5,200,11,0,0,200,200
440148,0,30,0,0,0,1,12,2,0,0,0,0,0,0,5,0,0,200,0,200,200
440148,0,30,0,0,0,1,12,2,0,0,0,0,0,0,6,200,0,200,200,200,200
440163,0,30,1,2,0,1,14,5,0,0,0,0,0,0,200,200,5,200,200,200,200
440163,0,30,1,2,0,1,14,5,0,0,0,0,0,1,5,0,0,0,0,200,200
440167,0,30,0,0,0,1,7,6,0,0,0,28,200,1,8,0,4,0,0,200,200
440172,0,30,0,0,0,1,10,5,0,0,0,0,0,0,200,200,3,0,0,200,200
440172,0,30,0,0,0,1,10,5,0,0,0,0,0,0,200,200,0,0,0,200,200
440178,0,30,0,0,0,1,12,6,0,0,0,25,200,0,9,0,12,0,0,200,200
440178,0,30,0,0,0,1,12,6,0,0,0,25,200,1,7,0,12,0,0,200,200
440180,0,30,0,0,0,1,12,6,0,0,0,17,17,0,7,200,1,0,0,200,200
440180,0,30,0,0,0,1,12,6,0,0,0,17,17,0,6,0,0,0,0,200,200
440182,0,20,0,0,0,3,11,7,0,0,0,0,200,0,200,200,0,200,200,200,200
440182,0,20,0,0,0,3,11,7,0,0,0,0,200,0,5,0,0,0,0,200,200
440182,1,20,0,0,0,3,11,7,0,0,0,0,200,1,200,0,200,200,200,200,200
440183,0,30,1,2,0,1,0,5,0,0,0,17,0,0,200,200,1,200,200,200,200
440183,0,30,1,2,0,1,0,5,0,0,0,17,0,1,6,0,0,0,0,200,200
440183,1,30,1,2,0,1,0,5,0,0,0,17,0,1,3,0,200,200,200,200,200
440185,0,15,0,0,0,1,0,7,0,0,0,17,15,1,6,200,1,0,0,200,200
440185,0,15,0,0,0,1,0,7,0,0,0,17,15,1,7,200,0,0,0,200,200
440185,1,15,0,0,0,1,0,7,0,0,0,17,15,0,3,200,200,200,200,200,200
440186,0,25,2,0,0,1,10,6,0,0,0,18,0,0,7,200,3,0,0,200,200
440186,0,25,2,0,0,1,10,6,0,0,0,18,0,0,7,200,0,0,0,200,200
440186,1,25,2,0,0,1,10,6,0,0,0,18,0,0,7,200,200,200,200,200,200
440186,1,25,2,0,0,1,10,6,0,0,0,18,0,1,200,200,200,200,200,200,200
440189,0,30,1,2,1,1,10,5,0,0,0,18,200,1,200,200,3,200,200,200,200
440189,0,30,1,2,1,1,10,5,0,0,0,18,200,1,6,0,0,0,0,200,200
440189,1,30,1,2,1,1,10,5,0,0,0,18,200,0,200,0,200,200,200,200,200
440194,0,10,0,0,0,3,14,0,0,0,0,0,200,1,5,200,200,200,200,200,200
440194,0,10,0,0,0,3,14,0,0,0,0,0,200,0,6,0,200,0,0,200,200
440195,0,20,0,0,0,1,7,5,0,0,0,22,0,0,200,200,2,200,200,200,200
440197,0,30,0,0,0,1,14,5,0,0,0,17,200,1,6,200,1,200,200,200,200
440197,0,30,0,0,0,1,14,5,0,0,0,17,200,1,6,200,0,0,0,200,200
440198,0,30,2,2,0,1,14,2,0,0,0,17,200,0,200,200,1,200,200,200,200
440198,0,30,2,2,0,1,14,2,0,0,0,17,200,0,6,0,0,0,0,200,200
440198,1,30,2,2,0,1,14,2,0,0,0,17,200,0,200,0,200,200,200,200,200
440198,1,30,2,2,0,1,14,2,0,0,0,17,200,0,200,0,200,200,200,200,200
440198,1,30,2,2,0,1,14,2,0,0,0,17,200,0,200,200,200,200,200,200,200
440202,0,0,200,200,0,1,7,4,0,0,0,0,200,2,200,200,200,200,200,200,200
440205,0,30,2,2,0,1,0,5,0,0,0,5,200,0,5,0,1,0,0,200,200
440205,0,30,2,2,0,1,0,5,0,0,0,5,200,0,6,7,0,0,0,200,200
440206,0,20,5,0,0,1,7,5,0,0,0,0,0,1,6,0,12,0,0,200,200
440209,0,0,3,2,0,1,2,7,0,0,0,11,0,1,9,0,200,0,200,200,200
440212,0,30,0,0,1,1,10,2,0,0,0,0,0,1,5,200,200,200,0,200,200
440212,0,30,0,0,1,1,10,2,0,0,0,0,0,0,8,200,200,200,0,200,200
440212,1,30,0,0,1,1,10,2,0,0,0,0,0,0,6,200,200,200,200,200,200
440212,1,30,0,0,1,1,10,2,0,0,0,0,0,0,7,200,200,200,200,200,200
440212,1,30,0,0,1,1,10,2,0,0,0,0,0,0,7,200,200,200,200,200,200
440213,0,30,1,2,6,1,9,6,0,0,0,17,11,2,200,200,1,200,200,200,200
440213,5,30,1,2,6,1,9,6,0,0,0,17,11,1,2,7,0,0,0,200,200
440215,0,30,2,2,0,1,14,2,0,0,0,0,200,1,5,200,200,0,0,200,200
440215,0,30,2,2,0,1,14,2,0,0,0,0,200,1,4,0,0,0,0,200,200
440216,0,30,0,200,1,1,12,12,0,0,0,17,21,0,6,200,0,0,0,200,200
440220,0,30,0,0,0,1,14,5,0,0,0,23,200,0,6,200,7,0,0,200,200
440220,0,30,0,0,0,1,14,5,0,0,0,23,200,1,6,200,0,0,0,200,200
440224,0,25,0,0,0,1,10,6,0,0,0,200,200,1,200,200,2,200,200,200,200
440224,0,25,0,0,0,1,10,6,0,0,0,200,200,0,6,200,0,0,0,200,200
440224,1,25,0,0,0,1,10,6,0,0,0,200,200,2,200,200,200,200,200,200,200
440226,0,30,1,2,0,1,0,5,0,0,0,6,16,0,200,200,5,200,200,200,200
440226,0,30,1,2,0,1,0,5,0,0,0,6,16,1,6,200,0,0,0,200,200
440226,1,30,1,2,0,1,0,5,0,0,0,6,16,1,2,200,200,200,200,200,200
440226,1,30,1,2,0,1,0,5,0,0,0,6,16,0,2,200,200,200,200,200,200
440228,0,25,0,0,0,1,10,5,0,0,0,0,0,1,4,0,200,0,0,200,200
440228,0,25,0,0,0,1,10,5,0,0,0,0,0,1,200,0,0,0,0,200,200
440228,1,25,0,0,0,1,10,5,0,0,0,0,0,200,200,0,200,200,200,200,200
440228,1,25,0,0,0,1,10,5,0,0,0,0,0,0,200,0,200,200,200,200,200
440229,0,35,1,2,0,1,14,2,0,0,0,0,0,0,4,0,0,0,0,200,200
440229,0,35,1,2,0,1,14,2,0,0,0,0,0,0,7,0,0,3,0,200,200
440233,0,30,2,2,0,1,9,2,0,0,0,17,17,0,6,0,1,1,0,200,200
440233,5,30,2,2,0,1,9,2,0,0,0,17,17,1,6,200,200,0,0,200,200
440235,0,30,1,2,0,1,10,2,0,0,0,0,0,0,6,0,3,0,0,200,200
440235,0,30,1,2,0,1,10,2,0,0,0,0,0,0,5,0,0,0,0,200,200
440235,1,30,1,2,0,1,10,2,0,0,0,0,0,1,200,7,200,200,200,200,200
440236,0,0,2,2,1,1,7,5,0,0,0,200,200,0,6,200,12,0,0,200,200
440240,0,25,0,0,0,1,12,5,0,0,0,22,22,0,200,200,2,200,200,200,200
440240,0,25,0,0,0,1,12,5,0,0,0,22,22,1,0,0,0,0,0,200,200
440241,0,30,1,2,0,1,2,5,0,0,200,200,200,1,5,200,12,200,0,200,200
440241,1,30,1,2,0,1,2,5,0,0,200,200,200,0,5,200,200,200,200,200,200
440242,0,30,200,200,0,1,0,5,0,0,200,200,200,0,200,200,200,200,200,200,200
440242,0,30,200,200,0,1,0,5,0,0,200,200,200,0,200,200,200,200,200,200,200
440245,0,30,0,0,1,1,12,5,0,0,12,21,200,0,6,0,2,12,0,200,200
440245,0,30,0,0,1,1,12,5,0,0,12,21,200,1,6,0,0,0,0,200,200
440246,0,30,0,0,1,1,12,5,0,0,0,20,200,0,9,200,6,200,0,200,200
440246,0,30,0,0,1,1,12,5,0,0,0,20,200,1,6,0,0,0,0,200,200
440246,1,30,0,0,1,1,12,5,0,0,0,20,200,1,6,0,200,200,200,200,200
440255,0,30,0,0,0,1,14,5,2,0,2,23,16,0,5,0,7,0,0,200,200
440255,0,30,0,0,0,1,14,5,2,0,2,23,16,1,6,0,0,0,0,200,200
440256,0,30,1,2,0,1,12,2,0,0,0,22,22,1,200,200,200,200,200,200,200
440256,0,30,1,2,0,1,12,2,0,0,0,22,22,1,6,0,0,0,0,200,200
440263,0,30,0,0,1,1,12,6,0,0,0,8,200,0,6,0,12,0,0,200,200
440263,0,30,0,0,1,1,12,6,0,0,0,8,200,1,7,0,0,0,0,200,200
440279,0,30,0,0,0,1,10,5,0,0,0,18,17,0,5,200,1,0,0,200,200
440279,0,30,0,0,0,1,10,5,0,0,0,18,17,0,7,0,0,0,0,200,200
440279,1,30,0,0,0,1,10,5,0,0,0,18,17,0,6,200,200,200,200,200,200
440280,0,30,0,0,0,1,12,2,0,0,0,22,200,1,200,200,2,200,200,200,200
440280,0,30,0,0,0,1,12,2,0,0,0,22,200,1,7,0,0,0,0,200,200
440285,0,40,0,0,1,1,12,3,3,0,0,0,0,0,4,200,200,0,200,200,200
440285,0,40,0,0,1,1,12,3,3,0,0,0,0,0,6,0,0,0,0,200,200
440286,0,30,0,0,0,1,12,2,0,0,0,0,0,0,4,0,200,0,0,200,200
440286,0,30,0,0,0,1,12,2,0,0,0,0,0,0,6,0,0,0,0,200,200
440288,0,30,0,0,1,1,12,2,0,0,0,0,0,1,6,0,200,200,0,200,200
440288,0,30,0,0,1,1,12,2,0,0,0,0,0,0,5,0,0,0,0,200,200
440289,0,30,1,2,0,1,12,2,0,0,0,17,200,0,5,0,1,0,0,200,200
440289,0,30,1,2,0,1,12,2,0,0,0,17,200,1,7,0,200,0,0,200,200
440289,1,30,1,2,0,1,12,2,0,0,0,17,200,0,6,0,200,200,200,200,200
440293,0,30,0,0,200,200,2,0,0,200,200,200,200,2,200,200,200,200,200,200,200
440304,0,30,0,0,0,1,10,7,0,0,0,11,200,1,6,0,12,0,0,200,200
440304,0,30,0,0,0,1,10,7,0,0,0,11,200,1,6,0,0,0,0,200,200
440315,0,35,200,200,0,3,14,5,0,0,0,0,200,1,7,7,1,200,200,200,200
440315,0,35,200,200,0,3,14,5,0,0,0,0,200,0,200,200,0,200,0,200,200
440320,0,30,1,2,0,1,14,6,0,0,0,23,200,1,7,0,7,0,0,200,200
440320,0,30,1,2,0,1,14,6,0,0,0,23,200,0,6,0,0,0,0,200,200
440320,1,30,1,2,0,1,14,6,0,0,0,23,200,0,6,0,200,200,200,200,200
440323,0,30,0,0,1,1,14,5,0,0,0,0,0,1,5,0,200,200,0,200,200
440323,0,30,0,0,1,1,14,5,0,0,0,0,0,0,6,0,0,200,0,200,200
440332,0,30,1,2,0,1,5,2,0,0,0,11,11,0,5,0,0,0,0,200,200
440333,0,30,1,2,0,2,8,2,0,0,0,0,0,0,8,0,200,6,200,200,200
440333,4,30,1,2,0,2,8,2,0,0,0,0,0,0,200,7,200,200,200,200,200
440336,0,30,0,0,0,1,12,5,0,0,0,21,21,1,6,0,4,0,0,200,200
440336,0,30,0,0,0,1,12,5,0,0,0,21,21,1,7,0,0,0,0,200,200
440342,0,5,0,0,0,1,12,12,0,0,0,0,0,0,200,200,0,200,200,200,200
440343,0,30,0,0,0,1,12,5,0,0,0,21,0,1,6,0,1,0,0,200,200
440343,0,30,0,0,0,1,12,5,0,0,0,21,0,0,6,0,0,0,0,200,200
440345,0,30,1,2,0,1,14,5,0,0,200,0,0,0,7,200,200,200,0,200,200
440345,0,30,1,2,0,1,14,5,0,0,200,0,0,0,8,200,200,200,0,200,200
440347,0,30,0,0,0,1,9,5,0,0,0,17,17,1,6,0,1,0,0,200,200
440347,5,30,0,0,0,1,9,5,0,0,0,17,17,1,7,7,12,0,0,200,200
440349,0,30,1,2,0,1,14,3,0,0,0,23,200,1,5,0,7,0,0,200,200
440349,0,30,1,2,0,1,14,3,0,0,0,23,200,1,7,0,0,0,0,200,200
440353,0,30,1,2,0,1,12,12,3,0,0,21,200,0,9,0,0,0,0,200,200
440353,0,30,1,2,0,1,12,12,3,0,0,21,200,1,6,0,4,0,0,200,200
440362,0,30,2,2,0,1,10,2,0,0,0,0,200,1,5,200,200,12,200,200,200
440362,0,30,2,2,0,1,10,2,0,0,0,0,200,1,7,0,0,0,0,200,200
440365,0,35,200,200,0,1,14,5,0,0,0,0,0,2,200,200,200,200,200,200,200
440365,0,35,200,200,0,1,14,5,0,0,0,0,0,0,6,200,0,200,0,200,200
440367,0,30,200,200,0,1,7,5,0,0,0,0,200,0,200,200,200,200,200,200,200
440367,0,30,200,200,0,1,7,5,0,0,0,0,200,0,7,200,200,200,0,200,200
440368,0,30,0,0,0,1,5,6,0,0,3,28,28,1,6,0,0,0,0,200,200
440368,1,30,0,0,0,1,5,6,0,0,3,28,28,1,200,5,200,200,200,200,200
440371,0,30,0,0,0,1,14,5,2,0,2,23,16,0,5,0,7,0,0,200,200
440371,0,30,0,0,0,1,14,5,2,0,2,23,16,1,6,0,0,0,0,200,200
440375,0,15,0,0,0,1,7,5,0,0,0,0,200,0,7,0,12,200,0,200,200
440377,0,30,1,2,0,1,12,2,0,0,200,21,200,0,6,0,4,0,0,200,200
440377,0,30,1,2,0,1,12,2,0,0,200,21,200,1,6,0,1,0,0,200,200
440377,1,30,1,2,0,1,12,2,0,0,200,21,200,1,5,0,200,200,200,200,200
440378,0,30,0,0,1,1,0,6,0,0,0,33,17,1,6,0,1,5,0,200,200
440378,0,30,0,0,1,1,0,6,0,0,0,33,17,0,0,1,0,5,0,200,200
440383,0,30,1,2,0,1,10,5,0,0,0,18,18,0,5,0,3,0,0,200,200
440383,0,30,1,2,0,1,10,5,0,0,0,18,18,1,5,0,0,0,0,200,200
440387,0,30,0,0,0,1,14,2,0,0,0,17,17,0,6,200,1,200,200,200,200
440387,0,30,0,0,0,1,14,2,0,0,0,17,17,0,7,0,0,0,0,200,200
440391,0,15,0,0,0,1,7,7,0,0,0,0,0,1,8,200,6,200,200,200,200
440391,1,15,0,0,0,1,7,7,0,0,0,0,0,1,8,0,200,200,200,200,200
440393,0,30,0,0,1,1,7,5,0,0,0,0,0,0,6,0,0,0,0,200,200
440394,0,15,0,0,200,200,7,5,0,200,0,0,200,2,200,200,200,200,200,200,200
440396,0,30,0,0,0,1,7,6,0,0,0,7,7,2,200,200,200,200,200,200,200
440396,1,30,0,0,0,1,7,6,0,0,0,7,7,1,7,0,200,200,200,200,200
440401,0,30,1,2,0,1,12,6,0,0,0,0,200,0,200,200,200,200,200,200,200
440401,0,30,1,2,0,1,12,6,0,0,0,0,200,0,6,0,0,0,0,200,200
440405,0,30,2,2,0,1,7,6,0,0,0,0,200,2,200,200,200,200,200,200,200
440406,0,30,0,0,0,1,10,5,0,0,0,18,200,1,6,0,3,0,0,200,200
440406,0,30,0,0,0,1,10,5,0,0,0,18,200,0,6,0,0,0,0,200,200
440407,0,30,0,0,0,1,2,3,0,0,0,17,17,2,200,200,1,200,200,200,200
440410,0,25,0,0,200,200,7,6,0,200,200,20,20,0,7,200,10,200,200,200,200
440415,0,30,0,0,0,1,12,5,0,0,0,22,0,0,8,0,4,200,200,200,200
440415,0,30,0,0,0,1,12,5,0,0,0,22,0,0,6,0,0,0,0,200,200
440418,0,30,1,2,0,1,10,5,0,0,0,0,0,0,5,0,200,0,0,200,200
440418,0,30,1,2,0,1,10,5,0,0,0,0,0,0,7,200,0,200,200,200,200
440423,0,30,1,2,0,1,12,3,0,0,0,21,0,0,7,0,4,0,0,200,200
440423,0,30,1,2,0,1,12,3,0,0,0,21,0,0,7,0,0,0,0,200,200
440423,1,30,1,2,0,1,12,3,0,0,0,21,0,0,4,0,200,200,200,200,200
440423,1,30,1,2,0,1,12,3,0,0,0,21,0,1,7,0,200,200,200,200,200
440425,0,30,2,2,0,1,14,5,0,0,0,17,200,0,5,0,1,0,0,200,200
440425,0,30,2,2,0,1,14,5,0,0,0,17,200,0,7,0,0,0,0,200,200
440427,0,30,1,2,0,1,10,5,0,0,0,0,0,0,200,0,0,0,0,200,200
440427,0,30,1,2,0,1,10,5,0,0,0,0,0,0,8,0,0,0,0,200,200
440430,0,35,1,2,0,1,7,6,0,0,0,16,0,0,5,200,1,200,0,200,200
440430,0,35,1,2,0,1,7,6,0,0,0,16,0,0,6,200,0,200,0,200,200
440430,1,35,1,2,0,1,7,6,0,0,0,16,0,0,6,200,200,200,200,200,200
440430,1,35,1,2,0,1,7,6,0,0,0,16,0,1,6,200,200,200,200,200,200
440430,1,35,1,2,0,1,7,6,0,0,0,16,0,1,6,200,200,200,200,200,200
440431,0,10,0,0,0,1,7,0,0,0,200,11,200,0,200,200,10,200,200,200,200
440434,0,30,0,0,0,1,12,5,0,0,0,22,200,0,6,0,2,0,0,200,200
440434,0,30,0,0,0,1,12,5,0,0,0,22,200,1,8,0,0,0,0,200,200
440437,0,30,200,200,200,200,7,5,0,12,200,200,200,2,200,200,200,200,200,200,200
440441,0,10,0,0,1,1,0,0,0,0,0,0,0,0,4,0,1,0,0,200,200
440441,0,10,0,0,1,1,0,0,0,0,0,0,0,1,7,0,1,12,0,200,200
440441,1,10,0,0,1,1,0,0,0,0,0,0,0,0,5,0,200,200,200,200,200
440441,1,10,0,0,1,1,0,0,0,0,0,0,0,0,4,0,200,200,200,200,200
440445,0,20,0,0,0,1,12,5,0,0,0,0,0,0,6,0,12,0,0,200,200
440445,0,20,0,0,0,1,12,5,0,0,0,0,0,0,7,0,12,0,0,200,200
440445,1,20,0,0,0,1,12,5,0,0,0,0,0,1,200,0,200,200,200,200,200
440446,0,30,1,2,0,1,7,2,0,0,0,18,200,0,4,200,3,0,0,200,200
440454,0,30,0,0,0,1,14,2,0,0,0,0,200,0,4,200,200,200,200,200,200
440454,0,30,0,0,0,1,14,2,0,0,0,0,200,1,7,0,0,0,0,200,200
440454,1,30,0,0,0,1,14,2,0,0,0,0,200,0,200,200,200,200,200,200,200
440458,0,30,1,2,1,1,10,6,0,0,0,16,16,0,200,200,3,200,200,200,200
440458,0,30,1,2,1,1,10,6,0,0,0,16,16,0,7,0,0,0,0,200,200
440458,1,30,1,2,1,1,10,6,0,0,0,16,16,1,5,0,200,200,200,200,200