RD_NO,PERSON_TYPE,POSTED_SPEED_LIMIT,TRAFFIC_CONTROL_DEVICE,DEVICE_CONDITION,WEATHER_CONDITION,LIGHTING_CONDITION,FIRST_CRASH_TYPE,TRAFFICWAY_TYPE,ALIGNMENT,ROADWAY_SURFACE_COND,ROAD_DEFECT,PRIM_CONTRIBUTORY_CAUSE,SEC_CONTRIBUTORY_CAUSE,SEX,AGE,SAFETY_EQUIPMENT,DRIVER_ACTION,DRIVER_VISION,PHYSICAL_CONDITION,BAC_RESULT VALUE,CELL_PHONE_USE
440991,0,30,0,0,1,1,0,0,0,0,0,17,200,1,6,0,0,0,0,200,200
440991,1,30,0,0,1,1,0,0,0,0,0,17,200,1,2,0,200,200,200,200,200
440991,1,30,0,0,1,1,0,0,0,0,0,17,200,1,1,0,200,200,200,200,200
441004,0,30,0,0,0,1,10,5,0,0,0,0,0,0,200,200,200,200,200,200,200
441004,0,30,0,0,0,1,10,5,0,0,0,0,0,0,5,200,0,0,0,200,200
441010,0,25,2,2,0,1,14,5,0,0,0,200,0,0,200,200,1,200,200,200,200
441010,0,25,2,2,0,1,14,5,0,0,0,200,0,1,6,0,0,0,0,200,200
441010,1,25,2,2,0,1,14,5,0,0,0,200,0,0,6,0,200,200,200,200,200
441011,0,30,0,0,0,1,10,5,0,0,200,0,0,0,200,200,200,200,200,200,200
441011,0,30,0,0,0,1,10,5,0,0,200,0,0,1,6,0,0,200,200,200,200
441012,0,25,1,2,0,1,14,6,0,0,0,23,200,1,6,0,7,0,0,200,200
441012,0,25,1,2,0,1,14,6,0,0,0,23,200,0,5,0,0,0,0,200,200
441014,0,30,0,0,0,1,10,7,0,0,0,0,0,0,7,0,3,200,0,200,200
441014,0,30,0,0,0,1,10,7,0,0,0,0,0,0,200,200,0,200,200,200,200
441017,0,25,0,0,0,1,14,5,0,0,0,17,200,1,6,200,1,200,200,200,200
441017,0,25,0,0,0,1,14,5,0,0,0,17,200,0,7,200,0,200,0,200,200
441020,0,30,0,0,0,1,7,5,0,0,0,0,200,2,200,200,200,200,200,200,200
441026,0,10,0,0,0,1,7,7,0,200,200,0,200,0,7,200,200,200,0,200,200
441026,1,10,0,0,0,1,7,7,0,200,200,0,200,1,6,200,200,200,200,200,200
441029,0,30,2,0,0,1,7,5,0,0,0,22,0,0,5,0,2,0,0,200,200
441030,0,0,0,0,0,1,2,7,0,0,0,11,11,1,6,0,12,0,0,200,200
441030,1,0,0,0,0,1,2,7,0,0,0,11,11,1,7,0,200,200,200,200,200
441031,0,30,0,0,0,1,3,2,0,0,0,21,200,0,200,200,4,200,200,200,200
441031,0,30,0,0,0,1,3,2,0,0,0,21,200,0,9,200,0,0,0,200,200
441036,0,30,1,1,0,1,14,2,0,0,0,28,200,0,6,200,12,0,0,200,200
441036,0,30,1,1,0,1,14,2,0,0,0,28,200,1,7,0,0,0,0,200,200
441041,0,30,2,2,0,1,0,2,0,0,0,0,0,0,200,200,200,0,0,200,200
441041,0,30,2,2,0,1,0,2,0,0,0,0,0,1,7,200,0,0,0,200,200
441043,0,30,0,0,0,1,7,5,0,0,0,0,0,2,200,200,200,200,200,200,200
441044,0,30,0,0,0,1,11,5,0,0,0,7,200,0,7,0,12,0,0,200,200
441044,0,30,0,0,0,1,11,5,0,0,0,7,200,1,5,0,0,0,0,200,200
441044,1,30,0,0,0,1,11,5,0,0,0,7,200,1,200,0,200,200,200,200,200
441045,4,15,0,0,0,1,8,4,0,0,0,200,200,1,200,7,200,200,200,200,200
441049,0,0,1,2,0,1,10,12,0,0,0,0,0,1,5,200,200,200,200,200,200
441049,0,0,1,2,0,1,10,12,0,0,0,0,0,1,6,0,0,0,0,200,200
441049,1,0,1,2,0,1,10,12,0,0,0,0,0,0,3,0,200,200,200,200,200
441053,0,35,0,0,2,1,7,5,0,0,0,0,0,2,200,200,200,200,200,200,200
441054,0,30,0,0,0,1,14,5,0,0,0,17,200,0,5,200,1,1,0,200,200
441054,0,30,0,0,0,1,14,5,0,0,0,17,200,1,6,0,0,1,0,200,200
441056,0,30,1,2,0,1,10,5,0,0,0,18,200,1,7,200,3,0,200,200,200
441056,0,30,1,2,0,1,10,5,0,0,0,18,200,0,6,0,12,0,0,200,200
441056,0,30,1,2,0,1,10,5,0,0,0,18,200,1,6,200,0,0,0,200,200
441056,1,30,1,2,0,1,10,5,0,0,0,18,200,1,6,0,200,200,200,200,200
441056,1,30,1,2,0,1,10,5,0,0,0,18,200,0,0,5,200,200,200,200,200
441061,0,30,2,0,0,1,14,5,0,0,0,23,0,1,5,200,7,0,0,200,200
441061,0,30,2,0,0,1,14,5,0,0,0,23,0,2,200,200,200,200,200,200,200
441062,0,30,1,2,0,1,3,5,0,0,0,0,200,1,5,0,0,0,0,200,200
441062,0,30,1,2,0,1,3,5,0,0,0,0,200,1,6,0,0,0,0,200,200
441065,0,30,0,0,0,1,12,6,0,0,0,17,200,0,200,200,1,200,200,200,200
441065,0,30,0,0,0,1,12,6,0,0,0,17,200,1,7,0,0,0,0,200,200
441065,1,30,0,0,0,1,12,6,0,0,0,17,200,0,200,0,200,200,200,200,200
441065,1,30,0,0,0,1,12,6,0,0,0,17,200,1,200,200,200,200,200,200,200
441065,1,30,0,0,0,1,12,6,0,0,0,17,200,2,200,200,200,200,200,200,200
441065,1,30,0,0,0,1,12,6,0,0,0,17,200,2,200,200,200,200,200,200,200
441067,0,25,0,0,0,1,12,6,0,0,0,17,18,1,6,0,1,0,0,200,200
441067,0,25,0,0,0,1,12,6,0,0,0,17,18,0,6,0,0,0,0,200,200
441067,1,25,0,0,0,1,12,6,0,0,0,17,18,0,2,0,200,200,200,200,200
441067,1,25,0,0,0,1,12,6,0,0,0,17,18,1,1,0,200,200,200,200,200
441067,1,25,0,0,0,1,12,6,0,0,0,17,18,1,6,0,200,200,200,200,200
441070,0,15,0,0,0,1,7,7,0,0,0,20,0,1,200,200,6,200,200,200,200
441072,0,30,1,2,0,4,10,5,0,0,0,18,16,0,9,0,3,0,0,200,200
441072,0,30,1,2,0,4,10,5,0,0,0,18,16,1,5,0,0,0,0,200,200
441072,0,30,1,2,0,4,10,5,0,0,0,18,16,0,200,200,0,200,200,200,200
441072,1,30,1,2,0,4,10,5,0,0,0,18,16,1,200,5,200,200,200,200,200
441075,0,40,1,2,0,3,10,5,0,0,0,16,0,1,7,0,0,0,0,200,200
441075,0,40,1,2,0,3,10,5,0,0,0,16,0,1,5,200,8,200,200,200,200
441075,1,40,1,2,0,3,10,5,0,0,0,16,0,0,5,0,200,200,200,200,200
441078,0,35,0,0,0,1,0,5,0,0,0,0,0,1,200,200,200,200,200,200,200
441078,0,35,0,0,0,1,0,5,0,0,0,0,0,0,6,0,0,0,0,200,200
441078,1,35,0,0,0,1,0,5,0,0,0,0,0,1,6,0,200,200,200,200,200
441078,1,35,0,0,0,1,0,5,0,0,0,0,0,1,7,0,200,200,200,200,200
441079,0,35,0,0,0,3,10,5,0,0,0,18,0,1,6,0,3,0,0,200,200
441079,0,35,0,0,0,3,10,5,0,0,0,18,0,1,8,0,0,0,0,200,200
441082,0,35,200,0,0,1,0,5,0,200,0,0,200,1,200,0,0,200,0,200,200
441082,0,35,200,0,0,1,0,5,0,200,0,0,200,0,200,0,200,200,0,200,200
441083,0,25,2,2,0,1,0,2,0,0,0,17,200,1,6,0,1,200,0,200,200
441083,0,25,2,2,0,1,0,2,0,0,0,17,200,0,6,0,0,0,0,200,200
441084,0,30,3,2,0,1,10,2,0,0,0,22,11,1,6,200,2,0,200,200,200
441084,0,30,3,2,0,1,10,2,0,0,0,22,11,0,5,0,0,0,0,200,200
441091,0,0,0,0,0,1,7,7,0,0,0,0,0,2,200,200,200,200,200,200,200
441093,0,30,0,0,0,1,7,7,0,0,0,0,0,1,200,200,200,200,200,200,200
441097,0,30,0,0,0,1,12,5,0,0,0,18,200,0,6,0,3,0,0,200,200
441097,0,30,0,0,0,1,12,5,0,0,0,18,200,1,6,0,0,0,0,200,200
441097,1,30,0,0,0,1,12,5,0,0,0,18,200,200,200,0,200,200,200,200,200
441098,0,30,0,0,0,1,7,6,0,0,0,23,200,0,200,200,7,200,200,200,200
441098,1,30,0,0,0,1,7,6,0,0,0,23,200,0,200,200,200,200,200,200,200
441109,0,35,0,0,0,1,12,2,0,0,0,0,0,0,200,200,2,200,200,200,200
441109,0,35,0,0,0,1,12,2,0,0,0,0,0,1,7,0,0,0,0,200,200
441109,1,35,0,0,0,1,12,2,0,0,0,0,0,1,6,0,200,200,200,200,200
441109,1,35,0,0,0,1,12,2,0,0,0,0,0,0,2,0,200,200,200,200,200
441110,0,30,0,0,0,4,11,2,0,0,0,10,200,0,200,200,9,200,200,200,200
441110,0,30,0,0,0,4,11,2,0,0,0,10,200,0,6,0,0,0,0,200,200
441110,1,30,0,0,0,4,11,2,0,0,0,10,200,0,5,0,200,200,200,200,200
441116,0,30,0,0,0,1,0,5,0,0,0,0,200,0,5,200,200,200,200,200,200
441116,0,30,0,0,0,1,0,5,0,0,0,0,200,0,6,0,0,0,0,200,200
441119,0,30,1,2,0,1,10,5,0,0,0,20,200,1,5,0,0,0,0,200,200
441119,0,30,1,2,0,1,10,5,0,0,0,20,200,1,200,200,0,200,200,200,200
441120,0,30,0,0,0,4,10,5,0,0,3,18,28,0,6,0,3,0,0,200,200
441120,0,30,0,0,0,4,10,5,0,0,3,18,28,1,7,0,0,0,0,200,200
441129,0,30,0,0,0,3,14,5,0,200,200,11,0,0,6,200,0,200,0,200,200
441129,0,30,0,0,0,3,14,5,0,200,200,11,0,0,5,200,12,200,0,200,200
441130,0,30,0,0,0,4,10,7,0,0,0,0,200,0,7,0,6,0,0,200,200
441130,0,30,0,0,0,4,10,7,0,0,0,0,200,1,5,7,0,0,0,200,200
441131,0,25,0,0,0,1,12,5,0,0,0,17,200,0,9,200,1,200,200,200,200
441131,0,25,0,0,0,1,12,5,0,0,0,17,200,1,5,200,0,200,200,200,200
441132,0,30,1,2,0,0,8,6,0,0,0,17,23,0,7,0,7,0,0,200,200
441132,4,30,1,2,0,0,8,6,0,0,0,17,23,0,6,3,0,0,0,200,200
441133,0,30,1,2,0,4,9,5,0,0,0,18,0,0,200,0,1,0,0,200,200
441133,5,30,1,2,0,4,9,5,0,0,0,18,0,0,5,7,0,12,0,200,200
441139,0,5,0,0,0,3,10,7,0,0,0,8,200,1,6,0,6,0,0,200,200
441139,0,5,0,0,0,3,10,7,0,0,0,8,200,1,5,0,0,0,0,200,200
441144,0,30,1,2,0,1,12,2,0,0,200,0,0,0,7,0,4,200,200,200,200
441144,0,30,1,2,0,1,12,2,0,0,200,0,0,1,6,0,0,200,200,200,200
441148,0,30,1,2,0,4,10,5,0,0,200,18,18,0,6,200,3,200,200,200,200
441148,0,30,1,2,0,4,10,5,0,0,200,18,18,0,6,0,0,0,0,200,200
441148,1,30,1,2,0,4,10,5,0,0,200,18,18,1,6,0,200,200,200,200,200
441156,0,30,0,0,0,1,7,5,0,0,0,17,0,2,200,200,200,200,200,200,200
441159,0,30,0,0,0,200,7,6,0,0,0,0,200,2,200,200,200,200,200,200,200
441160,0,30,0,0,0,1,14,5,0,0,0,22,200,0,200,200,2,200,200,200,200
441160,0,30,0,0,0,1,14,5,0,0,0,22,200,0,5,200,0,200,0,200,200
441162,0,30,1,2,0,1,7,1,0,0,0,0,0,1,200,200,200,200,200,200,200
441168,0,25,0,0,0,4,7,5,0,0,0,200,200,2,200,200,200,200,200,200,200
441170,0,25,2,2,0,1,7,6,0,0,0,0,0,1,4,200,0,0,0,200,200
441171,0,45,0,0,0,1,10,5,0,0,200,0,0,0,6,200,200,200,200,200,200
441171,0,45,0,0,0,1,10,5,0,0,200,0,0,1,6,0,0,200,200,200,200
441172,0,20,0,0,0,3,7,12,0,0,0,27,200,0,0,0,12,0,4,200,200
441183,0,30,0,0,0,3,9,6,0,0,0,0,0,0,6,200,200,200,0,200,200
441183,5,30,0,0,0,3,9,6,0,0,0,0,0,0,7,7,200,0,0,200,200
441184,0,30,0,0,0,2,12,5,0,0,0,23,0,1,5,200,2,0,0,200,200
441184,0,30,0,0,0,2,12,5,0,0,0,23,0,0,6,200,0,0,0,200,200
441184,1,30,0,0,0,2,12,5,0,0,0,23,0,0,6,200,200,200,200,200,200
441200,0,40,0,0,0,1,10,12,0,0,0,0,200,0,6,0,200,0,0,200,200
441200,0,40,0,0,0,1,10,12,0,0,0,0,200,1,200,200,0,0,0,200,200
441201,0,25,1,2,0,0,2,6,0,0,12,32,0,0,6,200,12,200,200,0,200
441203,0,30,0,0,0,4,10,5,0,0,0,200,200,0,5,0,0,0,0,200,200
441203,0,30,0,0,0,4,10,5,0,0,0,200,200,1,7,0,0,0,0,200,200
441216,0,30,0,0,0,3,0,5,0,0,0,0,0,1,6,200,200,200,200,200,200
441222,0,30,0,0,0,3,12,5,0,0,0,10,15,0,200,200,9,200,200,200,200
441222,0,30,0,0,0,3,12,5,0,0,0,10,15,0,5,0,0,200,0,200,200
441230,0,35,0,0,0,3,7,5,0,0,0,20,0,2,200,200,6,200,200,200,200
441248,0,30,0,0,0,3,12,5,0,0,0,17,200,2,200,200,1,200,200,200,200
441248,0,30,0,0,0,3,12,5,0,0,0,17,200,1,200,0,0,0,0,200,200
441262,0,30,0,0,0,2,14,5,0,0,0,18,0,1,6,200,3,0,0,200,200
441262,0,30,0,0,0,2,14,5,0,0,0,18,0,0,5,200,0,0,0,200,200
441262,1,30,0,0,0,2,14,5,0,0,0,18,0,0,5,200,200,200,200,200,200
441269,0,35,1,2,0,3,10,3,0,0,200,18,0,0,200,200,3,200,200,200,200
441269,0,35,1,2,0,3,10,3,0,0,200,18,0,0,6,0,0,0,0,200,200
441269,1,35,1,2,0,3,10,3,0,0,200,18,0,1,200,200,200,200,200,200,200
441292,0,30,1,2,0,3,0,5,0,0,0,25,200,0,200,200,1,200,200,200,200
441292,0,30,1,2,0,3,0,5,0,0,0,25,200,0,5,0,0,0,0,200,200
441294,0,30,1,2,0,3,10,5,0,0,200,18,200,0,6,0,1,0,0,200,200
441294,0,30,1,2,0,3,10,5,0,0,200,18,200,1,5,0,200,200,0,200,200
441294,1,30,1,2,0,3,10,5,0,0,200,18,200,0,5,0,200,200,200,200,200
441294,1,30,1,2,0,3,10,5,0,0,200,18,200,0,5,200,200,200,200,200,200
441294,1,30,1,2,0,3,10,5,0,0,200,18,200,0,1,200,200,200,200,200,200
441294,1,30,1,2,0,3,10,5,0,0,200,18,200,0,2,200,200,200,200,200,200
441297,0,30,1,2,0,3,14,5,0,200,200,17,23,0,6,0,1,200,0,200,200
441297,0,30,1,2,0,3,14,5,0,200,200,17,23,0,6,0,0,200,0,200,200
441302,0,30,1,2,0,0,14,6,0,0,200,18,200,0,7,200,3,200,200,200,200
441302,0,30,1,2,0,0,14,6,0,0,200,18,200,1,200,200,0,200,200,200,200
441309,0,30,0,0,0,0,10,5,0,0,0,18,18,2,200,200,3,200,200,200,200
441309,0,30,0,0,0,0,10,5,0,0,0,18,18,1,6,0,0,0,0,200,200
441312,0,10,0,0,0,0,10,7,0,0,0,0,200,1,6,0,6,0,0,200,200
441312,0,10,0,0,0,0,10,7,0,0,0,0,200,0,5,0,0,0,0,200,200
441312,1,10,0,0,0,0,10,7,0,0,0,0,200,1,6,0,200,200,200,200,200
441316,0,30,1,2,0,3,3,5,0,0,0,0,200,0,200,200,200,200,200,200,200
441316,0,30,1,2,0,3,3,5,0,0,0,0,200,1,8,0,0,0,0,200,200
441316,1,30,1,2,0,3,3,5,0,0,0,0,200,0,200,200,200,200,200,200,200
441319,0,30,6,2,0,1,12,5,0,0,0,0,0,0,200,200,4,200,200,200,200
441319,0,30,6,2,0,1,12,5,0,0,0,0,0,0,8,0,0,0,0,200,200
441322,0,35,1,2,0,3,10,2,0,0,200,18,0,2,200,200,3,200,200,200,200
441322,0,35,1,2,0,3,10,2,0,0,200,18,0,0,6,0,0,0,0,200,200
441322,0,35,1,2,0,3,10,2,0,0,200,18,0,0,5,0,0,0,0,200,200
441335,0,30,2,2,0,1,11,6,0,0,0,0,200,0,200,200,200,200,200,200,200
441335,0,30,2,2,0,1,11,6,0,0,0,0,200,0,6,0,0,0,0,200,200
441337,0,15,0,0,0,3,7,6,0,0,0,15,16,0,200,200,8,200,200,200,200
441338,0,25,200,200,200,200,7,5,0,200,0,0,11,2,200,200,200,200,200,200,200
441339,0,30,1,2,0,3,10,2,0,0,0,0,0,0,6,200,200,200,0,200,200
441339,0,30,1,2,0,3,10,2,0,0,0,0,0,0,4,0,0,0,0,200,200
441339,0,30,1,2,0,3,10,2,0,0,0,0,0,0,200,0,0,0,0,200,200
441343,0,30,1,200,0,200,14,3,0,0,200,200,200,0,7,0,200,200,0,200,200
441343,0,30,1,200,0,200,14,3,0,0,200,200,200,0,7,0,200,0,0,200,200
441354,0,30,2,2,0,3,14,5,0,0,0,0,0,2,200,200,200,200,200,200,200
441354,0,30,2,2,0,3,14,5,0,0,0,0,0,1,4,0,1,0,0,200,200
441356,0,35,0,0,0,3,10,5,0,0,200,18,0,1,200,200,3,200,200,200,200
441356,0,35,0,0,0,3,10,5,0,0,200,18,0,1,5,0,0,0,0,200,200
441373,0,30,0,0,0,3,7,5,0,0,0,25,33,0,6,200,12,0,200,200,200
441395,0,30,0,0,0,3,9,4,0,0,0,16,16,0,200,200,1,200,200,200,200
441395,5,30,0,0,0,3,9,4,0,0,0,16,16,0,0,7,12,0,0,200,200
441397,0,30,1,2,0,3,12,2,0,0,0,0,0,0,6,0,200,0,0,200,200
441397,0,30,1,2,0,3,12,2,0,0,0,0,0,1,6,0,200,0,0,200,200
441410,0,30,1,2,0,0,14,3,0,0,200,23,200,0,200,200,7,200,200,200,200
441410,0,30,1,2,0,0,14,3,0,0,200,23,200,0,6,200,0,200,200,200,200
441410,1,30,1,2,0,0,14,3,0,0,200,23,200,0,200,200,200,200,200,200,200
441411,0,30,2,2,0,3,12,6,0,0,0,11,0,2,200,200,200,200,200,200,200
441411,0,30,2,2,0,3,12,6,0,0,0,11,0,0,6,0,0,0,0,200,200
441438,0,30,1,2,0,3,12,5,0,0,0,0,0,0,8,0,12,0,0,200,200
441438,0,30,1,2,0,3,12,5,0,0,0,0,0,0,7,7,0,0,0,200,200
441444,0,30,0,0,0,3,7,7,0,0,0,27,200,0,5,200,12,200,12,200,200
441444,1,30,0,0,0,3,7,7,0,0,0,27,200,1,5,200,200,200,200,200,200
441449,0,20,0,0,0,3,7,5,0,0,0,32,200,0,5,200,12,0,6,200,200
441449,1,20,0,0,0,3,7,5,0,0,0,32,200,0,5,200,200,200,200,200,200
441449,1,20,0,0,0,3,7,5,0,0,0,32,200,0,4,200,200,200,200,200,200
441449,1,20,0,0,0,3,7,5,0,0,0,32,200,0,5,200,200,200,200,200,200
441461,0,25,2,2,0,1,10,5,0,0,0,18,16,0,200,200,3,200,200,200,200
441461,0,25,2,2,0,1,10,5,0,0,0,18,16,0,6,0,0,0,0,200,200
441470,0,35,0,0,0,3,10,5,0,0,0,0,0,0,6,200,200,200,0,200,200
441470,0,35,0,0,0,3,10,5,0,0,0,0,0,1,5,200,200,200,0,200,200
441476,0,30,0,0,0,0,2,5,0,0,0,16,200,0,6,200,12,200,200,200,200
441482,0,30,200,200,0,1,10,5,0,0,0,22,200,0,6,200,0,0,0,200,200
441482,0,30,200,200,0,1,10,5,0,0,0,22,200,0,6,200,4,0,0,200,200
441483,0,10,0,0,0,3,7,7,0,0,0,0,0,2,200,200,200,200,200,200,200
441495,0,30,1,2,0,3,10,2,0,0,0,0,0,1,7,200,3,0,0,200,200
441495,0,30,1,2,0,3,10,2,0,0,0,0,0,0,6,0,0,0,0,200,200
441521,0,30,2,2,0,3,14,5,0,0,0,17,0,0,6,0,1,0,0,200,200
441521,0,30,2,2,0,3,14,5,0,0,0,17,0,1,5,0,0,0,0,200,200
441521,1,30,2,2,0,3,14,5,0,0,0,17,0,0,200,0,200,200,200,200,200
441524,0,30,0,0,0,2,7,5,0,0,0,7,200,1,5,0,12,0,0,200,200
441533,0,30,1,2,0,1,14,5,0,0,0,17,23,0,6,0,12,12,0,200,200
441533,0,30,1,2,0,1,14,5,0,0,0,17,23,0,6,0,12,12,0,200,200
441535,0,30,0,0,0,3,7,6,0,0,0,0,200,0,6,200,200,200,200,200,200
441537,0,30,0,0,0,1,12,2,0,0,4,16,21,0,200,200,4,200,200,200,200
441537,0,30,0,0,0,1,12,2,0,0,4,16,21,0,6,0,0,0,0,200,200
441547,0,30,1,2,0,1,12,6,0,0,0,21,23,1,6,0,7,200,0,200,200
441547,0,30,1,2,0,1,12,6,0,0,0,21,23,1,0,0,0,200,0,200,200
441549,0,30,2,2,0,1,14,2,0,0,0,17,200,0,5,200,1,200,0,200,200
441549,0,30,2,2,0,1,14,2,0,0,0,17,200,0,6,200,12,200,0,200,200
441551,0,30,0,0,0,1,12,5,0,0,0,17,200,0,7,0,1,200,0,200,200
441551,0,30,0,0,0,1,12,5,0,0,0,17,200,0,5,0,0,0,0,200,200
441552,0,30,0,0,0,1,7,5,0,0,0,200,200,2,200,200,200,200,200,200,200
441553,0,5,0,0,0,1,7,7,0,0,0,20,200,0,5,0,6,0,0,200,200
441557,0,30,2,2,0,1,0,6,0,0,0,5,16,0,5,0,5,0,0,200,200
441557,0,30,2,2,0,1,0,6,0,0,0,5,16,0,6,200,0,200,200,200,200
441558,0,10,0,0,0,0,7,7,0,0,0,0,200,2,200,200,200,200,200,200,200
441563,0,30,1,2,0,1,10,5,0,0,0,18,200,0,6,200,3,0,0,200,200
441563,0,30,1,2,0,1,10,5,0,0,0,18,200,0,6,200,0,0,0,200,200
441563,1,30,1,2,0,1,10,5,0,0,0,18,200,0,6,200,200,200,200,200,200
441563,1,30,1,2,0,1,10,5,0,0,0,18,200,0,3,200,200,200,200,200,200
441563,1,30,1,2,0,1,10,5,0,0,0,18,200,0,2,200,200,200,200,200,200
441564,0,0,0,0,0,1,7,7,0,0,0,0,0,0,200,200,200,200,200,200,200
441571,0,30,1,2,0,2,10,5,0,0,0,7,0,1,5,200,12,0,0,200,200
441571,0,30,1,2,0,2,10,5,0,0,0,7,0,0,7,200,0,0,0,200,200
441572,0,30,0,0,0,1,10,2,0,0,0,18,200,0,6,0,3,0,0,200,200
441572,0,30,0,0,0,1,10,2,0,0,0,18,200,0,7,0,0,0,0,200,200
441579,0,25,0,0,0,1,14,5,0,0,0,0,0,1,6,0,200,0,0,200,200
441579,0,25,0,0,0,1,14,5,0,0,0,0,0,0,6,0,0,0,0,200,200
441579,1,25,0,0,0,1,14,5,0,0,0,0,0,0,1,5,200,200,200,200,200
441579,1,25,0,0,0,1,14,5,0,0,0,0,0,0,0,5,200,200,200,200,200
441579,1,25,0,0,0,1,14,5,0,0,0,0,0,1,0,5,200,200,200,200,200
441580,0,25,0,0,0,1,3,5,0,0,0,0,0,1,200,0,200,0,0,200,200
441580,0,25,0,0,0,1,3,5,0,0,0,0,0,0,200,0,200,0,0,200,200
441582,0,30,2,2,0,1,0,3,0,0,0,17,0,1,6,0,1,0,0,200,200
441582,0,30,2,2,0,1,0,3,0,0,0,17,0,1,7,0,0,0,0,200,200
441583,0,30,0,0,0,1,2,5,0,0,0,3,0,0,6,200,1,200,0,200,200
441584,0,30,2,2,0,1,9,2,0,0,0,33,200,1,6,0,0,1,0,200,200
441584,5,30,2,2,0,1,9,2,0,0,0,33,200,0,2,200,200,1,0,200,200
441585,0,30,1,2,0,1,10,5,0,0,0,0,0,0,200,200,200,200,200,200,200
441585,0,30,1,2,0,1,10,5,0,0,0,0,0,0,6,200,200,0,0,200,200
441588,0,30,0,0,0,1,14,1,0,0,0,23,33,0,6,0,7,1,0,200,200
441588,0,30,0,0,0,1,14,1,0,0,0,23,33,0,6,0,0,1,0,200,200
441588,1,30,0,0,0,1,14,1,0,0,0,23,33,200,200,0,200,200,200,200,200
441590,0,30,2,200,0,1,14,6,0,0,200,25,25,0,200,200,13,200,200,200,200
441590,0,30,2,200,0,1,14,6,0,0,200,25,25,1,6,0,0,200,0,200,200
441591,0,30,0,0,0,1,10,3,0,0,0,18,18,0,5,1,3,0,0,200,200
441591,0,30,0,0,0,1,10,3,0,0,0,18,18,1,5,0,0,0,0,200,200
441592,0,30,0,0,0,1,9,2,0,0,200,14,17,0,200,200,1,200,200,200,200
441592,5,30,0,0,0,1,9,2,0,0,200,14,17,1,6,7,0,0,0,200,200
441596,0,30,0,0,0,1,12,2,0,0,0,0,0,1,200,200,0,200,200,200,200
441596,0,30,0,0,0,1,12,2,0,0,0,0,0,0,6,0,0,0,0,200,200
441596,1,30,0,0,0,1,12,2,0,0,0,0,0,1,3,0,200,200,200,200,200
441611,0,30,1,2,0,1,14,12,0,0,0,17,200,1,7,200,1,0,0,200,200
441611,0,30,1,2,0,1,14,12,0,0,0,17,200,0,5,200,0,0,0,200,200
441615,0,30,2,2,0,1,14,12,0,0,0,0,200,0,7,0,12,0,0,200,200
441615,0,30,2,2,0,1,14,12,0,0,0,0,200,1,7,0,12,0,0,200,200
441615,1,30,2,2,0,1,14,12,0,0,0,0,200,1,5,0,200,200,200,200,200
441618,0,30,0,0,1,1,14,2,0,200,200,200,200,1,5,0,200,200,0,200,200
441618,0,30,0,0,1,1,14,2,0,200,200,200,200,1,5,0,200,200,0,200,200
441620,0,30,0,0,0,1,12,5,0,200,200,0,200,0,6,200,200,200,200,200,200
441620,0,30,0,0,0,1,12,5,0,200,200,0,200,0,6,200,200,200,200,200,200
441622,0,30,2,2,0,1,10,6,0,0,0,11,11,1,5,0,3,0,0,200,200
441622,0,30,2,2,0,1,10,6,0,0,0,11,11,1,5,0,0,0,0,200,200
441622,1,30,2,2,0,1,10,6,0,0,0,11,11,0,200,0,200,200,200,200,200
441624,0,30,1,2,0,1,10,2,0,0,0,18,200,0,200,200,3,200,200,200,200
441624,0,30,1,2,0,1,10,2,0,0,0,18,200,1,6,0,0,0,0,200,200
441624,1,30,1,2,0,1,10,2,0,0,0,18,200,1,0,5,200,200,200,200,200
441625,0,30,2,2,0,1,0,2,0,0,0,17,0,1,6,0,1,0,0,200,200
441625,0,30,2,2,0,1,0,2,0,0,0,17,0,1,6,0,200,0,0,200,200
441625,1,30,2,2,0,1,0,2,0,0,0,17,0,1,2,0,200,200,200,200,200
441625,1,30,2,2,0,1,0,2,0,0,0,17,0,0,3,0,200,200,200,200,200
441626,0,35,1,2,0,2,14,5,0,0,0,11,23,2,200,200,200,200,200,200,200
441626,0,35,1,2,0,2,14,5,0,0,0,11,23,2,200,200,0,200,0,200,200
441632,0,20,0,0,0,1,3,6,0,0,0,17,200,0,6,200,1,0,0,200,200
441632,0,20,0,0,0,1,3,6,0,0,0,17,200,1,7,200,0,0,0,200,200
441635,0,30,0,0,0,1,10,5,0,0,0,18,200,1,7,0,3,0,0,200,200
441635,0,30,0,0,0,1,10,5,0,0,0,18,200,1,6,0,0,0,0,200,200
441642,0,30,0,0,0,1,7,5,0,0,0,22,0,0,5,0,7,0,0,200,200
441646,0,30,0,0,0,1,12,5,0,0,0,0,0,0,6,200,0,0,0,200,200
441646,0,30,0,0,0,1,12,5,0,0,0,0,0,1,6,200,200,0,0,200,200
441647,0,30,0,0,0,1,10,2,0,0,0,18,200,0,7,0,3,0,0,200,200
441647,0,30,0,0,0,1,10,2,0,0,0,18,200,0,7,0,0,0,0,200,200
441648,0,30,0,0,0,1,11,5,0,0,0,0,0,1,200,200,200,200,200,200,200
441648,0,30,0,0,0,1,11,5,0,0,0,0,0,1,6,0,200,0,0,200,200
441648,1,30,0,0,0,1,11,5,0,0,0,0,0,1,200,200,200,200,200,200,200
441649,0,30,0,0,0,1,7,5,0,0,0,0,0,2,200,200,12,200,200,200,200