RD_NO,PERSON_TYPE,POSTED_SPEED_LIMIT,TRAFFIC_CONTROL_DEVICE,DEVICE_CONDITION,WEATHER_CONDITION,LIGHTING_CONDITION,FIRST_CRASH_TYPE,TRAFFICWAY_TYPE,ALIGNMENT,ROADWAY_SURFACE_COND,ROAD_DEFECT,PRIM_CONTRIBUTORY_CAUSE,SEC_CONTRIBUTORY_CAUSE,SEX,AGE,SAFETY_EQUIPMENT,DRIVER_ACTION,DRIVER_VISION,PHYSICAL_CONDITION,BAC_RESULT VALUE,CELL_PHONE_USE
441649,1,30,0,0,0,1,7,5,0,0,0,0,0,0,200,200,200,200,200,200,200
441657,0,25,0,0,0,1,14,5,2,0,0,23,200,1,5,200,7,200,0,200,200
441657,0,25,0,0,0,1,14,5,2,0,0,23,200,1,7,7,0,200,0,200,200
441665,0,40,0,0,0,1,10,5,0,0,0,18,200,0,200,200,3,200,200,200,200
441665,0,40,0,0,0,1,10,5,0,0,0,18,200,1,6,0,0,0,0,200,200
441667,0,30,0,0,0,1,7,7,0,0,0,0,0,2,200,200,200,200,200,200,200
441668,0,30,1,2,0,1,10,5,0,0,0,18,200,0,200,200,3,200,200,200,200
441668,0,30,1,2,0,1,10,5,0,0,0,18,200,0,6,200,0,0,0,200,200
441671,0,30,0,0,0,1,9,5,0,0,0,16,0,2,200,200,200,200,200,200,200
441671,5,30,0,0,0,1,9,5,0,0,0,16,0,1,5,7,0,0,0,200,1
441674,0,30,1,2,0,1,9,5,0,0,0,0,200,1,7,0,200,0,0,200,200
441674,5,30,1,2,0,1,9,5,0,0,0,0,200,0,6,7,12,0,0,200,200
441675,0,30,0,0,0,4,10,3,0,0,0,21,22,0,6,0,0,0,0,200,200
441675,0,30,0,0,0,4,10,3,0,0,0,21,22,2,200,200,1,200,200,200,200
441676,0,30,2,200,0,1,10,5,0,0,0,18,200,0,6,0,3,0,0,200,200
441676,0,30,2,200,0,1,10,5,0,0,0,18,200,1,5,200,200,200,200,200,200
441678,0,30,0,0,0,1,12,5,3,0,0,200,0,0,6,0,4,0,0,200,200
441678,0,30,0,0,0,1,12,5,3,0,0,200,0,1,7,0,0,0,0,200,200
441682,0,20,0,0,0,1,10,6,0,0,0,18,200,1,200,200,3,200,200,200,200
441682,0,20,0,0,0,1,10,6,0,0,0,18,200,1,6,0,0,0,0,200,200
441682,1,20,0,0,0,1,10,6,0,0,0,18,200,1,0,0,200,200,200,200,200
441687,0,30,0,0,0,1,10,6,0,0,0,20,200,0,6,0,6,0,0,200,200
441687,0,30,0,0,0,1,10,6,0,0,0,20,200,1,7,200,0,200,0,200,200
441688,0,10,0,0,0,1,12,12,0,0,0,0,200,1,200,200,200,200,200,200,200
441688,0,10,0,0,0,1,12,12,0,0,0,0,200,0,8,0,200,0,0,200,200
441689,0,30,1,2,0,1,14,2,0,0,0,17,200,0,7,0,1,0,0,200,200
441689,0,30,1,2,0,1,14,2,0,0,0,17,200,0,7,0,0,0,0,200,200
441691,0,30,2,2,0,1,2,2,0,0,1,29,0,1,6,0,0,0,0,200,200
441692,0,30,0,0,0,1,10,3,0,0,0,18,18,1,6,0,3,0,0,200,200
441692,0,30,0,0,0,1,10,3,0,0,0,18,18,0,6,0,0,0,0,200,200
441693,0,15,0,0,0,1,5,0,0,0,3,11,200,1,5,200,12,0,0,200,200
441696,0,0,1,2,0,1,0,6,0,0,0,21,11,1,4,0,9,0,0,200,200
441696,0,0,1,2,0,1,0,6,0,0,0,21,11,1,5,0,0,0,0,200,200
441696,1,0,1,2,0,1,0,6,0,0,0,21,11,2,200,0,200,200,200,200,200
441697,0,30,1,2,0,3,0,5,0,0,0,25,0,2,200,200,200,200,200,200,200
441697,0,30,1,2,0,3,0,5,0,0,0,25,0,1,6,0,0,0,200,200,200
441697,1,30,1,2,0,3,0,5,0,0,0,25,0,1,5,0,200,200,200,200,200
441704,0,30,0,0,0,0,7,5,0,0,200,0,0,2,200,200,200,200,200,200,200
441713,0,30,0,0,0,3,7,6,0,0,0,0,0,1,4,200,200,200,200,200,200
441720,0,40,0,0,0,1,12,3,0,0,0,21,200,0,6,0,4,0,0,200,200
441720,0,40,0,0,0,1,12,3,0,0,0,21,200,0,7,0,0,0,0,200,200
441730,0,30,0,0,0,1,14,0,0,0,0,17,200,0,6,0,1,0,0,200,200
441730,0,30,0,0,0,1,14,0,0,0,0,17,200,1,7,0,0,0,0,200,200
441733,0,30,2,2,0,1,10,5,0,0,0,0,0,0,200,200,200,0,200,200,200
441733,0,30,2,2,0,1,10,5,0,0,0,0,0,0,0,0,0,0,0,200,200
441733,1,30,2,2,0,1,10,5,0,0,0,0,0,1,200,200,200,200,200,200,200
441736,0,30,2,2,0,1,9,5,0,0,0,17,3,0,200,200,1,200,200,200,200
441736,5,30,2,2,0,1,9,5,0,0,0,17,3,0,7,7,0,0,7,200,200
441736,1,30,2,2,0,1,9,5,0,0,0,17,3,1,5,0,200,200,200,200,200
441738,0,30,1,2,0,1,12,5,0,0,0,0,0,0,200,200,200,200,200,200,200
441738,0,30,1,2,0,1,12,5,0,0,0,0,0,1,6,200,0,0,0,200,200
441738,1,30,1,2,0,1,12,5,0,0,0,0,0,0,6,200,200,200,200,200,200
441739,0,30,0,0,0,1,10,6,0,0,0,18,18,1,4,0,3,0,0,200,200
441739,0,30,0,0,0,1,10,6,0,0,0,18,18,0,5,0,0,0,0,200,200
441739,1,30,0,0,0,1,10,6,0,0,0,18,18,1,5,0,200,200,200,200,200
441740,0,30,2,2,0,1,14,6,0,0,0,17,200,1,7,0,1,200,0,200,200
441740,0,30,2,2,0,1,14,6,0,0,0,17,200,1,5,0,0,0,0,200,200
441750,0,35,1,2,0,1,10,6,0,0,0,18,200,1,6,0,3,0,0,200,200
441750,0,35,1,2,0,1,10,6,0,0,0,18,200,0,200,0,0,0,0,200,200
441755,0,35,0,0,0,1,12,2,0,0,0,22,11,1,200,200,4,200,200,200,200
441755,0,35,0,0,0,1,12,2,0,0,0,22,11,0,7,200,0,200,200,200,200
441768,0,30,0,2,0,1,10,5,0,0,0,200,200,0,5,0,200,0,0,200,200
441768,0,30,0,2,0,1,10,5,0,0,0,200,200,0,6,0,0,0,0,200,200
441770,0,30,1,2,0,1,10,3,0,0,0,0,0,1,5,200,3,200,0,200,200
441770,0,30,1,2,0,1,10,3,0,0,0,0,0,0,6,0,0,0,0,200,200
441771,0,30,0,0,0,0,12,5,0,0,0,0,0,0,5,0,200,0,0,200,200
441771,0,30,0,0,0,0,12,5,0,0,0,0,0,0,6,0,0,0,0,200,200
441772,0,30,0,0,0,3,7,5,0,0,0,0,200,2,200,200,200,200,200,200,200
441776,0,30,0,0,0,1,12,6,0,0,0,18,200,2,200,200,200,200,200,200,200
441776,0,30,0,0,0,1,12,6,0,0,0,18,200,1,5,200,0,0,0,200,200
441776,1,30,0,0,0,1,12,6,0,0,0,18,200,1,1,5,200,200,200,200,200
441776,1,30,0,0,0,1,12,6,0,0,0,18,200,1,2,200,200,200,200,200,200
441778,0,35,1,2,0,1,12,5,0,0,0,17,200,1,8,0,5,0,0,200,200
441778,0,35,1,2,0,1,12,5,0,0,0,17,200,0,6,0,0,0,0,200,200
441779,0,10,0,0,0,1,10,8,0,0,0,18,18,1,6,200,3,0,0,200,200
441779,0,10,0,0,0,1,10,8,0,0,0,18,18,1,6,0,0,0,0,200,200
441781,0,30,0,0,0,1,12,6,0,0,0,14,22,1,200,200,1,200,7,200,200
441781,0,30,0,0,0,1,12,6,0,0,0,14,22,0,6,0,0,200,0,200,200
441782,0,30,1,2,0,1,14,6,0,0,0,23,0,2,200,200,1,200,200,200,200
441782,0,30,1,2,0,1,14,6,0,0,0,23,0,0,6,0,0,0,0,200,200
441784,0,30,0,0,0,1,5,5,0,0,1,200,200,0,5,0,12,0,0,200,200
441787,0,30,0,0,0,1,12,2,0,0,0,8,18,1,6,200,3,1,0,200,200
441787,0,30,0,0,0,1,12,2,0,0,0,8,18,1,5,200,12,0,0,200,200
441789,0,25,0,0,0,1,7,6,0,0,0,0,0,2,200,200,200,200,200,200,200
441791,0,30,1,2,0,1,14,3,0,0,0,23,200,0,7,0,7,0,0,200,200
441791,0,30,1,2,0,1,14,3,0,0,0,23,200,0,7,0,0,0,0,200,200
441800,0,30,0,0,0,1,10,5,0,0,0,25,200,1,5,0,3,0,0,200,200
441800,0,30,0,0,0,1,10,5,0,0,0,25,200,0,6,0,0,0,0,200,200
441801,4,30,0,0,0,1,8,5,0,0,200,0,11,0,6,200,0,200,200,200,200
441801,1,30,0,0,0,1,8,5,0,0,200,0,11,0,5,200,200,200,200,200,200
441810,0,45,1,2,0,1,10,3,0,0,0,18,0,0,5,200,3,0,200,200,200
441810,0,45,1,2,0,1,10,3,0,0,0,18,0,1,6,0,0,0,200,200,200
441815,4,30,1,2,0,1,8,5,0,0,0,0,0,0,5,7,1,0,7,200,200
441815,0,30,1,2,0,1,8,5,0,0,0,0,0,0,7,200,0,0,0,200,200
441818,0,30,1,2,0,1,14,1,0,0,0,0,0,1,5,200,200,0,0,200,200
441818,0,30,1,2,0,1,14,1,0,0,0,0,0,0,5,0,0,0,0,200,200
441821,0,15,0,0,0,1,2,7,0,0,0,0,0,0,6,0,12,0,0,200,200
441821,1,15,0,0,0,1,2,7,0,0,0,0,0,0,200,0,200,200,200,200,200
441821,1,15,0,0,0,1,2,7,0,0,0,0,0,0,200,0,200,200,200,200,200
441821,1,15,0,0,0,1,2,7,0,0,0,0,0,0,200,0,200,200,200,200,200
441825,0,0,0,0,0,1,7,7,0,0,0,0,0,0,200,200,200,0,200,200,200
441827,0,30,0,0,0,1,12,5,0,0,0,0,0,0,7,0,200,0,0,200,200
441827,0,30,0,0,0,1,12,5,0,0,0,0,0,0,7,0,200,0,0,200,200
441829,0,30,0,3,0,1,12,2,0,0,0,0,0,1,200,200,200,200,200,200,200
441829,0,30,0,3,0,1,12,2,0,0,0,0,0,0,7,0,1,0,0,200,200
441830,0,25,0,0,0,1,7,6,0,0,200,20,0,0,5,200,10,0,0,200,200
441832,0,30,0,0,0,1,12,5,0,0,0,0,0,0,7,0,200,0,0,200,1
441832,0,30,0,0,0,1,12,5,0,0,0,0,0,1,5,0,200,0,0,200,1
441834,0,30,1,2,0,1,14,3,0,0,200,6,17,0,200,200,5,200,0,200,200
441834,0,30,1,2,0,1,14,3,0,0,200,6,17,1,7,200,0,0,0,200,200
441845,0,0,0,0,0,1,12,5,0,0,0,22,1,0,200,200,2,200,200,200,200
441845,0,0,0,0,0,1,12,5,0,0,0,22,1,1,6,0,0,0,0,200,200
441849,0,35,0,0,0,1,12,4,0,0,0,0,200,0,7,200,0,0,0,200,200
441849,0,35,0,0,0,1,12,4,0,0,0,0,200,0,5,0,12,0,0,200,200
441850,0,30,0,0,0,1,7,6,0,0,0,0,0,2,200,200,200,200,200,200,200
441851,0,35,1,2,0,1,14,5,0,0,0,0,200,0,6,0,1,0,0,200,200
441851,0,35,1,2,0,1,14,5,0,0,0,0,200,0,6,0,0,0,0,200,200
441853,0,30,0,0,0,1,12,5,0,0,0,22,200,0,200,200,2,200,200,200,200
441853,0,30,0,0,0,1,12,5,0,0,0,22,200,1,6,0,0,0,0,200,200
441861,0,30,0,0,0,1,10,6,0,0,0,16,18,1,7,200,3,200,200,200,200
441861,0,30,0,0,0,1,10,6,0,0,0,16,18,0,7,0,0,0,0,200,200
441868,0,30,0,0,0,1,7,7,0,0,0,0,200,2,200,200,200,200,200,200,200
441877,0,30,1,2,0,1,14,5,0,0,0,21,23,0,7,200,7,200,0,200,200
441877,0,30,1,2,0,1,14,5,0,0,0,21,23,1,6,0,0,0,0,200,200
441878,0,30,1,2,0,1,8,5,0,0,0,0,200,0,7,0,1,12,0,200,200
441878,4,30,1,2,0,1,8,5,0,0,0,0,200,0,6,3,12,12,0,200,200
441879,0,30,0,0,0,4,10,5,0,0,0,0,0,0,5,200,200,200,200,200,200
441879,0,30,0,0,0,4,10,5,0,0,0,0,0,0,5,1,0,0,0,200,200
441882,0,30,0,0,0,1,10,5,0,0,0,18,200,0,7,200,3,200,0,200,200
441882,0,30,0,0,0,1,10,5,0,0,0,18,200,1,7,0,0,0,0,200,200
441885,0,30,0,0,0,0,7,7,0,0,0,20,200,0,7,0,6,200,200,200,200
441886,0,30,0,0,0,1,12,6,0,0,0,21,23,0,5,200,4,200,200,200,200
441886,0,30,0,0,0,1,12,6,0,0,0,21,23,1,6,0,0,0,0,200,200
441888,0,25,1,2,0,1,10,3,0,0,0,18,200,1,7,0,3,0,0,200,200
441888,0,25,1,2,0,1,10,3,0,0,0,18,200,0,6,0,0,0,0,200,200
441888,1,25,1,2,0,1,10,3,0,0,0,18,200,0,5,0,200,200,200,200,200
441889,0,30,0,0,0,1,0,5,0,0,0,0,0,0,200,200,0,200,200,200,200
441889,0,30,0,0,0,1,0,5,0,0,0,0,0,0,7,0,0,0,0,200,200
441890,0,30,2,2,0,1,10,2,0,0,0,0,200,1,6,200,200,0,0,200,200
441890,0,30,2,2,0,1,10,2,0,0,0,0,200,0,5,0,200,0,0,200,200
441890,1,30,2,2,0,1,10,2,0,0,0,0,200,1,7,0,200,200,200,200,200
441899,0,30,0,0,0,1,12,2,0,0,0,17,0,0,200,200,1,200,200,200,200
441899,0,30,0,0,0,1,12,2,0,0,0,17,0,0,8,0,0,0,0,200,200
441899,1,30,0,0,0,1,12,2,0,0,0,17,0,0,200,200,200,200,200,200,200
441907,0,30,1,2,0,1,9,3,0,0,0,25,16,0,6,0,12,0,0,200,200
441907,5,30,1,2,0,1,9,3,0,0,0,25,16,0,200,7,0,0,0,200,200
441912,0,30,0,0,0,1,10,2,0,0,0,0,0,0,200,200,200,200,200,200,200
441912,0,30,0,0,0,1,10,2,0,0,0,0,0,0,7,200,200,0,200,200,200
441926,0,20,0,0,0,1,7,5,0,0,0,0,0,2,200,200,200,200,200,200,200
441928,0,0,0,0,0,1,7,7,0,0,0,0,0,0,200,200,6,200,200,200,200
441940,0,30,0,0,0,1,7,5,0,0,0,7,27,0,6,0,4,0,12,200,200
441950,0,20,0,0,0,200,7,5,0,0,0,11,200,2,200,200,200,200,200,200,200
441956,0,30,0,0,0,1,9,7,0,0,0,17,200,2,200,200,200,200,200,200,200
441956,5,30,0,0,0,1,9,7,0,0,0,17,200,1,6,7,0,0,0,200,200
441960,0,20,0,0,0,1,7,6,0,0,0,0,200,0,200,200,200,200,200,200,200
441965,0,30,0,0,0,1,12,5,0,0,0,200,200,0,6,0,0,0,0,200,200
441965,0,30,0,0,0,1,12,5,0,0,0,200,200,0,5,0,0,0,0,200,200
441967,0,30,0,0,0,1,14,2,0,0,0,18,200,0,0,7,0,0,0,200,200
441967,0,30,0,0,0,1,14,2,0,0,0,18,200,0,6,7,0,0,0,200,200
441972,0,30,0,0,0,1,12,5,0,0,0,17,200,0,7,0,1,200,0,200,200
441972,0,30,0,0,0,1,12,5,0,0,0,17,200,0,6,0,0,0,0,200,200
441975,0,30,0,0,0,1,7,6,0,0,0,200,200,2,200,200,0,200,200,200,200
441979,0,35,1,2,0,1,14,2,0,0,0,6,6,1,6,3,5,0,0,200,200
441979,0,35,1,2,0,1,14,2,0,0,0,6,6,1,6,0,0,0,0,200,200
441982,0,30,0,0,0,1,12,5,0,0,0,21,200,0,9,0,4,0,0,200,200
441982,0,30,0,0,0,1,12,5,0,0,0,21,200,1,7,0,0,0,0,200,200
441997,0,25,200,200,0,1,2,6,0,0,0,16,6,0,4,7,13,0,0,200,200
442004,0,30,2,2,0,1,14,5,0,0,0,0,200,0,3,0,1,0,0,200,200
442004,0,30,2,2,0,1,14,5,0,0,0,0,200,1,7,0,0,0,0,200,200
442004,1,30,2,2,0,1,14,5,0,0,0,0,200,0,8,0,200,200,200,200,200
442017,0,30,1,2,0,1,10,5,0,0,0,18,200,0,200,200,3,200,200,200,200
442017,0,30,1,2,0,1,10,5,0,0,0,18,200,1,7,0,0,0,0,200,200
442019,0,30,1,2,0,1,14,12,0,0,0,0,0,0,200,200,200,0,0,200,200
442019,0,30,1,2,0,1,14,12,0,0,0,0,0,0,200,0,0,0,0,200,200
442022,0,30,0,0,0,1,7,6,0,0,0,200,200,0,200,200,200,200,200,200,200
442022,1,30,0,0,0,1,7,6,0,0,0,200,200,0,200,200,200,200,200,200,200
442022,1,30,0,0,0,1,7,6,0,0,0,200,200,0,200,200,200,200,200,200,200
442026,0,30,0,0,0,1,10,2,0,0,0,18,200,1,4,7,3,0,0,200,200
442026,0,30,0,0,0,1,10,2,0,0,0,18,200,1,7,7,0,0,0,200,200
442028,0,15,0,0,0,1,7,7,0,0,0,0,0,0,200,200,200,200,200,200,200
442039,0,30,0,0,0,1,0,5,0,0,0,17,0,0,6,200,1,200,200,200,200
442039,0,30,0,0,0,1,0,5,0,0,0,17,0,0,6,0,0,0,0,200,200
442039,1,30,0,0,0,1,0,5,0,0,0,17,0,1,200,0,200,200,200,200,200
442042,0,30,1,2,0,1,12,6,0,0,0,21,200,1,200,200,12,200,200,200,200
442042,0,30,1,2,0,1,12,6,0,0,0,21,200,1,10,0,0,0,0,200,200
442043,0,20,1,2,0,1,12,5,0,0,0,11,0,0,200,200,200,200,200,200,200
442043,0,20,1,2,0,1,12,5,0,0,0,11,0,0,6,0,0,0,0,200,200
442043,1,20,1,2,0,1,12,5,0,0,0,11,0,0,200,0,200,200,200,200,200
442045,0,30,0,0,0,1,10,5,0,0,0,200,200,1,200,200,0,200,200,200,200
442045,0,30,0,0,0,1,10,5,0,0,0,200,200,1,5,0,0,0,0,200,200
442049,0,30,1,2,0,1,12,5,0,0,0,200,200,1,8,0,12,0,7,200,200
442049,0,30,1,2,0,1,12,5,0,0,0,200,200,0,6,200,0,0,0,200,200
442050,0,30,1,200,0,1,14,6,0,200,200,23,0,0,6,200,7,200,200,200,200
442050,0,30,1,200,0,1,14,6,0,200,200,23,0,0,6,200,12,200,0,200,200
442077,0,30,1,2,0,1,14,2,0,0,0,17,23,0,4,200,1,0,200,200,200
442077,0,30,1,2,0,1,14,2,0,0,0,17,23,0,5,200,0,0,0,200,200
442080,0,30,1,2,0,1,10,5,0,0,0,18,200,1,6,0,3,0,0,200,200
442080,0,30,1,2,0,1,10,5,0,0,0,18,200,0,6,0,0,0,0,200,200
442080,1,30,1,2,0,1,10,5,0,0,0,18,200,1,2,0,200,200,200,200,200
442080,1,30,1,2,0,1,10,5,0,0,0,18,200,0,2,0,200,200,200,200,200
442083,0,0,0,0,200,200,7,6,0,0,0,11,11,2,200,200,200,200,200,200,200
442090,0,30,1,2,0,1,14,5,0,0,0,22,200,0,7,200,7,0,0,200,200
442090,0,30,1,2,0,1,14,5,0,0,0,22,200,0,6,0,0,0,0,200,200
442090,1,30,1,2,0,1,14,5,0,0,0,22,200,2,200,200,200,200,200,200,200
442097,0,35,200,200,0,0,7,6,0,0,0,0,200,2,200,200,200,200,200,200,200
442098,0,30,1,2,0,1,14,2,0,0,0,0,200,1,6,200,200,0,200,200,200
442098,0,30,1,2,0,1,14,2,0,0,0,0,200,0,7,0,0,0,0,200,200
442099,0,35,0,0,0,1,14,5,0,0,0,0,0,0,6,0,0,0,0,200,200
442099,0,35,0,0,0,1,14,5,0,0,0,0,0,1,6,0,0,0,0,200,200
442099,1,35,0,0,0,1,14,5,0,0,0,0,0,0,6,0,200,200,200,200,200
442100,0,10,0,0,0,1,5,4,2,0,0,0,0,0,6,200,12,200,0,200,200
442104,0,30,0,0,0,1,10,2,0,0,0,22,200,1,8,0,4,0,0,200,200
442104,0,30,0,0,0,1,10,2,0,0,0,22,200,1,6,7,0,0,0,200,200
442108,0,30,200,0,0,1,7,5,0,0,0,0,0,2,200,200,200,200,200,200,200
442114,0,30,0,200,0,1,12,5,0,0,200,0,200,0,200,200,200,200,200,200,200
442114,0,30,0,200,0,1,12,5,0,0,200,0,200,1,5,0,0,200,0,200,200
442114,1,30,0,200,0,1,12,5,0,0,200,0,200,1,200,0,200,200,200,200,200
442126,0,30,0,0,0,1,12,2,0,0,0,21,11,1,6,0,0,0,0,200,200
442126,0,30,0,0,0,1,12,2,0,0,0,21,11,0,6,0,0,0,0,200,200
442132,0,30,0,0,0,1,12,2,0,0,0,0,0,0,7,1,0,0,0,200,200
442132,0,30,0,0,0,1,12,2,0,0,0,0,0,0,7,0,0,0,0,200,200
442134,0,30,4,2,0,1,14,3,0,0,0,0,0,0,7,200,200,200,200,200,200
442134,0,30,4,2,0,1,14,3,0,0,0,0,0,1,6,0,0,0,0,200,200
442142,0,30,0,0,0,1,7,5,0,0,0,0,0,2,200,200,200,200,200,200,200
442143,0,30,2,2,0,1,0,5,0,0,0,0,0,1,200,200,200,200,200,200,200
442143,0,30,2,2,0,1,0,5,0,0,0,0,0,1,7,200,200,200,200,200,200
442144,0,30,2,2,0,1,0,5,0,0,0,0,0,0,200,200,12,200,200,200,200
442144,0,30,2,2,0,1,0,5,0,0,0,0,0,1,200,200,0,0,0,200,200
442144,1,30,2,2,0,1,0,5,0,0,0,0,0,0,200,200,200,200,200,200,200
442152,0,30,0,0,0,1,7,5,0,0,0,16,11,2,200,200,0,200,200,200,200
442160,0,35,1,2,0,1,8,6,0,0,0,16,200,0,200,200,1,200,200,200,200
442160,4,35,1,2,0,1,8,6,0,0,0,16,200,1,5,7,200,0,0,200,200
442167,0,30,0,0,0,1,10,7,0,0,0,20,0,0,200,200,6,200,200,200,200
442167,0,30,0,0,0,1,10,7,0,0,0,20,0,1,7,1,0,0,0,200,200
442170,0,30,0,0,0,1,10,2,0,0,0,18,200,0,6,0,0,0,0,200,200
442170,0,30,0,0,0,1,10,2,0,0,0,18,200,1,7,0,0,0,0,200,200
442170,1,30,0,0,0,1,10,2,0,0,0,18,200,1,7,0,200,200,200,200,200
442170,1,30,0,0,0,1,10,2,0,0,0,18,200,1,8,7,200,200,200,200,200
442171,0,30,0,0,0,1,7,5,0,0,0,8,8,1,6,0,12,0,0,200,200
442174,0,20,3,2,1,1,12,6,0,0,0,0,0,0,6,0,0,0,0,200,200
442174,0,20,3,2,1,1,12,6,0,0,0,0,0,1,6,0,0,0,0,200,200
442177,0,5,0,0,0,1,9,7,0,0,200,17,200,2,200,200,1,200,200,200,200
442177,5,5,0,0,0,1,9,7,0,0,200,17,200,0,7,200,0,200,7,200,200
442181,0,30,1,2,0,1,10,6,0,0,0,17,200,0,7,0,1,0,0,200,200
442181,0,30,1,2,0,1,10,6,0,0,0,17,200,1,8,0,0,0,0,200,200
442181,1,30,1,2,0,1,10,6,0,0,0,17,200,0,200,200,200,200,200,200,200
442181,1,30,1,2,0,1,10,6,0,0,0,17,200,1,200,200,200,200,200,200,200
442181,1,30,1,2,0,1,10,6,0,0,0,17,200,1,200,200,200,200,200,200,200
442184,0,30,2,200,0,1,14,5,0,200,200,0,0,1,6,0,200,200,200,200,200
442184,0,30,2,200,0,1,14,5,0,200,200,0,0,0,7,0,200,200,200,200,200
442192,0,30,0,0,0,1,14,2,0,0,0,0,200,0,6,200,200,0,0,200,200
442192,0,30,0,0,0,1,14,2,0,0,0,0,200,0,7,200,0,200,0,200,200
442192,1,30,0,0,0,1,14,2,0,0,0,0,200,1,6,200,200,200,200,200,200
442199,0,30,1,2,0,1,14,3,0,0,0,6,200,0,7,0,5,0,0,200,200
442199,0,30,1,2,0,1,14,3,0,0,0,6,200,1,7,200,200,200,0,200,200
442199,1,30,1,2,0,1,14,3,0,0,0,6,200,1,6,200,200,200,200,200,200
442199,1,30,1,2,0,1,14,3,0,0,0,6,200,200,6,200,200,200,200,200,200
442199,1,30,1,2,0,1,14,3,0,0,0,6,200,1,200,200,200,200,200,200,200
442199,1,30,1,2,0,1,14,3,0,0,0,6,200,1,200,200,200,200,200,200,200
442201,0,30,1,2,0,1,10,5,0,0,0,18,200,1,0,200,3,200,200,200,200
442201,0,30,1,2,0,1,10,5,0,0,0,18,200,0,7,0,0,0,0,200,200
442209,3,35,1,2,200,200,5,2,0,200,200,23,200,0,200,200,1,200,200,200,200
442209,0,35,1,2,200,200,5,2,0,200,200,23,200,1,7,200,0,200,200,200,200
442209,1,35,1,2,200,200,5,2,0,200,200,23,200,0,200,200,200,200,200,200,200
442209,1,35,1,2,200,200,5,2,0,200,200,23,200,1,200,200,200,200,200,200,200
442211,0,30,1,2,0,1,10,2,0,0,0,0,0,0,7,200,200,200,0,200,200
442211,0,30,1,2,0,1,10,2,0,0,0,0,0,1,6,200,200,0,0,200,200
442211,1,30,1,2,0,1,10,2,0,0,0,0,0,1,5,200,200,200,200,200,200
442211,1,30,1,2,0,1,10,2,0,0,0,0,0,1,1,200,200,200,200,200,200
442212,0,30,0,0,0,1,7,7,0,0,0,0,0,2,200,200,200,200,200,200,200
442218,0,30,0,0,0,0,9,2,0,0,0,20,200,0,200,200,6,200,0,200,200
442218,5,30,0,0,0,0,9,2,0,0,0,20,200,0,6,7,0,0,0,200,200
442223,0,10,0,0,0,1,10,7,0,0,0,18,0,1,6,7,1,0,0,200,200
442223,0,10,0,0,0,1,10,7,0,0,0,18,0,0,7,0,0,0,0,200,200
442226,0,30,0,0,0,1,10,5,0,0,0,0,0,1,7,0,0,0,0,200,200
442226,0,30,0,0,0,1,10,5,0,0,0,0,0,0,200,200,200,200,200,200,200
442228,4,30,0,0,0,1,8,2,0,0,0,0,200,0,5,2,12,0,7,200,200
442229,0,30,1,2,0,1,14,5,0,0,0,23,200,1,3,0,0,0,0,200,200
442229,0,30,1,2,0,1,14,5,0,0,0,23,200,0,6,0,0,0,0,200,200
442229,1,30,1,2,0,1,14,5,0,0,0,23,200,1,6,0,200,200,200,200,200
442229,1,30,1,2,0,1,14,5,0,0,0,23,200,1,3,0,200,200,200,200,200
442234,0,30,1,2,0,1,10,2,0,0,0,0,200,1,7,0,200,0,200,200,200
442234,0,30,1,2,0,1,10,2,0,0,0,0,200,0,8,0,200,0,200,200,200
442240,0,30,1,2,0,1,12,2,0,0,0,16,11,1,7,0,0,0,0,200,200
442240,0,30,1,2,0,1,12,2,0,0,0,16,11,0,6,0,9,0,0,200,200
442246,0,30,0,0,0,1,3,5,0,0,0,20,200,1,8,0,6,0,0,200,200
442246,0,30,0,0,0,1,3,5,0,0,0,20,200,0,7,0,0,0,0,200,200
442249,0,30,0,0,0,1,12,5,0,0,0,21,0,1,7,0,4,0,0,200,200
442249,0,30,0,0,0,1,12,5,0,0,0,21,0,0,3,0,0,0,0,200,200
442250,0,30,1,2,0,1,14,2,0,0,0,21,22,0,6,200,4,200,200,200,200
442250,0,30,1,2,0,1,14,2,0,0,0,21,22,1,6,200,200,0,0,200,200
442261,0,30,0,0,0,1,10,5,0,0,0,0,200,0,7,0,0,0,0,200,200
442261,0,30,0,0,0,1,10,5,0,0,0,0,200,1,200,200,200,200,200,200,200
442262,0,30,1,2,0,1,14,5,0,0,0,0,0,1,7,0,200,12,0,200,200
442262,0,30,1,2,0,1,14,5,0,0,0,0,0,1,6,0,200,0,0,200,200
442264,0,30,0,0,0,1,10,3,0,0,0,13,200,1,6,0,12,0,0,200,200
442264,0,30,0,0,0,1,10,3,0,0,0,13,200,0,7,0,12,0,0,200,200
442264,0,30,0,0,0,1,10,3,0,0,0,13,200,0,5,0,12,0,0,200,200
442264,1,30,0,0,0,1,10,3,0,0,0,13,200,1,7,0,200,200,200,200,200
442272,0,30,0,0,0,1,10,5,0,0,0,18,18,0,200,200,1,200,200,200,200
442272,0,30,0,0,0,1,10,5,0,0,0,18,18,0,7,7,0,0,0,200,200
442277,0,10,0,0,0,1,7,7,0,0,0,0,0,2,200,200,200,200,200,200,200
442282,0,30,1,2,0,1,12,5,0,0,0,21,200,1,7,200,4,200,200,200,200
442282,0,30,1,2,0,1,12,5,0,0,0,21,200,0,8,0,0,0,0,200,200
442289,0,10,0,0,0,1,0,7,0,0,0,20,200,0,200,200,6,200,200,200,200