RD_NO,PERSON_TYPE,POSTED_SPEED_LIMIT,TRAFFIC_CONTROL_DEVICE,DEVICE_CONDITION,WEATHER_CONDITION,LIGHTING_CONDITION,FIRST_CRASH_TYPE,TRAFFICWAY_TYPE,ALIGNMENT,ROADWAY_SURFACE_COND,ROAD_DEFECT,PRIM_CONTRIBUTORY_CAUSE,SEC_CONTRIBUTORY_CAUSE,SEX,AGE,SAFETY_EQUIPMENT,DRIVER_ACTION,DRIVER_VISION,PHYSICAL_CONDITION,BAC_RESULT VALUE,CELL_PHONE_USE
442963,1,30,0,0,0,1,14,5,0,0,0,0,0,0,200,5,200,200,200,200,200
442965,0,30,0,0,0,1,7,2,0,0,200,18,16,0,200,200,3,200,200,200,200
442966,0,30,0,0,0,1,0,2,0,0,0,17,33,0,7,0,1,1,0,200,200
442966,0,30,0,0,0,1,0,2,0,0,0,17,33,1,6,0,0,1,0,200,200
442966,1,30,0,0,0,1,0,2,0,0,0,17,33,1,3,0,200,200,200,200,200
442967,0,30,0,0,0,1,0,5,0,0,0,20,200,1,6,0,6,200,0,200,200
442967,0,30,0,0,0,1,0,5,0,0,0,20,200,0,6,0,0,200,0,200,200
442968,0,30,0,0,0,1,7,6,0,0,0,0,0,2,200,200,200,200,200,200,200
442971,4,30,0,0,0,1,8,5,0,0,0,17,200,0,5,7,0,0,0,200,200
442971,0,30,0,0,0,1,8,5,0,0,0,17,200,1,7,0,1,0,0,200,200
442976,0,20,1,2,0,1,10,5,0,0,0,16,16,1,3,0,3,0,0,200,200
442976,0,20,1,2,0,1,10,5,0,0,0,16,16,1,6,0,0,0,0,200,200
442976,0,20,1,2,0,1,10,5,0,0,0,16,16,1,7,0,0,0,0,200,200
442976,1,20,1,2,0,1,10,5,0,0,0,16,16,0,6,0,200,200,200,200,200
442976,1,20,1,2,0,1,10,5,0,0,0,16,16,1,6,0,200,200,200,200,200
442983,0,30,0,0,0,1,14,7,3,0,0,0,200,0,5,0,12,0,0,200,200
442983,0,30,0,0,0,1,14,7,3,0,0,0,200,0,6,0,0,0,0,200,200
442992,0,20,1,2,0,1,8,6,0,0,0,17,23,1,7,0,1,0,0,200,200
442992,4,20,1,2,0,1,8,6,0,0,0,17,23,0,3,200,0,0,0,200,200
442992,1,20,1,2,0,1,8,6,0,0,0,17,23,0,2,5,200,200,200,200,200
442995,0,30,0,0,0,1,12,2,0,0,0,17,21,1,7,200,1,0,0,200,200
442995,0,30,0,0,0,1,12,2,0,0,0,17,21,0,200,200,1,200,200,200,200
442996,0,20,0,0,0,1,7,6,0,0,0,0,0,1,6,0,200,0,0,200,200
442997,0,30,0,0,0,1,12,2,0,0,0,22,200,0,5,0,4,0,0,200,200
442997,0,30,0,0,0,1,12,2,0,0,0,22,200,1,6,7,0,0,0,200,200
443000,0,30,0,0,0,1,14,2,0,0,0,17,0,0,7,200,7,200,200,200,200
443000,0,30,0,0,0,1,14,2,0,0,0,17,0,1,6,0,0,1,0,200,200
443006,0,30,0,0,0,1,10,2,0,0,0,18,200,1,7,0,3,0,0,200,200
443006,0,30,0,0,0,1,10,2,0,0,0,18,200,0,7,7,0,0,0,200,200
443006,0,30,0,0,0,1,10,2,0,0,0,18,200,1,7,0,0,0,0,200,200
443008,0,30,0,0,0,1,0,0,0,0,0,0,200,1,5,200,200,200,0,200,200
443008,0,30,0,0,0,1,0,0,0,0,0,0,200,1,6,200,200,200,0,200,200
443009,0,30,0,0,1,1,14,2,0,0,0,0,0,0,6,0,1,1,0,200,200
443009,0,30,0,0,1,1,14,2,0,0,0,0,0,0,7,0,0,0,0,200,200
443009,1,30,0,0,1,1,14,2,0,0,0,0,0,0,1,0,200,200,200,200,200
443011,0,30,2,2,0,1,0,5,0,0,0,200,200,1,4,0,1,0,0,200,200
443011,0,30,2,2,0,1,0,5,0,0,0,200,200,0,6,0,0,0,0,200,200
443016,0,30,0,0,0,1,14,5,0,0,0,17,0,1,3,0,1,0,0,200,200
443016,0,30,0,0,0,1,14,5,0,0,0,17,0,1,5,0,12,0,0,200,200
443016,1,30,0,0,0,1,14,5,0,0,0,17,0,1,200,0,200,200,200,200,200
443019,0,0,0,0,1,1,12,6,0,0,0,17,200,0,5,200,1,0,0,200,200
443019,0,0,0,0,1,1,12,6,0,0,0,17,200,1,5,200,0,0,0,200,200
443020,0,30,0,0,0,1,12,3,0,0,0,21,200,0,200,200,4,200,200,200,200
443020,0,30,0,0,0,1,12,3,0,0,0,21,200,0,7,0,0,0,0,200,200
443020,1,30,0,0,0,1,12,3,0,0,0,21,200,200,200,200,200,200,200,200,200
443022,0,30,2,0,0,1,0,5,0,0,0,17,200,0,5,0,1,0,0,200,200
443022,0,30,2,0,0,1,0,5,0,0,0,17,200,1,5,0,0,0,0,200,200
443022,1,30,2,0,0,1,0,5,0,0,0,17,200,0,3,200,200,200,200,200,200
443025,0,30,3,0,1,1,7,2,0,0,0,23,16,0,7,0,7,0,0,200,200
443028,0,30,0,0,0,1,10,3,0,0,0,16,200,1,6,0,1,0,0,200,200
443028,0,30,0,0,0,1,10,3,0,0,0,16,200,0,6,0,0,0,0,200,200
443029,0,30,2,2,1,1,0,5,0,0,2,17,200,1,6,0,1,0,0,200,200
443029,0,30,2,2,1,1,0,5,0,0,2,17,200,0,6,0,0,0,0,200,200
443036,0,30,0,0,0,1,12,2,0,0,0,22,0,1,5,200,6,200,200,200,200
443036,0,30,0,0,0,1,12,2,0,0,0,22,0,1,6,0,0,200,5,200,200
443038,0,35,1,2,0,1,12,3,0,0,1,17,11,0,6,0,1,1,0,200,200
443038,0,35,1,2,0,1,12,3,0,0,1,17,11,0,200,200,12,200,200,200,200
443038,1,35,1,2,0,1,12,3,0,0,1,17,11,1,6,0,200,200,200,200,200
443038,1,35,1,2,0,1,12,3,0,0,1,17,11,0,0,5,200,200,200,200,200
443038,1,35,1,2,0,1,12,3,0,0,1,17,11,1,2,1,200,200,200,200,200
443041,0,35,0,0,0,1,14,5,0,0,0,0,0,1,6,0,200,200,0,200,200
443041,0,35,0,0,0,1,14,5,0,0,0,0,0,1,5,0,200,200,0,200,200
443047,0,35,2,2,1,1,14,5,0,1,0,17,0,0,7,200,1,200,0,200,200
443047,0,35,2,2,1,1,14,5,0,1,0,17,0,0,8,200,200,200,0,200,200
443048,0,25,0,0,0,1,12,5,0,0,0,17,0,0,6,7,0,0,0,200,200
443048,0,25,0,0,0,1,12,5,0,0,0,17,0,1,5,0,0,0,0,200,200
443049,0,30,0,0,0,1,10,6,0,0,0,0,0,1,0,0,4,200,0,200,200
443049,0,30,0,0,0,1,10,6,0,0,0,0,0,0,6,0,0,0,0,200,200
443049,1,30,0,0,0,1,10,6,0,0,0,0,0,1,200,0,200,200,200,200,200
443049,1,30,0,0,0,1,10,6,0,0,0,0,0,0,200,0,200,200,200,200,200
443055,0,30,1,2,0,1,14,5,0,0,0,23,200,0,6,200,7,0,0,200,200
443055,0,30,1,2,0,1,14,5,0,0,0,23,200,1,6,200,200,0,0,200,200
443055,1,30,1,2,0,1,14,5,0,0,0,23,200,0,7,200,200,200,200,200,200
443055,1,30,1,2,0,1,14,5,0,0,0,23,200,0,0,200,200,200,200,200,200
443056,0,30,0,0,0,1,12,3,2,0,0,29,0,1,6,0,12,0,0,200,200
443056,0,30,0,0,0,1,12,3,2,0,0,29,0,0,6,0,0,0,0,200,200
443059,0,30,1,2,0,1,12,5,0,0,0,21,0,1,8,0,4,0,0,200,200
443059,0,30,1,2,0,1,12,5,0,0,0,21,0,0,6,0,0,0,0,200,200
443061,0,30,1,2,0,1,12,5,0,0,0,22,200,0,6,0,2,0,0,200,200
443061,0,30,1,2,0,1,12,5,0,0,0,22,200,0,5,0,12,0,0,200,200
443066,0,30,0,0,0,1,7,5,0,0,0,0,200,2,200,200,200,200,200,200,200
443067,0,30,0,0,0,1,12,2,0,0,0,21,0,1,4,7,4,0,0,200,200
443067,0,30,0,0,0,1,12,2,0,0,0,21,0,0,8,0,0,0,0,200,200
443068,0,30,1,2,0,1,2,2,0,0,0,22,0,0,7,0,2,200,0,200,200
443069,0,30,0,0,0,3,7,6,0,0,0,0,0,2,200,200,200,200,200,200,200
443070,0,30,1,2,1,1,14,6,0,0,0,0,0,1,6,200,200,0,0,200,200
443070,0,30,1,2,1,1,14,6,0,0,0,0,0,1,6,200,200,0,0,200,200
443073,0,30,0,0,0,1,7,5,0,0,0,0,0,2,200,200,200,200,200,200,200
443074,0,20,2,2,0,1,9,6,0,0,0,0,0,1,5,200,1,0,0,200,200
443074,5,20,2,2,0,1,9,6,0,0,0,0,0,1,6,7,2,200,200,200,200
443080,0,30,2,0,0,1,10,5,0,0,0,18,0,0,200,200,3,200,200,200,200
443080,0,30,2,0,0,1,10,5,0,0,0,18,0,0,5,0,0,0,0,200,200
443082,0,30,1,2,0,1,12,5,0,0,0,17,22,2,200,200,1,200,200,200,200
443082,0,30,1,2,0,1,12,5,0,0,0,17,22,0,4,0,0,0,0,200,200
443086,0,30,0,0,0,1,12,5,0,0,0,0,0,1,200,200,200,200,200,200,200
443086,0,30,0,0,0,1,12,5,0,0,0,0,0,1,6,0,0,0,0,200,200
443087,0,0,1,2,0,1,12,2,0,0,0,0,0,1,5,200,200,200,0,200,200
443087,0,0,1,2,0,1,12,2,0,0,0,0,0,0,7,200,0,200,0,200,200
443087,1,0,1,2,0,1,12,2,0,0,0,0,0,0,1,200,200,200,200,200,200
443094,0,30,1,2,0,1,12,12,0,0,0,0,0,0,7,0,200,0,0,200,200
443094,0,30,1,2,0,1,12,12,0,0,0,0,0,1,6,0,200,0,0,200,200
443094,1,30,1,2,0,1,12,12,0,0,0,0,0,0,5,0,200,200,200,200,200
443096,0,15,0,0,0,1,11,7,0,0,0,0,200,1,6,200,0,0,0,200,200
443096,0,15,0,0,0,1,11,7,0,0,0,0,200,1,6,200,0,0,0,200,200
443097,0,30,0,0,0,1,12,5,0,0,0,18,200,0,4,0,0,0,0,200,200
443097,0,30,0,0,0,1,12,5,0,0,0,18,200,0,6,0,0,0,0,200,200
443099,0,30,2,0,0,1,0,5,0,0,0,17,200,0,5,0,1,0,0,200,200
443099,0,30,2,0,0,1,0,5,0,0,0,17,200,1,7,0,0,0,0,200,200
443100,0,25,0,0,0,1,9,5,0,0,0,17,200,1,7,7,1,0,0,200,200
443100,5,25,0,0,0,1,9,5,0,0,0,17,200,1,4,7,0,0,0,200,200
443101,0,30,0,0,0,1,0,2,0,0,200,17,0,1,6,200,1,200,200,200,200
443101,0,30,0,0,0,1,0,2,0,0,200,17,0,1,6,200,0,200,200,200,200
443101,1,30,0,0,0,1,0,2,0,0,200,17,0,0,2,200,200,200,200,200,200
443103,0,30,1,2,1,1,11,2,0,0,0,0,15,0,200,200,200,200,200,200,200
443103,0,30,1,2,1,1,11,2,0,0,0,0,15,0,5,0,0,0,0,200,200
443103,0,30,1,2,1,1,11,2,0,0,0,0,15,1,7,0,0,0,0,200,200
443108,0,20,0,0,0,1,7,5,0,0,0,22,22,0,200,200,2,200,200,200,200
443108,1,20,0,0,0,1,7,5,0,0,0,22,22,0,200,200,200,200,200,200,200
443111,0,30,2,0,0,1,14,5,0,0,0,0,12,0,6,0,200,0,0,200,200
443111,0,30,2,0,0,1,14,5,0,0,0,0,12,0,5,0,200,0,0,200,200
443112,0,15,0,0,0,1,2,0,0,0,0,200,200,0,7,200,7,0,0,200,200
443117,0,30,1,2,0,1,14,2,0,0,0,21,17,0,6,1,12,0,5,200,200
443117,0,30,1,2,0,1,14,2,0,0,0,21,17,1,8,0,12,5,0,200,200
443118,0,30,0,0,1,1,7,5,2,0,0,0,200,0,8,0,200,0,0,200,200
443122,0,30,0,0,0,1,12,5,0,0,0,17,17,1,6,0,1,0,0,200,200
443122,0,30,0,0,0,1,12,5,0,0,0,17,17,1,5,0,0,0,0,200,200
443124,0,30,1,2,0,1,10,2,0,0,0,18,0,0,6,0,3,0,0,200,200
443124,0,30,1,2,0,1,10,2,0,0,0,18,0,1,7,0,0,0,0,200,200
443124,0,30,1,2,0,1,10,2,0,0,0,18,0,0,6,0,0,0,0,200,200
443124,0,30,1,2,0,1,10,2,0,0,0,18,0,1,5,0,0,0,0,200,200
443132,0,35,0,0,0,1,12,2,0,0,0,14,200,0,200,200,2,200,200,200,200
443132,0,35,0,0,0,1,12,2,0,0,0,14,200,0,7,0,0,0,0,200,200
443144,0,30,2,2,0,1,0,6,0,0,0,17,0,1,5,200,1,200,0,200,200
443144,0,30,2,2,0,1,0,6,0,0,0,17,0,1,5,200,0,0,0,200,200
443168,0,30,1,2,0,1,14,5,0,0,0,0,0,0,200,200,7,200,200,200,200
443168,0,30,1,2,0,1,14,5,0,0,0,0,0,0,7,0,0,0,0,200,200
443177,0,35,200,200,0,1,14,2,0,200,200,17,0,1,5,200,12,200,200,200,200
443177,0,35,200,200,0,1,14,2,0,200,200,17,0,0,5,200,200,200,200,200,200
443184,0,30,0,0,0,1,2,12,0,0,2,200,200,0,7,200,0,2,0,200,200
443186,0,30,0,0,200,200,7,3,0,200,200,20,200,0,9,200,200,200,200,200,200
443188,0,30,0,0,0,1,0,12,0,0,0,17,200,0,5,200,1,0,0,200,200
443188,0,30,0,0,0,1,0,12,0,0,0,17,200,0,8,200,0,0,0,200,200
443191,0,30,0,0,0,1,7,6,0,0,0,0,200,2,200,200,200,200,200,200,200
443198,0,30,0,0,0,1,7,5,0,0,0,0,0,0,9,0,0,0,0,200,200
443207,0,20,1,2,0,1,12,5,0,0,0,22,21,2,200,200,2,200,200,200,200
443207,0,20,1,2,0,1,12,5,0,0,0,22,21,0,7,200,0,0,0,200,200
443212,0,30,0,0,0,1,2,5,1,0,0,200,200,0,7,7,0,0,0,200,200
443220,0,30,0,0,0,2,7,2,0,0,0,0,0,1,200,0,200,200,200,200,200
443224,0,30,1,2,0,1,14,12,0,0,0,17,200,0,6,0,1,200,0,200,200
443224,0,30,1,2,0,1,14,12,0,0,0,17,200,1,7,0,0,200,0,200,200
443224,1,30,1,2,0,1,14,12,0,0,0,17,200,1,7,0,200,200,200,200,200
443230,0,30,0,0,0,1,14,2,0,0,0,25,200,1,7,0,12,0,0,200,200
443230,0,30,0,0,0,1,14,2,0,0,0,25,200,0,6,0,0,0,0,200,200
443230,1,30,0,0,0,1,14,2,0,0,0,25,200,1,5,0,200,200,200,200,200
443230,1,30,0,0,0,1,14,2,0,0,0,25,200,1,0,5,200,200,200,200,200
443230,1,30,0,0,0,1,14,2,0,0,0,25,200,1,200,5,200,200,200,200,200
443230,1,30,0,0,0,1,14,2,0,0,0,25,200,0,1,5,200,200,200,200,200
443234,0,30,2,2,0,1,10,2,0,0,0,18,0,0,0,7,200,200,0,200,200
443234,0,30,2,2,0,1,10,2,0,0,0,18,0,1,8,1,0,0,0,200,200
443236,0,30,1,2,0,1,10,5,0,0,0,12,0,0,7,200,6,0,0,200,200
443236,0,30,1,2,0,1,10,5,0,0,0,12,0,1,7,0,0,0,0,200,200
443236,0,30,1,2,0,1,10,5,0,0,0,12,0,0,3,0,0,0,0,200,200
443236,0,30,1,2,0,1,10,5,0,0,0,12,0,0,7,0,0,0,0,200,200
443236,1,30,1,2,0,1,10,5,0,0,0,12,0,1,7,0,200,200,200,200,200
443238,0,15,0,0,0,1,7,7,0,0,0,0,200,2,200,200,12,200,200,200,200
443246,5,30,0,0,0,1,9,0,0,0,0,33,200,0,7,7,0,200,0,200,200
443246,0,30,0,0,0,1,9,0,0,0,0,33,200,0,5,0,1,12,0,200,200
443249,0,30,0,0,0,1,14,5,0,0,0,17,21,1,6,200,2,0,0,200,200
443249,0,30,0,0,0,1,14,5,0,0,0,17,21,0,6,200,0,0,0,200,200
443254,0,30,0,0,0,1,10,12,0,0,0,20,0,0,200,0,6,200,0,200,200
443254,0,30,0,0,0,1,10,12,0,0,0,20,0,0,7,0,0,0,0,200,200
443257,0,30,0,0,0,1,10,5,0,0,0,200,200,0,4,0,1,0,0,200,200
443257,0,30,0,0,0,1,10,5,0,0,0,200,200,0,6,0,0,0,0,200,200
443257,0,30,0,0,0,1,10,5,0,0,0,200,200,0,5,0,0,0,0,200,200
443260,0,15,0,0,0,1,7,7,0,0,0,20,20,0,200,7,6,200,0,200,200
443262,0,30,1,2,0,1,14,5,0,0,0,23,200,0,7,0,2,0,0,200,200
443262,0,30,1,2,0,1,14,5,0,0,0,23,200,0,5,0,0,0,0,200,200
443262,1,30,1,2,0,1,14,5,0,0,0,23,200,0,200,0,200,200,200,200,200
443266,0,30,1,2,0,1,10,6,0,0,0,6,6,0,5,200,5,0,0,200,200
443266,0,30,1,2,0,1,10,6,0,0,0,6,6,0,7,200,0,0,0,200,200
443281,0,30,0,0,0,1,12,5,0,0,0,200,200,0,9,0,200,0,0,200,200
443281,0,30,0,0,0,1,12,5,0,0,0,200,200,1,6,0,0,0,0,200,200
443281,1,30,0,0,0,1,12,5,0,0,0,200,200,1,8,1,200,200,200,200,200
443282,0,35,2,2,0,3,0,2,0,0,0,5,5,0,5,0,5,0,0,200,200
443282,0,35,2,2,0,3,0,2,0,0,0,5,5,0,6,0,0,0,0,200,200
443283,0,25,0,0,0,1,14,5,0,0,0,23,0,1,6,200,7,0,0,200,200
443283,0,25,0,0,0,1,14,5,0,0,0,23,0,0,6,200,0,0,0,200,200
443286,0,45,0,0,0,1,12,5,0,0,0,18,0,0,9,0,3,0,0,200,200
443286,0,45,0,0,0,1,12,5,0,0,0,18,0,0,6,0,0,0,0,200,200
443286,0,45,0,0,0,1,12,5,0,0,0,18,0,0,7,0,0,0,0,200,200
443288,0,25,0,0,0,1,10,5,0,0,0,16,200,0,6,0,1,0,0,200,200
443288,0,25,0,0,0,1,10,5,0,0,0,16,200,0,8,200,0,200,200,200,200
443290,0,30,1,2,0,1,10,5,0,0,0,0,0,1,5,0,200,200,200,200,200
443290,0,30,1,2,0,1,10,5,0,0,0,0,0,0,7,0,0,0,0,200,200
443290,0,30,1,2,0,1,10,5,0,0,0,0,0,1,5,200,0,200,200,200,200
443297,4,20,2,2,0,1,8,5,0,12,12,25,17,0,4,7,5,1,0,200,200
443297,0,20,2,2,0,1,8,5,0,12,12,25,17,0,7,200,12,12,0,200,200
443301,0,20,9,2,0,1,12,2,0,0,200,17,17,0,6,0,1,200,0,200,200
443301,0,20,9,2,0,1,12,2,0,0,200,17,17,1,8,0,0,200,0,200,200
443308,0,30,0,0,0,1,14,5,0,0,0,17,200,0,5,0,7,0,0,200,200
443308,0,30,0,0,0,1,14,5,0,0,0,17,200,0,7,0,0,0,0,200,200
443308,1,30,0,0,0,1,14,5,0,0,0,17,200,0,5,0,200,200,200,200,200
443310,0,15,0,0,0,1,0,7,0,0,0,20,200,0,200,200,6,5,0,200,200
443310,0,15,0,0,0,1,0,7,0,0,0,20,200,1,8,0,0,0,0,200,200
443311,0,15,0,0,0,1,7,7,0,0,0,20,19,0,200,200,6,200,200,200,200
443315,0,20,12,2,0,1,10,6,0,1,0,18,17,0,7,0,1,0,0,200,200
443315,0,20,12,2,0,1,10,6,0,1,0,18,17,0,7,0,0,0,0,200,200
443320,0,30,0,0,0,1,7,12,0,0,0,11,0,0,200,0,12,12,0,200,200
443330,0,30,0,0,0,1,7,3,0,0,0,17,17,2,200,200,1,200,200,200,200
443339,0,30,12,2,0,1,7,2,0,0,0,23,16,2,200,200,7,200,200,200,200
443351,0,30,0,0,0,1,0,5,0,0,0,17,200,0,6,200,1,0,0,200,200
443351,0,30,0,0,0,1,0,5,0,0,0,17,200,0,5,200,0,0,0,200,200
443351,0,30,0,0,0,1,0,5,0,0,0,17,200,2,200,200,200,200,200,200,200
443351,1,30,0,0,0,1,0,5,0,0,0,17,200,0,6,200,200,200,200,200,200
443352,0,30,0,0,0,1,7,4,0,0,0,20,200,0,200,200,200,200,200,200,200
443354,5,30,0,0,0,1,9,5,0,0,0,200,200,0,200,7,12,12,0,200,200
443354,0,30,0,0,0,1,9,5,0,0,0,200,200,0,5,0,0,0,0,200,200
443357,0,30,2,2,0,1,14,2,0,0,0,16,200,0,6,7,8,0,0,200,200
443357,0,30,2,2,0,1,14,2,0,0,0,16,200,0,5,0,0,0,0,200,200
443362,0,25,0,0,0,1,12,5,0,0,0,17,17,0,8,0,1,0,0,200,200
443362,0,25,0,0,0,1,12,5,0,0,0,17,17,1,9,0,0,0,0,200,200
443374,4,30,0,0,0,1,8,5,0,0,0,7,11,1,6,2,0,0,0,200,200
443379,0,35,0,0,0,1,10,2,0,0,0,21,0,1,4,0,200,0,0,200,200
443379,0,35,0,0,0,1,10,2,0,0,0,21,0,0,6,0,200,0,0,200,200
443379,1,35,0,0,0,1,10,2,0,0,0,21,0,1,6,0,200,200,200,200,200
443379,1,35,0,0,0,1,10,2,0,0,0,21,0,0,5,0,200,200,200,200,200
443379,1,35,0,0,0,1,10,2,0,0,0,21,0,0,5,0,200,200,200,200,200
443379,1,35,0,0,0,1,10,2,0,0,0,21,0,0,5,0,200,200,200,200,200
443380,4,30,200,200,0,3,8,6,0,0,200,0,200,1,7,200,0,0,0,200,200
443380,1,30,200,200,0,3,8,6,0,0,200,0,200,2,200,200,200,200,200,200,200
443386,0,30,0,0,0,1,9,5,2,0,0,0,23,0,6,0,7,6,0,200,200
443386,5,30,0,0,0,1,9,5,2,0,0,0,23,0,6,7,0,0,0,200,200
443395,0,30,3,2,0,1,10,2,0,0,0,21,200,0,5,200,4,0,0,200,200
443395,0,30,3,2,0,1,10,2,0,0,0,21,200,0,6,0,0,0,0,200,200
443399,0,25,0,0,0,1,7,6,0,0,0,0,0,0,200,200,12,200,200,200,200
443404,0,30,0,0,0,1,0,2,0,0,0,0,0,1,200,0,1,0,0,200,200
443404,0,30,0,0,0,1,0,2,0,0,0,0,0,0,200,0,0,0,0,200,200
443407,0,30,0,0,0,1,7,5,0,0,200,0,0,2,200,200,200,200,200,200,200
443411,0,30,0,0,0,1,10,12,0,0,0,0,200,0,8,0,200,0,0,200,200
443411,0,30,0,0,0,1,10,12,0,0,0,0,200,0,8,0,0,0,0,200,200
443413,0,30,0,0,0,1,12,2,0,0,0,21,200,0,200,200,4,200,200,200,200
443413,0,30,0,0,0,1,12,2,0,0,0,21,200,1,8,0,0,0,0,200,200
443413,1,30,0,0,0,1,12,2,0,0,0,21,200,1,8,0,200,200,200,200,200
443415,0,30,0,0,0,1,12,6,0,0,0,0,0,2,200,200,200,200,200,200,200
443415,0,30,0,0,0,1,12,6,0,0,0,0,0,1,200,0,0,0,0,200,200
443417,0,15,0,0,0,1,2,0,0,0,0,33,11,0,0,200,3,200,200,200,200
443417,1,15,0,0,0,1,2,0,0,0,0,33,11,0,7,0,200,200,200,200,200
443425,0,15,0,0,0,1,7,7,0,0,0,0,0,2,200,200,200,200,200,200,200
443434,0,30,1,2,0,1,2,5,0,0,0,23,23,0,5,7,7,0,0,200,200
443436,0,30,0,0,0,1,14,5,0,0,0,17,0,1,8,0,1,5,0,200,200
443436,0,30,0,0,0,1,14,5,0,0,0,17,0,0,6,0,0,0,0,200,200
443438,4,30,0,0,0,1,8,5,0,0,0,0,200,0,7,3,12,0,0,200,200
443438,1,30,0,0,0,1,8,5,0,0,0,0,200,0,6,200,200,200,200,200,200
443439,0,40,1,2,0,1,14,5,0,0,0,23,200,1,5,7,7,0,0,200,200
443439,0,40,1,2,0,1,14,5,0,0,0,23,200,1,5,7,0,0,0,200,200
443444,0,30,1,2,0,1,14,200,0,0,0,22,22,0,8,200,4,0,0,200,200
443444,0,30,1,2,0,1,14,200,0,0,0,22,22,1,4,200,0,0,0,200,200
443449,0,30,1,2,0,1,10,2,0,0,0,18,200,2,200,200,3,200,200,200,200
443449,0,30,1,2,0,1,10,2,0,0,0,18,200,0,9,0,0,0,0,200,200
443449,1,30,1,2,0,1,10,2,0,0,0,18,200,1,200,0,200,200,200,200,200
443453,0,25,1,2,0,1,10,5,0,0,0,18,0,0,6,0,3,0,0,200,200
443453,0,25,1,2,0,1,10,5,0,0,0,18,0,1,5,0,0,0,0,200,200
443453,1,25,1,2,0,1,10,5,0,0,0,18,0,1,200,0,200,200,200,200,200
443456,0,30,200,200,200,200,0,7,0,200,200,0,200,1,200,200,200,200,200,200,200
443456,0,30,200,200,200,200,0,7,0,200,200,0,200,0,6,0,200,200,200,200,200
443456,1,30,200,200,200,200,0,7,0,200,200,0,200,1,200,200,200,200,200,200,200
443458,0,35,1,2,0,1,10,2,0,0,0,18,11,1,5,200,3,0,0,200,200
443458,0,35,1,2,0,1,10,2,0,0,0,18,11,0,9,200,0,0,0,200,200
443463,0,30,1,2,0,1,12,5,0,0,0,17,200,0,5,200,1,200,200,200,200
443463,0,30,1,2,0,1,12,5,0,0,0,17,200,0,200,200,0,200,200,200,200
443466,0,30,0,0,0,1,7,5,0,0,0,25,200,1,5,0,12,0,0,200,200
443471,0,30,2,2,0,1,14,5,3,0,0,200,200,0,6,0,0,0,0,200,200
443471,0,30,2,2,0,1,14,5,3,0,0,200,200,0,4,0,0,0,0,200,200
443471,1,30,2,2,0,1,14,5,3,0,0,200,200,1,200,0,200,200,200,200,200
443471,1,30,2,2,0,1,14,5,3,0,0,200,200,1,200,0,200,200,200,200,200
443475,0,30,0,0,0,1,10,2,0,0,0,0,0,0,5,0,0,0,0,200,200
443475,0,30,0,0,0,1,10,2,0,0,0,0,0,0,6,200,200,200,200,200,200
443475,0,30,0,0,0,1,10,2,0,0,0,0,0,1,7,200,200,200,200,200,200
443478,0,30,0,0,0,1,0,7,0,0,0,11,11,0,8,0,12,200,0,200,200
443478,0,30,0,0,0,1,0,7,0,0,0,11,11,1,9,200,12,200,0,200,200
443482,0,30,12,2,0,1,10,2,0,0,0,16,11,1,7,0,1,0,0,200,200
443482,0,30,12,2,0,1,10,2,0,0,0,16,11,0,6,0,0,0,0,200,200
443488,0,30,1,2,0,1,10,2,0,0,0,18,0,0,6,0,3,0,0,200,200
443488,0,30,1,2,0,1,10,2,0,0,0,18,0,1,9,0,0,0,0,200,200
443488,1,30,1,2,0,1,10,2,0,0,0,18,0,1,9,0,200,200,200,200,200
443488,1,30,1,2,0,1,10,2,0,0,0,18,0,1,6,200,200,200,200,200,200
443495,0,10,0,200,0,1,10,12,0,1,0,18,18,1,200,200,0,0,0,200,200
443495,0,10,0,200,0,1,10,12,0,1,0,18,18,1,6,200,3,0,0,200,200
443498,0,30,0,0,0,1,10,5,0,0,0,200,200,1,200,200,0,200,200,200,200
443498,0,30,0,0,0,1,10,5,0,0,0,200,200,0,5,0,0,0,0,200,200
443505,0,30,0,0,0,1,7,5,0,0,0,17,0,1,200,200,1,200,200,200,200
443515,0,30,0,0,200,200,7,6,0,200,200,0,200,0,200,200,200,200,200,200,200
443518,0,30,1,2,0,1,10,200,0,0,0,18,200,1,200,200,3,200,200,200,200
443518,0,30,1,2,0,1,10,200,0,0,0,18,200,1,6,0,0,0,0,200,200
443520,0,30,1,2,0,1,10,5,0,0,0,16,11,0,8,200,1,200,200,200,200
443520,0,30,1,2,0,1,10,5,0,0,0,16,11,1,5,0,0,0,0,200,200
443524,0,30,0,0,0,1,12,5,0,0,0,0,0,0,6,200,12,0,0,200,200
443524,0,30,0,0,0,1,12,5,0,0,0,0,0,1,200,200,0,0,0,200,200
443530,0,30,0,0,0,1,10,5,0,200,200,18,18,1,200,200,3,200,200,200,200
443530,0,30,0,0,0,1,10,5,0,200,200,18,18,0,6,0,12,200,200,200,200
443536,0,30,1,2,0,1,10,2,0,0,0,0,200,0,5,0,200,200,0,200,200
443536,0,30,1,2,0,1,10,2,0,0,0,0,200,0,6,0,0,200,0,200,200
443536,0,30,1,2,0,1,10,2,0,0,0,0,200,1,6,0,0,200,0,200,200
443536,1,30,1,2,0,1,10,2,0,0,0,0,200,0,200,0,200,200,200,200,200
443536,1,30,1,2,0,1,10,2,0,0,0,0,200,0,200,200,200,200,200,200,200
443537,0,30,1,2,0,1,10,5,0,0,200,8,8,1,9,0,1,0,0,200,200
443537,0,30,1,2,0,1,10,5,0,0,200,8,8,0,7,0,0,0,0,200,200
443538,0,30,0,0,0,1,10,6,0,0,0,20,200,0,6,200,6,200,200,200,200
443538,0,30,0,0,0,1,10,6,0,0,0,20,200,0,8,0,0,0,0,200,200