RD_NO,PERSON_TYPE,POSTED_SPEED_LIMIT,TRAFFIC_CONTROL_DEVICE,DEVICE_CONDITION,WEATHER_CONDITION,LIGHTING_CONDITION,FIRST_CRASH_TYPE,TRAFFICWAY_TYPE,ALIGNMENT,ROADWAY_SURFACE_COND,ROAD_DEFECT,PRIM_CONTRIBUTORY_CAUSE,SEC_CONTRIBUTORY_CAUSE,SEX,AGE,SAFETY_EQUIPMENT,DRIVER_ACTION,DRIVER_VISION,PHYSICAL_CONDITION,BAC_RESULT VALUE,CELL_PHONE_USE
445196,0,30,2,2,0,1,10,5,0,0,0,18,25,0,200,200,13,200,200,200,200
445196,0,30,2,2,0,1,10,5,0,0,0,18,25,1,5,0,0,0,0,200,200
445196,0,30,2,2,0,1,10,5,0,0,0,18,25,0,5,0,0,0,0,200,200
445196,0,30,2,2,0,1,10,5,0,0,0,18,25,0,200,0,0,0,0,200,200
445196,0,30,2,2,0,1,10,5,0,0,0,18,25,0,200,0,0,0,0,200,200
445196,1,30,2,2,0,1,10,5,0,0,0,18,25,1,200,0,200,200,200,200,200
445197,0,30,0,0,0,1,10,5,0,0,0,0,0,2,200,200,200,200,200,200,200
445197,0,30,0,0,0,1,10,5,0,0,0,0,0,0,7,200,0,200,0,200,200
445198,0,30,0,0,0,1,10,5,0,0,0,18,200,0,200,200,3,200,200,200,200
445198,0,30,0,0,0,1,10,5,0,0,0,18,200,1,5,0,0,0,0,200,200
445203,0,0,2,2,0,1,0,2,0,0,0,0,200,0,5,200,200,200,0,200,200
445203,0,0,2,2,0,1,0,2,0,0,0,0,200,0,5,0,200,200,0,200,200
445203,1,0,2,2,0,1,0,2,0,0,0,0,200,0,5,200,200,200,200,200,200
445205,0,30,1,2,0,1,0,2,0,0,200,17,0,1,5,0,0,200,200,200,200
445205,0,30,1,2,0,1,0,2,0,0,200,17,0,0,5,0,0,0,0,200,200
445205,1,30,1,2,0,1,0,2,0,0,200,17,0,1,4,0,200,200,200,200,200
445205,1,30,1,2,0,1,0,2,0,0,200,17,0,1,200,0,200,200,200,200,200
445218,0,30,0,0,0,1,7,6,0,0,0,22,200,0,6,0,2,0,0,200,200
445222,0,30,1,2,0,1,10,5,0,0,0,11,0,1,8,0,0,0,0,200,200
445222,0,30,1,2,0,1,10,5,0,0,0,11,0,0,7,0,3,0,0,200,200
445223,0,30,1,2,0,1,9,5,0,0,0,200,200,1,6,0,1,200,200,200,200
445223,5,30,1,2,0,1,9,5,0,0,0,200,200,0,2,200,0,200,7,200,200
445224,0,30,1,2,0,1,10,6,0,0,200,21,21,2,200,200,1,200,200,200,200
445224,0,30,1,2,0,1,10,6,0,0,200,21,21,0,5,200,0,0,0,200,200
445224,1,30,1,2,0,1,10,6,0,0,200,21,21,1,5,0,200,200,200,200,200
445225,0,30,2,2,0,1,2,5,0,0,0,6,200,1,5,0,5,0,0,200,200
445228,0,25,0,0,0,1,10,6,0,0,0,200,200,0,200,200,200,200,200,200,200
445228,0,25,0,0,0,1,10,6,0,0,0,200,200,0,7,0,0,0,0,200,200
445234,0,0,0,2,0,1,5,5,0,0,0,0,11,0,8,0,200,0,0,200,200
445236,0,30,1,2,0,1,14,6,0,0,0,0,0,0,200,200,200,200,200,200,200
445236,0,30,1,2,0,1,14,6,0,0,0,0,0,0,200,0,200,0,0,200,200
445236,1,30,1,2,0,1,14,6,0,0,0,0,0,1,200,0,200,200,200,200,200
445237,0,30,0,0,0,1,7,5,0,0,0,200,200,0,6,0,0,0,0,200,200
445242,0,30,0,0,0,1,0,2,0,0,0,17,17,1,6,200,1,200,200,200,200
445242,0,30,0,0,0,1,0,2,0,0,0,17,17,0,5,0,12,200,0,200,200
445242,1,30,0,0,0,1,0,2,0,0,0,17,17,1,5,0,200,200,200,200,200
445242,1,30,0,0,0,1,0,2,0,0,0,17,17,0,0,5,200,200,200,200,200
445244,0,30,2,2,0,1,0,2,0,0,0,6,200,1,6,0,5,0,0,200,200
445244,0,30,2,2,0,1,0,2,0,0,0,6,200,0,5,0,0,0,0,200,200
445244,1,30,2,2,0,1,0,2,0,0,0,6,200,1,6,200,200,200,200,200,200
445248,0,30,0,0,0,1,10,5,0,0,0,16,18,1,200,200,3,200,200,200,200
445248,0,30,0,0,0,1,10,5,0,0,0,16,18,0,6,0,0,0,0,200,200
445248,1,30,0,0,0,1,10,5,0,0,0,16,18,1,200,200,200,200,200,200,200
445248,1,30,0,0,0,1,10,5,0,0,0,16,18,1,200,200,200,200,200,200,200
445249,0,20,0,0,0,3,7,6,0,200,0,0,200,2,200,200,200,200,200,200,200
445251,0,35,0,0,0,1,14,5,0,0,0,17,17,2,200,200,1,200,200,200,200
445251,0,35,0,0,0,1,14,5,0,0,0,17,17,0,7,200,0,0,0,200,200
445252,0,30,1,2,0,1,10,2,0,0,0,0,200,1,6,200,1,200,200,200,200
445252,0,30,1,2,0,1,10,2,0,0,0,0,200,0,4,0,0,0,0,200,200
445253,0,30,0,0,0,200,7,2,0,0,0,11,0,2,200,200,200,200,200,200,200
445255,0,30,0,0,0,1,10,5,0,0,0,18,200,1,200,200,3,200,200,200,200
445255,0,30,0,0,0,1,10,5,0,0,0,18,200,0,200,0,3,0,0,200,200
445255,0,30,0,0,0,1,10,5,0,0,0,18,200,1,0,0,0,0,0,200,200
445255,1,30,0,0,0,1,10,5,0,0,0,18,200,0,200,0,200,200,200,200,200
445255,1,30,0,0,0,1,10,5,0,0,0,18,200,0,200,0,200,200,200,200,200
445257,0,25,0,0,0,1,12,5,0,0,0,17,0,0,6,0,1,0,0,200,200
445257,0,25,0,0,0,1,12,5,0,0,0,17,0,1,5,0,8,0,0,200,200
445257,1,25,0,0,0,1,12,5,0,0,0,17,0,2,200,5,200,200,200,200,200
445260,0,30,0,0,0,1,9,5,0,0,0,25,0,0,200,1,13,200,200,200,200
445260,5,30,0,0,0,1,9,5,0,0,0,25,0,0,6,7,0,0,0,200,200
445260,1,30,0,0,0,1,9,5,0,0,0,25,0,0,200,1,200,200,200,200,200
445272,0,30,0,0,0,1,7,5,0,0,200,25,25,0,3,200,13,200,200,200,200
445272,1,30,0,0,0,1,7,5,0,0,200,25,25,0,200,1,200,200,200,200,200
445272,1,30,0,0,0,1,7,5,0,0,200,25,25,0,4,200,200,200,200,200,200
445282,0,30,1,2,0,1,10,5,0,0,0,18,200,0,7,200,0,200,0,200,200
445282,0,30,1,2,0,1,10,5,0,0,0,18,200,0,200,200,3,200,200,200,200
445283,0,30,2,2,0,1,0,5,0,0,0,17,200,0,6,200,1,200,0,200,200
445283,0,30,2,2,0,1,0,5,0,0,0,17,200,1,6,200,0,0,0,200,200
445283,1,30,2,2,0,1,0,5,0,0,0,17,200,1,1,5,200,200,200,200,200
445284,0,30,2,2,0,1,10,6,0,0,0,18,17,1,200,200,3,200,200,200,200
445284,0,30,2,2,0,1,10,6,0,0,0,18,17,0,5,0,0,0,0,200,200
445284,5,30,2,2,0,1,10,6,0,0,0,18,17,0,5,7,0,0,0,200,200
445284,1,30,2,2,0,1,10,6,0,0,0,18,17,0,6,0,200,200,200,200,200
445293,0,30,2,2,0,1,2,2,0,0,0,200,0,2,200,200,200,200,200,200,200
445296,0,35,0,0,0,1,14,5,1,0,0,17,0,1,6,0,1,200,0,200,200
445296,0,35,0,0,0,1,14,5,1,0,0,17,0,0,6,0,0,12,0,200,200
445300,0,30,1,2,0,1,12,5,0,0,0,0,0,1,7,0,1,0,0,200,200
445300,0,30,1,2,0,1,12,5,0,0,0,0,0,0,5,0,0,0,0,200,200
445306,0,30,200,0,0,1,10,6,0,0,0,18,17,1,6,200,3,200,0,200,200
445306,0,30,200,0,0,1,10,6,0,0,0,18,17,0,6,200,0,0,0,200,200
445307,0,30,200,200,0,1,9,5,0,0,0,0,0,0,8,200,200,200,0,200,200
445307,5,30,200,200,0,1,9,5,0,0,0,0,0,0,0,200,200,200,200,200,200
445310,0,25,3,2,0,1,12,6,0,0,0,17,200,0,5,0,1,0,0,200,200
445310,0,25,3,2,0,1,12,6,0,0,0,17,200,1,7,0,0,0,0,200,200
445312,0,30,0,0,0,1,0,7,0,0,0,0,0,0,6,200,200,200,200,200,200
445312,0,30,0,0,0,1,0,7,0,0,0,0,0,1,6,0,0,0,0,200,200
445313,4,25,2,2,0,1,8,6,0,0,0,0,11,1,6,2,200,200,7,200,200
445313,0,25,2,2,0,1,8,6,0,0,0,0,11,0,7,200,0,200,0,200,200
445313,4,25,2,2,0,1,8,6,0,0,0,0,11,0,6,200,200,200,0,200,200
445314,0,30,0,0,0,1,7,5,0,0,0,7,0,0,6,200,12,0,0,200,200
445316,0,30,2,2,0,1,14,6,0,0,0,0,0,1,8,200,1,200,0,200,200
445316,0,30,2,2,0,1,14,6,0,0,0,0,0,0,6,200,0,0,0,200,200
445328,0,30,0,0,0,1,12,5,0,0,0,200,200,1,5,200,0,0,0,200,200
445328,0,30,0,0,0,1,12,5,0,0,0,200,200,1,6,0,0,0,0,200,200
445329,0,30,0,0,0,1,12,6,0,0,0,22,17,1,200,200,2,200,200,200,200
445329,0,30,0,0,0,1,12,6,0,0,0,22,17,0,5,0,0,0,0,200,200
445330,0,30,0,0,0,1,7,6,0,0,0,0,200,2,200,200,200,200,200,200,200
445333,0,30,1,2,0,1,12,6,0,0,0,22,200,0,6,0,0,0,0,200,200
445333,0,30,1,2,0,1,12,6,0,0,0,22,200,0,5,0,0,0,0,200,200
445334,0,30,0,0,0,1,5,5,0,0,0,0,0,0,6,200,200,200,0,200,200
445334,3,30,0,0,0,1,5,5,0,0,0,0,0,0,6,1,0,200,0,200,200
445336,0,30,0,0,0,1,14,7,0,0,0,20,16,0,7,0,1,0,0,200,200
445336,0,30,0,0,0,1,14,7,0,0,0,20,16,0,8,0,0,0,0,200,200
445336,1,30,0,0,0,1,14,7,0,0,0,20,16,1,200,0,200,200,200,200,200
445343,0,30,1,2,0,1,12,5,0,0,200,22,22,1,8,0,2,0,0,200,200
445343,0,30,1,2,0,1,12,5,0,0,200,22,22,0,8,0,0,0,0,200,200
445343,1,30,1,2,0,1,12,5,0,0,200,22,22,1,200,0,200,200,200,200,200
445343,1,30,1,2,0,1,12,5,0,0,200,22,22,0,200,0,200,200,200,200,200
445343,1,30,1,2,0,1,12,5,0,0,200,22,22,1,200,0,200,200,200,200,200
445344,0,25,2,2,0,1,0,5,0,0,0,17,5,1,0,200,200,200,0,200,200
445344,0,25,2,2,0,1,0,5,0,0,0,17,5,1,5,200,200,200,0,200,200
445347,0,15,0,0,0,1,0,7,0,0,0,0,0,0,6,0,12,0,0,200,200
445347,0,15,0,0,0,1,0,7,0,0,0,0,0,1,6,0,0,0,0,200,200
445348,5,35,1,2,0,1,9,6,0,0,0,21,200,0,6,7,0,0,0,200,200
445350,0,30,0,0,0,1,7,6,0,0,0,0,0,2,200,200,200,200,200,200,200
445353,0,25,1,2,0,1,9,5,0,0,0,0,0,1,200,200,1,200,200,200,200
445353,5,25,1,2,0,1,9,5,0,0,0,0,0,1,6,200,12,200,0,200,200
445355,0,30,0,0,0,1,0,5,0,0,200,20,0,0,200,200,6,200,200,200,200
445355,0,30,0,0,0,1,0,5,0,0,200,20,0,0,6,0,0,0,0,200,200
445363,0,35,0,0,0,1,10,5,0,0,0,18,200,0,8,0,3,0,0,200,200
445363,0,35,0,0,0,1,10,5,0,0,0,18,200,1,6,0,0,0,0,200,200
445376,0,30,0,0,0,1,14,5,0,0,0,22,200,1,200,200,2,0,200,200,200
445376,0,30,0,0,0,1,14,5,0,0,0,22,200,0,6,200,0,0,0,200,200
445383,0,30,0,0,0,1,10,5,0,0,0,18,0,0,6,0,3,0,0,200,200
445383,0,30,0,0,0,1,10,5,0,0,0,18,0,0,6,0,0,0,0,200,200
445386,0,30,0,0,0,1,0,5,0,0,0,17,200,1,5,0,1,0,0,200,200
445386,0,30,0,0,0,1,0,5,0,0,0,17,200,0,7,0,0,0,0,200,200
445389,0,30,0,0,0,1,7,5,0,0,0,0,0,2,200,200,1,200,200,200,200
445401,0,30,0,0,0,1,7,6,0,0,0,0,0,0,8,200,200,0,0,200,200
445401,1,30,0,0,0,1,7,6,0,0,0,0,0,200,200,200,200,200,200,200,200
445401,1,30,0,0,0,1,7,6,0,0,0,0,0,200,200,200,200,200,200,200,200
445405,0,30,0,0,0,1,7,6,0,0,0,11,200,2,200,200,12,200,200,200,200
445408,0,30,0,0,0,1,11,2,0,0,0,20,11,0,6,200,6,0,0,200,200
445408,0,30,0,0,0,1,11,2,0,0,0,20,11,0,5,0,0,0,0,200,200
445409,0,30,0,0,0,4,10,2,0,0,0,18,200,0,6,3,3,0,0,200,200
445409,0,30,0,0,0,4,10,2,0,0,0,18,200,1,6,0,0,0,0,200,200
445419,0,30,1,2,0,1,10,2,0,0,0,16,200,0,200,200,12,200,200,200,200
445419,0,30,1,2,0,1,10,2,0,0,0,16,200,0,6,200,0,0,0,200,200
445423,0,25,0,0,0,4,7,7,0,0,0,200,200,0,6,0,0,0,0,200,200
445424,0,30,200,200,200,200,7,5,0,200,200,200,200,2,200,200,200,200,200,200,200
445426,0,30,1,2,0,4,12,2,0,0,0,17,17,1,6,0,1,1,0,200,200
445426,0,30,1,2,0,4,12,2,0,0,0,17,17,0,7,0,12,1,0,200,200
445436,0,30,0,0,0,2,10,5,0,0,200,0,0,0,6,200,8,200,1,200,200
445436,0,30,0,0,0,2,10,5,0,0,200,0,0,0,6,0,0,0,0,200,200
445437,0,30,0,0,0,3,14,2,0,0,0,17,0,1,4,200,1,0,0,200,200
445437,0,30,0,0,0,3,14,2,0,0,0,17,0,1,4,200,0,0,0,200,200
445437,1,30,0,0,0,3,14,2,0,0,0,17,0,1,5,0,200,200,200,200,200
445443,0,30,1,2,0,1,12,3,0,0,0,17,0,1,6,0,200,0,0,200,200
445443,0,30,1,2,0,1,12,3,0,0,0,17,0,0,6,0,200,0,0,200,200
445447,0,45,0,0,0,1,10,3,0,0,200,18,7,0,5,0,3,0,0,200,200
445447,0,45,0,0,0,1,10,3,0,0,200,18,7,1,5,0,0,200,200,200,200
445447,1,45,0,0,0,1,10,3,0,0,200,18,7,1,5,0,200,200,200,200,200
445448,0,30,0,0,0,3,10,2,0,0,0,17,200,1,5,0,0,0,0,200,200
445448,0,30,0,0,0,3,10,2,0,0,0,17,200,1,200,200,1,200,200,200,200
445456,0,30,0,0,0,4,2,0,0,0,0,25,200,0,6,200,13,0,0,200,200
445456,1,30,0,0,0,4,2,0,0,0,0,25,200,0,6,200,200,200,200,200,200
445457,0,35,0,1,0,4,12,2,0,0,0,21,21,0,7,0,4,0,0,200,200
445457,0,35,0,1,0,4,12,2,0,0,0,21,21,0,6,0,0,0,0,200,200
445457,1,35,0,1,0,4,12,2,0,0,0,21,21,1,7,0,200,200,200,200,200
445457,1,35,0,1,0,4,12,2,0,0,0,21,21,0,3,0,200,200,200,200,200
445457,1,35,0,1,0,4,12,2,0,0,0,21,21,1,5,0,200,200,200,200,200
445457,1,35,0,1,0,4,12,2,0,0,0,21,21,0,2,5,200,200,200,200,200
445458,0,30,2,2,0,3,10,5,0,0,0,18,25,1,200,200,3,200,200,200,200
445458,0,30,2,2,0,3,10,5,0,0,0,18,25,0,6,0,0,0,0,200,200
445458,1,30,2,2,0,3,10,5,0,0,0,18,25,0,3,0,200,200,200,200,200
445458,1,30,2,2,0,3,10,5,0,0,0,18,25,1,0,5,200,200,200,200,200
445462,0,30,0,0,0,1,7,7,0,0,0,0,0,1,200,200,12,200,200,200,200
445464,0,30,1,2,0,1,10,5,0,0,0,0,11,1,6,0,12,0,0,200,200
445464,0,30,1,2,0,1,10,5,0,0,0,0,11,0,7,0,0,0,0,200,200
445464,1,30,1,2,0,1,10,5,0,0,0,0,11,1,200,0,200,200,200,200,200
445464,1,30,1,2,0,1,10,5,0,0,0,0,11,0,200,0,200,200,200,200,200
445464,1,30,1,2,0,1,10,5,0,0,0,0,11,1,200,0,200,200,200,200,200
445468,0,30,0,0,0,3,2,5,0,0,0,23,200,0,5,0,7,0,0,200,200
445469,0,30,1,2,0,4,14,5,0,0,0,11,21,0,7,200,0,0,0,200,200
445469,0,30,1,2,0,4,14,5,0,0,0,11,21,0,6,200,7,0,0,200,200
445473,0,30,0,0,0,1,10,5,0,0,0,200,200,0,7,0,0,0,0,200,200
445473,0,30,0,0,0,1,10,5,0,0,0,200,200,0,4,0,0,0,0,200,200
445473,0,30,0,0,0,1,10,5,0,0,0,200,200,1,200,200,0,200,200,200,200
445473,1,30,0,0,0,1,10,5,0,0,0,200,200,0,200,0,200,200,200,200,200
445477,0,30,1,2,0,1,14,5,0,0,0,200,200,1,200,200,200,200,200,200,200
445477,0,30,1,2,0,1,14,5,0,0,0,200,200,0,5,0,0,0,0,200,200
445477,1,30,1,2,0,1,14,5,0,0,0,200,200,1,0,0,200,200,200,200,200
445481,0,30,0,0,0,1,12,5,0,0,0,22,200,2,200,200,200,200,200,200,200
445481,0,30,0,0,0,1,12,5,0,0,0,22,200,1,7,200,0,0,0,200,200
445486,0,30,2,0,0,1,10,2,0,0,0,17,11,0,7,200,1,200,200,200,200
445486,0,30,2,0,0,1,10,2,0,0,0,17,11,0,5,0,0,0,0,200,200
445486,1,30,2,0,0,1,10,2,0,0,0,17,11,1,200,200,200,200,200,200,200
445496,0,30,200,200,200,1,12,5,0,200,200,200,200,1,6,200,200,200,200,200,200
445496,0,30,200,200,200,1,12,5,0,200,200,200,200,1,5,0,0,0,0,200,200
445496,1,30,200,200,200,1,12,5,0,200,200,200,200,1,2,0,200,200,200,200,200
445496,1,30,200,200,200,1,12,5,0,200,200,200,200,0,1,0,200,200,200,200,200
445504,0,30,0,0,0,1,10,5,0,0,0,0,0,0,200,200,1,200,200,200,200
445504,0,30,0,0,0,1,10,5,0,0,0,0,0,1,6,7,0,0,0,200,200
445507,0,30,12,12,0,1,0,2,0,0,0,11,200,0,6,0,12,0,0,200,200
445507,0,30,12,12,0,1,0,2,0,0,0,11,200,0,5,0,200,0,0,200,200
445515,0,30,0,0,0,3,10,2,0,200,200,0,0,1,7,0,12,200,0,200,200
445515,0,30,0,0,0,3,10,2,0,200,200,0,0,0,5,0,0,200,0,200,200
445515,1,30,0,0,0,3,10,2,0,200,200,0,0,1,6,0,200,200,200,200,200
445517,0,30,0,0,0,1,7,5,0,0,0,25,200,1,200,200,200,200,200,200,200
445520,0,30,0,0,0,4,7,7,0,0,0,11,200,1,4,0,6,200,0,200,200
445520,1,30,0,0,0,4,7,7,0,0,0,11,200,1,6,0,200,200,200,200,200
445520,1,30,0,0,0,4,7,7,0,0,0,11,200,1,200,0,200,200,200,200,200
445520,1,30,0,0,0,4,7,7,0,0,0,11,200,1,200,0,200,200,200,200,200
445520,1,30,0,0,0,4,7,7,0,0,0,11,200,0,200,0,200,200,200,200,200
445520,1,30,0,0,0,4,7,7,0,0,0,11,200,1,200,0,200,200,200,200,200
445523,0,25,2,2,0,3,0,2,0,0,0,17,0,0,6,0,1,200,0,200,200
445523,0,25,2,2,0,3,0,2,0,0,0,17,0,0,7,0,0,200,0,200,200
445523,1,25,2,2,0,3,0,2,0,0,0,17,0,0,7,0,200,200,200,200,200
445523,1,25,2,2,0,3,0,2,0,0,0,17,0,1,3,0,200,200,200,200,200
445524,0,30,0,0,0,1,12,5,0,0,0,21,22,0,200,200,4,200,200,200,200
445524,0,30,0,0,0,1,12,5,0,0,0,21,22,0,6,0,0,200,0,200,200
445529,0,30,1,2,0,1,10,5,0,0,0,18,11,0,7,0,3,0,0,200,200
445529,0,30,1,2,0,1,10,5,0,0,0,18,11,1,6,0,0,0,0,200,200
445530,0,40,0,0,0,3,10,3,2,0,200,11,200,0,7,0,8,0,0,200,200
445530,0,40,0,0,0,3,10,3,2,0,200,11,200,1,5,0,0,0,0,200,200
445531,0,30,2,2,0,1,10,5,0,0,0,0,0,1,6,0,0,0,0,200,200
445531,0,30,2,2,0,1,10,5,0,0,0,0,0,1,200,200,200,200,200,200,200
445534,0,30,0,0,0,1,10,5,0,0,0,32,16,0,5,0,3,0,5,200,200
445534,0,30,0,0,0,1,10,5,0,0,0,32,16,0,7,0,0,0,0,200,200
445534,0,30,0,0,0,1,10,5,0,0,0,32,16,1,7,0,0,0,0,200,200
445534,0,30,0,0,0,1,10,5,0,0,0,32,16,0,8,0,0,0,0,200,200
445534,1,30,0,0,0,1,10,5,0,0,0,32,16,1,9,0,200,200,200,200,200
445534,1,30,0,0,0,1,10,5,0,0,0,32,16,1,7,0,200,200,200,200,200
445537,0,30,0,0,0,3,10,5,0,0,0,18,18,0,200,200,0,200,200,200,200
445537,0,30,0,0,0,3,10,5,0,0,0,18,18,0,5,0,3,0,0,200,200
445537,0,30,0,0,0,3,10,5,0,0,0,18,18,0,7,0,0,0,0,200,200
445540,0,30,1,2,0,0,12,3,0,0,0,0,200,0,6,0,200,0,0,200,200
445540,0,30,1,2,0,0,12,3,0,0,0,0,200,0,7,0,0,0,0,200,200
445557,0,30,1,2,0,3,14,5,0,0,0,0,0,1,200,200,200,200,200,200,200
445557,0,30,1,2,0,3,14,5,0,0,0,0,0,0,5,0,0,0,0,200,200
445559,0,30,1,2,0,3,8,2,0,0,0,0,200,0,200,200,200,200,200,200,200
445559,4,30,1,2,0,3,8,2,0,0,0,0,200,0,6,3,0,0,0,200,200
445560,0,30,0,0,0,1,12,5,1,0,200,21,200,0,8,200,2,200,200,200,200
445560,0,30,0,0,0,1,12,5,1,0,200,21,200,0,6,200,0,200,200,200,200
445560,1,30,0,0,0,1,12,5,1,0,200,21,200,0,2,200,200,200,200,200,200
445563,0,30,1,2,0,3,9,1,0,0,0,0,200,2,200,200,200,200,200,200,200
445563,5,30,1,2,0,3,9,1,0,0,0,0,200,1,3,7,0,200,0,200,200
445567,0,30,1,2,0,1,14,5,0,0,0,18,18,0,200,200,3,200,200,200,200
445567,0,30,1,2,0,1,14,5,0,0,0,18,18,1,5,0,0,0,0,200,200
445569,0,30,0,0,0,1,7,6,0,0,0,0,200,1,200,200,200,200,200,200,200
445569,1,30,0,0,0,1,7,6,0,0,0,0,200,1,6,0,200,200,200,200,200
445571,0,30,0,0,0,1,7,5,0,0,0,0,0,0,5,0,200,200,0,200,200
445571,1,30,0,0,0,1,7,5,0,0,0,0,0,0,6,0,200,200,200,200,200
445573,0,30,2,2,0,0,9,8,0,0,0,17,200,0,200,200,1,200,200,200,200
445573,5,30,2,2,0,0,9,8,0,0,0,17,200,1,6,7,0,0,0,200,200
445580,0,30,0,0,0,1,7,5,0,0,0,0,200,2,200,200,200,200,200,200,200
445583,0,30,0,0,0,0,7,7,0,0,0,0,200,0,200,200,12,200,200,200,200
445584,4,30,0,0,0,1,8,5,0,0,0,0,200,0,200,3,200,200,200,200,200
445584,0,30,0,0,0,1,8,5,0,0,0,0,200,0,7,0,0,0,0,200,200
445600,0,30,0,0,0,3,10,3,0,0,0,32,0,0,8,0,3,0,5,200,200
445600,0,30,0,0,0,3,10,3,0,0,0,32,0,1,6,0,0,0,0,200,200
445608,0,35,1,2,0,0,10,5,0,0,0,16,200,1,7,0,1,0,0,200,200
445608,0,35,1,2,0,0,10,5,0,0,0,16,200,0,6,0,0,0,0,200,200
445609,0,30,1,2,0,3,10,5,0,0,0,18,200,1,200,200,3,200,200,200,200
445609,0,30,1,2,0,3,10,5,0,0,0,18,200,0,6,0,0,0,0,200,200
445609,1,30,1,2,0,3,10,5,0,0,0,18,200,1,6,0,200,200,200,200,200
445610,0,30,1,2,0,3,14,6,0,0,0,0,0,0,8,200,200,0,0,200,200
445610,0,30,1,2,0,3,14,6,0,0,0,0,0,0,5,200,200,200,0,200,200
445612,0,30,1,2,0,4,12,5,0,0,0,21,0,1,6,200,4,200,200,200,200
445612,0,30,1,2,0,4,12,5,0,0,0,21,0,0,5,0,0,0,0,200,200
445615,0,25,0,0,0,3,0,12,0,0,0,0,0,1,7,0,200,0,0,200,200
445615,0,25,0,0,0,3,0,12,0,0,0,0,0,1,4,200,200,0,0,200,200
445615,1,25,0,0,0,3,0,12,0,0,0,0,0,0,8,200,200,200,200,200,200
445615,1,25,0,0,0,3,0,12,0,0,0,0,0,1,2,200,200,200,200,200,200
445615,1,25,0,0,0,3,0,12,0,0,0,0,0,1,2,200,200,200,200,200,200
445617,0,30,0,0,0,3,12,5,0,0,0,0,0,0,7,0,200,0,0,200,200
445617,0,30,0,0,0,3,12,5,0,0,0,0,0,0,6,0,200,0,0,200,200
445619,5,30,0,0,0,3,9,2,0,0,0,4,200,1,6,1,0,200,200,200,200
445619,0,30,0,0,0,3,9,2,0,0,0,4,200,0,6,200,0,6,0,200,200
445619,1,30,0,0,0,3,9,2,0,0,0,4,200,1,2,200,200,200,200,200,200
445625,0,30,1,2,0,3,14,1,0,0,0,23,21,2,200,200,7,200,200,200,200
445625,0,30,1,2,0,3,14,1,0,0,0,23,21,0,6,0,0,0,0,200,200
445625,1,30,1,2,0,3,14,1,0,0,0,23,21,0,6,0,200,200,200,200,200
445627,0,35,1,2,0,3,14,1,0,0,0,17,200,0,0,0,1,0,0,200,200
445627,0,35,1,2,0,3,14,1,0,0,0,17,200,0,5,0,0,0,0,200,200
445629,0,30,1,2,0,0,14,5,0,200,200,0,11,0,200,200,200,200,200,200,200
445629,0,30,1,2,0,0,14,5,0,200,200,0,11,1,5,200,200,200,0,200,200
445634,0,30,1,200,0,3,12,1,0,0,0,0,200,0,6,200,200,200,0,200,200
445634,0,30,1,200,0,3,12,1,0,0,0,0,200,1,7,200,200,200,0,200,200
445638,0,30,0,0,0,3,2,2,0,0,0,0,0,0,6,0,14,0,0,200,200
445648,0,30,0,0,0,3,7,5,0,0,0,20,200,0,5,0,6,0,0,200,200
445667,0,30,1,2,0,3,14,3,0,0,0,0,200,2,200,200,5,200,200,200,200
445667,0,30,1,2,0,3,14,3,0,0,0,0,200,1,4,0,0,0,0,200,200
445669,0,25,0,0,0,3,14,5,0,0,0,23,16,0,0,200,7,0,0,200,200
445669,0,25,0,0,0,3,14,5,0,0,0,23,16,0,0,200,0,0,0,200,200
445672,0,30,0,0,0,3,12,5,0,0,200,22,0,0,7,200,2,200,0,200,200
445672,0,30,0,0,0,3,12,5,0,0,200,22,0,1,6,200,0,200,0,200,200
445674,0,30,0,0,0,3,14,2,0,0,0,23,0,0,8,0,7,200,0,200,200
445674,0,30,0,0,0,3,14,2,0,0,0,23,0,0,7,0,0,200,0,200,200
445674,0,30,0,0,0,3,14,2,0,0,0,23,0,0,6,0,0,200,0,200,200
445674,1,30,0,0,0,3,14,2,0,0,0,23,0,0,1,0,200,200,200,200,200
445683,0,20,0,0,0,3,14,5,0,0,0,17,200,0,6,0,1,0,0,200,200
445683,0,20,0,0,0,3,14,5,0,0,0,17,200,0,5,0,0,0,0,200,200
445690,0,0,0,0,200,1,7,2,0,200,200,0,0,0,5,200,200,200,200,200,200
445705,0,35,1,2,0,3,9,6,0,0,0,0,21,0,6,200,200,200,0,200,200
445705,5,35,1,2,0,3,9,6,0,0,0,0,21,0,6,200,200,200,200,200,200
445707,0,30,1,2,0,3,12,12,0,0,0,21,200,0,5,200,2,200,0,200,200
445707,0,30,1,2,0,3,12,12,0,0,0,21,200,0,6,200,0,0,0,200,200
445707,1,30,1,2,0,3,12,12,0,0,0,21,200,0,6,200,200,200,200,200,200
445707,1,30,1,2,0,3,12,12,0,0,0,21,200,0,5,200,200,200,200,200,200
445715,0,30,0,0,0,3,11,7,0,0,0,0,0,0,200,200,200,200,200,200,200
445715,0,30,0,0,0,3,11,7,0,0,0,0,0,1,6,0,0,0,0,200,200
445724,0,35,0,0,0,2,7,6,0,0,0,25,200,2,200,200,200,200,200,200,200
445728,0,35,2,2,0,3,7,5,0,0,0,27,0,0,6,200,200,0,2,200,200